trial_id,repeat,support_posture,joint,direction,target_speed_rad_s,elapsed_s,schema_version,device_time_unit,urdf_sha256,protocol_sha256,collector_script_sha256,base_collector_script_sha256,host_time_s,device_time,seq,errors,q1_rad,q2_rad,q3_rad,q4_rad,q5_rad,q6_rad,dq1_rad_s,dq2_rad_s,dq3_rad_s,dq4_rad_s,dq5_rad_s,dq6_rad_s,tau1_nm,tau2_nm,tau3_nm,tau4_nm,tau5_nm,tau6_nm,gravity1_nm,gravity2_nm,gravity3_nm,gravity4_nm,gravity5_nm,gravity6_nm
92,2,heldout,5,-1,-0.3490658503988659,0.15162452899676282,3,s,af3726fcacd0ac1320a56ea850b0a2c0f5430cf4eb20a45c078706980f08407e,d24fbe3839599a6a097188bae8cd47ce8083f27deef1341ae3086bf0d5a45bd1,87f63c0590d05baea263cdc42c6e1df2d063fa2def309ecb0283f3036bf33d46,87f63c0590d05baea263cdc42c6e1df2d063fa2def309ecb0283f3036bf33d46,1787978808.934562,37392.767,18696434,0,0.9584569931030273,1.0473413467407227,1.4177541732788086,0.00095367431640625,0.12455177307128906,0.00438690185546875,0.0073261260986328125,-0.0024423599243164062,-0.0024423599243164062,-0.0073261260986328125,-0.3150177001953125,-0.0073261260986328125,-0.08058643341064453,-1.25128173828125,5.0666656494140625,-1.6288156509399414,-0.09035396575927734,-0.10988998413085938,0.0,-1.1984854745194764,6.408812924478953,-1.5548094418771552,-0.032867973905720854,-0.003766060331701927
92,2,heldout,5,-1,-0.3490658503988659,0.15364081299776444,3,s,af3726fcacd0ac1320a56ea850b0a2c0f5430cf4eb20a45c078706980f08407e,d24fbe3839599a6a097188bae8cd47ce8083f27deef1341ae3086bf0d5a45bd1,87f63c0590d05baea263cdc42c6e1df2d063fa2def309ecb0283f3036bf33d46,87f63c0590d05baea263cdc42c6e1df2d063fa2def309ecb0283f3036bf33d46,1787978808.936554,37392.769,18696435,0,0.9584569931030273,1.0473413467407227,1.4177541732788086,0.00095367431640625,0.12378883361816406,0.00438690185546875,-0.0073261260986328125,-0.0024423599243164062,-0.0024423599243164062,-0.0073261260986328125,-0.3296699523925781,-0.0073261260986328125,-0.08058643341064453,-1.2376060485839844,5.052989959716797,-1.6336994171142578,-0.10988998413085938,-0.10988998413085938,0.0,-1.1985500068348043,6.408877456794281,-1.554873974192483,-0.032640664270788135,-0.0037769061928592204
92,2,heldout,5,-1,-0.3490658503988659,0.15563996599667007,3,s,af3726fcacd0ac1320a56ea850b0a2c0f5430cf4eb20a45c078706980f08407e,d24fbe3839599a6a097188bae8cd47ce8083f27deef1341ae3086bf0d5a45bd1,87f63c0590d05baea263cdc42c6e1df2d063fa2def309ecb0283f3036bf33d46,87f63c0590d05baea263cdc42c6e1df2d063fa2def309ecb0283f3036bf33d46,1787978808.9385903,37392.771,18696436,0,0.9584569931030273,1.0473413467407227,1.4177541732788086,0.00095367431640625,0.12302589416503906,0.00438690185546875,-0.0073261260986328125,-0.0024423599243164062,-0.0024423599243164062,-0.021978378295898438,-0.3150177001953125,0.0073261260986328125,-0.08058643341064453,-1.2376060485839844,5.052989959716797,-1.6288156509399414,-0.124542236328125,-0.10500621795654297,0.0,-1.1986140912876677,6.408941541247144,-1.5549380586453463,-0.03241333563648914,-0.0037877530836496597
92,2,heldout,5,-1,-0.3490658503988659,0.15765599699807353,3,s,af3726fcacd0ac1320a56ea850b0a2c0f5430cf4eb20a45c078706980f08407e,d24fbe3839599a6a097188bae8cd47ce8083f27deef1341ae3086bf0d5a45bd1,87f63c0590d05baea263cdc42c6e1df2d063fa2def309ecb0283f3036bf33d46,87f63c0590d05baea263cdc42c6e1df2d063fa2def309ecb0283f3036bf33d46,1787978808.9405825,37392.773,18696437,0,0.9584569931030273,1.0473413467407227,1.4177541732788086,0.00095367431640625,0.12264442443847656,0.00438690185546875,-0.0073261260986328125,-0.0024423599243164062,-0.0024423599243164062,-0.0073261260986328125,-0.3150177001953125,0.0073261260986328125,-0.07570171356201172,-1.2376060485839844,5.0666656494140625,-1.6288156509399414,-0.1343097686767578,-0.10012245178222656,0.0,-1.1986459655540078,6.4089734155134845,-1.5549699329116862,-0.0322996642359277,-0.0037931769131842948
92,2,heldout,5,-1,-0.3490658503988659,0.1596508869988611,3,s,af3726fcacd0ac1320a56ea850b0a2c0f5430cf4eb20a45c078706980f08407e,d24fbe3839599a6a097188bae8cd47ce8083f27deef1341ae3086bf0d5a45bd1,87f63c0590d05baea263cdc42c6e1df2d063fa2def309ecb0283f3036bf33d46,87f63c0590d05baea263cdc42c6e1df2d063fa2def309ecb0283f3036bf33d46,1787978808.9431975,37392.775,18696438,0,0.9584569931030273,1.0473413467407227,1.4177541732788086,0.00095367431640625,0.12226295471191406,0.00438690185546875,-0.021978378295898438,-0.0024423599243164062,-0.0024423599243164062,-0.0073261260986328125,-0.27106285095214844,-0.0073261260986328125,-0.07570171356201172,-1.2376060485839844,5.0666656494140625,-1.6288156509399414,-0.13919448852539062,-0.10500621795654297,0.0,-1.198677727840764,6.409005177800241,-1.5550016951984424,-0.03218598813514656,-0.003798600997759526
92,2,heldout,5,-1,-0.3490658503988659,0.1622617140019429,3,s,af3726fcacd0ac1320a56ea850b0a2c0f5430cf4eb20a45c078706980f08407e,d24fbe3839599a6a097188bae8cd47ce8083f27deef1341ae3086bf0d5a45bd1,87f63c0590d05baea263cdc42c6e1df2d063fa2def309ecb0283f3036bf33d46,87f63c0590d05baea263cdc42c6e1df2d063fa2def309ecb0283f3036bf33d46,1787978808.9446487,37392.777,18696439,0,0.9584569931030273,1.0473413467407227,1.4177541732788086,0.00095367431640625,0.12111854553222656,0.00438690185546875,-0.021978378295898438,-0.0024423599243164062,-0.0024423599243164062,-0.0073261260986328125,-0.3150177001953125,-0.0073261260986328125,-0.07570171356201172,-1.2239322662353516,5.0666656494140625,-1.6336994171142578,-0.14407825469970703,-0.10500621795654297,0.0,-1.19877234277739,6.409099792736867,-1.555096310135068,-0.031844931796908844,-0.003814874773835518
92,2,heldout,5,-1,-0.3490658503988659,0.16371513299964136,3,s,af3726fcacd0ac1320a56ea850b0a2c0f5430cf4eb20a45c078706980f08407e,d24fbe3839599a6a097188bae8cd47ce8083f27deef1341ae3086bf0d5a45bd1,87f63c0590d05baea263cdc42c6e1df2d063fa2def309ecb0283f3036bf33d46,87f63c0590d05baea263cdc42c6e1df2d063fa2def309ecb0283f3036bf33d46,1787978808.9466085,37392.778999999995,18696440,0,0.9584569931030273,1.0473413467407227,1.4177541732788086,0.00095367431640625,0.12035560607910156,0.00438690185546875,-0.0073261260986328125,-0.0024423599243164062,-0.0024423599243164062,0.0073261260986328125,-0.3589744567871094,-0.021978378295898438,-0.08058643341064453,-1.2376060485839844,5.0666656494140625,-1.6288156509399414,-0.14407825469970703,-0.10500621795654297,0.0,-1.1988348594195837,6.40916230937906,-1.5551588267772622,-0.03161753770694091,-0.0038257252186175202
92,2,heldout,5,-1,-0.3490658503988659,0.16566143799718702,3,s,af3726fcacd0ac1320a56ea850b0a2c0f5430cf4eb20a45c078706980f08407e,d24fbe3839599a6a097188bae8cd47ce8083f27deef1341ae3086bf0d5a45bd1,87f63c0590d05baea263cdc42c6e1df2d063fa2def309ecb0283f3036bf33d46,87f63c0590d05baea263cdc42c6e1df2d063fa2def309ecb0283f3036bf33d46,1787978808.948529,37392.780999999995,18696441,0,0.9584569931030273,1.0473413467407227,1.4177541732788086,0.00095367431640625,0.11997413635253906,0.00438690185546875,-0.0073261260986328125,-0.0024423599243164062,-0.0024423599243164062,0.0073261260986328125,-0.34432220458984375,-0.0073261260986328125,-0.07570171356201172,-1.25128173828125,5.0666656494140625,-1.6288156509399414,-0.14896202087402344,-0.10500621795654297,0.0,-1.1988659497323435,6.40919339969182,-1.5551899170900223,-0.03150383375224838,-0.0038311508168595567
92,2,heldout,5,-1,-0.3490658503988659,0.16758149200177286,3,s,af3726fcacd0ac1320a56ea850b0a2c0f5430cf4eb20a45c078706980f08407e,d24fbe3839599a6a097188bae8cd47ce8083f27deef1341ae3086bf0d5a45bd1,87f63c0590d05baea263cdc42c6e1df2d063fa2def309ecb0283f3036bf33d46,87f63c0590d05baea263cdc42c6e1df2d063fa2def309ecb0283f3036bf33d46,1787978808.9504519,37392.782999999996,18696442,0,0.9584569931030273,1.0473413467407227,1.4177541732788086,0.00095367431640625,0.11921119689941406,0.00438690185546875,-0.021978378295898438,-0.0024423599243164062,-0.0024423599243164062,-0.0073261260986328125,-0.3150177001953125,0.0073261260986328125,-0.07570171356201172,-1.25128173828125,5.0666656494140625,-1.6336994171142578,-0.15384578704833984,-0.10012245178222656,0.0,-1.1989277943185672,6.409255244278044,-1.5552517616762456,-0.03127641210617672,-0.0038420027610980576
92,2,heldout,5,-1,-0.3490658503988659,0.1695043630024884,3,s,af3726fcacd0ac1320a56ea850b0a2c0f5430cf4eb20a45c078706980f08407e,d24fbe3839599a6a097188bae8cd47ce8083f27deef1341ae3086bf0d5a45bd1,87f63c0590d05baea263cdc42c6e1df2d063fa2def309ecb0283f3036bf33d46,87f63c0590d05baea263cdc42c6e1df2d063fa2def309ecb0283f3036bf33d46,1787978808.9529488,37392.784999999996,18696443,0,0.9584569931030273,1.0473413467407227,1.4177541732788086,0.00095367431640625,0.11882972717285156,0.00438690185546875,-0.021978378295898438,-0.0024423599243164062,-0.0024423599243164062,-0.0073261260986328125,-0.3003654479980469,0.0073261260986328125,-0.07570171356201172,-1.25128173828125,5.080341339111328,-1.6288156509399414,-0.15873050689697266,-0.10012245178222656,0.0,-1.1989585485830312,6.409285998542508,-1.5552825159407098,-0.03116269444789177,-0.003847429105515358
92,2,heldout,5,-1,-0.3490658503988659,0.1720544929994503,3,s,af3726fcacd0ac1320a56ea850b0a2c0f5430cf4eb20a45c078706980f08407e,d24fbe3839599a6a097188bae8cd47ce8083f27deef1341ae3086bf0d5a45bd1,87f63c0590d05baea263cdc42c6e1df2d063fa2def309ecb0283f3036bf33d46,87f63c0590d05baea263cdc42c6e1df2d063fa2def309ecb0283f3036bf33d46,1787978808.9549181,37392.787,18696444,0,0.9584569931030273,1.0473413467407227,1.4177541732788086,0.00095367431640625,0.11806678771972656,0.00438690185546875,-0.021978378295898438,-0.0024423599243164062,-0.0024423599243164062,-0.0073261260986328125,-0.3589744567871094,-0.0073261260986328125,-0.07570171356201172,-1.2376060485839844,5.080341339111328,-1.6288156509399414,-0.15873050689697266,-0.10012245178222656,0.0,-1.1990197210322884,6.409347170991765,-1.5553436883899672,-0.030935245543564194,-0.0038582825349978683
92,2,heldout,5,-1,-0.3490658503988659,0.17396827400079928,3,s,af3726fcacd0ac1320a56ea850b0a2c0f5430cf4eb20a45c078706980f08407e,d24fbe3839599a6a097188bae8cd47ce8083f27deef1341ae3086bf0d5a45bd1,87f63c0590d05baea263cdc42c6e1df2d063fa2def309ecb0283f3036bf33d46,87f63c0590d05baea263cdc42c6e1df2d063fa2def309ecb0283f3036bf33d46,1787978808.9568546,37392.789,18696445,0,0.9584569931030273,1.0473413467407227,1.4177541732788086,0.00095367431640625,0.11730384826660156,0.00438690185546875,-0.021978378295898438,-0.0024423599243164062,-0.0024423599243164062,-0.0073261260986328125,-0.34432220458984375,-0.0073261260986328125,-0.07570171356201172,-1.25128173828125,5.080341339111328,-1.6336994171142578,-0.14407825469970703,-0.10500621795654297,0.0,-1.1990804453456714,6.409407895305148,-1.5554044127033497,-0.03070777863255464,-0.0038691369467462656
92,2,heldout,5,-1,-0.3490658503988659,0.17590772199764615,3,s,af3726fcacd0ac1320a56ea850b0a2c0f5430cf4eb20a45c078706980f08407e,d24fbe3839599a6a097188bae8cd47ce8083f27deef1341ae3086bf0d5a45bd1,87f63c0590d05baea263cdc42c6e1df2d063fa2def309ecb0283f3036bf33d46,87f63c0590d05baea263cdc42c6e1df2d063fa2def309ecb0283f3036bf33d46,1787978808.9588149,37392.791,18696446,0,0.9584569931030273,1.0473413467407227,1.4177541732788086,0.00095367431640625,0.11654090881347656,0.00438690185546875,-0.021978378295898438,-0.0024423599243164062,-0.0024423599243164062,-0.0073261260986328125,-0.373626708984375,-0.021978378295898438,-0.07570171356201172,-1.25128173828125,5.080341339111328,-1.6288156509399414,-0.13919448852539062,-0.10500621795654297,0.0,-1.1991407214878333,6.40946817144731,-1.5554646888455117,-0.03048029384726629,-0.003879992334442446
92,2,heldout,5,-1,-0.3490658503988659,0.17786949999572244,3,s,af3726fcacd0ac1320a56ea850b0a2c0f5430cf4eb20a45c078706980f08407e,d24fbe3839599a6a097188bae8cd47ce8083f27deef1341ae3086bf0d5a45bd1,87f63c0590d05baea263cdc42c6e1df2d063fa2def309ecb0283f3036bf33d46,87f63c0590d05baea263cdc42c6e1df2d063fa2def309ecb0283f3036bf33d46,1787978808.960733,37392.793,18696447,0,0.9584569931030273,1.0473413467407227,1.4177541732788086,0.00095367431640625,0.11577796936035156,0.00438690185546875,-0.0073261260986328125,-0.0024423599243164062,-0.0024423599243164062,-0.0073261260986328125,-0.373626708984375,-0.0073261260986328125,-0.07570171356201172,-1.25128173828125,5.0666656494140625,-1.6288156509399414,-0.14407825469970703,-0.10500621795654297,0.0,-1.1992005494236895,6.409527999383166,-1.5555245167813678,-0.030252791320112757,-0.003890848691767745
92,2,heldout,5,-1,-0.3490658503988659,0.17978657699859468,3,s,af3726fcacd0ac1320a56ea850b0a2c0f5430cf4eb20a45c078706980f08407e,d24fbe3839599a6a097188bae8cd47ce8083f27deef1341ae3086bf0d5a45bd1,87f63c0590d05baea263cdc42c6e1df2d063fa2def309ecb0283f3036bf33d46,87f63c0590d05baea263cdc42c6e1df2d063fa2def309ecb0283f3036bf33d46,1787978808.9626284,37392.795,18696448,0,0.9584569931030273,1.0473413467407227,1.4177541732788086,0.00095367431640625,0.11501502990722656,0.00438690185546875,-0.0073261260986328125,-0.0024423599243164062,-0.0024423599243164062,-0.021978378295898438,-0.34432220458984375,-0.0073261260986328125,-0.07570171356201172,-1.25128173828125,5.080341339111328,-1.6336994171142578,-0.14407825469970703,-0.10500621795654297,0.0,-1.1992599291184152,6.409587379077892,-1.555583896476094,-0.03002527118351783,-0.0039017060124029316
92,2,heldout,5,-1,-0.3490658503988659,0.18168238799989922,3,s,af3726fcacd0ac1320a56ea850b0a2c0f5430cf4eb20a45c078706980f08407e,d24fbe3839599a6a097188bae8cd47ce8083f27deef1341ae3086bf0d5a45bd1,87f63c0590d05baea263cdc42c6e1df2d063fa2def309ecb0283f3036bf33d46,87f63c0590d05baea263cdc42c6e1df2d063fa2def309ecb0283f3036bf33d46,1787978808.9645302,37392.797,18696449,0,0.9584569931030273,1.0473413467407227,1.4177541732788086,0.00095367431640625,0.11463356018066406,0.00438690185546875,-0.0073261260986328125,-0.0024423599243164062,-0.0024423599243164062,0.0073261260986328125,-0.3003654479980469,0.0073261260986328125,-0.07570171356201172,-1.25128173828125,5.080341339111328,-1.6336994171142578,-0.13919448852539062,-0.10500621795654297,0.0,-1.1992894508645402,6.409616900824019,-1.555613418222221,-0.029911504553065165,-0.003907135031986818
92,2,heldout,5,-1,-0.3490658503988659,0.1835829850024311,3,s,af3726fcacd0ac1320a56ea850b0a2c0f5430cf4eb20a45c078706980f08407e,d24fbe3839599a6a097188bae8cd47ce8083f27deef1341ae3086bf0d5a45bd1,87f63c0590d05baea263cdc42c6e1df2d063fa2def309ecb0283f3036bf33d46,87f63c0590d05baea263cdc42c6e1df2d063fa2def309ecb0283f3036bf33d46,1787978808.9664116,37392.799,18696450,0,0.9584569931030273,1.0473413467407227,1.4177541732788086,0.00095367431640625,0.11387062072753906,0.00438690185546875,-0.0073261260986328125,-0.0024423599243164062,-0.0024423599243164062,-0.0073261260986328125,-0.3150177001953125,-0.0073261260986328125,-0.07570171356201172,-1.25128173828125,5.080341339111328,-1.6385831832885742,-0.13919448852539062,-0.10500621795654297,0.0,-1.1993481581328491,6.409675608092326,-1.5556721254905272,-0.029683958250625465,-0.003917993785737052
92,2,heldout,5,-1,-0.3490658503988659,0.185461713001132,3,s,af3726fcacd0ac1320a56ea850b0a2c0f5430cf4eb20a45c078706980f08407e,d24fbe3839599a6a097188bae8cd47ce8083f27deef1341ae3086bf0d5a45bd1,87f63c0590d05baea263cdc42c6e1df2d063fa2def309ecb0283f3036bf33d46,87f63c0590d05baea263cdc42c6e1df2d063fa2def309ecb0283f3036bf33d46,1787978808.9689028,37392.801,18696451,0,0.9584569931030273,1.0473413467407227,1.4177541732788086,0.00095367431640625,0.11310768127441406,0.00438690185546875,-0.021978378295898438,-0.0024423599243164062,-0.0024423599243164062,-0.0073261260986328125,-0.3589744567871094,-0.0073261260986328125,-0.07570171356201172,-1.25128173828125,5.080341339111328,-1.6336994171142578,-0.1343097686767578,-0.10988998413085938,0.0,-1.1994064170741043,6.409733867033581,-1.5557303844317831,-0.029456394669848864,-0.003928853486996646
92,2,heldout,5,-1,-0.3490658503988659,0.18796030199882807,3,s,af3726fcacd0ac1320a56ea850b0a2c0f5430cf4eb20a45c078706980f08407e,d24fbe3839599a6a097188bae8cd47ce8083f27deef1341ae3086bf0d5a45bd1,87f63c0590d05baea263cdc42c6e1df2d063fa2def309ecb0283f3036bf33d46,87f63c0590d05baea263cdc42c6e1df2d063fa2def309ecb0283f3036bf33d46,1787978808.9708185,37392.803,18696452,0,0.9584569931030273,1.0473413467407227,1.4177541732788086,0.00095367431640625,0.11234474182128906,0.00438690185546875,-0.0073261260986328125,-0.0024423599243164062,-0.0024423599243164062,-0.0073261260986328125,-0.3589744567871094,-0.021978378295898438,-0.07570171356201172,-1.25128173828125,5.080341339111328,-1.6336994171142578,-0.1343097686767578,-0.10988998413085938,0.0,-1.1994642276543988,6.4097916776138755,-1.5557881950120775,-0.02922881394319473,-0.003939714129444429
92,2,heldout,5,-1,-0.3490658503988659,0.1898686770000495,3,s,af3726fcacd0ac1320a56ea850b0a2c0f5430cf4eb20a45c078706980f08407e,d24fbe3839599a6a097188bae8cd47ce8083f27deef1341ae3086bf0d5a45bd1,87f63c0590d05baea263cdc42c6e1df2d063fa2def309ecb0283f3036bf33d46,87f63c0590d05baea263cdc42c6e1df2d063fa2def309ecb0283f3036bf33d46,1787978808.9727721,37392.805,18696453,0,0.9584569931030273,1.0473413467407227,1.4177541732788086,0.00095367431640625,0.11196327209472656,0.00438690185546875,-0.0073261260986328125,-0.0024423599243164062,-0.0024423599243164062,-0.0073261260986328125,-0.3296699523925781,-0.0073261260986328125,-0.07570171356201172,-1.2649574279785156,5.080341339111328,-1.6336994171142578,-0.13919448852539062,-0.10988998413085938,0.0,-1.1994929647986603,6.409820414758137,-1.5558169321563387,-0.02911501719155992,-0.00394514480163837
92,2,heldout,5,-1,-0.3490658503988659,0.1918537940000533,3,s,af3726fcacd0ac1320a56ea850b0a2c0f5430cf4eb20a45c078706980f08407e,d24fbe3839599a6a097188bae8cd47ce8083f27deef1341ae3086bf0d5a45bd1,87f63c0590d05baea263cdc42c6e1df2d063fa2def309ecb0283f3036bf33d46,87f63c0590d05baea263cdc42c6e1df2d063fa2def309ecb0283f3036bf33d46,1787978808.9747107,37392.807,18696454,0,0.9584569931030273,1.0473413467407227,1.4177541732788086,0.00095367431640625,0.11120033264160156,0.00438690185546875,-0.0073261260986328125,-0.0024423599243164062,-0.0024423599243164062,-0.0073261260986328125,-0.34432220458984375,0.0073261260986328125,-0.07570171356201172,-1.25128173828125,5.0666656494140625,-1.6336994171142578,-0.14407825469970703,-0.10500621795654297,0.0,-1.1995501027745,6.409877552733977,-1.5558740701321787,-0.028887410994472798,-0.003956006844015026
92,2,heldout,5,-1,-0.3490658503988659,0.19377729699772317,3,s,af3726fcacd0ac1320a56ea850b0a2c0f5430cf4eb20a45c078706980f08407e,d24fbe3839599a6a097188bae8cd47ce8083f27deef1341ae3086bf0d5a45bd1,87f63c0590d05baea263cdc42c6e1df2d063fa2def309ecb0283f3036bf33d46,87f63c0590d05baea263cdc42c6e1df2d063fa2def309ecb0283f3036bf33d46,1787978808.976621,37392.809,18696455,0,0.9584569931030273,1.0473413467407227,1.4177541732788086,0.00095367431640625,0.11043739318847656,0.00438690185546875,-0.0073261260986328125,-0.0024423599243164062,-0.0024423599243164062,-0.0073261260986328125,-0.34432220458984375,-0.0073261260986328125,-0.07570171356201172,-1.25128173828125,5.080341339111328,-1.6385831832885742,-0.13919448852539062,-0.10500621795654297,0.0,-1.1996067923057425,6.409934242265221,-1.5559307596634229,-0.028659787982700243,-0.003966869811774533
92,2,heldout,5,-1,-0.3490658503988659,0.1956938090006588,3,s,af3726fcacd0ac1320a56ea850b0a2c0f5430cf4eb20a45c078706980f08407e,d24fbe3839599a6a097188bae8cd47ce8083f27deef1341ae3086bf0d5a45bd1,87f63c0590d05baea263cdc42c6e1df2d063fa2def309ecb0283f3036bf33d46,87f63c0590d05baea263cdc42c6e1df2d063fa2def309ecb0283f3036bf33d46,1787978808.9784985,37392.811,18696456,0,0.9584569931030273,1.0473413467407227,1.4177541732788086,0.00095367431640625,0.10967445373535156,0.00438690185546875,0.0073261260986328125,-0.0024423599243164062,-0.0024423599243164062,-0.021978378295898438,-0.3589744567871094,-0.0073261260986328125,-0.07570171356201172,-1.25128173828125,5.080341339111328,-1.6336994171142578,-0.1294260025024414,-0.10500621795654297,0.0,-1.1996630333593932,6.40999048331887,-1.555987000717072,-0.02843214828873633,-0.003977733698593813
92,2,heldout,5,-1,-0.3490658503988659,0.19754896700032987,3,s,af3726fcacd0ac1320a56ea850b0a2c0f5430cf4eb20a45c078706980f08407e,d24fbe3839599a6a097188bae8cd47ce8083f27deef1341ae3086bf0d5a45bd1,87f63c0590d05baea263cdc42c6e1df2d063fa2def309ecb0283f3036bf33d46,87f63c0590d05baea263cdc42c6e1df2d063fa2def309ecb0283f3036bf33d46,1787978808.980417,37392.813,18696457,0,0.9584569931030273,1.0473413467407227,1.4177541732788086,0.00095367431640625,0.10891151428222656,0.00438690185546875,0.0073261260986328125,-0.0024423599243164062,-0.0024423599243164062,0.0073261260986328125,-0.3882789611816406,-0.021978378295898438,-0.08058643341064453,-1.25128173828125,5.080341339111328,-1.6336994171142578,-0.124542236328125,-0.10988998413085938,0.0,-1.199718825902711,6.410046275862188,-1.5560427932603895,-0.02820449204508472,-0.003988598498149253
92,2,heldout,5,-1,-0.3490658503988659,0.19947052800125675,3,s,af3726fcacd0ac1320a56ea850b0a2c0f5430cf4eb20a45c078706980f08407e,d24fbe3839599a6a097188bae8cd47ce8083f27deef1341ae3086bf0d5a45bd1,87f63c0590d05baea263cdc42c6e1df2d063fa2def309ecb0283f3036bf33d46,87f63c0590d05baea263cdc42c6e1df2d063fa2def309ecb0283f3036bf33d46,1787978808.9828959,37392.814999999995,18696458,0,0.9584569931030273,1.0473413467407227,1.4177541732788086,0.00095367431640625,0.10776710510253906,0.00438690185546875,-0.021978378295898438,-0.0024423599243164062,-0.0024423599243164062,0.0073261260986328125,-0.41758155822753906,-0.0073261260986328125,-0.08058643341064453,-1.25128173828125,5.080341339111328,-1.6336994171142578,-0.124542236328125,-0.10988998413085938,0.0,-1.1998016736898474,6.410129123649324,-1.5561256410475257,-0.02786297693881855,-0.004004897395028499
92,2,heldout,5,-1,-0.3490658503988659,0.20194348999939393,3,s,af3726fcacd0ac1320a56ea850b0a2c0f5430cf4eb20a45c078706980f08407e,d24fbe3839599a6a097188bae8cd47ce8083f27deef1341ae3086bf0d5a45bd1,87f63c0590d05baea263cdc42c6e1df2d063fa2def309ecb0283f3036bf33d46,87f63c0590d05baea263cdc42c6e1df2d063fa2def309ecb0283f3036bf33d46,1787978808.9847748,37392.816999999995,18696459,0,0.9584569931030273,1.0473413467407227,1.4177541732788086,0.00095367431640625,0.10738563537597656,0.00438690185546875,0.0073261260986328125,-0.0024423599243164062,-0.0024423599243164062,-0.0073261260986328125,-0.3589744567871094,-0.0073261260986328125,-0.08058643341064453,-1.25128173828125,5.080341339111328,-1.6336994171142578,-0.1196584701538086,-0.10500621795654297,0.0,-1.1998290653287103,6.410156515288187,-1.556153032686389,-0.027749130438781546,-0.0040103308101715005
92,2,heldout,5,-1,-0.3490658503988659,0.20382640699972399,3,s,af3726fcacd0ac1320a56ea850b0a2c0f5430cf4eb20a45c078706980f08407e,d24fbe3839599a6a097188bae8cd47ce8083f27deef1341ae3086bf0d5a45bd1,87f63c0590d05baea263cdc42c6e1df2d063fa2def309ecb0283f3036bf33d46,87f63c0590d05baea263cdc42c6e1df2d063fa2def309ecb0283f3036bf33d46,1787978808.9866579,37392.818999999996,18696460,0,0.9584569931030273,1.0473413467407227,1.4177541732788086,0.00095367431640625,0.10700416564941406,0.00438690185546875,-0.0073261260986328125,-0.0024423599243164062,-0.0024423599243164062,-0.0073261260986328125,-0.3150177001953125,-0.0073261260986328125,-0.08058643341064453,-1.25128173828125,5.080341339111328,-1.6385831832885742,-0.11477375030517578,-0.10500621795654297,0.0,-1.1998563448158266,6.410183794775303,-1.5561803121735052,-0.027635279900714644,-0.004015764448755047
92,2,heldout,5,-1,-0.3490658503988659,0.20570776399836177,3,s,af3726fcacd0ac1320a56ea850b0a2c0f5430cf4eb20a45c078706980f08407e,d24fbe3839599a6a097188bae8cd47ce8083f27deef1341ae3086bf0d5a45bd1,87f63c0590d05baea263cdc42c6e1df2d063fa2def309ecb0283f3036bf33d46,87f63c0590d05baea263cdc42c6e1df2d063fa2def309ecb0283f3036bf33d46,1787978808.9885674,37392.820999999996,18696461,0,0.9584569931030273,1.0473413467407227,1.4177541732788086,0.00095367431640625,0.10585975646972656,0.00438690185546875,-0.021978378295898438,-0.0024423599243164062,-0.0024423599243164062,-0.0073261260986328125,-0.373626708984375,-0.0073261260986328125,-0.08058643341064453,-1.25128173828125,5.080341339111328,-1.6385831832885742,-0.10988998413085938,-0.10500621795654297,0.0,-1.1999375103270729,6.41026496028655,-1.5562614776847516,-0.027293704224011915,-0.004032066697241804
92,2,heldout,5,-1,-0.3490658503988659,0.20761806699738372,3,s,af3726fcacd0ac1320a56ea850b0a2c0f5430cf4eb20a45c078706980f08407e,d24fbe3839599a6a097188bae8cd47ce8083f27deef1341ae3086bf0d5a45bd1,87f63c0590d05baea263cdc42c6e1df2d063fa2def309ecb0283f3036bf33d46,87f63c0590d05baea263cdc42c6e1df2d063fa2def309ecb0283f3036bf33d46,1787978808.9904594,37392.823,18696462,0,0.9584569931030273,1.0473413467407227,1.4177541732788086,0.00095367431640625,0.10509681701660156,0.00438690185546875,0.0073261260986328125,-0.0024423599243164062,-0.0024423599243164062,-0.0073261260986328125,-0.3882789611816406,-0.0073261260986328125,-0.08058643341064453,-1.25128173828125,5.080341339111328,-1.6385831832885742,-0.10012245178222656,-0.10500621795654297,0.0,-1.1999910598368229,6.4103185097963,-1.5563150271945012,-0.027065967219812456,-0.004042935965605362
92,2,heldout,5,-1,-0.3490658503988659,0.20950799700221978,3,s,af3726fcacd0ac1320a56ea850b0a2c0f5430cf4eb20a45c078706980f08407e,d24fbe3839599a6a097188bae8cd47ce8083f27deef1341ae3086bf0d5a45bd1,87f63c0590d05baea263cdc42c6e1df2d063fa2def309ecb0283f3036bf33d46,87f63c0590d05baea263cdc42c6e1df2d063fa2def309ecb0283f3036bf33d46,1787978808.992895,37392.825,18696463,0,0.9584569931030273,1.0473413467407227,1.4177541732788086,0.00095367431640625,0.10433387756347656,0.00438690185546875,-0.0073261260986328125,-0.0024423599243164062,-0.0024423599243164062,-0.0073261260986328125,-0.373626708984375,-0.0073261260986328125,-0.08058643341064453,-1.25128173828125,5.0666656494140625,-1.6385831832885742,-0.10500621795654297,-0.10988998413085938,0.0,-1.2000441606453047,6.4103716106047814,-1.556368128002983,-0.02683821446114738,-0.004053806108752368
92,2,heldout,5,-1,-0.3490658503988659,0.2119645999991917,3,s,af3726fcacd0ac1320a56ea850b0a2c0f5430cf4eb20a45c078706980f08407e,d24fbe3839599a6a097188bae8cd47ce8083f27deef1341ae3086bf0d5a45bd1,87f63c0590d05baea263cdc42c6e1df2d063fa2def309ecb0283f3036bf33d46,87f63c0590d05baea263cdc42c6e1df2d063fa2def309ecb0283f3036bf33d46,1787978808.9948516,37392.827,18696464,0,0.9584569931030273,1.0473413467407227,1.4177541732788086,0.00095367431640625,0.10357093811035156,0.00438690185546875,-0.0073261260986328125,-0.0024423599243164062,-0.0024423599243164062,-0.0073261260986328125,-0.3882789611816406,-0.0073261260986328125,-0.08058643341064453,-1.25128173828125,5.0666656494140625,-1.6385831832885742,-0.10500621795654297,-0.10500621795654297,0.0,-1.2000968127216098,6.410424262681087,-1.5564207800792886,-0.026610446080586173,-0.004064677120355565
92,2,heldout,5,-1,-0.3490658503988659,0.21390354799950728,3,s,af3726fcacd0ac1320a56ea850b0a2c0f5430cf4eb20a45c078706980f08407e,d24fbe3839599a6a097188bae8cd47ce8083f27deef1341ae3086bf0d5a45bd1,87f63c0590d05baea263cdc42c6e1df2d063fa2def309ecb0283f3036bf33d46,87f63c0590d05baea263cdc42c6e1df2d063fa2def309ecb0283f3036bf33d46,1787978808.9967513,37392.829,18696465,0,0.9584569931030273,1.0473413467407227,1.4177541732788086,0.00095367431640625,0.10318946838378906,0.00438690185546875,-0.021978378295898438,-0.0024423599243164062,-0.0024423599243164062,-0.0073261260986328125,-0.373626708984375,0.0073261260986328125,-0.07570171356201172,-1.25128173828125,5.052989959716797,-1.643467903137207,-0.10500621795654297,-0.10500621795654297,0.0,-1.2001229704756065,6.410450420435085,-1.556446937833287,-0.026496556073525,-0.004070112949850827
92,2,heldout,5,-1,-0.3490658503988659,0.2158048589990358,3,s,af3726fcacd0ac1320a56ea850b0a2c0f5430cf4eb20a45c078706980f08407e,d24fbe3839599a6a097188bae8cd47ce8083f27deef1341ae3086bf0d5a45bd1,87f63c0590d05baea263cdc42c6e1df2d063fa2def309ecb0283f3036bf33d46,87f63c0590d05baea263cdc42c6e1df2d063fa2def309ecb0283f3036bf33d46,1787978808.9986336,37392.831,18696466,0,0.9584569931030273,1.0473413467407227,1.4177541732788086,0.00095367431640625,0.10242652893066406,0.00438690185546875,0.0073261260986328125,-0.0024423599243164062,-0.0024423599243164062,-0.0073261260986328125,-0.34432220458984375,-0.0073261260986328125,-0.07570171356201172,-1.25128173828125,5.0666656494140625,-1.643467903137207,-0.09523773193359375,-0.10988998413085938,0.0,-1.2001749493962666,6.410502399355743,-1.5564989167539456,-0.0262687645087074,-0.004080985252273601
92,2,heldout,5,-1,-0.3490658503988659,0.21768360999703873,3,s,af3726fcacd0ac1320a56ea850b0a2c0f5430cf4eb20a45c078706980f08407e,d24fbe3839599a6a097188bae8cd47ce8083f27deef1341ae3086bf0d5a45bd1,87f63c0590d05baea263cdc42c6e1df2d063fa2def309ecb0283f3036bf33d46,87f63c0590d05baea263cdc42c6e1df2d063fa2def309ecb0283f3036bf33d46,1787978809.000534,37392.833,18696467,0,0.9584569931030273,1.0473413467407227,1.4177541732788086,0.00095367431640625,0.10166358947753906,0.00438690185546875,0.0073261260986328125,-0.0024423599243164062,-0.0024423599243164062,-0.0073261260986328125,-0.373626708984375,-0.0073261260986328125,-0.07570171356201172,-1.25128173828125,5.052989959716797,-1.6385831832885742,-0.09523773193359375,-0.10988998413085938,0.0,-1.2002264795086197,6.410553929468096,-1.556550446866298,-0.02604095765345716,-0.004091858407332223
92,2,heldout,5,-1,-0.3490658503988659,0.21959191199857742,3,s,af3726fcacd0ac1320a56ea850b0a2c0f5430cf4eb20a45c078706980f08407e,d24fbe3839599a6a097188bae8cd47ce8083f27deef1341ae3086bf0d5a45bd1,87f63c0590d05baea263cdc42c6e1df2d063fa2def309ecb0283f3036bf33d46,87f63c0590d05baea263cdc42c6e1df2d063fa2def309ecb0283f3036bf33d46,1787978809.0025072,37392.835,18696468,0,0.9584569931030273,1.0473413467407227,1.4177541732788086,0.00095367431640625,0.10051918029785156,0.00438690185546875,0.0073261260986328125,-0.0024423599243164062,-0.0024423599243164062,-0.021978378295898438,-0.40293121337890625,-0.0073261260986328125,-0.08058643341064453,-1.2376060485839844,5.0666656494140625,-1.6385831832885742,-0.10012245178222656,-0.10988998413085938,0.0,-1.2003029330960326,6.410630383055509,-1.5566269004537117,-0.025699218991087826,-0.004108169724767527
92,2,heldout,5,-1,-0.3490658503988659,0.2215654519968666,3,s,af3726fcacd0ac1320a56ea850b0a2c0f5430cf4eb20a45c078706980f08407e,d24fbe3839599a6a097188bae8cd47ce8083f27deef1341ae3086bf0d5a45bd1,87f63c0590d05baea263cdc42c6e1df2d063fa2def309ecb0283f3036bf33d46,87f63c0590d05baea263cdc42c6e1df2d063fa2def309ecb0283f3036bf33d46,1787978809.004472,37392.837,18696469,0,0.9584569931030273,1.0473413467407227,1.4177541732788086,0.00095367431640625,0.10013771057128906,0.00438690185546875,-0.0073261260986328125,-0.0024423599243164062,-0.0024423599243164062,0.0073261260986328125,-0.34432220458984375,-0.0073261260986328125,-0.08058643341064453,-1.2376060485839844,5.0666656494140625,-1.6385831832885742,-0.10012245178222656,-0.10988998413085938,0.0,-1.2003281931886902,6.410655643148167,-1.5566521605463683,-0.02558529860207178,-0.00411360725004048
92,2,heldout,5,-1,-0.3490658503988659,0.22353085500071757,3,s,af3726fcacd0ac1320a56ea850b0a2c0f5430cf4eb20a45c078706980f08407e,d24fbe3839599a6a097188bae8cd47ce8083f27deef1341ae3086bf0d5a45bd1,87f63c0590d05baea263cdc42c6e1df2d063fa2def309ecb0283f3036bf33d46,87f63c0590d05baea263cdc42c6e1df2d063fa2def309ecb0283f3036bf33d46,1787978809.0064285,37392.839,18696470,0,0.9584569931030273,1.0473413467407227,1.4177541732788086,0.00095367431640625,0.09975624084472656,0.00438690185546875,-0.0073261260986328125,-0.0024423599243164062,-0.0024423599243164062,-0.0073261260986328125,-0.3003654479980469,-0.0073261260986328125,-0.07570171356201172,-1.2376060485839844,5.0666656494140625,-1.6385831832885742,-0.10500621795654297,-0.10988998413085938,0.0,-1.200353341056967,6.410680791016444,-1.5566773084146457,-0.025471374489904823,-0.004119044983725279
92,2,heldout,5,-1,-0.3490658503988659,0.22548029299650807,3,s,af3726fcacd0ac1320a56ea850b0a2c0f5430cf4eb20a45c078706980f08407e,d24fbe3839599a6a097188bae8cd47ce8083f27deef1341ae3086bf0d5a45bd1,87f63c0590d05baea263cdc42c6e1df2d063fa2def309ecb0283f3036bf33d46,87f63c0590d05baea263cdc42c6e1df2d063fa2def309ecb0283f3036bf33d46,1787978809.0089178,37392.841,18696471,0,0.9584569931030273,1.0473413467407227,1.4177541732788086,0.00095367431640625,0.09937477111816406,0.00438690185546875,-0.0073261260986328125,-0.0024423599243164062,-0.0024423599243164062,-0.021978378295898438,-0.28571510314941406,-0.0073261260986328125,-0.07570171356201172,-1.25128173828125,5.080341339111328,-1.643467903137207,-0.11477375030517578,-0.10988998413085938,0.0,-1.2003783766972034,6.41070582665668,-1.5567023440548822,-0.025357446671165094,-0.004124482925030625
92,2,heldout,5,-1,-0.3490658503988659,0.227976670001226,3,s,af3726fcacd0ac1320a56ea850b0a2c0f5430cf4eb20a45c078706980f08407e,d24fbe3839599a6a097188bae8cd47ce8083f27deef1341ae3086bf0d5a45bd1,87f63c0590d05baea263cdc42c6e1df2d063fa2def309ecb0283f3036bf33d46,87f63c0590d05baea263cdc42c6e1df2d063fa2def309ecb0283f3036bf33d46,1787978809.0108862,37392.843,18696472,0,0.9584569931030273,1.0473413467407227,1.4177541732788086,0.00095367431640625,0.09861183166503906,0.00438690185546875,0.0073261260986328125,-0.0024423599243164062,-0.0024423599243164062,-0.021978378295898438,-0.3589744567871094,-0.0073261260986328125,-0.07570171356201172,-1.2376060485839844,5.0666656494140625,-1.6385831832885742,-0.124542236328125,-0.10988998413085938,0.0,-1.2004281112790012,6.410755561238478,-1.5567520786366797,-0.025129579980282535,-0.004135359427337641
92,2,heldout,5,-1,-0.3490658503988659,0.22994057100004284,3,s,af3726fcacd0ac1320a56ea850b0a2c0f5430cf4eb20a45c078706980f08407e,d24fbe3839599a6a097188bae8cd47ce8083f27deef1341ae3086bf0d5a45bd1,87f63c0590d05baea263cdc42c6e1df2d063fa2def309ecb0283f3036bf33d46,87f63c0590d05baea263cdc42c6e1df2d063fa2def309ecb0283f3036bf33d46,1787978809.0128028,37392.845,18696473,0,0.9584569931030273,1.0473413467407227,1.4177541732788086,0.00095367431640625,0.09784889221191406,0.00438690185546875,-0.0073261260986328125,-0.0024423599243164062,-0.0024423599243164062,0.0073261260986328125,-0.3296699523925781,-0.0073261260986328125,-0.07570171356201172,-1.2376060485839844,5.0666656494140625,-1.6336994171142578,-0.1294260025024414,-0.10988998413085938,0.0,-1.2004773969051334,6.41080484686461,-1.5568013642628122,-0.024901698662059983,-0.004146236750630571
92,2,heldout,5,-1,-0.3490658503988659,0.23187632999906782,3,s,af3726fcacd0ac1320a56ea850b0a2c0f5430cf4eb20a45c078706980f08407e,d24fbe3839599a6a097188bae8cd47ce8083f27deef1341ae3086bf0d5a45bd1,87f63c0590d05baea263cdc42c6e1df2d063fa2def309ecb0283f3036bf33d46,87f63c0590d05baea263cdc42c6e1df2d063fa2def309ecb0283f3036bf33d46,1787978809.0148163,37392.847,18696474,0,0.9584569931030273,1.0473413467407227,1.4177541732788086,0.00095367431640625,0.09746742248535156,0.00438690185546875,-0.0073261260986328125,-0.0024423599243164062,-0.0024423599243164062,-0.0073261260986328125,-0.3003654479980469,-0.0073261260986328125,-0.07570171356201172,-1.2376060485839844,5.080341339111328,-1.6336994171142578,-0.14407825469970703,-0.10988998413085938,0.0,-1.2005018713508497,6.4108293213103265,-1.5568258387085288,-0.024787752559147242,-0.004151675718168199
92,2,heldout,5,-1,-0.3490658503988659,0.23388067899941234,3,s,af3726fcacd0ac1320a56ea850b0a2c0f5430cf4eb20a45c078706980f08407e,d24fbe3839599a6a097188bae8cd47ce8083f27deef1341ae3086bf0d5a45bd1,87f63c0590d05baea263cdc42c6e1df2d063fa2def309ecb0283f3036bf33d46,87f63c0590d05baea263cdc42c6e1df2d063fa2def309ecb0283f3036bf33d46,1787978809.0167842,37392.848999999995,18696475,0,0.9584569931030273,1.0473413467407227,1.4177541732788086,0.00095367431640625,0.09670448303222656,0.00438690185546875,-0.0073261260986328125,-0.0024423599243164062,-0.0024423599243164062,-0.021978378295898438,-0.28571510314941406,0.0073261260986328125,-0.08058643341064453,-1.25128173828125,5.0666656494140625,-1.6336994171142578,-0.15873050689697266,-0.10500621795654297,0.0,-1.2005504834897764,6.410877933449253,-1.5568744508474548,-0.024559849548625567,-0.00416255426106841
92,2,heldout,5,-1,-0.3490658503988659,0.23584920299617806,3,s,af3726fcacd0ac1320a56ea850b0a2c0f5430cf4eb20a45c078706980f08407e,d24fbe3839599a6a097188bae8cd47ce8083f27deef1341ae3086bf0d5a45bd1,87f63c0590d05baea263cdc42c6e1df2d063fa2def309ecb0283f3036bf33d46,87f63c0590d05baea263cdc42c6e1df2d063fa2def309ecb0283f3036bf33d46,1787978809.018806,37392.850999999995,18696476,0,0.9584569931030273,1.0473413467407227,1.4177541732788086,0.00095367431640625,0.09632301330566406,0.00438690185546875,-0.0073261260986328125,-0.0024423599243164062,-0.0024423599243164062,0.0073261260986328125,-0.3003654479980469,0.0073261260986328125,-0.08058643341064453,-1.25128173828125,5.080341339111328,-1.6385831832885742,-0.17338180541992188,-0.10500621795654297,0.0,-1.2005746211759116,6.410902071135388,-1.55689858853359,-0.024445892674180864,-0.004167993834847957
92,2,heldout,5,-1,-0.3490658503988659,0.23787341199931689,3,s,af3726fcacd0ac1320a56ea850b0a2c0f5430cf4eb20a45c078706980f08407e,d24fbe3839599a6a097188bae8cd47ce8083f27deef1341ae3086bf0d5a45bd1,87f63c0590d05baea263cdc42c6e1df2d063fa2def309ecb0283f3036bf33d46,87f63c0590d05baea263cdc42c6e1df2d063fa2def309ecb0283f3036bf33d46,1787978809.020736,37392.852999999996,18696477,0,0.9584569931030273,1.0473413467407227,1.4177541732788086,0.00095367431640625,0.09556007385253906,0.00438690185546875,-0.021978378295898438,-0.0024423599243164062,-0.0024423599243164062,-0.0073261260986328125,-0.3003654479980469,-0.0073261260986328125,-0.08058643341064453,-1.25128173828125,5.0666656494140625,-1.6385831832885742,-0.1782665252685547,-0.10500621795654297,0.0,-1.2006225597639655,6.410950009723442,-1.5569465271216438,-0.024217968269838276,-0.004178873583108125
92,2,heldout,5,-1,-0.3490658503988659,0.23979495499952463,3,s,af3726fcacd0ac1320a56ea850b0a2c0f5430cf4eb20a45c078706980f08407e,d24fbe3839599a6a097188bae8cd47ce8083f27deef1341ae3086bf0d5a45bd1,87f63c0590d05baea263cdc42c6e1df2d063fa2def309ecb0283f3036bf33d46,87f63c0590d05baea263cdc42c6e1df2d063fa2def309ecb0283f3036bf33d46,1787978809.02265,37392.854999999996,18696478,0,0.9584569931030273,1.0473413467407227,1.4177541732788086,0.00095367431640625,0.09479713439941406,0.00438690185546875,-0.021978378295898438,-0.0024423599243164062,-0.0024423599243164062,-0.0073261260986328125,-0.3003654479980469,-0.021978378295898438,-0.08058643341064453,-1.25128173828125,5.0666656494140625,-1.6385831832885742,-0.17338180541992188,-0.10988998413085938,0.0,-1.2006700492831697,6.410997499242646,-1.5569940166408485,-0.023990029768783512,-0.004189754127025637
92,2,heldout,5,-1,-0.3490658503988659,0.24170431999664288,3,s,af3726fcacd0ac1320a56ea850b0a2c0f5430cf4eb20a45c078706980f08407e,d24fbe3839599a6a097188bae8cd47ce8083f27deef1341ae3086bf0d5a45bd1,87f63c0590d05baea263cdc42c6e1df2d063fa2def309ecb0283f3036bf33d46,87f63c0590d05baea263cdc42c6e1df2d063fa2def309ecb0283f3036bf33d46,1787978809.0246108,37392.856999999996,18696479,0,0.9584569931030273,1.0473413467407227,1.4177541732788086,0.00095367431640625,0.09403419494628906,0.00438690185546875,-0.0073261260986328125,-0.0024423599243164062,-0.0024423599243164062,-0.021978378295898438,-0.373626708984375,-0.021978378295898438,-0.08058643341064453,-1.25128173828125,5.0666656494140625,-1.6385831832885742,-0.17338180541992188,-0.10500621795654297,0.0,-1.2007170897058832,6.41104453966536,-1.5570410570635616,-0.02376207730369426,-0.004200635460267182
92,2,heldout,5,-1,-0.3490658503988659,0.24367560000246158,3,s,af3726fcacd0ac1320a56ea850b0a2c0f5430cf4eb20a45c078706980f08407e,d24fbe3839599a6a097188bae8cd47ce8083f27deef1341ae3086bf0d5a45bd1,87f63c0590d05baea263cdc42c6e1df2d063fa2def309ecb0283f3036bf33d46,87f63c0590d05baea263cdc42c6e1df2d063fa2def309ecb0283f3036bf33d46,1787978809.026558,37392.859,18696480,0,0.9584569931030273,1.0473413467407227,1.4177541732788086,0.00095367431640625,0.09327030181884766,0.00438690185546875,-0.0073261260986328125,-0.0024423599243164062,-0.0024423599243164062,-0.021978378295898438,-0.3882789611816406,-0.0073261260986328125,-0.07570171356201172,-1.25128173828125,5.0666656494140625,-1.6336994171142578,-0.17338180541992188,-0.10500621795654297,0.0,-1.2007637389627814,6.411091188922258,-1.5570877063204602,-0.023533826040785737,-0.004211531179631616
92,2,heldout,5,-1,-0.3490658503988659,0.24561688299581874,3,s,af3726fcacd0ac1320a56ea850b0a2c0f5430cf4eb20a45c078706980f08407e,d24fbe3839599a6a097188bae8cd47ce8083f27deef1341ae3086bf0d5a45bd1,87f63c0590d05baea263cdc42c6e1df2d063fa2def309ecb0283f3036bf33d46,87f63c0590d05baea263cdc42c6e1df2d063fa2def309ecb0283f3036bf33d46,1787978809.0285394,37392.861,18696481,0,0.9584569931030273,1.0473413467407227,1.4177541732788086,0.00095367431640625,0.09288883209228516,0.00438690185546875,0.0073261260986328125,-0.0024423599243164062,-0.0024423599243164062,-0.0073261260986328125,-0.3296699523925781,0.0073261260986328125,-0.07570171356201172,-1.25128173828125,5.052989959716797,-1.6288156509399414,-0.16849803924560547,-0.10500621795654297,0.0,-1.200786865901541,6.411114315861018,-1.5571108332592198,-0.023419837738736633,-0.004216972529873859
92,2,heldout,5,-1,-0.3490658503988659,0.24760497899842449,3,s,af3726fcacd0ac1320a56ea850b0a2c0f5430cf4eb20a45c078706980f08407e,d24fbe3839599a6a097188bae8cd47ce8083f27deef1341ae3086bf0d5a45bd1,87f63c0590d05baea263cdc42c6e1df2d063fa2def309ecb0283f3036bf33d46,87f63c0590d05baea263cdc42c6e1df2d063fa2def309ecb0283f3036bf33d46,1787978809.0304952,37392.863,18696482,0,0.9584569931030273,1.0473413467407227,1.4177541732788086,0.00095367431640625,0.09250736236572266,0.00438690185546875,-0.021978378295898438,-0.0024423599243164062,-0.0024423599243164062,-0.0073261260986328125,-0.28571510314941406,0.0073261260986328125,-0.07570171356201172,-1.25128173828125,5.052989959716797,-1.6288156509399414,-0.16849803924560547,-0.10500621795654297,0.0,-1.200809880549174,6.411137330508651,-1.5571338479068522,-0.023305846028652624,-0.0042224140734863184
92,2,heldout,5,-1,-0.3490658503988659,0.24955895899620373,3,s,af3726fcacd0ac1320a56ea850b0a2c0f5430cf4eb20a45c078706980f08407e,d24fbe3839599a6a097188bae8cd47ce8083f27deef1341ae3086bf0d5a45bd1,87f63c0590d05baea263cdc42c6e1df2d063fa2def309ecb0283f3036bf33d46,87f63c0590d05baea263cdc42c6e1df2d063fa2def309ecb0283f3036bf33d46,1787978809.0330448,37392.865,18696483,0,0.9584569931030273,1.0473413467407227,1.4177541732788086,0.00095367431640625,0.09136295318603516,0.00438690185546875,-0.0073261260986328125,-0.0024423599243164062,-0.0024423599243164062,0.0073261260986328125,-0.3150177001953125,-0.0073261260986328125,-0.07570171356201172,-1.2376060485839844,5.052989959716797,-1.6336994171142578,-0.16849803924560547,-0.10500621795654297,0.0,-1.2008782507119071,6.411205700671384,-1.5572022180695855,-0.02296385061607349,-0.004238739856626371
92,2,heldout,5,-1,-0.3490658503988659,0.25212590899900533,3,s,af3726fcacd0ac1320a56ea850b0a2c0f5430cf4eb20a45c078706980f08407e,d24fbe3839599a6a097188bae8cd47ce8083f27deef1341ae3086bf0d5a45bd1,87f63c0590d05baea263cdc42c6e1df2d063fa2def309ecb0283f3036bf33d46,87f63c0590d05baea263cdc42c6e1df2d063fa2def309ecb0283f3036bf33d46,1787978809.03451,37392.867,18696484,0,0.9584569931030273,1.0473413467407227,1.4177541732788086,0.00095367431640625,0.09060001373291016,0.00438690185546875,-0.0073261260986328125,-0.0024423599243164062,-0.0024423599243164062,-0.0073261260986328125,-0.3882789611816406,-0.0073261260986328125,-0.07570171356201172,-1.25128173828125,5.052989959716797,-1.6336994171142578,-0.16361427307128906,-0.10500621795654297,0.0,-1.2009232693038023,6.411250719263279,-1.5572472366614807,-0.02273583693830562,-0.004249624664386182
92,2,heldout,5,-1,-0.3490658503988659,0.25357469799928367,3,s,af3726fcacd0ac1320a56ea850b0a2c0f5430cf4eb20a45c078706980f08407e,d24fbe3839599a6a097188bae8cd47ce8083f27deef1341ae3086bf0d5a45bd1,87f63c0590d05baea263cdc42c6e1df2d063fa2def309ecb0283f3036bf33d46,87f63c0590d05baea263cdc42c6e1df2d063fa2def309ecb0283f3036bf33d46,1787978809.0365152,37392.869,18696485,0,0.9584569931030273,1.0473413467407227,1.4177541732788086,0.00095367431640625,0.08983707427978516,0.00438690185546875,0.0073261260986328125,-0.0024423599243164062,-0.0024423599243164062,-0.0073261260986328125,-0.3589744567871094,-0.021978378295898438,-0.07570171356201172,-1.25128173828125,5.052989959716797,-1.6336994171142578,-0.15384578704833984,-0.10500621795654297,0.0,-1.200967838651811,6.411295288611288,-1.5572918060094898,-0.02250781002653952,-0.0042605102266207884
92,2,heldout,5,-1,-0.3490658503988659,0.25557279500208097,3,s,af3726fcacd0ac1320a56ea850b0a2c0f5430cf4eb20a45c078706980f08407e,d24fbe3839599a6a097188bae8cd47ce8083f27deef1341ae3086bf0d5a45bd1,87f63c0590d05baea263cdc42c6e1df2d063fa2def309ecb0283f3036bf33d46,87f63c0590d05baea263cdc42c6e1df2d063fa2def309ecb0283f3036bf33d46,1787978809.0389905,37392.871,18696486,0,0.9584569931030273,1.0473413467407227,1.4177541732788086,0.00095367431640625,0.08907413482666016,0.00438690185546875,-0.021978378295898438,-0.0024423599243164062,-0.0024423599243164062,-0.021978378295898438,-0.3882789611816406,-0.0073261260986328125,-0.08058643341064453,-1.2376060485839844,5.0666656494140625,-1.6336994171142578,-0.15873050689697266,-0.10500621795654297,0.0,-1.201011958729993,6.41133940868947,-1.5573359260876718,-0.022279770013504317,-0.004271396536993959
92,2,heldout,5,-1,-0.3490658503988659,0.25804933899780735,3,s,af3726fcacd0ac1320a56ea850b0a2c0f5430cf4eb20a45c078706980f08407e,d24fbe3839599a6a097188bae8cd47ce8083f27deef1341ae3086bf0d5a45bd1,87f63c0590d05baea263cdc42c6e1df2d063fa2def309ecb0283f3036bf33d46,87f63c0590d05baea263cdc42c6e1df2d063fa2def309ecb0283f3036bf33d46,1787978809.040957,37392.873,18696487,0,0.9584569931030273,1.0473413467407227,1.4177541732788086,0.00095367431640625,0.08869266510009766,0.00438690185546875,-0.0073261260986328125,-0.0024423599243164062,-0.0024423599243164062,-0.0073261260986328125,-0.3589744567871094,0.0073261260986328125,-0.08058643341064453,-1.2376060485839844,5.0666656494140625,-1.6385831832885742,-0.15873050689697266,-0.10500621795654297,0.0,-1.2010338502848623,6.411361300244339,-1.557357817642541,-0.022165745135490734,-0.004276839970752317
92,2,heldout,5,-1,-0.3490658503988659,0.26001422999979695,3,s,af3726fcacd0ac1320a56ea850b0a2c0f5430cf4eb20a45c078706980f08407e,d24fbe3839599a6a097188bae8cd47ce8083f27deef1341ae3086bf0d5a45bd1,87f63c0590d05baea263cdc42c6e1df2d063fa2def309ecb0283f3036bf33d46,87f63c0590d05baea263cdc42c6e1df2d063fa2def309ecb0283f3036bf33d46,1787978809.0429251,37392.875,18696488,0,0.9584569931030273,1.0473413467407227,1.4177541732788086,0.00095367431640625,0.08792972564697266,0.00438690185546875,0.0073261260986328125,-0.0024423599243164062,-0.0024423599243164062,-0.021978378295898438,-0.3296699523925781,0.0073261260986328125,-0.07570171356201172,-1.25128173828125,5.0666656494140625,-1.6385831832885742,-0.15384578704833984,-0.10012245178222656,0.0,-1.2010772964102316,6.411404746369708,-1.55740126376791,-0.02193768571943565,-0.004287727391451951
92,2,heldout,5,-1,-0.3490658503988659,0.2619782080000732,3,s,af3726fcacd0ac1320a56ea850b0a2c0f5430cf4eb20a45c078706980f08407e,d24fbe3839599a6a097188bae8cd47ce8083f27deef1341ae3086bf0d5a45bd1,87f63c0590d05baea263cdc42c6e1df2d063fa2def309ecb0283f3036bf33d46,87f63c0590d05baea263cdc42c6e1df2d063fa2def309ecb0283f3036bf33d46,1787978809.0448499,37392.877,18696489,0,0.9584569931030273,1.0473413467407227,1.4177541732788086,0.00095367431640625,0.08754825592041016,0.00438690185546875,-0.0073261260986328125,-0.0024423599243164062,-0.0024423599243164062,-0.0073261260986328125,-0.3296699523925781,-0.0073261260986328125,-0.07570171356201172,-1.25128173828125,5.080341339111328,-1.6385831832885742,-0.14896202087402344,-0.10500621795654297,0.0,-1.2010988509744087,6.411426300933885,-1.5574228183320875,-0.021823651214581144,-0.004293171376808901
92,2,heldout,5,-1,-0.3490658503988659,0.2639054160026717,3,s,af3726fcacd0ac1320a56ea850b0a2c0f5430cf4eb20a45c078706980f08407e,d24fbe3839599a6a097188bae8cd47ce8083f27deef1341ae3086bf0d5a45bd1,87f63c0590d05baea263cdc42c6e1df2d063fa2def309ecb0283f3036bf33d46,87f63c0590d05baea263cdc42c6e1df2d063fa2def309ecb0283f3036bf33d46,1787978809.0468106,37392.879,18696490,0,0.9584569931030273,1.0473413467407227,1.4177541732788086,0.00095367431640625,0.08602237701416016,0.00438690185546875,0.0073261260986328125,-0.0024423599243164062,-0.0024423599243164062,-0.0073261260986328125,-0.40293121337890625,-0.021978378295898438,-0.07570171356201172,-1.25128173828125,5.0666656494140625,-1.6336994171142578,-0.14407825469970703,-0.10500621795654297,0.0,-1.2011839458347375,6.411511395794214,-1.5575079131924163,-0.02136748160352026,-0.004314949133132512
92,2,heldout,5,-1,-0.3490658503988659,0.2658730809998815,3,s,af3726fcacd0ac1320a56ea850b0a2c0f5430cf4eb20a45c078706980f08407e,d24fbe3839599a6a097188bae8cd47ce8083f27deef1341ae3086bf0d5a45bd1,87f63c0590d05baea263cdc42c6e1df2d063fa2def309ecb0283f3036bf33d46,87f63c0590d05baea263cdc42c6e1df2d063fa2def309ecb0283f3036bf33d46,1787978809.049399,37392.881,18696491,0,0.9584569931030273,1.0473413467407227,1.4177541732788086,0.00095367431640625,0.08564090728759766,0.00438690185546875,0.0073261260986328125,-0.0024423599243164062,-0.0024423599243164062,0.0073261260986328125,-0.41758155822753906,-0.021978378295898438,-0.07570171356201172,-1.2376060485839844,5.080341339111328,-1.6336994171142578,-0.13919448852539062,-0.10500621795654297,0.0,-1.2012049386852461,6.411532388644723,-1.5575289060429247,-0.021253431385821083,-0.0043203940219760165
92,2,heldout,5,-1,-0.3490658503988659,0.2684626580012264,3,s,af3726fcacd0ac1320a56ea850b0a2c0f5430cf4eb20a45c078706980f08407e,d24fbe3839599a6a097188bae8cd47ce8083f27deef1341ae3086bf0d5a45bd1,87f63c0590d05baea263cdc42c6e1df2d063fa2def309ecb0283f3036bf33d46,87f63c0590d05baea263cdc42c6e1df2d063fa2def309ecb0283f3036bf33d46,1787978809.050805,37392.883,18696492,0,0.9584569931030273,1.0473413467407227,1.4177541732788086,0.00095367431640625,0.08487796783447266,0.00438690185546875,-0.0073261260986328125,-0.0024423599243164062,-0.0024423599243164062,-0.021978378295898438,-0.3589744567871094,-0.0073261260986328125,-0.07570171356201172,-1.25128173828125,5.080341339111328,-1.6385831832885742,-0.13919448852539062,-0.10500621795654297,0.0,-1.2012465873273315,6.41157403728681,-1.557570554685012,-0.021025321688675814,-0.004331284333831892
92,2,heldout,5,-1,-0.3490658503988659,0.2698631879975437,3,s,af3726fcacd0ac1320a56ea850b0a2c0f5430cf4eb20a45c078706980f08407e,d24fbe3839599a6a097188bae8cd47ce8083f27deef1341ae3086bf0d5a45bd1,87f63c0590d05baea263cdc42c6e1df2d063fa2def309ecb0283f3036bf33d46,87f63c0590d05baea263cdc42c6e1df2d063fa2def309ecb0283f3036bf33d46,1787978809.0527377,37392.884999999995,18696493,0,0.9584569931030273,1.0473413467407227,1.4177541732788086,0.00095367431640625,0.08411502838134766,0.00438690185546875,-0.0073261260986328125,-0.0024423599243164062,-0.0024423599243164062,-0.0073261260986328125,-0.34432220458984375,-0.0073261260986328125,-0.07570171356201172,-1.25128173828125,5.080341339111328,-1.6385831832885742,-0.1343097686767578,-0.10500621795654297,0.0,-1.2012877865373404,6.411615236496817,-1.5576117538950194,-0.02079719975318319,-0.004342175352630383
92,2,heldout,5,-1,-0.3490658503988659,0.27180804400268244,3,s,af3726fcacd0ac1320a56ea850b0a2c0f5430cf4eb20a45c078706980f08407e,d24fbe3839599a6a097188bae8cd47ce8083f27deef1341ae3086bf0d5a45bd1,87f63c0590d05baea263cdc42c6e1df2d063fa2def309ecb0283f3036bf33d46,87f63c0590d05baea263cdc42c6e1df2d063fa2def309ecb0283f3036bf33d46,1787978809.054685,37392.886999999995,18696494,0,0.9584569931030273,1.0473413467407227,1.4177541732788086,0.00095367431640625,0.08335208892822266,0.00438690185546875,-0.0073261260986328125,-0.0024423599243164062,-0.0024423599243164062,0.0073261260986328125,-0.373626708984375,-0.0073261260986328125,-0.07570171356201172,-1.25128173828125,5.080341339111328,-1.6385831832885742,-0.1294260025024414,-0.10500621795654297,0.0,-1.2013285362912849,6.411655986250762,-1.557652503648964,-0.020569065712127643,-0.00435306707203208
92,2,heldout,5,-1,-0.3490658503988659,0.2737438359981752,3,s,af3726fcacd0ac1320a56ea850b0a2c0f5430cf4eb20a45c078706980f08407e,d24fbe3839599a6a097188bae8cd47ce8083f27deef1341ae3086bf0d5a45bd1,87f63c0590d05baea263cdc42c6e1df2d063fa2def309ecb0283f3036bf33d46,87f63c0590d05baea263cdc42c6e1df2d063fa2def309ecb0283f3036bf33d46,1787978809.0566504,37392.888999999996,18696495,0,0.9584569931030273,1.0473413467407227,1.4177541732788086,0.00095367431640625,0.08258914947509766,0.00438690185546875,0.0073261260986328125,-0.0024423599243164062,-0.0024423599243164062,0.0073261260986328125,-0.373626708984375,-0.0073261260986328125,-0.07570171356201172,-1.25128173828125,5.080341339111328,-1.6385831832885742,-0.124542236328125,-0.10500621795654297,0.0,-1.201368836565449,6.411696286524926,-1.5576928039231273,-0.020340919698300656,-0.004363959485697171
92,2,heldout,5,-1,-0.3490658503988659,0.2757128509983886,3,s,af3726fcacd0ac1320a56ea850b0a2c0f5430cf4eb20a45c078706980f08407e,d24fbe3839599a6a097188bae8cd47ce8083f27deef1341ae3086bf0d5a45bd1,87f63c0590d05baea263cdc42c6e1df2d063fa2def309ecb0283f3036bf33d46,87f63c0590d05baea263cdc42c6e1df2d063fa2def309ecb0283f3036bf33d46,1787978809.0586083,37392.890999999996,18696496,0,0.9584569931030273,1.0473413467407227,1.4177541732788086,0.00095367431640625,0.08182621002197266,0.00438690185546875,-0.0073261260986328125,-0.0024423599243164062,-0.0024423599243164062,-0.021978378295898438,-0.3882789611816406,-0.0073261260986328125,-0.07570171356201172,-1.25128173828125,5.080341339111328,-1.6385831832885742,-0.1196584701538086,-0.10500621795654297,0.0,-1.201408687336373,6.41173613729585,-1.5577326546940513,-0.020112761844500678,-0.004374852587285436
92,2,heldout,5,-1,-0.3490658503988659,0.27766957599669695,3,s,af3726fcacd0ac1320a56ea850b0a2c0f5430cf4eb20a45c078706980f08407e,d24fbe3839599a6a097188bae8cd47ce8083f27deef1341ae3086bf0d5a45bd1,87f63c0590d05baea263cdc42c6e1df2d063fa2def309ecb0283f3036bf33d46,87f63c0590d05baea263cdc42c6e1df2d063fa2def309ecb0283f3036bf33d46,1787978809.0605478,37392.893,18696497,0,0.9584569931030273,1.0473413467407227,1.4177541732788086,0.00095367431640625,0.08106327056884766,0.00438690185546875,-0.0073261260986328125,-0.0024423599243164062,-0.0024423599243164062,-0.021978378295898438,-0.3882789611816406,-0.0073261260986328125,-0.07570171356201172,-1.2376060485839844,5.0666656494140625,-1.6336994171142578,-0.124542236328125,-0.10500621795654297,0.0,-1.2014480885808605,6.411775538540337,-1.5577720559385388,-0.019884592283533065,-0.004385746370456253
92,2,heldout,5,-1,-0.3490658503988659,0.27961249300278723,3,s,af3726fcacd0ac1320a56ea850b0a2c0f5430cf4eb20a45c078706980f08407e,d24fbe3839599a6a097188bae8cd47ce8083f27deef1341ae3086bf0d5a45bd1,87f63c0590d05baea263cdc42c6e1df2d063fa2def309ecb0283f3036bf33d46,87f63c0590d05baea263cdc42c6e1df2d063fa2def309ecb0283f3036bf33d46,1787978809.0624833,37392.895,18696498,0,0.9584569931030273,1.0473413467407227,1.4177541732788086,0.00095367431640625,0.08068180084228516,0.00438690185546875,0.0073261260986328125,-0.0024423599243164062,-0.0024423599243164062,-0.0073261260986328125,-0.3589744567871094,0.0073261260986328125,-0.07570171356201172,-1.2376060485839844,5.0666656494140625,-1.6336994171142578,-0.1196584701538086,-0.10012245178222656,0.0,-1.201467620623514,6.411795070582991,-1.5577915879811923,-0.019770503154364898,-0.004391193515653568
92,2,heldout,5,-1,-0.3490658503988659,0.28154185700259404,3,s,af3726fcacd0ac1320a56ea850b0a2c0f5430cf4eb20a45c078706980f08407e,d24fbe3839599a6a097188bae8cd47ce8083f27deef1341ae3086bf0d5a45bd1,87f63c0590d05baea263cdc42c6e1df2d063fa2def309ecb0283f3036bf33d46,87f63c0590d05baea263cdc42c6e1df2d063fa2def309ecb0283f3036bf33d46,1787978809.0650644,37392.897,18696499,0,0.9584569931030273,1.0473413467407227,1.4177541732788086,0.00095367431640625,0.07991886138916016,0.00438690185546875,-0.0073261260986328125,-0.0024423599243164062,-0.0024423599243164062,-0.0073261260986328125,-0.3150177001953125,-0.0073261260986328125,-0.07570171356201172,-1.2376060485839844,5.0666656494140625,-1.6336994171142578,-0.11477375030517578,-0.10012245178222656,0.0,-1.2015063475354277,6.4118337974949045,-1.5578303148931063,-0.019542316281670715,-0.00440208830930869
92,2,heldout,5,-1,-0.3490658503988659,0.28415190600208007,3,s,af3726fcacd0ac1320a56ea850b0a2c0f5430cf4eb20a45c078706980f08407e,d24fbe3839599a6a097188bae8cd47ce8083f27deef1341ae3086bf0d5a45bd1,87f63c0590d05baea263cdc42c6e1df2d063fa2def309ecb0283f3036bf33d46,87f63c0590d05baea263cdc42c6e1df2d063fa2def309ecb0283f3036bf33d46,1787978809.0664942,37392.899,18696500,0,0.9584569931030273,1.0473413467407227,1.4177541732788086,0.00095367431640625,0.07915592193603516,0.00438690185546875,-0.0073261260986328125,-0.0024423599243164062,-0.0024423599243164062,-0.021978378295898438,-0.3882789611816406,-0.0073261260986328125,-0.07570171356201172,-1.2376060485839844,5.0666656494140625,-1.6336994171142578,-0.11477375030517578,-0.10500621795654297,0.0,-1.2015446248640607,6.411872074823537,-1.5578685922217388,-0.01931411803385187,-0.004412983768693091
92,2,heldout,5,-1,-0.3490658503988659,0.28555648300243774,3,s,af3726fcacd0ac1320a56ea850b0a2c0f5430cf4eb20a45c078706980f08407e,d24fbe3839599a6a097188bae8cd47ce8083f27deef1341ae3086bf0d5a45bd1,87f63c0590d05baea263cdc42c6e1df2d063fa2def309ecb0283f3036bf33d46,87f63c0590d05baea263cdc42c6e1df2d063fa2def309ecb0283f3036bf33d46,1787978809.068457,37392.901,18696501,0,0.9584569931030273,1.0473413467407227,1.4177541732788086,0.00095367431640625,0.07801151275634766,0.00438690185546875,-0.0073261260986328125,-0.0024423599243164062,-0.0024423599243164062,-0.0073261260986328125,-0.4322338104248047,-0.021978378295898438,-0.08058643341064453,-1.2376060485839844,5.052989959716797,-1.6288156509399414,-0.10988998413085938,-0.10500621795654297,0.0,-1.20160119783969,6.411928647799167,-1.557925165197369,-0.018971799624329835,-0.004429328192138876
92,2,heldout,5,-1,-0.3490658503988659,0.28751650400226936,3,s,af3726fcacd0ac1320a56ea850b0a2c0f5430cf4eb20a45c078706980f08407e,d24fbe3839599a6a097188bae8cd47ce8083f27deef1341ae3086bf0d5a45bd1,87f63c0590d05baea263cdc42c6e1df2d063fa2def309ecb0283f3036bf33d46,87f63c0590d05baea263cdc42c6e1df2d063fa2def309ecb0283f3036bf33d46,1787978809.0709627,37392.903,18696502,0,0.9584569931030273,1.0473413467407227,1.4177541732788086,0.00095367431640625,0.07763004302978516,0.00438690185546875,0.0073261260986328125,-0.0024423599243164062,-0.0024423599243164062,0.0073261260986328125,-0.40293121337890625,-0.0073261260986328125,-0.07570171356201172,-1.2376060485839844,5.0666656494140625,-1.6336994171142578,-0.10500621795654297,-0.10500621795654297,0.0,-1.2016198306826218,6.4119472806420985,-1.5579437980403006,-0.01885768794416224,-0.004434776659281374
92,2,heldout,5,-1,-0.3490658503988659,0.2900204460020177,3,s,af3726fcacd0ac1320a56ea850b0a2c0f5430cf4eb20a45c078706980f08407e,d24fbe3839599a6a097188bae8cd47ce8083f27deef1341ae3086bf0d5a45bd1,87f63c0590d05baea263cdc42c6e1df2d063fa2def309ecb0283f3036bf33d46,87f63c0590d05baea263cdc42c6e1df2d063fa2def309ecb0283f3036bf33d46,1787978809.072916,37392.905,18696503,0,0.9584569931030273,1.0473413467407227,1.4177541732788086,0.00095367431640625,0.07648563385009766,0.00438690185546875,-0.0073261260986328125,-0.0024423599243164062,-0.0024423599243164062,0.0073261260986328125,-0.373626708984375,-0.0073261260986328125,-0.07570171356201172,-1.25128173828125,5.0666656494140625,-1.6385831832885742,-0.10012245178222656,-0.10500621795654297,0.0,-1.2016750547266235,6.4120025046861,-1.5579990220843023,-0.01851533650515482,-0.0044511230275905995
92,2,heldout,5,-1,-0.3490658503988659,0.2919918659972609,3,s,af3726fcacd0ac1320a56ea850b0a2c0f5430cf4eb20a45c078706980f08407e,d24fbe3839599a6a097188bae8cd47ce8083f27deef1341ae3086bf0d5a45bd1,87f63c0590d05baea263cdc42c6e1df2d063fa2def309ecb0283f3036bf33d46,87f63c0590d05baea263cdc42c6e1df2d063fa2def309ecb0283f3036bf33d46,1787978809.0749788,37392.907,18696504,0,0.9584569931030273,1.0473413467407227,1.4177541732788086,0.00095367431640625,0.07572269439697266,0.00438690185546875,-0.0073261260986328125,-0.0024423599243164062,-0.0024423599243164062,-0.0073261260986328125,-0.41758155822753906,-0.0073261260986328125,-0.07570171356201172,-1.2649574279785156,5.0666656494140625,-1.6385831832885742,-0.08547019958496094,-0.10500621795654297,0.0,-1.2017113086585494,6.412038758618026,-1.5580352760162282,-0.01828708871312597,-0.004462021404269096
92,2,heldout,5,-1,-0.3490658503988659,0.2940429230002337,3,s,af3726fcacd0ac1320a56ea850b0a2c0f5430cf4eb20a45c078706980f08407e,d24fbe3839599a6a097188bae8cd47ce8083f27deef1341ae3086bf0d5a45bd1,87f63c0590d05baea263cdc42c6e1df2d063fa2def309ecb0283f3036bf33d46,87f63c0590d05baea263cdc42c6e1df2d063fa2def309ecb0283f3036bf33d46,1787978809.0769749,37392.909,18696505,0,0.9584569931030273,1.0473413467407227,1.4177541732788086,0.00095367431640625,0.07495975494384766,0.00438690185546875,-0.0073261260986328125,-0.0024423599243164062,-0.0024423599243164062,0.0073261260986328125,-0.40293121337890625,-0.0073261260986328125,-0.08058643341064453,-1.25128173828125,5.0666656494140625,-1.643467903137207,-0.07570171356201172,-0.10500621795654297,0.0,-1.2017471128878916,6.412074562847368,-1.5580710802455697,-0.018058830276611017,-0.004472920411791221
92,2,heldout,5,-1,-0.3490658503988659,0.29603660199791193,3,s,af3726fcacd0ac1320a56ea850b0a2c0f5430cf4eb20a45c078706980f08407e,d24fbe3839599a6a097188bae8cd47ce8083f27deef1341ae3086bf0d5a45bd1,87f63c0590d05baea263cdc42c6e1df2d063fa2def309ecb0283f3036bf33d46,87f63c0590d05baea263cdc42c6e1df2d063fa2def309ecb0283f3036bf33d46,1787978809.07901,37392.911,18696506,0,0.9584569931030273,1.0473413467407227,1.4177541732788086,0.00095367431640625,0.07381534576416016,0.00438690185546875,0.0073261260986328125,-0.0024423599243164062,-0.0024423599243164062,-0.021978378295898438,-0.4468860626220703,-0.0073261260986328125,-0.08058643341064453,-1.2376060485839844,5.0666656494140625,-1.6385831832885742,-0.07081794738769531,-0.10500621795654297,0.0,-1.20179997599404,6.412127425953517,-1.5581239433517189,-0.01771642295406867,-0.004489270092028485
92,2,heldout,5,-1,-0.3490658503988659,0.29807877400162397,3,s,af3726fcacd0ac1320a56ea850b0a2c0f5430cf4eb20a45c078706980f08407e,d24fbe3839599a6a097188bae8cd47ce8083f27deef1341ae3086bf0d5a45bd1,87f63c0590d05baea263cdc42c6e1df2d063fa2def309ecb0283f3036bf33d46,87f63c0590d05baea263cdc42c6e1df2d063fa2def309ecb0283f3036bf33d46,1787978809.080461,37392.913,18696507,0,0.9584569931030273,1.0473413467407227,1.4177541732788086,0.00095367431640625,0.07343387603759766,0.00438690185546875,-0.0073261260986328125,-0.0024423599243164062,-0.0024423599243164062,-0.0073261260986328125,-0.40293121337890625,-0.0073261260986328125,-0.08058643341064453,-1.25128173828125,5.080341339111328,-1.6385831832885742,-0.0659341812133789,-0.10500621795654297,0.0,-1.2018173721557193,6.412144822115196,-1.558141339513398,-0.017602282001584615,-0.00449472029398976
92,2,heldout,5,-1,-0.3490658503988659,0.2995373939993442,3,s,af3726fcacd0ac1320a56ea850b0a2c0f5430cf4eb20a45c078706980f08407e,d24fbe3839599a6a097188bae8cd47ce8083f27deef1341ae3086bf0d5a45bd1,87f63c0590d05baea263cdc42c6e1df2d063fa2def309ecb0283f3036bf33d46,87f63c0590d05baea263cdc42c6e1df2d063fa2def309ecb0283f3036bf33d46,1787978809.0829976,37392.915,18696508,0,0.9584569931030273,1.0473413467407227,1.4177541732788086,0.00095367431640625,0.07267093658447266,0.00438690185546875,0.0073261260986328125,-0.0024423599243164062,-0.0024423599243164062,-0.021978378295898438,-0.373626708984375,-0.0073261260986328125,-0.08058643341064453,-1.25128173828125,5.080341339111328,-1.6385831832885742,-0.0659341812133789,-0.10500621795654297,0.0,-1.2018518271533103,6.412179277112787,-1.5581757945109886,-0.017373992428819207,-0.004505621155976974
92,2,heldout,5,-1,-0.3490658503988659,0.30205648300034227,3,s,af3726fcacd0ac1320a56ea850b0a2c0f5430cf4eb20a45c078706980f08407e,d24fbe3839599a6a097188bae8cd47ce8083f27deef1341ae3086bf0d5a45bd1,87f63c0590d05baea263cdc42c6e1df2d063fa2def309ecb0283f3036bf33d46,87f63c0590d05baea263cdc42c6e1df2d063fa2def309ecb0283f3036bf33d46,1787978809.0850115,37392.917,18696509,0,0.9584569931030273,1.0473413467407227,1.4177541732788086,0.00095367431640625,0.07190799713134766,0.00438690185546875,-0.0073261260986328125,-0.0024423599243164062,-0.0024423599243164062,-0.0073261260986328125,-0.3882789611816406,-0.0073261260986328125,-0.08058643341064453,-1.25128173828125,5.080341339111328,-1.6385831832885742,-0.0659341812133789,-0.10500621795654297,0.0,-1.2018858323665245,6.412213282326001,-1.5582097997242026,-0.017145692743059666,-0.00451652262342942
92,2,heldout,5,-1,-0.3490658503988659,0.3040780059964163,3,s,af3726fcacd0ac1320a56ea850b0a2c0f5430cf4eb20a45c078706980f08407e,d24fbe3839599a6a097188bae8cd47ce8083f27deef1341ae3086bf0d5a45bd1,87f63c0590d05baea263cdc42c6e1df2d063fa2def309ecb0283f3036bf33d46,87f63c0590d05baea263cdc42c6e1df2d063fa2def309ecb0283f3036bf33d46,1787978809.0869856,37392.919,18696510,0,0.9584569931030273,1.0473413467407227,1.4177541732788086,0.00095367431640625,0.07114505767822266,0.00438690185546875,-0.0073261260986328125,-0.0024423599243164062,-0.0024423599243164062,-0.0073261260986328125,-0.40293121337890625,-0.0073261260986328125,-0.07570171356201172,-1.25128173828125,5.0666656494140625,-1.6336994171142578,-0.0659341812133789,-0.10500621795654297,0.0,-1.201919387775567,6.412246837735044,-1.5582433551332457,-0.01691738307719394,-0.004527424690001612
92,2,heldout,5,-1,-0.3490658503988659,0.306051886997011,3,s,af3726fcacd0ac1320a56ea850b0a2c0f5430cf4eb20a45c078706980f08407e,d24fbe3839599a6a097188bae8cd47ce8083f27deef1341ae3086bf0d5a45bd1,87f63c0590d05baea263cdc42c6e1df2d063fa2def309ecb0283f3036bf33d46,87f63c0590d05baea263cdc42c6e1df2d063fa2def309ecb0283f3036bf33d46,1787978809.0889745,37392.920999999995,18696511,0,0.9584569931030273,1.0473413467407227,1.4177541732788086,0.00095367431640625,0.07076358795166016,0.00438690185546875,0.0073261260986328125,-0.0024423599243164062,-0.0024423599243164062,0.0073261260986328125,-0.3589744567871094,-0.0073261260986328125,-0.07570171356201172,-1.25128173828125,5.0666656494140625,-1.6336994171142578,-0.07081794738769531,-0.10500621795654297,0.0,-1.2019359967974101,6.412263446756887,-1.558259964155089,-0.0168032245432503,-0.004532875945974551
92,2,heldout,5,-1,-0.3490658503988659,0.30803488600213313,3,s,af3726fcacd0ac1320a56ea850b0a2c0f5430cf4eb20a45c078706980f08407e,d24fbe3839599a6a097188bae8cd47ce8083f27deef1341ae3086bf0d5a45bd1,87f63c0590d05baea263cdc42c6e1df2d063fa2def309ecb0283f3036bf33d46,87f63c0590d05baea263cdc42c6e1df2d063fa2def309ecb0283f3036bf33d46,1787978809.090975,37392.922999999995,18696512,0,0.9584569931030273,1.0473413467407227,1.4177541732788086,0.00095367431640625,0.07038211822509766,0.00438690185546875,-0.021978378295898438,-0.0024423599243164062,-0.0024423599243164062,-0.0073261260986328125,-0.3150177001953125,-0.0073261260986328125,-0.07570171356201172,-1.25128173828125,5.0666656494140625,-1.6385831832885742,-0.08058643341064453,-0.10500621795654297,0.0,-1.2019524933609076,6.412279943320384,-1.5582764607185864,-0.016689063564115703,-0.00453832734934771
92,2,heldout,5,-1,-0.3490658503988659,0.31003860799683025,3,s,af3726fcacd0ac1320a56ea850b0a2c0f5430cf4eb20a45c078706980f08407e,d24fbe3839599a6a097188bae8cd47ce8083f27deef1341ae3086bf0d5a45bd1,87f63c0590d05baea263cdc42c6e1df2d063fa2def309ecb0283f3036bf33d46,87f63c0590d05baea263cdc42c6e1df2d063fa2def309ecb0283f3036bf33d46,1787978809.0929966,37392.924999999996,18696513,0,0.9584569931030273,1.0473413467407227,1.4177541732788086,0.00095367431640625,0.06961917877197266,0.00438690185546875,-0.021978378295898438,-0.0024423599243164062,-0.0024423599243164062,-0.0073261260986328125,-0.3003654479980469,-0.0073261260986328125,-0.07570171356201172,-1.25128173828125,5.0666656494140625,-1.6336994171142578,-0.09523773193359375,-0.10500621795654297,0.0,-1.2019851491032765,6.412312599062753,-1.558309116460955,-0.016460734336724417,-0.0045492305951215315
92,2,heldout,5,-1,-0.3490658503988659,0.3120834110013675,3,s,af3726fcacd0ac1320a56ea850b0a2c0f5430cf4eb20a45c078706980f08407e,d24fbe3839599a6a097188bae8cd47ce8083f27deef1341ae3086bf0d5a45bd1,87f63c0590d05baea263cdc42c6e1df2d063fa2def309ecb0283f3036bf33d46,87f63c0590d05baea263cdc42c6e1df2d063fa2def309ecb0283f3036bf33d46,1787978809.0950365,37392.926999999996,18696514,0,0.9584569931030273,1.0473413467407227,1.4177541732788086,0.00095367431640625,0.06885623931884766,0.00438690185546875,-0.0073261260986328125,-0.0024423599243164062,-0.0024423599243164062,-0.0073261260986328125,-0.3150177001953125,-0.0073261260986328125,-0.08058643341064453,-1.25128173828125,5.080341339111328,-1.6336994171142578,-0.10500621795654297,-0.10500621795654297,0.0,-1.202017354983664,6.412344804943141,-1.5583413223413425,-0.01623239552792515,-0.004560134420976553
92,2,heldout,5,-1,-0.3490658503988659,0.31410435200086795,3,s,af3726fcacd0ac1320a56ea850b0a2c0f5430cf4eb20a45c078706980f08407e,d24fbe3839599a6a097188bae8cd47ce8083f27deef1341ae3086bf0d5a45bd1,87f63c0590d05baea263cdc42c6e1df2d063fa2def309ecb0283f3036bf33d46,87f63c0590d05baea263cdc42c6e1df2d063fa2def309ecb0283f3036bf33d46,1787978809.096552,37392.929,18696515,0,0.9584569931030273,1.0473413467407227,1.4177541732788086,0.00095367431640625,0.06847476959228516,0.00438690185546875,-0.021978378295898438,-0.0024423599243164062,-0.0024423599243164062,-0.0073261260986328125,-0.3150177001953125,-0.0073261260986328125,-0.08058643341064453,-1.25128173828125,5.0666656494140625,-1.6336994171142578,-0.10988998413085938,-0.10500621795654297,0.0,-1.2020332892197447,6.412360739179223,-1.5583572565774253,-0.01611822257203191,-0.004565586549451132
92,2,heldout,5,-1,-0.3490658503988659,0.3156396779959323,3,s,af3726fcacd0ac1320a56ea850b0a2c0f5430cf4eb20a45c078706980f08407e,d24fbe3839599a6a097188bae8cd47ce8083f27deef1341ae3086bf0d5a45bd1,87f63c0590d05baea263cdc42c6e1df2d063fa2def309ecb0283f3036bf33d46,87f63c0590d05baea263cdc42c6e1df2d063fa2def309ecb0283f3036bf33d46,1787978809.0985193,37392.931,18696516,0,0.9584569931030273,1.0473413467407227,1.4177541732788086,0.00095367431640625,0.06771183013916016,0.00438690185546875,0.0073261260986328125,-0.0024423599243164062,-0.0024423599243164062,-0.0073261260986328125,-0.28571510314941406,-0.0073261260986328125,-0.08058643341064453,-1.25128173828125,5.0666656494140625,-1.6336994171142578,-0.1196584701538086,-0.10500621795654297,0.0,-1.202064820272096,6.412392270231573,-1.5583887876297744,-0.01588986964032995,-0.004576491233527482
92,2,heldout,5,-1,-0.3490658503988659,0.31757392900181003,3,s,af3726fcacd0ac1320a56ea850b0a2c0f5430cf4eb20a45c078706980f08407e,d24fbe3839599a6a097188bae8cd47ce8083f27deef1341ae3086bf0d5a45bd1,87f63c0590d05baea263cdc42c6e1df2d063fa2def309ecb0283f3036bf33d46,87f63c0590d05baea263cdc42c6e1df2d063fa2def309ecb0283f3036bf33d46,1787978809.101004,37392.933,18696517,0,0.9584569931030273,1.0473413467407227,1.4177541732788086,0.00095367431640625,0.06694889068603516,0.00438690185546875,-0.0073261260986328125,-0.0024423599243164062,-0.0024423599243164062,0.0073261260986328125,-0.34432220458984375,-0.0073261260986328125,-0.07570171356201172,-1.25128173828125,5.0666656494140625,-1.6336994171142578,-0.13919448852539062,-0.10500621795654297,0.0,-1.2020959014160906,6.412423351375567,-1.558419868773769,-0.015661507459506993,-0.004587396481817254
92,2,heldout,5,-1,-0.3490658503988659,0.3200559239994618,3,s,af3726fcacd0ac1320a56ea850b0a2c0f5430cf4eb20a45c078706980f08407e,d24fbe3839599a6a097188bae8cd47ce8083f27deef1341ae3086bf0d5a45bd1,87f63c0590d05baea263cdc42c6e1df2d063fa2def309ecb0283f3036bf33d46,87f63c0590d05baea263cdc42c6e1df2d063fa2def309ecb0283f3036bf33d46,1787978809.1029396,37392.935,18696518,0,0.9584569931030273,1.0473413467407227,1.4177541732788086,0.00095367431640625,0.06656742095947266,0.00438690185546875,-0.0073261260986328125,-0.0024423599243164062,-0.0024423599243164062,-0.0073261260986328125,-0.3150177001953125,0.0073261260986328125,-0.07570171356201172,-1.25128173828125,5.0666656494140625,-1.6385831832885742,-0.15384578704833984,-0.10500621795654297,0.0,-1.2021112732667913,6.412438723226268,-1.5584352406244697,-0.015547322942213788,-0.004592849315558532
92,2,heldout,5,-1,-0.3490658503988659,0.32199997999850893,3,s,af3726fcacd0ac1320a56ea850b0a2c0f5430cf4eb20a45c078706980f08407e,d24fbe3839599a6a097188bae8cd47ce8083f27deef1341ae3086bf0d5a45bd1,87f63c0590d05baea263cdc42c6e1df2d063fa2def309ecb0283f3036bf33d46,87f63c0590d05baea263cdc42c6e1df2d063fa2def309ecb0283f3036bf33d46,1787978809.1048722,37392.937,18696519,0,0.9584569931030273,1.0473413467407227,1.4177541732788086,0.00095367431640625,0.06618595123291016,0.00438690185546875,-0.0073261260986328125,-0.0024423599243164062,-0.0024423599243164062,-0.0073261260986328125,-0.28571510314941406,-0.0073261260986328125,-0.07570171356201172,-1.2376060485839844,5.0666656494140625,-1.6385831832885742,-0.15873050689697266,-0.10500621795654297,0.0,-1.202126532633638,6.412453982593115,-1.5584504999913162,-0.015433136162487327,-0.004598302287972755
92,2,heldout,5,-1,-0.3490658503988659,0.3239308499978506,3,s,af3726fcacd0ac1320a56ea850b0a2c0f5430cf4eb20a45c078706980f08407e,d24fbe3839599a6a097188bae8cd47ce8083f27deef1341ae3086bf0d5a45bd1,87f63c0590d05baea263cdc42c6e1df2d063fa2def309ecb0283f3036bf33d46,87f63c0590d05baea263cdc42c6e1df2d063fa2def309ecb0283f3036bf33d46,1787978809.1068628,37392.939,18696520,0,0.9584569931030273,1.0473413467407227,1.4177541732788086,0.00095367431640625,0.06580448150634766,0.00438690185546875,-0.0073261260986328125,-0.0024423599243164062,-0.0024423599243164062,-0.021978378295898438,-0.2564105987548828,-0.0073261260986328125,-0.07570171356201172,-1.2376060485839844,5.0666656494140625,-1.6385831832885742,-0.16361427307128906,-0.10500621795654297,0.0,-1.2021416795144124,6.412469129473889,-1.5584656468720908,-0.015318947136944016,-0.004603755398266414
92,2,heldout,5,-1,-0.3490658503988659,0.3259217919985531,3,s,af3726fcacd0ac1320a56ea850b0a2c0f5430cf4eb20a45c078706980f08407e,d24fbe3839599a6a097188bae8cd47ce8083f27deef1341ae3086bf0d5a45bd1,87f63c0590d05baea263cdc42c6e1df2d063fa2def309ecb0283f3036bf33d46,87f63c0590d05baea263cdc42c6e1df2d063fa2def309ecb0283f3036bf33d46,1787978809.108822,37392.941,18696521,0,0.9584569931030273,1.0473413467407227,1.4177541732788086,0.00095367431640625,0.06466007232666016,0.00438690185546875,0.0073261260986328125,-0.0024423599243164062,-0.0024423599243164062,0.0073261260986328125,-0.3003654479980469,-0.021978378295898438,-0.07570171356201172,-1.2376060485839844,5.080341339111328,-1.6385831832885742,-0.16849803924560547,-0.10500621795654297,0.0,-1.2021864452183357,6.4125138951778125,-1.558510412576014,-0.014976366751581415,-0.004620115548488575
92,2,heldout,5,-1,-0.3490658503988659,0.32788410800276324,3,s,af3726fcacd0ac1320a56ea850b0a2c0f5430cf4eb20a45c078706980f08407e,d24fbe3839599a6a097188bae8cd47ce8083f27deef1341ae3086bf0d5a45bd1,87f63c0590d05baea263cdc42c6e1df2d063fa2def309ecb0283f3036bf33d46,87f63c0590d05baea263cdc42c6e1df2d063fa2def309ecb0283f3036bf33d46,1787978809.110962,37392.943,18696522,0,0.9584569931030273,1.0473413467407227,1.4177541732788086,0.00095367431640625,0.06389713287353516,0.00438690185546875,-0.021978378295898438,-0.0024423599243164062,-0.0024423599243164062,-0.0073261260986328125,-0.3882789611816406,-0.021978378295898438,-0.07570171356201172,-1.2376060485839844,5.080341339111328,-1.6385831832885742,-0.16361427307128906,-0.10988998413085938,0.0,-1.2022157265506102,6.412543176510089,-1.5585396939082903,-0.014747968903569957,-0.0046310229901519034
92,2,heldout,5,-1,-0.3490658503988659,0.33002558299631346,3,s,af3726fcacd0ac1320a56ea850b0a2c0f5430cf4eb20a45c078706980f08407e,d24fbe3839599a6a097188bae8cd47ce8083f27deef1341ae3086bf0d5a45bd1,87f63c0590d05baea263cdc42c6e1df2d063fa2def309ecb0283f3036bf33d46,87f63c0590d05baea263cdc42c6e1df2d063fa2def309ecb0283f3036bf33d46,1787978809.1128855,37392.945,18696523,0,0.9584569931030273,1.0473413467407227,1.4177541732788086,0.00095367431640625,0.06313419342041016,0.00438690185546875,-0.0073261260986328125,-0.0024423599243164062,-0.0024423599243164062,-0.0073261260986328125,-0.3589744567871094,-0.0073261260986328125,-0.07570171356201172,-1.25128173828125,5.0666656494140625,-1.643467903137207,-0.16361427307128906,-0.10500621795654297,0.0,-1.2022445578866932,6.41257200784617,-1.5585685252443715,-0.014519562471111174,-0.004641930964286993
92,2,heldout,5,-1,-0.3490658503988659,0.33195431499916594,3,s,af3726fcacd0ac1320a56ea850b0a2c0f5430cf4eb20a45c078706980f08407e,d24fbe3839599a6a097188bae8cd47ce8083f27deef1341ae3086bf0d5a45bd1,87f63c0590d05baea263cdc42c6e1df2d063fa2def309ecb0283f3036bf33d46,87f63c0590d05baea263cdc42c6e1df2d063fa2def309ecb0283f3036bf33d46,1787978809.114836,37392.947,18696524,0,0.9584569931030273,1.0473413467407227,1.4177541732788086,0.00095367431640625,0.06275272369384766,0.00438690185546875,-0.0073261260986328125,-0.0024423599243164062,-0.0024423599243164062,0.0073261260986328125,-0.3296699523925781,0.0073261260986328125,-0.07570171356201172,-1.2376060485839844,5.0666656494140625,-1.643467903137207,-0.16361427307128906,-0.10500621795654297,0.0,-1.2022588048009069,6.412586254760384,-1.558582772158585,-0.014405356077260732,-0.004647385149047313
92,2,heldout,5,-1,-0.3490658503988659,0.33389409800292924,3,s,af3726fcacd0ac1320a56ea850b0a2c0f5430cf4eb20a45c078706980f08407e,d24fbe3839599a6a097188bae8cd47ce8083f27deef1341ae3086bf0d5a45bd1,87f63c0590d05baea263cdc42c6e1df2d063fa2def309ecb0283f3036bf33d46,87f63c0590d05baea263cdc42c6e1df2d063fa2def309ecb0283f3036bf33d46,1787978809.1167717,37392.949,18696525,0,0.9584569931030273,1.0473413467407227,1.4177541732788086,0.00095367431640625,0.061989784240722656,0.00438690185546875,-0.0073261260986328125,-0.0024423599243164062,-0.0024423599243164062,-0.0073261260986328125,-0.3150177001953125,0.0073261260986328125,-0.07570171356201172,-1.2376060485839844,5.0666656494140625,-1.643467903137207,-0.16361427307128906,-0.10500621795654297,0.0,-1.2022869611113127,6.4126144110707894,-1.5586109284689915,-0.014176937017413826,-0.004658293909985059
92,2,heldout,5,-1,-0.3490658503988659,0.3358449719962664,3,s,af3726fcacd0ac1320a56ea850b0a2c0f5430cf4eb20a45c078706980f08407e,d24fbe3839599a6a097188bae8cd47ce8083f27deef1341ae3086bf0d5a45bd1,87f63c0590d05baea263cdc42c6e1df2d063fa2def309ecb0283f3036bf33d46,87f63c0590d05baea263cdc42c6e1df2d063fa2def309ecb0283f3036bf33d46,1787978809.1186953,37392.951,18696526,0,0.9584569931030273,1.0473413467407227,1.4177541732788086,0.00095367431640625,0.061226844787597656,0.00438690185546875,-0.021978378295898438,-0.0024423599243164062,-0.0024423599243164062,-0.0073261260986328125,-0.3296699523925781,-0.0073261260986328125,-0.08058643341064453,-1.2376060485839844,5.0666656494140625,-1.643467903137207,-0.16361427307128906,-0.10500621795654297,0.0,-1.2023146673840608,6.4126421173435375,-1.5586386347417391,-0.013948509705503896,-0.0046692031875208
92,2,heldout,5,-1,-0.3490658503988659,0.3377461510026478,3,s,af3726fcacd0ac1320a56ea850b0a2c0f5430cf4eb20a45c078706980f08407e,d24fbe3839599a6a097188bae8cd47ce8083f27deef1341ae3086bf0d5a45bd1,87f63c0590d05baea263cdc42c6e1df2d063fa2def309ecb0283f3036bf33d46,87f63c0590d05baea263cdc42c6e1df2d063fa2def309ecb0283f3036bf33d46,1787978809.120629,37392.953,18696527,0,0.9584569931030273,1.0473413467407227,1.4177541732788086,0.00095367431640625,0.060845375061035156,0.00438690185546875,-0.021978378295898438,-0.0024423599243164062,-0.0024423599243164062,-0.0073261260986328125,-0.3150177001953125,-0.0073261260986328125,-0.07570171356201172,-1.25128173828125,5.0666656494140625,-1.6385831832885742,-0.15384578704833984,-0.10500621795654297,0.0,-1.2023283517512628,6.41265580171074,-1.5586523191089416,-0.013834292996575803,-0.004674658018028547
92,2,heldout,5,-1,-0.3490658503988659,0.3396861090004677,3,s,af3726fcacd0ac1320a56ea850b0a2c0f5430cf4eb20a45c078706980f08407e,d24fbe3839599a6a097188bae8cd47ce8083f27deef1341ae3086bf0d5a45bd1,87f63c0590d05baea263cdc42c6e1df2d063fa2def309ecb0283f3036bf33d46,87f63c0590d05baea263cdc42c6e1df2d063fa2def309ecb0283f3036bf33d46,1787978809.1225321,37392.955,18696528,0,0.9584569931030273,1.0473413467407227,1.4177541732788086,0.00095367431640625,0.059700965881347656,0.00438690185546875,-0.0073261260986328125,-0.0024423599243164062,-0.0024423599243164062,-0.0073261260986328125,-0.373626708984375,-0.021978378295898438,-0.07570171356201172,-1.2376060485839844,5.0666656494140625,-1.6336994171142578,-0.14896202087402344,-0.10500621795654297,0.0,-1.2023687297523344,6.412696179711811,-1.5586926971100135,-0.01349163085734845,-0.004691023266985846
92,2,heldout,5,-1,-0.3490658503988659,0.341587734001223,3,s,af3726fcacd0ac1320a56ea850b0a2c0f5430cf4eb20a45c078706980f08407e,d24fbe3839599a6a097188bae8cd47ce8083f27deef1341ae3086bf0d5a45bd1,87f63c0590d05baea263cdc42c6e1df2d063fa2def309ecb0283f3036bf33d46,87f63c0590d05baea263cdc42c6e1df2d063fa2def309ecb0283f3036bf33d46,1787978809.1245127,37392.956999999995,18696529,0,0.9584569931030273,1.0473413467407227,1.4177541732788086,0.00095367431640625,0.058938026428222656,0.00438690185546875,0.0073261260986328125,-0.0024423599243164062,-0.0024423599243164062,0.0073261260986328125,-0.4322338104248047,-0.0073261260986328125,-0.07570171356201172,-1.25128173828125,5.0666656494140625,-1.6336994171142578,-0.14896202087402344,-0.10988998413085938,0.0,-1.2023950858163936,6.41272253577587,-1.558719053174072,-0.013263179587041412,-0.004701934056214189
92,2,heldout,5,-1,-0.3490658503988659,0.34358183299627854,3,s,af3726fcacd0ac1320a56ea850b0a2c0f5430cf4eb20a45c078706980f08407e,d24fbe3839599a6a097188bae8cd47ce8083f27deef1341ae3086bf0d5a45bd1,87f63c0590d05baea263cdc42c6e1df2d063fa2def309ecb0283f3036bf33d46,87f63c0590d05baea263cdc42c6e1df2d063fa2def309ecb0283f3036bf33d46,1787978809.1265287,37392.958999999995,18696530,0,0.9584569931030273,1.0473413467407227,1.4177541732788086,0.00095367431640625,0.058556556701660156,0.00438690185546875,-0.0073261260986328125,-0.0024423599243164062,-0.0024423599243164062,0.0073261260986328125,-0.34432220458984375,-0.0073261260986328125,-0.08058643341064453,-1.25128173828125,5.0666656494140625,-1.6385831832885742,-0.14896202087402344,-0.10500621795654297,0.0,-1.2024080950616471,6.412735545021124,-1.558732062419326,-0.013148951048506866,-0.004707389635423839
92,2,heldout,5,-1,-0.3490658503988659,0.34559427900239825,3,s,af3726fcacd0ac1320a56ea850b0a2c0f5430cf4eb20a45c078706980f08407e,d24fbe3839599a6a097188bae8cd47ce8083f27deef1341ae3086bf0d5a45bd1,87f63c0590d05baea263cdc42c6e1df2d063fa2def309ecb0283f3036bf33d46,87f63c0590d05baea263cdc42c6e1df2d063fa2def309ecb0283f3036bf33d46,1787978809.1284914,37392.960999999996,18696531,0,0.9584569931030273,1.0473413467407227,1.4177541732788086,0.00095367431640625,0.057793617248535156,0.00438690185546875,-0.0073261260986328125,-0.0024423599243164062,-0.0024423599243164062,-0.021978378295898438,-0.3003654479980469,0.0073261260986328125,-0.07570171356201172,-1.25128173828125,5.0666656494140625,-1.643467903137207,-0.14407825469970703,-0.10500621795654297,0.0,-1.202433775969142,6.412761225928619,-1.5587577433268205,-0.012920488247787935,-0.004718301159064638
92,2,heldout,5,-1,-0.3490658503988659,0.3475482310022926,3,s,af3726fcacd0ac1320a56ea850b0a2c0f5430cf4eb20a45c078706980f08407e,d24fbe3839599a6a097188bae8cd47ce8083f27deef1341ae3086bf0d5a45bd1,87f63c0590d05baea263cdc42c6e1df2d063fa2def309ecb0283f3036bf33d46,87f63c0590d05baea263cdc42c6e1df2d063fa2def309ecb0283f3036bf33d46,1787978809.130448,37392.962999999996,18696532,0,0.9584569931030273,1.0473413467407227,1.4177541732788086,0.00095367431640625,0.057030677795410156,0.00438690185546875,0.0073261260986328125,-0.0024423599243164062,-0.0024423599243164062,-0.021978378295898438,-0.34432220458984375,-0.0073261260986328125,-0.07570171356201172,-1.25128173828125,5.0666656494140625,-1.643467903137207,-0.13919448852539062,-0.10500621795654297,0.0,-1.202459006753521,6.412786456712998,-1.5587829741111991,-0.01269201792635539,-0.004729213164374621
92,2,heldout,5,-1,-0.3490658503988659,0.34952400499605574,3,s,af3726fcacd0ac1320a56ea850b0a2c0f5430cf4eb20a45c078706980f08407e,d24fbe3839599a6a097188bae8cd47ce8083f27deef1341ae3086bf0d5a45bd1,87f63c0590d05baea263cdc42c6e1df2d063fa2def309ecb0283f3036bf33d46,87f63c0590d05baea263cdc42c6e1df2d063fa2def309ecb0283f3036bf33d46,1787978809.1330597,37392.965,18696533,0,0.9584569931030273,1.0473413467407227,1.4177541732788086,0.00095367431640625,0.056267738342285156,0.00438690185546875,-0.0073261260986328125,-0.0024423599243164062,-0.0024423599243164062,0.0073261260986328125,-0.41758155822753906,-0.0073261260986328125,-0.07570171356201172,-1.25128173828125,5.080341339111328,-1.6385831832885742,-0.1343097686767578,-0.10988998413085938,0.0,-1.2024837874000958,6.412811237359574,-1.558807754757776,-0.01246354021719644,-0.004740125645002164
92,2,heldout,5,-1,-0.3490658503988659,0.35214594900025986,3,s,af3726fcacd0ac1320a56ea850b0a2c0f5430cf4eb20a45c078706980f08407e,d24fbe3839599a6a097188bae8cd47ce8083f27deef1341ae3086bf0d5a45bd1,87f63c0590d05baea263cdc42c6e1df2d063fa2def309ecb0283f3036bf33d46,87f63c0590d05baea263cdc42c6e1df2d063fa2def309ecb0283f3036bf33d46,1787978809.1351032,37392.967,18696534,0,0.9584569931030273,1.0473413467407227,1.4177541732788086,0.00095367431640625,0.055504798889160156,0.00438690185546875,-0.0073261260986328125,-0.0024423599243164062,-0.0024423599243164062,0.0073261260986328125,-0.3882789611816406,-0.021978378295898438,-0.08058643341064453,-1.2649574279785156,5.080341339111328,-1.6385831832885742,-0.124542236328125,-0.10988998413085938,0.0,-1.2025081178944474,6.412835567853924,-1.5588320852521262,-0.012235055253302608,-0.004751038594595369
92,2,heldout,5,-1,-0.3490658503988659,0.35417380899889395,3,s,af3726fcacd0ac1320a56ea850b0a2c0f5430cf4eb20a45c078706980f08407e,d24fbe3839599a6a097188bae8cd47ce8083f27deef1341ae3086bf0d5a45bd1,87f63c0590d05baea263cdc42c6e1df2d063fa2def309ecb0283f3036bf33d46,87f63c0590d05baea263cdc42c6e1df2d063fa2def309ecb0283f3036bf33d46,1787978809.1365404,37392.969,18696535,0,0.9584569931030273,1.0473413467407227,1.4177541732788086,0.00095367431640625,0.054741859436035156,0.00438690185546875,-0.0073261260986328125,-0.0024423599243164062,-0.0024423599243164062,-0.0073261260986328125,-0.3882789611816406,-0.0073261260986328125,-0.08058643341064453,-1.2649574279785156,5.0666656494140625,-1.6385831832885742,-0.124542236328125,-0.10988998413085938,0.0,-1.2025319982224096,6.412859448181886,-1.5588559655800884,-0.012006563167669657,-0.004761952006802064
92,2,heldout,5,-1,-0.3490658503988659,0.35560678799811285,3,s,af3726fcacd0ac1320a56ea850b0a2c0f5430cf4eb20a45c078706980f08407e,d24fbe3839599a6a097188bae8cd47ce8083f27deef1341ae3086bf0d5a45bd1,87f63c0590d05baea263cdc42c6e1df2d063fa2def309ecb0283f3036bf33d46,87f63c0590d05baea263cdc42c6e1df2d063fa2def309ecb0283f3036bf33d46,1787978809.138505,37392.971,18696536,0,0.9584569931030273,1.0473413467407227,1.4177541732788086,0.00095367431640625,0.053978919982910156,0.00438690185546875,-0.0073261260986328125,-0.0024423599243164062,-0.0024423599243164062,-0.021978378295898438,-0.3882789611816406,-0.0073261260986328125,-0.08058643341064453,-1.25128173828125,5.0666656494140625,-1.643467903137207,-0.11477375030517578,-0.10500621795654297,0.0,-1.2025554283700832,6.41288287832956,-1.5588793957277618,-0.011778064093297465,-0.004772865875269806
92,2,heldout,5,-1,-0.3490658503988659,0.3575663820010959,3,s,af3726fcacd0ac1320a56ea850b0a2c0f5430cf4eb20a45c078706980f08407e,d24fbe3839599a6a097188bae8cd47ce8083f27deef1341ae3086bf0d5a45bd1,87f63c0590d05baea263cdc42c6e1df2d063fa2def309ecb0283f3036bf33d46,87f63c0590d05baea263cdc42c6e1df2d063fa2def309ecb0283f3036bf33d46,1787978809.14113,37392.973,18696537,0,0.9584569931030273,1.0473413467407227,1.4177541732788086,0.00095367431640625,0.053215980529785156,0.00438690185546875,-0.0073261260986328125,-0.0024423599243164062,-0.0024423599243164062,-0.0073261260986328125,-0.3882789611816406,-0.0073261260986328125,-0.07570171356201172,-1.25128173828125,5.0666656494140625,-1.6385831832885742,-0.10012245178222656,-0.10988998413085938,0.0,-1.2025784083238302,6.412905858283307,-1.5589023756815086,-0.01154955816319,-0.00478378019364589
92,2,heldout,5,-1,-0.3490658503988659,0.36020399299741257,3,s,af3726fcacd0ac1320a56ea850b0a2c0f5430cf4eb20a45c078706980f08407e,d24fbe3839599a6a097188bae8cd47ce8083f27deef1341ae3086bf0d5a45bd1,87f63c0590d05baea263cdc42c6e1df2d063fa2def309ecb0283f3036bf33d46,87f63c0590d05baea263cdc42c6e1df2d063fa2def309ecb0283f3036bf33d46,1787978809.1425922,37392.975,18696538,0,0.9584569931030273,1.0473413467407227,1.4177541732788086,0.00095367431640625,0.052071571350097656,0.00438690185546875,-0.0073261260986328125,-0.0024423599243164062,-0.0024423599243164062,0.0073261260986328125,-0.4468860626220703,-0.0073261260986328125,-0.07570171356201172,-1.25128173828125,5.0666656494140625,-1.6385831832885742,-0.09035396575927734,-0.10988998413085938,0.0,-1.2026120341116484,6.412939484071125,-1.5589360014693272,-0.011206786704481117,-0.004800152500890963
92,2,heldout,5,-1,-0.3490658503988659,0.3616583670009277,3,s,af3726fcacd0ac1320a56ea850b0a2c0f5430cf4eb20a45c078706980f08407e,d24fbe3839599a6a097188bae8cd47ce8083f27deef1341ae3086bf0d5a45bd1,87f63c0590d05baea263cdc42c6e1df2d063fa2def309ecb0283f3036bf33d46,87f63c0590d05baea263cdc42c6e1df2d063fa2def309ecb0283f3036bf33d46,1787978809.1446588,37392.977,18696539,0,0.9584569931030273,1.0473413467407227,1.4177541732788086,0.00095367431640625,0.051308631896972656,0.00438690185546875,-0.0073261260986328125,-0.0024423599243164062,-0.0024423599243164062,-0.0073261260986328125,-0.4468860626220703,-0.0073261260986328125,-0.07570171356201172,-1.25128173828125,5.0666656494140625,-1.643467903137207,-0.08058643341064453,-0.10988998413085938,0.0,-1.2026338885226315,6.412961338482108,-1.5589578558803103,-0.010978264216953776,-0.004811067916243092
92,2,heldout,5,-1,-0.3490658503988659,0.36372553199908,3,s,af3726fcacd0ac1320a56ea850b0a2c0f5430cf4eb20a45c078706980f08407e,d24fbe3839599a6a097188bae8cd47ce8083f27deef1341ae3086bf0d5a45bd1,87f63c0590d05baea263cdc42c6e1df2d063fa2def309ecb0283f3036bf33d46,87f63c0590d05baea263cdc42c6e1df2d063fa2def309ecb0283f3036bf33d46,1787978809.1466293,37392.979,18696540,0,0.9584569931030273,1.0473413467407227,1.4177541732788086,0.00095367431640625,0.050545692443847656,0.00438690185546875,-0.0073261260986328125,-0.0024423599243164062,-0.0024423599243164062,-0.021978378295898438,-0.40293121337890625,-0.0073261260986328125,-0.07570171356201172,-1.25128173828125,5.080341339111328,-1.6385831832885742,-0.07081794738769531,-0.10988998413085938,0.0,-1.202655292694018,6.412982742653495,-1.558979260051696,-0.010749735339235941,-0.004821983759267051
92,2,heldout,5,-1,-0.3490658503988659,0.3656909080018522,3,s,af3726fcacd0ac1320a56ea850b0a2c0f5430cf4eb20a45c078706980f08407e,d24fbe3839599a6a097188bae8cd47ce8083f27deef1341ae3086bf0d5a45bd1,87f63c0590d05baea263cdc42c6e1df2d063fa2def309ecb0283f3036bf33d46,87f63c0590d05baea263cdc42c6e1df2d063fa2def309ecb0283f3036bf33d46,1787978809.1491826,37392.981,18696541,0,0.9584569931030273,1.0473413467407227,1.4177541732788086,0.00095367431640625,0.049782752990722656,0.00438690185546875,-0.0073261260986328125,-0.0024423599243164062,-0.0024423599243164062,-0.0073261260986328125,-0.41758155822753906,-0.0073261260986328125,-0.08058643341064453,-1.25128173828125,5.080341339111328,-1.6385831832885742,-0.0610504150390625,-0.10500621795654297,0.0,-1.2026762466133483,6.413003696572825,-1.5590002139710268,-0.01052120020434891,-0.004832900023608979
92,2,heldout,5,-1,-0.3490658503988659,0.3682464500016067,3,s,af3726fcacd0ac1320a56ea850b0a2c0f5430cf4eb20a45c078706980f08407e,d24fbe3839599a6a097188bae8cd47ce8083f27deef1341ae3086bf0d5a45bd1,87f63c0590d05baea263cdc42c6e1df2d063fa2def309ecb0283f3036bf33d46,87f63c0590d05baea263cdc42c6e1df2d063fa2def309ecb0283f3036bf33d46,1787978809.150578,37392.983,18696542,0,0.9584569931030273,1.0473413467407227,1.4177541732788086,0.00095367431640625,0.048638343811035156,0.00438690185546875,0.0073261260986328125,-0.0024423599243164062,-0.0024423599243164062,-0.0073261260986328125,-0.4322338104248047,-0.0073261260986328125,-0.08058643341064453,-1.25128173828125,5.0666656494140625,-1.6385831832885742,-0.05128192901611328,-0.10500621795654297,0.0,-1.2027068332431319,6.413034283202609,-1.5590308006008102,-0.010178386060819186,-0.004849275196193403
92,2,heldout,5,-1,-0.3490658503988659,0.3696400810003979,3,s,af3726fcacd0ac1320a56ea850b0a2c0f5430cf4eb20a45c078706980f08407e,d24fbe3839599a6a097188bae8cd47ce8083f27deef1341ae3086bf0d5a45bd1,87f63c0590d05baea263cdc42c6e1df2d063fa2def309ecb0283f3036bf33d46,87f63c0590d05baea263cdc42c6e1df2d063fa2def309ecb0283f3036bf33d46,1787978809.152547,37392.985,18696543,0,0.9584569931030273,1.0473413467407227,1.4177541732788086,0.00095367431640625,0.047875404357910156,0.00438690185546875,-0.0073261260986328125,-0.0024423599243164062,-0.0024423599243164062,-0.0073261260986328125,-0.4322338104248047,-0.0073261260986328125,-0.07570171356201172,-1.25128173828125,5.0666656494140625,-1.6336994171142578,-0.04151439666748047,-0.10500621795654297,0.0,-1.2027266614795367,6.413054111439013,-1.559050628837215,-0.00994983586500111,-0.0048601924860305346
92,2,heldout,5,-1,-0.3490658503988659,0.37162709399854066,3,s,af3726fcacd0ac1320a56ea850b0a2c0f5430cf4eb20a45c078706980f08407e,d24fbe3839599a6a097188bae8cd47ce8083f27deef1341ae3086bf0d5a45bd1,87f63c0590d05baea263cdc42c6e1df2d063fa2def309ecb0283f3036bf33d46,87f63c0590d05baea263cdc42c6e1df2d063fa2def309ecb0283f3036bf33d46,1787978809.154519,37392.987,18696544,0,0.9584569931030273,1.0473413467407227,1.4177541732788086,0.00095367431640625,0.047112464904785156,0.00438690185546875,-0.0073261260986328125,-0.0024423599243164062,-0.0024423599243164062,-0.0073261260986328125,-0.41758155822753906,-0.0073261260986328125,-0.07570171356201172,-1.25128173828125,5.0666656494140625,-1.6336994171142578,-0.04151439666748047,-0.10500621795654297,0.0,-1.2027460394223435,6.41307348938182,-1.5590700067800216,-0.009721279877616586,-0.004871110174945232
92,2,heldout,5,-1,-0.3490658503988659,0.37357922599767335,3,s,af3726fcacd0ac1320a56ea850b0a2c0f5430cf4eb20a45c078706980f08407e,d24fbe3839599a6a097188bae8cd47ce8083f27deef1341ae3086bf0d5a45bd1,87f63c0590d05baea263cdc42c6e1df2d063fa2def309ecb0283f3036bf33d46,87f63c0590d05baea263cdc42c6e1df2d063fa2def309ecb0283f3036bf33d46,1787978809.1565723,37392.989,18696545,0,0.9584569931030273,1.0473413467407227,1.4177541732788086,0.00095367431640625,0.046730995178222656,0.00438690185546875,-0.0073261260986328125,-0.0024423599243164062,-0.0024423599243164062,-0.021978378295898438,-0.3882789611816406,-0.0073261260986328125,-0.07570171356201172,-1.25128173828125,5.0666656494140625,-1.6336994171142578,-0.036629676818847656,-0.10500621795654297,0.0,-1.2027555595301123,6.413083009489589,-1.5590795268877913,-0.009606999753660875,-0.004876569167070761
92,2,heldout,5,-1,-0.3490658503988659,0.3756366430025082,3,s,af3726fcacd0ac1320a56ea850b0a2c0f5430cf4eb20a45c078706980f08407e,d24fbe3839599a6a097188bae8cd47ce8083f27deef1341ae3086bf0d5a45bd1,87f63c0590d05baea263cdc42c6e1df2d063fa2def309ecb0283f3036bf33d46,87f63c0590d05baea263cdc42c6e1df2d063fa2def309ecb0283f3036bf33d46,1787978809.158507,37392.991,18696546,0,0.9584569931030273,1.0473413467407227,1.4177541732788086,0.00095367431640625,0.045968055725097656,0.00438690185546875,-0.0073261260986328125,-0.0024423599243164062,-0.0024423599243164062,-0.0073261260986328125,-0.3589744567871094,-0.0073261260986328125,-0.08058643341064453,-1.25128173828125,5.0666656494140625,-1.6385831832885742,-0.036629676818847656,-0.10500621795654297,0.0,-1.2027742620114563,6.413101711970933,-1.5590982293691351,-0.009378435328372264,-0.00488748744268624
92,2,heldout,5,-1,-0.3490658503988659,0.37756152200017823,3,s,af3726fcacd0ac1320a56ea850b0a2c0f5430cf4eb20a45c078706980f08407e,d24fbe3839599a6a097188bae8cd47ce8083f27deef1341ae3086bf0d5a45bd1,87f63c0590d05baea263cdc42c6e1df2d063fa2def309ecb0283f3036bf33d46,87f63c0590d05baea263cdc42c6e1df2d063fa2def309ecb0283f3036bf33d46,1787978809.1604216,37392.992999999995,18696547,0,0.9584569931030273,1.0473413467407227,1.4177541732788086,0.00095367431640625,0.045205116271972656,0.00438690185546875,0.0073261260986328125,-0.0024423599243164062,-0.0024423599243164062,0.0073261260986328125,-0.3589744567871094,-0.0073261260986328125,-0.08058643341064453,-1.25128173828125,5.0666656494140625,-1.6385831832885742,-0.036629676818847656,-0.10500621795654297,0.0,-1.2027925141714957,6.413119964130972,-1.559116481529174,-0.009149865444116091,-0.004898406101491529
92,2,heldout,5,-1,-0.3490658503988659,0.37948132200108375,3,s,af3726fcacd0ac1320a56ea850b0a2c0f5430cf4eb20a45c078706980f08407e,d24fbe3839599a6a097188bae8cd47ce8083f27deef1341ae3086bf0d5a45bd1,87f63c0590d05baea263cdc42c6e1df2d063fa2def309ecb0283f3036bf33d46,87f63c0590d05baea263cdc42c6e1df2d063fa2def309ecb0283f3036bf33d46,1787978809.1629565,37392.994999999995,18696548,0,0.9584569931030273,1.0473413467407227,1.4177541732788086,0.00095367431640625,0.044442176818847656,0.00438690185546875,0.0073261260986328125,-0.0024423599243164062,-0.0024423599243164062,-0.0073261260986328125,-0.373626708984375,-0.0073261260986328125,-0.08058643341064453,-1.25128173828125,5.0666656494140625,-1.6385831832885742,-0.04151439666748047,-0.10988998413085938,0.0,-1.202810315999606,6.413137765959083,-1.559134283357284,-0.008921290233937515,-0.004909325137131132
92,2,heldout,5,-1,-0.3490658503988659,0.38201681800273946,3,s,af3726fcacd0ac1320a56ea850b0a2c0f5430cf4eb20a45c078706980f08407e,d24fbe3839599a6a097188bae8cd47ce8083f27deef1341ae3086bf0d5a45bd1,87f63c0590d05baea263cdc42c6e1df2d063fa2def309ecb0283f3036bf33d46,87f63c0590d05baea263cdc42c6e1df2d063fa2def309ecb0283f3036bf33d46,1787978809.1649244,37392.996999999996,18696549,0,0.9584569931030273,1.0473413467407227,1.4177541732788086,0.00095367431640625,0.044060707092285156,0.00438690185546875,-0.0073261260986328125,-0.0024423599243164062,-0.0024423599243164062,-0.0073261260986328125,-0.3296699523925781,-0.0073261260986328125,-0.07570171356201172,-1.2376060485839844,5.0666656494140625,-1.6385831832885742,-0.05128192901611328,-0.10500621795654297,0.0,-1.202819048035939,6.413146497995416,-1.5591430153936179,-0.008807000673204796,-0.00491478479427765
92,2,heldout,5,-1,-0.3490658503988659,0.38398601399967447,3,s,af3726fcacd0ac1320a56ea850b0a2c0f5430cf4eb20a45c078706980f08407e,d24fbe3839599a6a097188bae8cd47ce8083f27deef1341ae3086bf0d5a45bd1,87f63c0590d05baea263cdc42c6e1df2d063fa2def309ecb0283f3036bf33d46,87f63c0590d05baea263cdc42c6e1df2d063fa2def309ecb0283f3036bf33d46,1787978809.1668963,37392.998999999996,18696550,0,0.9584569931030273,1.0473413467407227,1.4177541732788086,0.00095367431640625,0.043679237365722656,0.00438690185546875,-0.0073261260986328125,-0.0024423599243164062,-0.0024423599243164062,-0.0073261260986328125,-0.2564105987548828,0.0073261260986328125,-0.07570171356201172,-1.2376060485839844,5.0666656494140625,-1.6385831832885742,-0.0610504150390625,-0.10500621795654297,0.0,-1.2028276674854257,6.413155117444902,-1.559151634843104,-0.008692709830884828,-0.004920244543249336
92,2,heldout,5,-1,-0.3490658503988659,0.38595505499688443,3,s,af3726fcacd0ac1320a56ea850b0a2c0f5430cf4eb20a45c078706980f08407e,d24fbe3839599a6a097188bae8cd47ce8083f27deef1341ae3086bf0d5a45bd1,87f63c0590d05baea263cdc42c6e1df2d063fa2def309ecb0283f3036bf33d46,87f63c0590d05baea263cdc42c6e1df2d063fa2def309ecb0283f3036bf33d46,1787978809.168835,37393.001,18696551,0,0.9584569931030273,1.0473413467407227,1.4177541732788086,0.00095367431640625,0.043297767639160156,0.00438690185546875,-0.0073261260986328125,-0.0024423599243164062,-0.0024423599243164062,-0.0073261260986328125,-0.2417583465576172,-0.0073261260986328125,-0.07570171356201172,-1.25128173828125,5.0666656494140625,-1.6385831832885742,-0.08058643341064453,-0.10500621795654297,0.0,-1.202836174346809,6.413163624306286,-1.5591601417044878,-0.008578417723609108,-0.004925704383251693
92,2,heldout,5,-1,-0.3490658503988659,0.38789536600233987,3,s,af3726fcacd0ac1320a56ea850b0a2c0f5430cf4eb20a45c078706980f08407e,d24fbe3839599a6a097188bae8cd47ce8083f27deef1341ae3086bf0d5a45bd1,87f63c0590d05baea263cdc42c6e1df2d063fa2def309ecb0283f3036bf33d46,87f63c0590d05baea263cdc42c6e1df2d063fa2def309ecb0283f3036bf33d46,1787978809.1708446,37393.003,18696552,0,0.9584569931030273,1.0473413467407227,1.4177541732788086,0.00095367431640625,0.042534828186035156,0.00438690185546875,-0.0073261260986328125,-0.0024423599243164062,-0.0024423599243164062,-0.0073261260986328125,-0.27106285095214844,-0.0073261260986328125,-0.07570171356201172,-1.25128173828125,5.0666656494140625,-1.6385831832885742,-0.10500621795654297,-0.10500621795654297,0.0,-1.2028528503003364,6.413180300259813,-1.5591768176580154,-0.008349829780717351,-0.00493662433317036
92,2,heldout,5,-1,-0.3490658503988659,0.38990901700162794,3,s,af3726fcacd0ac1320a56ea850b0a2c0f5430cf4eb20a45c078706980f08407e,d24fbe3839599a6a097188bae8cd47ce8083f27deef1341ae3086bf0d5a45bd1,87f63c0590d05baea263cdc42c6e1df2d063fa2def309ecb0283f3036bf33d46,87f63c0590d05baea263cdc42c6e1df2d063fa2def309ecb0283f3036bf33d46,1787978809.1728427,37393.005,18696553,0,0.9584569931030273,1.0473413467407227,1.4177541732788086,0.00095367431640625,0.042153358459472656,0.00438690185546875,-0.0073261260986328125,-0.0024423599243164062,-0.0024423599243164062,-0.0073261260986328125,-0.3003654479980469,-0.021978378295898438,-0.07570171356201172,-1.25128173828125,5.0666656494140625,-1.6385831832885742,-0.1196584701538086,-0.10988998413085938,0.0,-1.202861019390054,6.413188469349531,-1.5591849867477328,-0.008235533978365248,-0.0049420844414976095
92,2,heldout,5,-1,-0.3490658503988659,0.39192640600231243,3,s,af3726fcacd0ac1320a56ea850b0a2c0f5430cf4eb20a45c078706980f08407e,d24fbe3839599a6a097188bae8cd47ce8083f27deef1341ae3086bf0d5a45bd1,87f63c0590d05baea263cdc42c6e1df2d063fa2def309ecb0283f3036bf33d46,87f63c0590d05baea263cdc42c6e1df2d063fa2def309ecb0283f3036bf33d46,1787978809.1748524,37393.007,18696554,0,0.9584569931030273,1.0473413467407227,1.4177541732788086,0.00095367431640625,0.041390419006347656,0.00438690185546875,0.0073261260986328125,-0.0024423599243164062,-0.0024423599243164062,-0.0073261260986328125,-0.3150177001953125,-0.021978378295898438,-0.07570171356201172,-1.25128173828125,5.0666656494140625,-1.6385831832885742,-0.1343097686767578,-0.10500621795654297,0.0,-1.2028770197894496,6.413204469748926,-1.5592009871471282,-0.008006938795009714,-0.004953004920915184
92,2,heldout,5,-1,-0.3490658503988659,0.3939167849966907,3,s,af3726fcacd0ac1320a56ea850b0a2c0f5430cf4eb20a45c078706980f08407e,d24fbe3839599a6a097188bae8cd47ce8083f27deef1341ae3086bf0d5a45bd1,87f63c0590d05baea263cdc42c6e1df2d063fa2def309ecb0283f3036bf33d46,87f63c0590d05baea263cdc42c6e1df2d063fa2def309ecb0283f3036bf33d46,1787978809.1767943,37393.009,18696555,0,0.9584569931030273,1.0473413467407227,1.4177541732788086,0.00095367431640625,0.041008949279785156,0.00438690185546875,0.0073261260986328125,-0.0024423599243164062,-0.0024423599243164062,0.0073261260986328125,-0.3003654479980469,-0.0073261260986328125,-0.07570171356201172,-1.2376060485839844,5.0666656494140625,-1.6385831832885742,-0.14896202087402344,-0.10500621795654297,0.0,-1.2028848510968007,6.413212301056277,-1.5592088184544795,-0.007892639447271258,-0.0049584652904163746
92,2,heldout,5,-1,-0.3490658503988659,0.3958582069972181,3,s,af3726fcacd0ac1320a56ea850b0a2c0f5430cf4eb20a45c078706980f08407e,d24fbe3839599a6a097188bae8cd47ce8083f27deef1341ae3086bf0d5a45bd1,87f63c0590d05baea263cdc42c6e1df2d063fa2def309ecb0283f3036bf33d46,87f63c0590d05baea263cdc42c6e1df2d063fa2def309ecb0283f3036bf33d46,1787978809.1787295,37393.011,18696556,0,0.9584569931030273,1.0473413467407227,1.4177541732788086,0.00095367431640625,0.040246009826660156,0.00438690185546875,-0.0073261260986328125,-0.0024423599243164062,-0.0024423599243164062,-0.021978378295898438,-0.3003654479980469,0.0073261260986328125,-0.08058643341064453,-1.2376060485839844,5.0666656494140625,-1.6385831832885742,-0.16361427307128906,-0.10500621795654297,0.0,-1.2029001759211098,6.4132276258805865,-1.5592241432787886,-0.007664037322836699,-0.0049693862850306095
92,2,heldout,5,-1,-0.3490658503988659,0.3978091079989099,3,s,af3726fcacd0ac1320a56ea850b0a2c0f5430cf4eb20a45c078706980f08407e,d24fbe3839599a6a097188bae8cd47ce8083f27deef1341ae3086bf0d5a45bd1,87f63c0590d05baea263cdc42c6e1df2d063fa2def309ecb0283f3036bf33d46,87f63c0590d05baea263cdc42c6e1df2d063fa2def309ecb0283f3036bf33d46,1787978809.1807244,37393.013,18696557,0,0.9584569931030273,1.0473413467407227,1.4177541732788086,0.00095367431640625,0.039864540100097656,0.00438690185546875,-0.021978378295898438,-0.0024423599243164062,-0.0024423599243164062,-0.021978378295898438,-0.27106285095214844,-0.0073261260986328125,-0.08058643341064453,-1.2376060485839844,5.0666656494140625,-1.6385831832885742,-0.17338180541992188,-0.10500621795654297,0.0,-1.2029076694358385,6.413235119395315,-1.5592316367935173,-0.007549734579406581,-0.004974846908554444
92,2,heldout,5,-1,-0.3490658503988659,0.3997894029962481,3,s,af3726fcacd0ac1320a56ea850b0a2c0f5430cf4eb20a45c078706980f08407e,d24fbe3839599a6a097188bae8cd47ce8083f27deef1341ae3086bf0d5a45bd1,87f63c0590d05baea263cdc42c6e1df2d063fa2def309ecb0283f3036bf33d46,87f63c0590d05baea263cdc42c6e1df2d063fa2def309ecb0283f3036bf33d46,1787978809.1826982,37393.015,18696558,0,0.9584569931030273,1.0473413467407227,1.4177541732788086,0.00095367431640625,0.039101600646972656,0.00438690185546875,-0.0073261260986328125,-0.0024423599243164062,-0.0024423599243164062,-0.021978378295898438,-0.28571510314941406,-0.0073261260986328125,-0.08058643341064453,-1.2376060485839844,5.0666656494140625,-1.6385831832885742,-0.1831502914428711,-0.10500621795654297,0.0,-1.20292231866499,6.413249768624467,-1.5592462860226681,-0.007321125813286856,-0.004985768404062416
92,2,heldout,5,-1,-0.3490658503988659,0.40177040900016436,3,s,af3726fcacd0ac1320a56ea850b0a2c0f5430cf4eb20a45c078706980f08407e,d24fbe3839599a6a097188bae8cd47ce8083f27deef1341ae3086bf0d5a45bd1,87f63c0590d05baea263cdc42c6e1df2d063fa2def309ecb0283f3036bf33d46,87f63c0590d05baea263cdc42c6e1df2d063fa2def309ecb0283f3036bf33d46,1787978809.1846933,37393.017,18696559,0,0.9584569931030273,1.0473413467407227,1.4177541732788086,0.00095367431640625,0.038720130920410156,0.00438690185546875,-0.0073261260986328125,-0.0024423599243164062,-0.0024423599243164062,-0.0073261260986328125,-0.28571510314941406,-0.0073261260986328125,-0.08058643341064453,-1.2376060485839844,5.0666656494140625,-1.6336994171142578,-0.1831502914428711,-0.10500621795654297,0.0,-1.2029294743772811,6.413256924336758,-1.5592534417349595,-0.007206819823864199,-0.004991229274457268
92,2,heldout,5,-1,-0.3490658503988659,0.4037606189958751,3,s,af3726fcacd0ac1320a56ea850b0a2c0f5430cf4eb20a45c078706980f08407e,d24fbe3839599a6a097188bae8cd47ce8083f27deef1341ae3086bf0d5a45bd1,87f63c0590d05baea263cdc42c6e1df2d063fa2def309ecb0283f3036bf33d46,87f63c0590d05baea263cdc42c6e1df2d063fa2def309ecb0283f3036bf33d46,1787978809.1867025,37393.019,18696560,0,0.9584569931030273,1.0473413467407227,1.4177541732788086,0.00095367431640625,0.037957191467285156,0.00438690185546875,-0.0073261260986328125,-0.0024423599243164062,-0.0024423599243164062,0.0073261260986328125,-0.3296699523925781,-0.021978378295898438,-0.08058643341064453,-1.2376060485839844,5.080341339111328,-1.6336994171142578,-0.1831502914428711,-0.10988998413085938,0.0,-1.2029434479920904,6.413270897951567,-1.5592674153497685,-0.006978204715461856,-0.005002151256555399
92,2,heldout,5,-1,-0.3490658503988659,0.4057765940015088,3,s,af3726fcacd0ac1320a56ea850b0a2c0f5430cf4eb20a45c078706980f08407e,d24fbe3839599a6a097188bae8cd47ce8083f27deef1341ae3086bf0d5a45bd1,87f63c0590d05baea263cdc42c6e1df2d063fa2def309ecb0283f3036bf33d46,87f63c0590d05baea263cdc42c6e1df2d063fa2def309ecb0283f3036bf33d46,1787978809.1886497,37393.021,18696561,0,0.9584569931030273,1.0473413467407227,1.4177541732788086,0.00095367431640625,0.036812782287597656,0.00438690185546875,-0.0073261260986328125,-0.0024423599243164062,-0.0024423599243164062,-0.021978378295898438,-0.373626708984375,-0.0073261260986328125,-0.07570171356201172,-1.25128173828125,5.080341339111328,-1.6336994171142578,-0.1831502914428711,-0.10988998413085938,0.0,-1.202963563874738,6.413291013834215,-1.5592875312324164,-0.006635274478475946,-0.005018534821053389
92,2,heldout,5,-1,-0.3490658503988659,0.4077080420029233,3,s,af3726fcacd0ac1320a56ea850b0a2c0f5430cf4eb20a45c078706980f08407e,d24fbe3839599a6a097188bae8cd47ce8083f27deef1341ae3086bf0d5a45bd1,87f63c0590d05baea263cdc42c6e1df2d063fa2def309ecb0283f3036bf33d46,87f63c0590d05baea263cdc42c6e1df2d063fa2def309ecb0283f3036bf33d46,1787978809.1905878,37393.023,18696562,0,0.9584569931030273,1.0473413467407227,1.4177541732788086,0.00095367431640625,0.036431312561035156,0.00438690185546875,-0.0073261260986328125,-0.0024423599243164062,-0.0024423599243164062,-0.0073261260986328125,-0.3296699523925781,0.0073261260986328125,-0.07570171356201172,-1.25128173828125,5.080341339111328,-1.6336994171142578,-0.1831502914428711,-0.10500621795654297,0.0,-1.2029700439544837,6.41329749391396,-1.5592940113121623,-0.006520962446182407,-0.005023996163734113
92,2,heldout,5,-1,-0.3490658503988659,0.40964498299581464,3,s,af3726fcacd0ac1320a56ea850b0a2c0f5430cf4eb20a45c078706980f08407e,d24fbe3839599a6a097188bae8cd47ce8083f27deef1341ae3086bf0d5a45bd1,87f63c0590d05baea263cdc42c6e1df2d063fa2def309ecb0283f3036bf33d46,87f63c0590d05baea263cdc42c6e1df2d063fa2def309ecb0283f3036bf33d46,1787978809.1925554,37393.025,18696563,0,0.9584569931030273,1.0473413467407227,1.4177541732788086,0.00095367431640625,0.036049842834472656,0.00438690185546875,-0.021978378295898438,-0.0024423599243164062,-0.0024423599243164062,-0.0073261260986328125,-0.3150177001953125,0.0073261260986328125,-0.07570171356201172,-1.25128173828125,5.080341339111328,-1.6336994171142578,-0.1831502914428711,-0.10500621795654297,0.0,-1.2029764114254093,6.413303861384886,-1.5593003787830881,-0.006406649464963961,-0.005029457582347661
92,2,heldout,5,-1,-0.3490658503988659,0.4116531120016589,3,s,af3726fcacd0ac1320a56ea850b0a2c0f5430cf4eb20a45c078706980f08407e,d24fbe3839599a6a097188bae8cd47ce8083f27deef1341ae3086bf0d5a45bd1,87f63c0590d05baea263cdc42c6e1df2d063fa2def309ecb0283f3036bf33d46,87f63c0590d05baea263cdc42c6e1df2d063fa2def309ecb0283f3036bf33d46,1787978809.1945512,37393.027,18696564,0,0.9584569931030273,1.0473413467407227,1.4177541732788086,0.00095367431640625,0.035286903381347656,0.00438690185546875,-0.0073261260986328125,-0.0024423599243164062,-0.0024423599243164062,-0.0073261260986328125,-0.3003654479980469,-0.0073261260986328125,-0.07570171356201172,-1.25128173828125,5.080341339111328,-1.6336994171142578,-0.1831502914428711,-0.10500621795654297,0.0,-1.20298880853711,6.413316258496587,-1.559312775894789,-0.006178020722291363,-0.00504038064419425
92,2,heldout,5,-1,-0.3490658503988659,0.41361034700094024,3,s,af3726fcacd0ac1320a56ea850b0a2c0f5430cf4eb20a45c078706980f08407e,d24fbe3839599a6a097188bae8cd47ce8083f27deef1341ae3086bf0d5a45bd1,87f63c0590d05baea263cdc42c6e1df2d063fa2def309ecb0283f3036bf33d46,87f63c0590d05baea263cdc42c6e1df2d063fa2def309ecb0283f3036bf33d46,1787978809.197046,37393.028999999995,18696565,0,0.9584569931030273,1.0473413467407227,1.4177541732788086,0.00095367431640625,0.034523963928222656,0.00438690185546875,-0.0073261260986328125,-0.0024423599243164062,-0.0024423599243164062,-0.0073261260986328125,-0.34432220458984375,-0.03663063049316406,-0.07570171356201172,-1.25128173828125,5.080341339111328,-1.6385831832885742,-0.17338180541992188,-0.10500621795654297,0.0,-1.203000755202623,6.4133282051621,-1.5593247225603017,-0.005949388383537586,-0.005051304000235095
92,2,heldout,5,-1,-0.3490658503988659,0.4161007200018503,3,s,af3726fcacd0ac1320a56ea850b0a2c0f5430cf4eb20a45c078706980f08407e,d24fbe3839599a6a097188bae8cd47ce8083f27deef1341ae3086bf0d5a45bd1,87f63c0590d05baea263cdc42c6e1df2d063fa2def309ecb0283f3036bf33d46,87f63c0590d05baea263cdc42c6e1df2d063fa2def309ecb0283f3036bf33d46,1787978809.1989608,37393.030999999995,18696566,0,0.9584569931030273,1.0473413467407227,1.4177541732788086,0.00095367431640625,0.033761024475097656,0.00438690185546875,-0.0073261260986328125,-0.0024423599243164062,-0.0024423599243164062,0.0073261260986328125,-0.373626708984375,-0.021978378295898438,-0.07570171356201172,-1.25128173828125,5.080341339111328,-1.6385831832885742,-0.16361427307128906,-0.10500621795654297,0.0,-1.2030122514149935,6.413339701374472,-1.559336218772674,-0.005720752581784165,-0.005062227644111971
92,2,heldout,5,-1,-0.3490658503988659,0.41802143499808153,3,s,af3726fcacd0ac1320a56ea850b0a2c0f5430cf4eb20a45c078706980f08407e,d24fbe3839599a6a097188bae8cd47ce8083f27deef1341ae3086bf0d5a45bd1,87f63c0590d05baea263cdc42c6e1df2d063fa2def309ecb0283f3036bf33d46,87f63c0590d05baea263cdc42c6e1df2d063fa2def309ecb0283f3036bf33d46,1787978809.2009566,37393.032999999996,18696567,0,0.9584569931030273,1.0473413467407227,1.4177541732788086,0.00095367431640625,0.032616615295410156,0.00438690185546875,-0.021978378295898438,-0.0024423599243164062,-0.0024423599243164062,-0.021978378295898438,-0.40293121337890625,-0.0073261260986328125,-0.07570171356201172,-1.25128173828125,5.080341339111328,-1.6385831832885742,-0.15873050689697266,-0.10500621795654297,0.0,-1.203028651119348,6.413356101078825,-1.5593526184770268,-0.005377792677150472,-0.005078613635710799
92,2,heldout,5,-1,-0.3490658503988659,0.42001818300195737,3,s,af3726fcacd0ac1320a56ea850b0a2c0f5430cf4eb20a45c078706980f08407e,d24fbe3839599a6a097188bae8cd47ce8083f27deef1341ae3086bf0d5a45bd1,87f63c0590d05baea263cdc42c6e1df2d063fa2def309ecb0283f3036bf33d46,87f63c0590d05baea263cdc42c6e1df2d063fa2def309ecb0283f3036bf33d46,1787978809.2029548,37393.034999999996,18696568,0,0.9584569931030273,1.0473413467407227,1.4177541732788086,0.00095367431640625,0.032235145568847656,0.00438690185546875,-0.0073261260986328125,-0.0024423599243164062,-0.0024423599243164062,-0.021978378295898438,-0.3882789611816406,-0.0073261260986328125,-0.08058643341064453,-1.25128173828125,5.080341339111328,-1.6336994171142578,-0.14896202087402344,-0.10500621795654297,0.0,-1.2030338924538104,6.413361342413289,-1.559357859811491,-0.005263471121614485,-0.005084075769940055
92,2,heldout,5,-1,-0.3490658503988659,0.422009921996505,3,s,af3726fcacd0ac1320a56ea850b0a2c0f5430cf4eb20a45c078706980f08407e,d24fbe3839599a6a097188bae8cd47ce8083f27deef1341ae3086bf0d5a45bd1,87f63c0590d05baea263cdc42c6e1df2d063fa2def309ecb0283f3036bf33d46,87f63c0590d05baea263cdc42c6e1df2d063fa2def309ecb0283f3036bf33d46,1787978809.2048914,37393.037,18696569,0,0.9584569931030273,1.0473413467407227,1.4177541732788086,0.00095367431640625,0.031472206115722656,0.00438690185546875,-0.0073261260986328125,-0.0024423599243164062,-0.0024423599243164062,-0.0073261260986328125,-0.34432220458984375,0.0073261260986328125,-0.08058643341064453,-1.2376060485839844,5.094017028808594,-1.6336994171142578,-0.13919448852539062,-0.10500621795654297,0.0,-1.2030440372676598,6.413371487227137,-1.5593680046253386,-0.005034825729371064,-0.0050950002391739815
92,2,heldout,5,-1,-0.3490658503988659,0.42394952900212957,3,s,af3726fcacd0ac1320a56ea850b0a2c0f5430cf4eb20a45c078706980f08407e,d24fbe3839599a6a097188bae8cd47ce8083f27deef1341ae3086bf0d5a45bd1,87f63c0590d05baea263cdc42c6e1df2d063fa2def309ecb0283f3036bf33d46,87f63c0590d05baea263cdc42c6e1df2d063fa2def309ecb0283f3036bf33d46,1787978809.2068636,37393.039,18696570,0,0.9584569931030273,1.0473413467407227,1.4177541732788086,0.00095367431640625,0.03070831298828125,0.00438690185546875,0.0073261260986328125,-0.0024423599243164062,-0.0024423599243164062,-0.0073261260986328125,-0.373626708984375,-0.0073261260986328125,-0.07570171356201172,-1.25128173828125,5.080341339111328,-1.6336994171142578,-0.1294260025024414,-0.10012245178222656,0.0,-1.2030537434391895,6.413381193398666,-1.559377710796868,-0.004805891594291483,-0.005105938626885476
92,2,heldout,5,-1,-0.3490658503988659,0.4259215040001436,3,s,af3726fcacd0ac1320a56ea850b0a2c0f5430cf4eb20a45c078706980f08407e,d24fbe3839599a6a097188bae8cd47ce8083f27deef1341ae3086bf0d5a45bd1,87f63c0590d05baea263cdc42c6e1df2d063fa2def309ecb0283f3036bf33d46,87f63c0590d05baea263cdc42c6e1df2d063fa2def309ecb0283f3036bf33d46,1787978809.2088418,37393.041,18696571,0,0.9584569931030273,1.0473413467407227,1.4177541732788086,0.00095367431640625,0.02994537353515625,0.00438690185546875,0.0073261260986328125,-0.0024423599243164062,-0.0024423599243164062,0.0073261260986328125,-0.40293121337890625,-0.0073261260986328125,-0.08058643341064453,-1.25128173828125,5.080341339111328,-1.6385831832885742,-0.1196584701538086,-0.10500621795654297,0.0,-1.2030629867276166,6.413390436687093,-1.5593869540852952,-0.0045772404704169396,-0.005116863614879386
92,2,heldout,5,-1,-0.3490658503988659,0.42789699800050585,3,s,af3726fcacd0ac1320a56ea850b0a2c0f5430cf4eb20a45c078706980f08407e,d24fbe3839599a6a097188bae8cd47ce8083f27deef1341ae3086bf0d5a45bd1,87f63c0590d05baea263cdc42c6e1df2d063fa2def309ecb0283f3036bf33d46,87f63c0590d05baea263cdc42c6e1df2d063fa2def309ecb0283f3036bf33d46,1787978809.210761,37393.043,18696572,0,0.9584569931030273,1.0473413467407227,1.4177541732788086,0.00095367431640625,0.02918243408203125,0.00438690185546875,-0.0073261260986328125,-0.0024423599243164062,-0.0024423599243164062,-0.0073261260986328125,-0.41758155822753906,-0.021978378295898438,-0.08058643341064453,-1.25128173828125,5.080341339111328,-1.6385831832885742,-0.10988998413085938,-0.10500621795654297,0.0,-1.2030717795266805,6.413399229486157,-1.559395746884359,-0.00434858668223791,-0.00512778885254861
92,2,heldout,5,-1,-0.3490658503988659,0.42981292300100904,3,s,af3726fcacd0ac1320a56ea850b0a2c0f5430cf4eb20a45c078706980f08407e,d24fbe3839599a6a097188bae8cd47ce8083f27deef1341ae3086bf0d5a45bd1,87f63c0590d05baea263cdc42c6e1df2d063fa2def309ecb0283f3036bf33d46,87f63c0590d05baea263cdc42c6e1df2d063fa2def309ecb0283f3036bf33d46,1787978809.2126596,37393.045,18696573,0,0.9584569931030273,1.0473413467407227,1.4177541732788086,0.00095367431640625,0.02803802490234375,0.00438690185546875,-0.0073261260986328125,-0.0024423599243164062,-0.0024423599243164062,-0.03663063049316406,-0.41758155822753906,-0.0073261260986328125,-0.08058643341064453,-1.25128173828125,5.080341339111328,-1.6385831832885742,-0.10988998413085938,-0.10500621795654297,0.0,-1.2030841240465917,6.413411574006068,-1.5594080914042705,-0.004005601295542019,-0.005144177163282596
92,2,heldout,5,-1,-0.3490658503988659,0.4317334139996092,3,s,af3726fcacd0ac1320a56ea850b0a2c0f5430cf4eb20a45c078706980f08407e,d24fbe3839599a6a097188bae8cd47ce8083f27deef1341ae3086bf0d5a45bd1,87f63c0590d05baea263cdc42c6e1df2d063fa2def309ecb0283f3036bf33d46,87f63c0590d05baea263cdc42c6e1df2d063fa2def309ecb0283f3036bf33d46,1787978809.2145784,37393.047,18696574,0,0.9584569931030273,1.0473413467407227,1.4177541732788086,0.00095367431640625,0.02765655517578125,0.00438690185546875,-0.021978378295898438,-0.0024423599243164062,-0.0024423599243164062,-0.021978378295898438,-0.40293121337890625,-0.0073261260986328125,-0.08058643341064453,-1.25128173828125,5.080341339111328,-1.6336994171142578,-0.10012245178222656,-0.10012245178222656,0.0,-1.2030880136365005,6.413415463595979,-1.559411980994181,-0.0038912716453439297,-0.005149640051475556
92,2,heldout,5,-1,-0.3490658503988659,0.4336321119990316,3,s,af3726fcacd0ac1320a56ea850b0a2c0f5430cf4eb20a45c078706980f08407e,d24fbe3839599a6a097188bae8cd47ce8083f27deef1341ae3086bf0d5a45bd1,87f63c0590d05baea263cdc42c6e1df2d063fa2def309ecb0283f3036bf33d46,87f63c0590d05baea263cdc42c6e1df2d063fa2def309ecb0283f3036bf33d46,1787978809.217199,37393.049,18696575,0,0.9584569931030273,1.0473413467407227,1.4177541732788086,0.00095367431640625,0.02651214599609375,0.00438690185546875,-0.021978378295898438,-0.0024423599243164062,-0.0024423599243164062,0.0073261260986328125,-0.41758155822753906,-0.0073261260986328125,-0.08058643341064453,-1.2376060485839844,5.080341339111328,-1.6336994171142578,-0.08547019958496094,-0.10500621795654297,0.0,-1.2030990066481269,6.413426456607605,-1.5594229740058074,-0.0035482793637714267,-0.005166029058769961
92,2,heldout,5,-1,-0.3490658503988659,0.4362598649968277,3,s,af3726fcacd0ac1320a56ea850b0a2c0f5430cf4eb20a45c078706980f08407e,d24fbe3839599a6a097188bae8cd47ce8083f27deef1341ae3086bf0d5a45bd1,87f63c0590d05baea263cdc42c6e1df2d063fa2def309ecb0283f3036bf33d46,87f63c0590d05baea263cdc42c6e1df2d063fa2def309ecb0283f3036bf33d46,1787978809.21857,37393.051,18696576,0,0.9584569931030273,1.0473413467407227,1.4177541732788086,0.00095367431640625,0.02536773681640625,0.00438690185546875,-0.0073261260986328125,-0.0024423599243164062,-0.0024423599243164062,0.0073261260986328125,-0.4468860626220703,-0.0073261260986328125,-0.08058643341064453,-1.2376060485839844,5.0666656494140625,-1.6336994171142578,-0.07570171356201172,-0.10500621795654297,0.0,-1.20310898601157,6.4134364359710485,-1.5594329533692506,-0.0032052824351159843,-0.005182418563443167
92,2,heldout,5,-1,-0.3490658503988659,0.4376225689993589,3,s,af3726fcacd0ac1320a56ea850b0a2c0f5430cf4eb20a45c078706980f08407e,d24fbe3839599a6a097188bae8cd47ce8083f27deef1341ae3086bf0d5a45bd1,87f63c0590d05baea263cdc42c6e1df2d063fa2def309ecb0283f3036bf33d46,87f63c0590d05baea263cdc42c6e1df2d063fa2def309ecb0283f3036bf33d46,1787978809.220467,37393.053,18696577,0,0.9584569931030273,1.0473413467407227,1.4177541732788086,0.00095367431640625,0.02460479736328125,0.00438690185546875,-0.0073261260986328125,-0.0024423599243164062,-0.0024423599243164062,0.0073261260986328125,-0.4468860626220703,-0.0073261260986328125,-0.07570171356201172,-1.2376060485839844,5.0666656494140625,-1.6336994171142578,-0.0659341812133789,-0.10500621795654297,0.0,-1.2031150757761462,6.413442525735623,-1.5594390431338243,-0.002976615456133234,-0.005193345165613614
92,2,heldout,5,-1,-0.3490658503988659,0.43951852699683513,3,s,af3726fcacd0ac1320a56ea850b0a2c0f5430cf4eb20a45c078706980f08407e,d24fbe3839599a6a097188bae8cd47ce8083f27deef1341ae3086bf0d5a45bd1,87f63c0590d05baea263cdc42c6e1df2d063fa2def309ecb0283f3036bf33d46,87f63c0590d05baea263cdc42c6e1df2d063fa2def309ecb0283f3036bf33d46,1787978809.2229016,37393.055,18696578,0,0.9584569931030273,1.0473413467407227,1.4177541732788086,0.00095367431640625,0.02384185791015625,0.00438690185546875,-0.0073261260986328125,-0.0024423599243164062,-0.0024423599243164062,-0.0073261260986328125,-0.41758155822753906,-0.0073261260986328125,-0.07570171356201172,-1.25128173828125,5.0666656494140625,-1.6336994171142578,-0.0610504150390625,-0.10012245178222656,0.0,-1.2031207150210323,6.413448164980511,-1.559444682378713,-0.002747946744532332,-0.0052042719729412535
92,2,heldout,5,-1,-0.3490658503988659,0.4419586489966605,3,s,af3726fcacd0ac1320a56ea850b0a2c0f5430cf4eb20a45c078706980f08407e,d24fbe3839599a6a097188bae8cd47ce8083f27deef1341ae3086bf0d5a45bd1,87f63c0590d05baea263cdc42c6e1df2d063fa2def309ecb0283f3036bf33d46,87f63c0590d05baea263cdc42c6e1df2d063fa2def309ecb0283f3036bf33d46,1787978809.2248113,37393.057,18696579,0,0.9584569931030273,1.0473413467407227,1.4177541732788086,0.00095367431640625,0.02307891845703125,0.00438690185546875,-0.0073261260986328125,-0.0024423599243164062,-0.0024423599243164062,-0.0073261260986328125,-0.40293121337890625,-0.0073261260986328125,-0.07570171356201172,-1.25128173828125,5.0666656494140625,-1.6336994171142578,-0.05128192901611328,-0.10012245178222656,0.0,-1.2031259037429574,6.413453353702434,-1.5594498711006357,-0.002519276433415989,-0.005215198979065847
92,2,heldout,5,-1,-0.3490658503988659,0.44386342100187903,3,s,af3726fcacd0ac1320a56ea850b0a2c0f5430cf4eb20a45c078706980f08407e,d24fbe3839599a6a097188bae8cd47ce8083f27deef1341ae3086bf0d5a45bd1,87f63c0590d05baea263cdc42c6e1df2d063fa2def309ecb0283f3036bf33d46,87f63c0590d05baea263cdc42c6e1df2d063fa2def309ecb0283f3036bf33d46,1787978809.226705,37393.059,18696580,0,0.9584569931030273,1.0473413467407227,1.4177541732788086,0.00095367431640625,0.02231597900390625,0.00438690185546875,-0.021978378295898438,-0.0024423599243164062,-0.0024423599243164062,-0.0073261260986328125,-0.4468860626220703,-0.0073261260986328125,-0.07570171356201172,-1.2376060485839844,5.0666656494140625,-1.6385831832885742,-0.046398162841796875,-0.10012245178222656,0.0,-1.2031306419388925,6.413458091898369,-1.5594546092965709,-0.0022906046558878275,-0.005226126177627041
92,2,heldout,5,-1,-0.3490658503988659,0.44579235700075515,3,s,af3726fcacd0ac1320a56ea850b0a2c0f5430cf4eb20a45c078706980f08407e,d24fbe3839599a6a097188bae8cd47ce8083f27deef1341ae3086bf0d5a45bd1,87f63c0590d05baea263cdc42c6e1df2d063fa2def309ecb0283f3036bf33d46,87f63c0590d05baea263cdc42c6e1df2d063fa2def309ecb0283f3036bf33d46,1787978809.228652,37393.061,18696581,0,0.9584569931030273,1.0473413467407227,1.4177541732788086,0.00095367431640625,0.02155303955078125,0.00438690185546875,-0.0073261260986328125,-0.0024423599243164062,-0.0024423599243164062,0.0073261260986328125,-0.4322338104248047,-0.0073261260986328125,-0.07570171356201172,-1.25128173828125,5.0666656494140625,-1.6385831832885742,-0.036629676818847656,-0.10500621795654297,0.0,-1.2031349296060827,6.413462379565559,-1.5594588969637617,-0.0020619315450523456,-0.005237053562264369
92,2,heldout,5,-1,-0.3490658503988659,0.44770573799905833,3,s,af3726fcacd0ac1320a56ea850b0a2c0f5430cf4eb20a45c078706980f08407e,d24fbe3839599a6a097188bae8cd47ce8083f27deef1341ae3086bf0d5a45bd1,87f63c0590d05baea263cdc42c6e1df2d063fa2def309ecb0283f3036bf33d46,87f63c0590d05baea263cdc42c6e1df2d063fa2def309ecb0283f3036bf33d46,1787978809.230527,37393.063,18696582,0,0.9584569931030273,1.0473413467407227,1.4177541732788086,0.00095367431640625,0.02079010009765625,0.00438690185546875,-0.0073261260986328125,-0.0024423599243164062,-0.0024423599243164062,0.0073261260986328125,-0.41758155822753906,-0.0073261260986328125,-0.07570171356201172,-1.25128173828125,5.0666656494140625,-1.6385831832885742,-0.036629676818847656,-0.10500621795654297,0.0,-1.203138766742033,6.41346621670151,-1.5594627340997116,-0.0018332572340147967,-0.005247981126617255
92,2,heldout,5,-1,-0.3490658503988659,0.4495743079969543,3,s,af3726fcacd0ac1320a56ea850b0a2c0f5430cf4eb20a45c078706980f08407e,d24fbe3839599a6a097188bae8cd47ce8083f27deef1341ae3086bf0d5a45bd1,87f63c0590d05baea263cdc42c6e1df2d063fa2def309ecb0283f3036bf33d46,87f63c0590d05baea263cdc42c6e1df2d063fa2def309ecb0283f3036bf33d46,1787978809.2324684,37393.064999999995,18696583,0,0.9584569931030273,1.0473413467407227,1.4177541732788086,0.00095367431640625,0.02002716064453125,0.00438690185546875,0.0073261260986328125,-0.0024423599243164062,-0.0024423599243164062,-0.0073261260986328125,-0.3589744567871094,-0.0073261260986328125,-0.07570171356201172,-1.25128173828125,5.052989959716797,-1.6385831832885742,-0.036629676818847656,-0.10012245178222656,0.0,-1.203142153344508,6.413469603303985,-1.5594661207021865,-0.0016045818558811501,-0.005258908864325021
92,2,heldout,5,-1,-0.3490658503988659,0.45154288099729456,3,s,af3726fcacd0ac1320a56ea850b0a2c0f5430cf4eb20a45c078706980f08407e,d24fbe3839599a6a097188bae8cd47ce8083f27deef1341ae3086bf0d5a45bd1,87f63c0590d05baea263cdc42c6e1df2d063fa2def309ecb0283f3036bf33d46,87f63c0590d05baea263cdc42c6e1df2d063fa2def309ecb0283f3036bf33d46,1787978809.234983,37393.066999999995,18696584,0,0.9584569931030273,1.0473413467407227,1.4177541732788086,0.00095367431640625,0.01964569091796875,0.00438690185546875,-0.021978378295898438,-0.0024423599243164062,-0.0024423599243164062,-0.021978378295898438,-0.34432220458984375,-0.0073261260986328125,-0.07570171356201172,-1.25128173828125,5.0666656494140625,-1.6385831832885742,-0.036629676818847656,-0.10500621795654297,0.0,-1.2031436776950666,6.413471127654543,-1.559467645052745,-0.0014902438082490693,-0.005264372796199243
92,2,heldout,5,-1,-0.3490658503988659,0.4540344279957935,3,s,af3726fcacd0ac1320a56ea850b0a2c0f5430cf4eb20a45c078706980f08407e,d24fbe3839599a6a097188bae8cd47ce8083f27deef1341ae3086bf0d5a45bd1,87f63c0590d05baea263cdc42c6e1df2d063fa2def309ecb0283f3036bf33d46,87f63c0590d05baea263cdc42c6e1df2d063fa2def309ecb0283f3036bf33d46,1787978809.2369092,37393.068999999996,18696585,0,0.9584569931030273,1.0473413467407227,1.4177541732788086,0.00095367431640625,0.01888275146484375,0.00438690185546875,-0.021978378295898438,-0.0024423599243164062,-0.0024423599243164062,-0.0073261260986328125,-0.3589744567871094,-0.0073261260986328125,-0.08058643341064453,-1.2376060485839844,5.080341339111328,-1.6385831832885742,-0.04151439666748047,-0.10012245178222656,0.0,-1.2031463884937152,6.413473838453192,-1.5594703558513943,-0.001261567079046276,-0.005275300782012834
92,2,heldout,5,-1,-0.3490658503988659,0.45596018400101457,3,s,af3726fcacd0ac1320a56ea850b0a2c0f5430cf4eb20a45c078706980f08407e,d24fbe3839599a6a097188bae8cd47ce8083f27deef1341ae3086bf0d5a45bd1,87f63c0590d05baea263cdc42c6e1df2d063fa2def309ecb0283f3036bf33d46,87f63c0590d05baea263cdc42c6e1df2d063fa2def309ecb0283f3036bf33d46,1787978809.238806,37393.070999999996,18696586,0,0.9584569931030273,1.0473413467407227,1.4177541732788086,0.00095367431640625,0.01811981201171875,0.00438690185546875,-0.0073261260986328125,-0.0024423599243164062,-0.0024423599243164062,-0.0073261260986328125,-0.3589744567871094,-0.0073261260986328125,-0.08058643341064453,-1.2376060485839844,5.0666656494140625,-1.6336994171142578,-0.046398162841796875,-0.10500621795654297,0.0,-1.2031486487544547,6.413476098713931,-1.5594726161121335,-0.001032889615514837,-0.005286228925279175
92,2,heldout,5,-1,-0.3490658503988659,0.45785648899618536,3,s,af3726fcacd0ac1320a56ea850b0a2c0f5430cf4eb20a45c078706980f08407e,d24fbe3839599a6a097188bae8cd47ce8083f27deef1341ae3086bf0d5a45bd1,87f63c0590d05baea263cdc42c6e1df2d063fa2def309ecb0283f3036bf33d46,87f63c0590d05baea263cdc42c6e1df2d063fa2def309ecb0283f3036bf33d46,1787978809.2407007,37393.073,18696587,0,0.9584569931030273,1.0473413467407227,1.4177541732788086,0.00095367431640625,0.01773834228515625,0.00438690185546875,-0.0073261260986328125,-0.0024423599243164062,-0.0024423599243164062,-0.0073261260986328125,-0.3150177001953125,-0.0073261260986328125,-0.08058643341064453,-1.25128173828125,5.052989959716797,-1.6336994171142578,-0.05616569519042969,-0.10988998413085938,0.0,-1.203149609932686,6.413477059892163,-1.5594735772903647,-0.0009185506499720425,-0.00529169305396931
92,2,heldout,5,-1,-0.3490658503988659,0.4597502449978492,3,s,af3726fcacd0ac1320a56ea850b0a2c0f5430cf4eb20a45c078706980f08407e,d24fbe3839599a6a097188bae8cd47ce8083f27deef1341ae3086bf0d5a45bd1,87f63c0590d05baea263cdc42c6e1df2d063fa2def309ecb0283f3036bf33d46,87f63c0590d05baea263cdc42c6e1df2d063fa2def309ecb0283f3036bf33d46,1787978809.2426,37393.075,18696588,0,0.9584569931030273,1.0473413467407227,1.4177541732788086,0.00095367431640625,0.01735687255859375,0.00438690185546875,0.0073261260986328125,-0.0024423599243164062,-0.0024423599243164062,-0.021978378295898438,-0.2564105987548828,-0.0073261260986328125,-0.08058643341064453,-1.25128173828125,5.0666656494140625,-1.6336994171142578,-0.07570171356201172,-0.10500621795654297,0.0,-1.203150458475967,6.413477908435444,-1.5594744258336457,-0.0008042115507625397,-0.005297157219637245
92,2,heldout,5,-1,-0.3490658503988659,0.46165232799830846,3,s,af3726fcacd0ac1320a56ea850b0a2c0f5430cf4eb20a45c078706980f08407e,d24fbe3839599a6a097188bae8cd47ce8083f27deef1341ae3086bf0d5a45bd1,87f63c0590d05baea263cdc42c6e1df2d063fa2def309ecb0283f3036bf33d46,87f63c0590d05baea263cdc42c6e1df2d063fa2def309ecb0283f3036bf33d46,1787978809.2444956,37393.077,18696589,0,0.9584569931030273,1.0473413467407227,1.4177541732788086,0.00095367431640625,0.01735687255859375,0.00438690185546875,-0.0073261260986328125,-0.0024423599243164062,-0.0024423599243164062,-0.0073261260986328125,-0.22710609436035156,-0.0073261260986328125,-0.08058643341064453,-1.25128173828125,5.080341339111328,-1.6336994171142578,-0.10012245178222656,-0.10500621795654297,0.0,-1.203150458475967,6.413477908435444,-1.5594744258336457,-0.0008042115507625397,-0.005297157219637245
92,2,heldout,5,-1,-0.3490658503988659,0.4635515609988943,3,s,af3726fcacd0ac1320a56ea850b0a2c0f5430cf4eb20a45c078706980f08407e,d24fbe3839599a6a097188bae8cd47ce8083f27deef1341ae3086bf0d5a45bd1,87f63c0590d05baea263cdc42c6e1df2d063fa2def309ecb0283f3036bf33d46,87f63c0590d05baea263cdc42c6e1df2d063fa2def309ecb0283f3036bf33d46,1787978809.246402,37393.079,18696590,0,0.9584569931030273,1.0473413467407227,1.4177541732788086,0.00095367431640625,0.01659393310546875,0.00438690185546875,-0.0073261260986328125,-0.0024423599243164062,-0.0024423599243164062,0.0073261260986328125,-0.21245384216308594,-0.0073261260986328125,-0.08058643341064453,-1.25128173828125,5.0666656494140625,-1.6336994171142578,-0.1294260025024414,-0.10500621795654297,0.0,-1.2031518176571994,6.413479267616676,-1.5594757850148777,-0.0005755330178975329,-0.005308085658725944
92,2,heldout,5,-1,-0.3490658503988659,0.46545030400011456,3,s,af3726fcacd0ac1320a56ea850b0a2c0f5430cf4eb20a45c078706980f08407e,d24fbe3839599a6a097188bae8cd47ce8083f27deef1341ae3086bf0d5a45bd1,87f63c0590d05baea263cdc42c6e1df2d063fa2def309ecb0283f3036bf33d46,87f63c0590d05baea263cdc42c6e1df2d063fa2def309ecb0283f3036bf33d46,1787978809.2489164,37393.081,18696591,0,0.9584569931030273,1.0473413467407227,1.4177541732788086,0.00095367431640625,0.01621246337890625,0.00438690185546875,-0.021978378295898438,-0.0024423599243164062,-0.0024423599243164062,0.0073261260986328125,-0.2417583465576172,-0.0073261260986328125,-0.08058643341064453,-1.2649574279785156,5.0666656494140625,-1.6336994171142578,-0.15384578704833984,-0.10500621795654297,0.0,-1.2031523282949537,6.41347977825443,-1.559476295652632,-0.00046119361751913385,-0.00531354993055641
92,2,heldout,5,-1,-0.3490658503988659,0.4679699479966075,3,s,af3726fcacd0ac1320a56ea850b0a2c0f5430cf4eb20a45c078706980f08407e,d24fbe3839599a6a097188bae8cd47ce8083f27deef1341ae3086bf0d5a45bd1,87f63c0590d05baea263cdc42c6e1df2d063fa2def309ecb0283f3036bf33d46,87f63c0590d05baea263cdc42c6e1df2d063fa2def309ecb0283f3036bf33d46,1787978809.2508674,37393.083,18696592,0,0.9584569931030273,1.0473413467407227,1.4177541732788086,0.00095367431640625,0.01583099365234375,0.00438690185546875,0.0073261260986328125,-0.0024423599243164062,-0.0024423599243164062,-0.0073261260986328125,-0.2417583465576172,-0.0073261260986328125,-0.07570171356201172,-1.2649574279785156,5.0666656494140625,-1.6336994171142578,-0.17338180541992188,-0.10500621795654297,0.0,-1.2031527262973607,6.413480176256837,-1.5594766936550395,-0.0003468541500282322,-0.005319014236184081
92,2,heldout,5,-1,-0.3490658503988659,0.46991990599781275,3,s,af3726fcacd0ac1320a56ea850b0a2c0f5430cf4eb20a45c078706980f08407e,d24fbe3839599a6a097188bae8cd47ce8083f27deef1341ae3086bf0d5a45bd1,87f63c0590d05baea263cdc42c6e1df2d063fa2def309ecb0283f3036bf33d46,87f63c0590d05baea263cdc42c6e1df2d063fa2def309ecb0283f3036bf33d46,1787978809.2527642,37393.085,18696593,0,0.9584569931030273,1.0473413467407227,1.4177541732788086,0.00095367431640625,0.01506805419921875,0.00438690185546875,0.0073261260986328125,-0.0024423599243164062,-0.0024423599243164062,0.0073261260986328125,-0.27106285095214844,-0.0073261260986328125,-0.07570171356201172,-1.2649574279785156,5.052989959716797,-1.6336994171142578,-0.1929178237915039,-0.10500621795654297,0.0,-1.2031531843959224,6.413480634355399,-1.5594771517536012,-0.00011817508026325599,-0.0053299429456503886
92,2,heldout,5,-1,-0.3490658503988659,0.4718333179989713,3,s,af3726fcacd0ac1320a56ea850b0a2c0f5430cf4eb20a45c078706980f08407e,d24fbe3839599a6a097188bae8cd47ce8083f27deef1341ae3086bf0d5a45bd1,87f63c0590d05baea263cdc42c6e1df2d063fa2def309ecb0283f3036bf33d46,87f63c0590d05baea263cdc42c6e1df2d063fa2def309ecb0283f3036bf33d46,1787978809.2546926,37393.087,18696594,0,0.9584569931030273,1.0473413467407227,1.4177541732788086,0.00095367431640625,0.01430511474609375,0.00438690185546875,-0.0073261260986328125,-0.0024423599243164062,-0.0024423599243164062,-0.021978378295898438,-0.3003654479980469,0.0073261260986328125,-0.07570171356201172,-1.2649574279785156,5.0666656494140625,-1.6336994171142578,-0.21245384216308594,-0.10500621795654297,0.0,-1.2031531919526173,6.413480641912094,-1.5594771593102963,0.00011050405828866728,-0.005340871780763519
92,2,heldout,5,-1,-0.3490658503988659,0.47374490599759156,3,s,af3726fcacd0ac1320a56ea850b0a2c0f5430cf4eb20a45c078706980f08407e,d24fbe3839599a6a097188bae8cd47ce8083f27deef1341ae3086bf0d5a45bd1,87f63c0590d05baea263cdc42c6e1df2d063fa2def309ecb0283f3036bf33d46,87f63c0590d05baea263cdc42c6e1df2d063fa2def309ecb0283f3036bf33d46,1787978809.2566254,37393.089,18696595,0,0.9584569931030273,1.0473413467407227,1.4177541732788086,0.00095367431640625,0.01392364501953125,0.00438690185546875,-0.0073261260986328125,-0.0024423599243164062,-0.0024423599243164062,-0.0073261260986328125,-0.28571510314941406,0.0073261260986328125,-0.07570171356201172,-1.25128173828125,5.0666656494140625,-1.6336994171142578,-0.22222232818603516,-0.10500621795654297,0.0,-1.2031530267777542,6.413480476737231,-1.5594769941354325,0.00022484361176324224,-0.005346336243449703
92,2,heldout,5,-1,-0.3490658503988659,0.47568019699974684,3,s,af3726fcacd0ac1320a56ea850b0a2c0f5430cf4eb20a45c078706980f08407e,d24fbe3839599a6a097188bae8cd47ce8083f27deef1341ae3086bf0d5a45bd1,87f63c0590d05baea263cdc42c6e1df2d063fa2def309ecb0283f3036bf33d46,87f63c0590d05baea263cdc42c6e1df2d063fa2def309ecb0283f3036bf33d46,1787978809.2585356,37393.091,18696596,0,0.9584569931030273,1.0473413467407227,1.4177541732788086,0.00095367431640625,0.01354217529296875,0.00438690185546875,-0.0073261260986328125,-0.0024423599243164062,-0.0024423599243164062,-0.0073261260986328125,-0.2564105987548828,-0.0073261260986328125,-0.07570171356201172,-1.2649574279785156,5.052989959716797,-1.6288156509399414,-0.22710609436035156,-0.10500621795654297,0.0,-1.2031527489674416,6.413480198926918,-1.5594767163251204,0.00033918313251876664,-0.005351800735162056
92,2,heldout,5,-1,-0.3490658503988659,0.4775898660009261,3,s,af3726fcacd0ac1320a56ea850b0a2c0f5430cf4eb20a45c078706980f08407e,d24fbe3839599a6a097188bae8cd47ce8083f27deef1341ae3086bf0d5a45bd1,87f63c0590d05baea263cdc42c6e1df2d063fa2def309ecb0283f3036bf33d46,87f63c0590d05baea263cdc42c6e1df2d063fa2def309ecb0283f3036bf33d46,1787978809.260469,37393.093,18696597,0,0.9584569931030273,1.0473413467407227,1.4177541732788086,0.00095367431640625,0.01277923583984375,0.00438690185546875,0.0073261260986328125,-0.0024423599243164062,-0.0024423599243164062,-0.0073261260986328125,-0.2564105987548828,-0.021978378295898438,-0.08058643341064453,-1.2649574279785156,5.0666656494140625,-1.6288156509399414,-0.22710609436035156,-0.10500621795654297,0.0,-1.203151855440653,6.41347930540013,-1.5594758227983319,0.0005678620093183067,-0.0053627298024845095
92,2,heldout,5,-1,-0.3490658503988659,0.47952543100109324,3,s,af3726fcacd0ac1320a56ea850b0a2c0f5430cf4eb20a45c078706980f08407e,d24fbe3839599a6a097188bae8cd47ce8083f27deef1341ae3086bf0d5a45bd1,87f63c0590d05baea263cdc42c6e1df2d063fa2def309ecb0283f3036bf33d46,87f63c0590d05baea263cdc42c6e1df2d063fa2def309ecb0283f3036bf33d46,1787978809.262964,37393.095,18696598,0,0.9584569931030273,1.0473413467407227,1.4177541732788086,0.00095367431640625,0.01201629638671875,0.00438690185546875,-0.021978378295898438,-0.0024423599243164062,-0.0024423599243164062,0.021978378295898438,-0.28571510314941406,-0.021978378295898438,-0.08058643341064453,-1.2649574279785156,5.080341339111328,-1.6336994171142578,-0.22222232818603516,-0.10500621795654297,0.0,-1.2031505113727703,6.413477961332249,-1.5594744787304502,0.0007965405555786695,-0.005373658976369326
92,2,heldout,5,-1,-0.3490658503988659,0.4820198520028498,3,s,af3726fcacd0ac1320a56ea850b0a2c0f5430cf4eb20a45c078706980f08407e,d24fbe3839599a6a097188bae8cd47ce8083f27deef1341ae3086bf0d5a45bd1,87f63c0590d05baea263cdc42c6e1df2d063fa2def309ecb0283f3036bf33d46,87f63c0590d05baea263cdc42c6e1df2d063fa2def309ecb0283f3036bf33d46,1787978809.2649202,37393.097,18696599,0,0.9584569931030273,1.0473413467407227,1.4177541732788086,0.00095367431640625,0.01125335693359375,0.00438690185546875,-0.0073261260986328125,-0.0024423599243164062,-0.0024423599243164062,-0.0073261260986328125,-0.3882789611816406,-0.021978378295898438,-0.08058643341064453,-1.25128173828125,5.0666656494140625,-1.6336994171142578,-0.20757007598876953,-0.10500621795654297,0.0,-1.2031487167645794,6.413476166724056,-1.5594726841222577,0.0010252186381914312,-0.005384588250454888
92,2,heldout,5,-1,-0.3490658503988659,0.48398016300052404,3,s,af3726fcacd0ac1320a56ea850b0a2c0f5430cf4eb20a45c078706980f08407e,d24fbe3839599a6a097188bae8cd47ce8083f27deef1341ae3086bf0d5a45bd1,87f63c0590d05baea263cdc42c6e1df2d063fa2def309ecb0283f3036bf33d46,87f63c0590d05baea263cdc42c6e1df2d063fa2def309ecb0283f3036bf33d46,1787978809.2668853,37393.098999999995,18696600,0,0.9584569931030273,1.0473413467407227,1.4177541732788086,0.00095367431640625,0.01049041748046875,0.00438690185546875,-0.0073261260986328125,-0.0024423599243164062,-0.0024423599243164062,-0.0073261260986328125,-0.40293121337890625,-0.0073261260986328125,-0.08058643341064453,-1.25128173828125,5.0666656494140625,-1.6336994171142578,-0.1929178237915039,-0.10500621795654297,0.0,-1.2031464716171203,6.413473921576597,-1.5594704389747993,0.0012538961240484321,-0.005395517618379521
92,2,heldout,5,-1,-0.3490658503988659,0.485943147999933,3,s,af3726fcacd0ac1320a56ea850b0a2c0f5430cf4eb20a45c078706980f08407e,d24fbe3839599a6a097188bae8cd47ce8083f27deef1341ae3086bf0d5a45bd1,87f63c0590d05baea263cdc42c6e1df2d063fa2def309ecb0283f3036bf33d46,87f63c0590d05baea263cdc42c6e1df2d063fa2def309ecb0283f3036bf33d46,1787978809.2688177,37393.100999999995,18696601,0,0.9584569931030273,1.0473413467407227,1.4177541732788086,0.00095367431640625,0.00972747802734375,0.00438690185546875,0.0073261260986328125,-0.0024423599243164062,-0.0024423599243164062,-0.0073261260986328125,-0.3882789611816406,0.0073261260986328125,-0.08058643341064453,-1.25128173828125,5.0666656494140625,-1.6336994171142578,-0.1782665252685547,-0.10500621795654297,0.0,-1.2031437759317032,6.41347122589118,-1.559467743289382,0.0014825728800418642,-0.005406447073781497
92,2,heldout,5,-1,-0.3490658503988659,0.48787477299629245,3,s,af3726fcacd0ac1320a56ea850b0a2c0f5430cf4eb20a45c078706980f08407e,d24fbe3839599a6a097188bae8cd47ce8083f27deef1341ae3086bf0d5a45bd1,87f63c0590d05baea263cdc42c6e1df2d063fa2def309ecb0283f3036bf33d46,87f63c0590d05baea263cdc42c6e1df2d063fa2def309ecb0283f3036bf33d46,1787978809.27079,37393.102999999996,18696602,0,0.9584569931030273,1.0473413467407227,1.4177541732788086,0.00095367431640625,0.00896453857421875,0.00438690185546875,-0.0073261260986328125,-0.0024423599243164062,-0.0024423599243164062,-0.021978378295898438,-0.373626708984375,0.0073261260986328125,-0.08058643341064453,-1.25128173828125,5.0666656494140625,-1.6336994171142578,-0.16849803924560547,-0.10500621795654297,0.0,-1.2031406297098957,6.413468079669372,-1.559464597067574,0.0017112487730643433,-0.0054173766102990385
92,2,heldout,5,-1,-0.3490658503988659,0.48985862099652877,3,s,af3726fcacd0ac1320a56ea850b0a2c0f5430cf4eb20a45c078706980f08407e,d24fbe3839599a6a097188bae8cd47ce8083f27deef1341ae3086bf0d5a45bd1,87f63c0590d05baea263cdc42c6e1df2d063fa2def309ecb0283f3036bf33d46,87f63c0590d05baea263cdc42c6e1df2d063fa2def309ecb0283f3036bf33d46,1787978809.27274,37393.104999999996,18696603,0,0.9584569931030273,1.0473413467407227,1.4177541732788086,0.00095367431640625,0.00820159912109375,0.00438690185546875,-0.021978378295898438,-0.0024423599243164062,-0.0024423599243164062,-0.0073261260986328125,-0.373626708984375,-0.0073261260986328125,-0.07570171356201172,-1.25128173828125,5.0666656494140625,-1.6336994171142578,-0.14896202087402344,-0.10500621795654297,0.0,-1.2031370329535291,6.413464482913006,-1.5594610003112073,0.0019399236700089885,-0.005428306221570313
92,2,heldout,5,-1,-0.3490658503988659,0.49181723900255747,3,s,af3726fcacd0ac1320a56ea850b0a2c0f5430cf4eb20a45c078706980f08407e,d24fbe3839599a6a097188bae8cd47ce8083f27deef1341ae3086bf0d5a45bd1,87f63c0590d05baea263cdc42c6e1df2d063fa2def309ecb0283f3036bf33d46,87f63c0590d05baea263cdc42c6e1df2d063fa2def309ecb0283f3036bf33d46,1787978809.2746973,37393.106999999996,18696604,0,0.9584569931030273,1.0473413467407227,1.4177541732788086,0.00095367431640625,0.00705718994140625,0.00438690185546875,-0.021978378295898438,-0.0024423599243164062,-0.0024423599243164062,-0.0073261260986328125,-0.40293121337890625,-0.021978378295898438,-0.07570171356201172,-1.25128173828125,5.0666656494140625,-1.6336994171142578,-0.1343097686767578,-0.10500621795654297,0.0,-1.2031307930713333,6.41345824303081,-1.5594547604290119,0.0022829338566101565,-0.0054447007647238765
92,2,heldout,5,-1,-0.3490658503988659,0.49377864899724955,3,s,af3726fcacd0ac1320a56ea850b0a2c0f5430cf4eb20a45c078706980f08407e,d24fbe3839599a6a097188bae8cd47ce8083f27deef1341ae3086bf0d5a45bd1,87f63c0590d05baea263cdc42c6e1df2d063fa2def309ecb0283f3036bf33d46,87f63c0590d05baea263cdc42c6e1df2d063fa2def309ecb0283f3036bf33d46,1787978809.2766695,37393.109,18696605,0,0.9584569931030273,1.0473413467407227,1.4177541732788086,0.00095367431640625,0.00629425048828125,0.00438690185546875,0.0073261260986328125,-0.0024423599243164062,-0.0024423599243164062,0.0073261260986328125,-0.4468860626220703,-0.021978378295898438,-0.07570171356201172,-1.25128173828125,5.0666656494140625,-1.6336994171142578,-0.1196584701538086,-0.10988998413085938,0.0,-1.203126069988301,6.41345351994778,-1.5594500373459816,0.0025116056810216025,-0.0054556305350462195
92,2,heldout,5,-1,-0.3490658503988659,0.4957327209995128,3,s,af3726fcacd0ac1320a56ea850b0a2c0f5430cf4eb20a45c078706980f08407e,d24fbe3839599a6a097188bae8cd47ce8083f27deef1341ae3086bf0d5a45bd1,87f63c0590d05baea263cdc42c6e1df2d063fa2def309ecb0283f3036bf33d46,87f63c0590d05baea263cdc42c6e1df2d063fa2def309ecb0283f3036bf33d46,1787978809.2787035,37393.111,18696606,0,0.9584569931030273,1.0473413467407227,1.4177541732788086,0.00095367431640625,0.00553131103515625,0.00438690185546875,-0.0073261260986328125,-0.0024423599243164062,-0.0024423599243164062,-0.0073261260986328125,-0.40293121337890625,-0.0073261260986328125,-0.07570171356201172,-1.25128173828125,5.0666656494140625,-1.6336994171142578,-0.10988998413085938,-0.10988998413085938,0.0,-1.2031208963791893,6.413448346338666,-1.559444863736868,0.0027402760434861993,-0.005466560357855585
92,2,heldout,5,-1,-0.3490658503988659,0.4978009709957405,3,s,af3726fcacd0ac1320a56ea850b0a2c0f5430cf4eb20a45c078706980f08407e,d24fbe3839599a6a097188bae8cd47ce8083f27deef1341ae3086bf0d5a45bd1,87f63c0590d05baea263cdc42c6e1df2d063fa2def309ecb0283f3036bf33d46,87f63c0590d05baea263cdc42c6e1df2d063fa2def309ecb0283f3036bf33d46,1787978809.2806761,37393.113,18696607,0,0.9584569931030273,1.0473413467407227,1.4177541732788086,0.00095367431640625,0.00476837158203125,0.00438690185546875,0.021978378295898438,-0.0024423599243164062,-0.0024423599243164062,-0.0073261260986328125,-0.3882789611816406,-0.0073261260986328125,-0.07570171356201172,-1.25128173828125,5.0666656494140625,-1.6385831832885742,-0.10012245178222656,-0.10500621795654297,0.0,-1.2031152722470035,6.41344272220648,-1.5594392396046817,0.0029689448109002856,-0.005477490226789979
92,2,heldout,5,-1,-0.3490658503988659,0.4997340760019142,3,s,af3726fcacd0ac1320a56ea850b0a2c0f5430cf4eb20a45c078706980f08407e,d24fbe3839599a6a097188bae8cd47ce8083f27deef1341ae3086bf0d5a45bd1,87f63c0590d05baea263cdc42c6e1df2d063fa2def309ecb0283f3036bf33d46,87f63c0590d05baea263cdc42c6e1df2d063fa2def309ecb0283f3036bf33d46,1787978809.282607,37393.115,18696608,0,0.9584569931030273,1.0473413467407227,1.4177541732788086,0.00095367431640625,0.00362396240234375,0.00438690185546875,-0.0073261260986328125,-0.0024423599243164062,-0.0024423599243164062,-0.0073261260986328125,-0.4322338104248047,-0.0073261260986328125,-0.07570171356201172,-1.2376060485839844,5.0666656494140625,-1.6385831832885742,-0.09035396575927734,-0.10500621795654297,0.0,-1.2031059913251965,6.413433441284673,-1.5594299586828748,0.0033119446801397503,-0.00549388510275907
92,2,heldout,5,-1,-0.3490658503988659,0.5016587959980825,3,s,af3726fcacd0ac1320a56ea850b0a2c0f5430cf4eb20a45c078706980f08407e,d24fbe3839599a6a097188bae8cd47ce8083f27deef1341ae3086bf0d5a45bd1,87f63c0590d05baea263cdc42c6e1df2d063fa2def309ecb0283f3036bf33d46,87f63c0590d05baea263cdc42c6e1df2d063fa2def309ecb0283f3036bf33d46,1787978809.2845256,37393.117,18696609,0,0.9584569931030273,1.0473413467407227,1.4177541732788086,0.00095367431640625,0.00286102294921875,0.00438690185546875,-0.0073261260986328125,-0.0024423599243164062,-0.0024423599243164062,0.0073261260986328125,-0.4468860626220703,-0.0073261260986328125,-0.08058643341064453,-1.2376060485839844,5.080341339111328,-1.6385831832885742,-0.07570171356201172,-0.10500621795654297,0.0,-1.2030992409002246,6.413426690859701,-1.559423208257903,0.003540608877605322,-0.005504815059172142
92,2,heldout,5,-1,-0.3490658503988659,0.5035792369963019,3,s,af3726fcacd0ac1320a56ea850b0a2c0f5430cf4eb20a45c078706980f08407e,d24fbe3839599a6a097188bae8cd47ce8083f27deef1341ae3086bf0d5a45bd1,87f63c0590d05baea263cdc42c6e1df2d063fa2def309ecb0283f3036bf33d46,87f63c0590d05baea263cdc42c6e1df2d063fa2def309ecb0283f3036bf33d46,1787978809.2870297,37393.119,18696610,0,0.9584569931030273,1.0473413467407227,1.4177541732788086,0.00095367431640625,0.00209808349609375,0.00438690185546875,-0.0073261260986328125,-0.0024423599243164062,-0.0024423599243164062,-0.0073261260986328125,-0.41758155822753906,-0.0073261260986328125,-0.07570171356201172,-1.25128173828125,5.080341339111328,-1.6385831832885742,-0.07081794738769531,-0.10500621795654297,0.0,-1.2030920399647855,6.413419489924262,-1.5594160073224639,0.0037692710141653835,-0.005515745039443075
92,2,heldout,5,-1,-0.3490658503988659,0.5060825479959021,3,s,af3726fcacd0ac1320a56ea850b0a2c0f5430cf4eb20a45c078706980f08407e,d24fbe3839599a6a097188bae8cd47ce8083f27deef1341ae3086bf0d5a45bd1,87f63c0590d05baea263cdc42c6e1df2d063fa2def309ecb0283f3036bf33d46,87f63c0590d05baea263cdc42c6e1df2d063fa2def309ecb0283f3036bf33d46,1787978809.288946,37393.121,18696611,0,0.9584569931030273,1.0473413467407227,1.4177541732788086,0.00095367431640625,0.00133514404296875,0.00438690185546875,-0.0073261260986328125,-0.0024423599243164062,-0.0024423599243164062,0.0073261260986328125,-0.40293121337890625,-0.0073261260986328125,-0.07570171356201172,-1.25128173828125,5.0666656494140625,-1.6385831832885742,-0.0659341812133789,-0.10500621795654297,0.0,-1.2030843885230706,6.413411838482547,-1.5594083558807494,0.003997930956721058,-0.005526675037209788
92,2,heldout,5,-1,-0.3490658503988659,0.5079977330024121,3,s,af3726fcacd0ac1320a56ea850b0a2c0f5430cf4eb20a45c078706980f08407e,d24fbe3839599a6a097188bae8cd47ce8083f27deef1341ae3086bf0d5a45bd1,87f63c0590d05baea263cdc42c6e1df2d063fa2def309ecb0283f3036bf33d46,87f63c0590d05baea263cdc42c6e1df2d063fa2def309ecb0283f3036bf33d46,1787978809.2909381,37393.123,18696612,0,0.9584569931030273,1.0473413467407227,1.4177541732788086,0.00095367431640625,0.00057220458984375,0.00438690185546875,-0.0073261260986328125,-0.0024423599243164062,-0.0024423599243164062,-0.0073261260986328125,-0.3882789611816406,-0.0073261260986328125,-0.07570171356201172,-1.2376060485839844,5.0666656494140625,-1.643467903137207,-0.05616569519042969,-0.10500621795654297,0.0,-1.203076286579535,6.413403736539012,-1.5594002539372136,0.004226588572174753,-0.00553760504611018
92,2,heldout,5,-1,-0.3490658503988659,0.5099915829996462,3,s,af3726fcacd0ac1320a56ea850b0a2c0f5430cf4eb20a45c078706980f08407e,d24fbe3839599a6a097188bae8cd47ce8083f27deef1341ae3086bf0d5a45bd1,87f63c0590d05baea263cdc42c6e1df2d063fa2def309ecb0283f3036bf33d46,87f63c0590d05baea263cdc42c6e1df2d063fa2def309ecb0283f3036bf33d46,1787978809.293377,37393.125,18696613,0,0.9584569931030273,1.0473413467407227,1.4177541732788086,0.00095367431640625,-0.00019073486328125,0.00438690185546875,0.0073261260986328125,-0.0024423599243164062,-0.0024423599243164062,-0.021978378295898438,-0.40293121337890625,-0.0073261260986328125,-0.07570171356201172,-1.25128173828125,5.0666656494140625,-1.6483516693115234,-0.046398162841796875,-0.10500621795654297,0.0,-1.2030677341388913,6.413395184098368,-1.5593917014965701,0.004455243727430225,-0.00554853505978215
92,2,heldout,5,-1,-0.3490658503988659,0.5124689130025217,3,s,af3726fcacd0ac1320a56ea850b0a2c0f5430cf4eb20a45c078706980f08407e,d24fbe3839599a6a097188bae8cd47ce8083f27deef1341ae3086bf0d5a45bd1,87f63c0590d05baea263cdc42c6e1df2d063fa2def309ecb0283f3036bf33d46,87f63c0590d05baea263cdc42c6e1df2d063fa2def309ecb0283f3036bf33d46,1787978809.2949827,37393.127,18696614,0,0.9584569931030273,1.0473413467407227,1.4177541732788086,0.00095367431640625,-0.00133514404296875,0.00438690185546875,-0.0073261260986328125,-0.0024423599243164062,-0.0024423599243164062,-0.0073261260986328125,-0.46153831481933594,-0.0073261260986328125,-0.07570171356201172,-1.2376060485839844,5.080341339111328,-1.643467903137207,-0.046398162841796875,-0.10500621795654297,0.0,-1.203054060806815,6.413381510766292,-1.5593780281644938,0.00479822155629727,-0.005564930075319712
92,2,heldout,5,-1,-0.3490658503988659,0.5140444939970621,3,s,af3726fcacd0ac1320a56ea850b0a2c0f5430cf4eb20a45c078706980f08407e,d24fbe3839599a6a097188bae8cd47ce8083f27deef1341ae3086bf0d5a45bd1,87f63c0590d05baea263cdc42c6e1df2d063fa2def309ecb0283f3036bf33d46,87f63c0590d05baea263cdc42c6e1df2d063fa2def309ecb0283f3036bf33d46,1787978809.2969613,37393.129,18696615,0,0.9584569931030273,1.0473413467407227,1.4177541732788086,0.00095367431640625,-0.00209808349609375,0.00438690185546875,-0.0073261260986328125,-0.0024423599243164062,-0.0024423599243164062,-0.0073261260986328125,-0.4322338104248047,-0.0073261260986328125,-0.08058643341064453,-1.2376060485839844,5.080341339111328,-1.643467903137207,-0.04151439666748047,-0.10988998413085938,0.0,-1.203044382145761,6.413371832105238,-1.5593683495034394,0.005026869978770701,-0.005575860073086423
92,2,heldout,5,-1,-0.3490658503988659,0.5160167119975085,3,s,af3726fcacd0ac1320a56ea850b0a2c0f5430cf4eb20a45c078706980f08407e,d24fbe3839599a6a097188bae8cd47ce8083f27deef1341ae3086bf0d5a45bd1,87f63c0590d05baea263cdc42c6e1df2d063fa2def309ecb0283f3036bf33d46,87f63c0590d05baea263cdc42c6e1df2d063fa2def309ecb0283f3036bf33d46,1787978809.2990174,37393.131,18696616,0,0.9584569931030273,1.0473413467407227,1.4177541732788086,0.00095367431640625,-0.00247955322265625,0.00438690185546875,-0.0073261260986328125,-0.0024423599243164062,-0.0024423599243164062,-0.0073261260986328125,-0.40293121337890625,-0.0073261260986328125,-0.08058643341064453,-1.2376060485839844,5.080341339111328,-1.6385831832885742,-0.036629676818847656,-0.10500621795654297,0.0,-1.2030393738854204,6.413366823844897,-1.5593633412430992,0.005141193101066798,-0.005581325065806494
92,2,heldout,5,-1,-0.3490658503988659,0.5180978669959586,3,s,af3726fcacd0ac1320a56ea850b0a2c0f5430cf4eb20a45c078706980f08407e,d24fbe3839599a6a097188bae8cd47ce8083f27deef1341ae3086bf0d5a45bd1,87f63c0590d05baea263cdc42c6e1df2d063fa2def309ecb0283f3036bf33d46,87f63c0590d05baea263cdc42c6e1df2d063fa2def309ecb0283f3036bf33d46,1787978809.300993,37393.133,18696617,0,0.9584569931030273,1.0473413467407227,1.4177541732788086,0.00095367431640625,-0.00362396240234375,0.00438690185546875,-0.0073261260986328125,-0.0024423599243164062,-0.0024423599243164062,-0.0073261260986328125,-0.4322338104248047,-0.0073261260986328125,-0.07570171356201172,-1.2376060485839844,5.080341339111328,-1.643467903137207,-0.03174591064453125,-0.10500621795654297,0.0,-1.203023673393942,6.413351123353419,-1.5593476407516202,0.005484157912558508,-0.005597720009770431
92,2,heldout,5,-1,-0.3490658503988659,0.5200474640005268,3,s,af3726fcacd0ac1320a56ea850b0a2c0f5430cf4eb20a45c078706980f08407e,d24fbe3839599a6a097188bae8cd47ce8083f27deef1341ae3086bf0d5a45bd1,87f63c0590d05baea263cdc42c6e1df2d063fa2def309ecb0283f3036bf33d46,87f63c0590d05baea263cdc42c6e1df2d063fa2def309ecb0283f3036bf33d46,1787978809.3029602,37393.134999999995,18696618,0,0.9584569931030273,1.0473413467407227,1.4177541732788086,0.00095367431640625,-0.00438690185546875,0.00438690185546875,-0.0073261260986328125,-0.0024423599243164062,-0.0024423599243164062,-0.0073261260986328125,-0.41758155822753906,-0.0073261260986328125,-0.07570171356201172,-1.2376060485839844,5.080341339111328,-1.643467903137207,-0.026862144470214844,-0.10500621795654297,0.0,-1.203012643315231,6.413340093274708,-1.5593366106729096,0.0057127971576962835,-0.00560864993596357
92,2,heldout,5,-1,-0.3490658503988659,0.5220138119984767,3,s,af3726fcacd0ac1320a56ea850b0a2c0f5430cf4eb20a45c078706980f08407e,d24fbe3839599a6a097188bae8cd47ce8083f27deef1341ae3086bf0d5a45bd1,87f63c0590d05baea263cdc42c6e1df2d063fa2def309ecb0283f3036bf33d46,87f63c0590d05baea263cdc42c6e1df2d063fa2def309ecb0283f3036bf33d46,1787978809.3049173,37393.136999999995,18696619,0,0.9584569931030273,1.0473413467407227,1.4177541732788086,0.00095367431640625,-0.00514984130859375,0.00438690185546875,-0.021978378295898438,-0.0024423599243164062,-0.0024423599243164062,-0.0073261260986328125,-0.40293121337890625,-0.0073261260986328125,-0.07570171356201172,-1.2376060485839844,5.0666656494140625,-1.6385831832885742,-0.026862144470214844,-0.10500621795654297,0.0,-1.2030011627764599,6.413328612735937,-1.5593251301341382,0.005941433077548622,-0.005619579825574721
92,2,heldout,5,-1,-0.3490658503988659,0.5239734599963413,3,s,af3726fcacd0ac1320a56ea850b0a2c0f5430cf4eb20a45c078706980f08407e,d24fbe3839599a6a097188bae8cd47ce8083f27deef1341ae3086bf0d5a45bd1,87f63c0590d05baea263cdc42c6e1df2d063fa2def309ecb0283f3036bf33d46,87f63c0590d05baea263cdc42c6e1df2d063fa2def309ecb0283f3036bf33d46,1787978809.3069983,37393.138999999996,18696620,0,0.9584569931030273,1.0473413467407227,1.4177541732788086,0.00095367431640625,-0.00553131103515625,0.00438690185546875,-0.0073261260986328125,-0.0024423599243164062,-0.0024423599243164062,-0.0073261260986328125,-0.3589744567871094,-0.0073261260986328125,-0.08058643341064453,-1.2376060485839844,5.0666656494140625,-1.6385831832885742,-0.036629676818847656,-0.10500621795654297,0.0,-1.202995253586629,6.413322703546106,-1.5593192209443079,0.0060557497489040464,-0.0056250447546739146
92,2,heldout,5,-1,-0.3490658503988659,0.5260579969981336,3,s,af3726fcacd0ac1320a56ea850b0a2c0f5430cf4eb20a45c078706980f08407e,d24fbe3839599a6a097188bae8cd47ce8083f27deef1341ae3086bf0d5a45bd1,87f63c0590d05baea263cdc42c6e1df2d063fa2def309ecb0283f3036bf33d46,87f63c0590d05baea263cdc42c6e1df2d063fa2def309ecb0283f3036bf33d46,1787978809.3096855,37393.140999999996,18696621,0,0.9584569931030273,1.0473413467407227,1.4177541732788086,0.00095367431640625,-0.00629425048828125,0.00438690185546875,-0.0073261260986328125,-0.0024423599243164062,-0.0024423599243164062,-0.021978378295898438,-0.34432220458984375,-0.0073261260986328125,-0.08058643341064453,-1.25128173828125,5.052989959716797,-1.6385831832885742,-0.04151439666748047,-0.10500621795654297,0.0,-1.202983097370376,6.413310547329854,-1.5593070647280567,0.006284380431297082,-0.005635974577483279
92,2,heldout,5,-1,-0.3490658503988659,0.5289218280013301,3,s,af3726fcacd0ac1320a56ea850b0a2c0f5430cf4eb20a45c078706980f08407e,d24fbe3839599a6a097188bae8cd47ce8083f27deef1341ae3086bf0d5a45bd1,87f63c0590d05baea263cdc42c6e1df2d063fa2def309ecb0283f3036bf33d46,87f63c0590d05baea263cdc42c6e1df2d063fa2def309ecb0283f3036bf33d46,1787978809.3106987,37393.143,18696622,0,0.9584569931030273,1.0473413467407227,1.4177541732788086,0.00095367431640625,-0.00667572021484375,0.00438690185546875,-0.021978378295898438,-0.0024423599243164062,-0.0024423599243164062,0.0073261260986328125,-0.3003654479980469,-0.0073261260986328125,-0.08058643341064453,-1.2376060485839844,5.0666656494140625,-1.6385831832885742,-0.046398162841796875,-0.10500621795654297,0.0,-1.2029768503457272,6.413304300305204,-1.5593008177034056,0.006398694409064548,-0.005641439469602953
92,2,heldout,5,-1,-0.3490658503988659,0.5297646690014517,3,s,af3726fcacd0ac1320a56ea850b0a2c0f5430cf4eb20a45c078706980f08407e,d24fbe3839599a6a097188bae8cd47ce8083f27deef1341ae3086bf0d5a45bd1,87f63c0590d05baea263cdc42c6e1df2d063fa2def309ecb0283f3036bf33d46,87f63c0590d05baea263cdc42c6e1df2d063fa2def309ecb0283f3036bf33d46,1787978809.3126576,37393.145,18696623,0,0.9584569931030273,1.0473413467407227,1.4177541732788086,0.00095367431640625,-0.00705718994140625,0.00438690185546875,0.0073261260986328125,-0.0024423599243164062,-0.0024423599243164062,0.0073261260986328125,-0.28571510314941406,-0.0073261260986328125,-0.08058643341064453,-1.2376060485839844,5.080341339111328,-1.643467903137207,-0.05128192901611328,-0.10500621795654297,0.0,-1.2029704907112646,6.413297940670741,-1.5592944580689432,0.0065130074556994395,-0.005646904347805623
92,2,heldout,5,-1,-0.3490658503988659,0.531752217997564,3,s,af3726fcacd0ac1320a56ea850b0a2c0f5430cf4eb20a45c078706980f08407e,d24fbe3839599a6a097188bae8cd47ce8083f27deef1341ae3086bf0d5a45bd1,87f63c0590d05baea263cdc42c6e1df2d063fa2def309ecb0283f3036bf33d46,87f63c0590d05baea263cdc42c6e1df2d063fa2def309ecb0283f3036bf33d46,1787978809.3146646,37393.147,18696624,0,0.9584569931030273,1.0473413467407227,1.4177541732788086,0.00095367431640625,-0.00782012939453125,0.00438690185546875,-0.0073261260986328125,-0.0024423599243164062,-0.0024423599243164062,-0.021978378295898438,-0.28571510314941406,-0.0073261260986328125,-0.08058643341064453,-1.2376060485839844,5.080341339111328,-1.643467903137207,-0.07081794738769531,-0.10500621795654297,0.0,-1.2029574336166262,6.413284883576103,-1.559281400974305,0.00674163068903269,-0.005657834059278982
92,2,heldout,5,-1,-0.3490658503988659,0.533723086999089,3,s,af3726fcacd0ac1320a56ea850b0a2c0f5430cf4eb20a45c078706980f08407e,d24fbe3839599a6a097188bae8cd47ce8083f27deef1341ae3086bf0d5a45bd1,87f63c0590d05baea263cdc42c6e1df2d063fa2def309ecb0283f3036bf33d46,87f63c0590d05baea263cdc42c6e1df2d063fa2def309ecb0283f3036bf33d46,1787978809.31666,37393.149,18696625,0,0.9584569931030273,1.0473413467407227,1.4177541732788086,0.00095367431640625,-0.00820159912109375,0.00438690185546875,-0.0073261260986328125,-0.0024423599243164062,-0.0024423599243164062,-0.0073261260986328125,-0.3003654479980469,-0.0073261260986328125,-0.08058643341064453,-1.2239322662353516,5.080341339111328,-1.6385831832885742,-0.09523773193359375,-0.10012245178222656,0.0,-1.2029507361583494,6.413278186117826,-1.5592747035160281,0.006855940842461985,-0.0056632988909591855
92,2,heldout,5,-1,-0.3490658503988659,0.5357170269999187,3,s,af3726fcacd0ac1320a56ea850b0a2c0f5430cf4eb20a45c078706980f08407e,d24fbe3839599a6a097188bae8cd47ce8083f27deef1341ae3086bf0d5a45bd1,87f63c0590d05baea263cdc42c6e1df2d063fa2def309ecb0283f3036bf33d46,87f63c0590d05baea263cdc42c6e1df2d063fa2def309ecb0283f3036bf33d46,1787978809.3185625,37393.151,18696626,0,0.9584569931030273,1.0473413467407227,1.4177541732788086,0.00095367431640625,-0.00858306884765625,0.00438690185546875,-0.0073261260986328125,-0.0024423599243164062,-0.0024423599243164062,-0.0073261260986328125,-0.2564105987548828,-0.0073261260986328125,-0.08058643341064453,-1.2376060485839844,5.094017028808594,-1.6336994171142578,-0.1196584701538086,-0.10012245178222656,0.0,-1.2029439260940626,6.413271376053539,-1.5592678934517417,0.0069702499982205925,-0.005668763705541425
92,2,heldout,5,-1,-0.3490658503988659,0.5376121669978602,3,s,af3726fcacd0ac1320a56ea850b0a2c0f5430cf4eb20a45c078706980f08407e,d24fbe3839599a6a097188bae8cd47ce8083f27deef1341ae3086bf0d5a45bd1,87f63c0590d05baea263cdc42c6e1df2d063fa2def309ecb0283f3036bf33d46,87f63c0590d05baea263cdc42c6e1df2d063fa2def309ecb0283f3036bf33d46,1787978809.320513,37393.153,18696627,0,0.9584569931030273,1.0473413467407227,1.4177541732788086,0.00095367431640625,-0.00896453857421875,0.00438690185546875,0.0073261260986328125,-0.0024423599243164062,-0.0024423599243164062,-0.021978378295898438,-0.21245384216308594,-0.0073261260986328125,-0.08058643341064453,-1.2376060485839844,5.094017028808594,-1.6385831832885742,-0.14407825469970703,-0.10012245178222656,0.0,-1.2029370034247573,6.413264453384234,-1.5592609707824354,0.007084558139674346,-0.005674228502230462
92,2,heldout,5,-1,-0.3490658503988659,0.5395712480021757,3,s,af3726fcacd0ac1320a56ea850b0a2c0f5430cf4eb20a45c078706980f08407e,d24fbe3839599a6a097188bae8cd47ce8083f27deef1341ae3086bf0d5a45bd1,87f63c0590d05baea263cdc42c6e1df2d063fa2def309ecb0283f3036bf33d46,87f63c0590d05baea263cdc42c6e1df2d063fa2def309ecb0283f3036bf33d46,1787978809.3224494,37393.155,18696628,0,0.9584569931030273,1.0473413467407227,1.4177541732788086,0.00095367431640625,-0.00934600830078125,0.00438690185546875,-0.0073261260986328125,-0.0024423599243164062,-0.0024423599243164062,0.0073261260986328125,-0.21245384216308594,-0.0073261260986328125,-0.07570171356201172,-1.2239322662353516,5.094017028808594,-1.6385831832885742,-0.16849803924560547,-0.10500621795654297,0.0,-1.2029299681514378,6.4132574181109145,-1.5592539355091164,0.007198865250189214,-0.005679693280231064
92,2,heldout,5,-1,-0.3490658503988659,0.5415051599993603,3,s,af3726fcacd0ac1320a56ea850b0a2c0f5430cf4eb20a45c078706980f08407e,d24fbe3839599a6a097188bae8cd47ce8083f27deef1341ae3086bf0d5a45bd1,87f63c0590d05baea263cdc42c6e1df2d063fa2def309ecb0283f3036bf33d46,87f63c0590d05baea263cdc42c6e1df2d063fa2def309ecb0283f3036bf33d46,1787978809.3250968,37393.157,18696629,0,0.9584569931030273,1.0473413467407227,1.4177541732788086,0.00095367431640625,-0.01010894775390625,0.00438690185546875,-0.0073261260986328125,-0.0024423599243164062,-0.0024423599243164062,-0.0073261260986328125,-0.2564105987548828,-0.021978378295898438,-0.07570171356201172,-1.2376060485839844,5.094017028808594,-1.6385831832885742,-0.1831502914428711,-0.10500621795654297,0.0,-1.202915559796875,6.413243009756352,-1.5592395271545534,0.007427476311866963,-0.005690622776986048
92,2,heldout,5,-1,-0.3490658503988659,0.5441632040019613,3,s,af3726fcacd0ac1320a56ea850b0a2c0f5430cf4eb20a45c078706980f08407e,d24fbe3839599a6a097188bae8cd47ce8083f27deef1341ae3086bf0d5a45bd1,87f63c0590d05baea263cdc42c6e1df2d063fa2def309ecb0283f3036bf33d46,87f63c0590d05baea263cdc42c6e1df2d063fa2def309ecb0283f3036bf33d46,1787978809.32649,37393.159,18696630,0,0.9584569931030273,1.0473413467407227,1.4177541732788086,0.00095367431640625,-0.01087188720703125,0.00438690185546875,-0.021978378295898438,-0.0024423599243164062,-0.0024423599243164062,0.0073261260986328125,-0.3296699523925781,-0.021978378295898438,-0.08058643341064453,-1.2376060485839844,5.0666656494140625,-1.6336994171142578,-0.1880340576171875,-0.10500621795654297,0.0,-1.2029007010387613,6.413228150998238,-1.5592246683964401,0.007656083050184694,-0.005701552189444573
92,2,heldout,5,-1,-0.3490658503988659,0.5455437450000318,3,s,af3726fcacd0ac1320a56ea850b0a2c0f5430cf4eb20a45c078706980f08407e,d24fbe3839599a6a097188bae8cd47ce8083f27deef1341ae3086bf0d5a45bd1,87f63c0590d05baea263cdc42c6e1df2d063fa2def309ecb0283f3036bf33d46,87f63c0590d05baea263cdc42c6e1df2d063fa2def309ecb0283f3036bf33d46,1787978809.3284514,37393.161,18696631,0,0.9584569931030273,1.0473413467407227,1.4177541732788086,0.00095367431640625,-0.01163482666015625,0.00438690185546875,-0.021978378295898438,-0.0024423599243164062,-0.0024423599243164062,-0.0073261260986328125,-0.3296699523925781,-0.0073261260986328125,-0.08058643341064453,-1.25128173828125,5.0666656494140625,-1.6385831832885742,-0.1831502914428711,-0.10500621795654297,0.0,-1.2028853918857458,6.413212841845223,-1.5592093592434246,0.007884685332075782,-0.005712481511244883
92,2,heldout,5,-1,-0.3490658503988659,0.5475094509965857,3,s,af3726fcacd0ac1320a56ea850b0a2c0f5430cf4eb20a45c078706980f08407e,d24fbe3839599a6a097188bae8cd47ce8083f27deef1341ae3086bf0d5a45bd1,87f63c0590d05baea263cdc42c6e1df2d063fa2def309ecb0283f3036bf33d46,87f63c0590d05baea263cdc42c6e1df2d063fa2def309ecb0283f3036bf33d46,1787978809.331017,37393.163,18696632,0,0.9584569931030273,1.0473413467407227,1.4177541732788086,0.00095367431640625,-0.01201629638671875,0.00438690185546875,-0.0073261260986328125,-0.0024423599243164062,-0.0024423599243164062,-0.021978378295898438,-0.3150177001953125,0.0073261260986328125,-0.08058643341064453,-1.25128173828125,5.080341339111328,-1.6385831832885742,-0.1831502914428711,-0.10500621795654297,0.0,-1.2028775684139226,6.413205018373401,-1.5592015357716025,0.007998984760278723,-0.005717946136160174
92,2,heldout,5,-1,-0.3490658503988659,0.5500745929966797,3,s,af3726fcacd0ac1320a56ea850b0a2c0f5430cf4eb20a45c078706980f08407e,d24fbe3839599a6a097188bae8cd47ce8083f27deef1341ae3086bf0d5a45bd1,87f63c0590d05baea263cdc42c6e1df2d063fa2def309ecb0283f3036bf33d46,87f63c0590d05baea263cdc42c6e1df2d063fa2def309ecb0283f3036bf33d46,1787978809.332994,37393.165,18696633,0,0.9584569931030273,1.0473413467407227,1.4177541732788086,0.00095367431640625,-0.01277923583984375,0.00438690185546875,-0.0073261260986328125,-0.0024423599243164062,-0.0024423599243164062,-0.0073261260986328125,-0.3150177001953125,0.0073261260986328125,-0.07570171356201172,-1.2376060485839844,5.0666656494140625,-1.6336994171142578,-0.1831502914428711,-0.10012245178222656,0.0,-1.2028615836853462,6.413189033644823,-1.559185551043025,0.008227580108035608,-0.005728875310044991
92,2,heldout,5,-1,-0.3490658503988659,0.5520840410026722,3,s,af3726fcacd0ac1320a56ea850b0a2c0f5430cf4eb20a45c078706980f08407e,d24fbe3839599a6a097188bae8cd47ce8083f27deef1341ae3086bf0d5a45bd1,87f63c0590d05baea263cdc42c6e1df2d063fa2def309ecb0283f3036bf33d46,87f63c0590d05baea263cdc42c6e1df2d063fa2def309ecb0283f3036bf33d46,1787978809.3350208,37393.167,18696634,0,0.9584569931030273,1.0473413467407227,1.4177541732788086,0.00095367431640625,-0.01354217529296875,0.00438690185546875,-0.0073261260986328125,-0.0024423599243164062,-0.0024423599243164062,-0.021978378295898438,-0.34432220458984375,-0.0073261260986328125,-0.07570171356201172,-1.2376060485839844,5.080341339111328,-1.6385831832885742,-0.1782665252685547,-0.10500621795654297,0.0,-1.2028451485846356,6.413172598544112,-1.5591691159423142,0.008456170666710797,-0.005739804377367444
92,2,heldout,5,-1,-0.3490658503988659,0.5540799869995681,3,s,af3726fcacd0ac1320a56ea850b0a2c0f5430cf4eb20a45c078706980f08407e,d24fbe3839599a6a097188bae8cd47ce8083f27deef1341ae3086bf0d5a45bd1,87f63c0590d05baea263cdc42c6e1df2d063fa2def309ecb0283f3036bf33d46,87f63c0590d05baea263cdc42c6e1df2d063fa2def309ecb0283f3036bf33d46,1787978809.3364794,37393.169,18696635,0,0.9584569931030273,1.0473413467407227,1.4177541732788086,0.00095367431640625,-0.01430511474609375,0.00438690185546875,-0.0073261260986328125,-0.0024423599243164062,-0.0024423599243164062,-0.0073261260986328125,-0.3296699523925781,-0.0073261260986328125,-0.07570171356201172,-1.2376060485839844,5.080341339111328,-1.6336994171142578,-0.16361427307128906,-0.10988998413085938,0.0,-1.2028282631213592,6.413155713080836,-1.5591522304790373,0.008684756303247075,-0.005750733331765981
92,2,heldout,5,-1,-0.3490658503988659,0.5555314419980277,3,s,af3726fcacd0ac1320a56ea850b0a2c0f5430cf4eb20a45c078706980f08407e,d24fbe3839599a6a097188bae8cd47ce8083f27deef1341ae3086bf0d5a45bd1,87f63c0590d05baea263cdc42c6e1df2d063fa2def309ecb0283f3036bf33d46,87f63c0590d05baea263cdc42c6e1df2d063fa2def309ecb0283f3036bf33d46,1787978809.3390927,37393.170999999995,18696636,0,0.9584569931030273,1.0473413467407227,1.4177541732788086,0.00095367431640625,-0.01506805419921875,0.00438690185546875,-0.021978378295898438,-0.0024423599243164062,-0.0024423599243164062,-0.0073261260986328125,-0.3882789611816406,-0.021978378295898438,-0.07570171356201172,-1.2239322662353516,5.080341339111328,-1.6336994171142578,-0.14896202087402344,-0.10988998413085938,0.0,-1.2028109273053444,6.413138377264821,-1.5591348946630232,0.008913336884590098,-0.005761662166879112
92,2,heldout,5,-1,-0.3490658503988659,0.5581549790003919,3,s,af3726fcacd0ac1320a56ea850b0a2c0f5430cf4eb20a45c078706980f08407e,d24fbe3839599a6a097188bae8cd47ce8083f27deef1341ae3086bf0d5a45bd1,87f63c0590d05baea263cdc42c6e1df2d063fa2def309ecb0283f3036bf33d46,87f63c0590d05baea263cdc42c6e1df2d063fa2def309ecb0283f3036bf33d46,1787978809.3404987,37393.172999999995,18696637,0,0.9584569931030273,1.0473413467407227,1.4177541732788086,0.00095367431640625,-0.01583099365234375,0.00438690185546875,-0.0073261260986328125,-0.0024423599243164062,-0.0024423599243164062,-0.0073261260986328125,-0.40293121337890625,-0.021978378295898438,-0.07570171356201172,-1.2376060485839844,5.0666656494140625,-1.6336994171142578,-0.14407825469970703,-0.10988998413085938,0.0,-1.202793141146684,6.413120591106161,-1.5591171085043627,0.009141912277688461,-0.005772590876345419
92,2,heldout,5,-1,-0.3490658503988659,0.5595517370020389,3,s,af3726fcacd0ac1320a56ea850b0a2c0f5430cf4eb20a45c078706980f08407e,d24fbe3839599a6a097188bae8cd47ce8083f27deef1341ae3086bf0d5a45bd1,87f63c0590d05baea263cdc42c6e1df2d063fa2def309ecb0283f3036bf33d46,87f63c0590d05baea263cdc42c6e1df2d063fa2def309ecb0283f3036bf33d46,1787978809.3430438,37393.174999999996,18696638,0,0.9584569931030273,1.0473413467407227,1.4177541732788086,0.00095367431640625,-0.01659393310546875,0.00438690185546875,-0.0073261260986328125,-0.0024423599243164062,-0.0024423599243164062,-0.021978378295898438,-0.373626708984375,-0.0073261260986328125,-0.08058643341064453,-1.2376060485839844,5.0666656494140625,-1.6336994171142578,-0.13919448852539062,-0.10500621795654297,0.0,-1.2027749046557292,6.413102354615206,-1.5590988720134076,0.009370482349493787,-0.0057835194538035555
92,2,heldout,5,-1,-0.3490658503988659,0.5621006919973297,3,s,af3726fcacd0ac1320a56ea850b0a2c0f5430cf4eb20a45c078706980f08407e,d24fbe3839599a6a097188bae8cd47ce8083f27deef1341ae3086bf0d5a45bd1,87f63c0590d05baea263cdc42c6e1df2d063fa2def309ecb0283f3036bf33d46,87f63c0590d05baea263cdc42c6e1df2d063fa2def309ecb0283f3036bf33d46,1787978809.345,37393.176999999996,18696639,0,0.9584569931030273,1.0473413467407227,1.4177541732788086,0.00057220458984375,-0.01735687255859375,0.00438690185546875,-0.0073261260986328125,-0.0024423599243164062,-0.0024423599243164062,-0.03663063049316406,-0.34432220458984375,0.0073261260986328125,-0.08058643341064453,-1.2376060485839844,5.052989959716797,-1.6288156509399414,-0.1343097686767578,-0.10500621795654297,0.0,-1.2023830062946899,6.412710456254168,-1.558706973652369,0.009608502253243292,-0.005793873180779581
92,2,heldout,5,-1,-0.3490658503988659,0.5640569879979012,3,s,af3726fcacd0ac1320a56ea850b0a2c0f5430cf4eb20a45c078706980f08407e,d24fbe3839599a6a097188bae8cd47ce8083f27deef1341ae3086bf0d5a45bd1,87f63c0590d05baea263cdc42c6e1df2d063fa2def309ecb0283f3036bf33d46,87f63c0590d05baea263cdc42c6e1df2d063fa2def309ecb0283f3036bf33d46,1787978809.3470025,37393.179,18696640,0,0.9584569931030273,1.0473413467407227,1.4177541732788086,0.00095367431640625,-0.01811981201171875,0.00438690185546875,-0.0073261260986328125,-0.0024423599243164062,-0.0024423599243164062,-0.0073261260986328125,-0.373626708984375,-0.0073261260986328125,-0.08058643341064453,-1.25128173828125,5.0666656494140625,-1.6336994171142578,-0.124542236328125,-0.10500621795654297,0.0,-1.2027370807196607,6.413064530679137,-1.5590610480773393,0.009827605997047344,-0.005805376187250325
92,2,heldout,5,-1,-0.3490658503988659,0.5660612909996416,3,s,af3726fcacd0ac1320a56ea850b0a2c0f5430cf4eb20a45c078706980f08407e,d24fbe3839599a6a097188bae8cd47ce8083f27deef1341ae3086bf0d5a45bd1,87f63c0590d05baea263cdc42c6e1df2d063fa2def309ecb0283f3036bf33d46,87f63c0590d05baea263cdc42c6e1df2d063fa2def309ecb0283f3036bf33d46,1787978809.3489685,37393.181,18696641,0,0.9584569931030273,1.0473413467407227,1.4177541732788086,0.00095367431640625,-0.01888275146484375,0.00438690185546875,-0.0073261260986328125,-0.0024423599243164062,-0.0024423599243164062,-0.0073261260986328125,-0.40293121337890625,-0.0073261260986328125,-0.08058643341064453,-1.25128173828125,5.0666656494140625,-1.6336994171142578,-0.10988998413085938,-0.10500621795654297,0.0,-1.2027174932965639,6.413044943256041,-1.5590414606542427,0.010056159306714605,-0.005816304330516665
92,2,heldout,5,-1,-0.3490658503988659,0.5680199220005306,3,s,af3726fcacd0ac1320a56ea850b0a2c0f5430cf4eb20a45c078706980f08407e,d24fbe3839599a6a097188bae8cd47ce8083f27deef1341ae3086bf0d5a45bd1,87f63c0590d05baea263cdc42c6e1df2d063fa2def309ecb0283f3036bf33d46,87f63c0590d05baea263cdc42c6e1df2d063fa2def309ecb0283f3036bf33d46,1787978809.3509336,37393.183,18696642,0,0.9584569931030273,1.0473413467407227,1.4177541732788086,0.00095367431640625,-0.01964569091796875,0.00438690185546875,-0.021978378295898438,-0.0024423599243164062,-0.0024423599243164062,-0.0073261260986328125,-0.3882789611816406,-0.0073261260986328125,-0.08058643341064453,-1.2376060485839844,5.080341339111328,-1.6336994171142578,-0.10500621795654297,-0.10500621795654297,0.0,-1.2026974555852052,6.413024905544682,-1.559021422942884,0.010284706762927042,-0.005827232316330257
92,2,heldout,5,-1,-0.3490658503988659,0.5699886980000883,3,s,af3726fcacd0ac1320a56ea850b0a2c0f5430cf4eb20a45c078706980f08407e,d24fbe3839599a6a097188bae8cd47ce8083f27deef1341ae3086bf0d5a45bd1,87f63c0590d05baea263cdc42c6e1df2d063fa2def309ecb0283f3036bf33d46,87f63c0590d05baea263cdc42c6e1df2d063fa2def309ecb0283f3036bf33d46,1787978809.3530052,37393.185,18696643,0,0.9584569931030273,1.0473413467407227,1.4177541732788086,0.00095367431640625,-0.02040863037109375,0.00438690185546875,-0.0073261260986328125,-0.0024423599243164062,-0.0024423599243164062,-0.021978378295898438,-0.4322338104248047,-0.0073261260986328125,-0.08058643341064453,-1.2376060485839844,5.0666656494140625,-1.6336994171142578,-0.10500621795654297,-0.10500621795654297,0.0,-1.2026769675972502,6.413004417556727,-1.5590009349549285,0.01051324823265253,-0.005838160138330176
92,2,heldout,5,-1,-0.3490658503988659,0.5720956639997894,3,s,af3726fcacd0ac1320a56ea850b0a2c0f5430cf4eb20a45c078706980f08407e,d24fbe3839599a6a097188bae8cd47ce8083f27deef1341ae3086bf0d5a45bd1,87f63c0590d05baea263cdc42c6e1df2d063fa2def309ecb0283f3036bf33d46,87f63c0590d05baea263cdc42c6e1df2d063fa2def309ecb0283f3036bf33d46,1787978809.3544376,37393.187,18696644,0,0.9584569931030273,1.0473413467407227,1.4177541732788086,0.00095367431640625,-0.02117156982421875,0.00438690185546875,-0.0073261260986328125,-0.0024423599243164062,-0.0024423599243164062,-0.021978378295898438,-0.373626708984375,-0.0073261260986328125,-0.08058643341064453,-1.2376060485839844,5.0666656494140625,-1.6336994171142578,-0.09523773193359375,-0.10500621795654297,0.0,-1.2026560293446225,6.412983479304099,-1.5589799967023013,0.010741783582862431,-0.005849087790155592
92,2,heldout,5,-1,-0.3490658503988659,0.573491996001394,3,s,af3726fcacd0ac1320a56ea850b0a2c0f5430cf4eb20a45c078706980f08407e,d24fbe3839599a6a097188bae8cd47ce8083f27deef1341ae3086bf0d5a45bd1,87f63c0590d05baea263cdc42c6e1df2d063fa2def309ecb0283f3036bf33d46,87f63c0590d05baea263cdc42c6e1df2d063fa2def309ecb0283f3036bf33d46,1787978809.356934,37393.189,18696645,0,0.9584569931030273,1.0473413467407227,1.4177541732788086,0.00095367431640625,-0.02155303955078125,0.00438690185546875,-0.0073261260986328125,-0.0024423599243164062,-0.0024423599243164062,-0.0073261260986328125,-0.34432220458984375,-0.0073261260986328125,-0.07570171356201172,-1.2376060485839844,5.0666656494140625,-1.6336994171142578,-0.09035396575927734,-0.10500621795654297,0.0,-1.202645391372855,6.412972841332332,-1.5589693587305338,0.010856048921578558,-0.005854551550265131
92,2,heldout,5,-1,-0.3490658503988659,0.5759853339986876,3,s,af3726fcacd0ac1320a56ea850b0a2c0f5430cf4eb20a45c078706980f08407e,d24fbe3839599a6a097188bae8cd47ce8083f27deef1341ae3086bf0d5a45bd1,87f63c0590d05baea263cdc42c6e1df2d063fa2def309ecb0283f3036bf33d46,87f63c0590d05baea263cdc42c6e1df2d063fa2def309ecb0283f3036bf33d46,1787978809.3589153,37393.191,18696646,0,0.9584569931030273,1.0473413467407227,1.4177541732788086,0.00095367431640625,-0.02269744873046875,0.00438690185546875,-0.0073261260986328125,-0.0024423599243164062,-0.0024423599243164062,0.0073261260986328125,-0.3882789611816406,-0.0073261260986328125,-0.07570171356201172,-1.2376060485839844,5.0666656494140625,-1.6336994171142578,-0.08547019958496094,-0.10500621795654297,0.0,-1.202612802094365,6.412940252053842,-1.5589367694520433,0.011198835392638813,-0.0058709425578401045
92,2,heldout,5,-1,-0.3490658503988659,0.5779685859961319,3,s,af3726fcacd0ac1320a56ea850b0a2c0f5430cf4eb20a45c078706980f08407e,d24fbe3839599a6a097188bae8cd47ce8083f27deef1341ae3086bf0d5a45bd1,87f63c0590d05baea263cdc42c6e1df2d063fa2def309ecb0283f3036bf33d46,87f63c0590d05baea263cdc42c6e1df2d063fa2def309ecb0283f3036bf33d46,1787978809.3608289,37393.193,18696647,0,0.9584569931030273,1.0473413467407227,1.4177541732788086,0.00095367431640625,-0.02346038818359375,0.00438690185546875,-0.0073261260986328125,-0.0024423599243164062,-0.0024423599243164062,0.021978378295898438,-0.41758155822753906,-0.0073261260986328125,-0.07570171356201172,-1.25128173828125,5.0666656494140625,-1.6385831832885742,-0.08547019958496094,-0.10500621795654297,0.0,-1.2025905131218955,6.412917963081372,-1.5589144804795743,0.011427351586166146,-0.005881869660978049
92,2,heldout,5,-1,-0.3490658503988659,0.5798830720013939,3,s,af3726fcacd0ac1320a56ea850b0a2c0f5430cf4eb20a45c078706980f08407e,d24fbe3839599a6a097188bae8cd47ce8083f27deef1341ae3086bf0d5a45bd1,87f63c0590d05baea263cdc42c6e1df2d063fa2def309ecb0283f3036bf33d46,87f63c0590d05baea263cdc42c6e1df2d063fa2def309ecb0283f3036bf33d46,1787978809.3627832,37393.195,18696648,0,0.9584569931030273,1.0473413467407227,1.4177541732788086,0.00095367431640625,-0.02422332763671875,0.00438690185546875,-0.0073261260986328125,-0.0024423599243164062,-0.0024423599243164062,-0.021978378295898438,-0.3882789611816406,-0.0073261260986328125,-0.08058643341064453,-1.25128173828125,5.0666656494140625,-1.6385831832885742,-0.08058643341064453,-0.10500621795654297,0.0,-1.2025677739350775,6.412895223894554,-1.5588917412927565,0.011655861128099736,-0.005892796568499203
92,2,heldout,5,-1,-0.3490658503988659,0.5818375079979887,3,s,af3726fcacd0ac1320a56ea850b0a2c0f5430cf4eb20a45c078706980f08407e,d24fbe3839599a6a097188bae8cd47ce8083f27deef1341ae3086bf0d5a45bd1,87f63c0590d05baea263cdc42c6e1df2d063fa2def309ecb0283f3036bf33d46,87f63c0590d05baea263cdc42c6e1df2d063fa2def309ecb0283f3036bf33d46,1787978809.364696,37393.197,18696649,0,0.9584569931030273,1.0473413467407227,1.4177541732788086,0.00095367431640625,-0.02498626708984375,0.00438690185546875,-0.0073261260986328125,-0.0024423599243164062,-0.0024423599243164062,-0.0073261260986328125,-0.3589744567871094,-0.0073261260986328125,-0.07570171356201172,-1.2376060485839844,5.080341339111328,-1.6385831832885742,-0.08058643341064453,-0.10500621795654297,0.0,-1.2025445845471485,6.412872034506625,-1.5588685519048269,0.01188436388542953,-0.0059037232740432695
92,2,heldout,5,-1,-0.3490658503988659,0.5837495710002258,3,s,af3726fcacd0ac1320a56ea850b0a2c0f5430cf4eb20a45c078706980f08407e,d24fbe3839599a6a097188bae8cd47ce8083f27deef1341ae3086bf0d5a45bd1,87f63c0590d05baea263cdc42c6e1df2d063fa2def309ecb0283f3036bf33d46,87f63c0590d05baea263cdc42c6e1df2d063fa2def309ecb0283f3036bf33d46,1787978809.3666043,37393.199,18696650,0,0.9584569931030273,1.0473413467407227,1.4177541732788086,0.00095367431640625,-0.02613067626953125,0.00438690185546875,0.0073261260986328125,-0.0024423599243164062,-0.0024423599243164062,-0.0073261260986328125,-0.41758155822753906,-0.0073261260986328125,-0.07570171356201172,-1.25128173828125,5.080341339111328,-1.643467903137207,-0.07081794738769531,-0.10500621795654297,0.0,-1.202508956367765,6.412836406327242,-1.5588329237254432,0.012227105009342355,-0.005920112939739468
92,2,heldout,5,-1,-0.3490658503988659,0.585655520997534,3,s,af3726fcacd0ac1320a56ea850b0a2c0f5430cf4eb20a45c078706980f08407e,d24fbe3839599a6a097188bae8cd47ce8083f27deef1341ae3086bf0d5a45bd1,87f63c0590d05baea263cdc42c6e1df2d063fa2def309ecb0283f3036bf33d46,87f63c0590d05baea263cdc42c6e1df2d063fa2def309ecb0283f3036bf33d46,1787978809.3685446,37393.201,18696651,0,0.9584569931030273,1.0473413467407227,1.4177541732788086,0.00095367431640625,-0.02651214599609375,0.00438690185546875,-0.0073261260986328125,-0.0024423599243164062,-0.0024423599243164062,-0.021978378295898438,-0.41758155822753906,-0.0073261260986328125,-0.07570171356201172,-1.25128173828125,5.080341339111328,-1.6483516693115234,-0.05616569519042969,-0.10500621795654297,0.0,-1.202496855222201,6.41282430518168,-1.5588208225798812,0.012341348514257356,-0.0059255760537595395
92,2,heldout,5,-1,-0.3490658503988659,0.5876085179988877,3,s,af3726fcacd0ac1320a56ea850b0a2c0f5430cf4eb20a45c078706980f08407e,d24fbe3839599a6a097188bae8cd47ce8083f27deef1341ae3086bf0d5a45bd1,87f63c0590d05baea263cdc42c6e1df2d063fa2def309ecb0283f3036bf33d46,87f63c0590d05baea263cdc42c6e1df2d063fa2def309ecb0283f3036bf33d46,1787978809.3705134,37393.203,18696652,0,0.9584569931030273,1.0473413467407227,1.4177541732788086,0.00095367431640625,-0.02765655517578125,0.00438690185546875,-0.0073261260986328125,-0.0024423599243164062,-0.0024423599243164062,-0.0073261260986328125,-0.4322338104248047,-0.0073261260986328125,-0.07570171356201172,-1.2649574279785156,5.0666656494140625,-1.643467903137207,-0.05616569519042969,-0.10500621795654297,0.0,-1.2024598765528682,6.412787326512347,-1.5587838439105488,0.012684068187089871,-0.005941965061053944
92,2,heldout,5,-1,-0.3490658503988659,0.5895669230012572,3,s,af3726fcacd0ac1320a56ea850b0a2c0f5430cf4eb20a45c078706980f08407e,d24fbe3839599a6a097188bae8cd47ce8083f27deef1341ae3086bf0d5a45bd1,87f63c0590d05baea263cdc42c6e1df2d063fa2def309ecb0283f3036bf33d46,87f63c0590d05baea263cdc42c6e1df2d063fa2def309ecb0283f3036bf33d46,1787978809.3730009,37393.205,18696653,0,0.9584569931030273,1.0473413467407227,1.4177541732788086,0.00095367431640625,-0.02841949462890625,0.00438690185546875,-0.0073261260986328125,-0.0024423599243164062,-0.0024423599243164062,-0.0073261260986328125,-0.4322338104248047,-0.0073261260986328125,-0.07570171356201172,-1.2649574279785156,5.0666656494140625,-1.643467903137207,-0.05128192901611328,-0.10500621795654297,0.0,-1.2024346614307535,6.41276211139023,-1.5587586287884323,0.012912538767810896,-0.005952890778995678
92,2,heldout,5,-1,-0.3490658503988659,0.5920835540018743,3,s,af3726fcacd0ac1320a56ea850b0a2c0f5430cf4eb20a45c078706980f08407e,d24fbe3839599a6a097188bae8cd47ce8083f27deef1341ae3086bf0d5a45bd1,87f63c0590d05baea263cdc42c6e1df2d063fa2def309ecb0283f3036bf33d46,87f63c0590d05baea263cdc42c6e1df2d063fa2def309ecb0283f3036bf33d46,1787978809.3749146,37393.206999999995,18696654,0,0.9584569931030273,1.0473413467407227,1.4177541732788086,0.00095367431640625,-0.02880096435546875,0.00438690185546875,-0.0073261260986328125,-0.0024423599243164062,-0.0024423599243164062,-0.0073261260986328125,-0.373626708984375,-0.0073261260986328125,-0.07570171356201172,-1.25128173828125,5.080341339111328,-1.6385831832885742,-0.046398162841796875,-0.10500621795654297,0.0,-1.2024218850724062,6.412749335031883,-1.5587458524300846,0.013026771247950545,-0.0059583535495053176
92,2,heldout,5,-1,-0.3490658503988659,0.5939674019973609,3,s,af3726fcacd0ac1320a56ea850b0a2c0f5430cf4eb20a45c078706980f08407e,d24fbe3839599a6a097188bae8cd47ce8083f27deef1341ae3086bf0d5a45bd1,87f63c0590d05baea263cdc42c6e1df2d063fa2def309ecb0283f3036bf33d46,87f63c0590d05baea263cdc42c6e1df2d063fa2def309ecb0283f3036bf33d46,1787978809.376829,37393.208999999995,18696655,0,0.9584569931030273,1.0473413467407227,1.4177541732788086,0.00095367431640625,-0.02994537353515625,0.00438690185546875,-0.0073261260986328125,-0.0024423599243164062,-0.0024423599243164062,-0.021978378295898438,-0.373626708984375,-0.0073261260986328125,-0.07570171356201172,-1.2649574279785156,5.080341339111328,-1.6385831832885742,-0.04151439666748047,-0.10500621795654297,0.0,-1.2023828808305654,6.412710330790042,-1.5587068481882445,0.0133694572480107,-0.005974741497650114
92,2,heldout,5,-1,-0.3490658503988659,0.5958817919963622,3,s,af3726fcacd0ac1320a56ea850b0a2c0f5430cf4eb20a45c078706980f08407e,d24fbe3839599a6a097188bae8cd47ce8083f27deef1341ae3086bf0d5a45bd1,87f63c0590d05baea263cdc42c6e1df2d063fa2def309ecb0283f3036bf33d46,87f63c0590d05baea263cdc42c6e1df2d063fa2def309ecb0283f3036bf33d46,1787978809.3787274,37393.210999999996,18696656,0,0.9584569931030273,1.0473413467407227,1.4177541732788086,0.00095367431640625,-0.03070831298828125,0.00438690185546875,-0.021978378295898438,-0.0024423599243164062,-0.0024423599243164062,-0.0073261260986328125,-0.41758155822753906,-0.0073261260986328125,-0.07570171356201172,-1.25128173828125,5.0666656494140625,-1.6385831832885742,-0.036629676818847656,-0.10500621795654297,0.0,-1.202356315382635,6.412683765342112,-1.5586802827403134,0.013597904881527935,-0.005985666485644026
92,2,heldout,5,-1,-0.3490658503988659,0.5977958029980073,3,s,af3726fcacd0ac1320a56ea850b0a2c0f5430cf4eb20a45c078706980f08407e,d24fbe3839599a6a097188bae8cd47ce8083f27deef1341ae3086bf0d5a45bd1,87f63c0590d05baea263cdc42c6e1df2d063fa2def309ecb0283f3036bf33d46,87f63c0590d05baea263cdc42c6e1df2d063fa2def309ecb0283f3036bf33d46,1787978809.3806355,37393.212999999996,18696657,0,0.9584569931030273,1.0473413467407227,1.4177541732788086,0.00095367431640625,-0.03108978271484375,0.00438690185546875,-0.0073261260986328125,-0.0024423599243164062,-0.0024423599243164062,0.0073261260986328125,-0.3882789611816406,-0.0073261260986328125,-0.08058643341064453,-1.25128173828125,5.0666656494140625,-1.6336994171142578,-0.036629676818847656,-0.10500621795654297,0.0,-1.2023428638784321,6.412670313837909,-1.5586668312361105,0.013712125738464,-0.005991128884025491
92,2,heldout,5,-1,-0.3490658503988659,0.5996879430022091,3,s,af3726fcacd0ac1320a56ea850b0a2c0f5430cf4eb20a45c078706980f08407e,d24fbe3839599a6a097188bae8cd47ce8083f27deef1341ae3086bf0d5a45bd1,87f63c0590d05baea263cdc42c6e1df2d063fa2def309ecb0283f3036bf33d46,87f63c0590d05baea263cdc42c6e1df2d063fa2def309ecb0283f3036bf33d46,1787978809.3825421,37393.215,18696658,0,0.9584569931030273,1.0473413467407227,1.4177541732788086,0.00095367431640625,-0.031853675842285156,0.00438690185546875,-0.0073261260986328125,-0.0024423599243164062,-0.0024423599243164062,-0.0073261260986328125,-0.34432220458984375,-0.0073261260986328125,-0.08058643341064453,-1.2649574279785156,5.080341339111328,-1.6336994171142578,-0.04151439666748047,-0.10500621795654297,0.0,-1.2023155889870014,6.412643038946478,-1.5586395563446804,0.013940846989173155,-0.0060020671411701
92,2,heldout,5,-1,-0.3490658503988659,0.6015942949961754,3,s,af3726fcacd0ac1320a56ea850b0a2c0f5430cf4eb20a45c078706980f08407e,d24fbe3839599a6a097188bae8cd47ce8083f27deef1341ae3086bf0d5a45bd1,87f63c0590d05baea263cdc42c6e1df2d063fa2def309ecb0283f3036bf33d46,87f63c0590d05baea263cdc42c6e1df2d063fa2def309ecb0283f3036bf33d46,1787978809.3844597,37393.217,18696659,0,0.9584569931030273,1.0473413467407227,1.4177541732788086,0.00095367431640625,-0.032235145568847656,0.00438690185546875,-0.0073261260986328125,-0.0024423599243164062,-0.0024423599243164062,-0.021978378295898438,-0.3003654479980469,-0.0073261260986328125,-0.08058643341064453,-1.2649574279785156,5.080341339111328,-1.6336994171142578,-0.046398162841796875,-0.10500621795654297,0.0,-1.2023017996547938,6.412629249614272,-1.558625767012474,0.01405506180502338,-0.006007529342589444
92,2,heldout,5,-1,-0.3490658503988659,0.6035131259995978,3,s,af3726fcacd0ac1320a56ea850b0a2c0f5430cf4eb20a45c078706980f08407e,d24fbe3839599a6a097188bae8cd47ce8083f27deef1341ae3086bf0d5a45bd1,87f63c0590d05baea263cdc42c6e1df2d063fa2def309ecb0283f3036bf33d46,87f63c0590d05baea263cdc42c6e1df2d063fa2def309ecb0283f3036bf33d46,1787978809.3869097,37393.219,18696660,0,0.9584569931030273,1.0473413467407227,1.4177541732788086,0.00095367431640625,-0.032998085021972656,0.00438690185546875,-0.0073261260986328125,-0.0024423599243164062,-0.0024423599243164062,-0.0073261260986328125,-0.3003654479980469,-0.0073261260986328125,-0.08058643341064453,-1.2649574279785156,5.080341339111328,-1.6336994171142578,-0.05128192901611328,-0.10500621795654297,0.0,-1.202273883457671,6.412601333417148,-1.558597850815349,0.014283485284261724,-0.006018453543063022
92,2,heldout,5,-1,-0.3490658503988659,0.6059622730026604,3,s,af3726fcacd0ac1320a56ea850b0a2c0f5430cf4eb20a45c078706980f08407e,d24fbe3839599a6a097188bae8cd47ce8083f27deef1341ae3086bf0d5a45bd1,87f63c0590d05baea263cdc42c6e1df2d063fa2def309ecb0283f3036bf33d46,87f63c0590d05baea263cdc42c6e1df2d063fa2def309ecb0283f3036bf33d46,1787978809.3888102,37393.221,18696661,0,0.9584569931030273,1.0473413467407227,1.4177541732788086,0.00095367431640625,-0.033379554748535156,0.00438690185546875,-0.0073261260986328125,-0.0024423599243164062,-0.0024423599243164062,-0.0073261260986328125,-0.3150177001953125,-0.0073261260986328125,-0.08058643341064453,-1.25128173828125,5.080341339111328,-1.6336994171142578,-0.0610504150390625,-0.10988998413085938,0.0,-1.2022597565968147,6.412587206556291,-1.5585837239544937,0.01439769391440985,-0.006023915540527574
92,2,heldout,5,-1,-0.3490658503988659,0.6078627980023157,3,s,af3726fcacd0ac1320a56ea850b0a2c0f5430cf4eb20a45c078706980f08407e,d24fbe3839599a6a097188bae8cd47ce8083f27deef1341ae3086bf0d5a45bd1,87f63c0590d05baea263cdc42c6e1df2d063fa2def309ecb0283f3036bf33d46,87f63c0590d05baea263cdc42c6e1df2d063fa2def309ecb0283f3036bf33d46,1787978809.3907044,37393.223,18696662,0,0.9584569931030273,1.0473413467407227,1.4177541732788086,0.00095367431640625,-0.034142494201660156,0.00438690185546875,-0.0073261260986328125,-0.0024423599243164062,-0.0024423599243164062,0.0073261260986328125,-0.3003654479980469,-0.0073261260986328125,-0.08058643341064453,-1.25128173828125,5.080341339111328,-1.6336994171142578,-0.0659341812133789,-0.10988998413085938,0.0,-1.2022311653607978,6.4125586153202745,-1.558555132718476,0.014626104872666296,-0.0060348393259380744
92,2,heldout,5,-1,-0.3490658503988659,0.6097658750004484,3,s,af3726fcacd0ac1320a56ea850b0a2c0f5430cf4eb20a45c078706980f08407e,d24fbe3839599a6a097188bae8cd47ce8083f27deef1341ae3086bf0d5a45bd1,87f63c0590d05baea263cdc42c6e1df2d063fa2def309ecb0283f3036bf33d46,87f63c0590d05baea263cdc42c6e1df2d063fa2def309ecb0283f3036bf33d46,1787978809.3926032,37393.225,18696663,0,0.9584569931030273,1.0473413467407227,1.4177541732788086,0.00095367431640625,-0.034523963928222656,0.00438690185546875,-0.0073261260986328125,-0.0024423599243164062,-0.0024423599243164062,-0.0073261260986328125,-0.3003654479980469,-0.0073261260986328125,-0.07570171356201172,-1.2376060485839844,5.080341339111328,-1.6336994171142578,-0.08547019958496094,-0.10988998413085938,0.0,-1.2022167009897955,6.412544150949272,-1.5585406683474736,0.014740307167536451,-0.006040301112294405
92,2,heldout,5,-1,-0.3490658503988659,0.6116773440007819,3,s,af3726fcacd0ac1320a56ea850b0a2c0f5430cf4eb20a45c078706980f08407e,d24fbe3839599a6a097188bae8cd47ce8083f27deef1341ae3086bf0d5a45bd1,87f63c0590d05baea263cdc42c6e1df2d063fa2def309ecb0283f3036bf33d46,87f63c0590d05baea263cdc42c6e1df2d063fa2def309ecb0283f3036bf33d46,1787978809.394541,37393.227,18696664,0,0.9584569931030273,1.0473413467407227,1.4177541732788086,0.00095367431640625,-0.035286903381347656,0.00438690185546875,-0.0073261260986328125,-0.0024423599243164062,-0.0024423599243164062,-0.0073261260986328125,-0.28571510314941406,-0.0073261260986328125,-0.07570171356201172,-1.2376060485839844,5.080341339111328,-1.6336994171142578,-0.10988998413085938,-0.10500621795654297,0.0,-1.2021874347523274,6.412514884711804,-1.5585114021100062,0.014968705305667527,-0.006051224468335251
92,2,heldout,5,-1,-0.3490658503988659,0.6135943819972454,3,s,af3726fcacd0ac1320a56ea850b0a2c0f5430cf4eb20a45c078706980f08407e,d24fbe3839599a6a097188bae8cd47ce8083f27deef1341ae3086bf0d5a45bd1,87f63c0590d05baea263cdc42c6e1df2d063fa2def309ecb0283f3036bf33d46,87f63c0590d05baea263cdc42c6e1df2d063fa2def309ecb0283f3036bf33d46,1787978809.3964179,37393.229,18696665,0,0.9584569931030273,1.0473413467407227,1.4177541732788086,0.00095367431640625,-0.035668373107910156,0.00438690185546875,-0.0073261260986328125,-0.0024423599243164062,-0.0024423599243164062,-0.021978378295898438,-0.28571510314941406,-0.0073261260986328125,-0.07570171356201172,-1.2376060485839844,5.0666656494140625,-1.6336994171142578,-0.1294260025024414,-0.10988998413085938,0.0,-1.202172632890122,6.412500082849599,-1.558496600247801,0.015082901115692136,-0.00605668603643021
92,2,heldout,5,-1,-0.3490658503988659,0.6154640140011907,3,s,af3726fcacd0ac1320a56ea850b0a2c0f5430cf4eb20a45c078706980f08407e,d24fbe3839599a6a097188bae8cd47ce8083f27deef1341ae3086bf0d5a45bd1,87f63c0590d05baea263cdc42c6e1df2d063fa2def309ecb0283f3036bf33d46,87f63c0590d05baea263cdc42c6e1df2d063fa2def309ecb0283f3036bf33d46,1787978809.3988705,37393.231,18696666,0,0.9584569931030273,1.0473413467407227,1.4177541732788086,0.00095367431640625,-0.036049842834472656,0.00438690185546875,-0.0073261260986328125,-0.0024423599243164062,-0.0024423599243164062,-0.0073261260986328125,-0.2417583465576172,-0.0073261260986328125,-0.07570171356201172,-1.2376060485839844,5.080341339111328,-1.6336994171142578,-0.13919448852539062,-0.10500621795654297,0.0,-1.2021577185351346,6.412485168494611,-1.5584816858928134,0.015197094730865795,-0.00606214753018184
92,2,heldout,5,-1,-0.3490658503988659,0.6179135100028361,3,s,af3726fcacd0ac1320a56ea850b0a2c0f5430cf4eb20a45c078706980f08407e,d24fbe3839599a6a097188bae8cd47ce8083f27deef1341ae3086bf0d5a45bd1,87f63c0590d05baea263cdc42c6e1df2d063fa2def309ecb0283f3036bf33d46,87f63c0590d05baea263cdc42c6e1df2d063fa2def309ecb0283f3036bf33d46,1787978809.400743,37393.233,18696667,0,0.9584569931030273,1.0473413467407227,1.4177541732788086,0.00095367431640625,-0.036431312561035156,0.00438690185546875,0.0073261260986328125,-0.0024423599243164062,-0.0024423599243164062,-0.021978378295898438,-0.2564105987548828,-0.0073261260986328125,-0.07570171356201172,-1.25128173828125,5.080341339111328,-1.6385831832885742,-0.14896202087402344,-0.10988998413085938,0.0,-1.2021426916895366,6.412470141649013,-1.558466659047215,0.015311286134571129,-0.006067608948795386
92,2,heldout,5,-1,-0.3490658503988659,0.6197906140005216,3,s,af3726fcacd0ac1320a56ea850b0a2c0f5430cf4eb20a45c078706980f08407e,d24fbe3839599a6a097188bae8cd47ce8083f27deef1341ae3086bf0d5a45bd1,87f63c0590d05baea263cdc42c6e1df2d063fa2def309ecb0283f3036bf33d46,87f63c0590d05baea263cdc42c6e1df2d063fa2def309ecb0283f3036bf33d46,1787978809.4026394,37393.235,18696668,0,0.9584569931030273,1.0473413467407227,1.4177541732788086,0.00095367431640625,-0.037575721740722656,0.00438690185546875,-0.0073261260986328125,-0.0024423599243164062,-0.0024423599243164062,-0.0073261260986328125,-0.3296699523925781,-0.0073261260986328125,-0.07570171356201172,-1.25128173828125,5.0666656494140625,-1.6385831832885742,-0.15384578704833984,-0.10988998413085938,0.0,-1.2020969362310203,6.412424386190497,-1.5584209035886987,0.015653846910708515,-0.006083992745860181
92,2,heldout,5,-1,-0.3490658503988659,0.6216990309985704,3,s,af3726fcacd0ac1320a56ea850b0a2c0f5430cf4eb20a45c078706980f08407e,d24fbe3839599a6a097188bae8cd47ce8083f27deef1341ae3086bf0d5a45bd1,87f63c0590d05baea263cdc42c6e1df2d063fa2def309ecb0283f3036bf33d46,87f63c0590d05baea263cdc42c6e1df2d063fa2def309ecb0283f3036bf33d46,1787978809.4045112,37393.237,18696669,0,0.9584569931030273,1.0473413467407227,1.4177541732788086,0.00095367431640625,-0.038338661193847656,0.00438690185546875,-0.021978378295898438,-0.0024423599243164062,-0.0024423599243164062,-0.0073261260986328125,-0.3882789611816406,-0.0073261260986328125,-0.07570171356201172,-1.2376060485839844,5.0666656494140625,-1.6385831832885742,-0.15873050689697266,-0.10988998413085938,0.0,-1.2020658701794793,6.412393320138956,-1.5583898375371579,0.015882209399488225,-0.006094914886976346
92,2,heldout,5,-1,-0.3490658503988659,0.6235541509959148,3,s,af3726fcacd0ac1320a56ea850b0a2c0f5430cf4eb20a45c078706980f08407e,d24fbe3839599a6a097188bae8cd47ce8083f27deef1341ae3086bf0d5a45bd1,87f63c0590d05baea263cdc42c6e1df2d063fa2def309ecb0283f3036bf33d46,87f63c0590d05baea263cdc42c6e1df2d063fa2def309ecb0283f3036bf33d46,1787978809.4069986,37393.239,18696670,0,0.9584569931030273,1.0473413467407227,1.4177541732788086,0.00095367431640625,-0.039101600646972656,0.00438690185546875,-0.0073261260986328125,-0.0024423599243164062,-0.0024423599243164062,-0.0073261260986328125,-0.3296699523925781,-0.0073261260986328125,-0.07570171356201172,-1.25128173828125,5.080341339111328,-1.6336994171142578,-0.15873050689697266,-0.10988998413085938,0.0,-1.2020343542189713,6.412361804178448,-1.5583583215766497,0.016110562643605792,-0.006105836708467084
92,2,heldout,5,-1,-0.3490658503988659,0.6260510240026633,3,s,af3726fcacd0ac1320a56ea850b0a2c0f5430cf4eb20a45c078706980f08407e,d24fbe3839599a6a097188bae8cd47ce8083f27deef1341ae3086bf0d5a45bd1,87f63c0590d05baea263cdc42c6e1df2d063fa2def309ecb0283f3036bf33d46,87f63c0590d05baea263cdc42c6e1df2d063fa2def309ecb0283f3036bf33d46,1787978809.4089358,37393.241,18696671,0,0.9584569931030273,1.0473413467407227,1.4177541732788086,0.00095367431640625,-0.039483070373535156,0.00438690185546875,-0.021978378295898438,-0.0024423599243164062,-0.0024423599243164062,-0.0073261260986328125,-0.3150177001953125,0.0073261260986328125,-0.07570171356201172,-1.25128173828125,5.0666656494140625,-1.6336994171142578,-0.15873050689697266,-0.10500621795654297,0.0,-1.2020184275285781,6.412345877488055,-1.5583423948862565,0.016224735757378848,-0.006111297497366242
92,2,heldout,5,-1,-0.3490658503988659,0.6279883320021327,3,s,af3726fcacd0ac1320a56ea850b0a2c0f5430cf4eb20a45c078706980f08407e,d24fbe3839599a6a097188bae8cd47ce8083f27deef1341ae3086bf0d5a45bd1,87f63c0590d05baea263cdc42c6e1df2d063fa2def309ecb0283f3036bf33d46,87f63c0590d05baea263cdc42c6e1df2d063fa2def309ecb0283f3036bf33d46,1787978809.410851,37393.242999999995,18696672,0,0.9584569931030273,1.0473413467407227,1.4177541732788086,0.00095367431640625,-0.040246009826660156,0.00438690185546875,-0.0073261260986328125,-0.0024423599243164062,-0.0024423599243164062,-0.021978378295898438,-0.3296699523925781,-0.0073261260986328125,-0.07570171356201172,-1.25128173828125,5.0666656494140625,-1.6336994171142578,-0.15384578704833984,-0.10500621795654297,0.0,-1.201986236739097,6.412313686698574,-1.5583102040967758,0.016453074885281634,-0.006122218827498889
92,2,heldout,5,-1,-0.3490658503988659,0.629901856998913,3,s,af3726fcacd0ac1320a56ea850b0a2c0f5430cf4eb20a45c078706980f08407e,d24fbe3839599a6a097188bae8cd47ce8083f27deef1341ae3086bf0d5a45bd1,87f63c0590d05baea263cdc42c6e1df2d063fa2def309ecb0283f3036bf33d46,87f63c0590d05baea263cdc42c6e1df2d063fa2def309ecb0283f3036bf33d46,1787978809.41274,37393.244999999995,18696673,0,0.9584569931030273,1.0473413467407227,1.4177541732788086,0.00095367431640625,-0.041008949279785156,0.00438690185546875,-0.0073261260986328125,-0.0024423599243164062,-0.0024423599243164062,-0.0073261260986328125,-0.3589744567871094,-0.0073261260986328125,-0.07570171356201172,-1.2649574279785156,5.0666656494140625,-1.6336994171142578,-0.1343097686767578,-0.10988998413085938,0.0,-1.2019535960870047,6.412281046046481,-1.558277563444683,0.01668140443623485,-0.006133139822113126
92,2,heldout,5,-1,-0.3490658503988659,0.6318061319980188,3,s,af3726fcacd0ac1320a56ea850b0a2c0f5430cf4eb20a45c078706980f08407e,d24fbe3839599a6a097188bae8cd47ce8083f27deef1341ae3086bf0d5a45bd1,87f63c0590d05baea263cdc42c6e1df2d063fa2def309ecb0283f3036bf33d46,87f63c0590d05baea263cdc42c6e1df2d063fa2def309ecb0283f3036bf33d46,1787978809.414644,37393.246999999996,18696674,0,0.9584569931030273,1.0473413467407227,1.4177541732788086,0.00095367431640625,-0.041771888732910156,0.00438690185546875,-0.0073261260986328125,-0.0024423599243164062,-0.0024423599243164062,-0.0073261260986328125,-0.373626708984375,-0.021978378295898438,-0.07570171356201172,-1.2649574279785156,5.080341339111328,-1.6336994171142578,-0.124542236328125,-0.10988998413085938,0.0,-1.2019205055912976,6.412247955550774,-1.5582444729489766,0.016909724277333196,-0.006144060474852094
92,2,heldout,5,-1,-0.3490658503988659,0.6336970219999785,3,s,af3726fcacd0ac1320a56ea850b0a2c0f5430cf4eb20a45c078706980f08407e,d24fbe3839599a6a097188bae8cd47ce8083f27deef1341ae3086bf0d5a45bd1,87f63c0590d05baea263cdc42c6e1df2d063fa2def309ecb0283f3036bf33d46,87f63c0590d05baea263cdc42c6e1df2d063fa2def309ecb0283f3036bf33d46,1787978809.4165688,37393.248999999996,18696675,0,0.9584569931030273,1.0473413467407227,1.4177541732788086,0.00095367431640625,-0.042534828186035156,0.00438690185546875,-0.0073261260986328125,-0.0024423599243164062,-0.0024423599243164062,-0.0073261260986328125,-0.41758155822753906,-0.0073261260986328125,-0.07570171356201172,-1.2649574279785156,5.0666656494140625,-1.6336994171142578,-0.1196584701538086,-0.10988998413085938,0.0,-1.2018869652712367,6.4122144152307134,-1.5582109326289157,0.017138034275677057,-0.006154980779359139
92,2,heldout,5,-1,-0.3490658503988659,0.6356406699997024,3,s,af3726fcacd0ac1320a56ea850b0a2c0f5430cf4eb20a45c078706980f08407e,d24fbe3839599a6a097188bae8cd47ce8083f27deef1341ae3086bf0d5a45bd1,87f63c0590d05baea263cdc42c6e1df2d063fa2def309ecb0283f3036bf33d46,87f63c0590d05baea263cdc42c6e1df2d063fa2def309ecb0283f3036bf33d46,1787978809.4184682,37393.251,18696676,0,0.9584569931030273,1.0473413467407227,1.4177541732788086,0.00095367431640625,-0.043297767639160156,0.00438690185546875,0.0073261260986328125,-0.0024423599243164062,-0.0024423599243164062,-0.021978378295898438,-0.3882789611816406,-0.0073261260986328125,-0.08058643341064453,-1.25128173828125,5.0666656494140625,-1.6336994171142578,-0.10988998413085938,-0.10988998413085938,0.0,-1.2018529751463478,6.4121804251058245,-1.558176942504026,0.017366334298372522,-0.006165900729277808
92,2,heldout,5,-1,-0.3490658503988659,0.6375152719992911,3,s,af3726fcacd0ac1320a56ea850b0a2c0f5430cf4eb20a45c078706980f08407e,d24fbe3839599a6a097188bae8cd47ce8083f27deef1341ae3086bf0d5a45bd1,87f63c0590d05baea263cdc42c6e1df2d063fa2def309ecb0283f3036bf33d46,87f63c0590d05baea263cdc42c6e1df2d063fa2def309ecb0283f3036bf33d46,1787978809.4209306,37393.253,18696677,0,0.9584569931030273,1.0473413467407227,1.4177541732788086,0.00095367431640625,-0.044060707092285156,0.00438690185546875,-0.0073261260986328125,-0.0024423599243164062,-0.0024423599243164062,0.0073261260986328125,-0.3296699523925781,0.0073261260986328125,-0.08058643341064453,-1.25128173828125,5.0666656494140625,-1.6288156509399414,-0.10500621795654297,-0.10500621795654297,0.0,-1.2018185352364115,6.412145985195888,-1.5581425025940903,0.0175946242125315,-0.006176820318251851
92,2,heldout,5,-1,-0.3490658503988659,0.6399816619959893,3,s,af3726fcacd0ac1320a56ea850b0a2c0f5430cf4eb20a45c078706980f08407e,d24fbe3839599a6a097188bae8cd47ce8083f27deef1341ae3086bf0d5a45bd1,87f63c0590d05baea263cdc42c6e1df2d063fa2def309ecb0283f3036bf33d46,87f63c0590d05baea263cdc42c6e1df2d063fa2def309ecb0283f3036bf33d46,1787978809.4228945,37393.255,18696678,0,0.9584569931030273,1.0473413467407227,1.4177541732788086,0.00095367431640625,-0.044823646545410156,0.00438690185546875,-0.021978378295898438,-0.0024423599243164062,-0.0024423599243164062,-0.0073261260986328125,-0.373626708984375,-0.0073261260986328125,-0.07570171356201172,-1.2376060485839844,5.0666656494140625,-1.6336994171142578,-0.09523773193359375,-0.10500621795654297,0.0,-1.2017836455614783,6.412111095520955,-1.5581076129191567,0.017822903885271763,-0.006187739539925232
92,2,heldout,5,-1,-0.3490658503988659,0.6419474150025053,3,s,af3726fcacd0ac1320a56ea850b0a2c0f5430cf4eb20a45c078706980f08407e,d24fbe3839599a6a097188bae8cd47ce8083f27deef1341ae3086bf0d5a45bd1,87f63c0590d05baea263cdc42c6e1df2d063fa2def309ecb0283f3036bf33d46,87f63c0590d05baea263cdc42c6e1df2d063fa2def309ecb0283f3036bf33d46,1787978809.4248118,37393.257,18696679,0,0.9584569931030273,1.0473413467407227,1.4177541732788086,0.00095367431640625,-0.045586585998535156,0.00438690185546875,-0.021978378295898438,-0.0024423599243164062,-0.0024423599243164062,-0.021978378295898438,-0.40293121337890625,-0.0073261260986328125,-0.07570171356201172,-1.2376060485839844,5.0666656494140625,-1.6385831832885742,-0.09035396575927734,-0.10500621795654297,0.0,-1.201748306141854,6.412075756101331,-1.5580722734995327,0.018051173183717083,-0.006198658387942128
92,2,heldout,5,-1,-0.3490658503988659,0.6438633180005127,3,s,af3726fcacd0ac1320a56ea850b0a2c0f5430cf4eb20a45c078706980f08407e,d24fbe3839599a6a097188bae8cd47ce8083f27deef1341ae3086bf0d5a45bd1,87f63c0590d05baea263cdc42c6e1df2d063fa2def309ecb0283f3036bf33d46,87f63c0590d05baea263cdc42c6e1df2d063fa2def309ecb0283f3036bf33d46,1787978809.4267185,37393.259,18696680,0,0.9584569931030273,1.0473413467407227,1.4177541732788086,0.00095367431640625,-0.046349525451660156,0.00438690185546875,-0.0073261260986328125,-0.0024423599243164062,-0.0024423599243164062,-0.0073261260986328125,-0.3589744567871094,-0.0073261260986328125,-0.07570171356201172,-1.25128173828125,5.0666656494140625,-1.6336994171142578,-0.09035396575927734,-0.10500621795654297,0.0,-1.2017125169981102,6.412039966957587,-1.5580364843557892,0.018279431974997224,-0.006209576855946935
92,2,heldout,5,-1,-0.3490658503988659,0.6457856580018415,3,s,af3726fcacd0ac1320a56ea850b0a2c0f5430cf4eb20a45c078706980f08407e,d24fbe3839599a6a097188bae8cd47ce8083f27deef1341ae3086bf0d5a45bd1,87f63c0590d05baea263cdc42c6e1df2d063fa2def309ecb0283f3036bf33d46,87f63c0590d05baea263cdc42c6e1df2d063fa2def309ecb0283f3036bf33d46,1787978809.4286435,37393.261,18696681,0,0.9584569931030273,1.0473413467407227,1.4177541732788086,0.00095367431640625,-0.046730995178222656,0.00438690185546875,0.0073261260986328125,-0.0024423599243164062,-0.0024423599243164062,-0.021978378295898438,-0.3589744567871094,-0.0073261260986328125,-0.07570171356201172,-1.25128173828125,5.0666656494140625,-1.6336994171142578,-0.09035396575927734,-0.10988998413085938,0.0,-1.2016944537861938,6.4120219037456705,-1.5580184211438723,0.018393557388930098,-0.006215035945458739
92,2,heldout,5,-1,-0.3490658503988659,0.6476960720028728,3,s,af3726fcacd0ac1320a56ea850b0a2c0f5430cf4eb20a45c078706980f08407e,d24fbe3839599a6a097188bae8cd47ce8083f27deef1341ae3086bf0d5a45bd1,87f63c0590d05baea263cdc42c6e1df2d063fa2def309ecb0283f3036bf33d46,87f63c0590d05baea263cdc42c6e1df2d063fa2def309ecb0283f3036bf33d46,1787978809.4315774,37393.263,18696682,0,0.9584569931030273,1.0473413467407227,1.4177541732788086,0.00095367431640625,-0.047875404357910156,0.00438690185546875,-0.021978378295898438,-0.0024423599243164062,-0.0024423599243164062,-0.0073261260986328125,-0.373626708984375,-0.0073261260986328125,-0.07570171356201172,-1.25128173828125,5.0666656494140625,-1.6336994171142578,-0.09035396575927734,-0.10988998413085938,0.0,-1.2016395896218532,6.41196703958133,-1.5579635569795316,0.018735917504611836,-0.006231412626498964
92,2,heldout,5,-1,-0.3490658503988659,0.6507700579968514,3,s,af3726fcacd0ac1320a56ea850b0a2c0f5430cf4eb20a45c078706980f08407e,d24fbe3839599a6a097188bae8cd47ce8083f27deef1341ae3086bf0d5a45bd1,87f63c0590d05baea263cdc42c6e1df2d063fa2def309ecb0283f3036bf33d46,87f63c0590d05baea263cdc42c6e1df2d063fa2def309ecb0283f3036bf33d46,1787978809.4325593,37393.265,18696683,0,0.9584569931030273,1.0473413467407227,1.4177541732788086,0.00095367431640625,-0.048638343811035156,0.00438690185546875,-0.0073261260986328125,-0.0024423599243164062,-0.0024423599243164062,-0.0073261260986328125,-0.373626708984375,-0.0073261260986328125,-0.08058643341064453,-1.25128173828125,5.0666656494140625,-1.6385831832885742,-0.08058643341064453,-0.10988998413085938,0.0,-1.2016024514317887,6.411929901391265,-1.5579264187894675,0.018964143977236746,-0.006242329916336097
92,2,heldout,5,-1,-0.3490658503988659,0.6516249449996394,3,s,af3726fcacd0ac1320a56ea850b0a2c0f5430cf4eb20a45c078706980f08407e,d24fbe3839599a6a097188bae8cd47ce8083f27deef1341ae3086bf0d5a45bd1,87f63c0590d05baea263cdc42c6e1df2d063fa2def309ecb0283f3036bf33d46,87f63c0590d05baea263cdc42c6e1df2d063fa2def309ecb0283f3036bf33d46,1787978809.4344716,37393.267,18696684,0,0.9584569931030273,1.0473413467407227,1.4177541732788086,0.00095367431640625,-0.049401283264160156,0.00438690185546875,-0.0073261260986328125,-0.0024423599243164062,-0.0024423599243164062,-0.0073261260986328125,-0.3882789611816406,-0.0073261260986328125,-0.07570171356201172,-1.25128173828125,5.0666656494140625,-1.6336994171142578,-0.07570171356201172,-0.10988998413085938,0.0,-1.201564863602504,6.411892313561981,-1.5578888309601828,0.019192359411277574,-0.006253246800740965
92,2,heldout,5,-1,-0.3490658503988659,0.653520779000246,3,s,af3726fcacd0ac1320a56ea850b0a2c0f5430cf4eb20a45c078706980f08407e,d24fbe3839599a6a097188bae8cd47ce8083f27deef1341ae3086bf0d5a45bd1,87f63c0590d05baea263cdc42c6e1df2d063fa2def309ecb0283f3036bf33d46,87f63c0590d05baea263cdc42c6e1df2d063fa2def309ecb0283f3036bf33d46,1787978809.4369447,37393.269,18696685,0,0.9584569931030273,1.0473413467407227,1.4177541732788086,0.00095367431640625,-0.050164222717285156,0.00438690185546875,0.0073261260986328125,-0.0024423599243164062,-0.0024423599243164062,0.0073261260986328125,-0.41758155822753906,-0.0073261260986328125,-0.08058643341064453,-1.25128173828125,5.0666656494140625,-1.6336994171142578,-0.08058643341064453,-0.10988998413085938,0.0,-1.201526826155877,6.411854276115354,-1.5578507935135555,0.019420563673895455,-0.006264163273359105
92,2,heldout,5,-1,-0.3490658503988659,0.6559936859994195,3,s,af3726fcacd0ac1320a56ea850b0a2c0f5430cf4eb20a45c078706980f08407e,d24fbe3839599a6a097188bae8cd47ce8083f27deef1341ae3086bf0d5a45bd1,87f63c0590d05baea263cdc42c6e1df2d063fa2def309ecb0283f3036bf33d46,87f63c0590d05baea263cdc42c6e1df2d063fa2def309ecb0283f3036bf33d46,1787978809.4389184,37393.271,18696686,0,0.9584569931030273,1.0473413467407227,1.4177541732788086,0.00095367431640625,-0.050545692443847656,0.00438690185546875,-0.0073261260986328125,-0.0024423599243164062,-0.0024423599243164062,-0.021978378295898438,-0.373626708984375,-0.0073261260986328125,-0.07570171356201172,-1.25128173828125,5.0666656494140625,-1.6336994171142578,-0.08058643341064453,-0.10988998413085938,0.0,-1.2015076388329686,6.411835088792445,-1.5578316061906474,0.019534661574410427,-0.006269621353262449
92,2,heldout,5,-1,-0.3490658503988659,0.6579722949973075,3,s,af3726fcacd0ac1320a56ea850b0a2c0f5430cf4eb20a45c078706980f08407e,d24fbe3839599a6a097188bae8cd47ce8083f27deef1341ae3086bf0d5a45bd1,87f63c0590d05baea263cdc42c6e1df2d063fa2def309ecb0283f3036bf33d46,87f63c0590d05baea263cdc42c6e1df2d063fa2def309ecb0283f3036bf33d46,1787978809.4408364,37393.273,18696687,0,0.9584569931030273,1.0473413467407227,1.4177541732788086,0.00095367431640625,-0.051308631896972656,0.00438690185546875,-0.0073261260986328125,-0.0024423599243164062,-0.0024423599243164062,-0.0073261260986328125,-0.3150177001953125,-0.0073261260986328125,-0.07570171356201172,-1.25128173828125,5.0666656494140625,-1.6385831832885742,-0.08058643341064453,-0.10988998413085938,0.0,-1.2014689270019248,6.4117963769614015,-1.557792894359603,0.019762848830835268,-0.006280537196286408
92,2,heldout,5,-1,-0.3490658503988659,0.6598892059992068,3,s,af3726fcacd0ac1320a56ea850b0a2c0f5430cf4eb20a45c078706980f08407e,d24fbe3839599a6a097188bae8cd47ce8083f27deef1341ae3086bf0d5a45bd1,87f63c0590d05baea263cdc42c6e1df2d063fa2def309ecb0283f3036bf33d46,87f63c0590d05baea263cdc42c6e1df2d063fa2def309ecb0283f3036bf33d46,1787978809.4427776,37393.275,18696688,0,0.9584569931030273,1.0473413467407227,1.4177541732788086,0.00095367431640625,-0.052071571350097656,0.00438690185546875,-0.021978378295898438,-0.0024423599243164062,-0.0024423599243164062,-0.021978378295898438,-0.3296699523925781,-0.0073261260986328125,-0.07570171356201172,-1.25128173828125,5.0666656494140625,-1.6385831832885742,-0.07570171356201172,-0.10988998413085938,0.0,-1.201429765609379,6.411757215568856,-1.5577537329670574,0.019991024583768644,-0.006291452611638538
92,2,heldout,5,-1,-0.3490658503988659,0.6618314380029915,3,s,af3726fcacd0ac1320a56ea850b0a2c0f5430cf4eb20a45c078706980f08407e,d24fbe3839599a6a097188bae8cd47ce8083f27deef1341ae3086bf0d5a45bd1,87f63c0590d05baea263cdc42c6e1df2d063fa2def309ecb0283f3036bf33d46,87f63c0590d05baea263cdc42c6e1df2d063fa2def309ecb0283f3036bf33d46,1787978809.444675,37393.277,18696689,0,0.9584569931030273,1.0473413467407227,1.4177541732788086,0.00095367431640625,-0.053215980529785156,0.00438690185546875,-0.0073261260986328125,-0.0024423599243164062,-0.0024423599243164062,-0.0073261260986328125,-0.3882789611816406,-0.0073261260986328125,-0.07570171356201172,-1.25128173828125,5.0666656494140625,-1.6385831832885742,-0.07081794738769531,-0.11477375030517578,0.0,-1.201370180642686,6.411697630602163,-1.5576941480003648,0.020333266353589553,-0.006307824918883611
92,2,heldout,5,-1,-0.3490658503988659,0.6637259299968719,3,s,af3726fcacd0ac1320a56ea850b0a2c0f5430cf4eb20a45c078706980f08407e,d24fbe3839599a6a097188bae8cd47ce8083f27deef1341ae3086bf0d5a45bd1,87f63c0590d05baea263cdc42c6e1df2d063fa2def309ecb0283f3036bf33d46,87f63c0590d05baea263cdc42c6e1df2d063fa2def309ecb0283f3036bf33d46,1787978809.446595,37393.278999999995,18696690,0,0.9584569931030273,1.0473413467407227,1.4177541732788086,0.00095367431640625,-0.053978919982910156,0.00438690185546875,-0.0073261260986328125,-0.0024423599243164062,-0.0024423599243164062,0.0073261260986328125,-0.41758155822753906,-0.021978378295898438,-0.07570171356201172,-1.25128173828125,5.052989959716797,-1.6385831832885742,-0.07081794738769531,-0.11477375030517578,0.0,-1.2013298954466927,6.411657345406169,-1.5576538628043715,0.020561412766740114,-0.006318739237259695
92,2,heldout,5,-1,-0.3490658503988659,0.6656462929968257,3,s,af3726fcacd0ac1320a56ea850b0a2c0f5430cf4eb20a45c078706980f08407e,d24fbe3839599a6a097188bae8cd47ce8083f27deef1341ae3086bf0d5a45bd1,87f63c0590d05baea263cdc42c6e1df2d063fa2def309ecb0283f3036bf33d46,87f63c0590d05baea263cdc42c6e1df2d063fa2def309ecb0283f3036bf33d46,1787978809.44847,37393.280999999995,18696691,0,0.9584569931030273,1.0473413467407227,1.4177541732788086,0.00095367431640625,-0.054360389709472656,0.00438690185546875,-0.0073261260986328125,-0.0024423599243164062,-0.0024423599243164062,-0.0073261260986328125,-0.3882789611816406,-0.0073261260986328125,-0.07570171356201172,-1.2376060485839844,5.0666656494140625,-1.6385831832885742,-0.07081794738769531,-0.11477375030517578,0.0,-1.2013095842920047,6.4116370342514815,-1.5576335516496829,0.02067548149349622,-0.006324196228129157
92,2,heldout,5,-1,-0.3490658503988659,0.6675174810006865,3,s,af3726fcacd0ac1320a56ea850b0a2c0f5430cf4eb20a45c078706980f08407e,d24fbe3839599a6a097188bae8cd47ce8083f27deef1341ae3086bf0d5a45bd1,87f63c0590d05baea263cdc42c6e1df2d063fa2def309ecb0283f3036bf33d46,87f63c0590d05baea263cdc42c6e1df2d063fa2def309ecb0283f3036bf33d46,1787978809.4509027,37393.282999999996,18696692,0,0.9584569931030273,1.0473413467407227,1.4177541732788086,0.00095367431640625,-0.055123329162597656,0.00438690185546875,-0.0073261260986328125,-0.0024423599243164062,-0.0024423599243164062,-0.021978378295898438,-0.3882789611816406,0.0073261260986328125,-0.08058643341064453,-1.2376060485839844,5.080341339111328,-1.6336994171142578,-0.0659341812133789,-0.10988998413085938,0.0,-1.2012686248840274,6.411596074843504,-1.5575925922417062,0.020903609904374187,-0.006335109869260449
92,2,heldout,5,-1,-0.3490658503988659,0.6699484420023509,3,s,af3726fcacd0ac1320a56ea850b0a2c0f5430cf4eb20a45c078706980f08407e,d24fbe3839599a6a097188bae8cd47ce8083f27deef1341ae3086bf0d5a45bd1,87f63c0590d05baea263cdc42c6e1df2d063fa2def309ecb0283f3036bf33d46,87f63c0590d05baea263cdc42c6e1df2d063fa2def309ecb0283f3036bf33d46,1787978809.4527907,37393.284999999996,18696693,0,0.9584569931030273,1.0473413467407227,1.4177541732788086,0.00095367431640625,-0.055886268615722656,0.00438690185546875,-0.021978378295898438,-0.0024423599243164062,-0.0024423599243164062,0.0073261260986328125,-0.3882789611816406,-0.0073261260986328125,-0.07570171356201172,-1.2376060485839844,5.0666656494140625,-1.6336994171142578,-0.0610504150390625,-0.10988998413085938,0.0,-1.2012272160311404,6.411554665990617,-1.5575511833888194,0.021131726147750374,-0.006346023050954436
92,2,heldout,5,-1,-0.3490658503988659,0.6718593429977773,3,s,af3726fcacd0ac1320a56ea850b0a2c0f5430cf4eb20a45c078706980f08407e,d24fbe3839599a6a097188bae8cd47ce8083f27deef1341ae3086bf0d5a45bd1,87f63c0590d05baea263cdc42c6e1df2d063fa2def309ecb0283f3036bf33d46,87f63c0590d05baea263cdc42c6e1df2d063fa2def309ecb0283f3036bf33d46,1787978809.4547026,37393.287,18696694,0,0.9584569931030273,1.0473413467407227,1.4177541732788086,0.00095367431640625,-0.056649208068847656,0.00438690185546875,-0.0073261260986328125,-0.0024423599243164062,-0.0024423599243164062,0.0073261260986328125,-0.373626708984375,-0.0073261260986328125,-0.07570171356201172,-1.2376060485839844,5.0666656494140625,-1.6385831832885742,-0.05616569519042969,-0.10988998413085938,0.0,-1.2011853577574487,6.411512807716925,-1.5575093251151275,0.021359830090843645,-0.006356935766858815
92,2,heldout,5,-1,-0.3490658503988659,0.6737653800009866,3,s,af3726fcacd0ac1320a56ea850b0a2c0f5430cf4eb20a45c078706980f08407e,d24fbe3839599a6a097188bae8cd47ce8083f27deef1341ae3086bf0d5a45bd1,87f63c0590d05baea263cdc42c6e1df2d063fa2def309ecb0283f3036bf33d46,87f63c0590d05baea263cdc42c6e1df2d063fa2def309ecb0283f3036bf33d46,1787978809.456601,37393.289,18696695,0,0.9584569931030273,1.0473413467407227,1.4177541732788086,0.00095367431640625,-0.057412147521972656,0.00438690185546875,-0.021978378295898438,-0.0024423599243164062,-0.0024423599243164062,-0.0073261260986328125,-0.40293121337890625,-0.0073261260986328125,-0.08058643341064453,-1.2376060485839844,5.0666656494140625,-1.6385831832885742,-0.05616569519042969,-0.10988998413085938,0.0,-1.201143050087317,6.411470500046794,-1.5574670174449956,0.021587921600880047,-0.006367848010621549
92,2,heldout,5,-1,-0.3490658503988659,0.6756577830019523,3,s,af3726fcacd0ac1320a56ea850b0a2c0f5430cf4eb20a45c078706980f08407e,d24fbe3839599a6a097188bae8cd47ce8083f27deef1341ae3086bf0d5a45bd1,87f63c0590d05baea263cdc42c6e1df2d063fa2def309ecb0283f3036bf33d46,87f63c0590d05baea263cdc42c6e1df2d063fa2def309ecb0283f3036bf33d46,1787978809.4585009,37393.291,18696696,0,0.9584569931030273,1.0473413467407227,1.4177541732788086,0.00095367431640625,-0.058175086975097656,0.00438690185546875,-0.0073261260986328125,-0.0024423599243164062,-0.0024423599243164062,-0.0073261260986328125,-0.373626708984375,-0.0073261260986328125,-0.07570171356201172,-1.2376060485839844,5.080341339111328,-1.6336994171142578,-0.05616569519042969,-0.10988998413085938,0.0,-1.20110029304537,6.411427743004847,-1.5574242604030488,0.02181600054509287,-0.0063787597758908745
92,2,heldout,5,-1,-0.3490658503988659,0.6775514589971863,3,s,af3726fcacd0ac1320a56ea850b0a2c0f5430cf4eb20a45c078706980f08407e,d24fbe3839599a6a097188bae8cd47ce8083f27deef1341ae3086bf0d5a45bd1,87f63c0590d05baea263cdc42c6e1df2d063fa2def309ecb0283f3036bf33d46,87f63c0590d05baea263cdc42c6e1df2d063fa2def309ecb0283f3036bf33d46,1787978809.460969,37393.293,18696697,0,0.9584569931030273,1.0473413467407227,1.4177541732788086,0.00095367431640625,-0.058556556701660156,0.00438690185546875,0.0073261260986328125,-0.0024423599243164062,-0.0024423599243164062,-0.021978378295898438,-0.3296699523925781,-0.0073261260986328125,-0.07570171356201172,-1.2376060485839844,5.0666656494140625,-1.6385831832885742,-0.05616569519042969,-0.10988998413085938,0.0,-1.2010787460177332,6.41140619597721,-1.557402713375412,0.021930035263527818,-0.006384215477105662
92,2,heldout,5,-1,-0.3490658503988659,0.6800214879986015,3,s,af3726fcacd0ac1320a56ea850b0a2c0f5430cf4eb20a45c078706980f08407e,d24fbe3839599a6a097188bae8cd47ce8083f27deef1341ae3086bf0d5a45bd1,87f63c0590d05baea263cdc42c6e1df2d063fa2def309ecb0283f3036bf33d46,87f63c0590d05baea263cdc42c6e1df2d063fa2def309ecb0283f3036bf33d46,1787978809.462938,37393.295,18696698,0,0.9584569931030273,1.0473413467407227,1.4177541732788086,0.00095367431640625,-0.059319496154785156,0.00438690185546875,-0.0073261260986328125,-0.0024423599243164062,-0.0024423599243164062,-0.0073261260986328125,-0.3150177001953125,-0.0073261260986328125,-0.07570171356201172,-1.2376060485839844,5.052989959716797,-1.6336994171142578,-0.0610504150390625,-0.10988998413085938,0.0,-1.2010353149648112,6.411362764924288,-1.55735928232249,0.02215809511008365,-0.006395126512725932
92,2,heldout,5,-1,-0.3490658503988659,0.681992760997673,3,s,af3726fcacd0ac1320a56ea850b0a2c0f5430cf4eb20a45c078706980f08407e,d24fbe3839599a6a097188bae8cd47ce8083f27deef1341ae3086bf0d5a45bd1,87f63c0590d05baea263cdc42c6e1df2d063fa2def309ecb0283f3036bf33d46,87f63c0590d05baea263cdc42c6e1df2d063fa2def309ecb0283f3036bf33d46,1787978809.4649189,37393.297,18696699,0,0.9584569931030273,1.0473413467407227,1.4177541732788086,0.00095367431640625,-0.060082435607910156,0.00438690185546875,-0.0073261260986328125,-0.0024423599243164062,-0.0024423599243164062,-0.0073261260986328125,-0.373626708984375,-0.0073261260986328125,-0.08058643341064453,-1.25128173828125,5.0666656494140625,-1.6385831832885742,-0.0610504150390625,-0.10500621795654297,0.0,-1.2009914346027855,6.411318884562262,-1.5573154019604638,0.02238614205893125,-0.006406037053974621
92,2,heldout,5,-1,-0.3490658503988659,0.6839711040011025,3,s,af3726fcacd0ac1320a56ea850b0a2c0f5430cf4eb20a45c078706980f08407e,d24fbe3839599a6a097188bae8cd47ce8083f27deef1341ae3086bf0d5a45bd1,87f63c0590d05baea263cdc42c6e1df2d063fa2def309ecb0283f3036bf33d46,87f63c0590d05baea263cdc42c6e1df2d063fa2def309ecb0283f3036bf33d46,1787978809.4668608,37393.299,18696700,0,0.9584569931030273,1.0473413467407227,1.4177541732788086,0.00095367431640625,-0.060845375061035156,0.00438690185546875,-0.021978378295898438,-0.0024423599243164062,-0.0024423599243164062,0.0073261260986328125,-0.3882789611816406,-0.0073261260986328125,-0.08058643341064453,-1.2376060485839844,5.0666656494140625,-1.6385831832885742,-0.0659341812133789,-0.10988998413085938,0.0,-1.2009471049571965,6.411274554916673,-1.5572710723148753,0.022614175977329815,-0.006416947094500952
92,2,heldout,5,-1,-0.3490658503988659,0.6859161399988807,3,s,af3726fcacd0ac1320a56ea850b0a2c0f5430cf4eb20a45c078706980f08407e,d24fbe3839599a6a097188bae8cd47ce8083f27deef1341ae3086bf0d5a45bd1,87f63c0590d05baea263cdc42c6e1df2d063fa2def309ecb0283f3036bf33d46,87f63c0590d05baea263cdc42c6e1df2d063fa2def309ecb0283f3036bf33d46,1787978809.4688044,37393.301,18696701,0,0.9584569931030273,1.0473413467407227,1.4177541732788086,0.00095367431640625,-0.061226844787597656,0.00438690185546875,-0.021978378295898438,-0.0024423599243164062,-0.0024423599243164062,-0.0073261260986328125,-0.3150177001953125,-0.0073261260986328125,-0.07570171356201172,-1.25128173828125,5.0666656494140625,-1.6336994171142578,-0.07570171356201172,-0.10500621795654297,0.0,-1.200924771661119,6.411252221620596,-1.5572487390187977,0.022728188008631293,-0.0064224019250086984
92,2,heldout,5,-1,-0.3490658503988659,0.687859457997547,3,s,af3726fcacd0ac1320a56ea850b0a2c0f5430cf4eb20a45c078706980f08407e,d24fbe3839599a6a097188bae8cd47ce8083f27deef1341ae3086bf0d5a45bd1,87f63c0590d05baea263cdc42c6e1df2d063fa2def309ecb0283f3036bf33d46,87f63c0590d05baea263cdc42c6e1df2d063fa2def309ecb0283f3036bf33d46,1787978809.4706903,37393.303,18696702,0,0.9584569931030273,1.0473413467407227,1.4177541732788086,0.00095367431640625,-0.061989784240722656,0.00438690185546875,-0.0073261260986328125,-0.0024423599243164062,-0.0024423599243164062,-0.0073261260986328125,-0.28571510314941406,0.0073261260986328125,-0.08058643341064453,-1.2376060485839844,5.0666656494140625,-1.6385831832885742,-0.09035396575927734,-0.10500621795654297,0.0,-1.2008797681386496,6.411207218098126,-1.5572037354963284,0.022956202132483942,-0.006433311202544442
92,2,heldout,5,-1,-0.3490658503988659,0.6897398840010283,3,s,af3726fcacd0ac1320a56ea850b0a2c0f5430cf4eb20a45c078706980f08407e,d24fbe3839599a6a097188bae8cd47ce8083f27deef1341ae3086bf0d5a45bd1,87f63c0590d05baea263cdc42c6e1df2d063fa2def309ecb0283f3036bf33d46,87f63c0590d05baea263cdc42c6e1df2d063fa2def309ecb0283f3036bf33d46,1787978809.4725795,37393.305,18696703,0,0.9584569931030273,1.0473413467407227,1.4177541732788086,0.00095367431640625,-0.062371253967285156,0.00438690185546875,-0.0073261260986328125,-0.0024423599243164062,-0.0024423599243164062,-0.0073261260986328125,-0.3150177001953125,-0.0073261260986328125,-0.07570171356201172,-1.2376060485839844,5.0666656494140625,-1.6385831832885742,-0.09523773193359375,-0.10500621795654297,0.0,-1.2008570979188042,6.411184547878283,-1.5571810652764846,0.023070204191854706,-0.0064387656479849295
92,2,heldout,5,-1,-0.3490658503988659,0.6916468709969195,3,s,af3726fcacd0ac1320a56ea850b0a2c0f5430cf4eb20a45c078706980f08407e,d24fbe3839599a6a097188bae8cd47ce8083f27deef1341ae3086bf0d5a45bd1,87f63c0590d05baea263cdc42c6e1df2d063fa2def309ecb0283f3036bf33d46,87f63c0590d05baea263cdc42c6e1df2d063fa2def309ecb0283f3036bf33d46,1787978809.4745,37393.307,18696704,0,0.9584569931030273,1.0473413467407227,1.4177541732788086,0.00095367431640625,-0.06313419342041016,0.00438690185546875,0.0073261260986328125,-0.0024423599243164062,-0.0024423599243164062,0.0073261260986328125,-0.3296699523925781,-0.0073261260986328125,-0.07570171356201172,-1.2376060485839844,5.0666656494140625,-1.643467903137207,-0.10012245178222656,-0.10500621795654297,0.0,-1.2008114205783946,6.411138870537871,-1.557135387936073,0.02329819822253769,-0.006449674148242506
92,2,heldout,5,-1,-0.3490658503988659,0.6935530760019901,3,s,af3726fcacd0ac1320a56ea850b0a2c0f5430cf4eb20a45c078706980f08407e,d24fbe3839599a6a097188bae8cd47ce8083f27deef1341ae3086bf0d5a45bd1,87f63c0590d05baea263cdc42c6e1df2d063fa2def309ecb0283f3036bf33d46,87f63c0590d05baea263cdc42c6e1df2d063fa2def309ecb0283f3036bf33d46,1787978809.4770176,37393.309,18696705,0,0.9584569931030273,1.0473413467407227,1.4177541732788086,0.00095367431640625,-0.06389713287353516,0.00438690185546875,-0.021978378295898438,-0.0024423599243164062,-0.0024423599243164062,0.021978378295898438,-0.3296699523925781,-0.021978378295898438,-0.07570171356201172,-1.2376060485839844,5.0666656494140625,-1.643467903137207,-0.10012245178222656,-0.10988998413085938,0.0,-1.200765294059202,6.4110927440186805,-1.557089261416882,0.023526178691885096,-0.006460582122377597
92,2,heldout,5,-1,-0.3490658503988659,0.6960821929969825,3,s,af3726fcacd0ac1320a56ea850b0a2c0f5430cf4eb20a45c078706980f08407e,d24fbe3839599a6a097188bae8cd47ce8083f27deef1341ae3086bf0d5a45bd1,87f63c0590d05baea263cdc42c6e1df2d063fa2def309ecb0283f3036bf33d46,87f63c0590d05baea263cdc42c6e1df2d063fa2def309ecb0283f3036bf33d46,1787978809.478938,37393.311,18696706,0,0.9584569931030273,1.0473413467407227,1.4177541732788086,0.00095367431640625,-0.06466007232666016,0.00438690185546875,0.0073261260986328125,-0.0024423599243164062,-0.0024423599243164062,-0.0073261260986328125,-0.3296699523925781,-0.0073261260986328125,-0.07570171356201172,-1.25128173828125,5.080341339111328,-1.643467903137207,-0.10988998413085938,-0.10988998413085938,0.0,-1.2007187183880794,6.411046168347556,-1.5570426857457582,0.023754145467194863,-0.006471489564040924
92,2,heldout,5,-1,-0.3490658503988659,0.6979889939975692,3,s,af3726fcacd0ac1320a56ea850b0a2c0f5430cf4eb20a45c078706980f08407e,d24fbe3839599a6a097188bae8cd47ce8083f27deef1341ae3086bf0d5a45bd1,87f63c0590d05baea263cdc42c6e1df2d063fa2def309ecb0283f3036bf33d46,87f63c0590d05baea263cdc42c6e1df2d063fa2def309ecb0283f3036bf33d46,1787978809.4808328,37393.313,18696707,0,0.9584569931030273,1.0473413467407227,1.4177541732788086,0.00095367431640625,-0.06504154205322266,0.00438690185546875,-0.0073261260986328125,-0.0024423599243164062,-0.0024423599243164062,-0.021978378295898438,-0.3296699523925781,-0.0073261260986328125,-0.07570171356201172,-1.25128173828125,5.080341339111328,-1.6385831832885742,-0.1196584701538086,-0.10988998413085938,0.0,-1.2006952621290057,6.411022712088482,-1.5570192294866845,0.023868123678118396,-0.006476943083211614
92,2,heldout,5,-1,-0.3490658503988659,0.6998862740001641,3,s,af3726fcacd0ac1320a56ea850b0a2c0f5430cf4eb20a45c078706980f08407e,d24fbe3839599a6a097188bae8cd47ce8083f27deef1341ae3086bf0d5a45bd1,87f63c0590d05baea263cdc42c6e1df2d063fa2def309ecb0283f3036bf33d46,87f63c0590d05baea263cdc42c6e1df2d063fa2def309ecb0283f3036bf33d46,1787978809.482731,37393.314999999995,18696708,0,0.9584569931030273,1.0473413467407227,1.4177541732788086,0.00095367431640625,-0.06542301177978516,0.00438690185546875,-0.0073261260986328125,-0.0024423599243164062,-0.0024423599243164062,-0.0073261260986328125,-0.28571510314941406,0.0073261260986328125,-0.07570171356201172,-1.25128173828125,5.080341339111328,-1.6385831832885742,-0.124542236328125,-0.10500621795654297,0.0,-1.200671693592136,6.410999143551613,-1.5569956609498146,0.023982098415772847,-0.0064823964668835245
92,2,heldout,5,-1,-0.3490658503988659,0.7018051580016618,3,s,af3726fcacd0ac1320a56ea850b0a2c0f5430cf4eb20a45c078706980f08407e,d24fbe3839599a6a097188bae8cd47ce8083f27deef1341ae3086bf0d5a45bd1,87f63c0590d05baea263cdc42c6e1df2d063fa2def309ecb0283f3036bf33d46,87f63c0590d05baea263cdc42c6e1df2d063fa2def309ecb0283f3036bf33d46,1787978809.4846542,37393.316999999995,18696709,0,0.9584569931030273,1.0473413467407227,1.4177541732788086,0.00095367431640625,-0.06618595123291016,0.00438690185546875,-0.0073261260986328125,-0.0024423599243164062,-0.0024423599243164062,-0.0073261260986328125,-0.28571510314941406,-0.0073261260986328125,-0.07570171356201172,-1.2376060485839844,5.0666656494140625,-1.6385831832885742,-0.1294260025024414,-0.10500621795654297,0.0,-1.2006242196987427,6.410951669658219,-1.5569481870564215,0.024210037404932997,-0.0064933028245567435
92,2,heldout,5,-1,-0.3490658503988659,0.7037107849973836,3,s,af3726fcacd0ac1320a56ea850b0a2c0f5430cf4eb20a45c078706980f08407e,d24fbe3839599a6a097188bae8cd47ce8083f27deef1341ae3086bf0d5a45bd1,87f63c0590d05baea263cdc42c6e1df2d063fa2def309ecb0283f3036bf33d46,87f63c0590d05baea263cdc42c6e1df2d063fa2def309ecb0283f3036bf33d46,1787978809.4865646,37393.318999999996,18696710,0,0.9584569931030273,1.0473413467407227,1.4177541732788086,0.00095367431640625,-0.06656742095947266,0.00438690185546875,-0.021978378295898438,-0.0024423599243164062,-0.0024423599243164062,0.0073261260986328125,-0.3150177001953125,-0.0073261260986328125,-0.07570171356201172,-1.2376060485839844,5.0666656494140625,-1.6385831832885742,-0.1343097686767578,-0.10500621795654297,0.0,-1.200600314349129,6.410927764308606,-1.5569242817068072,0.02432400162326919,-0.006498755796970968
92,2,heldout,5,-1,-0.3490658503988659,0.705621617998986,3,s,af3726fcacd0ac1320a56ea850b0a2c0f5430cf4eb20a45c078706980f08407e,d24fbe3839599a6a097188bae8cd47ce8083f27deef1341ae3086bf0d5a45bd1,87f63c0590d05baea263cdc42c6e1df2d063fa2def309ecb0283f3036bf33d46,87f63c0590d05baea263cdc42c6e1df2d063fa2def309ecb0283f3036bf33d46,1787978809.4884977,37393.320999999996,18696711,0,0.9584569931030273,1.0473413467407227,1.4177541732788086,0.00095367431640625,-0.06771183013916016,0.00438690185546875,0.0073261260986328125,-0.0024423599243164062,-0.0024423599243164062,0.0073261260986328125,-0.34432220458984375,-0.021978378295898438,-0.07570171356201172,-1.2376060485839844,5.0666656494140625,-1.6385831832885742,-0.1343097686767578,-0.10500621795654297,0.0,-1.2005279247304057,6.410855374689882,-1.5568518920880845,0.024665872974296135,-0.006515113879002018
92,2,heldout,5,-1,-0.3490658503988659,0.7075567279971438,3,s,af3726fcacd0ac1320a56ea850b0a2c0f5430cf4eb20a45c078706980f08407e,d24fbe3839599a6a097188bae8cd47ce8083f27deef1341ae3086bf0d5a45bd1,87f63c0590d05baea263cdc42c6e1df2d063fa2def309ecb0283f3036bf33d46,87f63c0590d05baea263cdc42c6e1df2d063fa2def309ecb0283f3036bf33d46,1787978809.4905086,37393.323,18696712,0,0.9584569931030273,1.0473413467407227,1.4177541732788086,0.00095367431640625,-0.06847476959228516,0.00438690185546875,-0.0073261260986328125,-0.0024423599243164062,-0.0024423599243164062,-0.0073261260986328125,-0.3589744567871094,-0.0073261260986328125,-0.08058643341064453,-1.2376060485839844,5.0666656494140625,-1.6385831832885742,-0.1343097686767578,-0.10988998413085938,0.0,-1.2004791037115106,6.410806553670989,-1.556803071069191,0.02489376928916793,-0.0065260185630783675
92,2,heldout,5,-1,-0.3490658503988659,0.709571503000916,3,s,af3726fcacd0ac1320a56ea850b0a2c0f5430cf4eb20a45c078706980f08407e,d24fbe3839599a6a097188bae8cd47ce8083f27deef1341ae3086bf0d5a45bd1,87f63c0590d05baea263cdc42c6e1df2d063fa2def309ecb0283f3036bf33d46,87f63c0590d05baea263cdc42c6e1df2d063fa2def309ecb0283f3036bf33d46,1787978809.4930818,37393.325,18696713,0,0.9584569931030273,1.0473413467407227,1.4177541732788086,0.00095367431640625,-0.06885623931884766,0.00438690185546875,0.0073261260986328125,-0.0024423599243164062,-0.0024423599243164062,-0.021978378295898438,-0.3296699523925781,-0.0073261260986328125,-0.08058643341064453,-1.2376060485839844,5.0666656494140625,-1.6385831832885742,-0.13919448852539062,-0.10500621795654297,0.0,-1.2004545248307745,6.410781974790251,-1.5567784921884533,0.02500771202111428,-0.006531470691552948
92,2,heldout,5,-1,-0.3490658503988659,0.7121624200008227,3,s,af3726fcacd0ac1320a56ea850b0a2c0f5430cf4eb20a45c078706980f08407e,d24fbe3839599a6a097188bae8cd47ce8083f27deef1341ae3086bf0d5a45bd1,87f63c0590d05baea263cdc42c6e1df2d063fa2def309ecb0283f3036bf33d46,87f63c0590d05baea263cdc42c6e1df2d063fa2def309ecb0283f3036bf33d46,1787978809.4945173,37393.327,18696714,0,0.9584569931030273,1.0473413467407227,1.4177541732788086,0.00095367431640625,-0.06961917877197266,0.00438690185546875,-0.0073261260986328125,-0.0024423599243164062,-0.0024423599243164062,-0.021978378295898438,-0.34432220458984375,0.0073261260986328125,-0.07570171356201172,-1.2376060485839844,5.052989959716797,-1.6385831832885742,-0.13919448852539062,-0.10012245178222656,0.0,-1.2004050303445992,6.410732480304076,-1.5567289977022782,0.025235586551123613,-0.006542374517407969
92,2,heldout,5,-1,-0.3490658503988659,0.7135781649994897,3,s,af3726fcacd0ac1320a56ea850b0a2c0f5430cf4eb20a45c078706980f08407e,d24fbe3839599a6a097188bae8cd47ce8083f27deef1341ae3086bf0d5a45bd1,87f63c0590d05baea263cdc42c6e1df2d063fa2def309ecb0283f3036bf33d46,87f63c0590d05baea263cdc42c6e1df2d063fa2def309ecb0283f3036bf33d46,1787978809.4970536,37393.329,18696715,0,0.9584569931030273,1.0473413467407227,1.4177541732788086,0.00095367431640625,-0.07038211822509766,0.00438690185546875,-0.0073261260986328125,-0.0024423599243164062,-0.0024423599243164062,-0.0073261260986328125,-0.34432220458984375,-0.0073261260986328125,-0.08058643341064453,-1.2376060485839844,5.0666656494140625,-1.6385831832885742,-0.1343097686767578,-0.10500621795654297,0.0,-1.2003550869161947,6.4106825368756715,-1.556679054273873,0.02546344639208903,-0.006553277763181791
92,2,heldout,5,-1,-0.3490658503988659,0.7161085490006371,3,s,af3726fcacd0ac1320a56ea850b0a2c0f5430cf4eb20a45c078706980f08407e,d24fbe3839599a6a097188bae8cd47ce8083f27deef1341ae3086bf0d5a45bd1,87f63c0590d05baea263cdc42c6e1df2d063fa2def309ecb0283f3036bf33d46,87f63c0590d05baea263cdc42c6e1df2d063fa2def309ecb0283f3036bf33d46,1787978809.498962,37393.331,18696716,0,0.9584569931030273,1.0473413467407227,1.4177541732788086,0.00095367431640625,-0.07114505767822266,0.00438690185546875,-0.021978378295898438,-0.0024423599243164062,-0.0024423599243164062,0.0073261260986328125,-0.3589744567871094,-0.0073261260986328125,-0.08058643341064453,-1.2376060485839844,5.0666656494140625,-1.6385831832885742,-0.124542236328125,-0.10500621795654297,0.0,-1.2003046945746294,6.410632144534106,-1.5566286619323078,0.025691291411378617,-0.006564180422527889
92,2,heldout,5,-1,-0.3490658503988659,0.718020449996402,3,s,af3726fcacd0ac1320a56ea850b0a2c0f5430cf4eb20a45c078706980f08407e,d24fbe3839599a6a097188bae8cd47ce8083f27deef1341ae3086bf0d5a45bd1,87f63c0590d05baea263cdc42c6e1df2d063fa2def309ecb0283f3036bf33d46,87f63c0590d05baea263cdc42c6e1df2d063fa2def309ecb0283f3036bf33d46,1787978809.5008922,37393.333,18696717,0,0.9584569931030273,1.0473413467407227,1.4177541732788086,0.00095367431640625,-0.07190799713134766,0.00438690185546875,-0.0073261260986328125,-0.0024423599243164062,-0.0024423599243164062,0.0073261260986328125,-0.3882789611816406,-0.021978378295898438,-0.07570171356201172,-1.2376060485839844,5.080341339111328,-1.6385831832885742,-0.11477375030517578,-0.10988998413085938,0.0,-1.200253853349237,6.410581303308714,-1.5565778207069154,0.02591912147636914,-0.006575082489100079
92,2,heldout,5,-1,-0.3490658503988659,0.7199435250004171,3,s,af3726fcacd0ac1320a56ea850b0a2c0f5430cf4eb20a45c078706980f08407e,d24fbe3839599a6a097188bae8cd47ce8083f27deef1341ae3086bf0d5a45bd1,87f63c0590d05baea263cdc42c6e1df2d063fa2def309ecb0283f3036bf33d46,87f63c0590d05baea263cdc42c6e1df2d063fa2def309ecb0283f3036bf33d46,1787978809.50284,37393.335,18696718,0,0.9584569931030273,1.0473413467407227,1.4177541732788086,0.00095367431640625,-0.07267093658447266,0.00438690185546875,-0.021978378295898438,-0.0024423599243164062,-0.0024423599243164062,-0.021978378295898438,-0.40293121337890625,-0.021978378295898438,-0.07570171356201172,-1.2376060485839844,5.0666656494140625,-1.6385831832885742,-0.10988998413085938,-0.10988998413085938,0.0,-1.200202563269611,6.410530013229088,-1.5565265306272893,0.026146936454446063,-0.0065859839565525265
92,2,heldout,5,-1,-0.3490658503988659,0.7219008460015175,3,s,af3726fcacd0ac1320a56ea850b0a2c0f5430cf4eb20a45c078706980f08407e,d24fbe3839599a6a097188bae8cd47ce8083f27deef1341ae3086bf0d5a45bd1,87f63c0590d05baea263cdc42c6e1df2d063fa2def309ecb0283f3036bf33d46,87f63c0590d05baea263cdc42c6e1df2d063fa2def309ecb0283f3036bf33d46,1787978809.504802,37393.337,18696719,0,0.9584569931030273,1.0473413467407227,1.4177541732788086,0.00095367431640625,-0.07343387603759766,0.00438690185546875,-0.021978378295898438,-0.0024423599243164062,-0.0024423599243164062,-0.03663063049316406,-0.373626708984375,-0.0073261260986328125,-0.08058643341064453,-1.2239322662353516,5.0666656494140625,-1.6385831832885742,-0.10500621795654297,-0.10500621795654297,0.0,-1.2001508243656054,6.410478274325082,-1.5564747917232837,0.026374736213003614,-0.00659688481853974
92,2,heldout,5,-1,-0.3490658503988659,0.7238662539966754,3,s,af3726fcacd0ac1320a56ea850b0a2c0f5430cf4eb20a45c078706980f08407e,d24fbe3839599a6a097188bae8cd47ce8083f27deef1341ae3086bf0d5a45bd1,87f63c0590d05baea263cdc42c6e1df2d063fa2def309ecb0283f3036bf33d46,87f63c0590d05baea263cdc42c6e1df2d063fa2def309ecb0283f3036bf33d46,1787978809.507371,37393.339,18696720,0,0.9584569931030273,1.0473413467407227,1.4177541732788086,0.00095367431640625,-0.07381534576416016,0.00438690185546875,-0.0073261260986328125,-0.0024423599243164062,-0.0024423599243164062,-0.0073261260986328125,-0.34432220458984375,-0.0073261260986328125,-0.08058643341064453,-1.2376060485839844,5.052989959716797,-1.6385831832885742,-0.10012245178222656,-0.10500621795654297,0.0,-1.2001247866138622,6.410452236573339,-1.5564487539715406,0.02648863034352574,-0.006602335020501016
92,2,heldout,5,-1,-0.3490658503988659,0.726435518998187,3,s,af3726fcacd0ac1320a56ea850b0a2c0f5430cf4eb20a45c078706980f08407e,d24fbe3839599a6a097188bae8cd47ce8083f27deef1341ae3086bf0d5a45bd1,87f63c0590d05baea263cdc42c6e1df2d063fa2def309ecb0283f3036bf33d46,87f63c0590d05baea263cdc42c6e1df2d063fa2def309ecb0283f3036bf33d46,1787978809.5087562,37393.341,18696721,0,0.9584569931030273,1.0473413467407227,1.4177541732788086,0.00095367431640625,-0.07495975494384766,0.00438690185546875,-0.0073261260986328125,-0.0024423599243164062,-0.0024423599243164062,-0.0073261260986328125,-0.373626708984375,-0.0073261260986328125,-0.08058643341064453,-1.2376060485839844,5.052989959716797,-1.6385831832885742,-0.09523773193359375,-0.10500621795654297,0.0,-1.2000460002051834,6.41037345016466,-1.5563699675628622,0.02683028954118189,-0.00661868470073828
92,2,heldout,5,-1,-0.3490658503988659,0.72780974899797,3,s,af3726fcacd0ac1320a56ea850b0a2c0f5430cf4eb20a45c078706980f08407e,d24fbe3839599a6a097188bae8cd47ce8083f27deef1341ae3086bf0d5a45bd1,87f63c0590d05baea263cdc42c6e1df2d063fa2def309ecb0283f3036bf33d46,87f63c0590d05baea263cdc42c6e1df2d063fa2def309ecb0283f3036bf33d46,1787978809.510654,37393.343,18696722,0,0.9584569931030273,1.0473413467407227,1.4177541732788086,0.00095367431640625,-0.07572269439697266,0.00438690185546875,-0.0073261260986328125,-0.0024423599243164062,-0.0024423599243164062,0.0073261260986328125,-0.41758155822753906,-0.0073261260986328125,-0.08058643341064453,-1.25128173828125,5.052989959716797,-1.6336994171142578,-0.09035396575927734,-0.10500621795654297,0.0,-1.1999929150097821,6.410320364969259,-1.5563168823674607,0.027058042845635726,-0.006629583708260405
92,2,heldout,5,-1,-0.3490658503988659,0.7297025919979205,3,s,af3726fcacd0ac1320a56ea850b0a2c0f5430cf4eb20a45c078706980f08407e,d24fbe3839599a6a097188bae8cd47ce8083f27deef1341ae3086bf0d5a45bd1,87f63c0590d05baea263cdc42c6e1df2d063fa2def309ecb0283f3036bf33d46,87f63c0590d05baea263cdc42c6e1df2d063fa2def309ecb0283f3036bf33d46,1787978809.512571,37393.345,18696723,0,0.9584569931030273,1.0473413467407227,1.4177541732788086,0.00095367431640625,-0.07610416412353516,0.00438690185546875,-0.0073261260986328125,-0.0024423599243164062,-0.0024423599243164062,-0.021978378295898438,-0.3589744567871094,-0.0073261260986328125,-0.08058643341064453,-1.2376060485839844,5.0666656494140625,-1.6336994171142578,-0.09035396575927734,-0.10988998413085938,0.0,-1.1999662041467594,6.410293654106236,-1.5562901715044384,0.027171913599952996,-0.006635032975851595
92,2,heldout,5,-1,-0.3490658503988659,0.7316785689981771,3,s,af3726fcacd0ac1320a56ea850b0a2c0f5430cf4eb20a45c078706980f08407e,d24fbe3839599a6a097188bae8cd47ce8083f27deef1341ae3086bf0d5a45bd1,87f63c0590d05baea263cdc42c6e1df2d063fa2def309ecb0283f3036bf33d46,87f63c0590d05baea263cdc42c6e1df2d063fa2def309ecb0283f3036bf33d46,1787978809.5145757,37393.347,18696724,0,0.9584569931030273,1.0473413467407227,1.4177541732788086,0.00095367431640625,-0.07686710357666016,0.00438690185546875,0.0073261260986328125,-0.0024423599243164062,-0.0024423599243164062,-0.0073261260986328125,-0.3589744567871094,-0.0073261260986328125,-0.08058643341064453,-1.2376060485839844,5.0666656494140625,-1.6336994171142578,-0.09035396575927734,-0.10988998413085938,0.0,-1.1999124459095056,6.410239895868982,-1.5562364132671842,0.027399643229916386,-0.006645931034729373
92,2,heldout,5,-1,-0.3490658503988659,0.7336309750025976,3,s,af3726fcacd0ac1320a56ea850b0a2c0f5430cf4eb20a45c078706980f08407e,d24fbe3839599a6a097188bae8cd47ce8083f27deef1341ae3086bf0d5a45bd1,87f63c0590d05baea263cdc42c6e1df2d063fa2def309ecb0283f3036bf33d46,87f63c0590d05baea263cdc42c6e1df2d063fa2def309ecb0283f3036bf33d46,1787978809.5165412,37393.348999999995,18696725,0,0.9584569931030273,1.0473413467407227,1.4177541732788086,0.00095367431640625,-0.07763004302978516,0.00438690185546875,-0.0073261260986328125,-0.0024423599243164062,-0.0024423599243164062,-0.0073261260986328125,-0.373626708984375,-0.0073261260986328125,-0.08058643341064453,-1.25128173828125,5.0666656494140625,-1.6288156509399414,-0.08547019958496094,-0.10500621795654297,0.0,-1.1998582390167436,6.41018568897622,-1.556182206374422,0.027627356911189123,-0.006656828453248125
92,2,heldout,5,-1,-0.3490658503988659,0.7356022570020286,3,s,af3726fcacd0ac1320a56ea850b0a2c0f5430cf4eb20a45c078706980f08407e,d24fbe3839599a6a097188bae8cd47ce8083f27deef1341ae3086bf0d5a45bd1,87f63c0590d05baea263cdc42c6e1df2d063fa2def309ecb0283f3036bf33d46,87f63c0590d05baea263cdc42c6e1df2d063fa2def309ecb0283f3036bf33d46,1787978809.5184891,37393.350999999995,18696726,0,0.9584569931030273,1.0473413467407227,1.4177541732788086,0.00095367431640625,-0.07839298248291016,0.00438690185546875,-0.0073261260986328125,-0.0024423599243164062,-0.0024423599243164062,0.0073261260986328125,-0.373626708984375,-0.0073261260986328125,-0.08058643341064453,-1.25128173828125,5.0666656494140625,-1.6336994171142578,-0.07570171356201172,-0.10500621795654297,0.0,-1.199803583500025,6.410131033459502,-1.5561275508577033,0.027855054511224425,-0.006667725225064723
92,2,heldout,5,-1,-0.3490658503988659,0.7375443229975644,3,s,af3726fcacd0ac1320a56ea850b0a2c0f5430cf4eb20a45c078706980f08407e,d24fbe3839599a6a097188bae8cd47ce8083f27deef1341ae3086bf0d5a45bd1,87f63c0590d05baea263cdc42c6e1df2d063fa2def309ecb0283f3036bf33d46,87f63c0590d05baea263cdc42c6e1df2d063fa2def309ecb0283f3036bf33d46,1787978809.5209787,37393.352999999996,18696727,0,0.9584569931030273,1.0473413467407227,1.4177541732788086,0.00095367431640625,-0.07953739166259766,0.00438690185546875,-0.0073261260986328125,-0.0024423599243164062,-0.0024423599243164062,-0.0073261260986328125,-0.40293121337890625,-0.0073261260986328125,-0.08058643341064453,-1.25128173828125,5.080341339111328,-1.6385831832885742,-0.07081794738769531,-0.10500621795654297,0.0,-1.1997207591246917,6.41004820908417,-1.5560447264823718,0.02819657046903406,-0.006684069156348405
92,2,heldout,5,-1,-0.3490658503988659,0.7400338229999761,3,s,af3726fcacd0ac1320a56ea850b0a2c0f5430cf4eb20a45c078706980f08407e,d24fbe3839599a6a097188bae8cd47ce8083f27deef1341ae3086bf0d5a45bd1,87f63c0590d05baea263cdc42c6e1df2d063fa2def309ecb0283f3036bf33d46,87f63c0590d05baea263cdc42c6e1df2d063fa2def309ecb0283f3036bf33d46,1787978809.5229788,37393.354999999996,18696728,0,0.9584569931030273,1.0473413467407227,1.4177541732788086,0.00095367431640625,-0.08030033111572266,0.00438690185546875,-0.0073261260986328125,-0.0024423599243164062,-0.0024423599243164062,-0.021978378295898438,-0.40293121337890625,-0.0073261260986328125,-0.08058643341064453,-1.25128173828125,5.080341339111328,-1.6385831832885742,-0.0659341812133789,-0.10500621795654297,0.0,-1.1996649821878411,6.409992432147318,-1.5559889495455195,0.028424227286145083,-0.00669496428366089
92,2,heldout,5,-1,-0.3490658503988659,0.7420415820015478,3,s,af3726fcacd0ac1320a56ea850b0a2c0f5430cf4eb20a45c078706980f08407e,d24fbe3839599a6a097188bae8cd47ce8083f27deef1341ae3086bf0d5a45bd1,87f63c0590d05baea263cdc42c6e1df2d063fa2def309ecb0283f3036bf33d46,87f63c0590d05baea263cdc42c6e1df2d063fa2def309ecb0283f3036bf33d46,1787978809.524962,37393.356999999996,18696729,0,0.9584569931030273,1.0473413467407227,1.4177541732788086,0.00095367431640625,-0.08068180084228516,0.00438690185546875,-0.0073261260986328125,-0.0024423599243164062,-0.0024423599243164062,-0.021978378295898438,-0.3882789611816406,-0.0073261260986328125,-0.08058643341064453,-1.2376060485839844,5.080341339111328,-1.6336994171142578,-0.0659341812133789,-0.10500621795654297,0.0,-1.1996369255255757,6.409964375485052,-1.555960892883254,0.028538049498578445,-0.006700411596875931
92,2,heldout,5,-1,-0.3490658503988659,0.7440195750023122,3,s,af3726fcacd0ac1320a56ea850b0a2c0f5430cf4eb20a45c078706980f08407e,d24fbe3839599a6a097188bae8cd47ce8083f27deef1341ae3086bf0d5a45bd1,87f63c0590d05baea263cdc42c6e1df2d063fa2def309ecb0283f3036bf33d46,87f63c0590d05baea263cdc42c6e1df2d063fa2def309ecb0283f3036bf33d46,1787978809.526974,37393.359,18696730,0,0.9584569931030273,1.0473413467407227,1.4177541732788086,0.00095367431640625,-0.08144474029541016,0.00438690185546875,-0.0073261260986328125,-0.0024423599243164062,-0.0024423599243164062,-0.0073261260986328125,-0.373626708984375,-0.0073261260986328125,-0.07570171356201172,-1.2376060485839844,5.0666656494140625,-1.6336994171142578,-0.05616569519042969,-0.10500621795654297,0.0,-1.1995804758337818,6.4099079257932585,-1.5559044431914602,0.028765681448384286,-0.006711305718460171
92,2,heldout,5,-1,-0.3490658503988659,0.7460339440003736,3,s,af3726fcacd0ac1320a56ea850b0a2c0f5430cf4eb20a45c078706980f08407e,d24fbe3839599a6a097188bae8cd47ce8083f27deef1341ae3086bf0d5a45bd1,87f63c0590d05baea263cdc42c6e1df2d063fa2def309ecb0283f3036bf33d46,87f63c0590d05baea263cdc42c6e1df2d063fa2def309ecb0283f3036bf33d46,1787978809.5289693,37393.361,18696731,0,0.9584569931030273,1.0473413467407227,1.4177541732788086,0.00095367431640625,-0.08258914947509766,0.00438690185546875,0.0073261260986328125,-0.0024423599243164062,-0.0024423599243164062,0.021978378295898438,-0.41758155822753906,-0.0073261260986328125,-0.07570171356201172,-1.2376060485839844,5.080341339111328,-1.6385831832885742,-0.05128192901611328,-0.10500621795654297,0.0,-1.1994949604396612,6.409822410399138,-1.5558189277973395,0.029107097937009375,-0.006727645626832328
92,2,heldout,5,-1,-0.3490658503988659,0.7480266029961058,3,s,af3726fcacd0ac1320a56ea850b0a2c0f5430cf4eb20a45c078706980f08407e,d24fbe3839599a6a097188bae8cd47ce8083f27deef1341ae3086bf0d5a45bd1,87f63c0590d05baea263cdc42c6e1df2d063fa2def309ecb0283f3036bf33d46,87f63c0590d05baea263cdc42c6e1df2d063fa2def309ecb0283f3036bf33d46,1787978809.530944,37393.363,18696732,0,0.9584569931030273,1.0473413467407227,1.4177541732788086,0.00095367431640625,-0.08335208892822266,0.00438690185546875,-0.0073261260986328125,-0.0024423599243164062,-0.0024423599243164062,-0.0073261260986328125,-0.4322338104248047,-0.0073261260986328125,-0.07570171356201172,-1.25128173828125,5.0666656494140625,-1.6385831832885742,-0.04151439666748047,-0.10500621795654297,0.0,-1.199437389654355,6.409764839613832,-1.5557613570120337,0.029334687778826748,-0.006738538040497418
92,2,heldout,5,-1,-0.3490658503988659,0.7499999330029823,3,s,af3726fcacd0ac1320a56ea850b0a2c0f5430cf4eb20a45c078706980f08407e,d24fbe3839599a6a097188bae8cd47ce8083f27deef1341ae3086bf0d5a45bd1,87f63c0590d05baea263cdc42c6e1df2d063fa2def309ecb0283f3036bf33d46,87f63c0590d05baea263cdc42c6e1df2d063fa2def309ecb0283f3036bf33d46,1787978809.5329108,37393.365,18696733,0,0.9584569931030273,1.0473413467407227,1.4177541732788086,0.00095367431640625,-0.08411502838134766,0.00438690185546875,-0.0073261260986328125,-0.0024423599243164062,-0.0024423599243164062,-0.0073261260986328125,-0.4322338104248047,-0.0073261260986328125,-0.07570171356201172,-1.25128173828125,5.0666656494140625,-1.6336994171142578,-0.036629676818847656,-0.10500621795654297,0.0,-1.19937937049006,6.409706820449537,-1.5557033378477383,0.029562260545609374,-0.006749429759899117
92,2,heldout,5,-1,-0.3490658503988659,0.7519922619976569,3,s,af3726fcacd0ac1320a56ea850b0a2c0f5430cf4eb20a45c078706980f08407e,d24fbe3839599a6a097188bae8cd47ce8083f27deef1341ae3086bf0d5a45bd1,87f63c0590d05baea263cdc42c6e1df2d063fa2def309ecb0283f3036bf33d46,87f63c0590d05baea263cdc42c6e1df2d063fa2def309ecb0283f3036bf33d46,1787978809.5349474,37393.367,18696734,0,0.9584569931030273,1.0473413467407227,1.4177541732788086,0.00095367431640625,-0.08487796783447266,0.00438690185546875,-0.0073261260986328125,-0.0024423599243164062,-0.0024423599243164062,-0.021978378295898438,-0.3882789611816406,-0.0073261260986328125,-0.07570171356201172,-1.25128173828125,5.0666656494140625,-1.6385831832885742,-0.036629676818847656,-0.10500621795654297,0.0,-1.1993209029805452,6.409648352940024,-1.5556448703382255,0.029789816104892425,-0.006760320778697607
92,2,heldout,5,-1,-0.3490658503988659,0.7540060259998427,3,s,af3726fcacd0ac1320a56ea850b0a2c0f5430cf4eb20a45c078706980f08407e,d24fbe3839599a6a097188bae8cd47ce8083f27deef1341ae3086bf0d5a45bd1,87f63c0590d05baea263cdc42c6e1df2d063fa2def309ecb0283f3036bf33d46,87f63c0590d05baea263cdc42c6e1df2d063fa2def309ecb0283f3036bf33d46,1787978809.5370312,37393.369,18696735,0,0.9584569931030273,1.0473413467407227,1.4177541732788086,0.00095367431640625,-0.08525943756103516,0.00438690185546875,-0.021978378295898438,-0.0024423599243164062,-0.0024423599243164062,-0.021978378295898438,-0.34432220458984375,-0.0073261260986328125,-0.07570171356201172,-1.25128173828125,5.0666656494140625,-1.6336994171142578,-0.03174591064453125,-0.10500621795654297,0.0,-1.1992915011069587,6.409618951066435,-1.5556154684646373,0.029903587390329136,-0.006765766023389568
92,2,heldout,5,-1,-0.3490658503988659,0.7560975699962,3,s,af3726fcacd0ac1320a56ea850b0a2c0f5430cf4eb20a45c078706980f08407e,d24fbe3839599a6a097188bae8cd47ce8083f27deef1341ae3086bf0d5a45bd1,87f63c0590d05baea263cdc42c6e1df2d063fa2def309ecb0283f3036bf33d46,87f63c0590d05baea263cdc42c6e1df2d063fa2def309ecb0283f3036bf33d46,1787978809.5385058,37393.371,18696736,0,0.9584569931030273,1.0473413467407227,1.4177541732788086,0.00057220458984375,-0.08640384674072266,0.00438690185546875,0.0073261260986328125,-0.0024423599243164062,-0.0024423599243164062,-0.021978378295898438,-0.3882789611816406,-0.0073261260986328125,-0.07570171356201172,-1.25128173828125,5.0666656494140625,-1.6336994171142578,-0.026862144470214844,-0.10500621795654297,0.0,-1.1988299367120834,6.40915738667156,-1.5551539040697604,0.030274666982093877,-0.006782498838171842
92,2,heldout,5,-1,-0.3490658503988659,0.7575742370027001,3,s,af3726fcacd0ac1320a56ea850b0a2c0f5430cf4eb20a45c078706980f08407e,d24fbe3839599a6a097188bae8cd47ce8083f27deef1341ae3086bf0d5a45bd1,87f63c0590d05baea263cdc42c6e1df2d063fa2def309ecb0283f3036bf33d46,87f63c0590d05baea263cdc42c6e1df2d063fa2def309ecb0283f3036bf33d46,1787978809.5404685,37393.373,18696737,0,0.9584569931030273,1.0473413467407227,1.4177541732788086,0.00095367431640625,-0.08716678619384766,0.00438690185546875,-0.0073261260986328125,-0.0024423599243164062,-0.0024423599243164062,0.0073261260986328125,-0.40293121337890625,-0.0073261260986328125,-0.07570171356201172,-1.25128173828125,5.080341339111328,-1.6288156509399414,-0.03174591064453125,-0.10500621795654297,0.0,-1.199142810722329,6.4094702606818075,-1.5554667780800095,0.03047237821324731,-0.006792989568081825
92,2,heldout,5,-1,-0.3490658503988659,0.7595239479996962,3,s,af3726fcacd0ac1320a56ea850b0a2c0f5430cf4eb20a45c078706980f08407e,d24fbe3839599a6a097188bae8cd47ce8083f27deef1341ae3086bf0d5a45bd1,87f63c0590d05baea263cdc42c6e1df2d063fa2def309ecb0283f3036bf33d46,87f63c0590d05baea263cdc42c6e1df2d063fa2def309ecb0283f3036bf33d46,1787978809.5429215,37393.375,18696738,0,0.9584569931030273,1.0473413467407227,1.4177541732788086,0.00095367431640625,-0.08792972564697266,0.00438690185546875,-0.0073261260986328125,-0.0024423599243164062,-0.0024423599243164062,0.0073261260986328125,-0.373626708984375,-0.0073261260986328125,-0.08058643341064453,-1.25128173828125,5.080341339111328,-1.6288156509399414,-0.03174591064453125,-0.10500621795654297,0.0,-1.1990825501748819,6.409410000134359,-1.5554065175325607,0.030699863618085903,-0.00680387772107755
92,2,heldout,5,-1,-0.3490658503988659,0.761974196000665,3,s,af3726fcacd0ac1320a56ea850b0a2c0f5430cf4eb20a45c078706980f08407e,d24fbe3839599a6a097188bae8cd47ce8083f27deef1341ae3086bf0d5a45bd1,87f63c0590d05baea263cdc42c6e1df2d063fa2def309ecb0283f3036bf33d46,87f63c0590d05baea263cdc42c6e1df2d063fa2def309ecb0283f3036bf33d46,1787978809.5448442,37393.377,18696739,0,0.9584569931030273,1.0473413467407227,1.4177541732788086,0.00095367431640625,-0.08792972564697266,0.00438690185546875,0.0073261260986328125,-0.0024423599243164062,-0.0024423599243164062,-0.0073261260986328125,-0.3150177001953125,-0.0073261260986328125,-0.08058643341064453,-1.25128173828125,5.0666656494140625,-1.6288156509399414,-0.036629676818847656,-0.10500621795654297,0.0,-1.1990825501748819,6.409410000134359,-1.5554065175325607,0.030699863618085903,-0.00680387772107755
92,2,heldout,5,-1,-0.3490658503988659,0.763925229999586,3,s,af3726fcacd0ac1320a56ea850b0a2c0f5430cf4eb20a45c078706980f08407e,d24fbe3839599a6a097188bae8cd47ce8083f27deef1341ae3086bf0d5a45bd1,87f63c0590d05baea263cdc42c6e1df2d063fa2def309ecb0283f3036bf33d46,87f63c0590d05baea263cdc42c6e1df2d063fa2def309ecb0283f3036bf33d46,1787978809.5468676,37393.379,18696740,0,0.9584569931030273,1.0473413467407227,1.4177541732788086,0.00095367431640625,-0.08869266510009766,0.00438690185546875,-0.021978378295898438,-0.0024423599243164062,-0.0024423599243164062,-0.0073261260986328125,-0.28571510314941406,-0.0073261260986328125,-0.08058643341064453,-1.2376060485839844,5.080341339111328,-1.6288156509399414,-0.04151439666748047,-0.10500621795654297,0.0,-1.1990218414549871,6.409349291414464,-1.5553458088126655,0.030927331153252857,-0.006814765141777183
92,2,heldout,5,-1,-0.3490658503988659,0.7659275990008609,3,s,af3726fcacd0ac1320a56ea850b0a2c0f5430cf4eb20a45c078706980f08407e,d24fbe3839599a6a097188bae8cd47ce8083f27deef1341ae3086bf0d5a45bd1,87f63c0590d05baea263cdc42c6e1df2d063fa2def309ecb0283f3036bf33d46,87f63c0590d05baea263cdc42c6e1df2d063fa2def309ecb0283f3036bf33d46,1787978809.5488007,37393.381,18696741,0,0.9584569931030273,1.0473413467407227,1.4177541732788086,0.00095367431640625,-0.08907413482666016,0.00438690185546875,-0.0073261260986328125,-0.0024423599243164062,-0.0024423599243164062,-0.0073261260986328125,-0.3003654479980469,-0.0073261260986328125,-0.08058643341064453,-1.2376060485839844,5.080341339111328,-1.6336994171142578,-0.046398162841796875,-0.10988998413085938,0.0,-1.1989913190414048,6.4093187690008815,-1.5553152863990831,0.031041058178332945,-0.006820208575535539
92,2,heldout,5,-1,-0.3490658503988659,0.7678571470023599,3,s,af3726fcacd0ac1320a56ea850b0a2c0f5430cf4eb20a45c078706980f08407e,d24fbe3839599a6a097188bae8cd47ce8083f27deef1341ae3086bf0d5a45bd1,87f63c0590d05baea263cdc42c6e1df2d063fa2def309ecb0283f3036bf33d46,87f63c0590d05baea263cdc42c6e1df2d063fa2def309ecb0283f3036bf33d46,1787978809.5507162,37393.383,18696742,0,0.9584569931030273,1.0473413467407227,1.4177541732788086,0.00095367431640625,-0.08983707427978516,0.00438690185546875,0.0073261260986328125,-0.0024423599243164062,-0.0024423599243164062,0.0073261260986328125,-0.3296699523925781,-0.0073261260986328125,-0.08058643341064453,-1.2376060485839844,5.0666656494140625,-1.6336994171142578,-0.05616569519042969,-0.10988998413085938,0.0,-1.1989299381291798,6.4092573880886565,-1.5552539054868584,0.03126849866073909,-0.00683109488590871
92,2,heldout,5,-1,-0.3490658503988659,0.7697953839960974,3,s,af3726fcacd0ac1320a56ea850b0a2c0f5430cf4eb20a45c078706980f08407e,d24fbe3839599a6a097188bae8cd47ce8083f27deef1341ae3086bf0d5a45bd1,87f63c0590d05baea263cdc42c6e1df2d063fa2def309ecb0283f3036bf33d46,87f63c0590d05baea263cdc42c6e1df2d063fa2def309ecb0283f3036bf33d46,1787978809.5527277,37393.384999999995,18696743,0,0.9584569931030273,1.0473413467407227,1.4177541732788086,0.00095367431640625,-0.09060001373291016,0.00438690185546875,-0.0073261260986328125,-0.0024423599243164062,-0.0024423599243164062,-0.0073261260986328125,-0.3296699523925781,-0.0073261260986328125,-0.08058643341064453,-1.25128173828125,5.0666656494140625,-1.6336994171142578,-0.0659341812133789,-0.10988998413085938,0.0,-1.198868109133342,6.409195559092819,-1.5551920764910205,0.03149592094248444,-0.006841980448143319
92,2,heldout,5,-1,-0.3490658503988659,0.7718097469987697,3,s,af3726fcacd0ac1320a56ea850b0a2c0f5430cf4eb20a45c078706980f08407e,d24fbe3839599a6a097188bae8cd47ce8083f27deef1341ae3086bf0d5a45bd1,87f63c0590d05baea263cdc42c6e1df2d063fa2def309ecb0283f3036bf33d46,87f63c0590d05baea263cdc42c6e1df2d063fa2def309ecb0283f3036bf33d46,1787978809.554702,37393.386999999995,18696744,0,0.9584569931030273,1.0473413467407227,1.4177541732788086,0.00095367431640625,-0.09098148345947266,0.00438690185546875,-0.021978378295898438,-0.0024423599243164062,-0.0024423599243164062,-0.0073261260986328125,-0.3003654479980469,-0.0073261260986328125,-0.08058643341064453,-1.25128173828125,5.0666656494140625,-1.6336994171142578,-0.08547019958496094,-0.10988998413085938,0.0,-1.1988370266153034,6.40916447657478,-1.555160993972982,0.03160962521674103,-0.00684742294672857
92,2,heldout,5,-1,-0.3490658503988659,0.7737819850008236,3,s,af3726fcacd0ac1320a56ea850b0a2c0f5430cf4eb20a45c078706980f08407e,d24fbe3839599a6a097188bae8cd47ce8083f27deef1341ae3086bf0d5a45bd1,87f63c0590d05baea263cdc42c6e1df2d063fa2def309ecb0283f3036bf33d46,87f63c0590d05baea263cdc42c6e1df2d063fa2def309ecb0283f3036bf33d46,1787978809.5566568,37393.388999999996,18696745,0,0.9584569931030273,1.0473413467407227,1.4177541732788086,0.00095367431640625,-0.09136295318603516,0.00438690185546875,-0.0073261260986328125,-0.0024423599243164062,-0.0024423599243164062,-0.0073261260986328125,-0.28571510314941406,0.0073261260986328125,-0.08058643341064453,-1.25128173828125,5.0666656494140625,-1.6336994171142578,-0.10500621795654297,-0.10500621795654297,0.0,-1.1988058320898785,6.409133282049355,-1.5551297994475568,0.0317233248911918,-0.006852865255903128
92,2,heldout,5,-1,-0.3490658503988659,0.775713591996464,3,s,af3726fcacd0ac1320a56ea850b0a2c0f5430cf4eb20a45c078706980f08407e,d24fbe3839599a6a097188bae8cd47ce8083f27deef1341ae3086bf0d5a45bd1,87f63c0590d05baea263cdc42c6e1df2d063fa2def309ecb0283f3036bf33d46,87f63c0590d05baea263cdc42c6e1df2d063fa2def309ecb0283f3036bf33d46,1787978809.5586114,37393.390999999996,18696746,0,0.9584569931030273,1.0473413467407227,1.4177541732788086,0.00095367431640625,-0.09212589263916016,0.00438690185546875,-0.0073261260986328125,-0.0024423599243164062,-0.0024423599243164062,-0.0073261260986328125,-0.27106285095214844,-0.0073261260986328125,-0.08058643341064453,-1.2376060485839844,5.0666656494140625,-1.6336994171142578,-0.1196584701538086,-0.10500621795654297,0.0,-1.1987431070350412,6.409070556994518,-1.5550670743927197,0.031950710374494685,-0.006863749302852352
92,2,heldout,5,-1,-0.3490658503988659,0.7776693289997638,3,s,af3726fcacd0ac1320a56ea850b0a2c0f5430cf4eb20a45c078706980f08407e,d24fbe3839599a6a097188bae8cd47ce8083f27deef1341ae3086bf0d5a45bd1,87f63c0590d05baea263cdc42c6e1df2d063fa2def309ecb0283f3036bf33d46,87f63c0590d05baea263cdc42c6e1df2d063fa2def309ecb0283f3036bf33d46,1787978809.5605478,37393.393,18696747,0,0.9584569931030273,1.0473413467407227,1.4177541732788086,0.00095367431640625,-0.09250736236572266,0.00438690185546875,-0.0073261260986328125,-0.0024423599243164062,-0.0024423599243164062,-0.0073261260986328125,-0.28571510314941406,-0.0073261260986328125,-0.07570171356201172,-1.2376060485839844,5.0666656494140625,-1.6336994171142578,-0.1294260025024414,-0.10500621795654297,0.0,-1.1987115765147558,6.4090390264742325,-1.5550355438724346,0.03206439615025785,-0.00686919103904318
92,2,heldout,5,-1,-0.3490658503988659,0.7796096390011371,3,s,af3726fcacd0ac1320a56ea850b0a2c0f5430cf4eb20a45c078706980f08407e,d24fbe3839599a6a097188bae8cd47ce8083f27deef1341ae3086bf0d5a45bd1,87f63c0590d05baea263cdc42c6e1df2d063fa2def309ecb0283f3036bf33d46,87f63c0590d05baea263cdc42c6e1df2d063fa2def309ecb0283f3036bf33d46,1787978809.5624845,37393.395,18696748,0,0.9584569931030273,1.0473413467407227,1.4177541732788086,0.00095367431640625,-0.09327030181884766,0.00438690185546875,0.0073261260986328125,-0.0024423599243164062,-0.0024423599243164062,0.0073261260986328125,-0.3150177001953125,-0.021978378295898438,-0.07570171356201172,-1.2376060485839844,5.080341339111328,-1.6288156509399414,-0.1294260025024414,-0.10988998413085938,0.0,-1.198648179511396,6.408975629470873,-1.5549721468690743,0.03229175368729032,-0.0068800739328978835
92,2,heldout,5,-1,-0.3490658503988659,0.7815442900027847,3,s,af3726fcacd0ac1320a56ea850b0a2c0f5430cf4eb20a45c078706980f08407e,d24fbe3839599a6a097188bae8cd47ce8083f27deef1341ae3086bf0d5a45bd1,87f63c0590d05baea263cdc42c6e1df2d063fa2def309ecb0283f3036bf33d46,87f63c0590d05baea263cdc42c6e1df2d063fa2def309ecb0283f3036bf33d46,1787978809.565046,37393.397,18696749,0,0.9584569931030273,1.0473413467407227,1.4177541732788086,0.00095367431640625,-0.09403419494628906,0.00438690185546875,0.0073261260986328125,-0.0024423599243164062,-0.0024423599243164062,-0.0073261260986328125,-0.34432220458984375,-0.021978378295898438,-0.07570171356201172,-1.2376060485839844,5.080341339111328,-1.6336994171142578,-0.1294260025024414,-0.10988998413085938,0.0,-1.1985842545019891,6.408911704461466,-1.5549082218596675,0.032519376589657575,-0.006890969652262318
92,2,heldout,5,-1,-0.3490658503988659,0.7841068049965543,3,s,af3726fcacd0ac1320a56ea850b0a2c0f5430cf4eb20a45c078706980f08407e,d24fbe3839599a6a097188bae8cd47ce8083f27deef1341ae3086bf0d5a45bd1,87f63c0590d05baea263cdc42c6e1df2d063fa2def309ecb0283f3036bf33d46,87f63c0590d05baea263cdc42c6e1df2d063fa2def309ecb0283f3036bf33d46,1787978809.567037,37393.399,18696750,0,0.9584569931030273,1.0473413467407227,1.4177541732788086,0.00095367431640625,-0.09517860412597656,0.00438690185546875,-0.0073261260986328125,-0.0024423599243164062,-0.0024423599243164062,-0.021978378295898438,-0.373626708984375,-0.0073261260986328125,-0.07570171356201172,-1.25128173828125,5.080341339111328,-1.6336994171142578,-0.1343097686767578,-0.10988998413085938,0.0,-1.1984876465099066,6.408815096469383,-1.554811613867585,0.032860349132639896,-0.006907291356523965
92,2,heldout,5,-1,-0.3490658503988659,0.7860987559979549,3,s,af3726fcacd0ac1320a56ea850b0a2c0f5430cf4eb20a45c078706980f08407e,d24fbe3839599a6a097188bae8cd47ce8083f27deef1341ae3086bf0d5a45bd1,87f63c0590d05baea263cdc42c6e1df2d063fa2def309ecb0283f3036bf33d46,87f63c0590d05baea263cdc42c6e1df2d063fa2def309ecb0283f3036bf33d46,1787978809.569037,37393.401,18696751,0,0.9584569931030273,1.0473413467407227,1.4177541732788086,0.00095367431640625,-0.09556007385253906,0.00438690185546875,-0.0073261260986328125,-0.0024423599243164062,-0.0024423599243164062,-0.0073261260986328125,-0.34432220458984375,-0.0073261260986328125,-0.07570171356201172,-1.25128173828125,5.080341339111328,-1.6288156509399414,-0.1343097686767578,-0.10500621795654297,0.0,-1.1984552199265237,6.408782669886,-1.5547791872842018,0.03297399710539894,-0.006912731529421374
92,2,heldout,5,-1,-0.3490658503988659,0.7881008809999912,3,s,af3726fcacd0ac1320a56ea850b0a2c0f5430cf4eb20a45c078706980f08407e,d24fbe3839599a6a097188bae8cd47ce8083f27deef1341ae3086bf0d5a45bd1,87f63c0590d05baea263cdc42c6e1df2d063fa2def309ecb0283f3036bf33d46,87f63c0590d05baea263cdc42c6e1df2d063fa2def309ecb0283f3036bf33d46,1787978809.5710049,37393.403,18696752,0,0.9584569931030273,1.0473413467407227,1.4177541732788086,0.00095367431640625,-0.09594154357910156,0.00438690185546875,-0.021978378295898438,-0.0024423599243164062,-0.0024423599243164062,-0.021978378295898438,-0.3003654479980469,0.0073261260986328125,-0.07570171356201172,-1.25128173828125,5.080341339111328,-1.6288156509399414,-0.1294260025024414,-0.10500621795654297,0.0,-1.1984226813913135,6.40875013135079,-1.5547466487489925,0.033087640279809906,-0.00691817150340444
92,2,heldout,5,-1,-0.3490658503988659,0.7900611599980039,3,s,af3726fcacd0ac1320a56ea850b0a2c0f5430cf4eb20a45c078706980f08407e,d24fbe3839599a6a097188bae8cd47ce8083f27deef1341ae3086bf0d5a45bd1,87f63c0590d05baea263cdc42c6e1df2d063fa2def309ecb0283f3036bf33d46,87f63c0590d05baea263cdc42c6e1df2d063fa2def309ecb0283f3036bf33d46,1787978809.572978,37393.405,18696753,0,0.9584569931030273,1.0473413467407227,1.4177541732788086,0.00095367431640625,-0.09670448303222656,0.00438690185546875,-0.021978378295898438,-0.0024423599243164062,-0.0024423599243164062,-0.021978378295898438,-0.3150177001953125,-0.0073261260986328125,-0.08058643341064453,-1.25128173828125,5.080341339111328,-1.6288156509399414,-0.1343097686767578,-0.10500621795654297,0.0,-1.198357268484369,6.408684718443846,-1.5546812358420479,0.033314912167439384,-0.006929050851461091
92,2,heldout,5,-1,-0.3490658503988659,0.7920614739996381,3,s,af3726fcacd0ac1320a56ea850b0a2c0f5430cf4eb20a45c078706980f08407e,d24fbe3839599a6a097188bae8cd47ce8083f27deef1341ae3086bf0d5a45bd1,87f63c0590d05baea263cdc42c6e1df2d063fa2def309ecb0283f3036bf33d46,87f63c0590d05baea263cdc42c6e1df2d063fa2def309ecb0283f3036bf33d46,1787978809.5749664,37393.407,18696754,0,0.9584569931030273,1.0473413467407227,1.4177541732788086,0.00095367431640625,-0.09746742248535156,0.00438690185546875,-0.0073261260986328125,-0.0024423599243164062,-0.0024423599243164062,-0.0073261260986328125,-0.34432220458984375,-0.0073261260986328125,-0.08058643341064453,-1.25128173828125,5.0666656494140625,-1.6288156509399414,-0.124542236328125,-0.10500621795654297,0.0,-1.1982914078271487,6.408618857786625,-1.554615375184827,0.033542164663238686,-0.0069399293943613015
92,2,heldout,5,-1,-0.3490658503988659,0.7940260850009508,3,s,af3726fcacd0ac1320a56ea850b0a2c0f5430cf4eb20a45c078706980f08407e,d24fbe3839599a6a097188bae8cd47ce8083f27deef1341ae3086bf0d5a45bd1,87f63c0590d05baea263cdc42c6e1df2d063fa2def309ecb0283f3036bf33d46,87f63c0590d05baea263cdc42c6e1df2d063fa2def309ecb0283f3036bf33d46,1787978809.576939,37393.409,18696755,0,0.9584569931030273,1.0473413467407227,1.4177541732788086,0.00095367431640625,-0.09823036193847656,0.00438690185546875,0.0073261260986328125,-0.0024423599243164062,-0.0024423599243164062,-0.0073261260986328125,-0.3882789611816406,-0.0073261260986328125,-0.07570171356201172,-1.25128173828125,5.080341339111328,-1.6288156509399414,-0.1196584701538086,-0.10988998413085938,0.0,-1.198225099457988,6.408552549417465,-1.5545490668156663,0.03376939763492947,-0.006950807125772929
92,2,heldout,5,-1,-0.3490658503988659,0.7960049469984369,3,s,af3726fcacd0ac1320a56ea850b0a2c0f5430cf4eb20a45c078706980f08407e,d24fbe3839599a6a097188bae8cd47ce8083f27deef1341ae3086bf0d5a45bd1,87f63c0590d05baea263cdc42c6e1df2d063fa2def309ecb0283f3036bf33d46,87f63c0590d05baea263cdc42c6e1df2d063fa2def309ecb0283f3036bf33d46,1787978809.5789542,37393.411,18696756,0,0.9584569931030273,1.0473413467407227,1.4177541732788086,0.00095367431640625,-0.09899330139160156,0.00438690185546875,-0.0073261260986328125,-0.0024423599243164062,-0.0024423599243164062,-0.021978378295898438,-0.3882789611816406,-0.0073261260986328125,-0.07570171356201172,-1.2376060485839844,5.080341339111328,-1.6288156509399414,-0.1196584701538086,-0.10500621795654297,0.0,-1.1981583434154834,6.40848579337496,-1.5544823107731618,0.03399661095024475,-0.006961684039364304
92,2,heldout,5,-1,-0.3490658503988659,0.7980185880005592,3,s,af3726fcacd0ac1320a56ea850b0a2c0f5430cf4eb20a45c078706980f08407e,d24fbe3839599a6a097188bae8cd47ce8083f27deef1341ae3086bf0d5a45bd1,87f63c0590d05baea263cdc42c6e1df2d063fa2def309ecb0283f3036bf33d46,87f63c0590d05baea263cdc42c6e1df2d063fa2def309ecb0283f3036bf33d46,1787978809.5809398,37393.413,18696757,0,0.9584569931030273,1.0473413467407227,1.4177541732788086,0.00095367431640625,-0.09975624084472656,0.00438690185546875,-0.0073261260986328125,-0.0024423599243164062,-0.0024423599243164062,-0.021978378295898438,-0.40293121337890625,-0.0073261260986328125,-0.08058643341064453,-1.25128173828125,5.094017028808594,-1.6288156509399414,-0.10988998413085938,-0.10500621795654297,0.0,-1.1980911397384921,6.408418589697969,-1.5544151070961705,0.03422380447692897,-0.006972560128804222
92,2,heldout,5,-1,-0.3490658503988659,0.8000046840024879,3,s,af3726fcacd0ac1320a56ea850b0a2c0f5430cf4eb20a45c078706980f08407e,d24fbe3839599a6a097188bae8cd47ce8083f27deef1341ae3086bf0d5a45bd1,87f63c0590d05baea263cdc42c6e1df2d063fa2def309ecb0283f3036bf33d46,87f63c0590d05baea263cdc42c6e1df2d063fa2def309ecb0283f3036bf33d46,1787978809.5832245,37393.415,18696758,0,0.9584569931030273,1.0473413467407227,1.4177541732788086,0.00095367431640625,-0.10051918029785156,0.00438690185546875,-0.0073261260986328125,-0.0024423599243164062,-0.0024423599243164062,-0.021978378295898438,-0.3882789611816406,-0.0073261260986328125,-0.08058643341064453,-1.25128173828125,5.094017028808594,-1.6336994171142578,-0.10012245178222656,-0.10500621795654297,0.0,-1.198023488466132,6.408350938425609,-1.5543474558238106,0.03445097808273809,-0.006983435387761973
92,2,heldout,5,-1,-0.3490658503988659,0.8024217510028393,3,s,af3726fcacd0ac1320a56ea850b0a2c0f5430cf4eb20a45c078706980f08407e,d24fbe3839599a6a097188bae8cd47ce8083f27deef1341ae3086bf0d5a45bd1,87f63c0590d05baea263cdc42c6e1df2d063fa2def309ecb0283f3036bf33d46,87f63c0590d05baea263cdc42c6e1df2d063fa2def309ecb0283f3036bf33d46,1787978809.5849283,37393.417,18696759,0,0.9584569931030273,1.0473413467407227,1.4177541732788086,0.00095367431640625,-0.10128211975097656,0.00438690185546875,0.0073261260986328125,-0.0024423599243164062,-0.0024423599243164062,-0.0073261260986328125,-0.3882789611816406,-0.0073261260986328125,-0.08058643341064453,-1.25128173828125,5.080341339111328,-1.6288156509399414,-0.09035396575927734,-0.10500621795654297,0.0,-1.1979553896377815,6.408282839597258,-1.5542793569954598,0.03467813163543965,-0.006994309809907321
92,2,heldout,5,-1,-0.3490658503988659,0.8039948329969775,3,s,af3726fcacd0ac1320a56ea850b0a2c0f5430cf4eb20a45c078706980f08407e,d24fbe3839599a6a097188bae8cd47ce8083f27deef1341ae3086bf0d5a45bd1,87f63c0590d05baea263cdc42c6e1df2d063fa2def309ecb0283f3036bf33d46,87f63c0590d05baea263cdc42c6e1df2d063fa2def309ecb0283f3036bf33d46,1787978809.5869253,37393.419,18696760,0,0.9584569931030273,1.0473413467407227,1.4177541732788086,0.00095367431640625,-0.10204505920410156,0.00438690185546875,-0.0073261260986328125,-0.0024423599243164062,-0.0024423599243164062,0.0073261260986328125,-0.40293121337890625,-0.0073261260986328125,-0.07570171356201172,-1.25128173828125,5.0666656494140625,-1.6288156509399414,-0.08547019958496094,-0.10500621795654297,0.0,-1.197886843293079,6.408214293252556,-1.5542108106507575,0.034905265002812956,-0.007005183388910518
92,2,heldout,5,-1,-0.3490658503988659,0.8059916599959251,3,s,af3726fcacd0ac1320a56ea850b0a2c0f5430cf4eb20a45c078706980f08407e,d24fbe3839599a6a097188bae8cd47ce8083f27deef1341ae3086bf0d5a45bd1,87f63c0590d05baea263cdc42c6e1df2d063fa2def309ecb0283f3036bf33d46,87f63c0590d05baea263cdc42c6e1df2d063fa2def309ecb0283f3036bf33d46,1787978809.5889256,37393.420999999995,18696761,0,0.9584569931030273,1.0473413467407227,1.4177541732788086,0.00095367431640625,-0.10280799865722656,0.00438690185546875,-0.0073261260986328125,-0.0024423599243164062,-0.0024423599243164062,-0.0073261260986328125,-0.40293121337890625,-0.0073261260986328125,-0.08058643341064453,-1.2376060485839844,5.0666656494140625,-1.6288156509399414,-0.08058643341064453,-0.10500621795654297,0.0,-1.197817849471924,6.408145299431401,-1.5541418168296024,0.03513237805264893,-0.007016056118442311
92,2,heldout,5,-1,-0.3490658503988659,0.8079921300013666,3,s,af3726fcacd0ac1320a56ea850b0a2c0f5430cf4eb20a45c078706980f08407e,d24fbe3839599a6a097188bae8cd47ce8083f27deef1341ae3086bf0d5a45bd1,87f63c0590d05baea263cdc42c6e1df2d063fa2def309ecb0283f3036bf33d46,87f63c0590d05baea263cdc42c6e1df2d063fa2def309ecb0283f3036bf33d46,1787978809.5909562,37393.422999999995,18696762,0,0.9584569931030273,1.0473413467407227,1.4177541732788086,0.00095367431640625,-0.10357093811035156,0.00438690185546875,-0.0073261260986328125,-0.0024423599243164062,-0.0024423599243164062,-0.021978378295898438,-0.3589744567871094,-0.0073261260986328125,-0.08058643341064453,-1.2376060485839844,5.080341339111328,-1.6288156509399414,-0.07570171356201172,-0.10500621795654297,0.0,-1.197748408214475,6.408075858173952,-1.5540723755721537,0.03535947065275041,-0.0070269279921739355
92,2,heldout,5,-1,-0.3490658503988659,0.8100219309999375,3,s,af3726fcacd0ac1320a56ea850b0a2c0f5430cf4eb20a45c078706980f08407e,d24fbe3839599a6a097188bae8cd47ce8083f27deef1341ae3086bf0d5a45bd1,87f63c0590d05baea263cdc42c6e1df2d063fa2def309ecb0283f3036bf33d46,87f63c0590d05baea263cdc42c6e1df2d063fa2def309ecb0283f3036bf33d46,1787978809.593009,37393.424999999996,18696763,0,0.9584569931030273,1.0473413467407227,1.4177541732788086,0.00095367431640625,-0.10433387756347656,0.00438690185546875,0.0073261260986328125,-0.0024423599243164062,-0.0024423599243164062,-0.0073261260986328125,-0.373626708984375,-0.0073261260986328125,-0.08058643341064453,-1.2376060485839844,5.0666656494140625,-1.6288156509399414,-0.07081794738769531,-0.10500621795654297,0.0,-1.1976785195611543,6.408005969520631,-1.5540024869188327,0.035586542670932114,-0.007037799003777131
92,2,heldout,5,-1,-0.3490658503988659,0.8120931419980479,3,s,af3726fcacd0ac1320a56ea850b0a2c0f5430cf4eb20a45c078706980f08407e,d24fbe3839599a6a097188bae8cd47ce8083f27deef1341ae3086bf0d5a45bd1,87f63c0590d05baea263cdc42c6e1df2d063fa2def309ecb0283f3036bf33d46,87f63c0590d05baea263cdc42c6e1df2d063fa2def309ecb0283f3036bf33d46,1787978809.595004,37393.426999999996,18696764,0,0.9584569931030273,1.0473413467407227,1.4177541732788086,0.00095367431640625,-0.10509681701660156,0.00438690185546875,-0.0073261260986328125,-0.0024423599243164062,-0.0024423599243164062,-0.0073261260986328125,-0.41758155822753906,-0.0073261260986328125,-0.07570171356201172,-1.25128173828125,5.0666656494140625,-1.6288156509399414,-0.0610504150390625,-0.10988998413085938,0.0,-1.19760818355264,6.407935633512117,-1.5539321509103188,0.035813593975020735,-0.0070486691469241365
92,2,heldout,5,-1,-0.3490658503988659,0.8140665230021114,3,s,af3726fcacd0ac1320a56ea850b0a2c0f5430cf4eb20a45c078706980f08407e,d24fbe3839599a6a097188bae8cd47ce8083f27deef1341ae3086bf0d5a45bd1,87f63c0590d05baea263cdc42c6e1df2d063fa2def309ecb0283f3036bf33d46,87f63c0590d05baea263cdc42c6e1df2d063fa2def309ecb0283f3036bf33d46,1787978809.5969994,37393.429,18696765,0,0.9584569931030273,1.0473413467407227,1.4177541732788086,0.00095367431640625,-0.10624122619628906,0.00438690185546875,-0.021978378295898438,-0.0024423599243164062,-0.0024423599243164062,0.021978378295898438,-0.4468860626220703,-0.0073261260986328125,-0.07570171356201172,-1.25128173828125,5.0666656494140625,-1.6288156509399414,-0.05128192901611328,-0.10988998413085938,0.0,-1.1975018408385147,6.4078292907979915,-1.553825808196193,0.03615413180312973,-0.007064972719448554
92,2,heldout,5,-1,-0.3490658503988659,0.816060106997611,3,s,af3726fcacd0ac1320a56ea850b0a2c0f5430cf4eb20a45c078706980f08407e,d24fbe3839599a6a097188bae8cd47ce8083f27deef1341ae3086bf0d5a45bd1,87f63c0590d05baea263cdc42c6e1df2d063fa2def309ecb0283f3036bf33d46,87f63c0590d05baea263cdc42c6e1df2d063fa2def309ecb0283f3036bf33d46,1787978809.5990143,37393.431,18696766,0,0.9584569931030273,1.0473413467407227,1.4177541732788086,0.00095367431640625,-0.10700416564941406,0.00438690185546875,-0.021978378295898438,-0.0024423599243164062,-0.0024423599243164062,-0.0073261260986328125,-0.4468860626220703,-0.0073261260986328125,-0.08058643341064453,-1.25128173828125,5.0666656494140625,-1.6288156509399414,-0.046398162841796875,-0.10988998413085938,0.0,-1.1974303866217064,6.407757836581183,-1.5537543539793848,0.03638113074380676,-0.007075840663774454
92,2,heldout,5,-1,-0.3490658503988659,0.8180757299996912,3,s,af3726fcacd0ac1320a56ea850b0a2c0f5430cf4eb20a45c078706980f08407e,d24fbe3839599a6a097188bae8cd47ce8083f27deef1341ae3086bf0d5a45bd1,87f63c0590d05baea263cdc42c6e1df2d063fa2def309ecb0283f3036bf33d46,87f63c0590d05baea263cdc42c6e1df2d063fa2def309ecb0283f3036bf33d46,1787978809.600966,37393.433,18696767,0,0.9584569931030273,1.0473413467407227,1.4177541732788086,0.00095367431640625,-0.10814857482910156,0.00438690185546875,-0.0073261260986328125,-0.0024423599243164062,-0.0024423599243164062,-0.0073261260986328125,-0.4322338104248047,-0.0073261260986328125,-0.08058643341064453,-1.25128173828125,5.0666656494140625,-1.6288156509399414,-0.04151439666748047,-0.10500621795654297,0.0,-1.1973223667893875,6.407649816748864,-1.5536463341470663,0.036721589407401924,-0.007092140908412795
92,2,heldout,5,-1,-0.3490658503988659,0.8200185030000284,3,s,af3726fcacd0ac1320a56ea850b0a2c0f5430cf4eb20a45c078706980f08407e,d24fbe3839599a6a097188bae8cd47ce8083f27deef1341ae3086bf0d5a45bd1,87f63c0590d05baea263cdc42c6e1df2d063fa2def309ecb0283f3036bf33d46,87f63c0590d05baea263cdc42c6e1df2d063fa2def309ecb0283f3036bf33d46,1787978809.6029034,37393.435,18696768,0,0.9584569931030273,1.0473413467407227,1.4177541732788086,0.00095367431640625,-0.10891151428222656,0.00438690185546875,-0.0073261260986328125,-0.0024423599243164062,-0.0024423599243164062,-0.0073261260986328125,-0.4468860626220703,-0.0073261260986328125,-0.07570171356201172,-1.25128173828125,5.080341339111328,-1.6288156509399414,-0.03174591064453125,-0.10500621795654297,0.0,-1.1972497946242338,6.4075772445837105,-1.5535737619819119,0.03694853515885026,-0.0071030066143802474
92,2,heldout,5,-1,-0.3490658503988659,0.8219599669973832,3,s,af3726fcacd0ac1320a56ea850b0a2c0f5430cf4eb20a45c078706980f08407e,d24fbe3839599a6a097188bae8cd47ce8083f27deef1341ae3086bf0d5a45bd1,87f63c0590d05baea263cdc42c6e1df2d063fa2def309ecb0283f3036bf33d46,87f63c0590d05baea263cdc42c6e1df2d063fa2def309ecb0283f3036bf33d46,1787978809.60483,37393.437,18696769,0,0.9584569931030273,1.0473413467407227,1.4177541732788086,0.00095367431640625,-0.10967445373535156,0.00438690185546875,-0.0073261260986328125,-0.0024423599243164062,-0.0024423599243164062,-0.0073261260986328125,-0.4322338104248047,-0.0073261260986328125,-0.07570171356201172,-1.2376060485839844,5.080341339111328,-1.6288156509399414,-0.021978378295898438,-0.10500621795654297,0.0,-1.1971767753534386,6.407504225312915,-1.553500742711117,0.037175459403421575,-0.007113871413935687
92,2,heldout,5,-1,-0.3490658503988659,0.8238902329976554,3,s,af3726fcacd0ac1320a56ea850b0a2c0f5430cf4eb20a45c078706980f08407e,d24fbe3839599a6a097188bae8cd47ce8083f27deef1341ae3086bf0d5a45bd1,87f63c0590d05baea263cdc42c6e1df2d063fa2def309ecb0283f3036bf33d46,87f63c0590d05baea263cdc42c6e1df2d063fa2def309ecb0283f3036bf33d46,1787978809.6067748,37393.439,18696770,0,0.9584569931030273,1.0473413467407227,1.4177541732788086,0.00095367431640625,-0.11043739318847656,0.00438690185546875,-0.021978378295898438,-0.0024423599243164062,-0.0024423599243164062,-0.0073261260986328125,-0.41758155822753906,-0.0073261260986328125,-0.07570171356201172,-1.2376060485839844,5.0666656494140625,-1.6288156509399414,-0.017093658447265625,-0.10500621795654297,0.0,-1.1971033090195031,6.407430758978982,-1.553427276377183,0.0374023620090286,-0.007124735300754968
92,2,heldout,5,-1,-0.3490658503988659,0.8258310919991345,3,s,af3726fcacd0ac1320a56ea850b0a2c0f5430cf4eb20a45c078706980f08407e,d24fbe3839599a6a097188bae8cd47ce8083f27deef1341ae3086bf0d5a45bd1,87f63c0590d05baea263cdc42c6e1df2d063fa2def309ecb0283f3036bf33d46,87f63c0590d05baea263cdc42c6e1df2d063fa2def309ecb0283f3036bf33d46,1787978809.608696,37393.441,18696771,0,0.9584569931030273,1.0473413467407227,1.4177541732788086,0.00095367431640625,-0.11081886291503906,0.00438690185546875,-0.0073261260986328125,-0.0024423599243164062,-0.0024423599243164062,-0.0073261260986328125,-0.3589744567871094,-0.0073261260986328125,-0.08058643341064453,-1.2376060485839844,5.0666656494140625,-1.6288156509399414,-0.017093658447265625,-0.10988998413085938,0.0,-1.1970664082172129,6.40739385817669,-1.5533903755748917,0.03751580515594666,-0.007130166899912398
92,2,heldout,5,-1,-0.3490658503988659,0.8277491359986016,3,s,af3726fcacd0ac1320a56ea850b0a2c0f5430cf4eb20a45c078706980f08407e,d24fbe3839599a6a097188bae8cd47ce8083f27deef1341ae3086bf0d5a45bd1,87f63c0590d05baea263cdc42c6e1df2d063fa2def309ecb0283f3036bf33d46,87f63c0590d05baea263cdc42c6e1df2d063fa2def309ecb0283f3036bf33d46,1787978809.6105995,37393.443,18696772,0,0.9584569931030273,1.0473413467407227,1.4177541732788086,0.00095367431640625,-0.11158180236816406,0.00438690185546875,-0.0073261260986328125,-0.0024423599243164062,-0.0024423599243164062,-0.021978378295898438,-0.3296699523925781,-0.0073261260986328125,-0.08058643341064453,-1.2376060485839844,5.0666656494140625,-1.6288156509399414,-0.012209892272949219,-0.10500621795654297,0.0,-1.1969922713688326,6.407319721328309,-1.5533162387265116,0.03774267505547113,-0.00714102940577083
92,2,heldout,5,-1,-0.3490658503988659,0.8296527409984265,3,s,af3726fcacd0ac1320a56ea850b0a2c0f5430cf4eb20a45c078706980f08407e,d24fbe3839599a6a097188bae8cd47ce8083f27deef1341ae3086bf0d5a45bd1,87f63c0590d05baea263cdc42c6e1df2d063fa2def309ecb0283f3036bf33d46,87f63c0590d05baea263cdc42c6e1df2d063fa2def309ecb0283f3036bf33d46,1787978809.6124964,37393.445,18696773,0,0.9584569931030273,1.0473413467407227,1.4177541732788086,0.00095367431640625,-0.11234474182128906,0.00438690185546875,-0.0073261260986328125,-0.0024423599243164062,-0.0024423599243164062,-0.0073261260986328125,-0.3882789611816406,-0.0073261260986328125,-0.08058643341064453,-1.2376060485839844,5.0666656494140625,-1.6336994171142578,-0.012209892272949219,-0.10500621795654297,0.0,-1.1969176875647087,6.4072451375241855,-1.5532416549223875,0.03796952298586835,-0.007151890983085071
92,2,heldout,5,-1,-0.3490658503988659,0.8315645089969621,3,s,af3726fcacd0ac1320a56ea850b0a2c0f5430cf4eb20a45c078706980f08407e,d24fbe3839599a6a097188bae8cd47ce8083f27deef1341ae3086bf0d5a45bd1,87f63c0590d05baea263cdc42c6e1df2d063fa2def309ecb0283f3036bf33d46,87f63c0590d05baea263cdc42c6e1df2d063fa2def309ecb0283f3036bf33d46,1787978809.6150126,37393.447,18696774,0,0.9584569931030273,1.0473413467407227,1.4177541732788086,0.00095367431640625,-0.11310768127441406,0.00438690185546875,0.0073261260986328125,-0.0024423599243164062,-0.0024423599243164062,-0.0073261260986328125,-0.373626708984375,-0.0073261260986328125,-0.07570171356201172,-1.25128173828125,5.0666656494140625,-1.6336994171142578,-0.012209892272949219,-0.10500621795654297,0.0,-1.1968426568482564,6.407170106807733,-1.5531666242059348,0.038196348815095454,-0.007162751625532854
92,2,heldout,5,-1,-0.3490658503988659,0.8340720249980222,3,s,af3726fcacd0ac1320a56ea850b0a2c0f5430cf4eb20a45c078706980f08407e,d24fbe3839599a6a097188bae8cd47ce8083f27deef1341ae3086bf0d5a45bd1,87f63c0590d05baea263cdc42c6e1df2d063fa2def309ecb0283f3036bf33d46,87f63c0590d05baea263cdc42c6e1df2d063fa2def309ecb0283f3036bf33d46,1787978809.6169927,37393.449,18696775,0,0.9584569931030273,1.0473413467407227,1.4177541732788086,0.00095367431640625,-0.11387062072753906,0.00438690185546875,-0.0073261260986328125,-0.0024423599243164062,-0.0024423599243164062,-0.021978378295898438,-0.3589744567871094,-0.0073261260986328125,-0.08058643341064453,-1.25128173828125,5.052989959716797,-1.6336994171142578,-0.017093658447265625,-0.10500621795654297,0.0,-1.1967671792631456,6.407094629222622,-1.5530911466208244,0.03842315241112244,-0.007173611326792449
92,2,heldout,5,-1,-0.3490658503988659,0.8360488859980251,3,s,af3726fcacd0ac1320a56ea850b0a2c0f5430cf4eb20a45c078706980f08407e,d24fbe3839599a6a097188bae8cd47ce8083f27deef1341ae3086bf0d5a45bd1,87f63c0590d05baea263cdc42c6e1df2d063fa2def309ecb0283f3036bf33d46,87f63c0590d05baea263cdc42c6e1df2d063fa2def309ecb0283f3036bf33d46,1787978809.618947,37393.451,18696776,0,0.9584569931030273,1.0473413467407227,1.4177541732788086,0.00095367431640625,-0.11425209045410156,0.00438690185546875,-0.0073261260986328125,-0.0024423599243164062,-0.0024423599243164062,-0.0073261260986328125,-0.3150177001953125,0.0073261260986328125,-0.08058643341064453,-1.2376060485839844,5.0666656494140625,-1.6288156509399414,-0.021978378295898438,-0.10500621795654297,0.0,-1.1967292729085641,6.407056722868041,-1.5530532402662427,0.03853654583043004,-0.007179040822501287
92,2,heldout,5,-1,-0.3490658503988659,0.8380045459998655,3,s,af3726fcacd0ac1320a56ea850b0a2c0f5430cf4eb20a45c078706980f08407e,d24fbe3839599a6a097188bae8cd47ce8083f27deef1341ae3086bf0d5a45bd1,87f63c0590d05baea263cdc42c6e1df2d063fa2def309ecb0283f3036bf33d46,87f63c0590d05baea263cdc42c6e1df2d063fa2def309ecb0283f3036bf33d46,1787978809.6208997,37393.453,18696777,0,0.9584569931030273,1.0473413467407227,1.4177541732788086,0.00095367431640625,-0.11463356018066406,0.00438690185546875,-0.0073261260986328125,-0.0024423599243164062,-0.0024423599243164062,0.0073261260986328125,-0.2564105987548828,0.0073261260986328125,-0.08058643341064453,-1.25128173828125,5.0666656494140625,-1.6288156509399414,-0.03174591064453125,-0.10500621795654297,0.0,-1.1966912548533117,6.40701870481279,-1.553015222210992,0.03864993364193225,-0.007184470080542683
92,2,heldout,5,-1,-0.3490658503988659,0.8399632799992105,3,s,af3726fcacd0ac1320a56ea850b0a2c0f5430cf4eb20a45c078706980f08407e,d24fbe3839599a6a097188bae8cd47ce8083f27deef1341ae3086bf0d5a45bd1,87f63c0590d05baea263cdc42c6e1df2d063fa2def309ecb0283f3036bf33d46,87f63c0590d05baea263cdc42c6e1df2d063fa2def309ecb0283f3036bf33d46,1787978809.6228728,37393.455,18696778,0,0.9584569931030273,1.0473413467407227,1.4177541732788086,0.00095367431640625,-0.11501502990722656,0.00438690185546875,-0.0073261260986328125,-0.0024423599243164062,-0.0024423599243164062,-0.0073261260986328125,-0.2417583465576172,-0.0073261260986328125,-0.08058643341064453,-1.25128173828125,5.080341339111328,-1.6336994171142578,-0.04151439666748047,-0.10500621795654297,0.0,-1.196653125102927,6.406980575062404,-1.5529770924606054,0.03876331582912892,-0.007189899100126568
92,2,heldout,5,-1,-0.3490658503988659,0.8419370659976266,3,s,af3726fcacd0ac1320a56ea850b0a2c0f5430cf4eb20a45c078706980f08407e,d24fbe3839599a6a097188bae8cd47ce8083f27deef1341ae3086bf0d5a45bd1,87f63c0590d05baea263cdc42c6e1df2d063fa2def309ecb0283f3036bf33d46,87f63c0590d05baea263cdc42c6e1df2d063fa2def309ecb0283f3036bf33d46,1787978809.6248205,37393.456999999995,18696779,0,0.9584569931030273,1.0473413467407227,1.4177541732788086,0.00095367431640625,-0.11539649963378906,0.00438690185546875,-0.0073261260986328125,-0.0024423599243164062,-0.0024423599243164062,0.0073261260986328125,-0.2417583465576172,-0.021978378295898438,-0.07570171356201172,-1.2376060485839844,5.080341339111328,-1.6336994171142578,-0.05128192901611328,-0.10988998413085938,0.0,-1.1966148836629524,6.406942333622429,-1.5529388510206312,0.03887669237552081,-0.007195327880462925
92,2,heldout,5,-1,-0.3490658503988659,0.8438798990027863,3,s,af3726fcacd0ac1320a56ea850b0a2c0f5430cf4eb20a45c078706980f08407e,d24fbe3839599a6a097188bae8cd47ce8083f27deef1341ae3086bf0d5a45bd1,87f63c0590d05baea263cdc42c6e1df2d063fa2def309ecb0283f3036bf33d46,87f63c0590d05baea263cdc42c6e1df2d063fa2def309ecb0283f3036bf33d46,1787978809.6267977,37393.458999999995,18696780,0,0.9584569931030273,1.0473413467407227,1.4177541732788086,0.00095367431640625,-0.11615943908691406,0.00438690185546875,-0.0073261260986328125,-0.0024423599243164062,-0.0024423599243164062,-0.0073261260986328125,-0.28571510314941406,-0.021978378295898438,-0.08058643341064453,-1.2376060485839844,5.080341339111328,-1.6385831832885742,-0.0659341812133789,-0.10988998413085938,0.0,-1.1965380657365174,6.406865515695994,-1.5528620330941958,0.03910342847989721,-0.007206184720233107
92,2,heldout,5,-1,-0.3490658503988659,0.8458619509983691,3,s,af3726fcacd0ac1320a56ea850b0a2c0f5430cf4eb20a45c078706980f08407e,d24fbe3839599a6a097188bae8cd47ce8083f27deef1341ae3086bf0d5a45bd1,87f63c0590d05baea263cdc42c6e1df2d063fa2def309ecb0283f3036bf33d46,87f63c0590d05baea263cdc42c6e1df2d063fa2def309ecb0283f3036bf33d46,1787978809.6288867,37393.460999999996,18696781,0,0.9584569931030273,1.0473413467407227,1.4177541732788086,0.00095367431640625,-0.11692237854003906,0.00438690185546875,0.0073261260986328125,-0.0024423599243164062,-0.0024423599243164062,-0.0073261260986328125,-0.3003654479980469,-0.0073261260986328125,-0.08058643341064453,-1.2376060485839844,5.080341339111328,-1.6385831832885742,-0.08547019958496094,-0.10988998413085938,0.0,-1.1964608011187203,6.406788251078197,-1.5527847684763987,0.03933014182308364,-0.0072170405935337145
92,2,heldout,5,-1,-0.3490658503988659,0.8479496119980467,3,s,af3726fcacd0ac1320a56ea850b0a2c0f5430cf4eb20a45c078706980f08407e,d24fbe3839599a6a097188bae8cd47ce8083f27deef1341ae3086bf0d5a45bd1,87f63c0590d05baea263cdc42c6e1df2d063fa2def309ecb0283f3036bf33d46,87f63c0590d05baea263cdc42c6e1df2d063fa2def309ecb0283f3036bf33d46,1787978809.63093,37393.462999999996,18696782,0,0.9584569931030273,1.0473413467407227,1.4177541732788086,0.00095367431640625,-0.11730384826660156,0.00438690185546875,0.0073261260986328125,-0.0024423599243164062,-0.0024423599243164062,-0.0073261260986328125,-0.28571510314941406,-0.0073261260986328125,-0.08058643341064453,-1.25128173828125,5.080341339111328,-1.6385831832885742,-0.10988998413085938,-0.10988998413085938,0.0,-1.1964220013146067,6.4067494512740835,-1.5527459686722849,0.039443489917991216,-0.007222468165783235
92,2,heldout,5,-1,-0.3490658503988659,0.8499969469994539,3,s,af3726fcacd0ac1320a56ea850b0a2c0f5430cf4eb20a45c078706980f08407e,d24fbe3839599a6a097188bae8cd47ce8083f27deef1341ae3086bf0d5a45bd1,87f63c0590d05baea263cdc42c6e1df2d063fa2def309ecb0283f3036bf33d46,87f63c0590d05baea263cdc42c6e1df2d063fa2def309ecb0283f3036bf33d46,1787978809.6328993,37393.465,18696783,0,0.9584569931030273,1.0473413467407227,1.4177541732788086,0.00095367431640625,-0.11768531799316406,0.00438690185546875,-0.0073261260986328125,-0.0024423599243164062,-0.0024423599243164062,-0.021978378295898438,-0.2417583465576172,0.0073261260986328125,-0.07570171356201172,-1.25128173828125,5.0666656494140625,-1.6385831832885742,-0.1294260025024414,-0.10500621795654297,0.0,-1.196383089854535,6.406710539814013,-1.5527070572122157,0.03955683227311562,-0.007227895494045801
