trial_id,repeat,support_posture,joint,direction,target_speed_rad_s,elapsed_s,schema_version,device_time_unit,urdf_sha256,protocol_sha256,collector_script_sha256,base_collector_script_sha256,host_time_s,device_time,seq,errors,q1_rad,q2_rad,q3_rad,q4_rad,q5_rad,q6_rad,dq1_rad_s,dq2_rad_s,dq3_rad_s,dq4_rad_s,dq5_rad_s,dq6_rad_s,tau1_nm,tau2_nm,tau3_nm,tau4_nm,tau5_nm,tau6_nm,gravity1_nm,gravity2_nm,gravity3_nm,gravity4_nm,gravity5_nm,gravity6_nm
22,1,train,2,1,0.3490658503988659,0.4517564320049132,3,s,af3726fcacd0ac1320a56ea850b0a2c0f5430cf4eb20a45c078706980f08407e,d24fbe3839599a6a097188bae8cd47ce8083f27deef1341ae3086bf0d5a45bd1,a264f9f6df4fae96803cb1057b5fedc2d14ddccb52b4eb699c12be7c2ccc333e,a264f9f6df4fae96803cb1057b5fedc2d14ddccb52b4eb699c12be7c2ccc333e,1787976781.8829024,35365.784,17682951,0,0.9500646591186523,0.6704435348510742,1.580643653869629,-0.00247955322265625,-0.00095367431640625,0.00514984130859375,-0.0073261260986328125,0.6129426956176758,-0.0024423599243164062,0.021978378295898438,-0.021978378295898438,-0.0073261260986328125,-0.0073261260986328125,5.599998474121094,2.1538467407226562,-0.74969482421875,0.021978378295898438,-0.1196584701538086,0.0,5.291829861376215,2.8762046069135376,-0.8292982019224477,0.01028572665387028,-0.0036858508837695134
22,1,train,2,1,0.3490658503988659,0.454315121001855,3,s,af3726fcacd0ac1320a56ea850b0a2c0f5430cf4eb20a45c078706980f08407e,d24fbe3839599a6a097188bae8cd47ce8083f27deef1341ae3086bf0d5a45bd1,a264f9f6df4fae96803cb1057b5fedc2d14ddccb52b4eb699c12be7c2ccc333e,a264f9f6df4fae96803cb1057b5fedc2d14ddccb52b4eb699c12be7c2ccc333e,1787976781.8842905,35365.786,17682952,0,0.9500646591186523,0.6715879440307617,1.580643653869629,-0.00247955322265625,-0.00095367431640625,0.00514984130859375,-0.0073261260986328125,0.5982904434204102,-0.0024423599243164062,0.021978378295898438,-0.0073261260986328125,-0.0073261260986328125,-0.0073261260986328125,5.613674163818359,2.1811962127685547,-0.7545785903930664,0.021978378295898438,-0.1196584701538086,0.0,5.2756328792172305,2.8849819800238645,-0.8311783775427787,0.010276619797833245,-0.0036912338585444993
22,1,train,2,1,0.3490658503988659,0.4556944830037537,3,s,af3726fcacd0ac1320a56ea850b0a2c0f5430cf4eb20a45c078706980f08407e,d24fbe3839599a6a097188bae8cd47ce8083f27deef1341ae3086bf0d5a45bd1,a264f9f6df4fae96803cb1057b5fedc2d14ddccb52b4eb699c12be7c2ccc333e,a264f9f6df4fae96803cb1057b5fedc2d14ddccb52b4eb699c12be7c2ccc333e,1787976781.886203,35365.788,17682953,0,0.9500646591186523,0.6731138229370117,1.580643653869629,-0.00209808349609375,-0.00095367431640625,0.00514984130859375,-0.0073261260986328125,0.5836381912231445,-0.0024423599243164062,0.021978378295898438,-0.021978378295898438,-0.0073261260986328125,-0.0073261260986328125,5.5042724609375,2.1948719024658203,-0.7594623565673828,0.021978378295898438,-0.1196584701538086,0.0,5.253400160092733,2.8973052634062535,-0.8343095833141074,0.010261411801439278,-0.0037001947367876257
22,1,train,2,1,0.3490658503988659,0.45759855800133664,3,s,af3726fcacd0ac1320a56ea850b0a2c0f5430cf4eb20a45c078706980f08407e,d24fbe3839599a6a097188bae8cd47ce8083f27deef1341ae3086bf0d5a45bd1,a264f9f6df4fae96803cb1057b5fedc2d14ddccb52b4eb699c12be7c2ccc333e,a264f9f6df4fae96803cb1057b5fedc2d14ddccb52b4eb699c12be7c2ccc333e,1787976781.8886244,35365.79,17682954,0,0.9500646591186523,0.6742582321166992,1.580643653869629,-0.00247955322265625,-0.00095367431640625,0.00514984130859375,-0.0073261260986328125,0.5885229110717773,-0.0024423599243164062,-0.0073261260986328125,-0.0073261260986328125,-0.0073261260986328125,-0.012209892272949219,5.340171813964844,2.1948719024658203,-0.7643470764160156,0.021978378295898438,-0.11477375030517578,0.0,5.23781308783328,2.9054478037188085,-0.835561216404273,0.010255318147158394,-0.003703775320765535
22,1,train,2,1,0.3490658503988659,0.4600165170049877,3,s,af3726fcacd0ac1320a56ea850b0a2c0f5430cf4eb20a45c078706980f08407e,d24fbe3839599a6a097188bae8cd47ce8083f27deef1341ae3086bf0d5a45bd1,a264f9f6df4fae96803cb1057b5fedc2d14ddccb52b4eb699c12be7c2ccc333e,a264f9f6df4fae96803cb1057b5fedc2d14ddccb52b4eb699c12be7c2ccc333e,1787976781.8905346,35365.792,17682955,0,0.9500646591186523,0.6754026412963867,1.580643653869629,-0.00247955322265625,-0.00095367431640625,0.00514984130859375,-0.0073261260986328125,0.6129426956176758,-0.0024423599243164062,0.0073261260986328125,0.0073261260986328125,-0.0073261260986328125,-0.0073261260986328125,5.258121490478516,2.2222213745117188,-0.7594623565673828,0.021978378295898438,-0.11477375030517578,0.0,5.221593157052837,2.914212537549721,-0.8374377538857736,0.010246166474257964,-0.003709142153804798
22,1,train,2,1,0.3490658503988659,0.4619316400057869,3,s,af3726fcacd0ac1320a56ea850b0a2c0f5430cf4eb20a45c078706980f08407e,d24fbe3839599a6a097188bae8cd47ce8083f27deef1341ae3086bf0d5a45bd1,a264f9f6df4fae96803cb1057b5fedc2d14ddccb52b4eb699c12be7c2ccc333e,a264f9f6df4fae96803cb1057b5fedc2d14ddccb52b4eb699c12be7c2ccc333e,1787976781.8924236,35365.794,17682956,0,0.9500646591186523,0.6769285202026367,1.580643653869629,-0.00247955322265625,-0.00095367431640625,0.00514984130859375,-0.0073261260986328125,0.6275949478149414,-0.0024423599243164062,0.021978378295898438,0.021978378295898438,-0.0073261260986328125,-0.0073261260986328125,5.258121490478516,2.2358970642089844,-0.7594623565673828,0.021978378295898438,-0.11477375030517578,0.0,5.19995594856762,2.9258929103092957,-0.8399380973514738,0.010233943371612039,-0.0037162903734602633
22,1,train,2,1,0.3490658503988659,0.46381390299939085,3,s,af3726fcacd0ac1320a56ea850b0a2c0f5430cf4eb20a45c078706980f08407e,d24fbe3839599a6a097188bae8cd47ce8083f27deef1341ae3086bf0d5a45bd1,a264f9f6df4fae96803cb1057b5fedc2d14ddccb52b4eb699c12be7c2ccc333e,a264f9f6df4fae96803cb1057b5fedc2d14ddccb52b4eb699c12be7c2ccc333e,1787976781.8943214,35365.795999999995,17682957,0,0.9500646591186523,0.6780729293823242,1.580643653869629,-0.00209808349609375,-0.00095367431640625,0.00514984130859375,0.0073261260986328125,0.6178264617919922,-0.0024423599243164062,0.021978378295898438,0.0073261260986328125,-0.0073261260986328125,-0.0073261260986328125,5.271793365478516,2.2358970642089844,-0.7643470764160156,0.021978378295898438,-0.11477375030517578,0.0,5.183095680871315,2.935273134044632,-0.8424364851842748,0.01022169644121451,-0.0037234299404546108
22,1,train,2,1,0.3490658503988659,0.4657133220025571,3,s,af3726fcacd0ac1320a56ea850b0a2c0f5430cf4eb20a45c078706980f08407e,d24fbe3839599a6a097188bae8cd47ce8083f27deef1341ae3086bf0d5a45bd1,a264f9f6df4fae96803cb1057b5fedc2d14ddccb52b4eb699c12be7c2ccc333e,a264f9f6df4fae96803cb1057b5fedc2d14ddccb52b4eb699c12be7c2ccc333e,1787976781.8962448,35365.797999999995,17682958,0,0.9500646591186523,0.6792173385620117,1.580643653869629,-0.00209808349609375,-0.00095367431640625,0.00514984130859375,-0.0073261260986328125,0.6031742095947266,-0.0024423599243164062,0.0073261260986328125,-0.021978378295898438,-0.0073261260986328125,-0.0073261260986328125,5.230770111083984,2.24957275390625,-0.769230842590332,0.017093658447265625,-0.1196584701538086,0.0,5.166853405544633,2.944024733008174,-0.8443089891753175,0.010212495623605607,-0.003728778927390922
22,1,train,2,1,0.3490658503988659,0.4676441720002913,3,s,af3726fcacd0ac1320a56ea850b0a2c0f5430cf4eb20a45c078706980f08407e,d24fbe3839599a6a097188bae8cd47ce8083f27deef1341ae3086bf0d5a45bd1,a264f9f6df4fae96803cb1057b5fedc2d14ddccb52b4eb699c12be7c2ccc333e,a264f9f6df4fae96803cb1057b5fedc2d14ddccb52b4eb699c12be7c2ccc333e,1787976781.8988438,35365.799999999996,17682959,0,0.9500646591186523,0.6803617477416992,1.580643653869629,-0.00209808349609375,-0.00095367431640625,0.00514984130859375,-0.0073261260986328125,0.6080589294433594,-0.0024423599243164062,0.021978378295898438,-0.0073261260986328125,-0.0073261260986328125,-0.0073261260986328125,5.094017028808594,2.2358970642089844,-0.7741146087646484,0.017093658447265625,-0.1196584701538086,0.0,5.150604363333543,2.9527724762642875,-0.8461803873983264,0.010203281430974816,-0.00373412303084903
22,1,train,2,1,0.3490658503988659,0.47023910700227134,3,s,af3726fcacd0ac1320a56ea850b0a2c0f5430cf4eb20a45c078706980f08407e,d24fbe3839599a6a097188bae8cd47ce8083f27deef1341ae3086bf0d5a45bd1,a264f9f6df4fae96803cb1057b5fedc2d14ddccb52b4eb699c12be7c2ccc333e,a264f9f6df4fae96803cb1057b5fedc2d14ddccb52b4eb699c12be7c2ccc333e,1787976781.9002018,35365.801999999996,17682960,0,0.9500646591186523,0.6818876266479492,1.580643653869629,-0.00209808349609375,-0.00095367431640625,0.00514984130859375,-0.0073261260986328125,0.6275949478149414,-0.0024423599243164062,0.021978378295898438,-0.03663063049316406,-0.0073261260986328125,-0.0073261260986328125,5.025642395019531,2.2632484436035156,-0.7789983749389648,0.017093658447265625,-0.1196584701538086,0.0,5.128928484237226,2.9644301163710556,-0.8486738607094486,0.010190975056070865,-0.003741240893508699
22,1,train,2,1,0.3490658503988659,0.4716451210042578,3,s,af3726fcacd0ac1320a56ea850b0a2c0f5430cf4eb20a45c078706980f08407e,d24fbe3839599a6a097188bae8cd47ce8083f27deef1341ae3086bf0d5a45bd1,a264f9f6df4fae96803cb1057b5fedc2d14ddccb52b4eb699c12be7c2ccc333e,a264f9f6df4fae96803cb1057b5fedc2d14ddccb52b4eb699c12be7c2ccc333e,1787976781.9027324,35365.804,17682961,0,0.9500646591186523,0.6830320358276367,1.580643653869629,-0.00209808349609375,-0.00095367431640625,0.00514984130859375,-0.021978378295898438,0.6324787139892578,-0.0024423599243164062,-0.0073261260986328125,-0.021978378295898438,-0.0073261260986328125,-0.0073261260986328125,5.080341339111328,2.2632484436035156,-0.7838830947875977,0.021978378295898438,-0.1196584701538086,0.0,5.112663735403574,2.973168818431513,-0.8505426692782031,0.010181729702015344,-0.0037465735749769753
22,1,train,2,1,0.3490658503988659,0.47413122100260807,3,s,af3726fcacd0ac1320a56ea850b0a2c0f5430cf4eb20a45c078706980f08407e,d24fbe3839599a6a097188bae8cd47ce8083f27deef1341ae3086bf0d5a45bd1,a264f9f6df4fae96803cb1057b5fedc2d14ddccb52b4eb699c12be7c2ccc333e,a264f9f6df4fae96803cb1057b5fedc2d14ddccb52b4eb699c12be7c2ccc333e,1787976781.9046366,35365.806,17682962,0,0.9500646591186523,0.6841764450073242,1.580643653869629,-0.00209808349609375,-0.00095367431640625,0.00514984130859375,-0.0073261260986328125,0.6031742095947266,-0.0024423599243164062,-0.0073261260986328125,-0.021978378295898438,-0.0073261260986328125,-0.0073261260986328125,5.121368408203125,2.2632484436035156,-0.7838830947875977,0.017093658447265625,-0.1196584701538086,0.0,5.096392290656217,2.981903626615342,-0.8524103639148457,0.010172471013231207,-0.0037519013496618934
22,1,train,2,1,0.3490658503988659,0.4760309550038073,3,s,af3726fcacd0ac1320a56ea850b0a2c0f5430cf4eb20a45c078706980f08407e,d24fbe3839599a6a097188bae8cd47ce8083f27deef1341ae3086bf0d5a45bd1,a264f9f6df4fae96803cb1057b5fedc2d14ddccb52b4eb699c12be7c2ccc333e,a264f9f6df4fae96803cb1057b5fedc2d14ddccb52b4eb699c12be7c2ccc333e,1787976781.9066138,35365.808,17682963,0,0.9500646591186523,0.6853208541870117,1.580643653869629,-0.00209808349609375,-0.00095367431640625,0.00514984130859375,-0.0073261260986328125,0.5592184066772461,-0.0024423599243164062,-0.0073261260986328125,-0.0073261260986328125,-0.0073261260986328125,-0.0073261260986328125,5.052989959716797,2.290597915649414,-0.7838830947875977,0.017093658447265625,-0.1196584701538086,0.0,5.08011417130542,2.9906345294828025,-0.8542769421733076,0.010163199001844297,-0.0037572242105858105
22,1,train,2,1,0.3490658503988659,0.4780114040040644,3,s,af3726fcacd0ac1320a56ea850b0a2c0f5430cf4eb20a45c078706980f08407e,d24fbe3839599a6a097188bae8cd47ce8083f27deef1341ae3086bf0d5a45bd1,a264f9f6df4fae96803cb1057b5fedc2d14ddccb52b4eb699c12be7c2ccc333e,a264f9f6df4fae96803cb1057b5fedc2d14ddccb52b4eb699c12be7c2ccc333e,1787976781.909327,35365.81,17682964,0,0.9500646591186523,0.6864652633666992,1.580643653869629,-0.00209808349609375,-0.00095367431640625,0.00514984130859375,-0.0073261260986328125,0.5543346405029297,-0.0024423599243164062,0.0073261260986328125,0.0073261260986328125,-0.0073261260986328125,-0.0073261260986328125,4.9299163818359375,2.290597915649414,-0.7887668609619141,0.021978378295898438,-0.1196584701538086,0.0,5.063829398670176,2.999361515599279,-0.8561424016089839,0.01015391367999791,-0.0037625421507775274
22,1,train,2,1,0.3490658503988659,0.480991027005075,3,s,af3726fcacd0ac1320a56ea850b0a2c0f5430cf4eb20a45c078706980f08407e,d24fbe3839599a6a097188bae8cd47ce8083f27deef1341ae3086bf0d5a45bd1,a264f9f6df4fae96803cb1057b5fedc2d14ddccb52b4eb699c12be7c2ccc333e,a264f9f6df4fae96803cb1057b5fedc2d14ddccb52b4eb699c12be7c2ccc333e,1787976781.9105453,35365.812,17682965,0,0.9500646591186523,0.6876096725463867,1.580643653869629,-0.00209808349609375,-0.00095367431640625,0.00514984130859375,-0.0073261260986328125,0.5836381912231445,-0.0024423599243164062,0.0073261260986328125,0.0073261260986328125,-0.0073261260986328125,-0.0073261260986328125,4.847862243652344,2.3042736053466797,-0.7936506271362305,0.021978378295898438,-0.1196584701538086,0.0,5.047537994078204,3.008084573535278,-0.8580067397787341,0.010144615059852776,-0.003767855163272285
22,1,train,2,1,0.3490658503988659,0.4819438030026504,3,s,af3726fcacd0ac1320a56ea850b0a2c0f5430cf4eb20a45c078706980f08407e,d24fbe3839599a6a097188bae8cd47ce8083f27deef1341ae3086bf0d5a45bd1,a264f9f6df4fae96803cb1057b5fedc2d14ddccb52b4eb699c12be7c2ccc333e,a264f9f6df4fae96803cb1057b5fedc2d14ddccb52b4eb699c12be7c2ccc333e,1787976781.9128494,35365.814,17682966,0,0.9500646591186523,0.6891355514526367,1.580643653869629,-0.00209808349609375,-0.00095367431640625,0.00514984130859375,-0.021978378295898438,0.6080589294433594,-0.0024423599243164062,0.0073261260986328125,-0.0073261260986328125,-0.0073261260986328125,-0.0073261260986328125,4.8068389892578125,2.3179492950439453,-0.7985343933105469,0.017093658447265625,-0.1196584701538086,0.0,5.025805841790753,3.0197091872019355,-0.8604907755936646,0.010132196234467917,-0.003774931502599809
22,1,train,2,1,0.3490658503988659,0.4842693800019333,3,s,af3726fcacd0ac1320a56ea850b0a2c0f5430cf4eb20a45c078706980f08407e,d24fbe3839599a6a097188bae8cd47ce8083f27deef1341ae3086bf0d5a45bd1,a264f9f6df4fae96803cb1057b5fedc2d14ddccb52b4eb699c12be7c2ccc333e,a264f9f6df4fae96803cb1057b5fedc2d14ddccb52b4eb699c12be7c2ccc333e,1787976781.9143288,35365.816,17682967,0,0.9500646591186523,0.6902799606323242,1.580643653869629,-0.00209808349609375,-0.00095367431640625,0.00514984130859375,0.0073261260986328125,0.5982904434204102,-0.0024423599243164062,-0.0073261260986328125,0.0073261260986328125,-0.0073261260986328125,-0.0073261260986328125,4.861537933349609,2.331623077392578,-0.7985343933105469,0.017093658447265625,-0.11477375030517578,0.0,5.009499045622929,3.0284230349643915,-0.8623524879834068,0.010122866632348558,-0.003780232990086089
22,1,train,2,1,0.3490658503988659,0.48572834500373574,3,s,af3726fcacd0ac1320a56ea850b0a2c0f5430cf4eb20a45c078706980f08407e,d24fbe3839599a6a097188bae8cd47ce8083f27deef1341ae3086bf0d5a45bd1,a264f9f6df4fae96803cb1057b5fedc2d14ddccb52b4eb699c12be7c2ccc333e,a264f9f6df4fae96803cb1057b5fedc2d14ddccb52b4eb699c12be7c2ccc333e,1787976781.9162235,35365.818,17682968,0,0.9500646591186523,0.6914243698120117,1.580643653869629,-0.00209808349609375,-0.00095367431640625,0.00514984130859375,-0.0073261260986328125,0.5689868927001953,-0.0024423599243164062,0.021978378295898438,-0.0073261260986328125,-0.0073261260986328125,-0.0073261260986328125,4.8068389892578125,2.331623077392578,-0.8034191131591797,0.017093658447265625,-0.1196584701538086,0.0,4.993185688653334,3.0371329164853047,-0.8642130709740448,0.01011352377259191,-0.0037855295267062087
22,1,train,2,1,0.3490658503988659,0.4876195790056954,3,s,af3726fcacd0ac1320a56ea850b0a2c0f5430cf4eb20a45c078706980f08407e,d24fbe3839599a6a097188bae8cd47ce8083f27deef1341ae3086bf0d5a45bd1,a264f9f6df4fae96803cb1057b5fedc2d14ddccb52b4eb699c12be7c2ccc333e,a264f9f6df4fae96803cb1057b5fedc2d14ddccb52b4eb699c12be7c2ccc333e,1787976781.9186957,35365.82,17682969,0,0.9500646591186523,0.6925687789916992,1.580643653869629,-0.00209808349609375,-0.00095367431640625,0.00514984130859375,-0.0073261260986328125,0.5689868927001953,-0.0024423599243164062,0.0073261260986328125,-0.0073261260986328125,-0.0073261260986328125,-0.0073261260986328125,4.697437286376953,2.372650146484375,-0.8034191131591797,0.017093658447265625,-0.11477375030517578,0.0,4.976865792247115,3.0458388203575852,-0.8660725221288251,0.010104167667434053,-0.0037908211055234387
22,1,train,2,1,0.3490658503988659,0.49010270600410877,3,s,af3726fcacd0ac1320a56ea850b0a2c0f5430cf4eb20a45c078706980f08407e,d24fbe3839599a6a097188bae8cd47ce8083f27deef1341ae3086bf0d5a45bd1,a264f9f6df4fae96803cb1057b5fedc2d14ddccb52b4eb699c12be7c2ccc333e,a264f9f6df4fae96803cb1057b5fedc2d14ddccb52b4eb699c12be7c2ccc333e,1787976781.920622,35365.822,17682970,0,0.9500646591186523,0.6937131881713867,1.580643653869629,-0.00209808349609375,-0.00095367431640625,0.00514984130859375,-0.021978378295898438,0.5982904434204102,-0.0024423599243164062,-0.0073261260986328125,-0.0073261260986328125,-0.0073261260986328125,-0.0073261260986328125,4.588035583496094,2.372650146484375,-0.8083028793334961,0.017093658447265625,-0.11477375030517578,0.0,4.9605393777779865,3.0545407351793528,-0.8679308390124754,0.010094798329128421,-0.0037961077196075475
22,1,train,2,1,0.3490658503988659,0.492042878002394,3,s,af3726fcacd0ac1320a56ea850b0a2c0f5430cf4eb20a45c078706980f08407e,d24fbe3839599a6a097188bae8cd47ce8083f27deef1341ae3086bf0d5a45bd1,a264f9f6df4fae96803cb1057b5fedc2d14ddccb52b4eb699c12be7c2ccc333e,a264f9f6df4fae96803cb1057b5fedc2d14ddccb52b4eb699c12be7c2ccc333e,1787976781.9225657,35365.824,17682971,0,0.9500646591186523,0.6948575973510742,1.580643653869629,-0.00209808349609375,-0.00095367431640625,0.00514984130859375,-0.0073261260986328125,0.6178264617919922,-0.0024423599243164062,-0.0073261260986328125,-0.0073261260986328125,-0.0073261260986328125,-0.0073261260986328125,4.519657135009766,2.372650146484375,-0.8083028793334961,0.017093658447265625,-0.11477375030517578,0.0,4.944206466628198,3.0632386495539534,-0.8697880191912118,0.010085415769945767,-0.0038013893620348045
22,1,train,2,1,0.3490658503988659,0.49396440400596475,3,s,af3726fcacd0ac1320a56ea850b0a2c0f5430cf4eb20a45c078706980f08407e,d24fbe3839599a6a097188bae8cd47ce8083f27deef1341ae3086bf0d5a45bd1,a264f9f6df4fae96803cb1057b5fedc2d14ddccb52b4eb699c12be7c2ccc333e,a264f9f6df4fae96803cb1057b5fedc2d14ddccb52b4eb699c12be7c2ccc333e,1787976781.9244485,35365.826,17682972,0,0.9500646591186523,0.6960020065307617,1.580643653869629,-0.00209808349609375,-0.00095367431640625,0.00514984130859375,-0.0073261260986328125,0.6031742095947266,-0.0024423599243164062,-0.0073261260986328125,-0.0073261260986328125,-0.0073261260986328125,-0.0024423599243164062,4.533332824707031,2.386323928833008,-0.8131866455078125,0.017093658447265625,-0.11477375030517578,0.0,4.927867080188517,3.071932552089966,-0.8716440602327344,0.01007602000217418,-0.0038066660258879873
22,1,train,2,1,0.3490658503988659,0.49584058199980063,3,s,af3726fcacd0ac1320a56ea850b0a2c0f5430cf4eb20a45c078706980f08407e,d24fbe3839599a6a097188bae8cd47ce8083f27deef1341ae3086bf0d5a45bd1,a264f9f6df4fae96803cb1057b5fedc2d14ddccb52b4eb699c12be7c2ccc333e,a264f9f6df4fae96803cb1057b5fedc2d14ddccb52b4eb699c12be7c2ccc333e,1787976781.9263625,35365.828,17682973,0,0.9500646591186523,0.6971464157104492,1.580643653869629,-0.00171661376953125,-0.00095367431640625,0.00514984130859375,-0.0073261260986328125,0.5787544250488281,-0.0024423599243164062,-0.0073261260986328125,-0.021978378295898438,-0.0073261260986328125,-0.0073261260986328125,4.519657135009766,2.386323928833008,-0.8180704116821289,0.017093658447265625,-0.1196584701538086,0.0,4.910903194135382,3.0812404771240263,-0.8741170054290355,0.010063471786389203,-0.00381369382130019
22,1,train,2,1,0.3490658503988659,0.4977568950052955,3,s,af3726fcacd0ac1320a56ea850b0a2c0f5430cf4eb20a45c078706980f08407e,d24fbe3839599a6a097188bae8cd47ce8083f27deef1341ae3086bf0d5a45bd1,a264f9f6df4fae96803cb1057b5fedc2d14ddccb52b4eb699c12be7c2ccc333e,a264f9f6df4fae96803cb1057b5fedc2d14ddccb52b4eb699c12be7c2ccc333e,1787976781.928245,35365.83,17682974,0,0.9500646591186523,0.6982908248901367,1.580643653869629,-0.00171661376953125,-0.00095367431640625,0.00514984130859375,-0.0073261260986328125,0.5592184066772461,-0.0024423599243164062,0.021978378295898438,0.0073261260986328125,-0.0073261260986328125,-0.0073261260986328125,4.5059814453125,2.386323928833008,-0.8229551315307617,0.021978378295898438,-0.11477375030517578,0.0,4.894551303194108,3.0899259399576184,-0.875970379033181,0.010054045246460867,-0.0038189588416168755
22,1,train,2,1,0.3490658503988659,0.49963648300035857,3,s,af3726fcacd0ac1320a56ea850b0a2c0f5430cf4eb20a45c078706980f08407e,d24fbe3839599a6a097188bae8cd47ce8083f27deef1341ae3086bf0d5a45bd1,a264f9f6df4fae96803cb1057b5fedc2d14ddccb52b4eb699c12be7c2ccc333e,a264f9f6df4fae96803cb1057b5fedc2d14ddccb52b4eb699c12be7c2ccc333e,1787976781.930728,35365.831999999995,17682975,0,0.9500646591186523,0.6994352340698242,1.580643653869629,-0.00171661376953125,-0.00095367431640625,0.00514984130859375,-0.0073261260986328125,0.5592184066772461,-0.0024423599243164062,0.0073261260986328125,-0.0073261260986328125,-0.0073261260986328125,-0.0073261260986328125,4.478633880615234,2.3999996185302734,-0.8278388977050781,0.017093658447265625,-0.1196584701538086,0.0,4.87819300199493,3.098607356001022,-0.8778226054032492,0.010044605539028702,-0.0038242188603492266
22,1,train,2,1,0.3490658503988659,0.5021676130054402,3,s,af3726fcacd0ac1320a56ea850b0a2c0f5430cf4eb20a45c078706980f08407e,d24fbe3839599a6a097188bae8cd47ce8083f27deef1341ae3086bf0d5a45bd1,a264f9f6df4fae96803cb1057b5fedc2d14ddccb52b4eb699c12be7c2ccc333e,a264f9f6df4fae96803cb1057b5fedc2d14ddccb52b4eb699c12be7c2ccc333e,1787976781.9326625,35365.833999999995,17682976,0,0.9500646591186523,0.7009611129760742,1.580643653869629,-0.00171661376953125,-0.00095367431640625,0.00514984130859375,-0.0073261260986328125,0.5738706588745117,-0.0024423599243164062,0.021978378295898438,-0.021978378295898438,-0.0073261260986328125,-0.0073261260986328125,4.4376068115234375,2.4273509979248047,-0.8327226638793945,0.017093658447265625,-0.1196584701538086,0.0,4.856371999247419,3.110176262734507,-0.8802904517844565,0.010031998801039232,-0.003831224426510936
22,1,train,2,1,0.3490658503988659,0.5040550900012022,3,s,af3726fcacd0ac1320a56ea850b0a2c0f5430cf4eb20a45c078706980f08407e,d24fbe3839599a6a097188bae8cd47ce8083f27deef1341ae3086bf0d5a45bd1,a264f9f6df4fae96803cb1057b5fedc2d14ddccb52b4eb699c12be7c2ccc333e,a264f9f6df4fae96803cb1057b5fedc2d14ddccb52b4eb699c12be7c2ccc333e,1787976781.9345367,35365.835999999996,17682977,0,0.9500646591186523,0.7017240524291992,1.580643653869629,-0.00171661376953125,-0.00095367431640625,0.00514984130859375,-0.021978378295898438,0.5689868927001953,-0.0024423599243164062,0.0073261260986328125,0.0073261260986328125,-0.0073261260986328125,-0.0073261260986328125,4.410255432128906,2.4273509979248047,-0.8376064300537109,0.021978378295898438,-0.11477375030517578,0.0,4.845457254527263,3.115958002243336,-0.8815236067394207,0.010025686671121782,-0.0038347238655118882
22,1,train,2,1,0.3490658503988659,0.5059309740026947,3,s,af3726fcacd0ac1320a56ea850b0a2c0f5430cf4eb20a45c078706980f08407e,d24fbe3839599a6a097188bae8cd47ce8083f27deef1341ae3086bf0d5a45bd1,a264f9f6df4fae96803cb1057b5fedc2d14ddccb52b4eb699c12be7c2ccc333e,a264f9f6df4fae96803cb1057b5fedc2d14ddccb52b4eb699c12be7c2ccc333e,1787976781.9364102,35365.837999999996,17682978,0,0.9500646591186523,0.7028684616088867,1.580643653869629,-0.00171661376953125,-0.00095367431640625,0.00514984130859375,-0.0073261260986328125,0.5494508743286133,-0.0024423599243164062,0.0073261260986328125,0.0073261260986328125,-0.0073261260986328125,-0.012209892272949219,4.423931121826172,2.4273509979248047,-0.8424911499023438,0.021978378295898438,-0.11477375030517578,0.0,4.829079851131874,3.1246272097185903,-0.8833723768584251,0.010016207535424544,-0.0038399688381840842
22,1,train,2,1,0.3490658503988659,0.5078029630021774,3,s,af3726fcacd0ac1320a56ea850b0a2c0f5430cf4eb20a45c078706980f08407e,d24fbe3839599a6a097188bae8cd47ce8083f27deef1341ae3086bf0d5a45bd1,a264f9f6df4fae96803cb1057b5fedc2d14ddccb52b4eb699c12be7c2ccc333e,a264f9f6df4fae96803cb1057b5fedc2d14ddccb52b4eb699c12be7c2ccc333e,1787976781.9382882,35365.84,17682979,0,0.9500646591186523,0.7040128707885742,1.580643653869629,-0.00171661376953125,-0.00095367431640625,0.00514984130859375,-0.0073261260986328125,0.5299148559570312,-0.0024423599243164062,0.0073261260986328125,-0.0073261260986328125,-0.0073261260986328125,-0.012209892272949219,4.410255432128906,2.4410247802734375,-0.8473749160766602,0.021978378295898438,-0.11477375030517578,0.0,4.812696123224721,3.1332923249563662,-0.8852199900491613,0.010006715281778478,-0.003845208781755738
22,1,train,2,1,0.3490658503988659,0.5096820470062084,3,s,af3726fcacd0ac1320a56ea850b0a2c0f5430cf4eb20a45c078706980f08407e,d24fbe3839599a6a097188bae8cd47ce8083f27deef1341ae3086bf0d5a45bd1,a264f9f6df4fae96803cb1057b5fedc2d14ddccb52b4eb699c12be7c2ccc333e,a264f9f6df4fae96803cb1057b5fedc2d14ddccb52b4eb699c12be7c2ccc333e,1787976781.940198,35365.842,17682980,0,0.9500646591186523,0.7051572799682617,1.580643653869629,-0.00171661376953125,-0.00095367431640625,0.00514984130859375,-0.0073261260986328125,0.520146369934082,-0.0024423599243164062,0.0073261260986328125,-0.0073261260986328125,-0.0073261260986328125,-0.012209892272949219,4.355556488037109,2.4410247802734375,-0.8522586822509766,0.017093658447265625,-0.11477375030517578,0.0,4.796306092263116,3.1419533366082018,-0.887066443891861,0.009997209922615312,-0.0038504436893642404
22,1,train,2,1,0.3490658503988659,0.511618428005022,3,s,af3726fcacd0ac1320a56ea850b0a2c0f5430cf4eb20a45c078706980f08407e,d24fbe3839599a6a097188bae8cd47ce8083f27deef1341ae3086bf0d5a45bd1,a264f9f6df4fae96803cb1057b5fedc2d14ddccb52b4eb699c12be7c2ccc333e,a264f9f6df4fae96803cb1057b5fedc2d14ddccb52b4eb699c12be7c2ccc333e,1787976781.9426956,35365.844,17682981,0,0.9500646591186523,0.7063016891479492,1.580643653869629,-0.00171661376953125,-0.00095367431640625,0.00514984130859375,0.0073261260986328125,0.5299148559570312,-0.0024423599243164062,0.0073261260986328125,-0.0073261260986328125,-0.0073261260986328125,-0.0073261260986328125,4.24615478515625,2.454700469970703,-0.857142448425293,0.021978378295898438,-0.11477375030517578,0.0,4.779909779712625,3.150610233331013,-0.8889117359682749,0.009987691470383954,-0.00385567355415358
22,1,train,2,1,0.3490658503988659,0.5141177740006242,3,s,af3726fcacd0ac1320a56ea850b0a2c0f5430cf4eb20a45c078706980f08407e,d24fbe3839599a6a097188bae8cd47ce8083f27deef1341ae3086bf0d5a45bd1,a264f9f6df4fae96803cb1057b5fedc2d14ddccb52b4eb699c12be7c2ccc333e,a264f9f6df4fae96803cb1057b5fedc2d14ddccb52b4eb699c12be7c2ccc333e,1787976781.9446929,35365.846,17682982,0,0.9500646591186523,0.7074460983276367,1.580643653869629,-0.00171661376953125,-0.00095367431640625,0.00514984130859375,0.0073261260986328125,0.5494508743286133,-0.0024423599243164062,-0.0073261260986328125,0.0073261260986328125,-0.0073261260986328125,-0.0073261260986328125,4.136753082275391,2.4683761596679688,-0.857142448425293,0.021978378295898438,-0.11477375030517578,0.0,4.763507207047046,3.1592630037871,-0.8907558638616753,0.009978159937550465,-0.0038608983692743452
22,1,train,2,1,0.3490658503988659,0.5160928440018324,3,s,af3726fcacd0ac1320a56ea850b0a2c0f5430cf4eb20a45c078706980f08407e,d24fbe3839599a6a097188bae8cd47ce8083f27deef1341ae3086bf0d5a45bd1,a264f9f6df4fae96803cb1057b5fedc2d14ddccb52b4eb699c12be7c2ccc333e,a264f9f6df4fae96803cb1057b5fedc2d14ddccb52b4eb699c12be7c2ccc333e,1787976781.9466424,35365.848,17682983,0,0.9500646591186523,0.7085905075073242,1.580643653869629,-0.00133514404296875,-0.00095367431640625,0.00514984130859375,-0.021978378295898438,0.5592184066772461,-0.0024423599243164062,0.021978378295898438,0.0073261260986328125,-0.0073261260986328125,-0.0073261260986328125,4.0683746337890625,2.4820518493652344,-0.857142448425293,0.017093658447265625,-0.11477375030517578,0.0,4.746484334977912,3.168525697414632,-0.8932128859273173,0.009965430901080825,-0.0038678569225692665
22,1,train,2,1,0.3490658503988659,0.5180390480018104,3,s,af3726fcacd0ac1320a56ea850b0a2c0f5430cf4eb20a45c078706980f08407e,d24fbe3839599a6a097188bae8cd47ce8083f27deef1341ae3086bf0d5a45bd1,a264f9f6df4fae96803cb1057b5fedc2d14ddccb52b4eb699c12be7c2ccc333e,a264f9f6df4fae96803cb1057b5fedc2d14ddccb52b4eb699c12be7c2ccc333e,1787976781.948549,35365.85,17682984,0,0.9500646591186523,0.7097349166870117,1.580643653869629,-0.00171661376953125,-0.00095367431640625,0.00514984130859375,-0.0073261260986328125,0.5543346405029297,-0.0024423599243164062,0.0073261260986328125,-0.0073261260986328125,-0.0073261260986328125,-0.0073261260986328125,4.109401702880859,2.495725631713867,-0.8620271682739258,0.017093658447265625,-0.1196584701538086,0.0,4.730683367306765,3.176556120575356,-0.8944406174401521,0.009959057680026926,-0.0038713328231456024
22,1,train,2,1,0.3490658503988659,0.5199426470062463,3,s,af3726fcacd0ac1320a56ea850b0a2c0f5430cf4eb20a45c078706980f08407e,d24fbe3839599a6a097188bae8cd47ce8083f27deef1341ae3086bf0d5a45bd1,a264f9f6df4fae96803cb1057b5fedc2d14ddccb52b4eb699c12be7c2ccc333e,a264f9f6df4fae96803cb1057b5fedc2d14ddccb52b4eb699c12be7c2ccc333e,1787976781.9504774,35365.852,17682985,0,0.9500646591186523,0.7108793258666992,1.580643653869629,-0.00133514404296875,-0.00095367431640625,0.00514984130859375,-0.0073261260986328125,0.5396823883056641,-0.0024423599243164062,-0.0073261260986328125,-0.021978378295898438,-0.0073261260986328125,-0.012209892272949219,4.150428771972656,2.5230770111083984,-0.8669109344482422,0.017093658447265625,-0.11477375030517578,0.0,4.713648863667263,3.1858097238124814,-0.896894517852682,0.009946293850829468,-0.0038782778620398257
22,1,train,2,1,0.3490658503988659,0.5218770170031348,3,s,af3726fcacd0ac1320a56ea850b0a2c0f5430cf4eb20a45c078706980f08407e,d24fbe3839599a6a097188bae8cd47ce8083f27deef1341ae3086bf0d5a45bd1,a264f9f6df4fae96803cb1057b5fedc2d14ddccb52b4eb699c12be7c2ccc333e,a264f9f6df4fae96803cb1057b5fedc2d14ddccb52b4eb699c12be7c2ccc333e,1787976781.952391,35365.854,17682986,0,0.9500646591186523,0.7116422653198242,1.580643653869629,-0.00133514404296875,-0.00095367431640625,0.00514984130859375,-0.0073261260986328125,0.5250301361083984,-0.0024423599243164062,0.0073261260986328125,-0.0073261260986328125,-0.0073261260986328125,-0.012209892272949219,4.123077392578125,2.5230770111083984,-0.8669109344482422,0.017093658447265625,-0.1196584701538086,0.0,4.702698210658323,3.191567361644948,-0.8981206853240189,0.009939903250115437,-0.0038817469963151694
22,1,train,2,1,0.3490658503988659,0.5237897040060489,3,s,af3726fcacd0ac1320a56ea850b0a2c0f5430cf4eb20a45c078706980f08407e,d24fbe3839599a6a097188bae8cd47ce8083f27deef1341ae3086bf0d5a45bd1,a264f9f6df4fae96803cb1057b5fedc2d14ddccb52b4eb699c12be7c2ccc333e,a264f9f6df4fae96803cb1057b5fedc2d14ddccb52b4eb699c12be7c2ccc333e,1787976781.9543111,35365.856,17682987,0,0.9500646591186523,0.7127866744995117,1.580643653869629,-0.00133514404296875,-0.00095367431640625,0.00514984130859375,-0.0073261260986328125,0.520146369934082,-0.0024423599243164062,0.021978378295898438,-0.021978378295898438,-0.0073261260986328125,-0.012209892272949219,4.041027069091797,2.5230770111083984,-0.8717947006225586,0.017093658447265625,-0.1196584701538086,0.0,4.6862671006425805,3.2002003340904785,-0.8999589561049113,0.009930306501861073,-0.0038869464605837253
22,1,train,2,1,0.3490658503988659,0.5257098710062564,3,s,af3726fcacd0ac1320a56ea850b0a2c0f5430cf4eb20a45c078706980f08407e,d24fbe3839599a6a097188bae8cd47ce8083f27deef1341ae3086bf0d5a45bd1,a264f9f6df4fae96803cb1057b5fedc2d14ddccb52b4eb699c12be7c2ccc333e,a264f9f6df4fae96803cb1057b5fedc2d14ddccb52b4eb699c12be7c2ccc333e,1787976781.956223,35365.858,17682988,0,0.9500646591186523,0.7139310836791992,1.580643653869629,-0.00133514404296875,-0.00095367431640625,0.00514984130859375,-0.0073261260986328125,0.5347986221313477,-0.0024423599243164062,0.021978378295898438,-0.0073261260986328125,-0.0073261260986328125,-0.0073261260986328125,3.9452991485595703,2.509401321411133,-0.876678466796875,0.017093658447265625,-0.1196584701538086,0.0,4.669829853152966,3.2088291153225073,-0.9017960482345521,0.009920696748160072,-0.0038921408342264515
22,1,train,2,1,0.3490658503988659,0.5276208860013867,3,s,af3726fcacd0ac1320a56ea850b0a2c0f5430cf4eb20a45c078706980f08407e,d24fbe3839599a6a097188bae8cd47ce8083f27deef1341ae3086bf0d5a45bd1,a264f9f6df4fae96803cb1057b5fedc2d14ddccb52b4eb699c12be7c2ccc333e,a264f9f6df4fae96803cb1057b5fedc2d14ddccb52b4eb699c12be7c2ccc333e,1787976781.9588118,35365.86,17682989,0,0.9500646591186523,0.7150754928588867,1.580643653869629,-0.00133514404296875,-0.00095367431640625,0.00514984130859375,-0.0073261260986328125,0.5445661544799805,-0.0024423599243164062,0.03663063049316406,-0.0073261260986328125,-0.0073261260986328125,-0.0073261260986328125,3.958974838256836,2.536752700805664,-0.8864469528198242,0.017093658447265625,-0.1196584701538086,0.0,4.653386489716886,3.217453694040162,-0.9036319593069544,0.00991107400159806,-0.003897330110440421
22,1,train,2,1,0.3490658503988659,0.5302183970052283,3,s,af3726fcacd0ac1320a56ea850b0a2c0f5430cf4eb20a45c078706980f08407e,d24fbe3839599a6a097188bae8cd47ce8083f27deef1341ae3086bf0d5a45bd1,a264f9f6df4fae96803cb1057b5fedc2d14ddccb52b4eb699c12be7c2ccc333e,a264f9f6df4fae96803cb1057b5fedc2d14ddccb52b4eb699c12be7c2ccc333e,1787976781.9608002,35365.862,17682990,0,0.9500646591186523,0.7158384323120117,1.580643653869629,-0.00133514404296875,-0.00095367431640625,0.00514984130859375,-0.0073261260986328125,0.5250301361083984,-0.0024423599243164062,-0.0073261260986328125,-0.0073261260986328125,-0.0073261260986328125,-0.0073261260986328125,4.027351379394531,2.550426483154297,-0.8913307189941406,0.017093658447265625,-0.1196584701538086,0.0,4.642420860312572,3.2232010728768685,-0.9048552426915355,0.009904651625190098,-0.0039007867926550877
22,1,train,2,1,0.3490658503988659,0.5322300280022318,3,s,af3726fcacd0ac1320a56ea850b0a2c0f5430cf4eb20a45c078706980f08407e,d24fbe3839599a6a097188bae8cd47ce8083f27deef1341ae3086bf0d5a45bd1,a264f9f6df4fae96803cb1057b5fedc2d14ddccb52b4eb699c12be7c2ccc333e,a264f9f6df4fae96803cb1057b5fedc2d14ddccb52b4eb699c12be7c2ccc333e,1787976781.962802,35365.864,17682991,0,0.9500646591186523,0.7169828414916992,1.580643653869629,-0.00133514404296875,-0.00095367431640625,0.00514984130859375,-0.0073261260986328125,0.4859580993652344,-0.0024423599243164062,0.0073261260986328125,-0.0073261260986328125,-0.0073261260986328125,-0.0073261260986328125,4.082050323486328,2.5641021728515625,-0.896214485168457,0.021978378295898438,-0.1196584701538086,0.0,4.625967351492803,3.2318186223057976,-0.9066891799927669,0.00989500725187401,-0.003905967558054985
22,1,train,2,1,0.3490658503988659,0.5341976359995897,3,s,af3726fcacd0ac1320a56ea850b0a2c0f5430cf4eb20a45c078706980f08407e,d24fbe3839599a6a097188bae8cd47ce8083f27deef1341ae3086bf0d5a45bd1,a264f9f6df4fae96803cb1057b5fedc2d14ddccb52b4eb699c12be7c2ccc333e,a264f9f6df4fae96803cb1057b5fedc2d14ddccb52b4eb699c12be7c2ccc333e,1787976781.9647083,35365.866,17682992,0,0.9500646591186523,0.7177457809448242,1.580643653869629,-0.00133514404296875,-0.00095367431640625,0.00514984130859375,0.0073261260986328125,0.4517707824707031,-0.0024423599243164062,0.0073261260986328125,-0.0073261260986328125,-0.0073261260986328125,-0.0073261260986328125,4.041027069091797,2.5641021728515625,-0.9010992050170898,0.021978378295898438,-0.1196584701538086,0.0,4.614994978448595,3.2375613044975897,-0.9079111453053206,0.009888570469318344,-0.003909418560108344
22,1,train,2,1,0.3490658503988659,0.5360999910044484,3,s,af3726fcacd0ac1320a56ea850b0a2c0f5430cf4eb20a45c078706980f08407e,d24fbe3839599a6a097188bae8cd47ce8083f27deef1341ae3086bf0d5a45bd1,a264f9f6df4fae96803cb1057b5fedc2d14ddccb52b4eb699c12be7c2ccc333e,a264f9f6df4fae96803cb1057b5fedc2d14ddccb52b4eb699c12be7c2ccc333e,1787976781.9665937,35365.867999999995,17682993,0,0.9500646591186523,0.7188911437988281,1.580643653869629,-0.00095367431640625,-0.00095367431640625,0.00514984130859375,-0.0073261260986328125,0.4420022964477539,-0.0024423599243164062,0.021978378295898438,0.0073261260986328125,-0.0073261260986328125,-0.0073261260986328125,3.9316234588623047,2.577777862548828,-0.9059829711914062,0.017093658447265625,-0.1196584701538086,0.0,4.597907274622814,3.2467893542267086,-0.9103550156011296,0.009875671576279908,-0.0039163180420996695
22,1,train,2,1,0.3490658503988659,0.5379848170050536,3,s,af3726fcacd0ac1320a56ea850b0a2c0f5430cf4eb20a45c078706980f08407e,d24fbe3839599a6a097188bae8cd47ce8083f27deef1341ae3086bf0d5a45bd1,a264f9f6df4fae96803cb1057b5fedc2d14ddccb52b4eb699c12be7c2ccc333e,a264f9f6df4fae96803cb1057b5fedc2d14ddccb52b4eb699c12be7c2ccc333e,1787976781.96846,35365.869999999995,17682994,0,0.9500646591186523,0.7200355529785156,1.580643653869629,-0.00095367431640625,-0.00095367431640625,0.00514984130859375,-0.0073261260986328125,0.46642208099365234,-0.0024423599243164062,0.03663063049316406,-0.021978378295898438,-0.0073261260986328125,-0.0073261260986328125,3.8085460662841797,2.5914535522460938,-0.9108667373657227,0.017093658447265625,-0.11477375030517578,0.0,4.581438050386858,3.255395190359204,-0.9121853823115458,0.009865988352503055,-0.0039214834362823
22,1,train,2,1,0.3490658503988659,0.539854604001448,3,s,af3726fcacd0ac1320a56ea850b0a2c0f5430cf4eb20a45c078706980f08407e,d24fbe3839599a6a097188bae8cd47ce8083f27deef1341ae3086bf0d5a45bd1,a264f9f6df4fae96803cb1057b5fedc2d14ddccb52b4eb699c12be7c2ccc333e,a264f9f6df4fae96803cb1057b5fedc2d14ddccb52b4eb699c12be7c2ccc333e,1787976781.9704053,35365.871999999996,17682995,0,0.9500646591186523,0.7207984924316406,1.580643653869629,-0.00095367431640625,-0.00095367431640625,0.00514984130859375,-0.0073261260986328125,0.5006103515625,-0.0024423599243164062,0.0073261260986328125,-0.0073261260986328125,-0.0073261260986328125,-0.0073261260986328125,3.740171432495117,2.5914535522460938,-0.9157505035400391,0.017093658447265625,-0.11477375030517578,0.0,4.570455232796587,3.2611300465315507,-0.9134049632309209,0.00985952569075111,-0.003924924179566951
22,1,train,2,1,0.3490658503988659,0.5418003220038372,3,s,af3726fcacd0ac1320a56ea850b0a2c0f5430cf4eb20a45c078706980f08407e,d24fbe3839599a6a097188bae8cd47ce8083f27deef1341ae3086bf0d5a45bd1,a264f9f6df4fae96803cb1057b5fedc2d14ddccb52b4eb699c12be7c2ccc333e,a264f9f6df4fae96803cb1057b5fedc2d14ddccb52b4eb699c12be7c2ccc333e,1787976781.972338,35365.873999999996,17682996,0,0.9500646591186523,0.7219429016113281,1.580643653869629,-0.00095367431640625,-0.00095367431640625,0.00514984130859375,-0.0073261260986328125,0.5103788375854492,-0.0024423599243164062,0.021978378295898438,-0.021978378295898438,-0.0073261260986328125,-0.0073261260986328125,3.8085460662841797,2.6051273345947266,-0.9157505035400391,0.017093658447265625,-0.1196584701538086,0.0,4.553976020243821,3.2697287705707834,-0.9152333375039072,0.009849820938676517,-0.003930081010231339
22,1,train,2,1,0.3490658503988659,0.5437328760017408,3,s,af3726fcacd0ac1320a56ea850b0a2c0f5430cf4eb20a45c078706980f08407e,d24fbe3839599a6a097188bae8cd47ce8083f27deef1341ae3086bf0d5a45bd1,a264f9f6df4fae96803cb1057b5fedc2d14ddccb52b4eb699c12be7c2ccc333e,a264f9f6df4fae96803cb1057b5fedc2d14ddccb52b4eb699c12be7c2ccc333e,1787976781.9742599,35365.876,17682997,0,0.9500646591186523,0.7227058410644531,1.580643653869629,-0.00095367431640625,-0.00095367431640625,0.00514984130859375,-0.021978378295898438,0.4859580993652344,-0.0024423599243164062,0.021978378295898438,-0.0073261260986328125,-0.0073261260986328125,-0.0073261260986328125,3.8495731353759766,2.6051273345947266,-0.9206352233886719,0.017093658447265625,-0.1196584701538086,0.0,4.5429865637561235,3.275458874917995,-0.9164515879138219,0.00984334393648767,-0.003933516038247579
22,1,train,2,1,0.3490658503988659,0.5456547590001719,3,s,af3726fcacd0ac1320a56ea850b0a2c0f5430cf4eb20a45c078706980f08407e,d24fbe3839599a6a097188bae8cd47ce8083f27deef1341ae3086bf0d5a45bd1,a264f9f6df4fae96803cb1057b5fedc2d14ddccb52b4eb699c12be7c2ccc333e,a264f9f6df4fae96803cb1057b5fedc2d14ddccb52b4eb699c12be7c2ccc333e,1787976781.9767294,35365.878,17682998,0,0.9500646591186523,0.7238502502441406,1.580643653869629,-0.00095367431640625,-0.00095367431640625,0.00514984130859375,-0.0073261260986328125,0.45665454864501953,-0.0024423599243164062,0.021978378295898438,-0.0073261260986328125,-0.0073261260986328125,-0.0073261260986328125,3.8632469177246094,2.6051273345947266,-0.9255189895629883,0.021978378295898438,-0.1196584701538086,0.0,4.526497422837556,3.2840504555819967,-0.9182779630977927,0.009833617691421008,-0.003938664286633288
22,1,train,2,1,0.3490658503988659,0.5481215059990063,3,s,af3726fcacd0ac1320a56ea850b0a2c0f5430cf4eb20a45c078706980f08407e,d24fbe3839599a6a097188bae8cd47ce8083f27deef1341ae3086bf0d5a45bd1,a264f9f6df4fae96803cb1057b5fedc2d14ddccb52b4eb699c12be7c2ccc333e,a264f9f6df4fae96803cb1057b5fedc2d14ddccb52b4eb699c12be7c2ccc333e,1787976781.9786263,35365.88,17682999,0,0.9500646591186523,0.7246131896972656,1.580643653869629,-0.00057220458984375,-0.00095367431640625,0.00514984130859375,-0.0073261260986328125,0.4420022964477539,-0.0073261260986328125,0.03663063049316406,0.0073261260986328125,-0.0073261260986328125,-0.0073261260986328125,3.75384521484375,2.618803024291992,-0.9352865219116211,0.017093658447265625,-0.1196584701538086,0.0,4.514893110359492,3.2903840443304206,-0.9201031356386183,0.009823878567538361,-0.003943807376659768
22,1,train,2,1,0.3490658503988659,0.550016692999634,3,s,af3726fcacd0ac1320a56ea850b0a2c0f5430cf4eb20a45c078706980f08407e,d24fbe3839599a6a097188bae8cd47ce8083f27deef1341ae3086bf0d5a45bd1,a264f9f6df4fae96803cb1057b5fedc2d14ddccb52b4eb699c12be7c2ccc333e,a264f9f6df4fae96803cb1057b5fedc2d14ddccb52b4eb699c12be7c2ccc333e,1787976781.9804935,35365.882,17683000,0,0.9500646591186523,0.7257575988769531,1.580643653869629,-0.00057220458984375,-0.00095367431640625,0.00514984130859375,-0.0073261260986328125,0.46153831481933594,-0.0024423599243164062,0.03663063049316406,-0.0073261260986328125,-0.0073261260986328125,-0.0073261260986328125,3.6444435119628906,2.632478713989258,-0.9450550079345703,0.017093658447265625,-0.1196584701538086,0.0,4.498394503005592,3.298968048419871,-0.9219271031459197,0.009814126577594782,-0.003948945301591254
22,1,train,2,1,0.3490658503988659,0.5519093170005362,3,s,af3726fcacd0ac1320a56ea850b0a2c0f5430cf4eb20a45c078706980f08407e,d24fbe3839599a6a097188bae8cd47ce8083f27deef1341ae3086bf0d5a45bd1,a264f9f6df4fae96803cb1057b5fedc2d14ddccb52b4eb699c12be7c2ccc333e,a264f9f6df4fae96803cb1057b5fedc2d14ddccb52b4eb699c12be7c2ccc333e,1787976781.9823952,35365.884,17683001,0,0.9500646591186523,0.7269020080566406,1.580643653869629,-0.00057220458984375,-0.00095367431640625,0.00514984130859375,-0.0073261260986328125,0.4908428192138672,-0.0024423599243164062,0.03663063049316406,-0.0073261260986328125,-0.0073261260986328125,-0.0073261260986328125,3.5623931884765625,2.632478713989258,-0.9548225402832031,0.021978378295898438,-0.1196584701538086,0.0,4.481890004229342,3.3075477319424915,-0.923749863230899,0.009804361734362187,-0.003954078054698752
22,1,train,2,1,0.3490658503988659,0.5537898190013948,3,s,af3726fcacd0ac1320a56ea850b0a2c0f5430cf4eb20a45c078706980f08407e,d24fbe3839599a6a097188bae8cd47ce8083f27deef1341ae3086bf0d5a45bd1,a264f9f6df4fae96803cb1057b5fedc2d14ddccb52b4eb699c12be7c2ccc333e,a264f9f6df4fae96803cb1057b5fedc2d14ddccb52b4eb699c12be7c2ccc333e,1787976781.984288,35365.886,17683002,0,0.9500646591186523,0.7276649475097656,1.580643653869629,-0.00019073486328125,-0.00095367431640625,0.00514984130859375,-0.0073261260986328125,0.5054941177368164,-0.0024423599243164062,0.03663063049316406,0.0073261260986328125,-0.0073261260986328125,-0.0073261260986328125,3.576068878173828,2.6461544036865234,-0.9597072601318359,0.017093658447265625,-0.1196584701538086,0.0,4.470276693852184,3.313872163948075,-0.925571413506337,0.009794584050629319,-0.003959205629260034
22,1,train,2,1,0.3490658503988659,0.5556792780043907,3,s,af3726fcacd0ac1320a56ea850b0a2c0f5430cf4eb20a45c078706980f08407e,d24fbe3839599a6a097188bae8cd47ce8083f27deef1341ae3086bf0d5a45bd1,a264f9f6df4fae96803cb1057b5fedc2d14ddccb52b4eb699c12be7c2ccc333e,a264f9f6df4fae96803cb1057b5fedc2d14ddccb52b4eb699c12be7c2ccc333e,1787976781.9861743,35365.888,17683003,0,0.9500646591186523,0.7288093566894531,1.580643653869629,-0.00019073486328125,-0.00095367431640625,0.00514984130859375,-0.0073261260986328125,0.4859580993652344,-0.0024423599243164062,0.03663063049316406,-0.021978378295898438,-0.0073261260986328125,-0.0073261260986328125,3.630769729614258,2.6598281860351562,-0.9694747924804688,0.017093658447265625,-0.11477375030517578,0.0,4.453762828406923,3.322444217228581,-0.9273917515865999,0.00978479353920174,-0.003964328018559661
22,1,train,2,1,0.3490658503988659,0.5575685380026698,3,s,af3726fcacd0ac1320a56ea850b0a2c0f5430cf4eb20a45c078706980f08407e,d24fbe3839599a6a097188bae8cd47ce8083f27deef1341ae3086bf0d5a45bd1,a264f9f6df4fae96803cb1057b5fedc2d14ddccb52b4eb699c12be7c2ccc333e,a264f9f6df4fae96803cb1057b5fedc2d14ddccb52b4eb699c12be7c2ccc333e,1787976781.9886498,35365.89,17683004,0,0.9500646591186523,0.7295722961425781,1.580643653869629,-0.00019073486328125,-0.00095367431640625,0.00514984130859375,-0.0073261260986328125,0.4468860626220703,-0.0024423599243164062,0.03663063049316406,-0.0073261260986328125,-0.0073261260986328125,-0.0073261260986328125,3.6854705810546875,2.6598281860351562,-0.979243278503418,0.017093658447265625,-0.11477375030517578,0.0,4.442750342902783,3.3281565027122832,-0.9286046356876392,0.00977825941141763,-0.003967740060745299
22,1,train,2,1,0.3490658503988659,0.5600417110035778,3,s,af3726fcacd0ac1320a56ea850b0a2c0f5430cf4eb20a45c078706980f08407e,d24fbe3839599a6a097188bae8cd47ce8083f27deef1341ae3086bf0d5a45bd1,a264f9f6df4fae96803cb1057b5fedc2d14ddccb52b4eb699c12be7c2ccc333e,a264f9f6df4fae96803cb1057b5fedc2d14ddccb52b4eb699c12be7c2ccc333e,1787976781.9905694,35365.892,17683005,0,0.9500646591186523,0.7303352355957031,1.580643653869629,-0.00019073486328125,-0.00095367431640625,0.00514984130859375,-0.0073261260986328125,0.41269874572753906,-0.0073261260986328125,0.03663063049316406,-0.0073261260986328125,-0.0073261260986328125,-0.0073261260986328125,3.6444435119628906,2.673503875732422,-0.9890108108520508,0.017093658447265625,-0.11477375030517578,0.0,4.431735271377714,3.333866850954027,-0.929816979269667,0.009771719591937712,-0.003971149793402368
22,1,train,2,1,0.3490658503988659,0.5619630000001052,3,s,af3726fcacd0ac1320a56ea850b0a2c0f5430cf4eb20a45c078706980f08407e,d24fbe3839599a6a097188bae8cd47ce8083f27deef1341ae3086bf0d5a45bd1,a264f9f6df4fae96803cb1057b5fedc2d14ddccb52b4eb699c12be7c2ccc333e,a264f9f6df4fae96803cb1057b5fedc2d14ddccb52b4eb699c12be7c2ccc333e,1787976781.9924662,35365.894,17683006,0,0.9500646591186523,0.7310981750488281,1.5802621841430664,0.00019073486328125,-0.00095367431640625,0.00514984130859375,-0.0073261260986328125,0.41269874572753906,-0.0073261260986328125,0.03663063049316406,0.0073261260986328125,-0.0073261260986328125,-0.0073261260986328125,3.589742660522461,2.6871795654296875,-1.0036630630493164,0.017093658447265625,-0.11477375030517578,0.0,4.417258582727631,3.3430342961456523,-0.9322400420542962,0.00975862289312048,-0.003977962322193243
22,1,train,2,1,0.3490658503988659,0.5638599880039692,3,s,af3726fcacd0ac1320a56ea850b0a2c0f5430cf4eb20a45c078706980f08407e,d24fbe3839599a6a097188bae8cd47ce8083f27deef1341ae3086bf0d5a45bd1,a264f9f6df4fae96803cb1057b5fedc2d14ddccb52b4eb699c12be7c2ccc333e,a264f9f6df4fae96803cb1057b5fedc2d14ddccb52b4eb699c12be7c2ccc333e,1787976781.9943635,35365.896,17683007,0,0.9500646591186523,0.7322425842285156,1.5802621841430664,0.00019073486328125,-0.00095367431640625,0.00514984130859375,-0.0073261260986328125,0.4273500442504883,-0.0073261260986328125,0.05128288269042969,-0.0073261260986328125,-0.0073261260986328125,-0.0073261260986328125,3.5350418090820312,2.714529037475586,-1.0085468292236328,0.017093658447265625,-0.1196584701538086,0.0,4.400729150935907,3.351591394182257,-0.9340559150341848,0.009748785456642293,-0.0039830656415223015
22,1,train,2,1,0.3490658503988659,0.5657557619997533,3,s,af3726fcacd0ac1320a56ea850b0a2c0f5430cf4eb20a45c078706980f08407e,d24fbe3839599a6a097188bae8cd47ce8083f27deef1341ae3086bf0d5a45bd1,a264f9f6df4fae96803cb1057b5fedc2d14ddccb52b4eb699c12be7c2ccc333e,a264f9f6df4fae96803cb1057b5fedc2d14ddccb52b4eb699c12be7c2ccc333e,1787976781.9962578,35365.898,17683008,0,0.9500646591186523,0.7330055236816406,1.5802621841430664,0.00019073486328125,-0.00095367431640625,0.00514984130859375,0.0073261260986328125,0.4468860626220703,-0.0073261260986328125,0.03663063049316406,-0.0073261260986328125,-0.0073261260986328125,-0.0073261260986328125,3.5213680267333984,2.714529037475586,-1.0134305953979492,0.017093658447265625,-0.1196584701538086,0.0,4.389706326453282,3.3572936882947877,-0.9352658175524634,0.009742220071686646,-0.003986464956759269
22,1,train,2,1,0.3490658503988659,0.5676504530056263,3,s,af3726fcacd0ac1320a56ea850b0a2c0f5430cf4eb20a45c078706980f08407e,d24fbe3839599a6a097188bae8cd47ce8083f27deef1341ae3086bf0d5a45bd1,a264f9f6df4fae96803cb1057b5fedc2d14ddccb52b4eb699c12be7c2ccc333e,a264f9f6df4fae96803cb1057b5fedc2d14ddccb52b4eb699c12be7c2ccc333e,1787976781.998145,35365.9,17683009,0,0.9500646591186523,0.7337684631347656,1.5802621841430664,0.00019073486328125,-0.00095367431640625,0.00514984130859375,-0.0073261260986328125,0.4468860626220703,-0.0073261260986328125,0.021978378295898438,-0.0073261260986328125,-0.0073261260986328125,-0.0073261260986328125,3.5623931884765625,2.741880416870117,-1.018315315246582,0.021978378295898438,-0.1196584701538086,0.0,4.378680946825409,3.3629940282052866,-0.9364751756744127,0.009735649016012852,-0.003989861951568347
22,1,train,2,1,0.3490658503988659,0.5695404069992946,3,s,af3726fcacd0ac1320a56ea850b0a2c0f5430cf4eb20a45c078706980f08407e,d24fbe3839599a6a097188bae8cd47ce8083f27deef1341ae3086bf0d5a45bd1,a264f9f6df4fae96803cb1057b5fedc2d14ddccb52b4eb699c12be7c2ccc333e,a264f9f6df4fae96803cb1057b5fedc2d14ddccb52b4eb699c12be7c2ccc333e,1787976782.0006125,35365.902,17683010,0,0.9500646591186523,0.7345314025878906,1.5802621841430664,0.00019073486328125,-0.00095367431640625,0.00514984130859375,-0.0073261260986328125,0.4273500442504883,-0.0073261260986328125,0.021978378295898438,-0.021978378295898438,-0.0073261260986328125,-0.0073261260986328125,3.6034183502197266,2.755556106567383,-1.018315315246582,0.021978378295898438,-0.1196584701538086,0.0,4.367653018469898,3.3686924105957208,-0.9376839886960936,0.009729072293445766,-0.00399325662397222
22,1,train,2,1,0.3490658503988659,0.5720265100026154,3,s,af3726fcacd0ac1320a56ea850b0a2c0f5430cf4eb20a45c078706980f08407e,d24fbe3839599a6a097188bae8cd47ce8083f27deef1341ae3086bf0d5a45bd1,a264f9f6df4fae96803cb1057b5fedc2d14ddccb52b4eb699c12be7c2ccc333e,a264f9f6df4fae96803cb1057b5fedc2d14ddccb52b4eb699c12be7c2ccc333e,1787976782.0025485,35365.903999999995,17683011,0,0.9500646591186523,0.7352943420410156,1.5802621841430664,0.00057220458984375,-0.00095367431640625,0.00514984130859375,-0.0073261260986328125,0.39316272735595703,-0.012209892272949219,0.03663063049316406,0.0073261260986328125,-0.0073261260986328125,-0.0073261260986328125,3.630769729614258,2.7829055786132812,-1.0231990814208984,0.017093658447265625,-0.1196584701538086,0.0,4.356018619093213,3.3749927608618338,-0.9394961846265253,0.009719196592545198,-0.003998344273746233
22,1,train,2,1,0.3490658503988659,0.5739466060040286,3,s,af3726fcacd0ac1320a56ea850b0a2c0f5430cf4eb20a45c078706980f08407e,d24fbe3839599a6a097188bae8cd47ce8083f27deef1341ae3086bf0d5a45bd1,a264f9f6df4fae96803cb1057b5fedc2d14ddccb52b4eb699c12be7c2ccc333e,a264f9f6df4fae96803cb1057b5fedc2d14ddccb52b4eb699c12be7c2ccc333e,1787976782.004504,35365.905999999995,17683012,0,0.9500646591186523,0.7364387512207031,1.5802621841430664,0.00057220458984375,-0.00095367431640625,0.00514984130859375,-0.0073261260986328125,0.373626708984375,-0.012209892272949219,0.03663063049316406,-0.0073261260986328125,-0.0073261260986328125,-0.0073261260986328125,3.617094039916992,2.8239307403564453,-1.0329666137695312,0.017093658447265625,-0.1196584701538086,0.0,4.3394685707216905,3.383533298962215,-0.941307150124897,0.009709308162682784,-0.004003426686999795
22,1,train,2,1,0.3490658503988659,0.5759017180025694,3,s,af3726fcacd0ac1320a56ea850b0a2c0f5430cf4eb20a45c078706980f08407e,d24fbe3839599a6a097188bae8cd47ce8083f27deef1341ae3086bf0d5a45bd1,a264f9f6df4fae96803cb1057b5fedc2d14ddccb52b4eb699c12be7c2ccc333e,a264f9f6df4fae96803cb1057b5fedc2d14ddccb52b4eb699c12be7c2ccc333e,1787976782.0064049,35365.907999999996,17683013,0,0.9500646591186523,0.7372016906738281,1.5802621841430664,0.00057220458984375,-0.00095367431640625,0.00514984130859375,-0.0073261260986328125,0.3687419891357422,-0.017093658447265625,0.03663063049316406,-0.0073261260986328125,-0.0073261260986328125,-0.0073261260986328125,3.5623931884765625,2.8512821197509766,-1.0329666137695312,0.017093658447265625,-0.1196584701538086,0.0,4.328432046423806,3.389224529875127,-0.9425137757124651,0.009702708810857042,-0.004006812050036798
22,1,train,2,1,0.3490658503988659,0.5777998800040223,3,s,af3726fcacd0ac1320a56ea850b0a2c0f5430cf4eb20a45c078706980f08407e,d24fbe3839599a6a097188bae8cd47ce8083f27deef1341ae3086bf0d5a45bd1,a264f9f6df4fae96803cb1057b5fedc2d14ddccb52b4eb699c12be7c2ccc333e,a264f9f6df4fae96803cb1057b5fedc2d14ddccb52b4eb699c12be7c2ccc333e,1787976782.0083401,35365.909999999996,17683014,0,0.9500646591186523,0.7379646301269531,1.5802621841430664,0.00057220458984375,-0.00095367431640625,0.00514984130859375,-0.0073261260986328125,0.3833942413330078,-0.021978378295898438,0.021978378295898438,-0.021978378295898438,-0.0073261260986328125,-0.0073261260986328125,3.4666671752929688,2.837606430053711,-1.0329666137695312,0.017093658447265625,-0.11477375030517578,0.0,4.317393002646992,3.3949137879998146,-0.9437198526848379,0.009696103811311727,-0.0040101950808023425
22,1,train,2,1,0.3490658503988659,0.5797392320018844,3,s,af3726fcacd0ac1320a56ea850b0a2c0f5430cf4eb20a45c078706980f08407e,d24fbe3839599a6a097188bae8cd47ce8083f27deef1341ae3086bf0d5a45bd1,a264f9f6df4fae96803cb1057b5fedc2d14ddccb52b4eb699c12be7c2ccc333e,a264f9f6df4fae96803cb1057b5fedc2d14ddccb52b4eb699c12be7c2ccc333e,1787976782.010251,35365.912,17683015,0,0.9500646591186523,0.7387275695800781,1.579880714416504,0.00057220458984375,-0.00095367431640625,0.00514984130859375,-0.0073261260986328125,0.40781402587890625,-0.021978378295898438,0.0073261260986328125,0.0073261260986328125,-0.0073261260986328125,-0.012209892272949219,3.3982906341552734,2.837606430053711,-1.0329666137695312,0.021978378295898438,-0.1196584701538086,0.0,4.303508546876367,3.403443968965148,-0.9455279379543036,0.009686185730930559,-0.00401526524963446
22,1,train,2,1,0.3490658503988659,0.5816486770054325,3,s,af3726fcacd0ac1320a56ea850b0a2c0f5430cf4eb20a45c078706980f08407e,d24fbe3839599a6a097188bae8cd47ce8083f27deef1341ae3086bf0d5a45bd1,a264f9f6df4fae96803cb1057b5fedc2d14ddccb52b4eb699c12be7c2ccc333e,a264f9f6df4fae96803cb1057b5fedc2d14ddccb52b4eb699c12be7c2ccc333e,1787976782.0128002,35365.914,17683016,0,0.9500646591186523,0.7394905090332031,1.579880714416504,0.00057220458984375,-0.00095367431640625,0.00514984130859375,-0.0073261260986328125,0.4224662780761719,-0.021978378295898438,-0.0073261260986328125,-0.0073261260986328125,-0.0073261260986328125,-0.0073261260986328125,3.329914093017578,2.837606430053711,-1.0280828475952148,0.017093658447265625,-0.11477375030517578,0.0,4.292465474366048,3.4091282806336043,-0.9467326403180076,0.0096795666289137,-0.0040186424411091555
22,1,train,2,1,0.3490658503988659,0.584204557002522,3,s,af3726fcacd0ac1320a56ea850b0a2c0f5430cf4eb20a45c078706980f08407e,d24fbe3839599a6a097188bae8cd47ce8083f27deef1341ae3086bf0d5a45bd1,a264f9f6df4fae96803cb1057b5fedc2d14ddccb52b4eb699c12be7c2ccc333e,a264f9f6df4fae96803cb1057b5fedc2d14ddccb52b4eb699c12be7c2ccc333e,1787976782.0147324,35365.916,17683017,0,0.9500646591186523,0.7406349182128906,1.579880714416504,0.00057220458984375,-0.00095367431640625,0.00514984130859375,-0.0073261260986328125,0.4273500442504883,-0.021978378295898438,-0.03663063049316406,-0.0073261260986328125,-0.0073261260986328125,-0.012209892272949219,3.3162384033203125,2.8512821197509766,-1.0280828475952148,0.017093658447265625,-0.1196584701538086,0.0,4.275896182840383,3.4176510264018893,-0.948538660386584,0.009669627412876351,-0.004023703841786666
22,1,train,2,1,0.3490658503988659,0.5861579789998359,3,s,af3726fcacd0ac1320a56ea850b0a2c0f5430cf4eb20a45c078706980f08407e,d24fbe3839599a6a097188bae8cd47ce8083f27deef1341ae3086bf0d5a45bd1,a264f9f6df4fae96803cb1057b5fedc2d14ddccb52b4eb699c12be7c2ccc333e,a264f9f6df4fae96803cb1057b5fedc2d14ddccb52b4eb699c12be7c2ccc333e,1787976782.0167084,35365.918,17683018,0,0.9500646591186523,0.7413978576660156,1.579880714416504,0.00057220458984375,-0.00095367431640625,0.00514984130859375,-0.0073261260986328125,0.41758251190185547,-0.017093658447265625,-0.0073261260986328125,-0.0073261260986328125,-0.0073261260986328125,-0.012209892272949219,3.329914093017578,2.8512821197509766,-1.0231990814208984,0.017093658447265625,-0.11477375030517578,0.0,4.264846876026514,3.423330370934722,-0.9497419837589408,0.009662994232468091,-0.004027075181684368
22,1,train,2,1,0.3490658503988659,0.5881103150022682,3,s,af3726fcacd0ac1320a56ea850b0a2c0f5430cf4eb20a45c078706980f08407e,d24fbe3839599a6a097188bae8cd47ce8083f27deef1341ae3086bf0d5a45bd1,a264f9f6df4fae96803cb1057b5fedc2d14ddccb52b4eb699c12be7c2ccc333e,a264f9f6df4fae96803cb1057b5fedc2d14ddccb52b4eb699c12be7c2ccc333e,1787976782.0187504,35365.92,17683019,0,0.9500646591186523,0.7421607971191406,1.579880714416504,0.00057220458984375,-0.00095367431640625,0.00514984130859375,-0.0073261260986328125,0.40293025970458984,-0.012209892272949219,0.021978378295898438,-0.0073261260986328125,-0.0073261260986328125,-0.0073261260986328125,3.329914093017578,2.796581268310547,-1.0231990814208984,0.017093658447265625,-0.11477375030517578,0.0,4.253795086745157,3.429007722827115,-0.9509447543087303,0.009656355427457186,-0.004030444177515914
22,1,train,2,1,0.3490658503988659,0.5901564830055577,3,s,af3726fcacd0ac1320a56ea850b0a2c0f5430cf4eb20a45c078706980f08407e,d24fbe3839599a6a097188bae8cd47ce8083f27deef1341ae3086bf0d5a45bd1,a264f9f6df4fae96803cb1057b5fedc2d14ddccb52b4eb699c12be7c2ccc333e,a264f9f6df4fae96803cb1057b5fedc2d14ddccb52b4eb699c12be7c2ccc333e,1787976782.020719,35365.922,17683020,0,0.9500646591186523,0.7429237365722656,1.579880714416504,0.00057220458984375,-0.00095367431640625,0.00514984130859375,-0.0073261260986328125,0.3833942413330078,-0.0073261260986328125,0.0073261260986328125,-0.0073261260986328125,-0.0073261260986328125,-0.0073261260986328125,3.384614944458008,2.7282047271728516,-1.0280828475952148,0.017093658447265625,-0.11477375030517578,0.0,4.242740821429297,3.4346830787744187,-0.9521469713358489,0.009649711001707926,-0.004033810827320295
22,1,train,2,1,0.3490658503988659,0.5921427110006334,3,s,af3726fcacd0ac1320a56ea850b0a2c0f5430cf4eb20a45c078706980f08407e,d24fbe3839599a6a097188bae8cd47ce8083f27deef1341ae3086bf0d5a45bd1,a264f9f6df4fae96803cb1057b5fedc2d14ddccb52b4eb699c12be7c2ccc333e,a264f9f6df4fae96803cb1057b5fedc2d14ddccb52b4eb699c12be7c2ccc333e,1787976782.0226808,35365.924,17683021,0,0.9500646591186523,0.7436866760253906,1.579880714416504,0.00057220458984375,-0.00095367431640625,0.00514984130859375,-0.021978378295898438,0.3687419891357422,-0.0024423599243164062,0.0073261260986328125,-0.0073261260986328125,-0.0073261260986328125,-0.0073261260986328125,3.425640106201172,2.741880416870117,-1.0329666137695312,0.021978378295898438,-0.11477375030517578,0.0,4.23168408651337,3.4403564354731366,-0.9533486341405133,0.009643060959087884,-0.004037175129137861
22,1,train,2,1,0.3490658503988659,0.5940816920046927,3,s,af3726fcacd0ac1320a56ea850b0a2c0f5430cf4eb20a45c078706980f08407e,d24fbe3839599a6a097188bae8cd47ce8083f27deef1341ae3086bf0d5a45bd1,a264f9f6df4fae96803cb1057b5fedc2d14ddccb52b4eb699c12be7c2ccc333e,a264f9f6df4fae96803cb1057b5fedc2d14ddccb52b4eb699c12be7c2ccc333e,1787976782.0246627,35365.926,17683022,0,0.9500646591186523,0.7444496154785156,1.579880714416504,0.00095367431640625,-0.00095367431640625,0.00514984130859375,-0.0073261260986328125,0.3638582229614258,-0.0024423599243164062,0.03663063049316406,-0.03663063049316406,-0.0073261260986328125,-0.0073261260986328125,3.411966323852539,2.755556106567383,-1.037851333618164,0.021978378295898438,-0.11477375030517578,0.0,4.2200245428060725,3.4466281352481105,-0.9551500876504302,0.009633075371993441,-0.004042217175105567
22,1,train,2,1,0.3490658503988659,0.5960646490057115,3,s,af3726fcacd0ac1320a56ea850b0a2c0f5430cf4eb20a45c078706980f08407e,d24fbe3839599a6a097188bae8cd47ce8083f27deef1341ae3086bf0d5a45bd1,a264f9f6df4fae96803cb1057b5fedc2d14ddccb52b4eb699c12be7c2ccc333e,a264f9f6df4fae96803cb1057b5fedc2d14ddccb52b4eb699c12be7c2ccc333e,1787976782.0266213,35365.928,17683023,0,0.9500646591186523,0.7452125549316406,1.579880714416504,0.00095367431640625,-0.00095367431640625,0.00514984130859375,-0.0073261260986328125,0.3687419891357422,0.0024423599243164062,0.0073261260986328125,0.0073261260986328125,-0.0073261260986328125,-0.012209892272949219,3.384614944458008,2.741880416870117,-1.0525026321411133,0.021978378295898438,-0.1196584701538086,0.0,4.2089631660716345,3.4522972054712464,-0.9563503618395316,0.009626411304138478,-0.00404557559839161
22,1,train,2,1,0.3490658503988659,0.5980227640029625,3,s,af3726fcacd0ac1320a56ea850b0a2c0f5430cf4eb20a45c078706980f08407e,d24fbe3839599a6a097188bae8cd47ce8083f27deef1341ae3086bf0d5a45bd1,a264f9f6df4fae96803cb1057b5fedc2d14ddccb52b4eb699c12be7c2ccc333e,a264f9f6df4fae96803cb1057b5fedc2d14ddccb52b4eb699c12be7c2ccc333e,1787976782.0285532,35365.93,17683024,0,0.9500646591186523,0.7459754943847656,1.579880714416504,0.00095367431640625,-0.00095367431640625,0.00514984130859375,-0.0073261260986328125,0.373626708984375,0.0024423599243164062,0.05128288269042969,-0.021978378295898438,-0.0073261260986328125,-0.012209892272949219,3.3572654724121094,2.7692298889160156,-1.0622711181640625,0.021978378295898438,-0.1196584701538086,0.0,4.197899339398307,3.457964266193027,-0.957550079359484,0.009619741632974936,-0.004048931666842839
22,1,train,2,1,0.3490658503988659,0.5999551980057731,3,s,af3726fcacd0ac1320a56ea850b0a2c0f5430cf4eb20a45c078706980f08407e,d24fbe3839599a6a097188bae8cd47ce8083f27deef1341ae3086bf0d5a45bd1,a264f9f6df4fae96803cb1057b5fedc2d14ddccb52b4eb699c12be7c2ccc333e,a264f9f6df4fae96803cb1057b5fedc2d14ddccb52b4eb699c12be7c2ccc333e,1787976782.0304904,35365.932,17683025,0,0.9500646591186523,0.7467384338378906,1.579880714416504,0.00133514404296875,-0.00095367431640625,0.00514984130859375,-0.0073261260986328125,0.373626708984375,-0.0024423599243164062,0.0659332275390625,0.0073261260986328125,-0.0073261260986328125,-0.012209892272949219,3.288888931274414,2.8239307403564453,-1.0769233703613281,0.021978378295898438,-0.1196584701538086,0.0,4.18623369838079,3.464228684960089,-0.9593486103572559,0.009609726628519371,-0.004053961349931531
22,1,train,2,1,0.3490658503988659,0.6018941940055811,3,s,af3726fcacd0ac1320a56ea850b0a2c0f5430cf4eb20a45c078706980f08407e,d24fbe3839599a6a097188bae8cd47ce8083f27deef1341ae3086bf0d5a45bd1,a264f9f6df4fae96803cb1057b5fedc2d14ddccb52b4eb699c12be7c2ccc333e,a264f9f6df4fae96803cb1057b5fedc2d14ddccb52b4eb699c12be7c2ccc333e,1787976782.0324557,35365.934,17683026,0,0.9500646591186523,0.7475013732910156,1.579880714416504,0.00133514404296875,-0.00095367431640625,0.00514984130859375,-0.0073261260986328125,0.3785104751586914,-0.0024423599243164062,0.0659332275390625,-0.021978378295898438,-0.0073261260986328125,-0.0073261260986328125,3.2752132415771484,2.8512821197509766,-1.0964593887329102,0.021978378295898438,-0.1196584701538086,0.0,4.175165270445483,3.4698914374899537,-0.9605469331498631,0.009603042966076399,-0.004057311522752217
22,1,train,2,1,0.3490658503988659,0.6038575839993428,3,s,af3726fcacd0ac1320a56ea850b0a2c0f5430cf4eb20a45c078706980f08407e,d24fbe3839599a6a097188bae8cd47ce8083f27deef1341ae3086bf0d5a45bd1,a264f9f6df4fae96803cb1057b5fedc2d14ddccb52b4eb699c12be7c2ccc333e,a264f9f6df4fae96803cb1057b5fedc2d14ddccb52b4eb699c12be7c2ccc333e,1787976782.0344326,35365.936,17683027,0,0.9500646591186523,0.7478828430175781,1.579880714416504,0.00133514404296875,-0.00095367431640625,0.00514984130859375,-0.0073261260986328125,0.3687419891357422,-0.0024423599243164062,0.05128288269042969,-0.0073261260986328125,-0.0073261260986328125,-0.0073261260986328125,3.3162384033203125,2.864957809448242,-1.106226921081543,0.021978378295898438,-0.11477375030517578,0.0,4.169630144725383,3.472722056557398,-0.9611458849227962,0.009599699038471729,-0.004058985723659629
22,1,train,2,1,0.3490658503988659,0.6058369890015456,3,s,af3726fcacd0ac1320a56ea850b0a2c0f5430cf4eb20a45c078706980f08407e,d24fbe3839599a6a097188bae8cd47ce8083f27deef1341ae3086bf0d5a45bd1,a264f9f6df4fae96803cb1057b5fedc2d14ddccb52b4eb699c12be7c2ccc333e,a264f9f6df4fae96803cb1057b5fedc2d14ddccb52b4eb699c12be7c2ccc333e,1787976782.03642,35365.938,17683028,0,0.9500646591186523,0.7486457824707031,1.579880714416504,0.00133514404296875,-0.00095367431640625,0.00514984130859375,-0.0073261260986328125,0.34920597076416016,-0.0024423599243164062,0.021978378295898438,-0.0073261260986328125,-0.0073261260986328125,-0.0073261260986328125,3.3572654724121094,2.878631591796875,-1.1111106872558594,0.021978378295898438,-0.11477375030517578,0.0,4.15855807380763,3.4783817782377566,-0.9623433687861251,0.009593006992929051,-0.004062332353250446
22,1,train,2,1,0.3490658503988659,0.6078253470041091,3,s,af3726fcacd0ac1320a56ea850b0a2c0f5430cf4eb20a45c078706980f08407e,d24fbe3839599a6a097188bae8cd47ce8083f27deef1341ae3086bf0d5a45bd1,a264f9f6df4fae96803cb1057b5fedc2d14ddccb52b4eb699c12be7c2ccc333e,a264f9f6df4fae96803cb1057b5fedc2d14ddccb52b4eb699c12be7c2ccc333e,1787976782.0383434,35365.939999999995,17683029,0,0.9500646591186523,0.7494087219238281,1.579880714416504,0.00133514404296875,-0.00095367431640625,0.00514984130859375,-0.0073261260986328125,0.3296699523925781,-0.0024423599243164062,0.021978378295898438,0.0073261260986328125,-0.0073261260986328125,-0.0073261260986328125,3.3982906341552734,2.9059829711914062,-1.1111106872558594,0.017093658447265625,-0.11477375030517578,0.0,4.1474835822906115,3.4840394752335437,-0.9635402924919161,0.009586309363521658,-0.004065676618252738
22,1,train,2,1,0.3490658503988659,0.6097454670016305,3,s,af3726fcacd0ac1320a56ea850b0a2c0f5430cf4eb20a45c078706980f08407e,d24fbe3839599a6a097188bae8cd47ce8083f27deef1341ae3086bf0d5a45bd1,a264f9f6df4fae96803cb1057b5fedc2d14ddccb52b4eb699c12be7c2ccc333e,a264f9f6df4fae96803cb1057b5fedc2d14ddccb52b4eb699c12be7c2ccc333e,1787976782.0402687,35365.941999999995,17683030,0,0.9500646591186523,0.7501716613769531,1.579880714416504,0.00133514404296875,-0.00095367431640625,0.00514984130859375,-0.0073261260986328125,0.3101339340209961,-0.0024423599243164062,0.021978378295898438,-0.0073261260986328125,-0.0073261260986328125,-0.0073261260986328125,3.411966323852539,2.864957809448242,-1.1111106872558594,0.017093658447265625,-0.11477375030517578,0.0,4.136406676620535,3.489695144251544,-0.964736655343468,0.009579606154148095,-0.004069018516719883
22,1,train,2,1,0.3490658503988659,0.6116856360022211,3,s,af3726fcacd0ac1320a56ea850b0a2c0f5430cf4eb20a45c078706980f08407e,d24fbe3839599a6a097188bae8cd47ce8083f27deef1341ae3086bf0d5a45bd1,a264f9f6df4fae96803cb1057b5fedc2d14ddccb52b4eb699c12be7c2ccc333e,a264f9f6df4fae96803cb1057b5fedc2d14ddccb52b4eb699c12be7c2ccc333e,1787976782.0428522,35365.943999999996,17683031,0,0.9500646591186523,0.7505531311035156,1.579880714416504,0.00133514404296875,-0.00095367431640625,0.00514984130859375,-0.0073261260986328125,0.3052501678466797,-0.0024423599243164062,-0.0073261260986328125,0.0073261260986328125,-0.0073261260986328125,-0.0073261260986328125,3.370939254760742,2.8923072814941406,-1.1111106872558594,0.021978378295898438,-0.11477375030517578,0.0,4.130867320492918,3.4925222172400683,-0.9653346262312742,0.009576252458193171,-0.004070688577894834
22,1,train,2,1,0.3490658503988659,0.614258105000772,3,s,af3726fcacd0ac1320a56ea850b0a2c0f5430cf4eb20a45c078706980f08407e,d24fbe3839599a6a097188bae8cd47ce8083f27deef1341ae3086bf0d5a45bd1,a264f9f6df4fae96803cb1057b5fedc2d14ddccb52b4eb699c12be7c2ccc333e,a264f9f6df4fae96803cb1057b5fedc2d14ddccb52b4eb699c12be7c2ccc333e,1787976782.0442657,35365.945999999996,17683032,0,0.9500646591186523,0.7513160705566406,1.579880714416504,0.00133514404296875,-0.00095367431640625,0.00514984130859375,-0.0073261260986328125,0.3199024200439453,-0.0024423599243164062,0.0073261260986328125,-0.0073261260986328125,-0.0073261260986328125,-0.0073261260986328125,3.261537551879883,2.919658660888672,-1.1013431549072266,0.021978378295898438,-0.11477375030517578,0.0,4.119786805682942,3.4981748381192017,-0.9665301464958678,0.009569540886187191,-0.004074026922912367
22,1,train,2,1,0.3490658503988659,0.61567543700221,3,s,af3726fcacd0ac1320a56ea850b0a2c0f5430cf4eb20a45c078706980f08407e,d24fbe3839599a6a097188bae8cd47ce8083f27deef1341ae3086bf0d5a45bd1,a264f9f6df4fae96803cb1057b5fedc2d14ddccb52b4eb699c12be7c2ccc333e,a264f9f6df4fae96803cb1057b5fedc2d14ddccb52b4eb699c12be7c2ccc333e,1787976782.0462592,35365.948,17683033,0,0.9500646591186523,0.7520790100097656,1.579880714416504,0.00133514404296875,-0.00095367431640625,0.00514984130859375,-0.0073261260986328125,0.33943843841552734,-0.0024423599243164062,0.0073261260986328125,0.0073261260986328125,-0.0073261260986328125,-0.0073261260986328125,3.165811538696289,2.9333324432373047,-1.0964593887329102,0.017093658447265625,-0.11477375030517578,0.0,4.108703892841553,3.5038254227926835,-0.9677251041658974,0.009562823743975572,-0.004077362896534237
22,1,train,2,1,0.3490658503988659,0.6176640110061271,3,s,af3726fcacd0ac1320a56ea850b0a2c0f5430cf4eb20a45c078706980f08407e,d24fbe3839599a6a097188bae8cd47ce8083f27deef1341ae3086bf0d5a45bd1,a264f9f6df4fae96803cb1057b5fedc2d14ddccb52b4eb699c12be7c2ccc333e,a264f9f6df4fae96803cb1057b5fedc2d14ddccb52b4eb699c12be7c2ccc333e,1787976782.0482645,35365.95,17683034,0,0.9500646591186523,0.7528419494628906,1.579880714416504,0.00133514404296875,-0.00095367431640625,0.00514984130859375,-0.0073261260986328125,0.3638582229614258,-0.0024423599243164062,-0.0073261260986328125,0.0073261260986328125,-0.0073261260986328125,-0.0073261260986328125,3.0700855255126953,2.864957809448242,-1.0915746688842773,0.017093658447265625,-0.1196584701538086,0.0,4.097618588419848,3.5094739679714433,-0.9689194985458074,0.0095561010354682,-0.004080696496818653
22,1,train,2,1,0.3490658503988659,0.6196719240033417,3,s,af3726fcacd0ac1320a56ea850b0a2c0f5430cf4eb20a45c078706980f08407e,d24fbe3839599a6a097188bae8cd47ce8083f27deef1341ae3086bf0d5a45bd1,a264f9f6df4fae96803cb1057b5fedc2d14ddccb52b4eb699c12be7c2ccc333e,a264f9f6df4fae96803cb1057b5fedc2d14ddccb52b4eb699c12be7c2ccc333e,1787976782.0508657,35365.952,17683035,0,0.9500646591186523,0.7536048889160156,1.579880714416504,0.00133514404296875,-0.00095367431640625,0.00514984130859375,0.0073261260986328125,0.3833942413330078,-0.0024423599243164062,-0.0073261260986328125,0.0073261260986328125,-0.0073261260986328125,-0.012209892272949219,3.042734146118164,2.837606430053711,-1.0818071365356445,0.017093658447265625,-0.1196584701538086,0.0,4.086530898870324,3.515120470367595,-0.9701133289403683,0.009549372764578214,-0.004084027721825205
22,1,train,2,1,0.3490658503988659,0.6222710760048358,3,s,af3726fcacd0ac1320a56ea850b0a2c0f5430cf4eb20a45c078706980f08407e,d24fbe3839599a6a097188bae8cd47ce8083f27deef1341ae3086bf0d5a45bd1,a264f9f6df4fae96803cb1057b5fedc2d14ddccb52b4eb699c12be7c2ccc333e,a264f9f6df4fae96803cb1057b5fedc2d14ddccb52b4eb699c12be7c2ccc333e,1787976782.0522475,35365.954,17683036,0,0.9500646591186523,0.7543678283691406,1.579880714416504,0.00133514404296875,-0.00095367431640625,0.00514984130859375,-0.0073261260986328125,0.3882780075073242,-0.0024423599243164062,-0.0073261260986328125,-0.0073261260986328125,-0.0073261260986328125,-0.0073261260986328125,3.1111106872558594,2.8239307403564453,-1.0769233703613281,0.017093658447265625,-0.11477375030517578,0.0,4.075440830646869,3.5207649266944423,-0.9713065946546803,0.009542638935221979,-0.004087356569614865
22,1,train,2,1,0.3490658503988659,0.623645817002398,3,s,af3726fcacd0ac1320a56ea850b0a2c0f5430cf4eb20a45c078706980f08407e,d24fbe3839599a6a097188bae8cd47ce8083f27deef1341ae3086bf0d5a45bd1,a264f9f6df4fae96803cb1057b5fedc2d14ddccb52b4eb699c12be7c2ccc333e,a264f9f6df4fae96803cb1057b5fedc2d14ddccb52b4eb699c12be7c2ccc333e,1787976782.0547576,35365.956,17683037,0,0.9500646591186523,0.7551307678222656,1.579880714416504,0.00133514404296875,-0.00095367431640625,0.00514984130859375,0.0073261260986328125,0.3785104751586914,-0.0024423599243164062,-0.0073261260986328125,-0.021978378295898438,-0.0073261260986328125,-0.0073261260986328125,3.206836700439453,2.864957809448242,-1.0769233703613281,0.017093658447265625,-0.11477375030517578,0.0,4.064348390204749,3.5264073336664796,-0.9724992949941703,0.0095358995513191,-0.004090683038249988
22,1,train,2,1,0.3490658503988659,0.6261472170008346,3,s,af3726fcacd0ac1320a56ea850b0a2c0f5430cf4eb20a45c078706980f08407e,d24fbe3839599a6a097188bae8cd47ce8083f27deef1341ae3086bf0d5a45bd1,a264f9f6df4fae96803cb1057b5fedc2d14ddccb52b4eb699c12be7c2ccc333e,a264f9f6df4fae96803cb1057b5fedc2d14ddccb52b4eb699c12be7c2ccc333e,1787976782.0566819,35365.958,17683038,0,0.9500646591186523,0.7558937072753906,1.579880714416504,0.00133514404296875,-0.00095367431640625,0.00514984130859375,-0.0073261260986328125,0.34432220458984375,-0.0024423599243164062,-0.0073261260986328125,-0.0073261260986328125,-0.0073261260986328125,-0.0073261260986328125,3.2752132415771484,2.9059829711914062,-1.0720386505126953,0.017093658447265625,-0.11477375030517578,0.0,4.053253584000615,3.5320476879993916,-0.9736914292645955,0.009529154616792417,-0.0040940071257943135
22,1,train,2,1,0.3490658503988659,0.6280828230010229,3,s,af3726fcacd0ac1320a56ea850b0a2c0f5430cf4eb20a45c078706980f08407e,d24fbe3839599a6a097188bae8cd47ce8083f27deef1341ae3086bf0d5a45bd1,a264f9f6df4fae96803cb1057b5fedc2d14ddccb52b4eb699c12be7c2ccc333e,a264f9f6df4fae96803cb1057b5fedc2d14ddccb52b4eb699c12be7c2ccc333e,1787976782.0586221,35365.96,17683039,0,0.9500646591186523,0.7562751770019531,1.579880714416504,0.00133514404296875,-0.00095367431640625,0.00514984130859375,-0.0073261260986328125,0.3150186538696289,-0.0024423599243164062,-0.021978378295898438,-0.0073261260986328125,-0.0073261260986328125,-0.0073261260986328125,3.3435897827148438,2.9333324432373047,-1.0720386505126953,0.017093658447265625,-0.1196584701538086,0.0,4.047705295755869,3.5348670944001563,-0.9742872839070482,0.009525780069271916,-0.004095668276052726
22,1,train,2,1,0.3490658503988659,0.6300193710048916,3,s,af3726fcacd0ac1320a56ea850b0a2c0f5430cf4eb20a45c078706980f08407e,d24fbe3839599a6a097188bae8cd47ce8083f27deef1341ae3086bf0d5a45bd1,a264f9f6df4fae96803cb1057b5fedc2d14ddccb52b4eb699c12be7c2ccc333e,a264f9f6df4fae96803cb1057b5fedc2d14ddccb52b4eb699c12be7c2ccc333e,1787976782.0605443,35365.962,17683040,0,0.9500646591186523,0.7570381164550781,1.579880714416504,0.00133514404296875,-0.00095367431640625,0.00514984130859375,-0.0073261260986328125,0.2954826354980469,-0.0024423599243164062,-0.021978378295898438,-0.0073261260986328125,-0.0073261260986328125,-0.0073261260986328125,3.329914093017578,2.9470081329345703,-1.067154884338379,0.017093658447265625,-0.1196584701538086,0.0,4.0366069530179445,3.540504363618911,-0.9754785677728921,0.009519026816171908,-0.004098988788333402
22,1,train,2,1,0.3490658503988659,0.6319591170031345,3,s,af3726fcacd0ac1320a56ea850b0a2c0f5430cf4eb20a45c078706980f08407e,d24fbe3839599a6a097188bae8cd47ce8083f27deef1341ae3086bf0d5a45bd1,a264f9f6df4fae96803cb1057b5fedc2d14ddccb52b4eb699c12be7c2ccc333e,a264f9f6df4fae96803cb1057b5fedc2d14ddccb52b4eb699c12be7c2ccc333e,1787976782.062499,35365.964,17683041,0,0.9500646591186523,0.7578010559082031,1.579880714416504,0.00133514404296875,-0.00095367431640625,0.00514984130859375,-0.0073261260986328125,0.2954826354980469,-0.0024423599243164062,-0.021978378295898438,-0.021978378295898438,-0.0073261260986328125,-0.0073261260986328125,3.2205123901367188,2.9743595123291016,-1.067154884338379,0.017093658447265625,-0.1196584701538086,0.0,4.0255062606656455,3.546139571992991,-0.9766692838355068,0.009512268022269316,-0.0041023069146887
22,1,train,2,1,0.3490658503988659,0.6338975680046133,3,s,af3726fcacd0ac1320a56ea850b0a2c0f5430cf4eb20a45c078706980f08407e,d24fbe3839599a6a097188bae8cd47ce8083f27deef1341ae3086bf0d5a45bd1,a264f9f6df4fae96803cb1057b5fedc2d14ddccb52b4eb699c12be7c2ccc333e,a264f9f6df4fae96803cb1057b5fedc2d14ddccb52b4eb699c12be7c2ccc333e,1787976782.0650089,35365.966,17683042,0,0.9500646591186523,0.7581825256347656,1.579880714416504,0.00133514404296875,-0.00095367431640625,0.00514984130859375,-0.0073261260986328125,0.3199024200439453,-0.0024423599243164062,-0.021978378295898438,-0.0073261260986328125,-0.0073261260986328125,-0.0073261260986328125,3.1521358489990234,3.001708984375,-1.057387351989746,0.021978378295898438,-0.1196584701538086,0.0,4.019955035403254,3.548956402338193,-0.9772644287239995,0.009508886548746343,-0.004103965082540714
22,1,train,2,1,0.3490658503988659,0.6366739479999524,3,s,af3726fcacd0ac1320a56ea850b0a2c0f5430cf4eb20a45c078706980f08407e,d24fbe3839599a6a097188bae8cd47ce8083f27deef1341ae3086bf0d5a45bd1,a264f9f6df4fae96803cb1057b5fedc2d14ddccb52b4eb699c12be7c2ccc333e,a264f9f6df4fae96803cb1057b5fedc2d14ddccb52b4eb699c12be7c2ccc333e,1787976782.0662808,35365.968,17683043,0,0.9500646591186523,0.7589454650878906,1.579880714416504,0.00133514404296875,-0.00095367431640625,0.00514984130859375,-0.0073261260986328125,0.34432220458984375,-0.0024423599243164062,-0.021978378295898438,-0.0073261260986328125,-0.0073261260986328125,-0.0073261260986328125,3.083761215209961,3.001708984375,-1.057387351989746,0.021978378295898438,-0.1196584701538086,0.0,4.008850830745044,3.5545885132954056,-0.9784542917823335,0.00950211945101739,-0.0041072796263869945
22,1,train,2,1,0.3490658503988659,0.6376831270026742,3,s,af3726fcacd0ac1320a56ea850b0a2c0f5430cf4eb20a45c078706980f08407e,d24fbe3839599a6a097188bae8cd47ce8083f27deef1341ae3086bf0d5a45bd1,a264f9f6df4fae96803cb1057b5fedc2d14ddccb52b4eb699c12be7c2ccc333e,a264f9f6df4fae96803cb1057b5fedc2d14ddccb52b4eb699c12be7c2ccc333e,1787976782.0681887,35365.97,17683044,0,0.9500646591186523,0.7597084045410156,1.579880714416504,0.00133514404296875,-0.00095367431640625,0.00514984130859375,-0.0073261260986328125,0.35409069061279297,-0.0024423599243164062,-0.03663063049316406,0.0073261260986328125,-0.0073261260986328125,-0.0073261260986328125,3.0564098358154297,2.9743595123291016,-1.057387351989746,0.021978378295898438,-0.1196584701538086,0.0,3.9977442926286484,3.5602185552098917,-0.9796435853053387,0.009495346822327236,-0.004110591779481996
22,1,train,2,1,0.3490658503988659,0.6395863720026682,3,s,af3726fcacd0ac1320a56ea850b0a2c0f5430cf4eb20a45c078706980f08407e,d24fbe3839599a6a097188bae8cd47ce8083f27deef1341ae3086bf0d5a45bd1,a264f9f6df4fae96803cb1057b5fedc2d14ddccb52b4eb699c12be7c2ccc333e,a264f9f6df4fae96803cb1057b5fedc2d14ddccb52b4eb699c12be7c2ccc333e,1787976782.070762,35365.972,17683045,0,0.9500646591186523,0.7604713439941406,1.579880714416504,0.00133514404296875,-0.00095367431640625,0.00514984130859375,-0.0073261260986328125,0.3589744567871094,-0.0024423599243164062,-0.021978378295898438,-0.0073261260986328125,-0.0073261260986328125,-0.0073261260986328125,3.1111106872558594,2.9470081329345703,-1.0525026321411133,0.021978378295898438,-0.1196584701538086,0.0,3.9866354275189244,3.5658465248045323,-0.9808323086007547,0.009488568666618067,-0.004113901539897787
22,1,train,2,1,0.3490658503988659,0.6421646570015582,3,s,af3726fcacd0ac1320a56ea850b0a2c0f5430cf4eb20a45c078706980f08407e,d24fbe3839599a6a097188bae8cd47ce8083f27deef1341ae3086bf0d5a45bd1,a264f9f6df4fae96803cb1057b5fedc2d14ddccb52b4eb699c12be7c2ccc333e,a264f9f6df4fae96803cb1057b5fedc2d14ddccb52b4eb699c12be7c2ccc333e,1787976782.0727026,35365.974,17683046,0,0.9500646591186523,0.7608528137207031,1.579880714416504,0.00133514404296875,-0.00095367431640625,0.00514984130859375,-0.0073261260986328125,0.33455467224121094,-0.0024423599243164062,-0.0073261260986328125,-0.0073261260986328125,-0.0073261260986328125,-0.0073261260986328125,3.2341880798339844,2.9333324432373047,-1.0525026321411133,0.021978378295898438,-0.1196584701538086,0.0,3.981080124362199,3.5686597314581436,-0.9814264561968772,0.009485177517364166,-0.004115555522248883
22,1,train,2,1,0.3490658503988659,0.6441035400057444,3,s,af3726fcacd0ac1320a56ea850b0a2c0f5430cf4eb20a45c078706980f08407e,d24fbe3839599a6a097188bae8cd47ce8083f27deef1341ae3086bf0d5a45bd1,a264f9f6df4fae96803cb1057b5fedc2d14ddccb52b4eb699c12be7c2ccc333e,a264f9f6df4fae96803cb1057b5fedc2d14ddccb52b4eb699c12be7c2ccc333e,1787976782.074663,35365.975999999995,17683047,0,0.9500646591186523,0.7616157531738281,1.579880714416504,0.00133514404296875,-0.00095367431640625,0.00514984130859375,0.0073261260986328125,0.2954826354980469,-0.0024423599243164062,0.0073261260986328125,0.0073261260986328125,-0.0073261260986328125,-0.0073261260986328125,3.3162384033203125,2.8923072814941406,-1.057387351989746,0.021978378295898438,-0.1196584701538086,0.0,3.969967780887049,3.574284586431066,-0.9826143228536496,0.009478391078525121,-0.004118861690034047
22,1,train,2,1,0.3490658503988659,0.6460650250010076,3,s,af3726fcacd0ac1320a56ea850b0a2c0f5430cf4eb20a45c078706980f08407e,d24fbe3839599a6a097188bae8cd47ce8083f27deef1341ae3086bf0d5a45bd1,a264f9f6df4fae96803cb1057b5fedc2d14ddccb52b4eb699c12be7c2ccc333e,a264f9f6df4fae96803cb1057b5fedc2d14ddccb52b4eb699c12be7c2ccc333e,1787976782.0765815,35365.977999999996,17683048,0,0.9500646591186523,0.7619972229003906,1.579880714416504,0.00133514404296875,-0.00095367431640625,0.00514984130859375,-0.021978378295898438,0.2564105987548828,-0.0024423599243164062,0.0073261260986328125,0.0073261260986328125,-0.0073261260986328125,-0.0073261260986328125,3.3982906341552734,2.8923072814941406,-1.057387351989746,0.021978378295898438,-0.1196584701538086,0.0,3.9644107421856796,3.5770962339318544,-0.9832080417414424,0.00947499578992753,-0.004120513874987002
22,1,train,2,1,0.3490658503988659,0.647978591005085,3,s,af3726fcacd0ac1320a56ea850b0a2c0f5430cf4eb20a45c078706980f08407e,d24fbe3839599a6a097188bae8cd47ce8083f27deef1341ae3086bf0d5a45bd1,a264f9f6df4fae96803cb1057b5fedc2d14ddccb52b4eb699c12be7c2ccc333e,a264f9f6df4fae96803cb1057b5fedc2d14ddccb52b4eb699c12be7c2ccc333e,1787976782.0784907,35365.979999999996,17683049,0,0.9500646591186523,0.7623786926269531,1.579880714416504,0.00133514404296875,-0.00095367431640625,0.00514984130859375,-0.0073261260986328125,0.23198986053466797,-0.0024423599243164062,-0.0073261260986328125,-0.03663063049316406,-0.0073261260986328125,-0.0073261260986328125,3.411966323852539,2.878631591796875,-1.0622711181640625,0.021978378295898438,-0.1196584701538086,0.0,3.958853126586625,3.579907360896638,-0.9838016175536366,0.0094715991225366,-0.00412216546032628
22,1,train,2,1,0.3490658503988659,0.6498888610003632,3,s,af3726fcacd0ac1320a56ea850b0a2c0f5430cf4eb20a45c078706980f08407e,d24fbe3839599a6a097188bae8cd47ce8083f27deef1341ae3086bf0d5a45bd1,a264f9f6df4fae96803cb1057b5fedc2d14ddccb52b4eb699c12be7c2ccc333e,a264f9f6df4fae96803cb1057b5fedc2d14ddccb52b4eb699c12be7c2ccc333e,1787976782.0810494,35365.981999999996,17683050,0,0.9500646591186523,0.7631416320800781,1.579880714416504,0.00133514404296875,-0.00095367431640625,0.00514984130859375,0.0073261260986328125,0.21245384216308594,-0.0024423599243164062,-0.0073261260986328125,0.0073261260986328125,-0.0073261260986328125,-0.0073261260986328125,3.384614944458008,2.9470081329345703,-1.067154884338379,0.017093658447265625,-0.1196584701538086,0.0,3.947736167930511,3.585528051581971,-0.9849883396057412,0.009464801653352053,-0.004125466831202535
22,1,train,2,1,0.3490658503988659,0.6524656590045197,3,s,af3726fcacd0ac1320a56ea850b0a2c0f5430cf4eb20a45c078706980f08407e,d24fbe3839599a6a097188bae8cd47ce8083f27deef1341ae3086bf0d5a45bd1,a264f9f6df4fae96803cb1057b5fedc2d14ddccb52b4eb699c12be7c2ccc333e,a264f9f6df4fae96803cb1057b5fedc2d14ddccb52b4eb699c12be7c2ccc333e,1787976782.082417,35365.984,17683051,0,0.9500646591186523,0.7635231018066406,1.579880714416504,0.00095367431640625,-0.00095367431640625,0.00514984130859375,-0.0073261260986328125,0.22710609436035156,-0.0024423599243164062,-0.021978378295898438,-0.0073261260986328125,-0.0073261260986328125,-0.0073261260986328125,3.288888931274414,2.9743595123291016,-1.0720386505126953,0.017093658447265625,-0.1196584701538086,0.0,3.9427699725583945,3.5877444684173856,-0.9849883396057413,0.009464801653352048,-0.004125466831202535
22,1,train,2,1,0.3490658503988659,0.6538103450002382,3,s,af3726fcacd0ac1320a56ea850b0a2c0f5430cf4eb20a45c078706980f08407e,d24fbe3839599a6a097188bae8cd47ce8083f27deef1341ae3086bf0d5a45bd1,a264f9f6df4fae96803cb1057b5fedc2d14ddccb52b4eb699c12be7c2ccc333e,a264f9f6df4fae96803cb1057b5fedc2d14ddccb52b4eb699c12be7c2ccc333e,1787976782.0843027,35365.986,17683052,0,0.9500646591186523,0.7642860412597656,1.579880714416504,0.00095367431640625,-0.00095367431640625,0.00514984130859375,-0.0073261260986328125,0.2564105987548828,-0.0024423599243164062,-0.021978378295898438,-0.0073261260986328125,-0.0073261260986328125,-0.0073261260986328125,3.165811538696289,3.001708984375,-1.0720386505126953,0.017093658447265625,-0.1196584701538086,0.0,3.9316492825738862,3.5933623142266136,-0.9861744883192016,0.009457998674928116,-0.004128765800741164
22,1,train,2,1,0.3490658503988659,0.6556949180012452,3,s,af3726fcacd0ac1320a56ea850b0a2c0f5430cf4eb20a45c078706980f08407e,d24fbe3839599a6a097188bae8cd47ce8083f27deef1341ae3086bf0d5a45bd1,a264f9f6df4fae96803cb1057b5fedc2d14ddccb52b4eb699c12be7c2ccc333e,a264f9f6df4fae96803cb1057b5fedc2d14ddccb52b4eb699c12be7c2ccc333e,1787976782.0861757,35365.988,17683053,0,0.9500646591186523,0.7646675109863281,1.579880714416504,0.00133514404296875,-0.00095367431640625,0.00514984130859375,-0.0073261260986328125,0.29059791564941406,-0.0024423599243164062,-0.0073261260986328125,-0.0073261260986328125,-0.0073261260986328125,-0.0073261260986328125,3.124786376953125,2.9333324432373047,-1.067154884338379,0.017093658447265625,-0.1196584701538086,0.0,3.925495363436225,3.596763168526458,-0.9873600630035877,0.009451190191224649,-0.004132062367021913
22,1,train,2,1,0.3490658503988659,0.6575643600008334,3,s,af3726fcacd0ac1320a56ea850b0a2c0f5430cf4eb20a45c078706980f08407e,d24fbe3839599a6a097188bae8cd47ce8083f27deef1341ae3086bf0d5a45bd1,a264f9f6df4fae96803cb1057b5fedc2d14ddccb52b4eb699c12be7c2ccc333e,a264f9f6df4fae96803cb1057b5fedc2d14ddccb52b4eb699c12be7c2ccc333e,1787976782.088614,35365.99,17683054,0,0.9500646591186523,0.7654304504394531,1.579880714416504,0.00133514404296875,-0.00095367431640625,0.00514984130859375,-0.0073261260986328125,0.3101339340209961,-0.0024423599243164062,-0.0073261260986328125,-0.0073261260986328125,-0.0073261260986328125,-0.0073261260986328125,3.0974349975585938,2.9470081329345703,-1.067154884338379,0.017093658447265625,-0.1196584701538086,0.0,3.9143715305439057,3.6023775882459095,-0.9885450629688033,0.00944437620620471,-0.0041353565281259256
22,1,train,2,1,0.3490658503988659,0.6600047550018644,3,s,af3726fcacd0ac1320a56ea850b0a2c0f5430cf4eb20a45c078706980f08407e,d24fbe3839599a6a097188bae8cd47ce8083f27deef1341ae3086bf0d5a45bd1,a264f9f6df4fae96803cb1057b5fedc2d14ddccb52b4eb699c12be7c2ccc333e,a264f9f6df4fae96803cb1057b5fedc2d14ddccb52b4eb699c12be7c2ccc333e,1787976782.0904908,35365.992,17683055,0,0.9500646591186523,0.7661933898925781,1.579880714416504,0.00133514404296875,-0.00095367431640625,0.00514984130859375,-0.0073261260986328125,0.3247861862182617,-0.0024423599243164062,-0.0073261260986328125,-0.0073261260986328125,-0.0073261260986328125,-0.0073261260986328125,3.0974349975585938,2.9470081329345703,-1.0720386505126953,0.017093658447265625,-0.1196584701538086,0.0,3.9032454191875914,3.6079899111057325,-0.9897294875250896,0.009437556723834563,-0.00413864828213575
22,1,train,2,1,0.3490658503988659,0.6618889630044578,3,s,af3726fcacd0ac1320a56ea850b0a2c0f5430cf4eb20a45c078706980f08407e,d24fbe3839599a6a097188bae8cd47ce8083f27deef1341ae3086bf0d5a45bd1,a264f9f6df4fae96803cb1057b5fedc2d14ddccb52b4eb699c12be7c2ccc333e,a264f9f6df4fae96803cb1057b5fedc2d14ddccb52b4eb699c12be7c2ccc333e,1787976782.0924058,35365.994,17683056,0,0.9500646591186523,0.7665748596191406,1.579880714416504,0.00133514404296875,-0.00095367431640625,0.00514984130859375,-0.0073261260986328125,0.3199024200439453,-0.0024423599243164062,0.0073261260986328125,-0.0073261260986328125,-0.0073261260986328125,-0.0073261260986328125,3.1794872283935547,2.960683822631836,-1.0769233703613281,0.021978378295898438,-0.1196584701538086,0.0,3.89768151110921,3.61079528519236,-0.9903214838094253,0.00943414492238349,-0.004140293255881521
22,1,train,2,1,0.3490658503988659,0.6638037400043686,3,s,af3726fcacd0ac1320a56ea850b0a2c0f5430cf4eb20a45c078706980f08407e,d24fbe3839599a6a097188bae8cd47ce8083f27deef1341ae3086bf0d5a45bd1,a264f9f6df4fae96803cb1057b5fedc2d14ddccb52b4eb699c12be7c2ccc333e,a264f9f6df4fae96803cb1057b5fedc2d14ddccb52b4eb699c12be7c2ccc333e,1787976782.094313,35365.996,17683057,0,0.9500646591186523,0.7669563293457031,1.579880714416504,0.00133514404296875,-0.00095367431640625,0.00514984130859375,-0.021978378295898438,0.29059791564941406,-0.0024423599243164062,0.021978378295898438,0.0073261260986328125,-0.0073261260986328125,-0.0073261260986328125,3.3025646209716797,2.9743595123291016,-1.0818071365356445,0.021978378295898438,-0.1196584701538086,0.0,3.892117035843527,3.6136001338391237,-0.9909133359830193,0.009430731748083662,-0.004141937627135332
22,1,train,2,1,0.3490658503988659,0.6657111570020788,3,s,af3726fcacd0ac1320a56ea850b0a2c0f5430cf4eb20a45c078706980f08407e,d24fbe3839599a6a097188bae8cd47ce8083f27deef1341ae3086bf0d5a45bd1,a264f9f6df4fae96803cb1057b5fedc2d14ddccb52b4eb699c12be7c2ccc333e,a264f9f6df4fae96803cb1057b5fedc2d14ddccb52b4eb699c12be7c2ccc333e,1787976782.0962563,35365.998,17683058,0,0.9500646591186523,0.7677192687988281,1.579880714416504,0.00133514404296875,-0.00095367431640625,0.00514984130859375,-0.0073261260986328125,0.2466421127319336,-0.0024423599243164062,0.021978378295898438,0.0073261260986328125,-0.0073261260986328125,-0.012209892272949219,3.4393157958984375,2.9880332946777344,-1.0915746688842773,0.021978378295898438,-0.1196584701538086,0.0,3.880986386989286,3.619208253180504,-0.9920966076535025,0.009423901282924673,-0.004145224561210023
22,1,train,2,1,0.3490658503988659,0.6676527100062231,3,s,af3726fcacd0ac1320a56ea850b0a2c0f5430cf4eb20a45c078706980f08407e,d24fbe3839599a6a097188bae8cd47ce8083f27deef1341ae3086bf0d5a45bd1,a264f9f6df4fae96803cb1057b5fedc2d14ddccb52b4eb699c12be7c2ccc333e,a264f9f6df4fae96803cb1057b5fedc2d14ddccb52b4eb699c12be7c2ccc333e,1787976782.0982099,35366.0,17683059,0,0.9500646591186523,0.7681007385253906,1.579880714416504,0.00133514404296875,-0.00095367431640625,0.00514984130859375,-0.0073261260986328125,0.20757007598876953,-0.0024423599243164062,0.0073261260986328125,-0.0073261260986328125,-0.0073261260986328125,-0.012209892272949219,3.4803409576416016,3.001708984375,-1.0964593887329102,0.021978378295898438,-0.1196584701538086,0.0,3.8754202150204504,3.6220115230590313,-0.9926880269782026,0.009420483993059468,-0.0041468671235525886
22,1,train,2,1,0.3490658503988659,0.6696083520000684,3,s,af3726fcacd0ac1320a56ea850b0a2c0f5430cf4eb20a45c078706980f08407e,d24fbe3839599a6a097188bae8cd47ce8083f27deef1341ae3086bf0d5a45bd1,a264f9f6df4fae96803cb1057b5fedc2d14ddccb52b4eb699c12be7c2ccc333e,a264f9f6df4fae96803cb1057b5fedc2d14ddccb52b4eb699c12be7c2ccc333e,1787976782.100686,35366.002,17683060,0,0.9500646591186523,0.7681007385253906,1.579880714416504,0.00133514404296875,-0.00095367431640625,0.00514984130859375,-0.0073261260986328125,0.1782665252685547,-0.0024423599243164062,0.0073261260986328125,-0.021978378295898438,-0.0073261260986328125,-0.0073261260986328125,3.5350418090820312,3.0290603637695312,-1.1013431549072266,0.021978378295898438,-0.1196584701538086,0.0,3.8754202150204504,3.6220115230590313,-0.9926880269782026,0.009420483993059468,-0.0041468671235525886
22,1,train,2,1,0.3490658503988659,0.6720982789993286,3,s,af3726fcacd0ac1320a56ea850b0a2c0f5430cf4eb20a45c078706980f08407e,d24fbe3839599a6a097188bae8cd47ce8083f27deef1341ae3086bf0d5a45bd1,a264f9f6df4fae96803cb1057b5fedc2d14ddccb52b4eb699c12be7c2ccc333e,a264f9f6df4fae96803cb1057b5fedc2d14ddccb52b4eb699c12be7c2ccc333e,1787976782.1026237,35366.004,17683061,0,0.9500646591186523,0.7688636779785156,1.579880714416504,0.00133514404296875,-0.00095367431640625,0.00514984130859375,-0.0073261260986328125,0.15873050689697266,-0.0024423599243164062,-0.0073261260986328125,-0.021978378295898438,-0.0073261260986328125,-0.0073261260986328125,3.5213680267333984,3.001708984375,-1.1013431549072266,0.017093658447265625,-0.1196584701538086,0.0,3.8642861800492803,3.6276164811921117,-0.9938704321762055,0.009413645301244066,-0.004150150437653041
22,1,train,2,1,0.3490658503988659,0.6740155180013971,3,s,af3726fcacd0ac1320a56ea850b0a2c0f5430cf4eb20a45c078706980f08407e,d24fbe3839599a6a097188bae8cd47ce8083f27deef1341ae3086bf0d5a45bd1,a264f9f6df4fae96803cb1057b5fedc2d14ddccb52b4eb699c12be7c2ccc333e,a264f9f6df4fae96803cb1057b5fedc2d14ddccb52b4eb699c12be7c2ccc333e,1787976782.1045346,35366.006,17683062,0,0.9500646591186523,0.7692451477050781,1.579880714416504,0.00133514404296875,-0.00095367431640625,0.00514984130859375,0.0073261260986328125,0.17338180541992188,-0.0024423599243164062,-0.021978378295898438,-0.0073261260986328125,-0.0073261260986328125,-0.0073261260986328125,3.494016647338867,3.001708984375,-1.0964593887329102,0.021978378295898438,-0.1196584701538086,0.0,3.858718318667151,3.630418168631039,-0.9944614178774467,0.009410223900289023,-0.004151791188933143
22,1,train,2,1,0.3490658503988659,0.675933716003783,3,s,af3726fcacd0ac1320a56ea850b0a2c0f5430cf4eb20a45c078706980f08407e,d24fbe3839599a6a097188bae8cd47ce8083f27deef1341ae3086bf0d5a45bd1,a264f9f6df4fae96803cb1057b5fedc2d14ddccb52b4eb699c12be7c2ccc333e,a264f9f6df4fae96803cb1057b5fedc2d14ddccb52b4eb699c12be7c2ccc333e,1787976782.1064625,35366.008,17683063,0,0.9500646591186523,0.7696266174316406,1.579880714416504,0.00133514404296875,-0.00095367431640625,0.00514984130859375,0.0073261260986328125,0.1831502914428711,-0.0024423599243164062,-0.0073261260986328125,-0.021978378295898438,-0.0073261260986328125,-0.0073261260986328125,3.384614944458008,2.9743595123291016,-1.0915746688842773,0.021978378295898438,-0.1196584701538086,0.0,3.853149895767615,3.6332193277745968,-0.9950522588655063,0.009406801129966193,-0.004153431336048116
22,1,train,2,1,0.3490658503988659,0.6778599960016436,3,s,af3726fcacd0ac1320a56ea850b0a2c0f5430cf4eb20a45c078706980f08407e,d24fbe3839599a6a097188bae8cd47ce8083f27deef1341ae3086bf0d5a45bd1,a264f9f6df4fae96803cb1057b5fedc2d14ddccb52b4eb699c12be7c2ccc333e,a264f9f6df4fae96803cb1057b5fedc2d14ddccb52b4eb699c12be7c2ccc333e,1787976782.1083605,35366.01,17683064,0,0.9500646591186523,0.7700080871582031,1.579880714416504,0.00133514404296875,-0.00095367431640625,0.00514984130859375,-0.021978378295898438,0.22222232818603516,-0.0024423599243164062,-0.021978378295898438,0.0073261260986328125,-0.0073261260986328125,-0.012209892272949219,3.261537551879883,2.9880332946777344,-1.086690902709961,0.021978378295898438,-0.1196584701538086,0.0,3.8475809121609763,3.636019958215165,-0.9956429550544064,0.009403376990773652,-0.004155070878759291
22,1,train,2,1,0.3490658503988659,0.6797547660025884,3,s,af3726fcacd0ac1320a56ea850b0a2c0f5430cf4eb20a45c078706980f08407e,d24fbe3839599a6a097188bae8cd47ce8083f27deef1341ae3086bf0d5a45bd1,a264f9f6df4fae96803cb1057b5fedc2d14ddccb52b4eb699c12be7c2ccc333e,a264f9f6df4fae96803cb1057b5fedc2d14ddccb52b4eb699c12be7c2ccc333e,1787976782.1110733,35366.011999999995,17683065,0,0.9500646591186523,0.7707710266113281,1.579880714416504,0.00133514404296875,-0.00095367431640625,0.00514984130859375,-0.0073261260986328125,0.2564105987548828,-0.0024423599243164062,-0.021978378295898438,0.0073261260986328125,-0.0073261260986328125,-0.0073261260986328125,3.165811538696289,2.9880332946777344,-1.086690902709961,0.017093658447265625,-0.1196584701538086,0.0,3.8364412660680616,3.6416196313572247,-0.9968239126909193,0.009396524607772749,-0.004158348150015989
22,1,train,2,1,0.3490658503988659,0.6824756150017492,3,s,af3726fcacd0ac1320a56ea850b0a2c0f5430cf4eb20a45c078706980f08407e,d24fbe3839599a6a097188bae8cd47ce8083f27deef1341ae3086bf0d5a45bd1,a264f9f6df4fae96803cb1057b5fedc2d14ddccb52b4eb699c12be7c2ccc333e,a264f9f6df4fae96803cb1057b5fedc2d14ddccb52b4eb699c12be7c2ccc333e,1787976782.1124773,35366.013999999996,17683066,0,0.9500646591186523,0.7711524963378906,1.579880714416504,0.00133514404296875,-0.00095367431640625,0.00514984130859375,-0.0073261260986328125,0.2954826354980469,-0.0024423599243164062,-0.0073261260986328125,-0.0073261260986328125,-0.0073261260986328125,-0.0073261260986328125,3.1111106872558594,3.0290603637695312,-1.086690902709961,0.017093658447265625,-0.1196584701538086,0.0,3.8308706052028123,3.644418673243858,-0.9974141739666803,0.009393096364961544,-0.004159985878084607
22,1,train,2,1,0.3490658503988659,0.6838769400055753,3,s,af3726fcacd0ac1320a56ea850b0a2c0f5430cf4eb20a45c078706980f08407e,d24fbe3839599a6a097188bae8cd47ce8083f27deef1341ae3086bf0d5a45bd1,a264f9f6df4fae96803cb1057b5fedc2d14ddccb52b4eb699c12be7c2ccc333e,a264f9f6df4fae96803cb1057b5fedc2d14ddccb52b4eb699c12be7c2ccc333e,1787976782.1144078,35366.015999999996,17683067,0,0.9500646591186523,0.7719154357910156,1.579880714416504,0.00133514404296875,-0.00095367431640625,0.00514984130859375,-0.0073261260986328125,0.3199024200439453,-0.0024423599243164062,0.0073261260986328125,-0.0073261260986328125,-0.0073261260986328125,-0.0073261260986328125,3.083761215209961,3.0564098358154297,-1.086690902709961,0.017093658447265625,-0.1196584701538086,0.0,3.8197276118879278,3.6500151656117583,-0.9985942610037383,0.009386235779211993,-0.004163259517910777
22,1,train,2,1,0.3490658503988659,0.685805225999502,3,s,af3726fcacd0ac1320a56ea850b0a2c0f5430cf4eb20a45c078706980f08407e,d24fbe3839599a6a097188bae8cd47ce8083f27deef1341ae3086bf0d5a45bd1,a264f9f6df4fae96803cb1057b5fedc2d14ddccb52b4eb699c12be7c2ccc333e,a264f9f6df4fae96803cb1057b5fedc2d14ddccb52b4eb699c12be7c2ccc333e,1787976782.1163218,35366.018,17683068,0,0.9500646591186523,0.7722969055175781,1.579880714416504,0.00133514404296875,-0.00095367431640625,0.00514984130859375,-0.0073261260986328125,0.3199024200439453,-0.0024423599243164062,-0.0073261260986328125,-0.021978378295898438,-0.0073261260986328125,-0.0073261260986328125,3.1111106872558594,3.0700855255126953,-1.0964593887329102,0.017093658447265625,-0.1196584701538086,0.0,3.8141552810598105,3.652812615278628,-0.9991840865933104,0.009382803437271995,-0.00416489542919195
22,1,train,2,1,0.3490658503988659,0.6877185650009778,3,s,af3726fcacd0ac1320a56ea850b0a2c0f5430cf4eb20a45c078706980f08407e,d24fbe3839599a6a097188bae8cd47ce8083f27deef1341ae3086bf0d5a45bd1,a264f9f6df4fae96803cb1057b5fedc2d14ddccb52b4eb699c12be7c2ccc333e,a264f9f6df4fae96803cb1057b5fedc2d14ddccb52b4eb699c12be7c2ccc333e,1787976782.118246,35366.02,17683069,0,0.9500646591186523,0.7730598449707031,1.579880714416504,0.00133514404296875,-0.00095367431640625,0.00514984130859375,-0.0073261260986328125,0.3101339340209961,-0.0024423599243164062,0.021978378295898438,-0.0073261260986328125,-0.0073261260986328125,-0.0073261260986328125,3.206836700439453,3.083761215209961,-1.0964593887329102,0.017093658447265625,-0.1196584701538086,0.0,3.8030089551166277,3.658405919542798,-1.0003633014853874,0.009375934657758917,-0.0041681654333001975
22,1,train,2,1,0.3490658503988659,0.6896538370056078,3,s,af3726fcacd0ac1320a56ea850b0a2c0f5430cf4eb20a45c078706980f08407e,d24fbe3839599a6a097188bae8cd47ce8083f27deef1341ae3086bf0d5a45bd1,a264f9f6df4fae96803cb1057b5fedc2d14ddccb52b4eb699c12be7c2ccc333e,a264f9f6df4fae96803cb1057b5fedc2d14ddccb52b4eb699c12be7c2ccc333e,1787976782.1201715,35366.022,17683070,0,0.9500646591186523,0.7734413146972656,1.579880714416504,0.00133514404296875,-0.00095367431640625,0.00514984130859375,-0.0073261260986328125,0.28083038330078125,-0.0024423599243164062,0.0073261260986328125,-0.0073261260986328125,-0.0073261260986328125,-0.0073261260986328125,3.3025646209716797,3.0974349975585938,-1.1013431549072266,0.017093658447265625,-0.1196584701538086,0.0,3.7974349616235648,3.661201773326165,-1.000952690616293,0.009372498221185372,-0.004169799525651421
22,1,train,2,1,0.3490658503988659,0.6915909119998105,3,s,af3726fcacd0ac1320a56ea850b0a2c0f5430cf4eb20a45c078706980f08407e,d24fbe3839599a6a097188bae8cd47ce8083f27deef1341ae3086bf0d5a45bd1,a264f9f6df4fae96803cb1057b5fedc2d14ddccb52b4eb699c12be7c2ccc333e,a264f9f6df4fae96803cb1057b5fedc2d14ddccb52b4eb699c12be7c2ccc333e,1787976782.1226604,35366.024,17683071,0,0.9500646591186523,0.7738227844238281,1.579880714416504,0.00133514404296875,-0.00095367431640625,0.00514984130859375,0.0073261260986328125,0.23687458038330078,-0.0024423599243164062,-0.0073261260986328125,-0.0073261260986328125,-0.0073261260986328125,-0.0073261260986328125,3.4393157958984375,3.1111106872558594,-1.106226921081543,0.021978378295898438,-0.1196584701538086,0.0,3.791860415530994,3.663997094334558,-1.0015419340894132,0.009369060420733847,-0.004171433011216958
22,1,train,2,1,0.3490658503988659,0.6940549290011404,3,s,af3726fcacd0ac1320a56ea850b0a2c0f5430cf4eb20a45c078706980f08407e,d24fbe3839599a6a097188bae8cd47ce8083f27deef1341ae3086bf0d5a45bd1,a264f9f6df4fae96803cb1057b5fedc2d14ddccb52b4eb699c12be7c2ccc333e,a264f9f6df4fae96803cb1057b5fedc2d14ddccb52b4eb699c12be7c2ccc333e,1787976782.1245675,35366.026,17683072,0,0.9500646591186523,0.7742042541503906,1.579880714416504,0.00133514404296875,-0.00095367431640625,0.00514984130859375,-0.0073261260986328125,0.1880340576171875,-0.0024423599243164062,-0.021978378295898438,-0.021978378295898438,-0.0073261260986328125,-0.0073261260986328125,3.5213680267333984,3.1111106872558594,-1.1013431549072266,0.021978378295898438,-0.11477375030517578,0.0,3.7862853176501132,3.6667918821612098,-1.0021310318190024,0.00936562125690461,-0.004173065889759111
22,1,train,2,1,0.3490658503988659,0.6959579870017478,3,s,af3726fcacd0ac1320a56ea850b0a2c0f5430cf4eb20a45c078706980f08407e,d24fbe3839599a6a097188bae8cd47ce8083f27deef1341ae3086bf0d5a45bd1,a264f9f6df4fae96803cb1057b5fedc2d14ddccb52b4eb699c12be7c2ccc333e,a264f9f6df4fae96803cb1057b5fedc2d14ddccb52b4eb699c12be7c2ccc333e,1787976782.12647,35366.028,17683073,0,0.9500646591186523,0.7745857238769531,1.579880714416504,0.00133514404296875,-0.00095367431640625,0.00514984130859375,-0.0073261260986328125,0.16849803924560547,-0.0024423599243164062,-0.021978378295898438,-0.0073261260986328125,-0.0073261260986328125,-0.0073261260986328125,3.576068878173828,3.0564098358154297,-1.0964593887329102,0.021978378295898438,-0.11477375030517578,0.0,3.780709668792214,3.669586136399418,-1.0027199837193348,0.009362180730198124,-0.004174698161040257
22,1,train,2,1,0.3490658503988659,0.6978672780023771,3,s,af3726fcacd0ac1320a56ea850b0a2c0f5430cf4eb20a45c078706980f08407e,d24fbe3839599a6a097188bae8cd47ce8083f27deef1341ae3086bf0d5a45bd1,a264f9f6df4fae96803cb1057b5fedc2d14ddccb52b4eb699c12be7c2ccc333e,a264f9f6df4fae96803cb1057b5fedc2d14ddccb52b4eb699c12be7c2ccc333e,1787976782.1283703,35366.03,17683074,0,0.9500646591186523,0.7749671936035156,1.579880714416504,0.00133514404296875,-0.00095367431640625,0.00514984130859375,-0.0073261260986328125,0.15384578704833984,-0.0024423599243164062,-0.03663063049316406,-0.021978378295898438,-0.0073261260986328125,-0.012209892272949219,3.630769729614258,3.042734146118164,-1.086690902709961,0.021978378295898438,-0.11477375030517578,0.0,3.7751334697686514,3.6723798566425723,-1.0033087897047075,0.009358738841115048,-0.004176329824822875
22,1,train,2,1,0.3490658503988659,0.6997623880015453,3,s,af3726fcacd0ac1320a56ea850b0a2c0f5430cf4eb20a45c078706980f08407e,d24fbe3839599a6a097188bae8cd47ce8083f27deef1341ae3086bf0d5a45bd1,a264f9f6df4fae96803cb1057b5fedc2d14ddccb52b4eb699c12be7c2ccc333e,a264f9f6df4fae96803cb1057b5fedc2d14ddccb52b4eb699c12be7c2ccc333e,1787976782.1302736,35366.032,17683075,0,0.9500646591186523,0.7753486633300781,1.579880714416504,0.00095367431640625,-0.00095367431640625,0.00514984130859375,-0.0073261260986328125,0.14896202087402344,-0.0024423599243164062,-0.021978378295898438,-0.021978378295898438,-0.0073261260986328125,-0.012209892272949219,3.6034183502197266,3.0564098358154297,-1.0769233703613281,0.021978378295898438,-0.11477375030517578,0.0,3.7701453813756043,3.674584382499398,-1.0033087897047075,0.009358738841115046,-0.004176329824822874
22,1,train,2,1,0.3490658503988659,0.7016678180007148,3,s,af3726fcacd0ac1320a56ea850b0a2c0f5430cf4eb20a45c078706980f08407e,d24fbe3839599a6a097188bae8cd47ce8083f27deef1341ae3086bf0d5a45bd1,a264f9f6df4fae96803cb1057b5fedc2d14ddccb52b4eb699c12be7c2ccc333e,a264f9f6df4fae96803cb1057b5fedc2d14ddccb52b4eb699c12be7c2ccc333e,1787976782.1321604,35366.034,17683076,0,0.9500646591186523,0.7757301330566406,1.579880714416504,0.00095367431640625,-0.00095367431640625,0.00514984130859375,-0.0073261260986328125,0.15384578704833984,-0.0024423599243164062,-0.05128288269042969,0.0073261260986328125,-0.0073261260986328125,-0.012209892272949219,3.617094039916992,3.0290603637695312,-1.0720386505126953,0.021978378295898438,-0.11477375030517578,0.0,3.76456793836883,3.6773771796191985,-1.003897449689437,0.009355295590156246,-0.004177960880869523
22,1,train,2,1,0.3490658503988659,0.7035549840002204,3,s,af3726fcacd0ac1320a56ea850b0a2c0f5430cf4eb20a45c078706980f08407e,d24fbe3839599a6a097188bae8cd47ce8083f27deef1341ae3086bf0d5a45bd1,a264f9f6df4fae96803cb1057b5fedc2d14ddccb52b4eb699c12be7c2ccc333e,a264f9f6df4fae96803cb1057b5fedc2d14ddccb52b4eb699c12be7c2ccc333e,1787976782.1346369,35366.036,17683077,0,0.9500646591186523,0.7761116027832031,1.579880714416504,0.00095367431640625,-0.00095367431640625,0.00514984130859375,-0.0073261260986328125,0.15384578704833984,-0.0024423599243164062,-0.021978378295898438,-0.0073261260986328125,-0.0073261260986328125,-0.012209892272949219,3.589742660522461,3.0700855255126953,-1.067154884338379,0.021978378295898438,-0.11477375030517578,0.0,3.75898994754533,3.680169441610195,-1.0044859635878625,0.009351850977822781,-0.004179591328942853
22,1,train,2,1,0.3490658503988659,0.7060344670026097,3,s,af3726fcacd0ac1320a56ea850b0a2c0f5430cf4eb20a45c078706980f08407e,d24fbe3839599a6a097188bae8cd47ce8083f27deef1341ae3086bf0d5a45bd1,a264f9f6df4fae96803cb1057b5fedc2d14ddccb52b4eb699c12be7c2ccc333e,a264f9f6df4fae96803cb1057b5fedc2d14ddccb52b4eb699c12be7c2ccc333e,1787976782.136534,35366.038,17683078,0,0.9500646591186523,0.7764930725097656,1.579880714416504,0.00095367431640625,-0.00095367431640625,0.00514984130859375,-0.0073261260986328125,0.17338180541992188,-0.0024423599243164062,-0.021978378295898438,0.0073261260986328125,-0.0073261260986328125,-0.0073261260986328125,3.507692337036133,3.0974349975585938,-1.067154884338379,0.021978378295898438,-0.11477375030517578,0.0,3.753411409716808,3.6829611680660603,-1.0050743313143435,0.009348405004615902,-0.004181221168805604
22,1,train,2,1,0.3490658503988659,0.7079294870054582,3,s,af3726fcacd0ac1320a56ea850b0a2c0f5430cf4eb20a45c078706980f08407e,d24fbe3839599a6a097188bae8cd47ce8083f27deef1341ae3086bf0d5a45bd1,a264f9f6df4fae96803cb1057b5fedc2d14ddccb52b4eb699c12be7c2ccc333e,a264f9f6df4fae96803cb1057b5fedc2d14ddccb52b4eb699c12be7c2ccc333e,1787976782.1384177,35366.04,17683079,0,0.9500646591186523,0.7768745422363281,1.579880714416504,0.00095367431640625,-0.00095367431640625,0.00514984130859375,-0.0073261260986328125,0.20757007598876953,-0.0024423599243164062,-0.0073261260986328125,0.0073261260986328125,-0.0073261260986328125,-0.0073261260986328125,3.452991485595703,3.0974349975585938,-1.0720386505126953,0.021978378295898438,-0.11477375030517578,0.0,3.7478323256950405,3.685752358580547,-1.005662552783262,0.009344957671037067,-0.004182850400220602
22,1,train,2,1,0.3490658503988659,0.7098145440031658,3,s,af3726fcacd0ac1320a56ea850b0a2c0f5430cf4eb20a45c078706980f08407e,d24fbe3839599a6a097188bae8cd47ce8083f27deef1341ae3086bf0d5a45bd1,a264f9f6df4fae96803cb1057b5fedc2d14ddccb52b4eb699c12be7c2ccc333e,a264f9f6df4fae96803cb1057b5fedc2d14ddccb52b4eb699c12be7c2ccc333e,1787976782.140308,35366.042,17683080,0,0.9500646591186523,0.7772560119628906,1.579880714416504,0.00095367431640625,-0.00095367431640625,0.00514984130859375,-0.0073261260986328125,0.2417583465576172,-0.0024423599243164062,-0.0073261260986328125,-0.0073261260986328125,-0.0073261260986328125,-0.0073261260986328125,3.370939254760742,3.1111106872558594,-1.0769233703613281,0.017093658447265625,-0.1196584701538086,0.0,3.742252696291902,3.6885430127474788,-1.00625062790902,0.009341508977587936,-0.004184479022950762
22,1,train,2,1,0.3490658503988659,0.7117240090010455,3,s,af3726fcacd0ac1320a56ea850b0a2c0f5430cf4eb20a45c078706980f08407e,d24fbe3839599a6a097188bae8cd47ce8083f27deef1341ae3086bf0d5a45bd1,a264f9f6df4fae96803cb1057b5fedc2d14ddccb52b4eb699c12be7c2ccc333e,a264f9f6df4fae96803cb1057b5fedc2d14ddccb52b4eb699c12be7c2ccc333e,1787976782.1422467,35366.044,17683081,0,0.9500646591186523,0.7776374816894531,1.579880714416504,0.00095367431640625,-0.00095367431640625,0.00514984130859375,-0.0073261260986328125,0.2612943649291992,-0.0024423599243164062,-0.021978378295898438,-0.0073261260986328125,-0.0073261260986328125,-0.0073261260986328125,3.370939254760742,3.124786376953125,-1.0769233703613281,0.017093658447265625,-0.1196584701538086,0.0,3.7366725223193265,3.691333130160767,-1.0068385566060416,0.009338058924770352,-0.004186107036759091
22,1,train,2,1,0.3490658503988659,0.7136396019996027,3,s,af3726fcacd0ac1320a56ea850b0a2c0f5430cf4eb20a45c078706980f08407e,d24fbe3839599a6a097188bae8cd47ce8083f27deef1341ae3086bf0d5a45bd1,a264f9f6df4fae96803cb1057b5fedc2d14ddccb52b4eb699c12be7c2ccc333e,a264f9f6df4fae96803cb1057b5fedc2d14ddccb52b4eb699c12be7c2ccc333e,1787976782.1447868,35366.045999999995,17683082,0,0.9500646591186523,0.7784004211425781,1.579880714416504,0.00095367431640625,-0.00095367431640625,0.00514984130859375,-0.0073261260986328125,0.2612943649291992,-0.0024423599243164062,-0.021978378295898438,-0.021978378295898438,-0.0073261260986328125,-0.0073261260986328125,3.411966323852539,3.124786376953125,-1.0769233703613281,0.017093658447265625,-0.1196584701538086,0.0,3.725510543914046,3.6969117531024205,-1.0080139743716767,0.009331154743038222,-0.0041893612366627085
22,1,train,2,1,0.3490658503988659,0.7161804850038607,3,s,af3726fcacd0ac1320a56ea850b0a2c0f5430cf4eb20a45c078706980f08407e,d24fbe3839599a6a097188bae8cd47ce8083f27deef1341ae3086bf0d5a45bd1,a264f9f6df4fae96803cb1057b5fedc2d14ddccb52b4eb699c12be7c2ccc333e,a264f9f6df4fae96803cb1057b5fedc2d14ddccb52b4eb699c12be7c2ccc333e,1787976782.146683,35366.047999999995,17683083,0,0.9500646591186523,0.7787818908691406,1.579880714416504,0.00095367431640625,-0.00095367431640625,0.00514984130859375,-0.0073261260986328125,0.25152587890625,-0.0024423599243164062,-0.021978378295898438,0.0073261260986328125,-0.0073261260986328125,-0.0073261260986328125,3.4666671752929688,3.1384620666503906,-1.0769233703613281,0.017093658447265625,-0.1196584701538086,0.0,3.719928741105619,3.69970025781899,-1.0086014632692444,0.009327700615128363,-0.00419098742228445
22,1,train,2,1,0.3490658503988659,0.7180838280037278,3,s,af3726fcacd0ac1320a56ea850b0a2c0f5430cf4eb20a45c078706980f08407e,d24fbe3839599a6a097188bae8cd47ce8083f27deef1341ae3086bf0d5a45bd1,a264f9f6df4fae96803cb1057b5fedc2d14ddccb52b4eb699c12be7c2ccc333e,a264f9f6df4fae96803cb1057b5fedc2d14ddccb52b4eb699c12be7c2ccc333e,1787976782.1486123,35366.049999999996,17683084,0,0.9500646591186523,0.7791633605957031,1.579880714416504,0.00095367431640625,-0.00095367431640625,0.00514984130859375,-0.0073261260986328125,0.23687458038330078,-0.0024423599243164062,-0.021978378295898438,-0.021978378295898438,-0.0073261260986328125,-0.012209892272949219,3.507692337036133,3.1521358489990234,-1.0769233703613281,0.017093658447265625,-0.1196584701538086,0.0,3.7143463969763246,3.70248822415832,-1.0091888053959837,0.009324245129859438,-0.0041926129980372605
22,1,train,2,1,0.3490658503988659,0.7200046060024761,3,s,af3726fcacd0ac1320a56ea850b0a2c0f5430cf4eb20a45c078706980f08407e,d24fbe3839599a6a097188bae8cd47ce8083f27deef1341ae3086bf0d5a45bd1,a264f9f6df4fae96803cb1057b5fedc2d14ddccb52b4eb699c12be7c2ccc333e,a264f9f6df4fae96803cb1057b5fedc2d14ddccb52b4eb699c12be7c2ccc333e,1787976782.1505184,35366.051999999996,17683085,0,0.9500646591186523,0.7795448303222656,1.579880714416504,0.00095367431640625,-0.00095367431640625,0.00514984130859375,-0.0073261260986328125,0.21245384216308594,-0.0024423599243164062,-0.0073261260986328125,-0.021978378295898438,-0.0073261260986328125,-0.0073261260986328125,3.6034183502197266,3.124786376953125,-1.0769233703613281,0.017093658447265625,-0.1196584701538086,0.0,3.708763512338494,3.705275651714711,-1.0097760006664254,0.009320788287734284,-0.004194237963684592
22,1,train,2,1,0.3490658503988659,0.7219134379993193,3,s,af3726fcacd0ac1320a56ea850b0a2c0f5430cf4eb20a45c078706980f08407e,d24fbe3839599a6a097188bae8cd47ce8083f27deef1341ae3086bf0d5a45bd1,a264f9f6df4fae96803cb1057b5fedc2d14ddccb52b4eb699c12be7c2ccc333e,a264f9f6df4fae96803cb1057b5fedc2d14ddccb52b4eb699c12be7c2ccc333e,1787976782.1524272,35366.054,17683086,0,0.9500646591186523,0.7799263000488281,1.579880714416504,0.00095367431640625,-0.00095367431640625,0.00514984130859375,-0.0073261260986328125,0.16849803924560547,-0.0024423599243164062,-0.021978378295898438,-0.021978378295898438,-0.0073261260986328125,-0.012209892272949219,3.6991443634033203,3.1384620666503906,-1.0769233703613281,0.021978378295898438,-0.1196584701538086,0.0,3.703180088004553,3.7080625400825338,-1.0103630489951216,0.009317330089255935,-0.004195862318989975
22,1,train,2,1,0.3490658503988659,0.723818864003988,3,s,af3726fcacd0ac1320a56ea850b0a2c0f5430cf4eb20a45c078706980f08407e,d24fbe3839599a6a097188bae8cd47ce8083f27deef1341ae3086bf0d5a45bd1,a264f9f6df4fae96803cb1057b5fedc2d14ddccb52b4eb699c12be7c2ccc333e,a264f9f6df4fae96803cb1057b5fedc2d14ddccb52b4eb699c12be7c2ccc333e,1787976782.1543086,35366.056,17683087,0,0.9500646591186523,0.7799263000488281,1.579880714416504,0.00095367431640625,-0.00095367431640625,0.00514984130859375,-0.0073261260986328125,0.14407825469970703,-0.0024423599243164062,-0.0073261260986328125,-0.03663063049316406,-0.0073261260986328125,-0.012209892272949219,3.8222217559814453,3.1521358489990234,-1.0818071365356445,0.021978378295898438,-0.1196584701538086,0.0,3.703180088004553,3.7080625400825338,-1.0103630489951216,0.009317330089255935,-0.004195862318989975
22,1,train,2,1,0.3490658503988659,0.7256993810005952,3,s,af3726fcacd0ac1320a56ea850b0a2c0f5430cf4eb20a45c078706980f08407e,d24fbe3839599a6a097188bae8cd47ce8083f27deef1341ae3086bf0d5a45bd1,a264f9f6df4fae96803cb1057b5fedc2d14ddccb52b4eb699c12be7c2ccc333e,a264f9f6df4fae96803cb1057b5fedc2d14ddccb52b4eb699c12be7c2ccc333e,1787976782.1566985,35366.058,17683088,0,0.9500646591186523,0.7803077697753906,1.579880714416504,0.00095367431640625,-0.00095367431640625,0.00514984130859375,-0.021978378295898438,0.11477375030517578,-0.0024423599243164062,-0.0073261260986328125,-0.0073261260986328125,-0.0073261260986328125,-0.0073261260986328125,3.9042739868164062,3.1521358489990234,-1.0818071365356445,0.021978378295898438,-0.1196584701538086,0.0,3.6975961247869877,3.7108488888562485,-1.0109499502966452,0.009313870534927625,-0.004197486063717041
22,1,train,2,1,0.3490658503988659,0.7280927120009437,3,s,af3726fcacd0ac1320a56ea850b0a2c0f5430cf4eb20a45c078706980f08407e,d24fbe3839599a6a097188bae8cd47ce8083f27deef1341ae3086bf0d5a45bd1,a264f9f6df4fae96803cb1057b5fedc2d14ddccb52b4eb699c12be7c2ccc333e,a264f9f6df4fae96803cb1057b5fedc2d14ddccb52b4eb699c12be7c2ccc333e,1787976782.158599,35366.06,17683089,0,0.9500646591186523,0.7806892395019531,1.579880714416504,0.00095367431640625,-0.00095367431640625,0.00514984130859375,-0.0073261260986328125,0.10012245178222656,-0.0024423599243164062,-0.0073261260986328125,-0.0073261260986328125,-0.0073261260986328125,-0.012209892272949219,3.8905982971191406,3.165811538696289,-1.0818071365356445,0.026862144470214844,-0.1196584701538086,0.0,3.692011623498375,3.7136346976303836,-1.0115367044855903,0.00931040962525279,-0.004199109197629497
22,1,train,2,1,0.3490658503988659,0.7299876100005349,3,s,af3726fcacd0ac1320a56ea850b0a2c0f5430cf4eb20a45c078706980f08407e,d24fbe3839599a6a097188bae8cd47ce8083f27deef1341ae3086bf0d5a45bd1,a264f9f6df4fae96803cb1057b5fedc2d14ddccb52b4eb699c12be7c2ccc333e,a264f9f6df4fae96803cb1057b5fedc2d14ddccb52b4eb699c12be7c2ccc333e,1787976782.1604867,35366.062,17683090,0,0.9500646591186523,0.7806892395019531,1.579880714416504,0.00095367431640625,-0.00095367431640625,0.00514984130859375,-0.0073261260986328125,0.10500621795654297,-0.0024423599243164062,-0.0073261260986328125,0.0073261260986328125,-0.0073261260986328125,-0.0073261260986328125,3.835897445678711,3.165811538696289,-1.086690902709961,0.021978378295898438,-0.1196584701538086,0.0,3.692011623498375,3.7136346976303836,-1.0115367044855903,0.00931040962525279,-0.004199109197629497
22,1,train,2,1,0.3490658503988659,0.7319011030049296,3,s,af3726fcacd0ac1320a56ea850b0a2c0f5430cf4eb20a45c078706980f08407e,d24fbe3839599a6a097188bae8cd47ce8083f27deef1341ae3086bf0d5a45bd1,a264f9f6df4fae96803cb1057b5fedc2d14ddccb52b4eb699c12be7c2ccc333e,a264f9f6df4fae96803cb1057b5fedc2d14ddccb52b4eb699c12be7c2ccc333e,1787976782.1624072,35366.064,17683091,0,0.9500646591186523,0.7810707092285156,1.579880714416504,0.00095367431640625,-0.00095367431640625,0.00514984130859375,-0.021978378295898438,0.1196584701538086,-0.0024423599243164062,-0.021978378295898438,0.0073261260986328125,-0.0073261260986328125,-0.0073261260986328125,3.8632469177246094,3.1111106872558594,-1.086690902709961,0.021978378295898438,-0.1196584701538086,0.0,3.686426584951369,3.7164199659995525,-1.0121233114765738,0.009306947360735052,-0.004200731720491152
22,1,train,2,1,0.3490658503988659,0.7338006420031888,3,s,af3726fcacd0ac1320a56ea850b0a2c0f5430cf4eb20a45c078706980f08407e,d24fbe3839599a6a097188bae8cd47ce8083f27deef1341ae3086bf0d5a45bd1,a264f9f6df4fae96803cb1057b5fedc2d14ddccb52b4eb699c12be7c2ccc333e,a264f9f6df4fae96803cb1057b5fedc2d14ddccb52b4eb699c12be7c2ccc333e,1787976782.1643057,35366.066,17683092,0,0.9500646591186523,0.7814531326293945,1.579880714416504,0.00095367431640625,-0.00095367431640625,0.00514984130859375,-0.0073261260986328125,0.11477375030517578,-0.0024423599243164062,-0.021978378295898438,-0.021978378295898438,-0.0073261260986328125,-0.0073261260986328125,3.8905982971191406,3.124786376953125,-1.086690902709961,0.017093658447265625,-0.1196584701538086,0.0,3.6808270453496608,3.7192116546993006,-1.0127112371488665,0.009303475081134362,-0.004202357686078616
22,1,train,2,1,0.3490658503988659,0.7357002339995233,3,s,af3726fcacd0ac1320a56ea850b0a2c0f5430cf4eb20a45c078706980f08407e,d24fbe3839599a6a097188bae8cd47ce8083f27deef1341ae3086bf0d5a45bd1,a264f9f6df4fae96803cb1057b5fedc2d14ddccb52b4eb699c12be7c2ccc333e,a264f9f6df4fae96803cb1057b5fedc2d14ddccb52b4eb699c12be7c2ccc333e,1787976782.1662376,35366.068,17683093,0,0.9500646591186523,0.7814531326293945,1.579880714416504,0.00095367431640625,-0.00095367431640625,0.00514984130859375,-0.0073261260986328125,0.11477375030517578,-0.0024423599243164062,0.0073261260986328125,0.021978378295898438,-0.0073261260986328125,-0.0073261260986328125,3.8632469177246094,3.1384620666503906,-1.086690902709961,0.017093658447265625,-0.1196584701538086,0.0,3.6808270453496608,3.7192116546993006,-1.0127112371488665,0.009303475081134362,-0.004202357686078616
22,1,train,2,1,0.3490658503988659,0.7376328760001343,3,s,af3726fcacd0ac1320a56ea850b0a2c0f5430cf4eb20a45c078706980f08407e,d24fbe3839599a6a097188bae8cd47ce8083f27deef1341ae3086bf0d5a45bd1,a264f9f6df4fae96803cb1057b5fedc2d14ddccb52b4eb699c12be7c2ccc333e,a264f9f6df4fae96803cb1057b5fedc2d14ddccb52b4eb699c12be7c2ccc333e,1787976782.1687293,35366.07,17683094,0,0.9500646591186523,0.781834602355957,1.579880714416504,0.00095367431640625,-0.00095367431640625,0.00514984130859375,-0.021978378295898438,0.1343097686767578,-0.0024423599243164062,-0.021978378295898438,0.0073261260986328125,-0.0073261260986328125,-0.0073261260986328125,3.8222217559814453,3.1521358489990234,-1.0915746688842773,0.017093658447265625,-0.1196584701538086,0.0,3.675240933386071,3.7219958396891375,-1.0132975491193306,0.009300010105058548,-0.004203978984601324
22,1,train,2,1,0.3490658503988659,0.7401288500041119,3,s,af3726fcacd0ac1320a56ea850b0a2c0f5430cf4eb20a45c078706980f08407e,d24fbe3839599a6a097188bae8cd47ce8083f27deef1341ae3086bf0d5a45bd1,a264f9f6df4fae96803cb1057b5fedc2d14ddccb52b4eb699c12be7c2ccc333e,a264f9f6df4fae96803cb1057b5fedc2d14ddccb52b4eb699c12be7c2ccc333e,1787976782.170653,35366.072,17683095,0,0.9500646591186523,0.7822160720825195,1.579880714416504,0.00095367431640625,-0.00095367431640625,0.00514984130859375,-0.0073261260986328125,0.15384578704833984,-0.0024423599243164062,-0.0073261260986328125,-0.0073261260986328125,-0.0073261260986328125,-0.0073261260986328125,3.8222217559814453,3.1384620666503906,-1.086690902709961,0.012209892272949219,-0.124542236328125,0.0,3.669654286604541,3.7247794830573033,-1.013883713635597,0.009296543775653162,-0.004205599671364582
22,1,train,2,1,0.3490658503988659,0.7420497260027332,3,s,af3726fcacd0ac1320a56ea850b0a2c0f5430cf4eb20a45c078706980f08407e,d24fbe3839599a6a097188bae8cd47ce8083f27deef1341ae3086bf0d5a45bd1,a264f9f6df4fae96803cb1057b5fedc2d14ddccb52b4eb699c12be7c2ccc333e,a264f9f6df4fae96803cb1057b5fedc2d14ddccb52b4eb699c12be7c2ccc333e,1787976782.1725893,35366.074,17683096,0,0.9500646591186523,0.782597541809082,1.579880714416504,0.00095367431640625,-0.00095367431640625,0.00514984130859375,-0.0073261260986328125,0.16849803924560547,-0.0024423599243164062,0.0073261260986328125,-0.021978378295898438,-0.0073261260986328125,-0.0073261260986328125,3.75384521484375,3.124786376953125,-1.0915746688842773,0.012209892272949219,-0.124542236328125,0.0,3.664067105818035,3.7275625843987235,-1.0144697306123664,0.009293076093422618,-0.004207219746132551
22,1,train,2,1,0.3490658503988659,0.7439866130007431,3,s,af3726fcacd0ac1320a56ea850b0a2c0f5430cf4eb20a45c078706980f08407e,d24fbe3839599a6a097188bae8cd47ce8083f27deef1341ae3086bf0d5a45bd1,a264f9f6df4fae96803cb1057b5fedc2d14ddccb52b4eb699c12be7c2ccc333e,a264f9f6df4fae96803cb1057b5fedc2d14ddccb52b4eb699c12be7c2ccc333e,1787976782.174492,35366.076,17683097,0,0.9500646591186523,0.7829790115356445,1.579880714416504,0.00095367431640625,-0.00095367431640625,0.00514984130859375,-0.0073261260986328125,0.1929178237915039,-0.0024423599243164062,-0.0073261260986328125,-0.0073261260986328125,-0.0073261260986328125,-0.0073261260986328125,3.6854705810546875,3.1111106872558594,-1.0915746688842773,0.012209892272949219,-0.124542236328125,0.0,3.658479391839596,3.730345143308402,-1.015055599964363,0.00928960705887154,-0.004208839208669474
22,1,train,2,1,0.3490658503988659,0.7458860320039093,3,s,af3726fcacd0ac1320a56ea850b0a2c0f5430cf4eb20a45c078706980f08407e,d24fbe3839599a6a097188bae8cd47ce8083f27deef1341ae3086bf0d5a45bd1,a264f9f6df4fae96803cb1057b5fedc2d14ddccb52b4eb699c12be7c2ccc333e,a264f9f6df4fae96803cb1057b5fedc2d14ddccb52b4eb699c12be7c2ccc333e,1787976782.1763868,35366.078,17683098,0,0.9500646591186523,0.783360481262207,1.579880714416504,0.00095367431640625,-0.00095367431640625,0.00514984130859375,-0.0073261260986328125,0.20757007598876953,-0.0024423599243164062,-0.0073261260986328125,-0.0073261260986328125,-0.0073261260986328125,-0.012209892272949219,3.671794891357422,3.0974349975585938,-1.0964593887329102,0.017093658447265625,-0.124542236328125,0.0,3.6528911454823447,3.7331271593814233,-1.01564132160633,0.009286136672504733,-0.0042104580587396905
22,1,train,2,1,0.3490658503988659,0.747779311001068,3,s,af3726fcacd0ac1320a56ea850b0a2c0f5430cf4eb20a45c078706980f08407e,d24fbe3839599a6a097188bae8cd47ce8083f27deef1341ae3086bf0d5a45bd1,a264f9f6df4fae96803cb1057b5fedc2d14ddccb52b4eb699c12be7c2ccc333e,a264f9f6df4fae96803cb1057b5fedc2d14ddccb52b4eb699c12be7c2ccc333e,1787976782.1782951,35366.08,17683099,0,0.9500646591186523,0.7837419509887695,1.579880714416504,0.00095367431640625,-0.00095367431640625,0.00514984130859375,-0.0073261260986328125,0.22222232818603516,-0.0024423599243164062,0.0073261260986328125,-0.0073261260986328125,-0.0073261260986328125,-0.012209892272949219,3.6581192016601562,3.124786376953125,-1.1013431549072266,0.017093658447265625,-0.124542236328125,0.0,3.647302367559478,3.7359086322129524,-1.0162268954530351,0.009282664934827205,-0.0042120762961076275
22,1,train,2,1,0.3490658503988659,0.7496867070003645,3,s,af3726fcacd0ac1320a56ea850b0a2c0f5430cf4eb20a45c078706980f08407e,d24fbe3839599a6a097188bae8cd47ce8083f27deef1341ae3086bf0d5a45bd1,a264f9f6df4fae96803cb1057b5fedc2d14ddccb52b4eb699c12be7c2ccc333e,a264f9f6df4fae96803cb1057b5fedc2d14ddccb52b4eb699c12be7c2ccc333e,1787976782.1801972,35366.081999999995,17683100,0,0.9500646591186523,0.784123420715332,1.579880714416504,0.00095367431640625,-0.00095367431640625,0.00514984130859375,-0.0073261260986328125,0.22710609436035156,-0.0024423599243164062,-0.0073261260986328125,-0.03663063049316406,-0.0073261260986328125,-0.012209892272949219,3.6991443634033203,3.0974349975585938,-1.106226921081543,0.021978378295898438,-0.124542236328125,0.0,3.641713058884267,3.7386895613982314,-1.0168123214192657,0.009279191846344164,-0.0042136939205378
22,1,train,2,1,0.3490658503988659,0.7516085660026874,3,s,af3726fcacd0ac1320a56ea850b0a2c0f5430cf4eb20a45c078706980f08407e,d24fbe3839599a6a097188bae8cd47ce8083f27deef1341ae3086bf0d5a45bd1,a264f9f6df4fae96803cb1057b5fedc2d14ddccb52b4eb699c12be7c2ccc333e,a264f9f6df4fae96803cb1057b5fedc2d14ddccb52b4eb699c12be7c2ccc333e,1787976782.1826684,35366.083999999995,17683101,0,0.9500646591186523,0.784886360168457,1.579880714416504,0.00095367431640625,-0.00095367431640625,0.00514984130859375,0.0073261260986328125,0.22222232818603516,-0.0024423599243164062,0.0073261260986328125,-0.0073261260986328125,-0.0073261260986328125,-0.012209892272949219,3.712820053100586,3.124786376953125,-1.1111106872558594,0.021978378295898438,-0.1196584701538086,0.0,3.630532852530307,3.7442497872114,-1.0179827293695614,0.00927224161898333,-0.004216927329643358
22,1,train,2,1,0.3490658503988659,0.7540624770044815,3,s,af3726fcacd0ac1320a56ea850b0a2c0f5430cf4eb20a45c078706980f08407e,d24fbe3839599a6a097188bae8cd47ce8083f27deef1341ae3086bf0d5a45bd1,a264f9f6df4fae96803cb1057b5fedc2d14ddccb52b4eb699c12be7c2ccc333e,a264f9f6df4fae96803cb1057b5fedc2d14ddccb52b4eb699c12be7c2ccc333e,1787976782.184586,35366.085999999996,17683102,0,0.9500646591186523,0.7852678298950195,1.579880714416504,0.00095367431640625,-0.00095367431640625,0.00514984130859375,-0.0073261260986328125,0.21733856201171875,-0.0024423599243164062,-0.021978378295898438,-0.0073261260986328125,-0.0073261260986328125,-0.0073261260986328125,3.75384521484375,3.1521358489990234,-1.106226921081543,0.021978378295898438,-0.1196584701538086,0.0,3.624941956478486,3.7470290830301733,-1.0185677111833102,0.00926876448111693,-0.0042185431138482225
22,1,train,2,1,0.3490658503988659,0.7559821390022989,3,s,af3726fcacd0ac1320a56ea850b0a2c0f5430cf4eb20a45c078706980f08407e,d24fbe3839599a6a097188bae8cd47ce8083f27deef1341ae3086bf0d5a45bd1,a264f9f6df4fae96803cb1057b5fedc2d14ddccb52b4eb699c12be7c2ccc333e,a264f9f6df4fae96803cb1057b5fedc2d14ddccb52b4eb699c12be7c2ccc333e,1787976782.1864786,35366.087999999996,17683103,0,0.9500646591186523,0.785649299621582,1.579880714416504,0.00095367431640625,-0.00095367431640625,0.00514984130859375,-0.0073261260986328125,0.1929178237915039,-0.0024423599243164062,0.0073261260986328125,-0.021978378295898438,-0.0073261260986328125,-0.0073261260986328125,3.8085460662841797,3.1794872283935547,-1.106226921081543,0.021978378295898438,-0.1196584701538086,0.0,3.6193505329281908,3.7498078335844593,-1.0191525447759517,0.009265285994467794,-0.004220158284174277
22,1,train,2,1,0.3490658503988659,0.7579178849991877,3,s,af3726fcacd0ac1320a56ea850b0a2c0f5430cf4eb20a45c078706980f08407e,d24fbe3839599a6a097188bae8cd47ce8083f27deef1341ae3086bf0d5a45bd1,a264f9f6df4fae96803cb1057b5fedc2d14ddccb52b4eb699c12be7c2ccc333e,a264f9f6df4fae96803cb1057b5fedc2d14ddccb52b4eb699c12be7c2ccc333e,1787976782.1884294,35366.09,17683104,0,0.9500646591186523,0.785649299621582,1.579880714416504,0.00095367431640625,-0.00095367431640625,0.00514984130859375,0.0073261260986328125,0.1929178237915039,-0.0024423599243164062,-0.021978378295898438,-0.0073261260986328125,-0.0073261260986328125,-0.0073261260986328125,3.8632469177246094,3.1521358489990234,-1.106226921081543,0.021978378295898438,-0.1196584701538086,0.0,3.6193505329281908,3.7498078335844593,-1.0191525447759517,0.009265285994467794,-0.004220158284174277
22,1,train,2,1,0.3490658503988659,0.7598231049996684,3,s,af3726fcacd0ac1320a56ea850b0a2c0f5430cf4eb20a45c078706980f08407e,d24fbe3839599a6a097188bae8cd47ce8083f27deef1341ae3086bf0d5a45bd1,a264f9f6df4fae96803cb1057b5fedc2d14ddccb52b4eb699c12be7c2ccc333e,a264f9f6df4fae96803cb1057b5fedc2d14ddccb52b4eb699c12be7c2ccc333e,1787976782.1902986,35366.092,17683105,0,0.9500646591186523,0.7860307693481445,1.579880714416504,0.00095367431640625,-0.00095367431640625,0.00514984130859375,-0.0073261260986328125,0.1782665252685547,-0.0024423599243164062,-0.021978378295898438,0.0073261260986328125,-0.0073261260986328125,-0.0073261260986328125,3.9452991485595703,3.1111106872558594,-1.1013431549072266,0.021978378295898438,-0.1196584701538086,0.0,3.6137585826930834,3.7525860384698904,-1.0197372300623793,0.009261806159542117,-0.00422177284038648
22,1,train,2,1,0.3490658503988659,0.7616860199996154,3,s,af3726fcacd0ac1320a56ea850b0a2c0f5430cf4eb20a45c078706980f08407e,d24fbe3839599a6a097188bae8cd47ce8083f27deef1341ae3086bf0d5a45bd1,a264f9f6df4fae96803cb1057b5fedc2d14ddccb52b4eb699c12be7c2ccc333e,a264f9f6df4fae96803cb1057b5fedc2d14ddccb52b4eb699c12be7c2ccc333e,1787976782.19219,35366.094,17683106,0,0.9500646591186523,0.786412239074707,1.579880714416504,0.00095367431640625,-0.00095367431640625,0.00514984130859375,-0.0073261260986328125,0.16361427307128906,-0.0024423599243164062,-0.021978378295898438,-0.0073261260986328125,-0.0073261260986328125,-0.0073261260986328125,4.0,3.1111106872558594,-1.0915746688842773,0.021978378295898438,-0.1196584701538086,0.0,3.6081661065868937,3.755363697282192,-1.0203217669575122,0.009258324976846269,-0.004223386782249888
22,1,train,2,1,0.3490658503988659,0.7635825840043253,3,s,af3726fcacd0ac1320a56ea850b0a2c0f5430cf4eb20a45c078706980f08407e,d24fbe3839599a6a097188bae8cd47ce8083f27deef1341ae3086bf0d5a45bd1,a264f9f6df4fae96803cb1057b5fedc2d14ddccb52b4eb699c12be7c2ccc333e,a264f9f6df4fae96803cb1057b5fedc2d14ddccb52b4eb699c12be7c2ccc333e,1787976782.1946435,35366.096,17683107,0,0.9500646591186523,0.7867937088012695,1.579880714416504,0.00095367431640625,-0.00095367431640625,0.00514984130859375,-0.0073261260986328125,0.14407825469970703,-0.0024423599243164062,-0.03663063049316406,0.0073261260986328125,-0.0073261260986328125,-0.0073261260986328125,4.109401702880859,3.1521358489990234,-1.0915746688842773,0.021978378295898438,-0.1196584701538086,0.0,3.6025731054234402,3.7581408096171565,-1.020906155376288,0.009254842446886836,-0.004225000109529638
22,1,train,2,1,0.3490658503988659,0.7660354450054001,3,s,af3726fcacd0ac1320a56ea850b0a2c0f5430cf4eb20a45c078706980f08407e,d24fbe3839599a6a097188bae8cd47ce8083f27deef1341ae3086bf0d5a45bd1,a264f9f6df4fae96803cb1057b5fedc2d14ddccb52b4eb699c12be7c2ccc333e,a264f9f6df4fae96803cb1057b5fedc2d14ddccb52b4eb699c12be7c2ccc333e,1787976782.1965373,35366.098,17683108,0,0.9500646591186523,0.7867937088012695,1.579880714416504,0.00095367431640625,-0.00095367431640625,0.00514984130859375,-0.0073261260986328125,0.10988998413085938,-0.0024423599243164062,-0.021978378295898438,0.0073261260986328125,-0.0073261260986328125,-0.0073261260986328125,4.205127716064453,3.165811538696289,-1.086690902709961,0.017093658447265625,-0.11477375030517578,0.0,3.6025731054234402,3.7581408096171565,-1.020906155376288,0.009254842446886836,-0.004225000109529638
22,1,train,2,1,0.3490658503988659,0.7679274850015645,3,s,af3726fcacd0ac1320a56ea850b0a2c0f5430cf4eb20a45c078706980f08407e,d24fbe3839599a6a097188bae8cd47ce8083f27deef1341ae3086bf0d5a45bd1,a264f9f6df4fae96803cb1057b5fedc2d14ddccb52b4eb699c12be7c2ccc333e,a264f9f6df4fae96803cb1057b5fedc2d14ddccb52b4eb699c12be7c2ccc333e,1787976782.1984134,35366.1,17683109,0,0.9500646591186523,0.787175178527832,1.579880714416504,0.00095367431640625,-0.00095367431640625,0.00514984130859375,-0.0073261260986328125,0.08547019958496094,-0.0024423599243164062,-0.03663063049316406,-0.0073261260986328125,-0.0073261260986328125,-0.0073261260986328125,4.232479095458984,3.124786376953125,-1.0769233703613281,0.017093658447265625,-0.1196584701538086,0.0,3.596979580016608,3.760917375070664,-1.0214903952336676,0.009251358570170596,-0.0042266128219909625
22,1,train,2,1,0.3490658503988659,0.7698049419996096,3,s,af3726fcacd0ac1320a56ea850b0a2c0f5430cf4eb20a45c078706980f08407e,d24fbe3839599a6a097188bae8cd47ce8083f27deef1341ae3086bf0d5a45bd1,a264f9f6df4fae96803cb1057b5fedc2d14ddccb52b4eb699c12be7c2ccc333e,a264f9f6df4fae96803cb1057b5fedc2d14ddccb52b4eb699c12be7c2ccc333e,1787976782.2003028,35366.102,17683110,0,0.9500646591186523,0.787175178527832,1.579880714416504,0.00057220458984375,-0.00095367431640625,0.00514984130859375,-0.0073261260986328125,0.09035396575927734,-0.0024423599243164062,-0.03663063049316406,-0.0073261260986328125,-0.0073261260986328125,-0.0073261260986328125,4.218803405761719,3.1384620666503906,-1.0720386505126953,0.017093658447265625,-0.1196584701538086,0.0,3.597563819873989,3.7603331352132843,-1.0209061553762877,0.00925484244688684,-0.004225000109529638
22,1,train,2,1,0.3490658503988659,0.7717176360019948,3,s,af3726fcacd0ac1320a56ea850b0a2c0f5430cf4eb20a45c078706980f08407e,d24fbe3839599a6a097188bae8cd47ce8083f27deef1341ae3086bf0d5a45bd1,a264f9f6df4fae96803cb1057b5fedc2d14ddccb52b4eb699c12be7c2ccc333e,a264f9f6df4fae96803cb1057b5fedc2d14ddccb52b4eb699c12be7c2ccc333e,1787976782.2022364,35366.104,17683111,0,0.9500646591186523,0.7875566482543945,1.579880714416504,0.00057220458984375,-0.00095367431640625,0.00514984130859375,-0.0073261260986328125,0.10500621795654297,-0.0024423599243164062,-0.0659332275390625,0.0073261260986328125,-0.0073261260986328125,-0.0073261260986328125,4.232479095458984,3.1111106872558594,-1.067154884338379,0.017093658447265625,-0.1196584701538086,0.0,3.591969622391326,3.763109302027706,-1.0214903952336678,0.009251358570170594,-0.004226612821990963
22,1,train,2,1,0.3490658503988659,0.773629086004803,3,s,af3726fcacd0ac1320a56ea850b0a2c0f5430cf4eb20a45c078706980f08407e,d24fbe3839599a6a097188bae8cd47ce8083f27deef1341ae3086bf0d5a45bd1,a264f9f6df4fae96803cb1057b5fedc2d14ddccb52b4eb699c12be7c2ccc333e,a264f9f6df4fae96803cb1057b5fedc2d14ddccb52b4eb699c12be7c2ccc333e,1787976782.204711,35366.106,17683112,0,0.9500646591186523,0.787938117980957,1.579880714416504,0.00019073486328125,-0.00095367431640625,0.00514984130859375,-0.0073261260986328125,0.10988998413085938,-0.0024423599243164062,-0.0659332275390625,-0.0073261260986328125,-0.0073261260986328125,-0.0073261260986328125,4.273506164550781,3.1521358489990234,-1.0525026321411133,0.017093658447265625,-0.1196584701538086,0.0,3.5869589934192634,3.7653008300266917,-1.0214903952336676,0.009251358570170596,-0.0042266128219909625
22,1,train,2,1,0.3490658503988659,0.7761057530005928,3,s,af3726fcacd0ac1320a56ea850b0a2c0f5430cf4eb20a45c078706980f08407e,d24fbe3839599a6a097188bae8cd47ce8083f27deef1341ae3086bf0d5a45bd1,a264f9f6df4fae96803cb1057b5fedc2d14ddccb52b4eb699c12be7c2ccc333e,a264f9f6df4fae96803cb1057b5fedc2d14ddccb52b4eb699c12be7c2ccc333e,1787976782.206605,35366.108,17683113,0,0.9500646591186523,0.787938117980957,1.579880714416504,0.00019073486328125,-0.00095367431640625,0.00514984130859375,-0.0073261260986328125,0.11477375030517578,-0.0024423599243164062,-0.03663063049316406,-0.021978378295898438,-0.0073261260986328125,-0.0073261260986328125,4.259830474853516,3.165811538696289,-1.0427350997924805,0.017093658447265625,-0.1196584701538086,0.0,3.5869589934192634,3.7653008300266917,-1.0214903952336676,0.009251358570170596,-0.0042266128219909625
22,1,train,2,1,0.3490658503988659,0.7779933510028059,3,s,af3726fcacd0ac1320a56ea850b0a2c0f5430cf4eb20a45c078706980f08407e,d24fbe3839599a6a097188bae8cd47ce8083f27deef1341ae3086bf0d5a45bd1,a264f9f6df4fae96803cb1057b5fedc2d14ddccb52b4eb699c12be7c2ccc333e,a264f9f6df4fae96803cb1057b5fedc2d14ddccb52b4eb699c12be7c2ccc333e,1787976782.2084866,35366.11,17683114,0,0.9500646591186523,0.7883195877075195,1.579880714416504,0.00019073486328125,-0.00095367431640625,0.00514984130859375,-0.0073261260986328125,0.1294260025024414,-0.0024423599243164062,-0.05128288269042969,0.0073261260986328125,-0.0073261260986328125,-0.0073261260986328125,4.1914520263671875,3.1931629180908203,-1.037851333618164,0.017093658447265625,-0.1196584701538086,0.0,3.5813636026185964,3.7680760499596793,-1.022074486444632,0.009247873347204512,-0.004228224919399179
22,1,train,2,1,0.3490658503988659,0.7798815240021213,3,s,af3726fcacd0ac1320a56ea850b0a2c0f5430cf4eb20a45c078706980f08407e,d24fbe3839599a6a097188bae8cd47ce8083f27deef1341ae3086bf0d5a45bd1,a264f9f6df4fae96803cb1057b5fedc2d14ddccb52b4eb699c12be7c2ccc333e,a264f9f6df4fae96803cb1057b5fedc2d14ddccb52b4eb699c12be7c2ccc333e,1787976782.210381,35366.112,17683115,0,0.9500646591186523,0.788701057434082,1.579880714416504,0.00019073486328125,-0.00095367431640625,0.00514984130859375,-0.0073261260986328125,0.14407825469970703,-0.0024423599243164062,-0.021978378295898438,-0.0073261260986328125,-0.0073261260986328125,-0.0073261260986328125,4.205127716064453,3.1931629180908203,-1.037851333618164,0.017093658447265625,-0.1196584701538086,0.0,3.5757676906609395,3.7708507215654405,-1.0226584289241858,0.009244386778495758,-0.004229836401519697
22,1,train,2,1,0.3490658503988659,0.7817711570023675,3,s,af3726fcacd0ac1320a56ea850b0a2c0f5430cf4eb20a45c078706980f08407e,d24fbe3839599a6a097188bae8cd47ce8083f27deef1341ae3086bf0d5a45bd1,a264f9f6df4fae96803cb1057b5fedc2d14ddccb52b4eb699c12be7c2ccc333e,a264f9f6df4fae96803cb1057b5fedc2d14ddccb52b4eb699c12be7c2ccc333e,1787976782.2123456,35366.114,17683116,0,0.9500646591186523,0.788701057434082,1.579880714416504,0.00019073486328125,-0.00095367431640625,0.00514984130859375,-0.0073261260986328125,0.13919448852539062,-0.0024423599243164062,-0.021978378295898438,-0.0073261260986328125,-0.0073261260986328125,-0.0073261260986328125,4.205127716064453,3.1794872283935547,-1.0329666137695312,0.017093658447265625,-0.1196584701538086,0.0,3.5757676906609395,3.7708507215654405,-1.0226584289241858,0.009244386778495758,-0.004229836401519697
22,1,train,2,1,0.3490658503988659,0.7837525750001078,3,s,af3726fcacd0ac1320a56ea850b0a2c0f5430cf4eb20a45c078706980f08407e,d24fbe3839599a6a097188bae8cd47ce8083f27deef1341ae3086bf0d5a45bd1,a264f9f6df4fae96803cb1057b5fedc2d14ddccb52b4eb699c12be7c2ccc333e,a264f9f6df4fae96803cb1057b5fedc2d14ddccb52b4eb699c12be7c2ccc333e,1787976782.214273,35366.116,17683117,0,0.9500646591186523,0.7890825271606445,1.579880714416504,0.00057220458984375,-0.00095367431640625,0.00514984130859375,-0.0073261260986328125,0.14407825469970703,-0.0024423599243164062,-0.0073261260986328125,-0.0073261260986328125,-0.0073261260986328125,-0.0073261260986328125,4.164104461669922,3.1384620666503906,-1.037851333618164,0.017093658447265625,-0.1196584701538086,0.0,3.5695876135987747,3.774208489202037,-1.0238258673491827,0.00923740960587987,-0.00423305751895972
22,1,train,2,1,0.3490658503988659,0.785672849000548,3,s,af3726fcacd0ac1320a56ea850b0a2c0f5430cf4eb20a45c078706980f08407e,d24fbe3839599a6a097188bae8cd47ce8083f27deef1341ae3086bf0d5a45bd1,a264f9f6df4fae96803cb1057b5fedc2d14ddccb52b4eb699c12be7c2ccc333e,a264f9f6df4fae96803cb1057b5fedc2d14ddccb52b4eb699c12be7c2ccc333e,1787976782.2162225,35366.117999999995,17683118,0,0.9500646591186523,0.789463996887207,1.579880714416504,0.00019073486328125,-0.00095367431640625,0.00514984130859375,-0.0073261260986328125,0.16849803924560547,-0.0024423599243164062,-0.021978378295898438,-0.021978378295898438,-0.0073261260986328125,-0.0073261260986328125,4.150428771972656,3.1111106872558594,-1.0427350997924805,0.017093658447265625,-0.1196584701538086,0.0,3.5645743065319797,3.776398418180295,-1.0238258673491831,0.009237409605879869,-0.00423305751895972
22,1,train,2,1,0.3490658503988659,0.7876272180001251,3,s,af3726fcacd0ac1320a56ea850b0a2c0f5430cf4eb20a45c078706980f08407e,d24fbe3839599a6a097188bae8cd47ce8083f27deef1341ae3086bf0d5a45bd1,a264f9f6df4fae96803cb1057b5fedc2d14ddccb52b4eb699c12be7c2ccc333e,a264f9f6df4fae96803cb1057b5fedc2d14ddccb52b4eb699c12be7c2ccc333e,1787976782.2187614,35366.119999999995,17683119,0,0.9500646591186523,0.7898454666137695,1.579880714416504,0.00019073486328125,-0.00095367431640625,0.00514984130859375,-0.0073261260986328125,0.1831502914428711,-0.0024423599243164062,-0.0073261260986328125,-0.0073261260986328125,-0.0073261260986328125,-0.0073261260986328125,4.123077392578125,3.124786376953125,-1.0427350997924805,0.017093658447265625,-0.1196584701538086,0.0,3.558976835989532,3.7791714423820912,-1.0244093631247415,0.00923391900298805,-0.004234667153810491
22,1,train,2,1,0.3490658503988659,0.7901606080049532,3,s,af3726fcacd0ac1320a56ea850b0a2c0f5430cf4eb20a45c078706980f08407e,d24fbe3839599a6a097188bae8cd47ce8083f27deef1341ae3086bf0d5a45bd1,a264f9f6df4fae96803cb1057b5fedc2d14ddccb52b4eb699c12be7c2ccc333e,a264f9f6df4fae96803cb1057b5fedc2d14ddccb52b4eb699c12be7c2ccc333e,1787976782.2207038,35366.121999999996,17683120,0,0.9500646591186523,0.790226936340332,1.579880714416504,0.00019073486328125,-0.00095367431640625,0.00514984130859375,-0.0073261260986328125,0.19780254364013672,-0.0024423599243164062,-0.0073261260986328125,0.0073261260986328125,-0.0073261260986328125,-0.0073261260986328125,4.0683746337890625,3.1794872283935547,-1.0476188659667969,0.017093658447265625,-0.1196584701538086,0.0,3.5533788475477994,3.781943916642069,-1.0249927098291192,0.009230427056384183,-0.004236276172436096
22,1,train,2,1,0.3490658503988659,0.7921196930037695,3,s,af3726fcacd0ac1320a56ea850b0a2c0f5430cf4eb20a45c078706980f08407e,d24fbe3839599a6a097188bae8cd47ce8083f27deef1341ae3086bf0d5a45bd1,a264f9f6df4fae96803cb1057b5fedc2d14ddccb52b4eb699c12be7c2ccc333e,a264f9f6df4fae96803cb1057b5fedc2d14ddccb52b4eb699c12be7c2ccc333e,1787976782.2226496,35366.123999999996,17683121,0,0.9500646591186523,0.7906084060668945,1.579880714416504,0.00057220458984375,-0.00095367431640625,0.00514984130859375,-0.021978378295898438,0.20757007598876953,-0.0024423599243164062,0.021978378295898438,-0.0073261260986328125,-0.0073261260986328125,-0.0073261260986328125,4.0683746337890625,3.2205123901367188,-1.057387351989746,0.017093658447265625,-0.11477375030517578,0.0,3.547197293714017,3.7852988888641574,-1.0261589556848043,0.009223439134073072,-0.004239492360075323
22,1,train,2,1,0.3490658503988659,0.7940477529991767,3,s,af3726fcacd0ac1320a56ea850b0a2c0f5430cf4eb20a45c078706980f08407e,d24fbe3839599a6a097188bae8cd47ce8083f27deef1341ae3086bf0d5a45bd1,a264f9f6df4fae96803cb1057b5fedc2d14ddccb52b4eb699c12be7c2ccc333e,a264f9f6df4fae96803cb1057b5fedc2d14ddccb52b4eb699c12be7c2ccc333e,1787976782.224584,35366.126,17683122,0,0.9500646591186523,0.790989875793457,1.579880714416504,0.00019073486328125,-0.00095367431640625,0.00514984130859375,-0.0073261260986328125,0.20757007598876953,-0.0024423599243164062,-0.0073261260986328125,-0.0073261260986328125,-0.0073261260986328125,-0.0073261260986328125,4.0683746337890625,3.1794872283935547,-1.067154884338379,0.017093658447265625,-0.1196584701538086,0.0,3.5421813202250063,3.787487213722861,-1.0261589556848043,0.009223439134073076,-0.004239492360075323
22,1,train,2,1,0.3490658503988659,0.7959807330043986,3,s,af3726fcacd0ac1320a56ea850b0a2c0f5430cf4eb20a45c078706980f08407e,d24fbe3839599a6a097188bae8cd47ce8083f27deef1341ae3086bf0d5a45bd1,a264f9f6df4fae96803cb1057b5fedc2d14ddccb52b4eb699c12be7c2ccc333e,a264f9f6df4fae96803cb1057b5fedc2d14ddccb52b4eb699c12be7c2ccc333e,1787976782.2265053,35366.128,17683123,0,0.9500646591186523,0.791752815246582,1.579880714416504,0.00057220458984375,-0.00095367431640625,0.00514984130859375,-0.0073261260986328125,0.21245384216308594,-0.0024423599243164062,0.0073261260986328125,-0.0073261260986328125,-0.0073261260986328125,-0.0073261260986328125,4.109401702880859,3.165811538696289,-1.0720386505126953,0.017093658447265625,-0.1196584701538086,0.0,3.530399131005833,3.7936109062716334,-1.027907204312982,0.009212947185476023,-0.004244312013994752
22,1,train,2,1,0.3490658503988659,0.797901357000228,3,s,af3726fcacd0ac1320a56ea850b0a2c0f5430cf4eb20a45c078706980f08407e,d24fbe3839599a6a097188bae8cd47ce8083f27deef1341ae3086bf0d5a45bd1,a264f9f6df4fae96803cb1057b5fedc2d14ddccb52b4eb699c12be7c2ccc333e,a264f9f6df4fae96803cb1057b5fedc2d14ddccb52b4eb699c12be7c2ccc333e,1787976782.228417,35366.13,17683124,0,0.9500646591186523,0.7921342849731445,1.579880714416504,0.00057220458984375,-0.00095367431640625,0.00514984130859375,-0.0073261260986328125,0.20757007598876953,-0.0024423599243164062,0.0073261260986328125,0.0073261260986328125,-0.0073261260986328125,-0.0073261260986328125,4.123077392578125,3.1794872283935547,-1.0720386505126953,0.021978378295898438,-0.1196584701538086,0.0,3.524798714868572,3.7963804751922208,-1.0284896548083877,0.009209447187277744,-0.004245917330355491
22,1,train,2,1,0.3490658503988659,0.7998099350006669,3,s,af3726fcacd0ac1320a56ea850b0a2c0f5430cf4eb20a45c078706980f08407e,d24fbe3839599a6a097188bae8cd47ce8083f27deef1341ae3086bf0d5a45bd1,a264f9f6df4fae96803cb1057b5fedc2d14ddccb52b4eb699c12be7c2ccc333e,a264f9f6df4fae96803cb1057b5fedc2d14ddccb52b4eb699c12be7c2ccc333e,1787976782.2303941,35366.132,17683125,0,0.9500646591186523,0.792515754699707,1.579880714416504,0.00019073486328125,-0.00095367431640625,0.00514984130859375,-0.0073261260986328125,0.20757007598876953,-0.0024423599243164062,-0.0073261260986328125,-0.0073261260986328125,-0.0073261260986328125,-0.0073261260986328125,4.1914520263671875,3.206836700439453,-1.0769233703613281,0.021978378295898438,-0.1196584701538086,0.0,3.519780086636063,3.7985671908362804,-1.028489654808388,0.009209447187277741,-0.004245917330355492
22,1,train,2,1,0.3490658503988659,0.801796658000967,3,s,af3726fcacd0ac1320a56ea850b0a2c0f5430cf4eb20a45c078706980f08407e,d24fbe3839599a6a097188bae8cd47ce8083f27deef1341ae3086bf0d5a45bd1,a264f9f6df4fae96803cb1057b5fedc2d14ddccb52b4eb699c12be7c2ccc333e,a264f9f6df4fae96803cb1057b5fedc2d14ddccb52b4eb699c12be7c2ccc333e,1787976782.2323606,35366.134,17683126,0,0.9500646591186523,0.792515754699707,1.579880714416504,0.00057220458984375,-0.00095367431640625,0.00514984130859375,-0.0073261260986328125,0.1880340576171875,-0.0024423599243164062,-0.0073261260986328125,0.0073261260986328125,-0.0073261260986328125,-0.0073261260986328125,4.328205108642578,3.165811538696289,-1.0769233703613281,0.021978378295898438,-0.1196584701538086,0.0,3.519197785805598,3.7991494916667445,-1.0290719556388528,0.009205945848928532,-0.004247522028853948
22,1,train,2,1,0.3490658503988659,0.8037624580028933,3,s,af3726fcacd0ac1320a56ea850b0a2c0f5430cf4eb20a45c078706980f08407e,d24fbe3839599a6a097188bae8cd47ce8083f27deef1341ae3086bf0d5a45bd1,a264f9f6df4fae96803cb1057b5fedc2d14ddccb52b4eb699c12be7c2ccc333e,a264f9f6df4fae96803cb1057b5fedc2d14ddccb52b4eb699c12be7c2ccc333e,1787976782.2343004,35366.136,17683127,0,0.9500646591186523,0.7928972244262695,1.579880714416504,0.00057220458984375,-0.00095367431640625,0.00514984130859375,-0.0073261260986328125,0.14896202087402344,-0.0024423599243164062,0.0073261260986328125,-0.0073261260986328125,-0.0073261260986328125,-0.0073261260986328125,4.4376068115234375,3.165811538696289,-1.0818071365356445,0.021978378295898438,-0.1196584701538086,0.0,3.513596344631952,3.8019179552922635,-1.0296541067196414,0.009202443170937907,-0.00424912610925661
22,1,train,2,1,0.3490658503988659,0.8056964360002894,3,s,af3726fcacd0ac1320a56ea850b0a2c0f5430cf4eb20a45c078706980f08407e,d24fbe3839599a6a097188bae8cd47ce8083f27deef1341ae3086bf0d5a45bd1,a264f9f6df4fae96803cb1057b5fedc2d14ddccb52b4eb699c12be7c2ccc333e,a264f9f6df4fae96803cb1057b5fedc2d14ddccb52b4eb699c12be7c2ccc333e,1787976782.2362409,35366.138,17683128,0,0.9500646591186523,0.793278694152832,1.579880714416504,0.00019073486328125,-0.00095367431640625,0.00514984130859375,-0.0073261260986328125,0.124542236328125,-0.0024423599243164062,-0.021978378295898438,-0.0073261260986328125,-0.0073261260986328125,-0.0073261260986328125,4.547008514404297,3.206836700439453,-1.086690902709961,0.021978378295898438,-0.1196584701538086,0.0,3.508576393409148,3.804103864419512,-1.029654106719641,0.009202443170937904,-0.004249126109256609
22,1,train,2,1,0.3490658503988659,0.8076427740015788,3,s,af3726fcacd0ac1320a56ea850b0a2c0f5430cf4eb20a45c078706980f08407e,d24fbe3839599a6a097188bae8cd47ce8083f27deef1341ae3086bf0d5a45bd1,a264f9f6df4fae96803cb1057b5fedc2d14ddccb52b4eb699c12be7c2ccc333e,a264f9f6df4fae96803cb1057b5fedc2d14ddccb52b4eb699c12be7c2ccc333e,1787976782.2388098,35366.14,17683129,0,0.9500646591186523,0.793278694152832,1.579880714416504,0.00019073486328125,-0.00095367431640625,0.00514984130859375,-0.0073261260986328125,0.10500621795654297,-0.0024423599243164062,-0.0073261260986328125,-0.0073261260986328125,-0.0073261260986328125,-0.0073261260986328125,4.670085906982422,3.2341880798339844,-1.0818071365356445,0.021978378295898438,-0.1196584701538086,0.0,3.508576393409148,3.804103864419512,-1.029654106719641,0.009202443170937904,-0.004249126109256609
22,1,train,2,1,0.3490658503988659,0.8102118160022656,3,s,af3726fcacd0ac1320a56ea850b0a2c0f5430cf4eb20a45c078706980f08407e,d24fbe3839599a6a097188bae8cd47ce8083f27deef1341ae3086bf0d5a45bd1,a264f9f6df4fae96803cb1057b5fedc2d14ddccb52b4eb699c12be7c2ccc333e,a264f9f6df4fae96803cb1057b5fedc2d14ddccb52b4eb699c12be7c2ccc333e,1787976782.2407525,35366.142,17683130,0,0.9500646591186523,0.7936601638793945,1.579880714416504,0.00019073486328125,-0.00095367431640625,0.00514984130859375,-0.0073261260986328125,0.08547019958496094,-0.0024423599243164062,-0.0073261260986328125,0.0073261260986328125,-0.0073261260986328125,-0.0073261260986328125,4.711112976074219,3.1931629180908203,-1.0769233703613281,0.021978378295898438,-0.1196584701538086,0.0,3.5029737805404997,3.8068713710575866,-1.0302361079660385,0.009198939153815562,-0.004250729571330047
22,1,train,2,1,0.3490658503988659,0.8121708969993051,3,s,af3726fcacd0ac1320a56ea850b0a2c0f5430cf4eb20a45c078706980f08407e,d24fbe3839599a6a097188bae8cd47ce8083f27deef1341ae3086bf0d5a45bd1,a264f9f6df4fae96803cb1057b5fedc2d14ddccb52b4eb699c12be7c2ccc333e,a264f9f6df4fae96803cb1057b5fedc2d14ddccb52b4eb699c12be7c2ccc333e,1787976782.2426898,35366.144,17683131,0,0.9500646591186523,0.7936601638793945,1.579880714416504,0.00019073486328125,-0.00095367431640625,0.00514984130859375,-0.0073261260986328125,0.08058643341064453,-0.0024423599243164062,-0.03663063049316406,0.0073261260986328125,-0.0073261260986328125,-0.0073261260986328125,4.670085906982422,3.2341880798339844,-1.0769233703613281,0.017093658447265625,-0.1196584701538086,0.0,3.5029737805404997,3.8068713710575866,-1.0302361079660385,0.009198939153815562,-0.004250729571330047
22,1,train,2,1,0.3490658503988659,0.8140854700031923,3,s,af3726fcacd0ac1320a56ea850b0a2c0f5430cf4eb20a45c078706980f08407e,d24fbe3839599a6a097188bae8cd47ce8083f27deef1341ae3086bf0d5a45bd1,a264f9f6df4fae96803cb1057b5fedc2d14ddccb52b4eb699c12be7c2ccc333e,a264f9f6df4fae96803cb1057b5fedc2d14ddccb52b4eb699c12be7c2ccc333e,1787976782.2446215,35366.146,17683132,0,0.9500646591186523,0.794041633605957,1.579880714416504,0.00019073486328125,-0.00095367431640625,0.00514984130859375,-0.0073261260986328125,0.09035396575927734,-0.0024423599243164062,-0.021978378295898438,-0.0073261260986328125,-0.0073261260986328125,-0.0073261260986328125,4.629058837890625,3.24786376953125,-1.067154884338379,0.017093658447265625,-0.1196584701538086,0.0,3.4973706579220822,3.809638323722974,-1.0308179592933524,0.009195433798071409,-0.004252332414840927
22,1,train,2,1,0.3490658503988659,0.8160169340044376,3,s,af3726fcacd0ac1320a56ea850b0a2c0f5430cf4eb20a45c078706980f08407e,d24fbe3839599a6a097188bae8cd47ce8083f27deef1341ae3086bf0d5a45bd1,a264f9f6df4fae96803cb1057b5fedc2d14ddccb52b4eb699c12be7c2ccc333e,a264f9f6df4fae96803cb1057b5fedc2d14ddccb52b4eb699c12be7c2ccc333e,1787976782.2466023,35366.148,17683133,0,0.9500646591186523,0.794041633605957,1.579880714416504,0.00019073486328125,-0.00095367431640625,0.00514984130859375,-0.0073261260986328125,0.10500621795654297,-0.0024423599243164062,-0.03663063049316406,-0.0073261260986328125,-0.0073261260986328125,-0.0073261260986328125,4.656410217285156,3.24786376953125,-1.0622711181640625,0.017093658447265625,-0.1196584701538086,0.0,3.4973706579220822,3.809638323722974,-1.0308179592933524,0.009195433798071409,-0.004252332414840927
22,1,train,2,1,0.3490658503988659,0.8180031340016285,3,s,af3726fcacd0ac1320a56ea850b0a2c0f5430cf4eb20a45c078706980f08407e,d24fbe3839599a6a097188bae8cd47ce8083f27deef1341ae3086bf0d5a45bd1,a264f9f6df4fae96803cb1057b5fedc2d14ddccb52b4eb699c12be7c2ccc333e,a264f9f6df4fae96803cb1057b5fedc2d14ddccb52b4eb699c12be7c2ccc333e,1787976782.2486248,35366.15,17683134,0,0.9500646591186523,0.7944231033325195,1.579880714416504,0.00019073486328125,-0.00095367431640625,0.00514984130859375,-0.0073261260986328125,0.10012245178222656,-0.0024423599243164062,-0.03663063049316406,-0.021978378295898438,-0.0073261260986328125,-0.0073261260986328125,4.697437286376953,3.261537551879883,-1.057387351989746,0.017093658447265625,-0.1196584701538086,0.0,3.491767026369257,3.8124047220130284,-1.0313996606169127,0.009191927104215541,-0.00425393463955601
22,1,train,2,1,0.3490658503988659,0.8200264910046826,3,s,af3726fcacd0ac1320a56ea850b0a2c0f5430cf4eb20a45c078706980f08407e,d24fbe3839599a6a097188bae8cd47ce8083f27deef1341ae3086bf0d5a45bd1,a264f9f6df4fae96803cb1057b5fedc2d14ddccb52b4eb699c12be7c2ccc333e,a264f9f6df4fae96803cb1057b5fedc2d14ddccb52b4eb699c12be7c2ccc333e,1787976782.2505264,35366.152,17683135,0,0.9500646591186523,0.7944231033325195,1.579880714416504,0.00019073486328125,-0.00095367431640625,0.00514984130859375,-0.0073261260986328125,0.09523773193359375,-0.0024423599243164062,-0.03663063049316406,0.0073261260986328125,-0.0073261260986328125,-0.0073261260986328125,4.656410217285156,3.2205123901367188,-1.0525026321411133,0.017093658447265625,-0.1196584701538086,0.0,3.491767026369257,3.8124047220130284,-1.0313996606169127,0.009191927104215541,-0.00425393463955601
22,1,train,2,1,0.3490658503988659,0.8219184699992184,3,s,af3726fcacd0ac1320a56ea850b0a2c0f5430cf4eb20a45c078706980f08407e,d24fbe3839599a6a097188bae8cd47ce8083f27deef1341ae3086bf0d5a45bd1,a264f9f6df4fae96803cb1057b5fedc2d14ddccb52b4eb699c12be7c2ccc333e,a264f9f6df4fae96803cb1057b5fedc2d14ddccb52b4eb699c12be7c2ccc333e,1787976782.252417,35366.153999999995,17683136,0,0.9500646591186523,0.794804573059082,1.579880714416504,0.00019073486328125,-0.00095367431640625,0.00514984130859375,0.0073261260986328125,0.10988998413085938,-0.0024423599243164062,-0.021978378295898438,-0.0073261260986328125,-0.0073261260986328125,-0.012209892272949219,4.601711273193359,3.24786376953125,-1.0476188659667969,0.017093658447265625,-0.11477375030517578,0.0,3.486162886697461,3.815170565525185,-1.0319812118520701,0.009188419072758247,-0.0042555362452421355
22,1,train,2,1,0.3490658503988659,0.8238084910044563,3,s,af3726fcacd0ac1320a56ea850b0a2c0f5430cf4eb20a45c078706980f08407e,d24fbe3839599a6a097188bae8cd47ce8083f27deef1341ae3086bf0d5a45bd1,a264f9f6df4fae96803cb1057b5fedc2d14ddccb52b4eb699c12be7c2ccc333e,a264f9f6df4fae96803cb1057b5fedc2d14ddccb52b4eb699c12be7c2ccc333e,1787976782.2542849,35366.155999999995,17683137,0,0.9500646591186523,0.7951860427856445,1.579880714416504,-0.00019073486328125,-0.00095367431640625,0.00514984130859375,-0.0073261260986328125,0.13919448852539062,-0.0024423599243164062,-0.021978378295898438,-0.0073261260986328125,-0.0073261260986328125,-0.012209892272949219,4.588035583496094,3.206836700439453,-1.0476188659667969,0.017093658447265625,-0.11477375030517578,0.0,3.4811396407843316,3.817354452794834,-1.0319812118520701,0.00918841907275825,-0.004255536245242135
22,1,train,2,1,0.3490658503988659,0.825673232000554,3,s,af3726fcacd0ac1320a56ea850b0a2c0f5430cf4eb20a45c078706980f08407e,d24fbe3839599a6a097188bae8cd47ce8083f27deef1341ae3086bf0d5a45bd1,a264f9f6df4fae96803cb1057b5fedc2d14ddccb52b4eb699c12be7c2ccc333e,a264f9f6df4fae96803cb1057b5fedc2d14ddccb52b4eb699c12be7c2ccc333e,1787976782.2561767,35366.157999999996,17683138,0,0.9500646591186523,0.795567512512207,1.579880714416504,0.00019073486328125,-0.00095367431640625,0.00514984130859375,-0.021978378295898438,0.15384578704833984,-0.0024423599243164062,-0.0073261260986328125,-0.0073261260986328125,-0.0073261260986328125,-0.012209892272949219,4.574359893798828,3.2341880798339844,-1.0476188659667969,0.017093658447265625,-0.1196584701538086,0.0,3.474953086259064,3.820700586605961,-1.0331438637186936,0.009181398999081531,-0.004258737598595355
22,1,train,2,1,0.3490658503988659,0.827565969004354,3,s,af3726fcacd0ac1320a56ea850b0a2c0f5430cf4eb20a45c078706980f08407e,d24fbe3839599a6a097188bae8cd47ce8083f27deef1341ae3086bf0d5a45bd1,a264f9f6df4fae96803cb1057b5fedc2d14ddccb52b4eb699c12be7c2ccc333e,a264f9f6df4fae96803cb1057b5fedc2d14ddccb52b4eb699c12be7c2ccc333e,1787976782.258629,35366.159999999996,17683139,0,0.9500646591186523,0.7959489822387695,1.579880714416504,0.00019073486328125,-0.00095367431640625,0.00514984130859375,-0.021978378295898438,0.16849803924560547,-0.0024423599243164062,0.0073261260986328125,-0.021978378295898438,-0.0073261260986328125,-0.012209892272949219,4.464958190917969,3.261537551879883,-1.0476188659667969,0.017093658447265625,-0.1196584701538086,0.0,3.4693474271237057,3.823464763369852,-1.0337249641809705,0.009177886957883657,-0.00426033734579659
22,1,train,2,1,0.3490658503988659,0.8300213540060213,3,s,af3726fcacd0ac1320a56ea850b0a2c0f5430cf4eb20a45c078706980f08407e,d24fbe3839599a6a097188bae8cd47ce8083f27deef1341ae3086bf0d5a45bd1,a264f9f6df4fae96803cb1057b5fedc2d14ddccb52b4eb699c12be7c2ccc333e,a264f9f6df4fae96803cb1057b5fedc2d14ddccb52b4eb699c12be7c2ccc333e,1787976782.2605343,35366.162,17683140,0,0.9500646591186523,0.796330451965332,1.579880714416504,0.00019073486328125,-0.00095367431640625,0.00514984130859375,-0.0073261260986328125,0.1929178237915039,-0.0024423599243164062,-0.0073261260986328125,-0.0073261260986328125,-0.0073261260986328125,-0.012209892272949219,4.423931121826172,3.2341880798339844,-1.0525026321411133,0.017093658447265625,-0.1196584701538086,0.0,3.4637412631318596,3.826228383746399,-1.0343059142164683,0.009174373581127476,-0.004261936473037154
22,1,train,2,1,0.3490658503988659,0.8319429360053618,3,s,af3726fcacd0ac1320a56ea850b0a2c0f5430cf4eb20a45c078706980f08407e,d24fbe3839599a6a097188bae8cd47ce8083f27deef1341ae3086bf0d5a45bd1,a264f9f6df4fae96803cb1057b5fedc2d14ddccb52b4eb699c12be7c2ccc333e,a264f9f6df4fae96803cb1057b5fedc2d14ddccb52b4eb699c12be7c2ccc333e,1787976782.2630188,35366.164,17683141,0,0.9500646591186523,0.7967119216918945,1.579880714416504,0.00019073486328125,-0.00095367431640625,0.00514984130859375,-0.0073261260986328125,0.20757007598876953,-0.0024423599243164062,-0.0073261260986328125,-0.0073261260986328125,-0.0073261260986328125,-0.0073261260986328125,4.382907867431641,3.2205123901367188,-1.0622711181640625,0.017093658447265625,-0.1196584701538086,0.0,3.458134595099324,3.8289914473334417,-1.0348867137406483,0.009170858869324238,-0.004263534980084341
22,1,train,2,1,0.3490658503988659,0.8344104540010449,3,s,af3726fcacd0ac1320a56ea850b0a2c0f5430cf4eb20a45c078706980f08407e,d24fbe3839599a6a097188bae8cd47ce8083f27deef1341ae3086bf0d5a45bd1,a264f9f6df4fae96803cb1057b5fedc2d14ddccb52b4eb699c12be7c2ccc333e,a264f9f6df4fae96803cb1057b5fedc2d14ddccb52b4eb699c12be7c2ccc333e,1787976782.264345,35366.166,17683142,0,0.9500646591186523,0.797093391418457,1.579880714416504,0.00019073486328125,-0.00095367431640625,0.00514984130859375,-0.0073261260986328125,0.23198986053466797,-0.0024423599243164062,-0.0073261260986328125,-0.0073261260986328125,-0.0073261260986328125,-0.012209892272949219,4.355556488037109,3.2341880798339844,-1.067154884338379,0.017093658447265625,-0.1196584701538086,0.0,3.452527423841979,3.831753953728904,-1.0354673626689936,0.009167342822985414,-0.004265132866705541
22,1,train,2,1,0.3490658503988659,0.8357415170030436,3,s,af3726fcacd0ac1320a56ea850b0a2c0f5430cf4eb20a45c078706980f08407e,d24fbe3839599a6a097188bae8cd47ce8083f27deef1341ae3086bf0d5a45bd1,a264f9f6df4fae96803cb1057b5fedc2d14ddccb52b4eb699c12be7c2ccc333e,a264f9f6df4fae96803cb1057b5fedc2d14ddccb52b4eb699c12be7c2ccc333e,1787976782.2662358,35366.168,17683143,0,0.9500646591186523,0.7974748611450195,1.579880714416504,0.00019073486328125,-0.00095367431640625,0.00514984130859375,0.0073261260986328125,0.25152587890625,-0.0024423599243164062,-0.0073261260986328125,-0.0073261260986328125,-0.0073261260986328125,-0.012209892272949219,4.341880798339844,3.206836700439453,-1.067154884338379,0.017093658447265625,-0.1196584701538086,0.0,3.4469197501757796,3.8345159025307853,-1.0360478609170074,0.009163825442622647,-0.004266730132668232
22,1,train,2,1,0.3490658503988659,0.8376281010059756,3,s,af3726fcacd0ac1320a56ea850b0a2c0f5430cf4eb20a45c078706980f08407e,d24fbe3839599a6a097188bae8cd47ce8083f27deef1341ae3086bf0d5a45bd1,a264f9f6df4fae96803cb1057b5fedc2d14ddccb52b4eb699c12be7c2ccc333e,a264f9f6df4fae96803cb1057b5fedc2d14ddccb52b4eb699c12be7c2ccc333e,1787976782.2686934,35366.17,17683144,0,0.9500646591186523,0.7982378005981445,1.579880714416504,0.00019073486328125,-0.00095367431640625,0.00514984130859375,0.0073261260986328125,0.2564105987548828,-0.0024423599243164062,-0.021978378295898438,-0.021978378295898438,-0.0073261260986328125,-0.012209892272949219,4.369232177734375,3.206836700439453,-1.0720386505126953,0.021978378295898438,-0.1196584701538086,0.0,3.4357028988809724,3.840038125746219,-1.0372084050341686,0.00915678668187287,-0.004269922801688432
22,1,train,2,1,0.3490658503988659,0.8400838390007266,3,s,af3726fcacd0ac1320a56ea850b0a2c0f5430cf4eb20a45c078706980f08407e,d24fbe3839599a6a097188bae8cd47ce8083f27deef1341ae3086bf0d5a45bd1,a264f9f6df4fae96803cb1057b5fedc2d14ddccb52b4eb699c12be7c2ccc333e,a264f9f6df4fae96803cb1057b5fedc2d14ddccb52b4eb699c12be7c2ccc333e,1787976782.270567,35366.172,17683145,0,0.9500646591186523,0.798619270324707,1.579880714416504,0.00019073486328125,-0.00095367431640625,0.00514984130859375,-0.0073261260986328125,0.2417583465576172,-0.0024423599243164062,0.021978378295898438,-0.021978378295898438,-0.0073261260986328125,-0.012209892272949219,4.478633880615234,3.1794872283935547,-1.0720386505126953,0.021978378295898438,-0.1196584701538086,0.0,3.4300937228846315,3.842798399356185,-1.037788450734436,0.009153265302510136,-0.004271518204281352
22,1,train,2,1,0.3490658503988659,0.8419564380019438,3,s,af3726fcacd0ac1320a56ea850b0a2c0f5430cf4eb20a45c078706980f08407e,d24fbe3839599a6a097188bae8cd47ce8083f27deef1341ae3086bf0d5a45bd1,a264f9f6df4fae96803cb1057b5fedc2d14ddccb52b4eb699c12be7c2ccc333e,a264f9f6df4fae96803cb1057b5fedc2d14ddccb52b4eb699c12be7c2ccc333e,1787976782.2724516,35366.174,17683146,0,0.9500646591186523,0.7990007400512695,1.579880714416504,0.00019073486328125,-0.00095367431640625,0.00514984130859375,-0.0073261260986328125,0.23198986053466797,-0.0024423599243164062,-0.021978378295898438,-0.021978378295898438,-0.0073261260986328125,-0.012209892272949219,4.601711273193359,3.1794872283935547,-1.0769233703613281,0.021978378295898438,-0.1196584701538086,0.0,3.4244840477439675,3.845558113765392,-1.0383683454166086,0.00914974259117201,-0.004273112985286568
22,1,train,2,1,0.3490658503988659,0.8438461010009632,3,s,af3726fcacd0ac1320a56ea850b0a2c0f5430cf4eb20a45c078706980f08407e,d24fbe3839599a6a097188bae8cd47ce8083f27deef1341ae3086bf0d5a45bd1,a264f9f6df4fae96803cb1057b5fedc2d14ddccb52b4eb699c12be7c2ccc333e,a264f9f6df4fae96803cb1057b5fedc2d14ddccb52b4eb699c12be7c2ccc333e,1787976782.2743485,35366.176,17683147,0,0.9500646591186523,0.799382209777832,1.579880714416504,0.00019073486328125,-0.00095367431640625,0.00514984130859375,-0.0073261260986328125,0.20757007598876953,-0.0024423599243164062,0.0073261260986328125,-0.0073261260986328125,-0.0073261260986328125,-0.012209892272949219,4.738460540771484,3.1794872283935547,-1.0818071365356445,0.021978378295898438,-0.1196584701538086,0.0,3.4188738742752975,3.848317268572247,-1.0389480889963019,0.009146218548371117,-0.004274707144472014
22,1,train,2,1,0.3490658503988659,0.845740458004002,3,s,af3726fcacd0ac1320a56ea850b0a2c0f5430cf4eb20a45c078706980f08407e,d24fbe3839599a6a097188bae8cd47ce8083f27deef1341ae3086bf0d5a45bd1,a264f9f6df4fae96803cb1057b5fedc2d14ddccb52b4eb699c12be7c2ccc333e,a264f9f6df4fae96803cb1057b5fedc2d14ddccb52b4eb699c12be7c2ccc333e,1787976782.2762582,35366.178,17683148,0,0.9500646591186523,0.799382209777832,1.579880714416504,0.00019073486328125,-0.00095367431640625,0.00514984130859375,-0.021978378295898438,0.17338180541992188,-0.0024423599243164062,-0.0073261260986328125,-0.021978378295898438,-0.0073261260986328125,-0.012209892272949219,4.861537933349609,3.2341880798339844,-1.0769233703613281,0.021978378295898438,-0.1196584701538086,0.0,3.4188738742752975,3.848317268572247,-1.0389480889963019,0.009146218548371117,-0.004274707144472014
22,1,train,2,1,0.3490658503988659,0.8476510059990687,3,s,af3726fcacd0ac1320a56ea850b0a2c0f5430cf4eb20a45c078706980f08407e,d24fbe3839599a6a097188bae8cd47ce8083f27deef1341ae3086bf0d5a45bd1,a264f9f6df4fae96803cb1057b5fedc2d14ddccb52b4eb699c12be7c2ccc333e,a264f9f6df4fae96803cb1057b5fedc2d14ddccb52b4eb699c12be7c2ccc333e,1787976782.2781641,35366.18,17683149,0,0.9500646591186523,0.7997636795043945,1.579880714416504,0.00019073486328125,-0.00095367431640625,0.00514984130859375,-0.0073261260986328125,0.13919448852539062,-0.0024423599243164062,-0.0073261260986328125,-0.0073261260986328125,-0.0073261260986328125,-0.012209892272949219,5.011966705322266,3.2205123901367188,-1.0769233703613281,0.021978378295898438,-0.11477375030517578,0.0,3.4132632032949988,3.851075863375245,-1.039527681389152,0.00914269317462027,-0.004276300681605709
22,1,train,2,1,0.3490658503988659,0.8495584789998247,3,s,af3726fcacd0ac1320a56ea850b0a2c0f5430cf4eb20a45c078706980f08407e,d24fbe3839599a6a097188bae8cd47ce8083f27deef1341ae3086bf0d5a45bd1,a264f9f6df4fae96803cb1057b5fedc2d14ddccb52b4eb699c12be7c2ccc333e,a264f9f6df4fae96803cb1057b5fedc2d14ddccb52b4eb699c12be7c2ccc333e,1787976782.28065,35366.182,17683150,0,0.9500646591186523,0.7997636795043945,1.579880714416504,0.00019073486328125,-0.00095367431640625,0.00514984130859375,-0.0073261260986328125,0.09035396575927734,-0.0024423599243164062,-0.0073261260986328125,-0.0073261260986328125,-0.0073261260986328125,-0.0073261260986328125,5.135044097900391,3.261537551879883,-1.0720386505126953,0.021978378295898438,-0.1196584701538086,0.0,3.4132632032949988,3.851075863375245,-1.039527681389152,0.00914269317462027,-0.004276300681605709
22,1,train,2,1,0.3490658503988659,0.852061424004205,3,s,af3726fcacd0ac1320a56ea850b0a2c0f5430cf4eb20a45c078706980f08407e,d24fbe3839599a6a097188bae8cd47ce8083f27deef1341ae3086bf0d5a45bd1,a264f9f6df4fae96803cb1057b5fedc2d14ddccb52b4eb699c12be7c2ccc333e,a264f9f6df4fae96803cb1057b5fedc2d14ddccb52b4eb699c12be7c2ccc333e,1787976782.2825818,35366.184,17683151,0,0.9500646591186523,0.800145149230957,1.579880714416504,0.00019073486328125,-0.00095367431640625,0.00514984130859375,0.0073261260986328125,0.05128192901611328,-0.0024423599243164062,-0.0073261260986328125,-0.0073261260986328125,-0.0073261260986328125,-0.0073261260986328125,5.203418731689453,3.288888931274414,-1.0720386505126953,0.021978378295898438,-0.1196584701538086,0.0,3.4076520356195403,3.8538338977729545,-1.0401071225108172,0.009139166470432477,-0.00427789359645576
22,1,train,2,1,0.3490658503988659,0.8539762120053638,3,s,af3726fcacd0ac1320a56ea850b0a2c0f5430cf4eb20a45c078706980f08407e,d24fbe3839599a6a097188bae8cd47ce8083f27deef1341ae3086bf0d5a45bd1,a264f9f6df4fae96803cb1057b5fedc2d14ddccb52b4eb699c12be7c2ccc333e,a264f9f6df4fae96803cb1057b5fedc2d14ddccb52b4eb699c12be7c2ccc333e,1787976782.2845,35366.186,17683152,0,0.9500646591186523,0.800145149230957,1.579880714416504,-0.00019073486328125,-0.00095367431640625,0.00514984130859375,0.0073261260986328125,0.04151439666748047,-0.0024423599243164062,-0.05128288269042969,0.0073261260986328125,-0.0073261260986328125,-0.012209892272949219,5.176067352294922,3.3025646209716797,-1.067154884338379,0.021978378295898438,-0.11477375030517578,0.0,3.4082314767412067,3.853254456651288,-1.039527681389152,0.00914269317462027,-0.004276300681605709
22,1,train,2,1,0.3490658503988659,0.85589912100113,3,s,af3726fcacd0ac1320a56ea850b0a2c0f5430cf4eb20a45c078706980f08407e,d24fbe3839599a6a097188bae8cd47ce8083f27deef1341ae3086bf0d5a45bd1,a264f9f6df4fae96803cb1057b5fedc2d14ddccb52b4eb699c12be7c2ccc333e,a264f9f6df4fae96803cb1057b5fedc2d14ddccb52b4eb699c12be7c2ccc333e,1787976782.2864182,35366.188,17683153,0,0.9500646591186523,0.8005266189575195,1.579880714416504,-0.00019073486328125,-0.00095367431640625,0.00514984130859375,-0.0073261260986328125,0.05616569519042969,-0.0024423599243164062,-0.03663063049316406,-0.0073261260986328125,-0.0073261260986328125,-0.0073261260986328125,5.107692718505859,3.3025646209716797,-1.057387351989746,0.021978378295898438,-0.1196584701538086,0.0,3.4026196618316167,3.856012081597867,-1.0401071225108172,0.009139166470432477,-0.00427789359645576
22,1,train,2,1,0.3490658503988659,0.8578163900019717,3,s,af3726fcacd0ac1320a56ea850b0a2c0f5430cf4eb20a45c078706980f08407e,d24fbe3839599a6a097188bae8cd47ce8083f27deef1341ae3086bf0d5a45bd1,a264f9f6df4fae96803cb1057b5fedc2d14ddccb52b4eb699c12be7c2ccc333e,a264f9f6df4fae96803cb1057b5fedc2d14ddccb52b4eb699c12be7c2ccc333e,1787976782.288318,35366.189999999995,17683154,0,0.9500646591186523,0.8005266189575195,1.579880714416504,-0.00019073486328125,-0.00095367431640625,0.00514984130859375,-0.0073261260986328125,0.09035396575927734,-0.0024423599243164062,-0.05128288269042969,-0.0073261260986328125,-0.0073261260986328125,-0.0073261260986328125,5.052989959716797,3.3162384033203125,-1.0476188659667969,0.017093658447265625,-0.11477375030517578,0.0,3.4026196618316167,3.856012081597867,-1.0401071225108172,0.009139166470432477,-0.00427789359645576
22,1,train,2,1,0.3490658503988659,0.8597127720058779,3,s,af3726fcacd0ac1320a56ea850b0a2c0f5430cf4eb20a45c078706980f08407e,d24fbe3839599a6a097188bae8cd47ce8083f27deef1341ae3086bf0d5a45bd1,a264f9f6df4fae96803cb1057b5fedc2d14ddccb52b4eb699c12be7c2ccc333e,a264f9f6df4fae96803cb1057b5fedc2d14ddccb52b4eb699c12be7c2ccc333e,1787976782.2902195,35366.191999999995,17683155,0,0.9500646591186523,0.800908088684082,1.579880714416504,-0.00019073486328125,-0.00095367431640625,0.00514984130859375,-0.021978378295898438,0.10988998413085938,-0.0024423599243164062,-0.03663063049316406,0.0073261260986328125,-0.0073261260986328125,-0.012209892272949219,5.025642395019531,3.3162384033203125,-1.0329666137695312,0.017093658447265625,-0.11477375030517578,0.0,3.397007351775702,3.8587691454208435,-1.0406864122769772,0.009135638436320943,-0.004279485888790369
22,1,train,2,1,0.3490658503988659,0.8616181950055761,3,s,af3726fcacd0ac1320a56ea850b0a2c0f5430cf4eb20a45c078706980f08407e,d24fbe3839599a6a097188bae8cd47ce8083f27deef1341ae3086bf0d5a45bd1,a264f9f6df4fae96803cb1057b5fedc2d14ddccb52b4eb699c12be7c2ccc333e,a264f9f6df4fae96803cb1057b5fedc2d14ddccb52b4eb699c12be7c2ccc333e,1787976782.2927668,35366.193999999996,17683156,0,0.9500646591186523,0.8012895584106445,1.579880714416504,-0.00019073486328125,-0.00095367431640625,0.00514984130859375,-0.0073261260986328125,0.1294260025024414,-0.0024423599243164062,-0.03663063049316406,-0.0073261260986328125,-0.0073261260986328125,-0.0073261260986328125,4.9435882568359375,3.329914093017578,-1.0280828475952148,0.017093658447265625,-0.11477375030517578,0.0,3.3913945473901617,3.8615256477190107,-1.0412655506033344,0.009132109072799065,-0.004281077558377826
22,1,train,2,1,0.3490658503988659,0.8641643480004859,3,s,af3726fcacd0ac1320a56ea850b0a2c0f5430cf4eb20a45c078706980f08407e,d24fbe3839599a6a097188bae8cd47ce8083f27deef1341ae3086bf0d5a45bd1,a264f9f6df4fae96803cb1057b5fedc2d14ddccb52b4eb699c12be7c2ccc333e,a264f9f6df4fae96803cb1057b5fedc2d14ddccb52b4eb699c12be7c2ccc333e,1787976782.2947114,35366.195999999996,17683157,0,0.9500646591186523,0.801671028137207,1.579880714416504,-0.00019073486328125,-0.00095367431640625,0.00514984130859375,-0.0073261260986328125,0.15873050689697266,-0.0024423599243164062,-0.03663063049316406,-0.0073261260986328125,-0.0073261260986328125,-0.0073261260986328125,4.834186553955078,3.329914093017578,-1.0280828475952148,0.017093658447265625,-0.11477375030517578,0.0,3.385781249491769,3.864281588091249,-1.0418445374056138,0.009128578380380432,-0.0042826686049865165
22,1,train,2,1,0.3490658503988659,0.866134570002032,3,s,af3726fcacd0ac1320a56ea850b0a2c0f5430cf4eb20a45c078706980f08407e,d24fbe3839599a6a097188bae8cd47ce8083f27deef1341ae3086bf0d5a45bd1,a264f9f6df4fae96803cb1057b5fedc2d14ddccb52b4eb699c12be7c2ccc333e,a264f9f6df4fae96803cb1057b5fedc2d14ddccb52b4eb699c12be7c2ccc333e,1787976782.2966628,35366.198,17683158,0,0.9500646591186523,0.8020524978637695,1.579880714416504,-0.00019073486328125,-0.00095367431640625,0.00514984130859375,-0.0073261260986328125,0.1880340576171875,-0.0024423599243164062,-0.0073261260986328125,-0.0073261260986328125,-0.0073261260986328125,-0.0073261260986328125,4.765811920166016,3.329914093017578,-1.0280828475952148,0.017093658447265625,-0.11477375030517578,0.0,3.3801674588973674,3.8670369661365096,-1.0424233725995604,0.009125046359578826,-0.004284259028384906
22,1,train,2,1,0.3490658503988659,0.8680565480026416,3,s,af3726fcacd0ac1320a56ea850b0a2c0f5430cf4eb20a45c078706980f08407e,d24fbe3839599a6a097188bae8cd47ce8083f27deef1341ae3086bf0d5a45bd1,a264f9f6df4fae96803cb1057b5fedc2d14ddccb52b4eb699c12be7c2ccc333e,a264f9f6df4fae96803cb1057b5fedc2d14ddccb52b4eb699c12be7c2ccc333e,1787976782.2985623,35366.2,17683159,0,0.9500646591186523,0.802433967590332,1.579880714416504,-0.00019073486328125,-0.00095367431640625,0.00514984130859375,-0.0073261260986328125,0.21245384216308594,-0.0024423599243164062,0.0073261260986328125,-0.0073261260986328125,-0.0073261260986328125,-0.0073261260986328125,4.642734527587891,3.329914093017578,-1.0329666137695312,0.017093658447265625,-0.11477375030517578,0.0,3.374553176423866,3.8697917814538365,-1.0430020561009437,0.009121513010908229,-0.004285848828341562
22,1,train,2,1,0.3490658503988659,0.8699576889994205,3,s,af3726fcacd0ac1320a56ea850b0a2c0f5430cf4eb20a45c078706980f08407e,d24fbe3839599a6a097188bae8cd47ce8083f27deef1341ae3086bf0d5a45bd1,a264f9f6df4fae96803cb1057b5fedc2d14ddccb52b4eb699c12be7c2ccc333e,a264f9f6df4fae96803cb1057b5fedc2d14ddccb52b4eb699c12be7c2ccc333e,1787976782.3004806,35366.202,17683160,0,0.9500646591186523,0.8028154373168945,1.579880714416504,-0.00019073486328125,-0.00095367431640625,0.00514984130859375,-0.0073261260986328125,0.25152587890625,-0.0024423599243164062,0.0073261260986328125,-0.021978378295898438,-0.0073261260986328125,-0.0073261260986328125,4.547008514404297,3.329914093017578,-1.037851333618164,0.017093658447265625,-0.1196584701538086,0.0,3.3689384028882547,3.872546033642352,-1.043580587825554,0.009117978334882804,-0.004287438004625138
22,1,train,2,1,0.3490658503988659,0.8718982830032473,3,s,af3726fcacd0ac1320a56ea850b0a2c0f5430cf4eb20a45c078706980f08407e,d24fbe3839599a6a097188bae8cd47ce8083f27deef1341ae3086bf0d5a45bd1,a264f9f6df4fae96803cb1057b5fedc2d14ddccb52b4eb699c12be7c2ccc333e,a264f9f6df4fae96803cb1057b5fedc2d14ddccb52b4eb699c12be7c2ccc333e,1787976782.3024213,35366.204,17683161,0,0.9500646591186523,0.8035783767700195,1.579880714416504,-0.00019073486328125,-0.00095367431640625,0.00514984130859375,0.0073261260986328125,0.2954826354980469,-0.0024423599243164062,-0.021978378295898438,-0.0073261260986328125,-0.0073261260986328125,-0.0073261260986328125,4.464958190917969,3.329914093017578,-1.0427350997924805,0.017093658447265625,-0.1196584701538086,0.0,3.3577073858989928,3.8780528470298408,-1.0447371956077272,0.009110905002825128,-0.004290614485248116
22,1,train,2,1,0.3490658503988659,0.8738205280023976,3,s,af3726fcacd0ac1320a56ea850b0a2c0f5430cf4eb20a45c078706980f08407e,d24fbe3839599a6a097188bae8cd47ce8083f27deef1341ae3086bf0d5a45bd1,a264f9f6df4fae96803cb1057b5fedc2d14ddccb52b4eb699c12be7c2ccc333e,a264f9f6df4fae96803cb1057b5fedc2d14ddccb52b4eb699c12be7c2ccc333e,1787976782.3043377,35366.206,17683162,0,0.9500646591186523,0.8043413162231445,1.579880714416504,-0.00019073486328125,-0.00095367431640625,0.00514984130859375,0.0073261260986328125,0.3247861862182617,-0.0024423599243164062,-0.0073261260986328125,-0.021978378295898438,-0.0073261260986328125,-0.0073261260986328125,4.478633880615234,3.3025646209716797,-1.0476188659667969,0.017093658447265625,-0.1196584701538086,0.0,3.3464744144668988,3.8835574030935867,-1.0458931952728452,0.00910382636752302,-0.004293788468404884
22,1,train,2,1,0.3490658503988659,0.8757394429994747,3,s,af3726fcacd0ac1320a56ea850b0a2c0f5430cf4eb20a45c078706980f08407e,d24fbe3839599a6a097188bae8cd47ce8083f27deef1341ae3086bf0d5a45bd1,a264f9f6df4fae96803cb1057b5fedc2d14ddccb52b4eb699c12be7c2ccc333e,a264f9f6df4fae96803cb1057b5fedc2d14ddccb52b4eb699c12be7c2ccc333e,1787976782.3062863,35366.208,17683163,0,0.9500646591186523,0.804722785949707,1.579880714416504,-0.00019073486328125,-0.00095367431640625,0.00514984130859375,0.0073261260986328125,0.3296699523925781,-0.0024423599243164062,-0.0073261260986328125,-0.0073261260986328125,-0.0073261260986328125,-0.0073261260986328125,4.533332824707031,3.24786376953125,-1.0525026321411133,0.021978378295898438,-0.1196584701538086,0.0,3.3408571978780053,3.8863088336277345,-1.04647096685122,0.009100285062442776,-0.00429537452285604
22,1,train,2,1,0.3490658503988659,0.8776842860024772,3,s,af3726fcacd0ac1320a56ea850b0a2c0f5430cf4eb20a45c078706980f08407e,d24fbe3839599a6a097188bae8cd47ce8083f27deef1341ae3086bf0d5a45bd1,a264f9f6df4fae96803cb1057b5fedc2d14ddccb52b4eb699c12be7c2ccc333e,a264f9f6df4fae96803cb1057b5fedc2d14ddccb52b4eb699c12be7c2ccc333e,1787976782.3088136,35366.21,17683164,0,0.9500646591186523,0.805485725402832,1.579880714416504,-0.00019073486328125,-0.00095367431640625,0.00514984130859375,-0.021978378295898438,0.3247861862182617,-0.0024423599243164062,-0.021978378295898438,-0.021978378295898438,-0.0073261260986328125,-0.0073261260986328125,4.601711273193359,3.288888931274414,-1.057387351989746,0.021978378295898438,-0.11477375030517578,0.0,3.329621307041609,3.8918099976986396,-1.0476260530792156,0.009093198480000557,-0.004298544756349882
22,1,train,2,1,0.3490658503988659,0.8802117930026725,3,s,af3726fcacd0ac1320a56ea850b0a2c0f5430cf4eb20a45c078706980f08407e,d24fbe3839599a6a097188bae8cd47ce8083f27deef1341ae3086bf0d5a45bd1,a264f9f6df4fae96803cb1057b5fedc2d14ddccb52b4eb699c12be7c2ccc333e,a264f9f6df4fae96803cb1057b5fedc2d14ddccb52b4eb699c12be7c2ccc333e,1787976782.3107328,35366.212,17683165,0,0.9500646591186523,0.8058671951293945,1.579880714416504,-0.00019073486328125,-0.00095367431640625,0.00514984130859375,0.0073261260986328125,0.3003664016723633,-0.0024423599243164062,0.021978378295898438,-0.021978378295898438,-0.0073261260986328125,-0.0073261260986328125,4.779487609863281,3.3162384033203125,-1.0622711181640625,0.021978378295898438,-0.1196584701538086,0.0,3.3240026344291342,3.894559730434878,-1.0482033675607503,0.009089653203669815,-0.004300128934931242
22,1,train,2,1,0.3490658503988659,0.8821424550042138,3,s,af3726fcacd0ac1320a56ea850b0a2c0f5430cf4eb20a45c078706980f08407e,d24fbe3839599a6a097188bae8cd47ce8083f27deef1341ae3086bf0d5a45bd1,a264f9f6df4fae96803cb1057b5fedc2d14ddccb52b4eb699c12be7c2ccc333e,a264f9f6df4fae96803cb1057b5fedc2d14ddccb52b4eb699c12be7c2ccc333e,1787976782.3126762,35366.214,17683166,0,0.9500646591186523,0.806248664855957,1.579880714416504,-0.00019073486328125,-0.00095367431640625,0.00514984130859375,-0.021978378295898438,0.25152587890625,-0.0024423599243164062,0.0073261260986328125,-0.0073261260986328125,-0.0073261260986328125,-0.0073261260986328125,4.970939636230469,3.329914093017578,-1.0622711181640625,0.021978378295898438,-0.1196584701538086,0.0,3.318383478110622,3.8973088964380915,-1.0487805295086212,0.00908610660462046,-0.004301712487761492
22,1,train,2,1,0.3490658503988659,0.8840708720017574,3,s,af3726fcacd0ac1320a56ea850b0a2c0f5430cf4eb20a45c078706980f08407e,d24fbe3839599a6a097188bae8cd47ce8083f27deef1341ae3086bf0d5a45bd1,a264f9f6df4fae96803cb1057b5fedc2d14ddccb52b4eb699c12be7c2ccc333e,a264f9f6df4fae96803cb1057b5fedc2d14ddccb52b4eb699c12be7c2ccc333e,1787976782.3145878,35366.216,17683167,0,0.9500646591186523,0.8066301345825195,1.579880714416504,-0.00019073486328125,-0.00095367431640625,0.00514984130859375,-0.0073261260986328125,0.1929178237915039,-0.0024423599243164062,-0.0073261260986328125,-0.0073261260986328125,-0.0073261260986328125,-0.0073261260986328125,5.176067352294922,3.3435897827148438,-1.067154884338379,0.026862144470214844,-0.1196584701538086,0.0,3.312763838903764,3.900057495308225,-1.0493575388388396,0.009082558683368588,-0.004303295414610194
22,1,train,2,1,0.3490658503988659,0.8859844510006951,3,s,af3726fcacd0ac1320a56ea850b0a2c0f5430cf4eb20a45c078706980f08407e,d24fbe3839599a6a097188bae8cd47ce8083f27deef1341ae3086bf0d5a45bd1,a264f9f6df4fae96803cb1057b5fedc2d14ddccb52b4eb699c12be7c2ccc333e,a264f9f6df4fae96803cb1057b5fedc2d14ddccb52b4eb699c12be7c2ccc333e,1787976782.3164792,35366.218,17683168,0,0.9500646591186523,0.8066301345825195,1.579880714416504,-0.00019073486328125,-0.00095367431640625,0.00514984130859375,-0.0073261260986328125,0.13919448852539062,-0.0024423599243164062,-0.021978378295898438,-0.0073261260986328125,-0.0073261260986328125,-0.0073261260986328125,5.271793365478516,3.3435897827148438,-1.067154884338379,0.026862144470214844,-0.1196584701538086,0.0,3.312763838903764,3.900057495308225,-1.0493575388388396,0.009082558683368588,-0.004303295414610194
22,1,train,2,1,0.3490658503988659,0.8878717520055943,3,s,af3726fcacd0ac1320a56ea850b0a2c0f5430cf4eb20a45c078706980f08407e,d24fbe3839599a6a097188bae8cd47ce8083f27deef1341ae3086bf0d5a45bd1,a264f9f6df4fae96803cb1057b5fedc2d14ddccb52b4eb699c12be7c2ccc333e,a264f9f6df4fae96803cb1057b5fedc2d14ddccb52b4eb699c12be7c2ccc333e,1787976782.3183596,35366.22,17683169,0,0.9500646591186523,0.807011604309082,1.579880714416504,-0.00019073486328125,-0.00095367431640625,0.00514984130859375,-0.0073261260986328125,0.10988998413085938,-0.0024423599243164062,-0.021978378295898438,-0.021978378295898438,-0.0073261260986328125,-0.0073261260986328125,5.285469055175781,3.329914093017578,-1.067154884338379,0.026862144470214844,-0.1196584701538086,0.0,3.3071437176263268,3.902805526645305,-1.0499343954674412,0.009079009440430497,-0.004304877715247004
22,1,train,2,1,0.3490658503988659,0.8897527260050992,3,s,af3726fcacd0ac1320a56ea850b0a2c0f5430cf4eb20a45c078706980f08407e,d24fbe3839599a6a097188bae8cd47ce8083f27deef1341ae3086bf0d5a45bd1,a264f9f6df4fae96803cb1057b5fedc2d14ddccb52b4eb699c12be7c2ccc333e,a264f9f6df4fae96803cb1057b5fedc2d14ddccb52b4eb699c12be7c2ccc333e,1787976782.320259,35366.222,17683170,0,0.9500646591186523,0.8073930740356445,1.579880714416504,-0.00057220458984375,-0.00095367431640625,0.00514984130859375,-0.0073261260986328125,0.10012245178222656,-0.0024423599243164062,-0.021978378295898438,-0.0073261260986328125,-0.0073261260986328125,-0.0073261260986328125,5.340171813964844,3.2752132415771484,-1.057387351989746,0.026862144470214844,-0.1196584701538086,0.0,3.302099818939185,3.9049762862064,-1.0499343954674414,0.009079009440430493,-0.004304877715247004
22,1,train,2,1,0.3490658503988659,0.8916712690042914,3,s,af3726fcacd0ac1320a56ea850b0a2c0f5430cf4eb20a45c078706980f08407e,d24fbe3839599a6a097188bae8cd47ce8083f27deef1341ae3086bf0d5a45bd1,a264f9f6df4fae96803cb1057b5fedc2d14ddccb52b4eb699c12be7c2ccc333e,a264f9f6df4fae96803cb1057b5fedc2d14ddccb52b4eb699c12be7c2ccc333e,1787976782.3228312,35366.224,17683171,0,0.9500646591186523,0.8073930740356445,1.579880714416504,-0.00057220458984375,-0.00095367431640625,0.00514984130859375,-0.0073261260986328125,0.08547019958496094,-0.0024423599243164062,-0.021978378295898438,-0.021978378295898438,-0.0073261260986328125,-0.0073261260986328125,5.340171813964844,3.3162384033203125,-1.0476188659667969,0.026862144470214844,-0.1196584701538086,0.0,3.302099818939185,3.9049762862064,-1.0499343954674414,0.009079009440430493,-0.004304877715247004
22,1,train,2,1,0.3490658503988659,0.8942292710053152,3,s,af3726fcacd0ac1320a56ea850b0a2c0f5430cf4eb20a45c078706980f08407e,d24fbe3839599a6a097188bae8cd47ce8083f27deef1341ae3086bf0d5a45bd1,a264f9f6df4fae96803cb1057b5fedc2d14ddccb52b4eb699c12be7c2ccc333e,a264f9f6df4fae96803cb1057b5fedc2d14ddccb52b4eb699c12be7c2ccc333e,1787976782.3241768,35366.225999999995,17683172,0,0.9500646591186523,0.807774543762207,1.579880714416504,-0.00057220458984375,-0.00095367431640625,0.00514984130859375,-0.0073261260986328125,0.09035396575927734,-0.0024423599243164062,-0.03663063049316406,0.0073261260986328125,-0.0073261260986328125,-0.0073261260986328125,5.271793365478516,3.329914093017578,-1.0427350997924805,0.021978378295898438,-0.1196584701538086,0.0,3.2964785831046814,3.9077233341472644,-1.0505110993104814,0.009075458876322658,-0.004306459389441665
22,1,train,2,1,0.3490658503988659,0.895574589005264,3,s,af3726fcacd0ac1320a56ea850b0a2c0f5430cf4eb20a45c078706980f08407e,d24fbe3839599a6a097188bae8cd47ce8083f27deef1341ae3086bf0d5a45bd1,a264f9f6df4fae96803cb1057b5fedc2d14ddccb52b4eb699c12be7c2ccc333e,a264f9f6df4fae96803cb1057b5fedc2d14ddccb52b4eb699c12be7c2ccc333e,1787976782.3266616,35366.227999999996,17683173,0,0.9500646591186523,0.8081560134887695,1.579880714416504,-0.00095367431640625,-0.00095367431640625,0.00514984130859375,-0.0073261260986328125,0.124542236328125,-0.0024423599243164062,-0.05128288269042969,0.0073261260986328125,-0.0073261260986328125,-0.0073261260986328125,5.162391662597656,3.3435897827148438,-1.0280828475952148,0.017093658447265625,-0.1196584701538086,0.0,3.2914334185429737,3.9098932624659897,-1.050511099310481,0.009075458876322658,-0.004306459389441665
22,1,train,2,1,0.3490658503988659,0.8980597110057715,3,s,af3726fcacd0ac1320a56ea850b0a2c0f5430cf4eb20a45c078706980f08407e,d24fbe3839599a6a097188bae8cd47ce8083f27deef1341ae3086bf0d5a45bd1,a264f9f6df4fae96803cb1057b5fedc2d14ddccb52b4eb699c12be7c2ccc333e,a264f9f6df4fae96803cb1057b5fedc2d14ddccb52b4eb699c12be7c2ccc333e,1787976782.3285866,35366.229999999996,17683174,0,0.9500646591186523,0.808537483215332,1.579880714416504,-0.00095367431640625,-0.00095367431640625,0.00514984130859375,-0.0073261260986328125,0.16361427307128906,-0.0024423599243164062,-0.0659332275390625,0.0073261260986328125,-0.0073261260986328125,-0.0073261260986328125,5.039318084716797,3.3162384033203125,-1.018315315246582,0.017093658447265625,-0.1196584701538086,0.0,3.28581107117163,3.912639325663411,-1.0510876502840383,0.009071906991561757,-0.0043080404369640135
22,1,train,2,1,0.3490658503988659,0.8999819250020664,3,s,af3726fcacd0ac1320a56ea850b0a2c0f5430cf4eb20a45c078706980f08407e,d24fbe3839599a6a097188bae8cd47ce8083f27deef1341ae3086bf0d5a45bd1,a264f9f6df4fae96803cb1057b5fedc2d14ddccb52b4eb699c12be7c2ccc333e,a264f9f6df4fae96803cb1057b5fedc2d14ddccb52b4eb699c12be7c2ccc333e,1787976782.3304837,35366.231999999996,17683175,0,0.9500646591186523,0.8089189529418945,1.579880714416504,-0.00095367431640625,-0.00095367431640625,0.00514984130859375,-0.0073261260986328125,0.20757007598876953,-0.0024423599243164062,-0.0659332275390625,0.0073261260986328125,-0.0073261260986328125,-0.0073261260986328125,4.861537933349609,3.3435897827148438,-1.0036630630493164,0.017093658447265625,-0.1196584701538086,0.0,3.280188245651846,3.9153848194968823,-1.051664048304214,0.009068353786664655,-0.004309620857583978
22,1,train,2,1,0.3490658503988659,0.9018759930040687,3,s,af3726fcacd0ac1320a56ea850b0a2c0f5430cf4eb20a45c078706980f08407e,d24fbe3839599a6a097188bae8cd47ce8083f27deef1341ae3086bf0d5a45bd1,a264f9f6df4fae96803cb1057b5fedc2d14ddccb52b4eb699c12be7c2ccc333e,a264f9f6df4fae96803cb1057b5fedc2d14ddccb52b4eb699c12be7c2ccc333e,1787976782.3323934,35366.234,17683176,0,0.9500646591186523,0.8096818923950195,1.579880714416504,-0.00133514404296875,-0.00095367431640625,0.00514984130859375,-0.0073261260986328125,0.2612943649291992,-0.0024423599243164062,-0.0659332275390625,-0.0073261260986328125,-0.0073261260986328125,-0.0073261260986328125,4.75213623046875,3.329914093017578,-0.9938945770263672,0.017093658447265625,-0.1196584701538086,0.0,3.269517255301764,3.920298005612163,-1.0522402932871302,0.009064799262148416,-0.004311200651071578
22,1,train,2,1,0.3490658503988659,0.903785977003281,3,s,af3726fcacd0ac1320a56ea850b0a2c0f5430cf4eb20a45c078706980f08407e,d24fbe3839599a6a097188bae8cd47ce8083f27deef1341ae3086bf0d5a45bd1,a264f9f6df4fae96803cb1057b5fedc2d14ddccb52b4eb699c12be7c2ccc333e,a264f9f6df4fae96803cb1057b5fedc2d14ddccb52b4eb699c12be7c2ccc333e,1787976782.334307,35366.236,17683177,0,0.9500646591186523,0.810063362121582,1.579880714416504,-0.00133514404296875,-0.00095367431640625,0.00514984130859375,0.0073261260986328125,0.3052501678466797,-0.0024423599243164062,-0.0659332275390625,-0.021978378295898438,-0.0073261260986328125,-0.012209892272949219,4.6837615966796875,3.3162384033203125,-0.9841270446777344,0.017093658447265625,-0.1196584701538086,0.0,3.2638928470413817,3.923041942161925,-1.0528163851489327,0.009061243418530283,-0.004312779817196919
22,1,train,2,1,0.3490658503988659,0.9057137929994497,3,s,af3726fcacd0ac1320a56ea850b0a2c0f5430cf4eb20a45c078706980f08407e,d24fbe3839599a6a097188bae8cd47ce8083f27deef1341ae3086bf0d5a45bd1,a264f9f6df4fae96803cb1057b5fedc2d14ddccb52b4eb699c12be7c2ccc333e,a264f9f6df4fae96803cb1057b5fedc2d14ddccb52b4eb699c12be7c2ccc333e,1787976782.3362522,35366.238,17683178,0,0.9500646591186523,0.810826301574707,1.579880714416504,-0.00133514404296875,-0.00095367431640625,0.00514984130859375,-0.0073261260986328125,0.33455467224121094,-0.0024423599243164062,-0.03663063049316406,-0.0073261260986328125,-0.0073261260986328125,-0.012209892272949219,4.670085906982422,3.3435897827148438,-0.979243278503418,0.017093658447265625,-0.1196584701538086,0.0,3.2526426064624028,3.928528102229046,-1.0539681091738902,0.009054127776058327,-0.004315936266441728
22,1,train,2,1,0.3490658503988659,0.907646323001245,3,s,af3726fcacd0ac1320a56ea850b0a2c0f5430cf4eb20a45c078706980f08407e,d24fbe3839599a6a097188bae8cd47ce8083f27deef1341ae3086bf0d5a45bd1,a264f9f6df4fae96803cb1057b5fedc2d14ddccb52b4eb699c12be7c2ccc333e,a264f9f6df4fae96803cb1057b5fedc2d14ddccb52b4eb699c12be7c2ccc333e,1787976782.3382208,35366.24,17683179,0,0.9500646591186523,0.811589241027832,1.579880714416504,-0.00133514404296875,-0.00095367431640625,0.00514984130859375,-0.0073261260986328125,0.34920597076416016,-0.0024423599243164062,-0.021978378295898438,-0.0073261260986328125,-0.0073261260986328125,-0.012209892272949219,4.724784851074219,3.3572654724121094,-0.979243278503418,0.021978378295898438,-0.1196584701538086,0.0,3.241390472596332,3.9340119755919627,-1.0551192197086938,0.009047006863390633,-0.004319090203481113
22,1,train,2,1,0.3490658503988659,0.9096137610031292,3,s,af3726fcacd0ac1320a56ea850b0a2c0f5430cf4eb20a45c078706980f08407e,d24fbe3839599a6a097188bae8cd47ce8083f27deef1341ae3086bf0d5a45bd1,a264f9f6df4fae96803cb1057b5fedc2d14ddccb52b4eb699c12be7c2ccc333e,a264f9f6df4fae96803cb1057b5fedc2d14ddccb52b4eb699c12be7c2ccc333e,1787976782.3407068,35366.242,17683180,0,0.9500646591186523,0.8119707107543945,1.579880714416504,-0.00133514404296875,-0.00095367431640625,0.00514984130859375,-0.021978378295898438,0.33943843841552734,-0.0024423599243164062,-0.0073261260986328125,-0.021978378295898438,-0.0073261260986328125,-0.012209892272949219,4.820514678955078,3.329914093017578,-0.979243278503418,0.021978378295898438,-0.1196584701538086,0.0,3.235763697727344,3.936753053761781,-1.055694544707889,0.009043444432028544,-0.0043206662293500155
22,1,train,2,1,0.3490658503988659,0.9121234560006997,3,s,af3726fcacd0ac1320a56ea850b0a2c0f5430cf4eb20a45c078706980f08407e,d24fbe3839599a6a097188bae8cd47ce8083f27deef1341ae3086bf0d5a45bd1,a264f9f6df4fae96803cb1057b5fedc2d14ddccb52b4eb699c12be7c2ccc333e,a264f9f6df4fae96803cb1057b5fedc2d14ddccb52b4eb699c12be7c2ccc333e,1787976782.3427722,35366.244,17683181,0,0.9500646591186523,0.8127336502075195,1.579880714416504,-0.00133514404296875,-0.00095367431640625,0.00514984130859375,-0.0073261260986328125,0.3101339340209961,-0.0024423599243164062,-0.021978378295898438,-0.03663063049316406,-0.0073261260986328125,-0.012209892272949219,4.970939636230469,3.2752132415771484,-0.9890108108520508,0.021978378295898438,-0.1196584701538086,0.0,3.2245087362114955,3.9422334910837407,-1.0568447337512594,0.00903631562183992,-0.004323816394639532
22,1,train,2,1,0.3490658503988659,0.9141721129999496,3,s,af3726fcacd0ac1320a56ea850b0a2c0f5430cf4eb20a45c078706980f08407e,d24fbe3839599a6a097188bae8cd47ce8083f27deef1341ae3086bf0d5a45bd1,a264f9f6df4fae96803cb1057b5fedc2d14ddccb52b4eb699c12be7c2ccc333e,a264f9f6df4fae96803cb1057b5fedc2d14ddccb52b4eb699c12be7c2ccc333e,1787976782.344714,35366.246,17683182,0,0.9500646591186523,0.813115119934082,1.579880714416504,-0.00133514404296875,-0.00095367431640625,0.00514984130859375,0.0073261260986328125,0.2661781311035156,-0.0024423599243164062,-0.021978378295898438,0.0073261260986328125,-0.0073261260986328125,-0.0073261260986328125,5.135044097900391,3.288888931274414,-0.9890108108520508,0.021978378295898438,-0.11477375030517578,0.0,3.2188805512024428,3.944972849438373,-1.057419597628061,0.009032749244050753,-0.004325390533601736
22,1,train,2,1,0.3490658503988659,0.9161121159995673,3,s,af3726fcacd0ac1320a56ea850b0a2c0f5430cf4eb20a45c078706980f08407e,d24fbe3839599a6a097188bae8cd47ce8083f27deef1341ae3086bf0d5a45bd1,a264f9f6df4fae96803cb1057b5fedc2d14ddccb52b4eb699c12be7c2ccc333e,a264f9f6df4fae96803cb1057b5fedc2d14ddccb52b4eb699c12be7c2ccc333e,1787976782.3466554,35366.248,17683183,0,0.9500646591186523,0.8134965896606445,1.579880714416504,-0.00133514404296875,-0.00095367431640625,0.00514984130859375,-0.0073261260986328125,0.20268630981445312,0.0024423599243164062,-0.03663063049316406,-0.0073261260986328125,-0.0073261260986328125,-0.012209892272949219,5.271793365478516,3.3162384033203125,-0.9890108108520508,0.021978378295898438,-0.11477375030517578,0.0,3.2132518977846245,3.947711633723907,-1.057994307630061,0.009029181551823588,-0.004326964043136785
22,1,train,2,1,0.3490658503988659,0.9180645380038186,3,s,af3726fcacd0ac1320a56ea850b0a2c0f5430cf4eb20a45c078706980f08407e,d24fbe3839599a6a097188bae8cd47ce8083f27deef1341ae3086bf0d5a45bd1,a264f9f6df4fae96803cb1057b5fedc2d14ddccb52b4eb699c12be7c2ccc333e,a264f9f6df4fae96803cb1057b5fedc2d14ddccb52b4eb699c12be7c2ccc333e,1787976782.348608,35366.25,17683184,0,0.9500646591186523,0.813878059387207,1.579880714416504,-0.00171661376953125,-0.00095367431640625,0.00514984130859375,-0.0073261260986328125,0.16361427307128906,0.0024423599243164062,-0.05128288269042969,-0.0073261260986328125,-0.0073261260986328125,-0.012209892272949219,5.326496124267578,3.3572654724121094,-0.9890108108520508,0.021978378295898438,-0.11477375030517578,0.0,3.20819733282069,3.949875287498232,-1.057994307630061,0.00902918155182359,-0.004326964043136785
22,1,train,2,1,0.3490658503988659,0.9200072570019984,3,s,af3726fcacd0ac1320a56ea850b0a2c0f5430cf4eb20a45c078706980f08407e,d24fbe3839599a6a097188bae8cd47ce8083f27deef1341ae3086bf0d5a45bd1,a264f9f6df4fae96803cb1057b5fedc2d14ddccb52b4eb699c12be7c2ccc333e,a264f9f6df4fae96803cb1057b5fedc2d14ddccb52b4eb699c12be7c2ccc333e,1787976782.3505108,35366.252,17683185,0,0.9500646591186523,0.813878059387207,1.579880714416504,-0.00171661376953125,-0.00095367431640625,0.00514984130859375,-0.0073261260986328125,0.14896202087402344,-0.0024423599243164062,-0.0659332275390625,0.0073261260986328125,-0.0073261260986328125,-0.012209892272949219,5.326496124267578,3.3572654724121094,-0.979243278503418,0.021978378295898438,-0.11477375030517578,0.0,3.20819733282069,3.949875287498232,-1.057994307630061,0.00902918155182359,-0.004326964043136785
22,1,train,2,1,0.3490658503988659,0.9219072030027746,3,s,af3726fcacd0ac1320a56ea850b0a2c0f5430cf4eb20a45c078706980f08407e,d24fbe3839599a6a097188bae8cd47ce8083f27deef1341ae3086bf0d5a45bd1,a264f9f6df4fae96803cb1057b5fedc2d14ddccb52b4eb699c12be7c2ccc333e,a264f9f6df4fae96803cb1057b5fedc2d14ddccb52b4eb699c12be7c2ccc333e,1787976782.3530157,35366.254,17683186,0,0.9500646591186523,0.8142595291137695,1.579880714416504,-0.00171661376953125,-0.00095367431640625,0.00514984130859375,0.0073261260986328125,0.15873050689697266,-0.0024423599243164062,-0.05128288269042969,0.0073261260986328125,-0.0073261260986328125,-0.012209892272949219,5.271793365478516,3.329914093017578,-0.9743585586547852,0.021978378295898438,-0.1196584701538086,0.0,3.2025675910006015,3.95261307649206,-1.0585688636736281,0.009025612545677596,-0.004328536923015701
22,1,train,2,1,0.3490658503988659,0.9244114120010636,3,s,af3726fcacd0ac1320a56ea850b0a2c0f5430cf4eb20a45c078706980f08407e,d24fbe3839599a6a097188bae8cd47ce8083f27deef1341ae3086bf0d5a45bd1,a264f9f6df4fae96803cb1057b5fedc2d14ddccb52b4eb699c12be7c2ccc333e,a264f9f6df4fae96803cb1057b5fedc2d14ddccb52b4eb699c12be7c2ccc333e,1787976782.3543563,35366.256,17683187,0,0.9500646591186523,0.8150224685668945,1.579880714416504,-0.00209808349609375,-0.00095367431640625,0.00514984130859375,0.0073261260986328125,0.1782665252685547,-0.0024423599243164062,-0.0659332275390625,0.0073261260986328125,-0.0073261260986328125,-0.012209892272949219,5.24444580078125,3.329914093017578,-0.9645910263061523,0.021978378295898438,-0.1196584701538086,0.0,3.1918809579508807,3.957512680662811,-1.0591432656751536,0.009022042226132131,-0.004330109173009602
22,1,train,2,1,0.3490658503988659,0.925747309003782,3,s,af3726fcacd0ac1320a56ea850b0a2c0f5430cf4eb20a45c078706980f08407e,d24fbe3839599a6a097188bae8cd47ce8083f27deef1341ae3086bf0d5a45bd1,a264f9f6df4fae96803cb1057b5fedc2d14ddccb52b4eb699c12be7c2ccc333e,a264f9f6df4fae96803cb1057b5fedc2d14ddccb52b4eb699c12be7c2ccc333e,1787976782.3562534,35366.258,17683188,0,0.9500646591186523,0.815403938293457,1.579880714416504,-0.00209808349609375,-0.00095367431640625,0.00514984130859375,-0.021978378295898438,0.1880340576171875,-0.0024423599243164062,-0.0659332275390625,0.0073261260986328125,-0.0073261260986328125,-0.0073261260986328125,5.176067352294922,3.3572654724121094,-0.9548225402832031,0.017093658447265625,-0.1196584701538086,0.0,3.186249666274833,3.960248897128273,-1.0597175135510508,0.009018470593706751,-0.004331680792889696
22,1,train,2,1,0.3490658503988659,0.9276478410029085,3,s,af3726fcacd0ac1320a56ea850b0a2c0f5430cf4eb20a45c078706980f08407e,d24fbe3839599a6a097188bae8cd47ce8083f27deef1341ae3086bf0d5a45bd1,a264f9f6df4fae96803cb1057b5fedc2d14ddccb52b4eb699c12be7c2ccc333e,a264f9f6df4fae96803cb1057b5fedc2d14ddccb52b4eb699c12be7c2ccc333e,1787976782.3587728,35366.26,17683189,0,0.9500646591186523,0.8157854080200195,1.579880714416504,-0.00209808349609375,-0.00095367431640625,0.00514984130859375,-0.0073261260986328125,0.21245384216308594,-0.0024423599243164062,-0.0659332275390625,-0.0073261260986328125,-0.0073261260986328125,-0.012209892272949219,5.0666656494140625,3.384614944458008,-0.9450550079345703,0.017093658447265625,-0.11477375030517578,0.0,3.180617910938439,3.9629845373016783,-1.0602916072177555,0.009014897648921185,-0.004333251782427277
22,1,train,2,1,0.3490658503988659,0.9301705450052395,3,s,af3726fcacd0ac1320a56ea850b0a2c0f5430cf4eb20a45c078706980f08407e,d24fbe3839599a6a097188bae8cd47ce8083f27deef1341ae3086bf0d5a45bd1,a264f9f6df4fae96803cb1057b5fedc2d14ddccb52b4eb699c12be7c2ccc333e,a264f9f6df4fae96803cb1057b5fedc2d14ddccb52b4eb699c12be7c2ccc333e,1787976782.3606746,35366.261999999995,17683190,0,0.9500646591186523,0.8165483474731445,1.579880714416504,-0.00209808349609375,-0.00095367431640625,0.00514984130859375,-0.0073261260986328125,0.2612943649291992,-0.0024423599243164062,-0.0659332275390625,-0.0073261260986328125,-0.0073261260986328125,-0.012209892272949219,4.957263946533203,3.3982906341552734,-0.9401712417602539,0.017093658447265625,-0.11477375030517578,0.0,3.169353012562799,3.9684540871800555,-1.0614393315894433,0.00900774782434944,-0.004336391869560571
22,1,train,2,1,0.3490658503988659,0.9320806550022098,3,s,af3726fcacd0ac1320a56ea850b0a2c0f5430cf4eb20a45c078706980f08407e,d24fbe3839599a6a097188bae8cd47ce8083f27deef1341ae3086bf0d5a45bd1,a264f9f6df4fae96803cb1057b5fedc2d14ddccb52b4eb699c12be7c2ccc333e,a264f9f6df4fae96803cb1057b5fedc2d14ddccb52b4eb699c12be7c2ccc333e,1787976782.3625984,35366.263999999996,17683191,0,0.9500646591186523,0.816929817199707,1.579880714416504,-0.00209808349609375,-0.00095367431640625,0.00514984130859375,-0.0073261260986328125,0.3052501678466797,-0.0024423599243164062,-0.03663063049316406,-0.0073261260986328125,-0.0073261260986328125,-0.012209892272949219,4.888889312744141,3.384614944458008,-0.9352865219116211,0.017093658447265625,-0.11477375030517578,0.0,3.1637198711628094,3.971187996089104,-1.0620129621274115,0.009004170945603691,-0.004337960966699339
22,1,train,2,1,0.3490658503988659,0.9339926140019088,3,s,af3726fcacd0ac1320a56ea850b0a2c0f5430cf4eb20a45c078706980f08407e,d24fbe3839599a6a097188bae8cd47ce8083f27deef1341ae3086bf0d5a45bd1,a264f9f6df4fae96803cb1057b5fedc2d14ddccb52b4eb699c12be7c2ccc333e,a264f9f6df4fae96803cb1057b5fedc2d14ddccb52b4eb699c12be7c2ccc333e,1787976782.3644898,35366.265999999996,17683192,0,0.9500646591186523,0.817692756652832,1.579880714416504,-0.00209808349609375,-0.00095367431640625,0.00514984130859375,-0.0073261260986328125,0.3247861862182617,-0.0024423599243164062,-0.0073261260986328125,-0.0073261260986328125,-0.0073261260986328125,-0.012209892272949219,4.861537933349609,3.3572654724121094,-0.9401712417602539,0.017093658447265625,-0.11477375030517578,0.0,3.152452208037147,3.9766540798577346,-1.0631597594902225,0.008997013257794971,-0.0043410972669794485
22,1,train,2,1,0.3490658503988659,0.9358836070023244,3,s,af3726fcacd0ac1320a56ea850b0a2c0f5430cf4eb20a45c078706980f08407e,d24fbe3839599a6a097188bae8cd47ce8083f27deef1341ae3086bf0d5a45bd1,a264f9f6df4fae96803cb1057b5fedc2d14ddccb52b4eb699c12be7c2ccc333e,a264f9f6df4fae96803cb1057b5fedc2d14ddccb52b4eb699c12be7c2ccc333e,1787976782.3663633,35366.268,17683193,0,0.9500646591186523,0.818455696105957,1.579880714416504,-0.00209808349609375,-0.00095367431640625,0.00514984130859375,-0.0073261260986328125,0.3296699523925781,-0.0024423599243164062,-0.021978378295898438,0.0073261260986328125,-0.0073261260986328125,-0.0073261260986328125,4.847862243652344,3.3572654724121094,-0.9450550079345703,0.017093658447265625,-0.11477375030517578,0.0,3.1411827099428793,3.982117848909155,-1.0643059380126358,0.008989850333035532,-0.004344231040408502
22,1,train,2,1,0.3490658503988659,0.9377534310042392,3,s,af3726fcacd0ac1320a56ea850b0a2c0f5430cf4eb20a45c078706980f08407e,d24fbe3839599a6a097188bae8cd47ce8083f27deef1341ae3086bf0d5a45bd1,a264f9f6df4fae96803cb1057b5fedc2d14ddccb52b4eb699c12be7c2ccc333e,a264f9f6df4fae96803cb1057b5fedc2d14ddccb52b4eb699c12be7c2ccc333e,1787976782.3684077,35366.27,17683194,0,0.9500646591186523,0.8188371658325195,1.579880714416504,-0.00209808349609375,-0.00095367431640625,0.00514984130859375,-0.0073261260986328125,0.33455467224121094,-0.0024423599243164062,-0.021978378295898438,-0.021978378295898438,-0.0073261260986328125,-0.0073261260986328125,4.861537933349609,3.3982906341552734,-0.9499387741088867,0.017093658447265625,-0.11477375030517578,0.0,3.135547274832386,3.984848864422007,-1.064878795000191,0.008986266908102104,-0.004345796978983797
22,1,train,2,1,0.3490658503988659,0.9398002939997241,3,s,af3726fcacd0ac1320a56ea850b0a2c0f5430cf4eb20a45c078706980f08407e,d24fbe3839599a6a097188bae8cd47ce8083f27deef1341ae3086bf0d5a45bd1,a264f9f6df4fae96803cb1057b5fedc2d14ddccb52b4eb699c12be7c2ccc333e,a264f9f6df4fae96803cb1057b5fedc2d14ddccb52b4eb699c12be7c2ccc333e,1787976782.3703086,35366.272,17683195,0,0.9500646591186523,0.8196001052856445,1.579880714416504,-0.00209808349609375,-0.00095367431640625,0.00514984130859375,-0.0073261260986328125,0.3150186538696289,-0.0024423599243164062,-0.0073261260986328125,-0.021978378295898438,-0.0073261260986328125,-0.0073261260986328125,4.916240692138672,3.370939254760742,-0.9548225402832031,0.017093658447265625,-0.11477375030517578,0.0,3.1242750365850047,3.9903091554349133,-1.066024044011189,0.008979096135735113,-0.004348926958716549
22,1,train,2,1,0.3490658503988659,0.9417029350006487,3,s,af3726fcacd0ac1320a56ea850b0a2c0f5430cf4eb20a45c078706980f08407e,d24fbe3839599a6a097188bae8cd47ce8083f27deef1341ae3086bf0d5a45bd1,a264f9f6df4fae96803cb1057b5fedc2d14ddccb52b4eb699c12be7c2ccc333e,a264f9f6df4fae96803cb1057b5fedc2d14ddccb52b4eb699c12be7c2ccc333e,1787976782.3722005,35366.274,17683196,0,0.9500646591186523,0.819981575012207,1.579880714416504,-0.00247955322265625,-0.00095367431640625,0.00514984130859375,-0.0073261260986328125,0.2954826354980469,-0.0024423599243164062,-0.03663063049316406,-0.0073261260986328125,-0.0073261260986328125,-0.0073261260986328125,4.957263946533203,3.370939254760742,-0.9597072601318359,0.021978378295898438,-0.11477375030517578,0.0,3.1192106269452298,3.9924660382836024,-1.066024044011189,0.008979096135735113,-0.004348926958716548
22,1,train,2,1,0.3490658503988659,0.9435946990051889,3,s,af3726fcacd0ac1320a56ea850b0a2c0f5430cf4eb20a45c078706980f08407e,d24fbe3839599a6a097188bae8cd47ce8083f27deef1341ae3086bf0d5a45bd1,a264f9f6df4fae96803cb1057b5fedc2d14ddccb52b4eb699c12be7c2ccc333e,a264f9f6df4fae96803cb1057b5fedc2d14ddccb52b4eb699c12be7c2ccc333e,1787976782.3746881,35366.276,17683197,0,0.9500646591186523,0.820744514465332,1.579880714416504,-0.00247955322265625,-0.00095367431640625,0.00514984130859375,-0.0073261260986328125,0.28571414947509766,-0.0024423599243164062,-0.021978378295898438,-0.021978378295898438,-0.0073261260986328125,-0.012209892272949219,5.011966705322266,3.370939254760742,-0.9499387741088867,0.021978378295898438,-0.11477375030517578,0.0,3.1079353528039877,3.997923154610486,-1.0671686725145557,0.008971920136846548,-0.004352054407040767
22,1,train,2,1,0.3490658503988659,0.9460813210025663,3,s,af3726fcacd0ac1320a56ea850b0a2c0f5430cf4eb20a45c078706980f08407e,d24fbe3839599a6a097188bae8cd47ce8083f27deef1341ae3086bf0d5a45bd1,a264f9f6df4fae96803cb1057b5fedc2d14ddccb52b4eb699c12be7c2ccc333e,a264f9f6df4fae96803cb1057b5fedc2d14ddccb52b4eb699c12be7c2ccc333e,1787976782.3766286,35366.278,17683198,0,0.9500646591186523,0.8211259841918945,1.579880714416504,-0.00247955322265625,-0.00095367431640625,0.00514984130859375,-0.0073261260986328125,0.2661781311035156,-0.0024423599243164062,-0.021978378295898438,-0.021978378295898438,-0.0073261260986328125,-0.012209892272949219,5.094017028808594,3.384614944458008,-0.9548225402832031,0.021978378295898438,-0.11477375030517578,0.0,3.1022970369269878,4.000650840310864,-1.0677407538676573,0.008968330178761856,-0.0043536171813557374
22,1,train,2,1,0.3490658503988659,0.9480197270022472,3,s,af3726fcacd0ac1320a56ea850b0a2c0f5430cf4eb20a45c078706980f08407e,d24fbe3839599a6a097188bae8cd47ce8083f27deef1341ae3086bf0d5a45bd1,a264f9f6df4fae96803cb1057b5fedc2d14ddccb52b4eb699c12be7c2ccc333e,a264f9f6df4fae96803cb1057b5fedc2d14ddccb52b4eb699c12be7c2ccc333e,1787976782.37855,35366.28,17683199,0,0.9500646591186523,0.821507453918457,1.579880714416504,-0.00247955322265625,-0.00095367431640625,0.00514984130859375,-0.0073261260986328125,0.2564105987548828,-0.0024423599243164062,-0.03663063049316406,-0.0073261260986328125,-0.0073261260986328125,-0.0073261260986328125,5.148719787597656,3.3982906341552734,-0.9499387741088867,0.021978378295898438,-0.1196584701538086,0.0,3.09665826960636,4.003377943839928,-1.0683126798440306,0.008964738915613384,-0.004355179322136034
22,1,train,2,1,0.3490658503988659,0.9499429140050779,3,s,af3726fcacd0ac1320a56ea850b0a2c0f5430cf4eb20a45c078706980f08407e,d24fbe3839599a6a097188bae8cd47ce8083f27deef1341ae3086bf0d5a45bd1,a264f9f6df4fae96803cb1057b5fedc2d14ddccb52b4eb699c12be7c2ccc333e,a264f9f6df4fae96803cb1057b5fedc2d14ddccb52b4eb699c12be7c2ccc333e,1787976782.3804345,35366.282,17683200,0,0.9500646591186523,0.822270393371582,1.579880714416504,-0.00247955322265625,-0.00095367431640625,0.00514984130859375,-0.0073261260986328125,0.2564105987548828,-0.0024423599243164062,-0.03663063049316406,0.0073261260986328125,-0.0073261260986328125,-0.0073261260986328125,5.121368408203125,3.425640106201172,-0.9499387741088867,0.021978378295898438,-0.11477375030517578,0.0,3.0853793839164743,4.008830402796827,-1.0694560653337137,0.00895755247621564,-0.004358301702183415
22,1,train,2,1,0.3490658503988659,0.9518401200039079,3,s,af3726fcacd0ac1320a56ea850b0a2c0f5430cf4eb20a45c078706980f08407e,d24fbe3839599a6a097188bae8cd47ce8083f27deef1341ae3086bf0d5a45bd1,a264f9f6df4fae96803cb1057b5fedc2d14ddccb52b4eb699c12be7c2ccc333e,a264f9f6df4fae96803cb1057b5fedc2d14ddccb52b4eb699c12be7c2ccc333e,1787976782.3823457,35366.284,17683201,0,0.9500646591186523,0.8226518630981445,1.579880714416504,-0.00247955322265625,-0.00095367431640625,0.00514984130859375,0.0073261260986328125,0.2661781311035156,-0.0024423599243164062,-0.03663063049316406,-0.0073261260986328125,-0.0073261260986328125,-0.0073261260986328125,5.107692718505859,3.4393157958984375,-0.9499387741088867,0.021978378295898438,-0.1196584701538086,0.0,3.0797392671885104,4.011555757431221,-1.0700275246806386,0.00895395730101214,-0.004359861940996131
22,1,train,2,1,0.3490658503988659,0.9537368540040916,3,s,af3726fcacd0ac1320a56ea850b0a2c0f5430cf4eb20a45c078706980f08407e,d24fbe3839599a6a097188bae8cd47ce8083f27deef1341ae3086bf0d5a45bd1,a264f9f6df4fae96803cb1057b5fedc2d14ddccb52b4eb699c12be7c2ccc333e,a264f9f6df4fae96803cb1057b5fedc2d14ddccb52b4eb699c12be7c2ccc333e,1787976782.3842824,35366.286,17683202,0,0.9500646591186523,0.8234148025512695,1.579880714416504,-0.00247955322265625,-0.00095367431640625,0.00514984130859375,-0.0073261260986328125,0.28083038330078125,-0.0024423599243164062,-0.021978378295898438,0.0073261260986328125,-0.0073261260986328125,-0.0073261260986328125,5.0666656494140625,3.4393157958984375,-0.9499387741088867,0.017093658447265625,-0.1196584701538086,0.0,3.0684576900702734,4.0170047150289445,-1.071169976162863,0.008946763042211717,-0.004362980515064392
22,1,train,2,1,0.3490658503988659,0.9556753550059511,3,s,af3726fcacd0ac1320a56ea850b0a2c0f5430cf4eb20a45c078706980f08407e,d24fbe3839599a6a097188bae8cd47ce8083f27deef1341ae3086bf0d5a45bd1,a264f9f6df4fae96803cb1057b5fedc2d14ddccb52b4eb699c12be7c2ccc333e,a264f9f6df4fae96803cb1057b5fedc2d14ddccb52b4eb699c12be7c2ccc333e,1787976782.3868034,35366.288,17683203,0,0.9500646591186523,0.823796272277832,1.579880714416504,-0.00247955322265625,-0.00095367431640625,0.00514984130859375,-0.0073261260986328125,0.29059791564941406,-0.0024423599243164062,-0.021978378295898438,-0.0073261260986328125,-0.0073261260986328125,-0.0073261260986328125,5.039318084716797,3.384614944458008,-0.9499387741088867,0.017093658447265625,-0.1196584701538086,0.0,3.062816231321679,4.019728317199347,-1.0717409681319139,0.008943163959661698,-0.0043645388498661265
22,1,train,2,1,0.3490658503988659,0.9582037420041161,3,s,af3726fcacd0ac1320a56ea850b0a2c0f5430cf4eb20a45c078706980f08407e,d24fbe3839599a6a097188bae8cd47ce8083f27deef1341ae3086bf0d5a45bd1,a264f9f6df4fae96803cb1057b5fedc2d14ddccb52b4eb699c12be7c2ccc333e,a264f9f6df4fae96803cb1057b5fedc2d14ddccb52b4eb699c12be7c2ccc333e,1787976782.3887057,35366.29,17683204,0,0.9500646591186523,0.824559211730957,1.579880714416504,-0.00247955322265625,-0.00095367431640625,0.00514984130859375,-0.0073261260986328125,0.3003664016723633,-0.0024423599243164062,-0.0073261260986328125,-0.0073261260986328125,-0.0073261260986328125,-0.0073261260986328125,4.998291015625,3.370939254760742,-0.9548225402832031,0.017093658447265625,-0.1196584701538086,0.0,3.0515319775502503,4.025173766301551,-1.0728824841104434,0.00893596189088071,-0.00436765361387096
22,1,train,2,1,0.3490658503988659,0.9601207580053597,3,s,af3726fcacd0ac1320a56ea850b0a2c0f5430cf4eb20a45c078706980f08407e,d24fbe3839599a6a097188bae8cd47ce8083f27deef1341ae3086bf0d5a45bd1,a264f9f6df4fae96803cb1057b5fedc2d14ddccb52b4eb699c12be7c2ccc333e,a264f9f6df4fae96803cb1057b5fedc2d14ddccb52b4eb699c12be7c2ccc333e,1787976782.390624,35366.292,17683205,0,0.9500646591186523,0.825322151184082,1.579880714416504,-0.00247955322265625,-0.00095367431640625,0.00514984130859375,-0.0073261260986328125,0.3003664016723633,-0.0024423599243164062,-0.021978378295898438,-0.021978378295898438,-0.0073261260986328125,-0.0073261260986328125,4.957263946533203,3.3435897827148438,-0.9548225402832031,0.017093658447265625,-0.1196584701538086,0.0,3.0402459475535193,4.03061687244437,-1.0740233755892041,0.00892875462068558,-0.004370765835566912
22,1,train,2,1,0.3490658503988659,0.9620164869993459,3,s,af3726fcacd0ac1320a56ea850b0a2c0f5430cf4eb20a45c078706980f08407e,d24fbe3839599a6a097188bae8cd47ce8083f27deef1341ae3086bf0d5a45bd1,a264f9f6df4fae96803cb1057b5fedc2d14ddccb52b4eb699c12be7c2ccc333e,a264f9f6df4fae96803cb1057b5fedc2d14ddccb52b4eb699c12be7c2ccc333e,1787976782.3925266,35366.294,17683206,0,0.9500646591186523,0.8257036209106445,1.579880714416504,-0.00247955322265625,-0.00095367431640625,0.00514984130859375,-0.0073261260986328125,0.3101339340209961,-0.0024423599243164062,-0.021978378295898438,0.0073261260986328125,-0.0073261260986328125,-0.0073261260986328125,4.957263946533203,3.3572654724121094,-0.9548225402832031,0.017093658447265625,-0.1196584701538086,0.0,3.034602268523542,4.033337545915864,-1.0745935869336307,0.008925149036368586,-0.00437232099248289
22,1,train,2,1,0.3490658503988659,0.9639214440030628,3,s,af3726fcacd0ac1320a56ea850b0a2c0f5430cf4eb20a45c078706980f08407e,d24fbe3839599a6a097188bae8cd47ce8083f27deef1341ae3086bf0d5a45bd1,a264f9f6df4fae96803cb1057b5fedc2d14ddccb52b4eb699c12be7c2ccc333e,a264f9f6df4fae96803cb1057b5fedc2d14ddccb52b4eb699c12be7c2ccc333e,1787976782.3944187,35366.295999999995,17683207,0,0.9500646591186523,0.8264665603637695,1.579880714416504,-0.00247955322265625,-0.00095367431640625,0.00514984130859375,-0.0073261260986328125,0.3101339340209961,-0.0024423599243164062,-0.0073261260986328125,-0.021978378295898438,-0.0073261260986328125,-0.0073261260986328125,5.011966705322266,3.370939254760742,-0.9597072601318359,0.017093658447265625,-0.11477375030517578,0.0,3.0233135865066894,4.038777131679464,-1.075733540417692,0.008917933971919157,-0.004375429397319323
22,1,train,2,1,0.3490658503988659,0.9658133490011096,3,s,af3726fcacd0ac1320a56ea850b0a2c0f5430cf4eb20a45c078706980f08407e,d24fbe3839599a6a097188bae8cd47ce8083f27deef1341ae3086bf0d5a45bd1,a264f9f6df4fae96803cb1057b5fedc2d14ddccb52b4eb699c12be7c2ccc333e,a264f9f6df4fae96803cb1057b5fedc2d14ddccb52b4eb699c12be7c2ccc333e,1787976782.3963294,35366.297999999995,17683208,0,0.9500646591186523,0.826848030090332,1.579880714416504,-0.00247955322265625,-0.00095367431640625,0.00514984130859375,-0.0073261260986328125,0.28571414947509766,-0.0024423599243164062,-0.0073261260986328125,-0.021978378295898438,-0.0073261260986328125,-0.0073261260986328125,5.052989959716797,3.411966323852539,-0.9597072601318359,0.021978378295898438,-0.1196584701538086,0.0,3.0176685851625247,4.041496043180008,-1.0763032823914414,0.008914324492836648,-0.004376982644787446
22,1,train,2,1,0.3490658503988659,0.9677228250002372,3,s,af3726fcacd0ac1320a56ea850b0a2c0f5430cf4eb20a45c078706980f08407e,d24fbe3839599a6a097188bae8cd47ce8083f27deef1341ae3086bf0d5a45bd1,a264f9f6df4fae96803cb1057b5fedc2d14ddccb52b4eb699c12be7c2ccc333e,a264f9f6df4fae96803cb1057b5fedc2d14ddccb52b4eb699c12be7c2ccc333e,1787976782.3990664,35366.299999999996,17683209,0,0.9500646591186523,0.827610969543457,1.579880714416504,-0.00286102294921875,-0.00095367431640625,0.00514984130859375,0.0073261260986328125,0.28083038330078125,-0.0024423599243164062,-0.021978378295898438,-0.0073261260986328125,-0.0073261260986328125,-0.0073261260986328125,5.094017028808594,3.4393157958984375,-0.9597072601318359,0.021978378295898438,-0.1196584701538086,0.0,3.0069466945554058,4.046362672794928,-1.0768728677424515,0.00891071371654921,-0.004378535255320772
22,1,train,2,1,0.3490658503988659,0.9704787740047323,3,s,af3726fcacd0ac1320a56ea850b0a2c0f5430cf4eb20a45c078706980f08407e,d24fbe3839599a6a097188bae8cd47ce8083f27deef1341ae3086bf0d5a45bd1,a264f9f6df4fae96803cb1057b5fedc2d14ddccb52b4eb699c12be7c2ccc333e,a264f9f6df4fae96803cb1057b5fedc2d14ddccb52b4eb699c12be7c2ccc333e,1787976782.4004207,35366.301999999996,17683210,0,0.9500646591186523,0.8279924392700195,1.579880714416504,-0.00286102294921875,-0.00095367431640625,0.00514984130859375,-0.021978378295898438,0.27594661712646484,-0.0024423599243164062,-0.021978378295898438,-0.021978378295898438,-0.0073261260986328125,-0.0073261260986328125,5.121368408203125,3.4666671752929688,-0.9645910263061523,0.021978378295898438,-0.1196584701538086,0.0,3.001300221501668,4.049079975552129,-1.077442296387837,0.008907101643582278,-0.004380087228693368
22,1,train,2,1,0.3490658503988659,0.9718299270025454,3,s,af3726fcacd0ac1320a56ea850b0a2c0f5430cf4eb20a45c078706980f08407e,d24fbe3839599a6a097188bae8cd47ce8083f27deef1341ae3086bf0d5a45bd1,a264f9f6df4fae96803cb1057b5fedc2d14ddccb52b4eb699c12be7c2ccc333e,a264f9f6df4fae96803cb1057b5fedc2d14ddccb52b4eb699c12be7c2ccc333e,1787976782.4023259,35366.304,17683211,0,0.9500646591186523,0.828373908996582,1.579880714416504,-0.00286102294921875,-0.00095367431640625,0.00514984130859375,-0.0073261260986328125,0.2612943649291992,-0.0024423599243164062,-0.021978378295898438,-0.0073261260986328125,-0.0073261260986328125,-0.0073261260986328125,5.121368408203125,3.452991485595703,-0.9597072601318359,0.021978378295898438,-0.1196584701538086,0.0,2.9956533117012785,4.051796689090649,-1.0780115682447342,0.008903488274461488,-0.004381638564679391
22,1,train,2,1,0.3490658503988659,0.9737172580062179,3,s,af3726fcacd0ac1320a56ea850b0a2c0f5430cf4eb20a45c078706980f08407e,d24fbe3839599a6a097188bae8cd47ce8083f27deef1341ae3086bf0d5a45bd1,a264f9f6df4fae96803cb1057b5fedc2d14ddccb52b4eb699c12be7c2ccc333e,a264f9f6df4fae96803cb1057b5fedc2d14ddccb52b4eb699c12be7c2ccc333e,1787976782.4042342,35366.306,17683212,0,0.9500646591186523,0.829136848449707,1.579880714416504,-0.00286102294921875,-0.00095367431640625,0.00514984130859375,-0.0073261260986328125,0.2661781311035156,-0.0024423599243164062,-0.021978378295898438,-0.0073261260986328125,-0.0073261260986328125,-0.0073261260986328125,5.080341339111328,3.452991485595703,-0.9645910263061523,0.021978378295898438,-0.1196584701538086,0.0,2.984358185147515,4.057228346930408,-1.0791496412617296,0.008896257649861756,-0.004384739323588816
22,1,train,2,1,0.3490658503988659,0.9756262920054724,3,s,af3726fcacd0ac1320a56ea850b0a2c0f5430cf4eb20a45c078706980f08407e,d24fbe3839599a6a097188bae8cd47ce8083f27deef1341ae3086bf0d5a45bd1,a264f9f6df4fae96803cb1057b5fedc2d14ddccb52b4eb699c12be7c2ccc333e,a264f9f6df4fae96803cb1057b5fedc2d14ddccb52b4eb699c12be7c2ccc333e,1787976782.406698,35366.308,17683213,0,0.9500646591186523,0.829899787902832,1.579880714416504,-0.00247955322265625,-0.00095367431640625,0.00514984130859375,-0.0073261260986328125,0.28571414947509766,-0.0024423599243164062,-0.0073261260986328125,0.0073261260986328125,-0.0073261260986328125,-0.0073261260986328125,4.984615325927734,3.4803409576416016,-0.9645910263061523,0.021978378295898438,-0.1196584701538086,0.0,2.9724928347964275,4.063226129824876,-1.080855572803308,0.008885402004959651,-0.0043893856759129445
22,1,train,2,1,0.3490658503988659,0.9781157410034211,3,s,af3726fcacd0ac1320a56ea850b0a2c0f5430cf4eb20a45c078706980f08407e,d24fbe3839599a6a097188bae8cd47ce8083f27deef1341ae3086bf0d5a45bd1,a264f9f6df4fae96803cb1057b5fedc2d14ddccb52b4eb699c12be7c2ccc333e,a264f9f6df4fae96803cb1057b5fedc2d14ddccb52b4eb699c12be7c2ccc333e,1787976782.4086192,35366.31,17683214,0,0.9500646591186523,0.8302812576293945,1.579880714416504,-0.00247955322265625,-0.00095367431640625,0.00514984130859375,-0.0073261260986328125,0.3003664016723633,-0.0024423599243164062,-0.0073261260986328125,-0.0073261260986328125,-0.0073261260986328125,-0.012209892272949219,4.902565002441406,3.4803409576416016,-0.9694747924804688,0.021978378295898438,-0.1196584701538086,0.0,2.9668439108751974,4.06593973405653,-1.081423902190439,0.00888178086996437,-0.004390933182842048
22,1,train,2,1,0.3490658503988659,0.9800121290027164,3,s,af3726fcacd0ac1320a56ea850b0a2c0f5430cf4eb20a45c078706980f08407e,d24fbe3839599a6a097188bae8cd47ce8083f27deef1341ae3086bf0d5a45bd1,a264f9f6df4fae96803cb1057b5fedc2d14ddccb52b4eb699c12be7c2ccc333e,a264f9f6df4fae96803cb1057b5fedc2d14ddccb52b4eb699c12be7c2ccc333e,1787976782.4104967,35366.312,17683215,0,0.9500646591186523,0.8310441970825195,1.579880714416504,-0.00286102294921875,-0.00095367431640625,0.00514984130859375,-0.0073261260986328125,0.3247861862182617,-0.0024423599243164062,-0.0073261260986328125,0.0073261260986328125,-0.0073261260986328125,-0.0073261260986328125,4.8068389892578125,3.494016647338867,-0.9743585586547852,0.017093658447265625,-0.11477375030517578,0.0,2.956112783225682,4.070797152540077,-1.0819920742096836,0.00887815844249988,-0.004392480050806287
22,1,train,2,1,0.3490658503988659,0.9819089869997697,3,s,af3726fcacd0ac1320a56ea850b0a2c0f5430cf4eb20a45c078706980f08407e,d24fbe3839599a6a097188bae8cd47ce8083f27deef1341ae3086bf0d5a45bd1,a264f9f6df4fae96803cb1057b5fedc2d14ddccb52b4eb699c12be7c2ccc333e,a264f9f6df4fae96803cb1057b5fedc2d14ddccb52b4eb699c12be7c2ccc333e,1787976782.412412,35366.314,17683216,0,0.9500646591186523,0.8318071365356445,1.579880714416504,-0.00247955322265625,-0.00095367431640625,0.00514984130859375,-0.0073261260986328125,0.35409069061279297,-0.0024423599243164062,0.0073261260986328125,0.0073261260986328125,-0.0073261260986328125,-0.0073261260986328125,4.75213623046875,3.507692337036133,-0.9743585586547852,0.017093658447265625,-0.1196584701538086,0.0,2.944243906085423,4.07678823031466,-1.0836956452334057,0.00886728341056343,-0.004397116818659273
22,1,train,2,1,0.3490658503988659,0.9838039759997628,3,s,af3726fcacd0ac1320a56ea850b0a2c0f5430cf4eb20a45c078706980f08407e,d24fbe3839599a6a097188bae8cd47ce8083f27deef1341ae3086bf0d5a45bd1,a264f9f6df4fae96803cb1057b5fedc2d14ddccb52b4eb699c12be7c2ccc333e,a264f9f6df4fae96803cb1057b5fedc2d14ddccb52b4eb699c12be7c2ccc333e,1787976782.4143312,35366.316,17683217,0,0.9500646591186523,0.8325700759887695,1.579880714416504,-0.00247955322265625,-0.00095367431640625,0.00514984130859375,0.0073261260986328125,0.3687419891357422,-0.0024423599243164062,-0.0073261260986328125,-0.0073261260986328125,-0.0073261260986328125,-0.0073261260986328125,4.793163299560547,3.5213680267333984,-0.979243278503418,0.017093658447265625,-0.11477375030517578,0.0,2.9329413297384153,4.082208920517614,-1.0848305708945953,0.008860026936595539,-0.004400204798279267
22,1,train,2,1,0.3490658503988659,0.9857237920004991,3,s,af3726fcacd0ac1320a56ea850b0a2c0f5430cf4eb20a45c078706980f08407e,d24fbe3839599a6a097188bae8cd47ce8083f27deef1341ae3086bf0d5a45bd1,a264f9f6df4fae96803cb1057b5fedc2d14ddccb52b4eb699c12be7c2ccc333e,a264f9f6df4fae96803cb1057b5fedc2d14ddccb52b4eb699c12be7c2ccc333e,1787976782.416224,35366.318,17683218,0,0.9500646591186523,0.8333330154418945,1.579880714416504,-0.00247955322265625,-0.00095367431640625,0.00514984130859375,-0.0073261260986328125,0.3638582229614258,-0.0024423599243164062,0.0073261260986328125,-0.0073261260986328125,-0.0073261260986328125,-0.012209892272949219,4.875213623046875,3.507692337036133,-0.9841270446777344,0.017093658447265625,-0.11477375030517578,0.0,2.9216370461949444,4.087627234562356,-1.0859648651013156,0.008852765305413457,-0.004403290216643095
22,1,train,2,1,0.3490658503988659,0.9876175190001959,3,s,af3726fcacd0ac1320a56ea850b0a2c0f5430cf4eb20a45c078706980f08407e,d24fbe3839599a6a097188bae8cd47ce8083f27deef1341ae3086bf0d5a45bd1,a264f9f6df4fae96803cb1057b5fedc2d14ddccb52b4eb699c12be7c2ccc333e,a264f9f6df4fae96803cb1057b5fedc2d14ddccb52b4eb699c12be7c2ccc333e,1787976782.4186642,35366.32,17683219,0,0.9500646591186523,0.833714485168457,1.579880714416504,-0.00247955322265625,-0.00095367431640625,0.00514984130859375,-0.0073261260986328125,0.34432220458984375,-0.0024423599243164062,0.0073261260986328125,-0.0073261260986328125,-0.0073261260986328125,-0.012209892272949219,4.970939636230469,3.494016647338867,-0.9890108108520508,0.017093658447265625,-0.1196584701538086,0.0,2.915984266280736,4.090335499539756,-1.0865317752029076,0.008849132557187866,-0.004404831964792654
22,1,train,2,1,0.3490658503988659,0.9900548000005074,3,s,af3726fcacd0ac1320a56ea850b0a2c0f5430cf4eb20a45c078706980f08407e,d24fbe3839599a6a097188bae8cd47ce8083f27deef1341ae3086bf0d5a45bd1,a264f9f6df4fae96803cb1057b5fedc2d14ddccb52b4eb699c12be7c2ccc333e,a264f9f6df4fae96803cb1057b5fedc2d14ddccb52b4eb699c12be7c2ccc333e,1787976782.4205341,35366.322,17683220,0,0.9500646591186523,0.834477424621582,1.579880714416504,-0.00247955322265625,-0.00095367431640625,0.00514984130859375,-0.0073261260986328125,0.3101339340209961,-0.0024423599243164062,-0.0073261260986328125,-0.0073261260986328125,-0.0073261260986328125,-0.012209892272949219,5.039318084716797,3.507692337036133,-0.9938945770263672,0.017093658447265625,-0.11477375030517578,0.0,2.9046774342803072,4.095750243434102,-1.0876651209900774,0.008841863198110745,-0.004407913537905297
22,1,train,2,1,0.3490658503988659,0.9919393099989975,3,s,af3726fcacd0ac1320a56ea850b0a2c0f5430cf4eb20a45c078706980f08407e,d24fbe3839599a6a097188bae8cd47ce8083f27deef1341ae3086bf0d5a45bd1,a264f9f6df4fae96803cb1057b5fedc2d14ddccb52b4eb699c12be7c2ccc333e,a264f9f6df4fae96803cb1057b5fedc2d14ddccb52b4eb699c12be7c2ccc333e,1787976782.4224231,35366.324,17683221,0,0.9500646591186523,0.8348588943481445,1.579880714416504,-0.00247955322265625,-0.00095367431640625,0.00514984130859375,0.0073261260986328125,0.29059791564941406,-0.0024423599243164062,0.0073261260986328125,-0.021978378295898438,-0.0073261260986328125,-0.0073261260986328125,5.039318084716797,3.5213680267333984,-0.9938945770263672,0.017093658447265625,-0.1196584701538086,0.0,2.899023383839444,4.098456721563097,-1.0882315565107306,0.008838226588317044,-0.0044094533624199515
22,1,train,2,1,0.3490658503988659,0.9938119360012934,3,s,af3726fcacd0ac1320a56ea850b0a2c0f5430cf4eb20a45c078706980f08407e,d24fbe3839599a6a097188bae8cd47ce8083f27deef1341ae3086bf0d5a45bd1,a264f9f6df4fae96803cb1057b5fedc2d14ddccb52b4eb699c12be7c2ccc333e,a264f9f6df4fae96803cb1057b5fedc2d14ddccb52b4eb699c12be7c2ccc333e,1787976782.424348,35366.326,17683222,0,0.9500646591186523,0.8356218338012695,1.579880714416504,-0.00247955322265625,-0.00095367431640625,0.00514984130859375,-0.0073261260986328125,0.29059791564941406,-0.0024423599243164062,0.021978378295898438,-0.021978378295898438,-0.0073261260986328125,-0.0073261260986328125,4.970939636230469,3.4803409576416016,-0.9938945770263672,0.017093658447265625,-0.1196584701538086,0.0,2.887714018190297,4.103867888215506,-1.0893639523940377,0.008830949510865353,-0.0044125310862455575
22,1,train,2,1,0.3490658503988659,0.9957413930023904,3,s,af3726fcacd0ac1320a56ea850b0a2c0f5430cf4eb20a45c078706980f08407e,d24fbe3839599a6a097188bae8cd47ce8083f27deef1341ae3086bf0d5a45bd1,a264f9f6df4fae96803cb1057b5fedc2d14ddccb52b4eb699c12be7c2ccc333e,a264f9f6df4fae96803cb1057b5fedc2d14ddccb52b4eb699c12be7c2ccc333e,1787976782.426248,35366.328,17683223,0,0.9500646591186523,0.8363847732543945,1.579880714416504,-0.00247955322265625,-0.00095367431640625,0.00514984130859375,-0.0073261260986328125,0.3101339340209961,-0.0024423599243164062,-0.021978378295898438,-0.0073261260986328125,-0.0073261260986328125,-0.0073261260986328125,4.834186553955078,3.507692337036133,-0.9938945770263672,0.021978378295898438,-0.1196584701538086,0.0,2.8764029716704496,4.109276666102525,-1.0904957141840996,0.008823667293124768,-0.004415606241640154
22,1,train,2,1,0.3490658503988659,0.9976393020042451,3,s,af3726fcacd0ac1320a56ea850b0a2c0f5430cf4eb20a45c078706980f08407e,d24fbe3839599a6a097188bae8cd47ce8083f27deef1341ae3086bf0d5a45bd1,a264f9f6df4fae96803cb1057b5fedc2d14ddccb52b4eb699c12be7c2ccc333e,a264f9f6df4fae96803cb1057b5fedc2d14ddccb52b4eb699c12be7c2ccc333e,1787976782.4287126,35366.33,17683224,0,0.9500646591186523,0.8371477127075195,1.579880714416504,-0.00247955322265625,-0.00095367431640625,0.00514984130859375,-0.0073261260986328125,0.34432220458984375,-0.0024423599243164062,-0.0073261260986328125,-0.0073261260986328125,-0.0073261260986328125,-0.0073261260986328125,4.724784851074219,3.494016647338867,-0.9938945770263672,0.021978378295898438,-0.1196584701538086,0.0,2.865090250863794,4.114683052075833,-1.0916268412221455,0.008816379939334089,-0.004418678826813769
22,1,train,2,1,0.3490658503988659,1.0001071370061254,3,s,af3726fcacd0ac1320a56ea850b0a2c0f5430cf4eb20a45c078706980f08407e,d24fbe3839599a6a097188bae8cd47ce8083f27deef1341ae3086bf0d5a45bd1,a264f9f6df4fae96803cb1057b5fedc2d14ddccb52b4eb699c12be7c2ccc333e,a264f9f6df4fae96803cb1057b5fedc2d14ddccb52b4eb699c12be7c2ccc333e,1787976782.4306462,35366.331999999995,17683225,0,0.9500646591186523,0.8379106521606445,1.579880714416504,-0.00247955322265625,-0.00095367431640625,0.00514984130859375,-0.0073261260986328125,0.3785104751586914,-0.0024423599243164062,-0.0073261260986328125,-0.0073261260986328125,-0.0073261260986328125,-0.0073261260986328125,4.642734527587891,3.452991485595703,-0.9938945770263672,0.021978378295898438,-0.1196584701538086,0.0,2.853775862355204,4.120087042988496,-1.0927573328497708,0.008809087453735126,-0.0044217488399779185
22,1,train,2,1,0.3490658503988659,1.002044853004918,3,s,af3726fcacd0ac1320a56ea850b0a2c0f5430cf4eb20a45c078706980f08407e,d24fbe3839599a6a097188bae8cd47ce8083f27deef1341ae3086bf0d5a45bd1,a264f9f6df4fae96803cb1057b5fedc2d14ddccb52b4eb699c12be7c2ccc333e,a264f9f6df4fae96803cb1057b5fedc2d14ddccb52b4eb699c12be7c2ccc333e,1787976782.4325395,35366.333999999995,17683226,0,0.9500646591186523,0.8386735916137695,1.579880714416504,-0.00247955322265625,-0.00095367431640625,0.00514984130859375,-0.0073261260986328125,0.40781402587890625,-0.0024423599243164062,0.0073261260986328125,-0.0073261260986328125,-0.0073261260986328125,-0.0073261260986328125,4.615383148193359,3.4666671752929688,-0.9938945770263672,0.021978378295898438,-0.1196584701538086,0.0,2.842459812730514,4.125488635694984,-1.0938871884089454,0.008801789840572654,-0.004424816279345624
22,1,train,2,1,0.3490658503988659,1.0039307690021815,3,s,af3726fcacd0ac1320a56ea850b0a2c0f5430cf4eb20a45c078706980f08407e,d24fbe3839599a6a097188bae8cd47ce8083f27deef1341ae3086bf0d5a45bd1,a264f9f6df4fae96803cb1057b5fedc2d14ddccb52b4eb699c12be7c2ccc333e,a264f9f6df4fae96803cb1057b5fedc2d14ddccb52b4eb699c12be7c2ccc333e,1787976782.4344223,35366.335999999996,17683227,0,0.9500646591186523,0.8394365310668945,1.579880714416504,-0.00247955322265625,-0.00095367431640625,0.00514984130859375,-0.0073261260986328125,0.41269874572753906,-0.0024423599243164062,-0.0073261260986328125,0.0073261260986328125,-0.0073261260986328125,-0.012209892272949219,4.697437286376953,3.494016647338867,-0.998779296875,0.021978378295898438,-0.1196584701538086,0.0,2.8311421085765365,4.130887827051151,-1.0950164072420048,0.008794487104094445,-0.004427881143131396
22,1,train,2,1,0.3490658503988659,1.0058130450051976,3,s,af3726fcacd0ac1320a56ea850b0a2c0f5430cf4eb20a45c078706980f08407e,d24fbe3839599a6a097188bae8cd47ce8083f27deef1341ae3086bf0d5a45bd1,a264f9f6df4fae96803cb1057b5fedc2d14ddccb52b4eb699c12be7c2ccc333e,a264f9f6df4fae96803cb1057b5fedc2d14ddccb52b4eb699c12be7c2ccc333e,1787976782.4362996,35366.337999999996,17683228,0,0.9500646591186523,0.8401994705200195,1.579880714416504,-0.00247955322265625,-0.00095367431640625,0.00514984130859375,-0.0073261260986328125,0.3833942413330078,-0.0024423599243164062,-0.0073261260986328125,0.0073261260986328125,-0.0073261260986328125,-0.0073261260986328125,4.779487609863281,3.507692337036133,-0.998779296875,0.017093658447265625,-0.11477375030517578,0.0,2.819822756481038,4.136284613914254,-1.0961449886916579,0.008787179248551252,-0.004430943429551252
22,1,train,2,1,0.3490658503988659,1.0076891480057384,3,s,af3726fcacd0ac1320a56ea850b0a2c0f5430cf4eb20a45c078706980f08407e,d24fbe3839599a6a097188bae8cd47ce8083f27deef1341ae3086bf0d5a45bd1,a264f9f6df4fae96803cb1057b5fedc2d14ddccb52b4eb699c12be7c2ccc333e,a264f9f6df4fae96803cb1057b5fedc2d14ddccb52b4eb699c12be7c2ccc333e,1787976782.4382005,35366.34,17683229,0,0.9500646591186523,0.8409624099731445,1.579880714416504,-0.00247955322265625,-0.00095367431640625,0.00514984130859375,-0.0073261260986328125,0.35409069061279297,-0.0024423599243164062,-0.0073261260986328125,-0.021978378295898438,-0.0073261260986328125,-0.0073261260986328125,4.834186553955078,3.4803409576416016,-1.0036630630493164,0.017093658447265625,-0.11477375030517578,0.0,2.808501763032753,4.141678993142953,-1.0972729321009842,0.008779866278196807,-0.0044340031368227065
22,1,train,2,1,0.3490658503988659,1.009590047004167,3,s,af3726fcacd0ac1320a56ea850b0a2c0f5430cf4eb20a45c078706980f08407e,d24fbe3839599a6a097188bae8cd47ce8083f27deef1341ae3086bf0d5a45bd1,a264f9f6df4fae96803cb1057b5fedc2d14ddccb52b4eb699c12be7c2ccc333e,a264f9f6df4fae96803cb1057b5fedc2d14ddccb52b4eb699c12be7c2ccc333e,1787976782.4406312,35366.342,17683230,0,0.9500646591186523,0.841343879699707,1.579880714416504,-0.00247955322265625,-0.00095367431640625,0.00514984130859375,-0.0073261260986328125,0.3247861862182617,-0.0024423599243164062,-0.0073261260986328125,-0.021978378295898438,-0.0073261260986328125,-0.0073261260986328125,4.847862243652344,3.4803409576416016,-0.998779296875,0.017093658447265625,-0.1196584701538086,0.0,2.8028406528605534,4.144375278913113,-1.0978366643353383,0.008776207876295468,-0.004435532022721167
22,1,train,2,1,0.3490658503988659,1.0120431830000598,3,s,af3726fcacd0ac1320a56ea850b0a2c0f5430cf4eb20a45c078706980f08407e,d24fbe3839599a6a097188bae8cd47ce8083f27deef1341ae3086bf0d5a45bd1,a264f9f6df4fae96803cb1057b5fedc2d14ddccb52b4eb699c12be7c2ccc333e,a264f9f6df4fae96803cb1057b5fedc2d14ddccb52b4eb699c12be7c2ccc333e,1787976782.4425378,35366.344,17683231,0,0.9500646591186523,0.842106819152832,1.579880714416504,-0.00247955322265625,-0.00095367431640625,0.00514984130859375,0.0073261260986328125,0.3199024200439453,-0.0024423599243164062,-0.021978378295898438,-0.021978378295898438,-0.0073261260986328125,-0.0073261260986328125,4.765811920166016,3.507692337036133,-0.998779296875,0.017093658447265625,-0.1196584701538086,0.0,2.791517209739043,4.149766040803251,-1.0989636494532589,0.008768887241706404,-0.0044385878579311444
22,1,train,2,1,0.3490658503988659,1.0139288819991634,3,s,af3726fcacd0ac1320a56ea850b0a2c0f5430cf4eb20a45c078706980f08407e,d24fbe3839599a6a097188bae8cd47ce8083f27deef1341ae3086bf0d5a45bd1,a264f9f6df4fae96803cb1057b5fedc2d14ddccb52b4eb699c12be7c2ccc333e,a264f9f6df4fae96803cb1057b5fedc2d14ddccb52b4eb699c12be7c2ccc333e,1787976782.4444447,35366.346,17683232,0,0.9500646591186523,0.842869758605957,1.579880714416504,-0.00247955322265625,-0.00095367431640625,0.00514984130859375,-0.0073261260986328125,0.34432220458984375,-0.0024423599243164062,-0.021978378295898438,-0.021978378295898438,-0.0073261260986328125,-0.012209892272949219,4.642734527587891,3.507692337036133,-0.9938945770263672,0.017093658447265625,-0.1196584701538086,0.0,2.780192141740738,4.15515438721176,-1.1000899948901766,0.008761561502953433,-0.0044416411095430765
22,1,train,2,1,0.3490658503988659,1.0158357350010192,3,s,af3726fcacd0ac1320a56ea850b0a2c0f5430cf4eb20a45c078706980f08407e,d24fbe3839599a6a097188bae8cd47ce8083f27deef1341ae3086bf0d5a45bd1,a264f9f6df4fae96803cb1057b5fedc2d14ddccb52b4eb699c12be7c2ccc333e,a264f9f6df4fae96803cb1057b5fedc2d14ddccb52b4eb699c12be7c2ccc333e,1787976782.446334,35366.348,17683233,0,0.9500646591186523,0.843632698059082,1.579880714416504,-0.00247955322265625,-0.00095367431640625,0.00514984130859375,-0.0073261260986328125,0.3785104751586914,-0.0024423599243164062,-0.0073261260986328125,-0.0073261260986328125,-0.0073261260986328125,-0.012209892272949219,4.574359893798828,3.507692337036133,-0.9938945770263672,0.021978378295898438,-0.1196584701538086,0.0,2.7688654554576955,4.160540315002212,-1.1012156999904714,0.008754230664300698,-0.00444469177577974
22,1,train,2,1,0.3490658503988659,1.017725463003444,3,s,af3726fcacd0ac1320a56ea850b0a2c0f5430cf4eb20a45c078706980f08407e,d24fbe3839599a6a097188bae8cd47ce8083f27deef1341ae3086bf0d5a45bd1,a264f9f6df4fae96803cb1057b5fedc2d14ddccb52b4eb699c12be7c2ccc333e,a264f9f6df4fae96803cb1057b5fedc2d14ddccb52b4eb699c12be7c2ccc333e,1787976782.4482143,35366.35,17683234,0,0.9500646591186523,0.8447780609130859,1.579880714416504,-0.00286102294921875,-0.00095367431640625,0.00514984130859375,-0.0073261260986328125,0.40781402587890625,-0.0024423599243164062,-0.0073261260986328125,-0.021978378295898438,-0.0073261260986328125,-0.0073261260986328125,4.547008514404297,3.5350418090820312,-0.9938945770263672,0.021978378295898438,-0.1196584701538086,0.0,2.7524205348677278,4.168059100194789,-1.1023421700276381,0.008746885556910486,-0.004447743663344535
22,1,train,2,1,0.3490658503988659,1.0196052090032026,3,s,af3726fcacd0ac1320a56ea850b0a2c0f5430cf4eb20a45c078706980f08407e,d24fbe3839599a6a097188bae8cd47ce8083f27deef1341ae3086bf0d5a45bd1,a264f9f6df4fae96803cb1057b5fedc2d14ddccb52b4eb699c12be7c2ccc333e,a264f9f6df4fae96803cb1057b5fedc2d14ddccb52b4eb699c12be7c2ccc333e,1787976782.450675,35366.352,17683235,0,0.9500646591186523,0.8455410003662109,1.579880714416504,-0.00286102294921875,-0.00095367431640625,0.00514984130859375,-0.0073261260986328125,0.4224662780761719,-0.0024423599243164062,-0.0073261260986328125,-0.0073261260986328125,-0.0073261260986328125,-0.0073261260986328125,4.588035583496094,3.5623931884765625,-0.9938945770263672,0.021978378295898438,-0.1196584701538086,0.0,2.741089508651903,4.173439285761668,-1.103466591686852,0.008739544524900993,-0.0044507891502677316
22,1,train,2,1,0.3490658503988659,1.0220692709990544,3,s,af3726fcacd0ac1320a56ea850b0a2c0f5430cf4eb20a45c078706980f08407e,d24fbe3839599a6a097188bae8cd47ce8083f27deef1341ae3086bf0d5a45bd1,a264f9f6df4fae96803cb1057b5fedc2d14ddccb52b4eb699c12be7c2ccc333e,a264f9f6df4fae96803cb1057b5fedc2d14ddccb52b4eb699c12be7c2ccc333e,1787976782.4525805,35366.354,17683236,0,0.9500646591186523,0.8463039398193359,1.579880714416504,-0.00286102294921875,-0.00095367431640625,0.00514984130859375,-0.0073261260986328125,0.40293025970458984,-0.0024423599243164062,-0.03663063049316406,0.0073261260986328125,-0.0073261260986328125,-0.0073261260986328125,4.697437286376953,3.5623931884765625,-0.9938945770263672,0.021978378295898438,-0.11477375030517578,0.0,2.7297568869120683,4.178817042067277,-1.104590371044005,0.008732198405807304,-0.004453832046490796
22,1,train,2,1,0.3490658503988659,1.02397239900165,3,s,af3726fcacd0ac1320a56ea850b0a2c0f5430cf4eb20a45c078706980f08407e,d24fbe3839599a6a097188bae8cd47ce8083f27deef1341ae3086bf0d5a45bd1,a264f9f6df4fae96803cb1057b5fedc2d14ddccb52b4eb699c12be7c2ccc333e,a264f9f6df4fae96803cb1057b5fedc2d14ddccb52b4eb699c12be7c2ccc333e,1787976782.4544654,35366.356,17683237,0,0.9500646591186523,0.8466854095458984,1.579880714416504,-0.00247955322265625,-0.00095367431640625,0.00514984130859375,-0.0073261260986328125,0.3687419891357422,-0.0024423599243164062,-0.0073261260986328125,-0.0073261260986328125,-0.0073261260986328125,-0.0073261260986328125,4.779487609863281,3.5623931884765625,-0.9938945770263672,0.021978378295898438,-0.1196584701538086,0.0,2.7235284919919134,4.182066496058933,-1.1057135074449722,0.008724847203905425,-0.004456872350242532
22,1,train,2,1,0.3490658503988659,1.0258558860004996,3,s,af3726fcacd0ac1320a56ea850b0a2c0f5430cf4eb20a45c078706980f08407e,d24fbe3839599a6a097188bae8cd47ce8083f27deef1341ae3086bf0d5a45bd1,a264f9f6df4fae96803cb1057b5fedc2d14ddccb52b4eb699c12be7c2ccc333e,a264f9f6df4fae96803cb1057b5fedc2d14ddccb52b4eb699c12be7c2ccc333e,1787976782.4563506,35366.358,17683238,0,0.9500646591186523,0.8474483489990234,1.579880714416504,-0.00247955322265625,-0.00095367431640625,0.00514984130859375,-0.0073261260986328125,0.3247861862182617,-0.0024423599243164062,-0.0073261260986328125,-0.0073261260986328125,-0.0073261260986328125,-0.012209892272949219,4.779487609863281,3.5623931884765625,-0.9938945770263672,0.021978378295898438,-0.1196584701538086,0.0,2.712193811221367,4.1874402807171665,-1.1068360002360007,0.00871749092347431,-0.0044599100597532484
22,1,train,2,1,0.3490658503988659,1.0277454669994768,3,s,af3726fcacd0ac1320a56ea850b0a2c0f5430cf4eb20a45c078706980f08407e,d24fbe3839599a6a097188bae8cd47ce8083f27deef1341ae3086bf0d5a45bd1,a264f9f6df4fae96803cb1057b5fedc2d14ddccb52b4eb699c12be7c2ccc333e,a264f9f6df4fae96803cb1057b5fedc2d14ddccb52b4eb699c12be7c2ccc333e,1787976782.4582329,35366.36,17683239,0,0.9500646591186523,0.8482112884521484,1.579880714416504,-0.00247955322265625,-0.00095367431640625,0.00514984130859375,-0.0073261260986328125,0.3199024200439453,-0.0024423599243164062,0.0073261260986328125,0.0073261260986328125,-0.0073261260986328125,-0.012209892272949219,4.738460540771484,3.548717498779297,-0.998779296875,0.021978378295898438,-0.1196584701538086,0.0,2.7008575517463242,4.1928116279644785,-1.1079578487637147,0.008710129568795886,-0.004462945173254767
22,1,train,2,1,0.3490658503988659,1.0296257190057077,3,s,af3726fcacd0ac1320a56ea850b0a2c0f5430cf4eb20a45c078706980f08407e,d24fbe3839599a6a097188bae8cd47ce8083f27deef1341ae3086bf0d5a45bd1,a264f9f6df4fae96803cb1057b5fedc2d14ddccb52b4eb699c12be7c2ccc333e,a264f9f6df4fae96803cb1057b5fedc2d14ddccb52b4eb699c12be7c2ccc333e,1787976782.4604,35366.362,17683240,0,0.9500646591186523,0.8489742279052734,1.579880714416504,-0.00286102294921875,-0.00095367431640625,0.00514984130859375,-0.0073261260986328125,0.33455467224121094,-0.0024423599243164062,-0.021978378295898438,0.0073261260986328125,-0.0073261260986328125,-0.012209892272949219,4.642734527587891,3.589742660522461,-0.998779296875,0.021978378295898438,-0.1196584701538086,0.0,2.690080241315711,4.197620013523974,-1.1085185312247519,0.008706446989952842,-0.004464461755949935
22,1,train,2,1,0.3490658503988659,1.031806785002118,3,s,af3726fcacd0ac1320a56ea850b0a2c0f5430cf4eb20a45c078706980f08407e,d24fbe3839599a6a097188bae8cd47ce8083f27deef1341ae3086bf0d5a45bd1,a264f9f6df4fae96803cb1057b5fedc2d14ddccb52b4eb699c12be7c2ccc333e,a264f9f6df4fae96803cb1057b5fedc2d14ddccb52b4eb699c12be7c2ccc333e,1787976782.4622946,35366.364,17683241,0,0.9500646591186523,0.8497371673583984,1.579880714416504,-0.00247955322265625,-0.00095367431640625,0.00514984130859375,0.0073261260986328125,0.3687419891357422,-0.0024423599243164062,-0.0073261260986328125,-0.0073261260986328125,-0.0073261260986328125,-0.012209892272949219,4.519657135009766,3.589742660522461,-0.998779296875,0.021978378295898438,-0.1196584701538086,0.0,2.6781803230779326,4.203546997721618,-1.1101996104175684,0.008695391653839552,-0.004469007605165046
22,1,train,2,1,0.3490658503988659,1.0336852020045626,3,s,af3726fcacd0ac1320a56ea850b0a2c0f5430cf4eb20a45c078706980f08407e,d24fbe3839599a6a097188bae8cd47ce8083f27deef1341ae3086bf0d5a45bd1,a264f9f6df4fae96803cb1057b5fedc2d14ddccb52b4eb699c12be7c2ccc333e,a264f9f6df4fae96803cb1057b5fedc2d14ddccb52b4eb699c12be7c2ccc333e,1787976782.464736,35366.366,17683242,0,0.9500646591186523,0.8505001068115234,1.579880714416504,-0.00286102294921875,-0.00095367431640625,0.00514984130859375,-0.0073261260986328125,0.41269874572753906,-0.0024423599243164062,-0.021978378295898438,-0.0073261260986328125,-0.0073261260986328125,-0.012209892272949219,4.451282501220703,3.576068878173828,-1.0036630630493164,0.021978378295898438,-0.1196584701538086,0.0,2.6673992421767023,4.208351138890408,-1.1107596471465992,0.008691704010394583,-0.004470521587878278
22,1,train,2,1,0.3490658503988659,1.036129851003352,3,s,af3726fcacd0ac1320a56ea850b0a2c0f5430cf4eb20a45c078706980f08407e,d24fbe3839599a6a097188bae8cd47ce8083f27deef1341ae3086bf0d5a45bd1,a264f9f6df4fae96803cb1057b5fedc2d14ddccb52b4eb699c12be7c2ccc333e,a264f9f6df4fae96803cb1057b5fedc2d14ddccb52b4eb699c12be7c2ccc333e,1787976782.4666228,35366.367999999995,17683243,0,0.9500646591186523,0.8516445159912109,1.579880714416504,-0.00286102294921875,-0.00095367431640625,0.00514984130859375,-0.0073261260986328125,0.4322347640991211,-0.0024423599243164062,-0.021978378295898438,-0.021978378295898438,-0.0073261260986328125,-0.012209892272949219,4.382907867431641,3.589742660522461,-1.0036630630493164,0.021978378295898438,-0.1196584701538086,0.0,2.650384414279136,4.216393054127261,-1.112438787187024,0.008680633493350787,-0.004475059631858171
22,1,train,2,1,0.3490658503988659,1.0380160480053746,3,s,af3726fcacd0ac1320a56ea850b0a2c0f5430cf4eb20a45c078706980f08407e,d24fbe3839599a6a097188bae8cd47ce8083f27deef1341ae3086bf0d5a45bd1,a264f9f6df4fae96803cb1057b5fedc2d14ddccb52b4eb699c12be7c2ccc333e,a264f9f6df4fae96803cb1057b5fedc2d14ddccb52b4eb699c12be7c2ccc333e,1787976782.4685102,35366.369999999995,17683244,0,0.9500646591186523,0.8524074554443359,1.579880714416504,-0.00286102294921875,-0.00095367431640625,0.00514984130859375,-0.0073261260986328125,0.4371185302734375,-0.0024423599243164062,0.0073261260986328125,-0.0073261260986328125,-0.0073261260986328125,-0.0073261260986328125,4.396579742431641,3.589742660522461,-0.998779296875,0.017093658447265625,-0.1196584701538086,0.0,2.639039265896769,4.221751263772293,-1.1135574046106522,0.00867324683176788,-0.004478081738843927
22,1,train,2,1,0.3490658503988659,1.0399016060036956,3,s,af3726fcacd0ac1320a56ea850b0a2c0f5430cf4eb20a45c078706980f08407e,d24fbe3839599a6a097188bae8cd47ce8083f27deef1341ae3086bf0d5a45bd1,a264f9f6df4fae96803cb1057b5fedc2d14ddccb52b4eb699c12be7c2ccc333e,a264f9f6df4fae96803cb1057b5fedc2d14ddccb52b4eb699c12be7c2ccc333e,1787976782.4704094,35366.371999999996,17683245,0,0.9500646591186523,0.8531703948974609,1.579880714416504,-0.00247955322265625,-0.00095367431640625,0.00514984130859375,-0.0073261260986328125,0.41758251190185547,-0.0024423599243164062,0.0073261260986328125,-0.0073261260986328125,-0.0073261260986328125,-0.0073261260986328125,4.410255432128906,3.617094039916992,-1.0036630630493164,0.017093658447265625,-0.1196584701538086,0.0,2.6271338400367314,4.2276657573895,-1.1152341152133096,0.008662157374811958,-0.004482610011423553
22,1,train,2,1,0.3490658503988659,1.0418041850061854,3,s,af3726fcacd0ac1320a56ea850b0a2c0f5430cf4eb20a45c078706980f08407e,d24fbe3839599a6a097188bae8cd47ce8083f27deef1341ae3086bf0d5a45bd1,a264f9f6df4fae96803cb1057b5fedc2d14ddccb52b4eb699c12be7c2ccc333e,a264f9f6df4fae96803cb1057b5fedc2d14ddccb52b4eb699c12be7c2ccc333e,1787976782.4723244,35366.373999999996,17683246,0,0.9500646591186523,0.8539333343505859,1.579880714416504,-0.00247955322265625,-0.00095367431640625,0.00514984130859375,-0.0073261260986328125,0.39804649353027344,-0.0024423599243164062,0.021978378295898438,-0.021978378295898438,-0.0073261260986328125,-0.0073261260986328125,4.410255432128906,3.6034183502197266,-1.0085468292236328,0.017093658447265625,-0.1196584701538086,0.0,2.615785950670224,4.233018724494866,-1.1163511109776951,0.00865475810006258,-0.004485625598648049
22,1,train,2,1,0.3490658503988659,1.0437177160056308,3,s,af3726fcacd0ac1320a56ea850b0a2c0f5430cf4eb20a45c078706980f08407e,d24fbe3839599a6a097188bae8cd47ce8083f27deef1341ae3086bf0d5a45bd1,a264f9f6df4fae96803cb1057b5fedc2d14ddccb52b4eb699c12be7c2ccc333e,a264f9f6df4fae96803cb1057b5fedc2d14ddccb52b4eb699c12be7c2ccc333e,1787976782.4748237,35366.376,17683247,0,0.9500646591186523,0.8546962738037109,1.579880714416504,-0.00247955322265625,-0.00095367431640625,0.00514984130859375,-0.0073261260986328125,0.3882780075073242,-0.0024423599243164062,-0.0073261260986328125,-0.0073261260986328125,-0.0073261260986328125,-0.0073261260986328125,4.410255432128906,3.630769729614258,-1.0134305953979492,0.017093658447265625,-0.1196584701538086,0.0,2.6044365387159725,4.2383692276591685,-1.1174674569402425,0.008647353787581196,-0.004488638574894935
22,1,train,2,1,0.3490658503988659,1.0462152790059918,3,s,af3726fcacd0ac1320a56ea850b0a2c0f5430cf4eb20a45c078706980f08407e,d24fbe3839599a6a097188bae8cd47ce8083f27deef1341ae3086bf0d5a45bd1,a264f9f6df4fae96803cb1057b5fedc2d14ddccb52b4eb699c12be7c2ccc333e,a264f9f6df4fae96803cb1057b5fedc2d14ddccb52b4eb699c12be7c2ccc333e,1787976782.4761438,35366.378,17683248,0,0.9500646591186523,0.8554592132568359,1.579880714416504,-0.00247955322265625,-0.00095367431640625,0.00514984130859375,-0.0073261260986328125,0.39804649353027344,-0.0024423599243164062,0.0073261260986328125,-0.021978378295898438,-0.0073261260986328125,-0.0073261260986328125,4.369232177734375,3.6034183502197266,-1.018315315246582,0.017093658447265625,-0.1196584701538086,0.0,2.593085610780208,4.243717263767998,-1.118583152451153,0.008639944441677688,-0.004491648938410426
22,1,train,2,1,0.3490658503988659,1.0475342780046049,3,s,af3726fcacd0ac1320a56ea850b0a2c0f5430cf4eb20a45c078706980f08407e,d24fbe3839599a6a097188bae8cd47ce8083f27deef1341ae3086bf0d5a45bd1,a264f9f6df4fae96803cb1057b5fedc2d14ddccb52b4eb699c12be7c2ccc333e,a264f9f6df4fae96803cb1057b5fedc2d14ddccb52b4eb699c12be7c2ccc333e,1787976782.478653,35366.38,17683249,0,0.9500646591186523,0.8566036224365234,1.579880714416504,-0.00247955322265625,-0.00095367431640625,0.00514984130859375,0.0073261260986328125,0.4224662780761719,-0.0024423599243164062,-0.0073261260986328125,-0.0073261260986328125,-0.0073261260986328125,-0.0073261260986328125,4.328205108642578,3.617094039916992,-1.0231990814208984,0.017093658447265625,-0.1196584701538086,0.0,2.5760563908645073,4.251734685393022,-1.1202554747001974,0.008628820994591002,-0.00449615958097964
22,1,train,2,1,0.3490658503988659,1.0500572590026422,3,s,af3726fcacd0ac1320a56ea850b0a2c0f5430cf4eb20a45c078706980f08407e,d24fbe3839599a6a097188bae8cd47ce8083f27deef1341ae3086bf0d5a45bd1,a264f9f6df4fae96803cb1057b5fedc2d14ddccb52b4eb699c12be7c2ccc333e,a264f9f6df4fae96803cb1057b5fedc2d14ddccb52b4eb699c12be7c2ccc333e,1787976782.4805725,35366.382,17683250,0,0.9500646591186523,0.8573665618896484,1.579880714416504,-0.00247955322265625,-0.00095367431640625,0.00514984130859375,-0.021978378295898438,0.4420022964477539,-0.0024423599243164062,0.021978378295898438,-0.021978378295898438,-0.0073261260986328125,-0.012209892272949219,4.287178039550781,3.630769729614258,-1.0231990814208984,0.017093658447265625,-0.1196584701538086,0.0,2.564701701882975,4.2570765402471,-1.1213695412416322,0.008621399084007109,-0.004499163405003828
22,1,train,2,1,0.3490658503988659,1.0519819410037599,3,s,af3726fcacd0ac1320a56ea850b0a2c0f5430cf4eb20a45c078706980f08407e,d24fbe3839599a6a097188bae8cd47ce8083f27deef1341ae3086bf0d5a45bd1,a264f9f6df4fae96803cb1057b5fedc2d14ddccb52b4eb699c12be7c2ccc333e,a264f9f6df4fae96803cb1057b5fedc2d14ddccb52b4eb699c12be7c2ccc333e,1787976782.4824812,35366.384,17683251,0,0.9500646591186523,0.8581295013427734,1.579880714416504,-0.00247955322265625,-0.00095367431640625,0.00514984130859375,-0.0073261260986328125,0.4517707824707031,-0.0024423599243164062,0.0073261260986328125,-0.0073261260986328125,-0.0073261260986328125,-0.0073261260986328125,4.287178039550781,3.6581192016601562,-1.0280828475952148,0.017093658447265625,-0.1196584701538086,0.0,2.5533455200486492,4.262415917156619,-1.1224829550601185,0.008613972155108715,-0.004502164610170362
22,1,train,2,1,0.3490658503988659,1.0538729840045562,3,s,af3726fcacd0ac1320a56ea850b0a2c0f5430cf4eb20a45c078706980f08407e,d24fbe3839599a6a097188bae8cd47ce8083f27deef1341ae3086bf0d5a45bd1,a264f9f6df4fae96803cb1057b5fedc2d14ddccb52b4eb699c12be7c2ccc333e,a264f9f6df4fae96803cb1057b5fedc2d14ddccb52b4eb699c12be7c2ccc333e,1787976782.4843998,35366.386,17683252,0,0.9500646591186523,0.8588924407958984,1.579880714416504,-0.00247955322265625,-0.00095367431640625,0.00514984130859375,-0.0073261260986328125,0.4371185302734375,-0.0024423599243164062,-0.021978378295898438,0.0073261260986328125,-0.0073261260986328125,-0.012209892272949219,4.287178039550781,3.617094039916992,-1.0280828475952148,0.017093658447265625,-0.1196584701538086,0.0,2.5419878519716903,4.267752813013655,-1.123595715507564,0.008606540212218863,-0.004505163194732314
22,1,train,2,1,0.3490658503988659,1.0557939560021623,3,s,af3726fcacd0ac1320a56ea850b0a2c0f5430cf4eb20a45c078706980f08407e,d24fbe3839599a6a097188bae8cd47ce8083f27deef1341ae3086bf0d5a45bd1,a264f9f6df4fae96803cb1057b5fedc2d14ddccb52b4eb699c12be7c2ccc333e,a264f9f6df4fae96803cb1057b5fedc2d14ddccb52b4eb699c12be7c2ccc333e,1787976782.4862778,35366.388,17683253,0,0.9500646591186523,0.8596553802490234,1.579880714416504,-0.00247955322265625,-0.00095367431640625,0.00514984130859375,-0.021978378295898438,0.41758251190185547,-0.0024423599243164062,-0.0073261260986328125,-0.0073261260986328125,-0.0073261260986328125,-0.012209892272949219,4.328205108642578,3.6444435119628906,-1.0280828475952148,0.021978378295898438,-0.1196584701538086,0.0,2.530628704263133,4.273087224711727,-1.1247078219362578,0.008599103259663508,-0.004508159156944277
22,1,train,2,1,0.3490658503988659,1.0576714230046491,3,s,af3726fcacd0ac1320a56ea850b0a2c0f5430cf4eb20a45c078706980f08407e,d24fbe3839599a6a097188bae8cd47ce8083f27deef1341ae3086bf0d5a45bd1,a264f9f6df4fae96803cb1057b5fedc2d14ddccb52b4eb699c12be7c2ccc333e,a264f9f6df4fae96803cb1057b5fedc2d14ddccb52b4eb699c12be7c2ccc333e,1787976782.4881701,35366.39,17683254,0,0.9500646591186523,0.8607997894287109,1.579880714416504,-0.00247955322265625,-0.00095367431640625,0.00514984130859375,-0.021978378295898438,0.39316272735595703,-0.0024423599243164062,-0.0073261260986328125,-0.0073261260986328125,-0.0073261260986328125,-0.0073261260986328125,4.369232177734375,3.6581192016601562,-1.0280828475952148,0.021978378295898438,-0.1196584701538086,0.0,2.513587222854804,4.2810841776689035,-1.1263747538782045,0.008587938447177874,-0.004512648179541675
22,1,train,2,1,0.3490658503988659,1.0595628090013633,3,s,af3726fcacd0ac1320a56ea850b0a2c0f5430cf4eb20a45c078706980f08407e,d24fbe3839599a6a097188bae8cd47ce8083f27deef1341ae3086bf0d5a45bd1,a264f9f6df4fae96803cb1057b5fedc2d14ddccb52b4eb699c12be7c2ccc333e,a264f9f6df4fae96803cb1057b5fedc2d14ddccb52b4eb699c12be7c2ccc333e,1787976782.490619,35366.392,17683255,0,0.9500646591186523,0.8615627288818359,1.579880714416504,-0.00247955322265625,-0.00095367431640625,0.00514984130859375,-0.0073261260986328125,0.3785104751586914,-0.0024423599243164062,0.0073261260986328125,-0.0073261260986328125,-0.0073261260986328125,-0.0073261260986328125,4.355556488037109,3.6854705810546875,-1.0280828475952148,0.021978378295898438,-0.1196584701538086,0.0,2.502224404996165,4.286412365388193,-1.1274852224287768,0.008580488989403976,-0.0045156375782525356
22,1,train,2,1,0.3490658503988659,1.0620123789994977,3,s,af3726fcacd0ac1320a56ea850b0a2c0f5430cf4eb20a45c078706980f08407e,d24fbe3839599a6a097188bae8cd47ce8083f27deef1341ae3086bf0d5a45bd1,a264f9f6df4fae96803cb1057b5fedc2d14ddccb52b4eb699c12be7c2ccc333e,a264f9f6df4fae96803cb1057b5fedc2d14ddccb52b4eb699c12be7c2ccc333e,1787976782.4925108,35366.394,17683256,0,0.9500646591186523,0.8623256683349609,1.579880714416504,-0.00247955322265625,-0.00095367431640625,0.00514984130859375,-0.0073261260986328125,0.3833942413330078,-0.0024423599243164062,0.0073261260986328125,-0.021978378295898438,-0.0073261260986328125,-0.0073261260986328125,4.3145294189453125,3.671794891357422,-1.0329666137695312,0.021978378295898438,-0.1196584701538086,0.0,2.490860130651298,4.2917380580872315,-1.128595034696606,0.00857303453712838,-0.004518624348516514
22,1,train,2,1,0.3490658503988659,1.0639022670002305,3,s,af3726fcacd0ac1320a56ea850b0a2c0f5430cf4eb20a45c078706980f08407e,d24fbe3839599a6a097188bae8cd47ce8083f27deef1341ae3086bf0d5a45bd1,a264f9f6df4fae96803cb1057b5fedc2d14ddccb52b4eb699c12be7c2ccc333e,a264f9f6df4fae96803cb1057b5fedc2d14ddccb52b4eb699c12be7c2ccc333e,1787976782.4943836,35366.396,17683257,0,0.9500646591186523,0.8630886077880859,1.579880714416504,-0.00247955322265625,-0.00095367431640625,0.00514984130859375,-0.0073261260986328125,0.39804649353027344,-0.0024423599243164062,-0.0073261260986328125,-0.0073261260986328125,-0.0073261260986328125,-0.0073261260986328125,4.24615478515625,3.6991443634033203,-1.0329666137695312,0.021978378295898438,-0.1196584701538086,0.0,2.479494406435083,4.2970612526660545,-1.129704190035696,0.008565575094690154,-0.004521608488595082
22,1,train,2,1,0.3490658503988659,1.0657771100013633,3,s,af3726fcacd0ac1320a56ea850b0a2c0f5430cf4eb20a45c078706980f08407e,d24fbe3839599a6a097188bae8cd47ce8083f27deef1341ae3086bf0d5a45bd1,a264f9f6df4fae96803cb1057b5fedc2d14ddccb52b4eb699c12be7c2ccc333e,a264f9f6df4fae96803cb1057b5fedc2d14ddccb52b4eb699c12be7c2ccc333e,1787976782.4962866,35366.398,17683258,0,0.9500646591186523,0.8638515472412109,1.579880714416504,-0.00247955322265625,-0.00095367431640625,0.00514984130859375,-0.0073261260986328125,0.41269874572753906,-0.0024423599243164062,-0.0073261260986328125,-0.0073261260986328125,-0.0073261260986328125,-0.0073261260986328125,4.164104461669922,3.7264957427978516,-1.0329666137695312,0.021978378295898438,-0.1196584701538086,0.0,2.468127238963242,4.302381946026156,-1.130812687800434,0.008558110666431269,-0.00452458999675124
22,1,train,2,1,0.3490658503988659,1.0676818690044456,3,s,af3726fcacd0ac1320a56ea850b0a2c0f5430cf4eb20a45c078706980f08407e,d24fbe3839599a6a097188bae8cd47ce8083f27deef1341ae3086bf0d5a45bd1,a264f9f6df4fae96803cb1057b5fedc2d14ddccb52b4eb699c12be7c2ccc333e,a264f9f6df4fae96803cb1057b5fedc2d14ddccb52b4eb699c12be7c2ccc333e,1787976782.4981751,35366.4,17683259,0,0.9500646591186523,0.8649959564208984,1.579880714416504,-0.00247955322265625,-0.00095367431640625,0.00514984130859375,-0.0073261260986328125,0.4224662780761719,-0.0024423599243164062,0.0073261260986328125,0.0073261260986328125,-0.0073261260986328125,-0.0073261260986328125,4.082050323486328,3.740171432495117,-1.0329666137695312,0.021978378295898438,-0.11477375030517578,0.0,2.451073796125139,4.3103582895068016,-1.1324742000842924,0.008546904685134383,-0.004529057320335045
22,1,train,2,1,0.3490658503988659,1.0695674540038453,3,s,af3726fcacd0ac1320a56ea850b0a2c0f5430cf4eb20a45c078706980f08407e,d24fbe3839599a6a097188bae8cd47ce8083f27deef1341ae3086bf0d5a45bd1,a264f9f6df4fae96803cb1057b5fedc2d14ddccb52b4eb699c12be7c2ccc333e,a264f9f6df4fae96803cb1057b5fedc2d14ddccb52b4eb699c12be7c2ccc333e,1787976782.500622,35366.402,17683260,0,0.9500646591186523,0.8657588958740234,1.579880714416504,-0.00247955322265625,-0.00095367431640625,0.00514984130859375,-0.0073261260986328125,0.4322347640991211,-0.0024423599243164062,-0.0073261260986328125,-0.0073261260986328125,-0.0073261260986328125,-0.0073261260986328125,4.0683746337890625,3.75384521484375,-1.0329666137695312,0.021978378295898438,-0.1196584701538086,0.0,2.439703049463519,4.315672716273689,-1.1335810510911037,0.008539427811338976,-0.004532032241095871
22,1,train,2,1,0.3490658503988659,1.072033857999486,3,s,af3726fcacd0ac1320a56ea850b0a2c0f5430cf4eb20a45c078706980f08407e,d24fbe3839599a6a097188bae8cd47ce8083f27deef1341ae3086bf0d5a45bd1,a264f9f6df4fae96803cb1057b5fedc2d14ddccb52b4eb699c12be7c2ccc333e,a264f9f6df4fae96803cb1057b5fedc2d14ddccb52b4eb699c12be7c2ccc333e,1787976782.5025287,35366.403999999995,17683261,0,0.9500646591186523,0.8665218353271484,1.579880714416504,-0.00247955322265625,-0.00095367431640625,0.00514984130859375,-0.0073261260986328125,0.4273500442504883,-0.0024423599243164062,-0.0073261260986328125,-0.0073261260986328125,-0.0073261260986328125,-0.0073261260986328125,4.095726013183594,3.7675209045410156,-1.0329666137695312,0.021978378295898438,-0.1196584701538086,0.0,2.428330882707888,4.320984630988557,-1.1346872422669327,0.008531945966942624,-0.004535004523866862
22,1,train,2,1,0.3490658503988659,1.0739202780023334,3,s,af3726fcacd0ac1320a56ea850b0a2c0f5430cf4eb20a45c078706980f08407e,d24fbe3839599a6a097188bae8cd47ce8083f27deef1341ae3086bf0d5a45bd1,a264f9f6df4fae96803cb1057b5fedc2d14ddccb52b4eb699c12be7c2ccc333e,a264f9f6df4fae96803cb1057b5fedc2d14ddccb52b4eb699c12be7c2ccc333e,1787976782.5044277,35366.405999999995,17683262,0,0.9500646591186523,0.8672847747802734,1.579880714416504,-0.00286102294921875,-0.00095367431640625,0.00514984130859375,-0.0073261260986328125,0.41758251190185547,-0.0024423599243164062,-0.021978378295898438,-0.0073261260986328125,-0.0073261260986328125,-0.012209892272949219,4.136753082275391,3.740171432495117,-1.0280828475952148,0.021978378295898438,-0.1196584701538086,0.0,2.4175099852286133,4.325741347808574,-1.1352400902169986,0.008528203182129924,-0.004536489675465458
22,1,train,2,1,0.3490658503988659,1.0758221600044635,3,s,af3726fcacd0ac1320a56ea850b0a2c0f5430cf4eb20a45c078706980f08407e,d24fbe3839599a6a097188bae8cd47ce8083f27deef1341ae3086bf0d5a45bd1,a264f9f6df4fae96803cb1057b5fedc2d14ddccb52b4eb699c12be7c2ccc333e,a264f9f6df4fae96803cb1057b5fedc2d14ddccb52b4eb699c12be7c2ccc333e,1787976782.5063322,35366.407999999996,17683263,0,0.9500646591186523,0.8680477142333984,1.579880714416504,-0.00247955322265625,-0.00095367431640625,0.00514984130859375,-0.0073261260986328125,0.40781402587890625,-0.0024423599243164062,-0.021978378295898438,-0.0073261260986328125,-0.0073261260986328125,-0.012209892272949219,4.123077392578125,3.740171432495117,-1.0280828475952148,0.017093658447265625,-0.1196584701538086,0.0,2.405582315393312,4.3316009118959355,-1.1368976425504758,0.00851696738377001,-0.004540941168520506
22,1,train,2,1,0.3490658503988659,1.0777283200004604,3,s,af3726fcacd0ac1320a56ea850b0a2c0f5430cf4eb20a45c078706980f08407e,d24fbe3839599a6a097188bae8cd47ce8083f27deef1341ae3086bf0d5a45bd1,a264f9f6df4fae96803cb1057b5fedc2d14ddccb52b4eb699c12be7c2ccc333e,a264f9f6df4fae96803cb1057b5fedc2d14ddccb52b4eb699c12be7c2ccc333e,1787976782.508239,35366.409999999996,17683264,0,0.9500646591186523,0.8691921234130859,1.579880714416504,-0.00247955322265625,-0.00095367431640625,0.00514984130859375,-0.0073261260986328125,0.41269874572753906,-0.0024423599243164062,-0.0073261260986328125,-0.0073261260986328125,-0.0073261260986328125,-0.012209892272949219,4.041027069091797,3.75384521484375,-1.0280828475952148,0.017093658447265625,-0.1196584701538086,0.0,2.388517211398899,4.33955650545426,-1.1385537059206843,0.008505720430974455,-0.004545386714431018
22,1,train,2,1,0.3490658503988659,1.0796345160051715,3,s,af3726fcacd0ac1320a56ea850b0a2c0f5430cf4eb20a45c078706980f08407e,d24fbe3839599a6a097188bae8cd47ce8083f27deef1341ae3086bf0d5a45bd1,a264f9f6df4fae96803cb1057b5fedc2d14ddccb52b4eb699c12be7c2ccc333e,a264f9f6df4fae96803cb1057b5fedc2d14ddccb52b4eb699c12be7c2ccc333e,1787976782.5107086,35366.412,17683265,0,0.9500646591186523,0.8699550628662109,1.579880714416504,-0.00247955322265625,-0.00095367431640625,0.00514984130859375,-0.021978378295898438,0.4273500442504883,-0.0024423599243164062,-0.0073261260986328125,-0.0073261260986328125,-0.0073261260986328125,-0.012209892272949219,3.9452991485595703,3.712820053100586,-1.0280828475952148,0.017093658447265625,-0.1196584701538086,0.0,2.3771387361480345,4.344857077693426,-1.1396569198945328,0.008498216272808775,-0.004548347104860025
22,1,train,2,1,0.3490658503988659,1.0821180720013217,3,s,af3726fcacd0ac1320a56ea850b0a2c0f5430cf4eb20a45c078706980f08407e,d24fbe3839599a6a097188bae8cd47ce8083f27deef1341ae3086bf0d5a45bd1,a264f9f6df4fae96803cb1057b5fedc2d14ddccb52b4eb699c12be7c2ccc333e,a264f9f6df4fae96803cb1057b5fedc2d14ddccb52b4eb699c12be7c2ccc333e,1787976782.512618,35366.414,17683266,0,0.9500646591186523,0.8710994720458984,1.579880714416504,-0.00247955322265625,-0.00095367431640625,0.00514984130859375,-0.0073261260986328125,0.45665454864501953,-0.0024423599243164062,-0.0073261260986328125,-0.0073261260986328125,-0.0073261260986328125,-0.012209892272949219,3.835897445678711,3.6854705810546875,-1.0280828475952148,0.017093658447265625,-0.1196584701538086,0.0,2.360068430947716,4.352803193139245,-1.141310496840481,0.008486950762027285,-0.004552782725928588
22,1,train,2,1,0.3490658503988659,1.084010942002351,3,s,af3726fcacd0ac1320a56ea850b0a2c0f5430cf4eb20a45c078706980f08407e,d24fbe3839599a6a097188bae8cd47ce8083f27deef1341ae3086bf0d5a45bd1,a264f9f6df4fae96803cb1057b5fedc2d14ddccb52b4eb699c12be7c2ccc333e,a264f9f6df4fae96803cb1057b5fedc2d14ddccb52b4eb699c12be7c2ccc333e,1787976782.5145104,35366.416,17683267,0,0.9500646591186523,0.8718624114990234,1.579880714416504,-0.00247955322265625,-0.00095367431640625,0.00514984130859375,-0.0073261260986328125,0.48107433319091797,-0.0024423599243164062,0.0073261260986328125,-0.0073261260986328125,-0.0073261260986328125,-0.012209892272949219,3.8085460662841797,3.712820053100586,-1.0280828475952148,0.017093658447265625,-0.1196584701538086,0.0,2.3486865089250357,4.358097436997739,-1.1424120511921254,0.008479434245526213,-0.0045557364944141835
22,1,train,2,1,0.3490658503988659,1.0859076490014559,3,s,af3726fcacd0ac1320a56ea850b0a2c0f5430cf4eb20a45c078706980f08407e,d24fbe3839599a6a097188bae8cd47ce8083f27deef1341ae3086bf0d5a45bd1,a264f9f6df4fae96803cb1057b5fedc2d14ddccb52b4eb699c12be7c2ccc333e,a264f9f6df4fae96803cb1057b5fedc2d14ddccb52b4eb699c12be7c2ccc333e,1787976782.5164104,35366.418,17683268,0,0.9500646591186523,0.8726253509521484,1.579880714416504,-0.00286102294921875,-0.00095367431640625,0.00514984130859375,-0.0073261260986328125,0.48107433319091797,-0.0024423599243164062,-0.021978378295898438,0.0073261260986328125,-0.0073261260986328125,-0.012209892272949219,3.835897445678711,3.75384521484375,-1.037851333618164,0.017093658447265625,-0.1196584701538086,0.0,2.33785358131565,4.3628387825810755,-1.1429625790437685,0.008475674136122085,-0.004557212384344057
22,1,train,2,1,0.3490658503988659,1.087803979004093,3,s,af3726fcacd0ac1320a56ea850b0a2c0f5430cf4eb20a45c078706980f08407e,d24fbe3839599a6a097188bae8cd47ce8083f27deef1341ae3086bf0d5a45bd1,a264f9f6df4fae96803cb1057b5fedc2d14ddccb52b4eb699c12be7c2ccc333e,a264f9f6df4fae96803cb1057b5fedc2d14ddccb52b4eb699c12be7c2ccc333e,1787976782.5183284,35366.42,17683269,0,0.9500646591186523,0.8737697601318359,1.579880714416504,-0.00247955322265625,-0.00095367431640625,0.00514984130859375,-0.0073261260986328125,0.46642208099365234,-0.0024423599243164062,0.0073261260986328125,-0.0073261260986328125,-0.0073261260986328125,-0.0073261260986328125,3.8905982971191406,3.7675209045410156,-1.037851333618164,0.017093658447265625,-0.1196584701538086,0.0,2.3202257372328905,4.371321941640742,-1.1451630264201458,0.008460621370250925,-0.004563109310300548
22,1,train,2,1,0.3490658503988659,1.0897283410013188,3,s,af3726fcacd0ac1320a56ea850b0a2c0f5430cf4eb20a45c078706980f08407e,d24fbe3839599a6a097188bae8cd47ce8083f27deef1341ae3086bf0d5a45bd1,a264f9f6df4fae96803cb1057b5fedc2d14ddccb52b4eb699c12be7c2ccc333e,a264f9f6df4fae96803cb1057b5fedc2d14ddccb52b4eb699c12be7c2ccc333e,1787976782.5208454,35366.422,17683270,0,0.9500646591186523,0.8745326995849609,1.579880714416504,-0.00247955322265625,-0.00095367431640625,0.00514984130859375,-0.021978378295898438,0.4371185302734375,-0.0024423599243164062,0.021978378295898438,-0.0073261260986328125,-0.0073261260986328125,-0.0073261260986328125,3.8905982971191406,3.7675209045410156,-1.0427350997924805,0.017093658447265625,-0.1196584701538086,0.0,2.3088390592965125,4.376607293414094,-1.1462622505695768,0.008453087598029823,-0.004566053790017926
22,1,train,2,1,0.3490658503988659,1.092264270002488,3,s,af3726fcacd0ac1320a56ea850b0a2c0f5430cf4eb20a45c078706980f08407e,d24fbe3839599a6a097188bae8cd47ce8083f27deef1341ae3086bf0d5a45bd1,a264f9f6df4fae96803cb1057b5fedc2d14ddccb52b4eb699c12be7c2ccc333e,a264f9f6df4fae96803cb1057b5fedc2d14ddccb52b4eb699c12be7c2ccc333e,1787976782.5222137,35366.424,17683271,0,0.9500646591186523,0.8752956390380859,1.579880714416504,-0.00247955322265625,-0.00095367431640625,0.00514984130859375,-0.0073261260986328125,0.4224662780761719,-0.0024423599243164062,0.0073261260986328125,-0.021978378295898438,-0.0073261260986328125,-0.0073261260986328125,3.835897445678711,3.7811965942382812,-1.0476188659667969,0.017093658447265625,-0.1196584701538086,0.0,2.2974510374389876,4.381890097666837,-1.1473608075065955,0.008445548905464392,-0.004568995611942325
22,1,train,2,1,0.3490658503988659,1.09360912500415,3,s,af3726fcacd0ac1320a56ea850b0a2c0f5430cf4eb20a45c078706980f08407e,d24fbe3839599a6a097188bae8cd47ce8083f27deef1341ae3086bf0d5a45bd1,a264f9f6df4fae96803cb1057b5fedc2d14ddccb52b4eb699c12be7c2ccc333e,a264f9f6df4fae96803cb1057b5fedc2d14ddccb52b4eb699c12be7c2ccc333e,1787976782.5246923,35366.426,17683272,0,0.9500646591186523,0.8764400482177734,1.579880714416504,-0.00247955322265625,-0.00095367431640625,0.00514984130859375,-0.0073261260986328125,0.4322347640991211,-0.0024423599243164062,-0.0073261260986328125,-0.0073261260986328125,-0.0073261260986328125,-0.0073261260986328125,3.7264957427978516,3.7811965942382812,-1.0525026321411133,0.021978378295898438,-0.1196584701538086,0.0,2.2803664993010537,4.389809520718659,-1.1490073904901736,0.008434231650570376,-0.004573403357721711
22,1,train,2,1,0.3490658503988659,1.0960880890052067,3,s,af3726fcacd0ac1320a56ea850b0a2c0f5430cf4eb20a45c078706980f08407e,d24fbe3839599a6a097188bae8cd47ce8083f27deef1341ae3086bf0d5a45bd1,a264f9f6df4fae96803cb1057b5fedc2d14ddccb52b4eb699c12be7c2ccc333e,a264f9f6df4fae96803cb1057b5fedc2d14ddccb52b4eb699c12be7c2ccc333e,1787976782.5266168,35366.428,17683273,0,0.9500646591186523,0.8772029876708984,1.579880714416504,-0.00247955322265625,-0.00095367431640625,0.00514984130859375,-0.0073261260986328125,0.45665454864501953,-0.0024423599243164062,0.0073261260986328125,-0.0073261260986328125,-0.0073261260986328125,-0.012209892272949219,3.6854705810546875,3.740171432495117,-1.057387351989746,0.021978378295898438,-0.1196584701538086,0.0,2.268975146642937,4.395085942720016,-1.1501042765994454,0.008426680676348311,-0.004576338527675451
22,1,train,2,1,0.3490658503988659,1.0980151210023905,3,s,af3726fcacd0ac1320a56ea850b0a2c0f5430cf4eb20a45c078706980f08407e,d24fbe3839599a6a097188bae8cd47ce8083f27deef1341ae3086bf0d5a45bd1,a264f9f6df4fae96803cb1057b5fedc2d14ddccb52b4eb699c12be7c2ccc333e,a264f9f6df4fae96803cb1057b5fedc2d14ddccb52b4eb699c12be7c2ccc333e,1787976782.5285404,35366.43,17683274,0,0.9500646591186523,0.8783473968505859,1.579880714416504,-0.00247955322265625,-0.00095367431640625,0.00514984130859375,-0.0073261260986328125,0.47619056701660156,-0.0024423599243164062,-0.0073261260986328125,-0.0073261260986328125,-0.0073261260986328125,-0.0073261260986328125,3.6854705810546875,3.75384521484375,-1.057387351989746,0.021978378295898438,-0.1196584701538086,0.0,2.2518856433831127,4.402995777994063,-1.151748350347503,0.00841534501956424,-0.004580736287486049
22,1,train,2,1,0.3490658503988659,1.099940307001816,3,s,af3726fcacd0ac1320a56ea850b0a2c0f5430cf4eb20a45c078706980f08407e,d24fbe3839599a6a097188bae8cd47ce8083f27deef1341ae3086bf0d5a45bd1,a264f9f6df4fae96803cb1057b5fedc2d14ddccb52b4eb699c12be7c2ccc333e,a264f9f6df4fae96803cb1057b5fedc2d14ddccb52b4eb699c12be7c2ccc333e,1787976782.5305116,35366.432,17683275,0,0.9500646591186523,0.8791103363037109,1.579880714416504,-0.00247955322265625,-0.00095367431640625,0.00514984130859375,-0.0073261260986328125,0.46642208099365234,-0.0024423599243164062,0.0073261260986328125,-0.0073261260986328125,-0.0073261260986328125,-0.0073261260986328125,3.794872283935547,3.740171432495117,-1.057387351989746,0.021978378295898438,-0.1196584701538086,0.0,2.2404910013658847,4.408265798548529,-1.1528435616385804,0.00840778179115581,-0.0045836647947910475
22,1,train,2,1,0.3490658503988659,1.1019140659991535,3,s,af3726fcacd0ac1320a56ea850b0a2c0f5430cf4eb20a45c078706980f08407e,d24fbe3839599a6a097188bae8cd47ce8083f27deef1341ae3086bf0d5a45bd1,a264f9f6df4fae96803cb1057b5fedc2d14ddccb52b4eb699c12be7c2ccc333e,a264f9f6df4fae96803cb1057b5fedc2d14ddccb52b4eb699c12be7c2ccc333e,1787976782.5324466,35366.434,17683276,0,0.9500646591186523,0.8798732757568359,1.579880714416504,-0.00247955322265625,-0.00095367431640625,0.00514984130859375,-0.0073261260986328125,0.4371185302734375,-0.0024423599243164062,-0.0073261260986328125,0.0073261260986328125,-0.0073261260986328125,-0.0073261260986328125,3.8632469177246094,3.794872283935547,-1.0622711181640625,0.017093658447265625,-0.1196584701538086,0.0,2.2290950552113196,4.413533253154711,-1.1539381018864188,0.008400213668774506,-0.004586590634052114
22,1,train,2,1,0.3490658503988659,1.103845438999997,3,s,af3726fcacd0ac1320a56ea850b0a2c0f5430cf4eb20a45c078706980f08407e,d24fbe3839599a6a097188bae8cd47ce8083f27deef1341ae3086bf0d5a45bd1,a264f9f6df4fae96803cb1057b5fedc2d14ddccb52b4eb699c12be7c2ccc333e,a264f9f6df4fae96803cb1057b5fedc2d14ddccb52b4eb699c12be7c2ccc333e,1787976782.5343916,35366.436,17683277,0,0.9500646591186523,0.8806362152099609,1.579880714416504,-0.00247955322265625,-0.00095367431640625,0.00514984130859375,-0.0073261260986328125,0.40293025970458984,-0.0024423599243164062,0.0073261260986328125,-0.0073261260986328125,-0.0073261260986328125,-0.0073261260986328125,3.876922607421875,3.8222217559814453,-1.0622711181640625,0.017093658447265625,-0.1196584701538086,0.0,2.217697811552722,4.418798138746546,-1.155031970453912,0.008392640656825549,-0.004589513803566185
22,1,train,2,1,0.3490658503988659,1.1057946030050516,3,s,af3726fcacd0ac1320a56ea850b0a2c0f5430cf4eb20a45c078706980f08407e,d24fbe3839599a6a097188bae8cd47ce8083f27deef1341ae3086bf0d5a45bd1,a264f9f6df4fae96803cb1057b5fedc2d14ddccb52b4eb699c12be7c2ccc333e,a264f9f6df4fae96803cb1057b5fedc2d14ddccb52b4eb699c12be7c2ccc333e,1787976782.5363643,35366.438,17683278,0,0.9500646591186523,0.8817806243896484,1.579880714416504,-0.00247955322265625,-0.00095367431640625,0.00514984130859375,-0.021978378295898438,0.39316272735595703,-0.0024423599243164062,-0.0073261260986328125,-0.0073261260986328125,-0.0073261260986328125,-0.0073261260986328125,3.794872283935547,3.835897445678711,-1.0622711181640625,0.021978378295898438,-0.1196584701538086,0.0,2.2005995277570034,4.4266906435290725,-1.1566715125117983,0.008381271980606203,-0.004593893548340055
22,1,train,2,1,0.3490658503988659,1.1077652710009716,3,s,af3726fcacd0ac1320a56ea850b0a2c0f5430cf4eb20a45c078706980f08407e,d24fbe3839599a6a097188bae8cd47ce8083f27deef1341ae3086bf0d5a45bd1,a264f9f6df4fae96803cb1057b5fedc2d14ddccb52b4eb699c12be7c2ccc333e,a264f9f6df4fae96803cb1057b5fedc2d14ddccb52b4eb699c12be7c2ccc333e,1787976782.5382845,35366.439999999995,17683279,0,0.9500646591186523,0.8825435638427734,1.579880714416504,-0.00247955322265625,-0.00095367431640625,0.00514984130859375,0.0073261260986328125,0.41269874572753906,-0.0024423599243164062,-0.0073261260986328125,-0.0073261260986328125,-0.0073261260986328125,-0.0073261260986328125,3.671794891357422,3.8495731353759766,-1.0622711181640625,0.021978378295898438,-0.1196584701538086,0.0,2.1891990693640295,4.431949093180842,-1.1577636990936568,0.008373686764029657,-0.004596810036045944
22,1,train,2,1,0.3490658503988659,1.1096802600004594,3,s,af3726fcacd0ac1320a56ea850b0a2c0f5430cf4eb20a45c078706980f08407e,d24fbe3839599a6a097188bae8cd47ce8083f27deef1341ae3086bf0d5a45bd1,a264f9f6df4fae96803cb1057b5fedc2d14ddccb52b4eb699c12be7c2ccc333e,a264f9f6df4fae96803cb1057b5fedc2d14ddccb52b4eb699c12be7c2ccc333e,1787976782.5407846,35366.441999999995,17683280,0,0.9500646591186523,0.8833065032958984,1.579880714416504,-0.00247955322265625,-0.00095367431640625,0.00514984130859375,-0.0073261260986328125,0.4468860626220703,-0.0024423599243164062,0.0073261260986328125,-0.0073261260986328125,-0.0073261260986328125,-0.0073261260986328125,3.576068878173828,3.8632469177246094,-1.057387351989746,0.021978378295898438,-0.1196584701538086,0.0,2.1777973366895416,4.437204963098839,-1.1588552117683795,0.008366096673326148,-0.004599723848056364
22,1,train,2,1,0.3490658503988659,1.1122004620046937,3,s,af3726fcacd0ac1320a56ea850b0a2c0f5430cf4eb20a45c078706980f08407e,d24fbe3839599a6a097188bae8cd47ce8083f27deef1341ae3086bf0d5a45bd1,a264f9f6df4fae96803cb1057b5fedc2d14ddccb52b4eb699c12be7c2ccc333e,a264f9f6df4fae96803cb1057b5fedc2d14ddccb52b4eb699c12be7c2ccc333e,1787976782.5427847,35366.443999999996,17683281,0,0.9500646591186523,0.8844509124755859,1.579880714416504,-0.00247955322265625,-0.00095367431640625,0.00514984130859375,-0.0073261260986328125,0.47130680084228516,-0.0024423599243164062,-0.021978378295898438,0.0073261260986328125,-0.0073261260986328125,-0.0073261260986328125,3.494016647338867,3.8495731353759766,-1.0622711181640625,0.017093658447265625,-0.1196584701538086,0.0,2.1606923629179327,4.445083924283151,-1.160491215814877,0.008354702407948018,-0.004604089545433278
22,1,train,2,1,0.3490658503988659,1.1141911350059672,3,s,af3726fcacd0ac1320a56ea850b0a2c0f5430cf4eb20a45c078706980f08407e,d24fbe3839599a6a097188bae8cd47ce8083f27deef1341ae3086bf0d5a45bd1,a264f9f6df4fae96803cb1057b5fedc2d14ddccb52b4eb699c12be7c2ccc333e,a264f9f6df4fae96803cb1057b5fedc2d14ddccb52b4eb699c12be7c2ccc333e,1787976782.5447369,35366.445999999996,17683282,0,0.9500646591186523,0.8855953216552734,1.579880714416504,-0.00247955322265625,-0.00095367431640625,0.00514984130859375,-0.021978378295898438,0.4859580993652344,-0.0024423599243164062,-0.0073261260986328125,-0.021978378295898438,-0.0073261260986328125,-0.0073261260986328125,3.4666671752929688,3.8495731353759766,-1.0622711181640625,0.017093658447265625,-0.1196584701538086,0.0,2.143584559347537,4.452957063864503,-1.1621256999982592,0.008343297200648173,-0.004608449212961985
22,1,train,2,1,0.3490658503988659,1.1161417740004254,3,s,af3726fcacd0ac1320a56ea850b0a2c0f5430cf4eb20a45c078706980f08407e,d24fbe3839599a6a097188bae8cd47ce8083f27deef1341ae3086bf0d5a45bd1,a264f9f6df4fae96803cb1057b5fedc2d14ddccb52b4eb699c12be7c2ccc333e,a264f9f6df4fae96803cb1057b5fedc2d14ddccb52b4eb699c12be7c2ccc333e,1787976782.5466812,35366.448,17683283,0,0.9500646591186523,0.8863582611083984,1.579880714416504,-0.00247955322265625,-0.00095367431640625,0.00514984130859375,-0.0073261260986328125,0.47130680084228516,-0.0024423599243164062,0.021978378295898438,-0.0073261260986328125,-0.0073261260986328125,-0.0073261260986328125,3.4803409576416016,3.8632469177246094,-1.0622711181640625,0.017093658447265625,-0.1196584701538086,0.0,2.1321777959211934,4.458202584269252,-1.163214510694928,0.008335687657645294,-0.004611352305245502
22,1,train,2,1,0.3490658503988659,1.1180869060044643,3,s,af3726fcacd0ac1320a56ea850b0a2c0f5430cf4eb20a45c078706980f08407e,d24fbe3839599a6a097188bae8cd47ce8083f27deef1341ae3086bf0d5a45bd1,a264f9f6df4fae96803cb1057b5fedc2d14ddccb52b4eb699c12be7c2ccc333e,a264f9f6df4fae96803cb1057b5fedc2d14ddccb52b4eb699c12be7c2ccc333e,1787976782.548673,35366.45,17683284,0,0.9500646591186523,0.8871212005615234,1.579880714416504,-0.00247955322265625,-0.00095367431640625,0.00514984130859375,0.0073261260986328125,0.4517707824707031,-0.0024423599243164062,0.0073261260986328125,-0.021978378295898438,-0.0073261260986328125,-0.0073261260986328125,3.452991485595703,3.876922607421875,-1.067154884338379,0.017093658447265625,-0.1196584701538086,0.0,2.120769791404086,4.463445509658683,-1.1643026443116724,0.008328073262633844,-0.004614252713368835
22,1,train,2,1,0.3490658503988659,1.120077024002967,3,s,af3726fcacd0ac1320a56ea850b0a2c0f5430cf4eb20a45c078706980f08407e,d24fbe3839599a6a097188bae8cd47ce8083f27deef1341ae3086bf0d5a45bd1,a264f9f6df4fae96803cb1057b5fedc2d14ddccb52b4eb699c12be7c2ccc333e,a264f9f6df4fae96803cb1057b5fedc2d14ddccb52b4eb699c12be7c2ccc333e,1787976782.5507684,35366.452,17683285,0,0.9500646591186523,0.8882656097412109,1.579880714416504,-0.00247955322265625,-0.00095367431640625,0.00514984130859375,-0.021978378295898438,0.4517707824707031,-0.0024423599243164062,0.0073261260986328125,-0.0073261260986328125,-0.0073261260986328125,-0.012209892272949219,3.370939254760742,3.876922607421875,-1.0720386505126953,0.012209892272949219,-0.1196584701538086,0.0,2.1036554721091716,4.471305025413748,-1.1659335738265244,0.00831664258229672,-0.00461859828906085
22,1,train,2,1,0.3490658503988659,1.122173975003534,3,s,af3726fcacd0ac1320a56ea850b0a2c0f5430cf4eb20a45c078706980f08407e,d24fbe3839599a6a097188bae8cd47ce8083f27deef1341ae3086bf0d5a45bd1,a264f9f6df4fae96803cb1057b5fedc2d14ddccb52b4eb699c12be7c2ccc333e,a264f9f6df4fae96803cb1057b5fedc2d14ddccb52b4eb699c12be7c2ccc333e,1787976782.5527425,35366.454,17683286,0,0.9500646591186523,0.8894100189208984,1.579880714416504,-0.00247955322265625,-0.00095367431640625,0.00514984130859375,-0.0073261260986328125,0.47619056701660156,-0.0024423599243164062,-0.0073261260986328125,-0.021978378295898438,-0.0073261260986328125,-0.0073261260986328125,3.2752132415771484,3.8905982971191406,-1.0720386505126953,0.017093658447265625,-0.124542236328125,0.0,2.0865383977151057,4.479158685224801,-1.1675629763505557,0.00830520100988378,-0.004622937815902957
22,1,train,2,1,0.3490658503988659,1.1241370040006586,3,s,af3726fcacd0ac1320a56ea850b0a2c0f5430cf4eb20a45c078706980f08407e,d24fbe3839599a6a097188bae8cd47ce8083f27deef1341ae3086bf0d5a45bd1,a264f9f6df4fae96803cb1057b5fedc2d14ddccb52b4eb699c12be7c2ccc333e,a264f9f6df4fae96803cb1057b5fedc2d14ddccb52b4eb699c12be7c2ccc333e,1787976782.5546572,35366.456,17683287,0,0.9500646591186523,0.8901729583740234,1.579880714416504,-0.00247955322265625,-0.00095367431640625,0.00514984130859375,-0.0073261260986328125,0.5054941177368164,-0.0024423599243164062,-0.021978378295898438,-0.021978378295898438,-0.0073261260986328125,-0.0073261260986328125,3.2341880798339844,3.8632469177246094,-1.0769233703613281,0.017093658447265625,-0.1196584701538086,0.0,2.0751254952454445,4.484391200050253,-1.1686483953177742,0.008297567251187861,-0.0046258274705186
22,1,train,2,1,0.3490658503988659,1.1260599110028124,3,s,af3726fcacd0ac1320a56ea850b0a2c0f5430cf4eb20a45c078706980f08407e,d24fbe3839599a6a097188bae8cd47ce8083f27deef1341ae3086bf0d5a45bd1,a264f9f6df4fae96803cb1057b5fedc2d14ddccb52b4eb699c12be7c2ccc333e,a264f9f6df4fae96803cb1057b5fedc2d14ddccb52b4eb699c12be7c2ccc333e,1787976782.556607,35366.458,17683288,0,0.9500646591186523,0.8913173675537109,1.579880714416504,-0.00247955322265625,-0.00095367431640625,0.00514984130859375,-0.0073261260986328125,0.520146369934082,-0.0024423599243164062,-0.0073261260986328125,-0.0073261260986328125,-0.0073261260986328125,-0.0073261260986328125,3.24786376953125,3.835897445678711,-1.0769233703613281,0.017093658447265625,-0.1196584701538086,0.0,2.058003878838476,4.492235077101253,-1.170275248115907,0.008286107558621615,-0.004630156903318421
22,1,train,2,1,0.3490658503988659,1.1280071410001256,3,s,af3726fcacd0ac1320a56ea850b0a2c0f5430cf4eb20a45c078706980f08407e,d24fbe3839599a6a097188bae8cd47ce8083f27deef1341ae3086bf0d5a45bd1,a264f9f6df4fae96803cb1057b5fedc2d14ddccb52b4eb699c12be7c2ccc333e,a264f9f6df4fae96803cb1057b5fedc2d14ddccb52b4eb699c12be7c2ccc333e,1787976782.5585175,35366.46,17683289,0,0.9500646591186523,0.8920803070068359,1.579880714416504,-0.00247955322265625,-0.00095367431640625,0.00514984130859375,0.0073261260986328125,0.5006103515625,-0.0024423599243164062,-0.0073261260986328125,-0.0073261260986328125,-0.0073261260986328125,-0.0073261260986328125,3.3025646209716797,3.8222217559814453,-1.0818071365356445,0.017093658447265625,-0.1196584701538086,0.0,2.04658796912143,4.497461060571558,-1.171358965292218,0.008278461733714338,-0.0046330398233191475
22,1,train,2,1,0.3490658503988659,1.1299116450027213,3,s,af3726fcacd0ac1320a56ea850b0a2c0f5430cf4eb20a45c078706980f08407e,d24fbe3839599a6a097188bae8cd47ce8083f27deef1341ae3086bf0d5a45bd1,a264f9f6df4fae96803cb1057b5fedc2d14ddccb52b4eb699c12be7c2ccc333e,a264f9f6df4fae96803cb1057b5fedc2d14ddccb52b4eb699c12be7c2ccc333e,1787976782.560426,35366.462,17683290,0,0.9500646591186523,0.8932247161865234,1.579880714416504,-0.00247955322265625,-0.00095367431640625,0.00514984130859375,-0.0073261260986328125,0.47130680084228516,-0.0024423599243164062,0.0073261260986328125,-0.0073261260986328125,-0.0073261260986328125,-0.0073261260986328125,3.3025646209716797,3.876922607421875,-1.0818071365356445,0.017093658447265625,-0.1196584701538086,0.0,2.0294618729896134,4.505295126326657,-1.1729832624459997,0.008266983962684897,-0.004637359146326304
22,1,train,2,1,0.3490658503988659,1.1318387380015338,3,s,af3726fcacd0ac1320a56ea850b0a2c0f5430cf4eb20a45c078706980f08407e,d24fbe3839599a6a097188bae8cd47ce8083f27deef1341ae3086bf0d5a45bd1,a264f9f6df4fae96803cb1057b5fedc2d14ddccb52b4eb699c12be7c2ccc333e,a264f9f6df4fae96803cb1057b5fedc2d14ddccb52b4eb699c12be7c2ccc333e,1787976782.5623527,35366.464,17683291,0,0.9500646591186523,0.8939876556396484,1.579880714416504,-0.00247955322265625,-0.00095367431640625,0.00514984130859375,-0.0073261260986328125,0.4517707824707031,-0.0024423599243164062,0.0073261260986328125,0.0073261260986328125,-0.0073261260986328125,-0.0073261260986328125,3.3162384033203125,3.9042739868164062,-1.086690902709961,0.017093658447265625,-0.1196584701538086,0.0,2.0180429975560203,4.510514559429796,-1.1740652738888626,0.00825932609938161,-0.004640235321224115
22,1,train,2,1,0.3490658503988659,1.1337438210030086,3,s,af3726fcacd0ac1320a56ea850b0a2c0f5430cf4eb20a45c078706980f08407e,d24fbe3839599a6a097188bae8cd47ce8083f27deef1341ae3086bf0d5a45bd1,a264f9f6df4fae96803cb1057b5fedc2d14ddccb52b4eb699c12be7c2ccc333e,a264f9f6df4fae96803cb1057b5fedc2d14ddccb52b4eb699c12be7c2ccc333e,1787976782.5643046,35366.466,17683292,0,0.9500646591186523,0.8951320648193359,1.579880714416504,-0.00247955322265625,-0.00095367431640625,0.00514984130859375,-0.0073261260986328125,0.4517707824707031,-0.0024423599243164062,-0.0073261260986328125,-0.0073261260986328125,-0.0073261260986328125,-0.0073261260986328125,3.24786376953125,3.9316234588623047,-1.086690902709961,0.017093658447265625,-0.11477375030517578,0.0,2.000912484003708,4.51833878538884,-1.1756870094891356,0.008247830291644843,-0.004644544518725006
22,1,train,2,1,0.3490658503988659,1.1357003700031783,3,s,af3726fcacd0ac1320a56ea850b0a2c0f5430cf4eb20a45c078706980f08407e,d24fbe3839599a6a097188bae8cd47ce8083f27deef1341ae3086bf0d5a45bd1,a264f9f6df4fae96803cb1057b5fedc2d14ddccb52b4eb699c12be7c2ccc333e,a264f9f6df4fae96803cb1057b5fedc2d14ddccb52b4eb699c12be7c2ccc333e,1787976782.5670216,35366.468,17683293,0,0.9500646591186523,0.8958950042724609,1.579880714416504,-0.00247955322265625,-0.00095367431640625,0.00514984130859375,0.0073261260986328125,0.46153831481933594,-0.0024423599243164062,-0.0073261260986328125,-0.0073261260986328125,-0.0073261260986328125,-0.012209892272949219,3.206836700439453,3.958974838256836,-1.0818071365356445,0.021978378295898438,-0.1196584701538086,0.0,1.9894906843951747,4.523551649136635,-1.1767673112622175,0.008240160417804674,-0.004647413938056444
22,1,train,2,1,0.3490658503988659,1.138421683004708,3,s,af3726fcacd0ac1320a56ea850b0a2c0f5430cf4eb20a45c078706980f08407e,d24fbe3839599a6a097188bae8cd47ce8083f27deef1341ae3086bf0d5a45bd1,a264f9f6df4fae96803cb1057b5fedc2d14ddccb52b4eb699c12be7c2ccc333e,a264f9f6df4fae96803cb1057b5fedc2d14ddccb52b4eb699c12be7c2ccc333e,1787976782.5683734,35366.47,17683294,0,0.9500646591186523,0.8970394134521484,1.579880714416504,-0.00247955322265625,-0.00095367431640625,0.00514984130859375,-0.0073261260986328125,0.47130680084228516,-0.0024423599243164062,-0.0073261260986328125,-0.021978378295898438,-0.0073261260986328125,-0.0073261260986328125,3.165811538696289,3.9042739868164062,-1.0818071365356445,0.021978378295898438,-0.11477375030517578,0.0,1.972355815742798,4.531366006835261,-1.1783864794091437,0.00822864661518208,-0.004651712994374304
22,1,train,2,1,0.3490658503988659,1.139768733002711,3,s,af3726fcacd0ac1320a56ea850b0a2c0f5430cf4eb20a45c078706980f08407e,d24fbe3839599a6a097188bae8cd47ce8083f27deef1341ae3086bf0d5a45bd1,a264f9f6df4fae96803cb1057b5fedc2d14ddccb52b4eb699c12be7c2ccc333e,a264f9f6df4fae96803cb1057b5fedc2d14ddccb52b4eb699c12be7c2ccc333e,1787976782.5702841,35366.472,17683295,0,0.9500646591186523,0.8978023529052734,1.579880714416504,-0.00247955322265625,-0.00095367431640625,0.00514984130859375,-0.0073261260986328125,0.47130680084228516,-0.0024423599243164062,-0.021978378295898438,-0.0073261260986328125,-0.0073261260986328125,-0.012209892272949219,3.1384620666503906,3.9316234588623047,-1.086690902709961,0.021978378295898438,-0.11477375030517578,0.0,1.9609311335115813,4.536572282263428,-1.1794650675823304,0.008220964758707865,-0.004654575647700481
22,1,train,2,1,0.3490658503988659,1.1416786720001255,3,s,af3726fcacd0ac1320a56ea850b0a2c0f5430cf4eb20a45c078706980f08407e,d24fbe3839599a6a097188bae8cd47ce8083f27deef1341ae3086bf0d5a45bd1,a264f9f6df4fae96803cb1057b5fedc2d14ddccb52b4eb699c12be7c2ccc333e,a264f9f6df4fae96803cb1057b5fedc2d14ddccb52b4eb699c12be7c2ccc333e,1787976782.5727737,35366.474,17683296,0,0.9500646591186523,0.8989467620849609,1.579880714416504,-0.00247955322265625,-0.00095367431640625,0.00514984130859375,-0.0073261260986328125,0.46153831481933594,-0.0024423599243164062,0.0073261260986328125,-0.021978378295898438,-0.0073261260986328125,-0.0073261260986328125,3.1521358489990234,3.958974838256836,-1.086690902709961,0.021978378295898438,-0.11477375030517578,0.0,1.9437919720954033,4.54437674327318,-1.1810816623854128,0.008209433003086394,-0.004658864547195441
22,1,train,2,1,0.3490658503988659,1.1441663540026639,3,s,af3726fcacd0ac1320a56ea850b0a2c0f5430cf4eb20a45c078706980f08407e,d24fbe3839599a6a097188bae8cd47ce8083f27deef1341ae3086bf0d5a45bd1,a264f9f6df4fae96803cb1057b5fedc2d14ddccb52b4eb699c12be7c2ccc333e,a264f9f6df4fae96803cb1057b5fedc2d14ddccb52b4eb699c12be7c2ccc333e,1787976782.5746834,35366.475999999995,17683297,0,0.9500646591186523,0.8997097015380859,1.579880714416504,-0.00247955322265625,-0.00095367431640625,0.00514984130859375,0.0073261260986328125,0.4468860626220703,-0.0024423599243164062,0.021978378295898438,0.0073261260986328125,-0.0073261260986328125,-0.0073261260986328125,3.1521358489990234,3.9726486206054688,-1.0915746688842773,0.021978378295898438,-0.1196584701538086,0.0,1.9323644488042375,4.549576411441408,-1.1821585330348259,0.008201739191924552,-0.004661720424102091
22,1,train,2,1,0.3490658503988659,1.1461212950016488,3,s,af3726fcacd0ac1320a56ea850b0a2c0f5430cf4eb20a45c078706980f08407e,d24fbe3839599a6a097188bae8cd47ce8083f27deef1341ae3086bf0d5a45bd1,a264f9f6df4fae96803cb1057b5fedc2d14ddccb52b4eb699c12be7c2ccc333e,a264f9f6df4fae96803cb1057b5fedc2d14ddccb52b4eb699c12be7c2ccc333e,1787976782.5766647,35366.477999999996,17683298,0,0.9500646591186523,0.9004726409912109,1.579880714416504,-0.00247955322265625,-0.00095367431640625,0.00514984130859375,-0.0073261260986328125,0.4420022964477539,-0.0024423599243164062,0.0073261260986328125,-0.0073261260986328125,-0.0073261260986328125,-0.0073261260986328125,3.1111106872558594,3.9863243103027344,-1.0964593887329102,0.017093658447265625,-0.1196584701538086,0.0,1.920935800728981,4.554773431407753,-1.183234715577441,0.008194040606722408,-0.004664573587530454
22,1,train,2,1,0.3490658503988659,1.1480695610007388,3,s,af3726fcacd0ac1320a56ea850b0a2c0f5430cf4eb20a45c078706980f08407e,d24fbe3839599a6a097188bae8cd47ce8083f27deef1341ae3086bf0d5a45bd1,a264f9f6df4fae96803cb1057b5fedc2d14ddccb52b4eb699c12be7c2ccc333e,a264f9f6df4fae96803cb1057b5fedc2d14ddccb52b4eb699c12be7c2ccc333e,1787976782.5786297,35366.479999999996,17683299,0,0.9500646591186523,0.9016170501708984,1.579880714416504,-0.00247955322265625,-0.00095367431640625,0.00514984130859375,-0.021978378295898438,0.4517707824707031,-0.0024423599243164062,-0.0073261260986328125,-0.0073261260986328125,-0.0073261260986328125,-0.0073261260986328125,3.0564098358154297,4.0,-1.1013431549072266,0.017093658447265625,-0.11477375030517578,0.0,1.9037907341981186,4.562563989361838,-1.1848476978209341,0.00818248378739693,-0.004668848241268735
22,1,train,2,1,0.3490658503988659,1.150033424004505,3,s,af3726fcacd0ac1320a56ea850b0a2c0f5430cf4eb20a45c078706980f08407e,d24fbe3839599a6a097188bae8cd47ce8083f27deef1341ae3086bf0d5a45bd1,a264f9f6df4fae96803cb1057b5fedc2d14ddccb52b4eb699c12be7c2ccc333e,a264f9f6df4fae96803cb1057b5fedc2d14ddccb52b4eb699c12be7c2ccc333e,1787976782.5805948,35366.481999999996,17683300,0,0.9500646591186523,0.9023799896240234,1.579880714416504,-0.00247955322265625,-0.00095367431640625,0.00514984130859375,-0.0073261260986328125,0.47619056701660156,-0.0024423599243164062,-0.021978378295898438,-0.021978378295898438,-0.0073261260986328125,-0.0073261260986328125,2.9743595123291016,4.0,-1.1013431549072266,0.017093658447265625,-0.11477375030517578,0.0,1.8923593032680786,4.567754375592202,-1.185922157356844,0.00817477328670519,-0.004671694613739018
22,1,train,2,1,0.3490658503988659,1.15201345999958,3,s,af3726fcacd0ac1320a56ea850b0a2c0f5430cf4eb20a45c078706980f08407e,d24fbe3839599a6a097188bae8cd47ce8083f27deef1341ae3086bf0d5a45bd1,a264f9f6df4fae96803cb1057b5fedc2d14ddccb52b4eb699c12be7c2ccc333e,a264f9f6df4fae96803cb1057b5fedc2d14ddccb52b4eb699c12be7c2ccc333e,1787976782.5825748,35366.484,17683301,0,0.9500646591186523,0.9035243988037109,1.579880714416504,-0.00247955322265625,-0.00095367431640625,0.00514984130859375,-0.0073261260986328125,0.4908428192138672,-0.0024423599243164062,-0.0073261260986328125,-0.0073261260986328125,-0.0073261260986328125,-0.012209892272949219,2.9059829711914062,4.013675689697266,-1.0964593887329102,0.017093658447265625,-0.11477375030517578,0.0,1.8752100936437541,4.5755349687762,-1.1875325521575353,0.008163198615175716,-0.004675959073269572
22,1,train,2,1,0.3490658503988659,1.1539735800033668,3,s,af3726fcacd0ac1320a56ea850b0a2c0f5430cf4eb20a45c078706980f08407e,d24fbe3839599a6a097188bae8cd47ce8083f27deef1341ae3086bf0d5a45bd1,a264f9f6df4fae96803cb1057b5fedc2d14ddccb52b4eb699c12be7c2ccc333e,a264f9f6df4fae96803cb1057b5fedc2d14ddccb52b4eb699c12be7c2ccc333e,1787976782.5844972,35366.486,17683302,0,0.9500646591186523,0.9046688079833984,1.579880714416504,-0.00247955322265625,-0.00095367431640625,0.00514984130859375,-0.0073261260986328125,0.5054941177368164,-0.0024423599243164062,-0.0073261260986328125,-0.021978378295898438,-0.0073261260986328125,-0.012209892272949219,2.837606430053711,4.013675689697266,-1.1013431549072266,0.017093658447265625,-0.11477375030517578,0.0,1.8580584281088457,4.583309569509125,-1.1891413916798237,0.00815161325253173,-0.0046802174088263915
22,1,train,2,1,0.3490658503988659,1.155896472002496,3,s,af3726fcacd0ac1320a56ea850b0a2c0f5430cf4eb20a45c078706980f08407e,d24fbe3839599a6a097188bae8cd47ce8083f27deef1341ae3086bf0d5a45bd1,a264f9f6df4fae96803cb1057b5fedc2d14ddccb52b4eb699c12be7c2ccc333e,a264f9f6df4fae96803cb1057b5fedc2d14ddccb52b4eb699c12be7c2ccc333e,1787976782.5864205,35366.488,17683303,0,0.9500646591186523,0.9054317474365234,1.579880714416504,-0.00247955322265625,-0.00095367431640625,0.00514984130859375,-0.0073261260986328125,0.5006103515625,-0.0024423599243164062,0.0073261260986328125,-0.0073261260986328125,-0.0073261260986328125,-0.012209892272949219,2.837606430053711,3.9863243103027344,-1.1013431549072266,0.017093658447265625,-0.11477375030517578,0.0,1.8466226311168743,4.588489302496363,-1.190213086277189,0.008143883745419949,-0.004683052894235556
22,1,train,2,1,0.3490658503988659,1.1578160810022382,3,s,af3726fcacd0ac1320a56ea850b0a2c0f5430cf4eb20a45c078706980f08407e,d24fbe3839599a6a097188bae8cd47ce8083f27deef1341ae3086bf0d5a45bd1,a264f9f6df4fae96803cb1057b5fedc2d14ddccb52b4eb699c12be7c2ccc333e,a264f9f6df4fae96803cb1057b5fedc2d14ddccb52b4eb699c12be7c2ccc333e,1787976782.5883477,35366.49,17683304,0,0.9500646591186523,0.9065771102905273,1.579880714416504,-0.00209808349609375,-0.00095367431640625,0.00514984130859375,-0.0073261260986328125,0.4908428192138672,-0.0024423599243164062,0.0073261260986328125,0.0073261260986328125,-0.0073261260986328125,-0.0073261260986328125,2.837606430053711,3.9863243103027344,-1.106226921081543,0.017093658447265625,-0.1196584701538086,0.0,1.8289175578489965,4.596795428212919,-1.1923557339143132,0.008128400837915394,-0.00468871922155118
22,1,train,2,1,0.3490658503988659,1.1597475920061697,3,s,af3726fcacd0ac1320a56ea850b0a2c0f5430cf4eb20a45c078706980f08407e,d24fbe3839599a6a097188bae8cd47ce8083f27deef1341ae3086bf0d5a45bd1,a264f9f6df4fae96803cb1057b5fedc2d14ddccb52b4eb699c12be7c2ccc333e,a264f9f6df4fae96803cb1057b5fedc2d14ddccb52b4eb699c12be7c2ccc333e,1787976782.5903296,35366.492,17683305,0,0.9500646591186523,0.9073400497436523,1.579880714416504,-0.00209808349609375,-0.00095367431640625,0.00514984130859375,-0.0073261260986328125,0.48107433319091797,-0.0024423599243164062,0.0073261260986328125,-0.0073261260986328125,-0.0073261260986328125,-0.0073261260986328125,2.8239307403564453,4.0,-1.1111106872558594,0.021978378295898438,-0.1196584701538086,0.0,1.81747943192196,4.601968127974895,-1.1934253473884335,0.008120657117308751,-0.004691546520916514
22,1,train,2,1,0.3490658503988659,1.161727904000145,3,s,af3726fcacd0ac1320a56ea850b0a2c0f5430cf4eb20a45c078706980f08407e,d24fbe3839599a6a097188bae8cd47ce8083f27deef1341ae3086bf0d5a45bd1,a264f9f6df4fae96803cb1057b5fedc2d14ddccb52b4eb699c12be7c2ccc333e,a264f9f6df4fae96803cb1057b5fedc2d14ddccb52b4eb699c12be7c2ccc333e,1787976782.5922382,35366.494,17683306,0,0.9500646591186523,0.9084844589233398,1.579880714416504,-0.00247955322265625,-0.00095367431640625,0.00514984130859375,-0.021978378295898438,0.48107433319091797,-0.0024423599243164062,0.0073261260986328125,-0.0073261260986328125,-0.0073261260986328125,-0.0073261260986328125,2.755556106567383,4.013675689697266,-1.1111106872558594,0.021978378295898438,-0.1196584701538086,0.0,1.8008544602375414,4.60918795540808,-1.1944942661976075,0.00811290866985778,-0.004694371089442488
22,1,train,2,1,0.3490658503988659,1.1636334720024024,3,s,af3726fcacd0ac1320a56ea850b0a2c0f5430cf4eb20a45c078706980f08407e,d24fbe3839599a6a097188bae8cd47ce8083f27deef1341ae3086bf0d5a45bd1,a264f9f6df4fae96803cb1057b5fedc2d14ddccb52b4eb699c12be7c2ccc333e,a264f9f6df4fae96803cb1057b5fedc2d14ddccb52b4eb699c12be7c2ccc333e,1787976782.594714,35366.496,17683307,0,0.9500646591186523,0.9096288681030273,1.579880714416504,-0.00247955322265625,-0.00095367431640625,0.00514984130859375,-0.0073261260986328125,0.4908428192138672,-0.0024423599243164062,-0.0073261260986328125,0.0073261260986328125,-0.0073261260986328125,-0.0073261260986328125,2.673503875732422,4.041027069091797,-1.1159954071044922,0.021978378295898438,-0.1196584701538086,0.0,1.7836924100812035,4.6169364662586565,-1.1960963405536609,0.008101277145714994,-0.00469860281831159
22,1,train,2,1,0.3490658503988659,1.1661341010039905,3,s,af3726fcacd0ac1320a56ea850b0a2c0f5430cf4eb20a45c078706980f08407e,d24fbe3839599a6a097188bae8cd47ce8083f27deef1341ae3086bf0d5a45bd1,a264f9f6df4fae96803cb1057b5fedc2d14ddccb52b4eb699c12be7c2ccc333e,a264f9f6df4fae96803cb1057b5fedc2d14ddccb52b4eb699c12be7c2ccc333e,1787976782.5966861,35366.498,17683308,0,0.9500646591186523,0.9103918075561523,1.579880714416504,-0.00247955322265625,-0.00095367431640625,0.00514984130859375,-0.0073261260986328125,0.5054941177368164,-0.0024423599243164062,-0.021978378295898438,-0.0073261260986328125,-0.0073261260986328125,-0.0073261260986328125,2.618803024291992,4.013675689697266,-1.1111106872558594,0.021978378295898438,-0.1196584701538086,0.0,1.772249744115841,4.622098781522096,-1.197163519979263,0.00809351690089129,-0.004701420552549645
22,1,train,2,1,0.3490658503988659,1.1680849420008599,3,s,af3726fcacd0ac1320a56ea850b0a2c0f5430cf4eb20a45c078706980f08407e,d24fbe3839599a6a097188bae8cd47ce8083f27deef1341ae3086bf0d5a45bd1,a264f9f6df4fae96803cb1057b5fedc2d14ddccb52b4eb699c12be7c2ccc333e,a264f9f6df4fae96803cb1057b5fedc2d14ddccb52b4eb699c12be7c2ccc333e,1787976782.598626,35366.5,17683309,0,0.9500646591186523,0.9115362167358398,1.579880714416504,-0.00247955322265625,-0.00095367431640625,0.00514984130859375,-0.0073261260986328125,0.5103788375854492,-0.0024423599243164062,0.0073261260986328125,-0.0073261260986328125,-0.0073261260986328125,-0.0073261260986328125,2.6461544036865234,3.958974838256836,-1.1159954071044922,0.017093658447265625,-0.1196584701538086,0.0,1.7550838130273636,4.629837208949688,-1.1987629823470687,0.008081867701855608,-0.0047056420222943715
22,1,train,2,1,0.3490658503988659,1.1700183909997577,3,s,af3726fcacd0ac1320a56ea850b0a2c0f5430cf4eb20a45c078706980f08407e,d24fbe3839599a6a097188bae8cd47ce8083f27deef1341ae3086bf0d5a45bd1,a264f9f6df4fae96803cb1057b5fedc2d14ddccb52b4eb699c12be7c2ccc333e,a264f9f6df4fae96803cb1057b5fedc2d14ddccb52b4eb699c12be7c2ccc333e,1787976782.600518,35366.502,17683310,0,0.9500646591186523,0.9126806259155273,1.579880714416504,-0.00209808349609375,-0.00095367431640625,0.00514984130859375,-0.0073261260986328125,0.4957265853881836,-0.0024423599243164062,0.0073261260986328125,-0.0073261260986328125,-0.0073261260986328125,-0.0073261260986328125,2.700855255126953,3.9863243103027344,-1.1159954071044922,0.021978378295898438,-0.1196584701538086,0.0,1.7373833018082898,4.638101854354137,-1.2008931562743572,0.008066318974183924,-0.004711261061012763
22,1,train,2,1,0.3490658503988659,1.171930472002714,3,s,af3726fcacd0ac1320a56ea850b0a2c0f5430cf4eb20a45c078706980f08407e,d24fbe3839599a6a097188bae8cd47ce8083f27deef1341ae3086bf0d5a45bd1,a264f9f6df4fae96803cb1057b5fedc2d14ddccb52b4eb699c12be7c2ccc333e,a264f9f6df4fae96803cb1057b5fedc2d14ddccb52b4eb699c12be7c2ccc333e,1787976782.6024306,35366.504,17683311,0,0.9500646591186523,0.9134435653686523,1.579880714416504,-0.00209808349609375,-0.00095367431640625,0.00514984130859375,-0.0073261260986328125,0.47130680084228516,-0.0024423599243164062,0.0073261260986328125,-0.0073261260986328125,-0.0073261260986328125,-0.0073261260986328125,2.755556106567383,4.027351379394531,-1.1208791732788086,0.017093658447265625,-0.1196584701538086,0.0,1.7259368990550086,4.643253040358912,-1.201957195030207,0.008058537565261703,-0.004714066467717143
22,1,train,2,1,0.3490658503988659,1.1738222970016068,3,s,af3726fcacd0ac1320a56ea850b0a2c0f5430cf4eb20a45c078706980f08407e,d24fbe3839599a6a097188bae8cd47ce8083f27deef1341ae3086bf0d5a45bd1,a264f9f6df4fae96803cb1057b5fedc2d14ddccb52b4eb699c12be7c2ccc333e,a264f9f6df4fae96803cb1057b5fedc2d14ddccb52b4eb699c12be7c2ccc333e,1787976782.6043148,35366.506,17683312,0,0.9500646591186523,0.9142065048217773,1.579880714416504,-0.00209808349609375,-0.00095367431640625,0.00514984130859375,-0.0073261260986328125,0.4517707824707031,-0.0024423599243164062,-0.0073261260986328125,-0.0073261260986328125,-0.0073261260986328125,-0.0073261260986328125,2.7282047271728516,4.041027069091797,-1.125762939453125,0.021978378295898438,-0.1196584701538086,0.0,1.7144894916742812,4.648401523634834,-1.2030205341549232,0.008050751465653493,-0.004716869130473831
22,1,train,2,1,0.3490658503988659,1.1757111800034181,3,s,af3726fcacd0ac1320a56ea850b0a2c0f5430cf4eb20a45c078706980f08407e,d24fbe3839599a6a097188bae8cd47ce8083f27deef1341ae3086bf0d5a45bd1,a264f9f6df4fae96803cb1057b5fedc2d14ddccb52b4eb699c12be7c2ccc333e,a264f9f6df4fae96803cb1057b5fedc2d14ddccb52b4eb699c12be7c2ccc333e,1787976782.6062634,35366.508,17683313,0,0.9500646591186523,0.9153509140014648,1.579880714416504,-0.00209808349609375,-0.00095367431640625,0.00514984130859375,-0.0073261260986328125,0.4517707824707031,-0.0024423599243164062,-0.0073261260986328125,-0.0073261260986328125,-0.0073261260986328125,-0.0073261260986328125,2.6051273345947266,4.0547027587890625,-1.125762939453125,0.021978378295898438,-0.11477375030517578,0.0,1.6973165115027766,4.656119174377022,-1.2046142296797893,0.008039063531119666,-0.004721067976138769
22,1,train,2,1,0.3490658503988659,1.1776667869999073,3,s,af3726fcacd0ac1320a56ea850b0a2c0f5430cf4eb20a45c078706980f08407e,d24fbe3839599a6a097188bae8cd47ce8083f27deef1341ae3086bf0d5a45bd1,a264f9f6df4fae96803cb1057b5fedc2d14ddccb52b4eb699c12be7c2ccc333e,a264f9f6df4fae96803cb1057b5fedc2d14ddccb52b4eb699c12be7c2ccc333e,1787976782.608752,35366.51,17683314,0,0.9500646591186523,0.9164953231811523,1.579880714416504,-0.00209808349609375,-0.00095367431640625,0.00514984130859375,-0.021978378295898438,0.47619056701660156,-0.0024423599243164062,0.0073261260986328125,-0.0073261260986328125,-0.0073261260986328125,-0.012209892272949219,2.5230770111083984,4.041027069091797,-1.1208791732788086,0.021978378295898438,-0.11477375030517578,0.0,1.68014130840298,4.663830727129237,-1.206206347554854,0.008027365068047602,-0.004725260638752093
22,1,train,2,1,0.3490658503988659,1.1801482970040524,3,s,af3726fcacd0ac1320a56ea850b0a2c0f5430cf4eb20a45c078706980f08407e,d24fbe3839599a6a097188bae8cd47ce8083f27deef1341ae3086bf0d5a45bd1,a264f9f6df4fae96803cb1057b5fedc2d14ddccb52b4eb699c12be7c2ccc333e,a264f9f6df4fae96803cb1057b5fedc2d14ddccb52b4eb699c12be7c2ccc333e,1787976782.6106553,35366.511999999995,17683315,0,0.9500646591186523,0.9172582626342773,1.579880714416504,-0.00209808349609375,-0.00095367431640625,0.00514984130859375,-0.0073261260986328125,0.4957265853881836,-0.0024423599243164062,-0.0073261260986328125,-0.021978378295898438,-0.0073261260986328125,-0.0073261260986328125,2.4410247802734375,4.0547027587890625,-1.1208791732788086,0.021978378295898438,-0.11477375030517578,0.0,1.6686899491509206,4.668968369537386,-1.2072668819696615,0.008019560251043743,-0.004728052309420357
22,1,train,2,1,0.3490658503988659,1.182046669004194,3,s,af3726fcacd0ac1320a56ea850b0a2c0f5430cf4eb20a45c078706980f08407e,d24fbe3839599a6a097188bae8cd47ce8083f27deef1341ae3086bf0d5a45bd1,a264f9f6df4fae96803cb1057b5fedc2d14ddccb52b4eb699c12be7c2ccc333e,a264f9f6df4fae96803cb1057b5fedc2d14ddccb52b4eb699c12be7c2ccc333e,1787976782.6128125,35366.513999999996,17683316,0,0.9500646591186523,0.9184026718139648,1.579880714416504,-0.00209808349609375,-0.00095367431640625,0.00514984130859375,0.0073261260986328125,0.5054941177368164,-0.0024423599243164062,0.0073261260986328125,0.0073261260986328125,-0.0073261260986328125,-0.0073261260986328125,2.454700469970703,4.082050323486328,-1.125762939453125,0.021978378295898438,-0.11477375030517578,0.0,1.651511091158464,4.676669736533363,-1.2088563657957394,0.008007844274461742,-0.004732234654749409
22,1,train,2,1,0.3490658503988659,1.184204248005699,3,s,af3726fcacd0ac1320a56ea850b0a2c0f5430cf4eb20a45c078706980f08407e,d24fbe3839599a6a097188bae8cd47ce8083f27deef1341ae3086bf0d5a45bd1,a264f9f6df4fae96803cb1057b5fedc2d14ddccb52b4eb699c12be7c2ccc333e,a264f9f6df4fae96803cb1057b5fedc2d14ddccb52b4eb699c12be7c2ccc333e,1787976782.6146894,35366.515999999996,17683317,0,0.9500646591186523,0.9191656112670898,1.579880714416504,-0.00209808349609375,-0.00095367431640625,0.00514984130859375,-0.0073261260986328125,0.4859580993652344,-0.0024423599243164062,-0.0073261260986328125,-0.0073261260986328125,-0.0073261260986328125,-0.012209892272949219,2.4683761596679688,4.095726013183594,-1.125762939453125,0.017093658447265625,-0.11477375030517578,0.0,1.640057316142229,4.681800579094922,-1.2099151422495347,0.008000027795986428,-0.004735019442153061
22,1,train,2,1,0.3490658503988659,1.18608234700514,3,s,af3726fcacd0ac1320a56ea850b0a2c0f5430cf4eb20a45c078706980f08407e,d24fbe3839599a6a097188bae8cd47ce8083f27deef1341ae3086bf0d5a45bd1,a264f9f6df4fae96803cb1057b5fedc2d14ddccb52b4eb699c12be7c2ccc333e,a264f9f6df4fae96803cb1057b5fedc2d14ddccb52b4eb699c12be7c2ccc333e,1787976782.616639,35366.518,17683318,0,0.9500646591186523,0.9203100204467773,1.579880714416504,-0.00209808349609375,-0.00095367431640625,0.00514984130859375,-0.0073261260986328125,0.46153831481933594,-0.0024423599243164062,-0.0073261260986328125,0.0073261260986328125,-0.0073261260986328125,-0.0073261260986328125,2.454700469970703,4.123077392578125,-1.1306467056274414,0.017093658447265625,-0.1196584701538086,0.0,1.622874865753423,4.689491732317259,-1.2115019862441188,0.007988294348516953,-0.004739191454982562
22,1,train,2,1,0.3490658503988659,1.1880530920025194,3,s,af3726fcacd0ac1320a56ea850b0a2c0f5430cf4eb20a45c078706980f08407e,d24fbe3839599a6a097188bae8cd47ce8083f27deef1341ae3086bf0d5a45bd1,a264f9f6df4fae96803cb1057b5fedc2d14ddccb52b4eb699c12be7c2ccc333e,a264f9f6df4fae96803cb1057b5fedc2d14ddccb52b4eb699c12be7c2ccc333e,1787976782.6185377,35366.52,17683319,0,0.9500646591186523,0.9210729598999023,1.579880714416504,-0.00209808349609375,-0.00095367431640625,0.00514984130859375,0.0073261260986328125,0.46153831481933594,-0.0024423599243164062,-0.021978378295898438,0.0073261260986328125,-0.0073261260986328125,-0.012209892272949219,2.3452987670898438,4.123077392578125,-1.1306467056274414,0.017093658447265625,-0.1196584701538086,0.0,1.6114187166415928,4.694615756366334,-1.2125590008850955,0.007980466237006354,-0.004741969348990603
22,1,train,2,1,0.3490658503988659,1.189932380002574,3,s,af3726fcacd0ac1320a56ea850b0a2c0f5430cf4eb20a45c078706980f08407e,d24fbe3839599a6a097188bae8cd47ce8083f27deef1341ae3086bf0d5a45bd1,a264f9f6df4fae96803cb1057b5fedc2d14ddccb52b4eb699c12be7c2ccc333e,a264f9f6df4fae96803cb1057b5fedc2d14ddccb52b4eb699c12be7c2ccc333e,1787976782.6204498,35366.522,17683320,0,0.9500646591186523,0.9222173690795898,1.579880714416504,-0.00209808349609375,-0.00095367431640625,0.00514984130859375,-0.0073261260986328125,0.4859580993652344,-0.0024423599243164062,0.0073261260986328125,-0.021978378295898438,-0.0073261260986328125,-0.0073261260986328125,2.2358970642089844,4.123077392578125,-1.1355314254760742,0.017093658447265625,-0.11477375030517578,0.0,1.5942327363658024,4.702296667834787,-1.2141431992752831,0.007968715361335435,-0.004746131014142863
22,1,train,2,1,0.3490658503988659,1.191862341001979,3,s,af3726fcacd0ac1320a56ea850b0a2c0f5430cf4eb20a45c078706980f08407e,d24fbe3839599a6a097188bae8cd47ce8083f27deef1341ae3086bf0d5a45bd1,a264f9f6df4fae96803cb1057b5fedc2d14ddccb52b4eb699c12be7c2ccc333e,a264f9f6df4fae96803cb1057b5fedc2d14ddccb52b4eb699c12be7c2ccc333e,1787976782.6223562,35366.524,17683321,0,0.9500646591186523,0.9233617782592773,1.579880714416504,-0.00209808349609375,-0.00095367431640625,0.00514984130859375,-0.0073261260986328125,0.5152626037597656,-0.0024423599243164062,-0.0073261260986328125,-0.0073261260986328125,-0.0073261260986328125,-0.0073261260986328125,2.167520523071289,4.136753082275391,-1.1355314254760742,0.017093658447265625,-0.11477375030517578,0.0,1.5770446681676753,4.709971420835888,-1.2157258075358424,0.007956954049259314,-0.004750286463419145
22,1,train,2,1,0.3490658503988659,1.1937508110058843,3,s,af3726fcacd0ac1320a56ea850b0a2c0f5430cf4eb20a45c078706980f08407e,d24fbe3839599a6a097188bae8cd47ce8083f27deef1341ae3086bf0d5a45bd1,a264f9f6df4fae96803cb1057b5fedc2d14ddccb52b4eb699c12be7c2ccc333e,a264f9f6df4fae96803cb1057b5fedc2d14ddccb52b4eb699c12be7c2ccc333e,1787976782.6242943,35366.526,17683322,0,0.9500646591186523,0.9245061874389648,1.579880714416504,-0.00209808349609375,-0.00095367431640625,0.00514984130859375,-0.021978378295898438,0.5299148559570312,-0.0024423599243164062,-0.0073261260986328125,-0.0073261260986328125,-0.0073261260986328125,-0.0073261260986328125,2.1948719024658203,4.150428771972656,-1.1355314254760742,0.021978378295898438,-0.1196584701538086,0.0,1.5598545345579424,4.717640005318225,-1.217306823594075,0.007945182316181458,-0.004754435691377172
22,1,train,2,1,0.3490658503988659,1.1956915960035985,3,s,af3726fcacd0ac1320a56ea850b0a2c0f5430cf4eb20a45c078706980f08407e,d24fbe3839599a6a097188bae8cd47ce8083f27deef1341ae3086bf0d5a45bd1,a264f9f6df4fae96803cb1057b5fedc2d14ddccb52b4eb699c12be7c2ccc333e,a264f9f6df4fae96803cb1057b5fedc2d14ddccb52b4eb699c12be7c2ccc333e,1787976782.6262403,35366.528,17683323,0,0.9500646591186523,0.9252691268920898,1.579880714416504,-0.00209808349609375,-0.00095367431640625,0.00514984130859375,-0.0073261260986328125,0.5152626037597656,-0.0024423599243164062,-0.021978378295898438,-0.021978378295898438,-0.0073261260986328125,-0.0073261260986328125,2.2769222259521484,4.150428771972656,-1.1355314254760742,0.021978378295898438,-0.1196584701538086,0.0,1.5483933091515345,4.7227489630582475,-1.218359948720105,0.007937328712296975,-0.004757198384377416
22,1,train,2,1,0.3490658503988659,1.1976386080059456,3,s,af3726fcacd0ac1320a56ea850b0a2c0f5430cf4eb20a45c078706980f08407e,d24fbe3839599a6a097188bae8cd47ce8083f27deef1341ae3086bf0d5a45bd1,a264f9f6df4fae96803cb1057b5fedc2d14ddccb52b4eb699c12be7c2ccc333e,a264f9f6df4fae96803cb1057b5fedc2d14ddccb52b4eb699c12be7c2ccc333e,1787976782.6287358,35366.53,17683324,0,0.9500646591186523,0.9264135360717773,1.579880714416504,-0.00209808349609375,-0.00095367431640625,0.00514984130859375,-0.021978378295898438,0.48107433319091797,-0.0024423599243164062,0.0073261260986328125,-0.0073261260986328125,-0.0073261260986328125,-0.0073261260986328125,2.3042736053466797,4.164104461669922,-1.1404151916503906,0.021978378295898438,-0.1196584701538086,0.0,1.5311997832203175,4.730407244361462,-1.2199383065074625,0.00792553964514987,-0.004761337231399872
22,1,train,2,1,0.3490658503988659,1.2001286300001084,3,s,af3726fcacd0ac1320a56ea850b0a2c0f5430cf4eb20a45c078706980f08407e,d24fbe3839599a6a097188bae8cd47ce8083f27deef1341ae3086bf0d5a45bd1,a264f9f6df4fae96803cb1057b5fedc2d14ddccb52b4eb699c12be7c2ccc333e,a264f9f6df4fae96803cb1057b5fedc2d14ddccb52b4eb699c12be7c2ccc333e,1787976782.6306353,35366.532,17683325,0,0.9500646591186523,0.9271764755249023,1.579880714416504,-0.00209808349609375,-0.00095367431640625,0.00514984130859375,0.0073261260986328125,0.46153831481933594,-0.0024423599243164062,-0.0073261260986328125,0.0073261260986328125,-0.0073261260986328125,-0.0073261260986328125,2.2358970642089844,4.164104461669922,-1.145298957824707,0.017093658447265625,-0.1196584701538086,0.0,1.519736317115056,4.735509324025177,-1.2209896575380381,0.007917674499509747,-0.004764092998754029
22,1,train,2,1,0.3490658503988659,1.2020296070040786,3,s,af3726fcacd0ac1320a56ea850b0a2c0f5430cf4eb20a45c078706980f08407e,d24fbe3839599a6a097188bae8cd47ce8083f27deef1341ae3086bf0d5a45bd1,a264f9f6df4fae96803cb1057b5fedc2d14ddccb52b4eb699c12be7c2ccc333e,a264f9f6df4fae96803cb1057b5fedc2d14ddccb52b4eb699c12be7c2ccc333e,1787976782.632532,35366.534,17683326,0,0.9500646591186523,0.9283208847045898,1.579880714416504,-0.00209808349609375,-0.00095367431640625,0.00514984130859375,-0.0073261260986328125,0.47130680084228516,-0.0024423599243164062,0.0073261260986328125,-0.021978378295898438,-0.0073261260986328125,-0.0073261260986328125,2.1401710510253906,4.150428771972656,-1.145298957824707,0.017093658447265625,-0.1196584701538086,0.0,1.502539461412021,4.74315727428861,-1.2225653513124908,0.007905868141181762,-0.004768221449783882
22,1,train,2,1,0.3490658503988659,1.2039240220037755,3,s,af3726fcacd0ac1320a56ea850b0a2c0f5430cf4eb20a45c078706980f08407e,d24fbe3839599a6a097188bae8cd47ce8083f27deef1341ae3086bf0d5a45bd1,a264f9f6df4fae96803cb1057b5fedc2d14ddccb52b4eb699c12be7c2ccc333e,a264f9f6df4fae96803cb1057b5fedc2d14ddccb52b4eb699c12be7c2ccc333e,1787976782.6344187,35366.536,17683327,0,0.9500646591186523,0.9290838241577148,1.579880714416504,-0.00209808349609375,-0.00095367431640625,0.00514984130859375,-0.0073261260986328125,0.4957265853881836,-0.0024423599243164062,-0.0073261260986328125,-0.0073261260986328125,-0.0073261260986328125,-0.0073261260986328125,2.0717945098876953,4.177776336669922,-1.1501827239990234,0.017093658447265625,-0.1196584701538086,0.0,1.4910737963117424,4.748252457314768,-1.2236149244228203,0.007897991482399221,-0.0047709702814665335
22,1,train,2,1,0.3490658503988659,1.2058126510019065,3,s,af3726fcacd0ac1320a56ea850b0a2c0f5430cf4eb20a45c078706980f08407e,d24fbe3839599a6a097188bae8cd47ce8083f27deef1341ae3086bf0d5a45bd1,a264f9f6df4fae96803cb1057b5fedc2d14ddccb52b4eb699c12be7c2ccc333e,a264f9f6df4fae96803cb1057b5fedc2d14ddccb52b4eb699c12be7c2ccc333e,1787976782.6363182,35366.538,17683328,0,0.9500646591186523,0.9302282333374023,1.579880714416504,-0.00209808349609375,-0.00095367431640625,0.00514984130859375,-0.0073261260986328125,0.5054941177368164,-0.0024423599243164062,-0.021978378295898438,-0.0073261260986328125,-0.0073261260986328125,-0.0073261260986328125,2.0307693481445312,4.164104461669922,-1.145298957824707,0.017093658447265625,-0.11477375030517578,0.0,1.4738736733986655,4.755890048715346,-1.2251879484520285,0.007886167875841624,-0.0047750883214845675
22,1,train,2,1,0.3490658503988659,1.20771398999932,3,s,af3726fcacd0ac1320a56ea850b0a2c0f5430cf4eb20a45c078706980f08407e,d24fbe3839599a6a097188bae8cd47ce8083f27deef1341ae3086bf0d5a45bd1,a264f9f6df4fae96803cb1057b5fedc2d14ddccb52b4eb699c12be7c2ccc333e,a264f9f6df4fae96803cb1057b5fedc2d14ddccb52b4eb699c12be7c2ccc333e,1787976782.6382594,35366.54,17683329,0,0.9500646591186523,0.9313726425170898,1.579880714416504,-0.00209808349609375,-0.00095367431640625,0.00514984130859375,-0.0073261260986328125,0.5006103515625,-0.0024423599243164062,-0.0073261260986328125,-0.021978378295898438,-0.0073261260986328125,-0.0073261260986328125,2.0717945098876953,4.164104461669922,-1.145298957824707,0.017093658447265625,-0.11477375030517578,0.0,1.4566716201941758,4.76352141145881,-1.2267593678866064,0.007874333940988982,-0.00477920010770204
22,1,train,2,1,0.3490658503988659,1.209655645005114,3,s,af3726fcacd0ac1320a56ea850b0a2c0f5430cf4eb20a45c078706980f08407e,d24fbe3839599a6a097188bae8cd47ce8083f27deef1341ae3086bf0d5a45bd1,a264f9f6df4fae96803cb1057b5fedc2d14ddccb52b4eb699c12be7c2ccc333e,a264f9f6df4fae96803cb1057b5fedc2d14ddccb52b4eb699c12be7c2ccc333e,1787976782.6407402,35366.542,17683330,0,0.9500646591186523,0.9321355819702148,1.579880714416504,-0.00209808349609375,-0.00095367431640625,0.00514984130859375,-0.0073261260986328125,0.47130680084228516,-0.0024423599243164062,0.021978378295898438,-0.021978378295898438,-0.0073261260986328125,-0.0073261260986328125,2.085470199584961,4.1914520263671875,-1.1501827239990234,0.017093658447265625,-0.1196584701538086,0.0,1.4452025234657484,4.768605521320122,-1.227806088385126,0.007866438920798583,-0.004781937821520403
22,1,train,2,1,0.3490658503988659,1.212155792003614,3,s,af3726fcacd0ac1320a56ea850b0a2c0f5430cf4eb20a45c078706980f08407e,d24fbe3839599a6a097188bae8cd47ce8083f27deef1341ae3086bf0d5a45bd1,a264f9f6df4fae96803cb1057b5fedc2d14ddccb52b4eb699c12be7c2ccc333e,a264f9f6df4fae96803cb1057b5fedc2d14ddccb52b4eb699c12be7c2ccc333e,1787976782.6427639,35366.544,17683331,0,0.9500646591186523,0.9328985214233398,1.579880714416504,-0.00209808349609375,-0.00095367431640625,0.00514984130859375,0.0073261260986328125,0.4517707824707031,-0.0024423599243164062,0.0073261260986328125,-0.0073261260986328125,-0.0073261260986328125,-0.0073261260986328125,2.0991458892822266,4.205127716064453,-1.1550674438476562,0.017093658447265625,-0.1196584701538086,0.0,1.4337325855187784,4.773686855487837,-1.228852094206476,0.007858539321738316,-0.00478467275188475
22,1,train,2,1,0.3490658503988659,1.2141609560057987,3,s,af3726fcacd0ac1320a56ea850b0a2c0f5430cf4eb20a45c078706980f08407e,d24fbe3839599a6a097188bae8cd47ce8083f27deef1341ae3086bf0d5a45bd1,a264f9f6df4fae96803cb1057b5fedc2d14ddccb52b4eb699c12be7c2ccc333e,a264f9f6df4fae96803cb1057b5fedc2d14ddccb52b4eb699c12be7c2ccc333e,1787976782.6447368,35366.545999999995,17683332,0,0.9500646591186523,0.9340429306030273,1.579880714416504,-0.00209808349609375,-0.00095367431640625,0.00514984130859375,-0.0073261260986328125,0.4468860626220703,-0.0024423599243164062,0.0073261260986328125,-0.0073261260986328125,-0.0073261260986328125,-0.0073261260986328125,2.0307693481445312,4.150428771972656,-1.164834976196289,0.017093658447265625,-0.1196584701538086,0.0,1.4165261159182714,4.781303645844332,-1.2304197615870498,0.007846681347826134,-0.004788769924973063
22,1,train,2,1,0.3490658503988659,1.2161401680059498,3,s,af3726fcacd0ac1320a56ea850b0a2c0f5430cf4eb20a45c078706980f08407e,d24fbe3839599a6a097188bae8cd47ce8083f27deef1341ae3086bf0d5a45bd1,a264f9f6df4fae96803cb1057b5fedc2d14ddccb52b4eb699c12be7c2ccc333e,a264f9f6df4fae96803cb1057b5fedc2d14ddccb52b4eb699c12be7c2ccc333e,1787976782.6466992,35366.547999999995,17683333,0,0.9500646591186523,0.9351873397827148,1.579880714416504,-0.00209808349609375,-0.00095367431640625,0.00514984130859375,-0.021978378295898438,0.46642208099365234,-0.0024423599243164062,-0.0073261260986328125,0.0073261260986328125,-0.0073261260986328125,-0.0073261260986328125,1.962392807006836,4.109401702880859,-1.164834976196289,0.021978378295898438,-0.1196584701538086,0.0,1.3993177911328538,4.788914174260229,-1.2319858175210328,0.007834813097333318,-0.004792860826342401
22,1,train,2,1,0.3490658503988659,1.218125190003775,3,s,af3726fcacd0ac1320a56ea850b0a2c0f5430cf4eb20a45c078706980f08407e,d24fbe3839599a6a097188bae8cd47ce8083f27deef1341ae3086bf0d5a45bd1,a264f9f6df4fae96803cb1057b5fedc2d14ddccb52b4eb699c12be7c2ccc333e,a264f9f6df4fae96803cb1057b5fedc2d14ddccb52b4eb699c12be7c2ccc333e,1787976782.6486459,35366.549999999996,17683334,0,0.9500646591186523,0.9359502792358398,1.579880714416504,-0.00209808349609375,-0.00095367431640625,0.00514984130859375,-0.0073261260986328125,0.4859580993652344,-0.0024423599243164062,-0.0073261260986328125,-0.0073261260986328125,-0.0073261260986328125,-0.0073261260986328125,1.8803424835205078,4.109401702880859,-1.164834976196289,0.017093658447265625,-0.1196584701538086,0.0,1.3878445550803669,4.793984376092482,-1.2330289585493135,0.007826895228801891,-0.004795584606987506
22,1,train,2,1,0.3490658503988659,1.2200404710019939,3,s,af3726fcacd0ac1320a56ea850b0a2c0f5430cf4eb20a45c078706980f08407e,d24fbe3839599a6a097188bae8cd47ce8083f27deef1341ae3086bf0d5a45bd1,a264f9f6df4fae96803cb1057b5fedc2d14ddccb52b4eb699c12be7c2ccc333e,a264f9f6df4fae96803cb1057b5fedc2d14ddccb52b4eb699c12be7c2ccc333e,1787976782.6505213,35366.551999999996,17683335,0,0.9500646591186523,0.9370946884155273,1.579880714416504,-0.00209808349609375,-0.00095367431640625,0.00514984130859375,-0.0073261260986328125,0.4957265853881836,-0.0024423599243164062,-0.021978378295898438,-0.0073261260986328125,-0.0073261260986328125,-0.0073261260986328125,1.8666667938232422,4.164104461669922,-1.1599512100219727,0.017093658447265625,-0.1196584701538086,0.0,1.3706331884040897,4.801584445795222,-1.2345923241822017,0.00781500988522246,-0.004799665043589856
22,1,train,2,1,0.3490658503988659,1.2219129220029572,3,s,af3726fcacd0ac1320a56ea850b0a2c0f5430cf4eb20a45c078706980f08407e,d24fbe3839599a6a097188bae8cd47ce8083f27deef1341ae3086bf0d5a45bd1,a264f9f6df4fae96803cb1057b5fedc2d14ddccb52b4eb699c12be7c2ccc333e,a264f9f6df4fae96803cb1057b5fedc2d14ddccb52b4eb699c12be7c2ccc333e,1787976782.6524138,35366.554,17683336,0,0.9500646591186523,0.9378576278686523,1.579880714416504,-0.00209808349609375,-0.00095367431640625,0.00514984130859375,-0.0073261260986328125,0.4908428192138672,-0.0024423599243164062,0.0073261260986328125,-0.0073261260986328125,-0.0073261260986328125,-0.0073261260986328125,1.8666667938232422,4.1914520263671875,-1.164834976196289,0.017093658447265625,-0.1196584701538086,0.0,1.3591579452949172,4.8066476659323545,-1.2356336697797174,0.007807080635707317,-0.004802381842772069
22,1,train,2,1,0.3490658503988659,1.2238284280028893,3,s,af3726fcacd0ac1320a56ea850b0a2c0f5430cf4eb20a45c078706980f08407e,d24fbe3839599a6a097188bae8cd47ce8083f27deef1341ae3086bf0d5a45bd1,a264f9f6df4fae96803cb1057b5fedc2d14ddccb52b4eb699c12be7c2ccc333e,a264f9f6df4fae96803cb1057b5fedc2d14ddccb52b4eb699c12be7c2ccc333e,1787976782.6543498,35366.556,17683337,0,0.9500646591186523,0.9390020370483398,1.579880714416504,-0.00209808349609375,-0.00095367431640625,0.00514984130859375,-0.0073261260986328125,0.47619056701660156,-0.0024423599243164062,0.021978378295898438,-0.0073261260986328125,-0.0073261260986328125,-0.0073261260986328125,1.8666667938232422,4.1914520263671875,-1.1697187423706055,0.017093658447265625,-0.1196584701538086,0.0,1.3419435993423496,4.814237249273057,-1.2371943394240206,0.0077951782422798896,-0.004806451799762894
22,1,train,2,1,0.3490658503988659,1.2257478669998818,3,s,af3726fcacd0ac1320a56ea850b0a2c0f5430cf4eb20a45c078706980f08407e,d24fbe3839599a6a097188bae8cd47ce8083f27deef1341ae3086bf0d5a45bd1,a264f9f6df4fae96803cb1057b5fedc2d14ddccb52b4eb699c12be7c2ccc333e,a264f9f6df4fae96803cb1057b5fedc2d14ddccb52b4eb699c12be7c2ccc333e,1787976782.6562898,35366.558,17683338,0,0.9500646591186523,0.9397649765014648,1.579880714416504,-0.00171661376953125,-0.00095367431640625,0.00514984130859375,-0.0073261260986328125,0.46153831481933594,-0.0024423599243164062,0.0073261260986328125,-0.0073261260986328125,-0.0073261260986328125,-0.012209892272949219,1.839315414428711,4.150428771972656,-1.1746034622192383,0.017093658447265625,-0.1196584701538086,0.0,1.3299468879762861,4.819812972242066,-1.2387533887492572,0.007783265639724006,-0.004810515461877283
22,1,train,2,1,0.3490658503988659,1.2276854369993089,3,s,af3726fcacd0ac1320a56ea850b0a2c0f5430cf4eb20a45c078706980f08407e,d24fbe3839599a6a097188bae8cd47ce8083f27deef1341ae3086bf0d5a45bd1,a264f9f6df4fae96803cb1057b5fedc2d14ddccb52b4eb699c12be7c2ccc333e,a264f9f6df4fae96803cb1057b5fedc2d14ddccb52b4eb699c12be7c2ccc333e,1787976782.658249,35366.56,17683339,0,0.9500646591186523,0.9409093856811523,1.579880714416504,-0.00209808349609375,-0.00095367431640625,0.00514984130859375,-0.0073261260986328125,0.45665454864501953,-0.0024423599243164062,0.0073261260986328125,0.0073261260986328125,-0.0073261260986328125,-0.0073261260986328125,1.7846145629882812,4.1914520263671875,-1.1697187423706055,0.017093658447265625,-0.11477375030517578,0.0,1.3132491283197092,4.8268725386631175,-1.2397918537804173,0.007775318240652667,-0.004813221070171449
22,1,train,2,1,0.3490658503988659,1.2296480459990562,3,s,af3726fcacd0ac1320a56ea850b0a2c0f5430cf4eb20a45c078706980f08407e,d24fbe3839599a6a097188bae8cd47ce8083f27deef1341ae3086bf0d5a45bd1,a264f9f6df4fae96803cb1057b5fedc2d14ddccb52b4eb699c12be7c2ccc333e,a264f9f6df4fae96803cb1057b5fedc2d14ddccb52b4eb699c12be7c2ccc333e,1787976782.6601562,35366.562,17683340,0,0.9500646591186523,0.9416723251342773,1.579880714416504,-0.00209808349609375,-0.00095367431640625,0.00514984130859375,-0.0073261260986328125,0.46642208099365234,-0.0024423599243164062,0.021978378295898438,-0.0073261260986328125,-0.0073261260986328125,-0.0073261260986328125,1.7025642395019531,4.232479095458984,-1.1746034622192383,0.017093658447265625,-0.1196584701538086,0.0,1.3017699963443428,4.831921740175831,-1.2408295971577739,0.007767366315750672,-0.004815923876802349
22,1,train,2,1,0.3490658503988659,1.2315685670037055,3,s,af3726fcacd0ac1320a56ea850b0a2c0f5430cf4eb20a45c078706980f08407e,d24fbe3839599a6a097188bae8cd47ce8083f27deef1341ae3086bf0d5a45bd1,a264f9f6df4fae96803cb1057b5fedc2d14ddccb52b4eb699c12be7c2ccc333e,a264f9f6df4fae96803cb1057b5fedc2d14ddccb52b4eb699c12be7c2ccc333e,1787976782.6626613,35366.564,17683341,0,0.9500646591186523,0.9428167343139648,1.579880714416504,-0.00209808349609375,-0.00095367431640625,0.00514984130859375,-0.0073261260986328125,0.48107433319091797,-0.0024423599243164062,0.0073261260986328125,-0.0073261260986328125,-0.0073261260986328125,-0.0073261260986328125,1.6478633880615234,4.218803405761719,-1.1794872283935547,0.017093658447265625,-0.11477375030517578,0.0,1.2845498797260257,4.839490267998499,-1.2423848578016923,0.007755429952591044,-0.004819972830189065
22,1,train,2,1,0.3490658503988659,1.234057790999941,3,s,af3726fcacd0ac1320a56ea850b0a2c0f5430cf4eb20a45c078706980f08407e,d24fbe3839599a6a097188bae8cd47ce8083f27deef1341ae3086bf0d5a45bd1,a264f9f6df4fae96803cb1057b5fedc2d14ddccb52b4eb699c12be7c2ccc333e,a264f9f6df4fae96803cb1057b5fedc2d14ddccb52b4eb699c12be7c2ccc333e,1787976782.6645608,35366.566,17683342,0,0.9500646591186523,0.9435796737670898,1.579880714416504,-0.00209808349609375,-0.00095367431640625,0.00514984130859375,-0.0073261260986328125,0.4859580993652344,-0.0024423599243164062,-0.03663063049316406,-0.0073261260986328125,-0.0073261260986328125,-0.0073261260986328125,1.6068382263183594,4.218803405761719,-1.184370994567871,0.021978378295898438,-0.11477375030517578,0.0,1.2730688659552998,4.844532432632915,-1.2434207944027584,0.007747466733368417,-0.004822668625782448
22,1,train,2,1,0.3490658503988659,1.235955845004355,3,s,af3726fcacd0ac1320a56ea850b0a2c0f5430cf4eb20a45c078706980f08407e,d24fbe3839599a6a097188bae8cd47ce8083f27deef1341ae3086bf0d5a45bd1,a264f9f6df4fae96803cb1057b5fedc2d14ddccb52b4eb699c12be7c2ccc333e,a264f9f6df4fae96803cb1057b5fedc2d14ddccb52b4eb699c12be7c2ccc333e,1787976782.666473,35366.568,17683343,0,0.9500646591186523,0.9447240829467773,1.579880714416504,-0.00209808349609375,-0.00095367431640625,0.00514984130859375,-0.0073261260986328125,0.48107433319091797,-0.0024423599243164062,-0.021978378295898438,-0.021978378295898438,-0.0073261260986328125,-0.0073261260986328125,1.6478633880615234,4.1914520263671875,-1.1794872283935547,0.021978378295898438,-0.11477375030517578,0.0,1.255845957968516,4.852090391376186,-1.2449733420545541,0.007735513450448166,-0.004826707055252989
22,1,train,2,1,0.3490658503988659,1.2378686830052175,3,s,af3726fcacd0ac1320a56ea850b0a2c0f5430cf4eb20a45c078706980f08407e,d24fbe3839599a6a097188bae8cd47ce8083f27deef1341ae3086bf0d5a45bd1,a264f9f6df4fae96803cb1057b5fedc2d14ddccb52b4eb699c12be7c2ccc333e,a264f9f6df4fae96803cb1057b5fedc2d14ddccb52b4eb699c12be7c2ccc333e,1787976782.6683931,35366.57,17683344,0,0.9500646591186523,0.9454870223999023,1.579880714416504,-0.00209808349609375,-0.00095367431640625,0.00514984130859375,-0.0073261260986328125,0.46153831481933594,-0.0024423599243164062,0.0073261260986328125,-0.0073261260986328125,-0.0073261260986328125,-0.0073261260986328125,1.6752128601074219,4.232479095458984,-1.1794872283935547,0.021978378295898438,-0.11477375030517578,0.0,1.2443631041701066,4.857125500789023,-1.2460074681106164,0.007727538965874921,-0.004829395830001612
22,1,train,2,1,0.3490658503988659,1.2397921360025066,3,s,af3726fcacd0ac1320a56ea850b0a2c0f5430cf4eb20a45c078706980f08407e,d24fbe3839599a6a097188bae8cd47ce8083f27deef1341ae3086bf0d5a45bd1,a264f9f6df4fae96803cb1057b5fedc2d14ddccb52b4eb699c12be7c2ccc333e,a264f9f6df4fae96803cb1057b5fedc2d14ddccb52b4eb699c12be7c2ccc333e,1787976782.6702995,35366.572,17683345,0,0.9500646591186523,0.9466314315795898,1.579880714416504,-0.00171661376953125,-0.00095367431640625,0.00514984130859375,-0.0073261260986328125,0.4420022964477539,-0.0024423599243164062,0.021978378295898438,0.0073261260986328125,-0.0073261260986328125,-0.0073261260986328125,1.7162399291992188,4.259830474853516,-1.184370994567871,0.021978378295898438,-0.1196584701538086,0.0,1.226621220787647,4.865189109640978,-1.2480735438059218,0.007711576507314424,-0.004834764944700786
22,1,train,2,1,0.3490658503988659,1.2416968590041506,3,s,af3726fcacd0ac1320a56ea850b0a2c0f5430cf4eb20a45c078706980f08407e,d24fbe3839599a6a097188bae8cd47ce8083f27deef1341ae3086bf0d5a45bd1,a264f9f6df4fae96803cb1057b5fedc2d14ddccb52b4eb699c12be7c2ccc333e,a264f9f6df4fae96803cb1057b5fedc2d14ddccb52b4eb699c12be7c2ccc333e,1787976782.6728308,35366.574,17683346,0,0.9500646591186523,0.9473943710327148,1.579880714416504,-0.00209808349609375,-0.00095367431640625,0.00514984130859375,-0.0073261260986328125,0.4322347640991211,-0.0024423599243164062,0.0073261260986328125,-0.0073261260986328125,-0.0073261260986328125,-0.0073261260986328125,1.6888885498046875,4.273506164550781,-1.184370994567871,0.021978378295898438,-0.1196584701538086,0.0,1.215652815419685,4.8697008988308506,-1.2485896088710862,0.007707583085766958,-0.004836105464986423
22,1,train,2,1,0.3490658503988659,1.2442326119999052,3,s,af3726fcacd0ac1320a56ea850b0a2c0f5430cf4eb20a45c078706980f08407e,d24fbe3839599a6a097188bae8cd47ce8083f27deef1341ae3086bf0d5a45bd1,a264f9f6df4fae96803cb1057b5fedc2d14ddccb52b4eb699c12be7c2ccc333e,a264f9f6df4fae96803cb1057b5fedc2d14ddccb52b4eb699c12be7c2ccc333e,1787976782.674803,35366.576,17683347,0,0.9500646591186523,0.9481573104858398,1.579880714416504,-0.00209808349609375,-0.00095367431640625,0.00514984130859375,-0.0073261260986328125,0.4371185302734375,-0.0024423599243164062,-0.021978378295898438,-0.021978378295898438,-0.0073261260986328125,-0.0073261260986328125,1.6205120086669922,4.287178039550781,-1.184370994567871,0.017093658447265625,-0.1196584701538086,0.0,1.204167455764925,4.874726100165639,-1.2496211938452448,0.007699592878450481,-0.004838784394124848
22,1,train,2,1,0.3490658503988659,1.246202007001557,3,s,af3726fcacd0ac1320a56ea850b0a2c0f5430cf4eb20a45c078706980f08407e,d24fbe3839599a6a097188bae8cd47ce8083f27deef1341ae3086bf0d5a45bd1,a264f9f6df4fae96803cb1057b5fedc2d14ddccb52b4eb699c12be7c2ccc333e,a264f9f6df4fae96803cb1057b5fedc2d14ddccb52b4eb699c12be7c2ccc333e,1787976782.6767254,35366.578,17683348,0,0.9500646591186523,0.9493017196655273,1.579880714416504,-0.00209808349609375,-0.00095367431640625,0.00514984130859375,-0.0073261260986328125,0.4517707824707031,-0.0024423599243164062,-0.0073261260986328125,0.0073261260986328125,-0.0073261260986328125,-0.0073261260986328125,1.538461685180664,4.300853729248047,-1.184370994567871,0.017093658447265625,-0.1196584701538086,0.0,1.186938104151429,4.882258581009381,-1.2511672072903963,0.0076875991656435785,-0.004842797506327374
22,1,train,2,1,0.3490658503988659,1.2481221630005166,3,s,af3726fcacd0ac1320a56ea850b0a2c0f5430cf4eb20a45c078706980f08407e,d24fbe3839599a6a097188bae8cd47ce8083f27deef1341ae3086bf0d5a45bd1,a264f9f6df4fae96803cb1057b5fedc2d14ddccb52b4eb699c12be7c2ccc333e,a264f9f6df4fae96803cb1057b5fedc2d14ddccb52b4eb699c12be7c2ccc333e,1787976782.6786923,35366.58,17683349,0,0.9500646591186523,0.9500646591186523,1.579880714416504,-0.00209808349609375,-0.00095367431640625,0.00514984130859375,-0.021978378295898438,0.47130680084228516,-0.0024423599243164062,-0.0073261260986328125,-0.0073261260986328125,-0.0073261260986328125,-0.0073261260986328125,1.4837608337402344,4.24615478515625,-1.184370994567871,0.017093658447265625,-0.11477375030517578,0.0,1.1754510047384152,4.8872766832035595,-1.2521969727015374,0.007679597762671523,-0.004845469391187932
22,1,train,2,1,0.3490658503988659,1.2501054370004567,3,s,af3726fcacd0ac1320a56ea850b0a2c0f5430cf4eb20a45c078706980f08407e,d24fbe3839599a6a097188bae8cd47ce8083f27deef1341ae3086bf0d5a45bd1,a264f9f6df4fae96803cb1057b5fedc2d14ddccb52b4eb699c12be7c2ccc333e,a264f9f6df4fae96803cb1057b5fedc2d14ddccb52b4eb699c12be7c2ccc333e,1787976782.6806388,35366.581999999995,17683350,0,0.9500646591186523,0.9512090682983398,1.579880714416504,-0.00171661376953125,-0.00095367431640625,0.00514984130859375,-0.0073261260986328125,0.47619056701660156,-0.0024423599243164062,0.0073261260986328125,-0.021978378295898438,-0.0073261260986328125,-0.012209892272949219,1.4700851440429688,4.273506164550781,-1.1892547607421875,0.017093658447265625,-0.1196584701538086,0.0,1.157705012518866,4.895312563949992,-1.2542543163012432,0.007663581551045418,-0.004850804698052679
22,1,train,2,1,0.3490658503988659,1.252052593001281,3,s,af3726fcacd0ac1320a56ea850b0a2c0f5430cf4eb20a45c078706980f08407e,d24fbe3839599a6a097188bae8cd47ce8083f27deef1341ae3086bf0d5a45bd1,a264f9f6df4fae96803cb1057b5fedc2d14ddccb52b4eb699c12be7c2ccc333e,a264f9f6df4fae96803cb1057b5fedc2d14ddccb52b4eb699c12be7c2ccc333e,1787976782.6825507,35366.583999999995,17683351,0,0.9500646591186523,0.9519720077514648,1.579880714416504,-0.00171661376953125,-0.00095367431640625,0.00514984130859375,-0.0073261260986328125,0.46153831481933594,-0.0024423599243164062,0.0073261260986328125,-0.0073261260986328125,-0.0073261260986328125,-0.012209892272949219,1.4837608337402344,4.300853729248047,-1.1941394805908203,0.017093658447265625,-0.1196584701538086,0.0,1.1462165802482414,4.900323183636988,-1.2552818932922767,0.00765556675171403,-0.004853468116951311
22,1,train,2,1,0.3490658503988659,1.2539437590021407,3,s,af3726fcacd0ac1320a56ea850b0a2c0f5430cf4eb20a45c078706980f08407e,d24fbe3839599a6a097188bae8cd47ce8083f27deef1341ae3086bf0d5a45bd1,a264f9f6df4fae96803cb1057b5fedc2d14ddccb52b4eb699c12be7c2ccc333e,a264f9f6df4fae96803cb1057b5fedc2d14ddccb52b4eb699c12be7c2ccc333e,1787976782.6844363,35366.585999999996,17683352,0,0.9500646591186523,0.9527349472045898,1.579880714416504,-0.00171661376953125,-0.00095367431640625,0.00514984130859375,-0.0073261260986328125,0.4420022964477539,-0.0024423599243164062,-0.0073261260986328125,0.0073261260986328125,-0.0073261260986328125,-0.012209892272949219,1.4837608337402344,4.3145294189453125,-1.1990232467651367,0.017093658447265625,-0.1196584701538086,0.0,1.1347274807917889,4.9053309509606215,-1.2563087396131185,0.007647547496256524,-0.004856128710759817
22,1,train,2,1,0.3490658503988659,1.255827359003888,3,s,af3726fcacd0ac1320a56ea850b0a2c0f5430cf4eb20a45c078706980f08407e,d24fbe3839599a6a097188bae8cd47ce8083f27deef1341ae3086bf0d5a45bd1,a264f9f6df4fae96803cb1057b5fedc2d14ddccb52b4eb699c12be7c2ccc333e,a264f9f6df4fae96803cb1057b5fedc2d14ddccb52b4eb699c12be7c2ccc333e,1787976782.6863337,35366.587999999996,17683353,0,0.9500646591186523,0.9538793563842773,1.579880714416504,-0.00171661376953125,-0.00095367431640625,0.00514984130859375,-0.0073261260986328125,0.4273500442504883,-0.0024423599243164062,0.0073261260986328125,-0.0073261260986328125,-0.0073261260986328125,-0.012209892272949219,1.4290599822998047,4.3145294189453125,-1.1990232467651367,0.017093658447265625,-0.1196584701538086,0.0,1.117492595262775,4.912837247388862,-1.2578476377804093,0.007635510268045358,-0.004860114301041321
22,1,train,2,1,0.3490658503988659,1.2577312310022535,3,s,af3726fcacd0ac1320a56ea850b0a2c0f5430cf4eb20a45c078706980f08407e,d24fbe3839599a6a097188bae8cd47ce8083f27deef1341ae3086bf0d5a45bd1,a264f9f6df4fae96803cb1057b5fedc2d14ddccb52b4eb699c12be7c2ccc333e,a264f9f6df4fae96803cb1057b5fedc2d14ddccb52b4eb699c12be7c2ccc333e,1787976782.6882455,35366.59,17683354,0,0.9500646591186523,0.9546422958374023,1.579880714416504,-0.00171661376953125,-0.00095367431640625,0.00514984130859375,-0.0073261260986328125,0.4420022964477539,-0.0024423599243164062,-0.0073261260986328125,-0.0073261260986328125,-0.0073261260986328125,-0.0073261260986328125,1.3196582794189453,4.3145294189453125,-1.1990232467651367,0.017093658447265625,-0.1196584701538086,0.0,1.1060018571005568,4.917837871055018,-1.2588726548117495,0.007627479892699934,-0.00486276782535268
22,1,train,2,1,0.3490658503988659,1.2596646120000514,3,s,af3726fcacd0ac1320a56ea850b0a2c0f5430cf4eb20a45c078706980f08407e,d24fbe3839599a6a097188bae8cd47ce8083f27deef1341ae3086bf0d5a45bd1,a264f9f6df4fae96803cb1057b5fedc2d14ddccb52b4eb699c12be7c2ccc333e,a264f9f6df4fae96803cb1057b5fedc2d14ddccb52b4eb699c12be7c2ccc333e,1787976782.690153,35366.592,17683355,0,0.9500646591186523,0.9557867050170898,1.579880714416504,-0.00171661376953125,-0.00095367431640625,0.00514984130859375,-0.021978378295898438,0.46642208099365234,-0.0024423599243164062,0.0073261260986328125,-0.021978378295898438,-0.0073261260986328125,-0.0073261260986328125,1.2649574279785156,4.328205108642578,-1.1990232467651367,0.017093658447265625,-0.1196584701538086,0.0,1.0887645448641583,4.92533343834837,-1.260408806246881,0.007615426006560569,-0.004866742804143865
22,1,train,2,1,0.3490658503988659,1.2615457940046326,3,s,af3726fcacd0ac1320a56ea850b0a2c0f5430cf4eb20a45c078706980f08407e,d24fbe3839599a6a097188bae8cd47ce8083f27deef1341ae3086bf0d5a45bd1,a264f9f6df4fae96803cb1057b5fedc2d14ddccb52b4eb699c12be7c2ccc333e,a264f9f6df4fae96803cb1057b5fedc2d14ddccb52b4eb699c12be7c2ccc333e,1787976782.6926367,35366.594,17683356,0,0.9500646591186523,0.9565496444702148,1.579880714416504,-0.00171661376953125,-0.00095367431640625,0.00514984130859375,-0.0073261260986328125,0.4859580993652344,-0.0024423599243164062,-0.021978378295898438,-0.0073261260986328125,-0.0073261260986328125,-0.0073261260986328125,1.2239322662353516,4.328205108642578,-1.2039070129394531,0.017093658447265625,-0.1196584701538086,0.0,1.0772722097992307,4.9303269001648875,-1.2614319902597302,0.007607384540541556,-0.004869389249304614
22,1,train,2,1,0.3490658503988659,1.2640360590012278,3,s,af3726fcacd0ac1320a56ea850b0a2c0f5430cf4eb20a45c078706980f08407e,d24fbe3839599a6a097188bae8cd47ce8083f27deef1341ae3086bf0d5a45bd1,a264f9f6df4fae96803cb1057b5fedc2d14ddccb52b4eb699c12be7c2ccc333e,a264f9f6df4fae96803cb1057b5fedc2d14ddccb52b4eb699c12be7c2ccc333e,1787976782.6945572,35366.596,17683357,0,0.9500646591186523,0.9576940536499023,1.579880714416504,-0.00171661376953125,-0.00095367431640625,0.00514984130859375,-0.0073261260986328125,0.48107433319091797,-0.0024423599243164062,0.0073261260986328125,0.0073261260986328125,-0.0073261260986328125,-0.0073261260986328125,1.2786331176757812,4.341880798339844,-1.2039070129394531,0.017093658447265625,-0.1196584701538086,0.0,1.060032533564402,4.937811711054642,-1.2629653893742172,0.007595314040325758,-0.004873353602144594
22,1,train,2,1,0.3490658503988659,1.2659557260049041,3,s,af3726fcacd0ac1320a56ea850b0a2c0f5430cf4eb20a45c078706980f08407e,d24fbe3839599a6a097188bae8cd47ce8083f27deef1341ae3086bf0d5a45bd1,a264f9f6df4fae96803cb1057b5fedc2d14ddccb52b4eb699c12be7c2ccc333e,a264f9f6df4fae96803cb1057b5fedc2d14ddccb52b4eb699c12be7c2ccc333e,1787976782.696502,35366.598,17683358,0,0.9500646591186523,0.9584569931030273,1.579880714416504,-0.00171661376953125,-0.00095367431640625,0.00514984130859375,-0.0073261260986328125,0.45665454864501953,-0.0024423599243164062,-0.0073261260986328125,-0.021978378295898438,-0.0073261260986328125,-0.0073261260986328125,1.3470077514648438,4.328205108642578,-1.2087907791137695,0.017093658447265625,-0.1196584701538086,0.0,1.0485386434056254,4.942797992855418,-1.2639867366462547,0.007587261512887831,-0.004875992958527026
22,1,train,2,1,0.3490658503988659,1.2679016620022594,3,s,af3726fcacd0ac1320a56ea850b0a2c0f5430cf4eb20a45c078706980f08407e,d24fbe3839599a6a097188bae8cd47ce8083f27deef1341ae3086bf0d5a45bd1,a264f9f6df4fae96803cb1057b5fedc2d14ddccb52b4eb699c12be7c2ccc333e,a264f9f6df4fae96803cb1057b5fedc2d14ddccb52b4eb699c12be7c2ccc333e,1787976782.6984198,35366.6,17683359,0,0.9500646591186523,0.9592199325561523,1.579880714416504,-0.00171661376953125,-0.00095367431640625,0.00514984130859375,-0.0073261260986328125,0.4273500442504883,-0.0024423599243164062,0.0073261260986328125,0.0073261260986328125,-0.0073261260986328125,-0.012209892272949219,1.3880348205566406,4.355556488037109,-1.2087907791137695,0.017093658447265625,-0.1196584701538086,0.0,1.0370441429170536,4.9477813975692415,-1.2650073481812147,0.007579204569082664,-0.004878629476708149
22,1,train,2,1,0.3490658503988659,1.269812771002762,3,s,af3726fcacd0ac1320a56ea850b0a2c0f5430cf4eb20a45c078706980f08407e,d24fbe3839599a6a097188bae8cd47ce8083f27deef1341ae3086bf0d5a45bd1,a264f9f6df4fae96803cb1057b5fedc2d14ddccb52b4eb699c12be7c2ccc333e,a264f9f6df4fae96803cb1057b5fedc2d14ddccb52b4eb699c12be7c2ccc333e,1787976782.7003198,35366.602,17683360,0,0.9500646591186523,0.9603643417358398,1.579880714416504,-0.00171661376953125,-0.00095367431640625,0.00514984130859375,-0.0073261260986328125,0.41269874572753906,-0.0024423599243164062,0.0073261260986328125,-0.0073261260986328125,-0.0073261260986328125,-0.0073261260986328125,1.333333969116211,4.355556488037109,-1.2136754989624023,0.017093658447265625,-0.1196584701538086,0.0,1.0198012624518082,4.955251103757057,-1.2665368846772131,0.007567110882945886,-0.00488257892899577
22,1,train,2,1,0.3490658503988659,1.2717301110023982,3,s,af3726fcacd0ac1320a56ea850b0a2c0f5430cf4eb20a45c078706980f08407e,d24fbe3839599a6a097188bae8cd47ce8083f27deef1341ae3086bf0d5a45bd1,a264f9f6df4fae96803cb1057b5fedc2d14ddccb52b4eb699c12be7c2ccc333e,a264f9f6df4fae96803cb1057b5fedc2d14ddccb52b4eb699c12be7c2ccc333e,1787976782.702242,35366.604,17683361,0,0.9500646591186523,0.9611272811889648,1.579880714416504,-0.00171661376953125,-0.00095367431640625,0.00514984130859375,0.0073261260986328125,0.4224662780761719,-0.0024423599243164062,0.0073261260986328125,-0.0073261260986328125,-0.0073261260986328125,-0.0073261260986328125,1.2239322662353516,4.369232177734375,-1.2185592651367188,0.017093658447265625,-0.1196584701538086,0.0,1.0083052654112583,4.960227303066493,-1.267555654271342,0.0075590429187459285,-0.004885208344963117
22,1,train,2,1,0.3490658503988659,1.2736492640033248,3,s,af3726fcacd0ac1320a56ea850b0a2c0f5430cf4eb20a45c078706980f08407e,d24fbe3839599a6a097188bae8cd47ce8083f27deef1341ae3086bf0d5a45bd1,a264f9f6df4fae96803cb1057b5fedc2d14ddccb52b4eb699c12be7c2ccc333e,a264f9f6df4fae96803cb1057b5fedc2d14ddccb52b4eb699c12be7c2ccc333e,1787976782.704744,35366.606,17683362,0,0.9500646591186523,0.9618902206420898,1.579880714416504,-0.00171661376953125,-0.00095367431640625,0.00514984130859375,-0.021978378295898438,0.4420022964477539,-0.0024423599243164062,-0.021978378295898438,-0.0073261260986328125,-0.0073261260986328125,-0.012209892272949219,1.1555557250976562,4.341880798339844,-1.2234430313110352,0.017093658447265625,-0.11477375030517578,0.0,0.9968086814598311,4.965200615143777,-1.2685736860510084,0.0075509705546041115,-0.004887834917365092
22,1,train,2,1,0.3490658503988659,1.2761414060005336,3,s,af3726fcacd0ac1320a56ea850b0a2c0f5430cf4eb20a45c078706980f08407e,d24fbe3839599a6a097188bae8cd47ce8083f27deef1341ae3086bf0d5a45bd1,a264f9f6df4fae96803cb1057b5fedc2d14ddccb52b4eb699c12be7c2ccc333e,a264f9f6df4fae96803cb1057b5fedc2d14ddccb52b4eb699c12be7c2ccc333e,1787976782.7066705,35366.608,17683363,0,0.9500646591186523,0.9630346298217773,1.579880714416504,-0.00171661376953125,-0.00095367431640625,0.00514984130859375,-0.0073261260986328125,0.45665454864501953,-0.0024423599243164062,-0.021978378295898438,-0.021978378295898438,-0.0073261260986328125,-0.012209892272949219,1.087179183959961,4.341880798339844,-1.2185592651367188,0.017093658447265625,-0.11477375030517578,0.0,0.9795627197133947,4.972655163367405,-1.2700993490222592,0.00753885376877959,-0.004891769440939043
22,1,train,2,1,0.3490658503988659,1.2780660839998745,3,s,af3726fcacd0ac1320a56ea850b0a2c0f5430cf4eb20a45c078706980f08407e,d24fbe3839599a6a097188bae8cd47ce8083f27deef1341ae3086bf0d5a45bd1,a264f9f6df4fae96803cb1057b5fedc2d14ddccb52b4eb699c12be7c2ccc333e,a264f9f6df4fae96803cb1057b5fedc2d14ddccb52b4eb699c12be7c2ccc333e,1787976782.7085857,35366.61,17683364,0,0.9500646591186523,0.9637975692749023,1.579880714416504,-0.00171661376953125,-0.00095367431640625,0.00514984130859375,-0.0073261260986328125,0.46153831481933594,-0.0024423599243164062,-0.021978378295898438,-0.0073261260986328125,-0.0073261260986328125,-0.012209892272949219,1.1145305633544922,4.341880798339844,-1.2185592651367188,0.017093658447265625,-0.1196584701538086,0.0,0.968064697762526,4.977621244703038,-1.271115533674209,0.00753077042534569,-0.004894388897742427
22,1,train,2,1,0.3490658503988659,1.2799784380040364,3,s,af3726fcacd0ac1320a56ea850b0a2c0f5430cf4eb20a45c078706980f08407e,d24fbe3839599a6a097188bae8cd47ce8083f27deef1341ae3086bf0d5a45bd1,a264f9f6df4fae96803cb1057b5fedc2d14ddccb52b4eb699c12be7c2ccc333e,a264f9f6df4fae96803cb1057b5fedc2d14ddccb52b4eb699c12be7c2ccc333e,1787976782.7105117,35366.612,17683365,0,0.9500646591186523,0.9645605087280273,1.579880714416504,-0.00171661376953125,-0.00095367431640625,0.00514984130859375,-0.0073261260986328125,0.4371185302734375,-0.0024423599243164062,0.0073261260986328125,0.0073261260986328125,-0.0073261260986328125,-0.012209892272949219,1.1418800354003906,4.355556488037109,-1.2185592651367188,0.017093658447265625,-0.1196584701538086,0.0,0.9565661123238668,4.982584428681917,-1.272130978439575,0.007522682698426689,-0.0048970055056366535
22,1,train,2,1,0.3490658503988659,1.2819112080032937,3,s,af3726fcacd0ac1320a56ea850b0a2c0f5430cf4eb20a45c078706980f08407e,d24fbe3839599a6a097188bae8cd47ce8083f27deef1341ae3086bf0d5a45bd1,a264f9f6df4fae96803cb1057b5fedc2d14ddccb52b4eb699c12be7c2ccc333e,a264f9f6df4fae96803cb1057b5fedc2d14ddccb52b4eb699c12be7c2ccc333e,1787976782.7124243,35366.614,17683366,0,0.9500646591186523,0.9657049179077148,1.579880714416504,-0.00171661376953125,-0.00095367431640625,0.00514984130859375,-0.0073261260986328125,0.41269874572753906,-0.0024423599243164062,0.0073261260986328125,-0.0073261260986328125,-0.0073261260986328125,-0.0073261260986328125,1.1555557250976562,4.382907867431641,-1.2185592651367188,0.017093658447265625,-0.1196584701538086,0.0,0.9393171922674316,4.990023765787192,-1.2736527570074385,0.007510542899312364,-0.004900925072442076
22,1,train,2,1,0.3490658503988659,1.2838198669996927,3,s,af3726fcacd0ac1320a56ea850b0a2c0f5430cf4eb20a45c078706980f08407e,d24fbe3839599a6a097188bae8cd47ce8083f27deef1341ae3086bf0d5a45bd1,a264f9f6df4fae96803cb1057b5fedc2d14ddccb52b4eb699c12be7c2ccc333e,a264f9f6df4fae96803cb1057b5fedc2d14ddccb52b4eb699c12be7c2ccc333e,1787976782.7143347,35366.616,17683367,0,0.9500646591186523,0.9664678573608398,1.579880714416504,-0.00171661376953125,-0.00095367431640625,0.00514984130859375,-0.0073261260986328125,0.40293025970458984,-0.0024423599243164062,-0.0073261260986328125,0.0073261260986328125,-0.0073261260986328125,-0.012209892272949219,1.1008548736572266,4.355556488037109,-1.2234430313110352,0.017093658447265625,-0.1196584701538086,0.0,0.9278172273921353,4.994979693738704,-1.274666349471371,0.007502444234282269,-0.00490353455140363
22,1,train,2,1,0.3490658503988659,1.2857297570008086,3,s,af3726fcacd0ac1320a56ea850b0a2c0f5430cf4eb20a45c078706980f08407e,d24fbe3839599a6a097188bae8cd47ce8083f27deef1341ae3086bf0d5a45bd1,a264f9f6df4fae96803cb1057b5fedc2d14ddccb52b4eb699c12be7c2ccc333e,a264f9f6df4fae96803cb1057b5fedc2d14ddccb52b4eb699c12be7c2ccc333e,1787976782.716275,35366.617999999995,17683368,0,0.9500646591186523,0.9672307968139648,1.579880714416504,-0.00171661376953125,-0.00095367431640625,0.00514984130859375,0.0073261260986328125,0.41269874572753906,-0.0024423599243164062,-0.0073261260986328125,-0.0073261260986328125,-0.0073261260986328125,-0.0073261260986328125,1.0324783325195312,4.369232177734375,-1.2234430313110352,0.017093658447265625,-0.1196584701538086,0.0,0.9163167224561596,4.999932714229514,-1.2756791999818737,0.007494341202255088,-0.0049061411761325575
22,1,train,2,1,0.3490658503988659,1.2876764130051015,3,s,af3726fcacd0ac1320a56ea850b0a2c0f5430cf4eb20a45c078706980f08407e,d24fbe3839599a6a097188bae8cd47ce8083f27deef1341ae3086bf0d5a45bd1,a264f9f6df4fae96803cb1057b5fedc2d14ddccb52b4eb699c12be7c2ccc333e,a264f9f6df4fae96803cb1057b5fedc2d14ddccb52b4eb699c12be7c2ccc333e,1787976782.7183318,35366.619999999995,17683369,0,0.9500646591186523,0.9683752059936523,1.579880714416504,-0.00171661376953125,-0.00095367431640625,0.00514984130859375,-0.0073261260986328125,0.4371185302734375,-0.0024423599243164062,-0.0073261260986328125,-0.0073261260986328125,-0.0073261260986328125,-0.0073261260986328125,0.9641017913818359,4.410255432128906,-1.2234430313110352,0.017093658447265625,-0.1196584701538086,0.0,0.8990649670820136,5.007356787170734,-1.2771970832954083,0.007482178476412998,-0.004910045758221237
22,1,train,2,1,0.3490658503988659,1.2897464690031484,3,s,af3726fcacd0ac1320a56ea850b0a2c0f5430cf4eb20a45c078706980f08407e,d24fbe3839599a6a097188bae8cd47ce8083f27deef1341ae3086bf0d5a45bd1,a264f9f6df4fae96803cb1057b5fedc2d14ddccb52b4eb699c12be7c2ccc333e,a264f9f6df4fae96803cb1057b5fedc2d14ddccb52b4eb699c12be7c2ccc333e,1787976782.7203212,35366.621999999996,17683370,0,0.9500646591186523,0.9691390991210938,1.579880714416504,-0.00171661376953125,-0.00095367431640625,0.00514984130859375,-0.0073261260986328125,0.46153831481933594,-0.0024423599243164062,-0.0073261260986328125,0.0073261260986328125,-0.0073261260986328125,-0.0073261260986328125,0.9230766296386719,4.423931121826172,-1.2234430313110352,0.017093658447265625,-0.1196584701538086,0.0,0.8875487636750906,5.012308706749099,-1.2782093396198122,0.00747405440239918,-0.0049126484882982555
22,1,train,2,1,0.3490658503988659,1.2917348480041255,3,s,af3726fcacd0ac1320a56ea850b0a2c0f5430cf4eb20a45c078706980f08407e,d24fbe3839599a6a097188bae8cd47ce8083f27deef1341ae3086bf0d5a45bd1,a264f9f6df4fae96803cb1057b5fedc2d14ddccb52b4eb699c12be7c2ccc333e,a264f9f6df4fae96803cb1057b5fedc2d14ddccb52b4eb699c12be7c2ccc333e,1787976782.7222445,35366.623999999996,17683371,0,0.9500646591186523,0.9699020385742188,1.579880714416504,-0.00171661376953125,-0.00095367431640625,0.00514984130859375,-0.0073261260986328125,0.46642208099365234,-0.0024423599243164062,0.0073261260986328125,0.0073261260986328125,-0.0073261260986328125,-0.0073261260986328125,0.9504280090332031,4.410255432128906,-1.2283267974853516,0.017093658447265625,-0.1196584701538086,0.0,0.8760464206037928,5.017251524785927,-1.2792195877230006,0.007465936117606812,-0.004915245107700155
22,1,train,2,1,0.3490658503988659,1.2936379820021102,3,s,af3726fcacd0ac1320a56ea850b0a2c0f5430cf4eb20a45c078706980f08407e,d24fbe3839599a6a097188bae8cd47ce8083f27deef1341ae3086bf0d5a45bd1,a264f9f6df4fae96803cb1057b5fedc2d14ddccb52b4eb699c12be7c2ccc333e,a264f9f6df4fae96803cb1057b5fedc2d14ddccb52b4eb699c12be7c2ccc333e,1787976782.724733,35366.626,17683372,0,0.9500646591186523,0.9710464477539062,1.579880714416504,-0.00171661376953125,-0.00095367431640625,0.00514984130859375,-0.0073261260986328125,0.4468860626220703,-0.0024423599243164062,0.0073261260986328125,-0.0073261260986328125,-0.0073261260986328125,-0.0073261260986328125,0.9914531707763672,4.4376068115234375,-1.2332115173339844,0.017093658447265625,-0.1196584701538086,0.0,0.8587919519777438,5.024660275146388,-1.2807335635620811,0.007453750543620847,-0.004919134671864135
22,1,train,2,1,0.3490658503988659,1.2961290560051566,3,s,af3726fcacd0ac1320a56ea850b0a2c0f5430cf4eb20a45c078706980f08407e,d24fbe3839599a6a097188bae8cd47ce8083f27deef1341ae3086bf0d5a45bd1,a264f9f6df4fae96803cb1057b5fedc2d14ddccb52b4eb699c12be7c2ccc333e,a264f9f6df4fae96803cb1057b5fedc2d14ddccb52b4eb699c12be7c2ccc333e,1787976782.7267,35366.628,17683373,0,0.9500646591186523,0.9718093872070312,1.579880714416504,-0.00171661376953125,-0.00095367431640625,0.00514984130859375,-0.0073261260986328125,0.4224662780761719,-0.0024423599243164062,0.0073261260986328125,-0.0073261260986328125,-0.0073261260986328125,-0.0073261260986328125,1.0051288604736328,4.423931121826172,-1.2380952835083008,0.017093658447265625,-0.1196584701538086,0.0,0.8472883466454105,5.0295957867308445,-1.2817419490542303,0.007445621403327836,-0.004921724135813077
22,1,train,2,1,0.3490658503988659,1.2981458340000245,3,s,af3726fcacd0ac1320a56ea850b0a2c0f5430cf4eb20a45c078706980f08407e,d24fbe3839599a6a097188bae8cd47ce8083f27deef1341ae3086bf0d5a45bd1,a264f9f6df4fae96803cb1057b5fedc2d14ddccb52b4eb699c12be7c2ccc333e,a264f9f6df4fae96803cb1057b5fedc2d14ddccb52b4eb699c12be7c2ccc333e,1787976782.728697,35366.63,17683374,0,0.9500646591186523,0.9725723266601562,1.579880714416504,-0.00171661376953125,-0.00095367431640625,0.00514984130859375,-0.0073261260986328125,0.40781402587890625,-0.0024423599243164062,-0.0073261260986328125,-0.021978378295898438,-0.0073261260986328125,-0.0073261260986328125,0.9914531707763672,4.410255432128906,-1.2429790496826172,0.017093658447265625,-0.1196584701538086,0.0,0.835784248126383,5.034528370705375,-1.2827495884744065,0.007437487929112975,-0.004924310734941659
22,1,train,2,1,0.3490658503988659,1.300095266000426,3,s,af3726fcacd0ac1320a56ea850b0a2c0f5430cf4eb20a45c078706980f08407e,d24fbe3839599a6a097188bae8cd47ce8083f27deef1341ae3086bf0d5a45bd1,a264f9f6df4fae96803cb1057b5fedc2d14ddccb52b4eb699c12be7c2ccc333e,a264f9f6df4fae96803cb1057b5fedc2d14ddccb52b4eb699c12be7c2ccc333e,1787976782.7306774,35366.632,17683375,0,0.9500646591186523,0.9733352661132812,1.579880714416504,-0.00171661376953125,-0.00095367431640625,0.00514984130859375,-0.0073261260986328125,0.40293025970458984,-0.0024423599243164062,-0.0073261260986328125,-0.021978378295898438,-0.0073261260986328125,-0.012209892272949219,0.9230766296386719,4.4376068115234375,-1.2429790496826172,0.017093658447265625,-0.1196584701538086,0.0,0.8242796631169103,5.03945802419885,-1.2837564812360893,0.00742935012571057,-0.004926894467744287
22,1,train,2,1,0.3490658503988659,1.3020769440045115,3,s,af3726fcacd0ac1320a56ea850b0a2c0f5430cf4eb20a45c078706980f08407e,d24fbe3839599a6a097188bae8cd47ce8083f27deef1341ae3086bf0d5a45bd1,a264f9f6df4fae96803cb1057b5fedc2d14ddccb52b4eb699c12be7c2ccc333e,a264f9f6df4fae96803cb1057b5fedc2d14ddccb52b4eb699c12be7c2ccc333e,1787976782.732635,35366.634,17683376,0,0.9500646591186523,0.9744796752929688,1.579880714416504,-0.00171661376953125,-0.00095367431640625,0.00514984130859375,-0.0073261260986328125,0.41758251190185547,-0.0024423599243164062,-0.021978378295898438,-0.0073261260986328125,-0.0073261260986328125,-0.012209892272949219,0.8547000885009766,4.4376068115234375,-1.2380952835083008,0.017093658447265625,-0.1196584701538086,0.0,0.8070218880819113,5.04684700351065,-1.2852654191119863,0.00741713531374281,-0.004930764689297673
22,1,train,2,1,0.3490658503988659,1.3040344180044485,3,s,af3726fcacd0ac1320a56ea850b0a2c0f5430cf4eb20a45c078706980f08407e,d24fbe3839599a6a097188bae8cd47ce8083f27deef1341ae3086bf0d5a45bd1,a264f9f6df4fae96803cb1057b5fedc2d14ddccb52b4eb699c12be7c2ccc333e,a264f9f6df4fae96803cb1057b5fedc2d14ddccb52b4eb699c12be7c2ccc333e,1787976782.7346365,35366.636,17683377,0,0.9500646591186523,0.9752426147460938,1.579880714416504,-0.00171661376953125,-0.00095367431640625,0.00514984130859375,-0.0073261260986328125,0.4322347640991211,-0.0024423599243164062,-0.0073261260986328125,-0.0073261260986328125,-0.0073261260986328125,-0.0073261260986328125,0.7863254547119141,4.423931121826172,-1.2380952835083008,0.017093658447265625,-0.1196584701538086,0.0,0.7955161161443614,5.051769318251426,-1.2862704426642457,0.007408986708100661,-0.004933341249709367
22,1,train,2,1,0.3490658503988659,1.3060341279997374,3,s,af3726fcacd0ac1320a56ea850b0a2c0f5430cf4eb20a45c078706980f08407e,d24fbe3839599a6a097188bae8cd47ce8083f27deef1341ae3086bf0d5a45bd1,a264f9f6df4fae96803cb1057b5fedc2d14ddccb52b4eb699c12be7c2ccc333e,a264f9f6df4fae96803cb1057b5fedc2d14ddccb52b4eb699c12be7c2ccc333e,1787976782.7365627,35366.638,17683378,0,0.9500646591186523,0.9760055541992188,1.579880714416504,-0.00171661376953125,-0.00095367431640625,0.00514984130859375,-0.0073261260986328125,0.4420022964477539,-0.0024423599243164062,-0.0073261260986328125,0.0073261260986328125,-0.0073261260986328125,-0.0073261260986328125,0.7589740753173828,4.451282501220703,-1.2380952835083008,0.017093658447265625,-0.1196584701538086,0.0,0.7840098811555078,5.05668869247559,-1.2872747175086037,0.007400833789860855,-0.004935914938538654
22,1,train,2,1,0.3490658503988659,1.3079565250009182,3,s,af3726fcacd0ac1320a56ea850b0a2c0f5430cf4eb20a45c078706980f08407e,d24fbe3839599a6a097188bae8cd47ce8083f27deef1341ae3086bf0d5a45bd1,a264f9f6df4fae96803cb1057b5fedc2d14ddccb52b4eb699c12be7c2ccc333e,a264f9f6df4fae96803cb1057b5fedc2d14ddccb52b4eb699c12be7c2ccc333e,1787976782.7384593,35366.64,17683379,0,0.9500646591186523,0.9767684936523438,1.579880714416504,-0.00171661376953125,-0.00095367431640625,0.00514984130859375,0.0073261260986328125,0.4371185302734375,-0.0024423599243164062,0.0073261260986328125,0.0073261260986328125,-0.0073261260986328125,-0.012209892272949219,0.7863254547119141,4.478633880615234,-1.2429790496826172,0.017093658447265625,-0.1196584701538086,0.0,0.7725031898128685,5.061605123319687,-1.288278243060495,0.007392676563769026,-0.004938485754287449
22,1,train,2,1,0.3490658503988659,1.3098530720017152,3,s,af3726fcacd0ac1320a56ea850b0a2c0f5430cf4eb20a45c078706980f08407e,d24fbe3839599a6a097188bae8cd47ce8083f27deef1341ae3086bf0d5a45bd1,a264f9f6df4fae96803cb1057b5fedc2d14ddccb52b4eb699c12be7c2ccc333e,a264f9f6df4fae96803cb1057b5fedc2d14ddccb52b4eb699c12be7c2ccc333e,1787976782.7403586,35366.642,17683380,0,0.9500646591186523,0.9779129028320312,1.579880714416504,-0.00171661376953125,-0.00095367431640625,0.00514984130859375,-0.0073261260986328125,0.4224662780761719,-0.0024423599243164062,0.0073261260986328125,-0.0073261260986328125,-0.0073261260986328125,-0.012209892272949219,0.8273506164550781,4.478633880615234,-1.2429790496826172,0.017093658447265625,-0.1196584701538086,0.0,0.7552423117869995,5.068974244488631,-1.289782125187297,0.007380432657795947,-0.004942336587611782
22,1,train,2,1,0.3490658503988659,1.3117706370030646,3,s,af3726fcacd0ac1320a56ea850b0a2c0f5430cf4eb20a45c078706980f08407e,d24fbe3839599a6a097188bae8cd47ce8083f27deef1341ae3086bf0d5a45bd1,a264f9f6df4fae96803cb1057b5fedc2d14ddccb52b4eb699c12be7c2ccc333e,a264f9f6df4fae96803cb1057b5fedc2d14ddccb52b4eb699c12be7c2ccc333e,1787976782.7422786,35366.644,17683381,0,0.9500646591186523,0.9786758422851562,1.579880714416504,-0.00133514404296875,-0.00095367431640625,0.00514984130859375,-0.0073261260986328125,0.39804649353027344,-0.0024423599243164062,0.0073261260986328125,-0.021978378295898438,-0.0073261260986328125,-0.0073261260986328125,0.8547000885009766,4.478633880615234,-1.2527475357055664,0.017093658447265625,-0.11477375030517578,0.0,0.7432339656943667,5.074383847535065,-1.291284318122269,0.007368179085875191,-0.004946180948095143
22,1,train,2,1,0.3490658503988659,1.3136730600017472,3,s,af3726fcacd0ac1320a56ea850b0a2c0f5430cf4eb20a45c078706980f08407e,d24fbe3839599a6a097188bae8cd47ce8083f27deef1341ae3086bf0d5a45bd1,a264f9f6df4fae96803cb1057b5fedc2d14ddccb52b4eb699c12be7c2ccc333e,a264f9f6df4fae96803cb1057b5fedc2d14ddccb52b4eb699c12be7c2ccc333e,1787976782.7447627,35366.646,17683382,0,0.9500646591186523,0.9794387817382812,1.579880714416504,-0.00171661376953125,-0.00095367431640625,0.00514984130859375,-0.0073261260986328125,0.3833942413330078,-0.0024423599243164062,-0.0073261260986328125,-0.0073261260986328125,-0.0073261260986328125,-0.0073261260986328125,0.8683757781982422,4.464958190917969,-1.2527475357055664,0.017093658447265625,-0.11477375030517578,0.0,0.7322262730290003,5.078789410855144,-1.2917846733845268,0.007364092416686623,-0.004947460962310029
22,1,train,2,1,0.3490658503988659,1.3161574750047293,3,s,af3726fcacd0ac1320a56ea850b0a2c0f5430cf4eb20a45c078706980f08407e,d24fbe3839599a6a097188bae8cd47ce8083f27deef1341ae3086bf0d5a45bd1,a264f9f6df4fae96803cb1057b5fedc2d14ddccb52b4eb699c12be7c2ccc333e,a264f9f6df4fae96803cb1057b5fedc2d14ddccb52b4eb699c12be7c2ccc333e,1787976782.7466936,35366.648,17683383,0,0.9500646591186523,0.9802017211914062,1.579880714416504,-0.00133514404296875,-0.00095367431640625,0.00514984130859375,-0.021978378295898438,0.3833942413330078,-0.0024423599243164062,0.0073261260986328125,-0.0073261260986328125,-0.0073261260986328125,-0.0073261260986328125,0.8136749267578125,4.478633880615234,-1.2478628158569336,0.017093658447265625,-0.11477375030517578,0.0,0.7202178198773035,5.084192352205412,-1.2932846110037406,0.007351825981801618,-0.004951296684508241
22,1,train,2,1,0.3490658503988659,1.3181041589996312,3,s,af3726fcacd0ac1320a56ea850b0a2c0f5430cf4eb20a45c078706980f08407e,d24fbe3839599a6a097188bae8cd47ce8083f27deef1341ae3086bf0d5a45bd1,a264f9f6df4fae96803cb1057b5fedc2d14ddccb52b4eb699c12be7c2ccc333e,a264f9f6df4fae96803cb1057b5fedc2d14ddccb52b4eb699c12be7c2ccc333e,1787976782.7487257,35366.65,17683384,0,0.9500646591186523,0.9809646606445312,1.579880714416504,-0.00171661376953125,-0.00095367431640625,0.00514984130859375,-0.0073261260986328125,0.39316272735595703,-0.0024423599243164062,-0.0073261260986328125,-0.0073261260986328125,-0.0073261260986328125,-0.0073261260986328125,0.7452983856201172,4.4923095703125,-1.2478628158569336,0.017093658447265625,-0.11477375030517578,0.0,0.7092085294241837,5.088592752245878,-1.29378421391177,0.00734773502971685,-0.004952573817805307
22,1,train,2,1,0.3490658503988659,1.3201256300017121,3,s,af3726fcacd0ac1320a56ea850b0a2c0f5430cf4eb20a45c078706980f08407e,d24fbe3839599a6a097188bae8cd47ce8083f27deef1341ae3086bf0d5a45bd1,a264f9f6df4fae96803cb1057b5fedc2d14ddccb52b4eb699c12be7c2ccc333e,a264f9f6df4fae96803cb1057b5fedc2d14ddccb52b4eb699c12be7c2ccc333e,1787976782.7506557,35366.652,17683385,0,0.9500646591186523,0.9817276000976562,1.579880714416504,-0.00171661376953125,-0.00095367431640625,0.00514984130859375,-0.0073261260986328125,0.40293025970458984,-0.0024423599243164062,-0.0073261260986328125,-0.021978378295898438,-0.0073261260986328125,-0.012209892272949219,0.7042732238769531,4.478633880615234,-1.2527475357055664,0.017093658447265625,-0.1196584701538086,0.0,0.6976990350516808,5.0934899814413805,-1.2947828548440163,0.007339549918434303,-0.004955125922130695
22,1,train,2,1,0.3490658503988659,1.3220506450015819,3,s,af3726fcacd0ac1320a56ea850b0a2c0f5430cf4eb20a45c078706980f08407e,d24fbe3839599a6a097188bae8cd47ce8083f27deef1341ae3086bf0d5a45bd1,a264f9f6df4fae96803cb1057b5fedc2d14ddccb52b4eb699c12be7c2ccc333e,a264f9f6df4fae96803cb1057b5fedc2d14ddccb52b4eb699c12be7c2ccc333e,1787976782.7525578,35366.653999999995,17683386,0,0.9500646591186523,0.9824905395507812,1.579880714416504,-0.00171661376953125,-0.00095367431640625,0.00514984130859375,-0.0073261260986328125,0.41758251190185547,-0.0024423599243164062,0.0073261260986328125,-0.0073261260986328125,-0.0073261260986328125,-0.012209892272949219,0.6358966827392578,4.464958190917969,-1.2527475357055664,0.021978378295898438,-0.1196584701538086,0.0,0.686189134564907,5.09838424583565,-1.2957807421134848,0.007331360534971633,-0.004957675142193326
22,1,train,2,1,0.3490658503988659,1.323952165999799,3,s,af3726fcacd0ac1320a56ea850b0a2c0f5430cf4eb20a45c078706980f08407e,d24fbe3839599a6a097188bae8cd47ce8083f27deef1341ae3086bf0d5a45bd1,a264f9f6df4fae96803cb1057b5fedc2d14ddccb52b4eb699c12be7c2ccc333e,a264f9f6df4fae96803cb1057b5fedc2d14ddccb52b4eb699c12be7c2ccc333e,1787976782.7544641,35366.655999999995,17683387,0,0.9500646591186523,0.9836349487304688,1.579880714416504,-0.00133514404296875,-0.00095367431640625,0.00514984130859375,-0.0073261260986328125,0.4273500442504883,-0.0024423599243164062,-0.0073261260986328125,0.0073261260986328125,-0.0073261260986328125,-0.0073261260986328125,0.6632480621337891,4.423931121826172,-1.2576313018798828,0.021978378295898438,-0.11477375030517578,0.0,0.6684254423143823,5.10621817190503,-1.2977742533411432,0.007314968970575807,-0.00496276492359664
22,1,train,2,1,0.3490658503988659,1.3258611380006187,3,s,af3726fcacd0ac1320a56ea850b0a2c0f5430cf4eb20a45c078706980f08407e,d24fbe3839599a6a097188bae8cd47ce8083f27deef1341ae3086bf0d5a45bd1,a264f9f6df4fae96803cb1057b5fedc2d14ddccb52b4eb699c12be7c2ccc333e,a264f9f6df4fae96803cb1057b5fedc2d14ddccb52b4eb699c12be7c2ccc333e,1787976782.7563677,35366.657999999996,17683388,0,0.9500646591186523,0.9843978881835938,1.579880714416504,-0.00133514404296875,-0.00095367431640625,0.00514984130859375,-0.0073261260986328125,0.41269874572753906,-0.0024423599243164062,-0.0073261260986328125,0.0073261260986328125,-0.0073261260986328125,-0.0073261260986328125,0.6769237518310547,4.423931121826172,-1.2576313018798828,0.021978378295898438,-0.11477375030517578,0.0,0.6569149336278515,5.11110463406187,-1.2987698761389572,0.007306766799183795,-0.004965305481974683
22,1,train,2,1,0.3490658503988659,1.3277622230016277,3,s,af3726fcacd0ac1320a56ea850b0a2c0f5430cf4eb20a45c078706980f08407e,d24fbe3839599a6a097188bae8cd47ce8083f27deef1341ae3086bf0d5a45bd1,a264f9f6df4fae96803cb1057b5fedc2d14ddccb52b4eb699c12be7c2ccc333e,a264f9f6df4fae96803cb1057b5fedc2d14ddccb52b4eb699c12be7c2ccc333e,1787976782.758266,35366.659999999996,17683389,0,0.9500646591186523,0.9851608276367188,1.579880714416504,-0.00171661376953125,-0.00095367431640625,0.00514984130859375,-0.021978378295898438,0.39804649353027344,-0.0024423599243164062,-0.021978378295898438,-0.021978378295898438,-0.0073261260986328125,-0.0073261260986328125,0.7042732238769531,4.451282501220703,-1.2576313018798828,0.017093658447265625,-0.11477375030517578,0.0,0.6459013814395211,5.115490782291397,-1.2992674040802432,0.00730266411827761,-0.0049665746774355465
22,1,train,2,1,0.3490658503988659,1.3296629630058305,3,s,af3726fcacd0ac1320a56ea850b0a2c0f5430cf4eb20a45c078706980f08407e,d24fbe3839599a6a097188bae8cd47ce8083f27deef1341ae3086bf0d5a45bd1,a264f9f6df4fae96803cb1057b5fedc2d14ddccb52b4eb699c12be7c2ccc333e,a264f9f6df4fae96803cb1057b5fedc2d14ddccb52b4eb699c12be7c2ccc333e,1787976782.7607565,35366.662,17683390,0,0.9500646591186523,0.9859237670898438,1.579880714416504,-0.00133514404296875,-0.00095367431640625,0.00514984130859375,-0.0073261260986328125,0.3785104751586914,-0.0024423599243164062,-0.0073261260986328125,-0.03663063049316406,-0.0073261260986328125,-0.012209892272949219,0.6905975341796875,4.478633880615234,-1.2576313018798828,0.017093658447265625,-0.11477375030517578,0.0,0.6338927758306211,5.1208686303700475,-1.3007588532049075,0.007290349701883032,-0.004970377926689529
22,1,train,2,1,0.3490658503988659,1.3321676070045214,3,s,af3726fcacd0ac1320a56ea850b0a2c0f5430cf4eb20a45c078706980f08407e,d24fbe3839599a6a097188bae8cd47ce8083f27deef1341ae3086bf0d5a45bd1,a264f9f6df4fae96803cb1057b5fedc2d14ddccb52b4eb699c12be7c2ccc333e,a264f9f6df4fae96803cb1057b5fedc2d14ddccb52b4eb699c12be7c2ccc333e,1787976782.762678,35366.664,17683391,0,0.9500646591186523,0.9866867065429688,1.579880714416504,-0.00133514404296875,-0.00095367431640625,0.00514984130859375,0.0073261260986328125,0.373626708984375,-0.0024423599243164062,-0.0073261260986328125,-0.0073261260986328125,-0.0073261260986328125,-0.0073261260986328125,0.6358966827392578,4.519657135009766,-1.2576313018798828,0.017093658447265625,-0.11477375030517578,0.0,0.6223811401205745,5.125746158837999,-1.3017522063153086,0.0072821347855302875,-0.004972909810073787
22,1,train,2,1,0.3490658503988659,1.3340758660051506,3,s,af3726fcacd0ac1320a56ea850b0a2c0f5430cf4eb20a45c078706980f08407e,d24fbe3839599a6a097188bae8cd47ce8083f27deef1341ae3086bf0d5a45bd1,a264f9f6df4fae96803cb1057b5fedc2d14ddccb52b4eb699c12be7c2ccc333e,a264f9f6df4fae96803cb1057b5fedc2d14ddccb52b4eb699c12be7c2ccc333e,1787976782.764647,35366.666,17683392,0,0.9500646591186523,0.9874496459960938,1.579880714416504,-0.00133514404296875,-0.00095367431640625,0.00514984130859375,-0.0073261260986328125,0.3882780075073242,-0.0024423599243164062,-0.0073261260986328125,-0.0073261260986328125,-0.0073261260986328125,-0.012209892272949219,0.5675220489501953,4.4923095703125,-1.2576313018798828,0.017093658447265625,-0.11477375030517578,0.0,0.6108691421370421,5.13062070372915,-1.3027448017062357,0.007273915630417425,-0.004975438798843704
22,1,train,2,1,0.3490658503988659,1.3360486700039473,3,s,af3726fcacd0ac1320a56ea850b0a2c0f5430cf4eb20a45c078706980f08407e,d24fbe3839599a6a097188bae8cd47ce8083f27deef1341ae3086bf0d5a45bd1,a264f9f6df4fae96803cb1057b5fedc2d14ddccb52b4eb699c12be7c2ccc333e,a264f9f6df4fae96803cb1057b5fedc2d14ddccb52b4eb699c12be7c2ccc333e,1787976782.766558,35366.668,17683393,0,0.9500646591186523,0.9882125854492188,1.579880714416504,-0.00133514404296875,-0.00095367431640625,0.00514984130859375,-0.0073261260986328125,0.40781402587890625,-0.0024423599243164062,0.0073261260986328125,-0.0073261260986328125,-0.0073261260986328125,-0.0073261260986328125,0.4854698181152344,4.478633880615234,-1.2625150680541992,0.017093658447265625,-0.11477375030517578,0.0,0.5993567885808887,5.135492262206145,-1.3037366387999239,0.007265692241328624,-0.00497796489152722
22,1,train,2,1,0.3490658503988659,1.3379545550051262,3,s,af3726fcacd0ac1320a56ea850b0a2c0f5430cf4eb20a45c078706980f08407e,d24fbe3839599a6a097188bae8cd47ce8083f27deef1341ae3086bf0d5a45bd1,a264f9f6df4fae96803cb1057b5fedc2d14ddccb52b4eb699c12be7c2ccc333e,a264f9f6df4fae96803cb1057b5fedc2d14ddccb52b4eb699c12be7c2ccc333e,1787976782.768453,35366.67,17683394,0,0.9500646591186523,0.9893569946289062,1.579880714416504,-0.00133514404296875,-0.00095367431640625,0.00514984130859375,-0.0073261260986328125,0.4273500442504883,-0.0024423599243164062,0.0073261260986328125,-0.0073261260986328125,-0.0073261260986328125,-0.0073261260986328125,0.4444446563720703,4.519657135009766,-1.2673988342285156,0.017093658447265625,-0.11477375030517578,0.0,0.5820876062066428,5.142793994192648,-1.3052229713703516,0.0072533492294619886,-0.004981748597174487
22,1,train,2,1,0.3490658503988659,1.3398549600024126,3,s,af3726fcacd0ac1320a56ea850b0a2c0f5430cf4eb20a45c078706980f08407e,d24fbe3839599a6a097188bae8cd47ce8083f27deef1341ae3086bf0d5a45bd1,a264f9f6df4fae96803cb1057b5fedc2d14ddccb52b4eb699c12be7c2ccc333e,a264f9f6df4fae96803cb1057b5fedc2d14ddccb52b4eb699c12be7c2ccc333e,1787976782.7703457,35366.672,17683395,0,0.9500646591186523,0.9901199340820312,1.579880714416504,-0.00133514404296875,-0.00095367431640625,0.00514984130859375,-0.0073261260986328125,0.4322347640991211,-0.0024423599243164062,-0.0073261260986328125,-0.0073261260986328125,-0.0073261260986328125,-0.012209892272949219,0.45812034606933594,4.547008514404297,-1.2722835540771484,0.017093658447265625,-0.11477375030517578,0.0,0.5705743930365668,5.147658074232218,-1.3062129101961084,0.00724511527638028,-0.00498426744321277
22,1,train,2,1,0.3490658503988659,1.3417380180035252,3,s,af3726fcacd0ac1320a56ea850b0a2c0f5430cf4eb20a45c078706980f08407e,d24fbe3839599a6a097188bae8cd47ce8083f27deef1341ae3086bf0d5a45bd1,a264f9f6df4fae96803cb1057b5fedc2d14ddccb52b4eb699c12be7c2ccc333e,a264f9f6df4fae96803cb1057b5fedc2d14ddccb52b4eb699c12be7c2ccc333e,1787976782.7728121,35366.674,17683396,0,0.9500646591186523,0.9908828735351562,1.579880714416504,-0.00133514404296875,-0.00095367431640625,0.00514984130859375,-0.0073261260986328125,0.41758251190185547,-0.0024423599243164062,-0.021978378295898438,-0.0073261260986328125,-0.0073261260986328125,-0.0073261260986328125,0.5401706695556641,4.574359893798828,-1.2722835540771484,0.021978378295898438,-0.1196584701538086,0.0,0.5590608477484974,5.152519157940578,-1.3072020887059204,0.007236877106086646,-0.004986783388025701
22,1,train,2,1,0.3490658503988659,1.3442068790027406,3,s,af3726fcacd0ac1320a56ea850b0a2c0f5430cf4eb20a45c078706980f08407e,d24fbe3839599a6a097188bae8cd47ce8083f27deef1341ae3086bf0d5a45bd1,a264f9f6df4fae96803cb1057b5fedc2d14ddccb52b4eb699c12be7c2ccc333e,a264f9f6df4fae96803cb1057b5fedc2d14ddccb52b4eb699c12be7c2ccc333e,1787976782.7747242,35366.676,17683397,0,0.9500646591186523,0.9916458129882812,1.579880714416504,-0.00133514404296875,-0.00095367431640625,0.00514984130859375,-0.0073261260986328125,0.3833942413330078,-0.0024423599243164062,-0.0073261260986328125,-0.0073261260986328125,-0.0073261260986328125,-0.012209892272949219,0.6085472106933594,4.533332824707031,-1.2673988342285156,0.017093658447265625,-0.1196584701538086,0.0,0.547546977044199,5.157377242488204,-1.3081905063240102,0.0072286347233763235,-0.004989296430148807
22,1,train,2,1,0.3490658503988659,1.3461422770051286,3,s,af3726fcacd0ac1320a56ea850b0a2c0f5430cf4eb20a45c078706980f08407e,d24fbe3839599a6a097188bae8cd47ce8083f27deef1341ae3086bf0d5a45bd1,a264f9f6df4fae96803cb1057b5fedc2d14ddccb52b4eb699c12be7c2ccc333e,a264f9f6df4fae96803cb1057b5fedc2d14ddccb52b4eb699c12be7c2ccc333e,1787976782.776693,35366.678,17683398,0,0.9500646591186523,0.9924087524414062,1.579880714416504,-0.00133514404296875,-0.00095367431640625,0.00514984130859375,-0.0073261260986328125,0.35409069061279297,-0.0024423599243164062,0.0073261260986328125,0.0073261260986328125,-0.0073261260986328125,-0.012209892272949219,0.6495723724365234,4.547008514404297,-1.2722835540771484,0.017093658447265625,-0.11477375030517578,0.0,0.5360327876256331,5.162232325047315,-1.3091781624750423,0.007220388133047022,-0.004991806568119305
22,1,train,2,1,0.3490658503988659,1.3480925780022517,3,s,af3726fcacd0ac1320a56ea850b0a2c0f5430cf4eb20a45c078706980f08407e,d24fbe3839599a6a097188bae8cd47ce8083f27deef1341ae3086bf0d5a45bd1,a264f9f6df4fae96803cb1057b5fedc2d14ddccb52b4eb699c12be7c2ccc333e,a264f9f6df4fae96803cb1057b5fedc2d14ddccb52b4eb699c12be7c2ccc333e,1787976782.7792206,35366.68,17683399,0,0.9500646591186523,0.9931716918945312,1.579880714416504,-0.00133514404296875,-0.00095367431640625,0.00514984130859375,-0.0073261260986328125,0.33943843841552734,-0.0024423599243164062,-0.0073261260986328125,-0.0073261260986328125,-0.0073261260986328125,-0.012209892272949219,0.6085472106933594,4.519657135009766,-1.2722835540771484,0.012209892272949219,-0.1196584701538086,0.0,0.5245182861949291,5.167084402791888,-1.3101650565841263,0.00721213733989888,-0.004994313800476105
22,1,train,2,1,0.3490658503988659,1.350636282004416,3,s,af3726fcacd0ac1320a56ea850b0a2c0f5430cf4eb20a45c078706980f08407e,d24fbe3839599a6a097188bae8cd47ce8083f27deef1341ae3086bf0d5a45bd1,a264f9f6df4fae96803cb1057b5fedc2d14ddccb52b4eb699c12be7c2ccc333e,a264f9f6df4fae96803cb1057b5fedc2d14ddccb52b4eb699c12be7c2ccc333e,1787976782.7806098,35366.682,17683400,0,0.9500646591186523,0.9939346313476562,1.579880714416504,-0.00133514404296875,-0.00095367431640625,0.00514984130859375,-0.0073261260986328125,0.35409069061279297,-0.0024423599243164062,0.0073261260986328125,-0.0073261260986328125,-0.0073261260986328125,-0.012209892272949219,0.5128211975097656,4.547008514404297,-1.2771673202514648,0.017093658447265625,-0.11477375030517578,0.0,0.5130034794544216,5.171933472897634,-1.3111511880768127,0.007203882348734499,-0.004996818125759803
22,1,train,2,1,0.3490658503988659,1.3520183450018521,3,s,af3726fcacd0ac1320a56ea850b0a2c0f5430cf4eb20a45c078706980f08407e,d24fbe3839599a6a097188bae8cd47ce8083f27deef1341ae3086bf0d5a45bd1,a264f9f6df4fae96803cb1057b5fedc2d14ddccb52b4eb699c12be7c2ccc333e,a264f9f6df4fae96803cb1057b5fedc2d14ddccb52b4eb699c12be7c2ccc333e,1787976782.7825313,35366.684,17683401,0,0.9500646591186523,0.9946975708007812,1.579880714416504,-0.00133514404296875,-0.00095367431640625,0.00514984130859375,-0.021978378295898438,0.3785104751586914,-0.0024423599243164062,-0.0073261260986328125,-0.0073261260986328125,-0.0073261260986328125,-0.0073261260986328125,0.45812034606933594,4.519657135009766,-1.2771673202514648,0.017093658447265625,-0.11477375030517578,0.0,0.5014883741066004,5.17677953254203,-1.3121365563790994,0.00719562316435891,-0.004999319542512691
22,1,train,2,1,0.3490658503988659,1.3539260320030735,3,s,af3726fcacd0ac1320a56ea850b0a2c0f5430cf4eb20a45c078706980f08407e,d24fbe3839599a6a097188bae8cd47ce8083f27deef1341ae3086bf0d5a45bd1,a264f9f6df4fae96803cb1057b5fedc2d14ddccb52b4eb699c12be7c2ccc333e,a264f9f6df4fae96803cb1057b5fedc2d14ddccb52b4eb699c12be7c2ccc333e,1787976782.7844255,35366.686,17683402,0,0.9500646591186523,0.9954605102539062,1.579880714416504,-0.00133514404296875,-0.00095367431640625,0.00514984130859375,-0.0073261260986328125,0.39804649353027344,-0.0024423599243164062,-0.0073261260986328125,-0.0073261260986328125,-0.0073261260986328125,-0.0073261260986328125,0.3897438049316406,4.5059814453125,-1.2771673202514648,0.017093658447265625,-0.11477375030517578,0.0,0.48997297685414265,5.181622578904293,-1.313121160917425,0.007187359791579591,-0.005001818049278753
22,1,train,2,1,0.3490658503988659,1.3558195250006975,3,s,af3726fcacd0ac1320a56ea850b0a2c0f5430cf4eb20a45c078706980f08407e,d24fbe3839599a6a097188bae8cd47ce8083f27deef1341ae3086bf0d5a45bd1,a264f9f6df4fae96803cb1057b5fedc2d14ddccb52b4eb699c12be7c2ccc333e,a264f9f6df4fae96803cb1057b5fedc2d14ddccb52b4eb699c12be7c2ccc333e,1787976782.7863417,35366.688,17683403,0,0.9500646591186523,0.9962234497070312,1.579880714416504,-0.00133514404296875,-0.00095367431640625,0.00514984130859375,0.0073261260986328125,0.41269874572753906,-0.0024423599243164062,-0.0073261260986328125,-0.0073261260986328125,-0.0073261260986328125,-0.0073261260986328125,0.3623924255371094,4.5059814453125,-1.2771673202514648,0.017093658447265625,-0.11477375030517578,0.0,0.4784572943998844,5.1864626091654085,-1.3141050011186768,0.007179092235206459,-0.005004313644603668
22,1,train,2,1,0.3490658503988659,1.357736071004183,3,s,af3726fcacd0ac1320a56ea850b0a2c0f5430cf4eb20a45c078706980f08407e,d24fbe3839599a6a097188bae8cd47ce8083f27deef1341ae3086bf0d5a45bd1,a264f9f6df4fae96803cb1057b5fedc2d14ddccb52b4eb699c12be7c2ccc333e,a264f9f6df4fae96803cb1057b5fedc2d14ddccb52b4eb699c12be7c2ccc333e,1787976782.7882495,35366.689999999995,17683404,0,0.9500646591186523,0.9969863891601562,1.579880714416504,-0.00133514404296875,-0.00095367431640625,0.00514984130859375,-0.0073261260986328125,0.39316272735595703,-0.0024423599243164062,-0.0073261260986328125,-0.0073261260986328125,-0.0073261260986328125,-0.012209892272949219,0.41709327697753906,4.519657135009766,-1.2820510864257812,0.017093658447265625,-0.11477375030517578,0.0,0.46694133344684197,5.191299620508097,-1.3150880764101807,0.007170820500051861,-0.005006806327034806
22,1,train,2,1,0.3490658503988659,1.3596451670018723,3,s,af3726fcacd0ac1320a56ea850b0a2c0f5430cf4eb20a45c078706980f08407e,d24fbe3839599a6a097188bae8cd47ce8083f27deef1341ae3086bf0d5a45bd1,a264f9f6df4fae96803cb1057b5fedc2d14ddccb52b4eb699c12be7c2ccc333e,a264f9f6df4fae96803cb1057b5fedc2d14ddccb52b4eb699c12be7c2ccc333e,1787976782.7906961,35366.691999999995,17683405,0,0.9500646591186523,0.9977493286132812,1.579880714416504,-0.00133514404296875,-0.00095367431640625,0.00514984130859375,-0.0073261260986328125,0.3638582229614258,-0.0024423599243164062,-0.0073261260986328125,-0.021978378295898438,-0.0073261260986328125,-0.012209892272949219,0.47179412841796875,4.588035583496094,-1.2820510864257812,0.012209892272949219,-0.11477375030517578,0.0,0.45542510069818865,5.196133610116851,-1.316070386219714,0.007162544590930589,-0.005009296095121235
22,1,train,2,1,0.3490658503988659,1.3620852759995614,3,s,af3726fcacd0ac1320a56ea850b0a2c0f5430cf4eb20a45c078706980f08407e,d24fbe3839599a6a097188bae8cd47ce8083f27deef1341ae3086bf0d5a45bd1,a264f9f6df4fae96803cb1057b5fedc2d14ddccb52b4eb699c12be7c2ccc333e,a264f9f6df4fae96803cb1057b5fedc2d14ddccb52b4eb699c12be7c2ccc333e,1787976782.7926166,35366.693999999996,17683406,0,0.9500646591186523,0.9981307983398438,1.579880714416504,-0.00133514404296875,-0.00095367431640625,0.00514984130859375,-0.0073261260986328125,0.3296699523925781,-0.0024423599243164062,0.0073261260986328125,0.0073261260986328125,-0.0073261260986328125,-0.0073261260986328125,0.5264949798583984,4.615383148193359,-1.2869348526000977,0.017093658447265625,-0.11477375030517578,0.0,0.4496668844952857,5.198549470891639,-1.3165612538900433,0.0071584050726377305,-0.005010539885832234
22,1,train,2,1,0.3490658503988659,1.364008663003915,3,s,af3726fcacd0ac1320a56ea850b0a2c0f5430cf4eb20a45c078706980f08407e,d24fbe3839599a6a097188bae8cd47ce8083f27deef1341ae3086bf0d5a45bd1,a264f9f6df4fae96803cb1057b5fedc2d14ddccb52b4eb699c12be7c2ccc333e,a264f9f6df4fae96803cb1057b5fedc2d14ddccb52b4eb699c12be7c2ccc333e,1787976782.7945354,35366.695999999996,17683407,0,0.9500646591186523,0.9988937377929688,1.579880714416504,-0.00133514404296875,-0.00095367431640625,0.00514984130859375,-0.0073261260986328125,0.3101339340209961,-0.0024423599243164062,0.0073261260986328125,-0.0073261260986328125,-0.0073261260986328125,-0.0073261260986328125,0.5264949798583984,4.588035583496094,-1.2869348526000977,0.017093658447265625,-0.11477375030517578,0.0,0.4381502566220026,5.203378922624258,-1.3175424144046726,0.0071501229115994765,-0.0050130252796848134
22,1,train,2,1,0.3490658503988659,1.365930322004715,3,s,af3726fcacd0ac1320a56ea850b0a2c0f5430cf4eb20a45c078706980f08407e,d24fbe3839599a6a097188bae8cd47ce8083f27deef1341ae3086bf0d5a45bd1,a264f9f6df4fae96803cb1057b5fedc2d14ddccb52b4eb699c12be7c2ccc333e,a264f9f6df4fae96803cb1057b5fedc2d14ddccb52b4eb699c12be7c2ccc333e,1787976782.796459,35366.698,17683408,0,0.9500646591186523,0.9996566772460938,1.579880714416504,-0.00133514404296875,-0.00095367431640625,0.00514984130859375,-0.0073261260986328125,0.3199024200439453,-0.0024423599243164062,-0.0073261260986328125,-0.021978378295898438,-0.0073261260986328125,-0.012209892272949219,0.45812034606933594,4.574359893798828,-1.2918195724487305,0.017093658447265625,-0.11477375030517578,0.0,0.42663337371170995,5.208205345591866,-1.3185228080087183,0.007141836588642118,-0.0050155077555727795
22,1,train,2,1,0.3490658503988659,1.3678537680025329,3,s,af3726fcacd0ac1320a56ea850b0a2c0f5430cf4eb20a45c078706980f08407e,d24fbe3839599a6a097188bae8cd47ce8083f27deef1341ae3086bf0d5a45bd1,a264f9f6df4fae96803cb1057b5fedc2d14ddccb52b4eb699c12be7c2ccc333e,a264f9f6df4fae96803cb1057b5fedc2d14ddccb52b4eb699c12be7c2ccc333e,1787976782.79835,35366.7,17683409,0,0.9500646591186523,1.0004196166992188,1.579880714416504,-0.00133514404296875,-0.00095367431640625,0.00514984130859375,-0.0073261260986328125,0.34432220458984375,-0.0024423599243164062,0.0073261260986328125,-0.0073261260986328125,-0.0073261260986328125,-0.0073261260986328125,0.376068115234375,4.5606842041015625,-1.2869348526000977,0.017093658447265625,-0.1196584701538086,0.0,0.41511624246812395,5.2130287369851125,-1.319502434131516,0.0071335461085889375,-0.00501798731205114
22,1,train,2,1,0.3490658503988659,1.3697434679997968,3,s,af3726fcacd0ac1320a56ea850b0a2c0f5430cf4eb20a45c078706980f08407e,d24fbe3839599a6a097188bae8cd47ce8083f27deef1341ae3086bf0d5a45bd1,a264f9f6df4fae96803cb1057b5fedc2d14ddccb52b4eb699c12be7c2ccc333e,a264f9f6df4fae96803cb1057b5fedc2d14ddccb52b4eb699c12be7c2ccc333e,1787976782.8002508,35366.702,17683410,0,0.9500646591186523,1.0011825561523438,1.579880714416504,-0.00133514404296875,-0.00095367431640625,0.00514984130859375,-0.021978378295898438,0.3785104751586914,-0.0024423599243164062,-0.0073261260986328125,-0.0073261260986328125,-0.0073261260986328125,-0.0073261260986328125,0.3076915740966797,4.574359893798828,-1.2918195724487305,0.017093658447265625,-0.1196584701538086,0.0,0.40359886959509217,5.217849093996418,-1.3204812922028488,0.0071252514762656285,-0.005020463947676604
22,1,train,2,1,0.3490658503988659,1.3716613760043401,3,s,af3726fcacd0ac1320a56ea850b0a2c0f5430cf4eb20a45c078706980f08407e,d24fbe3839599a6a097188bae8cd47ce8083f27deef1341ae3086bf0d5a45bd1,a264f9f6df4fae96803cb1057b5fedc2d14ddccb52b4eb699c12be7c2ccc333e,a264f9f6df4fae96803cb1057b5fedc2d14ddccb52b4eb699c12be7c2ccc333e,1787976782.802759,35366.704,17683411,0,0.9500646591186523,1.0019454956054688,1.579880714416504,-0.00133514404296875,-0.00095367431640625,0.00514984130859375,-0.0073261260986328125,0.39804649353027344,-0.0024423599243164062,-0.021978378295898438,-0.0073261260986328125,-0.0073261260986328125,-0.0073261260986328125,0.2666664123535156,4.601711273193359,-1.2918195724487305,0.017093658447265625,-0.11477375030517578,0.0,0.3920812617966166,5.222666413819959,-1.321459381652945,0.007116952696500303,-0.0050229376610075776
22,1,train,2,1,0.3490658503988659,1.374152750999201,3,s,af3726fcacd0ac1320a56ea850b0a2c0f5430cf4eb20a45c078706980f08407e,d24fbe3839599a6a097188bae8cd47ce8083f27deef1341ae3086bf0d5a45bd1,a264f9f6df4fae96803cb1057b5fedc2d14ddccb52b4eb699c12be7c2ccc333e,a264f9f6df4fae96803cb1057b5fedc2d14ddccb52b4eb699c12be7c2ccc333e,1787976782.8046646,35366.706,17683412,0,0.9500646591186523,1.0027084350585938,1.579880714416504,-0.00133514404296875,-0.00095367431640625,0.00514984130859375,-0.0073261260986328125,0.40293025970458984,-0.0024423599243164062,0.0073261260986328125,-0.0073261260986328125,-0.0073261260986328125,-0.0073261260986328125,0.28034210205078125,4.629058837890625,-1.2918195724487305,0.017093658447265625,-0.11477375030517578,0.0,0.3805634257768191,5.2274806936516915,-1.3224367019124825,0.007108649774123485,-0.00502540845060417
22,1,train,2,1,0.3490658503988659,1.3760561650051386,3,s,af3726fcacd0ac1320a56ea850b0a2c0f5430cf4eb20a45c078706980f08407e,d24fbe3839599a6a097188bae8cd47ce8083f27deef1341ae3086bf0d5a45bd1,a264f9f6df4fae96803cb1057b5fedc2d14ddccb52b4eb699c12be7c2ccc333e,a264f9f6df4fae96803cb1057b5fedc2d14ddccb52b4eb699c12be7c2ccc333e,1787976782.806561,35366.708,17683413,0,0.9500646591186523,1.0034713745117188,1.579880714416504,-0.00133514404296875,-0.00095367431640625,0.00514984130859375,-0.0073261260986328125,0.3785104751586914,-0.0024423599243164062,-0.0073261260986328125,0.0073261260986328125,-0.0073261260986328125,-0.0073261260986328125,0.3623924255371094,4.642734527587891,-1.2967033386230469,0.012209892272949219,-0.1196584701538086,0.0,0.3690453682399587,5.232291930689339,-1.3234132524125877,0.007100342713968112,-0.005027876315028198
22,1,train,2,1,0.3490658503988659,1.3779581609996967,3,s,af3726fcacd0ac1320a56ea850b0a2c0f5430cf4eb20a45c078706980f08407e,d24fbe3839599a6a097188bae8cd47ce8083f27deef1341ae3086bf0d5a45bd1,a264f9f6df4fae96803cb1057b5fedc2d14ddccb52b4eb699c12be7c2ccc333e,a264f9f6df4fae96803cb1057b5fedc2d14ddccb52b4eb699c12be7c2ccc333e,1787976782.8084764,35366.71,17683414,0,0.9500646591186523,1.0042343139648438,1.579880714416504,-0.00133514404296875,-0.00095367431640625,0.00514984130859375,-0.0073261260986328125,0.34432220458984375,-0.0024423599243164062,-0.0073261260986328125,-0.0073261260986328125,-0.0073261260986328125,-0.0073261260986328125,0.41709327697753906,4.656410217285156,-1.2967033386230469,0.012209892272949219,-0.11477375030517578,0.0,0.35752709589043574,5.237100122132387,-1.3243890325848304,0.007092031520869528,-0.005030341252843168
22,1,train,2,1,0.3490658503988659,1.3798736140015535,3,s,af3726fcacd0ac1320a56ea850b0a2c0f5430cf4eb20a45c078706980f08407e,d24fbe3839599a6a097188bae8cd47ce8083f27deef1341ae3086bf0d5a45bd1,a264f9f6df4fae96803cb1057b5fedc2d14ddccb52b4eb699c12be7c2ccc333e,a264f9f6df4fae96803cb1057b5fedc2d14ddccb52b4eb699c12be7c2ccc333e,1787976782.8103864,35366.712,17683415,0,0.9500646591186523,1.0046157836914062,1.579880714416504,-0.00133514404296875,-0.00095367431640625,0.00514984130859375,0.0073261260986328125,0.3101339340209961,-0.0024423599243164062,-0.0073261260986328125,-0.0073261260986328125,-0.0073261260986328125,-0.0073261260986328125,0.47179412841796875,4.642734527587891,-1.2967033386230469,0.012209892272949219,-0.11477375030517578,0.0,0.3517678812560803,5.239503074881263,-1.3248766336204931,0.007087874375978238,-0.005031572623823821
22,1,train,2,1,0.3490658503988659,1.381782665004721,3,s,af3726fcacd0ac1320a56ea850b0a2c0f5430cf4eb20a45c078706980f08407e,d24fbe3839599a6a097188bae8cd47ce8083f27deef1341ae3086bf0d5a45bd1,a264f9f6df4fae96803cb1057b5fedc2d14ddccb52b4eb699c12be7c2ccc333e,a264f9f6df4fae96803cb1057b5fedc2d14ddccb52b4eb699c12be7c2ccc333e,1787976782.8122828,35366.714,17683416,0,0.9500646591186523,1.0053787231445312,1.579880714416504,-0.00133514404296875,-0.00095367431640625,0.00514984130859375,-0.0073261260986328125,0.2954826354980469,-0.0024423599243164062,-0.0073261260986328125,0.0073261260986328125,-0.0073261260986328125,-0.0073261260986328125,0.47179412841796875,4.642734527587891,-1.2967033386230469,0.012209892272949219,-0.11477375030517578,0.0,0.34024929925856384,5.24430669268534,-1.3258512572361245,0.007079556992536372,-0.005034033169035525
22,1,train,2,1,0.3490658503988659,1.3836784950035508,3,s,af3726fcacd0ac1320a56ea850b0a2c0f5430cf4eb20a45c078706980f08407e,d24fbe3839599a6a097188bae8cd47ce8083f27deef1341ae3086bf0d5a45bd1,a264f9f6df4fae96803cb1057b5fedc2d14ddccb52b4eb699c12be7c2ccc333e,a264f9f6df4fae96803cb1057b5fedc2d14ddccb52b4eb699c12be7c2ccc333e,1787976782.8147812,35366.716,17683417,0,0.9500646591186523,1.0061416625976562,1.579880714416504,-0.00133514404296875,-0.00095367431640625,0.00514984130859375,-0.0073261260986328125,0.3003664016723633,-0.0024423599243164062,-0.0073261260986328125,-0.0073261260986328125,-0.0073261260986328125,-0.0073261260986328125,0.41709327697753906,4.656410217285156,-1.2967033386230469,0.012209892272949219,-0.1196584701538086,0.0,0.3287305192099005,5.249107257901309,-1.3268251091047898,0.007071235488250179,-0.005036490784054414
22,1,train,2,1,0.3490658503988659,1.3861803780018818,3,s,af3726fcacd0ac1320a56ea850b0a2c0f5430cf4eb20a45c078706980f08407e,d24fbe3839599a6a097188bae8cd47ce8083f27deef1341ae3086bf0d5a45bd1,a264f9f6df4fae96803cb1057b5fedc2d14ddccb52b4eb699c12be7c2ccc333e,a264f9f6df4fae96803cb1057b5fedc2d14ddccb52b4eb699c12be7c2ccc333e,1787976782.8167171,35366.718,17683418,0,0.9500646591186523,1.0069046020507812,1.579880714416504,-0.00133514404296875,-0.00095367431640625,0.00514984130859375,-0.0073261260986328125,0.3247861862182617,-0.0024423599243164062,-0.0073261260986328125,-0.0073261260986328125,-0.0073261260986328125,-0.0073261260986328125,0.33504295349121094,4.670085906982422,-1.2967033386230469,0.012209892272949219,-0.1196584701538086,0.0,0.3172115478148987,5.253904767734872,-1.3277981886596313,0.007062909867963412,-0.005038945467449967
22,1,train,2,1,0.3490658503988659,1.388116034999257,3,s,af3726fcacd0ac1320a56ea850b0a2c0f5430cf4eb20a45c078706980f08407e,d24fbe3839599a6a097188bae8cd47ce8083f27deef1341ae3086bf0d5a45bd1,a264f9f6df4fae96803cb1057b5fedc2d14ddccb52b4eb699c12be7c2ccc333e,a264f9f6df4fae96803cb1057b5fedc2d14ddccb52b4eb699c12be7c2ccc333e,1787976782.8186915,35366.72,17683419,0,0.9500646591186523,1.0076675415039062,1.579880714416504,-0.00133514404296875,-0.00095367431640625,0.00514984130859375,-0.021978378295898438,0.35409069061279297,-0.0024423599243164062,0.0073261260986328125,-0.0073261260986328125,-0.0073261260986328125,-0.0073261260986328125,0.25299072265625,4.697437286376953,-1.3015871047973633,0.012209892272949219,-0.1196584701538086,0.0,0.30569239177848306,5.258699219393511,-1.3287704953342434,0.007054580136522216,-0.005041397217793371
22,1,train,2,1,0.3490658503988659,1.3900858970009722,3,s,af3726fcacd0ac1320a56ea850b0a2c0f5430cf4eb20a45c078706980f08407e,d24fbe3839599a6a097188bae8cd47ce8083f27deef1341ae3086bf0d5a45bd1,a264f9f6df4fae96803cb1057b5fedc2d14ddccb52b4eb699c12be7c2ccc333e,a264f9f6df4fae96803cb1057b5fedc2d14ddccb52b4eb699c12be7c2ccc333e,1787976782.820589,35366.722,17683420,0,0.9500646591186523,1.0084304809570312,1.579880714416504,-0.00133514404296875,-0.00095367431640625,0.00514984130859375,-0.021978378295898438,0.3687419891357422,-0.0024423599243164062,-0.0073261260986328125,-0.0073261260986328125,-0.0073261260986328125,-0.0073261260986328125,0.1982898712158203,4.697437286376953,-1.3015871047973633,0.012209892272949219,-0.1196584701538086,0.0,0.2941730578056869,5.263490610086489,-1.3297420285626684,0.007046246298775134,-0.005043846033657521
22,1,train,2,1,0.3490658503988659,1.3920106680016033,3,s,af3726fcacd0ac1320a56ea850b0a2c0f5430cf4eb20a45c078706980f08407e,d24fbe3839599a6a097188bae8cd47ce8083f27deef1341ae3086bf0d5a45bd1,a264f9f6df4fae96803cb1057b5fedc2d14ddccb52b4eb699c12be7c2ccc333e,a264f9f6df4fae96803cb1057b5fedc2d14ddccb52b4eb699c12be7c2ccc333e,1787976782.8225265,35366.724,17683421,0,0.9500646591186523,1.0088119506835938,1.579880714416504,-0.00133514404296875,-0.00095367431640625,0.00514984130859375,-0.0073261260986328125,0.3785104751586914,-0.0024423599243164062,0.0073261260986328125,-0.0073261260986328125,-0.0073261260986328125,-0.0073261260986328125,0.17094039916992188,4.711112976074219,-1.3015871047973633,0.012209892272949219,-0.1196584701538086,0.0,0.2884133261884978,5.265885156699236,-1.3302275049578227,0.007042077841552711,-0.005045069340714371
22,1,train,2,1,0.3490658503988659,1.39391988600255,3,s,af3726fcacd0ac1320a56ea850b0a2c0f5430cf4eb20a45c078706980f08407e,d24fbe3839599a6a097188bae8cd47ce8083f27deef1341ae3086bf0d5a45bd1,a264f9f6df4fae96803cb1057b5fedc2d14ddccb52b4eb699c12be7c2ccc333e,a264f9f6df4fae96803cb1057b5fedc2d14ddccb52b4eb699c12be7c2ccc333e,1787976782.8244536,35366.725999999995,17683422,0,0.9500646591186523,1.0095748901367188,1.579880714416504,-0.00133514404296875,-0.00095367431640625,0.00514984130859375,-0.0073261260986328125,0.3638582229614258,-0.0024423599243164062,-0.021978378295898438,-0.0073261260986328125,-0.0073261260986328125,-0.0073261260986328125,0.2393169403076172,4.697437286376953,-1.3064708709716797,0.012209892272949219,-0.1196584701538086,0.0,0.276893737883285,5.270671950714985,-1.3311978769567838,0.007033737853443043,-0.005047513752187549
22,1,train,2,1,0.3490658503988659,1.3958582030027173,3,s,af3726fcacd0ac1320a56ea850b0a2c0f5430cf4eb20a45c078706980f08407e,d24fbe3839599a6a097188bae8cd47ce8083f27deef1341ae3086bf0d5a45bd1,a264f9f6df4fae96803cb1057b5fedc2d14ddccb52b4eb699c12be7c2ccc333e,a264f9f6df4fae96803cb1057b5fedc2d14ddccb52b4eb699c12be7c2ccc333e,1787976782.8263404,35366.727999999996,17683423,0,0.9500646591186523,1.0103378295898438,1.579880714416504,-0.00133514404296875,-0.00095367431640625,0.00514984130859375,-0.0073261260986328125,0.3296699523925781,-0.0024423599243164062,-0.021978378295898438,-0.0073261260986328125,-0.0073261260986328125,-0.0073261260986328125,0.2940177917480469,4.6837615966796875,-1.3064708709716797,0.012209892272949219,-0.1196584701538086,0.0,0.26537398840471305,5.275455676796028,-1.3321674740966363,0.007025393771159298,-0.005049955225621181
22,1,train,2,1,0.3490658503988659,1.3977327320026234,3,s,af3726fcacd0ac1320a56ea850b0a2c0f5430cf4eb20a45c078706980f08407e,d24fbe3839599a6a097188bae8cd47ce8083f27deef1341ae3086bf0d5a45bd1,a264f9f6df4fae96803cb1057b5fedc2d14ddccb52b4eb699c12be7c2ccc333e,a264f9f6df4fae96803cb1057b5fedc2d14ddccb52b4eb699c12be7c2ccc333e,1787976782.828207,35366.729999999996,17683424,0,0.9500646591186523,1.0107192993164062,1.579880714416504,-0.00133514404296875,-0.00095367431640625,0.00514984130859375,0.0073261260986328125,0.3101339340209961,-0.0024423599243164062,0.0073261260986328125,0.0073261260986328125,-0.0073261260986328125,-0.0073261260986328125,0.34871864318847656,4.656410217285156,-1.3064708709716797,0.012209892272949219,-0.1196584701538086,0.0,0.2596140553208415,5.277846388490808,-1.33265198191801,0.007021220196219827,-0.005051174860128997
22,1,train,2,1,0.3490658503988659,1.399594018002972,3,s,af3726fcacd0ac1320a56ea850b0a2c0f5430cf4eb20a45c078706980f08407e,d24fbe3839599a6a097188bae8cd47ce8083f27deef1341ae3086bf0d5a45bd1,a264f9f6df4fae96803cb1057b5fedc2d14ddccb52b4eb699c12be7c2ccc333e,a264f9f6df4fae96803cb1057b5fedc2d14ddccb52b4eb699c12be7c2ccc333e,1787976782.8306625,35366.731999999996,17683425,0,0.9500646591186523,1.0114822387695312,1.579880714416504,-0.00133514404296875,-0.00095367431640625,0.00514984130859375,-0.0073261260986328125,0.29059791564941406,-0.0024423599243164062,-0.0073261260986328125,-0.05128288269042969,-0.0073261260986328125,-0.0073261260986328125,0.3897438049316406,4.629058837890625,-1.3064708709716797,0.012209892272949219,-0.1196584701538086,0.0,0.24809407665483874,5.282625507449418,-1.333620415711128,0.0070128699817823825,-0.005053611923839233
22,1,train,2,1,0.3490658503988659,1.4020581020013196,3,s,af3726fcacd0ac1320a56ea850b0a2c0f5430cf4eb20a45c078706980f08407e,d24fbe3839599a6a097188bae8cd47ce8083f27deef1341ae3086bf0d5a45bd1,a264f9f6df4fae96803cb1057b5fedc2d14ddccb52b4eb699c12be7c2ccc333e,a264f9f6df4fae96803cb1057b5fedc2d14ddccb52b4eb699c12be7c2ccc333e,1787976782.8325377,35366.734,17683426,0,0.9500646591186523,1.0118637084960938,1.579880714416504,-0.00133514404296875,-0.00095367431640625,0.00514984130859375,-0.0073261260986328125,0.27594661712646484,-0.0024423599243164062,-0.0073261260986328125,-0.0073261260986328125,-0.0073261260986328125,-0.0073261260986328125,0.3897438049316406,4.615383148193359,-1.3064708709716797,0.017093658447265625,-0.1196584701538086,0.0,0.24233403274907928,5.285013914017795,-1.3341043415419467,0.00700869334349952,-0.005054829352687014
22,1,train,2,1,0.3490658503988659,1.403923878002388,3,s,af3726fcacd0ac1320a56ea850b0a2c0f5430cf4eb20a45c078706980f08407e,d24fbe3839599a6a097188bae8cd47ce8083f27deef1341ae3086bf0d5a45bd1,a264f9f6df4fae96803cb1057b5fedc2d14ddccb52b4eb699c12be7c2ccc333e,a264f9f6df4fae96803cb1057b5fedc2d14ddccb52b4eb699c12be7c2ccc333e,1787976782.834412,35366.736,17683427,0,0.9500646591186523,1.0126266479492188,1.579880714416504,-0.00133514404296875,-0.00095367431640625,0.00514984130859375,-0.0073261260986328125,0.28571414947509766,-0.0024423599243164062,-0.0073261260986328125,0.0073261260986328125,-0.0073261260986328125,-0.0073261260986328125,0.33504295349121094,4.642734527587891,-1.3064708709716797,0.017093658447265625,-0.1196584701538086,0.0,0.23081383998304306,5.289788419594892,-1.3350716107199994,0.007000337007844418,-0.005057262003482101
22,1,train,2,1,0.3490658503988659,1.40580685200257,3,s,af3726fcacd0ac1320a56ea850b0a2c0f5430cf4eb20a45c078706980f08407e,d24fbe3839599a6a097188bae8cd47ce8083f27deef1341ae3086bf0d5a45bd1,a264f9f6df4fae96803cb1057b5fedc2d14ddccb52b4eb699c12be7c2ccc333e,a264f9f6df4fae96803cb1057b5fedc2d14ddccb52b4eb699c12be7c2ccc333e,1787976782.8362913,35366.738,17683428,0,0.9500646591186523,1.0133895874023438,1.579880714416504,-0.00133514404296875,-0.00095367431640625,0.00514984130859375,-0.0073261260986328125,0.3052501678466797,-0.0024423599243164062,-0.021978378295898438,-0.0073261260986328125,-0.0073261260986328125,-0.0073261260986328125,0.2940177917480469,4.670085906982422,-1.3064708709716797,0.017093658447265625,-0.1196584701538086,0.0,0.21929351286567644,5.294559846110034,-1.3360381027841342,0.006991976597457088,-0.0050596917105634135
22,1,train,2,1,0.3490658503988659,1.407679554002243,3,s,af3726fcacd0ac1320a56ea850b0a2c0f5430cf4eb20a45c078706980f08407e,d24fbe3839599a6a097188bae8cd47ce8083f27deef1341ae3086bf0d5a45bd1,a264f9f6df4fae96803cb1057b5fedc2d14ddccb52b4eb699c12be7c2ccc333e,a264f9f6df4fae96803cb1057b5fedc2d14ddccb52b4eb699c12be7c2ccc333e,1787976782.8388019,35366.74,17683429,0,0.9500646591186523,1.0141525268554688,1.579880714416504,-0.00133514404296875,-0.00095367431640625,0.00514984130859375,-0.0073261260986328125,0.3247861862182617,-0.0024423599243164062,-0.0073261260986328125,-0.0073261260986328125,-0.0073261260986328125,-0.0073261260986328125,0.2393169403076172,4.6837615966796875,-1.3064708709716797,0.017093658447265625,-0.1196584701538086,0.0,0.2077730581026891,5.299328190785881,-1.3370038171717773,0.00698361211720392,-0.005062118472516673
22,1,train,2,1,0.3490658503988659,1.4101966890011681,3,s,af3726fcacd0ac1320a56ea850b0a2c0f5430cf4eb20a45c078706980f08407e,d24fbe3839599a6a097188bae8cd47ce8083f27deef1341ae3086bf0d5a45bd1,a264f9f6df4fae96803cb1057b5fedc2d14ddccb52b4eb699c12be7c2ccc333e,a264f9f6df4fae96803cb1057b5fedc2d14ddccb52b4eb699c12be7c2ccc333e,1787976782.8407152,35366.742,17683430,0,0.9500646591186523,1.0145339965820312,1.579880714416504,-0.00133514404296875,-0.00095367431640625,0.00514984130859375,-0.0073261260986328125,0.34432220458984375,-0.0024423599243164062,0.0073261260986328125,-0.0073261260986328125,-0.0073261260986328125,-0.0073261260986328125,0.21196556091308594,4.697437286376953,-1.3064708709716797,0.017093658447265625,-0.1196584701538086,0.0,0.2020127849496417,5.3017112065666465,-1.337486382561236,0.006979428352399052,-0.005063330748628794
22,1,train,2,1,0.3490658503988659,1.412124553004105,3,s,af3726fcacd0ac1320a56ea850b0a2c0f5430cf4eb20a45c078706980f08407e,d24fbe3839599a6a097188bae8cd47ce8083f27deef1341ae3086bf0d5a45bd1,a264f9f6df4fae96803cb1057b5fedc2d14ddccb52b4eb699c12be7c2ccc333e,a264f9f6df4fae96803cb1057b5fedc2d14ddccb52b4eb699c12be7c2ccc333e,1787976782.8426478,35366.744,17683431,0,0.9500646591186523,1.0152969360351562,1.579880714416504,-0.00133514404296875,-0.00095367431640625,0.00514984130859375,-0.0073261260986328125,0.34920597076416016,-0.0024423599243164062,0.0073261260986328125,-0.0073261260986328125,-0.0073261260986328125,-0.0073261260986328125,0.21196556091308594,4.724784851074219,-1.3113555908203125,0.017093658447265625,-0.1196584701538086,0.0,0.1904921512916019,5.306474923279975,-1.33845092938031,0.006971057776476818,-0.00506575309024196
22,1,train,2,1,0.3490658503988659,1.4140396870061522,3,s,af3726fcacd0ac1320a56ea850b0a2c0f5430cf4eb20a45c078706980f08407e,d24fbe3839599a6a097188bae8cd47ce8083f27deef1341ae3086bf0d5a45bd1,a264f9f6df4fae96803cb1057b5fedc2d14ddccb52b4eb699c12be7c2ccc333e,a264f9f6df4fae96803cb1057b5fedc2d14ddccb52b4eb699c12be7c2ccc333e,1787976782.8445153,35366.746,17683432,0,0.9500646591186523,1.0160598754882812,1.579880714416504,-0.00133514404296875,-0.00095367431640625,0.00514984130859375,-0.0073261260986328125,0.33455467224121094,-0.0024423599243164062,-0.0073261260986328125,0.0073261260986328125,-0.0073261260986328125,-0.0073261260986328125,0.2393169403076172,4.711112976074219,-1.3113555908203125,0.012209892272949219,-0.124542236328125,0.0,0.17897140675253664,5.3112355512185285,-1.3394146971184449,0.006962683142865113,-0.005068172483198892
22,1,train,2,1,0.3490658503988659,1.4159064830018906,3,s,af3726fcacd0ac1320a56ea850b0a2c0f5430cf4eb20a45c078706980f08407e,d24fbe3839599a6a097188bae8cd47ce8083f27deef1341ae3086bf0d5a45bd1,a264f9f6df4fae96803cb1057b5fedc2d14ddccb52b4eb699c12be7c2ccc333e,a264f9f6df4fae96803cb1057b5fedc2d14ddccb52b4eb699c12be7c2ccc333e,1787976782.8464096,35366.748,17683433,0,0.9500646591186523,1.0164413452148438,1.579880714416504,-0.00133514404296875,-0.00095367431640625,0.00514984130859375,-0.0073261260986328125,0.3101339340209961,-0.0024423599243164062,-0.021978378295898438,-0.0073261260986328125,-0.0073261260986328125,-0.0073261260986328125,0.28034210205078125,4.697437286376953,-1.3113555908203125,0.012209892272949219,-0.1196584701538086,0.0,0.17321099499823256,5.313614706031237,-1.3398962886568329,0.006958494305948949,-0.005069381073491115
22,1,train,2,1,0.3490658503988659,1.4178053830037243,3,s,af3726fcacd0ac1320a56ea850b0a2c0f5430cf4eb20a45c078706980f08407e,d24fbe3839599a6a097188bae8cd47ce8083f27deef1341ae3086bf0d5a45bd1,a264f9f6df4fae96803cb1057b5fedc2d14ddccb52b4eb699c12be7c2ccc333e,a264f9f6df4fae96803cb1057b5fedc2d14ddccb52b4eb699c12be7c2ccc333e,1787976782.8483112,35366.75,17683434,0,0.9500646591186523,1.0172042846679688,1.579880714416504,-0.00133514404296875,-0.00095367431640625,0.00514984130859375,-0.0073261260986328125,0.28571414947509766,-0.0024423599243164062,-0.021978378295898438,-0.021978378295898438,-0.0073261260986328125,-0.0073261260986328125,0.33504295349121094,4.6837615966796875,-1.3113555908203125,0.012209892272949219,-0.1196584701538086,0.0,0.16169009671132728,5.31837069561246,-1.3408588867218472,0.006950113594943788,-0.005071796040823711
22,1,train,2,1,0.3490658503988659,1.419707812005072,3,s,af3726fcacd0ac1320a56ea850b0a2c0f5430cf4eb20a45c078706980f08407e,d24fbe3839599a6a097188bae8cd47ce8083f27deef1341ae3086bf0d5a45bd1,a264f9f6df4fae96803cb1057b5fedc2d14ddccb52b4eb699c12be7c2ccc333e,a264f9f6df4fae96803cb1057b5fedc2d14ddccb52b4eb699c12be7c2ccc333e,1787976782.850214,35366.752,17683435,0,0.9500646591186523,1.0175857543945312,1.579880714416504,-0.00133514404296875,-0.00095367431640625,0.00514984130859375,-0.0073261260986328125,0.2661781311035156,-0.0024423599243164062,0.0073261260986328125,-0.0073261260986328125,-0.0073261260986328125,-0.0073261260986328125,0.376068115234375,4.6837615966796875,-1.3113555908203125,0.012209892272949219,-0.1196584701538086,0.0,0.1559296118552348,5.320747529688888,-1.3413398931083975,0.006945921722074342,-0.0050730024175126625
22,1,train,2,1,0.3490658503988659,1.4216063510029926,3,s,af3726fcacd0ac1320a56ea850b0a2c0f5430cf4eb20a45c078706980f08407e,d24fbe3839599a6a097188bae8cd47ce8083f27deef1341ae3086bf0d5a45bd1,a264f9f6df4fae96803cb1057b5fedc2d14ddccb52b4eb699c12be7c2ccc333e,a264f9f6df4fae96803cb1057b5fedc2d14ddccb52b4eb699c12be7c2ccc333e,1787976782.8526633,35366.754,17683436,0,0.9500646591186523,1.0183486938476562,1.579880714416504,-0.00133514404296875,-0.00095367431640625,0.00514984130859375,-0.0073261260986328125,0.2466421127319336,-0.0024423599243164062,0.0073261260986328125,-0.021978378295898438,-0.0073261260986328125,-0.0073261260986328125,0.3897438049316406,4.724784851074219,-1.3113555908203125,0.012209892272949219,-0.1196584701538086,0.0,0.14440857490908654,5.325498874683997,-1.342301320239605,0.00693753494465171,-0.005075412956058113
22,1,train,2,1,0.3490658503988659,1.4240600710036233,3,s,af3726fcacd0ac1320a56ea850b0a2c0f5430cf4eb20a45c078706980f08407e,d24fbe3839599a6a097188bae8cd47ce8083f27deef1341ae3086bf0d5a45bd1,a264f9f6df4fae96803cb1057b5fedc2d14ddccb52b4eb699c12be7c2ccc333e,a264f9f6df4fae96803cb1057b5fedc2d14ddccb52b4eb699c12be7c2ccc333e,1787976782.8545952,35366.756,17683437,0,0.9500646591186523,1.0187301635742188,1.579880714416504,-0.00133514404296875,-0.00095367431640625,0.00514984130859375,-0.0073261260986328125,0.2466421127319336,-0.0024423599243164062,-0.021978378295898438,0.0073261260986328125,-0.0073261260986328125,-0.0073261260986328125,0.3623924255371094,4.75213623046875,-1.3113555908203125,0.012209892272949219,-0.1196584701538086,0.0,0.1386480244955557,5.327873384911269,-1.3427817408443565,0.006933340041318958,-0.005076617117563834
22,1,train,2,1,0.3490658503988659,1.4259940320043825,3,s,af3726fcacd0ac1320a56ea850b0a2c0f5430cf4eb20a45c078706980f08407e,d24fbe3839599a6a097188bae8cd47ce8083f27deef1341ae3086bf0d5a45bd1,a264f9f6df4fae96803cb1057b5fedc2d14ddccb52b4eb699c12be7c2ccc333e,a264f9f6df4fae96803cb1057b5fedc2d14ddccb52b4eb699c12be7c2ccc333e,1787976782.8565207,35366.758,17683438,0,0.9500646591186523,1.0191116333007812,1.579880714416504,-0.00133514404296875,-0.00095367431640625,0.00514984130859375,-0.0073261260986328125,0.2564105987548828,-0.0024423599243164062,-0.0073261260986328125,-0.0073261260986328125,-0.0073261260986328125,-0.0073261260986328125,0.3213672637939453,4.765811920166016,-1.3113555908203125,0.012209892272949219,-0.1196584701538086,0.0,0.13288745390608392,5.330247119830932,-1.3432619660486496,0.006929144129052454,-0.005077820540324544
22,1,train,2,1,0.3490658503988659,1.4279202860052465,3,s,af3726fcacd0ac1320a56ea850b0a2c0f5430cf4eb20a45c078706980f08407e,d24fbe3839599a6a097188bae8cd47ce8083f27deef1341ae3086bf0d5a45bd1,a264f9f6df4fae96803cb1057b5fedc2d14ddccb52b4eb699c12be7c2ccc333e,a264f9f6df4fae96803cb1057b5fedc2d14ddccb52b4eb699c12be7c2ccc333e,1787976782.8584387,35366.76,17683439,0,0.9500646591186523,1.0198745727539062,1.579880714416504,-0.00133514404296875,-0.00095367431640625,0.00514984130859375,-0.0073261260986328125,0.27594661712646484,-0.0024423599243164062,-0.0073261260986328125,-0.0073261260986328125,-0.0073261260986328125,-0.0073261260986328125,0.2666664123535156,4.765811920166016,-1.316239356994629,0.012209892272949219,-0.124542236328125,0.0,0.12136625555240965,5.334992262365846,-1.3442218299763624,0.00692074928016068,-0.005080225168910558
22,1,train,2,1,0.3490658503988659,1.429837307005073,3,s,af3726fcacd0ac1320a56ea850b0a2c0f5430cf4eb20a45c078706980f08407e,d24fbe3839599a6a097188bae8cd47ce8083f27deef1341ae3086bf0d5a45bd1,a264f9f6df4fae96803cb1057b5fedc2d14ddccb52b4eb699c12be7c2ccc333e,a264f9f6df4fae96803cb1057b5fedc2d14ddccb52b4eb699c12be7c2ccc333e,1787976782.8603551,35366.761999999995,17683440,0,0.9500646591186523,1.0206375122070312,1.579880714416504,-0.00133514404296875,-0.00095367431640625,0.00514984130859375,-0.0073261260986328125,0.2954826354980469,-0.0024423599243164062,0.0073261260986328125,-0.021978378295898438,-0.0073261260986328125,-0.0073261260986328125,0.2393169403076172,4.765811920166016,-1.316239356994629,0.017093658447265625,-0.1196584701538086,0.0,0.10984498655427932,5.3397342995267065,-1.345180911464028,0.006912350402862825,-0.005082626840416474
22,1,train,2,1,0.3490658503988659,1.4317729470058111,3,s,af3726fcacd0ac1320a56ea850b0a2c0f5430cf4eb20a45c078706980f08407e,d24fbe3839599a6a097188bae8cd47ce8083f27deef1341ae3086bf0d5a45bd1,a264f9f6df4fae96803cb1057b5fedc2d14ddccb52b4eb699c12be7c2ccc333e,a264f9f6df4fae96803cb1057b5fedc2d14ddccb52b4eb699c12be7c2ccc333e,1787976782.8623118,35366.763999999996,17683441,0,0.9500646591186523,1.0210189819335938,1.579880714416504,-0.00133514404296875,-0.00095367431640625,0.00514984130859375,-0.0073261260986328125,0.3101339340209961,-0.0024423599243164062,-0.021978378295898438,-0.0073261260986328125,-0.0073261260986328125,-0.0073261260986328125,0.1982898712158203,4.738460540771484,-1.316239356994629,0.017093658447265625,-0.1196584701538086,0.0,0.10408432765925113,5.342104152729221,-1.345660158618369,0.006908149455089275,-0.0050838265668274665
22,1,train,2,1,0.3490658503988659,1.4337215080013266,3,s,af3726fcacd0ac1320a56ea850b0a2c0f5430cf4eb20a45c078706980f08407e,d24fbe3839599a6a097188bae8cd47ce8083f27deef1341ae3086bf0d5a45bd1,a264f9f6df4fae96803cb1057b5fedc2d14ddccb52b4eb699c12be7c2ccc333e,a264f9f6df4fae96803cb1057b5fedc2d14ddccb52b4eb699c12be7c2ccc333e,1787976782.864267,35366.765999999996,17683442,0,0.9500646591186523,1.0217819213867188,1.579880714416504,-0.00133514404296875,-0.00095367431640625,0.00514984130859375,-0.0073261260986328125,0.3247861862182617,-0.0024423599243164062,-0.0073261260986328125,-0.0073261260986328125,-0.0073261260986328125,-0.0073261260986328125,0.14358901977539062,4.711112976074219,-1.3113555908203125,0.012209892272949219,-0.1196584701538086,0.0,0.09256296526868679,5.346841526654136,-1.346618065399372,0.006899744544349513,-0.005086223800092608
22,1,train,2,1,0.3490658503988659,1.4356681710050907,3,s,af3726fcacd0ac1320a56ea850b0a2c0f5430cf4eb20a45c078706980f08407e,d24fbe3839599a6a097188bae8cd47ce8083f27deef1341ae3086bf0d5a45bd1,a264f9f6df4fae96803cb1057b5fedc2d14ddccb52b4eb699c12be7c2ccc333e,a264f9f6df4fae96803cb1057b5fedc2d14ddccb52b4eb699c12be7c2ccc333e,1787976782.8667927,35366.768,17683443,0,0.9500646591186523,1.0225448608398438,1.579880714416504,-0.00133514404296875,-0.00095367431640625,0.00514984130859375,0.0073261260986328125,0.3296699523925781,-0.0024423599243164062,0.0073261260986328125,0.0073261260986328125,-0.0073261260986328125,-0.0073261260986328125,0.15726470947265625,4.75213623046875,-1.3113555908203125,0.012209892272949219,-0.1196584701538086,0.0,0.08104154899939109,5.351575788307814,-1.3475751883455347,0.006891335617430038,-0.005088618072785989
22,1,train,2,1,0.3490658503988659,1.4381962520055822,3,s,af3726fcacd0ac1320a56ea850b0a2c0f5430cf4eb20a45c078706980f08407e,d24fbe3839599a6a097188bae8cd47ce8083f27deef1341ae3086bf0d5a45bd1,a264f9f6df4fae96803cb1057b5fedc2d14ddccb52b4eb699c12be7c2ccc333e,a264f9f6df4fae96803cb1057b5fedc2d14ddccb52b4eb699c12be7c2ccc333e,1787976782.8688154,35366.77,17683444,0,0.9500646591186523,1.0229263305664062,1.579880714416504,-0.00133514404296875,-0.00095367431640625,0.00514984130859375,-0.0073261260986328125,0.3052501678466797,-0.0024423599243164062,-0.0073261260986328125,0.0073261260986328125,-0.0073261260986328125,-0.0073261260986328125,0.21196556091308594,4.738460540771484,-1.316239356994629,0.012209892272949219,-0.1196584701538086,0.0,0.07528082275595205,5.353941751171711,-1.348053455706434,0.0068871296494323955,-0.005089814098482687
22,1,train,2,1,0.3490658503988659,1.4402221940035815,3,s,af3726fcacd0ac1320a56ea850b0a2c0f5430cf4eb20a45c078706980f08407e,d24fbe3839599a6a097188bae8cd47ce8083f27deef1341ae3086bf0d5a45bd1,a264f9f6df4fae96803cb1057b5fedc2d14ddccb52b4eb699c12be7c2ccc333e,a264f9f6df4fae96803cb1057b5fedc2d14ddccb52b4eb699c12be7c2ccc333e,1787976782.8708305,35366.772,17683445,0,0.9500646591186523,1.0236892700195312,1.579880714416504,-0.00133514404296875,-0.00095367431640625,0.00514984130859375,-0.0073261260986328125,0.28571414947509766,-0.0024423599243164062,-0.0073261260986328125,-0.021978378295898438,-0.0073261260986328125,-0.0073261260986328125,0.2666664123535156,4.711112976074219,-1.316239356994629,0.012209892272949219,-0.1196584701538086,0.0,0.06375933824296354,5.3586713392521625,-1.3490094018558831,0.006878714707421533,-0.005092203927705875
22,1,train,2,1,0.3490658503988659,1.4422346179999295,3,s,af3726fcacd0ac1320a56ea850b0a2c0f5430cf4eb20a45c078706980f08407e,d24fbe3839599a6a097188bae8cd47ce8083f27deef1341ae3086bf0d5a45bd1,a264f9f6df4fae96803cb1057b5fedc2d14ddccb52b4eb699c12be7c2ccc333e,a264f9f6df4fae96803cb1057b5fedc2d14ddccb52b4eb699c12be7c2ccc333e,1787976782.8727934,35366.774,17683446,0,0.9500646591186523,1.0240707397460938,1.579880714416504,-0.00133514404296875,-0.00095367431640625,0.00514984130859375,-0.0073261260986328125,0.2612943649291992,-0.0024423599243164062,-0.021978378295898438,-0.0073261260986328125,-0.0073261260986328125,-0.0073261260986328125,0.3213672637939453,4.697437286376953,-1.3211231231689453,0.017093658447265625,-0.1196584701538086,0.0,0.057998581650012815,5.361034963780469,-1.349487080505324,0.00687450573463285,-0.005093397730884598
22,1,train,2,1,0.3490658503988659,1.4441937360024895,3,s,af3726fcacd0ac1320a56ea850b0a2c0f5430cf4eb20a45c078706980f08407e,d24fbe3839599a6a097188bae8cd47ce8083f27deef1341ae3086bf0d5a45bd1,a264f9f6df4fae96803cb1057b5fedc2d14ddccb52b4eb699c12be7c2ccc333e,a264f9f6df4fae96803cb1057b5fedc2d14ddccb52b4eb699c12be7c2ccc333e,1787976782.8747554,35366.776,17683447,0,0.9500646591186523,1.0244522094726562,1.579880714416504,-0.00133514404296875,-0.00095367431640625,0.00514984130859375,-0.0073261260986328125,0.2417583465576172,-0.0024423599243164062,-0.021978378295898438,-0.0073261260986328125,-0.0073261260986328125,-0.0073261260986328125,0.376068115234375,4.765811920166016,-1.316239356994629,0.017093658447265625,-0.1196584701538086,0.0,0.052237816617154875,5.363397808175523,-1.349964562778552,0.00687029576147193,-0.005094590792876411
22,1,train,2,1,0.3490658503988659,1.4461600970025756,3,s,af3726fcacd0ac1320a56ea850b0a2c0f5430cf4eb20a45c078706980f08407e,d24fbe3839599a6a097188bae8cd47ce8083f27deef1341ae3086bf0d5a45bd1,a264f9f6df4fae96803cb1057b5fedc2d14ddccb52b4eb699c12be7c2ccc333e,a264f9f6df4fae96803cb1057b5fedc2d14ddccb52b4eb699c12be7c2ccc333e,1787976782.8767118,35366.778,17683448,0,0.9500646591186523,1.0248336791992188,1.579880714416504,-0.00133514404296875,-0.00095367431640625,0.00514984130859375,-0.0073261260986328125,0.23198986053466797,-0.0024423599243164062,-0.0073261260986328125,-0.0073261260986328125,-0.0073261260986328125,-0.012209892272949219,0.3897438049316406,4.711112976074219,-1.316239356994629,0.017093658447265625,-0.1196584701538086,0.0,0.046477043982698474,5.3657598720934825,-1.3504418486060832,0.0068660847885514105,-0.0050957831135076985
22,1,train,2,1,0.3490658503988659,1.44811386600486,3,s,af3726fcacd0ac1320a56ea850b0a2c0f5430cf4eb20a45c078706980f08407e,d24fbe3839599a6a097188bae8cd47ce8083f27deef1341ae3086bf0d5a45bd1,a264f9f6df4fae96803cb1057b5fedc2d14ddccb52b4eb699c12be7c2ccc333e,a264f9f6df4fae96803cb1057b5fedc2d14ddccb52b4eb699c12be7c2ccc333e,1787976782.8786457,35366.78,17683449,0,0.9500646591186523,1.0255966186523438,1.579880714416504,-0.00095367431640625,-0.00095367431640625,0.00514984130859375,-0.0073261260986328125,0.23687458038330078,-0.0024423599243164062,0.0073261260986328125,-0.0073261260986328125,-0.0073261260986328125,-0.0073261260986328125,0.376068115234375,4.75213623046875,-1.316239356994629,0.017093658447265625,-0.1196584701538086,0.0,0.03447878318835451,5.370958353197164,-1.3518725267200984,0.006853445877360725,-0.0050993556255038985
22,1,train,2,1,0.3490658503988659,1.450041672003863,3,s,af3726fcacd0ac1320a56ea850b0a2c0f5430cf4eb20a45c078706980f08407e,d24fbe3839599a6a097188bae8cd47ce8083f27deef1341ae3086bf0d5a45bd1,a264f9f6df4fae96803cb1057b5fedc2d14ddccb52b4eb699c12be7c2ccc333e,a264f9f6df4fae96803cb1057b5fedc2d14ddccb52b4eb699c12be7c2ccc333e,1787976782.8805583,35366.782,17683450,0,0.9500646591186523,1.0259780883789062,1.579880714416504,-0.00133514404296875,-0.00095367431640625,0.00514984130859375,-0.0073261260986328125,0.2466421127319336,-0.0024423599243164062,-0.0073261260986328125,0.0073261260986328125,-0.0073261260986328125,-0.0073261260986328125,0.34871864318847656,4.75213623046875,-1.316239356994629,0.017093658447265625,-0.1196584701538086,0.0,0.029194688852742234,5.372841377548115,-1.3518725267200984,0.006853445877360725,-0.0050993556255038985
22,1,train,2,1,0.3490658503988659,1.45197465900128,3,s,af3726fcacd0ac1320a56ea850b0a2c0f5430cf4eb20a45c078706980f08407e,d24fbe3839599a6a097188bae8cd47ce8083f27deef1341ae3086bf0d5a45bd1,a264f9f6df4fae96803cb1057b5fedc2d14ddccb52b4eb699c12be7c2ccc333e,a264f9f6df4fae96803cb1057b5fedc2d14ddccb52b4eb699c12be7c2ccc333e,1787976782.882478,35366.784,17683451,0,0.9500646591186523,1.0267410278320312,1.579880714416504,-0.00133514404296875,-0.00095367431640625,0.00514984130859375,-0.0073261260986328125,0.2612943649291992,-0.0024423599243164062,-0.0073261260986328125,0.0073261260986328125,-0.0073261260986328125,-0.0073261260986328125,0.2940177917480469,4.779487609863281,-1.3211231231689453,0.012209892272949219,-0.1196584701538086,0.0,0.01767309612699397,5.377558472500471,-1.352825328628396,0.006845014949007046,-0.005101733590187357
22,1,train,2,1,0.3490658503988659,1.4538720210039173,3,s,af3726fcacd0ac1320a56ea850b0a2c0f5430cf4eb20a45c078706980f08407e,d24fbe3839599a6a097188bae8cd47ce8083f27deef1341ae3086bf0d5a45bd1,a264f9f6df4fae96803cb1057b5fedc2d14ddccb52b4eb699c12be7c2ccc333e,a264f9f6df4fae96803cb1057b5fedc2d14ddccb52b4eb699c12be7c2ccc333e,1787976782.884375,35366.786,17683452,0,0.9500646591186523,1.0271224975585938,1.579880714416504,-0.00133514404296875,-0.00095367431640625,0.00514984130859375,-0.0073261260986328125,0.28571414947509766,-0.0024423599243164062,-0.0073261260986328125,-0.0073261260986328125,-0.0073261260986328125,-0.0073261260986328125,0.22564125061035156,4.738460540771484,-1.3260068893432617,0.012209892272949219,-0.1196584701538086,0.0,0.0119122954873091,5.379915846341616,-1.3533014343242113,0.006840797990402313,-0.005102921459015661
22,1,train,2,1,0.3490658503988659,1.4557730310043553,3,s,af3726fcacd0ac1320a56ea850b0a2c0f5430cf4eb20a45c078706980f08407e,d24fbe3839599a6a097188bae8cd47ce8083f27deef1341ae3086bf0d5a45bd1,a264f9f6df4fae96803cb1057b5fedc2d14ddccb52b4eb699c12be7c2ccc333e,a264f9f6df4fae96803cb1057b5fedc2d14ddccb52b4eb699c12be7c2ccc333e,1787976782.8863292,35366.788,17683453,0,0.9500646591186523,1.0278854370117188,1.579880714416504,-0.00133514404296875,-0.00095367431640625,0.00514984130859375,0.0073261260986328125,0.3101339340209961,-0.0024423599243164062,-0.021978378295898438,-0.021978378295898438,-0.0073261260986328125,-0.0073261260986328125,0.1846160888671875,4.779487609863281,-1.3260068893432617,0.012209892272949219,-0.1196584701538086,0.0,0.0003906898458401198,5.384628245038625,-1.3542530548527623,0.006832361087405303,-0.0051052949687811315
22,1,train,2,1,0.3490658503988659,1.4577284080005484,3,s,af3726fcacd0ac1320a56ea850b0a2c0f5430cf4eb20a45c078706980f08407e,d24fbe3839599a6a097188bae8cd47ce8083f27deef1341ae3086bf0d5a45bd1,a264f9f6df4fae96803cb1057b5fedc2d14ddccb52b4eb699c12be7c2ccc333e,a264f9f6df4fae96803cb1057b5fedc2d14ddccb52b4eb699c12be7c2ccc333e,1787976782.888236,35366.79,17683454,0,0.9500646591186523,1.0286483764648438,1.579880714416504,-0.00133514404296875,-0.00095367431640625,0.00514984130859375,-0.0073261260986328125,0.3247861862182617,-0.0024423599243164062,-0.0073261260986328125,-0.0073261260986328125,-0.0073261260986328125,-0.0073261260986328125,0.15726470947265625,4.793163299560547,-1.3260068893432617,0.012209892272949219,-0.1196584701538086,0.0,-0.011130916023038062,5.389337509469635,-1.3552038871023253,0.006823920207450913,-0.005107665506873962
22,1,train,2,1,0.3490658503988659,1.45962781200069,3,s,af3726fcacd0ac1320a56ea850b0a2c0f5430cf4eb20a45c078706980f08407e,d24fbe3839599a6a097188bae8cd47ce8083f27deef1341ae3086bf0d5a45bd1,a264f9f6df4fae96803cb1057b5fedc2d14ddccb52b4eb699c12be7c2ccc333e,a264f9f6df4fae96803cb1057b5fedc2d14ddccb52b4eb699c12be7c2ccc333e,1787976782.8906977,35366.792,17683455,0,0.9500646591186523,1.0290298461914062,1.579880714416504,-0.00133514404296875,-0.00095367431640625,0.00514984130859375,-0.021978378295898438,0.3199024200439453,-0.0024423599243164062,-0.0073261260986328125,-0.021978378295898438,-0.0073261260986328125,-0.0073261260986328125,0.15726470947265625,4.8068389892578125,-1.3260068893432617,0.012209892272949219,-0.1196584701538086,0.0,-0.016891716946987656,5.391690965478707,-1.3556790074495133,0.006819698277649996,-0.0051088496611118705
22,1,train,2,1,0.3490658503988659,1.4621192690028693,3,s,af3726fcacd0ac1320a56ea850b0a2c0f5430cf4eb20a45c078706980f08407e,d24fbe3839599a6a097188bae8cd47ce8083f27deef1341ae3086bf0d5a45bd1,a264f9f6df4fae96803cb1057b5fedc2d14ddccb52b4eb699c12be7c2ccc333e,a264f9f6df4fae96803cb1057b5fedc2d14ddccb52b4eb699c12be7c2ccc333e,1787976782.892629,35366.794,17683456,0,0.9500646591186523,1.0297927856445312,1.579880714416504,-0.00133514404296875,-0.00095367431640625,0.00514984130859375,-0.0073261260986328125,0.2954826354980469,-0.0024423599243164062,-0.021978378295898438,-0.021978378295898438,-0.0073261260986328125,-0.0073261260986328125,0.1982898712158203,4.834186553955078,-1.3260068893432617,0.017093658447265625,-0.1196584701538086,0.0,-0.028413310582378615,5.39639552337163,-1.356628656243006,0.006811251441472578,-0.005111215739109091
22,1,train,2,1,0.3490658503988659,1.464024214001256,3,s,af3726fcacd0ac1320a56ea850b0a2c0f5430cf4eb20a45c078706980f08407e,d24fbe3839599a6a097188bae8cd47ce8083f27deef1341ae3086bf0d5a45bd1,a264f9f6df4fae96803cb1057b5fedc2d14ddccb52b4eb699c12be7c2ccc333e,a264f9f6df4fae96803cb1057b5fedc2d14ddccb52b4eb699c12be7c2ccc333e,1787976782.89455,35366.795999999995,17683457,0,0.9500646591186523,1.0301742553710938,1.579880714416504,-0.00133514404296875,-0.00095367431640625,0.00514984130859375,-0.0073261260986328125,0.27594661712646484,-0.0024423599243164062,-0.0073261260986328125,-0.0073261260986328125,-0.0073261260986328125,-0.012209892272949219,0.25299072265625,4.793163299560547,-1.3260068893432617,0.017093658447265625,-0.11477375030517578,0.0,-0.0341741016172048,5.398746624570874,-1.3571031845511186,0.006807026536325252,-0.005112397662524094
22,1,train,2,1,0.3490658503988659,1.4659482860006392,3,s,af3726fcacd0ac1320a56ea850b0a2c0f5430cf4eb20a45c078706980f08407e,d24fbe3839599a6a097188bae8cd47ce8083f27deef1341ae3086bf0d5a45bd1,a264f9f6df4fae96803cb1057b5fedc2d14ddccb52b4eb699c12be7c2ccc333e,a264f9f6df4fae96803cb1057b5fedc2d14ddccb52b4eb699c12be7c2ccc333e,1787976782.896477,35366.797999999995,17683458,0,0.9500646591186523,1.0305557250976562,1.579880714416504,-0.00133514404296875,-0.00095367431640625,0.00514984130859375,-0.0073261260986328125,0.2466421127319336,-0.0024423599243164062,-0.021978378295898438,0.0073261260986328125,-0.0073261260986328125,-0.012209892272949219,0.3213672637939453,4.820514678955078,-1.3260068893432617,0.017093658447265625,-0.11477375030517578,0.0,-0.03993488767904574,5.401096940149096,-1.3575775153747291,0.00680280064062521,-0.005113578841987331
22,1,train,2,1,0.3490658503988659,1.4678713600005722,3,s,af3726fcacd0ac1320a56ea850b0a2c0f5430cf4eb20a45c078706980f08407e,d24fbe3839599a6a097188bae8cd47ce8083f27deef1341ae3086bf0d5a45bd1,a264f9f6df4fae96803cb1057b5fedc2d14ddccb52b4eb699c12be7c2ccc333e,a264f9f6df4fae96803cb1057b5fedc2d14ddccb52b4eb699c12be7c2ccc333e,1787976782.8983843,35366.799999999996,17683459,0,0.9500646591186523,1.0309371948242188,1.579880714416504,-0.00133514404296875,-0.00095367431640625,0.00514984130859375,-0.0073261260986328125,0.22710609436035156,-0.0024423599243164062,-0.0073261260986328125,-0.0073261260986328125,-0.0073261260986328125,-0.0073261260986328125,0.376068115234375,4.820514678955078,-1.3260068893432617,0.012209892272949219,-0.1196584701538086,0.0,-0.04569566792959623,5.403446469764281,-1.3580516486448126,0.006798573754987397,-0.005114759277326921
22,1,train,2,1,0.3490658503988659,1.4697847210045438,3,s,af3726fcacd0ac1320a56ea850b0a2c0f5430cf4eb20a45c078706980f08407e,d24fbe3839599a6a097188bae8cd47ce8083f27deef1341ae3086bf0d5a45bd1,a264f9f6df4fae96803cb1057b5fedc2d14ddccb52b4eb699c12be7c2ccc333e,a264f9f6df4fae96803cb1057b5fedc2d14ddccb52b4eb699c12be7c2ccc333e,1787976782.900332,35366.801999999996,17683460,0,0.9500646591186523,1.0317010879516602,1.579880714416504,-0.00133514404296875,-0.00095367431640625,0.00514984130859375,-0.0073261260986328125,0.21245384216308594,-0.0024423599243164062,-0.021978378295898438,-0.0073261260986328125,-0.0073261260986328125,-0.0073261260986328125,0.376068115234375,4.820514678955078,-1.3260068893432617,0.017093658447265625,-0.1196584701538086,0.0,-0.057231609548804685,5.4081490386436455,-1.3590005063455464,0.006790106442961344,-0.005117120861381543
22,1,train,2,1,0.3490658503988659,1.4717468290036777,3,s,af3726fcacd0ac1320a56ea850b0a2c0f5430cf4eb20a45c078706980f08407e,d24fbe3839599a6a097188bae8cd47ce8083f27deef1341ae3086bf0d5a45bd1,a264f9f6df4fae96803cb1057b5fedc2d14ddccb52b4eb699c12be7c2ccc333e,a264f9f6df4fae96803cb1057b5fedc2d14ddccb52b4eb699c12be7c2ccc333e,1787976782.9022717,35366.804,17683461,0,0.9500646591186523,1.0320825576782227,1.579880714416504,-0.00133514404296875,-0.00095367431640625,0.00514984130859375,-0.0073261260986328125,0.21733856201171875,-0.0024423599243164062,-0.0073261260986328125,0.0073261260986328125,-0.0073261260986328125,-0.0073261260986328125,0.33504295349121094,4.847862243652344,-1.3260068893432617,0.017093658447265625,-0.1196584701538086,0.0,-0.06299236731379654,5.410496206350863,-1.3594740460467039,0.006785876588731891,-0.005118299061458148
22,1,train,2,1,0.3490658503988659,1.4736651760031236,3,s,af3726fcacd0ac1320a56ea850b0a2c0f5430cf4eb20a45c078706980f08407e,d24fbe3839599a6a097188bae8cd47ce8083f27deef1341ae3086bf0d5a45bd1,a264f9f6df4fae96803cb1057b5fedc2d14ddccb52b4eb699c12be7c2ccc333e,a264f9f6df4fae96803cb1057b5fedc2d14ddccb52b4eb699c12be7c2ccc333e,1787976782.9047494,35366.806,17683462,0,0.9500646591186523,1.0324640274047852,1.579880714416504,-0.00133514404296875,-0.00095367431640625,0.00514984130859375,-0.0073261260986328125,0.2417583465576172,-0.0024423599243164062,-0.0073261260986328125,-0.0073261260986328125,-0.0073261260986328125,-0.0073261260986328125,0.28034210205078125,4.820514678955078,-1.3260068893432617,0.017093658447265625,-0.1196584701538086,0.0,-0.06875311591219446,5.412842586727269,-1.3599473879183541,0.006781645747027443,-0.005119476516724225
22,1,train,2,1,0.3490658503988659,1.4761440370057244,3,s,af3726fcacd0ac1320a56ea850b0a2c0f5430cf4eb20a45c078706980f08407e,d24fbe3839599a6a097188bae8cd47ce8083f27deef1341ae3086bf0d5a45bd1,a264f9f6df4fae96803cb1057b5fedc2d14ddccb52b4eb699c12be7c2ccc333e,a264f9f6df4fae96803cb1057b5fedc2d14ddccb52b4eb699c12be7c2ccc333e,1787976782.906655,35366.808,17683463,0,0.9500646591186523,1.0332269668579102,1.579880714416504,-0.00133514404296875,-0.00095367431640625,0.00514984130859375,-0.0073261260986328125,0.27594661712646484,-0.0024423599243164062,-0.0073261260986328125,-0.0073261260986328125,-0.0073261260986328125,-0.0073261260986328125,0.1982898712158203,4.847862243652344,-1.3260068893432617,0.017093658447265625,-0.1196584701538086,0.0,-0.0802745822560037,5.417532984121985,-1.3608934778976352,0.006773181103656374,-0.005121829192139518
22,1,train,2,1,0.3490658503988659,1.4780500760025461,3,s,af3726fcacd0ac1320a56ea850b0a2c0f5430cf4eb20a45c078706980f08407e,d24fbe3839599a6a097188bae8cd47ce8083f27deef1341ae3086bf0d5a45bd1,a264f9f6df4fae96803cb1057b5fedc2d14ddccb52b4eb699c12be7c2ccc333e,a264f9f6df4fae96803cb1057b5fedc2d14ddccb52b4eb699c12be7c2ccc333e,1787976782.9085538,35366.81,17683464,0,0.9500646591186523,1.0339899063110352,1.579880714416504,-0.00133514404296875,-0.00095367431640625,0.00514984130859375,-0.0073261260986328125,0.3052501678466797,-0.0024423599243164062,-0.0073261260986328125,0.0073261260986328125,-0.0073261260986328125,-0.0073261260986328125,0.15726470947265625,4.820514678955078,-1.3260068893432617,0.017093658447265625,-0.1196584701538086,0.0,-0.09179600187385595,5.422220228097623,-1.3618387757326933,0.0067647125177752055,-0.005124178886257988
22,1,train,2,1,0.3490658503988659,1.4799463050003396,3,s,af3726fcacd0ac1320a56ea850b0a2c0f5430cf4eb20a45c078706980f08407e,d24fbe3839599a6a097188bae8cd47ce8083f27deef1341ae3086bf0d5a45bd1,a264f9f6df4fae96803cb1057b5fedc2d14ddccb52b4eb699c12be7c2ccc333e,a264f9f6df4fae96803cb1057b5fedc2d14ddccb52b4eb699c12be7c2ccc333e,1787976782.9104326,35366.812,17683465,0,0.9500646591186523,1.0343713760375977,1.579880714416504,-0.00133514404296875,-0.00095367431640625,0.00514984130859375,-0.0073261260986328125,0.3247861862182617,-0.0024423599243164062,-0.021978378295898438,-0.0073261260986328125,-0.0073261260986328125,-0.0073261260986328125,0.1299152374267578,4.861537933349609,-1.3308916091918945,0.012209892272949219,-0.1196584701538086,0.0,-0.09755669206481876,5.4245626667006155,-1.3623111274241735,0.0067604767479336695,-0.005125352614903442
22,1,train,2,1,0.3490658503988659,1.4818250690004788,3,s,af3726fcacd0ac1320a56ea850b0a2c0f5430cf4eb20a45c078706980f08407e,d24fbe3839599a6a097188bae8cd47ce8083f27deef1341ae3086bf0d5a45bd1,a264f9f6df4fae96803cb1057b5fedc2d14ddccb52b4eb699c12be7c2ccc333e,a264f9f6df4fae96803cb1057b5fedc2d14ddccb52b4eb699c12be7c2ccc333e,1787976782.912305,35366.814,17683466,0,0.9500646591186523,1.0351343154907227,1.579880714416504,-0.00133514404296875,-0.00095367431640625,0.00514984130859375,-0.0073261260986328125,0.34432220458984375,-0.0024423599243164062,-0.0073261260986328125,-0.021978378295898438,-0.0073261260986328125,-0.0073261260986328125,0.11623954772949219,4.861537933349609,-1.3260068893432617,0.012209892272949219,-0.1196584701538086,0.0,-0.10907802901934549,5.429245175432586,-1.3632552360113503,0.006752002257530636,-0.005127697834512777
22,1,train,2,1,0.3490658503988659,1.4836971820041072,3,s,af3726fcacd0ac1320a56ea850b0a2c0f5430cf4eb20a45c078706980f08407e,d24fbe3839599a6a097188bae8cd47ce8083f27deef1341ae3086bf0d5a45bd1,a264f9f6df4fae96803cb1057b5fedc2d14ddccb52b4eb699c12be7c2ccc333e,a264f9f6df4fae96803cb1057b5fedc2d14ddccb52b4eb699c12be7c2ccc333e,1787976782.9144695,35366.816,17683467,0,0.9500646591186523,1.0358972549438477,1.579880714416504,-0.00133514404296875,-0.00095367431640625,0.00514984130859375,-0.0073261260986328125,0.33455467224121094,-0.0024423599243164062,-0.0073261260986328125,0.0073261260986328125,-0.0073261260986328125,-0.0073261260986328125,0.15726470947265625,4.847862243652344,-1.3260068893432617,0.012209892272949219,-0.1196584701538086,0.0,-0.12059930248210893,5.43392452392809,-1.3641985510795813,0.006743523836945206,-0.0051300400694092915
22,1,train,2,1,0.3490658503988659,1.4858758539994597,3,s,af3726fcacd0ac1320a56ea850b0a2c0f5430cf4eb20a45c078706980f08407e,d24fbe3839599a6a097188bae8cd47ce8083f27deef1341ae3086bf0d5a45bd1,a264f9f6df4fae96803cb1057b5fedc2d14ddccb52b4eb699c12be7c2ccc333e,a264f9f6df4fae96803cb1057b5fedc2d14ddccb52b4eb699c12be7c2ccc333e,1787976782.9163892,35366.818,17683468,0,0.9500646591186523,1.0362787246704102,1.579880714416504,-0.00133514404296875,-0.00095367431640625,0.00514984130859375,-0.0073261260986328125,0.3003664016723633,-0.0024423599243164062,-0.0073261260986328125,-0.0073261260986328125,-0.0073261260986328125,-0.0073261260986328125,0.21196556091308594,4.834186553955078,-1.3308916091918945,0.012209892272949219,-0.1196584701538086,0.0,-0.1263599133083675,5.436263012235924,-1.364669910872485,0.006739283154376225,-0.0051312100671641195
22,1,train,2,1,0.3490658503988659,1.4877816380030708,3,s,af3726fcacd0ac1320a56ea850b0a2c0f5430cf4eb20a45c078706980f08407e,d24fbe3839599a6a097188bae8cd47ce8083f27deef1341ae3086bf0d5a45bd1,a264f9f6df4fae96803cb1057b5fedc2d14ddccb52b4eb699c12be7c2ccc333e,a264f9f6df4fae96803cb1057b5fedc2d14ddccb52b4eb699c12be7c2ccc333e,1787976782.9182954,35366.82,17683469,0,0.9500646591186523,1.0366601943969727,1.579880714416504,-0.00133514404296875,-0.00095367431640625,0.00514984130859375,-0.0073261260986328125,0.27106189727783203,-0.0024423599243164062,-0.0073261260986328125,-0.0073261260986328125,-0.0073261260986328125,-0.0073261260986328125,0.3076915740966797,4.847862243652344,-1.3308916091918945,0.012209892272949219,-0.1196584701538086,0.0,-0.13212050574684364,5.438600709463386,-1.3651410720797839,0.0067350414911124794,-0.005132379318229621
22,1,train,2,1,0.3490658503988659,1.4896902320033405,3,s,af3726fcacd0ac1320a56ea850b0a2c0f5430cf4eb20a45c078706980f08407e,d24fbe3839599a6a097188bae8cd47ce8083f27deef1341ae3086bf0d5a45bd1,a264f9f6df4fae96803cb1057b5fedc2d14ddccb52b4eb699c12be7c2ccc333e,a264f9f6df4fae96803cb1057b5fedc2d14ddccb52b4eb699c12be7c2ccc333e,1787976782.9207706,35366.822,17683470,0,0.9500646591186523,1.0374231338500977,1.579880714416504,-0.00133514404296875,-0.00095367431640625,0.00514984130859375,-0.0073261260986328125,0.23687458038330078,-0.0024423599243164062,0.0073261260986328125,-0.0073261260986328125,-0.0073261260986328125,-0.0073261260986328125,0.376068115234375,4.861537933349609,-1.3308916091918945,0.012209892272949219,-0.1196584701538086,0.0,-0.14364163210732572,5.443273729316575,-1.3660827984633386,0.006726555224969831,-0.005134715579612144
22,1,train,2,1,0.3490658503988659,1.492182298003172,3,s,af3726fcacd0ac1320a56ea850b0a2c0f5430cf4eb20a45c078706980f08407e,d24fbe3839599a6a097188bae8cd47ce8083f27deef1341ae3086bf0d5a45bd1,a264f9f6df4fae96803cb1057b5fedc2d14ddccb52b4eb699c12be7c2ccc333e,a264f9f6df4fae96803cb1057b5fedc2d14ddccb52b4eb699c12be7c2ccc333e,1787976782.9227095,35366.824,17683471,0,0.9500646591186523,1.0378046035766602,1.579880714416504,-0.00133514404296875,-0.00095367431640625,0.00514984130859375,-0.0073261260986328125,0.21245384216308594,-0.0024423599243164062,-0.0073261260986328125,-0.021978378295898438,-0.0073261260986328125,-0.0073261260986328125,0.4307689666748047,4.875213623046875,-1.335775375366211,0.012209892272949219,-0.1196584701538086,0.0,-0.14940216435278697,5.445609051262289,-1.3665533635025549,0.006722310623325841,-0.005135882589589196
22,1,train,2,1,0.3490658503988659,1.4941392719993019,3,s,af3726fcacd0ac1320a56ea850b0a2c0f5430cf4eb20a45c078706980f08407e,d24fbe3839599a6a097188bae8cd47ce8083f27deef1341ae3086bf0d5a45bd1,a264f9f6df4fae96803cb1057b5fedc2d14ddccb52b4eb699c12be7c2ccc333e,a264f9f6df4fae96803cb1057b5fedc2d14ddccb52b4eb699c12be7c2ccc333e,1787976782.924668,35366.826,17683472,0,0.9500646591186523,1.0381860733032227,1.579880714416504,-0.00133514404296875,-0.00095367431640625,0.00514984130859375,-0.0073261260986328125,0.20757007598876953,-0.0024423599243164062,-0.0073261260986328125,-0.0073261260986328125,-0.0073261260986328125,-0.0073261260986328125,0.41709327697753906,4.875213623046875,-1.3406591415405273,0.012209892272949219,-0.1196584701538086,0.0,-0.1551626748573759,5.4479435807676015,-1.3670237296820882,0.006718065043456914,-0.005137048852196979
22,1,train,2,1,0.3490658503988659,1.496060823003063,3,s,af3726fcacd0ac1320a56ea850b0a2c0f5430cf4eb20a45c078706980f08407e,d24fbe3839599a6a097188bae8cd47ce8083f27deef1341ae3086bf0d5a45bd1,a264f9f6df4fae96803cb1057b5fedc2d14ddccb52b4eb699c12be7c2ccc333e,a264f9f6df4fae96803cb1057b5fedc2d14ddccb52b4eb699c12be7c2ccc333e,1787976782.9265478,35366.828,17683473,0,0.9500646591186523,1.0385675430297852,1.579880714416504,-0.00133514404296875,-0.00095367431640625,0.00514984130859375,-0.0073261260986328125,0.22710609436035156,-0.0024423599243164062,-0.0073261260986328125,-0.0073261260986328125,-0.0073261260986328125,-0.0073261260986328125,0.3623924255371094,4.847862243652344,-1.3406591415405273,0.012209892272949219,-0.1196584701538086,0.0,-0.16092316278282015,5.450277317492793,-1.367493896933489,0.006713818485980877,-0.005138214367265775
22,1,train,2,1,0.3490658503988659,1.4979422430042177,3,s,af3726fcacd0ac1320a56ea850b0a2c0f5430cf4eb20a45c078706980f08407e,d24fbe3839599a6a097188bae8cd47ce8083f27deef1341ae3086bf0d5a45bd1,a264f9f6df4fae96803cb1057b5fedc2d14ddccb52b4eb699c12be7c2ccc333e,a264f9f6df4fae96803cb1057b5fedc2d14ddccb52b4eb699c12be7c2ccc333e,1787976782.928427,35366.83,17683474,0,0.9500646591186523,1.0393304824829102,1.579880714416504,-0.00133514404296875,-0.00095367431640625,0.00514984130859375,0.0073261260986328125,0.2564105987548828,-0.0024423599243164062,-0.0073261260986328125,0.0073261260986328125,-0.0073261260986328125,-0.0073261260986328125,0.2940177917480469,4.875213623046875,-1.3406591415405273,0.012209892272949219,-0.1196584701538086,0.0,-0.17244406754325514,5.454942411244511,-1.3684336343782508,0.0067053224406794015,-0.005140543154108103
22,1,train,2,1,0.3490658503988659,1.4998191880004015,3,s,af3726fcacd0ac1320a56ea850b0a2c0f5430cf4eb20a45c078706980f08407e,d24fbe3839599a6a097188bae8cd47ce8083f27deef1341ae3086bf0d5a45bd1,a264f9f6df4fae96803cb1057b5fedc2d14ddccb52b4eb699c12be7c2ccc333e,a264f9f6df4fae96803cb1057b5fedc2d14ddccb52b4eb699c12be7c2ccc333e,1787976782.9303384,35366.831999999995,17683475,0,0.9500646591186523,1.0400934219360352,1.579880714416504,-0.00133514404296875,-0.00095367431640625,0.00514984130859375,-0.0073261260986328125,0.29059791564941406,-0.0024423599243164062,-0.021978378295898438,-0.0073261260986328125,-0.0073261260986328125,-0.0073261260986328125,0.22564125061035156,4.834186553955078,-1.3406591415405273,0.012209892272949219,-0.1196584701538086,0.0,-0.1839648719280299,5.459604329801999,-1.369372575289841,0.006696822492366765,-0.005142868948760647
22,1,train,2,1,0.3490658503988659,1.501733093005896,3,s,af3726fcacd0ac1320a56ea850b0a2c0f5430cf4eb20a45c078706980f08407e,d24fbe3839599a6a097188bae8cd47ce8083f27deef1341ae3086bf0d5a45bd1,a264f9f6df4fae96803cb1057b5fedc2d14ddccb52b4eb699c12be7c2ccc333e,a264f9f6df4fae96803cb1057b5fedc2d14ddccb52b4eb699c12be7c2ccc333e,1787976782.9322362,35366.833999999995,17683476,0,0.9500646591186523,1.0404748916625977,1.579880714416504,-0.00133514404296875,-0.00095367431640625,0.00514984130859375,0.0073261260986328125,0.3199024200439453,-0.0024423599243164062,-0.0073261260986328125,-0.021978378295898438,-0.0073261260986328125,-0.0073261260986328125,0.15726470947265625,4.875213623046875,-1.335775375366211,0.012209892272949219,-0.1196584701538086,0.0,-0.18972523438392563,5.46193409753484,-1.3698417468748871,0.006692571056127307,-0.005144030723592624
22,1,train,2,1,0.3490658503988659,1.5036278160041547,3,s,af3726fcacd0ac1320a56ea850b0a2c0f5430cf4eb20a45c078706980f08407e,d24fbe3839599a6a097188bae8cd47ce8083f27deef1341ae3086bf0d5a45bd1,a264f9f6df4fae96803cb1057b5fedc2d14ddccb52b4eb699c12be7c2ccc333e,a264f9f6df4fae96803cb1057b5fedc2d14ddccb52b4eb699c12be7c2ccc333e,1787976782.934728,35366.835999999996,17683477,0,0.9500646591186523,1.0412378311157227,1.579880714416504,-0.00133514404296875,-0.00095367431640625,0.00514984130859375,-0.0073261260986328125,0.33943843841552734,-0.0024423599243164062,-0.0073261260986328125,-0.0073261260986328125,-0.0073261260986328125,-0.0073261260986328125,0.11623954772949219,4.834186553955078,-1.335775375366211,0.012209892272949219,-0.1196584701538086,0.0,-0.2012458756315072,5.466591248213576,-1.3707794919621117,0.006684065262575434,-0.00514635202742268
22,1,train,2,1,0.3490658503988659,1.5061361480038613,3,s,af3726fcacd0ac1320a56ea850b0a2c0f5430cf4eb20a45c078706980f08407e,d24fbe3839599a6a097188bae8cd47ce8083f27deef1341ae3086bf0d5a45bd1,a264f9f6df4fae96803cb1057b5fedc2d14ddccb52b4eb699c12be7c2ccc333e,a264f9f6df4fae96803cb1057b5fedc2d14ddccb52b4eb699c12be7c2ccc333e,1787976782.9366465,35366.837999999996,17683478,0,0.9500646591186523,1.0420007705688477,1.579880714416504,-0.00133514404296875,-0.00095367431640625,0.00514984130859375,-0.021978378295898438,0.34432220458984375,-0.0024423599243164062,-0.0073261260986328125,-0.0073261260986328125,-0.0073261260986328125,-0.0073261260986328125,0.10256385803222656,4.847862243652344,-1.3406591415405273,0.012209892272949219,-0.1196584701538086,0.0,-0.2127663997385768,5.471245216917567,-1.3717164391506955,0.006675555578385702,-0.005148670335681741
22,1,train,2,1,0.3490658503988659,1.5080376050027553,3,s,af3726fcacd0ac1320a56ea850b0a2c0f5430cf4eb20a45c078706980f08407e,d24fbe3839599a6a097188bae8cd47ce8083f27deef1341ae3086bf0d5a45bd1,a264f9f6df4fae96803cb1057b5fedc2d14ddccb52b4eb699c12be7c2ccc333e,a264f9f6df4fae96803cb1057b5fedc2d14ddccb52b4eb699c12be7c2ccc333e,1787976782.938573,35366.84,17683479,0,0.9500646591186523,1.0423822402954102,1.579880714416504,-0.00133514404296875,-0.00095367431640625,0.00514984130859375,-0.0073261260986328125,0.3247861862182617,-0.0024423599243164062,-0.0073261260986328125,-0.0073261260986328125,-0.0073261260986328125,-0.0073261260986328125,0.14358901977539062,4.861537933349609,-1.3406591415405273,0.012209892272949219,-0.1196584701538086,0.0,-0.21852661576884924,5.473571007182414,-1.3721846133625513,0.006671299278849455,-0.005149828366050389
22,1,train,2,1,0.3490658503988659,1.5099600250032381,3,s,af3726fcacd0ac1320a56ea850b0a2c0f5430cf4eb20a45c078706980f08407e,d24fbe3839599a6a097188bae8cd47ce8083f27deef1341ae3086bf0d5a45bd1,a264f9f6df4fae96803cb1057b5fedc2d14ddccb52b4eb699c12be7c2ccc333e,a264f9f6df4fae96803cb1057b5fedc2d14ddccb52b4eb699c12be7c2ccc333e,1787976782.9404397,35366.842,17683480,0,0.9500646591186523,1.0431451797485352,1.579880714416504,-0.00133514404296875,-0.00095367431640625,0.00514984130859375,-0.0073261260986328125,0.28571414947509766,-0.0024423599243164062,-0.021978378295898438,-0.03663063049316406,-0.0073261260986328125,-0.0073261260986328125,0.21196556091308594,4.875213623046875,-1.3406591415405273,0.012209892272949219,-0.1196584701538086,0.0,-0.23004695159175403,5.4782201978455625,-1.3731203626807433,0.006662783767991062,-0.005152142178423324
22,1,train,2,1,0.3490658503988659,1.5118482910038438,3,s,af3726fcacd0ac1320a56ea850b0a2c0f5430cf4eb20a45c078706980f08407e,d24fbe3839599a6a097188bae8cd47ce8083f27deef1341ae3086bf0d5a45bd1,a264f9f6df4fae96803cb1057b5fedc2d14ddccb52b4eb699c12be7c2ccc333e,a264f9f6df4fae96803cb1057b5fedc2d14ddccb52b4eb699c12be7c2ccc333e,1787976782.9423327,35366.844,17683481,0,0.9500646591186523,1.0435266494750977,1.579880714416504,-0.00133514404296875,-0.00095367431640625,0.00514984130859375,-0.0073261260986328125,0.25152587890625,-0.0024423599243164062,-0.0073261260986328125,-0.0073261260986328125,-0.0073261260986328125,-0.0073261260986328125,0.28034210205078125,4.888889312744141,-1.3406591415405273,0.017093658447265625,-0.1196584701538086,0.0,-0.23580706970795473,5.48054359756732,-1.3735879376509115,0.006658524557908092,-0.00515329796009091
22,1,train,2,1,0.3490658503988659,1.5137217680021422,3,s,af3726fcacd0ac1320a56ea850b0a2c0f5430cf4eb20a45c078706980f08407e,d24fbe3839599a6a097188bae8cd47ce8083f27deef1341ae3086bf0d5a45bd1,a264f9f6df4fae96803cb1057b5fedc2d14ddccb52b4eb699c12be7c2ccc333e,a264f9f6df4fae96803cb1057b5fedc2d14ddccb52b4eb699c12be7c2ccc333e,1787976782.9442265,35366.846,17683482,0,0.9500646591186523,1.0439081192016602,1.579880714416504,-0.00133514404296875,-0.00095367431640625,0.00514984130859375,-0.0073261260986328125,0.23687458038330078,-0.0024423599243164062,-0.021978378295898438,-0.0073261260986328125,-0.0073261260986328125,-0.0073261260986328125,0.34871864318847656,4.902565002441406,-1.3406591415405273,0.017093658447265625,-0.1196584701538086,0.0,-0.24156715350971203,5.482866199765028,-1.3740553127377297,0.00665426437888228,-0.005154452991854955
22,1,train,2,1,0.3490658503988659,1.515627418004442,3,s,af3726fcacd0ac1320a56ea850b0a2c0f5430cf4eb20a45c078706980f08407e,d24fbe3839599a6a097188bae8cd47ce8083f27deef1341ae3086bf0d5a45bd1,a264f9f6df4fae96803cb1057b5fedc2d14ddccb52b4eb699c12be7c2ccc333e,a264f9f6df4fae96803cb1057b5fedc2d14ddccb52b4eb699c12be7c2ccc333e,1787976782.9467812,35366.848,17683483,0,0.9500646591186523,1.0442895889282227,1.579880714416504,-0.00133514404296875,-0.00095367431640625,0.00514984130859375,0.0073261260986328125,0.22710609436035156,-0.0024423599243164062,-0.021978378295898438,-0.0073261260986328125,-0.0073261260986328125,-0.012209892272949219,0.3623924255371094,4.834186553955078,-1.3406591415405273,0.012209892272949219,-0.1196584701538086,0.0,-0.24732720215882198,5.485188004100704,-1.3745224878731856,0.006650003231533568,-0.005155607273547379
22,1,train,2,1,0.3490658503988659,1.518176483004936,3,s,af3726fcacd0ac1320a56ea850b0a2c0f5430cf4eb20a45c078706980f08407e,d24fbe3839599a6a097188bae8cd47ce8083f27deef1341ae3086bf0d5a45bd1,a264f9f6df4fae96803cb1057b5fedc2d14ddccb52b4eb699c12be7c2ccc333e,a264f9f6df4fae96803cb1057b5fedc2d14ddccb52b4eb699c12be7c2ccc333e,1787976782.9486842,35366.85,17683484,0,0.9500646591186523,1.0450525283813477,1.579880714416504,-0.00133514404296875,-0.00095367431640625,0.00514984130859375,-0.0073261260986328125,0.22710609436035156,-0.0024423599243164062,-0.0073261260986328125,-0.021978378295898438,-0.0073261260986328125,-0.012209892272949219,0.34871864318847656,4.875213623046875,-1.3406591415405273,0.012209892272949219,-0.1196584701538086,0.0,-0.2588471906463189,5.489829217834611,-1.3754562380181108,0.0066414780343479,-0.005157913586045594
22,1,train,2,1,0.3490658503988659,1.5200751350057544,3,s,af3726fcacd0ac1320a56ea850b0a2c0f5430cf4eb20a45c078706980f08407e,d24fbe3839599a6a097188bae8cd47ce8083f27deef1341ae3086bf0d5a45bd1,a264f9f6df4fae96803cb1057b5fedc2d14ddccb52b4eb699c12be7c2ccc333e,a264f9f6df4fae96803cb1057b5fedc2d14ddccb52b4eb699c12be7c2ccc333e,1787976782.950581,35366.852,17683485,0,0.9500646591186523,1.0454339981079102,1.579880714416504,-0.00133514404296875,-0.00095367431640625,0.00514984130859375,-0.0073261260986328125,0.2417583465576172,-0.0024423599243164062,0.0073261260986328125,-0.0073261260986328125,-0.0073261260986328125,-0.0073261260986328125,0.3076915740966797,4.916240692138672,-1.335775375366211,0.012209892272949219,-0.1196584701538086,0.0,-0.2646071288083237,5.492148626557454,-1.3759228128916998,0.006637213985751525,-0.005159065616515771
22,1,train,2,1,0.3490658503988659,1.521974429000693,3,s,af3726fcacd0ac1320a56ea850b0a2c0f5430cf4eb20a45c078706980f08407e,d24fbe3839599a6a097188bae8cd47ce8083f27deef1341ae3086bf0d5a45bd1,a264f9f6df4fae96803cb1057b5fedc2d14ddccb52b4eb699c12be7c2ccc333e,a264f9f6df4fae96803cb1057b5fedc2d14ddccb52b4eb699c12be7c2ccc333e,1787976782.9524784,35366.854,17683486,0,0.9500646591186523,1.0461969375610352,1.579880714416504,-0.00133514404296875,-0.00095367431640625,0.00514984130859375,-0.0073261260986328125,0.27594661712646484,-0.0024423599243164062,-0.0073261260986328125,-0.0073261260986328125,-0.0073261260986328125,-0.0073261260986328125,0.2393169403076172,4.875213623046875,-1.3406591415405273,0.012209892272949219,-0.1196584701538086,0.0,-0.2761268887779501,5.496785046027334,-1.3768553619016561,0.00662868299165419,-0.005161367425060057
22,1,train,2,1,0.3490658503988659,1.5238719720000518,3,s,af3726fcacd0ac1320a56ea850b0a2c0f5430cf4eb20a45c078706980f08407e,d24fbe3839599a6a097188bae8cd47ce8083f27deef1341ae3086bf0d5a45bd1,a264f9f6df4fae96803cb1057b5fedc2d14ddccb52b4eb699c12be7c2ccc333e,a264f9f6df4fae96803cb1057b5fedc2d14ddccb52b4eb699c12be7c2ccc333e,1787976782.954373,35366.856,17683487,0,0.9500646591186523,1.0465784072875977,1.579880714416504,-0.00133514404296875,-0.00095367431640625,0.00514984130859375,-0.0073261260986328125,0.3003664016723633,-0.0024423599243164062,-0.0073261260986328125,-0.0073261260986328125,-0.0073261260986328125,-0.012209892272949219,0.1846160888671875,4.861537933349609,-1.3406591415405273,0.017093658447265625,-0.1196584701538086,0.0,-0.2818867089092203,5.499102056099679,-1.377321335902319,0.006624416047394653,-0.005162517202799206
22,1,train,2,1,0.3490658503988659,1.52576401099941,3,s,af3726fcacd0ac1320a56ea850b0a2c0f5430cf4eb20a45c078706980f08407e,d24fbe3839599a6a097188bae8cd47ce8083f27deef1341ae3086bf0d5a45bd1,a264f9f6df4fae96803cb1057b5fedc2d14ddccb52b4eb699c12be7c2ccc333e,a264f9f6df4fae96803cb1057b5fedc2d14ddccb52b4eb699c12be7c2ccc333e,1787976782.9562566,35366.858,17683488,0,0.9500646591186523,1.0473413467407227,1.579880714416504,-0.00133514404296875,-0.00095367431640625,0.00514984130859375,-0.0073261260986328125,0.3150186538696289,-0.0024423599243164062,0.0073261260986328125,-0.0073261260986328125,-0.0073261260986328125,-0.012209892272949219,0.17094039916992188,4.902565002441406,-1.3406591415405273,0.017093658447265625,-0.1196584701538086,0.0,-0.2934062252738606,5.50373367523334,-1.378252682555973,0.0066158792675584605,-0.0051648145043749465
22,1,train,2,1,0.3490658503988659,1.527647175003949,3,s,af3726fcacd0ac1320a56ea850b0a2c0f5430cf4eb20a45c078706980f08407e,d24fbe3839599a6a097188bae8cd47ce8083f27deef1341ae3086bf0d5a45bd1,a264f9f6df4fae96803cb1057b5fedc2d14ddccb52b4eb699c12be7c2ccc333e,a264f9f6df4fae96803cb1057b5fedc2d14ddccb52b4eb699c12be7c2ccc333e,1787976782.9587116,35366.86,17683489,0,0.9500646591186523,1.0481042861938477,1.579880714416504,-0.00133514404296875,-0.00095367431640625,0.00514984130859375,-0.0073261260986328125,0.33455467224121094,-0.0024423599243164062,-0.0073261260986328125,0.0073261260986328125,-0.0073261260986328125,-0.0073261260986328125,0.1299152374267578,4.9299163818359375,-1.3406591415405273,0.012209892272949219,-0.1196584701538086,0.0,-0.30492557085360894,5.508362090772518,-1.3791832269610178,0.006607338636773881,-0.005167108799633118
22,1,train,2,1,0.3490658503988659,1.5301249390031444,3,s,af3726fcacd0ac1320a56ea850b0a2c0f5430cf4eb20a45c078706980f08407e,d24fbe3839599a6a097188bae8cd47ce8083f27deef1341ae3086bf0d5a45bd1,a264f9f6df4fae96803cb1057b5fedc2d14ddccb52b4eb699c12be7c2ccc333e,a264f9f6df4fae96803cb1057b5fedc2d14ddccb52b4eb699c12be7c2ccc333e,1787976782.9606912,35366.862,17683490,0,0.9500646591186523,1.0484857559204102,1.579880714416504,-0.00133514404296875,-0.00095367431640625,0.00514984130859375,-0.0073261260986328125,0.3247861862182617,-0.0024423599243164062,-0.0073261260986328125,-0.0073261260986328125,-0.0073261260986328125,-0.0073261260986328125,0.17094039916992188,4.9299163818359375,-1.3406591415405273,0.012209892272949219,-0.1196584701538086,0.0,-0.3106851775037851,5.5106750963522,-1.3796481981510282,0.0066030668788293915,-0.005168254819475718
22,1,train,2,1,0.3490658503988659,1.5321001880001859,3,s,af3726fcacd0ac1320a56ea850b0a2c0f5430cf4eb20a45c078706980f08407e,d24fbe3839599a6a097188bae8cd47ce8083f27deef1341ae3086bf0d5a45bd1,a264f9f6df4fae96803cb1057b5fedc2d14ddccb52b4eb699c12be7c2ccc333e,a264f9f6df4fae96803cb1057b5fedc2d14ddccb52b4eb699c12be7c2ccc333e,1787976782.9625912,35366.864,17683491,0,0.9500646591186523,1.0492486953735352,1.579880714416504,-0.00133514404296875,-0.00095367431640625,0.00514984130859375,-0.0073261260986328125,0.29059791564941406,-0.0024423599243164062,-0.021978378295898438,0.0073261260986328125,-0.0073261260986328125,-0.0073261260986328125,0.2393169403076172,4.9299163818359375,-1.3406591415405273,0.017093658447265625,-0.1196584701538086,0.0,-0.3222042543340944,5.515298701448825,-1.3805775381677161,0.006594520480944126,-0.005170544602754108
22,1,train,2,1,0.3490658503988659,1.5339821730012773,3,s,af3726fcacd0ac1320a56ea850b0a2c0f5430cf4eb20a45c078706980f08407e,d24fbe3839599a6a097188bae8cd47ce8083f27deef1341ae3086bf0d5a45bd1,a264f9f6df4fae96803cb1057b5fedc2d14ddccb52b4eb699c12be7c2ccc333e,a264f9f6df4fae96803cb1057b5fedc2d14ddccb52b4eb699c12be7c2ccc333e,1787976782.964492,35366.866,17683492,0,0.9500646591186523,1.0496301651000977,1.579880714416504,-0.00133514404296875,-0.00095367431640625,0.00514984130859375,-0.0073261260986328125,0.2612943649291992,-0.0024423599243164062,-0.0073261260986328125,0.0073261260986328125,-0.0073261260986328125,-0.0073261260986328125,0.3076915740966797,4.916240692138672,-1.3406591415405273,0.012209892272949219,-0.1196584701538086,0.0,-0.3279637228379666,5.5176093002929365,-1.3810419068591553,0.006590245842247015,-0.005171688365856688
22,1,train,2,1,0.3490658503988659,1.535884855002223,3,s,af3726fcacd0ac1320a56ea850b0a2c0f5430cf4eb20a45c078706980f08407e,d24fbe3839599a6a097188bae8cd47ce8083f27deef1341ae3086bf0d5a45bd1,a264f9f6df4fae96803cb1057b5fedc2d14ddccb52b4eb699c12be7c2ccc333e,a264f9f6df4fae96803cb1057b5fedc2d14ddccb52b4eb699c12be7c2ccc333e,1787976782.966374,35366.867999999995,17683493,0,0.9500646591186523,1.0500116348266602,1.579880714416504,-0.00133514404296875,-0.00095367431640625,0.00514984130859375,-0.0073261260986328125,0.2417583465576172,-0.0024423599243164062,-0.021978378295898438,-0.021978378295898438,-0.0073261260986328125,-0.0073261260986328125,0.3623924255371094,4.9299163818359375,-1.3406591415405273,0.012209892272949219,-0.1196584701538086,0.0,-0.3337231436168415,5.519919096219232,-1.3815060745825498,0.006585970244542927,-0.005172831376379572
22,1,train,2,1,0.3490658503988659,1.5377658390061697,3,s,af3726fcacd0ac1320a56ea850b0a2c0f5430cf4eb20a45c078706980f08407e,d24fbe3839599a6a097188bae8cd47ce8083f27deef1341ae3086bf0d5a45bd1,a264f9f6df4fae96803cb1057b5fedc2d14ddccb52b4eb699c12be7c2ccc333e,a264f9f6df4fae96803cb1057b5fedc2d14ddccb52b4eb699c12be7c2ccc333e,1787976782.968279,35366.869999999995,17683494,0,0.9500646591186523,1.0503931045532227,1.579880714416504,-0.00133514404296875,-0.00095367431640625,0.00514984130859375,-0.0073261260986328125,0.22710609436035156,-0.0024423599243164062,-0.021978378295898438,-0.0073261260986328125,-0.0073261260986328125,-0.0073261260986328125,0.3897438049316406,4.9435882568359375,-1.3406591415405273,0.012209892272949219,-0.1196584701538086,0.0,-0.33948251583260747,5.52222808889159,-1.3819700412703542,0.006581693688454043,-0.005173973634156427
22,1,train,2,1,0.3490658503988659,1.5396733340021456,3,s,af3726fcacd0ac1320a56ea850b0a2c0f5430cf4eb20a45c078706980f08407e,d24fbe3839599a6a097188bae8cd47ce8083f27deef1341ae3086bf0d5a45bd1,a264f9f6df4fae96803cb1057b5fedc2d14ddccb52b4eb699c12be7c2ccc333e,a264f9f6df4fae96803cb1057b5fedc2d14ddccb52b4eb699c12be7c2ccc333e,1787976782.970762,35366.871999999996,17683495,0,0.9500646591186523,1.0511560440063477,1.579880714416504,-0.00133514404296875,-0.00095367431640625,0.00514984130859375,-0.0073261260986328125,0.21733856201171875,-0.0024423599243164062,0.0073261260986328125,-0.0073261260986328125,-0.0073261260986328125,-0.0073261260986328125,0.40341949462890625,4.916240692138672,-1.3406591415405273,0.012209892272949219,-0.1196584701538086,0.0,-0.35100111122242317,5.526843663130597,-1.3828973712691557,0.006573137703611313,-0.005176255890807282
22,1,train,2,1,0.3490658503988659,1.542158134005149,3,s,af3726fcacd0ac1320a56ea850b0a2c0f5430cf4eb20a45c078706980f08407e,d24fbe3839599a6a097188bae8cd47ce8083f27deef1341ae3086bf0d5a45bd1,a264f9f6df4fae96803cb1057b5fedc2d14ddccb52b4eb699c12be7c2ccc333e,a264f9f6df4fae96803cb1057b5fedc2d14ddccb52b4eb699c12be7c2ccc333e,1787976782.972675,35366.873999999996,17683496,0,0.9500646591186523,1.0515375137329102,1.579880714416504,-0.00133514404296875,-0.00095367431640625,0.00514984130859375,-0.0073261260986328125,0.22710609436035156,-0.0024423599243164062,-0.0073261260986328125,0.0073261260986328125,-0.0073261260986328125,-0.0073261260986328125,0.3623924255371094,4.888889312744141,-1.3406591415405273,0.012209892272949219,-0.1196584701538086,0.0,-0.3567603327203014,5.529150244025595,-1.3833607344452097,0.0065688582761025275,-0.005177395889349175
22,1,train,2,1,0.3490658503988659,1.5440729200054193,3,s,af3726fcacd0ac1320a56ea850b0a2c0f5430cf4eb20a45c078706980f08407e,d24fbe3839599a6a097188bae8cd47ce8083f27deef1341ae3086bf0d5a45bd1,a264f9f6df4fae96803cb1057b5fedc2d14ddccb52b4eb699c12be7c2ccc333e,a264f9f6df4fae96803cb1057b5fedc2d14ddccb52b4eb699c12be7c2ccc333e,1787976782.9745698,35366.876,17683497,0,0.9500646591186523,1.0519189834594727,1.579880714416504,-0.00133514404296875,-0.00095367431640625,0.00514984130859375,-0.0073261260986328125,0.2417583465576172,-0.0024423599243164062,-0.0073261260986328125,-0.021978378295898438,-0.0073261260986328125,-0.0073261260986328125,0.2940177917480469,4.9299163818359375,-1.3455429077148438,0.012209892272949219,-0.1196584701538086,0.0,-0.362519502302717,5.531456020323344,-1.3838238963157843,0.006564577892699064,-0.00517853513448081
22,1,train,2,1,0.3490658503988659,1.5459637829990243,3,s,af3726fcacd0ac1320a56ea850b0a2c0f5430cf4eb20a45c078706980f08407e,d24fbe3839599a6a097188bae8cd47ce8083f27deef1341ae3086bf0d5a45bd1,a264f9f6df4fae96803cb1057b5fedc2d14ddccb52b4eb699c12be7c2ccc333e,a264f9f6df4fae96803cb1057b5fedc2d14ddccb52b4eb699c12be7c2ccc333e,1787976782.976496,35366.878,17683498,0,0.9500646591186523,1.0526819229125977,1.579880714416504,-0.00133514404296875,-0.00095367431640625,0.00514984130859375,-0.0073261260986328125,0.27106189727783203,-0.0024423599243164062,-0.021978378295898438,-0.0073261260986328125,-0.0073261260986328125,-0.0073261260986328125,0.2393169403076172,4.957263946533203,-1.3455429077148438,0.012209892272949219,-0.1196584701538086,0.0,-0.3740376823688951,5.536065157785082,-1.3847496158709305,0.006556014260699759,-0.005180811363850312
22,1,train,2,1,0.3490658503988659,1.5478894670013688,3,s,af3726fcacd0ac1320a56ea850b0a2c0f5430cf4eb20a45c078706980f08407e,d24fbe3839599a6a097188bae8cd47ce8083f27deef1341ae3086bf0d5a45bd1,a264f9f6df4fae96803cb1057b5fedc2d14ddccb52b4eb699c12be7c2ccc333e,a264f9f6df4fae96803cb1057b5fedc2d14ddccb52b4eb699c12be7c2ccc333e,1787976782.9784071,35366.88,17683499,0,0.9500646591186523,1.0534448623657227,1.579880714416504,-0.00133514404296875,-0.00095367431640625,0.00514984130859375,-0.0073261260986328125,0.2954826354980469,-0.0024423599243164062,-0.0073261260986328125,-0.0073261260986328125,-0.0073261260986328125,-0.0073261260986328125,0.17094039916992188,4.984615325927734,-1.3455429077148438,0.012209892272949219,-0.1196584701538086,0.0,-0.38555564471649983,5.540671072832942,-1.3856745293957553,0.006547446812598086,-0.0051830845775908485
22,1,train,2,1,0.3490658503988659,1.5498005310000735,3,s,af3726fcacd0ac1320a56ea850b0a2c0f5430cf4eb20a45c078706980f08407e,d24fbe3839599a6a097188bae8cd47ce8083f27deef1341ae3086bf0d5a45bd1,a264f9f6df4fae96803cb1057b5fedc2d14ddccb52b4eb699c12be7c2ccc333e,a264f9f6df4fae96803cb1057b5fedc2d14ddccb52b4eb699c12be7c2ccc333e,1787976782.980302,35366.882,17683500,0,0.9500646591186523,1.0538263320922852,1.579880714416504,-0.00133514404296875,-0.00095367431640625,0.00514984130859375,-0.0073261260986328125,0.3101339340209961,-0.0024423599243164062,-0.0073261260986328125,-0.021978378295898438,-0.0073261260986328125,-0.0073261260986328125,0.11623954772949219,4.970939636230469,-1.3455429077148438,0.017093658447265625,-0.11477375030517578,0.0,-0.39131454215072325,5.542972821113781,-1.3861366837285374,0.006543161659067192,-0.005184220053186688
22,1,train,2,1,0.3490658503988659,1.5517101010045735,3,s,af3726fcacd0ac1320a56ea850b0a2c0f5430cf4eb20a45c078706980f08407e,d24fbe3839599a6a097188bae8cd47ce8083f27deef1341ae3086bf0d5a45bd1,a264f9f6df4fae96803cb1057b5fedc2d14ddccb52b4eb699c12be7c2ccc333e,a264f9f6df4fae96803cb1057b5fedc2d14ddccb52b4eb699c12be7c2ccc333e,1787976782.9822059,35366.884,17683501,0,0.9500646591186523,1.0545892715454102,1.579880714416504,-0.00133514404296875,-0.00095367431640625,0.00514984130859375,-0.0073261260986328125,0.3199024200439453,-0.0024423599243164062,0.0073261260986328125,-0.0073261260986328125,-0.0073261260986328125,-0.0073261260986328125,0.11623954772949219,4.957263946533203,-1.3455429077148438,0.012209892272949219,-0.11477375030517578,0.0,-0.4028321653498781,5.547573897514545,-1.3870603871985812,0.006534588496163124,-0.005186488741003356
22,1,train,2,1,0.3490658503988659,1.5535968010008219,3,s,af3726fcacd0ac1320a56ea850b0a2c0f5430cf4eb20a45c078706980f08407e,d24fbe3839599a6a097188bae8cd47ce8083f27deef1341ae3086bf0d5a45bd1,a264f9f6df4fae96803cb1057b5fedc2d14ddccb52b4eb699c12be7c2ccc333e,a264f9f6df4fae96803cb1057b5fedc2d14ddccb52b4eb699c12be7c2ccc333e,1787976782.9846091,35366.886,17683502,0,0.9500646591186523,1.0549707412719727,1.579880714416504,-0.00133514404296875,-0.00095367431640625,0.00514984130859375,-0.0073261260986328125,0.3150186538696289,-0.0024423599243164062,-0.021978378295898438,0.0073261260986328125,-0.0073261260986328125,-0.012209892272949219,0.14358901977539062,4.9299163818359375,-1.3504276275634766,0.017093658447265625,-0.11477375030517578,0.0,-0.40859088943876776,5.54987322496492,-1.3875219362014262,0.006530300488037514,-0.005187621952894041
22,1,train,2,1,0.3490658503988659,1.5560031900022295,3,s,af3726fcacd0ac1320a56ea850b0a2c0f5430cf4eb20a45c078706980f08407e,d24fbe3839599a6a097188bae8cd47ce8083f27deef1341ae3086bf0d5a45bd1,a264f9f6df4fae96803cb1057b5fedc2d14ddccb52b4eb699c12be7c2ccc333e,a264f9f6df4fae96803cb1057b5fedc2d14ddccb52b4eb699c12be7c2ccc333e,1787976782.986492,35366.888,17683503,0,0.9500646591186523,1.0557336807250977,1.579880714416504,-0.00133514404296875,-0.00095367431640625,0.00514984130859375,-0.0073261260986328125,0.3003664016723633,-0.0024423599243164062,-0.0073261260986328125,-0.0073261260986328125,-0.0073261260986328125,-0.0073261260986328125,0.1982898712158203,4.9299163818359375,-1.3504276275634766,0.012209892272949219,-0.11477375030517578,0.0,-0.42010815840515714,5.554469456692684,-1.3884444284069406,0.006521721621559083,-0.005189886111815601
22,1,train,2,1,0.3490658503988659,1.5578851060054149,3,s,af3726fcacd0ac1320a56ea850b0a2c0f5430cf4eb20a45c078706980f08407e,d24fbe3839599a6a097188bae8cd47ce8083f27deef1341ae3086bf0d5a45bd1,a264f9f6df4fae96803cb1057b5fedc2d14ddccb52b4eb699c12be7c2ccc333e,a264f9f6df4fae96803cb1057b5fedc2d14ddccb52b4eb699c12be7c2ccc333e,1787976782.9883745,35366.89,17683504,0,0.9500646591186523,1.0561151504516602,1.579880714416504,-0.00133514404296875,-0.00095367431640625,0.00514984130859375,-0.0073261260986328125,0.28083038330078125,-0.0024423599243164062,-0.021978378295898438,0.0073261260986328125,-0.0073261260986328125,-0.0073261260986328125,0.2666664123535156,4.957263946533203,-1.3504276275634766,0.017093658447265625,-0.1196584701538086,0.0,-0.4258667016066726,5.556766360301229,-1.3889053714753699,0.00651743076445465,-0.005191017058516996
22,1,train,2,1,0.3490658503988659,1.5597653330041794,3,s,af3726fcacd0ac1320a56ea850b0a2c0f5430cf4eb20a45c078706980f08407e,d24fbe3839599a6a097188bae8cd47ce8083f27deef1341ae3086bf0d5a45bd1,a264f9f6df4fae96803cb1057b5fedc2d14ddccb52b4eb699c12be7c2ccc333e,a264f9f6df4fae96803cb1057b5fedc2d14ddccb52b4eb699c12be7c2ccc333e,1787976782.9910576,35366.892,17683505,0,0.9500646591186523,1.0564966201782227,1.579880714416504,-0.00133514404296875,-0.00095367431640625,0.00514984130859375,0.0073261260986328125,0.2564105987548828,-0.0024423599243164062,0.0073261260986328125,-0.0073261260986328125,-0.0073261260986328125,-0.0073261260986328125,0.3213672637939453,4.9435882568359375,-1.3504276275634766,0.017093658447265625,-0.11477375030517578,0.0,-0.43162518283642437,5.559062455293855,-1.389366112431469,0.006513138958939232,-0.005192147249825999
22,1,train,2,1,0.3490658503988659,1.5624507579996134,3,s,af3726fcacd0ac1320a56ea850b0a2c0f5430cf4eb20a45c078706980f08407e,d24fbe3839599a6a097188bae8cd47ce8083f27deef1341ae3086bf0d5a45bd1,a264f9f6df4fae96803cb1057b5fedc2d14ddccb52b4eb699c12be7c2ccc333e,a264f9f6df4fae96803cb1057b5fedc2d14ddccb52b4eb699c12be7c2ccc333e,1787976782.9923875,35366.894,17683506,0,0.9500646591186523,1.0572595596313477,1.579880714416504,-0.00133514404296875,-0.00095367431640625,0.00514984130859375,-0.021978378295898438,0.2466421127319336,-0.0024423599243164062,-0.0073261260986328125,-0.0073261260986328125,-0.0073261260986328125,-0.0073261260986328125,0.3623924255371094,4.9299163818359375,-1.3504276275634766,0.012209892272949219,-0.11477375030517578,0.0,-0.4431419560287816,5.563652218094962,-1.3902869877385216,0.0065045525051737225,-0.005194405365609076
22,1,train,2,1,0.3490658503988659,1.5637792730049114,3,s,af3726fcacd0ac1320a56ea850b0a2c0f5430cf4eb20a45c078706980f08407e,d24fbe3839599a6a097188bae8cd47ce8083f27deef1341ae3086bf0d5a45bd1,a264f9f6df4fae96803cb1057b5fedc2d14ddccb52b4eb699c12be7c2ccc333e,a264f9f6df4fae96803cb1057b5fedc2d14ddccb52b4eb699c12be7c2ccc333e,1787976782.994273,35366.896,17683507,0,0.9500646591186523,1.0576410293579102,1.579880714416504,-0.00133514404296875,-0.00095367431640625,0.00514984130859375,-0.0073261260986328125,0.23198986053466797,-0.0024423599243164062,-0.0073261260986328125,-0.0073261260986328125,-0.0073261260986328125,-0.0073261260986328125,0.376068115234375,4.916240692138672,-1.3504276275634766,0.012209892272949219,-0.11477375030517578,0.0,-0.44890024631547376,5.565945885235543,-1.3907471219554695,0.006500257858173129,-0.005195533289754552
22,1,train,2,1,0.3490658503988659,1.5656658869993407,3,s,af3726fcacd0ac1320a56ea850b0a2c0f5430cf4eb20a45c078706980f08407e,d24fbe3839599a6a097188bae8cd47ce8083f27deef1341ae3086bf0d5a45bd1,a264f9f6df4fae96803cb1057b5fedc2d14ddccb52b4eb699c12be7c2ccc333e,a264f9f6df4fae96803cb1057b5fedc2d14ddccb52b4eb699c12be7c2ccc333e,1787976782.9967396,35366.898,17683508,0,0.9500646591186523,1.0580224990844727,1.579880714416504,-0.00133514404296875,-0.00095367431640625,0.00514984130859375,-0.0073261260986328125,0.23687458038330078,-0.0024423599243164062,-0.0073261260986328125,-0.0073261260986328125,-0.0073261260986328125,-0.0073261260986328125,0.34871864318847656,4.957263946533203,-1.3504276275634766,0.012209892272949219,-0.11477375030517578,0.0,-0.4546584712785824,5.568238742424406,-1.3912070537920778,0.006495962265260532,-0.005196660457850438
22,1,train,2,1,0.3490658503988659,1.5681314290050068,3,s,af3726fcacd0ac1320a56ea850b0a2c0f5430cf4eb20a45c078706980f08407e,d24fbe3839599a6a097188bae8cd47ce8083f27deef1341ae3086bf0d5a45bd1,a264f9f6df4fae96803cb1057b5fedc2d14ddccb52b4eb699c12be7c2ccc333e,a264f9f6df4fae96803cb1057b5fedc2d14ddccb52b4eb699c12be7c2ccc333e,1787976782.9986403,35366.9,17683509,0,0.9500646591186523,1.0587854385375977,1.579880714416504,-0.00133514404296875,-0.00095367431640625,0.00514984130859375,-0.0073261260986328125,0.2564105987548828,-0.0024423599243164062,-0.0073261260986328125,-0.0073261260986328125,-0.0073261260986328125,-0.0073261260986328125,0.2940177917480469,4.957263946533203,-1.3504276275634766,0.012209892272949219,-0.11477375030517578,0.0,-0.4661747218823362,5.572822025612482,-1.3921263100565884,0.006487368244199833,-0.005198912525237449
22,1,train,2,1,0.3490658503988659,1.5700354560030974,3,s,af3726fcacd0ac1320a56ea850b0a2c0f5430cf4eb20a45c078706980f08407e,d24fbe3839599a6a097188bae8cd47ce8083f27deef1341ae3086bf0d5a45bd1,a264f9f6df4fae96803cb1057b5fedc2d14ddccb52b4eb699c12be7c2ccc333e,a264f9f6df4fae96803cb1057b5fedc2d14ddccb52b4eb699c12be7c2ccc333e,1787976783.000538,35366.902,17683510,0,0.9500646591186523,1.0591669082641602,1.579880714416504,-0.00133514404296875,-0.00095367431640625,0.00514984130859375,-0.0073261260986328125,0.28083038330078125,-0.0024423599243164062,-0.0073261260986328125,0.0073261260986328125,-0.0073261260986328125,-0.0073261260986328125,0.25299072265625,4.970939636230469,-1.355311393737793,0.017093658447265625,-0.1196584701538086,0.0,-0.47193274584714295,5.575112450944737,-1.3925856343507212,0.006483069817302329,-0.0052000374242008535
22,1,train,2,1,0.3490658503988659,1.571947196003748,3,s,af3726fcacd0ac1320a56ea850b0a2c0f5430cf4eb20a45c078706980f08407e,d24fbe3839599a6a097188bae8cd47ce8083f27deef1341ae3086bf0d5a45bd1,a264f9f6df4fae96803cb1057b5fedc2d14ddccb52b4eb699c12be7c2ccc333e,a264f9f6df4fae96803cb1057b5fedc2d14ddccb52b4eb699c12be7c2ccc333e,1787976783.0024426,35366.903999999995,17683511,0,0.9500646591186523,1.0599298477172852,1.579880714416504,-0.00133514404296875,-0.00095367431640625,0.00514984130859375,-0.0073261260986328125,0.2954826354980469,-0.0024423599243164062,-0.021978378295898438,-0.0073261260986328125,-0.0073261260986328125,-0.0073261260986328125,0.2393169403076172,4.984615325927734,-1.355311393737793,0.017093658447265625,-0.11477375030517578,0.0,-0.483448586913115,5.5796908674191865,-1.3935036749285414,0.006474470133900523,-0.005202284951848998
22,1,train,2,1,0.3490658503988659,1.5738365280049038,3,s,af3726fcacd0ac1320a56ea850b0a2c0f5430cf4eb20a45c078706980f08407e,d24fbe3839599a6a097188bae8cd47ce8083f27deef1341ae3086bf0d5a45bd1,a264f9f6df4fae96803cb1057b5fedc2d14ddccb52b4eb699c12be7c2ccc333e,a264f9f6df4fae96803cb1057b5fedc2d14ddccb52b4eb699c12be7c2ccc333e,1787976783.0043266,35366.905999999995,17683512,0,0.9500646591186523,1.0606927871704102,1.579880714416504,-0.00133514404296875,-0.00095367431640625,0.00514984130859375,-0.0073261260986328125,0.3052501678466797,-0.0024423599243164062,-0.0073261260986328125,-0.0073261260986328125,-0.0073261260986328125,-0.0073261260986328125,0.21196556091308594,5.011966705322266,-1.3504276275634766,0.017093658447265625,-0.1196584701538086,0.0,-0.4949641465749801,5.584266036086249,-1.3944209043805067,0.006465866681861274,-0.005204529451368903
22,1,train,2,1,0.3490658503988659,1.5757195940022939,3,s,af3726fcacd0ac1320a56ea850b0a2c0f5430cf4eb20a45c078706980f08407e,d24fbe3839599a6a097188bae8cd47ce8083f27deef1341ae3086bf0d5a45bd1,a264f9f6df4fae96803cb1057b5fedc2d14ddccb52b4eb699c12be7c2ccc333e,a264f9f6df4fae96803cb1057b5fedc2d14ddccb52b4eb699c12be7c2ccc333e,1787976783.0062628,35366.907999999996,17683513,0,0.9500646591186523,1.0610742568969727,1.579880714416504,-0.00133514404296875,-0.00095367431640625,0.00514984130859375,-0.0073261260986328125,0.3199024200439453,-0.0024423599243164062,-0.021978378295898438,-0.0073261260986328125,-0.0073261260986328125,-0.0073261260986328125,0.17094039916992188,4.970939636230469,-1.3504276275634766,0.017093658447265625,-0.1196584701538086,0.0,-0.5007218187847011,5.586552401659721,-1.3948792147674327,0.006461563544167485,-0.0052056505651724245
22,1,train,2,1,0.3490658503988659,1.5776556839991827,3,s,af3726fcacd0ac1320a56ea850b0a2c0f5430cf4eb20a45c078706980f08407e,d24fbe3839599a6a097188bae8cd47ce8083f27deef1341ae3086bf0d5a45bd1,a264f9f6df4fae96803cb1057b5fedc2d14ddccb52b4eb699c12be7c2ccc333e,a264f9f6df4fae96803cb1057b5fedc2d14ddccb52b4eb699c12be7c2ccc333e,1787976783.0087423,35366.909999999996,17683514,0,0.9500646591186523,1.0618371963500977,1.579880714416504,-0.00133514404296875,-0.00095367431640625,0.00514984130859375,-0.0073261260986328125,0.3150186538696289,-0.0024423599243164062,-0.0073261260986328125,-0.0073261260986328125,-0.0073261260986328125,-0.0073261260986328125,0.1982898712158203,4.9435882568359375,-1.3504276275634766,0.017093658447265625,-0.1196584701538086,0.0,-0.5122369437724635,5.591122693622992,-1.3957952265297051,0.006452954448562517,-0.005207890520050891
22,1,train,2,1,0.3490658503988659,1.5801370129993302,3,s,af3726fcacd0ac1320a56ea850b0a2c0f5430cf4eb20a45c078706980f08407e,d24fbe3839599a6a097188bae8cd47ce8083f27deef1341ae3086bf0d5a45bd1,a264f9f6df4fae96803cb1057b5fedc2d14ddccb52b4eb699c12be7c2ccc333e,a264f9f6df4fae96803cb1057b5fedc2d14ddccb52b4eb699c12be7c2ccc333e,1787976783.010648,35366.912,17683515,0,0.9500646591186523,1.0622186660766602,1.579880714416504,-0.00133514404296875,-0.00095367431640625,0.00514984130859375,-0.021978378295898438,0.28571414947509766,-0.0024423599243164062,-0.0073261260986328125,-0.0073261260986328125,-0.0073261260986328125,-0.012209892272949219,0.2393169403076172,4.9299163818359375,-1.355311393737793,0.012209892272949219,-0.11477375030517578,0.0,-0.51799439487483,5.593406619347728,-1.396252927771755,0.006448648491904128,-0.005209009360799878
22,1,train,2,1,0.3490658503988659,1.5820457950030686,3,s,af3726fcacd0ac1320a56ea850b0a2c0f5430cf4eb20a45c078706980f08407e,d24fbe3839599a6a097188bae8cd47ce8083f27deef1341ae3086bf0d5a45bd1,a264f9f6df4fae96803cb1057b5fedc2d14ddccb52b4eb699c12be7c2ccc333e,a264f9f6df4fae96803cb1057b5fedc2d14ddccb52b4eb699c12be7c2ccc333e,1787976783.0125449,35366.914,17683516,0,0.9500646591186523,1.0626001358032227,1.579880714416504,-0.00133514404296875,-0.00095367431640625,0.00514984130859375,-0.0073261260986328125,0.2661781311035156,-0.0024423599243164062,-0.021978378295898438,-0.0073261260986328125,-0.0073261260986328125,-0.0073261260986328125,0.2940177917480469,4.970939636230469,-1.355311393737793,0.012209892272949219,-0.11477375030517578,0.0,-0.5237517705990962,5.5956897311246845,-1.3967104258322653,0.0064443415968438895,-0.0052101274435382506
22,1,train,2,1,0.3490658503988659,1.5839411650013062,3,s,af3726fcacd0ac1320a56ea850b0a2c0f5430cf4eb20a45c078706980f08407e,d24fbe3839599a6a097188bae8cd47ce8083f27deef1341ae3086bf0d5a45bd1,a264f9f6df4fae96803cb1057b5fedc2d14ddccb52b4eb699c12be7c2ccc333e,a264f9f6df4fae96803cb1057b5fedc2d14ddccb52b4eb699c12be7c2ccc333e,1787976783.014469,35366.916,17683517,0,0.9500646591186523,1.0633630752563477,1.579880714416504,-0.00133514404296875,-0.00095367431640625,0.00514984130859375,-0.0073261260986328125,0.2466421127319336,-0.0024423599243164062,-0.021978378295898438,-0.0073261260986328125,-0.0073261260986328125,-0.0073261260986328125,0.33504295349121094,4.970939636230469,-1.355311393737793,0.012209892272949219,-0.11477375030517578,0.0,-0.5352662925620896,5.60025351150643,-1.397624812142396,0.0064357249940249365,-0.005212361334332442
22,1,train,2,1,0.3490658503988659,1.5858657440039678,3,s,af3726fcacd0ac1320a56ea850b0a2c0f5430cf4eb20a45c078706980f08407e,d24fbe3839599a6a097188bae8cd47ce8083f27deef1341ae3086bf0d5a45bd1,a264f9f6df4fae96803cb1057b5fedc2d14ddccb52b4eb699c12be7c2ccc333e,a264f9f6df4fae96803cb1057b5fedc2d14ddccb52b4eb699c12be7c2ccc333e,1787976783.0163782,35366.918,17683518,0,0.9500646591186523,1.0637445449829102,1.579880714416504,-0.00133514404296875,-0.00095367431640625,0.00514984130859375,-0.0073261260986328125,0.23198986053466797,-0.0024423599243164062,-0.0073261260986328125,-0.0073261260986328125,-0.0073261260986328125,-0.0073261260986328125,0.376068115234375,4.998291015625,-1.355311393737793,0.012209892272949219,-0.11477375030517578,0.0,-0.5410234371252335,5.602534179447101,-1.3980817002589558,0.006431415287520108,-0.005213477142063187
22,1,train,2,1,0.3490658503988659,1.5877743360033492,3,s,af3726fcacd0ac1320a56ea850b0a2c0f5430cf4eb20a45c078706980f08407e,d24fbe3839599a6a097188bae8cd47ce8083f27deef1341ae3086bf0d5a45bd1,a264f9f6df4fae96803cb1057b5fedc2d14ddccb52b4eb699c12be7c2ccc333e,a264f9f6df4fae96803cb1057b5fedc2d14ddccb52b4eb699c12be7c2ccc333e,1787976783.0182743,35366.92,17683519,0,0.9500646591186523,1.0641260147094727,1.579880714416504,-0.00133514404296875,-0.00095367431640625,0.00514984130859375,0.0073261260986328125,0.22222232818603516,-0.0024423599243164062,-0.021978378295898438,0.0073261260986328125,-0.0073261260986328125,-0.0073261260986328125,0.376068115234375,5.025642395019531,-1.355311393737793,0.012209892272949219,-0.11477375030517578,0.0,-0.546780502959112,5.6048140321117605,-1.3985383849278552,0.006427104645121182,-0.005214592191133171
22,1,train,2,1,0.3490658503988659,1.5896643369997037,3,s,af3726fcacd0ac1320a56ea850b0a2c0f5430cf4eb20a45c078706980f08407e,d24fbe3839599a6a097188bae8cd47ce8083f27deef1341ae3086bf0d5a45bd1,a264f9f6df4fae96803cb1057b5fedc2d14ddccb52b4eb699c12be7c2ccc333e,a264f9f6df4fae96803cb1057b5fedc2d14ddccb52b4eb699c12be7c2ccc333e,1787976783.020756,35366.922,17683520,0,0.9500646591186523,1.0648889541625977,1.579880714416504,-0.00133514404296875,-0.00095367431640625,0.00514984130859375,-0.021978378295898438,0.22710609436035156,-0.0024423599243164062,-0.021978378295898438,-0.021978378295898438,-0.0073261260986328125,-0.0073261260986328125,0.3623924255371094,5.039318084716797,-1.355311393737793,0.012209892272949219,-0.11477375030517578,0.0,-0.5582943950880006,5.609371290286097,-1.3994511436568715,0.006418480555150333,-0.005216820012641903
22,1,train,2,1,0.3490658503988659,1.5921653940022225,3,s,af3726fcacd0ac1320a56ea850b0a2c0f5430cf4eb20a45c078706980f08407e,d24fbe3839599a6a097188bae8cd47ce8083f27deef1341ae3086bf0d5a45bd1,a264f9f6df4fae96803cb1057b5fedc2d14ddccb52b4eb699c12be7c2ccc333e,a264f9f6df4fae96803cb1057b5fedc2d14ddccb52b4eb699c12be7c2ccc333e,1787976783.0227,35366.924,17683521,0,0.9500646591186523,1.0652704238891602,1.579880714416504,-0.00133514404296875,-0.00095367431640625,0.00514984130859375,-0.0073261260986328125,0.2466421127319336,-0.0024423599243164062,0.0073261260986328125,-0.0073261260986328125,-0.0073261260986328125,-0.0073261260986328125,0.3076915740966797,5.011966705322266,-1.355311393737793,0.012209892272949219,-0.11477375030517578,0.0,-0.5640512197075279,5.6116486951326126,-1.3999072175841663,0.0064141671088333765,-0.005217932784756465
22,1,train,2,1,0.3490658503988659,1.5941163250026875,3,s,af3726fcacd0ac1320a56ea850b0a2c0f5430cf4eb20a45c078706980f08407e,d24fbe3839599a6a097188bae8cd47ce8083f27deef1341ae3086bf0d5a45bd1,a264f9f6df4fae96803cb1057b5fedc2d14ddccb52b4eb699c12be7c2ccc333e,a264f9f6df4fae96803cb1057b5fedc2d14ddccb52b4eb699c12be7c2ccc333e,1787976783.024626,35366.926,17683522,0,0.9500646591186523,1.0660333633422852,1.579880714416504,-0.00133514404296875,-0.00095367431640625,0.00514984130859375,-0.0073261260986328125,0.27106189727783203,-0.0024423599243164062,-0.0073261260986328125,-0.0073261260986328125,-0.0073261260986328125,-0.0073261260986328125,0.25299072265625,5.039318084716797,-1.355311393737793,0.017093658447265625,-0.11477375030517578,0.0,-0.5755646218681043,5.616201054687301,-1.4008187542324908,0.006405537416674838,-0.005220156050896331
22,1,train,2,1,0.3490658503988659,1.596020804005093,3,s,af3726fcacd0ac1320a56ea850b0a2c0f5430cf4eb20a45c078706980f08407e,d24fbe3839599a6a097188bae8cd47ce8083f27deef1341ae3086bf0d5a45bd1,a264f9f6df4fae96803cb1057b5fedc2d14ddccb52b4eb699c12be7c2ccc333e,a264f9f6df4fae96803cb1057b5fedc2d14ddccb52b4eb699c12be7c2ccc333e,1787976783.0265613,35366.928,17683523,0,0.9500646591186523,1.0664148330688477,1.579880714416504,-0.00133514404296875,-0.00095367431640625,0.00514984130859375,-0.0073261260986328125,0.29059791564941406,-0.0024423599243164062,-0.0073261260986328125,-0.021978378295898438,-0.0073261260986328125,-0.0073261260986328125,0.1982898712158203,5.039318084716797,-1.355311393737793,0.017093658447265625,-0.11477375030517578,0.0,-0.5813211977337309,5.618476008733018,-1.401274216820874,0.006401221172089042,-0.005221266544598106
22,1,train,2,1,0.3490658503988659,1.5979639159995713,3,s,af3726fcacd0ac1320a56ea850b0a2c0f5430cf4eb20a45c078706980f08407e,d24fbe3839599a6a097188bae8cd47ce8083f27deef1341ae3086bf0d5a45bd1,a264f9f6df4fae96803cb1057b5fedc2d14ddccb52b4eb699c12be7c2ccc333e,a264f9f6df4fae96803cb1057b5fedc2d14ddccb52b4eb699c12be7c2ccc333e,1787976783.0284793,35366.93,17683524,0,0.9500646591186523,1.0671777725219727,1.579880714416504,-0.00133514404296875,-0.00095367431640625,0.00514984130859375,-0.0073261260986328125,0.3150186538696289,-0.0024423599243164062,-0.021978378295898438,0.0073261260986328125,-0.0073261260986328125,-0.0073261260986328125,0.15726470947265625,4.998291015625,-1.355311393737793,0.017093658447265625,-0.11477375030517578,0.0,-0.5928340948472078,5.62302346370596,-1.4021845301946916,0.006392585889044884,-0.0052234852524573544
22,1,train,2,1,0.3490658503988659,1.599882015005278,3,s,af3726fcacd0ac1320a56ea850b0a2c0f5430cf4eb20a45c078706980f08407e,d24fbe3839599a6a097188bae8cd47ce8083f27deef1341ae3086bf0d5a45bd1,a264f9f6df4fae96803cb1057b5fedc2d14ddccb52b4eb699c12be7c2ccc333e,a264f9f6df4fae96803cb1057b5fedc2d14ddccb52b4eb699c12be7c2ccc333e,1787976783.030398,35366.932,17683525,0,0.9500646591186523,1.0679407119750977,1.579880714416504,-0.00133514404296875,-0.00095367431640625,0.00514984130859375,-0.0073261260986328125,0.3296699523925781,-0.0024423599243164062,-0.0073261260986328125,-0.021978378295898438,-0.0073261260986328125,-0.0073261260986328125,0.1299152374267578,5.011966705322266,-1.355311393737793,0.012209892272949219,-0.11477375030517578,0.0,-0.6043466468858399,5.627567645648626,-1.4030940273897317,0.006383946885026185,-0.005225700919848167
22,1,train,2,1,0.3490658503988659,1.6017978180025239,3,s,af3726fcacd0ac1320a56ea850b0a2c0f5430cf4eb20a45c078706980f08407e,d24fbe3839599a6a097188bae8cd47ce8083f27deef1341ae3086bf0d5a45bd1,a264f9f6df4fae96803cb1057b5fedc2d14ddccb52b4eb699c12be7c2ccc333e,a264f9f6df4fae96803cb1057b5fedc2d14ddccb52b4eb699c12be7c2ccc333e,1787976783.0324178,35366.934,17683526,0,0.9500646591186523,1.0683221817016602,1.579880714416504,-0.00133514404296875,-0.00095367431640625,0.00514984130859375,-0.0073261260986328125,0.3296699523925781,-0.0024423599243164062,-0.0073261260986328125,-0.0073261260986328125,-0.0073261260986328125,-0.0073261260986328125,0.15726470947265625,4.998291015625,-1.355311393737793,0.012209892272949219,-0.11477375030517578,0.0,-0.6101027914079611,5.62983850840695,-1.4035484697547544,0.006379625989222727,-0.005226807612964812
22,1,train,2,1,0.3490658503988659,1.6038203800053452,3,s,af3726fcacd0ac1320a56ea850b0a2c0f5430cf4eb20a45c078706980f08407e,d24fbe3839599a6a097188bae8cd47ce8083f27deef1341ae3086bf0d5a45bd1,a264f9f6df4fae96803cb1057b5fedc2d14ddccb52b4eb699c12be7c2ccc333e,a264f9f6df4fae96803cb1057b5fedc2d14ddccb52b4eb699c12be7c2ccc333e,1787976783.034335,35366.936,17683527,0,0.9500646591186523,1.0690851211547852,1.579880714416504,-0.00133514404296875,-0.00095367431640625,0.00514984130859375,-0.0073261260986328125,0.3101339340209961,-0.0024423599243164062,-0.0073261260986328125,0.0073261260986328125,-0.0073261260986328125,-0.0073261260986328125,0.21196556091308594,5.011966705322266,-1.355311393737793,0.012209892272949219,-0.11477375030517578,0.0,-0.6216148132696631,5.634377775845312,-1.404456741689158,0.006370981413171455,-0.005229018717235357
22,1,train,2,1,0.3490658503988659,1.6057314200006658,3,s,af3726fcacd0ac1320a56ea850b0a2c0f5430cf4eb20a45c078706980f08407e,d24fbe3839599a6a097188bae8cd47ce8083f27deef1341ae3086bf0d5a45bd1,a264f9f6df4fae96803cb1057b5fedc2d14ddccb52b4eb699c12be7c2ccc333e,a264f9f6df4fae96803cb1057b5fedc2d14ddccb52b4eb699c12be7c2ccc333e,1787976783.0368645,35366.938,17683528,0,0.9500646591186523,1.0694665908813477,1.579880714416504,-0.00171661376953125,-0.00095367431640625,0.00514984130859375,-0.0073261260986328125,0.28083038330078125,-0.0024423599243164062,-0.0073261260986328125,0.0073261260986328125,-0.0073261260986328125,-0.0073261260986328125,0.2940177917480469,5.025642395019531,-1.355311393737793,0.012209892272949219,-0.11477375030517578,0.0,-0.6269168594968229,5.636192350427594,-1.4044567416891585,0.006370981413171452,-0.005229018717235358
22,1,train,2,1,0.3490658503988659,1.6082652210025117,3,s,af3726fcacd0ac1320a56ea850b0a2c0f5430cf4eb20a45c078706980f08407e,d24fbe3839599a6a097188bae8cd47ce8083f27deef1341ae3086bf0d5a45bd1,a264f9f6df4fae96803cb1057b5fedc2d14ddccb52b4eb699c12be7c2ccc333e,a264f9f6df4fae96803cb1057b5fedc2d14ddccb52b4eb699c12be7c2ccc333e,1787976783.038841,35366.939999999995,17683529,0,0.9500646591186523,1.0698480606079102,1.579880714416504,-0.00133514404296875,-0.00095367431640625,0.00514984130859375,-0.0073261260986328125,0.2564105987548828,-0.0024423599243164062,-0.0073261260986328125,-0.021978378295898438,-0.0073261260986328125,-0.012209892272949219,0.3623924255371094,5.025642395019531,-1.355311393737793,0.012209892272949219,-0.1196584701538086,0.0,-0.6331264733039458,5.638913763644326,-1.4053641961221837,0.006362333128721101,-0.0052312267778165675
22,1,train,2,1,0.3490658503988659,1.6102339330027462,3,s,af3726fcacd0ac1320a56ea850b0a2c0f5430cf4eb20a45c078706980f08407e,d24fbe3839599a6a097188bae8cd47ce8083f27deef1341ae3086bf0d5a45bd1,a264f9f6df4fae96803cb1057b5fedc2d14ddccb52b4eb699c12be7c2ccc333e,a264f9f6df4fae96803cb1057b5fedc2d14ddccb52b4eb699c12be7c2ccc333e,1787976783.0407426,35366.941999999995,17683530,0,0.9500646591186523,1.0702295303344727,1.579880714416504,-0.00133514404296875,-0.00095367431640625,0.00514984130859375,-0.0073261260986328125,0.23687458038330078,-0.0024423599243164062,-0.021978378295898438,-0.0073261260986328125,-0.0073261260986328125,-0.0073261260986328125,0.4307689666748047,4.998291015625,-1.355311393737793,0.012209892272949219,-0.11477375030517578,0.0,-0.638882165541835,5.64118052685391,-1.405817616610596,0.006358007597419302,-0.005232329666321958
22,1,train,2,1,0.3490658503988659,1.612150704000669,3,s,af3726fcacd0ac1320a56ea850b0a2c0f5430cf4eb20a45c078706980f08407e,d24fbe3839599a6a097188bae8cd47ce8083f27deef1341ae3086bf0d5a45bd1,a264f9f6df4fae96803cb1057b5fedc2d14ddccb52b4eb699c12be7c2ccc333e,a264f9f6df4fae96803cb1057b5fedc2d14ddccb52b4eb699c12be7c2ccc333e,1787976783.042664,35366.943999999996,17683531,0,0.9500646591186523,1.0709924697875977,1.579880714416504,-0.00133514404296875,-0.00095367431640625,0.00514984130859375,-0.0073261260986328125,0.21733856201171875,-0.0024423599243164062,-0.0073261260986328125,-0.0073261260986328125,-0.0073261260986328125,-0.0073261260986328125,0.4307689666748047,4.970939636230469,-1.355311393737793,0.012209892272949219,-0.11477375030517578,0.0,-0.6503932702712912,5.645711590243943,-1.4067238438013123,0.00634935375980969,-0.005234533158959853
22,1,train,2,1,0.3490658503988659,1.6140572360018268,3,s,af3726fcacd0ac1320a56ea850b0a2c0f5430cf4eb20a45c078706980f08407e,d24fbe3839599a6a097188bae8cd47ce8083f27deef1341ae3086bf0d5a45bd1,a264f9f6df4fae96803cb1057b5fedc2d14ddccb52b4eb699c12be7c2ccc333e,a264f9f6df4fae96803cb1057b5fedc2d14ddccb52b4eb699c12be7c2ccc333e,1787976783.04455,35366.945999999996,17683532,0,0.9500646591186523,1.0713739395141602,1.579880714416504,-0.00133514404296875,-0.00095367431640625,0.00514984130859375,-0.0073261260986328125,0.22222232818603516,-0.0024423599243164062,-0.0073261260986328125,0.0073261260986328125,-0.0073261260986328125,-0.0073261260986328125,0.40341949462890625,4.970939636230469,-1.3601951599121094,0.012209892272949219,-0.11477375030517578,0.0,-0.6561486810877776,5.647975889765039,-1.4071766503717438,0.006345025454761176,-0.005235633762771709
22,1,train,2,1,0.3490658503988659,1.6159449370024959,3,s,af3726fcacd0ac1320a56ea850b0a2c0f5430cf4eb20a45c078706980f08407e,d24fbe3839599a6a097188bae8cd47ce8083f27deef1341ae3086bf0d5a45bd1,a264f9f6df4fae96803cb1057b5fedc2d14ddccb52b4eb699c12be7c2ccc333e,a264f9f6df4fae96803cb1057b5fedc2d14ddccb52b4eb699c12be7c2ccc333e,1787976783.0464227,35366.948,17683533,0,0.9500646591186523,1.0721368789672852,1.579880714416504,-0.00133514404296875,-0.00095367431640625,0.00514984130859375,0.0073261260986328125,0.25152587890625,-0.0024423599243164062,-0.0073261260986328125,-0.021978378295898438,-0.0073261260986328125,-0.0073261260986328125,0.33504295349121094,4.984615325927734,-1.3601951599121094,0.012209892272949219,-0.1196584701538086,0.0,-0.6676592154366359,5.652502022811886,-1.4080816491332913,0.006336366075325997,-0.005237832684580435
22,1,train,2,1,0.3490658503988659,1.6178153540022322,3,s,af3726fcacd0ac1320a56ea850b0a2c0f5430cf4eb20a45c078706980f08407e,d24fbe3839599a6a097188bae8cd47ce8083f27deef1341ae3086bf0d5a45bd1,a264f9f6df4fae96803cb1057b5fedc2d14ddccb52b4eb699c12be7c2ccc333e,a264f9f6df4fae96803cb1057b5fedc2d14ddccb52b4eb699c12be7c2ccc333e,1787976783.0483239,35366.95,17683534,0,0.9500646591186523,1.0725183486938477,1.579880714416504,-0.00171661376953125,-0.00095367431640625,0.00514984130859375,-0.0073261260986328125,0.28571414947509766,-0.0024423599243164062,-0.021978378295898438,-0.0073261260986328125,-0.0073261260986328125,-0.012209892272949219,0.25299072265625,5.011966705322266,-1.3650789260864258,0.012209892272949219,-0.1196584701538086,0.0,-0.6729621452345905,5.65431166361958,-1.4080816491332913,0.006336366075325995,-0.005237832684580435
22,1,train,2,1,0.3490658503988659,1.619718328001909,3,s,af3726fcacd0ac1320a56ea850b0a2c0f5430cf4eb20a45c078706980f08407e,d24fbe3839599a6a097188bae8cd47ce8083f27deef1341ae3086bf0d5a45bd1,a264f9f6df4fae96803cb1057b5fedc2d14ddccb52b4eb699c12be7c2ccc333e,a264f9f6df4fae96803cb1057b5fedc2d14ddccb52b4eb699c12be7c2ccc333e,1787976783.050849,35366.952,17683535,0,0.9500646591186523,1.0732812881469727,1.579880714416504,-0.00171661376953125,-0.00095367431640625,0.00514984130859375,-0.0073261260986328125,0.3150186538696289,-0.0024423599243164062,-0.021978378295898438,-0.0073261260986328125,-0.0073261260986328125,-0.012209892272949219,0.1982898712158203,5.011966705322266,-1.3601951599121094,0.012209892272949219,-0.1196584701538086,0.0,-0.6844725041308981,5.658833270398562,-1.408985828283487,0.00632770300764051,-0.0052400285575694245
22,1,train,2,1,0.3490658503988659,1.6222468199994182,3,s,af3726fcacd0ac1320a56ea850b0a2c0f5430cf4eb20a45c078706980f08407e,d24fbe3839599a6a097188bae8cd47ce8083f27deef1341ae3086bf0d5a45bd1,a264f9f6df4fae96803cb1057b5fedc2d14ddccb52b4eb699c12be7c2ccc333e,a264f9f6df4fae96803cb1057b5fedc2d14ddccb52b4eb699c12be7c2ccc333e,1787976783.052824,35366.954,17683536,0,0.9500646591186523,1.0740442276000977,1.579880714416504,-0.00133514404296875,-0.00095367431640625,0.00514984130859375,0.0073261260986328125,0.33455467224121094,-0.0024423599243164062,-0.021978378295898438,-0.0073261260986328125,-0.0073261260986328125,-0.012209892272949219,0.14358901977539062,4.998291015625,-1.3601951599121094,0.017093658447265625,-0.11477375030517578,0.0,-0.6964338364020969,5.66380295509353,-1.4103405590863412,0.0063147015016741794,-0.005243316647720387
22,1,train,2,1,0.3490658503988659,1.6242250030045398,3,s,af3726fcacd0ac1320a56ea850b0a2c0f5430cf4eb20a45c078706980f08407e,d24fbe3839599a6a097188bae8cd47ce8083f27deef1341ae3086bf0d5a45bd1,a264f9f6df4fae96803cb1057b5fedc2d14ddccb52b4eb699c12be7c2ccc333e,a264f9f6df4fae96803cb1057b5fedc2d14ddccb52b4eb699c12be7c2ccc333e,1787976783.054718,35366.956,17683537,0,0.9500646591186523,1.0744256973266602,1.579880714416504,-0.00171661376953125,-0.00095367431640625,0.00514984130859375,-0.021978378295898438,0.34920597076416016,-0.0024423599243164062,0.0073261260986328125,-0.0073261260986328125,-0.0073261260986328125,-0.012209892272949219,0.11623954772949219,5.025642395019531,-1.3601951599121094,0.017093658447265625,-0.1196584701538086,0.0,-0.7017372933527917,5.665609503730725,-1.4103405590863412,0.006314701501674179,-0.005243316647720387
22,1,train,2,1,0.3490658503988659,1.6261597690026974,3,s,af3726fcacd0ac1320a56ea850b0a2c0f5430cf4eb20a45c078706980f08407e,d24fbe3839599a6a097188bae8cd47ce8083f27deef1341ae3086bf0d5a45bd1,a264f9f6df4fae96803cb1057b5fedc2d14ddccb52b4eb699c12be7c2ccc333e,a264f9f6df4fae96803cb1057b5fedc2d14ddccb52b4eb699c12be7c2ccc333e,1787976783.0566692,35366.958,17683538,0,0.9500646591186523,1.0751886367797852,1.579880714416504,-0.00133514404296875,-0.00095367431640625,0.00514984130859375,-0.0073261260986328125,0.3296699523925781,-0.0024423599243164062,-0.0073261260986328125,0.0073261260986328125,-0.0073261260986328125,-0.012209892272949219,0.14358901977539062,5.025642395019531,-1.3650789260864258,0.017093658447265625,-0.1196584701538086,0.0,-0.7136973995474416,5.670573626791948,-1.4116934428053347,0.006301691725518664,-0.005246597870845161
22,1,train,2,1,0.3490658503988659,1.6280640260010841,3,s,af3726fcacd0ac1320a56ea850b0a2c0f5430cf4eb20a45c078706980f08407e,d24fbe3839599a6a097188bae8cd47ce8083f27deef1341ae3086bf0d5a45bd1,a264f9f6df4fae96803cb1057b5fedc2d14ddccb52b4eb699c12be7c2ccc333e,a264f9f6df4fae96803cb1057b5fedc2d14ddccb52b4eb699c12be7c2ccc333e,1787976783.0585415,35366.96,17683539,0,0.9500646591186523,1.0755701065063477,1.579880714416504,-0.00171661376953125,-0.00095367431640625,0.00514984130859375,0.0073261260986328125,0.3003664016723633,-0.0024423599243164062,-0.0073261260986328125,-0.0073261260986328125,-0.0073261260986328125,-0.0073261260986328125,0.21196556091308594,5.039318084716797,-1.3650789260864258,0.012209892272949219,-0.11477375030517578,0.0,-0.7190011635288465,5.672378316971474,-1.4116934428053347,0.006301691725518664,-0.005246597870845161
22,1,train,2,1,0.3490658503988659,1.6299303630003124,3,s,af3726fcacd0ac1320a56ea850b0a2c0f5430cf4eb20a45c078706980f08407e,d24fbe3839599a6a097188bae8cd47ce8083f27deef1341ae3086bf0d5a45bd1,a264f9f6df4fae96803cb1057b5fedc2d14ddccb52b4eb699c12be7c2ccc333e,a264f9f6df4fae96803cb1057b5fedc2d14ddccb52b4eb699c12be7c2ccc333e,1787976783.060407,35366.962,17683540,0,0.9500646591186523,1.0763330459594727,1.579880714416504,-0.00171661376953125,-0.00095367431640625,0.00514984130859375,-0.0073261260986328125,0.2661781311035156,-0.0024423599243164062,0.0073261260986328125,-0.0073261260986328125,-0.0073261260986328125,-0.0073261260986328125,0.2940177917480469,5.0666656494140625,-1.3650789260864258,0.012209892272949219,-0.11477375030517578,0.0,-0.7305098885663687,5.67688673248082,-1.4125943382518824,0.006293013955279092,-0.005248781535791281
22,1,train,2,1,0.3490658503988659,1.6318107490005787,3,s,af3726fcacd0ac1320a56ea850b0a2c0f5430cf4eb20a45c078706980f08407e,d24fbe3839599a6a097188bae8cd47ce8083f27deef1341ae3086bf0d5a45bd1,a264f9f6df4fae96803cb1057b5fedc2d14ddccb52b4eb699c12be7c2ccc333e,a264f9f6df4fae96803cb1057b5fedc2d14ddccb52b4eb699c12be7c2ccc333e,1787976783.0622993,35366.964,17683541,0,0.9500646591186523,1.0767145156860352,1.579880714416504,-0.00171661376953125,-0.00095367431640625,0.00514984130859375,-0.0073261260986328125,0.23687458038330078,-0.0024423599243164062,-0.0073261260986328125,-0.0073261260986328125,-0.0073261260986328125,-0.0073261260986328125,0.3623924255371094,5.0666656494140625,-1.3699636459350586,0.012209892272949219,-0.11477375030517578,0.0,-0.7362640920490422,5.679139701255873,-1.4130444776686315,0.006288673696212509,-0.00524987222264641
22,1,train,2,1,0.3490658503988659,1.6336972630015225,3,s,af3726fcacd0ac1320a56ea850b0a2c0f5430cf4eb20a45c078706980f08407e,d24fbe3839599a6a097188bae8cd47ce8083f27deef1341ae3086bf0d5a45bd1,a264f9f6df4fae96803cb1057b5fedc2d14ddccb52b4eb699c12be7c2ccc333e,a264f9f6df4fae96803cb1057b5fedc2d14ddccb52b4eb699c12be7c2ccc333e,1787976783.0647683,35366.966,17683542,0,0.9500646591186523,1.0770959854125977,1.579880714416504,-0.00171661376953125,-0.00095367431640625,0.00514984130859375,-0.021978378295898438,0.22222232818603516,-0.0024423599243164062,-0.021978378295898438,-0.0073261260986328125,-0.0073261260986328125,-0.012209892272949219,0.3623924255371094,5.0666656494140625,-1.3699636459350586,0.017093658447265625,-0.11477375030517578,0.0,-0.7420181883911918,5.6813918436073445,-1.413494411460348,0.006284332522023473,-0.005250962145544593
22,1,train,2,1,0.3490658503988659,1.636165786003403,3,s,af3726fcacd0ac1320a56ea850b0a2c0f5430cf4eb20a45c078706980f08407e,d24fbe3839599a6a097188bae8cd47ce8083f27deef1341ae3086bf0d5a45bd1,a264f9f6df4fae96803cb1057b5fedc2d14ddccb52b4eb699c12be7c2ccc333e,a264f9f6df4fae96803cb1057b5fedc2d14ddccb52b4eb699c12be7c2ccc333e,1787976783.0666823,35366.968,17683543,0,0.9500646591186523,1.0778589248657227,1.579880714416504,-0.00171661376953125,-0.00095367431640625,0.00514984130859375,-0.0073261260986328125,0.23198986053466797,-0.0024423599243164062,-0.021978378295898438,-0.021978378295898438,-0.0073261260986328125,-0.012209892272949219,0.33504295349121094,5.094017028808594,-1.3650789260864258,0.017093658447265625,-0.11477375030517578,0.0,-0.7535260563046041,5.685893647728729,-1.4143936619068191,0.006275647430805068,-0.0052531396988358126
22,1,train,2,1,0.3490658503988659,1.638078668001981,3,s,af3726fcacd0ac1320a56ea850b0a2c0f5430cf4eb20a45c078706980f08407e,d24fbe3839599a6a097188bae8cd47ce8083f27deef1341ae3086bf0d5a45bd1,a264f9f6df4fae96803cb1057b5fedc2d14ddccb52b4eb699c12be7c2ccc333e,a264f9f6df4fae96803cb1057b5fedc2d14ddccb52b4eb699c12be7c2ccc333e,1787976783.06863,35366.97,17683544,0,0.9500646591186523,1.0782403945922852,1.579880714416504,-0.00171661376953125,-0.00095367431640625,0.00514984130859375,-0.0073261260986328125,0.2564105987548828,-0.0024423599243164062,-0.0073261260986328125,0.0073261260986328125,-0.0073261260986328125,-0.012209892272949219,0.2666664123535156,5.080341339111328,-1.3650789260864258,0.017093658447265625,-0.11477375030517578,0.0,-0.7592798262012523,5.688143308843546,-1.4148429784307155,0.006271303515039546,-0.0052542273289119725
22,1,train,2,1,0.3490658503988659,1.6400293210026575,3,s,af3726fcacd0ac1320a56ea850b0a2c0f5430cf4eb20a45c078706980f08407e,d24fbe3839599a6a097188bae8cd47ce8083f27deef1341ae3086bf0d5a45bd1,a264f9f6df4fae96803cb1057b5fedc2d14ddccb52b4eb699c12be7c2ccc333e,a264f9f6df4fae96803cb1057b5fedc2d14ddccb52b4eb699c12be7c2ccc333e,1787976783.070511,35366.972,17683545,0,0.9500646591186523,1.0790033340454102,1.579880714416504,-0.00171661376953125,-0.00095367431640625,0.00514984130859375,-0.0073261260986328125,0.2954826354980469,-0.0024423599243164062,0.0073261260986328125,-0.03663063049316406,-0.0073261260986328125,-0.012209892272949219,0.1982898712158203,5.080341339111328,-1.3650789260864258,0.012209892272949219,-0.11477375030517578,0.0,-0.7707870336880173,5.692640147544585,-1.4157409937529093,0.006262612946356475,-0.005256400295134041
22,1,train,2,1,0.3490658503988659,1.6419013150007231,3,s,af3726fcacd0ac1320a56ea850b0a2c0f5430cf4eb20a45c078706980f08407e,d24fbe3839599a6a097188bae8cd47ce8083f27deef1341ae3086bf0d5a45bd1,a264f9f6df4fae96803cb1057b5fedc2d14ddccb52b4eb699c12be7c2ccc333e,a264f9f6df4fae96803cb1057b5fedc2d14ddccb52b4eb699c12be7c2ccc333e,1787976783.0724232,35366.974,17683546,0,0.9500646591186523,1.0797662734985352,1.579880714416504,-0.00171661376953125,-0.00095367431640625,0.00514984130859375,-0.0073261260986328125,0.3247861862182617,-0.0024423599243164062,-0.021978378295898438,-0.0073261260986328125,-0.0073261260986328125,-0.0073261260986328125,0.15726470947265625,5.107692718505859,-1.3650789260864258,0.012209892272949219,-0.1196584701538086,0.0,-0.7822937925177046,5.6971336726931145,-1.4166381850054264,0.006253918732353073,-0.005258570201728601
22,1,train,2,1,0.3490658503988659,1.6438224710000213,3,s,af3726fcacd0ac1320a56ea850b0a2c0f5430cf4eb20a45c078706980f08407e,d24fbe3839599a6a097188bae8cd47ce8083f27deef1341ae3086bf0d5a45bd1,a264f9f6df4fae96803cb1057b5fedc2d14ddccb52b4eb699c12be7c2ccc333e,a264f9f6df4fae96803cb1057b5fedc2d14ddccb52b4eb699c12be7c2ccc333e,1787976783.0743268,35366.975999999995,17683547,0,0.9500646591186523,1.0801477432250977,1.579880714416504,-0.00171661376953125,-0.00095367431640625,0.00514984130859375,-0.0073261260986328125,0.35409069061279297,-0.0024423599243164062,0.0073261260986328125,0.0073261260986328125,-0.0073261260986328125,-0.012209892272949219,0.11623954772949219,5.121368408203125,-1.3601951599121094,0.017093658447265625,-0.1196584701538086,0.0,-0.7880470015930677,5.699379191867744,-1.4170864714423392,0.00624957025993763,-0.0052596540072707915
22,1,train,2,1,0.3490658503988659,1.645721199005493,3,s,af3726fcacd0ac1320a56ea850b0a2c0f5430cf4eb20a45c078706980f08407e,d24fbe3839599a6a097188bae8cd47ce8083f27deef1341ae3086bf0d5a45bd1,a264f9f6df4fae96803cb1057b5fedc2d14ddccb52b4eb699c12be7c2ccc333e,a264f9f6df4fae96803cb1057b5fedc2d14ddccb52b4eb699c12be7c2ccc333e,1787976783.076271,35366.977999999996,17683548,0,0.9500646591186523,1.0809106826782227,1.579880714416504,-0.00171661376953125,-0.00095367431640625,0.00514984130859375,-0.0073261260986328125,0.3638582229614258,-0.0024423599243164062,-0.0073261260986328125,-0.0073261260986328125,-0.0073261260986328125,-0.012209892272949219,0.11623954772949219,5.121368408203125,-1.3650789260864258,0.012209892272949219,-0.1196584701538086,0.0,-0.7995530748788084,5.703867741783898,-1.4179824256113016,0.006240870587443204,-0.005261819322056416
22,1,train,2,1,0.3490658503988659,1.6476693030053866,3,s,af3726fcacd0ac1320a56ea850b0a2c0f5430cf4eb20a45c078706980f08407e,d24fbe3839599a6a097188bae8cd47ce8083f27deef1341ae3086bf0d5a45bd1,a264f9f6df4fae96803cb1057b5fedc2d14ddccb52b4eb699c12be7c2ccc333e,a264f9f6df4fae96803cb1057b5fedc2d14ddccb52b4eb699c12be7c2ccc333e,1787976783.0788324,35366.979999999996,17683549,0,0.9500646591186523,1.0816736221313477,1.579880714416504,-0.00171661376953125,-0.00095367431640625,0.00514984130859375,-0.0073261260986328125,0.34920597076416016,-0.0024423599243164062,-0.0073261260986328125,0.0073261260986328125,-0.0073261260986328125,-0.0073261260986328125,0.14358901977539062,5.107692718505859,-1.3650789260864258,0.012209892272949219,-0.1196584701538086,0.0,-0.8110586827634321,5.708352971612221,-1.4188775544059018,0.006232167282284162,-0.005263981574060242
22,1,train,2,1,0.3490658503988659,1.6502356280034292,3,s,af3726fcacd0ac1320a56ea850b0a2c0f5430cf4eb20a45c078706980f08407e,d24fbe3839599a6a097188bae8cd47ce8083f27deef1341ae3086bf0d5a45bd1,a264f9f6df4fae96803cb1057b5fedc2d14ddccb52b4eb699c12be7c2ccc333e,a264f9f6df4fae96803cb1057b5fedc2d14ddccb52b4eb699c12be7c2ccc333e,1787976783.0808809,35366.981999999996,17683550,0,0.9500646591186523,1.0820550918579102,1.579880714416504,-0.00171661376953125,-0.00095367431640625,0.00514984130859375,-0.0073261260986328125,0.3052501678466797,-0.0024423599243164062,-0.021978378295898438,-0.0073261260986328125,-0.0073261260986328125,-0.0073261260986328125,0.2393169403076172,5.107692718505859,-1.3650789260864258,0.0073261260986328125,-0.1196584701538086,0.0,-0.8168113100874541,5.710594340677511,-1.4193248091249742,0.006227814269038451,-0.005265061551125597
22,1,train,2,1,0.3490658503988659,1.6523311100027058,3,s,af3726fcacd0ac1320a56ea850b0a2c0f5430cf4eb20a45c078706980f08407e,d24fbe3839599a6a097188bae8cd47ce8083f27deef1341ae3086bf0d5a45bd1,a264f9f6df4fae96803cb1057b5fedc2d14ddccb52b4eb699c12be7c2ccc333e,a264f9f6df4fae96803cb1057b5fedc2d14ddccb52b4eb699c12be7c2ccc333e,1787976783.0823073,35366.984,17683551,0,0.9500646591186523,1.0828180313110352,1.579880714416504,-0.00171661376953125,-0.00095367431640625,0.00514984130859375,-0.0073261260986328125,0.2661781311035156,-0.0024423599243164062,-0.0073261260986328125,-0.021978378295898438,-0.0073261260986328125,-0.0073261260986328125,0.3213672637939453,5.094017028808594,-1.3601951599121094,0.012209892272949219,-0.1196584701538086,0.0,-0.8283162073133343,5.7150745854795355,-1.4202186988812435,0.006219105524381884,-0.005267219206597411
22,1,train,2,1,0.3490658503988659,1.653709375001199,3,s,af3726fcacd0ac1320a56ea850b0a2c0f5430cf4eb20a45c078706980f08407e,d24fbe3839599a6a097188bae8cd47ce8083f27deef1341ae3086bf0d5a45bd1,a264f9f6df4fae96803cb1057b5fedc2d14ddccb52b4eb699c12be7c2ccc333e,a264f9f6df4fae96803cb1057b5fedc2d14ddccb52b4eb699c12be7c2ccc333e,1787976783.0842214,35366.986,17683552,0,0.9500646591186523,1.0831995010375977,1.579880714416504,-0.00171661376953125,-0.00095367431640625,0.00514984130859375,-0.0073261260986328125,0.23687458038330078,-0.0024423599243164062,-0.0073261260986328125,-0.021978378295898438,-0.0073261260986328125,-0.0073261260986328125,0.376068115234375,5.080341339111328,-1.3601951599121094,0.012209892272949219,-0.1196584701538086,0.0,-0.8340684755410112,5.717313460564311,-1.4206653337883624,0.006214749794238314,-0.005268296884689889
22,1,train,2,1,0.3490658503988659,1.6556208050023997,3,s,af3726fcacd0ac1320a56ea850b0a2c0f5430cf4eb20a45c078706980f08407e,d24fbe3839599a6a097188bae8cd47ce8083f27deef1341ae3086bf0d5a45bd1,a264f9f6df4fae96803cb1057b5fedc2d14ddccb52b4eb699c12be7c2ccc333e,a264f9f6df4fae96803cb1057b5fedc2d14ddccb52b4eb699c12be7c2ccc333e,1787976783.086713,35366.988,17683553,0,0.9500646591186523,1.0835809707641602,1.579880714416504,-0.00171661376953125,-0.00095367431640625,0.00514984130859375,-0.0073261260986328125,0.22222232818603516,-0.0024423599243164062,-0.0073261260986328125,-0.0073261260986328125,-0.0073261260986328125,-0.0073261260986328125,0.3897438049316406,5.080341339111328,-1.3650789260864258,0.012209892272949219,-0.1196584701538086,0.0,-0.8398206223957505,5.719551503670488,-1.4211117619614688,0.006210393159729635,-0.005269373796144279
22,1,train,2,1,0.3490658503988659,1.6581834890021128,3,s,af3726fcacd0ac1320a56ea850b0a2c0f5430cf4eb20a45c078706980f08407e,d24fbe3839599a6a097188bae8cd47ce8083f27deef1341ae3086bf0d5a45bd1,a264f9f6df4fae96803cb1057b5fedc2d14ddccb52b4eb699c12be7c2ccc333e,a264f9f6df4fae96803cb1057b5fedc2d14ddccb52b4eb699c12be7c2ccc333e,1787976783.0887806,35366.99,17683554,0,0.9500646591186523,1.0839624404907227,1.579880714416504,-0.00171661376953125,-0.00095367431640625,0.00514984130859375,0.0073261260986328125,0.22710609436035156,-0.0024423599243164062,-0.0073261260986328125,-0.0073261260986328125,-0.0073261260986328125,-0.0073261260986328125,0.3623924255371094,5.121368408203125,-1.3650789260864258,0.012209892272949219,-0.1196584701538086,0.0,-0.8455726470405065,5.721788714472388,-1.4215579833355985,0.0062060356214898174,-0.00527044994080387
22,1,train,2,1,0.3490658503988659,1.6601797140028793,3,s,af3726fcacd0ac1320a56ea850b0a2c0f5430cf4eb20a45c078706980f08407e,d24fbe3839599a6a097188bae8cd47ce8083f27deef1341ae3086bf0d5a45bd1,a264f9f6df4fae96803cb1057b5fedc2d14ddccb52b4eb699c12be7c2ccc333e,a264f9f6df4fae96803cb1057b5fedc2d14ddccb52b4eb699c12be7c2ccc333e,1787976783.090725,35366.992,17683555,0,0.9500646591186523,1.0847253799438477,1.579880714416504,-0.00171661376953125,-0.00095367431640625,0.00514984130859375,-0.0073261260986328125,0.2466421127319336,-0.0024423599243164062,-0.0073261260986328125,-0.0073261260986328125,-0.0073261260986328125,-0.0073261260986328125,0.2940177917480469,5.135044097900391,-1.3699636459350586,0.012209892272949219,-0.1196584701538086,0.0,-0.8570763263519643,5.726260637861253,-1.422449805427224,0.006197317836353326,-0.005272599929112369
22,1,train,2,1,0.3490658503988659,1.6621323870058404,3,s,af3726fcacd0ac1320a56ea850b0a2c0f5430cf4eb20a45c078706980f08407e,d24fbe3839599a6a097188bae8cd47ce8083f27deef1341ae3086bf0d5a45bd1,a264f9f6df4fae96803cb1057b5fedc2d14ddccb52b4eb699c12be7c2ccc333e,a264f9f6df4fae96803cb1057b5fedc2d14ddccb52b4eb699c12be7c2ccc333e,1787976783.092671,35366.994,17683556,0,0.9500646591186523,1.0854883193969727,1.579880714416504,-0.00171661376953125,-0.00095367431640625,0.00514984130859375,-0.0073261260986328125,0.29059791564941406,-0.0024423599243164062,-0.03663063049316406,-0.021978378295898438,-0.0073261260986328125,-0.0073261260986328125,0.1982898712158203,5.094017028808594,-1.3699636459350586,0.012209892272949219,-0.1196584701538086,0.0,-0.8685795067793673,5.730729228127904,-1.4233407995441303,0.0061885964439032555,-0.005274746848363929
22,1,train,2,1,0.3490658503988659,1.664069817001291,3,s,af3726fcacd0ac1320a56ea850b0a2c0f5430cf4eb20a45c078706980f08407e,d24fbe3839599a6a097188bae8cd47ce8083f27deef1341ae3086bf0d5a45bd1,a264f9f6df4fae96803cb1057b5fedc2d14ddccb52b4eb699c12be7c2ccc333e,a264f9f6df4fae96803cb1057b5fedc2d14ddccb52b4eb699c12be7c2ccc333e,1787976783.0945885,35366.996,17683557,0,0.9500646591186523,1.0858697891235352,1.579880714416504,-0.00171661376953125,-0.00095367431640625,0.00514984130859375,-0.0073261260986328125,0.3296699523925781,-0.0024423599243164062,-0.0073261260986328125,-0.0073261260986328125,-0.0073261260986328125,-0.0073261260986328125,0.15726470947265625,5.094017028808594,-1.3650789260864258,0.012209892272949219,-0.1196584701538086,0.0,-0.8743309078191195,5.732962272527493,-1.423785985949974,0.00618423439652196,-0.0052758191567027655
22,1,train,2,1,0.3490658503988659,1.6659878050049883,3,s,af3726fcacd0ac1320a56ea850b0a2c0f5430cf4eb20a45c078706980f08407e,d24fbe3839599a6a097188bae8cd47ce8083f27deef1341ae3086bf0d5a45bd1,a264f9f6df4fae96803cb1057b5fedc2d14ddccb52b4eb699c12be7c2ccc333e,a264f9f6df4fae96803cb1057b5fedc2d14ddccb52b4eb699c12be7c2ccc333e,1787976783.0967247,35366.998,17683558,0,0.9500646591186523,1.0866327285766602,1.579880714416504,-0.00171661376953125,-0.00095367431640625,0.00514984130859375,-0.0073261260986328125,0.35409069061279297,-0.0024423599243164062,0.0073261260986328125,0.0073261260986328125,-0.0073261260986328125,-0.0073261260986328125,0.10256385803222656,5.148719787597656,-1.3699636459350586,0.012209892272949219,-0.1196584701538086,0.0,-0.8858333273660307,5.737425858234441,-1.424675737132527,0.006175507602620653,-0.005277961470026343
22,1,train,2,1,0.3490658503988659,1.6681384070034255,3,s,af3726fcacd0ac1320a56ea850b0a2c0f5430cf4eb20a45c078706980f08407e,d24fbe3839599a6a097188bae8cd47ce8083f27deef1341ae3086bf0d5a45bd1,a264f9f6df4fae96803cb1057b5fedc2d14ddccb52b4eb699c12be7c2ccc333e,a264f9f6df4fae96803cb1057b5fedc2d14ddccb52b4eb699c12be7c2ccc333e,1787976783.09878,35367.0,17683559,0,0.9500646591186523,1.0873956680297852,1.579880714416504,-0.00171661376953125,-0.00095367431640625,0.00514984130859375,-0.0073261260986328125,0.3638582229614258,-0.0024423599243164062,-0.03663063049316406,-0.0073261260986328125,-0.0073261260986328125,-0.0073261260986328125,0.07521438598632812,5.162391662597656,-1.3699636459350586,0.012209892272949219,-0.1196584701538086,0.0,-0.8973352312901068,5.741886104320161,-1.4255646590446975,0.006166777214100996,-0.005280100711172152
22,1,train,2,1,0.3490658503988659,1.6701832300022943,3,s,af3726fcacd0ac1320a56ea850b0a2c0f5430cf4eb20a45c078706980f08407e,d24fbe3839599a6a097188bae8cd47ce8083f27deef1341ae3086bf0d5a45bd1,a264f9f6df4fae96803cb1057b5fedc2d14ddccb52b4eb699c12be7c2ccc333e,a264f9f6df4fae96803cb1057b5fedc2d14ddccb52b4eb699c12be7c2ccc333e,1787976783.100695,35367.002,17683560,0,0.9500646591186523,1.0881586074829102,1.579880714416504,-0.00171661376953125,-0.00095367431640625,0.00514984130859375,-0.0073261260986328125,0.34920597076416016,-0.0024423599243164062,-0.0073261260986328125,-0.0073261260986328125,-0.0073261260986328125,-0.0073261260986328125,0.08888816833496094,5.176067352294922,-1.3699636459350586,0.012209892272949219,-0.1196584701538086,0.0,-0.9088366128963596,5.74634300818845,-1.4264527511690663,0.006158043236044741,-0.0052822368788949916
22,1,train,2,1,0.3490658503988659,1.6721071640058653,3,s,af3726fcacd0ac1320a56ea850b0a2c0f5430cf4eb20a45c078706980f08407e,d24fbe3839599a6a097188bae8cd47ce8083f27deef1341ae3086bf0d5a45bd1,a264f9f6df4fae96803cb1057b5fedc2d14ddccb52b4eb699c12be7c2ccc333e,a264f9f6df4fae96803cb1057b5fedc2d14ddccb52b4eb699c12be7c2ccc333e,1787976783.1026073,35367.004,17683561,0,0.9500646591186523,1.0885400772094727,1.579880714416504,-0.00171661376953125,-0.00095367431640625,0.00514984130859375,-0.0073261260986328125,0.3101339340209961,-0.0024423599243164062,-0.0073261260986328125,-0.021978378295898438,-0.0073261260986328125,-0.0073261260986328125,0.14358901977539062,5.135044097900391,-1.3699636459350586,0.012209892272949219,-0.1196584701538086,0.0,-0.9145871057382036,5.748570205980279,-1.4268964858992634,0.006153674902529011,-0.005283303809834165
22,1,train,2,1,0.3490658503988659,1.6739992030052235,3,s,af3726fcacd0ac1320a56ea850b0a2c0f5430cf4eb20a45c078706980f08407e,d24fbe3839599a6a097188bae8cd47ce8083f27deef1341ae3086bf0d5a45bd1,a264f9f6df4fae96803cb1057b5fedc2d14ddccb52b4eb699c12be7c2ccc333e,a264f9f6df4fae96803cb1057b5fedc2d14ddccb52b4eb699c12be7c2ccc333e,1787976783.1044834,35367.006,17683562,0,0.9500646591186523,1.0893030166625977,1.579880714416504,-0.00171661376953125,-0.00095367431640625,0.00514984130859375,-0.021978378295898438,0.28571414947509766,-0.0024423599243164062,0.0073261260986328125,-0.0073261260986328125,-0.0073261260986328125,-0.0073261260986328125,0.1982898712158203,5.135044097900391,-1.374847412109375,0.012209892272949219,-0.1196584701538086,0.0,-0.9260876913152826,5.753022091658792,-1.4277833323728206,0.0061449355497007205,-0.005285435365091711
22,1,train,2,1,0.3490658503988659,1.6758749450018513,3,s,af3726fcacd0ac1320a56ea850b0a2c0f5430cf4eb20a45c078706980f08407e,d24fbe3839599a6a097188bae8cd47ce8083f27deef1341ae3086bf0d5a45bd1,a264f9f6df4fae96803cb1057b5fedc2d14ddccb52b4eb699c12be7c2ccc333e,a264f9f6df4fae96803cb1057b5fedc2d14ddccb52b4eb699c12be7c2ccc333e,1787976783.106372,35367.008,17683563,0,0.9500646591186523,1.0896844863891602,1.579880714416504,-0.00171661376953125,-0.00095367431640625,0.00514984130859375,-0.0073261260986328125,0.2612943649291992,-0.0024423599243164062,-0.021978378295898438,-0.0073261260986328125,-0.0073261260986328125,-0.0073261260986328125,0.2393169403076172,5.148719787597656,-1.374847412109375,0.017093658447265625,-0.1196584701538086,0.0,-0.9318377823769672,5.755246778897647,-1.4282264439871286,0.0061405645316599065,-0.005286499989099906
22,1,train,2,1,0.3490658503988659,1.6777700820020982,3,s,af3726fcacd0ac1320a56ea850b0a2c0f5430cf4eb20a45c078706980f08407e,d24fbe3839599a6a097188bae8cd47ce8083f27deef1341ae3086bf0d5a45bd1,a264f9f6df4fae96803cb1057b5fedc2d14ddccb52b4eb699c12be7c2ccc333e,a264f9f6df4fae96803cb1057b5fedc2d14ddccb52b4eb699c12be7c2ccc333e,1787976783.1083114,35367.01,17683564,0,0.9500646591186523,1.0900659561157227,1.579880714416504,-0.00171661376953125,-0.00095367431640625,0.00514984130859375,-0.0073261260986328125,0.2466421127319336,-0.0024423599243164062,-0.0073261260986328125,-0.0073261260986328125,-0.0073261260986328125,-0.0073261260986328125,0.28034210205078125,5.176067352294922,-1.3699636459350586,0.017093658447265625,-0.1196584701538086,0.0,-0.9375877378384061,5.757470628637879,-1.428669347767138,0.0061361926200493595,-0.005287563843821114
22,1,train,2,1,0.3490658503988659,1.6797101820047828,3,s,af3726fcacd0ac1320a56ea850b0a2c0f5430cf4eb20a45c078706980f08407e,d24fbe3839599a6a097188bae8cd47ce8083f27deef1341ae3086bf0d5a45bd1,a264f9f6df4fae96803cb1057b5fedc2d14ddccb52b4eb699c12be7c2ccc333e,a264f9f6df4fae96803cb1057b5fedc2d14ddccb52b4eb699c12be7c2ccc333e,1787976783.1102426,35367.011999999995,17683565,0,0.9500646591186523,1.0908288955688477,1.579880714416504,-0.00171661376953125,-0.00095367431640625,0.00514984130859375,0.0073261260986328125,0.25152587890625,-0.0024423599243164062,-0.0073261260986328125,-0.0073261260986328125,-0.0073261260986328125,-0.0073261260986328125,0.25299072265625,5.148719787597656,-1.3699636459350586,0.017093658447265625,-0.1196584701538086,0.0,-0.9490872386136637,5.7619158143281455,-1.4295545315664857,0.006127446118663978,-0.005289689244783432
22,1,train,2,1,0.3490658503988659,1.6816426610021153,3,s,af3726fcacd0ac1320a56ea850b0a2c0f5430cf4eb20a45c078706980f08407e,d24fbe3839599a6a097188bae8cd47ce8083f27deef1341ae3086bf0d5a45bd1,a264f9f6df4fae96803cb1057b5fedc2d14ddccb52b4eb699c12be7c2ccc333e,a264f9f6df4fae96803cb1057b5fedc2d14ddccb52b4eb699c12be7c2ccc333e,1787976783.1127427,35367.013999999996,17683566,0,0.9500646591186523,1.0912103652954102,1.579880714416504,-0.00171661376953125,-0.00095367431640625,0.00514984130859375,-0.0073261260986328125,0.27594661712646484,-0.0024423599243164062,-0.021978378295898438,-0.0073261260986328125,-0.0073261260986328125,-0.0073261260986328125,0.1982898712158203,5.1897430419921875,-1.3699636459350586,0.017093658447265625,-0.1196584701538086,0.0,-0.9548367822540863,5.764137149631323,-1.4299968114570132,0.006123071530161925,-0.005290750790715256
22,1,train,2,1,0.3490658503988659,1.684142147001694,3,s,af3726fcacd0ac1320a56ea850b0a2c0f5430cf4eb20a45c078706980f08407e,d24fbe3839599a6a097188bae8cd47ce8083f27deef1341ae3086bf0d5a45bd1,a264f9f6df4fae96803cb1057b5fedc2d14ddccb52b4eb699c12be7c2ccc333e,a264f9f6df4fae96803cb1057b5fedc2d14ddccb52b4eb699c12be7c2ccc333e,1787976783.1147,35367.015999999996,17683567,0,0.9500646591186523,1.0919733047485352,1.579880714416504,-0.00171661376953125,-0.00095367431640625,0.00514984130859375,-0.0073261260986328125,0.3101339340209961,-0.0024423599243164062,-0.0073261260986328125,0.0073261260986328125,-0.0073261260986328125,-0.0073261260986328125,0.17094039916992188,5.176067352294922,-1.3699636459350586,0.017093658447265625,-0.1196584701538086,0.0,-0.9663354518571651,5.768577303537525,-1.4308807468979745,0.006114319680722036,-0.005292871572707859
22,1,train,2,1,0.3490658503988659,1.6861255850017187,3,s,af3726fcacd0ac1320a56ea850b0a2c0f5430cf4eb20a45c078706980f08407e,d24fbe3839599a6a097188bae8cd47ce8083f27deef1341ae3086bf0d5a45bd1,a264f9f6df4fae96803cb1057b5fedc2d14ddccb52b4eb699c12be7c2ccc333e,a264f9f6df4fae96803cb1057b5fedc2d14ddccb52b4eb699c12be7c2ccc333e,1787976783.1166637,35367.018,17683568,0,0.9500646591186523,1.0927362442016602,1.579880714416504,-0.00171661376953125,-0.00095367431640625,0.00514984130859375,-0.0073261260986328125,0.33943843841552734,-0.0024423599243164062,-0.021978378295898438,-0.0073261260986328125,-0.0073261260986328125,-0.0073261260986328125,0.1299152374267578,5.1897430419921875,-1.3699636459350586,0.017093658447265625,-0.1196584701538086,0.0,-0.977833558979009,5.7730140996899735,-1.4317638494567633,0.006105564272279852,-0.005294989273843875
22,1,train,2,1,0.3490658503988659,1.688062291003007,3,s,af3726fcacd0ac1320a56ea850b0a2c0f5430cf4eb20a45c078706980f08407e,d24fbe3839599a6a097188bae8cd47ce8083f27deef1341ae3086bf0d5a45bd1,a264f9f6df4fae96803cb1057b5fedc2d14ddccb52b4eb699c12be7c2ccc333e,a264f9f6df4fae96803cb1057b5fedc2d14ddccb52b4eb699c12be7c2ccc333e,1787976783.1185977,35367.02,17683569,0,0.9500646591186523,1.0934991836547852,1.579880714416504,-0.00171661376953125,-0.00095367431640625,0.00514984130859375,-0.0073261260986328125,0.3589744567871094,-0.0024423599243164062,0.0073261260986328125,-0.0073261260986328125,-0.0073261260986328125,-0.0073261260986328125,0.11623954772949219,5.1897430419921875,-1.3699636459350586,0.017093658447265625,-0.1196584701538086,0.0,-0.9893310969268397,5.7774475355061155,-1.4326461186193462,0.006096805309931694,-0.005297103892890639
22,1,train,2,1,0.3490658503988659,1.689997127999959,3,s,af3726fcacd0ac1320a56ea850b0a2c0f5430cf4eb20a45c078706980f08407e,d24fbe3839599a6a097188bae8cd47ce8083f27deef1341ae3086bf0d5a45bd1,a264f9f6df4fae96803cb1057b5fedc2d14ddccb52b4eb699c12be7c2ccc333e,a264f9f6df4fae96803cb1057b5fedc2d14ddccb52b4eb699c12be7c2ccc333e,1787976783.1205223,35367.022,17683570,0,0.9500646591186523,1.0942630767822266,1.579880714416504,-0.00171661376953125,-0.00095367431640625,0.00514984130859375,-0.0073261260986328125,0.3638582229614258,-0.0024423599243164062,-0.0073261260986328125,0.0073261260986328125,-0.0073261260986328125,-0.012209892272949219,0.10256385803222656,5.1897430419921875,-1.374847412109375,0.017093658447265625,-0.1196584701538086,0.0,-1.000842429847649,5.781883143890945,-1.4335286551441813,0.0060880318434183515,-0.005299218066106939
22,1,train,2,1,0.3490658503988659,1.6919390550028766,3,s,af3726fcacd0ac1320a56ea850b0a2c0f5430cf4eb20a45c078706980f08407e,d24fbe3839599a6a097188bae8cd47ce8083f27deef1341ae3086bf0d5a45bd1,a264f9f6df4fae96803cb1057b5fedc2d14ddccb52b4eb699c12be7c2ccc333e,a264f9f6df4fae96803cb1057b5fedc2d14ddccb52b4eb699c12be7c2ccc333e,1787976783.122444,35367.024,17683571,0,0.9500646591186523,1.094644546508789,1.579880714416504,-0.00171661376953125,-0.00095367431640625,0.00514984130859375,-0.0073261260986328125,0.34920597076416016,-0.0024423599243164062,-0.021978378295898438,0.0073261260986328125,-0.0073261260986328125,-0.012209892272949219,0.08888816833496094,5.1897430419921875,-1.374847412109375,0.012209892272949219,-0.1196584701538086,0.0,-1.0065906924819616,5.7840969163369795,-1.4339690593724912,0.006083649256417427,-0.005300272675413021
22,1,train,2,1,0.3490658503988659,1.69384002800507,3,s,af3726fcacd0ac1320a56ea850b0a2c0f5430cf4eb20a45c078706980f08407e,d24fbe3839599a6a097188bae8cd47ce8083f27deef1341ae3086bf0d5a45bd1,a264f9f6df4fae96803cb1057b5fedc2d14ddccb52b4eb699c12be7c2ccc333e,a264f9f6df4fae96803cb1057b5fedc2d14ddccb52b4eb699c12be7c2ccc333e,1787976783.1243765,35367.026,17683572,0,0.9500646591186523,1.095407485961914,1.579880714416504,-0.00171661376953125,-0.00095367431640625,0.00514984130859375,-0.0073261260986328125,0.3101339340209961,-0.0024423599243164062,-0.0073261260986328125,-0.0073261260986328125,-0.0073261260986328125,-0.012209892272949219,0.11623954772949219,5.217094421386719,-1.374847412109375,0.017093658447265625,-0.1196584701538086,0.0,-1.0180867774794624,5.7885219358164175,-1.4348492417551773,0.006074881427191037,-0.0053023795799983005
22,1,train,2,1,0.3490658503988659,1.6957792120010708,3,s,af3726fcacd0ac1320a56ea850b0a2c0f5430cf4eb20a45c078706980f08407e,d24fbe3839599a6a097188bae8cd47ce8083f27deef1341ae3086bf0d5a45bd1,a264f9f6df4fae96803cb1057b5fedc2d14ddccb52b4eb699c12be7c2ccc333e,a264f9f6df4fae96803cb1057b5fedc2d14ddccb52b4eb699c12be7c2ccc333e,1787976783.1263099,35367.028,17683573,0,0.9500646591186523,1.0957889556884766,1.579880714416504,-0.00171661376953125,-0.00095367431640625,0.00514984130859375,-0.0073261260986328125,0.28083038330078125,-0.0024423599243164062,-0.0073261260986328125,0.0073261260986328125,-0.0073261260986328125,-0.012209892272949219,0.15726470947265625,5.217094421386719,-1.374847412109375,0.017093658447265625,-0.1196584701538086,0.0,-1.0238345981697514,5.790733182205898,-1.43528901978147,0.006070496186241458,-0.005303431874970906
22,1,train,2,1,0.3490658503988659,1.697714210000413,3,s,af3726fcacd0ac1320a56ea850b0a2c0f5430cf4eb20a45c078706980f08407e,d24fbe3839599a6a097188bae8cd47ce8083f27deef1341ae3086bf0d5a45bd1,a264f9f6df4fae96803cb1057b5fedc2d14ddccb52b4eb699c12be7c2ccc333e,a264f9f6df4fae96803cb1057b5fedc2d14ddccb52b4eb699c12be7c2ccc333e,1787976783.1289604,35367.03,17683574,0,0.9500646591186523,1.0965518951416016,1.579880714416504,-0.00171661376953125,-0.00095367431640625,0.00514984130859375,-0.0073261260986328125,0.2564105987548828,-0.0024423599243164062,-0.0073261260986328125,-0.021978378295898438,-0.0073261260986328125,-0.0073261260986328125,0.1982898712158203,5.230770111083984,-1.374847412109375,0.012209892272949219,-0.11477375030517578,0.0,-1.035329791751301,5.7951531466754735,-1.4361679491839712,0.006061723054860227,-0.005305534149510388
22,1,train,2,1,0.3490658503988659,1.7003663220020826,3,s,af3726fcacd0ac1320a56ea850b0a2c0f5430cf4eb20a45c078706980f08407e,d24fbe3839599a6a097188bae8cd47ce8083f27deef1341ae3086bf0d5a45bd1,a264f9f6df4fae96803cb1057b5fedc2d14ddccb52b4eb699c12be7c2ccc333e,a264f9f6df4fae96803cb1057b5fedc2d14ddccb52b4eb699c12be7c2ccc333e,1787976783.1303694,35367.032,17683575,0,0.9500646591186523,1.096933364868164,1.579880714416504,-0.00171661376953125,-0.00095367431640625,0.00514984130859375,-0.0073261260986328125,0.2417583465576172,-0.0024423599243164062,-0.0073261260986328125,-0.0073261260986328125,-0.0073261260986328125,-0.0073261260986328125,0.1982898712158203,5.230770111083984,-1.374847412109375,0.017093658447265625,-0.11477375030517578,0.0,-1.0410771629697984,5.797361864112386,-1.4366071004322802,0.006057335165705229,-0.005306584128771348
22,1,train,2,1,0.3490658503988659,1.7017656790048932,3,s,af3726fcacd0ac1320a56ea850b0a2c0f5430cf4eb20a45c078706980f08407e,d24fbe3839599a6a097188bae8cd47ce8083f27deef1341ae3086bf0d5a45bd1,a264f9f6df4fae96803cb1057b5fedc2d14ddccb52b4eb699c12be7c2ccc333e,a264f9f6df4fae96803cb1057b5fedc2d14ddccb52b4eb699c12be7c2ccc333e,1787976783.1322641,35367.034,17683576,0,0.9500646591186523,1.097696304321289,1.579880714416504,-0.00171661376953125,-0.00095367431640625,0.00514984130859375,0.0073261260986328125,0.2564105987548828,-0.0024423599243164062,-0.0073261260986328125,-0.0073261260986328125,-0.0073261260986328125,-0.0073261260986328125,0.15726470947265625,5.24444580078125,-1.374847412109375,0.017093658447265625,-0.1196584701538086,0.0,-1.0525714500804642,5.801776767783398,-1.437484775703488,0.006048556743659081,-0.005308681770511745
22,1,train,2,1,0.3490658503988659,1.703655504003109,3,s,af3726fcacd0ac1320a56ea850b0a2c0f5430cf4eb20a45c078706980f08407e,d24fbe3839599a6a097188bae8cd47ce8083f27deef1341ae3086bf0d5a45bd1,a264f9f6df4fae96803cb1057b5fedc2d14ddccb52b4eb699c12be7c2ccc333e,a264f9f6df4fae96803cb1057b5fedc2d14ddccb52b4eb699c12be7c2ccc333e,1787976783.1347504,35367.036,17683577,0,0.9500646591186523,1.0980777740478516,1.579880714416504,-0.00171661376953125,-0.00095367431640625,0.00514984130859375,0.0073261260986328125,0.29059791564941406,-0.0024423599243164062,-0.0073261260986328125,-0.021978378295898438,-0.0073261260986328125,-0.0073261260986328125,0.10256385803222656,5.258121490478516,-1.374847412109375,0.017093658447265625,-0.1196584701538086,0.0,-1.058318364299998,5.803982953375048,-1.4379232995986688,0.00604416621204536,-0.005309729432685936
22,1,train,2,1,0.3490658503988659,1.7061482510034693,3,s,af3726fcacd0ac1320a56ea850b0a2c0f5430cf4eb20a45c078706980f08407e,d24fbe3839599a6a097188bae8cd47ce8083f27deef1341ae3086bf0d5a45bd1,a264f9f6df4fae96803cb1057b5fedc2d14ddccb52b4eb699c12be7c2ccc333e,a264f9f6df4fae96803cb1057b5fedc2d14ddccb52b4eb699c12be7c2ccc333e,1787976783.1366885,35367.038,17683578,0,0.9500646591186523,1.0988407135009766,1.579880714416504,-0.00171661376953125,-0.00095367431640625,0.00514984130859375,-0.0073261260986328125,0.3296699523925781,-0.0024423599243164062,-0.0073261260986328125,-0.0073261260986328125,-0.0073261260986328125,-0.0073261260986328125,0.0615386962890625,5.230770111083984,-1.374847412109375,0.017093658447265625,-0.1196584701538086,0.0,-1.0698117298860308,5.808392790465418,-1.438799719589116,0.006035382510831152,-0.005311822438880022
22,1,train,2,1,0.3490658503988659,1.7080859570050961,3,s,af3726fcacd0ac1320a56ea850b0a2c0f5430cf4eb20a45c078706980f08407e,d24fbe3839599a6a097188bae8cd47ce8083f27deef1341ae3086bf0d5a45bd1,a264f9f6df4fae96803cb1057b5fedc2d14ddccb52b4eb699c12be7c2ccc333e,a264f9f6df4fae96803cb1057b5fedc2d14ddccb52b4eb699c12be7c2ccc333e,1787976783.1386218,35367.04,17683579,0,0.9500646591186523,1.0996036529541016,1.579880714416504,-0.00171661376953125,-0.00095367431640625,0.00514984130859375,-0.0073261260986328125,0.3589744567871094,-0.0024423599243164062,-0.0073261260986328125,0.0073261260986328125,-0.0073261260986328125,-0.0073261260986328125,0.03418731689453125,5.24444580078125,-1.3797311782836914,0.017093658447265625,-0.1196584701538086,0.0,-1.0813044727597148,5.812799246626376,-1.4396753020879427,0.006026595296562125,-0.005313912353186668
22,1,train,2,1,0.3490658503988659,1.7100218650011811,3,s,af3726fcacd0ac1320a56ea850b0a2c0f5430cf4eb20a45c078706980f08407e,d24fbe3839599a6a097188bae8cd47ce8083f27deef1341ae3086bf0d5a45bd1,a264f9f6df4fae96803cb1057b5fedc2d14ddccb52b4eb699c12be7c2ccc333e,a264f9f6df4fae96803cb1057b5fedc2d14ddccb52b4eb699c12be7c2ccc333e,1787976783.1405175,35367.042,17683580,0,0.9500646591186523,1.1003665924072266,1.579880714416504,-0.00171661376953125,-0.00095367431640625,0.00514984130859375,-0.0073261260986328125,0.3833942413330078,-0.0024423599243164062,-0.0073261260986328125,0.0073261260986328125,-0.0073261260986328125,-0.012209892272949219,0.0068378448486328125,5.258121490478516,-1.3797311782836914,0.017093658447265625,-0.1196584701538086,0.0,-1.0927965862313822,5.817202319293019,-1.4405500465854906,0.006017804574353117,-0.005315999174389375
22,1,train,2,1,0.3490658503988659,1.7119295100055751,3,s,af3726fcacd0ac1320a56ea850b0a2c0f5430cf4eb20a45c078706980f08407e,d24fbe3839599a6a097188bae8cd47ce8083f27deef1341ae3086bf0d5a45bd1,a264f9f6df4fae96803cb1057b5fedc2d14ddccb52b4eb699c12be7c2ccc333e,a264f9f6df4fae96803cb1057b5fedc2d14ddccb52b4eb699c12be7c2ccc333e,1787976783.142529,35367.044,17683581,0,0.9500646591186523,1.1011295318603516,1.579880714416504,-0.00171661376953125,-0.00095367431640625,0.00514984130859375,-0.0073261260986328125,0.3882780075073242,-0.0024423599243164062,-0.0073261260986328125,-0.0073261260986328125,-0.0073261260986328125,-0.0073261260986328125,0.0068378448486328125,5.203418731689453,-1.3797311782836914,0.017093658447265625,-0.11477375030517578,0.0,-1.1042880636117514,5.8216020059024265,-1.441423952572593,0.006009010349320998,-0.005318082901273462
22,1,train,2,1,0.3490658503988659,1.713927053999214,3,s,af3726fcacd0ac1320a56ea850b0a2c0f5430cf4eb20a45c078706980f08407e,d24fbe3839599a6a097188bae8cd47ce8083f27deef1341ae3086bf0d5a45bd1,a264f9f6df4fae96803cb1057b5fedc2d14ddccb52b4eb699c12be7c2ccc333e,a264f9f6df4fae96803cb1057b5fedc2d14ddccb52b4eb699c12be7c2ccc333e,1787976783.144539,35367.045999999995,17683582,0,0.9500646591186523,1.1018924713134766,1.579880714416504,-0.00171661376953125,-0.00095367431640625,0.00514984130859375,-0.0073261260986328125,0.3589744567871094,-0.0024423599243164062,0.0073261260986328125,-0.021978378295898438,-0.0073261260986328125,-0.0073261260986328125,0.03418731689453125,5.24444580078125,-1.3797311782836914,0.017093658447265625,-0.11477375030517578,0.0,-1.1157788982119003,5.825998303893645,-1.4422970195405702,0.006000212626584679,-0.005320163532626038
22,1,train,2,1,0.3490658503988659,1.715934185005608,3,s,af3726fcacd0ac1320a56ea850b0a2c0f5430cf4eb20a45c078706980f08407e,d24fbe3839599a6a097188bae8cd47ce8083f27deef1341ae3086bf0d5a45bd1,a264f9f6df4fae96803cb1057b5fedc2d14ddccb52b4eb699c12be7c2ccc333e,a264f9f6df4fae96803cb1057b5fedc2d14ddccb52b4eb699c12be7c2ccc333e,1787976783.14643,35367.047999999995,17683583,0,0.9500646591186523,1.102273941040039,1.579880714416504,-0.00171661376953125,-0.00095367431640625,0.00514984130859375,-0.0073261260986328125,0.3247861862182617,-0.0024423599243164062,-0.0073261260986328125,-0.021978378295898438,-0.0073261260986328125,-0.0073261260986328125,0.047863006591796875,5.24444580078125,-1.3846149444580078,0.017093658447265625,-0.11477375030517578,0.0,-1.1215240723792075,5.828195181357673,-1.4427332382335571,0.005995812455177663,-0.0053212026870994725
22,1,train,2,1,0.3490658503988659,1.7178173530046479,3,s,af3726fcacd0ac1320a56ea850b0a2c0f5430cf4eb20a45c078706980f08407e,d24fbe3839599a6a097188bae8cd47ce8083f27deef1341ae3086bf0d5a45bd1,a264f9f6df4fae96803cb1057b5fedc2d14ddccb52b4eb699c12be7c2ccc333e,a264f9f6df4fae96803cb1057b5fedc2d14ddccb52b4eb699c12be7c2ccc333e,1787976783.1483028,35367.049999999996,17683584,0,0.9500646591186523,1.103036880493164,1.579880714416504,-0.00171661376953125,-0.00095367431640625,0.00514984130859375,-0.0073261260986328125,0.29059791564941406,-0.0024423599243164062,-0.0073261260986328125,0.0073261260986328125,-0.0073261260986328125,-0.0073261260986328125,0.10256385803222656,5.271793365478516,-1.3846149444580078,0.017093658447265625,-0.11477375030517578,0.0,-1.1330139302681201,5.83258639162413,-1.4436050457201386,0.005987009495487461,-0.005323278672884555
22,1,train,2,1,0.3490658503988659,1.7196929790006834,3,s,af3726fcacd0ac1320a56ea850b0a2c0f5430cf4eb20a45c078706980f08407e,d24fbe3839599a6a097188bae8cd47ce8083f27deef1341ae3086bf0d5a45bd1,a264f9f6df4fae96803cb1057b5fedc2d14ddccb52b4eb699c12be7c2ccc333e,a264f9f6df4fae96803cb1057b5fedc2d14ddccb52b4eb699c12be7c2ccc333e,1787976783.150836,35367.051999999996,17683585,0,0.9500646591186523,1.1034183502197266,1.579880714416504,-0.00171661376953125,-0.00095367431640625,0.00514984130859375,-0.0073261260986328125,0.2612943649291992,-0.0024423599243164062,-0.021978378295898438,-0.0073261260986328125,-0.0073261260986328125,-0.012209892272949219,0.1299152374267578,5.271793365478516,-1.3846149444580078,0.017093658447265625,-0.1196584701538086,0.0,-1.1387586123177331,5.834780723787553,-1.4440406343868675,0.005982606708485274,-0.005324315503894107
22,1,train,2,1,0.3490658503988659,1.7222305220057024,3,s,af3726fcacd0ac1320a56ea850b0a2c0f5430cf4eb20a45c078706980f08407e,d24fbe3839599a6a097188bae8cd47ce8083f27deef1341ae3086bf0d5a45bd1,a264f9f6df4fae96803cb1057b5fedc2d14ddccb52b4eb699c12be7c2ccc333e,a264f9f6df4fae96803cb1057b5fedc2d14ddccb52b4eb699c12be7c2ccc333e,1787976783.1527395,35367.054,17683586,0,0.9500646591186523,1.1041812896728516,1.579880714416504,-0.00171661376953125,-0.00095367431640625,0.00514984130859375,-0.021978378295898438,0.2612943649291992,-0.0024423599243164062,0.0073261260986328125,-0.021978378295898438,-0.0073261260986328125,-0.012209892272949219,0.1299152374267578,5.271793365478516,-1.3846149444580078,0.017093658447265625,-0.1196584701538086,0.0,-1.1502474784474623,5.839166840578201,-1.4449111812502702,0.0059737985233701794,-0.0053263868413928345
22,1,train,2,1,0.3490658503988659,1.7241299340021214,3,s,af3726fcacd0ac1320a56ea850b0a2c0f5430cf4eb20a45c078706980f08407e,d24fbe3839599a6a097188bae8cd47ce8083f27deef1341ae3086bf0d5a45bd1,a264f9f6df4fae96803cb1057b5fedc2d14ddccb52b4eb699c12be7c2ccc333e,a264f9f6df4fae96803cb1057b5fedc2d14ddccb52b4eb699c12be7c2ccc333e,1787976783.1546142,35367.056,17683587,0,0.9500646591186523,1.104562759399414,1.579880714416504,-0.00171661376953125,-0.00095367431640625,0.00514984130859375,-0.0073261260986328125,0.28083038330078125,-0.0024423599243164062,-0.021978378295898438,-0.0073261260986328125,-0.0073261260986328125,-0.012209892272949219,0.1299152374267578,5.258121490478516,-1.3894996643066406,0.017093658447265625,-0.1196584701538086,0.0,-1.1559916608557326,5.841358624567165,-1.4453461393202633,0.005969393126539025,-0.005327421347580595
22,1,train,2,1,0.3490658503988659,1.7260080730047775,3,s,af3726fcacd0ac1320a56ea850b0a2c0f5430cf4eb20a45c078706980f08407e,d24fbe3839599a6a097188bae8cd47ce8083f27deef1341ae3086bf0d5a45bd1,a264f9f6df4fae96803cb1057b5fedc2d14ddccb52b4eb699c12be7c2ccc333e,a264f9f6df4fae96803cb1057b5fedc2d14ddccb52b4eb699c12be7c2ccc333e,1787976783.156489,35367.058,17683588,0,0.9500646591186523,1.105325698852539,1.579880714416504,-0.00171661376953125,-0.00095367431640625,0.00514984130859375,-0.0073261260986328125,0.3150186538696289,-0.0024423599243164062,-0.0073261260986328125,-0.0073261260986328125,-0.0073261260986328125,-0.012209892272949219,0.08888816833496094,5.258121490478516,-1.3894996643066406,0.012209892272949219,-0.1196584701538086,0.0,-1.167479520179627,5.84573964213763,-1.4462154244203573,0.005960579727534874,-0.005329488034080194
22,1,train,2,1,0.3490658503988659,1.7278798289989936,3,s,af3726fcacd0ac1320a56ea850b0a2c0f5430cf4eb20a45c078706980f08407e,d24fbe3839599a6a097188bae8cd47ce8083f27deef1341ae3086bf0d5a45bd1,a264f9f6df4fae96803cb1057b5fedc2d14ddccb52b4eb699c12be7c2ccc333e,a264f9f6df4fae96803cb1057b5fedc2d14ddccb52b4eb699c12be7c2ccc333e,1787976783.1583905,35367.06,17683589,0,0.9500646591186523,1.106088638305664,1.579880714416504,-0.00171661376953125,-0.00095367431640625,0.00514984130859375,-0.0073261260986328125,0.3589744567871094,-0.0024423599243164062,0.0073261260986328125,0.0073261260986328125,-0.0073261260986328125,-0.012209892272949219,0.03418731689453125,5.271793365478516,-1.3894996643066406,0.012209892272949219,-0.1196584701538086,0.0,-1.1789666999410375,5.850117257039954,-1.4470838677123217,0.005951762859016852,-0.005331551618409624
22,1,train,2,1,0.3490658503988659,1.7297829510062002,3,s,af3726fcacd0ac1320a56ea850b0a2c0f5430cf4eb20a45c078706980f08407e,d24fbe3839599a6a097188bae8cd47ce8083f27deef1341ae3086bf0d5a45bd1,a264f9f6df4fae96803cb1057b5fedc2d14ddccb52b4eb699c12be7c2ccc333e,a264f9f6df4fae96803cb1057b5fedc2d14ddccb52b4eb699c12be7c2ccc333e,1787976783.160262,35367.062,17683590,0,0.9500646591186523,1.106851577758789,1.579880714416504,-0.00209808349609375,-0.00095367431640625,0.00514984130859375,-0.021978378295898438,0.39804649353027344,-0.0024423599243164062,-0.0073261260986328125,-0.021978378295898438,-0.0073261260986328125,-0.0073261260986328125,-0.0068378448486328125,5.271793365478516,-1.3894996643066406,0.012209892272949219,-0.1196584701538086,0.0,-1.1900194982851477,5.854057771557633,-1.4475177735222666,0.005947353125293843,-0.005332582246885088
22,1,train,2,1,0.3490658503988659,1.731665953004267,3,s,af3726fcacd0ac1320a56ea850b0a2c0f5430cf4eb20a45c078706980f08407e,d24fbe3839599a6a097188bae8cd47ce8083f27deef1341ae3086bf0d5a45bd1,a264f9f6df4fae96803cb1057b5fedc2d14ddccb52b4eb699c12be7c2ccc333e,a264f9f6df4fae96803cb1057b5fedc2d14ddccb52b4eb699c12be7c2ccc333e,1787976783.1627061,35367.064,17683591,0,0.9500646591186523,1.107614517211914,1.579880714416504,-0.00171661376953125,-0.00095367431640625,0.00514984130859375,-0.0073261260986328125,0.40781402587890625,-0.0024423599243164062,-0.0073261260986328125,-0.0073261260986328125,-0.0073261260986328125,-0.012209892272949219,-0.03418731689453125,5.285469055175781,-1.3894996643066406,0.012209892272949219,-0.1196584701538086,0.0,-1.2019389940311198,5.8588622686497205,-1.4488182268503507,0.005934118733969594,-0.005335669475755113
22,1,train,2,1,0.3490658503988659,1.7341059970058268,3,s,af3726fcacd0ac1320a56ea850b0a2c0f5430cf4eb20a45c078706980f08407e,d24fbe3839599a6a097188bae8cd47ce8083f27deef1341ae3086bf0d5a45bd1,a264f9f6df4fae96803cb1057b5fedc2d14ddccb52b4eb699c12be7c2ccc333e,a264f9f6df4fae96803cb1057b5fedc2d14ddccb52b4eb699c12be7c2ccc333e,1787976783.16461,35367.066,17683592,0,0.9500646591186523,1.108377456665039,1.579880714416504,-0.00171661376953125,-0.00095367431640625,0.00514984130859375,-0.0073261260986328125,0.3882780075073242,-0.0024423599243164062,-0.0073261260986328125,-0.0073261260986328125,-0.0073261260986328125,-0.0073261260986328125,-0.047863006591796875,5.285469055175781,-1.3894996643066406,0.012209892272949219,-0.1196584701538086,0.0,-1.2134240949881587,5.8632296602668985,-1.4496841416868846,0.005925291487710588,-0.0053377237463742636
22,1,train,2,1,0.3490658503988659,1.7360164830024587,3,s,af3726fcacd0ac1320a56ea850b0a2c0f5430cf4eb20a45c078706980f08407e,d24fbe3839599a6a097188bae8cd47ce8083f27deef1341ae3086bf0d5a45bd1,a264f9f6df4fae96803cb1057b5fedc2d14ddccb52b4eb699c12be7c2ccc333e,a264f9f6df4fae96803cb1057b5fedc2d14ddccb52b4eb699c12be7c2ccc333e,1787976783.1665494,35367.068,17683593,0,0.9500646591186523,1.109140396118164,1.579880714416504,-0.00171661376953125,-0.00095367431640625,0.00514984130859375,-0.0073261260986328125,0.34920597076416016,-0.0024423599243164062,-0.021978378295898438,-0.0073261260986328125,-0.0073261260986328125,-0.0073261260986328125,-0.047863006591796875,5.285469055175781,-1.3894996643066406,0.012209892272949219,-0.1196584701538086,0.0,-1.22490848963945,5.867593639035404,-1.4505492126962307,0.0059164607924781735,-0.005339774910029427
22,1,train,2,1,0.3490658503988659,1.7379488850056077,3,s,af3726fcacd0ac1320a56ea850b0a2c0f5430cf4eb20a45c078706980f08407e,d24fbe3839599a6a097188bae8cd47ce8083f27deef1341ae3086bf0d5a45bd1,a264f9f6df4fae96803cb1057b5fedc2d14ddccb52b4eb699c12be7c2ccc333e,a264f9f6df4fae96803cb1057b5fedc2d14ddccb52b4eb699c12be7c2ccc333e,1787976783.168474,35367.07,17683594,0,0.9500646591186523,1.1095218658447266,1.579880714416504,-0.00171661376953125,-0.00095367431640625,0.00514984130859375,-0.0073261260986328125,0.3052501678466797,-0.0024423599243164062,-0.0073261260986328125,-0.0073261260986328125,-0.0073261260986328125,-0.0073261260986328125,-0.020513534545898438,5.299144744873047,-1.3894996643066406,0.012209892272949219,-0.1196584701538086,0.0,-1.2306504200114237,5.869774347807522,-1.4509814316083327,0.0059120441531031525,-0.005340799326372338
22,1,train,2,1,0.3490658503988659,1.7398677599994699,3,s,af3726fcacd0ac1320a56ea850b0a2c0f5430cf4eb20a45c078706980f08407e,d24fbe3839599a6a097188bae8cd47ce8083f27deef1341ae3086bf0d5a45bd1,a264f9f6df4fae96803cb1057b5fedc2d14ddccb52b4eb699c12be7c2ccc333e,a264f9f6df4fae96803cb1057b5fedc2d14ddccb52b4eb699c12be7c2ccc333e,1787976783.170351,35367.072,17683595,0,0.9500646591186523,1.1102848052978516,1.579880714416504,-0.00171661376953125,-0.00095367431640625,0.00514984130859375,-0.0073261260986328125,0.2661781311035156,-0.0024423599243164062,-0.0073261260986328125,-0.021978378295898438,-0.0073261260986328125,-0.0073261260986328125,-0.020513534545898438,5.299144744873047,-1.3894996643066406,0.012209892272949219,-0.1196584701538086,0.0,-1.242133742670228,5.87413320254082,-1.4518452359329166,0.005903208294049013,-0.00534284582734346
22,1,train,2,1,0.3490658503988659,1.741740199002379,3,s,af3726fcacd0ac1320a56ea850b0a2c0f5430cf4eb20a45c078706980f08407e,d24fbe3839599a6a097188bae8cd47ce8083f27deef1341ae3086bf0d5a45bd1,a264f9f6df4fae96803cb1057b5fedc2d14ddccb52b4eb699c12be7c2ccc333e,a264f9f6df4fae96803cb1057b5fedc2d14ddccb52b4eb699c12be7c2ccc333e,1787976783.17228,35367.074,17683596,0,0.9500646591186523,1.110666275024414,1.579880714416504,-0.00171661376953125,-0.00095367431640625,0.00514984130859375,-0.0073261260986328125,0.2661781311035156,-0.0024423599243164062,-0.021978378295898438,0.0073261260986328125,-0.0073261260986328125,-0.0073261260986328125,-0.020513534545898438,5.299144744873047,-1.3894996643066406,0.012209892272949219,-0.1196584701538086,0.0,-1.2478751332860127,5.876311347867701,-1.4522768212196975,0.0058987890756556785,-0.0053438679116738635
22,1,train,2,1,0.3490658503988659,1.7436737950047245,3,s,af3726fcacd0ac1320a56ea850b0a2c0f5430cf4eb20a45c078706980f08407e,d24fbe3839599a6a097188bae8cd47ce8083f27deef1341ae3086bf0d5a45bd1,a264f9f6df4fae96803cb1057b5fedc2d14ddccb52b4eb699c12be7c2ccc333e,a264f9f6df4fae96803cb1057b5fedc2d14ddccb52b4eb699c12be7c2ccc333e,1787976783.1747983,35367.076,17683597,0,0.9500646591186523,1.111429214477539,1.579880714416504,-0.00171661376953125,-0.00095367431640625,0.00514984130859375,-0.0073261260986328125,0.3003664016723633,-0.0024423599243164062,-0.0073261260986328125,-0.0073261260986328125,-0.0073261260986328125,-0.0073261260986328125,-0.03418731689453125,5.299144744873047,-1.3894996643066406,0.012209892272949219,-0.1196584701538086,0.0,-1.25935736891294,5.88066507285712,-1.4531393577282186,0.005889948064351894,-0.005345909747280694
22,1,train,2,1,0.3490658503988659,1.746190566002042,3,s,af3726fcacd0ac1320a56ea850b0a2c0f5430cf4eb20a45c078706980f08407e,d24fbe3839599a6a097188bae8cd47ce8083f27deef1341ae3086bf0d5a45bd1,a264f9f6df4fae96803cb1057b5fedc2d14ddccb52b4eb699c12be7c2ccc333e,a264f9f6df4fae96803cb1057b5fedc2d14ddccb52b4eb699c12be7c2ccc333e,1787976783.1766937,35367.078,17683598,0,0.9500646591186523,1.112192153930664,1.579880714416504,-0.00171661376953125,-0.00095367431640625,0.00514984130859375,-0.0073261260986328125,0.35409069061279297,-0.0024423599243164062,-0.0073261260986328125,-0.0073261260986328125,-0.0073261260986328125,-0.0073261260986328125,-0.047863006591796875,5.3128204345703125,-1.3894996643066406,0.012209892272949219,-0.1196584701538086,0.0,-1.270838871497435,5.88501537484912,-1.4540010483983505,0.005881103624647278,-0.005347948471158657
22,1,train,2,1,0.3490658503988659,1.748150938001345,3,s,af3726fcacd0ac1320a56ea850b0a2c0f5430cf4eb20a45c078706980f08407e,d24fbe3839599a6a097188bae8cd47ce8083f27deef1341ae3086bf0d5a45bd1,a264f9f6df4fae96803cb1057b5fedc2d14ddccb52b4eb699c12be7c2ccc333e,a264f9f6df4fae96803cb1057b5fedc2d14ddccb52b4eb699c12be7c2ccc333e,1787976783.1786606,35367.08,17683599,0,0.9500646591186523,1.112955093383789,1.579880714416504,-0.00209808349609375,-0.00095367431640625,0.00514984130859375,0.0073261260986328125,0.39316272735595703,-0.0024423599243164062,-0.0073261260986328125,-0.0073261260986328125,-0.0073261260986328125,-0.0073261260986328125,-0.0615386962890625,5.3128204345703125,-1.3894996643066406,0.012209892272949219,-0.1196584701538086,0.0,-1.2818893180151254,5.88893193497023,-1.4544315763872608,0.005876680120753375,-0.005348966665828402
22,1,train,2,1,0.3490658503988659,1.7500516479994985,3,s,af3726fcacd0ac1320a56ea850b0a2c0f5430cf4eb20a45c078706980f08407e,d24fbe3839599a6a097188bae8cd47ce8083f27deef1341ae3086bf0d5a45bd1,a264f9f6df4fae96803cb1057b5fedc2d14ddccb52b4eb699c12be7c2ccc333e,a264f9f6df4fae96803cb1057b5fedc2d14ddccb52b4eb699c12be7c2ccc333e,1787976783.180545,35367.081999999995,17683600,0,0.9500646591186523,1.1140995025634766,1.579880714416504,-0.00209808349609375,-0.00095367431640625,0.00514984130859375,-0.0073261260986328125,0.4273500442504883,-0.0024423599243164062,-0.021978378295898438,-0.0073261260986328125,-0.0073261260986328125,-0.0073261260986328125,-0.07521438598632812,5.326496124267578,-1.394383430480957,0.012209892272949219,-0.1196584701538086,0.0,-1.2991096960184343,5.895446456579968,-1.4557218902176605,0.0058634044806301095,-0.0053520165789830215
22,1,train,2,1,0.3490658503988659,1.7519539250060916,3,s,af3726fcacd0ac1320a56ea850b0a2c0f5430cf4eb20a45c078706980f08407e,d24fbe3839599a6a097188bae8cd47ce8083f27deef1341ae3086bf0d5a45bd1,a264f9f6df4fae96803cb1057b5fedc2d14ddccb52b4eb699c12be7c2ccc333e,a264f9f6df4fae96803cb1057b5fedc2d14ddccb52b4eb699c12be7c2ccc333e,1787976783.1824474,35367.083999999995,17683601,0,0.9500646591186523,1.114480972290039,1.579880714416504,-0.00209808349609375,-0.00095367431640625,0.00514984130859375,-0.0073261260986328125,0.41758251190185547,-0.0024423599243164062,-0.021978378295898438,-0.021978378295898438,-0.0073261260986328125,-0.0073261260986328125,-0.07521438598632812,5.326496124267578,-1.3894996643066406,0.012209892272949219,-0.1196584701538086,0.0,-1.3048494450425632,5.897616248403697,-1.456151571240388,0.005858977559921681,-0.005353031659256555
22,1,train,2,1,0.3490658503988659,1.7538425640013884,3,s,af3726fcacd0ac1320a56ea850b0a2c0f5430cf4eb20a45c078706980f08407e,d24fbe3839599a6a097188bae8cd47ce8083f27deef1341ae3086bf0d5a45bd1,a264f9f6df4fae96803cb1057b5fedc2d14ddccb52b4eb699c12be7c2ccc333e,a264f9f6df4fae96803cb1057b5fedc2d14ddccb52b4eb699c12be7c2ccc333e,1787976783.1843252,35367.085999999996,17683602,0,0.9500646591186523,1.115243911743164,1.579880714416504,-0.00171661376953125,-0.00095367431640625,0.00514984130859375,-0.0073261260986328125,0.3785104751586914,-0.0024423599243164062,0.021978378295898438,-0.0073261260986328125,-0.0073261260986328125,-0.0073261260986328125,-0.0615386962890625,5.271793365478516,-1.3894996643066406,0.017093658447265625,-0.1196584701538086,0.0,-1.3167574177553107,5.902382302228668,-1.457439342670981,0.005845691684813198,-0.005356072225675154
22,1,train,2,1,0.3490658503988659,1.7557166780025,3,s,af3726fcacd0ac1320a56ea850b0a2c0f5430cf4eb20a45c078706980f08407e,d24fbe3839599a6a097188bae8cd47ce8083f27deef1341ae3086bf0d5a45bd1,a264f9f6df4fae96803cb1057b5fedc2d14ddccb52b4eb699c12be7c2ccc333e,a264f9f6df4fae96803cb1057b5fedc2d14ddccb52b4eb699c12be7c2ccc333e,1787976783.1862469,35367.087999999996,17683603,0,0.9500646591186523,1.116006851196289,1.579880714416504,-0.00171661376953125,-0.00095367431640625,0.00514984130859375,-0.021978378295898438,0.3247861862182617,-0.0024423599243164062,-0.0073261260986328125,0.0073261260986328125,-0.0073261260986328125,-0.0073261260986328125,-0.03418731689453125,5.258121490478516,-1.394383430480957,0.017093658447265625,-0.1196584701538086,0.0,-1.3282351548896119,5.9067154512903395,-1.4582967966354763,0.005836830180366353,-0.005358095373144627
22,1,train,2,1,0.3490658503988659,1.7576404560022638,3,s,af3726fcacd0ac1320a56ea850b0a2c0f5430cf4eb20a45c078706980f08407e,d24fbe3839599a6a097188bae8cd47ce8083f27deef1341ae3086bf0d5a45bd1,a264f9f6df4fae96803cb1057b5fedc2d14ddccb52b4eb699c12be7c2ccc333e,a264f9f6df4fae96803cb1057b5fedc2d14ddccb52b4eb699c12be7c2ccc333e,1787976783.1887138,35367.09,17683604,0,0.9500646591186523,1.1163883209228516,1.579880714416504,-0.00171661376953125,-0.00095367431640625,0.00514984130859375,-0.0073261260986328125,0.27594661712646484,-0.0024423599243164062,-0.021978378295898438,-0.021978378295898438,-0.0073261260986328125,-0.0073261260986328125,-0.0068378448486328125,5.299144744873047,-1.394383430480957,0.017093658447265625,-0.1196584701538086,0.0,-1.3339737339488356,5.908880736668459,-1.4587252053337432,0.005832398153764665,-0.005359105777394705
22,1,train,2,1,0.3490658503988659,1.760104131004482,3,s,af3726fcacd0ac1320a56ea850b0a2c0f5430cf4eb20a45c078706980f08407e,d24fbe3839599a6a097188bae8cd47ce8083f27deef1341ae3086bf0d5a45bd1,a264f9f6df4fae96803cb1057b5fedc2d14ddccb52b4eb699c12be7c2ccc333e,a264f9f6df4fae96803cb1057b5fedc2d14ddccb52b4eb699c12be7c2ccc333e,1787976783.1906247,35367.092,17683605,0,0.9500646591186523,1.1171512603759766,1.579880714416504,-0.00171661376953125,-0.00095367431640625,0.00514984130859375,-0.021978378295898438,0.27106189727783203,-0.0024423599243164062,-0.0073261260986328125,0.021978378295898438,-0.0073261260986328125,-0.0073261260986328125,-0.0068378448486328125,5.326496124267578,-1.394383430480957,0.012209892272949219,-0.1196584701538086,0.0,-1.3454503088760639,5.913208727543819,-1.4595813858506081,0.005823531555029482,-0.005361124246190385
22,1,train,2,1,0.3490658503988659,1.762019355002849,3,s,af3726fcacd0ac1320a56ea850b0a2c0f5430cf4eb20a45c078706980f08407e,d24fbe3839599a6a097188bae8cd47ce8083f27deef1341ae3086bf0d5a45bd1,a264f9f6df4fae96803cb1057b5fedc2d14ddccb52b4eb699c12be7c2ccc333e,a264f9f6df4fae96803cb1057b5fedc2d14ddccb52b4eb699c12be7c2ccc333e,1787976783.1925113,35367.094,17683606,0,0.9500646591186523,1.1179141998291016,1.579880714416504,-0.00171661376953125,-0.00095367431640625,0.00514984130859375,-0.0073261260986328125,0.3003664016723633,-0.0024423599243164062,-0.0073261260986328125,-0.021978378295898438,-0.0073261260986328125,-0.0073261260986328125,-0.03418731689453125,5.340171813964844,-1.394383430480957,0.012209892272949219,-0.1196584701538086,0.0,-1.3569261006481759,5.917533276478861,-1.460436716779331,0.005814661566552966,-0.005363139594401193
22,1,train,2,1,0.3490658503988659,1.7639020060014445,3,s,af3726fcacd0ac1320a56ea850b0a2c0f5430cf4eb20a45c078706980f08407e,d24fbe3839599a6a097188bae8cd47ce8083f27deef1341ae3086bf0d5a45bd1,a264f9f6df4fae96803cb1057b5fedc2d14ddccb52b4eb699c12be7c2ccc333e,a264f9f6df4fae96803cb1057b5fedc2d14ddccb52b4eb699c12be7c2ccc333e,1787976783.194388,35367.096,17683607,0,0.9500646591186523,1.1186771392822266,1.579880714416504,-0.00171661376953125,-0.00095367431640625,0.00514984130859375,-0.0073261260986328125,0.34432220458984375,-0.0024423599243164062,0.0073261260986328125,-0.0073261260986328125,-0.0073261260986328125,-0.012209892272949219,-0.08888816833496094,5.353847503662109,-1.394383430480957,0.012209892272949219,-0.1196584701538086,0.0,-1.3684011025853862,5.921854380956367,-1.461291197622043,0.005805788193498122,-0.005365151820854042
22,1,train,2,1,0.3490658503988659,1.7657811910030432,3,s,af3726fcacd0ac1320a56ea850b0a2c0f5430cf4eb20a45c078706980f08407e,d24fbe3839599a6a097188bae8cd47ce8083f27deef1341ae3086bf0d5a45bd1,a264f9f6df4fae96803cb1057b5fedc2d14ddccb52b4eb699c12be7c2ccc333e,a264f9f6df4fae96803cb1057b5fedc2d14ddccb52b4eb699c12be7c2ccc333e,1787976783.1962972,35367.098,17683608,0,0.9500646591186523,1.1194400787353516,1.579880714416504,-0.00171661376953125,-0.00095367431640625,0.00514984130859375,-0.0073261260986328125,0.39316272735595703,-0.0024423599243164062,-0.0073261260986328125,-0.0073261260986328125,-0.0073261260986328125,-0.012209892272949219,-0.15726470947265625,5.367523193359375,-1.3992671966552734,0.012209892272949219,-0.1196584701538086,0.0,-1.3798753080083608,5.9261720384611225,-1.4621448278813716,0.005796911441029942,-0.005367160924377665
22,1,train,2,1,0.3490658503988659,1.767693808003969,3,s,af3726fcacd0ac1320a56ea850b0a2c0f5430cf4eb20a45c078706980f08407e,d24fbe3839599a6a097188bae8cd47ce8083f27deef1341ae3086bf0d5a45bd1,a264f9f6df4fae96803cb1057b5fedc2d14ddccb52b4eb699c12be7c2ccc333e,a264f9f6df4fae96803cb1057b5fedc2d14ddccb52b4eb699c12be7c2ccc333e,1787976783.198207,35367.1,17683609,0,0.9500646591186523,1.1202030181884766,1.579880714416504,-0.00171661376953125,-0.00095367431640625,0.00514984130859375,-0.0073261260986328125,0.4273500442504883,-0.0024423599243164062,-0.0073261260986328125,-0.0073261260986328125,-0.0073261260986328125,-0.0073261260986328125,-0.1982898712158203,5.367523193359375,-1.3992671966552734,0.012209892272949219,-0.1196584701538086,0.0,-1.3913487102382343,5.930486246479919,-1.4629976070604371,0.005788031314315365,-0.005369166903802608
22,1,train,2,1,0.3490658503988659,1.769597213002271,3,s,af3726fcacd0ac1320a56ea850b0a2c0f5430cf4eb20a45c078706980f08407e,d24fbe3839599a6a097188bae8cd47ce8083f27deef1341ae3086bf0d5a45bd1,a264f9f6df4fae96803cb1057b5fedc2d14ddccb52b4eb699c12be7c2ccc333e,a264f9f6df4fae96803cb1057b5fedc2d14ddccb52b4eb699c12be7c2ccc333e,1787976783.2006156,35367.102,17683610,0,0.9500646591186523,1.1209659576416016,1.579880714416504,-0.00209808349609375,-0.00095367431640625,0.00514984130859375,-0.0073261260986328125,0.4322347640991211,-0.0024423599243164062,-0.0073261260986328125,-0.0073261260986328125,-0.0073261260986328125,-0.0073261260986328125,-0.21196556091308594,5.299144744873047,-1.3992671966552734,0.012209892272949219,-0.1196584701538086,0.0,-1.4023954452734804,5.9343711451784324,-1.4634236773397329,0.0057835899872308895,-0.005370168721613116
22,1,train,2,1,0.3490658503988659,1.7720248810001067,3,s,af3726fcacd0ac1320a56ea850b0a2c0f5430cf4eb20a45c078706980f08407e,d24fbe3839599a6a097188bae8cd47ce8083f27deef1341ae3086bf0d5a45bd1,a264f9f6df4fae96803cb1057b5fedc2d14ddccb52b4eb699c12be7c2ccc333e,a264f9f6df4fae96803cb1057b5fedc2d14ddccb52b4eb699c12be7c2ccc333e,1787976783.202541,35367.104,17683611,0,0.9500646591186523,1.1217288970947266,1.579880714416504,-0.00171661376953125,-0.00095367431640625,0.00514984130859375,-0.0073261260986328125,0.39316272735595703,-0.0024423599243164062,-0.0073261260986328125,-0.0073261260986328125,-0.0073261260986328125,-0.0073261260986328125,-0.21196556091308594,5.326496124267578,-1.3992671966552734,0.012209892272949219,-0.1196584701538086,0.0,-1.414293078405549,5.939104304016849,-1.4647006101927467,0.00577026095882466,-0.005373169485687736
22,1,train,2,1,0.3490658503988659,1.773941040999489,3,s,af3726fcacd0ac1320a56ea850b0a2c0f5430cf4eb20a45c078706980f08407e,d24fbe3839599a6a097188bae8cd47ce8083f27deef1341ae3086bf0d5a45bd1,a264f9f6df4fae96803cb1057b5fedc2d14ddccb52b4eb699c12be7c2ccc333e,a264f9f6df4fae96803cb1057b5fedc2d14ddccb52b4eb699c12be7c2ccc333e,1787976783.2044983,35367.106,17683612,0,0.9500646591186523,1.1224918365478516,1.579880714416504,-0.00171661376953125,-0.00095367431640625,0.00514984130859375,-0.0073261260986328125,0.34920597076416016,-0.0024423599243164062,0.0073261260986328125,-0.0073261260986328125,-0.0073261260986328125,-0.0073261260986328125,-0.1982898712158203,5.340171813964844,-1.3992671966552734,0.012209892272949219,-0.1196584701538086,0.0,-1.4257640309876167,5.943408148518617,-1.4655508331547127,0.005761370740392236,-0.005375166085818114
22,1,train,2,1,0.3490658503988659,1.7758950130009907,3,s,af3726fcacd0ac1320a56ea850b0a2c0f5430cf4eb20a45c078706980f08407e,d24fbe3839599a6a097188bae8cd47ce8083f27deef1341ae3086bf0d5a45bd1,a264f9f6df4fae96803cb1057b5fedc2d14ddccb52b4eb699c12be7c2ccc333e,a264f9f6df4fae96803cb1057b5fedc2d14ddccb52b4eb699c12be7c2ccc333e,1787976783.2063918,35367.108,17683613,0,0.9500646591186523,1.1232547760009766,1.579880714416504,-0.00171661376953125,-0.00095367431640625,0.00514984130859375,-0.0073261260986328125,0.3150186538696289,-0.0024423599243164062,0.021978378295898438,-0.0073261260986328125,-0.0073261260986328125,-0.0073261260986328125,-0.1846160888671875,5.340171813964844,-1.4041509628295898,0.012209892272949219,-0.1196584701538086,0.0,-1.4372341536658295,5.947708533501689,-1.4664002030538605,0.005752477168400829,-0.005377159557190196
22,1,train,2,1,0.3490658503988659,1.7777874400053406,3,s,af3726fcacd0ac1320a56ea850b0a2c0f5430cf4eb20a45c078706980f08407e,d24fbe3839599a6a097188bae8cd47ce8083f27deef1341ae3086bf0d5a45bd1,a264f9f6df4fae96803cb1057b5fedc2d14ddccb52b4eb699c12be7c2ccc333e,a264f9f6df4fae96803cb1057b5fedc2d14ddccb52b4eb699c12be7c2ccc333e,1787976783.2082963,35367.11,17683614,0,0.9500646591186523,1.123636245727539,1.579880714416504,-0.00171661376953125,-0.00095367431640625,0.00514984130859375,-0.0073261260986328125,0.3101339340209961,-0.0024423599243164062,0.0073261260986328125,0.0073261260986328125,-0.0073261260986328125,-0.0073261260986328125,-0.17094039916992188,5.367523193359375,-1.4090356826782227,0.012209892272949219,-0.1196584701538086,0.0,-1.4429689017045715,5.9498574278914,-1.4668245679503586,0.00574802912643816,-0.005378155119229193
22,1,train,2,1,0.3490658503988659,1.7796914960053982,3,s,af3726fcacd0ac1320a56ea850b0a2c0f5430cf4eb20a45c078706980f08407e,d24fbe3839599a6a097188bae8cd47ce8083f27deef1341ae3086bf0d5a45bd1,a264f9f6df4fae96803cb1057b5fedc2d14ddccb52b4eb699c12be7c2ccc333e,a264f9f6df4fae96803cb1057b5fedc2d14ddccb52b4eb699c12be7c2ccc333e,1787976783.2108083,35367.112,17683615,0,0.9500646591186523,1.124399185180664,1.579880714416504,-0.00171661376953125,-0.00095367431640625,0.00514984130859375,-0.0073261260986328125,0.33455467224121094,-0.0024423599243164062,-0.021978378295898438,-0.0073261260986328125,-0.0073261260986328125,-0.0073261260986328125,-0.21196556091308594,5.367523193359375,-1.4090356826782227,0.017093658447265625,-0.1196584701538086,0.0,-1.4544377670087396,5.954152618903647,-1.4676726573284369,0.00573913053381528,-0.005380143895288734
22,1,train,2,1,0.3490658503988659,1.782209386001341,3,s,af3726fcacd0ac1320a56ea850b0a2c0f5430cf4eb20a45c078706980f08407e,d24fbe3839599a6a097188bae8cd47ce8083f27deef1341ae3086bf0d5a45bd1,a264f9f6df4fae96803cb1057b5fedc2d14ddccb52b4eb699c12be7c2ccc333e,a264f9f6df4fae96803cb1057b5fedc2d14ddccb52b4eb699c12be7c2ccc333e,1787976783.2127204,35367.114,17683616,0,0.9500646591186523,1.125162124633789,1.579880714416504,-0.00209808349609375,-0.00095367431640625,0.00514984130859375,-0.0073261260986328125,0.3638582229614258,-0.0024423599243164062,-0.021978378295898438,-0.0073261260986328125,-0.0073261260986328125,-0.0073261260986328125,-0.2666664123535156,5.381195068359375,-1.4090356826782227,0.017093658447265625,-0.1196584701538086,0.0,-1.4654822749967156,5.958020833421067,-1.4680963816866048,0.005734679984449978,-0.005381137109019875
22,1,train,2,1,0.3490658503988659,1.7841128470026888,3,s,af3726fcacd0ac1320a56ea850b0a2c0f5430cf4eb20a45c078706980f08407e,d24fbe3839599a6a097188bae8cd47ce8083f27deef1341ae3086bf0d5a45bd1,a264f9f6df4fae96803cb1057b5fedc2d14ddccb52b4eb699c12be7c2ccc333e,a264f9f6df4fae96803cb1057b5fedc2d14ddccb52b4eb699c12be7c2ccc333e,1787976783.2146397,35367.116,17683617,0,0.9500646591186523,1.125925064086914,1.579880714416504,-0.00209808349609375,-0.00095367431640625,0.00514984130859375,-0.0073261260986328125,0.39316272735595703,-0.0024423599243164062,-0.021978378295898438,-0.021978378295898438,-0.0073261260986328125,-0.0073261260986328125,-0.3213672637939453,5.394870758056641,-1.4041509628295898,0.017093658447265625,-0.1196584701538086,0.0,-1.476949867894427,5.962309517846737,-1.4689431894328955,0.0057257763828498605,-0.005383121187162234
22,1,train,2,1,0.3490658503988659,1.7860510890022852,3,s,af3726fcacd0ac1320a56ea850b0a2c0f5430cf4eb20a45c078706980f08407e,d24fbe3839599a6a097188bae8cd47ce8083f27deef1341ae3086bf0d5a45bd1,a264f9f6df4fae96803cb1057b5fedc2d14ddccb52b4eb699c12be7c2ccc333e,a264f9f6df4fae96803cb1057b5fedc2d14ddccb52b4eb699c12be7c2ccc333e,1787976783.21657,35367.117999999995,17683618,0,0.9500646591186523,1.1270694732666016,1.579880714416504,-0.00171661376953125,-0.00095367431640625,0.00514984130859375,-0.0073261260986328125,0.40781402587890625,-0.0024423599243164062,-0.0073261260986328125,-0.0073261260986328125,-0.0073261260986328125,-0.0073261260986328125,-0.376068115234375,5.381195068359375,-1.4041509628295898,0.017093658447265625,-0.1196584701538086,0.0,-1.4945720848390944,5.969158478096827,-1.47063423932078,0.00570795918631312,-0.0053870799421275655
22,1,train,2,1,0.3490658503988659,1.7879676510056015,3,s,af3726fcacd0ac1320a56ea850b0a2c0f5430cf4eb20a45c078706980f08407e,d24fbe3839599a6a097188bae8cd47ce8083f27deef1341ae3086bf0d5a45bd1,a264f9f6df4fae96803cb1057b5fedc2d14ddccb52b4eb699c12be7c2ccc333e,a264f9f6df4fae96803cb1057b5fedc2d14ddccb52b4eb699c12be7c2ccc333e,1787976783.2185326,35367.119999999995,17683619,0,0.9500646591186523,1.127450942993164,1.579880714416504,-0.00209808349609375,-0.00095367431640625,0.00514984130859375,-0.0073261260986328125,0.39316272735595703,-0.0024423599243164062,-0.021978378295898438,0.0073261260986328125,-0.0073261260986328125,-0.0073261260986328125,-0.3213672637939453,5.394870758056641,-1.4041509628295898,0.012209892272949219,-0.1196584701538086,0.0,-1.499882467921543,5.970876472641537,-1.47063423932078,0.005707959186313119,-0.0053870799421275655
22,1,train,2,1,0.3490658503988659,1.7899323029996594,3,s,af3726fcacd0ac1320a56ea850b0a2c0f5430cf4eb20a45c078706980f08407e,d24fbe3839599a6a097188bae8cd47ce8083f27deef1341ae3086bf0d5a45bd1,a264f9f6df4fae96803cb1057b5fedc2d14ddccb52b4eb699c12be7c2ccc333e,a264f9f6df4fae96803cb1057b5fedc2d14ddccb52b4eb699c12be7c2ccc333e,1787976783.2204425,35367.121999999996,17683620,0,0.9500646591186523,1.128213882446289,1.579880714416504,-0.00171661376953125,-0.00095367431640625,0.00514984130859375,-0.0073261260986328125,0.3638582229614258,-0.0024423599243164062,0.0073261260986328125,-0.0073261260986328125,-0.0073261260986328125,-0.012209892272949219,-0.3076915740966797,5.408546447753906,-1.4041509628295898,0.012209892272949219,-0.1196584701538086,0.0,-1.5117692611193123,5.97557653744094,-1.4719002798949476,0.005694587565159932,-0.00539004077766141
22,1,train,2,1,0.3490658503988659,1.791855385999952,3,s,af3726fcacd0ac1320a56ea850b0a2c0f5430cf4eb20a45c078706980f08407e,d24fbe3839599a6a097188bae8cd47ce8083f27deef1341ae3086bf0d5a45bd1,a264f9f6df4fae96803cb1057b5fedc2d14ddccb52b4eb699c12be7c2ccc333e,a264f9f6df4fae96803cb1057b5fedc2d14ddccb52b4eb699c12be7c2ccc333e,1787976783.222364,35367.123999999996,17683621,0,0.9500646591186523,1.128976821899414,1.579880714416504,-0.00171661376953125,-0.00095367431640625,0.00514984130859375,-0.021978378295898438,0.33455467224121094,-0.0024423599243164062,0.0073261260986328125,-0.021978378295898438,-0.0073261260986328125,-0.0073261260986328125,-0.28034210205078125,5.408546447753906,-1.4041509628295898,0.012209892272949219,-0.1196584701538086,0.0,-1.523232946739521,5.979850896385102,-1.4727432360983532,0.0056856690066190655,-0.005392010746485899
22,1,train,2,1,0.3490658503988659,1.7937610900044092,3,s,af3726fcacd0ac1320a56ea850b0a2c0f5430cf4eb20a45c078706980f08407e,d24fbe3839599a6a097188bae8cd47ce8083f27deef1341ae3086bf0d5a45bd1,a264f9f6df4fae96803cb1057b5fedc2d14ddccb52b4eb699c12be7c2ccc333e,a264f9f6df4fae96803cb1057b5fedc2d14ddccb52b4eb699c12be7c2ccc333e,1787976783.2242692,35367.126,17683622,0,0.9500646591186523,1.129739761352539,1.579880714416504,-0.00209808349609375,-0.00095367431640625,0.00514984130859375,-0.0073261260986328125,0.3150186538696289,-0.0024423599243164062,-0.0073261260986328125,-0.021978378295898438,-0.0073261260986328125,-0.0073261260986328125,-0.2666664123535156,5.367523193359375,-1.4090356826782227,0.017093658447265625,-0.11477375030517578,0.0,-1.534274803431292,5.983700832307888,-1.4731643927621973,0.005681208485963561,-0.005392994554008545
22,1,train,2,1,0.3490658503988659,1.795664350000152,3,s,af3726fcacd0ac1320a56ea850b0a2c0f5430cf4eb20a45c078706980f08407e,d24fbe3839599a6a097188bae8cd47ce8083f27deef1341ae3086bf0d5a45bd1,a264f9f6df4fae96803cb1057b5fedc2d14ddccb52b4eb699c12be7c2ccc333e,a264f9f6df4fae96803cb1057b5fedc2d14ddccb52b4eb699c12be7c2ccc333e,1787976783.2267287,35367.128,17683623,0,0.9500646591186523,1.130502700805664,1.579880714416504,-0.00171661376953125,-0.00095367431640625,0.00514984130859375,-0.0073261260986328125,0.3150186538696289,-0.0024423599243164062,0.0073261260986328125,-0.0073261260986328125,-0.0073261260986328125,-0.012209892272949219,-0.34871864318847656,5.340171813964844,-1.413919448852539,0.012209892272949219,-0.1196584701538086,0.0,-1.5461576513930335,5.988389169593956,-1.4744265762669548,0.005667821966246218,-0.005395941267300486
22,1,train,2,1,0.3490658503988659,1.7981453430038528,3,s,af3726fcacd0ac1320a56ea850b0a2c0f5430cf4eb20a45c078706980f08407e,d24fbe3839599a6a097188bae8cd47ce8083f27deef1341ae3086bf0d5a45bd1,a264f9f6df4fae96803cb1057b5fedc2d14ddccb52b4eb699c12be7c2ccc333e,a264f9f6df4fae96803cb1057b5fedc2d14ddccb52b4eb699c12be7c2ccc333e,1787976783.228678,35367.13,17683624,0,0.9500646591186523,1.131265640258789,1.579880714416504,-0.00171661376953125,-0.00095367431640625,0.00514984130859375,-0.0073261260986328125,0.33943843841552734,-0.0024423599243164062,-0.021978378295898438,-0.0073261260986328125,-0.0073261260986328125,-0.0073261260986328125,-0.41709327697753906,5.353847503662109,-1.413919448852539,0.012209892272949219,-0.1196584701538086,0.0,-1.5576186570824069,5.992653078888722,-1.4752669592523193,0.005658893494802577,-0.005397901817002727
22,1,train,2,1,0.3490658503988659,1.8000741159994504,3,s,af3726fcacd0ac1320a56ea850b0a2c0f5430cf4eb20a45c078706980f08407e,d24fbe3839599a6a097188bae8cd47ce8083f27deef1341ae3086bf0d5a45bd1,a264f9f6df4fae96803cb1057b5fedc2d14ddccb52b4eb699c12be7c2ccc333e,a264f9f6df4fae96803cb1057b5fedc2d14ddccb52b4eb699c12be7c2ccc333e,1787976783.2306085,35367.132,17683625,0,0.9500646591186523,1.132028579711914,1.579880714416504,-0.00171661376953125,-0.00095367431640625,0.00514984130859375,-0.0073261260986328125,0.373626708984375,-0.0024423599243164062,-0.021978378295898438,-0.0073261260986328125,-0.0073261260986328125,-0.0073261260986328125,-0.5128211975097656,5.367523193359375,-1.413919448852539,0.012209892272949219,-0.11477375030517578,0.0,-1.5690787561184334,5.996913500000469,-1.4761064835193352,0.0056499617294495635,-0.005399859224712729
22,1,train,2,1,0.3490658503988659,1.8020087920012884,3,s,af3726fcacd0ac1320a56ea850b0a2c0f5430cf4eb20a45c078706980f08407e,d24fbe3839599a6a097188bae8cd47ce8083f27deef1341ae3086bf0d5a45bd1,a264f9f6df4fae96803cb1057b5fedc2d14ddccb52b4eb699c12be7c2ccc333e,a264f9f6df4fae96803cb1057b5fedc2d14ddccb52b4eb699c12be7c2ccc333e,1787976783.2325294,35367.134,17683626,0,0.9500646591186523,1.132791519165039,1.579880714416504,-0.00171661376953125,-0.00095367431640625,0.00514984130859375,-0.0073261260986328125,0.39316272735595703,-0.0024423599243164062,-0.0073261260986328125,-0.0073261260986328125,-0.0073261260986328125,-0.0073261260986328125,-0.5675220489501953,5.394870758056641,-1.413919448852539,0.012209892272949219,-0.11477375030517578,0.0,-1.580537941830465,6.001170430449312,-1.4769451485793368,0.005641026675386143,-0.0054018134892911416
22,1,train,2,1,0.3490658503988659,1.8039249270004802,3,s,af3726fcacd0ac1320a56ea850b0a2c0f5430cf4eb20a45c078706980f08407e,d24fbe3839599a6a097188bae8cd47ce8083f27deef1341ae3086bf0d5a45bd1,a264f9f6df4fae96803cb1057b5fedc2d14ddccb52b4eb699c12be7c2ccc333e,a264f9f6df4fae96803cb1057b5fedc2d14ddccb52b4eb699c12be7c2ccc333e,1787976783.2344644,35367.136,17683627,0,0.9500646591186523,1.133554458618164,1.579880714416504,-0.00209808349609375,-0.00095367431640625,0.00514984130859375,-0.0073261260986328125,0.40781402587890625,-0.0024423599243164062,0.0073261260986328125,0.0073261260986328125,-0.0073261260986328125,-0.0073261260986328125,-0.5811958312988281,5.422222137451172,-1.413919448852539,0.017093658447265625,-0.11477375030517578,0.0,-1.5915774123583533,6.005005072567366,-1.4773641587541348,0.005636557916713232,-0.005402789442550446
22,1,train,2,1,0.3490658503988659,1.8058590600048774,3,s,af3726fcacd0ac1320a56ea850b0a2c0f5430cf4eb20a45c078706980f08407e,d24fbe3839599a6a097188bae8cd47ce8083f27deef1341ae3086bf0d5a45bd1,a264f9f6df4fae96803cb1057b5fedc2d14ddccb52b4eb699c12be7c2ccc333e,a264f9f6df4fae96803cb1057b5fedc2d14ddccb52b4eb699c12be7c2ccc333e,1787976783.2363548,35367.138,17683628,0,0.9500646591186523,1.134317398071289,1.579880714416504,-0.00171661376953125,-0.00095367431640625,0.00514984130859375,-0.0073261260986328125,0.40293025970458984,-0.0024423599243164062,-0.0073261260986328125,-0.0073261260986328125,-0.0073261260986328125,-0.0073261260986328125,-0.5811958312988281,5.394870758056641,-1.413919448852539,0.012209892272949219,-0.11477375030517578,0.0,-1.603453546602573,6.009673809448872,-1.4786198991261252,0.005623146721933538,-0.005405712584504878
22,1,train,2,1,0.3490658503988659,1.8077465430033044,3,s,af3726fcacd0ac1320a56ea850b0a2c0f5430cf4eb20a45c078706980f08407e,d24fbe3839599a6a097188bae8cd47ce8083f27deef1341ae3086bf0d5a45bd1,a264f9f6df4fae96803cb1057b5fedc2d14ddccb52b4eb699c12be7c2ccc333e,a264f9f6df4fae96803cb1057b5fedc2d14ddccb52b4eb699c12be7c2ccc333e,1787976783.2382529,35367.14,17683629,0,0.9500646591186523,1.135080337524414,1.579880714416504,-0.00209808349609375,-0.00095367431640625,0.00514984130859375,-0.0073261260986328125,0.3833942413330078,-0.0024423599243164062,-0.021978378295898438,0.0073261260986328125,-0.0073261260986328125,-0.0073261260986328125,-0.4991455078125,5.408546447753906,-1.4188032150268555,0.012209892272949219,-0.11477375030517578,0.0,-1.6144920176822182,6.013502318408175,-1.4790380489962824,0.005618674686255082,-0.005406685392075888
22,1,train,2,1,0.3490658503988659,1.8096514089993434,3,s,af3726fcacd0ac1320a56ea850b0a2c0f5430cf4eb20a45c078706980f08407e,d24fbe3839599a6a097188bae8cd47ce8083f27deef1341ae3086bf0d5a45bd1,a264f9f6df4fae96803cb1057b5fedc2d14ddccb52b4eb699c12be7c2ccc333e,a264f9f6df4fae96803cb1057b5fedc2d14ddccb52b4eb699c12be7c2ccc333e,1787976783.240744,35367.142,17683630,0,0.9500646591186523,1.135843276977539,1.579880714416504,-0.00171661376953125,-0.00095367431640625,0.00514984130859375,-0.0073261260986328125,0.3589744567871094,-0.0024423599243164062,-0.0073261260986328125,-0.0073261260986328125,-0.0073261260986328125,-0.0073261260986328125,-0.4854698181152344,5.381195068359375,-1.4188032150268555,0.012209892272949219,-0.1196584701538086,0.0,-1.6263654180441978,6.018163196088938,-1.4802912069933547,0.005605253676074768,-0.0054095990935656545
22,1,train,2,1,0.3490658503988659,1.812158412001736,3,s,af3726fcacd0ac1320a56ea850b0a2c0f5430cf4eb20a45c078706980f08407e,d24fbe3839599a6a097188bae8cd47ce8083f27deef1341ae3086bf0d5a45bd1,a264f9f6df4fae96803cb1057b5fedc2d14ddccb52b4eb699c12be7c2ccc333e,a264f9f6df4fae96803cb1057b5fedc2d14ddccb52b4eb699c12be7c2ccc333e,1787976783.2427025,35367.144,17683631,0,0.9500646591186523,1.1362247467041016,1.579880714416504,-0.00171661376953125,-0.00095367431640625,0.00514984130859375,-0.0073261260986328125,0.33943843841552734,-0.0024423599243164062,0.0073261260986328125,-0.021978378295898438,-0.0073261260986328125,-0.0073261260986328125,-0.4854698181152344,5.353847503662109,-1.4236869812011719,0.012209892272949219,-0.1196584701538086,0.0,-1.6320927963200527,6.02028335412575,-1.4807084955852903,0.005600778373803033,-0.005410568753183375
22,1,train,2,1,0.3490658503988659,1.8141240800032392,3,s,af3726fcacd0ac1320a56ea850b0a2c0f5430cf4eb20a45c078706980f08407e,d24fbe3839599a6a097188bae8cd47ce8083f27deef1341ae3086bf0d5a45bd1,a264f9f6df4fae96803cb1057b5fedc2d14ddccb52b4eb699c12be7c2ccc333e,a264f9f6df4fae96803cb1057b5fedc2d14ddccb52b4eb699c12be7c2ccc333e,1787976783.2446804,35367.146,17683632,0,0.9500646591186523,1.1369876861572266,1.579880714416504,-0.00171661376953125,-0.00095367431640625,0.00514984130859375,0.0073261260986328125,0.34432220458984375,-0.0024423599243164062,0.0073261260986328125,-0.0073261260986328125,-0.0073261260986328125,-0.0073261260986328125,-0.5128211975097656,5.367523193359375,-1.4285717010498047,0.012209892272949219,-0.11477375030517578,0.0,-1.6435468395360873,6.024521041691422,-1.4815424262941428,0.005591825324849385,-0.005412505710253724
22,1,train,2,1,0.3490658503988659,1.816077656003472,3,s,af3726fcacd0ac1320a56ea850b0a2c0f5430cf4eb20a45c078706980f08407e,d24fbe3839599a6a097188bae8cd47ce8083f27deef1341ae3086bf0d5a45bd1,a264f9f6df4fae96803cb1057b5fedc2d14ddccb52b4eb699c12be7c2ccc333e,a264f9f6df4fae96803cb1057b5fedc2d14ddccb52b4eb699c12be7c2ccc333e,1787976783.2466114,35367.148,17683633,0,0.9500646591186523,1.1377506256103516,1.579880714416504,-0.00171661376953125,-0.00095367431640625,0.00514984130859375,-0.0073261260986328125,0.3638582229614258,-0.0024423599243164062,0.0073261260986328125,-0.021978378295898438,-0.0073261260986328125,-0.0073261260986328125,-0.6085472106933594,5.394870758056641,-1.4285717010498047,0.012209892272949219,-0.1196584701538086,0.0,-1.6549999260819968,6.0287552225244845,-1.4823754946318457,0.0055828690210251745,-0.005414439516831254
22,1,train,2,1,0.3490658503988659,1.8180074100018828,3,s,af3726fcacd0ac1320a56ea850b0a2c0f5430cf4eb20a45c078706980f08407e,d24fbe3839599a6a097188bae8cd47ce8083f27deef1341ae3086bf0d5a45bd1,a264f9f6df4fae96803cb1057b5fedc2d14ddccb52b4eb699c12be7c2ccc333e,a264f9f6df4fae96803cb1057b5fedc2d14ddccb52b4eb699c12be7c2ccc333e,1787976783.2485185,35367.15,17683634,0,0.9500646591186523,1.138895034790039,1.579880714416504,-0.00171661376953125,-0.00095367431640625,0.00514984130859375,-0.0073261260986328125,0.3833942413330078,-0.0024423599243164062,-0.021978378295898438,-0.021978378295898438,-0.0073261260986328125,-0.0073261260986328125,-0.622222900390625,5.4358978271484375,-1.4285717010498047,0.012209892272949219,-0.1196584701538086,0.0,-1.6721777475614008,6.035099913259643,-1.4836234791318914,0.0055694284738110585,-0.005417334317061717
22,1,train,2,1,0.3490658503988659,1.8199137699994026,3,s,af3726fcacd0ac1320a56ea850b0a2c0f5430cf4eb20a45c078706980f08407e,d24fbe3839599a6a097188bae8cd47ce8083f27deef1341ae3086bf0d5a45bd1,a264f9f6df4fae96803cb1057b5fedc2d14ddccb52b4eb699c12be7c2ccc333e,a264f9f6df4fae96803cb1057b5fedc2d14ddccb52b4eb699c12be7c2ccc333e,1787976783.250515,35367.152,17683635,0,0.9500646591186523,1.139657974243164,1.579880714416504,-0.00171661376953125,-0.00095367431640625,0.00514984130859375,-0.0073261260986328125,0.40293025970458984,-0.0024423599243164062,-0.0073261260986328125,-0.0073261260986328125,-0.0073261260986328125,-0.0073261260986328125,-0.7042732238769531,5.463249206542969,-1.4236869812011719,0.012209892272949219,-0.1196584701538086,0.0,-1.683628413266963,6.039325316482945,-1.4844543894213373,0.005560464055622558,-0.005419260242486608
22,1,train,2,1,0.3490658503988659,1.8219172980025178,3,s,af3726fcacd0ac1320a56ea850b0a2c0f5430cf4eb20a45c078706980f08407e,d24fbe3839599a6a097188bae8cd47ce8083f27deef1341ae3086bf0d5a45bd1,a264f9f6df4fae96803cb1057b5fedc2d14ddccb52b4eb699c12be7c2ccc333e,a264f9f6df4fae96803cb1057b5fedc2d14ddccb52b4eb699c12be7c2ccc333e,1787976783.2524369,35367.153999999995,17683636,0,0.9500646591186523,1.140420913696289,1.579880714416504,-0.00171661376953125,-0.00095367431640625,0.00514984130859375,-0.0073261260986328125,0.41758251190185547,-0.0024423599243164062,0.0073261260986328125,-0.0073261260986328125,-0.0073261260986328125,-0.0073261260986328125,-0.6905975341796875,5.476924896240234,-1.4285717010498047,0.012209892272949219,-0.1196584701538086,0.0,-1.695078098971858,6.043547204356419,-1.485284435644649,0.0055514964008181525,-0.005421183013487032
22,1,train,2,1,0.3490658503988659,1.8238294830007362,3,s,af3726fcacd0ac1320a56ea850b0a2c0f5430cf4eb20a45c078706980f08407e,d24fbe3839599a6a097188bae8cd47ce8083f27deef1341ae3086bf0d5a45bd1,a264f9f6df4fae96803cb1057b5fedc2d14ddccb52b4eb699c12be7c2ccc333e,a264f9f6df4fae96803cb1057b5fedc2d14ddccb52b4eb699c12be7c2ccc333e,1787976783.2543595,35367.155999999995,17683637,0,0.9500646591186523,1.141183853149414,1.579880714416504,-0.00171661376953125,-0.00095367431640625,0.00514984130859375,-0.0073261260986328125,0.40293025970458984,-0.0024423599243164062,0.0073261260986328125,0.0073261260986328125,-0.0073261260986328125,-0.0073261260986328125,-0.6769237518310547,5.463249206542969,-1.4285717010498047,0.012209892272949219,-0.1196584701538086,0.0,-1.7065267980114907,6.0477655744226,-1.4861136173186749,0.005542525514617702,-0.005423102628943781
22,1,train,2,1,0.3490658503988659,1.8257520450060838,3,s,af3726fcacd0ac1320a56ea850b0a2c0f5430cf4eb20a45c078706980f08407e,d24fbe3839599a6a097188bae8cd47ce8083f27deef1341ae3086bf0d5a45bd1,a264f9f6df4fae96803cb1057b5fedc2d14ddccb52b4eb699c12be7c2ccc333e,a264f9f6df4fae96803cb1057b5fedc2d14ddccb52b4eb699c12be7c2ccc333e,1787976783.25628,35367.157999999996,17683638,0,0.9500646591186523,1.141946792602539,1.579880714416504,-0.00171661376953125,-0.00095367431640625,0.00514984130859375,-0.0073261260986328125,0.3785104751586914,-0.0024423599243164062,-0.021978378295898438,-0.0073261260986328125,-0.0073261260986328125,-0.0073261260986328125,-0.6769237518310547,5.422222137451172,-1.4285717010498047,0.017093658447265625,-0.1196584701538086,0.0,-1.7179745037218412,6.051980424226077,-1.4869419339607681,0.00553355140224295,-0.005425019087739497
22,1,train,2,1,0.3490658503988659,1.8276721950023784,3,s,af3726fcacd0ac1320a56ea850b0a2c0f5430cf4eb20a45c078706980f08407e,d24fbe3839599a6a097188bae8cd47ce8083f27deef1341ae3086bf0d5a45bd1,a264f9f6df4fae96803cb1057b5fedc2d14ddccb52b4eb699c12be7c2ccc333e,a264f9f6df4fae96803cb1057b5fedc2d14ddccb52b4eb699c12be7c2ccc333e,1787976783.2587647,35367.159999999996,17683639,0,0.9500646591186523,1.142709732055664,1.579880714416504,-0.00171661376953125,-0.00095367431640625,0.00514984130859375,-0.0073261260986328125,0.3589744567871094,-0.0024423599243164062,-0.0073261260986328125,-0.0073261260986328125,-0.0073261260986328125,-0.0073261260986328125,-0.6358966827392578,5.4358978271484375,-1.4285717010498047,0.012209892272949219,-0.11477375030517578,0.0,-1.7294212094394608,6.056191751313475,-1.4877693850887834,0.005524574068917519,-0.0054269323887586466
22,1,train,2,1,0.3490658503988659,1.8301654210008564,3,s,af3726fcacd0ac1320a56ea850b0a2c0f5430cf4eb20a45c078706980f08407e,d24fbe3839599a6a097188bae8cd47ce8083f27deef1341ae3086bf0d5a45bd1,a264f9f6df4fae96803cb1057b5fedc2d14ddccb52b4eb699c12be7c2ccc333e,a264f9f6df4fae96803cb1057b5fedc2d14ddccb52b4eb699c12be7c2ccc333e,1787976783.2606843,35367.162,17683640,0,0.9500646591186523,1.143472671508789,1.579880714416504,-0.00171661376953125,-0.00095367431640625,0.00514984130859375,-0.0073261260986328125,0.34920597076416016,-0.0024423599243164062,-0.0073261260986328125,-0.0073261260986328125,-0.0073261260986328125,-0.0073261260986328125,-0.7042732238769531,5.449573516845703,-1.4285717010498047,0.017093658447265625,-0.1196584701538086,0.0,-1.7408669085014972,6.060399553233485,-1.4885959702210811,0.0055155935198669005,-0.005428842530887546
22,1,train,2,1,0.3490658503988659,1.832093804005126,3,s,af3726fcacd0ac1320a56ea850b0a2c0f5430cf4eb20a45c078706980f08407e,d24fbe3839599a6a097188bae8cd47ce8083f27deef1341ae3086bf0d5a45bd1,a264f9f6df4fae96803cb1057b5fedc2d14ddccb52b4eb699c12be7c2ccc333e,a264f9f6df4fae96803cb1057b5fedc2d14ddccb52b4eb699c12be7c2ccc333e,1787976783.2625928,35367.164,17683641,0,0.9500646591186523,1.144235610961914,1.579880714416504,-0.00171661376953125,-0.00095367431640625,0.00514984130859375,-0.0073261260986328125,0.3638582229614258,-0.0024423599243164062,-0.0073261260986328125,-0.0073261260986328125,-0.0073261260986328125,-0.0073261260986328125,-0.7179489135742188,5.463249206542969,-1.4285717010498047,0.017093658447265625,-0.11477375030517578,0.0,-1.7523115942456742,6.0646038275368435,-1.4894216888765266,0.005506609760318467,-0.0054307495130143475
22,1,train,2,1,0.3490658503988659,1.8339860060004867,3,s,af3726fcacd0ac1320a56ea850b0a2c0f5430cf4eb20a45c078706980f08407e,d24fbe3839599a6a097188bae8cd47ce8083f27deef1341ae3086bf0d5a45bd1,a264f9f6df4fae96803cb1057b5fedc2d14ddccb52b4eb699c12be7c2ccc333e,a264f9f6df4fae96803cb1057b5fedc2d14ddccb52b4eb699c12be7c2ccc333e,1787976783.264804,35367.166,17683642,0,0.9500646591186523,1.144998550415039,1.579880714416504,-0.00171661376953125,-0.00095367431640625,0.00514984130859375,-0.0073261260986328125,0.3882780075073242,-0.0024423599243164062,-0.021978378295898438,0.0073261260986328125,-0.0073261260986328125,-0.012209892272949219,-0.8136749267578125,5.422222137451172,-1.4285717010498047,0.017093658447265625,-0.11477375030517578,0.0,-1.7637552600103177,6.068804571776349,-1.4902465405744896,0.005497622795501449,-0.005432653334029047
22,1,train,2,1,0.3490658503988659,1.8361993420039653,3,s,af3726fcacd0ac1320a56ea850b0a2c0f5430cf4eb20a45c078706980f08407e,d24fbe3839599a6a097188bae8cd47ce8083f27deef1341ae3086bf0d5a45bd1,a264f9f6df4fae96803cb1057b5fedc2d14ddccb52b4eb699c12be7c2ccc333e,a264f9f6df4fae96803cb1057b5fedc2d14ddccb52b4eb699c12be7c2ccc333e,1787976783.2667298,35367.168,17683643,0,0.9500646591186523,1.145761489868164,1.579880714416504,-0.00171661376953125,-0.00095367431640625,0.00514984130859375,-0.0073261260986328125,0.41269874572753906,-0.0024423599243164062,-0.0073261260986328125,-0.0073261260986328125,-0.0073261260986328125,-0.012209892272949219,-0.8820514678955078,5.4358978271484375,-1.4285717010498047,0.012209892272949219,-0.1196584701538086,0.0,-1.7751978991343231,6.073001783506834,-1.4910705248348404,0.005488632630646955,-0.005434553992823463
22,1,train,2,1,0.3490658503988659,1.8381369420021656,3,s,af3726fcacd0ac1320a56ea850b0a2c0f5430cf4eb20a45c078706980f08407e,d24fbe3839599a6a097188bae8cd47ce8083f27deef1341ae3086bf0d5a45bd1,a264f9f6df4fae96803cb1057b5fedc2d14ddccb52b4eb699c12be7c2ccc333e,a264f9f6df4fae96803cb1057b5fedc2d14ddccb52b4eb699c12be7c2ccc333e,1787976783.2686372,35367.17,17683644,0,0.9500646591186523,1.146524429321289,1.579880714416504,-0.00171661376953125,-0.00095367431640625,0.00514984130859375,-0.0073261260986328125,0.4273500442504883,-0.0024423599243164062,0.0073261260986328125,-0.0073261260986328125,-0.0073261260986328125,-0.012209892272949219,-0.8820514678955078,5.476924896240234,-1.433455467224121,0.012209892272949219,-0.1196584701538086,0.0,-1.7866395049572072,6.077195460285207,-1.4918936411779586,0.005479639270987947,-0.005436451488291275
22,1,train,2,1,0.3490658503988659,1.8400259879999794,3,s,af3726fcacd0ac1320a56ea850b0a2c0f5430cf4eb20a45c078706980f08407e,d24fbe3839599a6a097188bae8cd47ce8083f27deef1341ae3086bf0d5a45bd1,a264f9f6df4fae96803cb1057b5fedc2d14ddccb52b4eb699c12be7c2ccc333e,a264f9f6df4fae96803cb1057b5fedc2d14ddccb52b4eb699c12be7c2ccc333e,1787976783.2705078,35367.172,17683645,0,0.9500646591186523,1.147287368774414,1.579880714416504,-0.00171661376953125,-0.00095367431640625,0.00514984130859375,-0.0073261260986328125,0.4224662780761719,-0.0024423599243164062,-0.021978378295898438,-0.021978378295898438,-0.0073261260986328125,-0.0073261260986328125,-0.8820514678955078,5.5042724609375,-1.433455467224121,0.012209892272949219,-0.1196584701538086,0.0,-1.7980800708190734,6.081385599670422,-1.492715889124726,0.005470642721759243,-0.005438345819327988
22,1,train,2,1,0.3490658503988659,1.8418996180043905,3,s,af3726fcacd0ac1320a56ea850b0a2c0f5430cf4eb20a45c078706980f08407e,d24fbe3839599a6a097188bae8cd47ce8083f27deef1341ae3086bf0d5a45bd1,a264f9f6df4fae96803cb1057b5fedc2d14ddccb52b4eb699c12be7c2ccc333e,a264f9f6df4fae96803cb1057b5fedc2d14ddccb52b4eb699c12be7c2ccc333e,1787976783.272421,35367.174,17683646,0,0.9500646591186523,1.148050308227539,1.579880714416504,-0.00171661376953125,-0.00095367431640625,0.00514984130859375,-0.021978378295898438,0.39804649353027344,-0.0024423599243164062,-0.021978378295898438,-0.0073261260986328125,-0.0073261260986328125,-0.0073261260986328125,-0.7726497650146484,5.449573516845703,-1.433455467224121,0.012209892272949219,-0.11477375030517578,0.0,-1.809519590060643,6.085572199223501,-1.493537268196533,0.005461642988197528,-0.005440236984830963
22,1,train,2,1,0.3490658503988659,1.8438165940024192,3,s,af3726fcacd0ac1320a56ea850b0a2c0f5430cf4eb20a45c078706980f08407e,d24fbe3839599a6a097188bae8cd47ce8083f27deef1341ae3086bf0d5a45bd1,a264f9f6df4fae96803cb1057b5fedc2d14ddccb52b4eb699c12be7c2ccc333e,a264f9f6df4fae96803cb1057b5fedc2d14ddccb52b4eb699c12be7c2ccc333e,1787976783.2743015,35367.176,17683647,0,0.9500646591186523,1.148813247680664,1.579880714416504,-0.00171661376953125,-0.00095367431640625,0.00514984130859375,-0.0073261260986328125,0.3687419891357422,-0.0024423599243164062,0.0073261260986328125,0.0073261260986328125,-0.0073261260986328125,-0.0073261260986328125,-0.7589740753173828,5.463249206542969,-1.433455467224121,0.017093658447265625,-0.1196584701538086,0.0,-1.8209580560232395,6.089755256507524,-1.494357777915274,0.005452640075541337,-0.005442124983699395
22,1,train,2,1,0.3490658503988659,1.8456951240004855,3,s,af3726fcacd0ac1320a56ea850b0a2c0f5430cf4eb20a45c078706980f08407e,d24fbe3839599a6a097188bae8cd47ce8083f27deef1341ae3086bf0d5a45bd1,a264f9f6df4fae96803cb1057b5fedc2d14ddccb52b4eb699c12be7c2ccc333e,a264f9f6df4fae96803cb1057b5fedc2d14ddccb52b4eb699c12be7c2ccc333e,1787976783.2767854,35367.178,17683648,0,0.9500646591186523,1.149576187133789,1.579880714416504,-0.00171661376953125,-0.00095367431640625,0.00514984130859375,-0.0073261260986328125,0.34432220458984375,-0.0024423599243164062,-0.0073261260986328125,-0.0073261260986328125,-0.0073261260986328125,-0.0073261260986328125,-0.7042732238769531,5.449573516845703,-1.433455467224121,0.012209892272949219,-0.1196584701538086,0.0,-1.8323954620487934,6.093934769087627,-1.4951774178033483,0.0054436339890310565,-0.005444009814834324
22,1,train,2,1,0.3490658503988659,1.8481864410059643,3,s,af3726fcacd0ac1320a56ea850b0a2c0f5430cf4eb20a45c078706980f08407e,d24fbe3839599a6a097188bae8cd47ce8083f27deef1341ae3086bf0d5a45bd1,a264f9f6df4fae96803cb1057b5fedc2d14ddccb52b4eb699c12be7c2ccc333e,a264f9f6df4fae96803cb1057b5fedc2d14ddccb52b4eb699c12be7c2ccc333e,1787976783.2787316,35367.18,17683649,0,0.9500646591186523,1.150339126586914,1.579880714416504,-0.00171661376953125,-0.00095367431640625,0.00514984130859375,-0.0073261260986328125,0.34432220458984375,-0.0024423599243164062,-0.021978378295898438,0.0073261260986328125,-0.0073261260986328125,-0.0073261260986328125,-0.7452983856201172,5.490596771240234,-1.433455467224121,0.017093658447265625,-0.1196584701538086,0.0,-1.84383180147986,6.098110734531014,-1.4959961873836638,0.0054346247339089136,-0.005445891477138634
22,1,train,2,1,0.3490658503988659,1.8501691839992418,3,s,af3726fcacd0ac1320a56ea850b0a2c0f5430cf4eb20a45c078706980f08407e,d24fbe3839599a6a097188bae8cd47ce8083f27deef1341ae3086bf0d5a45bd1,a264f9f6df4fae96803cb1057b5fedc2d14ddccb52b4eb699c12be7c2ccc333e,a264f9f6df4fae96803cb1057b5fedc2d14ddccb52b4eb699c12be7c2ccc333e,1787976783.280703,35367.182,17683650,0,0.9500646591186523,1.151102066040039,1.579880714416504,-0.00171661376953125,-0.00095367431640625,0.00514984130859375,-0.021978378295898438,0.3687419891357422,-0.0024423599243164062,-0.0073261260986328125,-0.0073261260986328125,-0.0073261260986328125,-0.0073261260986328125,-0.8957271575927734,5.517948150634766,-1.433455467224121,0.017093658447265625,-0.1196584701538086,0.0,-1.8552670676596164,6.102283150406955,-1.4968140861796329,0.005425612315418988,-0.005447769969517051
22,1,train,2,1,0.3490658503988659,1.8521190750034293,3,s,af3726fcacd0ac1320a56ea850b0a2c0f5430cf4eb20a45c078706980f08407e,d24fbe3839599a6a097188bae8cd47ce8083f27deef1341ae3086bf0d5a45bd1,a264f9f6df4fae96803cb1057b5fedc2d14ddccb52b4eb699c12be7c2ccc333e,a264f9f6df4fae96803cb1057b5fedc2d14ddccb52b4eb699c12be7c2ccc333e,1787976783.2826388,35367.184,17683651,0,0.9500646591186523,1.151865005493164,1.579880714416504,-0.00171661376953125,-0.00095367431640625,0.00514984130859375,-0.0073261260986328125,0.39316272735595703,-0.0024423599243164062,0.0073261260986328125,-0.0073261260986328125,-0.0073261260986328125,-0.0073261260986328125,-0.9367523193359375,5.5042724609375,-1.433455467224121,0.017093658447265625,-0.1196584701538086,0.0,-1.8667012539318621,6.106452014286784,-1.4976311137151768,0.005416596738807195,-0.005449645290876151
22,1,train,2,1,0.3490658503988659,1.8540340430045035,3,s,af3726fcacd0ac1320a56ea850b0a2c0f5430cf4eb20a45c078706980f08407e,d24fbe3839599a6a097188bae8cd47ce8083f27deef1341ae3086bf0d5a45bd1,a264f9f6df4fae96803cb1057b5fedc2d14ddccb52b4eb699c12be7c2ccc333e,a264f9f6df4fae96803cb1057b5fedc2d14ddccb52b4eb699c12be7c2ccc333e,1787976783.2845354,35367.186,17683652,0,0.9500646591186523,1.1530094146728516,1.579880714416504,-0.00171661376953125,-0.00095367431640625,0.00514984130859375,-0.0073261260986328125,0.41758251190185547,-0.0024423599243164062,-0.0073261260986328125,0.0073261260986328125,-0.0073261260986328125,-0.0073261260986328125,-1.0735034942626953,5.517948150634766,-1.4383392333984375,0.012209892272949219,-0.1196584701538086,0.0,-1.8838504939547585,6.112698644806203,-1.4988550203650186,0.005403067463890979,-0.0054524523248662546
22,1,train,2,1,0.3490658503988659,1.8559310710043064,3,s,af3726fcacd0ac1320a56ea850b0a2c0f5430cf4eb20a45c078706980f08407e,d24fbe3839599a6a097188bae8cd47ce8083f27deef1341ae3086bf0d5a45bd1,a264f9f6df4fae96803cb1057b5fedc2d14ddccb52b4eb699c12be7c2ccc333e,a264f9f6df4fae96803cb1057b5fedc2d14ddccb52b4eb699c12be7c2ccc333e,1787976783.2864456,35367.188,17683653,0,0.9500646591186523,1.1537723541259766,1.579880714416504,-0.00171661376953125,-0.00095367431640625,0.00514984130859375,-0.0073261260986328125,0.4273500442504883,-0.0024423599243164062,-0.021978378295898438,0.0073261260986328125,-0.0073261260986328125,-0.0073261260986328125,-1.0188026428222656,5.490596771240234,-1.4383392333984375,0.012209892272949219,-0.1196584701538086,0.0,-1.895281951341483,6.1168586180839135,-1.4996698676699793,0.005394044014937468,-0.0054543197139054365
22,1,train,2,1,0.3490658503988659,1.8578411490016151,3,s,af3726fcacd0ac1320a56ea850b0a2c0f5430cf4eb20a45c078706980f08407e,d24fbe3839599a6a097188bae8cd47ce8083f27deef1341ae3086bf0d5a45bd1,a264f9f6df4fae96803cb1057b5fedc2d14ddccb52b4eb699c12be7c2ccc333e,a264f9f6df4fae96803cb1057b5fedc2d14ddccb52b4eb699c12be7c2ccc333e,1787976783.2883804,35367.189999999995,17683654,0,0.9500646591186523,1.1545352935791016,1.579880714416504,-0.00171661376953125,-0.00095367431640625,0.00514984130859375,-0.0073261260986328125,0.41269874572753906,-0.0024423599243164062,0.0073261260986328125,-0.021978378295898438,-0.0073261260986328125,-0.0073261260986328125,-1.0188026428222656,5.517948150634766,-1.4383392333984375,0.012209892272949219,-0.1196584701538086,0.0,-1.9067123055289683,6.121015030881472,-1.50048384205223,0.0053850174262372605,-0.005456183928112845
22,1,train,2,1,0.3490658503988659,1.859776053999667,3,s,af3726fcacd0ac1320a56ea850b0a2c0f5430cf4eb20a45c078706980f08407e,d24fbe3839599a6a097188bae8cd47ce8083f27deef1341ae3086bf0d5a45bd1,a264f9f6df4fae96803cb1057b5fedc2d14ddccb52b4eb699c12be7c2ccc333e,a264f9f6df4fae96803cb1057b5fedc2d14ddccb52b4eb699c12be7c2ccc333e,1787976783.290266,35367.191999999995,17683655,0,0.9500646591186523,1.1552982330322266,1.579880714416504,-0.00171661376953125,-0.00095367431640625,0.00514984130859375,-0.0073261260986328125,0.3833942413330078,-0.0024423599243164062,0.0073261260986328125,0.0073261260986328125,-0.0073261260986328125,-0.0073261260986328125,-0.9504280090332031,5.531623840332031,-1.443222999572754,0.017093658447265625,-0.1196584701538086,0.0,-1.9181415498638763,6.125167880779532,-1.5012969430379768,0.005375987703044521,-0.005458044966403372
22,1,train,2,1,0.3490658503988659,1.8616571070015198,3,s,af3726fcacd0ac1320a56ea850b0a2c0f5430cf4eb20a45c078706980f08407e,d24fbe3839599a6a097188bae8cd47ce8083f27deef1341ae3086bf0d5a45bd1,a264f9f6df4fae96803cb1057b5fedc2d14ddccb52b4eb699c12be7c2ccc333e,a264f9f6df4fae96803cb1057b5fedc2d14ddccb52b4eb699c12be7c2ccc333e,1787976783.2927754,35367.193999999996,17683656,0,0.9500646591186523,1.1560611724853516,1.579880714416504,-0.00171661376953125,-0.00095367431640625,0.00514984130859375,-0.0073261260986328125,0.3638582229614258,-0.0024423599243164062,0.0073261260986328125,-0.0073261260986328125,-0.0073261260986328125,-0.0073261260986328125,-0.9367523193359375,5.545299530029297,-1.443222999572754,0.012209892272949219,-0.1196584701538086,0.0,-1.9295696776935076,6.129317165360813,-1.5021091701539315,0.005366954850615242,-0.005459902827693745
22,1,train,2,1,0.3490658503988659,1.8641759029997047,3,s,af3726fcacd0ac1320a56ea850b0a2c0f5430cf4eb20a45c078706980f08407e,d24fbe3839599a6a097188bae8cd47ce8083f27deef1341ae3086bf0d5a45bd1,a264f9f6df4fae96803cb1057b5fedc2d14ddccb52b4eb699c12be7c2ccc333e,a264f9f6df4fae96803cb1057b5fedc2d14ddccb52b4eb699c12be7c2ccc333e,1787976783.2947261,35367.195999999996,17683657,0,0.9500646591186523,1.156825065612793,1.579880714416504,-0.00171661376953125,-0.00095367431640625,0.00514984130859375,0.0073261260986328125,0.3638582229614258,-0.0024423599243164062,-0.03663063049316406,-0.0073261260986328125,-0.0073261260986328125,-0.0073261260986328125,-1.0324783325195312,5.5589752197265625,-1.4481077194213867,0.012209892272949219,-0.1196584701538086,0.0,-1.9410109654160326,6.133468062122551,-1.5029215365709394,0.005357907577283992,-0.005461759827267324
22,1,train,2,1,0.3490658503988659,1.8661601450003218,3,s,af3726fcacd0ac1320a56ea850b0a2c0f5430cf4eb20a45c078706980f08407e,d24fbe3839599a6a097188bae8cd47ce8083f27deef1341ae3086bf0d5a45bd1,a264f9f6df4fae96803cb1057b5fedc2d14ddccb52b4eb699c12be7c2ccc333e,a264f9f6df4fae96803cb1057b5fedc2d14ddccb52b4eb699c12be7c2ccc333e,1787976783.2966805,35367.198,17683658,0,0.9500646591186523,1.157588005065918,1.579880714416504,-0.00171661376953125,-0.00095367431640625,0.00514984130859375,-0.0073261260986328125,0.3833942413330078,-0.0024423599243164062,-0.0073261260986328125,-0.0073261260986328125,-0.0073261260986328125,-0.0073261260986328125,-1.0598297119140625,5.572650909423828,-1.443222999572754,0.012209892272949219,-0.1196584701538086,0.0,-1.9524368388632087,6.137610204362561,-1.5037320134356718,0.005348868478261777,-0.005463611327340364
22,1,train,2,1,0.3490658503988659,1.8680729970001266,3,s,af3726fcacd0ac1320a56ea850b0a2c0f5430cf4eb20a45c078706980f08407e,d24fbe3839599a6a097188bae8cd47ce8083f27deef1341ae3086bf0d5a45bd1,a264f9f6df4fae96803cb1057b5fedc2d14ddccb52b4eb699c12be7c2ccc333e,a264f9f6df4fae96803cb1057b5fedc2d14ddccb52b4eb699c12be7c2ccc333e,1787976783.2985952,35367.2,17683659,0,0.9500646591186523,1.158350944519043,1.579880714416504,-0.00171661376953125,-0.00095367431640625,0.00514984130859375,-0.0073261260986328125,0.41269874572753906,-0.0024423599243164062,-0.0073261260986328125,-0.0073261260986328125,-0.0073261260986328125,-0.0073261260986328125,-1.1829051971435547,5.5589752197265625,-1.4481077194213867,0.012209892272949219,-0.1196584701538086,0.0,-1.963861575842626,6.141748774043407,-1.5045416150132143,0.005339826265788484,-0.005465459647173201
22,1,train,2,1,0.3490658503988659,1.86998904900247,3,s,af3726fcacd0ac1320a56ea850b0a2c0f5430cf4eb20a45c078706980f08407e,d24fbe3839599a6a097188bae8cd47ce8083f27deef1341ae3086bf0d5a45bd1,a264f9f6df4fae96803cb1057b5fedc2d14ddccb52b4eb699c12be7c2ccc333e,a264f9f6df4fae96803cb1057b5fedc2d14ddccb52b4eb699c12be7c2ccc333e,1787976783.3004932,35367.202,17683660,0,0.9500646591186523,1.159113883972168,1.579880714416504,-0.00171661376953125,-0.00095367431640625,0.00514984130859375,0.0073261260986328125,0.4273500442504883,-0.0024423599243164062,-0.0073261260986328125,-0.021978378295898438,-0.0073261260986328125,-0.0073261260986328125,-1.1829051971435547,5.572650909423828,-1.4529914855957031,0.012209892272949219,-0.1196584701538086,0.0,-1.9752851697042106,6.145883768756125,-1.5053503408323188,0.005330780945127379,-0.005467304785689975
22,1,train,2,1,0.3490658503988659,1.8719034270034172,3,s,af3726fcacd0ac1320a56ea850b0a2c0f5430cf4eb20a45c078706980f08407e,d24fbe3839599a6a097188bae8cd47ce8083f27deef1341ae3086bf0d5a45bd1,a264f9f6df4fae96803cb1057b5fedc2d14ddccb52b4eb699c12be7c2ccc333e,a264f9f6df4fae96803cb1057b5fedc2d14ddccb52b4eb699c12be7c2ccc333e,1787976783.3024096,35367.204,17683661,0,0.9500646591186523,1.1602582931518555,1.579880714416504,-0.00171661376953125,-0.00095367431640625,0.00514984130859375,-0.0073261260986328125,0.4322347640991211,-0.0024423599243164062,-0.0073261260986328125,-0.0073261260986328125,-0.0073261260986328125,-0.0073261260986328125,-1.1692314147949219,5.586326599121094,-1.4529914855957031,0.017093658447265625,-0.11477375030517578,0.0,-1.992418402605262,6.152079552495477,-1.506561786484296,0.005317207147801399,-0.0054700665261486195
22,1,train,2,1,0.3490658503988659,1.8738060340037919,3,s,af3726fcacd0ac1320a56ea850b0a2c0f5430cf4eb20a45c078706980f08407e,d24fbe3839599a6a097188bae8cd47ce8083f27deef1341ae3086bf0d5a45bd1,a264f9f6df4fae96803cb1057b5fedc2d14ddccb52b4eb699c12be7c2ccc333e,a264f9f6df4fae96803cb1057b5fedc2d14ddccb52b4eb699c12be7c2ccc333e,1787976783.3043218,35367.206,17683662,0,0.9500646591186523,1.1610212326049805,1.579880714416504,-0.00171661376953125,-0.00095367431640625,0.00514984130859375,-0.0073261260986328125,0.40781402587890625,-0.0024423599243164062,-0.0073261260986328125,-0.0073261260986328125,-0.0073261260986328125,-0.0073261260986328125,-1.0735034942626953,5.572650909423828,-1.4481077194213867,0.017093658447265625,-0.1196584701538086,0.0,-2.003839109582577,6.156205599262316,-1.5073683208489284,0.005308154079709386,-0.005471903706680481
22,1,train,2,1,0.3490658503988659,1.8757205710062408,3,s,af3726fcacd0ac1320a56ea850b0a2c0f5430cf4eb20a45c078706980f08407e,d24fbe3839599a6a097188bae8cd47ce8083f27deef1341ae3086bf0d5a45bd1,a264f9f6df4fae96803cb1057b5fedc2d14ddccb52b4eb699c12be7c2ccc333e,a264f9f6df4fae96803cb1057b5fedc2d14ddccb52b4eb699c12be7c2ccc333e,1787976783.306258,35367.208,17683663,0,0.9500646591186523,1.161402702331543,1.579880714416504,-0.00171661376953125,-0.00095367431640625,0.00514984130859375,-0.021978378295898438,0.3785104751586914,-0.0024423599243164062,0.0073261260986328125,-0.0073261260986328125,-0.0073261260986328125,-0.0073261260986328125,-1.0051288604736328,5.586326599121094,-1.4529914855957031,0.017093658447265625,-0.1196584701538086,0.0,-2.009549026091262,6.158267279027095,-1.507771259034142,0.005303626386676889,-0.005472821102613053
22,1,train,2,1,0.3490658503988659,1.8776563550054561,3,s,af3726fcacd0ac1320a56ea850b0a2c0f5430cf4eb20a45c078706980f08407e,d24fbe3839599a6a097188bae8cd47ce8083f27deef1341ae3086bf0d5a45bd1,a264f9f6df4fae96803cb1057b5fedc2d14ddccb52b4eb699c12be7c2ccc333e,a264f9f6df4fae96803cb1057b5fedc2d14ddccb52b4eb699c12be7c2ccc333e,1787976783.3087456,35367.21,17683664,0,0.9500646591186523,1.162165641784668,1.579880714416504,-0.00171661376953125,-0.00095367431640625,0.00514984130859375,0.0073261260986328125,0.35409069061279297,-0.0024423599243164062,0.0073261260986328125,-0.0073261260986328125,-0.0073261260986328125,-0.0073261260986328125,-1.0051288604736328,5.586326599121094,-1.4529914855957031,0.012209892272949219,-0.1196584701538086,0.0,-2.0209679809941683,6.1623879498192995,-1.5085764771171881,0.005294568685933263,-0.0054746535051439765
22,1,train,2,1,0.3490658503988659,1.880142435999005,3,s,af3726fcacd0ac1320a56ea850b0a2c0f5430cf4eb20a45c078706980f08407e,d24fbe3839599a6a097188bae8cd47ce8083f27deef1341ae3086bf0d5a45bd1,a264f9f6df4fae96803cb1057b5fedc2d14ddccb52b4eb699c12be7c2ccc333e,a264f9f6df4fae96803cb1057b5fedc2d14ddccb52b4eb699c12be7c2ccc333e,1787976783.3106837,35367.212,17683665,0,0.9500646591186523,1.162928581237793,1.579880714416504,-0.00171661376953125,-0.00095367431640625,0.00514984130859375,0.0073261260986328125,0.34432220458984375,-0.0024423599243164062,-0.0073261260986328125,0.0073261260986328125,-0.0073261260986328125,-0.0073261260986328125,-1.0188026428222656,5.572650909423828,-1.4578752517700195,0.012209892272949219,-0.1196584701538086,0.0,-2.0323857595389443,6.1665050336297975,-1.5093808170931962,0.005285507903345196,-0.005476482721007308
22,1,train,2,1,0.3490658503988659,1.8820848710020073,3,s,af3726fcacd0ac1320a56ea850b0a2c0f5430cf4eb20a45c078706980f08407e,d24fbe3839599a6a097188bae8cd47ce8083f27deef1341ae3086bf0d5a45bd1,a264f9f6df4fae96803cb1057b5fedc2d14ddccb52b4eb699c12be7c2ccc333e,a264f9f6df4fae96803cb1057b5fedc2d14ddccb52b4eb699c12be7c2ccc333e,1787976783.31264,35367.214,17683666,0,0.9500646591186523,1.163691520690918,1.579880714416504,-0.00171661376953125,-0.00095367431640625,0.00514984130859375,-0.0073261260986328125,0.3589744567871094,-0.0024423599243164062,-0.021978378295898438,-0.021978378295898438,-0.0073261260986328125,-0.0073261260986328125,-1.1555557250976562,5.545299530029297,-1.4578752517700195,0.012209892272949219,-0.1196584701538086,0.0,-2.0438023550795634,6.170618528062127,-1.5101842784939785,0.005276444044186758,-0.0054783087491382994
22,1,train,2,1,0.3490658503988659,1.884034934999363,3,s,af3726fcacd0ac1320a56ea850b0a2c0f5430cf4eb20a45c078706980f08407e,d24fbe3839599a6a097188bae8cd47ce8083f27deef1341ae3086bf0d5a45bd1,a264f9f6df4fae96803cb1057b5fedc2d14ddccb52b4eb699c12be7c2ccc333e,a264f9f6df4fae96803cb1057b5fedc2d14ddccb52b4eb699c12be7c2ccc333e,1787976783.3145368,35367.216,17683667,0,0.9500646591186523,1.164454460144043,1.579880714416504,-0.00171661376953125,-0.00095367431640625,0.00514984130859375,-0.0073261260986328125,0.3833942413330078,-0.0024423599243164062,-0.021978378295898438,-0.021978378295898438,-0.0073261260986328125,-0.0073261260986328125,-1.2376060485839844,5.5589752197265625,-1.4578752517700195,0.012209892272949219,-0.1196584701538086,0.0,-2.055217760970697,6.174728430721922,-1.5109868608518595,0.005267377113733816,-0.005480131588474065
22,1,train,2,1,0.3490658503988659,1.885930525000731,3,s,af3726fcacd0ac1320a56ea850b0a2c0f5430cf4eb20a45c078706980f08407e,d24fbe3839599a6a097188bae8cd47ce8083f27deef1341ae3086bf0d5a45bd1,a264f9f6df4fae96803cb1057b5fedc2d14ddccb52b4eb699c12be7c2ccc333e,a264f9f6df4fae96803cb1057b5fedc2d14ddccb52b4eb699c12be7c2ccc333e,1787976783.3164322,35367.218,17683668,0,0.9500646591186523,1.1655988693237305,1.579880714416504,-0.00171661376953125,-0.00095367431640625,0.00514984130859375,-0.0073261260986328125,0.40293025970458984,-0.0024423599243164062,0.0073261260986328125,-0.0073261260986328125,-0.0073261260986328125,-0.0073261260986328125,-1.292306900024414,5.572650909423828,-1.4529914855957031,0.012209892272949219,-0.1196584701538086,0.0,-2.0723386246796465,6.180886544905575,-1.512189085161459,0.00525377097092254,-0.005482859866166165
22,1,train,2,1,0.3490658503988659,1.8878262200014433,3,s,af3726fcacd0ac1320a56ea850b0a2c0f5430cf4eb20a45c078706980f08407e,d24fbe3839599a6a097188bae8cd47ce8083f27deef1341ae3086bf0d5a45bd1,a264f9f6df4fae96803cb1057b5fedc2d14ddccb52b4eb699c12be7c2ccc333e,a264f9f6df4fae96803cb1057b5fedc2d14ddccb52b4eb699c12be7c2ccc333e,1787976783.3183296,35367.22,17683669,0,0.9500646591186523,1.1663618087768555,1.579880714416504,-0.00171661376953125,-0.00095367431640625,0.00514984130859375,-0.0073261260986328125,0.41269874572753906,-0.0024423599243164062,-0.0073261260986328125,0.0073261260986328125,-0.0073261260986328125,-0.0073261260986328125,-1.3059825897216797,5.586326599121094,-1.4529914855957031,0.017093658447265625,-0.1196584701538086,0.0,-2.083751027378287,6.1849874576723955,-1.5129894678693625,0.005244696385326937,-0.005484674728875915
22,1,train,2,1,0.3490658503988659,1.8897229670037632,3,s,af3726fcacd0ac1320a56ea850b0a2c0f5430cf4eb20a45c078706980f08407e,d24fbe3839599a6a097188bae8cd47ce8083f27deef1341ae3086bf0d5a45bd1,a264f9f6df4fae96803cb1057b5fedc2d14ddccb52b4eb699c12be7c2ccc333e,a264f9f6df4fae96803cb1057b5fedc2d14ddccb52b4eb699c12be7c2ccc333e,1787976783.3207939,35367.222,17683670,0,0.9500646591186523,1.1671247482299805,1.579880714416504,-0.00171661376953125,-0.00095367431640625,0.00514984130859375,-0.0073261260986328125,0.40781402587890625,-0.0024423599243164062,-0.0073261260986328125,-0.0073261260986328125,-0.0073261260986328125,-0.0073261260986328125,-1.2239322662353516,5.599998474121094,-1.4529914855957031,0.017093658447265625,-0.1196584701538086,0.0,-2.095162217174251,6.189084770302861,-1.5137889699015297,0.005235618746916396,-0.005486486399084948
22,1,train,2,1,0.3490658503988659,1.8922002820036141,3,s,af3726fcacd0ac1320a56ea850b0a2c0f5430cf4eb20a45c078706980f08407e,d24fbe3839599a6a097188bae8cd47ce8083f27deef1341ae3086bf0d5a45bd1,a264f9f6df4fae96803cb1057b5fedc2d14ddccb52b4eb699c12be7c2ccc333e,a264f9f6df4fae96803cb1057b5fedc2d14ddccb52b4eb699c12be7c2ccc333e,1787976783.3227227,35367.224,17683671,0,0.9500646591186523,1.1678876876831055,1.579880714416504,-0.00171661376953125,-0.00095367431640625,0.00514984130859375,-0.021978378295898438,0.3882780075073242,-0.0024423599243164062,-0.0073261260986328125,-0.0073261260986328125,-0.0073261260986328125,-0.0073261260986328125,-1.2239322662353516,5.613674163818359,-1.4578752517700195,0.017093658447265625,-0.1196584701538086,0.0,-2.106572187425356,6.1931784804120245,-1.5145875907925894,0.005226538060974793,-0.00548829487573874
22,1,train,2,1,0.3490658503988659,1.8941463790033595,3,s,af3726fcacd0ac1320a56ea850b0a2c0f5430cf4eb20a45c078706980f08407e,d24fbe3839599a6a097188bae8cd47ce8083f27deef1341ae3086bf0d5a45bd1,a264f9f6df4fae96803cb1057b5fedc2d14ddccb52b4eb699c12be7c2ccc333e,a264f9f6df4fae96803cb1057b5fedc2d14ddccb52b4eb699c12be7c2ccc333e,1787976783.3246717,35367.225999999995,17683672,0,0.9500646591186523,1.1686506271362305,1.579880714416504,-0.00171661376953125,-0.00095367431640625,0.00514984130859375,-0.0073261260986328125,0.3638582229614258,-0.0024423599243164062,-0.0073261260986328125,-0.0073261260986328125,-0.0073261260986328125,-0.0073261260986328125,-1.1418800354003906,5.627349853515625,-1.4578752517700195,0.017093658447265625,-0.1196584701538086,0.0,-2.117980931490127,6.197268585617035,-1.5153853300776823,0.005217454332787787,-0.005490100157784612
22,1,train,2,1,0.3490658503988659,1.896071638999274,3,s,af3726fcacd0ac1320a56ea850b0a2c0f5430cf4eb20a45c078706980f08407e,d24fbe3839599a6a097188bae8cd47ce8083f27deef1341ae3086bf0d5a45bd1,a264f9f6df4fae96803cb1057b5fedc2d14ddccb52b4eb699c12be7c2ccc333e,a264f9f6df4fae96803cb1057b5fedc2d14ddccb52b4eb699c12be7c2ccc333e,1787976783.3266337,35367.227999999996,17683673,0,0.9500646591186523,1.1694135665893555,1.579880714416504,-0.00171661376953125,-0.00095367431640625,0.00514984130859375,-0.0073261260986328125,0.34920597076416016,-0.0024423599243164062,-0.0073261260986328125,0.0073261260986328125,-0.0073261260986328125,-0.0073261260986328125,-1.1965808868408203,5.641025543212891,-1.462759017944336,0.017093658447265625,-0.1196584701538086,0.0,-2.129388442727795,6.201355083537134,-1.5161821872924635,0.0052083675676428045,-0.005491902244171757
22,1,train,2,1,0.3490658503988659,1.898032825003611,3,s,af3726fcacd0ac1320a56ea850b0a2c0f5430cf4eb20a45c078706980f08407e,d24fbe3839599a6a097188bae8cd47ce8083f27deef1341ae3086bf0d5a45bd1,a264f9f6df4fae96803cb1057b5fedc2d14ddccb52b4eb699c12be7c2ccc333e,a264f9f6df4fae96803cb1057b5fedc2d14ddccb52b4eb699c12be7c2ccc333e,1787976783.328545,35367.229999999996,17683674,0,0.9500646591186523,1.1701765060424805,1.579880714416504,-0.00171661376953125,-0.00095367431640625,0.00514984130859375,-0.021978378295898438,0.35409069061279297,-0.0024423599243164062,-0.021978378295898438,-0.021978378295898438,-0.0073261260986328125,-0.0073261260986328125,-1.2786331176757812,5.641025543212891,-1.462759017944336,0.017093658447265625,-0.1196584701538086,0.0,-2.140794714498324,6.205437971793673,-1.5169781619731013,0.005199277770829031,-0.005493701133851224
22,1,train,2,1,0.3490658503988659,1.8999422950000735,3,s,af3726fcacd0ac1320a56ea850b0a2c0f5430cf4eb20a45c078706980f08407e,d24fbe3839599a6a097188bae8cd47ce8083f27deef1341ae3086bf0d5a45bd1,a264f9f6df4fae96803cb1057b5fedc2d14ddccb52b4eb699c12be7c2ccc333e,a264f9f6df4fae96803cb1057b5fedc2d14ddccb52b4eb699c12be7c2ccc333e,1787976783.3304577,35367.231999999996,17683675,0,0.9500646591186523,1.1709394454956055,1.579880714416504,-0.00171661376953125,-0.00095367431640625,0.00514984130859375,-0.0073261260986328125,0.3785104751586914,-0.0024423599243164062,-0.021978378295898438,-0.021978378295898438,-0.0073261260986328125,-0.0073261260986328125,-1.3196582794189453,5.654701232910156,-1.462759017944336,0.017093658447265625,-0.1196584701538086,0.0,-2.1521997401623807,6.209517248010091,-1.5177732536562776,0.005190184947637433,-0.005495496825775915
22,1,train,2,1,0.3490658503988659,1.9018556510054623,3,s,af3726fcacd0ac1320a56ea850b0a2c0f5430cf4eb20a45c078706980f08407e,d24fbe3839599a6a097188bae8cd47ce8083f27deef1341ae3086bf0d5a45bd1,a264f9f6df4fae96803cb1057b5fedc2d14ddccb52b4eb699c12be7c2ccc333e,a264f9f6df4fae96803cb1057b5fedc2d14ddccb52b4eb699c12be7c2ccc333e,1787976783.3323586,35367.234,17683676,0,0.9500646591186523,1.1717023849487305,1.579880714416504,-0.00171661376953125,-0.00095367431640625,0.00514984130859375,-0.0073261260986328125,0.40293025970458984,-0.0024423599243164062,-0.0073261260986328125,-0.0073261260986328125,-0.0073261260986328125,-0.0073261260986328125,-1.4427356719970703,5.641025543212891,-1.4578752517700195,0.017093658447265625,-0.1196584701538086,0.0,-2.163603513081371,6.21359290981194,-1.518567461879187,0.005181089103360726,-0.005497289318900604
22,1,train,2,1,0.3490658503988659,1.903758848005964,3,s,af3726fcacd0ac1320a56ea850b0a2c0f5430cf4eb20a45c078706980f08407e,d24fbe3839599a6a097188bae8cd47ce8083f27deef1341ae3086bf0d5a45bd1,a264f9f6df4fae96803cb1057b5fedc2d14ddccb52b4eb699c12be7c2ccc333e,a264f9f6df4fae96803cb1057b5fedc2d14ddccb52b4eb699c12be7c2ccc333e,1787976783.334331,35367.236,17683677,0,0.9500646591186523,1.1724653244018555,1.579880714416504,-0.00171661376953125,-0.00095367431640625,0.00514984130859375,-0.0073261260986328125,0.4224662780761719,-0.0024423599243164062,-0.021978378295898438,0.0073261260986328125,-0.0073261260986328125,-0.0073261260986328125,-1.3880348205566406,5.654701232910156,-1.4578752517700195,0.017093658447265625,-0.11477375030517578,0.0,-2.175006026617429,6.2176649548268745,-1.5193607861795408,0.005171990243293387,-0.0054990786121819225
22,1,train,2,1,0.3490658503988659,1.9057299250052893,3,s,af3726fcacd0ac1320a56ea850b0a2c0f5430cf4eb20a45c078706980f08407e,d24fbe3839599a6a097188bae8cd47ce8083f27deef1341ae3086bf0d5a45bd1,a264f9f6df4fae96803cb1057b5fedc2d14ddccb52b4eb699c12be7c2ccc333e,a264f9f6df4fae96803cb1057b5fedc2d14ddccb52b4eb699c12be7c2ccc333e,1787976783.336242,35367.238,17683678,0,0.9500646591186523,1.1732282638549805,1.579880714416504,-0.00171661376953125,-0.00095367431640625,0.00514984130859375,-0.0073261260986328125,0.4224662780761719,-0.0024423599243164062,0.0073261260986328125,-0.021978378295898438,-0.0073261260986328125,-0.0073261260986328125,-1.4017086029052734,5.668376922607422,-1.4578752517700195,0.017093658447265625,-0.1196584701538086,0.0,-2.1864072741334133,6.2217333806846495,-1.5201532260955632,0.005162888372731651,-0.005500864704578365
22,1,train,2,1,0.3490658503988659,1.9076405140003772,3,s,af3726fcacd0ac1320a56ea850b0a2c0f5430cf4eb20a45c078706980f08407e,d24fbe3839599a6a097188bae8cd47ce8083f27deef1341ae3086bf0d5a45bd1,a264f9f6df4fae96803cb1057b5fedc2d14ddccb52b4eb699c12be7c2ccc333e,a264f9f6df4fae96803cb1057b5fedc2d14ddccb52b4eb699c12be7c2ccc333e,1787976783.3387702,35367.24,17683679,0,0.9500646591186523,1.1739912033081055,1.579880714416504,-0.00171661376953125,-0.00095367431640625,0.00514984130859375,-0.0073261260986328125,0.40293025970458984,-0.0024423599243164062,0.0073261260986328125,0.0073261260986328125,-0.0073261260986328125,-0.0073261260986328125,-1.333333969116211,5.627349853515625,-1.462759017944336,0.017093658447265625,-0.11477375030517578,0.0,-2.1978072489929286,6.225798185017133,-1.520944781165993,0.005153783496973504,-0.005502647595050288
22,1,train,2,1,0.3490658503988659,1.9101712050032802,3,s,af3726fcacd0ac1320a56ea850b0a2c0f5430cf4eb20a45c078706980f08407e,d24fbe3839599a6a097188bae8cd47ce8083f27deef1341ae3086bf0d5a45bd1,a264f9f6df4fae96803cb1057b5fedc2d14ddccb52b4eb699c12be7c2ccc333e,a264f9f6df4fae96803cb1057b5fedc2d14ddccb52b4eb699c12be7c2ccc333e,1787976783.3407013,35367.242,17683680,0,0.9500646591186523,1.1747541427612305,1.579880714416504,-0.00171661376953125,-0.00095367431640625,0.00514984130859375,-0.0073261260986328125,0.3785104751586914,-0.0024423599243164062,-0.0073261260986328125,-0.0073261260986328125,-0.0073261260986328125,-0.0073261260986328125,-1.3196582794189453,5.586326599121094,-1.4676437377929688,0.017093658447265625,-0.1196584701538086,0.0,-2.209205944560311,6.229859365458292,-1.5217354509300842,0.005144675621318682,-0.0055044272825599105
22,1,train,2,1,0.3490658503988659,1.91212313700089,3,s,af3726fcacd0ac1320a56ea850b0a2c0f5430cf4eb20a45c078706980f08407e,d24fbe3839599a6a097188bae8cd47ce8083f27deef1341ae3086bf0d5a45bd1,a264f9f6df4fae96803cb1057b5fedc2d14ddccb52b4eb699c12be7c2ccc333e,a264f9f6df4fae96803cb1057b5fedc2d14ddccb52b4eb699c12be7c2ccc333e,1787976783.3426976,35367.244,17683681,0,0.9500646591186523,1.1755170822143555,1.579880714416504,-0.00171661376953125,-0.00095367431640625,0.00514984130859375,-0.0073261260986328125,0.35409069061279297,-0.0024423599243164062,-0.0073261260986328125,0.0073261260986328125,-0.0073261260986328125,-0.0073261260986328125,-1.374359130859375,5.627349853515625,-1.4676437377929688,0.017093658447265625,-0.1196584701538086,0.0,-2.220603354200654,6.233916919644214,-1.5225252349276082,0.005135564751068663,-0.005506203766071324
22,1,train,2,1,0.3490658503988659,1.9141272060005576,3,s,af3726fcacd0ac1320a56ea850b0a2c0f5430cf4eb20a45c078706980f08407e,d24fbe3839599a6a097188bae8cd47ce8083f27deef1341ae3086bf0d5a45bd1,a264f9f6df4fae96803cb1057b5fedc2d14ddccb52b4eb699c12be7c2ccc333e,a264f9f6df4fae96803cb1057b5fedc2d14ddccb52b4eb699c12be7c2ccc333e,1787976783.3446665,35367.246,17683682,0,0.9500646591186523,1.1762800216674805,1.579880714416504,-0.00171661376953125,-0.00095367431640625,0.00514984130859375,-0.021978378295898438,0.35409069061279297,-0.0024423599243164062,-0.0073261260986328125,0.0073261260986328125,-0.0073261260986328125,-0.0073261260986328125,-1.3880348205566406,5.641025543212891,-1.4676437377929688,0.017093658447265625,-0.1196584701538086,0.0,-2.2319994712797873,6.237970845213089,-1.5233141326988482,0.005126450891526672,-0.005507977044550473
22,1,train,2,1,0.3490658503988659,1.9160631090053357,3,s,af3726fcacd0ac1320a56ea850b0a2c0f5430cf4eb20a45c078706980f08407e,d24fbe3839599a6a097188bae8cd47ce8083f27deef1341ae3086bf0d5a45bd1,a264f9f6df4fae96803cb1057b5fedc2d14ddccb52b4eb699c12be7c2ccc333e,a264f9f6df4fae96803cb1057b5fedc2d14ddccb52b4eb699c12be7c2ccc333e,1787976783.3465807,35367.248,17683683,0,0.9500646591186523,1.1770429611206055,1.579880714416504,-0.00171661376953125,-0.00095367431640625,0.00514984130859375,-0.021978378295898438,0.3687419891357422,-0.0024423599243164062,-0.0073261260986328125,-0.0073261260986328125,-0.0073261260986328125,-0.0073261260986328125,-1.5247859954833984,5.668376922607422,-1.4676437377929688,0.017093658447265625,-0.1196584701538086,0.0,-2.2433942891643066,6.242021139805229,-1.5241021437846076,0.0051173340479976764,-0.0055097471169651795
22,1,train,2,1,0.3490658503988659,1.9179808440021588,3,s,af3726fcacd0ac1320a56ea850b0a2c0f5430cf4eb20a45c078706980f08407e,d24fbe3839599a6a097188bae8cd47ce8083f27deef1341ae3086bf0d5a45bd1,a264f9f6df4fae96803cb1057b5fedc2d14ddccb52b4eb699c12be7c2ccc333e,a264f9f6df4fae96803cb1057b5fedc2d14ddccb52b4eb699c12be7c2ccc333e,1787976783.3485153,35367.25,17683684,0,0.9500646591186523,1.1778059005737305,1.579880714416504,-0.00171661376953125,-0.00095367431640625,0.00514984130859375,-0.0073261260986328125,0.39316272735595703,-0.0024423599243164062,-0.0073261260986328125,-0.0073261260986328125,-0.0073261260986328125,-0.0073261260986328125,-1.5247859954833984,5.6820526123046875,-1.4676437377929688,0.012209892272949219,-0.1196584701538086,0.0,-2.2547878012215414,6.246067801063038,-1.524889267726201,0.005108214225788372,-0.005511513982285119
22,1,train,2,1,0.3490658503988659,1.9199119360055192,3,s,af3726fcacd0ac1320a56ea850b0a2c0f5430cf4eb20a45c078706980f08407e,d24fbe3839599a6a097188bae8cd47ce8083f27deef1341ae3086bf0d5a45bd1,a264f9f6df4fae96803cb1057b5fedc2d14ddccb52b4eb699c12be7c2ccc333e,a264f9f6df4fae96803cb1057b5fedc2d14ddccb52b4eb699c12be7c2ccc333e,1787976783.3504314,35367.252,17683685,0,0.9500646591186523,1.178950309753418,1.579880714416504,-0.00171661376953125,-0.00095367431640625,0.00514984130859375,0.0073261260986328125,0.41269874572753906,-0.0024423599243164062,-0.0073261260986328125,-0.0073261260986328125,-0.0073261260986328125,-0.0073261260986328125,-1.5931625366210938,5.654701232910156,-1.4725275039672852,0.012209892272949219,-0.1196584701538086,0.0,-2.2718756063741874,6.252130975295897,-1.526068289241185,0.005094528919061517,-0.005514158264713124
22,1,train,2,1,0.3490658503988659,1.9218271070058108,3,s,af3726fcacd0ac1320a56ea850b0a2c0f5430cf4eb20a45c078706980f08407e,d24fbe3839599a6a097188bae8cd47ce8083f27deef1341ae3086bf0d5a45bd1,a264f9f6df4fae96803cb1057b5fedc2d14ddccb52b4eb699c12be7c2ccc333e,a264f9f6df4fae96803cb1057b5fedc2d14ddccb52b4eb699c12be7c2ccc333e,1787976783.3523424,35367.254,17683686,0,0.9500646591186523,1.179713249206543,1.579880714416504,-0.00171661376953125,-0.00095367431640625,0.00514984130859375,-0.0073261260986328125,0.4224662780761719,-0.0024423599243164062,-0.021978378295898438,-0.0073261260986328125,-0.0073261260986328125,-0.012209892272949219,-1.5658111572265625,5.654701232910156,-1.4676437377929688,0.012209892272949219,-0.124542236328125,0.0,-2.2832658248503517,6.2561685429173615,-1.5268531933190186,0.005085401673379638,-0.005515917107800766
22,1,train,2,1,0.3490658503988659,1.9237362550047692,3,s,af3726fcacd0ac1320a56ea850b0a2c0f5430cf4eb20a45c078706980f08407e,d24fbe3839599a6a097188bae8cd47ce8083f27deef1341ae3086bf0d5a45bd1,a264f9f6df4fae96803cb1057b5fedc2d14ddccb52b4eb699c12be7c2ccc333e,a264f9f6df4fae96803cb1057b5fedc2d14ddccb52b4eb699c12be7c2ccc333e,1787976783.3542538,35367.256,17683687,0,0.9500646591186523,1.180476188659668,1.579880714416504,-0.00171661376953125,-0.00095367431640625,0.00514984130859375,-0.0073261260986328125,0.40781402587890625,-0.0024423599243164062,-0.0073261260986328125,-0.0073261260986328125,-0.0073261260986328125,-0.012209892272949219,-1.4974365234375,5.654701232910156,-1.4676437377929688,0.012209892272949219,-0.1196584701538086,0.0,-2.2946547142909575,6.260202468969635,-1.5276372086513665,0.005076271467604539,-0.005517672740202241
22,1,train,2,1,0.3490658503988659,1.9256479530013166,3,s,af3726fcacd0ac1320a56ea850b0a2c0f5430cf4eb20a45c078706980f08407e,d24fbe3839599a6a097188bae8cd47ce8083f27deef1341ae3086bf0d5a45bd1,a264f9f6df4fae96803cb1057b5fedc2d14ddccb52b4eb699c12be7c2ccc333e,a264f9f6df4fae96803cb1057b5fedc2d14ddccb52b4eb699c12be7c2ccc333e,1787976783.3571253,35367.258,17683688,0,0.9500646591186523,1.1808576583862305,1.579880714416504,-0.00171661376953125,-0.00095367431640625,0.00514984130859375,-0.0073261260986328125,0.373626708984375,-0.0024423599243164062,0.0073261260986328125,-0.0073261260986328125,-0.0073261260986328125,-0.012209892272949219,-1.4700851440429688,5.599998474121094,-1.4676437377929688,0.012209892272949219,-0.1196584701538086,0.0,-2.3003486585512674,6.262218065673476,-1.5280288828953517,0.00507170525634274,-0.005518549352076244
22,1,train,2,1,0.3490658503988659,1.9285309350016178,3,s,af3726fcacd0ac1320a56ea850b0a2c0f5430cf4eb20a45c078706980f08407e,d24fbe3839599a6a097188bae8cd47ce8083f27deef1341ae3086bf0d5a45bd1,a264f9f6df4fae96803cb1057b5fedc2d14ddccb52b4eb699c12be7c2ccc333e,a264f9f6df4fae96803cb1057b5fedc2d14ddccb52b4eb699c12be7c2ccc333e,1787976783.3585103,35367.26,17683689,0,0.9500646591186523,1.1816205978393555,1.579880714416504,-0.00171661376953125,-0.00095367431640625,0.00514984130859375,-0.0073261260986328125,0.34920597076416016,-0.0024423599243164062,0.0073261260986328125,-0.0073261260986328125,-0.0073261260986328125,-0.012209892272949219,-1.374359130859375,5.641025543212891,-1.4725275039672852,0.012209892272949219,-0.1196584701538086,0.0,-2.311735542009004,6.266246524970016,-1.5288115642539621,0.005062570620392999,-0.00552030016653296
22,1,train,2,1,0.3490658503988659,1.9299128370039398,3,s,af3726fcacd0ac1320a56ea850b0a2c0f5430cf4eb20a45c078706980f08407e,d24fbe3839599a6a097188bae8cd47ce8083f27deef1341ae3086bf0d5a45bd1,a264f9f6df4fae96803cb1057b5fedc2d14ddccb52b4eb699c12be7c2ccc333e,a264f9f6df4fae96803cb1057b5fedc2d14ddccb52b4eb699c12be7c2ccc333e,1787976783.3604345,35367.261999999995,17683690,0,0.9500646591186523,1.1823835372924805,1.579880714416504,-0.00171661376953125,-0.00095367431640625,0.00514984130859375,-0.0073261260986328125,0.3296699523925781,-0.0024423599243164062,-0.021978378295898438,-0.0073261260986328125,-0.0073261260986328125,-0.012209892272949219,-1.415384292602539,5.654701232910156,-1.4725275039672852,0.012209892272949219,-0.1196584701538086,0.0,-2.3231210798596225,6.270271336831205,-1.5295933557271644,0.005053433037639461,-0.0055220477677522285
22,1,train,2,1,0.3490658503988659,1.9318474560059258,3,s,af3726fcacd0ac1320a56ea850b0a2c0f5430cf4eb20a45c078706980f08407e,d24fbe3839599a6a097188bae8cd47ce8083f27deef1341ae3086bf0d5a45bd1,a264f9f6df4fae96803cb1057b5fedc2d14ddccb52b4eb699c12be7c2ccc333e,a264f9f6df4fae96803cb1057b5fedc2d14ddccb52b4eb699c12be7c2ccc333e,1787976783.3623621,35367.263999999996,17683691,0,0.9500646591186523,1.1831464767456055,1.579880714416504,-0.00171661376953125,-0.00095367431640625,0.00514984130859375,-0.0073261260986328125,0.3296699523925781,-0.0024423599243164062,-0.0073261260986328125,0.0073261260986328125,-0.0073261260986328125,-0.012209892272949219,-1.4700851440429688,5.668376922607422,-1.4725275039672852,0.012209892272949219,-0.1196584701538086,0.0,-2.3345052654758627,6.274292498914291,-1.5303742568598957,0.005044292513400899,-0.0055237921547168145
22,1,train,2,1,0.3490658503988659,1.933758677005244,3,s,af3726fcacd0ac1320a56ea850b0a2c0f5430cf4eb20a45c078706980f08407e,d24fbe3839599a6a097188bae8cd47ce8083f27deef1341ae3086bf0d5a45bd1,a264f9f6df4fae96803cb1057b5fedc2d14ddccb52b4eb699c12be7c2ccc333e,a264f9f6df4fae96803cb1057b5fedc2d14ddccb52b4eb699c12be7c2ccc333e,1787976783.3642917,35367.265999999996,17683692,0,0.9500646591186523,1.1839094161987305,1.579880714416504,-0.00171661376953125,-0.00095367431640625,0.00514984130859375,-0.0073261260986328125,0.34920597076416016,-0.0024423599243164062,-0.0073261260986328125,-0.021978378295898438,-0.0073261260986328125,-0.012209892272949219,-1.5111103057861328,5.695728302001953,-1.4725275039672852,0.012209892272949219,-0.1196584701538086,0.0,-2.3458880922312635,6.278310008878655,-1.531154267197613,0.005035149052997796,-0.005525533326411349
22,1,train,2,1,0.3490658503988659,1.9356918449993827,3,s,af3726fcacd0ac1320a56ea850b0a2c0f5430cf4eb20a45c078706980f08407e,d24fbe3839599a6a097188bae8cd47ce8083f27deef1341ae3086bf0d5a45bd1,a264f9f6df4fae96803cb1057b5fedc2d14ddccb52b4eb699c12be7c2ccc333e,a264f9f6df4fae96803cb1057b5fedc2d14ddccb52b4eb699c12be7c2ccc333e,1787976783.3662508,35367.268,17683693,0,0.9500646591186523,1.1846723556518555,1.579880714416504,-0.00171661376953125,-0.00095367431640625,0.00514984130859375,-0.0073261260986328125,0.3785104751586914,-0.0024423599243164062,0.0073261260986328125,-0.0073261260986328125,-0.0073261260986328125,-0.0073261260986328125,-1.661539077758789,5.709400177001953,-1.4725275039672852,0.017093658447265625,-0.11477375030517578,0.0,-2.3572695535001427,6.282323864385793,-1.5319333862862892,0.005026002661752349,-0.005527271281822338
22,1,train,2,1,0.3490658503988659,1.937651423002535,3,s,af3726fcacd0ac1320a56ea850b0a2c0f5430cf4eb20a45c078706980f08407e,d24fbe3839599a6a097188bae8cd47ce8083f27deef1341ae3086bf0d5a45bd1,a264f9f6df4fae96803cb1057b5fedc2d14ddccb52b4eb699c12be7c2ccc333e,a264f9f6df4fae96803cb1057b5fedc2d14ddccb52b4eb699c12be7c2ccc333e,1787976783.3687582,35367.27,17683694,0,0.9500646591186523,1.1854352951049805,1.579880714416504,-0.00171661376953125,-0.00095367431640625,0.00514984130859375,-0.021978378295898438,0.40781402587890625,-0.0024423599243164062,-0.0073261260986328125,0.0073261260986328125,-0.0073261260986328125,-0.0073261260986328125,-1.6752128601074219,5.6820526123046875,-1.4774112701416016,0.017093658447265625,-0.11477375030517578,0.0,-2.368649642657621,6.286334063099338,-1.5327116136724177,0.005016853344988458,-0.0055290060199381565
22,1,train,2,1,0.3490658503988659,1.9401689510050346,3,s,af3726fcacd0ac1320a56ea850b0a2c0f5430cf4eb20a45c078706980f08407e,d24fbe3839599a6a097188bae8cd47ce8083f27deef1341ae3086bf0d5a45bd1,a264f9f6df4fae96803cb1057b5fedc2d14ddccb52b4eb699c12be7c2ccc333e,a264f9f6df4fae96803cb1057b5fedc2d14ddccb52b4eb699c12be7c2ccc333e,1787976783.370766,35367.272,17683695,0,0.9500646591186523,1.1861982345581055,1.579880714416504,-0.00171661376953125,-0.00095367431640625,0.00514984130859375,-0.0073261260986328125,0.41269874572753906,-0.0024423599243164062,0.0073261260986328125,-0.0073261260986328125,-0.0073261260986328125,-0.012209892272949219,-1.7299137115478516,5.668376922607422,-1.4774112701416016,0.017093658447265625,-0.1196584701538086,0.0,-2.380028353079614,6.290340602685044,-1.5334889489030106,0.005007701108031724,-0.005530737539749056
22,1,train,2,1,0.3490658503988659,1.942168927002058,3,s,af3726fcacd0ac1320a56ea850b0a2c0f5430cf4eb20a45c078706980f08407e,d24fbe3839599a6a097188bae8cd47ce8083f27deef1341ae3086bf0d5a45bd1,a264f9f6df4fae96803cb1057b5fedc2d14ddccb52b4eb699c12be7c2ccc333e,a264f9f6df4fae96803cb1057b5fedc2d14ddccb52b4eb699c12be7c2ccc333e,1787976783.3727975,35367.274,17683696,0,0.9500646591186523,1.1869611740112305,1.579880714416504,-0.00171661376953125,-0.00095367431640625,0.00514984130859375,-0.0073261260986328125,0.39804649353027344,-0.0024423599243164062,-0.021978378295898438,-0.0073261260986328125,-0.0073261260986328125,-0.0073261260986328125,-1.6752128601074219,5.668376922607422,-1.482295036315918,0.012209892272949219,-0.1196584701538086,0.0,-2.3914056781428377,6.294343480810797,-1.5342653915255986,0.004998545956209452,-0.005532465840247156
22,1,train,2,1,0.3490658503988659,1.9442017239998677,3,s,af3726fcacd0ac1320a56ea850b0a2c0f5430cf4eb20a45c078706980f08407e,d24fbe3839599a6a097188bae8cd47ce8083f27deef1341ae3086bf0d5a45bd1,a264f9f6df4fae96803cb1057b5fedc2d14ddccb52b4eb699c12be7c2ccc333e,a264f9f6df4fae96803cb1057b5fedc2d14ddccb52b4eb699c12be7c2ccc333e,1787976783.3748138,35367.276,17683697,0,0.9500646591186523,1.1877241134643555,1.579880714416504,-0.00171661376953125,-0.00095367431640625,0.00514984130859375,0.0073261260986328125,0.3785104751586914,-0.0024423599243164062,-0.0073261260986328125,-0.0073261260986328125,-0.0073261260986328125,-0.0073261260986328125,-1.6478633880615234,5.695728302001953,-1.482295036315918,0.012209892272949219,-0.1196584701538086,0.0,-2.4027816112248264,6.298342695146622,-1.5350409410882349,0.004989387894850639,-0.0055341909204264595
22,1,train,2,1,0.3490658503988659,1.9462125890058815,3,s,af3726fcacd0ac1320a56ea850b0a2c0f5430cf4eb20a45c078706980f08407e,d24fbe3839599a6a097188bae8cd47ce8083f27deef1341ae3086bf0d5a45bd1,a264f9f6df4fae96803cb1057b5fedc2d14ddccb52b4eb699c12be7c2ccc333e,a264f9f6df4fae96803cb1057b5fedc2d14ddccb52b4eb699c12be7c2ccc333e,1787976783.3767412,35367.278,17683698,0,0.9500646591186523,1.1884870529174805,1.579880714416504,-0.00171661376953125,-0.00095367431640625,0.00514984130859375,-0.0073261260986328125,0.3589744567871094,-0.0024423599243164062,-0.0073261260986328125,0.0073261260986328125,-0.0073261260986328125,-0.0073261260986328125,-1.6752128601074219,5.668376922607422,-1.482295036315918,0.012209892272949219,-0.1196584701538086,0.0,-2.414156145703905,6.302338243364662,-1.5358155971394876,0.004980226929285977,-0.0055359127792828314
22,1,train,2,1,0.3490658503988659,1.9481371260044398,3,s,af3726fcacd0ac1320a56ea850b0a2c0f5430cf4eb20a45c078706980f08407e,d24fbe3839599a6a097188bae8cd47ce8083f27deef1341ae3086bf0d5a45bd1,a264f9f6df4fae96803cb1057b5fedc2d14ddccb52b4eb699c12be7c2ccc333e,a264f9f6df4fae96803cb1057b5fedc2d14ddccb52b4eb699c12be7c2ccc333e,1787976783.3786943,35367.28,17683699,0,0.9500646591186523,1.1892499923706055,1.579880714416504,-0.00171661376953125,-0.00095367431640625,0.00514984130859375,-0.021978378295898438,0.35409069061279297,-0.0024423599243164062,-0.0073261260986328125,-0.0073261260986328125,-0.0073261260986328125,-0.0073261260986328125,-1.6341876983642578,5.6820526123046875,-1.482295036315918,0.012209892272949219,-0.1196584701538086,0.0,-2.4255292749592345,6.30633012313921,-1.536589359228449,0.004971063064847856,-0.0055376314158140216
22,1,train,2,1,0.3490658503988659,1.9501212360046338,3,s,af3726fcacd0ac1320a56ea850b0a2c0f5430cf4eb20a45c078706980f08407e,d24fbe3839599a6a097188bae8cd47ce8083f27deef1341ae3086bf0d5a45bd1,a264f9f6df4fae96803cb1057b5fedc2d14ddccb52b4eb699c12be7c2ccc333e,a264f9f6df4fae96803cb1057b5fedc2d14ddccb52b4eb699c12be7c2ccc333e,1787976783.3806632,35367.282,17683700,0,0.9500646591186523,1.1900129318237305,1.579880714416504,-0.00171661376953125,-0.00095367431640625,0.00514984130859375,-0.0073261260986328125,0.3687419891357422,-0.0024423599243164062,0.0073261260986328125,-0.021978378295898438,-0.0073261260986328125,-0.0073261260986328125,-1.7572650909423828,5.6820526123046875,-1.482295036315918,0.012209892272949219,-0.1196584701538086,0.0,-2.4369009923707683,6.310318332146674,-1.5373622269047285,0.00496189630687034,-0.005539346829019648
22,1,train,2,1,0.3490658503988659,1.9520769160008058,3,s,af3726fcacd0ac1320a56ea850b0a2c0f5430cf4eb20a45c078706980f08407e,d24fbe3839599a6a097188bae8cd47ce8083f27deef1341ae3086bf0d5a45bd1,a264f9f6df4fae96803cb1057b5fedc2d14ddccb52b4eb699c12be7c2ccc333e,a264f9f6df4fae96803cb1057b5fedc2d14ddccb52b4eb699c12be7c2ccc333e,1787976783.3826115,35367.284,17683701,0,0.9500646591186523,1.1907758712768555,1.579880714416504,-0.00171661376953125,-0.00095367431640625,0.00514984130859375,-0.0073261260986328125,0.39316272735595703,-0.0024423599243164062,0.0073261260986328125,-0.0073261260986328125,-0.0073261260986328125,-0.0073261260986328125,-1.7846145629882812,5.6820526123046875,-1.4871797561645508,0.012209892272949219,-0.1196584701538086,0.0,-2.448271291319309,6.314302868065625,-1.538134199718461,0.00495272666068919,-0.005541059017901215
22,1,train,2,1,0.3490658503988659,1.954005796003912,3,s,af3726fcacd0ac1320a56ea850b0a2c0f5430cf4eb20a45c078706980f08407e,d24fbe3839599a6a097188bae8cd47ce8083f27deef1341ae3086bf0d5a45bd1,a264f9f6df4fae96803cb1057b5fedc2d14ddccb52b4eb699c12be7c2ccc333e,a264f9f6df4fae96803cb1057b5fedc2d14ddccb52b4eb699c12be7c2ccc333e,1787976783.3845074,35367.286,17683702,0,0.9500646591186523,1.191920280456543,1.579880714416504,-0.00171661376953125,-0.00095367431640625,0.00514984130859375,-0.021978378295898438,0.41269874572753906,-0.0024423599243164062,-0.0073261260986328125,-0.021978378295898438,-0.0073261260986328125,-0.012209892272949219,-1.8666667938232422,5.695728302001953,-1.4920635223388672,0.012209892272949219,-0.1196584701538086,0.0,-2.4653240656465094,6.320272779830182,-1.539290480088976,0.0049389667877117426,-0.005543621253436343
22,1,train,2,1,0.3490658503988659,1.955901850000373,3,s,af3726fcacd0ac1320a56ea850b0a2c0f5430cf4eb20a45c078706980f08407e,d24fbe3839599a6a097188bae8cd47ce8083f27deef1341ae3086bf0d5a45bd1,a264f9f6df4fae96803cb1057b5fedc2d14ddccb52b4eb699c12be7c2ccc333e,a264f9f6df4fae96803cb1057b5fedc2d14ddccb52b4eb699c12be7c2ccc333e,1787976783.3864264,35367.288,17683703,0,0.9500646591186523,1.192683219909668,1.579880714416504,-0.00171661376953125,-0.00095367431640625,0.00514984130859375,-0.0073261260986328125,0.4224662780761719,-0.0024423599243164062,-0.021978378295898438,-0.0073261260986328125,-0.0073261260986328125,-0.0073261260986328125,-1.8529911041259766,5.6820526123046875,-1.4920635223388672,0.012209892272949219,-0.1196584701538086,0.0,-2.47669078948394,6.324248122885555,-1.5400602137815822,0.0049297899443764516,-0.005545325377151625
22,1,train,2,1,0.3490658503988659,1.9578250760023366,3,s,af3726fcacd0ac1320a56ea850b0a2c0f5430cf4eb20a45c078706980f08407e,d24fbe3839599a6a097188bae8cd47ce8083f27deef1341ae3086bf0d5a45bd1,a264f9f6df4fae96803cb1057b5fedc2d14ddccb52b4eb699c12be7c2ccc333e,a264f9f6df4fae96803cb1057b5fedc2d14ddccb52b4eb699c12be7c2ccc333e,1787976783.3884661,35367.29,17683704,0,0.9500646591186523,1.193446159362793,1.579880714416504,-0.00171661376953125,-0.00095367431640625,0.00514984130859375,-0.0073261260986328125,0.40781402587890625,-0.0024423599243164062,-0.021978378295898438,0.0073261260986328125,-0.0073261260986328125,-0.0073261260986328125,-1.7709407806396484,5.709400177001953,-1.4920635223388672,0.012209892272949219,-0.1196584701538086,0.0,-2.488056071697662,6.328219784744204,-1.5408290510412048,0.004920610231525887,-0.005547026273062873
22,1,train,2,1,0.3490658503988659,1.9598656130037853,3,s,af3726fcacd0ac1320a56ea850b0a2c0f5430cf4eb20a45c078706980f08407e,d24fbe3839599a6a097188bae8cd47ce8083f27deef1341ae3086bf0d5a45bd1,a264f9f6df4fae96803cb1057b5fedc2d14ddccb52b4eb699c12be7c2ccc333e,a264f9f6df4fae96803cb1057b5fedc2d14ddccb52b4eb699c12be7c2ccc333e,1787976783.390353,35367.292,17683705,0,0.9500646591186523,1.194209098815918,1.579880714416504,-0.00171661376953125,-0.00095367431640625,0.00514984130859375,-0.0073261260986328125,0.3785104751586914,-0.0024423599243164062,0.0073261260986328125,-0.0073261260986328125,-0.0073261260986328125,-0.012209892272949219,-1.7162399291992188,5.736751556396484,-1.4871797561645508,0.012209892272949219,-0.1196584701538086,0.0,-2.499419905672211,6.332187763094314,-1.5415969914203205,0.00491142765450334,-0.0055487239401800295
22,1,train,2,1,0.3490658503988659,1.9617430240032263,3,s,af3726fcacd0ac1320a56ea850b0a2c0f5430cf4eb20a45c078706980f08407e,d24fbe3839599a6a097188bae8cd47ce8083f27deef1341ae3086bf0d5a45bd1,a264f9f6df4fae96803cb1057b5fedc2d14ddccb52b4eb699c12be7c2ccc333e,a264f9f6df4fae96803cb1057b5fedc2d14ddccb52b4eb699c12be7c2ccc333e,1787976783.392242,35367.294,17683706,0,0.9500646591186523,1.1945905685424805,1.579880714416504,-0.00171661376953125,-0.00095367431640625,0.00514984130859375,-0.0073261260986328125,0.34920597076416016,-0.0024423599243164062,0.0073261260986328125,-0.0073261260986328125,-0.0073261260986328125,-0.012209892272949219,-1.6068382263183594,5.709400177001953,-1.4871797561645508,0.012209892272949219,-0.1196584701538086,0.0,-2.505101277502696,6.334170370231817,-1.5419806251399817,0.004906835293597811,-0.005549571562631951
22,1,train,2,1,0.3490658503988659,1.9636331370056723,3,s,af3726fcacd0ac1320a56ea850b0a2c0f5430cf4eb20a45c078706980f08407e,d24fbe3839599a6a097188bae8cd47ce8083f27deef1341ae3086bf0d5a45bd1,a264f9f6df4fae96803cb1057b5fedc2d14ddccb52b4eb699c12be7c2ccc333e,a264f9f6df4fae96803cb1057b5fedc2d14ddccb52b4eb699c12be7c2ccc333e,1787976783.3946977,35367.295999999995,17683707,0,0.9500646591186523,1.1953535079956055,1.579880714416504,-0.00171661376953125,-0.00095367431640625,0.00514984130859375,-0.021978378295898438,0.3296699523925781,-0.0024423599243164062,0.0073261260986328125,-0.0073261260986328125,-0.0073261260986328125,-0.0073261260986328125,-1.6341876983642578,5.709400177001953,-1.4871797561645508,0.012209892272949219,-0.11477375030517578,0.0,-2.516462926716339,6.3381328189891715,-1.5427472193603775,0.004897648430339621,-0.005551264384705744
22,1,train,2,1,0.3490658503988659,1.9661083950049942,3,s,af3726fcacd0ac1320a56ea850b0a2c0f5430cf4eb20a45c078706980f08407e,d24fbe3839599a6a097188bae8cd47ce8083f27deef1341ae3086bf0d5a45bd1,a264f9f6df4fae96803cb1057b5fedc2d14ddccb52b4eb699c12be7c2ccc333e,a264f9f6df4fae96803cb1057b5fedc2d14ddccb52b4eb699c12be7c2ccc333e,1787976783.3966105,35367.297999999995,17683708,0,0.9500646591186523,1.1961164474487305,1.579880714416504,-0.00171661376953125,-0.00095367431640625,0.00514984130859375,0.0073261260986328125,0.3296699523925781,-0.0024423599243164062,-0.0073261260986328125,-0.0073261260986328125,-0.0073261260986328125,-0.0073261260986328125,-1.7162399291992188,5.736751556396484,-1.4871797561645508,0.012209892272949219,-0.1196584701538086,0.0,-2.5278231111558487,6.342091578467847,-1.543512915583748,0.004888458716274981,-0.0055529539755185455
22,1,train,2,1,0.3490658503988659,1.968002820001857,3,s,af3726fcacd0ac1320a56ea850b0a2c0f5430cf4eb20a45c078706980f08407e,d24fbe3839599a6a097188bae8cd47ce8083f27deef1341ae3086bf0d5a45bd1,a264f9f6df4fae96803cb1057b5fedc2d14ddccb52b4eb699c12be7c2ccc333e,a264f9f6df4fae96803cb1057b5fedc2d14ddccb52b4eb699c12be7c2ccc333e,1787976783.3985238,35367.299999999996,17683709,0,0.9500646591186523,1.1968793869018555,1.579880714416504,-0.00171661376953125,-0.00095367431640625,0.00514984130859375,-0.0073261260986328125,0.34920597076416016,-0.0024423599243164062,-0.0073261260986328125,-0.0073261260986328125,-0.0073261260986328125,-0.012209892272949219,-1.7572650909423828,5.75042724609375,-1.4920635223388672,0.012209892272949219,-0.1196584701538086,0.0,-2.53918182420872,6.346046646363537,-1.5442777133643966,0.004879266156753005,-0.005554640334086881
22,1,train,2,1,0.3490658503988659,1.9699178190057864,3,s,af3726fcacd0ac1320a56ea850b0a2c0f5430cf4eb20a45c078706980f08407e,d24fbe3839599a6a097188bae8cd47ce8083f27deef1341ae3086bf0d5a45bd1,a264f9f6df4fae96803cb1057b5fedc2d14ddccb52b4eb699c12be7c2ccc333e,a264f9f6df4fae96803cb1057b5fedc2d14ddccb52b4eb699c12be7c2ccc333e,1787976783.400445,35367.301999999996,17683710,0,0.9500646591186523,1.1976423263549805,1.579880714416504,-0.00171661376953125,-0.00095367431640625,0.00514984130859375,-0.0073261260986328125,0.373626708984375,-0.0024423599243164062,-0.0073261260986328125,0.0073261260986328125,-0.0073261260986328125,-0.012209892272949219,-1.9213676452636719,5.75042724609375,-1.4920635223388672,0.012209892272949219,-0.1196584701538086,0.0,-2.5505390592633206,6.349998020374096,-1.545041612257154,0.0048700707571244645,-0.005556323459429163
22,1,train,2,1,0.3490658503988659,1.9718804150033975,3,s,af3726fcacd0ac1320a56ea850b0a2c0f5430cf4eb20a45c078706980f08407e,d24fbe3839599a6a097188bae8cd47ce8083f27deef1341ae3086bf0d5a45bd1,a264f9f6df4fae96803cb1057b5fedc2d14ddccb52b4eb699c12be7c2ccc333e,a264f9f6df4fae96803cb1057b5fedc2d14ddccb52b4eb699c12be7c2ccc333e,1787976783.4023914,35367.304,17683711,0,0.9500646591186523,1.1984052658081055,1.579880714416504,-0.00171661376953125,-0.00095367431640625,0.00514984130859375,-0.0073261260986328125,0.3882780075073242,-0.0024423599243164062,-0.0073261260986328125,0.0073261260986328125,-0.0073261260986328125,-0.0073261260986328125,-1.9213676452636719,5.764102935791016,-1.4969472885131836,0.012209892272949219,-0.1196584701538086,0.0,-2.5618948097088596,6.353945698199515,-1.5458046118173723,0.004860872522741791,-0.005558003350565684
22,1,train,2,1,0.3490658503988659,1.9737862710026093,3,s,af3726fcacd0ac1320a56ea850b0a2c0f5430cf4eb20a45c078706980f08407e,d24fbe3839599a6a097188bae8cd47ce8083f27deef1341ae3086bf0d5a45bd1,a264f9f6df4fae96803cb1057b5fedc2d14ddccb52b4eb699c12be7c2ccc333e,a264f9f6df4fae96803cb1057b5fedc2d14ddccb52b4eb699c12be7c2ccc333e,1787976783.4043481,35367.306,17683712,0,0.9500646591186523,1.1991682052612305,1.579880714416504,-0.00171661376953125,-0.00095367431640625,0.00514984130859375,-0.021978378295898438,0.39804649353027344,-0.0024423599243164062,-0.0073261260986328125,-0.0073261260986328125,-0.0073261260986328125,-0.0073261260986328125,-1.9487171173095703,5.736751556396484,-1.4969472885131836,0.012209892272949219,-0.1196584701538086,0.0,-2.5732490689354357,6.3578896775419524,-1.5465667116009285,0.004851671458959057,-0.00555968000651862
22,1,train,2,1,0.3490658503988659,1.975742528004048,3,s,af3726fcacd0ac1320a56ea850b0a2c0f5430cf4eb20a45c078706980f08407e,d24fbe3839599a6a097188bae8cd47ce8083f27deef1341ae3086bf0d5a45bd1,a264f9f6df4fae96803cb1057b5fedc2d14ddccb52b4eb699c12be7c2ccc333e,a264f9f6df4fae96803cb1057b5fedc2d14ddccb52b4eb699c12be7c2ccc333e,1787976783.4068556,35367.308,17683713,0,0.9500646591186523,1.1999311447143555,1.579880714416504,-0.00171661376953125,-0.00095367431640625,0.00514984130859375,-0.0073261260986328125,0.3785104751586914,-0.0024423599243164062,-0.0073261260986328125,-0.021978378295898438,-0.0073261260986328125,-0.0073261260986328125,-1.8940162658691406,5.709400177001953,-1.4969472885131836,0.012209892272949219,-0.1196584701538086,0.0,-2.584601830333987,6.3618299561057,-1.5473279111642202,0.00484246757113199,-0.005561353426312025
22,1,train,2,1,0.3490658503988659,1.9782507060008356,3,s,af3726fcacd0ac1320a56ea850b0a2c0f5430cf4eb20a45c078706980f08407e,d24fbe3839599a6a097188bae8cd47ce8083f27deef1341ae3086bf0d5a45bd1,a264f9f6df4fae96803cb1057b5fedc2d14ddccb52b4eb699c12be7c2ccc333e,a264f9f6df4fae96803cb1057b5fedc2d14ddccb52b4eb699c12be7c2ccc333e,1787976783.408737,35367.31,17683714,0,0.9500646591186523,1.2006940841674805,1.579880714416504,-0.00171661376953125,-0.00095367431640625,0.00514984130859375,-0.0073261260986328125,0.3589744567871094,-0.0024423599243164062,-0.0073261260986328125,-0.0073261260986328125,-0.0073261260986328125,-0.0073261260986328125,-1.8119659423828125,5.75042724609375,-1.4969472885131836,0.012209892272949219,-0.1196584701538086,0.0,-2.5959530872963414,6.3657665315972185,-1.548088210064171,0.004833260864617958,-0.00556302360897184
22,1,train,2,1,0.3490658503988659,1.980135556004825,3,s,af3726fcacd0ac1320a56ea850b0a2c0f5430cf4eb20a45c078706980f08407e,d24fbe3839599a6a097188bae8cd47ce8083f27deef1341ae3086bf0d5a45bd1,a264f9f6df4fae96803cb1057b5fedc2d14ddccb52b4eb699c12be7c2ccc333e,a264f9f6df4fae96803cb1057b5fedc2d14ddccb52b4eb699c12be7c2ccc333e,1787976783.410642,35367.312,17683715,0,0.9500646591186523,1.2014570236206055,1.579880714416504,-0.00171661376953125,-0.00095367431640625,0.00514984130859375,0.0073261260986328125,0.34432220458984375,-0.0024423599243164062,-0.021978378295898438,-0.0073261260986328125,-0.0073261260986328125,-0.0073261260986328125,-1.8256416320800781,5.75042724609375,-1.4969472885131836,0.012209892272949219,-0.1196584701538086,0.0,-2.607302833215201,6.369699401725121,-1.5488476078582314,0.004824051344775963,-0.0055646905535258985
22,1,train,2,1,0.3490658503988659,1.9820330350048607,3,s,af3726fcacd0ac1320a56ea850b0a2c0f5430cf4eb20a45c078706980f08407e,d24fbe3839599a6a097188bae8cd47ce8083f27deef1341ae3086bf0d5a45bd1,a264f9f6df4fae96803cb1057b5fedc2d14ddccb52b4eb699c12be7c2ccc333e,a264f9f6df4fae96803cb1057b5fedc2d14ddccb52b4eb699c12be7c2ccc333e,1787976783.412529,35367.314,17683716,0,0.9500646591186523,1.2022199630737305,1.579880714416504,-0.00171661376953125,-0.00095367431640625,0.00514984130859375,0.0073261260986328125,0.33455467224121094,-0.0024423599243164062,0.0073261260986328125,0.0073261260986328125,-0.0073261260986328125,-0.0073261260986328125,-1.8256416320800781,5.75042724609375,-1.4969472885131836,0.017093658447265625,-0.11477375030517578,0.0,-2.618651061484141,6.373628564200174,-1.5496061041043707,0.0048148390169666586,-0.005566354259003901
22,1,train,2,1,0.3490658503988659,1.983921179002209,3,s,af3726fcacd0ac1320a56ea850b0a2c0f5430cf4eb20a45c078706980f08407e,d24fbe3839599a6a097188bae8cd47ce8083f27deef1341ae3086bf0d5a45bd1,a264f9f6df4fae96803cb1057b5fedc2d14ddccb52b4eb699c12be7c2ccc333e,a264f9f6df4fae96803cb1057b5fedc2d14ddccb52b4eb699c12be7c2ccc333e,1787976783.4144332,35367.316,17683717,0,0.9500646591186523,1.2029829025268555,1.579880714416504,-0.00171661376953125,-0.00095367431640625,0.00514984130859375,-0.0073261260986328125,0.34432220458984375,-0.0024423599243164062,-0.0073261260986328125,0.0073261260986328125,-0.0073261260986328125,-0.0073261260986328125,-1.9213676452636719,5.764102935791016,-1.5018310546875,0.012209892272949219,-0.1196584701538086,0.0,-2.6299977654976243,6.377554016735304,-1.550363698361087,0.00480562388655232,-0.00556801472443745
22,1,train,2,1,0.3490658503988659,1.9858289350013365,3,s,af3726fcacd0ac1320a56ea850b0a2c0f5430cf4eb20a45c078706980f08407e,d24fbe3839599a6a097188bae8cd47ce8083f27deef1341ae3086bf0d5a45bd1,a264f9f6df4fae96803cb1057b5fedc2d14ddccb52b4eb699c12be7c2ccc333e,a264f9f6df4fae96803cb1057b5fedc2d14ddccb52b4eb699c12be7c2ccc333e,1787976783.4163432,35367.318,17683718,0,0.9500646591186523,1.2037458419799805,1.579880714416504,-0.00171661376953125,-0.00095367431640625,0.00514984130859375,-0.0073261260986328125,0.3687419891357422,-0.0024423599243164062,0.0073261260986328125,-0.0073261260986328125,-0.0073261260986328125,-0.012209892272949219,-2.0307693481445312,5.736751556396484,-1.5018310546875,0.012209892272949219,-0.1196584701538086,0.0,-2.6413429386510012,6.381475757045599,-1.5511203901874036,0.004796405958896865,-0.005569671948860027
22,1,train,2,1,0.3490658503988659,1.987736715003848,3,s,af3726fcacd0ac1320a56ea850b0a2c0f5430cf4eb20a45c078706980f08407e,d24fbe3839599a6a097188bae8cd47ce8083f27deef1341ae3086bf0d5a45bd1,a264f9f6df4fae96803cb1057b5fedc2d14ddccb52b4eb699c12be7c2ccc333e,a264f9f6df4fae96803cb1057b5fedc2d14ddccb52b4eb699c12be7c2ccc333e,1787976783.4182594,35367.32,17683719,0,0.9500646591186523,1.2045087814331055,1.579880714416504,-0.00171661376953125,-0.00095367431640625,0.00514984130859375,-0.0073261260986328125,0.39316272735595703,-0.0024423599243164062,0.0073261260986328125,0.0073261260986328125,-0.0073261260986328125,-0.012209892272949219,-2.0581188201904297,5.777778625488281,-1.5067157745361328,0.017093658447265625,-0.11477375030517578,0.0,-2.6526865743405135,6.385393782848304,-1.5518761791428666,0.004787185239365822,-0.005571325931306999
22,1,train,2,1,0.3490658503988659,1.9896540690024267,3,s,af3726fcacd0ac1320a56ea850b0a2c0f5430cf4eb20a45c078706980f08407e,d24fbe3839599a6a097188bae8cd47ce8083f27deef1341ae3086bf0d5a45bd1,a264f9f6df4fae96803cb1057b5fedc2d14ddccb52b4eb699c12be7c2ccc333e,a264f9f6df4fae96803cb1057b5fedc2d14ddccb52b4eb699c12be7c2ccc333e,1787976783.4207263,35367.322,17683720,0,0.9500646591186523,1.2052717208862305,1.579880714416504,-0.00171661376953125,-0.00095367431640625,0.00514984130859375,-0.0073261260986328125,0.40781402587890625,-0.0024423599243164062,-0.0073261260986328125,-0.0073261260986328125,-0.0073261260986328125,-0.0073261260986328125,-2.1401710510253906,5.8188018798828125,-1.5067157745361328,0.017093658447265625,-0.11477375030517578,0.0,-2.6640286659632886,6.389308091862825,-1.5526310647875485,0.004777961733326366,-0.00557297667081562
22,1,train,2,1,0.3490658503988659,1.9921438330056844,3,s,af3726fcacd0ac1320a56ea850b0a2c0f5430cf4eb20a45c078706980f08407e,d24fbe3839599a6a097188bae8cd47ce8083f27deef1341ae3086bf0d5a45bd1,a264f9f6df4fae96803cb1057b5fedc2d14ddccb52b4eb699c12be7c2ccc333e,a264f9f6df4fae96803cb1057b5fedc2d14ddccb52b4eb699c12be7c2ccc333e,1787976783.422706,35367.324,17683721,0,0.9500646591186523,1.2060346603393555,1.579880714416504,-0.00171661376953125,-0.00095367431640625,0.00514984130859375,0.0073261260986328125,0.40781402587890625,-0.0024423599243164062,-0.021978378295898438,-0.0073261260986328125,-0.0073261260986328125,-0.0073261260986328125,-2.0170936584472656,5.8188018798828125,-1.5067157745361328,0.017093658447265625,-0.1196584701538086,0.0,-2.6753692069173702,6.39321868181074,-1.5533850466820491,0.00476873544614728,-0.005574624166425036
22,1,train,2,1,0.3490658503988659,1.9941453600040404,3,s,af3726fcacd0ac1320a56ea850b0a2c0f5430cf4eb20a45c078706980f08407e,d24fbe3839599a6a097188bae8cd47ce8083f27deef1341ae3086bf0d5a45bd1,a264f9f6df4fae96803cb1057b5fedc2d14ddccb52b4eb699c12be7c2ccc333e,a264f9f6df4fae96803cb1057b5fedc2d14ddccb52b4eb699c12be7c2ccc333e,1787976783.424725,35367.326,17683722,0,0.9500646591186523,1.2067975997924805,1.579880714416504,-0.00171661376953125,-0.00095367431640625,0.00514984130859375,-0.0073261260986328125,0.3833942413330078,-0.0024423599243164062,-0.021978378295898438,-0.0073261260986328125,-0.0073261260986328125,-0.0073261260986328125,-2.00341796875,5.777778625488281,-1.5018310546875,0.017093658447265625,-0.11477375030517578,0.0,-2.686708190601687,6.397125550415781,-1.554138124387493,0.004759506383198971,-0.0055762684171762784
22,1,train,2,1,0.3490658503988659,1.9961183720006375,3,s,af3726fcacd0ac1320a56ea850b0a2c0f5430cf4eb20a45c078706980f08407e,d24fbe3839599a6a097188bae8cd47ce8083f27deef1341ae3086bf0d5a45bd1,a264f9f6df4fae96803cb1057b5fedc2d14ddccb52b4eb699c12be7c2ccc333e,a264f9f6df4fae96803cb1057b5fedc2d14ddccb52b4eb699c12be7c2ccc333e,1787976783.4266076,35367.328,17683723,0,0.9500646591186523,1.2075605392456055,1.579880714416504,-0.00171661376953125,-0.00095367431640625,0.00514984130859375,-0.0073261260986328125,0.3589744567871094,-0.0024423599243164062,-0.0073261260986328125,-0.021978378295898438,-0.0073261260986328125,-0.0073261260986328125,-1.9350433349609375,5.764102935791016,-1.5018310546875,0.012209892272949219,-0.1196584701538086,0.0,-2.6980456104160937,6.401028695403859,-1.5548902974655316,0.004750274549853459,-0.005577909422112264
22,1,train,2,1,0.3490658503988659,1.9979963139994652,3,s,af3726fcacd0ac1320a56ea850b0a2c0f5430cf4eb20a45c078706980f08407e,d24fbe3839599a6a097188bae8cd47ce8083f27deef1341ae3086bf0d5a45bd1,a264f9f6df4fae96803cb1057b5fedc2d14ddccb52b4eb699c12be7c2ccc333e,a264f9f6df4fae96803cb1057b5fedc2d14ddccb52b4eb699c12be7c2ccc333e,1787976783.4285018,35367.33,17683724,0,0.9500646591186523,1.207942008972168,1.579880714416504,-0.00171661376953125,-0.00095367431640625,0.00514984130859375,-0.0073261260986328125,0.33943843841552734,-0.0024423599243164062,-0.0073261260986328125,-0.021978378295898438,-0.0073261260986328125,-0.0073261260986328125,-1.8940162658691406,5.764102935791016,-1.5018310546875,0.017093658447265625,-0.1196584701538086,0.0,-2.703713731809777,6.402978870831473,-1.555266044632434,0.00474565759596095,-0.005578728707100969
22,1,train,2,1,0.3490658503988659,1.9998922710001352,3,s,af3726fcacd0ac1320a56ea850b0a2c0f5430cf4eb20a45c078706980f08407e,d24fbe3839599a6a097188bae8cd47ce8083f27deef1341ae3086bf0d5a45bd1,a264f9f6df4fae96803cb1057b5fedc2d14ddccb52b4eb699c12be7c2ccc333e,a264f9f6df4fae96803cb1057b5fedc2d14ddccb52b4eb699c12be7c2ccc333e,1787976783.4304426,35367.331999999995,17683725,0,0.9500646591186523,1.208704948425293,1.579880714416504,-0.00171661376953125,-0.00095367431640625,0.00514984130859375,-0.0073261260986328125,0.3296699523925781,-0.0024423599243164062,0.0073261260986328125,0.0073261260986328125,-0.0073261260986328125,-0.0073261260986328125,-2.00341796875,5.791454315185547,-1.5018310546875,0.012209892272949219,-0.1196584701538086,0.0,-2.7150487934459986,6.406876426134904,-1.5560168599486106,0.004736421617095703,-0.00558036484152368
22,1,train,2,1,0.3490658503988659,2.001837178002461,3,s,af3726fcacd0ac1320a56ea850b0a2c0f5430cf4eb20a45c078706980f08407e,d24fbe3839599a6a097188bae8cd47ce8083f27deef1341ae3086bf0d5a45bd1,a264f9f6df4fae96803cb1057b5fedc2d14ddccb52b4eb699c12be7c2ccc333e,a264f9f6df4fae96803cb1057b5fedc2d14ddccb52b4eb699c12be7c2ccc333e,1787976783.432354,35367.333999999995,17683726,0,0.9500646591186523,1.209467887878418,1.579880714416504,-0.00133514404296875,-0.00095367431640625,0.00514984130859375,-0.0073261260986328125,0.33943843841552734,-0.0024423599243164062,0.021978378295898438,-0.0073261260986328125,-0.0073261260986328125,-0.0073261260986328125,-2.0581188201904297,5.8188018798828125,-1.5067157745361328,0.017093658447265625,-0.1196584701538086,0.0,-2.726756889731716,6.411144867161424,-1.5571413845596238,0.004722562481178095,-0.005582812952486244
22,1,train,2,1,0.3490658503988659,2.0037485440043383,3,s,af3726fcacd0ac1320a56ea850b0a2c0f5430cf4eb20a45c078706980f08407e,d24fbe3839599a6a097188bae8cd47ce8083f27deef1341ae3086bf0d5a45bd1,a264f9f6df4fae96803cb1057b5fedc2d14ddccb52b4eb699c12be7c2ccc333e,a264f9f6df4fae96803cb1057b5fedc2d14ddccb52b4eb699c12be7c2ccc333e,1787976783.4344308,35367.335999999996,17683727,0,0.9500646591186523,1.210230827331543,1.579880714416504,-0.00171661376953125,-0.00095367431640625,0.00514984130859375,-0.0073261260986328125,0.3638582229614258,-0.0024423599243164062,-0.0073261260986328125,-0.0073261260986328125,-0.0073261260986328125,-0.0073261260986328125,-2.1401710510253906,5.846153259277344,-1.5115995407104492,0.012209892272949219,-0.11477375030517578,0.0,-2.7377141690225373,6.414660346597092,-1.5575157729815396,0.0047179413938625535,-0.00558362736481958
22,1,train,2,1,0.3490658503988659,2.0058236080003553,3,s,af3726fcacd0ac1320a56ea850b0a2c0f5430cf4eb20a45c078706980f08407e,d24fbe3839599a6a097188bae8cd47ce8083f27deef1341ae3086bf0d5a45bd1,a264f9f6df4fae96803cb1057b5fedc2d14ddccb52b4eb699c12be7c2ccc333e,a264f9f6df4fae96803cb1057b5fedc2d14ddccb52b4eb699c12be7c2ccc333e,1787976783.4363241,35367.337999999996,17683728,0,0.9500646591186523,1.210993766784668,1.579880714416504,-0.00171661376953125,-0.00095367431640625,0.00514984130859375,0.0073261260986328125,0.3833942413330078,-0.0024423599243164062,-0.0073261260986328125,-0.0073261260986328125,-0.0073261260986328125,-0.0073261260986328125,-2.208547592163086,5.846153259277344,-1.5115995407104492,0.012209892272949219,-0.1196584701538086,0.0,-2.7490444697698706,6.418546707225012,-1.5582638698258102,0.004708697160251561,-0.005585253751793731
22,1,train,2,1,0.3490658503988659,2.0077175420010462,3,s,af3726fcacd0ac1320a56ea850b0a2c0f5430cf4eb20a45c078706980f08407e,d24fbe3839599a6a097188bae8cd47ce8083f27deef1341ae3086bf0d5a45bd1,a264f9f6df4fae96803cb1057b5fedc2d14ddccb52b4eb699c12be7c2ccc333e,a264f9f6df4fae96803cb1057b5fedc2d14ddccb52b4eb699c12be7c2ccc333e,1787976783.438203,35367.34,17683729,0,0.9500646591186523,1.211756706237793,1.579880714416504,-0.00171661376953125,-0.00095367431640625,0.00514984130859375,-0.021978378295898438,0.39804649353027344,-0.0024423599243164062,-0.0073261260986328125,-0.0073261260986328125,-0.0073261260986328125,-0.0073261260986328125,-2.1811962127685547,5.8051300048828125,-1.5164833068847656,0.012209892272949219,-0.11477375030517578,0.0,-2.760373170362798,6.422429331767211,-1.5590110596411744,0.0046994501858182245,-0.005586876887722474
22,1,train,2,1,0.3490658503988659,2.0095908120056265,3,s,af3726fcacd0ac1320a56ea850b0a2c0f5430cf4eb20a45c078706980f08407e,d24fbe3839599a6a097188bae8cd47ce8083f27deef1341ae3086bf0d5a45bd1,a264f9f6df4fae96803cb1057b5fedc2d14ddccb52b4eb699c12be7c2ccc333e,a264f9f6df4fae96803cb1057b5fedc2d14ddccb52b4eb699c12be7c2ccc333e,1787976783.4405954,35367.342,17683730,0,0.9500646591186523,1.212519645690918,1.579880714416504,-0.00171661376953125,-0.00095367431640625,0.00514984130859375,-0.0073261260986328125,0.3882780075073242,-0.0024423599243164062,-0.0073261260986328125,-0.0073261260986328125,-0.0073261260986328125,-0.0073261260986328125,-2.1401710510253906,5.8051300048828125,-1.5115995407104492,0.012209892272949219,-0.11477375030517578,0.0,-2.771700264207144,6.426308217963699,-1.559757341992711,0.004690200475944992,-0.005588496771661018
22,1,train,2,1,0.3490658503988659,2.012006179000309,3,s,af3726fcacd0ac1320a56ea850b0a2c0f5430cf4eb20a45c078706980f08407e,d24fbe3839599a6a097188bae8cd47ce8083f27deef1341ae3086bf0d5a45bd1,a264f9f6df4fae96803cb1057b5fedc2d14ddccb52b4eb699c12be7c2ccc333e,a264f9f6df4fae96803cb1057b5fedc2d14ddccb52b4eb699c12be7c2ccc333e,1787976783.4424794,35367.344,17683731,0,0.9500646591186523,1.213282585144043,1.579880714416504,-0.00171661376953125,-0.00095367431640625,0.00514984130859375,-0.0073261260986328125,0.3687419891357422,-0.0024423599243164062,-0.0073261260986328125,-0.0073261260986328125,-0.0073261260986328125,-0.0073261260986328125,-2.0307693481445312,5.846153259277344,-1.5115995407104492,0.012209892272949219,-0.11477375030517578,0.0,-2.783025744709679,6.430183363556673,-1.5605027164460272,0.004680948036015903,-0.00559011340266647
22,1,train,2,1,0.3490658503988659,2.0138664090045495,3,s,af3726fcacd0ac1320a56ea850b0a2c0f5430cf4eb20a45c078706980f08407e,d24fbe3839599a6a097188bae8cd47ce8083f27deef1341ae3086bf0d5a45bd1,a264f9f6df4fae96803cb1057b5fedc2d14ddccb52b4eb699c12be7c2ccc333e,a264f9f6df4fae96803cb1057b5fedc2d14ddccb52b4eb699c12be7c2ccc333e,1787976783.444362,35367.346,17683732,0,0.9500646591186523,1.214045524597168,1.579880714416504,-0.00171661376953125,-0.00095367431640625,0.00514984130859375,-0.0073261260986328125,0.33455467224121094,-0.0024423599243164062,-0.021978378295898438,-0.0073261260986328125,-0.0073261260986328125,-0.0073261260986328125,-1.9760684967041016,5.791454315185547,-1.5115995407104492,0.012209892272949219,-0.11477375030517578,0.0,-2.794349605278101,6.434054766290499,-1.5612471825672576,0.004671692871416585,-0.005591726779797824
22,1,train,2,1,0.3490658503988659,2.0157569160001003,3,s,af3726fcacd0ac1320a56ea850b0a2c0f5430cf4eb20a45c078706980f08407e,d24fbe3839599a6a097188bae8cd47ce8083f27deef1341ae3086bf0d5a45bd1,a264f9f6df4fae96803cb1057b5fedc2d14ddccb52b4eb699c12be7c2ccc333e,a264f9f6df4fae96803cb1057b5fedc2d14ddccb52b4eb699c12be7c2ccc333e,1787976783.4462585,35367.348,17683733,0,0.9500646591186523,1.2144269943237305,1.579880714416504,-0.00171661376953125,-0.00095367431640625,0.00514984130859375,-0.0073261260986328125,0.3101339340209961,-0.0024423599243164062,0.0073261260986328125,-0.0073261260986328125,-0.0073261260986328125,-0.0073261260986328125,-1.9897441864013672,5.832477569580078,-1.5115995407104492,0.012209892272949219,-0.11477375030517578,0.0,-2.8000109260271895,6.435989063380945,-1.5616190748679026,0.004667064269049033,-0.005592532247867172
22,1,train,2,1,0.3490658503988659,2.0176519570013625,3,s,af3726fcacd0ac1320a56ea850b0a2c0f5430cf4eb20a45c078706980f08407e,d24fbe3839599a6a097188bae8cd47ce8083f27deef1341ae3086bf0d5a45bd1,a264f9f6df4fae96803cb1057b5fedc2d14ddccb52b4eb699c12be7c2ccc333e,a264f9f6df4fae96803cb1057b5fedc2d14ddccb52b4eb699c12be7c2ccc333e,1787976783.4488297,35367.35,17683734,0,0.9500646591186523,1.2151899337768555,1.579880714416504,-0.00171661376953125,-0.00095367431640625,0.00514984130859375,-0.0073261260986328125,0.3003664016723633,-0.0024423599243164062,-0.0073261260986328125,-0.0073261260986328125,-0.0073261260986328125,-0.0073261260986328125,-2.00341796875,5.777778625488281,-1.5115995407104492,0.012209892272949219,-0.11477375030517578,0.0,-2.811332344335956,6.439854847601509,-1.5623621776786643,0.004657805027545894,-0.005594140742427145
22,1,train,2,1,0.3490658503988659,2.0202244730025996,3,s,af3726fcacd0ac1320a56ea850b0a2c0f5430cf4eb20a45c078706980f08407e,d24fbe3839599a6a097188bae8cd47ce8083f27deef1341ae3086bf0d5a45bd1,a264f9f6df4fae96803cb1057b5fedc2d14ddccb52b4eb699c12be7c2ccc333e,a264f9f6df4fae96803cb1057b5fedc2d14ddccb52b4eb699c12be7c2ccc333e,1787976783.450732,35367.352,17683735,0,0.9500646591186523,1.2159528732299805,1.579880714416504,-0.00171661376953125,-0.00095367431640625,0.00514984130859375,-0.0073261260986328125,0.3150186538696289,-0.0024423599243164062,-0.0073261260986328125,-0.0073261260986328125,-0.0073261260986328125,-0.0073261260986328125,-2.0991458892822266,5.764102935791016,-1.5164833068847656,0.012209892272949219,-0.11477375030517578,0.0,-2.8226521262340043,6.4437168833333835,-1.5631043710749914,0.0046485430748435305,-0.005595745980768803
22,1,train,2,1,0.3490658503988659,2.022142592999444,3,s,af3726fcacd0ac1320a56ea850b0a2c0f5430cf4eb20a45c078706980f08407e,d24fbe3839599a6a097188bae8cd47ce8083f27deef1341ae3086bf0d5a45bd1,a264f9f6df4fae96803cb1057b5fedc2d14ddccb52b4eb699c12be7c2ccc333e,a264f9f6df4fae96803cb1057b5fedc2d14ddccb52b4eb699c12be7c2ccc333e,1787976783.4526472,35367.354,17683736,0,0.9500646591186523,1.2167158126831055,1.579880714416504,-0.00171661376953125,-0.00095367431640625,0.00514984130859375,-0.0073261260986328125,0.33943843841552734,-0.0024423599243164062,-0.0073261260986328125,-0.0073261260986328125,-0.0073261260986328125,-0.0073261260986328125,-2.1811962127685547,5.764102935791016,-1.5164833068847656,0.012209892272949219,-0.11477375030517578,0.0,-2.8339702651323546,6.447575168328566,-1.5638456546248714,0.004639278416333107,-0.005597347961957772
22,1,train,2,1,0.3490658503988659,2.0240416070009815,3,s,af3726fcacd0ac1320a56ea850b0a2c0f5430cf4eb20a45c078706980f08407e,d24fbe3839599a6a097188bae8cd47ce8083f27deef1341ae3086bf0d5a45bd1,a264f9f6df4fae96803cb1057b5fedc2d14ddccb52b4eb699c12be7c2ccc333e,a264f9f6df4fae96803cb1057b5fedc2d14ddccb52b4eb699c12be7c2ccc333e,1787976783.4545188,35367.356,17683737,0,0.9500646591186523,1.2174787521362305,1.579880714416504,-0.00171661376953125,-0.00095367431640625,0.00514984130859375,-0.0073261260986328125,0.3638582229614258,-0.0024423599243164062,-0.0073261260986328125,0.0073261260986328125,-0.0073261260986328125,-0.012209892272949219,-2.1948719024658203,5.8188018798828125,-1.521367073059082,0.012209892272949219,-0.11477375030517578,0.0,-2.8452867544429816,6.451429700341238,-1.5645860278968189,0.004630011057407369,-0.0055989466850615765
22,1,train,2,1,0.3490658503988659,2.0259086820005905,3,s,af3726fcacd0ac1320a56ea850b0a2c0f5430cf4eb20a45c078706980f08407e,d24fbe3839599a6a097188bae8cd47ce8083f27deef1341ae3086bf0d5a45bd1,a264f9f6df4fae96803cb1057b5fedc2d14ddccb52b4eb699c12be7c2ccc333e,a264f9f6df4fae96803cb1057b5fedc2d14ddccb52b4eb699c12be7c2ccc333e,1787976783.4563942,35367.358,17683738,0,0.9500646591186523,1.2182416915893555,1.579880714416504,-0.00171661376953125,-0.00095367431640625,0.00514984130859375,-0.0073261260986328125,0.3833942413330078,-0.0024423599243164062,-0.021978378295898438,-0.0073261260986328125,-0.0073261260986328125,-0.012209892272949219,-2.3042736053466797,5.8051300048828125,-1.5164833068847656,0.012209892272949219,-0.11477375030517578,0.0,-2.856601587578822,6.4552804771277685,-1.565325490459881,0.00462074100346062,-0.005600542149149641
22,1,train,2,1,0.3490658503988659,2.0277888590062503,3,s,af3726fcacd0ac1320a56ea850b0a2c0f5430cf4eb20a45c078706980f08407e,d24fbe3839599a6a097188bae8cd47ce8083f27deef1341ae3086bf0d5a45bd1,a264f9f6df4fae96803cb1057b5fedc2d14ddccb52b4eb699c12be7c2ccc333e,a264f9f6df4fae96803cb1057b5fedc2d14ddccb52b4eb699c12be7c2ccc333e,1787976783.458268,35367.36,17683739,0,0.9500646591186523,1.2190055847167969,1.579880714416504,-0.00171661376953125,-0.00095367431640625,0.00514984130859375,-0.021978378295898438,0.39316272735595703,-0.0024423599243164062,-0.0073261260986328125,-0.0073261260986328125,-0.0073261260986328125,-0.012209892272949219,-2.2222213745117188,5.846153259277344,-1.5164833068847656,0.012209892272949219,-0.11477375030517578,0.0,-2.867928898373473,6.4591323028685705,-1.5660649645025595,0.004611456667278422,-0.005602136341508057
22,1,train,2,1,0.3490658503988659,2.029656872000487,3,s,af3726fcacd0ac1320a56ea850b0a2c0f5430cf4eb20a45c078706980f08407e,d24fbe3839599a6a097188bae8cd47ce8083f27deef1341ae3086bf0d5a45bd1,a264f9f6df4fae96803cb1057b5fedc2d14ddccb52b4eb699c12be7c2ccc333e,a264f9f6df4fae96803cb1057b5fedc2d14ddccb52b4eb699c12be7c2ccc333e,1787976783.460711,35367.362,17683740,0,0.9500646591186523,1.2197685241699219,1.579880714416504,-0.00171661376953125,-0.00095367431640625,0.00514984130859375,0.0073261260986328125,0.373626708984375,-0.0024423599243164062,0.0073261260986328125,-0.0073261260986328125,-0.0073261260986328125,-0.0073261260986328125,-2.208547592163086,5.873504638671875,-1.5164833068847656,0.012209892272949219,-0.11477375030517578,0.0,-2.8792403973116105,6.462975557779631,-1.566802603217379,0.0046021812361269655,-0.0056037252807038165
22,1,train,2,1,0.3490658503988659,2.0321202720006113,3,s,af3726fcacd0ac1320a56ea850b0a2c0f5430cf4eb20a45c078706980f08407e,d24fbe3839599a6a097188bae8cd47ce8083f27deef1341ae3086bf0d5a45bd1,a264f9f6df4fae96803cb1057b5fedc2d14ddccb52b4eb699c12be7c2ccc333e,a264f9f6df4fae96803cb1057b5fedc2d14ddccb52b4eb699c12be7c2ccc333e,1787976783.4626055,35367.364,17683741,0,0.9500646591186523,1.2205314636230469,1.579880714416504,-0.00171661376953125,-0.00095367431640625,0.00514984130859375,0.0073261260986328125,0.34920597076416016,-0.0024423599243164062,0.0073261260986328125,-0.0073261260986328125,-0.0073261260986328125,-0.0073261260986328125,-2.208547592163086,5.887180328369141,-1.521367073059082,0.012209892272949219,-0.11477375030517578,0.0,-2.8905502203113396,6.466815050743973,-1.567539329933096,0.004592903126153593,-0.005605310958102324
22,1,train,2,1,0.3490658503988659,2.03399548100424,3,s,af3726fcacd0ac1320a56ea850b0a2c0f5430cf4eb20a45c078706980f08407e,d24fbe3839599a6a097188bae8cd47ce8083f27deef1341ae3086bf0d5a45bd1,a264f9f6df4fae96803cb1057b5fedc2d14ddccb52b4eb699c12be7c2ccc333e,a264f9f6df4fae96803cb1057b5fedc2d14ddccb52b4eb699c12be7c2ccc333e,1787976783.4645236,35367.366,17683742,0,0.9500646591186523,1.2209129333496094,1.579880714416504,-0.00171661376953125,-0.00095367431640625,0.00514984130859375,-0.0073261260986328125,0.3296699523925781,-0.0024423599243164062,-0.0073261260986328125,-0.0073261260986328125,-0.0073261260986328125,-0.012209892272949219,-2.1538467407226562,5.846153259277344,-1.5262517929077148,0.012209892272949219,-0.11477375030517578,0.0,-2.8962045012770203,6.468733385797643,-1.5679073511572608,0.004588263068296303,-0.005606102573339099
22,1,train,2,1,0.3490658503988659,2.0359175050034537,3,s,af3726fcacd0ac1320a56ea850b0a2c0f5430cf4eb20a45c078706980f08407e,d24fbe3839599a6a097188bae8cd47ce8083f27deef1341ae3086bf0d5a45bd1,a264f9f6df4fae96803cb1057b5fedc2d14ddccb52b4eb699c12be7c2ccc333e,a264f9f6df4fae96803cb1057b5fedc2d14ddccb52b4eb699c12be7c2ccc333e,1787976783.4664152,35367.367999999995,17683743,0,0.9500646591186523,1.2216758728027344,1.579880714416504,-0.00171661376953125,-0.00095367431640625,0.00514984130859375,-0.0073261260986328125,0.3247861862182617,-0.0024423599243164062,-0.0073261260986328125,-0.0073261260986328125,-0.0073261260986328125,-0.0073261260986328125,-2.2222213745117188,5.873504638671875,-1.5262517929077148,0.012209892272949219,-0.11477375030517578,0.0,-2.90751179802598,6.472567231652201,-1.5686427090704318,0.004578980950216607,-0.005607683356311725
22,1,train,2,1,0.3490658503988659,2.0378074040054344,3,s,af3726fcacd0ac1320a56ea850b0a2c0f5430cf4eb20a45c078706980f08407e,d24fbe3839599a6a097188bae8cd47ce8083f27deef1341ae3086bf0d5a45bd1,a264f9f6df4fae96803cb1057b5fedc2d14ddccb52b4eb699c12be7c2ccc333e,a264f9f6df4fae96803cb1057b5fedc2d14ddccb52b4eb699c12be7c2ccc333e,1787976783.4683025,35367.369999999995,17683744,0,0.9500646591186523,1.2224388122558594,1.579880714416504,-0.00133514404296875,-0.00095367431640625,0.00514984130859375,-0.0073261260986328125,0.33455467224121094,-0.0024423599243164062,0.0073261260986328125,-0.021978378295898438,-0.0073261260986328125,-0.0073261260986328125,-2.290597915649414,5.859828948974609,-1.5262517929077148,0.012209892272949219,-0.11477375030517578,0.0,-2.919184282266968,6.476764189863511,-1.5697440337999755,0.004565052777315443,-0.005610048410293973
22,1,train,2,1,0.3490658503988659,2.039696929001366,3,s,af3726fcacd0ac1320a56ea850b0a2c0f5430cf4eb20a45c078706980f08407e,d24fbe3839599a6a097188bae8cd47ce8083f27deef1341ae3086bf0d5a45bd1,a264f9f6df4fae96803cb1057b5fedc2d14ddccb52b4eb699c12be7c2ccc333e,a264f9f6df4fae96803cb1057b5fedc2d14ddccb52b4eb699c12be7c2ccc333e,1787976783.470792,35367.371999999996,17683745,0,0.9500646591186523,1.2232017517089844,1.579880714416504,-0.00171661376953125,-0.00095367431640625,0.00514984130859375,-0.0073261260986328125,0.3589744567871094,-0.0024423599243164062,-0.0073261260986328125,0.0073261260986328125,-0.0073261260986328125,-0.0073261260986328125,-2.331623077392578,5.887180328369141,-1.5262517929077148,0.012209892272949219,-0.11477375030517578,0.0,-2.930121307759591,6.480223618542507,-1.5701106852587157,0.004560408723508947,-0.0056108351290352736
22,1,train,2,1,0.3490658503988659,2.042182788005448,3,s,af3726fcacd0ac1320a56ea850b0a2c0f5430cf4eb20a45c078706980f08407e,d24fbe3839599a6a097188bae8cd47ce8083f27deef1341ae3086bf0d5a45bd1,a264f9f6df4fae96803cb1057b5fedc2d14ddccb52b4eb699c12be7c2ccc333e,a264f9f6df4fae96803cb1057b5fedc2d14ddccb52b4eb699c12be7c2ccc333e,1787976783.472682,35367.373999999996,17683746,0,0.9500646591186523,1.2239646911621094,1.579880714416504,-0.00133514404296875,-0.00095367431640625,0.00514984130859375,-0.0073261260986328125,0.3785104751586914,-0.0024423599243164062,-0.021978378295898438,-0.0073261260986328125,-0.0073261260986328125,-0.0073261260986328125,-2.4273509979248047,5.887180328369141,-1.5311355590820312,0.012209892272949219,-0.11477375030517578,0.0,-2.9417894734390635,6.484412120976938,-1.5712092685346435,0.004546472583032313,-0.005613190385898065
22,1,train,2,1,0.3490658503988659,2.044071285003156,3,s,af3726fcacd0ac1320a56ea850b0a2c0f5430cf4eb20a45c078706980f08407e,d24fbe3839599a6a097188bae8cd47ce8083f27deef1341ae3086bf0d5a45bd1,a264f9f6df4fae96803cb1057b5fedc2d14ddccb52b4eb699c12be7c2ccc333e,a264f9f6df4fae96803cb1057b5fedc2d14ddccb52b4eb699c12be7c2ccc333e,1787976783.4745507,35367.376,17683747,0,0.9500646591186523,1.2247276306152344,1.579880714416504,-0.00133514404296875,-0.00095367431640625,0.00514984130859375,-0.0073261260986328125,0.39804649353027344,-0.0024423599243164062,0.0073261260986328125,-0.0073261260986328125,-0.0073261260986328125,-0.0073261260986328125,-2.386323928833008,5.887180328369141,-1.5311355590820312,0.012209892272949219,-0.11477375030517578,0.0,-2.953089503794216,6.488230426009368,-1.5719405142688863,0.004537178513593762,-0.005614756473196851
22,1,train,2,1,0.3490658503988659,2.045942404001835,3,s,af3726fcacd0ac1320a56ea850b0a2c0f5430cf4eb20a45c078706980f08407e,d24fbe3839599a6a097188bae8cd47ce8083f27deef1341ae3086bf0d5a45bd1,a264f9f6df4fae96803cb1057b5fedc2d14ddccb52b4eb699c12be7c2ccc333e,a264f9f6df4fae96803cb1057b5fedc2d14ddccb52b4eb699c12be7c2ccc333e,1787976783.4764273,35367.378,17683748,0,0.9500646591186523,1.2254905700683594,1.579880714416504,-0.00133514404296875,-0.00095367431640625,0.00514984130859375,-0.0073261260986328125,0.39316272735595703,-0.0024423599243164062,0.0073261260986328125,0.0073261260986328125,-0.0073261260986328125,-0.0073261260986328125,-2.386323928833008,5.846153259277344,-1.5311355590820312,0.012209892272949219,-0.11477375030517578,0.0,-2.964387815225126,6.492044954394817,-1.572670845013369,0.004527881803169856,-0.005616319292277389
22,1,train,2,1,0.3490658503988659,2.047816590005823,3,s,af3726fcacd0ac1320a56ea850b0a2c0f5430cf4eb20a45c078706980f08407e,d24fbe3839599a6a097188bae8cd47ce8083f27deef1341ae3086bf0d5a45bd1,a264f9f6df4fae96803cb1057b5fedc2d14ddccb52b4eb699c12be7c2ccc333e,a264f9f6df4fae96803cb1057b5fedc2d14ddccb52b4eb699c12be7c2ccc333e,1787976783.4783192,35367.38,17683749,0,0.9500646591186523,1.2262535095214844,1.579880714416504,-0.00133514404296875,-0.00095367431640625,0.00514984130859375,-0.021978378295898438,0.3687419891357422,-0.0024423599243164062,-0.0073261260986328125,-0.0073261260986328125,-0.0073261260986328125,-0.0073261260986328125,-2.290597915649414,5.8188018798828125,-1.5311355590820312,0.012209892272949219,-0.11477375030517578,0.0,-2.9756844011553087,6.495855703912932,-1.5734002603429822,0.004518582457171991,-0.005617878842229992
22,1,train,2,1,0.3490658503988659,2.0497148830036167,3,s,af3726fcacd0ac1320a56ea850b0a2c0f5430cf4eb20a45c078706980f08407e,d24fbe3839599a6a097188bae8cd47ce8083f27deef1341ae3086bf0d5a45bd1,a264f9f6df4fae96803cb1057b5fedc2d14ddccb52b4eb699c12be7c2ccc333e,a264f9f6df4fae96803cb1057b5fedc2d14ddccb52b4eb699c12be7c2ccc333e,1787976783.4803267,35367.382,17683750,0,0.9500646591186523,1.2270164489746094,1.579880714416504,-0.00171661376953125,-0.00095367431640625,0.00514984130859375,-0.0073261260986328125,0.33943843841552734,-0.0024423599243164062,-0.021978378295898438,-0.021978378295898438,-0.0073261260986328125,-0.0073261260986328125,-2.1948719024658203,5.8051300048828125,-1.5311355590820312,0.012209892272949219,-0.11477375030517578,0.0,-2.986615119770652,6.499298537106933,-1.5737646245945134,0.004513931797524309,-0.005618657390999568
22,1,train,2,1,0.3490658503988659,2.051741122006206,3,s,af3726fcacd0ac1320a56ea850b0a2c0f5430cf4eb20a45c078706980f08407e,d24fbe3839599a6a097188bae8cd47ce8083f27deef1341ae3086bf0d5a45bd1,a264f9f6df4fae96803cb1057b5fedc2d14ddccb52b4eb699c12be7c2ccc333e,a264f9f6df4fae96803cb1057b5fedc2d14ddccb52b4eb699c12be7c2ccc333e,1787976783.482244,35367.384,17683751,0,0.9500646591186523,1.2273979187011719,1.579880714416504,-0.00171661376953125,-0.00095367431640625,0.00514984130859375,-0.021978378295898438,0.3101339340209961,-0.0024423599243164062,-0.0073261260986328125,-0.0073261260986328125,-0.0073261260986328125,-0.012209892272949219,-2.1811962127685547,5.8188018798828125,-1.5311355590820312,0.017093658447265625,-0.11477375030517578,0.0,-2.992262124180385,6.5012008317895065,-1.5741287598331521,0.0045092804810131,-0.005619435122146891
22,1,train,2,1,0.3490658503988659,2.0536384070001077,3,s,af3726fcacd0ac1320a56ea850b0a2c0f5430cf4eb20a45c078706980f08407e,d24fbe3839599a6a097188bae8cd47ce8083f27deef1341ae3086bf0d5a45bd1,a264f9f6df4fae96803cb1057b5fedc2d14ddccb52b4eb699c12be7c2ccc333e,a264f9f6df4fae96803cb1057b5fedc2d14ddccb52b4eb699c12be7c2ccc333e,1787976783.4846988,35367.386,17683752,0,0.9500646591186523,1.2281608581542969,1.579880714416504,-0.00133514404296875,-0.00095367431640625,0.00514984130859375,-0.0073261260986328125,0.28571414947509766,-0.0024423599243164062,0.0073261260986328125,-0.0073261260986328125,-0.0073261260986328125,-0.0073261260986328125,-2.126495361328125,5.873504638671875,-1.5311355590820312,0.012209892272949219,-0.11477375030517578,0.0,-3.003918273766011,6.505366030612477,-1.5752197909420036,0.0044953225970673924,-0.005621763408724204
22,1,train,2,1,0.3490658503988659,2.056093431005138,3,s,af3726fcacd0ac1320a56ea850b0a2c0f5430cf4eb20a45c078706980f08407e,d24fbe3839599a6a097188bae8cd47ce8083f27deef1341ae3086bf0d5a45bd1,a264f9f6df4fae96803cb1057b5fedc2d14ddccb52b4eb699c12be7c2ccc333e,a264f9f6df4fae96803cb1057b5fedc2d14ddccb52b4eb699c12be7c2ccc333e,1787976783.486589,35367.388,17683753,0,0.9500646591186523,1.2285423278808594,1.579880714416504,-0.00133514404296875,-0.00095367431640625,0.00514984130859375,-0.021978378295898438,0.28571414947509766,-0.0024423599243164062,-0.0073261260986328125,-0.0073261260986328125,-0.0073261260986328125,-0.0073261260986328125,-2.1538467407226562,5.900856018066406,-1.5360193252563477,0.012209892272949219,-0.11477375030517578,0.0,-3.009563740191782,6.507265257092827,-1.5755830095995242,0.004490668659871615,-0.005622537868251967
22,1,train,2,1,0.3490658503988659,2.057980666999356,3,s,af3726fcacd0ac1320a56ea850b0a2c0f5430cf4eb20a45c078706980f08407e,d24fbe3839599a6a097188bae8cd47ce8083f27deef1341ae3086bf0d5a45bd1,a264f9f6df4fae96803cb1057b5fedc2d14ddccb52b4eb699c12be7c2ccc333e,a264f9f6df4fae96803cb1057b5fedc2d14ddccb52b4eb699c12be7c2ccc333e,1787976783.488509,35367.39,17683754,0,0.9500646591186523,1.2293052673339844,1.579880714416504,-0.00133514404296875,-0.00095367431640625,0.00514984130859375,-0.0073261260986328125,0.3101339340209961,-0.0024423599243164062,-0.0073261260986328125,-0.021978378295898438,-0.0073261260986328125,-0.0073261260986328125,-2.290597915649414,5.928203582763672,-1.5360193252563477,0.012209892272949219,-0.1196584701538086,0.0,-3.020853358374392,6.5110608689821605,-1.5763087590292415,0.004481358825722524,-0.005624084332634112
22,1,train,2,1,0.3490658503988659,2.0599057799990987,3,s,af3726fcacd0ac1320a56ea850b0a2c0f5430cf4eb20a45c078706980f08407e,d24fbe3839599a6a097188bae8cd47ce8083f27deef1341ae3086bf0d5a45bd1,a264f9f6df4fae96803cb1057b5fedc2d14ddccb52b4eb699c12be7c2ccc333e,a264f9f6df4fae96803cb1057b5fedc2d14ddccb52b4eb699c12be7c2ccc333e,1787976783.4904153,35367.392,17683755,0,0.9500646591186523,1.2300682067871094,1.579880714416504,-0.00171661376953125,-0.00095367431640625,0.00514984130859375,-0.0073261260986328125,0.33455467224121094,-0.0024423599243164062,-0.021978378295898438,-0.0073261260986328125,-0.0073261260986328125,-0.0073261260986328125,-2.331623077392578,5.914531707763672,-1.540903091430664,0.012209892272949219,-0.11477375030517578,0.0,-3.0317789169582854,6.514490389704722,-1.5766712896958264,0.0044767029301239734,-0.00562485633726345
22,1,train,2,1,0.3490658503988659,2.0618117970007006,3,s,af3726fcacd0ac1320a56ea850b0a2c0f5430cf4eb20a45c078706980f08407e,d24fbe3839599a6a097188bae8cd47ce8083f27deef1341ae3086bf0d5a45bd1,a264f9f6df4fae96803cb1057b5fedc2d14ddccb52b4eb699c12be7c2ccc333e,a264f9f6df4fae96803cb1057b5fedc2d14ddccb52b4eb699c12be7c2ccc333e,1787976783.4923427,35367.394,17683756,0,0.9500646591186523,1.2308311462402344,1.579880714416504,-0.00171661376953125,-0.00095367431640625,0.00514984130859375,-0.0073261260986328125,0.34920597076416016,-0.0024423599243164062,-0.0073261260986328125,0.0073261260986328125,-0.0073261260986328125,-0.0073261260986328125,-2.3999996185302734,5.873504638671875,-1.5360193252563477,0.012209892272949219,-0.1196584701538086,0.0,-3.043065470864373,6.518278878544691,-1.5773956626686747,0.004467389185266459,-0.005626397890836959
22,1,train,2,1,0.3490658503988659,2.0637381830019876,3,s,af3726fcacd0ac1320a56ea850b0a2c0f5430cf4eb20a45c078706980f08407e,d24fbe3839599a6a097188bae8cd47ce8083f27deef1341ae3086bf0d5a45bd1,a264f9f6df4fae96803cb1057b5fedc2d14ddccb52b4eb699c12be7c2ccc333e,a264f9f6df4fae96803cb1057b5fedc2d14ddccb52b4eb699c12be7c2ccc333e,1787976783.494869,35367.396,17683757,0,0.9500646591186523,1.2315940856933594,1.579880714416504,-0.00133514404296875,-0.00095367431640625,0.00514984130859375,-0.0073261260986328125,0.3638582229614258,-0.0024423599243164062,-0.0073261260986328125,-0.0073261260986328125,-0.0073261260986328125,-0.0073261260986328125,-2.4820518493652344,5.914531707763672,-1.5360193252563477,0.017093658447265625,-0.1196584701538086,0.0,-3.0547116364336855,6.522424956207546,-1.5784805004368179,0.004453413693994849,-0.005628704080302751
22,1,train,2,1,0.3490658503988659,2.0662662960021407,3,s,af3726fcacd0ac1320a56ea850b0a2c0f5430cf4eb20a45c078706980f08407e,d24fbe3839599a6a097188bae8cd47ce8083f27deef1341ae3086bf0d5a45bd1,a264f9f6df4fae96803cb1057b5fedc2d14ddccb52b4eb699c12be7c2ccc333e,a264f9f6df4fae96803cb1057b5fedc2d14ddccb52b4eb699c12be7c2ccc333e,1787976783.4967866,35367.398,17683758,0,0.9500646591186523,1.2323570251464844,1.579880714416504,-0.00171661376953125,-0.00095367431640625,0.00514984130859375,-0.0073261260986328125,0.3589744567871094,-0.0024423599243164062,-0.021978378295898438,-0.0073261260986328125,-0.0073261260986328125,-0.0073261260986328125,-2.3999996185302734,5.9418792724609375,-1.5360193252563477,0.017093658447265625,-0.1196584701538086,0.0,-3.0656332582165056,6.525844471609198,-1.5788416536980445,0.004448753899886394,-0.005629471172105242
22,1,train,2,1,0.3490658503988659,2.0681806260035955,3,s,af3726fcacd0ac1320a56ea850b0a2c0f5430cf4eb20a45c078706980f08407e,d24fbe3839599a6a097188bae8cd47ce8083f27deef1341ae3086bf0d5a45bd1,a264f9f6df4fae96803cb1057b5fedc2d14ddccb52b4eb699c12be7c2ccc333e,a264f9f6df4fae96803cb1057b5fedc2d14ddccb52b4eb699c12be7c2ccc333e,1787976783.4986854,35367.4,17683759,0,0.9500646591186523,1.2327384948730469,1.579880714416504,-0.00171661376953125,-0.00095367431640625,0.00514984130859375,-0.0073261260986328125,0.33455467224121094,-0.0024423599243164062,-0.0073261260986328125,-0.0073261260986328125,-0.0073261260986328125,-0.0073261260986328125,-2.386323928833008,5.955554962158203,-1.5360193252563477,0.012209892272949219,-0.1196584701538086,0.0,-3.071274091836036,6.527733496474705,-1.579202577207575,0.0044440934583990545,-0.005630237444711871
22,1,train,2,1,0.3490658503988659,2.070078803000797,3,s,af3726fcacd0ac1320a56ea850b0a2c0f5430cf4eb20a45c078706980f08407e,d24fbe3839599a6a097188bae8cd47ce8083f27deef1341ae3086bf0d5a45bd1,a264f9f6df4fae96803cb1057b5fedc2d14ddccb52b4eb699c12be7c2ccc333e,a264f9f6df4fae96803cb1057b5fedc2d14ddccb52b4eb699c12be7c2ccc333e,1787976783.5005774,35367.402,17683760,0,0.9500646591186523,1.2335014343261719,1.579880714416504,-0.00133514404296875,-0.00095367431640625,0.00514984130859375,-0.021978378295898438,0.3150186538696289,-0.0024423599243164062,-0.0073261260986328125,-0.021978378295898438,-0.0073261260986328125,-0.0073261260986328125,-2.331623077392578,5.928203582763672,-1.5360193252563477,0.017093658447265625,-0.1196584701538086,0.0,-3.0829146514061723,6.531868930139721,-1.5802839687009433,0.004430108256446004,-0.005632531346242105
22,1,train,2,1,0.3490658503988659,2.0719897340022726,3,s,af3726fcacd0ac1320a56ea850b0a2c0f5430cf4eb20a45c078706980f08407e,d24fbe3839599a6a097188bae8cd47ce8083f27deef1341ae3086bf0d5a45bd1,a264f9f6df4fae96803cb1057b5fedc2d14ddccb52b4eb699c12be7c2ccc333e,a264f9f6df4fae96803cb1057b5fedc2d14ddccb52b4eb699c12be7c2ccc333e,1787976783.5025225,35367.403999999995,17683761,0,0.9500646591186523,1.2338829040527344,1.579880714416504,-0.00133514404296875,-0.00095367431640625,0.00514984130859375,-0.0073261260986328125,0.2954826354980469,-0.0024423599243164062,-0.0073261260986328125,0.0073261260986328125,-0.0073261260986328125,-0.0073261260986328125,-2.24957275390625,5.928203582763672,-1.5360193252563477,0.017093658447265625,-0.1196584701538086,0.0,-3.0885539118142455,6.533754874488835,-1.58064397267881,0.004425445232225884,-0.005633294340951401
22,1,train,2,1,0.3490658503988659,2.073920328002714,3,s,af3726fcacd0ac1320a56ea850b0a2c0f5430cf4eb20a45c078706980f08407e,d24fbe3839599a6a097188bae8cd47ce8083f27deef1341ae3086bf0d5a45bd1,a264f9f6df4fae96803cb1057b5fedc2d14ddccb52b4eb699c12be7c2ccc333e,a264f9f6df4fae96803cb1057b5fedc2d14ddccb52b4eb699c12be7c2ccc333e,1787976783.504433,35367.405999999995,17683762,0,0.9500646591186523,1.2346458435058594,1.579880714416504,-0.00133514404296875,-0.00095367431640625,0.00514984130859375,-0.0073261260986328125,0.2954826354980469,-0.0024423599243164062,-0.0073261260986328125,0.0073261260986328125,-0.0073261260986328125,-0.0073261260986328125,-2.3179492950439453,5.928203582763672,-1.5360193252563477,0.017093658447265625,-0.1196584701538086,0.0,-3.0998310834786076,6.5375239105533804,-1.5813632905402848,0.004416117252503203,-0.005634817871002462
22,1,train,2,1,0.3490658503988659,2.0758269770012703,3,s,af3726fcacd0ac1320a56ea850b0a2c0f5430cf4eb20a45c078706980f08407e,d24fbe3839599a6a097188bae8cd47ce8083f27deef1341ae3086bf0d5a45bd1,a264f9f6df4fae96803cb1057b5fedc2d14ddccb52b4eb699c12be7c2ccc333e,a264f9f6df4fae96803cb1057b5fedc2d14ddccb52b4eb699c12be7c2ccc333e,1787976783.5063398,35367.407999999996,17683763,0,0.9500646591186523,1.2354087829589844,1.579880714416504,-0.00133514404296875,-0.00095367431640625,0.00514984130859375,-0.0073261260986328125,0.3052501678466797,-0.0024423599243164062,0.0073261260986328125,-0.0073261260986328125,-0.0073261260986328125,-0.0073261260986328125,-2.3999996185302734,5.969230651855469,-1.540903091430664,0.012209892272949219,-0.1196584701538086,0.0,-3.1111064508038946,6.541289141278362,-1.5820816879272233,0.004406786702262092,-0.005636338121158002
22,1,train,2,1,0.3490658503988659,2.077737182000419,3,s,af3726fcacd0ac1320a56ea850b0a2c0f5430cf4eb20a45c078706980f08407e,d24fbe3839599a6a097188bae8cd47ce8083f27deef1341ae3086bf0d5a45bd1,a264f9f6df4fae96803cb1057b5fedc2d14ddccb52b4eb699c12be7c2ccc333e,a264f9f6df4fae96803cb1057b5fedc2d14ddccb52b4eb699c12be7c2ccc333e,1787976783.508827,35367.409999999996,17683764,0,0.9500646591186523,1.2361717224121094,1.579880714416504,-0.00133514404296875,-0.00095367431640625,0.00514984130859375,-0.0073261260986328125,0.33455467224121094,-0.0024423599243164062,-0.0073261260986328125,-0.0073261260986328125,-0.0073261260986328125,-0.0073261260986328125,-2.4410247802734375,5.982906341552734,-1.5457878112792969,0.012209892272949219,-0.1196584701538086,0.0,-3.1223800072269756,6.545050564472126,-1.582799164421462,0.004397453586933641,-0.0056378550905331224
22,1,train,2,1,0.3490658503988659,2.0802253340007155,3,s,af3726fcacd0ac1320a56ea850b0a2c0f5430cf4eb20a45c078706980f08407e,d24fbe3839599a6a097188bae8cd47ce8083f27deef1341ae3086bf0d5a45bd1,a264f9f6df4fae96803cb1057b5fedc2d14ddccb52b4eb699c12be7c2ccc333e,a264f9f6df4fae96803cb1057b5fedc2d14ddccb52b4eb699c12be7c2ccc333e,1787976783.510793,35367.412,17683765,0,0.9500646591186523,1.2369346618652344,1.579880714416504,-0.00133514404296875,-0.00095367431640625,0.00514984130859375,-0.0073261260986328125,0.3589744567871094,-0.0024423599243164062,0.0073261260986328125,-0.0073261260986328125,-0.0073261260986328125,-0.0073261260986328125,-2.5641021728515625,5.99658203125,-1.5457878112792969,0.012209892272949219,-0.1196584701538086,0.0,-3.1336517461857736,6.548808177945231,-1.583515719605374,0.0043881179119504435,-0.005639368778244825
22,1,train,2,1,0.3490658503988659,2.0821925290001673,3,s,af3726fcacd0ac1320a56ea850b0a2c0f5430cf4eb20a45c078706980f08407e,d24fbe3839599a6a097188bae8cd47ce8083f27deef1341ae3086bf0d5a45bd1,a264f9f6df4fae96803cb1057b5fedc2d14ddccb52b4eb699c12be7c2ccc333e,a264f9f6df4fae96803cb1057b5fedc2d14ddccb52b4eb699c12be7c2ccc333e,1787976783.512735,35367.414,17683766,0,0.9500646591186523,1.2376976013183594,1.579880714416504,-0.00133514404296875,-0.00095367431640625,0.00514984130859375,-0.0073261260986328125,0.373626708984375,-0.0024423599243164062,-0.0073261260986328125,-0.0073261260986328125,-0.0073261260986328125,-0.0073261260986328125,-2.577777862548828,5.982906341552734,-1.5457878112792969,0.012209892272949219,-0.1196584701538086,0.0,-3.1449216611192803,6.552561979510466,-1.5842313530618706,0.00437877968274658,-0.005640879183412031
22,1,train,2,1,0.3490658503988659,2.084131513001921,3,s,af3726fcacd0ac1320a56ea850b0a2c0f5430cf4eb20a45c078706980f08407e,d24fbe3839599a6a097188bae8cd47ce8083f27deef1341ae3086bf0d5a45bd1,a264f9f6df4fae96803cb1057b5fedc2d14ddccb52b4eb699c12be7c2ccc333e,a264f9f6df4fae96803cb1057b5fedc2d14ddccb52b4eb699c12be7c2ccc333e,1787976783.5146394,35367.416,17683767,0,0.9500646591186523,1.2384605407714844,1.579880714416504,-0.00133514404296875,-0.00095367431640625,0.00514984130859375,-0.0073261260986328125,0.3833942413330078,-0.0024423599243164062,-0.0073261260986328125,-0.021978378295898438,-0.0073261260986328125,-0.0073261260986328125,-2.536752700805664,5.982906341552734,-1.5457878112792969,0.012209892272949219,-0.1196584701538086,0.0,-3.1561897454675405,6.55631196698283,-1.5849460643743984,0.004369438904757606,-0.005642386305155569
22,1,train,2,1,0.3490658503988659,2.086032149003586,3,s,af3726fcacd0ac1320a56ea850b0a2c0f5430cf4eb20a45c078706980f08407e,d24fbe3839599a6a097188bae8cd47ce8083f27deef1341ae3086bf0d5a45bd1,a264f9f6df4fae96803cb1057b5fedc2d14ddccb52b4eb699c12be7c2ccc333e,a264f9f6df4fae96803cb1057b5fedc2d14ddccb52b4eb699c12be7c2ccc333e,1787976783.5165553,35367.418,17683768,0,0.9500646591186523,1.2388420104980469,1.579880714416504,-0.00133514404296875,-0.00095367431640625,0.00514984130859375,-0.0073261260986328125,0.3638582229614258,-0.0024423599243164062,0.0073261260986328125,-0.0073261260986328125,-0.0073261260986328125,-0.0073261260986328125,-2.4683761596679688,5.99658203125,-1.5457878112792969,0.012209892272949219,-0.1196584701538086,0.0,-3.161823099122507,6.558185529751977,-1.585303074096647,0.004364767561667725,-0.005643138634469244
22,1,train,2,1,0.3490658503988659,2.0879559770037304,3,s,af3726fcacd0ac1320a56ea850b0a2c0f5430cf4eb20a45c078706980f08407e,d24fbe3839599a6a097188bae8cd47ce8083f27deef1341ae3086bf0d5a45bd1,a264f9f6df4fae96803cb1057b5fedc2d14ddccb52b4eb699c12be7c2ccc333e,a264f9f6df4fae96803cb1057b5fedc2d14ddccb52b4eb699c12be7c2ccc333e,1787976783.5184543,35367.42,17683769,0,0.9500646591186523,1.2396049499511719,1.579880714416504,-0.00133514404296875,-0.00095367431640625,0.00514984130859375,-0.0073261260986328125,0.3296699523925781,-0.0024423599243164062,-0.0073261260986328125,-0.021978378295898438,-0.0073261260986328125,-0.0073261260986328125,-2.3179492950439453,6.010257720947266,-1.5506715774536133,0.012209892272949219,-0.1196584701538086,0.0,-3.1730884252953144,6.561929791993012,-1.5860164014133566,0.0043554229706960195,-0.005644640829433014
22,1,train,2,1,0.3490658503988659,2.0898469570020097,3,s,af3726fcacd0ac1320a56ea850b0a2c0f5430cf4eb20a45c078706980f08407e,d24fbe3839599a6a097188bae8cd47ce8083f27deef1341ae3086bf0d5a45bd1,a264f9f6df4fae96803cb1057b5fedc2d14ddccb52b4eb699c12be7c2ccc333e,a264f9f6df4fae96803cb1057b5fedc2d14ddccb52b4eb699c12be7c2ccc333e,1787976783.520408,35367.422,17683770,0,0.9500646591186523,1.2399864196777344,1.579880714416504,-0.00171661376953125,-0.00095367431640625,0.00514984130859375,-0.0073261260986328125,0.2954826354980469,-0.0024423599243164062,-0.0073261260986328125,-0.0073261260986328125,-0.0073261260986328125,-0.0073261260986328125,-2.2769222259521484,5.99658203125,-1.5457878112792969,0.012209892272949219,-0.1196584701538086,0.0,-3.178364078683173,6.563444173429376,-1.5860164014133566,0.0043554229706960195,-0.005644640829433014
22,1,train,2,1,0.3490658503988659,2.091825317002076,3,s,af3726fcacd0ac1320a56ea850b0a2c0f5430cf4eb20a45c078706980f08407e,d24fbe3839599a6a097188bae8cd47ce8083f27deef1341ae3086bf0d5a45bd1,a264f9f6df4fae96803cb1057b5fedc2d14ddccb52b4eb699c12be7c2ccc333e,a264f9f6df4fae96803cb1057b5fedc2d14ddccb52b4eb699c12be7c2ccc333e,1787976783.5223825,35367.424,17683771,0,0.9500646591186523,1.2407493591308594,1.579880714416504,-0.00133514404296875,-0.00095367431640625,0.00514984130859375,-0.0073261260986328125,0.27594661712646484,-0.0024423599243164062,0.0073261260986328125,-0.021978378295898438,-0.0073261260986328125,-0.0073261260986328125,-2.290597915649414,6.010257720947266,-1.540903091430664,0.017093658447265625,-0.1196584701538086,0.0,-3.1899829494172995,6.567539023025983,-1.5870846612906815,0.004341401332457929,-0.005646887961081129
22,1,train,2,1,0.3490658503988659,2.093779128001188,3,s,af3726fcacd0ac1320a56ea850b0a2c0f5430cf4eb20a45c078706980f08407e,d24fbe3839599a6a097188bae8cd47ce8083f27deef1341ae3086bf0d5a45bd1,a264f9f6df4fae96803cb1057b5fedc2d14ddccb52b4eb699c12be7c2ccc333e,a264f9f6df4fae96803cb1057b5fedc2d14ddccb52b4eb699c12be7c2ccc333e,1787976783.5243456,35367.426,17683772,0,0.9500646591186523,1.2411308288574219,1.579880714416504,-0.00133514404296875,-0.00095367431640625,0.00514984130859375,-0.0073261260986328125,0.27106189727783203,-0.0024423599243164062,-0.0073261260986328125,0.0073261260986328125,-0.0073261260986328125,-0.0073261260986328125,-2.290597915649414,6.023933410644531,-1.5457878112792969,0.017093658447265625,-0.1196584701538086,0.0,-3.1956135301433326,6.569406855660882,-1.5874402860830896,0.0043367261886242195,-0.005647635361648371
22,1,train,2,1,0.3490658503988659,2.0957458710036008,3,s,af3726fcacd0ac1320a56ea850b0a2c0f5430cf4eb20a45c078706980f08407e,d24fbe3839599a6a097188bae8cd47ce8083f27deef1341ae3086bf0d5a45bd1,a264f9f6df4fae96803cb1057b5fedc2d14ddccb52b4eb699c12be7c2ccc333e,a264f9f6df4fae96803cb1057b5fedc2d14ddccb52b4eb699c12be7c2ccc333e,1787976783.5269246,35367.428,17683773,0,0.9500646591186523,1.2418937683105469,1.579880714416504,-0.00133514404296875,-0.00095367431640625,0.00514984130859375,-0.021978378295898438,0.28571414947509766,-0.0024423599243164062,-0.0073261260986328125,-0.0073261260986328125,-0.0073261260986328125,-0.0073261260986328125,-2.3999996185302734,5.982906341552734,-1.5457878112792969,0.012209892272949219,-0.1196584701538086,0.0,-3.2068732957072155,6.573139652735497,-1.5881508426073032,0.004327374008407084,-0.005649127697156911
22,1,train,2,1,0.3490658503988659,2.098325556005875,3,s,af3726fcacd0ac1320a56ea850b0a2c0f5430cf4eb20a45c078706980f08407e,d24fbe3839599a6a097188bae8cd47ce8083f27deef1341ae3086bf0d5a45bd1,a264f9f6df4fae96803cb1057b5fedc2d14ddccb52b4eb699c12be7c2ccc333e,a264f9f6df4fae96803cb1057b5fedc2d14ddccb52b4eb699c12be7c2ccc333e,1787976783.5283296,35367.43,17683774,0,0.9500646591186523,1.2426567077636719,1.579880714416504,-0.00133514404296875,-0.00095367431640625,0.00514984130859375,-0.0073261260986328125,0.3150186538696289,-0.0024423599243164062,-0.0073261260986328125,0.0073261260986328125,-0.0073261260986328125,-0.0073261260986328125,-2.550426483154297,5.969230651855469,-1.5457878112792969,0.017093658447265625,-0.1196584701538086,0.0,-3.218131194625246,6.576868623739454,-1.588860474706104,0.004318019309326879,-0.005650616744440514
22,1,train,2,1,0.3490658503988659,2.0997310410020873,3,s,af3726fcacd0ac1320a56ea850b0a2c0f5430cf4eb20a45c078706980f08407e,d24fbe3839599a6a097188bae8cd47ce8083f27deef1341ae3086bf0d5a45bd1,a264f9f6df4fae96803cb1057b5fedc2d14ddccb52b4eb699c12be7c2ccc333e,a264f9f6df4fae96803cb1057b5fedc2d14ddccb52b4eb699c12be7c2ccc333e,1787976783.5308876,35367.432,17683775,0,0.9500646591186523,1.2434196472167969,1.579880714416504,-0.00133514404296875,-0.00095367431640625,0.00514984130859375,-0.0073261260986328125,0.33455467224121094,-0.0024423599243164062,-0.0073261260986328125,0.0073261260986328125,-0.0073261260986328125,-0.0073261260986328125,-2.577777862548828,5.914531707763672,-1.5457878112792969,0.012209892272949219,-0.1196584701538086,0.0,-3.2293872203444813,6.580593766502213,-1.5895691819664328,0.004308662096828758,-0.005652102502632445
22,1,train,2,1,0.3490658503988659,2.1022933360000025,3,s,af3726fcacd0ac1320a56ea850b0a2c0f5430cf4eb20a45c078706980f08407e,d24fbe3839599a6a097188bae8cd47ce8083f27deef1341ae3086bf0d5a45bd1,a264f9f6df4fae96803cb1057b5fedc2d14ddccb52b4eb699c12be7c2ccc333e,a264f9f6df4fae96803cb1057b5fedc2d14ddccb52b4eb699c12be7c2ccc333e,1787976783.5322814,35367.434,17683776,0,0.9500646591186523,1.2441825866699219,1.579880714416504,-0.00171661376953125,-0.00095367431640625,0.00514984130859375,-0.0073261260986328125,0.35409069061279297,-0.0024423599243164062,-0.0073261260986328125,-0.0073261260986328125,-0.0073261260986328125,-0.0073261260986328125,-2.6461544036865234,5.9418792724609375,-1.5457878112792969,0.012209892272949219,-0.1196584701538086,0.0,-3.24028759099051,6.583961303532918,-1.589923188653236,0.0043039825497499925,-0.0056528441480487
22,1,train,2,1,0.3490658503988659,2.103685261005012,3,s,af3726fcacd0ac1320a56ea850b0a2c0f5430cf4eb20a45c078706980f08407e,d24fbe3839599a6a097188bae8cd47ce8083f27deef1341ae3086bf0d5a45bd1,a264f9f6df4fae96803cb1057b5fedc2d14ddccb52b4eb699c12be7c2ccc333e,a264f9f6df4fae96803cb1057b5fedc2d14ddccb52b4eb699c12be7c2ccc333e,1787976783.534872,35367.436,17683777,0,0.9500646591186523,1.2445640563964844,1.579880714416504,-0.00171661376953125,-0.00095367431640625,0.00514984130859375,-0.0073261260986328125,0.3589744567871094,-0.0024423599243164062,-0.0073261260986328125,-0.021978378295898438,-0.0073261260986328125,-0.0073261260986328125,-2.618803024291992,5.928203582763672,-1.5457878112792969,0.012209892272949219,-0.1196584701538086,0.0,-3.245914188436882,6.585820754044731,-1.5902769639757663,0.004299302376359341,-0.0056535849708678745
22,1,train,2,1,0.3490658503988659,2.106283537003037,3,s,af3726fcacd0ac1320a56ea850b0a2c0f5430cf4eb20a45c078706980f08407e,d24fbe3839599a6a097188bae8cd47ce8083f27deef1341ae3086bf0d5a45bd1,a264f9f6df4fae96803cb1057b5fedc2d14ddccb52b4eb699c12be7c2ccc333e,a264f9f6df4fae96803cb1057b5fedc2d14ddccb52b4eb699c12be7c2ccc333e,1787976783.5362616,35367.438,17683778,0,0.9500646591186523,1.2453269958496094,1.579880714416504,-0.00171661376953125,-0.00095367431640625,0.00514984130859375,-0.0073261260986328125,0.34432220458984375,-0.0024423599243164062,-0.021978378295898438,-0.0073261260986328125,-0.0073261260986328125,-0.0073261260986328125,-2.454700469970703,5.969230651855469,-1.5457878112792969,0.012209892272949219,-0.1196584701538086,0.0,-3.2571659654828915,6.5895367797087845,-1.5909838203221227,0.004289940153366692,-0.005655064148283897
22,1,train,2,1,0.3490658503988659,2.107663823000621,3,s,af3726fcacd0ac1320a56ea850b0a2c0f5430cf4eb20a45c078706980f08407e,d24fbe3839599a6a097188bae8cd47ce8083f27deef1341ae3086bf0d5a45bd1,a264f9f6df4fae96803cb1057b5fedc2d14ddccb52b4eb699c12be7c2ccc333e,a264f9f6df4fae96803cb1057b5fedc2d14ddccb52b4eb699c12be7c2ccc333e,1787976783.538797,35367.439999999995,17683779,0,0.9500646591186523,1.2460899353027344,1.579880714416504,-0.00171661376953125,-0.00095367431640625,0.00514984130859375,-0.0073261260986328125,0.3150186538696289,-0.0024423599243164062,-0.0073261260986328125,-0.0073261260986328125,-0.0073261260986328125,-0.0073261260986328125,-2.413675308227539,5.99658203125,-1.540903091430664,0.012209892272949219,-0.1196584701538086,0.0,-3.2684158466088697,6.5932489697577985,-1.5916897505940557,0.004280575433300349,-0.005656540034019513
22,1,train,2,1,0.3490658503988659,2.110198346999823,3,s,af3726fcacd0ac1320a56ea850b0a2c0f5430cf4eb20a45c078706980f08407e,d24fbe3839599a6a097188bae8cd47ce8083f27deef1341ae3086bf0d5a45bd1,a264f9f6df4fae96803cb1057b5fedc2d14ddccb52b4eb699c12be7c2ccc333e,a264f9f6df4fae96803cb1057b5fedc2d14ddccb52b4eb699c12be7c2ccc333e,1787976783.5408053,35367.441999999995,17683780,0,0.9500646591186523,1.2464714050292969,1.579880714416504,-0.00133514404296875,-0.00095367431640625,0.00514984130859375,-0.0073261260986328125,0.28083038330078125,-0.0024423599243164062,-0.0073261260986328125,-0.021978378295898438,-0.0073261260986328125,-0.0073261260986328125,-2.3452987670898438,6.023933410644531,-1.540903091430664,0.012209892272949219,-0.1196584701538086,0.0,-3.274392460212439,6.59545601180831,-1.5923947543806616,0.0042712082216112895,-0.005658012627215645
22,1,train,2,1,0.3490658503988659,2.112241549999453,3,s,af3726fcacd0ac1320a56ea850b0a2c0f5430cf4eb20a45c078706980f08407e,d24fbe3839599a6a097188bae8cd47ce8083f27deef1341ae3086bf0d5a45bd1,a264f9f6df4fae96803cb1057b5fedc2d14ddccb52b4eb699c12be7c2ccc333e,a264f9f6df4fae96803cb1057b5fedc2d14ddccb52b4eb699c12be7c2ccc333e,1787976783.5428805,35367.443999999996,17683781,0,0.9500646591186523,1.2468528747558594,1.579880714416504,-0.00171661376953125,-0.00095367431640625,0.00514984130859375,-0.0073261260986328125,0.2612943649291992,-0.0024423599243164062,-0.021978378295898438,0.0073261260986328125,-0.0073261260986328125,-0.0073261260986328125,-2.2632484436035156,6.010257720947266,-1.5457878112792969,0.012209892272949219,-0.1196584701538086,0.0,-3.2796638252665242,6.596957322030992,-1.5923947543806616,0.004271208221611289,-0.005658012627215645
22,1,train,2,1,0.3490658503988659,2.1142922030048794,3,s,af3726fcacd0ac1320a56ea850b0a2c0f5430cf4eb20a45c078706980f08407e,d24fbe3839599a6a097188bae8cd47ce8083f27deef1341ae3086bf0d5a45bd1,a264f9f6df4fae96803cb1057b5fedc2d14ddccb52b4eb699c12be7c2ccc333e,a264f9f6df4fae96803cb1057b5fedc2d14ddccb52b4eb699c12be7c2ccc333e,1787976783.5443077,35367.445999999996,17683782,0,0.9500646591186523,1.2476158142089844,1.579880714416504,-0.00133514404296875,-0.00095367431640625,0.00514984130859375,-0.0073261260986328125,0.2466421127319336,-0.0024423599243164062,-0.0073261260986328125,-0.0073261260986328125,-0.0073261260986328125,-0.0073261260986328125,-2.290597915649414,5.99658203125,-1.540903091430664,0.012209892272949219,-0.1196584701538086,0.0,-3.2912615856401573,6.601013525101307,-1.593450522003052,0.004257152744212714,-0.005660215341623799
22,1,train,2,1,0.3490658503988659,2.115712708000501,3,s,af3726fcacd0ac1320a56ea850b0a2c0f5430cf4eb20a45c078706980f08407e,d24fbe3839599a6a097188bae8cd47ce8083f27deef1341ae3086bf0d5a45bd1,a264f9f6df4fae96803cb1057b5fedc2d14ddccb52b4eb699c12be7c2ccc333e,a264f9f6df4fae96803cb1057b5fedc2d14ddccb52b4eb699c12be7c2ccc333e,1787976783.546904,35367.448,17683783,0,0.9500646591186523,1.2479972839355469,1.579880714416504,-0.00171661376953125,-0.00095367431640625,0.00514984130859375,-0.0073261260986328125,0.2564105987548828,-0.0024423599243164062,-0.0073261260986328125,-0.021978378295898438,-0.0073261260986328125,-0.0073261260986328125,-2.413675308227539,5.969230651855469,-1.5457878112792969,0.012209892272949219,-0.1196584701538086,0.0,-3.2965322118032483,6.602512649889926,-1.5934505220030517,0.004257152744212714,-0.005660215341623799
22,1,train,2,1,0.3490658503988659,2.1183187040005578,3,s,af3726fcacd0ac1320a56ea850b0a2c0f5430cf4eb20a45c078706980f08407e,d24fbe3839599a6a097188bae8cd47ce8083f27deef1341ae3086bf0d5a45bd1,a264f9f6df4fae96803cb1057b5fedc2d14ddccb52b4eb699c12be7c2ccc333e,a264f9f6df4fae96803cb1057b5fedc2d14ddccb52b4eb699c12be7c2ccc333e,1787976783.548336,35367.45,17683784,0,0.9500646591186523,1.2487602233886719,1.579880714416504,-0.00171661376953125,-0.00095367431640625,0.00514984130859375,-0.0073261260986328125,0.27594661712646484,-0.0024423599243164062,-0.021978378295898438,0.0073261260986328125,-0.0073261260986328125,-0.012209892272949219,-2.4683761596679688,6.010257720947266,-1.5506715774536133,0.012209892272949219,-0.11477375030517578,0.0,-3.3077754056486057,6.606211398284838,-1.5941532077821667,0.004247779327324443,-0.005661679699725338
22,1,train,2,1,0.3490658503988659,2.119744391005952,3,s,af3726fcacd0ac1320a56ea850b0a2c0f5430cf4eb20a45c078706980f08407e,d24fbe3839599a6a097188bae8cd47ce8083f27deef1341ae3086bf0d5a45bd1,a264f9f6df4fae96803cb1057b5fedc2d14ddccb52b4eb699c12be7c2ccc333e,a264f9f6df4fae96803cb1057b5fedc2d14ddccb52b4eb699c12be7c2ccc333e,1787976783.5503047,35367.452,17683785,0,0.9500646591186523,1.2495231628417969,1.579880714416504,-0.00133514404296875,-0.00095367431640625,0.00514984130859375,-0.0073261260986328125,0.3101339340209961,-0.0024423599243164062,-0.0073261260986328125,-0.021978378295898438,-0.0073261260986328125,-0.0073261260986328125,-2.550426483154297,6.023933410644531,-1.5506715774536133,0.012209892272949219,-0.11477375030517578,0.0,-3.3193672049479037,6.610256832191347,-1.5952054964745763,0.004233714567698315,-0.005663870057490875
22,1,train,2,1,0.3490658503988659,2.121710717001406,3,s,af3726fcacd0ac1320a56ea850b0a2c0f5430cf4eb20a45c078706980f08407e,d24fbe3839599a6a097188bae8cd47ce8083f27deef1341ae3086bf0d5a45bd1,a264f9f6df4fae96803cb1057b5fedc2d14ddccb52b4eb699c12be7c2ccc333e,a264f9f6df4fae96803cb1057b5fedc2d14ddccb52b4eb699c12be7c2ccc333e,1787976783.5528445,35367.454,17683786,0,0.9500646591186523,1.2502861022949219,1.579880714416504,-0.00171661376953125,-0.00095367431640625,0.00514984130859375,0.0073261260986328125,0.33455467224121094,-0.0024423599243164062,-0.0073261260986328125,-0.021978378295898438,-0.0073261260986328125,-0.012209892272949219,-2.6461544036865234,6.051280975341797,-1.5506715774536133,0.012209892272949219,-0.1196584701538086,0.0,-3.3302560106602357,6.6135973569611055,-1.5955557951741715,0.0042290250814067815,-0.005664598528484473
22,1,train,2,1,0.3490658503988659,2.1242503550020047,3,s,af3726fcacd0ac1320a56ea850b0a2c0f5430cf4eb20a45c078706980f08407e,d24fbe3839599a6a097188bae8cd47ce8083f27deef1341ae3086bf0d5a45bd1,a264f9f6df4fae96803cb1057b5fedc2d14ddccb52b4eb699c12be7c2ccc333e,a264f9f6df4fae96803cb1057b5fedc2d14ddccb52b4eb699c12be7c2ccc333e,1787976783.554896,35367.456,17683787,0,0.9500646591186523,1.2506675720214844,1.579880714416504,-0.00133514404296875,-0.00095367431640625,0.00514984130859375,-0.0073261260986328125,0.34920597076416016,-0.0024423599243164062,0.0073261260986328125,-0.0073261260986328125,-0.0073261260986328125,-0.012209892272949219,-2.618803024291992,6.0649566650390625,-1.5506715774536133,0.012209892272949219,-0.1196584701538086,0.0,-3.336224786698309,6.6157912755697055,-1.5962556959706502,0.004219644263293798,-0.005666052997443093
22,1,train,2,1,0.3490658503988659,2.126305035002588,3,s,af3726fcacd0ac1320a56ea850b0a2c0f5430cf4eb20a45c078706980f08407e,d24fbe3839599a6a097188bae8cd47ce8083f27deef1341ae3086bf0d5a45bd1,a264f9f6df4fae96803cb1057b5fedc2d14ddccb52b4eb699c12be7c2ccc333e,a264f9f6df4fae96803cb1057b5fedc2d14ddccb52b4eb699c12be7c2ccc333e,1787976783.5568807,35367.458,17683788,0,0.9500646591186523,1.2514305114746094,1.579880714416504,-0.00133514404296875,-0.00095367431640625,0.00514984130859375,-0.0073261260986328125,0.3589744567871094,-0.0024423599243164062,-0.021978378295898438,-0.0073261260986328125,-0.0073261260986328125,-0.0073261260986328125,-2.577777862548828,5.99658203125,-1.5506715774536133,0.012209892272949219,-0.1196584701538086,0.0,-3.347460748471764,6.619476091314408,-1.5969546676240705,0.004210260989024713,-0.005667504168324956
22,1,train,2,1,0.3490658503988659,2.1282850650022738,3,s,af3726fcacd0ac1320a56ea850b0a2c0f5430cf4eb20a45c078706980f08407e,d24fbe3839599a6a097188bae8cd47ce8083f27deef1341ae3086bf0d5a45bd1,a264f9f6df4fae96803cb1057b5fedc2d14ddccb52b4eb699c12be7c2ccc333e,a264f9f6df4fae96803cb1057b5fedc2d14ddccb52b4eb699c12be7c2ccc333e,1787976783.5583036,35367.46,17683789,0,0.9500646591186523,1.2521934509277344,1.579880714416504,-0.00171661376953125,-0.00095367431640625,0.00514984130859375,-0.0073261260986328125,0.33455467224121094,-0.0024423599243164062,-0.021978378295898438,-0.0073261260986328125,-0.0073261260986328125,-0.012209892272949219,-2.536752700805664,5.982906341552734,-1.5506715774536133,0.012209892272949219,-0.1196584701538086,0.0,-3.3583458569341027,6.6228081491844915,-1.5973038048949704,0.004205568432538382,-0.005668228516723063
22,1,train,2,1,0.3490658503988659,2.12970568700257,3,s,af3726fcacd0ac1320a56ea850b0a2c0f5430cf4eb20a45c078706980f08407e,d24fbe3839599a6a097188bae8cd47ce8083f27deef1341ae3086bf0d5a45bd1,a264f9f6df4fae96803cb1057b5fedc2d14ddccb52b4eb699c12be7c2ccc333e,a264f9f6df4fae96803cb1057b5fedc2d14ddccb52b4eb699c12be7c2ccc333e,1787976783.5608537,35367.462,17683790,0,0.9500646591186523,1.2525749206542969,1.579880714416504,-0.00133514404296875,-0.00095367431640625,0.00514984130859375,-0.0073261260986328125,0.3101339340209961,-0.0024423599243164062,-0.0073261260986328125,-0.021978378295898438,-0.0073261260986328125,-0.0073261260986328125,-2.413675308227539,6.010257720947266,-1.5555553436279297,0.012209892272949219,-0.1196584701538086,0.0,-3.364311035691244,6.62499608980804,-1.5980013820711203,0.004196181484276428,-0.0056696747389065934
22,1,train,2,1,0.3490658503988659,2.1323037809997913,3,s,af3726fcacd0ac1320a56ea850b0a2c0f5430cf4eb20a45c078706980f08407e,d24fbe3839599a6a097188bae8cd47ce8083f27deef1341ae3086bf0d5a45bd1,a264f9f6df4fae96803cb1057b5fedc2d14ddccb52b4eb699c12be7c2ccc333e,a264f9f6df4fae96803cb1057b5fedc2d14ddccb52b4eb699c12be7c2ccc333e,1787976783.562277,35367.464,17683791,0,0.9500646591186523,1.2533378601074219,1.579880714416504,-0.00133514404296875,-0.00095367431640625,0.00514984130859375,-0.021978378295898438,0.28083038330078125,-0.0024423599243164062,0.0073261260986328125,0.0073261260986328125,-0.0073261260986328125,-0.012209892272949219,-2.413675308227539,6.010257720947266,-1.5555553436279297,0.012209892272949219,-0.1196584701538086,0.0,-3.375542114008053,6.6286712689310345,-1.5986980290880888,0.004186792093515503,-0.0056711176609052375
22,1,train,2,1,0.3490658503988659,2.1336816570037627,3,s,af3726fcacd0ac1320a56ea850b0a2c0f5430cf4eb20a45c078706980f08407e,d24fbe3839599a6a097188bae8cd47ce8083f27deef1341ae3086bf0d5a45bd1,a264f9f6df4fae96803cb1057b5fedc2d14ddccb52b4eb699c12be7c2ccc333e,a264f9f6df4fae96803cb1057b5fedc2d14ddccb52b4eb699c12be7c2ccc333e,1787976783.5648203,35367.466,17683792,0,0.9500646591186523,1.2537193298339844,1.579880714416504,-0.00133514404296875,-0.00095367431640625,0.00514984130859375,-0.0073261260986328125,0.2661781311035156,-0.0024423599243164062,-0.0073261260986328125,0.0073261260986328125,-0.0073261260986328125,-0.0073261260986328125,-2.454700469970703,5.982906341552734,-1.5555553436279297,0.012209892272949219,-0.1196584701538086,0.0,-3.381156916765997,6.630507411728286,-1.5990460036601408,0.004182096483905791,-0.005671837884072688
22,1,train,2,1,0.3490658503988659,2.1362281370020355,3,s,af3726fcacd0ac1320a56ea850b0a2c0f5430cf4eb20a45c078706980f08407e,d24fbe3839599a6a097188bae8cd47ce8083f27deef1341ae3086bf0d5a45bd1,a264f9f6df4fae96803cb1057b5fedc2d14ddccb52b4eb699c12be7c2ccc333e,a264f9f6df4fae96803cb1057b5fedc2d14ddccb52b4eb699c12be7c2ccc333e,1787976783.5669029,35367.468,17683793,0,0.9500646591186523,1.2544822692871094,1.579880714416504,-0.00133514404296875,-0.00095367431640625,0.00514984130859375,-0.0073261260986328125,0.2612943649291992,-0.0024423599243164062,-0.021978378295898438,-0.021978378295898438,-0.0073261260986328125,-0.012209892272949219,-2.4683761596679688,5.969230651855469,-1.560439109802246,0.017093658447265625,-0.1196584701538086,0.0,-3.392385045395641,6.634176802458309,-1.599741254678192,0.004172703439644375,-0.005673275854219805
22,1,train,2,1,0.3490658503988659,2.13830911200057,3,s,af3726fcacd0ac1320a56ea850b0a2c0f5430cf4eb20a45c078706980f08407e,d24fbe3839599a6a097188bae8cd47ce8083f27deef1341ae3086bf0d5a45bd1,a264f9f6df4fae96803cb1057b5fedc2d14ddccb52b4eb699c12be7c2ccc333e,a264f9f6df4fae96803cb1057b5fedc2d14ddccb52b4eb699c12be7c2ccc333e,1787976783.5682912,35367.47,17683794,0,0.9500646591186523,1.2548637390136719,1.579880714416504,-0.00133514404296875,-0.00095367431640625,0.00514984130859375,-0.0073261260986328125,0.27594661712646484,-0.0024423599243164062,-0.0073261260986328125,-0.0073261260986328125,-0.0073261260986328125,-0.0073261260986328125,-2.5641021728515625,5.969230651855469,-1.560439109802246,0.017093658447265625,-0.1196584701538086,0.0,-3.397998369633437,6.636010049857118,-1.6000885310230195,0.004168006006359537,-0.005673993600990223
22,1,train,2,1,0.3490658503988659,2.139695968005981,3,s,af3726fcacd0ac1320a56ea850b0a2c0f5430cf4eb20a45c078706980f08407e,d24fbe3839599a6a097188bae8cd47ce8083f27deef1341ae3086bf0d5a45bd1,a264f9f6df4fae96803cb1057b5fedc2d14ddccb52b4eb699c12be7c2ccc333e,a264f9f6df4fae96803cb1057b5fedc2d14ddccb52b4eb699c12be7c2ccc333e,1787976783.5709193,35367.472,17683795,0,0.9500646591186523,1.2556266784667969,1.579880714416504,-0.00133514404296875,-0.00095367431640625,0.00514984130859375,-0.0073261260986328125,0.3101339340209961,-0.0024423599243164062,-0.0073261260986328125,0.0073261260986328125,-0.0073261260986328125,-0.0073261260986328125,-2.6871795654296875,5.955554962158203,-1.560439109802246,0.017093658447265625,-0.1196584701538086,0.0,-3.4092235338707457,6.639673647388467,-1.600782385131601,0.004158609320899436,-0.005675426617402546
22,1,train,2,1,0.3490658503988659,2.142325209999399,3,s,af3726fcacd0ac1320a56ea850b0a2c0f5430cf4eb20a45c078706980f08407e,d24fbe3839599a6a097188bae8cd47ce8083f27deef1341ae3086bf0d5a45bd1,a264f9f6df4fae96803cb1057b5fedc2d14ddccb52b4eb699c12be7c2ccc333e,a264f9f6df4fae96803cb1057b5fedc2d14ddccb52b4eb699c12be7c2ccc333e,1787976783.5723,35367.474,17683796,0,0.9500646591186523,1.2563896179199219,1.579880714416504,-0.00133514404296875,-0.00095367431640625,0.00514984130859375,-0.0073261260986328125,0.33455467224121094,-0.0024423599243164062,-0.021978378295898438,-0.021978378295898438,-0.0073261260986328125,-0.0073261260986328125,-2.6871795654296875,5.99658203125,-1.560439109802246,0.012209892272949219,-0.1196584701538086,0.0,-3.4204467136788783,6.643333380121284,-1.601475307462246,0.00414921021481024,-0.005676856330281949
22,1,train,2,1,0.3490658503988659,2.1437019700024393,3,s,af3726fcacd0ac1320a56ea850b0a2c0f5430cf4eb20a45c078706980f08407e,d24fbe3839599a6a097188bae8cd47ce8083f27deef1341ae3086bf0d5a45bd1,a264f9f6df4fae96803cb1057b5fedc2d14ddccb52b4eb699c12be7c2ccc333e,a264f9f6df4fae96803cb1057b5fedc2d14ddccb52b4eb699c12be7c2ccc333e,1787976783.57482,35367.475999999995,17683797,0,0.9500646591186523,1.2571525573730469,1.579880714416504,-0.00133514404296875,-0.00095367431640625,0.00514984130859375,-0.0073261260986328125,0.35409069061279297,-0.0024423599243164062,0.0073261260986328125,0.0073261260986328125,-0.0073261260986328125,-0.012209892272949219,-2.714529037475586,6.023933410644531,-1.560439109802246,0.012209892272949219,-0.1196584701538086,0.0,-3.4316679025250827,6.646989245925321,-1.6021672976116195,0.00413980869356295,-0.00567828273879623
22,1,train,2,1,0.3490658503988659,2.146217676003289,3,s,af3726fcacd0ac1320a56ea850b0a2c0f5430cf4eb20a45c078706980f08407e,d24fbe3839599a6a097188bae8cd47ce8083f27deef1341ae3086bf0d5a45bd1,a264f9f6df4fae96803cb1057b5fedc2d14ddccb52b4eb699c12be7c2ccc333e,a264f9f6df4fae96803cb1057b5fedc2d14ddccb52b4eb699c12be7c2ccc333e,1787976783.576738,35367.477999999996,17683798,0,0.9500646591186523,1.2579154968261719,1.579880714416504,-0.00171661376953125,-0.00095367431640625,0.00514984130859375,-0.0073261260986328125,0.3687419891357422,-0.0024423599243164062,0.0073261260986328125,-0.0073261260986328125,-0.0073261260986328125,-0.0073261260986328125,-2.700855255126953,6.0649566650390625,-1.560439109802246,0.012209892272949219,-0.1196584701538086,0.0,-3.44254168169327,6.650295830488087,-1.6025129429924354,0.004135107028965092,-0.005678994703656909
22,1,train,2,1,0.3490658503988659,2.1481418870025664,3,s,af3726fcacd0ac1320a56ea850b0a2c0f5430cf4eb20a45c078706980f08407e,d24fbe3839599a6a097188bae8cd47ce8083f27deef1341ae3086bf0d5a45bd1,a264f9f6df4fae96803cb1057b5fedc2d14ddccb52b4eb699c12be7c2ccc333e,a264f9f6df4fae96803cb1057b5fedc2d14ddccb52b4eb699c12be7c2ccc333e,1787976783.5786505,35367.479999999996,17683799,0,0.9500646591186523,1.2582969665527344,1.579880714416504,-0.00133514404296875,-0.00095367431640625,0.00514984130859375,-0.0073261260986328125,0.35409069061279297,-0.0024423599243164062,-0.0073261260986328125,-0.0073261260986328125,-0.0073261260986328125,-0.0073261260986328125,-2.5641021728515625,6.078632354736328,-1.560439109802246,0.012209892272949219,-0.1196584701538086,0.0,-3.4484959384532368,6.652465789485544,-1.6032035341148383,0.004125701895241854,-0.005680416154067334
22,1,train,2,1,0.3490658503988659,2.1500455920031527,3,s,af3726fcacd0ac1320a56ea850b0a2c0f5430cf4eb20a45c078706980f08407e,d24fbe3839599a6a097188bae8cd47ce8083f27deef1341ae3086bf0d5a45bd1,a264f9f6df4fae96803cb1057b5fedc2d14ddccb52b4eb699c12be7c2ccc333e,a264f9f6df4fae96803cb1057b5fedc2d14ddccb52b4eb699c12be7c2ccc333e,1787976783.5805593,35367.481999999996,17683800,0,0.9500646591186523,1.2590599060058594,1.579880714416504,-0.00171661376953125,-0.00095367431640625,0.00514984130859375,-0.021978378295898438,0.3199024200439453,-0.0024423599243164062,-0.021978378295898438,-0.0073261260986328125,-0.0073261260986328125,-0.0073261260986328125,-2.536752700805664,6.105983734130859,-1.560439109802246,0.012209892272949219,-0.1196584701538086,0.0,-3.4593674090273696,6.655767266368502,-1.60354847975593,0.004120998427485105,-0.0056811256394102266
22,1,train,2,1,0.3490658503988659,2.151975519002008,3,s,af3726fcacd0ac1320a56ea850b0a2c0f5430cf4eb20a45c078706980f08407e,d24fbe3839599a6a097188bae8cd47ce8083f27deef1341ae3086bf0d5a45bd1,a264f9f6df4fae96803cb1057b5fedc2d14ddccb52b4eb699c12be7c2ccc333e,a264f9f6df4fae96803cb1057b5fedc2d14ddccb52b4eb699c12be7c2ccc333e,1787976783.5825155,35367.484,17683801,0,0.9500646591186523,1.2594413757324219,1.579880714416504,-0.00133514404296875,-0.00095367431640625,0.00514984130859375,-0.0073261260986328125,0.28571414947509766,-0.0024423599243164062,-0.0073261260986328125,-0.0073261260986328125,-0.0073261260986328125,-0.0073261260986328125,-2.4683761596679688,6.105983734130859,-1.5555553436279297,0.012209892272949219,-0.1196584701538086,0.0,-3.46531945798203,6.657933620496076,-1.6042376709469135,0.004111589693603569,-0.005682542129855161
22,1,train,2,1,0.3490658503988659,2.1539157410006737,3,s,af3726fcacd0ac1320a56ea850b0a2c0f5430cf4eb20a45c078706980f08407e,d24fbe3839599a6a097188bae8cd47ce8083f27deef1341ae3086bf0d5a45bd1,a264f9f6df4fae96803cb1057b5fedc2d14ddccb52b4eb699c12be7c2ccc333e,a264f9f6df4fae96803cb1057b5fedc2d14ddccb52b4eb699c12be7c2ccc333e,1787976783.5844402,35367.486,17683802,0,0.9500646591186523,1.2598228454589844,1.579880714416504,-0.00171661376953125,-0.00095367431640625,0.00514984130859375,-0.0073261260986328125,0.2564105987548828,-0.0024423599243164062,-0.021978378295898438,-0.0073261260986328125,-0.0073261260986328125,-0.0073261260986328125,-2.372650146484375,6.0649566650390625,-1.5555553436279297,0.012209892272949219,-0.1196584701538086,0.0,-3.4705820449226614,6.659410048023118,-1.604237670946913,0.004111589693603569,-0.005682542129855158
22,1,train,2,1,0.3490658503988659,2.155836014004308,3,s,af3726fcacd0ac1320a56ea850b0a2c0f5430cf4eb20a45c078706980f08407e,d24fbe3839599a6a097188bae8cd47ce8083f27deef1341ae3086bf0d5a45bd1,a264f9f6df4fae96803cb1057b5fedc2d14ddccb52b4eb699c12be7c2ccc333e,a264f9f6df4fae96803cb1057b5fedc2d14ddccb52b4eb699c12be7c2ccc333e,1787976783.5864224,35367.488,17683803,0,0.9500646591186523,1.2605857849121094,1.579880714416504,-0.00133514404296875,-0.00095367431640625,0.00514984130859375,-0.0073261260986328125,0.2417583465576172,-0.0024423599243164062,0.0073261260986328125,-0.021978378295898438,-0.0073261260986328125,-0.0073261260986328125,-2.386323928833008,6.0649566650390625,-1.5555553436279297,0.012209892272949219,-0.1196584701538086,0.0,-3.4821384390781676,6.663392731795849,-1.6052697067534636,0.004097472107130452,-0.005684660663375377
22,1,train,2,1,0.3490658503988659,2.157822043001943,3,s,af3726fcacd0ac1320a56ea850b0a2c0f5430cf4eb20a45c078706980f08407e,d24fbe3839599a6a097188bae8cd47ce8083f27deef1341ae3086bf0d5a45bd1,a264f9f6df4fae96803cb1057b5fedc2d14ddccb52b4eb699c12be7c2ccc333e,a264f9f6df4fae96803cb1057b5fedc2d14ddccb52b4eb699c12be7c2ccc333e,1787976783.5883896,35367.49,17683804,0,0.9500646591186523,1.2609672546386719,1.579880714416504,-0.00171661376953125,-0.00095367431640625,0.00514984130859375,-0.021978378295898438,0.2466421127319336,-0.0024423599243164062,-0.021978378295898438,0.0073261260986328125,-0.0073261260986328125,-0.0073261260986328125,-2.4683761596679688,6.051280975341797,-1.560439109802246,0.017093658447265625,-0.1196584701538086,0.0,-3.487400208954997,6.6648669518056085,-1.6052697067534636,0.00409747210713045,-0.005684660663375377
22,1,train,2,1,0.3490658503988659,2.1597911620046943,3,s,af3726fcacd0ac1320a56ea850b0a2c0f5430cf4eb20a45c078706980f08407e,d24fbe3839599a6a097188bae8cd47ce8083f27deef1341ae3086bf0d5a45bd1,a264f9f6df4fae96803cb1057b5fedc2d14ddccb52b4eb699c12be7c2ccc333e,a264f9f6df4fae96803cb1057b5fedc2d14ddccb52b4eb699c12be7c2ccc333e,1787976783.590328,35367.492,17683805,0,0.9500646591186523,1.2617301940917969,1.579880714416504,-0.00171661376953125,-0.00095367431640625,0.00514984130859375,-0.0073261260986328125,0.2564105987548828,-0.0024423599243164062,-0.021978378295898438,-0.0073261260986328125,-0.0073261260986328125,-0.0073261260986328125,-2.495725631713867,6.037605285644531,-1.5555553436279297,0.012209892272949219,-0.1196584701538086,0.0,-3.498609782251952,6.668500038772872,-1.6059565627205106,0.004088057400370414,-0.0056860688830918365
22,1,train,2,1,0.3490658503988659,2.1617318320058985,3,s,af3726fcacd0ac1320a56ea850b0a2c0f5430cf4eb20a45c078706980f08407e,d24fbe3839599a6a097188bae8cd47ce8083f27deef1341ae3086bf0d5a45bd1,a264f9f6df4fae96803cb1057b5fedc2d14ddccb52b4eb699c12be7c2ccc333e,a264f9f6df4fae96803cb1057b5fedc2d14ddccb52b4eb699c12be7c2ccc333e,1787976783.5923252,35367.494,17683806,0,0.9500646591186523,1.2621116638183594,1.579880714416504,-0.00171661376953125,-0.00095367431640625,0.00514984130859375,-0.0073261260986328125,0.28571414947509766,-0.0024423599243164062,-0.021978378295898438,-0.0073261260986328125,-0.0073261260986328125,-0.0073261260986328125,-2.536752700805664,6.037605285644531,-1.5555553436279297,0.012209892272949219,-0.1196584701538086,0.0,-3.5042138056361276,6.670315126796948,-1.6062996401828618,0.004083349154311909,-0.005686771751853398
22,1,train,2,1,0.3490658503988659,2.1637237690010807,3,s,af3726fcacd0ac1320a56ea850b0a2c0f5430cf4eb20a45c078706980f08407e,d24fbe3839599a6a097188bae8cd47ce8083f27deef1341ae3086bf0d5a45bd1,a264f9f6df4fae96803cb1057b5fedc2d14ddccb52b4eb699c12be7c2ccc333e,a264f9f6df4fae96803cb1057b5fedc2d14ddccb52b4eb699c12be7c2ccc333e,1787976783.5942461,35367.496,17683807,0,0.9500646591186523,1.2628746032714844,1.579880714416504,-0.00171661376953125,-0.00095367431640625,0.00514984130859375,-0.0073261260986328125,0.3150186538696289,-0.0024423599243164062,0.0073261260986328125,-0.0073261260986328125,-0.0073261260986328125,-0.0073261260986328125,-2.6461544036865234,6.051280975341797,-1.5555553436279297,0.012209892272949219,-0.1196584701538086,0.0,-3.515420321798415,6.67394239060534,-1.6069850938155956,0.004073930880263624,-0.005688175006671776
22,1,train,2,1,0.3490658503988659,2.16564879300131,3,s,af3726fcacd0ac1320a56ea850b0a2c0f5430cf4eb20a45c078706980f08407e,d24fbe3839599a6a097188bae8cd47ce8083f27deef1341ae3086bf0d5a45bd1,a264f9f6df4fae96803cb1057b5fedc2d14ddccb52b4eb699c12be7c2ccc333e,a264f9f6df4fae96803cb1057b5fedc2d14ddccb52b4eb699c12be7c2ccc333e,1787976783.596757,35367.498,17683808,0,0.9500646591186523,1.2636375427246094,1.579880714416504,-0.00171661376953125,-0.00095367431640625,0.00514984130859375,-0.0073261260986328125,0.3296699523925781,-0.0024423599243164062,-0.0073261260986328125,0.0073261260986328125,-0.0073261260986328125,-0.0073261260986328125,-2.673503875732422,6.078632354736328,-1.560439109802246,0.012209892272949219,-0.1196584701538086,0.0,-3.526624791716858,6.6775657696681625,-1.6076696120599396,0.004064510234875585,-0.005689574950536695
22,1,train,2,1,0.3490658503988659,2.1681593370012706,3,s,af3726fcacd0ac1320a56ea850b0a2c0f5430cf4eb20a45c078706980f08407e,d24fbe3839599a6a097188bae8cd47ce8083f27deef1341ae3086bf0d5a45bd1,a264f9f6df4fae96803cb1057b5fedc2d14ddccb52b4eb699c12be7c2ccc333e,a264f9f6df4fae96803cb1057b5fedc2d14ddccb52b4eb699c12be7c2ccc333e,1787976783.5988002,35367.5,17683809,0,0.9500646591186523,1.2644004821777344,1.579880714416504,-0.00171661376953125,-0.00095367431640625,0.00514984130859375,-0.0073261260986328125,0.33943843841552734,-0.0024423599243164062,-0.0073261260986328125,-0.021978378295898438,-0.0073261260986328125,-0.0073261260986328125,-2.6598281860351562,6.078632354736328,-1.560439109802246,0.012209892272949219,-0.1196584701538086,0.0,-3.5378272088696012,6.681185261876334,-1.6083531945174532,0.004055087223631319,-0.005690971582633278
22,1,train,2,1,0.3490658503988659,2.170201854001789,3,s,af3726fcacd0ac1320a56ea850b0a2c0f5430cf4eb20a45c078706980f08407e,d24fbe3839599a6a097188bae8cd47ce8083f27deef1341ae3086bf0d5a45bd1,a264f9f6df4fae96803cb1057b5fedc2d14ddccb52b4eb699c12be7c2ccc333e,a264f9f6df4fae96803cb1057b5fedc2d14ddccb52b4eb699c12be7c2ccc333e,1787976783.6008565,35367.502,17683810,0,0.9500646591186523,1.2647819519042969,1.579880714416504,-0.00171661376953125,-0.00095367431640625,0.00514984130859375,-0.0073261260986328125,0.33455467224121094,-0.0024423599243164062,-0.0073261260986328125,-0.021978378295898438,-0.0073261260986328125,-0.0073261260986328125,-2.6871795654296875,6.105983734130859,-1.5555553436279297,0.012209892272949219,-0.1196584701538086,0.0,-3.5434276456210814,6.6829935497514565,-1.6086946347017843,0.004050374832527088,-0.005691668656514325
22,1,train,2,1,0.3490658503988659,2.172280054001021,3,s,af3726fcacd0ac1320a56ea850b0a2c0f5430cf4eb20a45c078706980f08407e,d24fbe3839599a6a097188bae8cd47ce8083f27deef1341ae3086bf0d5a45bd1,a264f9f6df4fae96803cb1057b5fedc2d14ddccb52b4eb699c12be7c2ccc333e,a264f9f6df4fae96803cb1057b5fedc2d14ddccb52b4eb699c12be7c2ccc333e,1787976783.6028686,35367.504,17683811,0,0.9500646591186523,1.2655448913574219,1.579880714416504,-0.00171661376953125,-0.00095367431640625,0.00514984130859375,-0.0073261260986328125,0.3052501678466797,-0.0024423599243164062,-0.0073261260986328125,-0.0073261260986328125,-0.0073261260986328125,-0.0073261260986328125,-2.632478713989258,6.119659423828125,-1.560439109802246,0.017093658447265625,-0.1196584701538086,0.0,-3.5546269713994,6.6866072077280645,-1.609376812733164,0.004040948282783138,-0.005693060319434734
22,1,train,2,1,0.3490658503988659,2.1742697240042617,3,s,af3726fcacd0ac1320a56ea850b0a2c0f5430cf4eb20a45c078706980f08407e,d24fbe3839599a6a097188bae8cd47ce8083f27deef1341ae3086bf0d5a45bd1,a264f9f6df4fae96803cb1057b5fedc2d14ddccb52b4eb699c12be7c2ccc333e,a264f9f6df4fae96803cb1057b5fedc2d14ddccb52b4eb699c12be7c2ccc333e,1787976783.604237,35367.506,17683812,0,0.9500646591186523,1.2659263610839844,1.579880714416504,-0.00171661376953125,-0.00095367431640625,0.00514984130859375,-0.0073261260986328125,0.28571414947509766,-0.0024423599243164062,-0.0073261260986328125,-0.021978378295898438,-0.0073261260986328125,-0.0073261260986328125,-2.5641021728515625,6.119659423828125,-1.565323829650879,0.017093658447265625,-0.1196584701538086,0.0,-3.560225858796525,6.688412577303699,-1.6097175504809431,0.004036234125515165,-0.005693754908271585
22,1,train,2,1,0.3490658503988659,2.175636020001548,3,s,af3726fcacd0ac1320a56ea850b0a2c0f5430cf4eb20a45c078706980f08407e,d24fbe3839599a6a097188bae8cd47ce8083f27deef1341ae3086bf0d5a45bd1,a264f9f6df4fae96803cb1057b5fedc2d14ddccb52b4eb699c12be7c2ccc333e,a264f9f6df4fae96803cb1057b5fedc2d14ddccb52b4eb699c12be7c2ccc333e,1787976783.60681,35367.508,17683813,0,0.9500646591186523,1.2666893005371094,1.579880714416504,-0.00133514404296875,-0.00095367431640625,0.00514984130859375,-0.0073261260986328125,0.27594661712646484,-0.0024423599243164062,0.0073261260986328125,0.0073261260986328125,-0.0073261260986328125,-0.0073261260986328125,-2.577777862548828,6.092308044433594,-1.565323829650879,0.017093658447265625,-0.1196584701538086,0.0,-3.5717621133979476,6.692360431181012,-1.610738358057732,0.004022088132359499,-0.0056958337030761745
22,1,train,2,1,0.3490658503988659,2.178211411999655,3,s,af3726fcacd0ac1320a56ea850b0a2c0f5430cf4eb20a45c078706980f08407e,d24fbe3839599a6a097188bae8cd47ce8083f27deef1341ae3086bf0d5a45bd1,a264f9f6df4fae96803cb1057b5fedc2d14ddccb52b4eb699c12be7c2ccc333e,a264f9f6df4fae96803cb1057b5fedc2d14ddccb52b4eb699c12be7c2ccc333e,1787976783.6087258,35367.51,17683814,0,0.9500646591186523,1.2670707702636719,1.579880714416504,-0.00133514404296875,-0.00095367431640625,0.00514984130859375,-0.0073261260986328125,0.2612943649291992,-0.0024423599243164062,0.0073261260986328125,-0.0073261260986328125,-0.0073261260986328125,-0.0073261260986328125,-2.550426483154297,6.037605285644531,-1.5702075958251953,0.017093658447265625,-0.1196584701538086,0.0,-3.577359209714731,6.694162645699435,-1.6110781585294258,0.004017371629810939,-0.005696524977106263
22,1,train,2,1,0.3490658503988659,2.1801206189993536,3,s,af3726fcacd0ac1320a56ea850b0a2c0f5430cf4eb20a45c078706980f08407e,d24fbe3839599a6a097188bae8cd47ce8083f27deef1341ae3086bf0d5a45bd1,a264f9f6df4fae96803cb1057b5fedc2d14ddccb52b4eb699c12be7c2ccc333e,a264f9f6df4fae96803cb1057b5fedc2d14ddccb52b4eb699c12be7c2ccc333e,1787976783.6106327,35367.511999999995,17683815,0,0.9500646591186523,1.2678337097167969,1.579880714416504,-0.00133514404296875,-0.00095367431640625,0.00514984130859375,-0.0073261260986328125,0.27106189727783203,-0.0024423599243164062,-0.0073261260986328125,-0.021978378295898438,-0.0073261260986328125,-0.0073261260986328125,-2.5641021728515625,6.037605285644531,-1.5750913619995117,0.012209892272949219,-0.1196584701538086,0.0,-3.5885518398110703,6.697764152087584,-1.6117570560952263,0.004007936871586716,-0.005697905038205546
22,1,train,2,1,0.3490658503988659,2.1820250960008707,3,s,af3726fcacd0ac1320a56ea850b0a2c0f5430cf4eb20a45c078706980f08407e,d24fbe3839599a6a097188bae8cd47ce8083f27deef1341ae3086bf0d5a45bd1,a264f9f6df4fae96803cb1057b5fedc2d14ddccb52b4eb699c12be7c2ccc333e,a264f9f6df4fae96803cb1057b5fedc2d14ddccb52b4eb699c12be7c2ccc333e,1787976783.61253,35367.513999999996,17683816,0,0.9500646591186523,1.2685966491699219,1.579880714416504,-0.00171661376953125,-0.00095367431640625,0.00514984130859375,-0.0073261260986328125,0.2954826354980469,-0.0024423599243164062,-0.0073261260986328125,0.0073261260986328125,-0.0073261260986328125,-0.0073261260986328125,-2.6871795654296875,6.078632354736328,-1.5750913619995117,0.017093658447265625,-0.1196584701538086,0.0,-3.5994035186909805,6.701022897459629,-1.6120961530905409,0.004003218617283994,-0.005698593825073914
22,1,train,2,1,0.3490658503988659,2.183923198004777,3,s,af3726fcacd0ac1320a56ea850b0a2c0f5430cf4eb20a45c078706980f08407e,d24fbe3839599a6a097188bae8cd47ce8083f27deef1341ae3086bf0d5a45bd1,a264f9f6df4fae96803cb1057b5fedc2d14ddccb52b4eb699c12be7c2ccc333e,a264f9f6df4fae96803cb1057b5fedc2d14ddccb52b4eb699c12be7c2ccc333e,1787976783.61443,35367.515999999996,17683817,0,0.9500646591186523,1.2689781188964844,1.579880714416504,-0.00133514404296875,-0.00095367431640625,0.00514984130859375,-0.0073261260986328125,0.33455467224121094,-0.0024423599243164062,0.0073261260986328125,-0.0073261260986328125,-0.0073261260986328125,-0.0073261260986328125,-2.755556106567383,6.105983734130859,-1.5750913619995117,0.017093658447265625,-0.1196584701538086,0.0,-3.6053368663975163,6.703159101118462,-1.612773643259268,0.003993780361730318,-0.005699968910946937
22,1,train,2,1,0.3490658503988659,2.185822088002169,3,s,af3726fcacd0ac1320a56ea850b0a2c0f5430cf4eb20a45c078706980f08407e,d24fbe3839599a6a097188bae8cd47ce8083f27deef1341ae3086bf0d5a45bd1,a264f9f6df4fae96803cb1057b5fedc2d14ddccb52b4eb699c12be7c2ccc333e,a264f9f6df4fae96803cb1057b5fedc2d14ddccb52b4eb699c12be7c2ccc333e,1787976783.616896,35367.518,17683818,0,0.9500646591186523,1.2697410583496094,1.579880714416504,-0.00133514404296875,-0.00095367431640625,0.00514984130859375,-0.0073261260986328125,0.35409069061279297,-0.0024423599243164062,-0.0073261260986328125,0.0073261260986328125,-0.0073261260986328125,-0.0073261260986328125,-2.7692298889160156,6.133335113525391,-1.5750913619995117,0.012209892272949219,-0.11477375030517578,0.0,-3.61652426225099,6.706750857051771,-1.6134501946702278,0.003984339781490626,-0.005701340679001543
22,1,train,2,1,0.3490658503988659,2.188290758000221,3,s,af3726fcacd0ac1320a56ea850b0a2c0f5430cf4eb20a45c078706980f08407e,d24fbe3839599a6a097188bae8cd47ce8083f27deef1341ae3086bf0d5a45bd1,a264f9f6df4fae96803cb1057b5fedc2d14ddccb52b4eb699c12be7c2ccc333e,a264f9f6df4fae96803cb1057b5fedc2d14ddccb52b4eb699c12be7c2ccc333e,1787976783.618201,35367.52,17683819,0,0.9500646591186523,1.2705039978027344,1.579880714416504,-0.00133514404296875,-0.00095367431640625,0.00514984130859375,-0.0073261260986328125,0.3638582229614258,-0.0024423599243164062,-0.0073261260986328125,-0.021978378295898438,-0.0073261260986328125,-0.012209892272949219,-2.8512821197509766,6.147006988525391,-1.5799751281738281,0.012209892272949219,-0.11477375030517578,0.0,-3.6277095530103853,6.710338709142473,-1.6141258069296143,0.003974896882060054,-0.005702709128439263
22,1,train,2,1,0.3490658503988659,2.1895922490002704,3,s,af3726fcacd0ac1320a56ea850b0a2c0f5430cf4eb20a45c078706980f08407e,d24fbe3839599a6a097188bae8cd47ce8083f27deef1341ae3086bf0d5a45bd1,a264f9f6df4fae96803cb1057b5fedc2d14ddccb52b4eb699c12be7c2ccc333e,a264f9f6df4fae96803cb1057b5fedc2d14ddccb52b4eb699c12be7c2ccc333e,1787976783.620585,35367.522,17683820,0,0.9500646591186523,1.2712669372558594,1.579880714416504,-0.00171661376953125,-0.00095367431640625,0.00514984130859375,-0.021978378295898438,0.3638582229614258,-0.0024423599243164062,-0.021978378295898438,0.0073261260986328125,-0.0073261260986328125,-0.0073261260986328125,-2.755556106567383,6.174358367919922,-1.5750913619995117,0.012209892272949219,-0.11477375030517578,0.0,-3.6385555132753895,6.713585436412543,-1.614463260754553,0.003970174564365787,-0.0057033921084277935
22,1,train,2,1,0.3490658503988659,2.191990336999879,3,s,af3726fcacd0ac1320a56ea850b0a2c0f5430cf4eb20a45c078706980f08407e,d24fbe3839599a6a097188bae8cd47ce8083f27deef1341ae3086bf0d5a45bd1,a264f9f6df4fae96803cb1057b5fedc2d14ddccb52b4eb699c12be7c2ccc333e,a264f9f6df4fae96803cb1057b5fedc2d14ddccb52b4eb699c12be7c2ccc333e,1787976783.6224775,35367.524,17683821,0,0.9500646591186523,1.2716484069824219,1.579880714416504,-0.00171661376953125,-0.00095367431640625,0.00514984130859375,-0.0073261260986328125,0.33943843841552734,-0.0024423599243164062,-0.0073261260986328125,-0.021978378295898438,-0.0073261260986328125,-0.0073261260986328125,-2.6598281860351562,6.174358367919922,-1.5702075958251953,0.012209892272949219,-0.1196584701538086,0.0,-3.644146543951049,6.715376179100648,-1.6148004796441706,0.003965451668935093,-0.005704074258463553
22,1,train,2,1,0.3490658503988659,2.193867002002662,3,s,af3726fcacd0ac1320a56ea850b0a2c0f5430cf4eb20a45c078706980f08407e,d24fbe3839599a6a097188bae8cd47ce8083f27deef1341ae3086bf0d5a45bd1,a264f9f6df4fae96803cb1057b5fedc2d14ddccb52b4eb699c12be7c2ccc333e,a264f9f6df4fae96803cb1057b5fedc2d14ddccb52b4eb699c12be7c2ccc333e,1787976783.6243858,35367.526,17683822,0,0.9500646591186523,1.2724113464355469,1.579880714416504,-0.00133514404296875,-0.00095367431640625,0.00514984130859375,-0.0073261260986328125,0.3101339340209961,-0.0024423599243164062,-0.0073261260986328125,-0.0073261260986328125,-0.0073261260986328125,-0.0073261260986328125,-2.6051273345947266,6.133335113525391,-1.5702075958251953,0.012209892272949219,-0.1196584701538086,0.0,-3.6556635273988705,6.719291246358256,-1.6158107262105408,0.00395127952309757,-0.005706115727862119
22,1,train,2,1,0.3490658503988659,2.195781586000521,3,s,af3726fcacd0ac1320a56ea850b0a2c0f5430cf4eb20a45c078706980f08407e,d24fbe3839599a6a097188bae8cd47ce8083f27deef1341ae3086bf0d5a45bd1,a264f9f6df4fae96803cb1057b5fedc2d14ddccb52b4eb699c12be7c2ccc333e,a264f9f6df4fae96803cb1057b5fedc2d14ddccb52b4eb699c12be7c2ccc333e,1787976783.6262887,35367.528,17683823,0,0.9500646591186523,1.2727928161621094,1.579880714416504,-0.00171661376953125,-0.00095367431640625,0.00514984130859375,0.0073261260986328125,0.27106189727783203,-0.0024423599243164062,-0.0073261260986328125,-0.0073261260986328125,-0.0073261260986328125,-0.0073261260986328125,-2.4820518493652344,6.160682678222656,-1.565323829650879,0.012209892272949219,-0.1196584701538086,0.0,-3.660916450965348,6.720742542828301,-1.6158107262105408,0.003951279523097568,-0.005706115727862119
22,1,train,2,1,0.3490658503988659,2.1976823110016994,3,s,af3726fcacd0ac1320a56ea850b0a2c0f5430cf4eb20a45c078706980f08407e,d24fbe3839599a6a097188bae8cd47ce8083f27deef1341ae3086bf0d5a45bd1,a264f9f6df4fae96803cb1057b5fedc2d14ddccb52b4eb699c12be7c2ccc333e,a264f9f6df4fae96803cb1057b5fedc2d14ddccb52b4eb699c12be7c2ccc333e,1787976783.6287806,35367.53,17683824,0,0.9500646591186523,1.2735557556152344,1.579880714416504,-0.00133514404296875,-0.00095367431640625,0.00514984130859375,-0.0073261260986328125,0.25152587890625,-0.0024423599243164062,0.0073261260986328125,0.0073261260986328125,-0.0073261260986328125,-0.0073261260986328125,-2.4273509979248047,6.133335113525391,-1.5702075958251953,0.012209892272949219,-0.1196584701538086,0.0,-3.67242953491174,6.724651037345217,-1.6168188565944774,0.003937102202378986,-0.005708149724119389
22,1,train,2,1,0.3490658503988659,2.2001732390053803,3,s,af3726fcacd0ac1320a56ea850b0a2c0f5430cf4eb20a45c078706980f08407e,d24fbe3839599a6a097188bae8cd47ce8083f27deef1341ae3086bf0d5a45bd1,a264f9f6df4fae96803cb1057b5fedc2d14ddccb52b4eb699c12be7c2ccc333e,a264f9f6df4fae96803cb1057b5fedc2d14ddccb52b4eb699c12be7c2ccc333e,1787976783.6306705,35367.532,17683825,0,0.9500646591186523,1.2739372253417969,1.579880714416504,-0.00133514404296875,-0.00095367431640625,0.00514984130859375,-0.0073261260986328125,0.25152587890625,-0.0024423599243164062,0.0073261260986328125,-0.0073261260986328125,-0.0073261260986328125,-0.0073261260986328125,-2.5230770111083984,6.119659423828125,-1.5702075958251953,0.012209892272949219,-0.1196584701538086,0.0,-3.6780171363493093,6.72643567755636,-1.617154429564743,0.003932375282041586,-0.005708826061713041
22,1,train,2,1,0.3490658503988659,2.202059088005626,3,s,af3726fcacd0ac1320a56ea850b0a2c0f5430cf4eb20a45c078706980f08407e,d24fbe3839599a6a097188bae8cd47ce8083f27deef1341ae3086bf0d5a45bd1,a264f9f6df4fae96803cb1057b5fedc2d14ddccb52b4eb699c12be7c2ccc333e,a264f9f6df4fae96803cb1057b5fedc2d14ddccb52b4eb699c12be7c2ccc333e,1787976783.6326008,35367.534,17683826,0,0.9500646591186523,1.2747001647949219,1.579880714416504,-0.00171661376953125,-0.00095367431640625,0.00514984130859375,-0.0073261260986328125,0.2661781311035156,-0.0024423599243164062,-0.0073261260986328125,0.021978378295898438,-0.0073261260986328125,-0.0073261260986328125,-2.618803024291992,6.147006988525391,-1.5750913619995117,0.012209892272949219,-0.1196584701538086,0.0,-3.6888556304780455,6.729666918975883,-1.6174897672080708,0.003927647789468277,-0.005709501568563178
22,1,train,2,1,0.3490658503988659,2.2039952630002517,3,s,af3726fcacd0ac1320a56ea850b0a2c0f5430cf4eb20a45c078706980f08407e,d24fbe3839599a6a097188bae8cd47ce8083f27deef1341ae3086bf0d5a45bd1,a264f9f6df4fae96803cb1057b5fedc2d14ddccb52b4eb699c12be7c2ccc333e,a264f9f6df4fae96803cb1057b5fedc2d14ddccb52b4eb699c12be7c2ccc333e,1787976783.6345017,35367.536,17683827,0,0.9500646591186523,1.2750816345214844,1.579880714416504,-0.00133514404296875,-0.00095367431640625,0.00514984130859375,-0.0073261260986328125,0.29059791564941406,-0.0024423599243164062,-0.0073261260986328125,-0.0073261260986328125,-0.0073261260986328125,-0.0073261260986328125,-2.6598281860351562,6.160682678222656,-1.5702075958251953,0.012209892272949219,-0.11477375030517578,0.0,-3.6947767260784214,6.73178372420047,-1.6181597363187503,0.0039181910903657675,-0.005710850089639816
22,1,train,2,1,0.3490658503988659,2.205896854000457,3,s,af3726fcacd0ac1320a56ea850b0a2c0f5430cf4eb20a45c078706980f08407e,d24fbe3839599a6a097188bae8cd47ce8083f27deef1341ae3086bf0d5a45bd1,a264f9f6df4fae96803cb1057b5fedc2d14ddccb52b4eb699c12be7c2ccc333e,a264f9f6df4fae96803cb1057b5fedc2d14ddccb52b4eb699c12be7c2ccc333e,1787976783.6363835,35367.538,17683828,0,0.9500646591186523,1.2758445739746094,1.579880714416504,-0.00171661376953125,-0.00095367431640625,0.00514984130859375,-0.0073261260986328125,0.3199024200439453,-0.0024423599243164062,-0.021978378295898438,-0.0073261260986328125,-0.0073261260986328125,-0.0073261260986328125,-2.796581268310547,6.174358367919922,-1.5750913619995117,0.012209892272949219,-0.1196584701538086,0.0,-3.7056127031009556,6.7350097951970564,-1.6184943676886097,0.0039134618852127035,-0.005711523103670082
22,1,train,2,1,0.3490658503988659,2.2077737220024574,3,s,af3726fcacd0ac1320a56ea850b0a2c0f5430cf4eb20a45c078706980f08407e,d24fbe3839599a6a097188bae8cd47ce8083f27deef1341ae3086bf0d5a45bd1,a264f9f6df4fae96803cb1057b5fedc2d14ddccb52b4eb699c12be7c2ccc333e,a264f9f6df4fae96803cb1057b5fedc2d14ddccb52b4eb699c12be7c2ccc333e,1787976783.6382554,35367.54,17683829,0,0.9500646591186523,1.2766075134277344,1.579880714416504,-0.00171661376953125,-0.00095367431640625,0.00514984130859375,-0.0073261260986328125,0.33943843841552734,-0.0024423599243164062,-0.0073261260986328125,-0.0073261260986328125,-0.0073261260986328125,-0.012209892272949219,-2.878631591796875,6.174358367919922,-1.5750913619995117,0.012209892272949219,-0.1196584701538086,0.0,-3.7167813900162074,6.738566812745259,-1.619162923813891,0.0039040017671438973,-0.00571286663822483
22,1,train,2,1,0.3490658503988659,2.2096464690039284,3,s,af3726fcacd0ac1320a56ea850b0a2c0f5430cf4eb20a45c078706980f08407e,d24fbe3839599a6a097188bae8cd47ce8083f27deef1341ae3086bf0d5a45bd1,a264f9f6df4fae96803cb1057b5fedc2d14ddccb52b4eb699c12be7c2ccc333e,a264f9f6df4fae96803cb1057b5fedc2d14ddccb52b4eb699c12be7c2ccc333e,1787976783.6407402,35367.542,17683830,0,0.9500646591186523,1.2773704528808594,1.579880714416504,-0.00171661376953125,-0.00095367431640625,0.00514984130859375,-0.0073261260986328125,0.35409069061279297,-0.0024423599243164062,-0.0073261260986328125,0.0073261260986328125,-0.0073261260986328125,-0.012209892272949219,-2.8512821197509766,6.174358367919922,-1.5750913619995117,0.012209892272949219,-0.1196584701538086,0.0,-3.727947913480057,6.742119907931531,-1.6198305374623536,0.003894539376647089,-0.005714206847453697
22,1,train,2,1,0.3490658503988659,2.212151781001012,3,s,af3726fcacd0ac1320a56ea850b0a2c0f5430cf4eb20a45c078706980f08407e,d24fbe3839599a6a097188bae8cd47ce8083f27deef1341ae3086bf0d5a45bd1,a264f9f6df4fae96803cb1057b5fedc2d14ddccb52b4eb699c12be7c2ccc333e,a264f9f6df4fae96803cb1057b5fedc2d14ddccb52b4eb699c12be7c2ccc333e,1787976783.642617,35367.544,17683831,0,0.9500646591186523,1.2777519226074219,1.579880714416504,-0.00171661376953125,-0.00095367431640625,0.00514984130859375,-0.0073261260986328125,0.34920597076416016,-0.0024423599243164062,-0.021978378295898438,-0.021978378295898438,-0.0073261260986328125,-0.0073261260986328125,-2.8102569580078125,6.1880340576171875,-1.5702075958251953,0.012209892272949219,-0.1196584701538086,0.0,-3.7335303618864764,6.743894983992549,-1.6201639907363181,0.003889807330959334,-0.005714875704827068
22,1,train,2,1,0.3490658503988659,2.214004041001317,3,s,af3726fcacd0ac1320a56ea850b0a2c0f5430cf4eb20a45c078706980f08407e,d24fbe3839599a6a097188bae8cd47ce8083f27deef1341ae3086bf0d5a45bd1,a264f9f6df4fae96803cb1057b5fedc2d14ddccb52b4eb699c12be7c2ccc333e,a264f9f6df4fae96803cb1057b5fedc2d14ddccb52b4eb699c12be7c2ccc333e,1787976783.6444786,35367.545999999995,17683832,0,0.9500646591186523,1.2785148620605469,1.579880714416504,-0.00171661376953125,-0.00095367431640625,0.00514984130859375,-0.0073261260986328125,0.3199024200439453,-0.0024423599243164062,-0.0073261260986328125,-0.021978378295898438,-0.0073261260986328125,-0.0073261260986328125,-2.6871795654296875,6.1880340576171875,-1.565323829650879,0.012209892272949219,-0.1196584701538086,0.0,-3.744693627986538,6.747442191758809,-1.6208301899410942,0.00388034154214813,-0.005716210924605022
22,1,train,2,1,0.3490658503988659,2.2158656130050076,3,s,af3726fcacd0ac1320a56ea850b0a2c0f5430cf4eb20a45c078706980f08407e,d24fbe3839599a6a097188bae8cd47ce8083f27deef1341ae3086bf0d5a45bd1,a264f9f6df4fae96803cb1057b5fedc2d14ddccb52b4eb699c12be7c2ccc333e,a264f9f6df4fae96803cb1057b5fedc2d14ddccb52b4eb699c12be7c2ccc333e,1787976783.6463404,35367.547999999995,17683833,0,0.9500646591186523,1.2788963317871094,1.579880714416504,-0.00171661376953125,-0.00095367431640625,0.00514984130859375,-0.0073261260986328125,0.29059791564941406,-0.0024423599243164062,-0.021978378295898438,-0.021978378295898438,-0.0073261260986328125,-0.0073261260986328125,-2.5641021728515625,6.1880340576171875,-1.565323829650879,0.012209892272949219,-0.1196584701538086,0.0,-3.750274444055719,6.749214322947871,-1.6211629357749622,0.0038756078004021383,-0.00571687728681531
22,1,train,2,1,0.3490658503988659,2.2177295520014013,3,s,af3726fcacd0ac1320a56ea850b0a2c0f5430cf4eb20a45c078706980f08407e,d24fbe3839599a6a097188bae8cd47ce8083f27deef1341ae3086bf0d5a45bd1,a264f9f6df4fae96803cb1057b5fedc2d14ddccb52b4eb699c12be7c2ccc333e,a264f9f6df4fae96803cb1057b5fedc2d14ddccb52b4eb699c12be7c2ccc333e,1787976783.648246,35367.549999999996,17683834,0,0.9500646591186523,1.2796592712402344,1.579880714416504,-0.00171661376953125,-0.00095367431640625,0.00514984130859375,-0.021978378295898438,0.27106189727783203,-0.0024423599243164062,-0.0073261260986328125,-0.0073261260986328125,-0.0073261260986328125,-0.0073261260986328125,-2.550426483154297,6.215385437011719,-1.565323829650879,0.012209892272949219,-0.11477375030517578,0.0,-3.7614344381717792,6.7527556386484475,-1.6218277196635509,0.0038661386256736196,-0.005718207515393655
22,1,train,2,1,0.3490658503988659,2.2196380960012903,3,s,af3726fcacd0ac1320a56ea850b0a2c0f5430cf4eb20a45c078706980f08407e,d24fbe3839599a6a097188bae8cd47ce8083f27deef1341ae3086bf0d5a45bd1,a264f9f6df4fae96803cb1057b5fedc2d14ddccb52b4eb699c12be7c2ccc333e,a264f9f6df4fae96803cb1057b5fedc2d14ddccb52b4eb699c12be7c2ccc333e,1787976783.6506891,35367.551999999996,17683835,0,0.9500646591186523,1.2800407409667969,1.579880714416504,-0.00171661376953125,-0.00095367431640625,0.00514984130859375,-0.0073261260986328125,0.25152587890625,-0.0024423599243164062,-0.0073261260986328125,-0.021978378295898438,-0.0073261260986328125,-0.0073261260986328125,-2.550426483154297,6.201709747314453,-1.565323829650879,0.012209892272949219,-0.11477375030517578,0.0,-3.7670136145946738,6.754524822644635,-1.6221597576215327,0.0038614031940690406,-0.005718871381568141
22,1,train,2,1,0.3490658503988659,2.222076616002596,3,s,af3726fcacd0ac1320a56ea850b0a2c0f5430cf4eb20a45c078706980f08407e,d24fbe3839599a6a097188bae8cd47ce8083f27deef1341ae3086bf0d5a45bd1,a264f9f6df4fae96803cb1057b5fedc2d14ddccb52b4eb699c12be7c2ccc333e,a264f9f6df4fae96803cb1057b5fedc2d14ddccb52b4eb699c12be7c2ccc333e,1787976783.65258,35367.554,17683836,0,0.9500646591186523,1.2808036804199219,1.579880714416504,-0.00171661376953125,-0.00095367431640625,0.00514984130859375,-0.021978378295898438,0.25152587890625,-0.0024423599243164062,-0.0073261260986328125,-0.0073261260986328125,-0.0073261260986328125,-0.0073261260986328125,-2.5641021728515625,6.160682678222656,-1.5702075958251953,0.012209892272949219,-0.11477375030517578,0.0,-3.7781703221107996,6.758060241641562,-1.622823125323284,0.0038519306458247235,-0.005720196617204712
22,1,train,2,1,0.3490658503988659,2.2239701970029273,3,s,af3726fcacd0ac1320a56ea850b0a2c0f5430cf4eb20a45c078706980f08407e,d24fbe3839599a6a097188bae8cd47ce8083f27deef1341ae3086bf0d5a45bd1,a264f9f6df4fae96803cb1057b5fedc2d14ddccb52b4eb699c12be7c2ccc333e,a264f9f6df4fae96803cb1057b5fedc2d14ddccb52b4eb699c12be7c2ccc333e,1787976783.6544607,35367.556,17683837,0,0.9500646591186523,1.2811851501464844,1.579880714416504,-0.00171661376953125,-0.00095367431640625,0.00514984130859375,-0.0073261260986328125,0.27106189727783203,-0.0024423599243164062,-0.0073261260986328125,-0.0073261260986328125,-0.0073261260986328125,-0.0073261260986328125,-2.673503875732422,6.174358367919922,-1.5750913619995117,0.017093658447265625,-0.1196584701538086,0.0,-3.783747851580517,6.759826476127829,-1.6231544549705204,0.00384719353056342,-0.005720857986473951
22,1,train,2,1,0.3490658503988659,2.225848476002284,3,s,af3726fcacd0ac1320a56ea850b0a2c0f5430cf4eb20a45c078706980f08407e,d24fbe3839599a6a097188bae8cd47ce8083f27deef1341ae3086bf0d5a45bd1,a264f9f6df4fae96803cb1057b5fedc2d14ddccb52b4eb699c12be7c2ccc333e,a264f9f6df4fae96803cb1057b5fedc2d14ddccb52b4eb699c12be7c2ccc333e,1787976783.6563919,35367.558,17683838,0,0.9500646591186523,1.2819490432739258,1.579880714416504,-0.00171661376953125,-0.00095367431640625,0.00514984130859375,-0.0073261260986328125,0.3003664016723633,-0.0024423599243164062,-0.0073261260986328125,-0.0073261260986328125,-0.0073261260986328125,-0.0073261260986328125,-2.8102569580078125,6.1880340576171875,-1.5750913619995117,0.012209892272949219,-0.11477375030517578,0.0,-3.794915198262008,6.763360403224804,-1.6238172324635491,0.0038377057749234937,-0.005722179875650166
22,1,train,2,1,0.3490658503988659,2.2277939170016907,3,s,af3726fcacd0ac1320a56ea850b0a2c0f5430cf4eb20a45c078706980f08407e,d24fbe3839599a6a097188bae8cd47ce8083f27deef1341ae3086bf0d5a45bd1,a264f9f6df4fae96803cb1057b5fedc2d14ddccb52b4eb699c12be7c2ccc333e,a264f9f6df4fae96803cb1057b5fedc2d14ddccb52b4eb699c12be7c2ccc333e,1787976783.658319,35367.56,17683839,0,0.9500646591186523,1.2827119827270508,1.579880714416504,-0.00171661376953125,-0.00095367431640625,0.00514984130859375,-0.0073261260986328125,0.3296699523925781,-0.0024423599243164062,-0.0073261260986328125,-0.0073261260986328125,-0.0073261260986328125,-0.012209892272949219,-2.8239307403564453,6.215385437011719,-1.5750913619995117,0.012209892272949219,-0.11477375030517578,0.0,-3.8060663928782006,6.766885979174434,-1.6244782367424442,0.0038282276289349046,-0.005723496781699487
22,1,train,2,1,0.3490658503988659,2.229720248004014,3,s,af3726fcacd0ac1320a56ea850b0a2c0f5430cf4eb20a45c078706980f08407e,d24fbe3839599a6a097188bae8cd47ce8083f27deef1341ae3086bf0d5a45bd1,a264f9f6df4fae96803cb1057b5fedc2d14ddccb52b4eb699c12be7c2ccc333e,a264f9f6df4fae96803cb1057b5fedc2d14ddccb52b4eb699c12be7c2ccc333e,1787976783.6602812,35367.562,17683840,0,0.9500646591186523,1.2834749221801758,1.579880714416504,-0.00171661376953125,-0.00095367431640625,0.00514984130859375,-0.0073261260986328125,0.34920597076416016,-0.0024423599243164062,-0.0073261260986328125,-0.021978378295898438,-0.0073261260986328125,-0.0073261260986328125,-2.8923072814941406,6.160682678222656,-1.5750913619995117,0.012209892272949219,-0.11477375030517578,0.0,-3.8172153720722815,6.770407616278211,-1.6251382954506015,0.003818747254624666,-0.0057248103562353705
22,1,train,2,1,0.3490658503988659,2.2316987459998927,3,s,af3726fcacd0ac1320a56ea850b0a2c0f5430cf4eb20a45c078706980f08407e,d24fbe3839599a6a097188bae8cd47ce8083f27deef1341ae3086bf0d5a45bd1,a264f9f6df4fae96803cb1057b5fedc2d14ddccb52b4eb699c12be7c2ccc333e,a264f9f6df4fae96803cb1057b5fedc2d14ddccb52b4eb699c12be7c2ccc333e,1787976783.6629486,35367.564,17683841,0,0.9500646591186523,1.2838563919067383,1.579880714416504,-0.00171661376953125,-0.00095367431640625,0.00514984130859375,-0.0073261260986328125,0.3589744567871094,-0.0024423599243164062,0.0073261260986328125,-0.0073261260986328125,-0.0073261260986328125,-0.0073261260986328125,-2.8512821197509766,6.119659423828125,-1.5750913619995117,0.0073261260986328125,-0.11477375030517578,0.0,-3.8227890288579927,6.7721669571222325,-1.6254679700955683,0.003814006233573346,-0.005725465893946761
22,1,train,2,1,0.3490658503988659,2.234355348999088,3,s,af3726fcacd0ac1320a56ea850b0a2c0f5430cf4eb20a45c078706980f08407e,d24fbe3839599a6a097188bae8cd47ce8083f27deef1341ae3086bf0d5a45bd1,a264f9f6df4fae96803cb1057b5fedc2d14ddccb52b4eb699c12be7c2ccc333e,a264f9f6df4fae96803cb1057b5fedc2d14ddccb52b4eb699c12be7c2ccc333e,1787976783.6649108,35367.566,17683842,0,0.9500646591186523,1.2846193313598633,1.579880714416504,-0.00171661376953125,-0.00095367431640625,0.00514984130859375,-0.0073261260986328125,0.34432220458984375,-0.0024423599243164062,-0.0073261260986328125,-0.021978378295898438,-0.0073261260986328125,-0.0073261260986328125,-2.700855255126953,6.119659423828125,-1.5799751281738281,0.012209892272949219,-0.11477375030517578,0.0,-3.833934672751387,6.775682682114456,-1.6261266097274085,0.0038045225271278564,-0.00572677446977947
22,1,train,2,1,0.3490658503988659,2.236310806001711,3,s,af3726fcacd0ac1320a56ea850b0a2c0f5430cf4eb20a45c078706980f08407e,d24fbe3839599a6a097188bae8cd47ce8083f27deef1341ae3086bf0d5a45bd1,a264f9f6df4fae96803cb1057b5fedc2d14ddccb52b4eb699c12be7c2ccc333e,a264f9f6df4fae96803cb1057b5fedc2d14ddccb52b4eb699c12be7c2ccc333e,1787976783.6662757,35367.568,17683843,0,0.9500646591186523,1.2853822708129883,1.579880714416504,-0.00171661376953125,-0.00095367431640625,0.00514984130859375,-0.0073261260986328125,0.3150186538696289,-0.0024423599243164062,-0.021978378295898438,-0.03663063049316406,-0.0073261260986328125,-0.0073261260986328125,-2.6871795654296875,6.133335113525391,-1.5799751281738281,0.012209892272949219,-0.11477375030517578,0.0,-3.8450780850011914,6.779194463140465,-1.6267843028290299,0.0037950366061589025,-0.005728079712190872
22,1,train,2,1,0.3490658503988659,2.237673719006125,3,s,af3726fcacd0ac1320a56ea850b0a2c0f5430cf4eb20a45c078706980f08407e,d24fbe3839599a6a097188bae8cd47ce8083f27deef1341ae3086bf0d5a45bd1,a264f9f6df4fae96803cb1057b5fedc2d14ddccb52b4eb699c12be7c2ccc333e,a264f9f6df4fae96803cb1057b5fedc2d14ddccb52b4eb699c12be7c2ccc333e,1787976783.6687832,35367.57,17683844,0,0.9500646591186523,1.2857637405395508,1.579880714416504,-0.00133514404296875,-0.00095367431640625,0.00514984130859375,-0.0073261260986328125,0.29059791564941406,-0.0024423599243164062,0.0073261260986328125,-0.0073261260986328125,-0.0073261260986328125,-0.0073261260986328125,-2.632478713989258,6.147006988525391,-1.5799751281738281,0.012209892272949219,-0.11477375030517578,0.0,-3.8509772069389765,6.781277128733518,-1.6274410490176077,0.003785548476188018,-0.005729381620421225
22,1,train,2,1,0.3490658503988659,2.240177844003483,3,s,af3726fcacd0ac1320a56ea850b0a2c0f5430cf4eb20a45c078706980f08407e,d24fbe3839599a6a097188bae8cd47ce8083f27deef1341ae3086bf0d5a45bd1,a264f9f6df4fae96803cb1057b5fedc2d14ddccb52b4eb699c12be7c2ccc333e,a264f9f6df4fae96803cb1057b5fedc2d14ddccb52b4eb699c12be7c2ccc333e,1787976783.670719,35367.572,17683845,0,0.9500646591186523,1.2861452102661133,1.579880714416504,-0.00171661376953125,-0.00095367431640625,0.00514984130859375,-0.0073261260986328125,0.27106189727783203,-0.0024423599243164062,-0.0073261260986328125,-0.0073261260986328125,-0.0073261260986328125,-0.012209892272949219,-2.5641021728515625,6.133335113525391,-1.584859848022461,0.012209892272949219,-0.11477375030517578,0.0,-3.856219259121091,6.782702298156141,-1.6274410490176068,0.003785548476188017,-0.005729381620421223
22,1,train,2,1,0.3490658503988659,2.2421510310014128,3,s,af3726fcacd0ac1320a56ea850b0a2c0f5430cf4eb20a45c078706980f08407e,d24fbe3839599a6a097188bae8cd47ce8083f27deef1341ae3086bf0d5a45bd1,a264f9f6df4fae96803cb1057b5fedc2d14ddccb52b4eb699c12be7c2ccc333e,a264f9f6df4fae96803cb1057b5fedc2d14ddccb52b4eb699c12be7c2ccc333e,1787976783.672729,35367.574,17683846,0,0.9500646591186523,1.2869081497192383,1.579880714416504,-0.00171661376953125,-0.00095367431640625,0.00514984130859375,-0.0073261260986328125,0.2612943649291992,-0.0024423599243164062,-0.0073261260986328125,-0.0073261260986328125,-0.0073261260986328125,-0.012209892272949219,-2.632478713989258,6.133335113525391,-1.584859848022461,0.012209892272949219,-0.11477375030517578,0.0,-3.867358188626075,6.78620618511966,-1.6280968479108635,0.0037760581427380173,-0.005730680193712713
22,1,train,2,1,0.3490658503988659,2.2441256900056032,3,s,af3726fcacd0ac1320a56ea850b0a2c0f5430cf4eb20a45c078706980f08407e,d24fbe3839599a6a097188bae8cd47ce8083f27deef1341ae3086bf0d5a45bd1,a264f9f6df4fae96803cb1057b5fedc2d14ddccb52b4eb699c12be7c2ccc333e,a264f9f6df4fae96803cb1057b5fedc2d14ddccb52b4eb699c12be7c2ccc333e,1787976783.6746755,35367.576,17683847,0,0.9500646591186523,1.2876710891723633,1.579880714416504,-0.00133514404296875,-0.00095367431640625,0.00514984130859375,-0.0073261260986328125,0.27106189727783203,-0.0024423599243164062,-0.0073261260986328125,0.0073261260986328125,-0.0073261260986328125,-0.012209892272949219,-2.7692298889160156,6.160682678222656,-1.5897436141967773,0.012209892272949219,-0.11477375030517578,0.0,-3.8788219371424972,6.790033192101555,-1.6290787692371471,0.003761818523124,-0.005732621798986638
22,1,train,2,1,0.3490658503988659,2.246073697999236,3,s,af3726fcacd0ac1320a56ea850b0a2c0f5430cf4eb20a45c078706980f08407e,d24fbe3839599a6a097188bae8cd47ce8083f27deef1341ae3086bf0d5a45bd1,a264f9f6df4fae96803cb1057b5fedc2d14ddccb52b4eb699c12be7c2ccc333e,a264f9f6df4fae96803cb1057b5fedc2d14ddccb52b4eb699c12be7c2ccc333e,1787976783.6765966,35367.578,17683848,0,0.9500646591186523,1.2880525588989258,1.579880714416504,-0.00133514404296875,-0.00095367431640625,0.00514984130859375,-0.0073261260986328125,0.3003664016723633,-0.0024423599243164062,-0.0073261260986328125,-0.021978378295898438,-0.0073261260986328125,-0.0073261260986328125,-2.8239307403564453,6.160682678222656,-1.5897436141967773,0.012209892272949219,-0.11477375030517578,0.0,-3.8843891930957257,6.791781441554198,-1.6294056022850625,0.0037570708874983608,-0.005733267332457557
22,1,train,2,1,0.3490658503988659,2.2479914580035256,3,s,af3726fcacd0ac1320a56ea850b0a2c0f5430cf4eb20a45c078706980f08407e,d24fbe3839599a6a097188bae8cd47ce8083f27deef1341ae3086bf0d5a45bd1,a264f9f6df4fae96803cb1057b5fedc2d14ddccb52b4eb699c12be7c2ccc333e,a264f9f6df4fae96803cb1057b5fedc2d14ddccb52b4eb699c12be7c2ccc333e,1787976783.6785226,35367.58,17683849,0,0.9500646591186523,1.2888154983520508,1.579880714416504,-0.00171661376953125,-0.00095367431640625,0.00514984130859375,-0.0073261260986328125,0.33455467224121094,-0.0024423599243164062,-0.021978378295898438,0.0073261260986328125,-0.0073261260986328125,-0.0073261260986328125,-2.9333324432373047,6.160682678222656,-1.5897436141967773,0.012209892272949219,-0.11477375030517578,0.0,-3.8951956496521203,6.794948616421472,-1.6297321982232578,0.0037523227051469554,-0.005733912031628283
22,1,train,2,1,0.3490658503988659,2.249917824003205,3,s,af3726fcacd0ac1320a56ea850b0a2c0f5430cf4eb20a45c078706980f08407e,d24fbe3839599a6a097188bae8cd47ce8083f27deef1341ae3086bf0d5a45bd1,a264f9f6df4fae96803cb1057b5fedc2d14ddccb52b4eb699c12be7c2ccc333e,a264f9f6df4fae96803cb1057b5fedc2d14ddccb52b4eb699c12be7c2ccc333e,1787976783.6804593,35367.581999999995,17683850,0,0.9500646591186523,1.2895784378051758,1.579880714416504,-0.00171661376953125,-0.00095367431640625,0.00514984130859375,-0.0073261260986328125,0.35409069061279297,-0.0024423599243164062,-0.021978378295898438,-0.0073261260986328125,-0.0073261260986328125,-0.0073261260986328125,-3.001708984375,6.1880340576171875,-1.584859848022461,0.012209892272949219,-0.11477375030517578,0.0,-3.90632667195427,6.798438669156207,-1.6303846785804241,0.0037428247030307383,-0.00573519892669402
22,1,train,2,1,0.3490658503988659,2.251868404004199,3,s,af3726fcacd0ac1320a56ea850b0a2c0f5430cf4eb20a45c078706980f08407e,d24fbe3839599a6a097188bae8cd47ce8083f27deef1341ae3086bf0d5a45bd1,a264f9f6df4fae96803cb1057b5fedc2d14ddccb52b4eb699c12be7c2ccc333e,a264f9f6df4fae96803cb1057b5fedc2d14ddccb52b4eb699c12be7c2ccc333e,1787976783.682395,35367.583999999995,17683851,0,0.9500646591186523,1.2903413772583008,1.579880714416504,-0.00171661376953125,-0.00095367431640625,0.00514984130859375,-0.0073261260986328125,0.3687419891357422,-0.0024423599243164062,0.0073261260986328125,-0.0073261260986328125,-0.0073261260986328125,-0.0073261260986328125,-2.9470081329345703,6.201709747314453,-1.5799751281738281,0.012209892272949219,-0.11477375030517578,0.0,-3.9174554204751413,6.801924764679003,-1.6310362099288498,0.003733324522303916,-0.0057364824834347725
22,1,train,2,1,0.3490658503988659,2.253790635004407,3,s,af3726fcacd0ac1320a56ea850b0a2c0f5430cf4eb20a45c078706980f08407e,d24fbe3839599a6a097188bae8cd47ce8083f27deef1341ae3086bf0d5a45bd1,a264f9f6df4fae96803cb1057b5fedc2d14ddccb52b4eb699c12be7c2ccc333e,a264f9f6df4fae96803cb1057b5fedc2d14ddccb52b4eb699c12be7c2ccc333e,1787976783.6842835,35367.585999999996,17683852,0,0.9500646591186523,1.2911043167114258,1.579880714416504,-0.00171661376953125,-0.00095367431640625,0.00514984130859375,-0.0073261260986328125,0.3687419891357422,-0.0024423599243164062,-0.021978378295898438,-0.0073261260986328125,-0.0073261260986328125,-0.0073261260986328125,-2.878631591796875,6.229061126708984,-1.5799751281738281,0.0073261260986328125,-0.11477375030517578,0.0,-3.928581888736959,6.80540690096069,-1.6316867918892963,0.003723822168496321,-0.005737762701103416
22,1,train,2,1,0.3490658503988659,2.2556752390009933,3,s,af3726fcacd0ac1320a56ea850b0a2c0f5430cf4eb20a45c078706980f08407e,d24fbe3839599a6a097188bae8cd47ce8083f27deef1341ae3086bf0d5a45bd1,a264f9f6df4fae96803cb1057b5fedc2d14ddccb52b4eb699c12be7c2ccc333e,a264f9f6df4fae96803cb1057b5fedc2d14ddccb52b4eb699c12be7c2ccc333e,1787976783.6868248,35367.587999999996,17683853,0,0.9500646591186523,1.2914857864379883,1.579880714416504,-0.00171661376953125,-0.00095367431640625,0.00514984130859375,-0.0073261260986328125,0.33943843841552734,-0.0024423599243164062,-0.0073261260986328125,-0.0073261260986328125,-0.0073261260986328125,-0.0073261260986328125,-2.7692298889160156,6.24273681640625,-1.5799751281738281,0.0073261260986328125,-0.11477375030517578,0.0,-3.9341442657467773,6.80714648375263,-1.6320117267306649,0.0037190701784156482,-0.005738401557552752
22,1,train,2,1,0.3490658503988659,2.2582186430008733,3,s,af3726fcacd0ac1320a56ea850b0a2c0f5430cf4eb20a45c078706980f08407e,d24fbe3839599a6a097188bae8cd47ce8083f27deef1341ae3086bf0d5a45bd1,a264f9f6df4fae96803cb1057b5fedc2d14ddccb52b4eb699c12be7c2ccc333e,a264f9f6df4fae96803cb1057b5fedc2d14ddccb52b4eb699c12be7c2ccc333e,1787976783.688743,35367.59,17683854,0,0.9500646591186523,1.2922487258911133,1.579880714416504,-0.00171661376953125,-0.00095367431640625,0.00514984130859375,-0.021978378295898438,0.3101339340209961,-0.0024423599243164062,-0.021978378295898438,-0.0073261260986328125,-0.0073261260986328125,-0.0073261260986328125,-2.6598281860351562,6.25640869140625,-1.5799751281738281,0.012209892272949219,-0.1196584701538086,0.0,-3.945267301477066,6.810622677372988,-1.6326608838992718,0.0037095645753580965,-0.005739676765216615
22,1,train,2,1,0.3490658503988659,2.260137883000425,3,s,af3726fcacd0ac1320a56ea850b0a2c0f5430cf4eb20a45c078706980f08407e,d24fbe3839599a6a097188bae8cd47ce8083f27deef1341ae3086bf0d5a45bd1,a264f9f6df4fae96803cb1057b5fedc2d14ddccb52b4eb699c12be7c2ccc333e,a264f9f6df4fae96803cb1057b5fedc2d14ddccb52b4eb699c12be7c2ccc333e,1787976783.6906314,35367.592,17683855,0,0.9500646591186523,1.2926301956176758,1.579880714416504,-0.00171661376953125,-0.00095367431640625,0.00514984130859375,-0.0073261260986328125,0.28083038330078125,-0.0024423599243164062,-0.021978378295898438,-0.021978378295898438,-0.0073261260986328125,-0.0073261260986328125,-2.6598281860351562,6.24273681640625,-1.5799751281738281,0.012209892272949219,-0.1196584701538086,0.0,-3.9508279585789263,6.812359287695557,-1.632985106132046,0.00370481096376446,-0.005740313116245578
22,1,train,2,1,0.3490658503988659,2.262022214999888,3,s,af3726fcacd0ac1320a56ea850b0a2c0f5430cf4eb20a45c078706980f08407e,d24fbe3839599a6a097188bae8cd47ce8083f27deef1341ae3086bf0d5a45bd1,a264f9f6df4fae96803cb1057b5fedc2d14ddccb52b4eb699c12be7c2ccc333e,a264f9f6df4fae96803cb1057b5fedc2d14ddccb52b4eb699c12be7c2ccc333e,1787976783.6925478,35367.594,17683856,0,0.9500646591186523,1.2933931350708008,1.579880714416504,-0.00171661376953125,-0.00095367431640625,0.00514984130859375,-0.0073261260986328125,0.2564105987548828,-0.0024423599243164062,-0.03663063049316406,-0.021978378295898438,-0.0073261260986328125,-0.0073261260986328125,-2.6598281860351562,6.201709747314453,-1.5750913619995117,0.012209892272949219,-0.1196584701538086,0.0,-3.96194754721016,6.815829534101916,-1.6336328376586315,0.003695302123906173,-0.0057415833122345565
22,1,train,2,1,0.3490658503988659,2.2639430039998842,3,s,af3726fcacd0ac1320a56ea850b0a2c0f5430cf4eb20a45c078706980f08407e,d24fbe3839599a6a097188bae8cd47ce8083f27deef1341ae3086bf0d5a45bd1,a264f9f6df4fae96803cb1057b5fedc2d14ddccb52b4eb699c12be7c2ccc333e,a264f9f6df4fae96803cb1057b5fedc2d14ddccb52b4eb699c12be7c2ccc333e,1787976783.69444,35367.596,17683857,0,0.9500646591186523,1.2937746047973633,1.579880714416504,-0.00171661376953125,-0.00095367431640625,0.00514984130859375,-0.0073261260986328125,0.25152587890625,-0.0024423599243164062,0.0073261260986328125,-0.0073261260986328125,-0.0073261260986328125,-0.0073261260986328125,-2.6598281860351562,6.229061126708984,-1.5750913619995117,0.012209892272949219,-0.11477375030517578,0.0,-3.967506477121418,6.817563169680717,-1.6339563468581846,0.003690546897025242,-0.005742217157009735
22,1,train,2,1,0.3490658503988659,2.2658312220009975,3,s,af3726fcacd0ac1320a56ea850b0a2c0f5430cf4eb20a45c078706980f08407e,d24fbe3839599a6a097188bae8cd47ce8083f27deef1341ae3086bf0d5a45bd1,a264f9f6df4fae96803cb1057b5fedc2d14ddccb52b4eb699c12be7c2ccc333e,a264f9f6df4fae96803cb1057b5fedc2d14ddccb52b4eb699c12be7c2ccc333e,1787976783.6963198,35367.598,17683858,0,0.9500646591186523,1.2945375442504883,1.579880714416504,-0.00171661376953125,-0.00095367431640625,0.00514984130859375,-0.021978378295898438,0.27106189727783203,-0.0024423599243164062,0.0073261260986328125,-0.0073261260986328125,-0.0073261260986328125,-0.0073261260986328125,-2.755556106567383,6.24273681640625,-1.5799751281738281,0.012209892272949219,-0.11477375030517578,0.0,-3.9786226040905808,6.821027464328193,-1.6346026518944332,0.0036810348328196883,-0.005743482339660294
22,1,train,2,1,0.3490658503988659,2.2677140360028716,3,s,af3726fcacd0ac1320a56ea850b0a2c0f5430cf4eb20a45c078706980f08407e,d24fbe3839599a6a097188bae8cd47ce8083f27deef1341ae3086bf0d5a45bd1,a264f9f6df4fae96803cb1057b5fedc2d14ddccb52b4eb699c12be7c2ccc333e,a264f9f6df4fae96803cb1057b5fedc2d14ddccb52b4eb699c12be7c2ccc333e,1787976783.698812,35367.6,17683859,0,0.9500646591186523,1.2949190139770508,1.579880714416504,-0.00171661376953125,-0.00095367431640625,0.00514984130859375,0.0073261260986328125,0.2954826354980469,-0.0024423599243164062,-0.0073261260986328125,0.0073261260986328125,-0.0073261260986328125,-0.0073261260986328125,-2.8239307403564453,6.24273681640625,-1.5799751281738281,0.012209892272949219,-0.1196584701538086,0.0,-3.9841797995308705,6.82275812289274,-1.6349254476370758,0.0036762779968792484,-0.0057441136773515615
22,1,train,2,1,0.3490658503988659,2.270205470005749,3,s,af3726fcacd0ac1320a56ea850b0a2c0f5430cf4eb20a45c078706980f08407e,d24fbe3839599a6a097188bae8cd47ce8083f27deef1341ae3086bf0d5a45bd1,a264f9f6df4fae96803cb1057b5fedc2d14ddccb52b4eb699c12be7c2ccc333e,a264f9f6df4fae96803cb1057b5fedc2d14ddccb52b4eb699c12be7c2ccc333e,1787976783.7007039,35367.602,17683860,0,0.9500646591186523,1.2956819534301758,1.579880714416504,-0.00171661376953125,-0.00095367431640625,0.00514984130859375,-0.0073261260986328125,0.3101339340209961,-0.0024423599243164062,-0.0073261260986328125,-0.0073261260986328125,-0.0073261260986328125,-0.0073261260986328125,-2.8102569580078125,6.229061126708984,-1.5897436141967773,0.012209892272949219,-0.1196584701538086,0.0,-3.9952924502794764,6.826216461244237,-1.635570325336538,0.0036667627207841095,-0.00574537384500672
22,1,train,2,1,0.3490658503988659,2.272107272001449,3,s,af3726fcacd0ac1320a56ea850b0a2c0f5430cf4eb20a45c078706980f08407e,d24fbe3839599a6a097188bae8cd47ce8083f27deef1341ae3086bf0d5a45bd1,a264f9f6df4fae96803cb1057b5fedc2d14ddccb52b4eb699c12be7c2ccc333e,a264f9f6df4fae96803cb1057b5fedc2d14ddccb52b4eb699c12be7c2ccc333e,1787976783.7026508,35367.604,17683861,0,0.9500646591186523,1.2964448928833008,1.579880714416504,-0.00171661376953125,-0.00095367431640625,0.00514984130859375,0.0073261260986328125,0.3296699523925781,-0.0024423599243164062,-0.0073261260986328125,-0.0073261260986328125,-0.0073261260986328125,-0.0073261260986328125,-2.8923072814941406,6.25640869140625,-1.5897436141967773,0.012209892272949219,-0.1196584701538086,0.0,-4.00640277546191,6.829670826214994,-1.6362142510088167,0.003657245310352264,-0.0057466306684143134
22,1,train,2,1,0.3490658503988659,2.2740498230050434,3,s,af3726fcacd0ac1320a56ea850b0a2c0f5430cf4eb20a45c078706980f08407e,d24fbe3839599a6a097188bae8cd47ce8083f27deef1341ae3086bf0d5a45bd1,a264f9f6df4fae96803cb1057b5fedc2d14ddccb52b4eb699c12be7c2ccc333e,a264f9f6df4fae96803cb1057b5fedc2d14ddccb52b4eb699c12be7c2ccc333e,1787976783.704556,35367.606,17683862,0,0.9500646591186523,1.2972078323364258,1.579880714416504,-0.00171661376953125,-0.00095367431640625,0.00514984130859375,-0.0073261260986328125,0.33943843841552734,-0.0024423599243164062,-0.021978378295898438,-0.0073261260986328125,-0.0073261260986328125,-0.0073261260986328125,-2.8923072814941406,6.270084381103516,-1.5897436141967773,0.012209892272949219,-0.1196584701538086,0.0,-4.0175107686111176,6.833121215794309,-1.6368572242790984,0.0036477257711235696,-0.005747884146842774
22,1,train,2,1,0.3490658503988659,2.275949994000257,3,s,af3726fcacd0ac1320a56ea850b0a2c0f5430cf4eb20a45c078706980f08407e,d24fbe3839599a6a097188bae8cd47ce8083f27deef1341ae3086bf0d5a45bd1,a264f9f6df4fae96803cb1057b5fedc2d14ddccb52b4eb699c12be7c2ccc333e,a264f9f6df4fae96803cb1057b5fedc2d14ddccb52b4eb699c12be7c2ccc333e,1787976783.706436,35367.608,17683863,0,0.9500646591186523,1.2975893020629883,1.579880714416504,-0.00171661376953125,-0.00095367431640625,0.00514984130859375,-0.021978378295898438,0.3296699523925781,-0.0024423599243164062,-0.0073261260986328125,-0.0073261260986328125,-0.0073261260986328125,-0.0073261260986328125,-2.8102569580078125,6.229061126708984,-1.5946273803710938,0.012209892272949219,-0.1196584701538086,0.0,-4.023063888652674,6.834844919184463,-1.6371783536465128,0.003642965204941952,-0.0057485096314617515
22,1,train,2,1,0.3490658503988659,2.2778297670010943,3,s,af3726fcacd0ac1320a56ea850b0a2c0f5430cf4eb20a45c078706980f08407e,d24fbe3839599a6a097188bae8cd47ce8083f27deef1341ae3086bf0d5a45bd1,a264f9f6df4fae96803cb1057b5fedc2d14ddccb52b4eb699c12be7c2ccc333e,a264f9f6df4fae96803cb1057b5fedc2d14ddccb52b4eb699c12be7c2ccc333e,1787976783.708313,35367.61,17683864,0,0.9500646591186523,1.2983522415161133,1.579880714416504,-0.00171661376953125,-0.00095367431640625,0.00514984130859375,-0.0073261260986328125,0.3101339340209961,-0.0024423599243164062,-0.021978378295898438,0.0073261260986328125,-0.0073261260986328125,-0.0073261260986328125,-2.8239307403564453,6.25640869140625,-1.5897436141967773,0.012209892272949219,-0.1196584701538086,0.0,-4.034168371629269,6.838289341911603,-1.6378198976122356,0.0036334424829079417,-0.005749758091054088
22,1,train,2,1,0.3490658503988659,2.279704906002735,3,s,af3726fcacd0ac1320a56ea850b0a2c0f5430cf4eb20a45c078706980f08407e,d24fbe3839599a6a097188bae8cd47ce8083f27deef1341ae3086bf0d5a45bd1,a264f9f6df4fae96803cb1057b5fedc2d14ddccb52b4eb699c12be7c2ccc333e,a264f9f6df4fae96803cb1057b5fedc2d14ddccb52b4eb699c12be7c2ccc333e,1787976783.7102413,35367.612,17683865,0,0.9500646591186523,1.2987337112426758,1.579880714416504,-0.00171661376953125,-0.00095367431640625,0.00514984130859375,-0.0073261260986328125,0.29059791564941406,-0.0024423599243164062,0.0073261260986328125,-0.0073261260986328125,-0.0073261260986328125,-0.0073261260986328125,-2.8239307403564453,6.24273681640625,-1.5897436141967773,0.012209892272949219,-0.1196584701538086,0.0,-4.0397197329483925,6.84001006074736,-1.6381403121171876,0.0036286803284412863,-0.005750381065845773
22,1,train,2,1,0.3490658503988659,2.281632502999855,3,s,af3726fcacd0ac1320a56ea850b0a2c0f5430cf4eb20a45c078706980f08407e,d24fbe3839599a6a097188bae8cd47ce8083f27deef1341ae3086bf0d5a45bd1,a264f9f6df4fae96803cb1057b5fedc2d14ddccb52b4eb699c12be7c2ccc333e,a264f9f6df4fae96803cb1057b5fedc2d14ddccb52b4eb699c12be7c2ccc333e,1787976783.712697,35367.614,17683866,0,0.9500646591186523,1.2994966506958008,1.579880714416504,-0.00171661376953125,-0.00095367431640625,0.00514984130859375,0.0073261260986328125,0.28083038330078125,-0.0024423599243164062,-0.0073261260986328125,-0.0073261260986328125,-0.0073261260986328125,-0.0073261260986328125,-2.7829055786132812,6.201709747314453,-1.5946273803710938,0.012209892272949219,-0.1196584701538086,0.0,-4.050820691209145,6.843448512111262,-1.6387804259381398,0.003619154436073601,-0.005751624504966912
22,1,train,2,1,0.3490658503988659,2.284087202999217,3,s,af3726fcacd0ac1320a56ea850b0a2c0f5430cf4eb20a45c078706980f08407e,d24fbe3839599a6a097188bae8cd47ce8083f27deef1341ae3086bf0d5a45bd1,a264f9f6df4fae96803cb1057b5fedc2d14ddccb52b4eb699c12be7c2ccc333e,a264f9f6df4fae96803cb1057b5fedc2d14ddccb52b4eb699c12be7c2ccc333e,1787976783.7146358,35367.616,17683867,0,0.9500646591186523,1.2998781204223633,1.579880714416504,-0.00133514404296875,-0.00095367431640625,0.00514984130859375,0.0073261260986328125,0.27594661712646484,-0.0024423599243164062,0.0073261260986328125,0.0073261260986328125,-0.0073261260986328125,-0.012209892272949219,-2.8239307403564453,6.201709747314453,-1.5995111465454102,0.017093658447265625,-0.1196584701538086,0.0,-4.056689747237761,6.845485704841436,-1.6394195858633838,0.0036096264370808788,-0.005752864596202122
22,1,train,2,1,0.3490658503988659,2.2860295249993214,3,s,af3726fcacd0ac1320a56ea850b0a2c0f5430cf4eb20a45c078706980f08407e,d24fbe3839599a6a097188bae8cd47ce8083f27deef1341ae3086bf0d5a45bd1,a264f9f6df4fae96803cb1057b5fedc2d14ddccb52b4eb699c12be7c2ccc333e,a264f9f6df4fae96803cb1057b5fedc2d14ddccb52b4eb699c12be7c2ccc333e,1787976783.7165234,35367.617999999995,17683868,0,0.9500646591186523,1.3006410598754883,1.579880714416504,-0.00171661376953125,-0.00095367431640625,0.00514984130859375,-0.0073261260986328125,0.29059791564941406,-0.0024423599243164062,-0.0073261260986328125,-0.0073261260986328125,-0.0073261260986328125,-0.012209892272949219,-2.9333324432373047,6.201709747314453,-1.5995111465454102,0.012209892272949219,-0.1196584701538086,0.0,-4.0674677055416595,6.848598719636462,-1.6397388079988324,0.0036048616493332105,-0.005753483386136857
22,1,train,2,1,0.3490658503988659,2.2879161390010267,3,s,af3726fcacd0ac1320a56ea850b0a2c0f5430cf4eb20a45c078706980f08407e,d24fbe3839599a6a097188bae8cd47ce8083f27deef1341ae3086bf0d5a45bd1,a264f9f6df4fae96803cb1057b5fedc2d14ddccb52b4eb699c12be7c2ccc333e,a264f9f6df4fae96803cb1057b5fedc2d14ddccb52b4eb699c12be7c2ccc333e,1787976783.718409,35367.619999999995,17683869,0,0.9500646591186523,1.3014039993286133,1.579880714416504,-0.00133514404296875,-0.00095367431640625,0.00514984130859375,-0.0073261260986328125,0.3199024200439453,-0.0024423599243164062,0.0073261260986328125,-0.0073261260986328125,-0.0073261260986328125,-0.012209892272949219,-2.960683822631836,6.201709747314453,-1.604395866394043,0.012209892272949219,-0.1196584701538086,0.0,-4.078881263126289,6.852345714880988,-1.640695042539148,0.003590564141405632,-0.005755334732129401
22,1,train,2,1,0.3490658503988659,2.289801522005291,3,s,af3726fcacd0ac1320a56ea850b0a2c0f5430cf4eb20a45c078706980f08407e,d24fbe3839599a6a097188bae8cd47ce8083f27deef1341ae3086bf0d5a45bd1,a264f9f6df4fae96803cb1057b5fedc2d14ddccb52b4eb699c12be7c2ccc333e,a264f9f6df4fae96803cb1057b5fedc2d14ddccb52b4eb699c12be7c2ccc333e,1787976783.7203078,35367.621999999996,17683870,0,0.9500646591186523,1.3021669387817383,1.579880714416504,-0.00133514404296875,-0.00095367431640625,0.00514984130859375,-0.0073261260986328125,0.34920597076416016,-0.0024423599243164062,0.0073261260986328125,0.0073261260986328125,-0.0073261260986328125,-0.012209892272949219,-3.042734146118164,6.215385437011719,-1.6092796325683594,0.012209892272949219,-0.1196584701538086,0.0,-4.089973462967606,6.855769738013496,-1.6413313385472528,0.003581029855818825,-0.0057565647753836605
22,1,train,2,1,0.3490658503988659,2.2917141990037635,3,s,af3726fcacd0ac1320a56ea850b0a2c0f5430cf4eb20a45c078706980f08407e,d24fbe3839599a6a097188bae8cd47ce8083f27deef1341ae3086bf0d5a45bd1,a264f9f6df4fae96803cb1057b5fedc2d14ddccb52b4eb699c12be7c2ccc333e,a264f9f6df4fae96803cb1057b5fedc2d14ddccb52b4eb699c12be7c2ccc333e,1787976783.7222655,35367.623999999996,17683871,0,0.9500646591186523,1.3029298782348633,1.579880714416504,-0.00171661376953125,-0.00095367431640625,0.00514984130859375,-0.021978378295898438,0.373626708984375,-0.0024423599243164062,-0.021978378295898438,-0.021978378295898438,-0.0073261260986328125,-0.0073261260986328125,-3.0564098358154297,6.24273681640625,-1.6092796325683594,0.012209892272949219,-0.1196584701538086,0.0,-4.100745731263063,6.858872219694903,-1.6416491283067316,0.0035762619310159127,-0.005757178540519884
22,1,train,2,1,0.3490658503988659,2.293659284005116,3,s,af3726fcacd0ac1320a56ea850b0a2c0f5430cf4eb20a45c078706980f08407e,d24fbe3839599a6a097188bae8cd47ce8083f27deef1341ae3086bf0d5a45bd1,a264f9f6df4fae96803cb1057b5fedc2d14ddccb52b4eb699c12be7c2ccc333e,a264f9f6df4fae96803cb1057b5fedc2d14ddccb52b4eb699c12be7c2ccc333e,1787976783.7248907,35367.626,17683872,0,0.9500646591186523,1.3036928176879883,1.579880714416504,-0.00133514404296875,-0.00095367431640625,0.00514984130859375,-0.021978378295898438,0.3785104751586914,-0.0024423599243164062,0.0073261260986328125,-0.0073261260986328125,-0.0073261260986328125,-0.012209892272949219,-3.0290603637695312,6.270084381103516,-1.604395866394043,0.012209892272949219,-0.11477375030517578,0.0,-4.112150714161813,6.862605810538769,-1.6426010640520459,0.003561955036895271,-0.005759014808893527
22,1,train,2,1,0.3490658503988659,2.2962874400036526,3,s,af3726fcacd0ac1320a56ea850b0a2c0f5430cf4eb20a45c078706980f08407e,d24fbe3839599a6a097188bae8cd47ce8083f27deef1341ae3086bf0d5a45bd1,a264f9f6df4fae96803cb1057b5fedc2d14ddccb52b4eb699c12be7c2ccc333e,a264f9f6df4fae96803cb1057b5fedc2d14ddccb52b4eb699c12be7c2ccc333e,1787976783.7262523,35367.628,17683873,0,0.9500646591186523,1.3040742874145508,1.579880714416504,-0.00171661376953125,-0.00095367431640625,0.00514984130859375,-0.0073261260986328125,0.3638582229614258,-0.0024423599243164062,-0.021978378295898438,-0.0073261260986328125,-0.0073261260986328125,-0.012209892272949219,-2.9880332946777344,6.283760070800781,-1.604395866394043,0.012209892272949219,-0.11477375030517578,0.0,-4.117376699068648,6.863995498773229,-1.6426010640520459,0.003561955036895271,-0.005759014808893527
22,1,train,2,1,0.3490658503988659,2.29764827600593,3,s,af3726fcacd0ac1320a56ea850b0a2c0f5430cf4eb20a45c078706980f08407e,d24fbe3839599a6a097188bae8cd47ce8083f27deef1341ae3086bf0d5a45bd1,a264f9f6df4fae96803cb1057b5fedc2d14ddccb52b4eb699c12be7c2ccc333e,a264f9f6df4fae96803cb1057b5fedc2d14ddccb52b4eb699c12be7c2ccc333e,1787976783.7287214,35367.63,17683874,0,0.9500646591186523,1.3048372268676758,1.579880714416504,-0.00171661376953125,-0.00095367431640625,0.00514984130859375,-0.0073261260986328125,0.33455467224121094,-0.0024423599243164062,-0.0073261260986328125,-0.0073261260986328125,-0.0073261260986328125,-0.0073261260986328125,-2.864957809448242,6.297435760498047,-1.5995111465454102,0.012209892272949219,-0.1196584701538086,0.0,-4.12846101649775,6.867406024358992,-1.6432344928096547,0.0035524145146615237,-0.0057602347977230225
22,1,train,2,1,0.3490658503988659,2.3001175630051875,3,s,af3726fcacd0ac1320a56ea850b0a2c0f5430cf4eb20a45c078706980f08407e,d24fbe3839599a6a097188bae8cd47ce8083f27deef1341ae3086bf0d5a45bd1,a264f9f6df4fae96803cb1057b5fedc2d14ddccb52b4eb699c12be7c2ccc333e,a264f9f6df4fae96803cb1057b5fedc2d14ddccb52b4eb699c12be7c2ccc333e,1787976783.7306907,35367.632,17683875,0,0.9500646591186523,1.3052186965942383,1.579880714416504,-0.00133514404296875,-0.00095367431640625,0.00514984130859375,-0.021978378295898438,0.3052501678466797,-0.0024423599243164062,-0.0073261260986328125,-0.021978378295898438,-0.0073261260986328125,-0.0073261260986328125,-2.796581268310547,6.3111114501953125,-1.5995111465454102,0.012209892272949219,-0.1196584701538086,0.0,-4.134318391010904,6.869425904817864,-1.6438669650789504,0.003542871924650484,-0.005761451433654746
22,1,train,2,1,0.3490658503988659,2.3020861230033915,3,s,af3726fcacd0ac1320a56ea850b0a2c0f5430cf4eb20a45c078706980f08407e,d24fbe3839599a6a097188bae8cd47ce8083f27deef1341ae3086bf0d5a45bd1,a264f9f6df4fae96803cb1057b5fedc2d14ddccb52b4eb699c12be7c2ccc333e,a264f9f6df4fae96803cb1057b5fedc2d14ddccb52b4eb699c12be7c2ccc333e,1787976783.7326372,35367.634,17683876,0,0.9500646591186523,1.3059816360473633,1.579880714416504,-0.00171661376953125,-0.00095367431640625,0.00514984130859375,-0.0073261260986328125,0.28083038330078125,-0.0024423599243164062,-0.0073261260986328125,-0.0073261260986328125,-0.0073261260986328125,-0.0073261260986328125,-2.7829055786132812,6.24273681640625,-1.5946273803710938,0.012209892272949219,-0.1196584701538086,0.0,-4.145082984849675,6.872514317074993,-1.6441828424154104,0.0035380998559642178,-0.005762058494062557
22,1,train,2,1,0.3490658503988659,2.30403251300595,3,s,af3726fcacd0ac1320a56ea850b0a2c0f5430cf4eb20a45c078706980f08407e,d24fbe3839599a6a097188bae8cd47ce8083f27deef1341ae3086bf0d5a45bd1,a264f9f6df4fae96803cb1057b5fedc2d14ddccb52b4eb699c12be7c2ccc333e,a264f9f6df4fae96803cb1057b5fedc2d14ddccb52b4eb699c12be7c2ccc333e,1787976783.734569,35367.636,17683877,0,0.9500646591186523,1.3063631057739258,1.579880714416504,-0.00171661376953125,-0.00095367431640625,0.00514984130859375,-0.0073261260986328125,0.2612943649291992,-0.0024423599243164062,-0.0073261260986328125,0.0073261260986328125,-0.0073261260986328125,-0.0073261260986328125,-2.755556106567383,6.229061126708984,-1.5946273803710938,0.012209892272949219,-0.11477375030517578,0.0,-4.150622435664017,6.874215081479006,-1.6444984804917817,0.0035333272724166684,-0.005762664715980514
22,1,train,2,1,0.3490658503988659,2.3059678680001525,3,s,af3726fcacd0ac1320a56ea850b0a2c0f5430cf4eb20a45c078706980f08407e,d24fbe3839599a6a097188bae8cd47ce8083f27deef1341ae3086bf0d5a45bd1,a264f9f6df4fae96803cb1057b5fedc2d14ddccb52b4eb699c12be7c2ccc333e,a264f9f6df4fae96803cb1057b5fedc2d14ddccb52b4eb699c12be7c2ccc333e,1787976783.7364948,35367.638,17683878,0,0.9500646591186523,1.3071260452270508,1.579880714416504,-0.00171661376953125,-0.00095367431640625,0.00514984130859375,-0.0073261260986328125,0.2661781311035156,-0.0024423599243164062,-0.0073261260986328125,-0.0073261260986328125,-0.0073261260986328125,-0.012209892272949219,-2.7829055786132812,6.229061126708984,-1.5946273803710938,0.012209892272949219,-0.1196584701538086,0.0,-4.161699524501537,6.877613609049861,-1.645129038680561,0.0035237805635157924,-0.005763874643994108
22,1,train,2,1,0.3490658503988659,2.307890932999726,3,s,af3726fcacd0ac1320a56ea850b0a2c0f5430cf4eb20a45c078706980f08407e,d24fbe3839599a6a097188bae8cd47ce8083f27deef1341ae3086bf0d5a45bd1,a264f9f6df4fae96803cb1057b5fedc2d14ddccb52b4eb699c12be7c2ccc333e,a264f9f6df4fae96803cb1057b5fedc2d14ddccb52b4eb699c12be7c2ccc333e,1787976783.7384036,35367.64,17683879,0,0.9500646591186523,1.3078889846801758,1.579880714416504,-0.00133514404296875,-0.00095367431640625,0.00514984130859375,-0.0073261260986328125,0.29059791564941406,-0.0024423599243164062,-0.0073261260986328125,0.0073261260986328125,-0.0073261260986328125,-0.012209892272949219,-2.9059829711914062,6.270084381103516,-1.5995111465454102,0.012209892272949219,-0.1196584701538086,0.0,-4.173088631998869,6.881322574410548,-1.646073080365898,0.003509456656069828,-0.005765683245139115
22,1,train,2,1,0.3490658503988659,2.309795445005875,3,s,af3726fcacd0ac1320a56ea850b0a2c0f5430cf4eb20a45c078706980f08407e,d24fbe3839599a6a097188bae8cd47ce8083f27deef1341ae3086bf0d5a45bd1,a264f9f6df4fae96803cb1057b5fedc2d14ddccb52b4eb699c12be7c2ccc333e,a264f9f6df4fae96803cb1057b5fedc2d14ddccb52b4eb699c12be7c2ccc333e,1787976783.7402987,35367.642,17683880,0,0.9500646591186523,1.3082704544067383,1.579880714416504,-0.00171661376953125,-0.00095367431640625,0.00514984130859375,-0.0073261260986328125,0.3199024200439453,-0.0024423599243164062,0.0073261260986328125,-0.0073261260986328125,-0.0073261260986328125,-0.012209892272949219,-2.960683822631836,6.25640869140625,-1.5995111465454102,0.012209892272949219,-0.11477375030517578,0.0,-4.178310613691111,6.882703893605195,-1.6460730803658983,0.003509456656069827,-0.005765683245139115
22,1,train,2,1,0.3490658503988659,2.311709231005807,3,s,af3726fcacd0ac1320a56ea850b0a2c0f5430cf4eb20a45c078706980f08407e,d24fbe3839599a6a097188bae8cd47ce8083f27deef1341ae3086bf0d5a45bd1,a264f9f6df4fae96803cb1057b5fedc2d14ddccb52b4eb699c12be7c2ccc333e,a264f9f6df4fae96803cb1057b5fedc2d14ddccb52b4eb699c12be7c2ccc333e,1787976783.7422087,35367.644,17683881,0,0.9500646591186523,1.3090333938598633,1.579880714416504,-0.00171661376953125,-0.00095367431640625,0.00514984130859375,-0.0073261260986328125,0.33943843841552734,-0.0024423599243164062,-0.0073261260986328125,0.0073261260986328125,-0.0073261260986328125,-0.0073261260986328125,-3.0153846740722656,6.283760070800781,-1.5995111465454102,0.0073261260986328125,-0.1196584701538086,0.0,-4.189381634372675,6.886092409227481,-1.6467012438899946,0.0034999048298154237,-0.0057668847842953595
22,1,train,2,1,0.3490658503988659,2.313603286005673,3,s,af3726fcacd0ac1320a56ea850b0a2c0f5430cf4eb20a45c078706980f08407e,d24fbe3839599a6a097188bae8cd47ce8083f27deef1341ae3086bf0d5a45bd1,a264f9f6df4fae96803cb1057b5fedc2d14ddccb52b4eb699c12be7c2ccc333e,a264f9f6df4fae96803cb1057b5fedc2d14ddccb52b4eb699c12be7c2ccc333e,1787976783.7446651,35367.646,17683882,0,0.9500646591186523,1.3097963333129883,1.579880714416504,-0.00171661376953125,-0.00095367431640625,0.00514984130859375,-0.0073261260986328125,0.35409069061279297,-0.0024423599243164062,-0.021978378295898438,-0.0073261260986328125,-0.0073261260986328125,-0.0073261260986328125,-3.1111106872558594,6.25640869140625,-1.5995111465454102,0.012209892272949219,-0.1196584701538086,0.0,-4.200450216513303,6.889476916616642,-1.6473284489078612,0.003490350966348384,-0.005768082966683027
22,1,train,2,1,0.3490658503988659,2.316059123004379,3,s,af3726fcacd0ac1320a56ea850b0a2c0f5430cf4eb20a45c078706980f08407e,d24fbe3839599a6a097188bae8cd47ce8083f27deef1341ae3086bf0d5a45bd1,a264f9f6df4fae96803cb1057b5fedc2d14ddccb52b4eb699c12be7c2ccc333e,a264f9f6df4fae96803cb1057b5fedc2d14ddccb52b4eb699c12be7c2ccc333e,1787976783.7465575,35367.648,17683883,0,0.9500646591186523,1.3105592727661133,1.579880714416504,-0.00171661376953125,-0.00095367431640625,0.00514984130859375,0.0073261260986328125,0.34920597076416016,-0.0024423599243164062,-0.0073261260986328125,-0.0073261260986328125,-0.0073261260986328125,-0.0073261260986328125,-3.0290603637695312,6.25640869140625,-1.5995111465454102,0.012209892272949219,-0.1196584701538086,0.0,-4.2115163536702305,6.892857413802635,-1.6479546950544168,0.003480795071229786,-0.005769277791604683
22,1,train,2,1,0.3490658503988659,2.3179505560037796,3,s,af3726fcacd0ac1320a56ea850b0a2c0f5430cf4eb20a45c078706980f08407e,d24fbe3839599a6a097188bae8cd47ce8083f27deef1341ae3086bf0d5a45bd1,a264f9f6df4fae96803cb1057b5fedc2d14ddccb52b4eb699c12be7c2ccc333e,a264f9f6df4fae96803cb1057b5fedc2d14ddccb52b4eb699c12be7c2ccc333e,1787976783.7484605,35367.65,17683884,0,0.9500646591186523,1.3109407424926758,1.579880714416504,-0.00171661376953125,-0.00095367431640625,0.00514984130859375,-0.021978378295898438,0.3247861862182617,-0.0024423599243164062,-0.021978378295898438,-0.0073261260986328125,-0.0073261260986328125,-0.0073261260986328125,-2.960683822631836,6.25640869140625,-1.5995111465454102,0.012209892272949219,-0.1196584701538086,0.0,-4.217048503366835,6.894546157954446,-1.6482674584370178,0.0034760163635393177,-0.005769873944798343
22,1,train,2,1,0.3490658503988659,2.3198536630006856,3,s,af3726fcacd0ac1320a56ea850b0a2c0f5430cf4eb20a45c078706980f08407e,d24fbe3839599a6a097188bae8cd47ce8083f27deef1341ae3086bf0d5a45bd1,a264f9f6df4fae96803cb1057b5fedc2d14ddccb52b4eb699c12be7c2ccc333e,a264f9f6df4fae96803cb1057b5fedc2d14ddccb52b4eb699c12be7c2ccc333e,1787976783.750349,35367.652,17683885,0,0.9500646591186523,1.3117036819458008,1.579880714416504,-0.00171661376953125,-0.00095367431640625,0.00514984130859375,-0.021978378295898438,0.3003664016723633,-0.0024423599243164062,-0.021978378295898438,-0.0073261260986328125,-0.0073261260986328125,-0.0073261260986328125,-2.919658660888672,6.283760070800781,-1.5946273803710938,0.012209892272949219,-0.1196584701538086,0.0,-4.228110960971146,6.897920636146964,-1.6488922655932996,0.003466457431372997,-0.005771063732217567
22,1,train,2,1,0.3490658503988659,2.321740516999853,3,s,af3726fcacd0ac1320a56ea850b0a2c0f5430cf4eb20a45c078706980f08407e,d24fbe3839599a6a097188bae8cd47ce8083f27deef1341ae3086bf0d5a45bd1,a264f9f6df4fae96803cb1057b5fedc2d14ddccb52b4eb699c12be7c2ccc333e,a264f9f6df4fae96803cb1057b5fedc2d14ddccb52b4eb699c12be7c2ccc333e,1787976783.752266,35367.653999999995,17683886,0,0.9500646591186523,1.3120851516723633,1.579880714416504,-0.00171661376953125,-0.00095367431640625,0.00514984130859375,0.0073261260986328125,0.27106189727783203,-0.0024423599243164062,-0.021978378295898438,-0.0073261260986328125,-0.0073261260986328125,-0.012209892272949219,-2.8239307403564453,6.283760070800781,-1.5897436141967773,0.012209892272949219,-0.1196584701538086,0.0,-4.233641267269057,6.899606369696625,-1.6492043092760602,0.0034616772082881556,-0.005771657366269997
22,1,train,2,1,0.3490658503988659,2.3236661050032126,3,s,af3726fcacd0ac1320a56ea850b0a2c0f5430cf4eb20a45c078706980f08407e,d24fbe3839599a6a097188bae8cd47ce8083f27deef1341ae3086bf0d5a45bd1,a264f9f6df4fae96803cb1057b5fedc2d14ddccb52b4eb699c12be7c2ccc333e,a264f9f6df4fae96803cb1057b5fedc2d14ddccb52b4eb699c12be7c2ccc333e,1787976783.754786,35367.655999999995,17683887,0,0.9500646591186523,1.3128480911254883,1.579880714416504,-0.00171661376953125,-0.00095367431640625,0.00514984130859375,-0.0073261260986328125,0.2564105987548828,-0.0024423599243164062,-0.0073261260986328125,-0.0073261260986328125,-0.0073261260986328125,-0.012209892272949219,-2.7829055786132812,6.3111114501953125,-1.5897436141967773,0.012209892272949219,-0.11477375030517578,0.0,-4.24470003083256,6.902974824476208,-1.6498276766237767,0.0034521152515931803,-0.0057728421146285595
22,1,train,2,1,0.3490658503988659,2.3261824190049083,3,s,af3726fcacd0ac1320a56ea850b0a2c0f5430cf4eb20a45c078706980f08407e,d24fbe3839599a6a097188bae8cd47ce8083f27deef1341ae3086bf0d5a45bd1,a264f9f6df4fae96803cb1057b5fedc2d14ddccb52b4eb699c12be7c2ccc333e,a264f9f6df4fae96803cb1057b5fedc2d14ddccb52b4eb699c12be7c2ccc333e,1787976783.7566879,35367.657999999996,17683888,0,0.9500646591186523,1.3132295608520508,1.579880714416504,-0.00171661376953125,-0.00095367431640625,0.00514984130859375,-0.0073261260986328125,0.2612943649291992,-0.0024423599243164062,-0.0073261260986328125,-0.0073261260986328125,-0.0073261260986328125,-0.0073261260986328125,-2.864957809448242,6.324787139892578,-1.5897436141967773,0.012209892272949219,-0.1196584701538086,0.0,-4.25022848648889,6.904657545215957,-1.6501390001980207,0.0034473335193744943,-0.00577343322876229
22,1,train,2,1,0.3490658503988659,2.3280820310028503,3,s,af3726fcacd0ac1320a56ea850b0a2c0f5430cf4eb20a45c078706980f08407e,d24fbe3839599a6a097188bae8cd47ce8083f27deef1341ae3086bf0d5a45bd1,a264f9f6df4fae96803cb1057b5fedc2d14ddccb52b4eb699c12be7c2ccc333e,a264f9f6df4fae96803cb1057b5fedc2d14ddccb52b4eb699c12be7c2ccc333e,1787976783.7585912,35367.659999999996,17683889,0,0.9500646591186523,1.3139925003051758,1.579880714416504,-0.00171661376953125,-0.00095367431640625,0.00514984130859375,-0.0073261260986328125,0.28083038330078125,-0.0024423599243164062,0.0073261260986328125,-0.0073261260986328125,-0.0073261260986328125,-0.0073261260986328125,-2.9470081329345703,6.324787139892578,-1.5946273803710938,0.012209892272949219,-0.1196584701538086,0.0,-4.261283541528228,6.908019972171033,-1.6507609269207641,0.003437768550673892,-0.005774612936508559
22,1,train,2,1,0.3490658503988659,2.3299852190029924,3,s,af3726fcacd0ac1320a56ea850b0a2c0f5430cf4eb20a45c078706980f08407e,d24fbe3839599a6a097188bae8cd47ce8083f27deef1341ae3086bf0d5a45bd1,a264f9f6df4fae96803cb1057b5fedc2d14ddccb52b4eb699c12be7c2ccc333e,a264f9f6df4fae96803cb1057b5fedc2d14ddccb52b4eb699c12be7c2ccc333e,1787976783.7604933,35367.662,17683890,0,0.9500646591186523,1.3147554397583008,1.579880714416504,-0.00171661376953125,-0.00095367431640625,0.00514984130859375,-0.0073261260986328125,0.3101339340209961,-0.0024423599243164062,0.0073261260986328125,-0.0073261260986328125,-0.0073261260986328125,-0.0073261260986328125,-3.001708984375,6.297435760498047,-1.5995111465454102,0.012209892272949219,-0.1196584701538086,0.0,-4.27233611617421,6.911378378129463,-1.6513818927742312,0.0034282015809287266,-0.005775789282987873
22,1,train,2,1,0.3490658503988659,2.331901003002713,3,s,af3726fcacd0ac1320a56ea850b0a2c0f5430cf4eb20a45c078706980f08407e,d24fbe3839599a6a097188bae8cd47ce8083f27deef1341ae3086bf0d5a45bd1,a264f9f6df4fae96803cb1057b5fedc2d14ddccb52b4eb699c12be7c2ccc333e,a264f9f6df4fae96803cb1057b5fedc2d14ddccb52b4eb699c12be7c2ccc333e,1787976783.762402,35367.664,17683891,0,0.9500646591186523,1.3155183792114258,1.579880714416504,-0.00133514404296875,-0.00095367431640625,0.00514984130859375,-0.0073261260986328125,0.33943843841552734,-0.0024423599243164062,-0.0073261260986328125,0.0073261260986328125,-0.0073261260986328125,-0.0073261260986328125,-3.1384620666503906,6.338462829589844,-1.604395866394043,0.012209892272949219,-0.1196584701538086,0.0,-4.283695845730447,6.915042402873449,-1.652311539134022,0.0034138473865342883,-0.005777547498834009
22,1,train,2,1,0.3490658503988659,2.3337975399990682,3,s,af3726fcacd0ac1320a56ea850b0a2c0f5430cf4eb20a45c078706980f08407e,d24fbe3839599a6a097188bae8cd47ce8083f27deef1341ae3086bf0d5a45bd1,a264f9f6df4fae96803cb1057b5fedc2d14ddccb52b4eb699c12be7c2ccc333e,a264f9f6df4fae96803cb1057b5fedc2d14ddccb52b4eb699c12be7c2ccc333e,1787976783.7652059,35367.666,17683892,0,0.9500646591186523,1.3158998489379883,1.579880714416504,-0.00171661376953125,-0.00095367431640625,0.00514984130859375,-0.0073261260986328125,0.3589744567871094,-0.0024423599243164062,-0.021978378295898438,-0.0073261260986328125,-0.0073261260986328125,-0.0073261260986328125,-3.165811538696289,6.3111114501953125,-1.604395866394043,0.0073261260986328125,-0.1196584701538086,0.0,-4.288910313332886,6.916408443422807,-1.652311539134022,0.0034138473865342883,-0.005777547498834007
22,1,train,2,1,0.3490658503988659,2.336607494005875,3,s,af3726fcacd0ac1320a56ea850b0a2c0f5430cf4eb20a45c078706980f08407e,d24fbe3839599a6a097188bae8cd47ce8083f27deef1341ae3086bf0d5a45bd1,a264f9f6df4fae96803cb1057b5fedc2d14ddccb52b4eb699c12be7c2ccc333e,a264f9f6df4fae96803cb1057b5fedc2d14ddccb52b4eb699c12be7c2ccc333e,1787976783.7665615,35367.668,17683893,0,0.9500646591186523,1.3166627883911133,1.579880714416504,-0.00171661376953125,-0.00095367431640625,0.00514984130859375,-0.0073261260986328125,0.3687419891357422,-0.0024423599243164062,-0.0073261260986328125,-0.021978378295898438,-0.0073261260986328125,-0.0073261260986328125,-3.1521358489990234,6.283760070800781,-1.6092796325683594,0.0073261260986328125,-0.1196584701538086,0.0,-4.299956658852326,6.919756788342275,-1.6529301012341797,0.003404275438543354,-0.0057787154391545515
22,1,train,2,1,0.3490658503988659,2.3379633810036466,3,s,af3726fcacd0ac1320a56ea850b0a2c0f5430cf4eb20a45c078706980f08407e,d24fbe3839599a6a097188bae8cd47ce8083f27deef1341ae3086bf0d5a45bd1,a264f9f6df4fae96803cb1057b5fedc2d14ddccb52b4eb699c12be7c2ccc333e,a264f9f6df4fae96803cb1057b5fedc2d14ddccb52b4eb699c12be7c2ccc333e,1787976783.7684875,35367.67,17683894,0,0.9500646591186523,1.3174257278442383,1.579880714416504,-0.00171661376953125,-0.00095367431640625,0.00514984130859375,0.0073261260986328125,0.35409069061279297,-0.0024423599243164062,-0.0073261260986328125,-0.0073261260986328125,-0.0073261260986328125,-0.0073261260986328125,-3.0974349975585938,6.3111114501953125,-1.6092796325683594,0.012209892272949219,-0.1196584701538086,0.0,-4.311000501467705,6.923101105433377,-1.6535477012024364,0.003394701509003413,-0.00577988001582017
22,1,train,2,1,0.3490658503988659,2.3398838580033043,3,s,af3726fcacd0ac1320a56ea850b0a2c0f5430cf4eb20a45c078706980f08407e,d24fbe3839599a6a097188bae8cd47ce8083f27deef1341ae3086bf0d5a45bd1,a264f9f6df4fae96803cb1057b5fedc2d14ddccb52b4eb699c12be7c2ccc333e,a264f9f6df4fae96803cb1057b5fedc2d14ddccb52b4eb699c12be7c2ccc333e,1787976783.7703862,35367.672,17683895,0,0.9500646591186523,1.3178071975708008,1.579880714416504,-0.00171661376953125,-0.00095367431640625,0.00514984130859375,-0.0073261260986328125,0.3247861862182617,-0.0024423599243164062,-0.021978378295898438,-0.0073261260986328125,-0.0073261260986328125,-0.0073261260986328125,-2.9470081329345703,6.283760070800781,-1.604395866394043,0.012209892272949219,-0.1196584701538086,0.0,-4.316521482177445,6.924771752934866,-1.6538561402747387,0.003389913802894007,-0.00578046104257047
22,1,train,2,1,0.3490658503988659,2.341776781002409,3,s,af3726fcacd0ac1320a56ea850b0a2c0f5430cf4eb20a45c078706980f08407e,d24fbe3839599a6a097188bae8cd47ce8083f27deef1341ae3086bf0d5a45bd1,a264f9f6df4fae96803cb1057b5fedc2d14ddccb52b4eb699c12be7c2ccc333e,a264f9f6df4fae96803cb1057b5fedc2d14ddccb52b4eb699c12be7c2ccc333e,1787976783.7722726,35367.674,17683896,0,0.9500646591186523,1.3185701370239258,1.579880714416504,-0.00171661376953125,-0.00095367431640625,0.00514984130859375,-0.0073261260986328125,0.3003664016723633,-0.0024423599243164062,-0.0073261260986328125,-0.021978378295898438,-0.0073261260986328125,-0.0073261260986328125,-2.878631591796875,6.297435760498047,-1.604395866394043,0.012209892272949219,-0.11477375030517578,0.0,-4.3275615583839935,6.928110024634177,-1.6544722963712741,0.003380336911479839,-0.005781620572483304
22,1,train,2,1,0.3490658503988659,2.3436638550047064,3,s,af3726fcacd0ac1320a56ea850b0a2c0f5430cf4eb20a45c078706980f08407e,d24fbe3839599a6a097188bae8cd47ce8083f27deef1341ae3086bf0d5a45bd1,a264f9f6df4fae96803cb1057b5fedc2d14ddccb52b4eb699c12be7c2ccc333e,a264f9f6df4fae96803cb1057b5fedc2d14ddccb52b4eb699c12be7c2ccc333e,1787976783.7747726,35367.676,17683897,0,0.9500646591186523,1.3189516067504883,1.579880714416504,-0.00171661376953125,-0.00095367431640625,0.00514984130859375,-0.021978378295898438,0.28083038330078125,-0.0024423599243164062,-0.0073261260986328125,-0.0073261260986328125,-0.0073261260986328125,-0.0073261260986328125,-2.9059829711914062,6.283760070800781,-1.604395866394043,0.017093658447265625,-0.1196584701538086,0.0,-4.333080652274253,6.929777648346207,-1.654780013305842,0.0033755477275686997,-0.005782199075477098
22,1,train,2,1,0.3490658503988659,2.3461727520043496,3,s,af3726fcacd0ac1320a56ea850b0a2c0f5430cf4eb20a45c078706980f08407e,d24fbe3839599a6a097188bae8cd47ce8083f27deef1341ae3086bf0d5a45bd1,a264f9f6df4fae96803cb1057b5fedc2d14ddccb52b4eb699c12be7c2ccc333e,a264f9f6df4fae96803cb1057b5fedc2d14ddccb52b4eb699c12be7c2ccc333e,1787976783.7767534,35367.678,17683898,0,0.9500646591186523,1.3197145462036133,1.579880714416504,-0.00171661376953125,-0.00095367431640625,0.00514984130859375,-0.0073261260986328125,0.27106189727783203,-0.0024423599243164062,0.0073261260986328125,-0.0073261260986328125,-0.0073261260986328125,-0.0073261260986328125,-2.8923072814941406,6.3111114501953125,-1.6092796325683594,0.017093658447265625,-0.1196584701538086,0.0,-4.344116947613097,6.933109870281687,-1.6553947247236929,0.003365967886822893,-0.005783353557118543
22,1,train,2,1,0.3490658503988659,2.3481490980047965,3,s,af3726fcacd0ac1320a56ea850b0a2c0f5430cf4eb20a45c078706980f08407e,d24fbe3839599a6a097188bae8cd47ce8083f27deef1341ae3086bf0d5a45bd1,a264f9f6df4fae96803cb1057b5fedc2d14ddccb52b4eb699c12be7c2ccc333e,a264f9f6df4fae96803cb1057b5fedc2d14ddccb52b4eb699c12be7c2ccc333e,1787976783.7786565,35367.68,17683899,0,0.9500646591186523,1.3204774856567383,1.579880714416504,-0.00171661376953125,-0.00095367431640625,0.00514984130859375,0.0073261260986328125,0.28571414947509766,-0.0024423599243164062,0.0073261260986328125,-0.0073261260986328125,-0.0073261260986328125,-0.0073261260986328125,-2.9743595123291016,6.338462829589844,-1.6092796325683594,0.017093658447265625,-0.11477375030517578,0.0,-4.3551507143431945,6.936438056616273,-1.6560084725750408,0.003356386086826008,-0.005784504672405317
22,1,train,2,1,0.3490658503988659,2.350050029999693,3,s,af3726fcacd0ac1320a56ea850b0a2c0f5430cf4eb20a45c078706980f08407e,d24fbe3839599a6a097188bae8cd47ce8083f27deef1341ae3086bf0d5a45bd1,a264f9f6df4fae96803cb1057b5fedc2d14ddccb52b4eb699c12be7c2ccc333e,a264f9f6df4fae96803cb1057b5fedc2d14ddccb52b4eb699c12be7c2ccc333e,1787976783.7805588,35367.682,17683900,0,0.9500646591186523,1.3212404251098633,1.579880714416504,-0.00171661376953125,-0.00095367431640625,0.00514984130859375,-0.0073261260986328125,0.3150186538696289,-0.0024423599243164062,-0.0073261260986328125,-0.0073261260986328125,-0.0073261260986328125,-0.0073261260986328125,-3.1384620666503906,6.379486083984375,-1.6141633987426758,0.017093658447265625,-0.11477375030517578,0.0,-4.366181946042056,6.939762205412713,-1.6566212565026393,0.0033468023331553855,-0.005785652420667393
22,1,train,2,1,0.3490658503988659,2.3519694019996678,3,s,af3726fcacd0ac1320a56ea850b0a2c0f5430cf4eb20a45c078706980f08407e,d24fbe3839599a6a097188bae8cd47ce8083f27deef1341ae3086bf0d5a45bd1,a264f9f6df4fae96803cb1057b5fedc2d14ddccb52b4eb699c12be7c2ccc333e,a264f9f6df4fae96803cb1057b5fedc2d14ddccb52b4eb699c12be7c2ccc333e,1787976783.7824795,35367.684,17683901,0,0.9500646591186523,1.3220033645629883,1.579880714416504,-0.00133514404296875,-0.00095367431640625,0.00514984130859375,-0.0073261260986328125,0.33943843841552734,-0.0024423599243164062,-0.0073261260986328125,0.0073261260986328125,-0.0073261260986328125,-0.0073261260986328125,-3.1931629180908203,6.352138519287109,-1.6141633987426758,0.012209892272949219,-0.11477375030517578,0.0,-4.377516184395764,6.943387862843201,-1.6575386242569066,0.003332423051714425,-0.005787367728428305
22,1,train,2,1,0.3490658503988659,2.3538758260037866,3,s,af3726fcacd0ac1320a56ea850b0a2c0f5430cf4eb20a45c078706980f08407e,d24fbe3839599a6a097188bae8cd47ce8083f27deef1341ae3086bf0d5a45bd1,a264f9f6df4fae96803cb1057b5fedc2d14ddccb52b4eb699c12be7c2ccc333e,a264f9f6df4fae96803cb1057b5fedc2d14ddccb52b4eb699c12be7c2ccc333e,1787976783.7845206,35367.686,17683902,0,0.9500646591186523,1.3227663040161133,1.579880714416504,-0.00133514404296875,-0.00095367431640625,0.00514984130859375,-0.0073261260986328125,0.3638582229614258,-0.0024423599243164062,-0.021978378295898438,-0.0073261260986328125,-0.0073261260986328125,-0.012209892272949219,-3.2752132415771484,6.338462829589844,-1.6141633987426758,0.012209892272949219,-0.1196584701538086,0.0,-4.3885418443189135,6.946703448309316,-1.6581489968158525,0.00332283443826778,-0.005788507056210076
22,1,train,2,1,0.3490658503988659,2.3559099630001583,3,s,af3726fcacd0ac1320a56ea850b0a2c0f5430cf4eb20a45c078706980f08407e,d24fbe3839599a6a097188bae8cd47ce8083f27deef1341ae3086bf0d5a45bd1,a264f9f6df4fae96803cb1057b5fedc2d14ddccb52b4eb699c12be7c2ccc333e,a264f9f6df4fae96803cb1057b5fedc2d14ddccb52b4eb699c12be7c2ccc333e,1787976783.7864394,35367.688,17683903,0,0.9500646591186523,1.3231477737426758,1.579880714416504,-0.00171661376953125,-0.00095367431640625,0.00514984130859375,-0.0073261260986328125,0.373626708984375,-0.0024423599243164062,-0.0073261260986328125,-0.0073261260986328125,-0.0073261260986328125,-0.012209892272949219,-3.261537551879883,6.3111114501953125,-1.6141633987426758,0.012209892272949219,-0.1196584701538086,0.0,-4.393748892393233,6.948054900482358,-1.6581489968158523,0.0033228344382677816,-0.005788507056210074
22,1,train,2,1,0.3490658503988659,2.357836365001276,3,s,af3726fcacd0ac1320a56ea850b0a2c0f5430cf4eb20a45c078706980f08407e,d24fbe3839599a6a097188bae8cd47ce8083f27deef1341ae3086bf0d5a45bd1,a264f9f6df4fae96803cb1057b5fedc2d14ddccb52b4eb699c12be7c2ccc333e,a264f9f6df4fae96803cb1057b5fedc2d14ddccb52b4eb699c12be7c2ccc333e,1787976783.7883413,35367.689999999995,17683904,0,0.9500646591186523,1.3239107131958008,1.579880714416504,-0.00171661376953125,-0.00095367431640625,0.00514984130859375,-0.0073261260986328125,0.3638582229614258,-0.0024423599243164062,-0.021978378295898438,-0.0073261260986328125,-0.0073261260986328125,-0.0073261260986328125,-3.124786376953125,6.352138519287109,-1.6092796325683594,0.012209892272949219,-0.1196584701538086,0.0,-4.4047712009269375,6.951364902673306,-1.6587584042051,0.0033132438906770304,-0.005789643014637448
22,1,train,2,1,0.3490658503988659,2.359733684003004,3,s,af3726fcacd0ac1320a56ea850b0a2c0f5430cf4eb20a45c078706980f08407e,d24fbe3839599a6a097188bae8cd47ce8083f27deef1341ae3086bf0d5a45bd1,a264f9f6df4fae96803cb1057b5fedc2d14ddccb52b4eb699c12be7c2ccc333e,a264f9f6df4fae96803cb1057b5fedc2d14ddccb52b4eb699c12be7c2ccc333e,1787976783.790236,35367.691999999995,17683905,0,0.9500646591186523,1.3246736526489258,1.579880714416504,-0.00171661376953125,-0.00095367431640625,0.00514984130859375,-0.0073261260986328125,0.33943843841552734,-0.0024423599243164062,-0.021978378295898438,-0.021978378295898438,-0.0073261260986328125,-0.0073261260986328125,-3.083761215209961,6.365810394287109,-1.604395866394043,0.017093658447265625,-0.1196584701538086,0.0,-4.415790945546477,6.954670858637533,-1.6593668460699253,0.0033036514145246025,-0.00579077560304921
22,1,train,2,1,0.3490658503988659,2.3616301549991476,3,s,af3726fcacd0ac1320a56ea850b0a2c0f5430cf4eb20a45c078706980f08407e,d24fbe3839599a6a097188bae8cd47ce8083f27deef1341ae3086bf0d5a45bd1,a264f9f6df4fae96803cb1057b5fedc2d14ddccb52b4eb699c12be7c2ccc333e,a264f9f6df4fae96803cb1057b5fedc2d14ddccb52b4eb699c12be7c2ccc333e,1787976783.7926905,35367.693999999996,17683906,0,0.9500646591186523,1.3250551223754883,1.579880714416504,-0.00171661376953125,-0.00095367431640625,0.00514984130859375,-0.0073261260986328125,0.3052501678466797,-0.0024423599243164062,-0.0073261260986328125,-0.0073261260986328125,-0.0073261260986328125,-0.0073261260986328125,-2.9743595123291016,6.338462829589844,-1.604395866394043,0.017093658447265625,-0.1196584701538086,0.0,-4.4212998543839035,6.95632231868319,-1.6596707048199852,0.003298854454982577,-0.005791340633293145
22,1,train,2,1,0.3490658503988659,2.3640791380021255,3,s,af3726fcacd0ac1320a56ea850b0a2c0f5430cf4eb20a45c078706980f08407e,d24fbe3839599a6a097188bae8cd47ce8083f27deef1341ae3086bf0d5a45bd1,a264f9f6df4fae96803cb1057b5fedc2d14ddccb52b4eb699c12be7c2ccc333e,a264f9f6df4fae96803cb1057b5fedc2d14ddccb52b4eb699c12be7c2ccc333e,1787976783.7945864,35367.695999999996,17683907,0,0.9500646591186523,1.3258180618286133,1.579880714416504,-0.00171661376953125,-0.00095367431640625,0.00514984130859375,-0.0073261260986328125,0.28083038330078125,-0.0024423599243164062,-0.021978378295898438,-0.021978378295898438,-0.0073261260986328125,-0.0073261260986328125,-2.8923072814941406,6.3111114501953125,-1.604395866394043,0.012209892272949219,-0.1196584701538086,0.0,-4.432315741105795,6.959622201699987,-1.6602776977343074,0.003289259096457154,-0.005792468165446005
22,1,train,2,1,0.3490658503988659,2.3659794500053977,3,s,af3726fcacd0ac1320a56ea850b0a2c0f5430cf4eb20a45c078706980f08407e,d24fbe3839599a6a097188bae8cd47ce8083f27deef1341ae3086bf0d5a45bd1,a264f9f6df4fae96803cb1057b5fedc2d14ddccb52b4eb699c12be7c2ccc333e,a264f9f6df4fae96803cb1057b5fedc2d14ddccb52b4eb699c12be7c2ccc333e,1787976783.796466,35367.698,17683908,0,0.9500646591186523,1.3261995315551758,1.579880714416504,-0.00171661376953125,-0.00095367431640625,0.00514984130859375,-0.0073261260986328125,0.27106189727783203,-0.0024423599243164062,-0.021978378295898438,-0.021978378295898438,-0.0073261260986328125,-0.0073261260986328125,-2.960683822631836,6.352138519287109,-1.604395866394043,0.012209892272949219,-0.1196584701538086,0.0,-4.43782271738724,6.961270624190929,-1.6605808318102413,0.003284460698870063,-0.005793030667190854
22,1,train,2,1,0.3490658503988659,2.367858284000249,3,s,af3726fcacd0ac1320a56ea850b0a2c0f5430cf4eb20a45c078706980f08407e,d24fbe3839599a6a097188bae8cd47ce8083f27deef1341ae3086bf0d5a45bd1,a264f9f6df4fae96803cb1057b5fedc2d14ddccb52b4eb699c12be7c2ccc333e,a264f9f6df4fae96803cb1057b5fedc2d14ddccb52b4eb699c12be7c2ccc333e,1787976783.798356,35367.7,17683909,0,0.9500646591186523,1.3269624710083008,1.579880714416504,-0.00171661376953125,-0.00095367431640625,0.00514984130859375,-0.0073261260986328125,0.27106189727783203,-0.0024423599243164062,0.0073261260986328125,-0.0073261260986328125,-0.0073261260986328125,-0.0073261260986328125,-3.042734146118164,6.379486083984375,-1.604395866394043,0.012209892272949219,-0.1196584701538086,0.0,-4.448834731784278,6.964564429938523,-1.6611863749790974,0.003274862470538417,-0.005794153141608113
22,1,train,2,1,0.3490658503988659,2.36974876900058,3,s,af3726fcacd0ac1320a56ea850b0a2c0f5430cf4eb20a45c078706980f08407e,d24fbe3839599a6a097188bae8cd47ce8083f27deef1341ae3086bf0d5a45bd1,a264f9f6df4fae96803cb1057b5fedc2d14ddccb52b4eb699c12be7c2ccc333e,a264f9f6df4fae96803cb1057b5fedc2d14ddccb52b4eb699c12be7c2ccc333e,1787976783.8004324,35367.702,17683910,0,0.9500646591186523,1.3273439407348633,1.579880714416504,-0.00171661376953125,-0.00095367431640625,0.00514984130859375,-0.021978378295898438,0.2954826354980469,-0.0024423599243164062,-0.021978378295898438,-0.0073261260986328125,-0.0073261260986328125,-0.0073261260986328125,-3.083761215209961,6.324787139892578,-1.6092796325683594,0.012209892272949219,-0.1196584701538086,0.0,-4.454339768297416,6.9662098127158645,-1.6614887839839012,0.003270062641190587,-0.005794713114117186
22,1,train,2,1,0.3490658503988659,2.3718476350040874,3,s,af3726fcacd0ac1320a56ea850b0a2c0f5430cf4eb20a45c078706980f08407e,d24fbe3839599a6a097188bae8cd47ce8083f27deef1341ae3086bf0d5a45bd1,a264f9f6df4fae96803cb1057b5fedc2d14ddccb52b4eb699c12be7c2ccc333e,a264f9f6df4fae96803cb1057b5fedc2d14ddccb52b4eb699c12be7c2ccc333e,1787976783.8023589,35367.704,17683911,0,0.9500646591186523,1.3281068801879883,1.579880714416504,-0.00171661376953125,-0.00095367431640625,0.00514984130859375,-0.0073261260986328125,0.3199024200439453,-0.0024423599243164062,0.0073261260986328125,-0.0073261260986328125,-0.0073261260986328125,-0.0073261260986328125,-3.165811538696289,6.365810394287109,-1.604395866394043,0.012209892272949219,-0.11477375030517578,0.0,-4.465347895947468,6.969497536880449,-1.662092876614227,0.0032604615556232532,-0.00579583052932877
22,1,train,2,1,0.3490658503988659,2.3737531139995554,3,s,af3726fcacd0ac1320a56ea850b0a2c0f5430cf4eb20a45c078706980f08407e,d24fbe3839599a6a097188bae8cd47ce8083f27deef1341ae3086bf0d5a45bd1,a264f9f6df4fae96803cb1057b5fedc2d14ddccb52b4eb699c12be7c2ccc333e,a264f9f6df4fae96803cb1057b5fedc2d14ddccb52b4eb699c12be7c2ccc333e,1787976783.8042722,35367.706,17683912,0,0.9500646591186523,1.3288698196411133,1.579880714416504,-0.00171661376953125,-0.00095367431640625,0.00514984130859375,-0.0073261260986328125,0.33455467224121094,-0.0024423599243164062,-0.0073261260986328125,0.0073261260986328125,-0.0073261260986328125,-0.0073261260986328125,-3.206836700439453,6.379486083984375,-1.6092796325683594,0.012209892272949219,-0.1196584701538086,0.0,-4.476353424423096,6.972781204263745,-1.6626960017792154,0.003250858572217602,-0.005796944570923142
22,1,train,2,1,0.3490658503988659,2.3756661170045845,3,s,af3726fcacd0ac1320a56ea850b0a2c0f5430cf4eb20a45c078706980f08407e,d24fbe3839599a6a097188bae8cd47ce8083f27deef1341ae3086bf0d5a45bd1,a264f9f6df4fae96803cb1057b5fedc2d14ddccb52b4eb699c12be7c2ccc333e,a264f9f6df4fae96803cb1057b5fedc2d14ddccb52b4eb699c12be7c2ccc333e,1787976783.8067229,35367.708,17683913,0,0.9500646591186523,1.3296327590942383,1.579880714416504,-0.00171661376953125,-0.00095367431640625,0.00514984130859375,-0.021978378295898438,0.34920597076416016,-0.0024423599243164062,-0.0073261260986328125,-0.0073261260986328125,-0.0073261260986328125,-0.0073261260986328125,-3.1521358489990234,6.365810394287109,-1.6092796325683594,0.012209892272949219,-0.1196584701538086,0.0,-4.487356347318217,6.9760608129543895,-1.6632981591277987,0.0032412536965633117,-0.005798055238251835
22,1,train,2,1,0.3490658503988659,2.378158733001328,3,s,af3726fcacd0ac1320a56ea850b0a2c0f5430cf4eb20a45c078706980f08407e,d24fbe3839599a6a097188bae8cd47ce8083f27deef1341ae3086bf0d5a45bd1,a264f9f6df4fae96803cb1057b5fedc2d14ddccb52b4eb699c12be7c2ccc333e,a264f9f6df4fae96803cb1057b5fedc2d14ddccb52b4eb699c12be7c2ccc333e,1787976783.8086617,35367.71,17683914,0,0.9500646591186523,1.3303956985473633,1.579880714416504,-0.00171661376953125,-0.00095367431640625,0.00514984130859375,-0.0073261260986328125,0.34432220458984375,-0.0024423599243164062,-0.021978378295898438,-0.0073261260986328125,-0.0073261260986328125,-0.0073261260986328125,-3.1384620666503906,6.365810394287109,-1.6141633987426758,0.012209892272949219,-0.1196584701538086,0.0,-4.498356658228302,6.979336361043414,-1.663899348309477,0.0032316469342511503,-0.005799162530668357
22,1,train,2,1,0.3490658503988659,2.380052127999079,3,s,af3726fcacd0ac1320a56ea850b0a2c0f5430cf4eb20a45c078706980f08407e,d24fbe3839599a6a097188bae8cd47ce8083f27deef1341ae3086bf0d5a45bd1,a264f9f6df4fae96803cb1057b5fedc2d14ddccb52b4eb699c12be7c2ccc333e,a264f9f6df4fae96803cb1057b5fedc2d14ddccb52b4eb699c12be7c2ccc333e,1787976783.8105388,35367.712,17683915,0,0.9500646591186523,1.3307771682739258,1.579880714416504,-0.00171661376953125,-0.00095367431640625,0.00514984130859375,-0.0073261260986328125,0.3199024200439453,-0.0024423599243164062,-0.021978378295898438,-0.0073261260986328125,-0.0073261260986328125,-0.0073261260986328125,-3.083761215209961,6.365810394287109,-1.6092796325683594,0.012209892272949219,-0.1196584701538086,0.0,-4.503855832187949,6.9809726117664015,-1.6641995797283486,0.0032268428473457857,-0.005799714911083063
22,1,train,2,1,0.3490658503988659,2.3819301219991758,3,s,af3726fcacd0ac1320a56ea850b0a2c0f5430cf4eb20a45c078706980f08407e,d24fbe3839599a6a097188bae8cd47ce8083f27deef1341ae3086bf0d5a45bd1,a264f9f6df4fae96803cb1057b5fedc2d14ddccb52b4eb699c12be7c2ccc333e,a264f9f6df4fae96803cb1057b5fedc2d14ddccb52b4eb699c12be7c2ccc333e,1787976783.812402,35367.714,17683916,0,0.9500646591186523,1.3315401077270508,1.579880714416504,-0.00171661376953125,-0.00095367431640625,0.00514984130859375,-0.0073261260986328125,0.3003664016723633,-0.0024423599243164062,0.0073261260986328125,0.0073261260986328125,-0.0073261260986328125,-0.0073261260986328125,-3.0153846740722656,6.365810394287109,-1.6092796325683594,0.012209892272949219,-0.11477375030517578,0.0,-4.514852213115282,6.984242065378812,-1.6647993160037111,0.0032172332655319184,-0.005800817139923455
22,1,train,2,1,0.3490658503988659,2.383787974998995,3,s,af3726fcacd0ac1320a56ea850b0a2c0f5430cf4eb20a45c078706980f08407e,d24fbe3839599a6a097188bae8cd47ce8083f27deef1341ae3086bf0d5a45bd1,a264f9f6df4fae96803cb1057b5fedc2d14ddccb52b4eb699c12be7c2ccc333e,a264f9f6df4fae96803cb1057b5fedc2d14ddccb52b4eb699c12be7c2ccc333e,1787976783.8143077,35367.716,17683917,0,0.9500646591186523,1.3319215774536133,1.579880714416504,-0.00171661376953125,-0.00095367431640625,0.00514984130859375,-0.0073261260986328125,0.29059791564941406,-0.0024423599243164062,-0.0073261260986328125,-0.0073261260986328125,-0.0073261260986328125,-0.0073261260986328125,-3.0700855255126953,6.352138519287109,-1.6092796325683594,0.012209892272949219,-0.11477375030517578,0.0,-4.520349418482781,6.985875267792462,-1.6650988207729285,0.003212427772021799,-0.0058013669881887475
22,1,train,2,1,0.3490658503988659,2.3857059790025232,3,s,af3726fcacd0ac1320a56ea850b0a2c0f5430cf4eb20a45c078706980f08407e,d24fbe3839599a6a097188bae8cd47ce8083f27deef1341ae3086bf0d5a45bd1,a264f9f6df4fae96803cb1057b5fedc2d14ddccb52b4eb699c12be7c2ccc333e,a264f9f6df4fae96803cb1057b5fedc2d14ddccb52b4eb699c12be7c2ccc333e,1787976783.8162344,35367.718,17683918,0,0.9500646591186523,1.3326845169067383,1.579880714416504,-0.00171661376953125,-0.00095367431640625,0.00514984130859375,-0.021978378295898438,0.27594661712646484,-0.0024423599243164062,-0.0073261260986328125,-0.0073261260986328125,-0.0073261260986328125,-0.0073261260986328125,-3.1111106872558594,6.338462829589844,-1.6141633987426758,0.012209892272949219,-0.11477375030517578,0.0,-4.531341855025706,6.9891386226463466,-1.6656971033565167,0.003202815383291633,-0.005802464152009451
22,1,train,2,1,0.3490658503988659,2.387629114004085,3,s,af3726fcacd0ac1320a56ea850b0a2c0f5430cf4eb20a45c078706980f08407e,d24fbe3839599a6a097188bae8cd47ce8083f27deef1341ae3086bf0d5a45bd1,a264f9f6df4fae96803cb1057b5fedc2d14ddccb52b4eb699c12be7c2ccc333e,a264f9f6df4fae96803cb1057b5fedc2d14ddccb52b4eb699c12be7c2ccc333e,1787976783.8187332,35367.72,17683919,0,0.9500646591186523,1.3330659866333008,1.579880714416504,-0.00171661376953125,-0.00095367431640625,0.00514984130859375,-0.0073261260986328125,0.29059791564941406,-0.0024423599243164062,-0.0073261260986328125,-0.0073261260986328125,-0.0073261260986328125,-0.0073261260986328125,-3.165811538696289,6.379486083984375,-1.6190471649169922,0.012209892272949219,-0.1196584701538086,0.0,-4.536837084601522,6.9907687746117,-1.6659958810838265,0.0031980084894703757,-0.005803011467405206
22,1,train,2,1,0.3490658503988659,2.390148600003158,3,s,af3726fcacd0ac1320a56ea850b0a2c0f5430cf4eb20a45c078706980f08407e,d24fbe3839599a6a097188bae8cd47ce8083f27deef1341ae3086bf0d5a45bd1,a264f9f6df4fae96803cb1057b5fedc2d14ddccb52b4eb699c12be7c2ccc333e,a264f9f6df4fae96803cb1057b5fedc2d14ddccb52b4eb699c12be7c2ccc333e,1787976783.8206496,35367.722,17683920,0,0.9500646591186523,1.3338289260864258,1.579880714416504,-0.00171661376953125,-0.00095367431640625,0.00514984130859375,-0.0073261260986328125,0.3199024200439453,-0.0024423599243164062,0.0073261260986328125,-0.021978378295898438,-0.0073261260986328125,-0.0073261260986328125,-3.329914093017578,6.379486083984375,-1.6190471649169922,0.012209892272949219,-0.1196584701538086,0.0,-4.547825562363549,6.994026026433134,-1.6665927091920865,0.003188393306412989,-0.0058041035647692935
22,1,train,2,1,0.3490658503988659,2.3920557880046545,3,s,af3726fcacd0ac1320a56ea850b0a2c0f5430cf4eb20a45c078706980f08407e,d24fbe3839599a6a097188bae8cd47ce8083f27deef1341ae3086bf0d5a45bd1,a264f9f6df4fae96803cb1057b5fedc2d14ddccb52b4eb699c12be7c2ccc333e,a264f9f6df4fae96803cb1057b5fedc2d14ddccb52b4eb699c12be7c2ccc333e,1787976783.8225393,35367.724,17683921,0,0.9500646591186523,1.3345918655395508,1.579880714416504,-0.00171661376953125,-0.00095367431640625,0.00514984130859375,-0.0073261260986328125,0.35409069061279297,-0.0024423599243164062,-0.0073261260986328125,-0.0073261260986328125,-0.0073261260986328125,-0.0073261260986328125,-3.3572654724121094,6.406837463378906,-1.6190471649169922,0.012209892272949219,-0.1196584701538086,0.0,-4.558811392942826,6.997279207195812,-1.6671885672157607,0.003178776267466526,-0.005805192283700624
22,1,train,2,1,0.3490658503988659,2.393929238001874,3,s,af3726fcacd0ac1320a56ea850b0a2c0f5430cf4eb20a45c078706980f08407e,d24fbe3839599a6a097188bae8cd47ce8083f27deef1341ae3086bf0d5a45bd1,a264f9f6df4fae96803cb1057b5fedc2d14ddccb52b4eb699c12be7c2ccc333e,a264f9f6df4fae96803cb1057b5fedc2d14ddccb52b4eb699c12be7c2ccc333e,1787976783.8244154,35367.725999999995,17683922,0,0.9500646591186523,1.3353548049926758,1.579880714416504,-0.00171661376953125,-0.00095367431640625,0.00514984130859375,-0.021978378295898438,0.3785104751586914,-0.0024423599243164062,0.021978378295898438,-0.021978378295898438,-0.0073261260986328125,-0.012209892272949219,-3.384614944458008,6.420513153076172,-1.623931884765625,0.012209892272949219,-0.1196584701538086,0.0,-4.5697945699447535,7.000528315006135,-1.6677834548080144,0.0031691573782288438,-0.00580627762356548
22,1,train,2,1,0.3490658503988659,2.3958086620041286,3,s,af3726fcacd0ac1320a56ea850b0a2c0f5430cf4eb20a45c078706980f08407e,d24fbe3839599a6a097188bae8cd47ce8083f27deef1341ae3086bf0d5a45bd1,a264f9f6df4fae96803cb1057b5fedc2d14ddccb52b4eb699c12be7c2ccc333e,a264f9f6df4fae96803cb1057b5fedc2d14ddccb52b4eb699c12be7c2ccc333e,1787976783.8262987,35367.727999999996,17683923,0,0.9500646591186523,1.3361177444458008,1.579880714416504,-0.00171661376953125,-0.00095367431640625,0.00514984130859375,0.0073261260986328125,0.39316272735595703,-0.0024423599243164062,-0.0073261260986328125,0.0073261260986328125,-0.0073261260986328125,-0.0073261260986328125,-3.425640106201172,6.406837463378906,-1.6288156509399414,0.012209892272949219,-0.1196584701538086,0.0,-4.58077508697628,7.00377334797287,-1.6683773716225767,0.00315953664429887,-0.005807359583732107
22,1,train,2,1,0.3490658503988659,2.3976950220021536,3,s,af3726fcacd0ac1320a56ea850b0a2c0f5430cf4eb20a45c078706980f08407e,d24fbe3839599a6a097188bae8cd47ce8083f27deef1341ae3086bf0d5a45bd1,a264f9f6df4fae96803cb1057b5fedc2d14ddccb52b4eb699c12be7c2ccc333e,a264f9f6df4fae96803cb1057b5fedc2d14ddccb52b4eb699c12be7c2ccc333e,1787976783.8282082,35367.729999999996,17683924,0,0.9500646591186523,1.3368806838989258,1.579880714416504,-0.00171661376953125,-0.00095367431640625,0.00514984130859375,-0.0073261260986328125,0.3882780075073242,-0.0024423599243164062,-0.0073261260986328125,-0.0073261260986328125,-0.0073261260986328125,-0.0073261260986328125,-3.288888931274414,6.406837463378906,-1.623931884765625,0.012209892272949219,-0.1196584701538086,0.0,-4.591752937645906,7.00701430420716,-1.6689703173137422,0.003149914071276607,-0.005808438163570722
22,1,train,2,1,0.3490658503988659,2.3996022200008156,3,s,af3726fcacd0ac1320a56ea850b0a2c0f5430cf4eb20a45c078706980f08407e,d24fbe3839599a6a097188bae8cd47ce8083f27deef1341ae3086bf0d5a45bd1,a264f9f6df4fae96803cb1057b5fedc2d14ddccb52b4eb699c12be7c2ccc333e,a264f9f6df4fae96803cb1057b5fedc2d14ddccb52b4eb699c12be7c2ccc333e,1787976783.8303032,35367.731999999996,17683925,0,0.9500646591186523,1.3376436233520508,1.579880714416504,-0.00171661376953125,-0.00095367431640625,0.00514984130859375,-0.0073261260986328125,0.3589744567871094,-0.0024423599243164062,-0.0073261260986328125,-0.0073261260986328125,-0.0073261260986328125,-0.0073261260986328125,-3.261537551879883,6.379486083984375,-1.623931884765625,0.012209892272949219,-0.1196584701538086,0.0,-4.602728115563684,7.0102511818225235,-1.6695622915363728,0.0031402896647631344,-0.005809513362453512
22,1,train,2,1,0.3490658503988659,2.4017017639998812,3,s,af3726fcacd0ac1320a56ea850b0a2c0f5430cf4eb20a45c078706980f08407e,d24fbe3839599a6a097188bae8cd47ce8083f27deef1341ae3086bf0d5a45bd1,a264f9f6df4fae96803cb1057b5fedc2d14ddccb52b4eb699c12be7c2ccc333e,a264f9f6df4fae96803cb1057b5fedc2d14ddccb52b4eb699c12be7c2ccc333e,1787976783.8328037,35367.734,17683926,0,0.9500646591186523,1.3380250930786133,1.579880714416504,-0.00171661376953125,-0.00095367431640625,0.00514984130859375,-0.021978378295898438,0.3247861862182617,-0.0024423599243164062,-0.0073261260986328125,-0.021978378295898438,-0.0073261260986328125,-0.012209892272949219,-3.1931629180908203,6.365810394287109,-1.623931884765625,0.012209892272949219,-0.1196584701538086,0.0,-4.608214700244199,7.011868090559234,-1.6698579142392862,0.003135476775697821,-0.00581004969384082
22,1,train,2,1,0.3490658503988659,2.4041988480021246,3,s,af3726fcacd0ac1320a56ea850b0a2c0f5430cf4eb20a45c078706980f08407e,d24fbe3839599a6a097188bae8cd47ce8083f27deef1341ae3086bf0d5a45bd1,a264f9f6df4fae96803cb1057b5fedc2d14ddccb52b4eb699c12be7c2ccc333e,a264f9f6df4fae96803cb1057b5fedc2d14ddccb52b4eb699c12be7c2ccc333e,1787976783.8347137,35367.736,17683927,0,0.9500646591186523,1.3387880325317383,1.579880714416504,-0.00171661376953125,-0.00095367431640625,0.00514984130859375,0.0073261260986328125,0.3003664016723633,-0.0024423599243164062,-0.0073261260986328125,-0.0073261260986328125,-0.0073261260986328125,-0.012209892272949219,-3.1111106872558594,6.352138519287109,-1.623931884765625,0.012209892272949219,-0.11477375030517578,0.0,-4.619185857056447,7.015098846714237,-1.6704484306132121,0.0031258496294518756,-0.0058111198201170194
22,1,train,2,1,0.3490658503988659,2.406139238002652,3,s,af3726fcacd0ac1320a56ea850b0a2c0f5430cf4eb20a45c078706980f08407e,d24fbe3839599a6a097188bae8cd47ce8083f27deef1341ae3086bf0d5a45bd1,a264f9f6df4fae96803cb1057b5fedc2d14ddccb52b4eb699c12be7c2ccc333e,a264f9f6df4fae96803cb1057b5fedc2d14ddccb52b4eb699c12be7c2ccc333e,1787976783.836691,35367.738,17683928,0,0.9500646591186523,1.3395509719848633,1.579880714416504,-0.00171661376953125,-0.00095367431640625,0.00514984130859375,-0.0073261260986328125,0.29059791564941406,-0.0024423599243164062,-0.021978378295898438,0.0073261260986328125,-0.0073261260986328125,-0.0073261260986328125,-3.165811538696289,6.393161773681641,-1.623931884765625,0.012209892272949219,-0.1196584701538086,0.0,-4.630154325148785,7.018325519544489,-1.6710379746582271,0.0031162206637220654,-0.005812186563876463
22,1,train,2,1,0.3490658503988659,2.4080879540051683,3,s,af3726fcacd0ac1320a56ea850b0a2c0f5430cf4eb20a45c078706980f08407e,d24fbe3839599a6a097188bae8cd47ce8083f27deef1341ae3086bf0d5a45bd1,a264f9f6df4fae96803cb1057b5fedc2d14ddccb52b4eb699c12be7c2ccc333e,a264f9f6df4fae96803cb1057b5fedc2d14ddccb52b4eb699c12be7c2ccc333e,1787976783.8386095,35367.74,17683929,0,0.9500646591186523,1.3399324417114258,1.579880714416504,-0.00171661376953125,-0.00095367431640625,0.00514984130859375,-0.0073261260986328125,0.29059791564941406,-0.0024423599243164062,-0.0073261260986328125,0.0073261260986328125,-0.0073261260986328125,-0.0073261260986328125,-3.2205123901367188,6.4341888427734375,-1.623931884765625,0.012209892272949219,-0.1196584701538086,0.0,-4.635637548929775,7.019937324125813,-1.6713323819501333,0.003111405500302169,-0.005812718667118284
22,1,train,2,1,0.3490658503988659,2.410006860001886,3,s,af3726fcacd0ac1320a56ea850b0a2c0f5430cf4eb20a45c078706980f08407e,d24fbe3839599a6a097188bae8cd47ce8083f27deef1341ae3086bf0d5a45bd1,a264f9f6df4fae96803cb1057b5fedc2d14ddccb52b4eb699c12be7c2ccc333e,a264f9f6df4fae96803cb1057b5fedc2d14ddccb52b4eb699c12be7c2ccc333e,1787976783.8405175,35367.742,17683930,0,0.9500646591186523,1.3406953811645508,1.579880714416504,-0.00171661376953125,-0.00095367431640625,0.00514984130859375,0.0073261260986328125,0.3101339340209961,-0.0024423599243164062,-0.021978378295898438,-0.0073261260986328125,-0.0073261260986328125,-0.0073261260986328125,-3.206836700439453,6.4341888427734375,-1.623931884765625,0.012209892272949219,-0.1196584701538086,0.0,-4.646601971971822,7.023157868448111,-1.6719204668585341,0.0031017738158558854,-0.00581378033593897
22,1,train,2,1,0.3490658503988659,2.411932198003342,3,s,af3726fcacd0ac1320a56ea850b0a2c0f5430cf4eb20a45c078706980f08407e,d24fbe3839599a6a097188bae8cd47ce8083f27deef1341ae3086bf0d5a45bd1,a264f9f6df4fae96803cb1057b5fedc2d14ddccb52b4eb699c12be7c2ccc333e,a264f9f6df4fae96803cb1057b5fedc2d14ddccb52b4eb699c12be7c2ccc333e,1787976783.8424685,35367.744,17683931,0,0.9500646591186523,1.3414583206176758,1.579880714416504,-0.00171661376953125,-0.00095367431640625,0.00514984130859375,-0.0073261260986328125,0.33455467224121094,-0.0024423599243164062,0.0073261260986328125,0.0073261260986328125,-0.0073261260986328125,-0.012209892272949219,-3.3025646209716797,6.447864532470703,-1.6190471649169922,0.012209892272949219,-0.1196584701538086,0.0,-4.657563690335683,7.026374324754692,-1.672507578581186,0.003092140325939702,-0.005814838620694281
22,1,train,2,1,0.3490658503988659,2.41386617700482,3,s,af3726fcacd0ac1320a56ea850b0a2c0f5430cf4eb20a45c078706980f08407e,d24fbe3839599a6a097188bae8cd47ce8083f27deef1341ae3086bf0d5a45bd1,a264f9f6df4fae96803cb1057b5fedc2d14ddccb52b4eb699c12be7c2ccc333e,a264f9f6df4fae96803cb1057b5fedc2d14ddccb52b4eb699c12be7c2ccc333e,1787976783.8443625,35367.746,17683932,0,0.9500646591186523,1.3422212600708008,1.579880714416504,-0.00171661376953125,-0.00095367431640625,0.00514984130859375,-0.0073261260986328125,0.3589744567871094,-0.0024423599243164062,-0.0073261260986328125,-0.021978378295898438,-0.0073261260986328125,-0.0073261260986328125,-3.3435897827148438,6.461540222167969,-1.6190471649169922,0.012209892272949219,-0.11477375030517578,0.0,-4.668522697640797,7.029586691173332,-1.6730937167763453,0.0030825050361610483,-0.005815893520768206
22,1,train,2,1,0.3490658503988659,2.4157590890026768,3,s,af3726fcacd0ac1320a56ea850b0a2c0f5430cf4eb20a45c078706980f08407e,d24fbe3839599a6a097188bae8cd47ce8083f27deef1341ae3086bf0d5a45bd1,a264f9f6df4fae96803cb1057b5fedc2d14ddccb52b4eb699c12be7c2ccc333e,a264f9f6df4fae96803cb1057b5fedc2d14ddccb52b4eb699c12be7c2ccc333e,1787976783.846287,35367.748,17683933,0,0.9500646591186523,1.3429841995239258,1.579880714416504,-0.00171661376953125,-0.00095367431640625,0.00514984130859375,-0.021978378295898438,0.3638582229614258,-0.0024423599243164062,-0.021978378295898438,-0.0073261260986328125,-0.0073261260986328125,-0.0073261260986328125,-3.3162384033203125,6.4341888427734375,-1.6190471649169922,0.0073261260986328125,-0.1196584701538086,0.0,-4.679478987508178,7.0327949658341815,-1.6736788811028342,0.003072867952128405,-0.005816945035546715
22,1,train,2,1,0.3490658503988659,2.4176828080017003,3,s,af3726fcacd0ac1320a56ea850b0a2c0f5430cf4eb20a45c078706980f08407e,d24fbe3839599a6a097188bae8cd47ce8083f27deef1341ae3086bf0d5a45bd1,a264f9f6df4fae96803cb1057b5fedc2d14ddccb52b4eb699c12be7c2ccc333e,a264f9f6df4fae96803cb1057b5fedc2d14ddccb52b4eb699c12be7c2ccc333e,1787976783.848804,35367.75,17683934,0,0.9500646591186523,1.3433656692504883,1.579880714416504,-0.00171661376953125,-0.00095367431640625,0.00514984130859375,-0.0073261260986328125,0.34920597076416016,-0.0024423599243164062,-0.021978378295898438,-0.021978378295898438,-0.0073261260986328125,-0.0073261260986328125,-3.3435897827148438,6.420513153076172,-1.6190471649169922,0.012209892272949219,-0.1196584701538086,0.0,-4.684956111409724,7.034397568171764,-1.673971097958865,0.0030680487390197706,-0.005817469523258845
22,1,train,2,1,0.3490658503988659,2.420201190005173,3,s,af3726fcacd0ac1320a56ea850b0a2c0f5430cf4eb20a45c078706980f08407e,d24fbe3839599a6a097188bae8cd47ce8083f27deef1341ae3086bf0d5a45bd1,a264f9f6df4fae96803cb1057b5fedc2d14ddccb52b4eb699c12be7c2ccc333e,a264f9f6df4fae96803cb1057b5fedc2d14ddccb52b4eb699c12be7c2ccc333e,1787976783.8507128,35367.752,17683935,0,0.9500646591186523,1.3441295623779297,1.579880714416504,-0.00171661376953125,-0.00095367431640625,0.00514984130859375,-0.0073261260986328125,0.3247861862182617,-0.0024423599243164062,-0.0073261260986328125,0.0073261260986328125,-0.0073261260986328125,-0.0073261260986328125,-3.261537551879883,6.4341888427734375,-1.6141633987426758,0.012209892272949219,-0.1196584701538086,0.0,-4.695922001706405,7.037603701799018,-1.6745555298625974,0.003058396923302997,-0.005818517264872558
22,1,train,2,1,0.3490658503988659,2.422123382006248,3,s,af3726fcacd0ac1320a56ea850b0a2c0f5430cf4eb20a45c078706980f08407e,d24fbe3839599a6a097188bae8cd47ce8083f27deef1341ae3086bf0d5a45bd1,a264f9f6df4fae96803cb1057b5fedc2d14ddccb52b4eb699c12be7c2ccc333e,a264f9f6df4fae96803cb1057b5fedc2d14ddccb52b4eb699c12be7c2ccc333e,1787976783.8526275,35367.754,17683936,0,0.9500646591186523,1.3448925018310547,1.579880714416504,-0.00171661376953125,-0.00095367431640625,0.00514984130859375,0.0073261260986328125,0.3003664016723633,-0.0024423599243164062,-0.0073261260986328125,-0.0073261260986328125,-0.0073261260986328125,-0.0073261260986328125,-3.206836700439453,6.406837463378906,-1.6190471649169922,0.012209892272949219,-0.11477375030517578,0.0,-4.706871466661096,7.040801733778778,-1.6751382568098694,0.0030487553759575275,-0.005819560309505162
22,1,train,2,1,0.3490658503988659,2.4240226700057974,3,s,af3726fcacd0ac1320a56ea850b0a2c0f5430cf4eb20a45c078706980f08407e,d24fbe3839599a6a097188bae8cd47ce8083f27deef1341ae3086bf0d5a45bd1,a264f9f6df4fae96803cb1057b5fedc2d14ddccb52b4eb699c12be7c2ccc333e,a264f9f6df4fae96803cb1057b5fedc2d14ddccb52b4eb699c12be7c2ccc333e,1787976783.8545172,35367.756,17683937,0,0.9500646591186523,1.3452739715576172,1.579880714416504,-0.00171661376953125,-0.00095367431640625,0.00514984130859375,-0.0073261260986328125,0.28571414947509766,-0.0024423599243164062,-0.021978378295898438,-0.021978378295898438,-0.0073261260986328125,-0.012209892272949219,-3.2341880798339844,6.393161773681641,-1.6190471649169922,0.012209892272949219,-0.1196584701538086,0.0,-4.71234517212685,7.042399213027734,-1.6754292546576517,0.003043933936455586,-0.005820080561573169
22,1,train,2,1,0.3490658503988659,2.4259100490016863,3,s,af3726fcacd0ac1320a56ea850b0a2c0f5430cf4eb20a45c078706980f08407e,d24fbe3839599a6a097188bae8cd47ce8083f27deef1341ae3086bf0d5a45bd1,a264f9f6df4fae96803cb1057b5fedc2d14ddccb52b4eb699c12be7c2ccc333e,a264f9f6df4fae96803cb1057b5fedc2d14ddccb52b4eb699c12be7c2ccc333e,1787976783.8564074,35367.758,17683938,0,0.9500646591186523,1.3460369110107422,1.579880714416504,-0.00171661376953125,-0.00095367431640625,0.00514984130859375,-0.0073261260986328125,0.27594661712646484,-0.0024423599243164062,-0.0073261260986328125,-0.0073261260986328125,-0.0073261260986328125,-0.012209892272949219,-3.2205123901367188,6.406837463378906,-1.6190471649169922,0.012209892272949219,-0.1196584701538086,0.0,-4.723290525052531,7.045591096881479,-1.6760105188897807,0.003034289729301328,-0.005821118524834063
22,1,train,2,1,0.3490658503988659,2.4277997460012557,3,s,af3726fcacd0ac1320a56ea850b0a2c0f5430cf4eb20a45c078706980f08407e,d24fbe3839599a6a097188bae8cd47ce8083f27deef1341ae3086bf0d5a45bd1,a264f9f6df4fae96803cb1057b5fedc2d14ddccb52b4eb699c12be7c2ccc333e,a264f9f6df4fae96803cb1057b5fedc2d14ddccb52b4eb699c12be7c2ccc333e,1787976783.8582716,35367.76,17683939,0,0.9500646591186523,1.3464183807373047,1.579880714416504,-0.00171661376953125,-0.00095367431640625,0.00514984130859375,0.0073261260986328125,0.29059791564941406,-0.0024423599243164062,-0.0073261260986328125,-0.0073261260986328125,-0.0073261260986328125,-0.012209892272949219,-3.2752132415771484,6.4341888427734375,-1.6190471649169922,0.012209892272949219,-0.11477375030517578,0.0,-4.728762170919695,7.047185501021783,-1.6763007851895413,0.003029466963052432,-0.005821636235875903
22,1,train,2,1,0.3490658503988659,2.4296576480046497,3,s,af3726fcacd0ac1320a56ea850b0a2c0f5430cf4eb20a45c078706980f08407e,d24fbe3839599a6a097188bae8cd47ce8083f27deef1341ae3086bf0d5a45bd1,a264f9f6df4fae96803cb1057b5fedc2d14ddccb52b4eb699c12be7c2ccc333e,a264f9f6df4fae96803cb1057b5fedc2d14ddccb52b4eb699c12be7c2ccc333e,1787976783.8607483,35367.761999999995,17683940,0,0.9500646591186523,1.3471813201904297,1.579880714416504,-0.00171661376953125,-0.00095367431640625,0.00514984130859375,-0.0073261260986328125,0.3296699523925781,-0.0024423599243164062,-0.0073261260986328125,0.0073261260986328125,-0.0073261260986328125,-0.012209892272949219,-3.425640106201172,6.447864532470703,-1.6190471649169922,0.012209892272949219,-0.1196584701538086,0.0,-4.739703397481539,7.050371232569189,-1.6768805859452613,0.0030198201087201374,-0.005822669116405696
22,1,train,2,1,0.3490658503988659,2.43216593300167,3,s,af3726fcacd0ac1320a56ea850b0a2c0f5430cf4eb20a45c078706980f08407e,d24fbe3839599a6a097188bae8cd47ce8083f27deef1341ae3086bf0d5a45bd1,a264f9f6df4fae96803cb1057b5fedc2d14ddccb52b4eb699c12be7c2ccc333e,a264f9f6df4fae96803cb1057b5fedc2d14ddccb52b4eb699c12be7c2ccc333e,1787976783.862682,35367.763999999996,17683941,0,0.9500646591186523,1.3479442596435547,1.579880714416504,-0.00171661376953125,-0.00095367431640625,0.00514984130859375,-0.0073261260986328125,0.3589744567871094,-0.0024423599243164062,-0.0073261260986328125,-0.0073261260986328125,-0.0073261260986328125,-0.012209892272949219,-3.4393157958984375,6.447864532470703,-1.623931884765625,0.012209892272949219,-0.1196584701538086,0.0,-4.750641865173034,7.053552860260615,-1.6774594106280638,0.003010171496621272,-0.00582369860769616
22,1,train,2,1,0.3490658503988659,2.4340751330018975,3,s,af3726fcacd0ac1320a56ea850b0a2c0f5430cf4eb20a45c078706980f08407e,d24fbe3839599a6a097188bae8cd47ce8083f27deef1341ae3086bf0d5a45bd1,a264f9f6df4fae96803cb1057b5fedc2d14ddccb52b4eb699c12be7c2ccc333e,a264f9f6df4fae96803cb1057b5fedc2d14ddccb52b4eb699c12be7c2ccc333e,1787976783.8646305,35367.765999999996,17683942,0,0.9500646591186523,1.3487071990966797,1.579880714416504,-0.00171661376953125,-0.00095367431640625,0.00514984130859375,-0.0073261260986328125,0.3833942413330078,-0.0024423599243164062,-0.0073261260986328125,-0.021978378295898438,-0.0073261260986328125,-0.012209892272949219,-3.548717498779297,6.475212097167969,-1.6288156509399414,0.0073261260986328125,-0.1196584701538086,0.0,-4.761577567627156,7.0567303822441065,-1.678037258901028,0.0030005211323720802,-0.0058247247091480474
22,1,train,2,1,0.3490658503988659,2.4360284590002266,3,s,af3726fcacd0ac1320a56ea850b0a2c0f5430cf4eb20a45c078706980f08407e,d24fbe3839599a6a097188bae8cd47ce8083f27deef1341ae3086bf0d5a45bd1,a264f9f6df4fae96803cb1057b5fedc2d14ddccb52b4eb699c12be7c2ccc333e,a264f9f6df4fae96803cb1057b5fedc2d14ddccb52b4eb699c12be7c2ccc333e,1787976783.8665762,35367.768,17683943,0,0.9500646591186523,1.3494701385498047,1.579880714416504,-0.00171661376953125,-0.00095367431640625,0.00514984130859375,-0.0073261260986328125,0.39316272735595703,-0.0024423599243164062,0.0073261260986328125,-0.0073261260986328125,-0.0073261260986328125,-0.012209892272949219,-3.5623931884765625,6.488887786865234,-1.623931884765625,0.0073261260986328125,-0.1196584701538086,0.0,-4.772510498478485,7.0599037966701035,-1.6786141304278008,0.0029908690215898056,-0.00582574742016409
22,1,train,2,1,0.3490658503988659,2.4379748110004584,3,s,af3726fcacd0ac1320a56ea850b0a2c0f5430cf4eb20a45c078706980f08407e,d24fbe3839599a6a097188bae8cd47ce8083f27deef1341ae3086bf0d5a45bd1,a264f9f6df4fae96803cb1057b5fedc2d14ddccb52b4eb699c12be7c2ccc333e,a264f9f6df4fae96803cb1057b5fedc2d14ddccb52b4eb699c12be7c2ccc333e,1787976783.8684773,35367.77,17683944,0,0.9500646591186523,1.3502330780029297,1.579880714416504,-0.00171661376953125,-0.00095367431640625,0.00514984130859375,-0.0073261260986328125,0.3833942413330078,-0.0024423599243164062,0.0073261260986328125,-0.0073261260986328125,-0.0073261260986328125,-0.012209892272949219,-3.4666671752929688,6.5025634765625,-1.6288156509399414,0.012209892272949219,-0.1196584701538086,0.0,-4.783440651363225,7.063073101691442,-1.6791900248726008,0.0029812151698927186,-0.005826766740148997
22,1,train,2,1,0.3490658503988659,2.439872638002271,3,s,af3726fcacd0ac1320a56ea850b0a2c0f5430cf4eb20a45c078706980f08407e,d24fbe3839599a6a097188bae8cd47ce8083f27deef1341ae3086bf0d5a45bd1,a264f9f6df4fae96803cb1057b5fedc2d14ddccb52b4eb699c12be7c2ccc333e,a264f9f6df4fae96803cb1057b5fedc2d14ddccb52b4eb699c12be7c2ccc333e,1787976783.8703735,35367.772,17683945,0,0.9500646591186523,1.3509960174560547,1.579880714416504,-0.00171661376953125,-0.00095367431640625,0.00514984130859375,-0.0073261260986328125,0.3589744567871094,-0.0024423599243164062,-0.021978378295898438,-0.0073261260986328125,-0.0073261260986328125,-0.0073261260986328125,-3.4393157958984375,6.447864532470703,-1.6288156509399414,0.012209892272949219,-0.1196584701538086,0.0,-4.794368019919182,7.066238295463336,-1.6797649419002123,0.002971559582900095,-0.005827782668509441
22,1,train,2,1,0.3490658503988659,2.4417719630000647,3,s,af3726fcacd0ac1320a56ea850b0a2c0f5430cf4eb20a45c078706980f08407e,d24fbe3839599a6a097188bae8cd47ce8083f27deef1341ae3086bf0d5a45bd1,a264f9f6df4fae96803cb1057b5fedc2d14ddccb52b4eb699c12be7c2ccc333e,a264f9f6df4fae96803cb1057b5fedc2d14ddccb52b4eb699c12be7c2ccc333e,1787976783.8723323,35367.774,17683946,0,0.9500646591186523,1.3517589569091797,1.579880714416504,-0.00171661376953125,-0.00095367431640625,0.00514984130859375,-0.0073261260986328125,0.3296699523925781,-0.0024423599243164062,-0.0073261260986328125,-0.0073261260986328125,-0.0073261260986328125,-0.012209892272949219,-3.3162384033203125,6.461540222167969,-1.6288156509399414,0.012209892272949219,-0.1196584701538086,0.0,-4.805292597785795,7.0693993761434015,-1.6803388811759896,0.00296190226623223,-0.005828795204654074
22,1,train,2,1,0.3490658503988659,2.4437337790004676,3,s,af3726fcacd0ac1320a56ea850b0a2c0f5430cf4eb20a45c078706980f08407e,d24fbe3839599a6a097188bae8cd47ce8083f27deef1341ae3086bf0d5a45bd1,a264f9f6df4fae96803cb1057b5fedc2d14ddccb52b4eb699c12be7c2ccc333e,a264f9f6df4fae96803cb1057b5fedc2d14ddccb52b4eb699c12be7c2ccc333e,1787976783.8742766,35367.776,17683947,0,0.9500646591186523,1.3521404266357422,1.579880714416504,-0.00171661376953125,-0.00095367431640625,0.00514984130859375,-0.0073261260986328125,0.3101339340209961,-0.0024423599243164062,-0.021978378295898438,-0.021978378295898438,-0.0073261260986328125,-0.0073261260986328125,-3.261537551879883,6.488887786865234,-1.6288156509399414,0.012209892272949219,-0.1196584701538086,0.0,-4.8107538382233646,7.0709783734989085,-1.680625484052519,0.002957072961026699,-0.005829300200461205
22,1,train,2,1,0.3490658503988659,2.445674226000847,3,s,af3726fcacd0ac1320a56ea850b0a2c0f5430cf4eb20a45c078706980f08407e,d24fbe3839599a6a097188bae8cd47ce8083f27deef1341ae3086bf0d5a45bd1,a264f9f6df4fae96803cb1057b5fedc2d14ddccb52b4eb699c12be7c2ccc333e,a264f9f6df4fae96803cb1057b5fedc2d14ddccb52b4eb699c12be7c2ccc333e,1787976783.8768299,35367.778,17683948,0,0.9500646591186523,1.3529033660888672,1.579880714416504,-0.00171661376953125,-0.00095367431640625,0.00514984130859375,-0.021978378295898438,0.3101339340209961,-0.0024423599243164062,0.0073261260986328125,-0.0073261260986328125,-0.0073261260986328125,-0.0073261260986328125,-3.370939254760742,6.461540222167969,-1.623931884765625,0.012209892272949219,-0.1196584701538086,0.0,-4.821674218133455,7.074133281092,-1.6811979560743293,0.002947413060386222,-0.0058303076471776655
22,1,train,2,1,0.3490658503988659,2.4482316880021244,3,s,af3726fcacd0ac1320a56ea850b0a2c0f5430cf4eb20a45c078706980f08407e,d24fbe3839599a6a097188bae8cd47ce8083f27deef1341ae3086bf0d5a45bd1,a264f9f6df4fae96803cb1057b5fedc2d14ddccb52b4eb699c12be7c2ccc333e,a264f9f6df4fae96803cb1057b5fedc2d14ddccb52b4eb699c12be7c2ccc333e,1787976783.8787768,35367.78,17683949,0,0.9500646591186523,1.3536663055419922,1.579880714416504,-0.00171661376953125,-0.00095367431640625,0.00514984130859375,-0.0073261260986328125,0.3247861862182617,-0.0024423599243164062,0.0073261260986328125,-0.0073261260986328125,-0.0073261260986328125,-0.0073261260986328125,-3.411966323852539,6.447864532470703,-1.6336994171142578,0.012209892272949219,-0.1196584701538086,0.0,-4.832591791459904,7.077284070997779,-1.6817694495101818,0.0029377514441256236,-0.005831311700208586
22,1,train,2,1,0.3490658503988659,2.4501762540021446,3,s,af3726fcacd0ac1320a56ea850b0a2c0f5430cf4eb20a45c078706980f08407e,d24fbe3839599a6a097188bae8cd47ce8083f27deef1341ae3086bf0d5a45bd1,a264f9f6df4fae96803cb1057b5fedc2d14ddccb52b4eb699c12be7c2ccc333e,a264f9f6df4fae96803cb1057b5fedc2d14ddccb52b4eb699c12be7c2ccc333e,1787976783.880733,35367.782,17683950,0,0.9500646591186523,1.3544292449951172,1.579880714416504,-0.00171661376953125,-0.00095367431640625,0.00514984130859375,-0.0073261260986328125,0.34920597076416016,-0.0024423599243164062,-0.0073261260986328125,-0.0073261260986328125,-0.0073261260986328125,-0.0073261260986328125,-3.507692337036133,6.4341888427734375,-1.6336994171142578,0.012209892272949219,-0.1196584701538086,0.0,-4.843506551847846,7.080430741382244,-1.682339964027423,0.0029280881178687128,-0.005832312358969528
22,1,train,2,1,0.3490658503988659,2.4521524910014705,3,s,af3726fcacd0ac1320a56ea850b0a2c0f5430cf4eb20a45c078706980f08407e,d24fbe3839599a6a097188bae8cd47ce8083f27deef1341ae3086bf0d5a45bd1,a264f9f6df4fae96803cb1057b5fedc2d14ddccb52b4eb699c12be7c2ccc333e,a264f9f6df4fae96803cb1057b5fedc2d14ddccb52b4eb699c12be7c2ccc333e,1787976783.88273,35367.784,17683951,0,0.9500646591186523,1.3551921844482422,1.579880714416504,-0.00171661376953125,-0.00095367431640625,0.00514984130859375,-0.0073261260986328125,0.3687419891357422,-0.0024423599243164062,0.0073261260986328125,-0.0073261260986328125,-0.0073261260986328125,-0.0073261260986328125,-3.617094039916992,6.406837463378906,-1.6385831832885742,0.012209892272949219,-0.1196584701538086,0.0,-4.8544184929440535,7.083573290413792,-1.6829094992939704,0.002918423087240279,-0.005833309622878034
22,1,train,2,1,0.3490658503988659,2.454141822003294,3,s,af3726fcacd0ac1320a56ea850b0a2c0f5430cf4eb20a45c078706980f08407e,d24fbe3839599a6a097188bae8cd47ce8083f27deef1341ae3086bf0d5a45bd1,a264f9f6df4fae96803cb1057b5fedc2d14ddccb52b4eb699c12be7c2ccc333e,a264f9f6df4fae96803cb1057b5fedc2d14ddccb52b4eb699c12be7c2ccc333e,1787976783.884632,35367.786,17683952,0,0.9500646591186523,1.3559551239013672,1.579880714416504,-0.00171661376953125,-0.00095367431640625,0.00514984130859375,-0.0073261260986328125,0.3833942413330078,-0.0024423599243164062,-0.0073261260986328125,0.0073261260986328125,-0.0073261260986328125,-0.0073261260986328125,-3.630769729614258,6.447864532470703,-1.6385831832885742,0.012209892272949219,-0.1196584701538086,0.0,-4.865327608396943,7.086711716263219,-1.6834780549783104,0.0029087563578661137,-0.00583430349135362
22,1,train,2,1,0.3490658503988659,2.456022206999478,3,s,af3726fcacd0ac1320a56ea850b0a2c0f5430cf4eb20a45c078706980f08407e,d24fbe3839599a6a097188bae8cd47ce8083f27deef1341ae3086bf0d5a45bd1,a264f9f6df4fae96803cb1057b5fedc2d14ddccb52b4eb699c12be7c2ccc333e,a264f9f6df4fae96803cb1057b5fedc2d14ddccb52b4eb699c12be7c2ccc333e,1787976783.8865008,35367.788,17683953,0,0.9500646591186523,1.3567180633544922,1.579880714416504,-0.00171661376953125,-0.00095367431640625,0.00514984130859375,-0.0073261260986328125,0.3833942413330078,-0.0024423599243164062,-0.021978378295898438,-0.021978378295898438,-0.0073261260986328125,-0.0073261260986328125,-3.617094039916992,6.4341888427734375,-1.6385831832885742,0.012209892272949219,-0.1196584701538086,0.0,-4.8762338918565735,7.089846017103719,-1.6840456307495,0.0028990879353729924,-0.005835293963817777
22,1,train,2,1,0.3490658503988659,2.4578896509992774,3,s,af3726fcacd0ac1320a56ea850b0a2c0f5430cf4eb20a45c078706980f08407e,d24fbe3839599a6a097188bae8cd47ce8083f27deef1341ae3086bf0d5a45bd1,a264f9f6df4fae96803cb1057b5fedc2d14ddccb52b4eb699c12be7c2ccc333e,a264f9f6df4fae96803cb1057b5fedc2d14ddccb52b4eb699c12be7c2ccc333e,1787976783.888388,35367.79,17683954,0,0.9500646591186523,1.3570995330810547,1.579880714416504,-0.00171661376953125,-0.00095367431640625,0.00514984130859375,-0.0073261260986328125,0.3589744567871094,-0.0024423599243164062,0.0073261260986328125,-0.021978378295898438,-0.0073261260986328125,-0.0073261260986328125,-3.494016647338867,6.475212097167969,-1.6336994171142578,0.012209892272949219,-0.1196584701538086,0.0,-4.881685969605009,7.091411620075401,-1.6843290510643993,0.0028942530909654594,-0.005835787926365328
22,1,train,2,1,0.3490658503988659,2.4597812100037117,3,s,af3726fcacd0ac1320a56ea850b0a2c0f5430cf4eb20a45c078706980f08407e,d24fbe3839599a6a097188bae8cd47ce8083f27deef1341ae3086bf0d5a45bd1,a264f9f6df4fae96803cb1057b5fedc2d14ddccb52b4eb699c12be7c2ccc333e,a264f9f6df4fae96803cb1057b5fedc2d14ddccb52b4eb699c12be7c2ccc333e,1787976783.8908863,35367.792,17683955,0,0.9500646591186523,1.3578624725341797,1.579880714416504,-0.00171661376953125,-0.00095367431640625,0.00514984130859375,-0.0073261260986328125,0.33455467224121094,-0.0024423599243164062,-0.03663063049316406,-0.021978378295898438,-0.0073261260986328125,-0.012209892272949219,-3.3982906341552734,6.5025634765625,-1.6336994171142578,0.012209892272949219,-0.1196584701538086,0.0,-4.8925879931722225,7.094539729982512,-1.684895156346594,0.002884582139346268,-0.0058367733037319675
22,1,train,2,1,0.3490658503988659,2.4622810510045383,3,s,af3726fcacd0ac1320a56ea850b0a2c0f5430cf4eb20a45c078706980f08407e,d24fbe3839599a6a097188bae8cd47ce8083f27deef1341ae3086bf0d5a45bd1,a264f9f6df4fae96803cb1057b5fedc2d14ddccb52b4eb699c12be7c2ccc333e,a264f9f6df4fae96803cb1057b5fedc2d14ddccb52b4eb699c12be7c2ccc333e,1787976783.8922012,35367.794,17683956,0,0.9500646591186523,1.3586254119873047,1.579880714416504,-0.00171661376953125,-0.00095367431640625,0.00514984130859375,0.0073261260986328125,0.3150186538696289,-0.0024423599243164062,-0.0073261260986328125,-0.0073261260986328125,-0.0073261260986328125,-0.0073261260986328125,-3.3982906341552734,6.5025634765625,-1.6288156509399414,0.012209892272949219,-0.11477375030517578,0.0,-4.903487168878538,7.097663710324187,-1.685460280890776,0.002874909508679366,-0.005837755283649555
22,1,train,2,1,0.3490658503988659,2.4635947000060696,3,s,af3726fcacd0ac1320a56ea850b0a2c0f5430cf4eb20a45c078706980f08407e,d24fbe3839599a6a097188bae8cd47ce8083f27deef1341ae3086bf0d5a45bd1,a264f9f6df4fae96803cb1057b5fedc2d14ddccb52b4eb699c12be7c2ccc333e,a264f9f6df4fae96803cb1057b5fedc2d14ddccb52b4eb699c12be7c2ccc333e,1787976783.8946426,35367.795999999995,17683957,0,0.9500646591186523,1.3590068817138672,1.579880714416504,-0.00171661376953125,-0.00095367431640625,0.00514984130859375,-0.0073261260986328125,0.3003664016723633,-0.0024423599243164062,-0.021978378295898438,-0.021978378295898438,-0.0073261260986328125,-0.012209892272949219,-3.370939254760742,6.5025634765625,-1.6288156509399414,0.012209892272949219,-0.11477375030517578,0.0,-4.908935686801251,7.099224151339648,-1.6857424752832952,0.002870072565462429,-0.00583824499938626
22,1,train,2,1,0.3490658503988659,2.4660352840000996,3,s,af3726fcacd0ac1320a56ea850b0a2c0f5430cf4eb20a45c078706980f08407e,d24fbe3839599a6a097188bae8cd47ce8083f27deef1341ae3086bf0d5a45bd1,a264f9f6df4fae96803cb1057b5fedc2d14ddccb52b4eb699c12be7c2ccc333e,a264f9f6df4fae96803cb1057b5fedc2d14ddccb52b4eb699c12be7c2ccc333e,1787976783.8965845,35367.797999999995,17683958,0,0.9500646591186523,1.3597698211669922,1.579880714416504,-0.00171661376953125,-0.00095367431640625,0.00514984130859375,-0.0073261260986328125,0.3052501678466797,-0.0024423599243164062,0.0073261260986328125,-0.021978378295898438,-0.0073261260986328125,-0.012209892272949219,-3.452991485595703,6.461540222167969,-1.623931884765625,0.012209892272949219,-0.11477375030517578,0.0,-4.919830578821462,7.102341933924441,-1.686306128103864,0.002860397426780917,-0.005839221882059167
22,1,train,2,1,0.3490658503988659,2.467978407999908,3,s,af3726fcacd0ac1320a56ea850b0a2c0f5430cf4eb20a45c078706980f08407e,d24fbe3839599a6a097188bae8cd47ce8083f27deef1341ae3086bf0d5a45bd1,a264f9f6df4fae96803cb1057b5fedc2d14ddccb52b4eb699c12be7c2ccc333e,a264f9f6df4fae96803cb1057b5fedc2d14ddccb52b4eb699c12be7c2ccc333e,1787976783.8985114,35367.799999999996,17683959,0,0.9500646591186523,1.3605327606201172,1.579880714416504,-0.00171661376953125,-0.00095367431640625,0.00514984130859375,-0.0073261260986328125,0.3199024200439453,-0.0024423599243164062,-0.0073261260986328125,-0.0073261260986328125,-0.0073261260986328125,-0.0073261260986328125,-3.5623931884765625,6.447864532470703,-1.623931884765625,0.017093658447265625,-0.1196584701538086,0.0,-4.930722607123508,7.105455582402323,-1.6868687993651277,0.0028507206231290503,-0.005840195365857766
22,1,train,2,1,0.3490658503988659,2.4699048750044312,3,s,af3726fcacd0ac1320a56ea850b0a2c0f5430cf4eb20a45c078706980f08407e,d24fbe3839599a6a097188bae8cd47ce8083f27deef1341ae3086bf0d5a45bd1,a264f9f6df4fae96803cb1057b5fedc2d14ddccb52b4eb699c12be7c2ccc333e,a264f9f6df4fae96803cb1057b5fedc2d14ddccb52b4eb699c12be7c2ccc333e,1787976783.9003944,35367.801999999996,17683960,0,0.9500646591186523,1.3612957000732422,1.579880714416504,-0.00171661376953125,-0.00095367431640625,0.00514984130859375,-0.0073261260986328125,0.33943843841552734,-0.0024423599243164062,-0.0073261260986328125,-0.0073261260986328125,-0.0073261260986328125,-0.0073261260986328125,-3.576068878173828,6.488887786865234,-1.6288156509399414,0.012209892272949219,-0.1196584701538086,0.0,-4.941611765367402,7.108565094960918,-1.6874304887395697,0.002841042160139469,-0.005841165450215418
22,1,train,2,1,0.3490658503988659,2.4717995320024784,3,s,af3726fcacd0ac1320a56ea850b0a2c0f5430cf4eb20a45c078706980f08407e,d24fbe3839599a6a097188bae8cd47ce8083f27deef1341ae3086bf0d5a45bd1,a264f9f6df4fae96803cb1057b5fedc2d14ddccb52b4eb699c12be7c2ccc333e,a264f9f6df4fae96803cb1057b5fedc2d14ddccb52b4eb699c12be7c2ccc333e,1787976783.902297,35367.804,17683961,0,0.9500646591186523,1.3620586395263672,1.579880714416504,-0.00171661376953125,-0.00095367431640625,0.00514984130859375,-0.021978378295898438,0.35409069061279297,-0.0024423599243164062,0.0073261260986328125,-0.0073261260986328125,-0.0073261260986328125,-0.012209892272949219,-3.6581192016601562,6.488887786865234,-1.6336994171142578,0.012209892272949219,-0.11477375030517578,0.0,-4.952498047214815,7.111670469790245,-1.687991195900241,0.0028313620434457826,-0.005842132134567454
22,1,train,2,1,0.3490658503988659,2.473688240002957,3,s,af3726fcacd0ac1320a56ea850b0a2c0f5430cf4eb20a45c078706980f08407e,d24fbe3839599a6a097188bae8cd47ce8083f27deef1341ae3086bf0d5a45bd1,a264f9f6df4fae96803cb1057b5fedc2d14ddccb52b4eb699c12be7c2ccc333e,a264f9f6df4fae96803cb1057b5fedc2d14ddccb52b4eb699c12be7c2ccc333e,1787976783.9047716,35367.806,17683962,0,0.9500646591186523,1.3628215789794922,1.579880714416504,-0.00171661376953125,-0.00095367431640625,0.00514984130859375,-0.0073261260986328125,0.3638582229614258,-0.0024423599243164062,-0.0073261260986328125,0.0073261260986328125,-0.0073261260986328125,-0.0073261260986328125,-3.6034183502197266,6.488887786865234,-1.6385831832885742,0.012209892272949219,-0.1196584701538086,0.0,-4.963381446329096,7.114771705082741,-1.6885509205207685,0.0028216802786825545,-0.005843095418351193
22,1,train,2,1,0.3490658503988659,2.4761691280000377,3,s,af3726fcacd0ac1320a56ea850b0a2c0f5430cf4eb20a45c078706980f08407e,d24fbe3839599a6a097188bae8cd47ce8083f27deef1341ae3086bf0d5a45bd1,a264f9f6df4fae96803cb1057b5fedc2d14ddccb52b4eb699c12be7c2ccc333e,a264f9f6df4fae96803cb1057b5fedc2d14ddccb52b4eb699c12be7c2ccc333e,1787976783.9070275,35367.808,17683963,0,0.9500646591186523,1.3632030487060547,1.579880714416504,-0.00171661376953125,-0.00095367431640625,0.00514984130859375,-0.0073261260986328125,0.34920597076416016,-0.0024423599243164062,-0.021978378295898438,-0.021978378295898438,-0.0073261260986328125,-0.0073261260986328125,-3.507692337036133,6.516239166259766,-1.6385831832885742,0.012209892272949219,-0.1196584701538086,0.0,-4.96882206288157,7.116320769838472,-1.6888304142766433,0.0028168387800359316,-0.005843575784854651
22,1,train,2,1,0.3490658503988659,2.478426216999651,3,s,af3726fcacd0ac1320a56ea850b0a2c0f5430cf4eb20a45c078706980f08407e,d24fbe3839599a6a097188bae8cd47ce8083f27deef1341ae3086bf0d5a45bd1,a264f9f6df4fae96803cb1057b5fedc2d14ddccb52b4eb699c12be7c2ccc333e,a264f9f6df4fae96803cb1057b5fedc2d14ddccb52b4eb699c12be7c2ccc333e,1787976783.9083796,35367.81,17683964,0,0.9500646591186523,1.3639659881591797,1.579880714416504,-0.00171661376953125,-0.00095367431640625,0.00514984130859375,-0.0073261260986328125,0.33455467224121094,-0.0024423599243164062,-0.021978378295898438,-0.0073261260986328125,-0.0073261260986328125,-0.0073261260986328125,-3.5213680267333984,6.516239166259766,-1.6336994171142578,0.012209892272949219,-0.1196584701538086,0.0,-4.979701126018608,7.119415792441805,-1.6893886644762541,0.002807154553735314,-0.005844533966735242
22,1,train,2,1,0.3490658503988659,2.4797721340000862,3,s,af3726fcacd0ac1320a56ea850b0a2c0f5430cf4eb20a45c078706980f08407e,d24fbe3839599a6a097188bae8cd47ce8083f27deef1341ae3086bf0d5a45bd1,a264f9f6df4fae96803cb1057b5fedc2d14ddccb52b4eb699c12be7c2ccc333e,a264f9f6df4fae96803cb1057b5fedc2d14ddccb52b4eb699c12be7c2ccc333e,1787976783.9102702,35367.812,17683965,0,0.9500646591186523,1.3647289276123047,1.579880714416504,-0.00171661376953125,-0.00095367431640625,0.00514984130859375,-0.021978378295898438,0.3101339340209961,-0.0024423599243164062,-0.0073261260986328125,-0.0073261260986328125,-0.0073261260986328125,-0.0073261260986328125,-3.452991485595703,6.529914855957031,-1.6336994171142578,0.012209892272949219,-0.1196584701538086,0.0,-4.990577290588244,7.122506670999937,-1.689945931322287,0.0027974686934557763,-0.00584548874664948
22,1,train,2,1,0.3490658503988659,2.481665036000777,3,s,af3726fcacd0ac1320a56ea850b0a2c0f5430cf4eb20a45c078706980f08407e,d24fbe3839599a6a097188bae8cd47ce8083f27deef1341ae3086bf0d5a45bd1,a264f9f6df4fae96803cb1057b5fedc2d14ddccb52b4eb699c12be7c2ccc333e,a264f9f6df4fae96803cb1057b5fedc2d14ddccb52b4eb699c12be7c2ccc333e,1787976783.9127595,35367.814,17683966,0,0.9500646591186523,1.3651103973388672,1.579880714416504,-0.00171661376953125,-0.00095367431640625,0.00514984130859375,-0.0073261260986328125,0.3003664016723633,-0.0024423599243164062,-0.0073261260986328125,-0.0073261260986328125,-0.0073261260986328125,-0.0073261260986328125,-3.4666671752929688,6.5025634765625,-1.6336994171142578,0.012209892272949219,-0.1196584701538086,0.0,-4.996014283931849,7.124050555699725,-1.6902241958863229,0.0027926251523357182,-0.005845964860695468
22,1,train,2,1,0.3490658503988659,2.4841544260052615,3,s,af3726fcacd0ac1320a56ea850b0a2c0f5430cf4eb20a45c078706980f08407e,d24fbe3839599a6a097188bae8cd47ce8083f27deef1341ae3086bf0d5a45bd1,a264f9f6df4fae96803cb1057b5fedc2d14ddccb52b4eb699c12be7c2ccc333e,a264f9f6df4fae96803cb1057b5fedc2d14ddccb52b4eb699c12be7c2ccc333e,1787976783.914712,35367.816,17683967,0,0.9500646591186523,1.3658733367919922,1.579880714416504,-0.00171661376953125,-0.00095367431640625,0.00514984130859375,0.0073261260986328125,0.3052501678466797,-0.0024423599243164062,0.0073261260986328125,-0.0073261260986328125,-0.0073261260986328125,-0.0073261260986328125,-3.617094039916992,6.488887786865234,-1.6385831832885742,0.012209892272949219,-0.1196584701538086,0.0,-5.006886088780732,7.127135214817445,-1.6907799870939715,0.0027829368516591717,-0.005846914536618765
22,1,train,2,1,0.3490658503988659,2.4861231399991084,3,s,af3726fcacd0ac1320a56ea850b0a2c0f5430cf4eb20a45c078706980f08407e,d24fbe3839599a6a097188bae8cd47ce8083f27deef1341ae3086bf0d5a45bd1,a264f9f6df4fae96803cb1057b5fedc2d14ddccb52b4eb699c12be7c2ccc333e,a264f9f6df4fae96803cb1057b5fedc2d14ddccb52b4eb699c12be7c2ccc333e,1787976783.9166377,35367.818,17683968,0,0.9500646591186523,1.3666362762451172,1.579880714416504,-0.00171661376953125,-0.00095367431640625,0.00514984130859375,-0.021978378295898438,0.3247861862182617,-0.0024423599243164062,0.0073261260986328125,-0.0073261260986328125,-0.0073261260986328125,-0.0073261260986328125,-3.6991443634033203,6.475212097167969,-1.643467903137207,0.012209892272949219,-0.11477375030517578,0.0,-5.017754979238474,7.130215725396663,-1.691334794138186,0.0027732469311002586,-0.005847860809190038
22,1,train,2,1,0.3490658503988659,2.4880331750027835,3,s,af3726fcacd0ac1320a56ea850b0a2c0f5430cf4eb20a45c078706980f08407e,d24fbe3839599a6a097188bae8cd47ce8083f27deef1341ae3086bf0d5a45bd1,a264f9f6df4fae96803cb1057b5fedc2d14ddccb52b4eb699c12be7c2ccc333e,a264f9f6df4fae96803cb1057b5fedc2d14ddccb52b4eb699c12be7c2ccc333e,1787976783.9185412,35367.82,17683969,0,0.9500646591186523,1.3673992156982422,1.579880714416504,-0.00171661376953125,-0.00095367431640625,0.00514984130859375,0.0073261260986328125,0.3638582229614258,-0.0024423599243164062,-0.021978378295898438,-0.0073261260986328125,-0.0073261260986328125,-0.0073261260986328125,-3.8085460662841797,6.5025634765625,-1.643467903137207,0.012209892272949219,-0.11477375030517578,0.0,-5.028620948978556,7.133292085644293,-1.6918886166960263,0.002763555396299251,-0.005848803677858489
22,1,train,2,1,0.3490658503988659,2.489935494006204,3,s,af3726fcacd0ac1320a56ea850b0a2c0f5430cf4eb20a45c078706980f08407e,d24fbe3839599a6a097188bae8cd47ce8083f27deef1341ae3086bf0d5a45bd1,a264f9f6df4fae96803cb1057b5fedc2d14ddccb52b4eb699c12be7c2ccc333e,a264f9f6df4fae96803cb1057b5fedc2d14ddccb52b4eb699c12be7c2ccc333e,1787976783.920449,35367.822,17683970,0,0.9500646591186523,1.3681621551513672,1.579880714416504,-0.00171661376953125,-0.00095367431640625,0.00514984130859375,-0.0073261260986328125,0.3882780075073242,-0.0024423599243164062,0.0073261260986328125,-0.0073261260986328125,-0.0073261260986328125,-0.0073261260986328125,-3.8905982971191406,6.543590545654297,-1.6483516693115234,0.012209892272949219,-0.1196584701538086,0.0,-5.039483991676144,7.136364293769649,-1.6924414544451243,0.00275386225289737,-0.005849743142075286
22,1,train,2,1,0.3490658503988659,2.491860270005418,3,s,af3726fcacd0ac1320a56ea850b0a2c0f5430cf4eb20a45c078706980f08407e,d24fbe3839599a6a097188bae8cd47ce8083f27deef1341ae3086bf0d5a45bd1,a264f9f6df4fae96803cb1057b5fedc2d14ddccb52b4eb699c12be7c2ccc333e,a264f9f6df4fae96803cb1057b5fedc2d14ddccb52b4eb699c12be7c2ccc333e,1787976783.9223778,35367.824,17683971,0,0.9500646591186523,1.3689250946044922,1.579880714416504,-0.00171661376953125,-0.00095367431640625,0.00514984130859375,-0.021978378295898438,0.41758251190185547,-0.0024423599243164062,0.0073261260986328125,-0.0073261260986328125,-0.0073261260986328125,-0.012209892272949219,-3.8495731353759766,6.5572662353515625,-1.6483516693115234,0.012209892272949219,-0.1196584701538086,0.0,-5.050344101008128,7.139432347984485,-1.6929933070636887,0.0027441675065367644,-0.005850679201293601
22,1,train,2,1,0.3490658503988659,2.49376740000298,3,s,af3726fcacd0ac1320a56ea850b0a2c0f5430cf4eb20a45c078706980f08407e,d24fbe3839599a6a097188bae8cd47ce8083f27deef1341ae3086bf0d5a45bd1,a264f9f6df4fae96803cb1057b5fedc2d14ddccb52b4eb699c12be7c2ccc333e,a264f9f6df4fae96803cb1057b5fedc2d14ddccb52b4eb699c12be7c2ccc333e,1787976783.9242673,35367.826,17683972,0,0.9500646591186523,1.3696880340576172,1.579880714416504,-0.00171661376953125,-0.00095367431640625,0.00514984130859375,-0.0073261260986328125,0.41269874572753906,-0.0024423599243164062,-0.0073261260986328125,-0.021978378295898438,-0.0073261260986328125,-0.012209892272949219,-3.8222217559814453,6.516239166259766,-1.6532354354858398,0.017093658447265625,-0.1196584701538086,0.0,-5.061201270653082,7.1424962465029465,-1.6935441742304964,0.0027344711628605202,-0.0058516118549685695
22,1,train,2,1,0.3490658503988659,2.4956617390052998,3,s,af3726fcacd0ac1320a56ea850b0a2c0f5430cf4eb20a45c078706980f08407e,d24fbe3839599a6a097188bae8cd47ce8083f27deef1341ae3086bf0d5a45bd1,a264f9f6df4fae96803cb1057b5fedc2d14ddccb52b4eb699c12be7c2ccc333e,a264f9f6df4fae96803cb1057b5fedc2d14ddccb52b4eb699c12be7c2ccc333e,1787976783.9267886,35367.828,17683973,0,0.9500646591186523,1.3704509735107422,1.579880714416504,-0.00171661376953125,-0.00095367431640625,0.00514984130859375,-0.0073261260986328125,0.3882780075073242,-0.0024423599243164062,-0.0073261260986328125,-0.021978378295898438,-0.0073261260986328125,-0.012209892272949219,-3.6991443634033203,6.516239166259766,-1.6532354354858398,0.017093658447265625,-0.1196584701538086,0.0,-5.072055494291305,7.145555987541615,-1.6940940556249025,0.0027247732275126474,-0.005852541102557317
22,1,train,2,1,0.3490658503988659,2.4981813820049865,3,s,af3726fcacd0ac1320a56ea850b0a2c0f5430cf4eb20a45c078706980f08407e,d24fbe3839599a6a097188bae8cd47ce8083f27deef1341ae3086bf0d5a45bd1,a264f9f6df4fae96803cb1057b5fedc2d14ddccb52b4eb699c12be7c2ccc333e,a264f9f6df4fae96803cb1057b5fedc2d14ddccb52b4eb699c12be7c2ccc333e,1787976783.9286833,35367.83,17683974,0,0.9500646591186523,1.3712139129638672,1.579880714416504,-0.00171661376953125,-0.00095367431640625,0.00514984130859375,-0.0073261260986328125,0.3589744567871094,-0.0024423599243164062,-0.0073261260986328125,-0.0073261260986328125,-0.0073261260986328125,-0.012209892272949219,-3.671794891357422,6.529914855957031,-1.6532354354858398,0.017093658447265625,-0.1196584701538086,0.0,-5.0829067656048075,7.148611569319483,-1.694642950926832,0.002715073706138095,-0.005853466943518948
22,1,train,2,1,0.3490658503988659,2.5000786580058048,3,s,af3726fcacd0ac1320a56ea850b0a2c0f5430cf4eb20a45c078706980f08407e,d24fbe3839599a6a097188bae8cd47ce8083f27deef1341ae3086bf0d5a45bd1,a264f9f6df4fae96803cb1057b5fedc2d14ddccb52b4eb699c12be7c2ccc333e,a264f9f6df4fae96803cb1057b5fedc2d14ddccb52b4eb699c12be7c2ccc333e,1787976783.9305856,35367.831999999995,17683975,0,0.9500646591186523,1.3719768524169922,1.579880714416504,-0.00171661376953125,-0.00095367431640625,0.00514984130859375,-0.0073261260986328125,0.3296699523925781,-0.0024423599243164062,-0.0073261260986328125,-0.0073261260986328125,-0.0073261260986328125,-0.012209892272949219,-3.671794891357422,6.529914855957031,-1.6532354354858398,0.017093658447265625,-0.1196584701538086,0.0,-5.093755078277319,7.151662990057972,-1.6951908598167869,0.0027053726043827202,-0.005854389377314556
22,1,train,2,1,0.3490658503988659,2.5019786410048255,3,s,af3726fcacd0ac1320a56ea850b0a2c0f5430cf4eb20a45c078706980f08407e,d24fbe3839599a6a097188bae8cd47ce8083f27deef1341ae3086bf0d5a45bd1,a264f9f6df4fae96803cb1057b5fedc2d14ddccb52b4eb699c12be7c2ccc333e,a264f9f6df4fae96803cb1057b5fedc2d14ddccb52b4eb699c12be7c2ccc333e,1787976783.932486,35367.833999999995,17683976,0,0.9500646591186523,1.3723583221435547,1.579880714416504,-0.00171661376953125,-0.00095367431640625,0.00514984130859375,-0.0073261260986328125,0.3199024200439453,-0.0024423599243164062,-0.021978378295898438,0.0073261260986328125,-0.0073261260986328125,-0.0073261260986328125,-3.671794891357422,6.5572662353515625,-1.6532354354858398,0.017093658447265625,-0.1196584701538086,0.0,-5.0991781231498425,7.153187139482307,-1.6954644442575884,0.0027005214626268106,-0.005854849316357234
22,1,train,2,1,0.3490658503988659,2.503877333001583,3,s,af3726fcacd0ac1320a56ea850b0a2c0f5430cf4eb20a45c078706980f08407e,d24fbe3839599a6a097188bae8cd47ce8083f27deef1341ae3086bf0d5a45bd1,a264f9f6df4fae96803cb1057b5fedc2d14ddccb52b4eb699c12be7c2ccc333e,a264f9f6df4fae96803cb1057b5fedc2d14ddccb52b4eb699c12be7c2ccc333e,1787976783.9343626,35367.835999999996,17683977,0,0.9500646591186523,1.3731212615966797,1.579880714416504,-0.00171661376953125,-0.00095367431640625,0.00514984130859375,-0.0073261260986328125,0.33455467224121094,-0.0024423599243164062,-0.0073261260986328125,-0.021978378295898438,-0.0073261260986328125,-0.0073261260986328125,-3.7675209045410156,6.584613800048828,-1.6532354354858398,0.012209892272949219,-0.1196584701538086,0.0,-5.110021986021626,7.15623231533218,-1.6960108729317758,0.0026908180008882133,-0.005855766638397685
22,1,train,2,1,0.3490658503988659,2.5057507830060786,3,s,af3726fcacd0ac1320a56ea850b0a2c0f5430cf4eb20a45c078706980f08407e,d24fbe3839599a6a097188bae8cd47ce8083f27deef1341ae3086bf0d5a45bd1,a264f9f6df4fae96803cb1057b5fedc2d14ddccb52b4eb699c12be7c2ccc333e,a264f9f6df4fae96803cb1057b5fedc2d14ddccb52b4eb699c12be7c2ccc333e,1787976783.9368494,35367.837999999996,17683978,0,0.9500646591186523,1.3738842010498047,1.579880714416504,-0.00171661376953125,-0.00095367431640625,0.00514984130859375,-0.021978378295898438,0.35409069061279297,-0.0024423599243164062,-0.0073261260986328125,-0.021978378295898438,-0.0073261260986328125,-0.0073261260986328125,-3.7811965942382812,6.598289489746094,-1.6532354354858398,0.012209892272949219,-0.1196584701538086,0.0,-5.120862874469284,7.159273325706816,-1.6965563143977542,0.0026811129728874753,-0.005856680551933513
22,1,train,2,1,0.3490658503988659,2.5082399910024833,3,s,af3726fcacd0ac1320a56ea850b0a2c0f5430cf4eb20a45c078706980f08407e,d24fbe3839599a6a097188bae8cd47ce8083f27deef1341ae3086bf0d5a45bd1,a264f9f6df4fae96803cb1057b5fedc2d14ddccb52b4eb699c12be7c2ccc333e,a264f9f6df4fae96803cb1057b5fedc2d14ddccb52b4eb699c12be7c2ccc333e,1787976783.9387212,35367.84,17683979,0,0.9500646591186523,1.3746471405029297,1.579880714416504,-0.00171661376953125,-0.00095367431640625,0.00514984130859375,-0.021978378295898438,0.373626708984375,-0.0024423599243164062,-0.0073261260986328125,0.0073261260986328125,-0.0073261260986328125,-0.0073261260986328125,-3.794872283935547,6.611965179443359,-1.6532354354858398,0.012209892272949219,-0.1196584701538086,0.0,-5.131700782182589,7.162310168836112,-1.697100768338033,0.0026714063842736644,-0.005857591056432748
22,1,train,2,1,0.3490658503988659,2.5101227670020307,3,s,af3726fcacd0ac1320a56ea850b0a2c0f5430cf4eb20a45c078706980f08407e,d24fbe3839599a6a097188bae8cd47ce8083f27deef1341ae3086bf0d5a45bd1,a264f9f6df4fae96803cb1057b5fedc2d14ddccb52b4eb699c12be7c2ccc333e,a264f9f6df4fae96803cb1057b5fedc2d14ddccb52b4eb699c12be7c2ccc333e,1787976783.9406042,35367.842,17683980,0,0.9500646591186523,1.3754100799560547,1.579880714416504,-0.00171661376953125,-0.00095367431640625,0.00514984130859375,-0.0073261260986328125,0.3833942413330078,-0.0024423599243164062,-0.0073261260986328125,0.0073261260986328125,-0.0073261260986328125,-0.0073261260986328125,-3.8085460662841797,6.543590545654297,-1.6532354354858398,0.012209892272949219,-0.11477375030517578,0.0,-5.14253570285305,7.165342842952395,-1.6976442344356995,0.0026616982406967573,-0.005858498151365411
22,1,train,2,1,0.3490658503988659,2.5120132170050056,3,s,af3726fcacd0ac1320a56ea850b0a2c0f5430cf4eb20a45c078706980f08407e,d24fbe3839599a6a097188bae8cd47ce8083f27deef1341ae3086bf0d5a45bd1,a264f9f6df4fae96803cb1057b5fedc2d14ddccb52b4eb699c12be7c2ccc333e,a264f9f6df4fae96803cb1057b5fedc2d14ddccb52b4eb699c12be7c2ccc333e,1787976783.9425132,35367.844,17683981,0,0.9500646591186523,1.3761730194091797,1.579880714416504,-0.00171661376953125,-0.00095367431640625,0.00514984130859375,-0.0073261260986328125,0.373626708984375,-0.0024423599243164062,-0.0073261260986328125,0.0073261260986328125,-0.0073261260986328125,-0.0073261260986328125,-3.6991443634033203,6.543590545654297,-1.6483516693115234,0.012209892272949219,-0.11477375030517578,0.0,-5.153367630173912,7.1683713462904155,-1.698186712374415,0.002651988547807641,-0.005859401836203501
22,1,train,2,1,0.3490658503988659,2.513911175003159,3,s,af3726fcacd0ac1320a56ea850b0a2c0f5430cf4eb20a45c078706980f08407e,d24fbe3839599a6a097188bae8cd47ce8083f27deef1341ae3086bf0d5a45bd1,a264f9f6df4fae96803cb1057b5fedc2d14ddccb52b4eb699c12be7c2ccc333e,a264f9f6df4fae96803cb1057b5fedc2d14ddccb52b4eb699c12be7c2ccc333e,1787976783.9444523,35367.846,17683982,0,0.9500646591186523,1.3769359588623047,1.579880714416504,-0.00171661376953125,-0.00095367431640625,0.00514984130859375,-0.021978378295898438,0.33943843841552734,-0.0024423599243164062,-0.0073261260986328125,-0.021978378295898438,-0.0073261260986328125,-0.0073261260986328125,-3.6854705810546875,6.543590545654297,-1.6483516693115234,0.0073261260986328125,-0.1196584701538086,0.0,-5.164196557840163,7.171395677087351,-1.6987282018384149,0.0026422773112580976,-0.005860302110421004
22,1,train,2,1,0.3490658503988659,2.515846018002776,3,s,af3726fcacd0ac1320a56ea850b0a2c0f5430cf4eb20a45c078706980f08407e,d24fbe3839599a6a097188bae8cd47ce8083f27deef1341ae3086bf0d5a45bd1,a264f9f6df4fae96803cb1057b5fedc2d14ddccb52b4eb699c12be7c2ccc333e,a264f9f6df4fae96803cb1057b5fedc2d14ddccb52b4eb699c12be7c2ccc333e,1787976783.94635,35367.848,17683983,0,0.9500646591186523,1.3773174285888672,1.579880714416504,-0.00171661376953125,-0.00095367431640625,0.00514984130859375,0.0073261260986328125,0.3052501678466797,-0.0024423599243164062,-0.0073261260986328125,-0.021978378295898438,-0.0073261260986328125,-0.0073261260986328125,-3.6581192016601562,6.543590545654297,-1.6483516693115234,0.012209892272949219,-0.1196584701538086,0.0,-5.169609894832968,7.172906277232692,-1.6989985757938775,0.0026374211158770953,-0.005860750968383196
22,1,train,2,1,0.3490658503988659,2.517741849005688,3,s,af3726fcacd0ac1320a56ea850b0a2c0f5430cf4eb20a45c078706980f08407e,d24fbe3839599a6a097188bae8cd47ce8083f27deef1341ae3086bf0d5a45bd1,a264f9f6df4fae96803cb1057b5fedc2d14ddccb52b4eb699c12be7c2ccc333e,a264f9f6df4fae96803cb1057b5fedc2d14ddccb52b4eb699c12be7c2ccc333e,1787976783.9488788,35367.85,17683984,0,0.9500646591186523,1.3780803680419922,1.579880714416504,-0.00171661376953125,-0.00095367431640625,0.00514984130859375,-0.0073261260986328125,0.28083038330078125,-0.0024423599243164062,-0.0073261260986328125,-0.0073261260986328125,-0.0073261260986328125,-0.0073261260986328125,-3.617094039916992,6.5572662353515625,-1.6483516693115234,0.0073261260986328125,-0.11477375030517578,0.0,-5.180434311199233,7.17592434591803,-1.699538581955007,0.0026277075744359736,-0.00586164612568789
22,1,train,2,1,0.3490658503988659,2.520273760004784,3,s,af3726fcacd0ac1320a56ea850b0a2c0f5430cf4eb20a45c078706980f08407e,d24fbe3839599a6a097188bae8cd47ce8083f27deef1341ae3086bf0d5a45bd1,a264f9f6df4fae96803cb1057b5fedc2d14ddccb52b4eb699c12be7c2ccc333e,a264f9f6df4fae96803cb1057b5fedc2d14ddccb52b4eb699c12be7c2ccc333e,1787976783.9508295,35367.852,17683985,0,0.9500646591186523,1.3788433074951172,1.579880714416504,-0.00171661376953125,-0.00095367431640625,0.00514984130859375,-0.0073261260986328125,0.27594661712646484,-0.0024423599243164062,-0.021978378295898438,-0.021978378295898438,-0.0073261260986328125,-0.0073261260986328125,-3.6991443634033203,6.543590545654297,-1.6483516693115234,0.012209892272949219,-0.1196584701538086,0.0,-5.191255712156,7.178938237665855,-1.7000775988545285,0.0026179925034678113,-0.005862537871065641
22,1,train,2,1,0.3490658503988659,2.522223327003303,3,s,af3726fcacd0ac1320a56ea850b0a2c0f5430cf4eb20a45c078706980f08407e,d24fbe3839599a6a097188bae8cd47ce8083f27deef1341ae3086bf0d5a45bd1,a264f9f6df4fae96803cb1057b5fedc2d14ddccb52b4eb699c12be7c2ccc333e,a264f9f6df4fae96803cb1057b5fedc2d14ddccb52b4eb699c12be7c2ccc333e,1787976783.9527311,35367.854,17683986,0,0.9500646591186523,1.3792247772216797,1.579880714416504,-0.00171661376953125,-0.00095367431640625,0.00514984130859375,-0.0073261260986328125,0.2954826354980469,-0.0024423599243164062,-0.0073261260986328125,0.0073261260986328125,-0.0073261260986328125,-0.0073261260986328125,-3.8085460662841797,6.570941925048828,-1.6483516693115234,0.012209892272949219,-0.1196584701538086,0.0,-5.196665279887356,7.180443616639885,-1.7003467362331177,0.0026131343961782157,-0.005862982464119633
22,1,train,2,1,0.3490658503988659,2.524124205003318,3,s,af3726fcacd0ac1320a56ea850b0a2c0f5430cf4eb20a45c078706980f08407e,d24fbe3839599a6a097188bae8cd47ce8083f27deef1341ae3086bf0d5a45bd1,a264f9f6df4fae96803cb1057b5fedc2d14ddccb52b4eb699c12be7c2ccc333e,a264f9f6df4fae96803cb1057b5fedc2d14ddccb52b4eb699c12be7c2ccc333e,1787976783.9546058,35367.856,17683987,0,0.9500646591186523,1.3799877166748047,1.579880714416504,-0.00171661376953125,-0.00095367431640625,0.00514984130859375,-0.0073261260986328125,0.3296699523925781,-0.0024423599243164062,0.0073261260986328125,-0.0073261260986328125,-0.0073261260986328125,-0.0073261260986328125,-3.8632469177246094,6.570941925048828,-1.6483516693115234,0.012209892272949219,-0.1196584701538086,0.0,-5.207482145920027,7.1834512396928645,-1.7008842686521293,0.002603417041522735,-0.0058638690906343575
22,1,train,2,1,0.3490658503988659,2.525992880000558,3,s,af3726fcacd0ac1320a56ea850b0a2c0f5430cf4eb20a45c078706980f08407e,d24fbe3839599a6a097188bae8cd47ce8083f27deef1341ae3086bf0d5a45bd1,a264f9f6df4fae96803cb1057b5fedc2d14ddccb52b4eb699c12be7c2ccc333e,a264f9f6df4fae96803cb1057b5fedc2d14ddccb52b4eb699c12be7c2ccc333e,1787976783.956483,35367.858,17683988,0,0.9500646591186523,1.3807506561279297,1.579880714416504,-0.00171661376953125,-0.00095367431640625,0.00514984130859375,-0.0073261260986328125,0.3687419891357422,-0.0024423599243164062,0.0073261260986328125,-0.0073261260986328125,-0.0073261260986328125,-0.0073261260986328125,-4.0,6.5572662353515625,-1.6532354354858398,0.012209892272949219,-0.1196584701538086,0.0,-5.2182959807993,7.186454681427111,-1.7014208110262417,0.0025936981714791653,-0.005864752303928215
22,1,train,2,1,0.3490658503988659,2.527877933003765,3,s,af3726fcacd0ac1320a56ea850b0a2c0f5430cf4eb20a45c078706980f08407e,d24fbe3839599a6a097188bae8cd47ce8083f27deef1341ae3086bf0d5a45bd1,a264f9f6df4fae96803cb1057b5fedc2d14ddccb52b4eb699c12be7c2ccc333e,a264f9f6df4fae96803cb1057b5fedc2d14ddccb52b4eb699c12be7c2ccc333e,1787976783.958368,35367.86,17683989,0,0.9500646591186523,1.3815135955810547,1.579880714416504,-0.00171661376953125,-0.00095367431640625,0.00514984130859375,0.0073261260986328125,0.39804649353027344,-0.0024423599243164062,-0.0073261260986328125,-0.0073261260986328125,-0.0073261260986328125,-0.0073261260986328125,-4.013675689697266,6.570941925048828,-1.6532354354858398,0.012209892272949219,-0.11477375030517578,0.0,-5.229106778230688,7.189453940094387,-1.701956363043146,0.0025839777917046336,-0.005865632103487101
22,1,train,2,1,0.3490658503988659,2.5297602450009435,3,s,af3726fcacd0ac1320a56ea850b0a2c0f5430cf4eb20a45c078706980f08407e,d24fbe3839599a6a097188bae8cd47ce8083f27deef1341ae3086bf0d5a45bd1,a264f9f6df4fae96803cb1057b5fedc2d14ddccb52b4eb699c12be7c2ccc333e,a264f9f6df4fae96803cb1057b5fedc2d14ddccb52b4eb699c12be7c2ccc333e,1787976783.9608405,35367.862,17683990,0,0.9500646591186523,1.3822765350341797,1.579880714416504,-0.00133514404296875,-0.00095367431640625,0.00514984130859375,0.0073261260986328125,0.40781402587890625,-0.0024423599243164062,0.0073261260986328125,-0.021978378295898438,-0.0073261260986328125,-0.0073261260986328125,-4.013675689697266,6.598289489746094,-1.6581192016601562,0.012209892272949219,-0.11477375030517578,0.0,-5.240181440997352,7.192715923024765,-1.7027578334669795,0.0025693944036744016,-0.005866945400952665
22,1,train,2,1,0.3490658503988659,2.5322497880042647,3,s,af3726fcacd0ac1320a56ea850b0a2c0f5430cf4eb20a45c078706980f08407e,d24fbe3839599a6a097188bae8cd47ce8083f27deef1341ae3086bf0d5a45bd1,a264f9f6df4fae96803cb1057b5fedc2d14ddccb52b4eb699c12be7c2ccc333e,a264f9f6df4fae96803cb1057b5fedc2d14ddccb52b4eb699c12be7c2ccc333e,1787976783.9628031,35367.864,17683991,0,0.9500646591186523,1.3830394744873047,1.579880714416504,-0.00171661376953125,-0.00095367431640625,0.00514984130859375,-0.0073261260986328125,0.39316272735595703,-0.0024423599243164062,-0.0073261260986328125,-0.0073261260986328125,-0.0073261260986328125,-0.0073261260986328125,-3.9863243103027344,6.611965179443359,-1.6581192016601562,0.012209892272949219,-0.11477375030517578,0.0,-5.250719235580736,7.195439901247268,-1.7030244947589752,0.002564532525595573,-0.00586738145935351
22,1,train,2,1,0.3490658503988659,2.534201659000246,3,s,af3726fcacd0ac1320a56ea850b0a2c0f5430cf4eb20a45c078706980f08407e,d24fbe3839599a6a097188bae8cd47ce8083f27deef1341ae3086bf0d5a45bd1,a264f9f6df4fae96803cb1057b5fedc2d14ddccb52b4eb699c12be7c2ccc333e,a264f9f6df4fae96803cb1057b5fedc2d14ddccb52b4eb699c12be7c2ccc333e,1787976783.9647667,35367.866,17683992,0,0.9500646591186523,1.3838024139404297,1.579880714416504,-0.00171661376953125,-0.00095367431640625,0.00514984130859375,-0.0073261260986328125,0.373626708984375,-0.0024423599243164062,-0.021978378295898438,-0.0073261260986328125,-0.0073261260986328125,-0.0073261260986328125,-3.9042739868164062,6.625640869140625,-1.6581192016601562,0.017093658447265625,-0.11477375030517578,0.0,-5.2615208829193,7.198426600248594,-1.7035570738361683,0.002554807650579677,-0.005868251014642778
22,1,train,2,1,0.3490658503988659,2.536167778001982,3,s,af3726fcacd0ac1320a56ea850b0a2c0f5430cf4eb20a45c078706980f08407e,d24fbe3839599a6a097188bae8cd47ce8083f27deef1341ae3086bf0d5a45bd1,a264f9f6df4fae96803cb1057b5fedc2d14ddccb52b4eb699c12be7c2ccc333e,a264f9f6df4fae96803cb1057b5fedc2d14ddccb52b4eb699c12be7c2ccc333e,1787976783.9667008,35367.867999999995,17683993,0,0.9500646591186523,1.3845653533935547,1.579880714416504,-0.00171661376953125,-0.00095367431640625,0.00514984130859375,-0.0073261260986328125,0.35409069061279297,-0.0024423599243164062,0.0073261260986328125,-0.0073261260986328125,-0.0073261260986328125,-0.0073261260986328125,-3.9042739868164062,6.639316558837891,-1.6581192016601562,0.017093658447265625,-0.11477375030517578,0.0,-5.272319467649771,7.20140910921437,-1.7040886613126829,0.0025450812884700853,-0.005869117154160553
22,1,train,2,1,0.3490658503988659,2.538130851004098,3,s,af3726fcacd0ac1320a56ea850b0a2c0f5430cf4eb20a45c078706980f08407e,d24fbe3839599a6a097188bae8cd47ce8083f27deef1341ae3086bf0d5a45bd1,a264f9f6df4fae96803cb1057b5fedc2d14ddccb52b4eb699c12be7c2ccc333e,a264f9f6df4fae96803cb1057b5fedc2d14ddccb52b4eb699c12be7c2ccc333e,1787976783.9686935,35367.869999999995,17683994,0,0.9500646591186523,1.3853282928466797,1.579880714416504,-0.00171661376953125,-0.00095367431640625,0.00514984130859375,-0.021978378295898438,0.33455467224121094,-0.0024423599243164062,-0.0073261260986328125,0.0073261260986328125,-0.0073261260986328125,-0.0073261260986328125,-3.8495731353759766,6.611965179443359,-1.6581192016601562,0.017093658447265625,-0.11477375030517578,0.0,-5.283114983486552,7.204387426408554,-1.7046192568790959,0.0025353534449282763,-0.005869979877402686
22,1,train,2,1,0.3490658503988659,2.5400916460057488,3,s,af3726fcacd0ac1320a56ea850b0a2c0f5430cf4eb20a45c078706980f08407e,d24fbe3839599a6a097188bae8cd47ce8083f27deef1341ae3086bf0d5a45bd1,a264f9f6df4fae96803cb1057b5fedc2d14ddccb52b4eb699c12be7c2ccc333e,a264f9f6df4fae96803cb1057b5fedc2d14ddccb52b4eb699c12be7c2ccc333e,1787976783.9705997,35367.871999999996,17683995,0,0.9500646591186523,1.3860912322998047,1.579880714416504,-0.00171661376953125,-0.00095367431640625,0.00514984130859375,-0.0073261260986328125,0.33455467224121094,-0.0024423599243164062,-0.0073261260986328125,-0.021978378295898438,-0.0073261260986328125,-0.0073261260986328125,-3.876922607421875,6.625640869140625,-1.6581192016601562,0.012209892272949219,-0.11477375030517578,0.0,-5.293907424145834,7.207361550097543,-1.7051488602265614,0.002525624125616601,-0.005870839183867003
22,1,train,2,1,0.3490658503988659,2.5419889140030136,3,s,af3726fcacd0ac1320a56ea850b0a2c0f5430cf4eb20a45c078706980f08407e,d24fbe3839599a6a097188bae8cd47ce8083f27deef1341ae3086bf0d5a45bd1,a264f9f6df4fae96803cb1057b5fedc2d14ddccb52b4eb699c12be7c2ccc333e,a264f9f6df4fae96803cb1057b5fedc2d14ddccb52b4eb699c12be7c2ccc333e,1787976783.9724622,35367.873999999996,17683996,0,0.9500646591186523,1.3868541717529297,1.579880714416504,-0.00171661376953125,-0.00095367431640625,0.00514984130859375,-0.0073261260986328125,0.3638582229614258,-0.0024423599243164062,-0.0073261260986328125,-0.0073261260986328125,-0.0073261260986328125,-0.0073261260986328125,-3.9726486206054688,6.639316558837891,-1.6581192016601562,0.012209892272949219,-0.11477375030517578,0.0,-5.304696783345576,7.210331478550158,-1.7056774710468074,0.0025158933361982736,-0.005871695073053317
22,1,train,2,1,0.3490658503988659,2.543847729000845,3,s,af3726fcacd0ac1320a56ea850b0a2c0f5430cf4eb20a45c078706980f08407e,d24fbe3839599a6a097188bae8cd47ce8083f27deef1341ae3086bf0d5a45bd1,a264f9f6df4fae96803cb1057b5fedc2d14ddccb52b4eb699c12be7c2ccc333e,a264f9f6df4fae96803cb1057b5fedc2d14ddccb52b4eb699c12be7c2ccc333e,1787976783.9743073,35367.876,17683997,0,0.9500646591186523,1.3876171112060547,1.579880714416504,-0.00171661376953125,-0.00095367431640625,0.00514984130859375,-0.0073261260986328125,0.3833942413330078,-0.0024423599243164062,-0.0073261260986328125,0.0073261260986328125,-0.0073261260986328125,-0.0073261260986328125,-4.0,6.666667938232422,-1.6581192016601562,0.017093658447265625,-0.11477375030517578,0.0,-5.315483054805554,7.21329721003768,-1.7062050890321425,0.00250616108233735,-0.005872547544463443
22,1,train,2,1,0.3490658503988659,2.5456917340052314,3,s,af3726fcacd0ac1320a56ea850b0a2c0f5430cf4eb20a45c078706980f08407e,d24fbe3839599a6a097188bae8cd47ce8083f27deef1341ae3086bf0d5a45bd1,a264f9f6df4fae96803cb1057b5fedc2d14ddccb52b4eb699c12be7c2ccc333e,a264f9f6df4fae96803cb1057b5fedc2d14ddccb52b4eb699c12be7c2ccc333e,1787976783.976737,35367.878,17683998,0,0.9500646591186523,1.3883800506591797,1.579880714416504,-0.00171661376953125,-0.00095367431640625,0.00514984130859375,-0.0073261260986328125,0.39316272735595703,-0.0024423599243164062,0.0073261260986328125,0.0073261260986328125,-0.0073261260986328125,-0.0073261260986328125,-4.109401702880859,6.666667938232422,-1.6581192016601562,0.012209892272949219,-0.11477375030517578,0.0,-5.326266232247328,7.2162587428338245,-1.7067317138754536,0.0024964273696987554,-0.005873396597601169
22,1,train,2,1,0.3490658503988659,2.548126851004781,3,s,af3726fcacd0ac1320a56ea850b0a2c0f5430cf4eb20a45c078706980f08407e,d24fbe3839599a6a097188bae8cd47ce8083f27deef1341ae3086bf0d5a45bd1,a264f9f6df4fae96803cb1057b5fedc2d14ddccb52b4eb699c12be7c2ccc333e,a264f9f6df4fae96803cb1057b5fedc2d14ddccb52b4eb699c12be7c2ccc333e,1787976783.9786057,35367.88,17683999,0,0.9500646591186523,1.3891429901123047,1.579880714416504,-0.00171661376953125,-0.00095367431640625,0.00514984130859375,-0.0073261260986328125,0.39316272735595703,-0.0024423599243164062,0.0073261260986328125,-0.0073261260986328125,-0.0073261260986328125,-0.0073261260986328125,-4.05470085144043,6.666667938232422,-1.663003921508789,0.012209892272949219,-0.1196584701538086,0.0,-5.337046309394268,7.219216075214756,-1.7072573452702047,0.0024866922039482537,-0.005874242231972289
22,1,train,2,1,0.3490658503988659,2.5499937220010906,3,s,af3726fcacd0ac1320a56ea850b0a2c0f5430cf4eb20a45c078706980f08407e,d24fbe3839599a6a097188bae8cd47ce8083f27deef1341ae3086bf0d5a45bd1,a264f9f6df4fae96803cb1057b5fedc2d14ddccb52b4eb699c12be7c2ccc333e,a264f9f6df4fae96803cb1057b5fedc2d14ddccb52b4eb699c12be7c2ccc333e,1787976783.9805555,35367.882,17684000,0,0.9500646591186523,1.3899059295654297,1.579880714416504,-0.00171661376953125,-0.00095367431640625,0.00514984130859375,-0.0073261260986328125,0.373626708984375,-0.0024423599243164062,-0.0073261260986328125,-0.021978378295898438,-0.0073261260986328125,-0.012209892272949219,-4.013675689697266,6.652992248535156,-1.663003921508789,0.012209892272949219,-0.1196584701538086,0.0,-5.34782327997154,7.2221692054590765,-1.707781982910437,0.002476955590752454,-0.005875084447084575
