trial_id,repeat,support_posture,joint,direction,target_speed_rad_s,elapsed_s,schema_version,device_time_unit,urdf_sha256,protocol_sha256,collector_script_sha256,base_collector_script_sha256,host_time_s,device_time,seq,errors,q1_rad,q2_rad,q3_rad,q4_rad,q5_rad,q6_rad,dq1_rad_s,dq2_rad_s,dq3_rad_s,dq4_rad_s,dq5_rad_s,dq6_rad_s,tau1_nm,tau2_nm,tau3_nm,tau4_nm,tau5_nm,tau6_nm,gravity1_nm,gravity2_nm,gravity3_nm,gravity4_nm,gravity5_nm,gravity6_nm
47,2,heldout,3,1,0.3490658503988659,0.41323839200049406,3,s,af3726fcacd0ac1320a56ea850b0a2c0f5430cf4eb20a45c078706980f08407e,d24fbe3839599a6a097188bae8cd47ce8083f27deef1341ae3086bf0d5a45bd1,87f63c0590d05baea263cdc42c6e1df2d063fa2def309ecb0283f3036bf33d46,87f63c0590d05baea263cdc42c6e1df2d063fa2def309ecb0283f3036bf33d46,1787977975.2732205,36559.142,18279628,0,0.9584569931030273,1.0416193008422852,0.9225988388061523,0.00286102294921875,-0.00324249267578125,0.00476837158203125,-0.0073261260986328125,-0.0024423599243164062,0.29059791564941406,-0.03663063049316406,-0.0073261260986328125,-0.0073261260986328125,-0.07570171356201172,-2.495725631713867,8.676921844482422,-1.9706954956054688,0.10012245178222656,-0.11477375030517578,0.0,-2.7950364651649564,8.056948942900002,-1.8363870080787414,-0.0018097723194084908,-0.005902360632757003
47,2,heldout,3,1,0.3490658503988659,0.41522341599920765,3,s,af3726fcacd0ac1320a56ea850b0a2c0f5430cf4eb20a45c078706980f08407e,d24fbe3839599a6a097188bae8cd47ce8083f27deef1341ae3086bf0d5a45bd1,87f63c0590d05baea263cdc42c6e1df2d063fa2def309ecb0283f3036bf33d46,87f63c0590d05baea263cdc42c6e1df2d063fa2def309ecb0283f3036bf33d46,1787977975.2752454,36559.144,18279629,0,0.9584569931030273,1.0416193008422852,0.9237432479858398,0.00286102294921875,-0.00324249267578125,0.00476837158203125,-0.021978378295898438,-0.0024423599243164062,0.28571414947509766,-0.05128288269042969,0.0073261260986328125,-0.0073261260986328125,-0.07570171356201172,-2.495725631713867,8.581195831298828,-1.9658117294311523,0.10012245178222656,-0.11477375030517578,0.0,-2.793337336761278,8.055249814496323,-1.8362407783349404,-0.0017928624637844979,-0.005903332449059358
47,2,heldout,3,1,0.3490658503988659,0.41724404499836965,3,s,af3726fcacd0ac1320a56ea850b0a2c0f5430cf4eb20a45c078706980f08407e,d24fbe3839599a6a097188bae8cd47ce8083f27deef1341ae3086bf0d5a45bd1,87f63c0590d05baea263cdc42c6e1df2d063fa2def309ecb0283f3036bf33d46,87f63c0590d05baea263cdc42c6e1df2d063fa2def309ecb0283f3036bf33d46,1787977975.277267,36559.146,18279630,0,0.9584569931030273,1.0416193008422852,0.9248876571655273,0.00247955322265625,-0.00324249267578125,0.00476837158203125,-0.0073261260986328125,-0.0024423599243164062,0.29059791564941406,-0.05128288269042969,-0.021978378295898438,-0.0073261260986328125,-0.07570171356201172,-2.509401321411133,8.567520141601562,-1.9560441970825195,0.10012245178222656,-0.10988998413085938,0.0,-2.7915775793653874,8.053490057100433,-1.8360420644623472,-0.0017703123409062182,-0.0059046161772408805
47,2,heldout,3,1,0.3490658503988659,0.4192625189971295,3,s,af3726fcacd0ac1320a56ea850b0a2c0f5430cf4eb20a45c078706980f08407e,d24fbe3839599a6a097188bae8cd47ce8083f27deef1341ae3086bf0d5a45bd1,87f63c0590d05baea263cdc42c6e1df2d063fa2def309ecb0283f3036bf33d46,87f63c0590d05baea263cdc42c6e1df2d063fa2def309ecb0283f3036bf33d46,1787977975.279272,36559.148,18279631,0,0.9584569931030273,1.0416193008422852,0.9260320663452148,0.00247955322265625,-0.00324249267578125,0.00476837158203125,-0.0073261260986328125,-0.0024423599243164062,0.2954826354980469,-0.08058547973632812,-0.03663063049316406,-0.0073261260986328125,-0.07570171356201172,-2.509401321411133,8.581195831298828,-1.9511594772338867,0.10500621795654297,-0.10988998413085938,0.0,-2.7898565522110617,8.051769029946106,-1.8358902236502803,-0.0017533970409256976,-0.005905569951576247
47,2,heldout,3,1,0.3490658503988659,0.42126698899664916,3,s,af3726fcacd0ac1320a56ea850b0a2c0f5430cf4eb20a45c078706980f08407e,d24fbe3839599a6a097188bae8cd47ce8083f27deef1341ae3086bf0d5a45bd1,87f63c0590d05baea263cdc42c6e1df2d063fa2def309ecb0283f3036bf33d46,87f63c0590d05baea263cdc42c6e1df2d063fa2def309ecb0283f3036bf33d46,1787977975.2812324,36559.15,18279632,0,0.9584569931030273,1.0416193008422852,0.9271764755249023,0.00209808349609375,-0.00324249267578125,0.00476837158203125,-0.0073261260986328125,-0.0024423599243164062,0.29059791564941406,-0.08058547973632812,-0.021978378295898438,-0.0073261260986328125,-0.07570171356201172,-2.509401321411133,8.649574279785156,-1.941391944885254,0.10500621795654297,-0.10988998413085938,0.0,-2.788073030523455,8.0499855082585,-1.8356840290687768,-0.0017308397393082404,-0.0059068296192474785
47,2,heldout,3,1,0.3490658503988659,0.42322229599813,3,s,af3726fcacd0ac1320a56ea850b0a2c0f5430cf4eb20a45c078706980f08407e,d24fbe3839599a6a097188bae8cd47ce8083f27deef1341ae3086bf0d5a45bd1,87f63c0590d05baea263cdc42c6e1df2d063fa2def309ecb0283f3036bf33d46,87f63c0590d05baea263cdc42c6e1df2d063fa2def309ecb0283f3036bf33d46,1787977975.2838016,36559.152,18279633,0,0.9584569931030273,1.0416193008422852,0.9283208847045898,0.00209808349609375,-0.00324249267578125,0.00476837158203125,-0.0073261260986328125,-0.0024423599243164062,0.28083038330078125,-0.0659332275390625,-0.0073261260986328125,-0.0073261260986328125,-0.07570171356201172,-2.509401321411133,8.704273223876953,-1.9316234588623047,0.10500621795654297,-0.10988998413085938,0.0,-2.7863301139216508,8.048242591656695,-1.835526578271136,-0.0017139191155846212,-0.005907765344815036
47,2,heldout,3,1,0.3490658503988659,0.42579547899367753,3,s,af3726fcacd0ac1320a56ea850b0a2c0f5430cf4eb20a45c078706980f08407e,d24fbe3839599a6a097188bae8cd47ce8083f27deef1341ae3086bf0d5a45bd1,87f63c0590d05baea263cdc42c6e1df2d063fa2def309ecb0283f3036bf33d46,87f63c0590d05baea263cdc42c6e1df2d063fa2def309ecb0283f3036bf33d46,1787977975.2852473,36559.153999999995,18279634,0,0.9584569931030273,1.0416193008422852,0.9294652938842773,0.00209808349609375,-0.00324249267578125,0.00476837158203125,-0.021978378295898438,-0.0024423599243164062,0.27106189727783203,-0.08058547973632812,-0.0073261260986328125,-0.0073261260986328125,-0.07570171356201172,-2.509401321411133,8.663246154785156,-1.9218559265136719,0.10500621795654297,-0.10988998413085938,0.0,-2.784576656760042,8.046489134495086,-1.8353667235353128,-0.0016969962471887414,-0.005908693333146394
47,2,heldout,3,1,0.3490658503988659,0.42726558099820977,3,s,af3726fcacd0ac1320a56ea850b0a2c0f5430cf4eb20a45c078706980f08407e,d24fbe3839599a6a097188bae8cd47ce8083f27deef1341ae3086bf0d5a45bd1,87f63c0590d05baea263cdc42c6e1df2d063fa2def309ecb0283f3036bf33d46,87f63c0590d05baea263cdc42c6e1df2d063fa2def309ecb0283f3036bf33d46,1787977975.2872589,36559.155999999995,18279635,0,0.9584569931030273,1.0416193008422852,0.9306097030639648,0.00171661376953125,-0.00324249267578125,0.00476837158203125,0.0073261260986328125,-0.0024423599243164062,0.2661781311035156,-0.05128288269042969,0.0073261260986328125,-0.0073261260986328125,-0.07570171356201172,-2.4820518493652344,8.581195831298828,-1.9072036743164062,0.10500621795654297,-0.11477375030517578,0.0,-2.7827580410548793,8.044670518789923,-1.8351498447904577,-0.0016744289692560291,-0.005909918613121616
47,2,heldout,3,1,0.3490658503988659,0.42924621599377133,3,s,af3726fcacd0ac1320a56ea850b0a2c0f5430cf4eb20a45c078706980f08407e,d24fbe3839599a6a097188bae8cd47ce8083f27deef1341ae3086bf0d5a45bd1,87f63c0590d05baea263cdc42c6e1df2d063fa2def309ecb0283f3036bf33d46,87f63c0590d05baea263cdc42c6e1df2d063fa2def309ecb0283f3036bf33d46,1787977975.2892175,36559.157999999996,18279636,0,0.9584569931030273,1.0416193008422852,0.9317541122436523,0.00171661376953125,-0.00324249267578125,0.00476837158203125,0.0073261260986328125,-0.0024423599243164062,0.27106189727783203,-0.08058547973632812,-0.0073261260986328125,-0.0073261260986328125,-0.07570171356201172,-2.4820518493652344,8.553844451904297,-1.8925514221191406,0.10500621795654297,-0.11477375030517578,0.0,-2.7809827085524907,8.042895186287534,-1.8349843816851499,-0.0016575009494875937,-0.005910828543192959
47,2,heldout,3,1,0.3490658503988659,0.43120854599692393,3,s,af3726fcacd0ac1320a56ea850b0a2c0f5430cf4eb20a45c078706980f08407e,d24fbe3839599a6a097188bae8cd47ce8083f27deef1341ae3086bf0d5a45bd1,87f63c0590d05baea263cdc42c6e1df2d063fa2def309ecb0283f3036bf33d46,87f63c0590d05baea263cdc42c6e1df2d063fa2def309ecb0283f3036bf33d46,1787977975.29178,36559.159999999996,18279637,0,0.9584569931030273,1.0416193008422852,0.9328985214233398,0.00133514404296875,-0.00324249267578125,0.00476837158203125,-0.0073261260986328125,-0.0024423599243164062,0.27594661712646484,-0.09523773193359375,0.0073261260986328125,-0.0073261260986328125,-0.08058643341064453,-2.4820518493652344,8.4991455078125,-1.8779001235961914,0.10500621795654297,-0.11477375030517578,0.0,-2.779140353036404,8.04105283077145,-1.8347600258945183,-0.0016349268835218066,-0.005912029741142254
47,2,heldout,3,1,0.3490658503988659,0.43388091799715767,3,s,af3726fcacd0ac1320a56ea850b0a2c0f5430cf4eb20a45c078706980f08407e,d24fbe3839599a6a097188bae8cd47ce8083f27deef1341ae3086bf0d5a45bd1,87f63c0590d05baea263cdc42c6e1df2d063fa2def309ecb0283f3036bf33d46,87f63c0590d05baea263cdc42c6e1df2d063fa2def309ecb0283f3036bf33d46,1787977975.2933075,36559.162,18279638,0,0.9584569931030273,1.0416193008422852,0.9340429306030273,0.00133514404296875,-0.00324249267578125,0.00476837158203125,-0.0073261260986328125,-0.0024423599243164062,0.27594661712646484,-0.09523773193359375,-0.0073261260986328125,-0.0073261260986328125,-0.08058643341064453,-2.495725631713867,8.60854721069336,-1.8681316375732422,0.10500621795654297,-0.11477375030517578,0.0,-2.7773431548066596,8.039255632541703,-1.8345889555995498,-0.0016179938330849507,-0.0059129216064653795
47,2,heldout,3,1,0.3490658503988659,0.43529687100090086,3,s,af3726fcacd0ac1320a56ea850b0a2c0f5430cf4eb20a45c078706980f08407e,d24fbe3839599a6a097188bae8cd47ce8083f27deef1341ae3086bf0d5a45bd1,87f63c0590d05baea263cdc42c6e1df2d063fa2def309ecb0283f3036bf33d46,87f63c0590d05baea263cdc42c6e1df2d063fa2def309ecb0283f3036bf33d46,1787977975.2958114,36559.164,18279639,0,0.9584569931030273,1.0416193008422852,0.9348058700561523,0.00095367431640625,-0.00324249267578125,0.00476837158203125,-0.0073261260986328125,-0.0024423599243164062,0.2661781311035156,-0.10988998413085938,-0.0073261260986328125,-0.0073261260986328125,-0.08058643341064453,-2.4820518493652344,8.581195831298828,-1.8534793853759766,0.10012245178222656,-0.11477375030517578,0.0,-2.7760810818910495,8.037993559626093,-1.8344154825943766,-0.001601058663606505,-0.005913805727799294
47,2,heldout,3,1,0.3490658503988659,0.4377938869947684,3,s,af3726fcacd0ac1320a56ea850b0a2c0f5430cf4eb20a45c078706980f08407e,d24fbe3839599a6a097188bae8cd47ce8083f27deef1341ae3086bf0d5a45bd1,87f63c0590d05baea263cdc42c6e1df2d063fa2def309ecb0283f3036bf33d46,87f63c0590d05baea263cdc42c6e1df2d063fa2def309ecb0283f3036bf33d46,1787977975.2971718,36559.166,18279640,0,0.9584569931030273,1.0416193008422852,0.9359502792358398,0.00095367431640625,-0.00324249267578125,0.00476837158203125,-0.0073261260986328125,-0.0024423599243164062,0.2612943649291992,-0.09523773193359375,-0.0073261260986328125,-0.0073261260986328125,-0.07570171356201172,-2.4820518493652344,8.4991455078125,-1.8437118530273438,0.10012245178222656,-0.11477375030517578,0.0,-2.774265536190462,8.036178013925506,-1.8342396071061926,-0.0015841213972659948,-0.005914682103986089
47,2,heldout,3,1,0.3490658503988659,0.43915462199947797,3,s,af3726fcacd0ac1320a56ea850b0a2c0f5430cf4eb20a45c078706980f08407e,d24fbe3839599a6a097188bae8cd47ce8083f27deef1341ae3086bf0d5a45bd1,87f63c0590d05baea263cdc42c6e1df2d063fa2def309ecb0283f3036bf33d46,87f63c0590d05baea263cdc42c6e1df2d063fa2def309ecb0283f3036bf33d46,1787977975.2998228,36559.168,18279641,0,0.9584569931030273,1.0416193008422852,0.9370946884155273,0.00095367431640625,-0.00324249267578125,0.00476837158203125,-0.0073261260986328125,-0.0024423599243164062,0.2612943649291992,-0.08058547973632812,-0.0073261260986328125,-0.0073261260986328125,-0.08058643341064453,-2.4820518493652344,8.485469818115234,-1.8339433670043945,0.10012245178222656,-0.11477375030517578,0.0,-2.77243946573071,8.034351943465754,-1.8340613293653365,-0.0015671820562456872,-0.005915550733877996
47,2,heldout,3,1,0.3490658503988659,0.44180486999539426,3,s,af3726fcacd0ac1320a56ea850b0a2c0f5430cf4eb20a45c078706980f08407e,d24fbe3839599a6a097188bae8cd47ce8083f27deef1341ae3086bf0d5a45bd1,87f63c0590d05baea263cdc42c6e1df2d063fa2def309ecb0283f3036bf33d46,87f63c0590d05baea263cdc42c6e1df2d063fa2def309ecb0283f3036bf33d46,1787977975.3011549,36559.17,18279642,0,0.9584569931030273,1.0416193008422852,0.9382390975952148,0.00095367431640625,-0.00324249267578125,0.00476837158203125,-0.0073261260986328125,-0.0024423599243164062,0.2661781311035156,-0.0659332275390625,0.0073261260986328125,-0.0073261260986328125,-0.08058643341064453,-2.4820518493652344,8.335041046142578,-1.8290596008300781,0.10012245178222656,-0.10988998413085938,0.0,-2.7706028729033547,8.032515350638398,-1.8338806496052924,-0.0015502406627305597,-0.005916411616337394
47,2,heldout,3,1,0.3490658503988659,0.4431337319983868,3,s,af3726fcacd0ac1320a56ea850b0a2c0f5430cf4eb20a45c078706980f08407e,d24fbe3839599a6a097188bae8cd47ce8083f27deef1341ae3086bf0d5a45bd1,87f63c0590d05baea263cdc42c6e1df2d063fa2def309ecb0283f3036bf33d46,87f63c0590d05baea263cdc42c6e1df2d063fa2def309ecb0283f3036bf33d46,1787977975.3036296,36559.172,18279643,0,0.9584569931030273,1.0416193008422852,0.9393835067749023,0.00057220458984375,-0.00324249267578125,0.00476837158203125,-0.0073261260986328125,-0.0024423599243164062,0.2661781311035156,-0.05128288269042969,-0.0073261260986328125,-0.0073261260986328125,-0.08058643341064453,-2.4820518493652344,8.239315032958984,-1.8241758346557617,0.10012245178222656,-0.10988998413085938,0.0,-2.7686941992447527,8.030606676979795,-1.8336360071937223,-0.0015276489836234654,-0.005917547406107657
47,2,heldout,3,1,0.3490658503988659,0.44560943100077566,3,s,af3726fcacd0ac1320a56ea850b0a2c0f5430cf4eb20a45c078706980f08407e,d24fbe3839599a6a097188bae8cd47ce8083f27deef1341ae3086bf0d5a45bd1,87f63c0590d05baea263cdc42c6e1df2d063fa2def309ecb0283f3036bf33d46,87f63c0590d05baea263cdc42c6e1df2d063fa2def309ecb0283f3036bf33d46,1787977975.3055186,36559.174,18279644,0,0.9584569931030273,1.0416193008422852,0.9405279159545898,0.00057220458984375,-0.00324249267578125,0.00476837158203125,-0.0073261260986328125,-0.0073261260986328125,0.27106189727783203,-0.05128288269042969,-0.021978378295898438,-0.0073261260986328125,-0.08058643341064453,-2.4820518493652344,8.239315032958984,-1.8241758346557617,0.10012245178222656,-0.10988998413085938,0.0,-2.7668357684515272,8.02874824618657,-1.8334497236479126,-0.0015107028872437568,-0.00591839020685746
47,2,heldout,3,1,0.3490658503988659,0.4474994810007047,3,s,af3726fcacd0ac1320a56ea850b0a2c0f5430cf4eb20a45c078706980f08407e,d24fbe3839599a6a097188bae8cd47ce8083f27deef1341ae3086bf0d5a45bd1,87f63c0590d05baea263cdc42c6e1df2d063fa2def309ecb0283f3036bf33d46,87f63c0590d05baea263cdc42c6e1df2d063fa2def309ecb0283f3036bf33d46,1787977975.307415,36559.176,18279645,0,0.9584569931030273,1.0416193008422852,0.9416723251342773,0.00057220458984375,-0.00324249267578125,0.00476837158203125,-0.0073261260986328125,-0.0024423599243164062,0.27106189727783203,-0.08058547973632812,-0.0073261260986328125,-0.0073261260986328125,-0.08058643341064453,-2.4820518493652344,8.198291778564453,-1.8241758346557617,0.10012245178222656,-0.10988998413085938,0.0,-2.7649668226297037,8.026879300364747,-1.8332610388839183,-0.0014937548123384338,-0.005919225256455976
47,2,heldout,3,1,0.3490658503988659,0.4493924470007187,3,s,af3726fcacd0ac1320a56ea850b0a2c0f5430cf4eb20a45c078706980f08407e,d24fbe3839599a6a097188bae8cd47ce8083f27deef1341ae3086bf0d5a45bd1,87f63c0590d05baea263cdc42c6e1df2d063fa2def309ecb0283f3036bf33d46,87f63c0590d05baea263cdc42c6e1df2d063fa2def309ecb0283f3036bf33d46,1787977975.309314,36559.178,18279646,0,0.9584569931030273,1.0416193008422852,0.9428167343139648,0.00057220458984375,-0.00324249267578125,0.00476837158203125,0.0073261260986328125,-0.0024423599243164062,0.27594661712646484,-0.0659332275390625,-0.021978378295898438,-0.0073261260986328125,-0.07570171356201172,-2.4820518493652344,8.170940399169922,-1.8192920684814453,0.10012245178222656,-0.10988998413085938,0.0,-2.763087364226988,8.024999841962032,-1.8330699531488566,-0.001476804781103918,-0.005920052553809565
47,2,heldout,3,1,0.3490658503988659,0.4513025909982389,3,s,af3726fcacd0ac1320a56ea850b0a2c0f5430cf4eb20a45c078706980f08407e,d24fbe3839599a6a097188bae8cd47ce8083f27deef1341ae3086bf0d5a45bd1,87f63c0590d05baea263cdc42c6e1df2d063fa2def309ecb0283f3036bf33d46,87f63c0590d05baea263cdc42c6e1df2d063fa2def309ecb0283f3036bf33d46,1787977975.3112464,36559.18,18279647,0,0.9584569931030273,1.0416193008422852,0.9439611434936523,0.00019073486328125,-0.00324249267578125,0.00476837158203125,-0.0073261260986328125,-0.0024423599243164062,0.27594661712646484,-0.0659332275390625,0.0073261260986328125,-0.0073261260986328125,-0.07570171356201172,-2.4820518493652344,8.198291778564453,-1.8192920684814453,0.10500621795654297,-0.10988998413085938,0.0,-2.7611323667697527,8.023044844504795,-1.832811437757889,-0.0014542017346481336,-0.005921143556028783
47,2,heldout,3,1,0.3490658503988659,0.45324997999705374,3,s,af3726fcacd0ac1320a56ea850b0a2c0f5430cf4eb20a45c078706980f08407e,d24fbe3839599a6a097188bae8cd47ce8083f27deef1341ae3086bf0d5a45bd1,87f63c0590d05baea263cdc42c6e1df2d063fa2def309ecb0283f3036bf33d46,87f63c0590d05baea263cdc42c6e1df2d063fa2def309ecb0283f3036bf33d46,1787977975.3137517,36559.182,18279648,0,0.9584569931030273,1.0416193008422852,0.9447240829467773,0.00019073486328125,-0.00324249267578125,0.00476837158203125,0.0073261260986328125,-0.0024423599243164062,0.27106189727783203,-0.05128288269042969,0.0073261260986328125,-0.0073261260986328125,-0.07570171356201172,-2.454700469970703,8.211967468261719,-1.8192920684814453,0.10500621795654297,-0.10988998413085938,0.0,-2.7598660166127096,8.021778494347755,-1.8326805797697092,-0.001442898938445783,-0.005921683887458161
47,2,heldout,3,1,0.3490658503988659,0.4557363829953829,3,s,af3726fcacd0ac1320a56ea850b0a2c0f5430cf4eb20a45c078706980f08407e,d24fbe3839599a6a097188bae8cd47ce8083f27deef1341ae3086bf0d5a45bd1,87f63c0590d05baea263cdc42c6e1df2d063fa2def309ecb0283f3036bf33d46,87f63c0590d05baea263cdc42c6e1df2d063fa2def309ecb0283f3036bf33d46,1787977975.315788,36559.184,18279649,0,0.9584569931030273,1.0416193008422852,0.9458684921264648,0.00019073486328125,-0.00324249267578125,0.00476837158203125,-0.0073261260986328125,-0.0024423599243164062,0.2612943649291992,-0.05128288269042969,-0.0073261260986328125,-0.0073261260986328125,-0.07570171356201172,-2.4683761596679688,8.211967468261719,-1.8241758346557617,0.10500621795654297,-0.10988998413085938,0.0,-2.757957736690615,8.019870214425659,-1.8324822926355753,-0.0014259431714277041,-0.005922487921616656
47,2,heldout,3,1,0.3490658503988659,0.4577696299966192,3,s,af3726fcacd0ac1320a56ea850b0a2c0f5430cf4eb20a45c078706980f08407e,d24fbe3839599a6a097188bae8cd47ce8083f27deef1341ae3086bf0d5a45bd1,87f63c0590d05baea263cdc42c6e1df2d063fa2def309ecb0283f3036bf33d46,87f63c0590d05baea263cdc42c6e1df2d063fa2def309ecb0283f3036bf33d46,1787977975.3177085,36559.186,18279650,0,0.9584569931030273,1.0416193008422852,0.9470129013061523,0.00019073486328125,-0.00324249267578125,0.00476837158203125,-0.0073261260986328125,-0.0024423599243164062,0.2612943649291992,-0.0073261260986328125,0.0073261260986328125,-0.0073261260986328125,-0.07570171356201172,-2.4683761596679688,8.239315032958984,-1.8290596008300781,0.10012245178222656,-0.10988998413085938,0.0,-2.756038953367232,8.017951431102276,-1.8322816055502755,-0.0014089855368914557,-0.005923284199257202
47,2,heldout,3,1,0.3490658503988659,0.45968924699991476,3,s,af3726fcacd0ac1320a56ea850b0a2c0f5430cf4eb20a45c078706980f08407e,d24fbe3839599a6a097188bae8cd47ce8083f27deef1341ae3086bf0d5a45bd1,87f63c0590d05baea263cdc42c6e1df2d063fa2def309ecb0283f3036bf33d46,87f63c0590d05baea263cdc42c6e1df2d063fa2def309ecb0283f3036bf33d46,1787977975.31961,36559.188,18279651,0,0.9584569931030273,1.0416193008422852,0.9481573104858398,0.00057220458984375,-0.00324249267578125,0.00476837158203125,-0.021978378295898438,-0.0024423599243164062,0.2564105987548828,-0.021978378295898438,-0.0073261260986328125,-0.0073261260986328125,-0.07570171356201172,-2.4683761596679688,8.184616088867188,-1.8388280868530273,0.10012245178222656,-0.11477375030517578,0.0,-2.7541776313624307,8.016090109097474,-1.832146480983538,-0.0013976794206578096,-0.005923810741325516
47,2,heldout,3,1,0.3490658503988659,0.46158794700022554,3,s,af3726fcacd0ac1320a56ea850b0a2c0f5430cf4eb20a45c078706980f08407e,d24fbe3839599a6a097188bae8cd47ce8083f27deef1341ae3086bf0d5a45bd1,87f63c0590d05baea263cdc42c6e1df2d063fa2def309ecb0283f3036bf33d46,87f63c0590d05baea263cdc42c6e1df2d063fa2def309ecb0283f3036bf33d46,1787977975.321504,36559.189999999995,18279652,0,0.9584569931030273,1.0416193008422852,0.9489202499389648,0.00019073486328125,-0.00324249267578125,0.00476837158203125,-0.0073261260986328125,-0.0024423599243164062,0.2612943649291992,-0.021978378295898438,-0.0073261260986328125,-0.0073261260986328125,-0.07570171356201172,-2.4683761596679688,8.211967468261719,-1.8485956192016602,0.10500621795654297,-0.10988998413085938,0.0,-2.7528176471014345,8.014730124836477,-1.831941794565255,-0.0013807187229456781,-0.005924594089123689
47,2,heldout,3,1,0.3490658503988659,0.4634881759993732,3,s,af3726fcacd0ac1320a56ea850b0a2c0f5430cf4eb20a45c078706980f08407e,d24fbe3839599a6a097188bae8cd47ce8083f27deef1341ae3086bf0d5a45bd1,87f63c0590d05baea263cdc42c6e1df2d063fa2def309ecb0283f3036bf33d46,87f63c0590d05baea263cdc42c6e1df2d063fa2def309ecb0283f3036bf33d46,1787977975.323413,36559.191999999995,18279653,0,0.9584569931030273,1.0416193008422852,0.9500646591186523,0.00019073486328125,-0.00324249267578125,0.00476837158203125,-0.0073261260986328125,-0.0024423599243164062,0.2564105987548828,-0.021978378295898438,0.0073261260986328125,-0.0073261260986328125,-0.07570171356201172,-2.4683761596679688,8.211967468261719,-1.8534793853759766,0.10500621795654297,-0.10988998413085938,0.0,-2.750870867030962,8.012783344766007,-1.831734708903682,-0.0013637562169445806,-0.005925369677645527
47,2,heldout,3,1,0.3490658503988659,0.4653952379958355,3,s,af3726fcacd0ac1320a56ea850b0a2c0f5430cf4eb20a45c078706980f08407e,d24fbe3839599a6a097188bae8cd47ce8083f27deef1341ae3086bf0d5a45bd1,87f63c0590d05baea263cdc42c6e1df2d063fa2def309ecb0283f3036bf33d46,87f63c0590d05baea263cdc42c6e1df2d063fa2def309ecb0283f3036bf33d46,1787977975.325335,36559.193999999996,18279654,0,0.9584569931030273,1.0416193008422852,0.9512090682983398,0.00019073486328125,-0.00324249267578125,0.00476837158203125,-0.0073261260986328125,-0.0024423599243164062,0.2564105987548828,-0.021978378295898438,-0.021978378295898438,-0.0073261260986328125,-0.07570171356201172,-2.454700469970703,8.11623764038086,-1.8583641052246094,0.10012245178222656,-0.10988998413085938,0.0,-2.748913592840682,8.010826070575726,-1.8315252242700333,-0.0013467919248698445,-0.00592613750587526
47,2,heldout,3,1,0.3490658503988659,0.4673207569940132,3,s,af3726fcacd0ac1320a56ea850b0a2c0f5430cf4eb20a45c078706980f08407e,d24fbe3839599a6a097188bae8cd47ce8083f27deef1341ae3086bf0d5a45bd1,87f63c0590d05baea263cdc42c6e1df2d063fa2def309ecb0283f3036bf33d46,87f63c0590d05baea263cdc42c6e1df2d063fa2def309ecb0283f3036bf33d46,1787977975.3272645,36559.195999999996,18279655,0,0.9584569931030273,1.0416193008422852,0.9523534774780273,0.00019073486328125,-0.00324249267578125,0.00476837158203125,-0.0073261260986328125,-0.0024423599243164062,0.2564105987548828,0.0073261260986328125,-0.0073261260986328125,-0.0073261260986328125,-0.07570171356201172,-2.454700469970703,8.088890075683594,-1.8632478713989258,0.10500621795654297,-0.10988998413085938,0.0,-2.7469458270939726,8.008858304829017,-1.8313133409386628,-0.0013298258689391253,-0.005926897572807281
47,2,heldout,3,1,0.3490658503988659,0.4692520139942644,3,s,af3726fcacd0ac1320a56ea850b0a2c0f5430cf4eb20a45c078706980f08407e,d24fbe3839599a6a097188bae8cd47ce8083f27deef1341ae3086bf0d5a45bd1,87f63c0590d05baea263cdc42c6e1df2d063fa2def309ecb0283f3036bf33d46,87f63c0590d05baea263cdc42c6e1df2d063fa2def309ecb0283f3036bf33d46,1787977975.3292646,36559.198,18279656,0,0.9584569931030273,1.0416193008422852,0.9531164169311523,0.00019073486328125,-0.00324249267578125,0.00476837158203125,-0.021978378295898438,-0.0024423599243164062,0.2564105987548828,0.0073261260986328125,-0.021978378295898438,-0.0073261260986328125,-0.08058643341064453,-2.454700469970703,8.088890075683594,-1.8681316375732422,0.10500621795654297,-0.10988998413085938,0.0,-2.7456281558924664,8.00754063362751,-1.8311707529114776,-0.0013185141960380545,-0.005927399971771242
47,2,heldout,3,1,0.3490658503988659,0.4712544930007425,3,s,af3726fcacd0ac1320a56ea850b0a2c0f5430cf4eb20a45c078706980f08407e,d24fbe3839599a6a097188bae8cd47ce8083f27deef1341ae3086bf0d5a45bd1,87f63c0590d05baea263cdc42c6e1df2d063fa2def309ecb0283f3036bf33d46,87f63c0590d05baea263cdc42c6e1df2d063fa2def309ecb0283f3036bf33d46,1787977975.3312457,36559.2,18279657,0,0.9584569931030273,1.0416193008422852,0.9542608261108398,0.00019073486328125,-0.00324249267578125,0.00476837158203125,-0.0073261260986328125,-0.0024423599243164062,0.25152587890625,-0.0073261260986328125,-0.021978378295898438,-0.0073261260986328125,-0.08058643341064453,-2.4410247802734375,8.10256576538086,-1.8681316375732422,0.10500621795654297,-0.10988998413085938,0.0,-2.74364290995212,8.005555387687163,-1.8309548723687863,-0.0013015452497262129,-0.005928147101000018
47,2,heldout,3,1,0.3490658503988659,0.473253621996264,3,s,af3726fcacd0ac1320a56ea850b0a2c0f5430cf4eb20a45c078706980f08407e,d24fbe3839599a6a097188bae8cd47ce8083f27deef1341ae3086bf0d5a45bd1,87f63c0590d05baea263cdc42c6e1df2d063fa2def309ecb0283f3036bf33d46,87f63c0590d05baea263cdc42c6e1df2d063fa2def309ecb0283f3036bf33d46,1787977975.3332105,36559.202,18279658,0,0.9584569931030273,1.0416193008422852,0.9554052352905273,0.00019073486328125,-0.00324249267578125,0.00476837158203125,-0.021978378295898438,-0.0024423599243164062,0.2466421127319336,-0.021978378295898438,-0.0073261260986328125,-0.0073261260986328125,-0.08058643341064453,-2.4410247802734375,8.047863006591797,-1.8681316375732422,0.10500621795654297,-0.10988998413085938,0.0,-2.7416471793582144,8.003559657093257,-1.8307365938753484,-0.0012845745988167006,-0.005928886466299174
47,2,heldout,3,1,0.3490658503988659,0.4751987929994357,3,s,af3726fcacd0ac1320a56ea850b0a2c0f5430cf4eb20a45c078706980f08407e,d24fbe3839599a6a097188bae8cd47ce8083f27deef1341ae3086bf0d5a45bd1,87f63c0590d05baea263cdc42c6e1df2d063fa2def309ecb0283f3036bf33d46,87f63c0590d05baea263cdc42c6e1df2d063fa2def309ecb0283f3036bf33d46,1787977975.3351579,36559.204,18279659,0,0.9584569931030273,1.0416193008422852,0.9561681747436523,0.00019073486328125,-0.00324249267578125,0.00476837158203125,-0.0073261260986328125,-0.0024423599243164062,0.2466421127319336,-0.021978378295898438,-0.0073261260986328125,-0.0073261260986328125,-0.08058643341064453,-2.4273509979248047,8.0068359375,-1.8730154037475586,0.10500621795654297,-0.11477375030517578,0.0,-2.740310868778255,8.0022233465133,-1.8305897428259066,-0.0012732598955206996,-0.005929375062725776
47,2,heldout,3,1,0.3490658503988659,0.4771473669970874,3,s,af3726fcacd0ac1320a56ea850b0a2c0f5430cf4eb20a45c078706980f08407e,d24fbe3839599a6a097188bae8cd47ce8083f27deef1341ae3086bf0d5a45bd1,87f63c0590d05baea263cdc42c6e1df2d063fa2def309ecb0283f3036bf33d46,87f63c0590d05baea263cdc42c6e1df2d063fa2def309ecb0283f3036bf33d46,1787977975.3377063,36559.206,18279660,0,0.9584569931030273,1.0416193008422852,0.9573125839233398,0.00019073486328125,-0.00324249267578125,0.00476837158203125,-0.0073261260986328125,-0.0024423599243164062,0.2417583465576172,-0.021978378295898438,0.0073261260986328125,-0.0073261260986328125,-0.08058643341064453,-2.4273509979248047,7.979488372802734,-1.8730154037475586,0.10012245178222656,-0.10988998413085938,0.0,-2.7382976695768746,8.000210147311918,-1.8303674683847166,-0.0012562864530072599,-0.005930101485995419
47,2,heldout,3,1,0.3490658503988659,0.47969928999373224,3,s,af3726fcacd0ac1320a56ea850b0a2c0f5430cf4eb20a45c078706980f08407e,d24fbe3839599a6a097188bae8cd47ce8083f27deef1341ae3086bf0d5a45bd1,87f63c0590d05baea263cdc42c6e1df2d063fa2def309ecb0283f3036bf33d46,87f63c0590d05baea263cdc42c6e1df2d063fa2def309ecb0283f3036bf33d46,1787977975.339694,36559.208,18279661,0,0.9584569931030273,1.0416193008422852,0.9584569931030273,0.00019073486328125,-0.00324249267578125,0.00476837158203125,-0.0073261260986328125,-0.0024423599243164062,0.2466421127319336,-0.03663063049316406,-0.0073261260986328125,-0.0073261260986328125,-0.08058643341064453,-2.4273509979248047,7.965812683105469,-1.8681316375732422,0.10012245178222656,-0.10988998413085938,0.0,-2.7362739927224475,7.998186470457492,-1.8301427967620874,-0.0012393113651703411,-0.005930820142775841
47,2,heldout,3,1,0.3490658503988659,0.48168800200073747,3,s,af3726fcacd0ac1320a56ea850b0a2c0f5430cf4eb20a45c078706980f08407e,d24fbe3839599a6a097188bae8cd47ce8083f27deef1341ae3086bf0d5a45bd1,87f63c0590d05baea263cdc42c6e1df2d063fa2def309ecb0283f3036bf33d46,87f63c0590d05baea263cdc42c6e1df2d063fa2def309ecb0283f3036bf33d46,1787977975.3416781,36559.21,18279662,0,0.9584569931030273,1.0416193008422852,0.9592199325561523,0.00019073486328125,-0.00324249267578125,0.00476837158203125,-0.0073261260986328125,-0.0024423599243164062,0.2417583465576172,-0.0073261260986328125,-0.0073261260986328125,-0.0073261260986328125,-0.08058643341064453,-2.4410247802734375,8.034187316894531,-1.8632478713989258,0.10012245178222656,-0.10988998413085938,0.0,-2.734919055209389,7.996831532944433,-1.8299916840580444,-0.001227993736855709,-0.005931294932114675
47,2,heldout,3,1,0.3490658503988659,0.48366568100027507,3,s,af3726fcacd0ac1320a56ea850b0a2c0f5430cf4eb20a45c078706980f08407e,d24fbe3839599a6a097188bae8cd47ce8083f27deef1341ae3086bf0d5a45bd1,87f63c0590d05baea263cdc42c6e1df2d063fa2def309ecb0283f3036bf33d46,87f63c0590d05baea263cdc42c6e1df2d063fa2def309ecb0283f3036bf33d46,1787977975.3437054,36559.212,18279663,0,0.9584569931030273,1.0416193008422852,0.9599828720092773,0.00019073486328125,-0.00324249267578125,0.00476837158203125,-0.0073261260986328125,-0.0024423599243164062,0.23687458038330078,-0.03663063049316406,-0.0073261260986328125,-0.0073261260986328125,-0.07570171356201172,-2.454700469970703,8.11623764038086,-1.8632478713989258,0.10012245178222656,-0.10988998413085938,0.0,-2.7335594629279734,7.995471940663018,-1.8298395061586996,-0.0012166753937546807,-0.005931766268985634
47,2,heldout,3,1,0.3490658503988659,0.4857014759982121,3,s,af3726fcacd0ac1320a56ea850b0a2c0f5430cf4eb20a45c078706980f08407e,d24fbe3839599a6a097188bae8cd47ce8083f27deef1341ae3086bf0d5a45bd1,87f63c0590d05baea263cdc42c6e1df2d063fa2def309ecb0283f3036bf33d46,87f63c0590d05baea263cdc42c6e1df2d063fa2def309ecb0283f3036bf33d46,1787977975.3457072,36559.214,18279664,0,0.9584569931030273,1.0416193008422852,0.9611272811889648,-0.00019073486328125,-0.00324249267578125,0.00476837158203125,-0.0073261260986328125,-0.0024423599243164062,0.22222232818603516,-0.0073261260986328125,-0.021978378295898438,-0.0073261260986328125,-0.08058643341064453,-2.4410247802734375,8.061538696289062,-1.8534793853759766,0.10012245178222656,-0.10988998413085938,0.0,-2.731434061413696,7.993346539148741,-1.8295319551290399,-0.0011940365895464215,-0.005932698584228525
47,2,heldout,3,1,0.3490658503988659,0.487700830999529,3,s,af3726fcacd0ac1320a56ea850b0a2c0f5430cf4eb20a45c078706980f08407e,d24fbe3839599a6a097188bae8cd47ce8083f27deef1341ae3086bf0d5a45bd1,87f63c0590d05baea263cdc42c6e1df2d063fa2def309ecb0283f3036bf33d46,87f63c0590d05baea263cdc42c6e1df2d063fa2def309ecb0283f3036bf33d46,1787977975.347671,36559.216,18279665,0,0.9584569931030273,1.0416193008422852,0.9618902206420898,-0.00019073486328125,-0.00324249267578125,0.00476837158203125,-0.021978378295898438,-0.0024423599243164062,0.21733856201171875,-0.03663063049316406,-0.0073261260986328125,-0.0073261260986328125,-0.07570171356201172,-2.4273509979248047,8.034187316894531,-1.8485956192016602,0.10500621795654297,-0.10988998413085938,0.0,-2.730062303227046,7.99197478096209,-1.8293765821777421,-0.0011827161416167085,-0.005933159562057776
47,2,heldout,3,1,0.3490658503988659,0.48965547399711795,3,s,af3726fcacd0ac1320a56ea850b0a2c0f5430cf4eb20a45c078706980f08407e,d24fbe3839599a6a097188bae8cd47ce8083f27deef1341ae3086bf0d5a45bd1,87f63c0590d05baea263cdc42c6e1df2d063fa2def309ecb0283f3036bf33d46,87f63c0590d05baea263cdc42c6e1df2d063fa2def309ecb0283f3036bf33d46,1787977975.3495946,36559.218,18279666,0,0.9584569931030273,1.0416193008422852,0.9630346298217773,-0.00019073486328125,-0.00324249267578125,0.00476837158203125,-0.0073261260986328125,-0.0024423599243164062,0.21733856201171875,-0.03663063049316406,-0.0073261260986328125,-0.0073261260986328125,-0.08058643341064453,-2.4273509979248047,7.979488372802734,-1.8388280868530273,0.10500621795654297,-0.11477375030517578,0.0,-2.727995943807293,7.989908421542338,-1.829141526209354,-0.0011657341809726085,-0.0059338445533060405
47,2,heldout,3,1,0.3490658503988659,0.49158201099635335,3,s,af3726fcacd0ac1320a56ea850b0a2c0f5430cf4eb20a45c078706980f08407e,d24fbe3839599a6a097188bae8cd47ce8083f27deef1341ae3086bf0d5a45bd1,87f63c0590d05baea263cdc42c6e1df2d063fa2def309ecb0283f3036bf33d46,87f63c0590d05baea263cdc42c6e1df2d063fa2def309ecb0283f3036bf33d46,1787977975.35152,36559.22,18279667,0,0.9584569931030273,1.0416193008422852,0.9637975692749023,-0.00019073486328125,-0.00324249267578125,0.00476837158203125,-0.021978378295898438,-0.0024423599243164062,0.22222232818603516,-0.05128288269042969,-0.021978378295898438,-0.0073261260986328125,-0.07570171356201172,-2.4273509979248047,7.911109924316406,-1.8339433670043945,0.10500621795654297,-0.11477375030517578,0.0,-2.726612557270307,7.9885250350053525,-1.828983491335821,-0.0011544120243204138,-0.005934296896753503
47,2,heldout,3,1,0.3490658503988659,0.4935249999980442,3,s,af3726fcacd0ac1320a56ea850b0a2c0f5430cf4eb20a45c078706980f08407e,d24fbe3839599a6a097188bae8cd47ce8083f27deef1341ae3086bf0d5a45bd1,87f63c0590d05baea263cdc42c6e1df2d063fa2def309ecb0283f3036bf33d46,87f63c0590d05baea263cdc42c6e1df2d063fa2def309ecb0283f3036bf33d46,1787977975.3534584,36559.222,18279668,0,0.9584569931030273,1.0416193008422852,0.9649419784545898,-0.00019073486328125,-0.00324249267578125,0.00476837158203125,0.0073261260986328125,-0.0024423599243164062,0.22710609436035156,-0.0659332275390625,0.0073261260986328125,-0.0073261260986328125,-0.08058643341064453,-2.4273509979248047,7.883762359619141,-1.8241758346557617,0.10500621795654297,-0.10988998413085938,0.0,-2.7245287590921916,7.986441236827237,-1.8287444429135777,-0.0011374275314838319,-0.005934968935189372
47,2,heldout,3,1,0.3490658503988659,0.4954420849971939,3,s,af3726fcacd0ac1320a56ea850b0a2c0f5430cf4eb20a45c078706980f08407e,d24fbe3839599a6a097188bae8cd47ce8083f27deef1341ae3086bf0d5a45bd1,87f63c0590d05baea263cdc42c6e1df2d063fa2def309ecb0283f3036bf33d46,87f63c0590d05baea263cdc42c6e1df2d063fa2def309ecb0283f3036bf33d46,1787977975.355365,36559.224,18279669,0,0.9584569931030273,1.0416193008422852,0.9657049179077148,-0.00057220458984375,-0.00324249267578125,0.00476837158203125,0.0073261260986328125,-0.0024423599243164062,0.22710609436035156,-0.05128288269042969,-0.0073261260986328125,-0.0073261260986328125,-0.08058643341064453,-2.4273509979248047,7.883762359619141,-1.8144073486328125,0.10012245178222656,-0.11477375030517578,0.0,-2.7230530019803907,7.984965479715436,-1.8285029994355277,-0.001120441548990004,-0.005935633200761257
47,2,heldout,3,1,0.3490658503988659,0.4973455009967438,3,s,af3726fcacd0ac1320a56ea850b0a2c0f5430cf4eb20a45c078706980f08407e,d24fbe3839599a6a097188bae8cd47ce8083f27deef1341ae3086bf0d5a45bd1,87f63c0590d05baea263cdc42c6e1df2d063fa2def309ecb0283f3036bf33d46,87f63c0590d05baea263cdc42c6e1df2d063fa2def309ecb0283f3036bf33d46,1787977975.3573012,36559.225999999995,18279670,0,0.9584569931030273,1.0416193008422852,0.9664678573608398,-0.00057220458984375,-0.00324249267578125,0.00476837158203125,-0.0073261260986328125,-0.0024423599243164062,0.22222232818603516,-0.05128288269042969,-0.0073261260986328125,-0.0073261260986328125,-0.08058643341064453,-2.413675308227539,7.911109924316406,-1.809523582458496,0.10012245178222656,-0.11477375030517578,0.0,-2.721652812064772,7.983565289799817,-1.8283407066862918,-0.0011091167440590583,-0.005936071725788041
47,2,heldout,3,1,0.3490658503988659,0.4992899669960025,3,s,af3726fcacd0ac1320a56ea850b0a2c0f5430cf4eb20a45c078706980f08407e,d24fbe3839599a6a097188bae8cd47ce8083f27deef1341ae3086bf0d5a45bd1,87f63c0590d05baea263cdc42c6e1df2d063fa2def309ecb0283f3036bf33d46,87f63c0590d05baea263cdc42c6e1df2d063fa2def309ecb0283f3036bf33d46,1787977975.3592925,36559.227999999996,18279671,0,0.9584569931030273,1.0416193008422852,0.9672307968139648,-0.00057220458984375,-0.00324249267578125,0.00476837158203125,-0.021978378295898438,-0.0024423599243164062,0.21245384216308594,-0.021978378295898438,-0.0073261260986328125,-0.0073261260986328125,-0.08058643341064453,-2.413675308227539,7.911109924316406,-1.8046398162841797,0.10500621795654297,-0.11477375030517578,0.0,-2.7202479751027684,7.982160452837812,-1.8281773497027487,-0.00109779129353723,-0.005936506795566491
47,2,heldout,3,1,0.3490658503988659,0.5012842129945057,3,s,af3726fcacd0ac1320a56ea850b0a2c0f5430cf4eb20a45c078706980f08407e,d24fbe3839599a6a097188bae8cd47ce8083f27deef1341ae3086bf0d5a45bd1,87f63c0590d05baea263cdc42c6e1df2d063fa2def309ecb0283f3036bf33d46,87f63c0590d05baea263cdc42c6e1df2d063fa2def309ecb0283f3036bf33d46,1787977975.3612373,36559.229999999996,18279672,0,0.9584569931030273,1.0416193008422852,0.9683752059936523,-0.00057220458984375,-0.00324249267578125,0.00476837158203125,-0.0073261260986328125,-0.0024423599243164062,0.20268630981445312,-0.021978378295898438,0.0073261260986328125,-0.0073261260986328125,-0.08058643341064453,-2.413675308227539,7.883762359619141,-1.8046398162841797,0.10500621795654297,-0.11477375030517578,0.0,-2.7181320082372937,7.980044485972338,-1.8279303189962794,-0.0010808019216922984,-0.005937152921090122
47,2,heldout,3,1,0.3490658503988659,0.5032223629968939,3,s,af3726fcacd0ac1320a56ea850b0a2c0f5430cf4eb20a45c078706980f08407e,d24fbe3839599a6a097188bae8cd47ce8083f27deef1341ae3086bf0d5a45bd1,87f63c0590d05baea263cdc42c6e1df2d063fa2def309ecb0283f3036bf33d46,87f63c0590d05baea263cdc42c6e1df2d063fa2def309ecb0283f3036bf33d46,1787977975.3631966,36559.231999999996,18279673,0,0.9584569931030273,1.0416193008422852,0.9691390991210938,-0.00057220458984375,-0.00324249267578125,0.00476837158203125,0.0073261260986328125,-0.0024423599243164062,0.20268630981445312,-0.03663063049316406,-0.021978378295898438,-0.0073261260986328125,-0.08058643341064453,-2.4273509979248047,7.856410980224609,-1.8046398162841797,0.10500621795654297,-0.11477375030517578,0.0,-2.716713783772622,7.9786262615076655,-1.8277640936570974,-0.0010694607268497964,-0.00593757988251966
47,2,heldout,3,1,0.3490658503988659,0.5051872609983548,3,s,af3726fcacd0ac1320a56ea850b0a2c0f5430cf4eb20a45c078706980f08407e,d24fbe3839599a6a097188bae8cd47ce8083f27deef1341ae3086bf0d5a45bd1,87f63c0590d05baea263cdc42c6e1df2d063fa2def309ecb0283f3036bf33d46,87f63c0590d05baea263cdc42c6e1df2d063fa2def309ecb0283f3036bf33d46,1787977975.3657494,36559.234,18279674,0,0.9584569931030273,1.0416193008422852,0.9699020385742188,-0.00057220458984375,-0.00324249267578125,0.00476837158203125,-0.0073261260986328125,-0.0024423599243164062,0.20757007598876953,-0.021978378295898438,-0.0073261260986328125,-0.0073261260986328125,-0.07570171356201172,-2.4273509979248047,7.842735290527344,-1.8046398162841797,0.10500621795654297,-0.11477375030517578,0.0,-2.7152926828008757,7.977205160535921,-1.8275970112765356,-0.0010581330679024946,-0.005938002852627536
47,2,heldout,3,1,0.3490658503988659,0.5077425099952961,3,s,af3726fcacd0ac1320a56ea850b0a2c0f5430cf4eb20a45c078706980f08407e,d24fbe3839599a6a097188bae8cd47ce8083f27deef1341ae3086bf0d5a45bd1,87f63c0590d05baea263cdc42c6e1df2d063fa2def309ecb0283f3036bf33d46,87f63c0590d05baea263cdc42c6e1df2d063fa2def309ecb0283f3036bf33d46,1787977975.3677402,36559.236,18279675,0,0.9584569931030273,1.0416193008422852,0.9706649780273438,-0.00057220458984375,-0.00324249267578125,0.00476837158203125,-0.0073261260986328125,-0.0024423599243164062,0.21245384216308594,-0.03663063049316406,-0.0073261260986328125,-0.0073261260986328125,-0.07570171356201172,-2.4273509979248047,7.897434234619141,-1.8046398162841797,0.10012245178222656,-0.11477375030517578,0.0,-2.71386693848483,7.975779416219874,-1.8274288650945552,-0.0010468047930407163,-0.005938422366363013
47,2,heldout,3,1,0.3490658503988659,0.5097362550004618,3,s,af3726fcacd0ac1320a56ea850b0a2c0f5430cf4eb20a45c078706980f08407e,d24fbe3839599a6a097188bae8cd47ce8083f27deef1341ae3086bf0d5a45bd1,87f63c0590d05baea263cdc42c6e1df2d063fa2def309ecb0283f3036bf33d46,87f63c0590d05baea263cdc42c6e1df2d063fa2def309ecb0283f3036bf33d46,1787977975.3691587,36559.238,18279676,0,0.9584569931030273,1.0416193008422852,0.9718093872070312,-0.00057220458984375,-0.00324249267578125,0.00476837158203125,0.0073261260986328125,-0.0024423599243164062,0.21733856201171875,-0.0073261260986328125,-0.0073261260986328125,-0.0073261260986328125,-0.07570171356201172,-2.4273509979248047,7.897434234619141,-1.8046398162841797,0.10012245178222656,-0.11477375030517578,0.0,-2.7117196175563074,7.973632095291351,-1.8271746514081895,-0.0010298112403327015,-0.005939045155734367
47,2,heldout,3,1,0.3490658503988659,0.5111553739989176,3,s,af3726fcacd0ac1320a56ea850b0a2c0f5430cf4eb20a45c078706980f08407e,d24fbe3839599a6a097188bae8cd47ce8083f27deef1341ae3086bf0d5a45bd1,87f63c0590d05baea263cdc42c6e1df2d063fa2def309ecb0283f3036bf33d46,87f63c0590d05baea263cdc42c6e1df2d063fa2def309ecb0283f3036bf33d46,1787977975.371701,36559.24,18279677,0,0.9584569931030273,1.0416193008422852,0.9725723266601562,-0.00057220458984375,-0.00324249267578125,0.00476837158203125,-0.0073261260986328125,-0.0024423599243164062,0.20757007598876953,-0.0073261260986328125,0.021978378295898438,-0.0073261260986328125,-0.08058643341064453,-2.4273509979248047,7.965812683105469,-1.809523582458496,0.10012245178222656,-0.11477375030517578,0.0,-2.710282268516187,7.97219474625123,-1.8270038461522116,-0.0010184814545339178,-0.005939456027474922
47,2,heldout,3,1,0.3490658503988659,0.5137111689982703,3,s,af3726fcacd0ac1320a56ea850b0a2c0f5430cf4eb20a45c078706980f08407e,d24fbe3839599a6a097188bae8cd47ce8083f27deef1341ae3086bf0d5a45bd1,87f63c0590d05baea263cdc42c6e1df2d063fa2def309ecb0283f3036bf33d46,87f63c0590d05baea263cdc42c6e1df2d063fa2def309ecb0283f3036bf33d46,1787977975.3737452,36559.242,18279678,0,0.9584569931030273,1.0416193008422852,0.9733352661132812,-0.00057220458984375,-0.00324249267578125,0.00476837158203125,-0.0073261260986328125,-0.0024423599243164062,0.20268630981445312,-0.021978378295898438,-0.021978378295898438,-0.0073261260986328125,-0.08058643341064453,-2.413675308227539,7.952136993408203,-1.8144073486328125,0.10012245178222656,-0.11477375030517578,0.0,-2.708840279048204,7.970752756783248,-1.8268319774400823,-0.0010071510759009279,-0.005939863441997221
47,2,heldout,3,1,0.3490658503988659,0.5157377069990616,3,s,af3726fcacd0ac1320a56ea850b0a2c0f5430cf4eb20a45c078706980f08407e,d24fbe3839599a6a097188bae8cd47ce8083f27deef1341ae3086bf0d5a45bd1,87f63c0590d05baea263cdc42c6e1df2d063fa2def309ecb0283f3036bf33d46,87f63c0590d05baea263cdc42c6e1df2d063fa2def309ecb0283f3036bf33d46,1787977975.3753517,36559.244,18279679,0,0.9584569931030273,1.0416193008422852,0.9740982055664062,-0.00057220458984375,-0.00324249267578125,0.00476837158203125,-0.0073261260986328125,-0.0024423599243164062,0.19780254364013672,-0.03663063049316406,-0.021978378295898438,-0.0073261260986328125,-0.08058643341064453,-2.413675308227539,7.883762359619141,-1.8144073486328125,0.10012245178222656,-0.11477375030517578,0.0,-2.7073936499917095,7.969306127726755,-1.826659045371842,-0.0009958201110288876,-0.005940267399064118
47,2,heldout,3,1,0.3490658503988659,0.5173388109978987,3,s,af3726fcacd0ac1320a56ea850b0a2c0f5430cf4eb20a45c078706980f08407e,d24fbe3839599a6a097188bae8cd47ce8083f27deef1341ae3086bf0d5a45bd1,87f63c0590d05baea263cdc42c6e1df2d063fa2def309ecb0283f3036bf33d46,87f63c0590d05baea263cdc42c6e1df2d063fa2def309ecb0283f3036bf33d46,1787977975.3772912,36559.246,18279680,0,0.9584569931030273,1.0416193008422852,0.9748611450195312,-0.00057220458984375,-0.00324249267578125,0.00476837158203125,-0.0073261260986328125,-0.0024423599243164062,0.19780254364013672,-0.021978378295898438,0.0073261260986328125,-0.0073261260986328125,-0.08058643341064453,-2.3999996185302734,7.870086669921875,-1.809523582458496,0.10500621795654297,-0.11477375030517578,0.0,-2.70594238218875,7.967854859923794,-1.8264850500481495,-0.0009844885665132763,-0.005940667898440475
47,2,heldout,3,1,0.3490658503988659,0.5192735499949777,3,s,af3726fcacd0ac1320a56ea850b0a2c0f5430cf4eb20a45c078706980f08407e,d24fbe3839599a6a097188bae8cd47ce8083f27deef1341ae3086bf0d5a45bd1,87f63c0590d05baea263cdc42c6e1df2d063fa2def309ecb0283f3036bf33d46,87f63c0590d05baea263cdc42c6e1df2d063fa2def309ecb0283f3036bf33d46,1787977975.3792453,36559.248,18279681,0,0.9584569931030273,1.0416193008422852,0.9756240844726562,-0.00095367431640625,-0.00324249267578125,0.00476837158203125,-0.0073261260986328125,-0.0024423599243164062,0.19780254364013672,-0.03663063049316406,-0.0073261260986328125,-0.0073261260986328125,-0.08058643341064453,-2.3999996185302734,7.883762359619141,-1.8046398162841797,0.10500621795654297,-0.11477375030517578,0.0,-2.7043985485941513,7.966311026329195,-1.826222063680355,-0.0009674901773366416,-0.005941262163825851
47,2,heldout,3,1,0.3490658503988659,0.5212351659938577,3,s,af3726fcacd0ac1320a56ea850b0a2c0f5430cf4eb20a45c078706980f08407e,d24fbe3839599a6a097188bae8cd47ce8083f27deef1341ae3086bf0d5a45bd1,87f63c0590d05baea263cdc42c6e1df2d063fa2def309ecb0283f3036bf33d46,87f63c0590d05baea263cdc42c6e1df2d063fa2def309ecb0283f3036bf33d46,1787977975.381192,36559.25,18279682,0,0.9584569931030273,1.0416193008422852,0.9763870239257812,-0.00095367431640625,-0.00324249267578125,0.00476837158203125,-0.0073261260986328125,-0.0024423599243164062,0.19780254364013672,-0.05128288269042969,-0.021978378295898438,-0.0073261260986328125,-0.07570171356201172,-2.3999996185302734,7.965812683105469,-1.7997560501098633,0.10500621795654297,-0.11477375030517578,0.0,-2.7029374743474803,7.964849952082526,-1.8260454106624815,-0.0009561572125695895,-0.005941654017960365
47,2,heldout,3,1,0.3490658503988659,0.523183154000435,3,s,af3726fcacd0ac1320a56ea850b0a2c0f5430cf4eb20a45c078706980f08407e,d24fbe3839599a6a097188bae8cd47ce8083f27deef1341ae3086bf0d5a45bd1,87f63c0590d05baea263cdc42c6e1df2d063fa2def309ecb0283f3036bf33d46,87f63c0590d05baea263cdc42c6e1df2d063fa2def309ecb0283f3036bf33d46,1787977975.3837068,36559.252,18279683,0,0.9584569931030273,1.0416193008422852,0.9771499633789062,-0.00095367431640625,-0.00324249267578125,0.00476837158203125,-0.0073261260986328125,-0.0024423599243164062,0.1880340576171875,-0.05128288269042969,-0.0073261260986328125,-0.0073261260986328125,-0.07570171356201172,-2.3999996185302734,8.034187316894531,-1.7948713302612305,0.10500621795654297,-0.11477375030517578,0.0,-2.7014717639481813,7.963384241683224,-1.8258676947463375,-0.0009448236912458164,-0.00594204241359722
47,2,heldout,3,1,0.3490658503988659,0.5256900509994011,3,s,af3726fcacd0ac1320a56ea850b0a2c0f5430cf4eb20a45c078706980f08407e,d24fbe3839599a6a097188bae8cd47ce8083f27deef1341ae3086bf0d5a45bd1,87f63c0590d05baea263cdc42c6e1df2d063fa2def309ecb0283f3036bf33d46,87f63c0590d05baea263cdc42c6e1df2d063fa2def309ecb0283f3036bf33d46,1787977975.3857024,36559.254,18279684,0,0.9584569931030273,1.0412378311157227,0.9779129028320312,-0.00095367431640625,-0.00324249267578125,0.00476837158203125,-0.0073261260986328125,-0.0024423599243164062,0.1782665252685547,-0.03663063049316406,-0.0073261260986328125,-0.0073261260986328125,-0.07570171356201172,-2.3999996185302734,7.952136993408203,-1.789987564086914,0.10500621795654297,-0.11477375030517578,0.0,-2.6958316125830546,7.961176985165121,-1.8255991281643222,-0.000927822380147276,-0.005942618521875409
47,2,heldout,3,1,0.3490658503988659,0.5276936349982861,3,s,af3726fcacd0ac1320a56ea850b0a2c0f5430cf4eb20a45c078706980f08407e,d24fbe3839599a6a097188bae8cd47ce8083f27deef1341ae3086bf0d5a45bd1,87f63c0590d05baea263cdc42c6e1df2d063fa2def309ecb0283f3036bf33d46,87f63c0590d05baea263cdc42c6e1df2d063fa2def309ecb0283f3036bf33d46,1787977975.3876855,36559.256,18279685,0,0.9584569931030273,1.0412378311157227,0.9786758422851562,-0.00095367431640625,-0.00324249267578125,0.00476837158203125,0.0073261260986328125,-0.0024423599243164062,0.1782665252685547,-0.021978378295898438,-0.0073261260986328125,-0.0073261260986328125,-0.08058643341064453,-2.3999996185302734,7.9931640625,-1.7851037979125977,0.10500621795654297,-0.10988998413085938,0.0,-2.694354315540645,7.959699688122712,-1.825418755456428,-0.000916487496294177,-0.005942998270283448
47,2,heldout,3,1,0.3490658503988659,0.529671286996745,3,s,af3726fcacd0ac1320a56ea850b0a2c0f5430cf4eb20a45c078706980f08407e,d24fbe3839599a6a097188bae8cd47ce8083f27deef1341ae3086bf0d5a45bd1,87f63c0590d05baea263cdc42c6e1df2d063fa2def309ecb0283f3036bf33d46,87f63c0590d05baea263cdc42c6e1df2d063fa2def309ecb0283f3036bf33d46,1787977975.3896842,36559.258,18279686,0,0.9584569931030273,1.0412378311157227,0.9794387817382812,-0.00133514404296875,-0.00324249267578125,0.00476837158203125,-0.0073261260986328125,-0.0024423599243164062,0.16849803924560547,-0.05128288269042969,-0.0073261260986328125,-0.0073261260986328125,-0.08058643341064453,-2.3999996185302734,8.034187316894531,-1.7851037979125977,0.10012245178222656,-0.10988998413085938,0.0,-2.6927812693056685,7.958126641887738,-1.8251462041772384,-0.000899484172327834,-0.00594356140667677
47,2,heldout,3,1,0.3490658503988659,0.5316778479973436,3,s,af3726fcacd0ac1320a56ea850b0a2c0f5430cf4eb20a45c078706980f08407e,d24fbe3839599a6a097188bae8cd47ce8083f27deef1341ae3086bf0d5a45bd1,87f63c0590d05baea263cdc42c6e1df2d063fa2def309ecb0283f3036bf33d46,87f63c0590d05baea263cdc42c6e1df2d063fa2def309ecb0283f3036bf33d46,1787977975.3916674,36559.259999999995,18279687,0,0.9584569931030273,1.0412378311157227,0.9802017211914062,-0.00133514404296875,-0.00324249267578125,0.00476837158203125,-0.0073261260986328125,-0.0024423599243164062,0.16361427307128906,-0.03663063049316406,-0.0073261260986328125,-0.0073261260986328125,-0.08058643341064453,-2.386323928833008,7.952136993408203,-1.7753353118896484,0.10500621795654297,-0.11477375030517578,0.0,-2.69129417564215,7.956639548224217,-1.824963175333786,-0.0008881479671814627,-0.005943932506474476
47,2,heldout,3,1,0.3490658503988659,0.5336808659994858,3,s,af3726fcacd0ac1320a56ea850b0a2c0f5430cf4eb20a45c078706980f08407e,d24fbe3839599a6a097188bae8cd47ce8083f27deef1341ae3086bf0d5a45bd1,87f63c0590d05baea263cdc42c6e1df2d063fa2def309ecb0283f3036bf33d46,87f63c0590d05baea263cdc42c6e1df2d063fa2def309ecb0283f3036bf33d46,1787977975.393703,36559.261999999995,18279688,0,0.9584569931030273,1.0412378311157227,0.9809646606445312,-0.00133514404296875,-0.00324249267578125,0.00476837158203125,-0.021978378295898438,-0.0024423599243164062,0.16849803924560547,-0.05128288269042969,-0.0073261260986328125,-0.0073261260986328125,-0.07570171356201172,-2.413675308227539,7.924785614013672,-1.770451545715332,0.10500621795654297,-0.10988998413085938,0.0,-2.6898024506050806,7.955147823187147,-1.824779084222006,-0.0008768112450649551,-0.005944300146448267
47,2,heldout,3,1,0.3490658503988659,0.5356909129986889,3,s,af3726fcacd0ac1320a56ea850b0a2c0f5430cf4eb20a45c078706980f08407e,d24fbe3839599a6a097188bae8cd47ce8083f27deef1341ae3086bf0d5a45bd1,87f63c0590d05baea263cdc42c6e1df2d063fa2def309ecb0283f3036bf33d46,87f63c0590d05baea263cdc42c6e1df2d063fa2def309ecb0283f3036bf33d46,1787977975.3957012,36559.263999999996,18279689,0,0.9584569931030273,1.0412378311157227,0.9813461303710938,-0.00133514404296875,-0.00324249267578125,0.00476837158203125,-0.0073261260986328125,-0.0024423599243164062,0.16849803924560547,-0.03663063049316406,-0.0073261260986328125,-0.0073261260986328125,-0.07570171356201172,-2.3999996185302734,7.924785614013672,-1.7655677795410156,0.10500621795654297,-0.11477375030517578,0.0,-2.689054851592707,7.954400224174774,-1.8246866403489568,-0.0008711426922050316,-0.0059444826689342475
47,2,heldout,3,1,0.3490658503988659,0.5376963889939361,3,s,af3726fcacd0ac1320a56ea850b0a2c0f5430cf4eb20a45c078706980f08407e,d24fbe3839599a6a097188bae8cd47ce8083f27deef1341ae3086bf0d5a45bd1,87f63c0590d05baea263cdc42c6e1df2d063fa2def309ecb0283f3036bf33d46,87f63c0590d05baea263cdc42c6e1df2d063fa2def309ecb0283f3036bf33d46,1787977975.3976672,36559.265999999996,18279690,0,0.9584569931030273,1.0412378311157227,0.9821090698242188,-0.00133514404296875,-0.00324249267578125,0.00476837158203125,0.0073261260986328125,-0.0024423599243164062,0.17338180541992188,-0.05128288269042969,-0.0073261260986328125,-0.0073261260986328125,-0.07570171356201172,-2.413675308227539,7.965812683105469,-1.7606840133666992,0.10012245178222656,-0.11477375030517578,0.0,-2.6875561811242292,7.952901553706298,-1.8245009560358,-0.0008598052070062473,-0.005944845118771568
47,2,heldout,3,1,0.3490658503988659,0.5396482110008947,3,s,af3726fcacd0ac1320a56ea850b0a2c0f5430cf4eb20a45c078706980f08407e,d24fbe3839599a6a097188bae8cd47ce8083f27deef1341ae3086bf0d5a45bd1,87f63c0590d05baea263cdc42c6e1df2d063fa2def309ecb0283f3036bf33d46,87f63c0590d05baea263cdc42c6e1df2d063fa2def309ecb0283f3036bf33d46,1787977975.3996089,36559.268,18279691,0,0.9584569931030273,1.0412378311157227,0.9828720092773438,-0.00171661376953125,-0.00324249267578125,0.00476837158203125,-0.021978378295898438,-0.0024423599243164062,0.16849803924560547,-0.05128288269042969,-0.0073261260986328125,-0.0073261260986328125,-0.07570171356201172,-2.3999996185302734,7.897434234619141,-1.75091552734375,0.10012245178222656,-0.11477375030517578,0.0,-2.685959110086001,7.951304482668069,-1.8242204383513614,-0.0008427980428845353,-0.005945382305296315
47,2,heldout,3,1,0.3490658503988659,0.5415929599985247,3,s,af3726fcacd0ac1320a56ea850b0a2c0f5430cf4eb20a45c078706980f08407e,d24fbe3839599a6a097188bae8cd47ce8083f27deef1341ae3086bf0d5a45bd1,87f63c0590d05baea263cdc42c6e1df2d063fa2def309ecb0283f3036bf33d46,87f63c0590d05baea263cdc42c6e1df2d063fa2def309ecb0283f3036bf33d46,1787977975.401527,36559.27,18279692,0,0.9584569931030273,1.0412378311157227,0.9836349487304688,-0.00133514404296875,-0.00324249267578125,0.00476837158203125,-0.0073261260986328125,-0.0024423599243164062,0.15873050689697266,-0.021978378295898438,-0.0073261260986328125,-0.0073261260986328125,-0.07570171356201172,-2.3999996185302734,7.9931640625,-1.7460317611694336,0.10012245178222656,-0.11477375030517578,0.0,-2.684544953469068,7.949890326051136,-1.8241264015203504,-0.0008371287417908244,-0.005945559637171882
47,2,heldout,3,1,0.3490658503988659,0.5435105369979283,3,s,af3726fcacd0ac1320a56ea850b0a2c0f5430cf4eb20a45c078706980f08407e,d24fbe3839599a6a097188bae8cd47ce8083f27deef1341ae3086bf0d5a45bd1,87f63c0590d05baea263cdc42c6e1df2d063fa2def309ecb0283f3036bf33d46,87f63c0590d05baea263cdc42c6e1df2d063fa2def309ecb0283f3036bf33d46,1787977975.4034534,36559.272,18279693,0,0.9584569931030273,1.0412378311157227,0.9840164184570312,-0.00171661376953125,-0.00324249267578125,0.00476837158203125,-0.021978378295898438,-0.0024423599243164062,0.15873050689697266,-0.021978378295898438,-0.0073261260986328125,-0.0073261260986328125,-0.07570171356201172,-2.386323928833008,7.952136993408203,-1.7460317611694336,0.10500621795654297,-0.10988998413085938,0.0,-2.683694686419833,7.9490400590018995,-1.8239375315360769,-0.0008257897749736304,-0.005945911705318973
47,2,heldout,3,1,0.3490658503988659,0.5454367559941602,3,s,af3726fcacd0ac1320a56ea850b0a2c0f5430cf4eb20a45c078706980f08407e,d24fbe3839599a6a097188bae8cd47ce8083f27deef1341ae3086bf0d5a45bd1,87f63c0590d05baea263cdc42c6e1df2d063fa2def309ecb0283f3036bf33d46,87f63c0590d05baea263cdc42c6e1df2d063fa2def309ecb0283f3036bf33d46,1787977975.4054344,36559.274,18279694,0,0.9584569931030273,1.0412378311157227,0.9847793579101562,-0.00171661376953125,-0.00324249267578125,0.00476837158203125,-0.0073261260986328125,-0.0024423599243164062,0.15873050689697266,-0.021978378295898438,-0.0073261260986328125,-0.0073261260986328125,-0.08058643341064453,-2.386323928833008,7.952136993408203,-1.7460317611694336,0.10500621795654297,-0.11477375030517578,0.0,-2.6821792867715395,7.947524659353608,-1.8237475998804822,-0.0008144503274835448,-0.0059462603124901085
47,2,heldout,3,1,0.3490658503988659,0.5474299099951168,3,s,af3726fcacd0ac1320a56ea850b0a2c0f5430cf4eb20a45c078706980f08407e,d24fbe3839599a6a097188bae8cd47ce8083f27deef1341ae3086bf0d5a45bd1,87f63c0590d05baea263cdc42c6e1df2d063fa2def309ecb0283f3036bf33d46,87f63c0590d05baea263cdc42c6e1df2d063fa2def309ecb0283f3036bf33d46,1787977975.407372,36559.276,18279695,0,0.9584569931030273,1.0412378311157227,0.9855422973632812,-0.00171661376953125,-0.00324249267578125,0.00476837158203125,-0.021978378295898438,-0.0024423599243164062,0.15873050689697266,-0.021978378295898438,0.0073261260986328125,-0.0073261260986328125,-0.08058643341064453,-2.3999996185302734,7.897434234619141,-1.75091552734375,0.10500621795654297,-0.10988998413085938,0.0,-2.680659261055265,7.946004633637333,-1.8235566066641198,-0.0008031104059210005,-0.005946605458482374
47,2,heldout,3,1,0.3490658503988659,0.5493530620005913,3,s,af3726fcacd0ac1320a56ea850b0a2c0f5430cf4eb20a45c078706980f08407e,d24fbe3839599a6a097188bae8cd47ce8083f27deef1341ae3086bf0d5a45bd1,87f63c0590d05baea263cdc42c6e1df2d063fa2def309ecb0283f3036bf33d46,87f63c0590d05baea263cdc42c6e1df2d063fa2def309ecb0283f3036bf33d46,1787977975.4092913,36559.278,18279696,0,0.9584569931030273,1.0412378311157227,0.9863052368164062,-0.00171661376953125,-0.00324249267578125,0.00476837158203125,0.0073261260986328125,-0.0024423599243164062,0.15873050689697266,-0.03663063049316406,-0.0073261260986328125,-0.0073261260986328125,-0.07570171356201172,-2.386323928833008,7.911109924316406,-1.75091552734375,0.10500621795654297,-0.10988998413085938,0.0,-2.679134610155784,7.944479982737852,-1.8233645519981636,-0.0007917700168866966,-0.005946947143094866
47,2,heldout,3,1,0.3490658503988659,0.5512744139996357,3,s,af3726fcacd0ac1320a56ea850b0a2c0f5430cf4eb20a45c078706980f08407e,d24fbe3839599a6a097188bae8cd47ce8083f27deef1341ae3086bf0d5a45bd1,87f63c0590d05baea263cdc42c6e1df2d063fa2def309ecb0283f3036bf33d46,87f63c0590d05baea263cdc42c6e1df2d063fa2def309ecb0283f3036bf33d46,1787977975.411198,36559.28,18279697,0,0.9584569931030273,1.0412378311157227,0.9866867065429688,-0.00171661376953125,-0.00324249267578125,0.00476837158203125,0.0073261260986328125,-0.0024423599243164062,0.15873050689697266,-0.021978378295898438,0.0073261260986328125,-0.0073261260986328125,-0.07570171356201172,-2.386323928833008,7.911109924316406,-1.75091552734375,0.10012245178222656,-0.10988998413085938,0.0,-2.678370550539567,7.943715923121635,-1.8232681266564974,-0.0007860996491304282,-0.005947116687321467
47,2,heldout,3,1,0.3490658503988659,0.5531929469943861,3,s,af3726fcacd0ac1320a56ea850b0a2c0f5430cf4eb20a45c078706980f08407e,d24fbe3839599a6a097188bae8cd47ce8083f27deef1341ae3086bf0d5a45bd1,87f63c0590d05baea263cdc42c6e1df2d063fa2def309ecb0283f3036bf33d46,87f63c0590d05baea263cdc42c6e1df2d063fa2def309ecb0283f3036bf33d46,1787977975.4137306,36559.282,18279698,0,0.9584569931030273,1.0412378311157227,0.9874496459960938,-0.00171661376953125,-0.00324249267578125,0.00476837158203125,0.0073261260986328125,-0.0024423599243164062,0.15873050689697266,-0.0073261260986328125,-0.021978378295898438,-0.0073261260986328125,-0.08058643341064453,-2.3999996185302734,7.952136993408203,-1.75091552734375,0.10012245178222656,-0.10988998413085938,0.0,-2.6768389635301046,7.942184336112172,-1.8230744800259489,-0.000774758571265395,-0.005947453179492014
47,2,heldout,3,1,0.3490658503988659,0.5557157410003128,3,s,af3726fcacd0ac1320a56ea850b0a2c0f5430cf4eb20a45c078706980f08407e,d24fbe3839599a6a097188bae8cd47ce8083f27deef1341ae3086bf0d5a45bd1,87f63c0590d05baea263cdc42c6e1df2d063fa2def309ecb0283f3036bf33d46,87f63c0590d05baea263cdc42c6e1df2d063fa2def309ecb0283f3036bf33d46,1787977975.4156709,36559.284,18279699,0,0.9584569931030273,1.0412378311157227,0.9882125854492188,-0.00171661376953125,-0.00324249267578125,0.00476837158203125,-0.0073261260986328125,-0.0024423599243164062,0.15873050689697266,-0.021978378295898438,-0.021978378295898438,-0.0073261260986328125,-0.07570171356201172,-2.386323928833008,7.965812683105469,-1.75091552734375,0.10500621795654297,-0.10988998413085938,0.0,-2.675302753561141,7.940648126143207,-1.8228797722264398,-0.0007634170424315446,-0.005947786209789351
47,2,heldout,3,1,0.3490658503988659,0.5576516719956999,3,s,af3726fcacd0ac1320a56ea850b0a2c0f5430cf4eb20a45c078706980f08407e,d24fbe3839599a6a097188bae8cd47ce8083f27deef1341ae3086bf0d5a45bd1,87f63c0590d05baea263cdc42c6e1df2d063fa2def309ecb0283f3036bf33d46,87f63c0590d05baea263cdc42c6e1df2d063fa2def309ecb0283f3036bf33d46,1787977975.4176238,36559.286,18279700,0,0.9584569931030273,1.0412378311157227,0.9885940551757812,-0.00171661376953125,-0.00324249267578125,0.00476837158203125,0.0073261260986328125,-0.0024423599243164062,0.15384578704833984,-0.03663063049316406,-0.0073261260986328125,-0.0073261260986328125,-0.08058643341064453,-2.372650146484375,7.979488372802734,-1.75091552734375,0.10500621795654297,-0.10988998413085938,0.0,-2.674532915246176,7.939878287828243,-1.8227820204237186,-0.0007577461109643125,-0.00594795142667491
47,2,heldout,3,1,0.3490658503988659,0.5596041909957421,3,s,af3726fcacd0ac1320a56ea850b0a2c0f5430cf4eb20a45c078706980f08407e,d24fbe3839599a6a097188bae8cd47ce8083f27deef1341ae3086bf0d5a45bd1,87f63c0590d05baea263cdc42c6e1df2d063fa2def309ecb0283f3036bf33d46,87f63c0590d05baea263cdc42c6e1df2d063fa2def309ecb0283f3036bf33d46,1787977975.4198802,36559.288,18279701,0,0.9584569931030273,1.0412378311157227,0.9893569946289062,-0.00171661376953125,-0.00324249267578125,0.00476837158203125,-0.021978378295898438,-0.0024423599243164062,0.14896202087402344,-0.021978378295898438,-0.0073261260986328125,-0.0073261260986328125,-0.07570171356201172,-2.386323928833008,7.9384613037109375,-1.7460317611694336,0.10500621795654297,-0.10988998413085938,0.0,-2.6729897725154075,7.938335145097475,-1.822585721083466,-0.0007464039180553818,-0.0059482792637995914
47,2,heldout,3,1,0.3490658503988659,0.5618719329941086,3,s,af3726fcacd0ac1320a56ea850b0a2c0f5430cf4eb20a45c078706980f08407e,d24fbe3839599a6a097188bae8cd47ce8083f27deef1341ae3086bf0d5a45bd1,87f63c0590d05baea263cdc42c6e1df2d063fa2def309ecb0283f3036bf33d46,87f63c0590d05baea263cdc42c6e1df2d063fa2def309ecb0283f3036bf33d46,1787977975.4213073,36559.29,18279702,0,0.9584569931030273,1.0412378311157227,0.9897384643554688,-0.00171661376953125,-0.00324249267578125,0.00476837158203125,0.0073261260986328125,-0.0024423599243164062,0.14896202087402344,-0.021978378295898438,-0.0073261260986328125,-0.0073261260986328125,-0.07570171356201172,-2.372650146484375,7.9931640625,-1.7460317611694336,0.10500621795654297,-0.11477375030517578,0.0,-2.6722164683241614,7.937561840906228,-1.8224871735744994,-0.0007407326582641919,-0.005948441883991009
47,2,heldout,3,1,0.3490658503988659,0.5632974269974511,3,s,af3726fcacd0ac1320a56ea850b0a2c0f5430cf4eb20a45c078706980f08407e,d24fbe3839599a6a097188bae8cd47ce8083f27deef1341ae3086bf0d5a45bd1,87f63c0590d05baea263cdc42c6e1df2d063fa2def309ecb0283f3036bf33d46,87f63c0590d05baea263cdc42c6e1df2d063fa2def309ecb0283f3036bf33d46,1787977975.4233167,36559.292,18279703,0,0.9584569931030273,1.0412378311157227,0.9905014038085938,-0.00171661376953125,-0.00324249267578125,0.00476837158203125,-0.0073261260986328125,-0.0024423599243164062,0.14407825469970703,-0.021978378295898438,-0.0073261260986328125,-0.0073261260986328125,-0.07570171356201172,-2.372650146484375,7.979488372802734,-1.7411479949951172,0.10500621795654297,-0.10988998413085938,0.0,-2.6706663948526,7.9360117674346675,-1.8222892829505906,-0.0007293898161347387,-0.005948764527513678
47,2,heldout,3,1,0.3490658503988659,0.5652992849936709,3,s,af3726fcacd0ac1320a56ea850b0a2c0f5430cf4eb20a45c078706980f08407e,d24fbe3839599a6a097188bae8cd47ce8083f27deef1341ae3086bf0d5a45bd1,87f63c0590d05baea263cdc42c6e1df2d063fa2def309ecb0283f3036bf33d46,87f63c0590d05baea263cdc42c6e1df2d063fa2def309ecb0283f3036bf33d46,1787977975.4252813,36559.294,18279704,0,0.9584569931030273,1.0412378311157227,0.9908828735351562,-0.00209808349609375,-0.00324249267578125,0.00476837158203125,0.0073261260986328125,-0.0024423599243164062,0.13919448852539062,-0.05128288269042969,-0.0073261260986328125,-0.0073261260986328125,-0.07570171356201172,-2.372650146484375,8.020511627197266,-1.7460317611694336,0.10500621795654297,-0.11477375030517578,0.0,-2.6697900175481717,7.93513539013024,-1.8220903316147667,-0.0007180465494445582,-0.005949083708399828
47,2,heldout,3,1,0.3490658503988659,0.5672692649968667,3,s,af3726fcacd0ac1320a56ea850b0a2c0f5430cf4eb20a45c078706980f08407e,d24fbe3839599a6a097188bae8cd47ce8083f27deef1341ae3086bf0d5a45bd1,87f63c0590d05baea263cdc42c6e1df2d063fa2def309ecb0283f3036bf33d46,87f63c0590d05baea263cdc42c6e1df2d063fa2def309ecb0283f3036bf33d46,1787977975.4272125,36559.295999999995,18279705,0,0.9584569931030273,1.0412378311157227,0.9916458129882812,-0.00209808349609375,-0.00324249267578125,0.00476837158203125,0.0073261260986328125,-0.0024423599243164062,0.13919448852539062,-0.021978378295898438,-0.021978378295898438,-0.0073261260986328125,-0.08058643341064453,-2.372650146484375,8.047863006591797,-1.7411479949951172,0.10500621795654297,-0.10988998413085938,0.0,-2.6682324850823633,7.933577857664432,-1.821890319682831,-0.0007067028647962954,-0.005949399426463675
47,2,heldout,3,1,0.3490658503988659,0.5691924329948961,3,s,af3726fcacd0ac1320a56ea850b0a2c0f5430cf4eb20a45c078706980f08407e,d24fbe3839599a6a097188bae8cd47ce8083f27deef1341ae3086bf0d5a45bd1,87f63c0590d05baea263cdc42c6e1df2d063fa2def309ecb0283f3036bf33d46,87f63c0590d05baea263cdc42c6e1df2d063fa2def309ecb0283f3036bf33d46,1787977975.4297147,36559.297999999995,18279706,0,0.9584569931030273,1.0412378311157227,0.9920272827148438,-0.00209808349609375,-0.00324249267578125,0.00476837158203125,-0.0073261260986328125,-0.0024423599243164062,0.1294260025024414,-0.03663063049316406,-0.021978378295898438,-0.0073261260986328125,-0.08058643341064453,-2.372650146484375,8.129913330078125,-1.7362632751464844,0.10500621795654297,-0.10988998413085938,0.0,-2.66745198706149,7.9327973596435575,-1.8217899160296804,-0.0007010308678012782,-0.005949555986879726
47,2,heldout,3,1,0.3490658503988659,0.5716928229958285,3,s,af3726fcacd0ac1320a56ea850b0a2c0f5430cf4eb20a45c078706980f08407e,d24fbe3839599a6a097188bae8cd47ce8083f27deef1341ae3086bf0d5a45bd1,87f63c0590d05baea263cdc42c6e1df2d063fa2def309ecb0283f3036bf33d46,87f63c0590d05baea263cdc42c6e1df2d063fa2def309ecb0283f3036bf33d46,1787977975.4315922,36559.299999999996,18279707,0,0.9584569931030273,1.0412378311157227,0.9924087524414062,-0.00209808349609375,-0.00324249267578125,0.00476837158203125,-0.0073261260986328125,-0.0024423599243164062,0.1196584701538086,-0.021978378295898438,0.0073261260986328125,-0.0073261260986328125,-0.07570171356201172,-2.3589744567871094,8.157264709472656,-1.731379508972168,0.10500621795654297,-0.10988998413085938,0.0,-2.6666703346666845,7.93201570724875,-1.8216892472712085,-0.0006953587687928448,-0.005949711681521444
47,2,heldout,3,1,0.3490658503988659,0.5735912219970487,3,s,af3726fcacd0ac1320a56ea850b0a2c0f5430cf4eb20a45c078706980f08407e,d24fbe3839599a6a097188bae8cd47ce8083f27deef1341ae3086bf0d5a45bd1,87f63c0590d05baea263cdc42c6e1df2d063fa2def309ecb0283f3036bf33d46,87f63c0590d05baea263cdc42c6e1df2d063fa2def309ecb0283f3036bf33d46,1787977975.4334743,36559.301999999996,18279708,0,0.9584569931030273,1.0412378311157227,0.9931716918945312,-0.00209808349609375,-0.00324249267578125,0.00476837158203125,-0.0073261260986328125,-0.0024423599243164062,0.1196584701538086,-0.0073261260986328125,-0.0073261260986328125,-0.0073261260986328125,-0.07570171356201172,-2.3589744567871094,8.129913330078125,-1.7264957427978516,0.10500621795654297,-0.10988998413085938,0.0,-2.6651035672104184,7.930448939792486,-1.821487114496937,-0.0006840142680373394,-0.005950020473391381
47,2,heldout,3,1,0.3490658503988659,0.5754470190004213,3,s,af3726fcacd0ac1320a56ea850b0a2c0f5430cf4eb20a45c078706980f08407e,d24fbe3839599a6a097188bae8cd47ce8083f27deef1341ae3086bf0d5a45bd1,87f63c0590d05baea263cdc42c6e1df2d063fa2def309ecb0283f3036bf33d46,87f63c0590d05baea263cdc42c6e1df2d063fa2def309ecb0283f3036bf33d46,1787977975.4354289,36559.304,18279709,0,0.9584569931030273,1.0412378311157227,0.9935531616210938,-0.00209808349609375,-0.00324249267578125,0.00476837158203125,-0.021978378295898438,-0.0024423599243164062,0.124542236328125,-0.05128288269042969,0.0073261260986328125,-0.0073261260986328125,-0.07570171356201172,-2.3589744567871094,8.157264709472656,-1.7216119766235352,0.10500621795654297,-0.10988998413085938,0.0,-2.664318452376957,7.929663824959023,-1.8213856505105517,-0.0006783418679411101,-0.005950173570574664
47,2,heldout,3,1,0.3490658503988659,0.5774046389997238,3,s,af3726fcacd0ac1320a56ea850b0a2c0f5430cf4eb20a45c078706980f08407e,d24fbe3839599a6a097188bae8cd47ce8083f27deef1341ae3086bf0d5a45bd1,87f63c0590d05baea263cdc42c6e1df2d063fa2def309ecb0283f3036bf33d46,87f63c0590d05baea263cdc42c6e1df2d063fa2def309ecb0283f3036bf33d46,1787977975.4373991,36559.306,18279710,0,0.9584569931030273,1.0412378311157227,0.9939346313476562,-0.00247955322265625,-0.00324249267578125,0.00476837158203125,-0.0073261260986328125,-0.0024423599243164062,0.1196584701538086,-0.03663063049316406,-0.0073261260986328125,-0.0073261260986328125,-0.08058643341064453,-2.3589744567871094,8.225639343261719,-1.711843490600586,0.10500621795654297,-0.10988998413085938,0.0,-2.6634301895609838,7.92877556214305,-1.821181927413106,-0.0006669967724389121,-0.005950477167326468
47,2,heldout,3,1,0.3490658503988659,0.5793789390008897,3,s,af3726fcacd0ac1320a56ea850b0a2c0f5430cf4eb20a45c078706980f08407e,d24fbe3839599a6a097188bae8cd47ce8083f27deef1341ae3086bf0d5a45bd1,87f63c0590d05baea263cdc42c6e1df2d063fa2def309ecb0283f3036bf33d46,87f63c0590d05baea263cdc42c6e1df2d063fa2def309ecb0283f3036bf33d46,1787977975.4392986,36559.308,18279711,0,0.9584569931030273,1.0412378311157227,0.9943161010742188,-0.00247955322265625,-0.00324249267578125,0.00476837158203125,-0.0073261260986328125,-0.0024423599243164062,0.11477375030517578,-0.05128288269042969,-0.021978378295898438,-0.0073261260986328125,-0.08058643341064453,-2.3589744567871094,8.239315032958984,-1.7020759582519531,0.10012245178222656,-0.10988998413085938,0.0,-2.6626425019892066,7.927987874571274,-1.821079668331693,-0.0006613240786838737,-0.00595062766685081
47,2,heldout,3,1,0.3490658503988659,0.5812784359950456,3,s,af3726fcacd0ac1320a56ea850b0a2c0f5430cf4eb20a45c078706980f08407e,d24fbe3839599a6a097188bae8cd47ce8083f27deef1341ae3086bf0d5a45bd1,87f63c0590d05baea263cdc42c6e1df2d063fa2def309ecb0283f3036bf33d46,87f63c0590d05baea263cdc42c6e1df2d063fa2def309ecb0283f3036bf33d46,1787977975.4412134,36559.31,18279712,0,0.9584569931030273,1.0412378311157227,0.9950790405273438,-0.00247955322265625,-0.00324249267578125,0.00476837158203125,-0.021978378295898438,-0.0024423599243164062,0.1196584701538086,-0.05128288269042969,-0.0073261260986328125,-0.0073261260986328125,-0.08058643341064453,-2.3589744567871094,8.239315032958984,-1.7020759582519531,0.10012245178222656,-0.10988998413085938,0.0,-2.661063665938258,7.926409038520323,-1.8208743551778848,-0.0006499784032933372,-0.005950926068086869
47,2,heldout,3,1,0.3490658503988659,0.5831910709966905,3,s,af3726fcacd0ac1320a56ea850b0a2c0f5430cf4eb20a45c078706980f08407e,d24fbe3839599a6a097188bae8cd47ce8083f27deef1341ae3086bf0d5a45bd1,87f63c0590d05baea263cdc42c6e1df2d063fa2def309ecb0283f3036bf33d46,87f63c0590d05baea263cdc42c6e1df2d063fa2def309ecb0283f3036bf33d46,1787977975.4436738,36559.312,18279713,0,0.9584569931030273,1.0412378311157227,0.9954605102539062,-0.00247955322265625,-0.00324249267578125,0.00476837158203125,-0.0073261260986328125,-0.0024423599243164062,0.1196584701538086,-0.05128288269042969,-0.021978378295898438,-0.0073261260986328125,-0.07570171356201172,-2.3589744567871094,8.157264709472656,-1.6971912384033203,0.10012245178222656,-0.10988998413085938,0.0,-2.6602725176888367,7.925617890270904,-1.8207713011353683,-0.0006443054233088533,-0.0059510739697551645
47,2,heldout,3,1,0.3490658503988659,0.5856506029958837,3,s,af3726fcacd0ac1320a56ea850b0a2c0f5430cf4eb20a45c078706980f08407e,d24fbe3839599a6a097188bae8cd47ce8083f27deef1341ae3086bf0d5a45bd1,87f63c0590d05baea263cdc42c6e1df2d063fa2def309ecb0283f3036bf33d46,87f63c0590d05baea263cdc42c6e1df2d063fa2def309ecb0283f3036bf33d46,1787977975.4455624,36559.314,18279714,0,0.9584569931030273,1.0412378311157227,0.9958419799804688,-0.00247955322265625,-0.00324249267578125,0.00476837158203125,-0.0073261260986328125,-0.0024423599243164062,0.1196584701538086,-0.021978378295898438,0.0073261260986328125,-0.0073261260986328125,-0.08058643341064453,-2.3589744567871094,8.211967468261719,-1.6971912384033203,0.10012245178222656,-0.10988998413085938,0.0,-2.659480216110234,7.9248255886923005,-1.8206679821357574,-0.0006386323495655914,-0.0059512210054282295
47,2,heldout,3,1,0.3490658503988659,0.5875384739993024,3,s,af3726fcacd0ac1320a56ea850b0a2c0f5430cf4eb20a45c078706980f08407e,d24fbe3839599a6a097188bae8cd47ce8083f27deef1341ae3086bf0d5a45bd1,87f63c0590d05baea263cdc42c6e1df2d063fa2def309ecb0283f3036bf33d46,87f63c0590d05baea263cdc42c6e1df2d063fa2def309ecb0283f3036bf33d46,1787977975.4474988,36559.316,18279715,0,0.9584569931030273,1.0412378311157227,0.9966049194335938,-0.00247955322265625,-0.00324249267578125,0.00476837158203125,-0.021978378295898438,-0.0024423599243164062,0.11477375030517578,-0.03663063049316406,-0.0073261260986328125,-0.0073261260986328125,-0.07570171356201172,-2.3589744567871094,8.184616088867188,-1.6971912384033203,0.10012245178222656,-0.10988998413085938,0.0,-2.65789215342683,7.923237526008897,-1.8204605493254373,-0.0006272859241049163,-0.005951512478703215
47,2,heldout,3,1,0.3490658503988659,0.5894762169991736,3,s,af3726fcacd0ac1320a56ea850b0a2c0f5430cf4eb20a45c078706980f08407e,d24fbe3839599a6a097188bae8cd47ce8083f27deef1341ae3086bf0d5a45bd1,87f63c0590d05baea263cdc42c6e1df2d063fa2def309ecb0283f3036bf33d46,87f63c0590d05baea263cdc42c6e1df2d063fa2def309ecb0283f3036bf33d46,1787977975.449486,36559.318,18279716,0,0.9584569931030273,1.0412378311157227,0.9969863891601562,-0.00247955322265625,-0.00324249267578125,0.00476837158203125,0.0073261260986328125,-0.0024423599243164062,0.1196584701538086,-0.021978378295898438,-0.021978378295898438,-0.0073261260986328125,-0.08058643341064453,-2.3589744567871094,8.157264709472656,-1.7020759582519531,0.10012245178222656,-0.10988998413085938,0.0,-2.6570963925531217,7.922441765135188,-1.8203564355449111,-0.000621612574038621,-0.005951656916262718
47,2,heldout,3,1,0.3490658503988659,0.5914755310004693,3,s,af3726fcacd0ac1320a56ea850b0a2c0f5430cf4eb20a45c078706980f08407e,d24fbe3839599a6a097188bae8cd47ce8083f27deef1341ae3086bf0d5a45bd1,87f63c0590d05baea263cdc42c6e1df2d063fa2def309ecb0283f3036bf33d46,87f63c0590d05baea263cdc42c6e1df2d063fa2def309ecb0283f3036bf33d46,1787977975.451403,36559.32,18279717,0,0.9584569931030273,1.0412378311157227,0.9973678588867188,-0.00247955322265625,-0.00324249267578125,0.00476837158203125,-0.021978378295898438,-0.0024423599243164062,0.1196584701538086,-0.0073261260986328125,-0.0073261260986328125,-0.0073261260986328125,-0.08058643341064453,-2.372650146484375,8.170940399169922,-1.7069597244262695,0.10500621795654297,-0.10988998413085938,0.0,-2.656299478812416,7.921644851394484,-1.8202520568676641,-0.0006159391335157942,-0.005951800487742164
47,2,heldout,3,1,0.3490658503988659,0.5933996019957704,3,s,af3726fcacd0ac1320a56ea850b0a2c0f5430cf4eb20a45c078706980f08407e,d24fbe3839599a6a097188bae8cd47ce8083f27deef1341ae3086bf0d5a45bd1,87f63c0590d05baea263cdc42c6e1df2d063fa2def309ecb0283f3036bf33d46,87f63c0590d05baea263cdc42c6e1df2d063fa2def309ecb0283f3036bf33d46,1787977975.4532943,36559.322,18279718,0,0.9584569931030273,1.0412378311157227,0.9977493286132812,-0.00247955322265625,-0.00324249267578125,0.00476837158203125,-0.0073261260986328125,-0.0024423599243164062,0.1196584701538086,-0.0073261260986328125,-0.0073261260986328125,-0.0073261260986328125,-0.08058643341064453,-2.3589744567871094,8.184616088867188,-1.7167272567749023,0.10012245178222656,-0.10988998413085938,0.0,-2.6555014123206826,7.92084678490275,-1.820147413308884,-0.0006102656033620252,-0.00595194319312066
47,2,heldout,3,1,0.3490658503988659,0.5952672429993981,3,s,af3726fcacd0ac1320a56ea850b0a2c0f5430cf4eb20a45c078706980f08407e,d24fbe3839599a6a097188bae8cd47ce8083f27deef1341ae3086bf0d5a45bd1,87f63c0590d05baea263cdc42c6e1df2d063fa2def309ecb0283f3036bf33d46,87f63c0590d05baea263cdc42c6e1df2d063fa2def309ecb0283f3036bf33d46,1787977975.4557512,36559.324,18279719,0,0.9584569931030273,1.0412378311157227,0.9981307983398438,-0.00247955322265625,-0.00324249267578125,0.00476837158203125,-0.021978378295898438,-0.0024423599243164062,0.11477375030517578,0.021978378295898438,-0.0073261260986328125,-0.0073261260986328125,-0.08058643341064453,-2.3452987670898438,8.184616088867188,-1.7216119766235352,0.10012245178222656,-0.10988998413085938,0.0,-2.654702193194054,7.92004756577612,-1.820042504883797,-0.0006045919844029245,-0.005952085032377437
47,2,heldout,3,1,0.3490658503988659,0.5977247869959683,3,s,af3726fcacd0ac1320a56ea850b0a2c0f5430cf4eb20a45c078706980f08407e,d24fbe3839599a6a097188bae8cd47ce8083f27deef1341ae3086bf0d5a45bd1,87f63c0590d05baea263cdc42c6e1df2d063fa2def309ecb0283f3036bf33d46,87f63c0590d05baea263cdc42c6e1df2d063fa2def309ecb0283f3036bf33d46,1787977975.4576094,36559.326,18279720,0,0.9584569931030273,1.0412378311157227,0.9988937377929688,-0.00247955322265625,-0.00324249267578125,0.00476837158203125,-0.021978378295898438,-0.0024423599243164062,0.11477375030517578,-0.0073261260986328125,-0.0073261260986328125,-0.0073261260986328125,-0.08058643341064453,-2.3452987670898438,8.170940399169922,-1.731379508972168,0.10500621795654297,-0.10988998413085938,0.0,-2.6531002975014832,7.918445670083549,-1.8198318934958122,-0.0005932444833712237,-0.005952366112443403
47,2,heldout,3,1,0.3490658503988659,0.5995828390005045,3,s,af3726fcacd0ac1320a56ea850b0a2c0f5430cf4eb20a45c078706980f08407e,d24fbe3839599a6a097188bae8cd47ce8083f27deef1341ae3086bf0d5a45bd1,87f63c0590d05baea263cdc42c6e1df2d063fa2def309ecb0283f3036bf33d46,87f63c0590d05baea263cdc42c6e1df2d063fa2def309ecb0283f3036bf33d46,1787977975.4594982,36559.328,18279721,0,0.9584569931030273,1.0412378311157227,0.9992752075195312,-0.00247955322265625,-0.00324249267578125,0.00476837158203125,-0.0073261260986328125,-0.0024423599243164062,0.10988998413085938,0.0073261260986328125,-0.0073261260986328125,-0.0073261260986328125,-0.08058643341064453,-2.3452987670898438,8.348716735839844,-1.7411479949951172,0.10500621795654297,-0.11477375030517578,0.0,-2.652297621168647,7.917642993750713,-1.8197261905635607,-0.0005875706029498983,-0.00595250535321169
47,2,heldout,3,1,0.3490658503988659,0.6014699489969644,3,s,af3726fcacd0ac1320a56ea850b0a2c0f5430cf4eb20a45c078706980f08407e,d24fbe3839599a6a097188bae8cd47ce8083f27deef1341ae3086bf0d5a45bd1,87f63c0590d05baea263cdc42c6e1df2d063fa2def309ecb0283f3036bf33d46,87f63c0590d05baea263cdc42c6e1df2d063fa2def309ecb0283f3036bf33d46,1787977975.461344,36559.33,18279722,0,0.9584569931030273,1.0412378311157227,0.9996566772460938,-0.00209808349609375,-0.00324249267578125,0.00476837158203125,-0.0073261260986328125,-0.0024423599243164062,0.10012245178222656,0.0073261260986328125,-0.03663063049316406,-0.0073261260986328125,-0.08058643341064453,-2.3589744567871094,8.321369171142578,-1.7460317611694336,0.10500621795654297,-0.11477375030517578,0.0,-2.65159976040439,7.916945132986458,-1.8197261905635616,-0.0005875706029498975,-0.005952505353211693
47,2,heldout,3,1,0.3490658503988659,0.6033142889937153,3,s,af3726fcacd0ac1320a56ea850b0a2c0f5430cf4eb20a45c078706980f08407e,d24fbe3839599a6a097188bae8cd47ce8083f27deef1341ae3086bf0d5a45bd1,87f63c0590d05baea263cdc42c6e1df2d063fa2def309ecb0283f3036bf33d46,87f63c0590d05baea263cdc42c6e1df2d063fa2def309ecb0283f3036bf33d46,1787977975.4632382,36559.331999999995,18279723,0,0.9584569931030273,1.0412378311157227,1.0000381469726562,-0.00247955322265625,-0.00324249267578125,0.00476837158203125,-0.0073261260986328125,-0.0024423599243164062,0.10012245178222656,-0.0073261260986328125,-0.021978378295898438,-0.0073261260986328125,-0.07570171356201172,-2.3589744567871094,8.36239242553711,-1.75091552734375,0.10988998413085938,-0.11477375030517578,0.0,-2.650688812113903,7.916034184695971,-1.8195139902994522,-0.0005762225864245961,-0.005952781236117564
47,2,heldout,3,1,0.3490658503988659,0.6052148259987007,3,s,af3726fcacd0ac1320a56ea850b0a2c0f5430cf4eb20a45c078706980f08407e,d24fbe3839599a6a097188bae8cd47ce8083f27deef1341ae3086bf0d5a45bd1,87f63c0590d05baea263cdc42c6e1df2d063fa2def309ecb0283f3036bf33d46,87f63c0590d05baea263cdc42c6e1df2d063fa2def309ecb0283f3036bf33d46,1787977975.4651582,36559.333999999995,18279724,0,0.9584569931030273,1.0412378311157227,1.0004196166992188,-0.00247955322265625,-0.00324249267578125,0.00476837158203125,-0.0073261260986328125,-0.0024423599243164062,0.10500621795654297,-0.0073261260986328125,-0.0073261260986328125,-0.0073261260986328125,-0.07570171356201172,-2.3589744567871094,8.403419494628906,-1.75091552734375,0.10988998413085938,-0.10988998413085938,0.0,-2.649882679626103,7.915228052208169,-1.8194074929984716,-0.0005705484519719689,-0.005952917878215
47,2,heldout,3,1,0.3490658503988659,0.6071383949965821,3,s,af3726fcacd0ac1320a56ea850b0a2c0f5430cf4eb20a45c078706980f08407e,d24fbe3839599a6a097188bae8cd47ce8083f27deef1341ae3086bf0d5a45bd1,87f63c0590d05baea263cdc42c6e1df2d063fa2def309ecb0283f3036bf33d46,87f63c0590d05baea263cdc42c6e1df2d063fa2def309ecb0283f3036bf33d46,1787977975.467639,36559.335999999996,18279725,0,0.9584569931030273,1.0412378311157227,1.0008010864257812,-0.00247955322265625,-0.00324249267578125,0.00476837158203125,-0.0073261260986328125,-0.0024423599243164062,0.10500621795654297,-0.0073261260986328125,-0.021978378295898438,-0.0073261260986328125,-0.07570171356201172,-2.3589744567871094,8.36239242553711,-1.7460317611694336,0.10500621795654297,-0.10988998413085938,0.0,-2.649075395321046,7.914420767903113,-1.8193007309388598,-0.0005648742344936204,-0.005953053654048886
47,2,heldout,3,1,0.3490658503988659,0.6096229169997969,3,s,af3726fcacd0ac1320a56ea850b0a2c0f5430cf4eb20a45c078706980f08407e,d24fbe3839599a6a097188bae8cd47ce8083f27deef1341ae3086bf0d5a45bd1,87f63c0590d05baea263cdc42c6e1df2d063fa2def309ecb0283f3036bf33d46,87f63c0590d05baea263cdc42c6e1df2d063fa2def309ecb0283f3036bf33d46,1787977975.4695475,36559.337999999996,18279726,0,0.9584569931030273,1.0412378311157227,1.0011825561523438,-0.00247955322265625,-0.00324249267578125,0.00476837158203125,-0.0073261260986328125,-0.0024423599243164062,0.10012245178222656,-0.021978378295898438,-0.0073261260986328125,-0.0073261260986328125,-0.07570171356201172,-2.3452987670898438,8.458118438720703,-1.7460317611694336,0.10988998413085938,-0.10988998413085938,0.0,-2.6482669593161976,7.913612331898264,-1.8191937041361497,-0.000559199934815249,-0.005953188563599461
47,2,heldout,3,1,0.3490658503988659,0.6115276189957513,3,s,af3726fcacd0ac1320a56ea850b0a2c0f5430cf4eb20a45c078706980f08407e,d24fbe3839599a6a097188bae8cd47ce8083f27deef1341ae3086bf0d5a45bd1,87f63c0590d05baea263cdc42c6e1df2d063fa2def309ecb0283f3036bf33d46,87f63c0590d05baea263cdc42c6e1df2d063fa2def309ecb0283f3036bf33d46,1787977975.4714499,36559.34,18279727,0,0.9584569931030273,1.0412378311157227,1.0015640258789062,-0.00247955322265625,-0.00324249267578125,0.00476837158203125,-0.0073261260986328125,-0.0024423599243164062,0.09523773193359375,-0.0073261260986328125,-0.0073261260986328125,-0.0073261260986328125,-0.08058643341064453,-2.3452987670898438,8.430770874023438,-1.7460317611694336,0.10500621795654297,-0.10988998413085938,0.0,-2.647457371729205,7.912802744311272,-1.8190864126059174,-0.0005535255537625807,-0.00595332260684709
47,2,heldout,3,1,0.3490658503988659,0.6134508199975244,3,s,af3726fcacd0ac1320a56ea850b0a2c0f5430cf4eb20a45c078706980f08407e,d24fbe3839599a6a097188bae8cd47ce8083f27deef1341ae3086bf0d5a45bd1,87f63c0590d05baea263cdc42c6e1df2d063fa2def309ecb0283f3036bf33d46,87f63c0590d05baea263cdc42c6e1df2d063fa2def309ecb0283f3036bf33d46,1787977975.4733636,36559.342,18279728,0,0.9584569931030273,1.0412378311157227,1.0019454956054688,-0.00247955322265625,-0.00324249267578125,0.00476837158203125,0.0073261260986328125,-0.0024423599243164062,0.09523773193359375,-0.021978378295898438,0.0073261260986328125,-0.0073261260986328125,-0.08058643341064453,-2.3589744567871094,8.417095184326172,-1.7411479949951172,0.10500621795654297,-0.10988998413085938,0.0,-2.6466466326778804,7.911992005259949,-1.8189788563637765,-0.0005478510921613441,-0.005953455783772274
47,2,heldout,3,1,0.3490658503988659,0.6153423649957404,3,s,af3726fcacd0ac1320a56ea850b0a2c0f5430cf4eb20a45c078706980f08407e,d24fbe3839599a6a097188bae8cd47ce8083f27deef1341ae3086bf0d5a45bd1,87f63c0590d05baea263cdc42c6e1df2d063fa2def309ecb0283f3036bf33d46,87f63c0590d05baea263cdc42c6e1df2d063fa2def309ecb0283f3036bf33d46,1787977975.4752762,36559.344,18279729,0,0.9584569931030273,1.0412378311157227,1.0023269653320312,-0.00247955322265625,-0.00324249267578125,0.00476837158203125,-0.0073261260986328125,-0.0024423599243164062,0.09523773193359375,-0.0073261260986328125,0.0073261260986328125,-0.0073261260986328125,-0.08058643341064453,-2.372650146484375,8.403419494628906,-1.7411479949951172,0.10500621795654297,-0.10988998413085938,0.0,-2.6458347422801998,7.911180114862267,-1.8188710354253768,-0.0005421765508372779,-0.005953588094355628
47,2,heldout,3,1,0.3490658503988659,0.6172549129987601,3,s,af3726fcacd0ac1320a56ea850b0a2c0f5430cf4eb20a45c078706980f08407e,d24fbe3839599a6a097188bae8cd47ce8083f27deef1341ae3086bf0d5a45bd1,87f63c0590d05baea263cdc42c6e1df2d063fa2def309ecb0283f3036bf33d46,87f63c0590d05baea263cdc42c6e1df2d063fa2def309ecb0283f3036bf33d46,1787977975.477178,36559.346,18279730,0,0.9584569931030273,1.0412378311157227,1.0027084350585938,-0.00209808349609375,-0.00324249267578125,0.00476837158203125,0.0073261260986328125,-0.0024423599243164062,0.09523773193359375,0.0073261260986328125,-0.0073261260986328125,-0.0073261260986328125,-0.07570171356201172,-2.3589744567871094,8.444442749023438,-1.7411479949951172,0.10012245178222656,-0.10988998413085938,0.0,-2.6451297862732774,7.910475158855345,-1.8188710354253768,-0.0005421765508372767,-0.005953588094355628
47,2,heldout,3,1,0.3490658503988659,0.6191551129959407,3,s,af3726fcacd0ac1320a56ea850b0a2c0f5430cf4eb20a45c078706980f08407e,d24fbe3839599a6a097188bae8cd47ce8083f27deef1341ae3086bf0d5a45bd1,87f63c0590d05baea263cdc42c6e1df2d063fa2def309ecb0283f3036bf33d46,87f63c0590d05baea263cdc42c6e1df2d063fa2def309ecb0283f3036bf33d46,1787977975.479658,36559.348,18279731,0,0.9584569931030273,1.0412378311157227,1.0030899047851562,-0.00209808349609375,-0.00324249267578125,0.00476837158203125,0.0073261260986328125,-0.0024423599243164062,0.09035396575927734,0.0073261260986328125,0.0073261260986328125,-0.0073261260986328125,-0.08058643341064453,-2.3589744567871094,8.471794128417969,-1.7411479949951172,0.10012245178222656,-0.10988998413085938,0.0,-2.644315858202331,7.9096612307843985,-1.81876294980641,-0.0005365019306161434,-0.005953719538577902
47,2,heldout,3,1,0.3490658503988659,0.6216426089958986,3,s,af3726fcacd0ac1320a56ea850b0a2c0f5430cf4eb20a45c078706980f08407e,d24fbe3839599a6a097188bae8cd47ce8083f27deef1341ae3086bf0d5a45bd1,87f63c0590d05baea263cdc42c6e1df2d063fa2def309ecb0283f3036bf33d46,87f63c0590d05baea263cdc42c6e1df2d063fa2def309ecb0283f3036bf33d46,1787977975.4816349,36559.35,18279732,0,0.9584569931030273,1.0412378311157227,1.0034713745117188,-0.00247955322265625,-0.00324249267578125,0.00476837158203125,-0.0073261260986328125,-0.0024423599243164062,0.09035396575927734,-0.0073261260986328125,-0.0073261260986328125,-0.0073261260986328125,-0.08058643341064453,-2.3589744567871094,8.471794128417969,-1.7411479949951172,0.10012245178222656,-0.10988998413085938,0.0,-2.6433921641913205,7.908737536773389,-1.8185459845897236,-0.0005251524567857393,-0.005953979827862817
47,2,heldout,3,1,0.3490658503988659,0.6236211389987147,3,s,af3726fcacd0ac1320a56ea850b0a2c0f5430cf4eb20a45c078706980f08407e,d24fbe3839599a6a097188bae8cd47ce8083f27deef1341ae3086bf0d5a45bd1,87f63c0590d05baea263cdc42c6e1df2d063fa2def309ecb0283f3036bf33d46,87f63c0590d05baea263cdc42c6e1df2d063fa2def309ecb0283f3036bf33d46,1787977975.4835832,36559.352,18279733,0,0.9584569931030273,1.0412378311157227,1.0038528442382812,-0.00247955322265625,-0.00324249267578125,0.00476837158203125,-0.0073261260986328125,-0.0024423599243164062,0.10012245178222656,-0.0073261260986328125,-0.0073261260986328125,-0.0073261260986328125,-0.08058643341064453,-2.3452987670898438,8.430770874023438,-1.7362632751464844,0.10012245178222656,-0.11477375030517578,0.0,-2.6425756695913503,7.9079210421734185,-1.8184371050235781,-0.0005194776048280328,-0.005954108672887584
47,2,heldout,3,1,0.3490658503988659,0.6255638229995384,3,s,af3726fcacd0ac1320a56ea850b0a2c0f5430cf4eb20a45c078706980f08407e,d24fbe3839599a6a097188bae8cd47ce8083f27deef1341ae3086bf0d5a45bd1,87f63c0590d05baea263cdc42c6e1df2d063fa2def309ecb0283f3036bf33d46,87f63c0590d05baea263cdc42c6e1df2d063fa2def309ecb0283f3036bf33d46,1787977975.4855015,36559.354,18279734,0,0.9584569931030273,1.0412378311157227,1.0046157836914062,-0.00209808349609375,-0.00324249267578125,0.00476837158203125,-0.021978378295898438,-0.0024423599243164062,0.10988998413085938,0.0073261260986328125,-0.021978378295898438,-0.0073261260986328125,-0.07570171356201172,-2.3452987670898438,8.512821197509766,-1.7411479949951172,0.10012245178222656,-0.10988998413085938,0.0,-2.6410486370336423,7.9063940096157115,-1.8183279608400094,-0.0005138026772763854,-0.0059542366514755115
47,2,heldout,3,1,0.3490658503988659,0.6274814149946906,3,s,af3726fcacd0ac1320a56ea850b0a2c0f5430cf4eb20a45c078706980f08407e,d24fbe3839599a6a097188bae8cd47ce8083f27deef1341ae3086bf0d5a45bd1,87f63c0590d05baea263cdc42c6e1df2d063fa2def309ecb0283f3036bf33d46,87f63c0590d05baea263cdc42c6e1df2d063fa2def309ecb0283f3036bf33d46,1787977975.4874184,36559.356,18279735,0,0.9584569931030273,1.0412378311157227,1.0046157836914062,-0.00209808349609375,-0.00324249267578125,0.00476837158203125,-0.0073261260986328125,-0.0024423599243164062,0.10012245178222656,0.0073261260986328125,-0.0073261260986328125,-0.0073261260986328125,-0.08058643341064453,-2.3589744567871094,8.581195831298828,-1.7460317611694336,0.10012245178222656,-0.11477375030517578,0.0,-2.6410486370336423,7.9063940096157115,-1.8183279608400094,-0.0005138026772763854,-0.0059542366514755115
47,2,heldout,3,1,0.3490658503988659,0.6293987149983877,3,s,af3726fcacd0ac1320a56ea850b0a2c0f5430cf4eb20a45c078706980f08407e,d24fbe3839599a6a097188bae8cd47ce8083f27deef1341ae3086bf0d5a45bd1,87f63c0590d05baea263cdc42c6e1df2d063fa2def309ecb0283f3036bf33d46,87f63c0590d05baea263cdc42c6e1df2d063fa2def309ecb0283f3036bf33d46,1787977975.489318,36559.358,18279736,0,0.9584569931030273,1.0412378311157227,1.0049972534179688,-0.00209808349609375,-0.00324249267578125,0.00476837158203125,0.0073261260986328125,-0.0024423599243164062,0.08547019958496094,-0.0073261260986328125,-0.0073261260986328125,-0.0073261260986328125,-0.08058643341064453,-2.3452987670898438,8.63589859008789,-1.7460317611694336,0.10012245178222656,-0.10988998413085938,0.0,-2.640228955114548,7.905574327696615,-1.8182185520548997,-0.0005081276749566087,-0.005954363763607978
47,2,heldout,3,1,0.3490658503988659,0.6312966170007712,3,s,af3726fcacd0ac1320a56ea850b0a2c0f5430cf4eb20a45c078706980f08407e,d24fbe3839599a6a097188bae8cd47ce8083f27deef1341ae3086bf0d5a45bd1,87f63c0590d05baea263cdc42c6e1df2d063fa2def309ecb0283f3036bf33d46,87f63c0590d05baea263cdc42c6e1df2d063fa2def309ecb0283f3036bf33d46,1787977975.4912367,36559.36,18279737,0,0.9584569931030273,1.0412378311157227,1.0053787231445312,-0.00209808349609375,-0.00324249267578125,0.00476837158203125,-0.021978378295898438,-0.0024423599243164062,0.08058643341064453,-0.021978378295898438,-0.021978378295898438,-0.0073261260986328125,-0.08058643341064453,-2.3452987670898438,8.60854721069336,-1.75091552734375,0.10012245178222656,-0.11477375030517578,0.0,-2.6394081227829957,7.904753495365064,-1.8181088786841715,-0.000502452598694525,-0.005954490009266492
47,2,heldout,3,1,0.3490658503988659,0.6332425649961806,3,s,af3726fcacd0ac1320a56ea850b0a2c0f5430cf4eb20a45c078706980f08407e,d24fbe3839599a6a097188bae8cd47ce8083f27deef1341ae3086bf0d5a45bd1,87f63c0590d05baea263cdc42c6e1df2d063fa2def309ecb0283f3036bf33d46,87f63c0590d05baea263cdc42c6e1df2d063fa2def309ecb0283f3036bf33d46,1787977975.4932227,36559.362,18279738,0,0.9584569931030273,1.0412378311157227,1.0057601928710938,-0.00247955322265625,-0.00324249267578125,0.00476837158203125,0.0073261260986328125,-0.0024423599243164062,0.08547019958496094,-0.021978378295898438,-0.021978378295898438,-0.0073261260986328125,-0.07570171356201172,-2.3452987670898438,8.63589859008789,-1.75091552734375,0.10500621795654297,-0.11477375030517578,0.0,-2.6384759376643796,7.903821310246447,-1.817888738249734,-0.0004911022276467754,-0.005954739901088286
47,2,heldout,3,1,0.3490658503988659,0.6352151479950408,3,s,af3726fcacd0ac1320a56ea850b0a2c0f5430cf4eb20a45c078706980f08407e,d24fbe3839599a6a097188bae8cd47ce8083f27deef1341ae3086bf0d5a45bd1,87f63c0590d05baea263cdc42c6e1df2d063fa2def309ecb0283f3036bf33d46,87f63c0590d05baea263cdc42c6e1df2d063fa2def309ecb0283f3036bf33d46,1787977975.4951935,36559.364,18279739,0,0.9584569931030273,1.0412378311157227,1.0061416625976562,-0.00209808349609375,-0.00324249267578125,0.00476837158203125,-0.0073261260986328125,-0.0024423599243164062,0.09035396575927734,0.0073261260986328125,-0.021978378295898438,-0.0073261260986328125,-0.08058643341064453,-2.3452987670898438,8.649574279785156,-1.7460317611694336,0.10500621795654297,-0.11477375030517578,0.0,-2.637763007360464,7.903108379942532,-1.817888738249734,-0.000491102227646776,-0.005954739901088288
47,2,heldout,3,1,0.3490658503988659,0.637179131997982,3,s,af3726fcacd0ac1320a56ea850b0a2c0f5430cf4eb20a45c078706980f08407e,d24fbe3839599a6a097188bae8cd47ce8083f27deef1341ae3086bf0d5a45bd1,87f63c0590d05baea263cdc42c6e1df2d063fa2def309ecb0283f3036bf33d46,87f63c0590d05baea263cdc42c6e1df2d063fa2def309ecb0283f3036bf33d46,1787977975.4978733,36559.366,18279740,0,0.9584569931030273,1.0412378311157227,1.0065231323242188,-0.00209808349609375,-0.00324249267578125,0.00476837158203125,0.0073261260986328125,-0.0024423599243164062,0.09035396575927734,-0.021978378295898438,0.021978378295898438,-0.0073261260986328125,-0.07570171356201172,-2.3452987670898438,8.74530029296875,-1.7411479949951172,0.10500621795654297,-0.10988998413085938,0.0,-2.6369387245088767,7.902284097090945,-1.8177782712180597,-0.00048542693451280564,-0.0059548635472152075
47,2,heldout,3,1,0.3490658503988659,0.6398947559937369,3,s,af3726fcacd0ac1320a56ea850b0a2c0f5430cf4eb20a45c078706980f08407e,d24fbe3839599a6a097188bae8cd47ce8083f27deef1341ae3086bf0d5a45bd1,87f63c0590d05baea263cdc42c6e1df2d063fa2def309ecb0283f3036bf33d46,87f63c0590d05baea263cdc42c6e1df2d063fa2def309ecb0283f3036bf33d46,1787977975.4993737,36559.367999999995,18279741,0,0.9584569931030273,1.0412378311157227,1.0069046020507812,-0.00247955322265625,-0.00324249267578125,0.00476837158203125,-0.021978378295898438,-0.0024423599243164062,0.08058643341064453,-0.0073261260986328125,-0.0073261260986328125,-0.0073261260986328125,-0.08058643341064453,-2.331623077392578,8.74530029296875,-1.7362632751464844,0.10012245178222656,-0.10988998413085938,0.0,-2.636002295664964,7.9013476682470305,-1.8175565436061751,-0.00047407613715399555,-0.005955108239811125
47,2,heldout,3,1,0.3490658503988659,0.6413562469970202,3,s,af3726fcacd0ac1320a56ea850b0a2c0f5430cf4eb20a45c078706980f08407e,d24fbe3839599a6a097188bae8cd47ce8083f27deef1341ae3086bf0d5a45bd1,87f63c0590d05baea263cdc42c6e1df2d063fa2def309ecb0283f3036bf33d46,87f63c0590d05baea263cdc42c6e1df2d063fa2def309ecb0283f3036bf33d46,1787977975.501281,36559.369999999995,18279742,0,0.9584569931030273,1.0412378311157227,1.0072860717773438,-0.00247955322265625,-0.00324249267578125,0.00476837158203125,-0.021978378295898438,-0.0024423599243164062,0.08058643341064453,-0.021978378295898438,0.0073261260986328125,-0.0073261260986328125,-0.08058643341064453,-2.331623077392578,8.717948913574219,-1.731379508972168,0.10012245178222656,-0.10988998413085938,0.0,-2.6351754485768746,7.900520821158942,-1.8174452830582306,-0.00046840063458091245,-0.005955229286244516
47,2,heldout,3,1,0.3490658503988659,0.6432609439943917,3,s,af3726fcacd0ac1320a56ea850b0a2c0f5430cf4eb20a45c078706980f08407e,d24fbe3839599a6a097188bae8cd47ce8083f27deef1341ae3086bf0d5a45bd1,87f63c0590d05baea263cdc42c6e1df2d063fa2def309ecb0283f3036bf33d46,87f63c0590d05baea263cdc42c6e1df2d063fa2def309ecb0283f3036bf33d46,1787977975.5031998,36559.371999999996,18279743,0,0.9584569931030273,1.0412378311157227,1.0076675415039062,-0.00247955322265625,-0.00324249267578125,0.00476837158203125,-0.0073261260986328125,-0.0024423599243164062,0.08058643341064453,-0.0073261260986328125,0.0073261260986328125,-0.0073261260986328125,-0.07570171356201172,-2.331623077392578,8.758975982666016,-1.731379508972168,0.10012245178222656,-0.11477375030517578,0.0,-2.6343474518117045,7.899692824393773,-1.8173337580371922,-0.00046272506384656615,-0.005955349466078001
47,2,heldout,3,1,0.3490658503988659,0.6451797779955086,3,s,af3726fcacd0ac1320a56ea850b0a2c0f5430cf4eb20a45c078706980f08407e,d24fbe3839599a6a097188bae8cd47ce8083f27deef1341ae3086bf0d5a45bd1,87f63c0590d05baea263cdc42c6e1df2d063fa2def309ecb0283f3036bf33d46,87f63c0590d05baea263cdc42c6e1df2d063fa2def309ecb0283f3036bf33d46,1787977975.5057018,36559.373999999996,18279744,0,0.9584569931030273,1.0412378311157227,1.0080490112304688,-0.00247955322265625,-0.00324249267578125,0.00476837158203125,-0.021978378295898438,-0.0024423599243164062,0.08547019958496094,-0.021978378295898438,-0.0073261260986328125,-0.0073261260986328125,-0.08058643341064453,-2.331623077392578,8.731624603271484,-1.7362632751464844,0.10012245178222656,-0.10988998413085938,0.0,-2.633518305489946,7.898863678072013,-1.817221968559289,-0.0004570494257768623,-0.0059554687792940895
47,2,heldout,3,1,0.3490658503988659,0.6476808250008617,3,s,af3726fcacd0ac1320a56ea850b0a2c0f5430cf4eb20a45c078706980f08407e,d24fbe3839599a6a097188bae8cd47ce8083f27deef1341ae3086bf0d5a45bd1,87f63c0590d05baea263cdc42c6e1df2d063fa2def309ecb0283f3036bf33d46,87f63c0590d05baea263cdc42c6e1df2d063fa2def309ecb0283f3036bf33d46,1787977975.5075889,36559.376,18279745,0,0.9584569931030273,1.0412378311157227,1.0084304809570312,-0.00209808349609375,-0.00324249267578125,0.00476837158203125,-0.0073261260986328125,-0.0024423599243164062,0.09035396575927734,0.0073261260986328125,-0.0073261260986328125,-0.0073261260986328125,-0.08058643341064453,-2.331623077392578,8.74530029296875,-1.7362632751464844,0.10012245178222656,-0.10988998413085938,0.0,-2.6328000636507563,7.898145436232822,-1.817221968559288,-0.0004570494257768618,-0.005955468779294087
47,2,heldout,3,1,0.3490658503988659,0.6495647099945927,3,s,af3726fcacd0ac1320a56ea850b0a2c0f5430cf4eb20a45c078706980f08407e,d24fbe3839599a6a097188bae8cd47ce8083f27deef1341ae3086bf0d5a45bd1,87f63c0590d05baea263cdc42c6e1df2d063fa2def309ecb0283f3036bf33d46,87f63c0590d05baea263cdc42c6e1df2d063fa2def309ecb0283f3036bf33d46,1787977975.5094705,36559.378,18279746,0,0.9584569931030273,1.0412378311157227,1.0084304809570312,-0.00209808349609375,-0.00324249267578125,0.00476837158203125,-0.0073261260986328125,-0.0024423599243164062,0.08547019958496094,-0.0073261260986328125,-0.0073261260986328125,-0.0073261260986328125,-0.07570171356201172,-2.331623077392578,8.799999237060547,-1.7411479949951172,0.10012245178222656,-0.10988998413085938,0.0,-2.6328000636507563,7.898145436232822,-1.817221968559288,-0.0004570494257768618,-0.005955468779294087
47,2,heldout,3,1,0.3490658503988659,0.6514479999968898,3,s,af3726fcacd0ac1320a56ea850b0a2c0f5430cf4eb20a45c078706980f08407e,d24fbe3839599a6a097188bae8cd47ce8083f27deef1341ae3086bf0d5a45bd1,87f63c0590d05baea263cdc42c6e1df2d063fa2def309ecb0283f3036bf33d46,87f63c0590d05baea263cdc42c6e1df2d063fa2def309ecb0283f3036bf33d46,1787977975.5113583,36559.38,18279747,0,0.9584569931030273,1.0412378311157227,1.0088119506835938,-0.00209808349609375,-0.00324249267578125,0.00476837158203125,-0.0073261260986328125,-0.0024423599243164062,0.07570171356201172,0.021978378295898438,-0.021978378295898438,-0.0073261260986328125,-0.07570171356201172,-2.331623077392578,8.841026306152344,-1.7460317611694336,0.10012245178222656,-0.10988998413085938,0.0,-2.6319688830022496,7.897314255584317,-1.8171099146407892,-0.0004513737211977138,-0.005955587225875421
47,2,heldout,3,1,0.3490658503988659,0.6533526579951285,3,s,af3726fcacd0ac1320a56ea850b0a2c0f5430cf4eb20a45c078706980f08407e,d24fbe3839599a6a097188bae8cd47ce8083f27deef1341ae3086bf0d5a45bd1,87f63c0590d05baea263cdc42c6e1df2d063fa2def309ecb0283f3036bf33d46,87f63c0590d05baea263cdc42c6e1df2d063fa2def309ecb0283f3036bf33d46,1787977975.5136302,36559.382,18279748,0,0.9584569931030273,1.0412378311157227,1.0091934204101562,-0.00209808349609375,-0.00324249267578125,0.00476837158203125,-0.0073261260986328125,-0.0024423599243164062,0.08058643341064453,0.0073261260986328125,0.0073261260986328125,-0.0073261260986328125,-0.07570171356201172,-2.3452987670898438,8.868377685546875,-1.75091552734375,0.10012245178222656,-0.10988998413085938,0.0,-2.631136553143282,7.89648192572535,-1.816997596297998,-0.000445697950935046,-0.005955704805804758
47,2,heldout,3,1,0.3490658503988659,0.6556079849979142,3,s,af3726fcacd0ac1320a56ea850b0a2c0f5430cf4eb20a45c078706980f08407e,d24fbe3839599a6a097188bae8cd47ce8083f27deef1341ae3086bf0d5a45bd1,87f63c0590d05baea263cdc42c6e1df2d063fa2def309ecb0283f3036bf33d46,87f63c0590d05baea263cdc42c6e1df2d063fa2def309ecb0283f3036bf33d46,1787977975.5154867,36559.384,18279749,0,0.9584569931030273,1.0412378311157227,1.0095748901367188,-0.00209808349609375,-0.00324249267578125,0.00476837158203125,-0.0073261260986328125,-0.0024423599243164062,0.08058643341064453,0.021978378295898438,0.0073261260986328125,-0.0073261260986328125,-0.08058643341064453,-2.331623077392578,8.882049560546875,-1.7557992935180664,0.10012245178222656,-0.10988998413085938,0.0,-2.630303074194969,7.895648446777036,-1.8168850135472594,-0.0004400221158147909,-0.00595582151906499
47,2,heldout,3,1,0.3490658503988659,0.6574636849982198,3,s,af3726fcacd0ac1320a56ea850b0a2c0f5430cf4eb20a45c078706980f08407e,d24fbe3839599a6a097188bae8cd47ce8083f27deef1341ae3086bf0d5a45bd1,87f63c0590d05baea263cdc42c6e1df2d063fa2def309ecb0283f3036bf33d46,87f63c0590d05baea263cdc42c6e1df2d063fa2def309ecb0283f3036bf33d46,1787977975.5173936,36559.386,18279750,0,0.9584569931030273,1.0412378311157227,1.0099563598632812,-0.00209808349609375,-0.00324249267578125,0.00476837158203125,0.0073261260986328125,-0.0024423599243164062,0.09035396575927734,-0.0073261260986328125,-0.0073261260986328125,-0.0073261260986328125,-0.08058643341064453,-2.3179492950439453,8.813674926757812,-1.7655677795410156,0.10012245178222656,-0.10988998413085938,0.0,-2.6294684462786018,7.894813818860669,-1.8167721664049574,-0.00043434621666288984,-0.005955937365639133
47,2,heldout,3,1,0.3490658503988659,0.6593742729965015,3,s,af3726fcacd0ac1320a56ea850b0a2c0f5430cf4eb20a45c078706980f08407e,d24fbe3839599a6a097188bae8cd47ce8083f27deef1341ae3086bf0d5a45bd1,87f63c0590d05baea263cdc42c6e1df2d063fa2def309ecb0283f3036bf33d46,87f63c0590d05baea263cdc42c6e1df2d063fa2def309ecb0283f3036bf33d46,1787977975.5192919,36559.388,18279751,0,0.9584569931030273,1.0412378311157227,1.0103378295898438,-0.00209808349609375,-0.00324249267578125,0.00476837158203125,0.0073261260986328125,-0.0024423599243164062,0.09035396575927734,0.021978378295898438,-0.021978378295898438,-0.0073261260986328125,-0.07570171356201172,-2.3179492950439453,8.991451263427734,-1.7655677795410156,0.10012245178222656,-0.10988998413085938,0.0,-2.6286326695156355,7.893978042097704,-1.8166590548875134,-0.0004286702543052982,-0.005956052345510334
47,2,heldout,3,1,0.3490658503988659,0.661268020994612,3,s,af3726fcacd0ac1320a56ea850b0a2c0f5430cf4eb20a45c078706980f08407e,d24fbe3839599a6a097188bae8cd47ce8083f27deef1341ae3086bf0d5a45bd1,87f63c0590d05baea263cdc42c6e1df2d063fa2def309ecb0283f3036bf33d46,87f63c0590d05baea263cdc42c6e1df2d063fa2def309ecb0283f3036bf33d46,1787977975.5211825,36559.39,18279752,0,0.9584569931030273,1.0412378311157227,1.0107192993164062,-0.00209808349609375,-0.00324249267578125,0.00476837158203125,0.0073261260986328125,-0.0024423599243164062,0.07570171356201172,0.021978378295898438,0.0073261260986328125,-0.0073261260986328125,-0.08058643341064453,-2.3179492950439453,9.087181091308594,-1.770451545715332,0.10500621795654297,-0.11477375030517578,0.0,-2.6277957440276882,7.893141116609756,-1.816545679011386,-0.00042299422956797487,-0.005956166458661854
47,2,heldout,3,1,0.3490658503988659,0.6631568419979885,3,s,af3726fcacd0ac1320a56ea850b0a2c0f5430cf4eb20a45c078706980f08407e,d24fbe3839599a6a097188bae8cd47ce8083f27deef1341ae3086bf0d5a45bd1,87f63c0590d05baea263cdc42c6e1df2d063fa2def309ecb0283f3036bf33d46,87f63c0590d05baea263cdc42c6e1df2d063fa2def309ecb0283f3036bf33d46,1787977975.523634,36559.392,18279753,0,0.9584569931030273,1.0412378311157227,1.0107192993164062,-0.00171661376953125,-0.00324249267578125,0.00476837158203125,-0.0073261260986328125,-0.0024423599243164062,0.07081794738769531,0.0073261260986328125,-0.021978378295898438,-0.0073261260986328125,-0.08058643341064453,-2.331623077392578,9.005126953125,-1.7753353118896484,0.10500621795654297,-0.10988998413085938,0.0,-2.6279091199038156,7.893254492485884,-1.8166590548875137,-0.0004286702543052971,-0.005956052345510334
47,2,heldout,3,1,0.3490658503988659,0.6656054639970534,3,s,af3726fcacd0ac1320a56ea850b0a2c0f5430cf4eb20a45c078706980f08407e,d24fbe3839599a6a097188bae8cd47ce8083f27deef1341ae3086bf0d5a45bd1,87f63c0590d05baea263cdc42c6e1df2d063fa2def309ecb0283f3036bf33d46,87f63c0590d05baea263cdc42c6e1df2d063fa2def309ecb0283f3036bf33d46,1787977975.5254908,36559.394,18279754,0,0.9584569931030273,1.0412378311157227,1.0111007690429688,-0.00209808349609375,-0.00324249267578125,0.00476837158203125,-0.0073261260986328125,-0.0024423599243164062,0.07081794738769531,0.0073261260986328125,-0.0073261260986328125,-0.0073261260986328125,-0.07570171356201172,-2.3179492950439453,9.032478332519531,-1.7753353118896484,0.10988998413085938,-0.10988998413085938,0.0,-2.6269576699365533,7.892303042518622,-1.8164320387930761,-0.00041731814327688983,-0.005956279705077093
47,2,heldout,3,1,0.3490658503988659,0.6674641129939118,3,s,af3726fcacd0ac1320a56ea850b0a2c0f5430cf4eb20a45c078706980f08407e,d24fbe3839599a6a097188bae8cd47ce8083f27deef1341ae3086bf0d5a45bd1,87f63c0590d05baea263cdc42c6e1df2d063fa2def309ecb0283f3036bf33d46,87f63c0590d05baea263cdc42c6e1df2d063fa2def309ecb0283f3036bf33d46,1787977975.527383,36559.396,18279755,0,0.9584569931030273,1.0412378311157227,1.0114822387695312,-0.00209808349609375,-0.00324249267578125,0.00476837158203125,-0.021978378295898438,-0.0024423599243164062,0.07570171356201172,-0.0073261260986328125,-0.0073261260986328125,-0.0073261260986328125,-0.08058643341064453,-2.331623077392578,8.977779388427734,-1.7753353118896484,0.10500621795654297,-0.10988998413085938,0.0,-2.626118447364183,7.89146381994625,-1.8163181342491177,-0.00041164199625802277,-0.0059563920847395665
47,2,heldout,3,1,0.3490658503988659,0.6693633799950476,3,s,af3726fcacd0ac1320a56ea850b0a2c0f5430cf4eb20a45c078706980f08407e,d24fbe3839599a6a097188bae8cd47ce8083f27deef1341ae3086bf0d5a45bd1,87f63c0590d05baea263cdc42c6e1df2d063fa2def309ecb0283f3036bf33d46,87f63c0590d05baea263cdc42c6e1df2d063fa2def309ecb0283f3036bf33d46,1787977975.5293045,36559.398,18279756,0,0.9584569931030273,1.0412378311157227,1.0118637084960938,-0.00171661376953125,-0.00324249267578125,0.00476837158203125,-0.0073261260986328125,-0.0024423599243164062,0.08058643341064453,0.0073261260986328125,0.0073261260986328125,-0.0073261260986328125,-0.08058643341064453,-2.331623077392578,8.936752319335938,-1.7802200317382812,0.10500621795654297,-0.11477375030517578,0.0,-2.6253922452857292,7.8907376178677975,-1.8163181342491177,-0.00041164199625802294,-0.0059563920847395665
47,2,heldout,3,1,0.3490658503988659,0.6712847789967782,3,s,af3726fcacd0ac1320a56ea850b0a2c0f5430cf4eb20a45c078706980f08407e,d24fbe3839599a6a097188bae8cd47ce8083f27deef1341ae3086bf0d5a45bd1,87f63c0590d05baea263cdc42c6e1df2d063fa2def309ecb0283f3036bf33d46,87f63c0590d05baea263cdc42c6e1df2d063fa2def309ecb0283f3036bf33d46,1787977975.5311866,36559.4,18279757,0,0.9584569931030273,1.0412378311157227,1.0122451782226562,-0.00209808349609375,-0.00324249267578125,0.00476837158203125,-0.0073261260986328125,-0.0024423599243164062,0.07570171356201172,-0.0073261260986328125,-0.0073261260986328125,-0.0073261260986328125,-0.08058643341064453,-2.331623077392578,8.964103698730469,-1.7753353118896484,0.10500621795654297,-0.11477375030517578,0.0,-2.6244365572643993,7.889781929846466,-1.8160895322505994,-0.0004002895233409056,-0.00595661424374094
47,2,heldout,3,1,0.3490658503988659,0.6731788399993093,3,s,af3726fcacd0ac1320a56ea850b0a2c0f5430cf4eb20a45c078706980f08407e,d24fbe3839599a6a097188bae8cd47ce8083f27deef1341ae3086bf0d5a45bd1,87f63c0590d05baea263cdc42c6e1df2d063fa2def309ecb0283f3036bf33d46,87f63c0590d05baea263cdc42c6e1df2d063fa2def309ecb0283f3036bf33d46,1787977975.5336356,36559.402,18279758,0,0.9584569931030273,1.0412378311157227,1.0122451782226562,-0.00171661376953125,-0.00324249267578125,0.00476837158203125,-0.0073261260986328125,-0.0024423599243164062,0.0659341812133789,0.0073261260986328125,0.0073261260986328125,-0.0073261260986328125,-0.07570171356201172,-2.331623077392578,9.018802642822266,-1.770451545715332,0.10500621795654297,-0.11477375030517578,0.0,-2.6245509904098867,7.889896362991953,-1.8162039653960877,-0.0004059657893373636,-0.005956503597632925
47,2,heldout,3,1,0.3490658503988659,0.675610369995411,3,s,af3726fcacd0ac1320a56ea850b0a2c0f5430cf4eb20a45c078706980f08407e,d24fbe3839599a6a097188bae8cd47ce8083f27deef1341ae3086bf0d5a45bd1,87f63c0590d05baea263cdc42c6e1df2d063fa2def309ecb0283f3036bf33d46,87f63c0590d05baea263cdc42c6e1df2d063fa2def309ecb0283f3036bf33d46,1787977975.5354643,36559.403999999995,18279759,0,0.9584569931030273,1.0412378311157227,1.0126266479492188,-0.00171661376953125,-0.00324249267578125,0.00476837158203125,0.0073261260986328125,-0.0024423599243164062,0.0659341812133789,-0.0073261260986328125,-0.0073261260986328125,-0.0073261260986328125,-0.07570171356201172,-2.3179492950439453,8.977779388427734,-1.7655677795410156,0.10012245178222656,-0.11477375030517578,0.0,-2.6237085874030237,7.889053959985091,-1.8160895322505994,-0.0004002895233409054,-0.00595661424374094
47,2,heldout,3,1,0.3490658503988659,0.677438873994106,3,s,af3726fcacd0ac1320a56ea850b0a2c0f5430cf4eb20a45c078706980f08407e,d24fbe3839599a6a097188bae8cd47ce8083f27deef1341ae3086bf0d5a45bd1,87f63c0590d05baea263cdc42c6e1df2d063fa2def309ecb0283f3036bf33d46,87f63c0590d05baea263cdc42c6e1df2d063fa2def309ecb0283f3036bf33d46,1787977975.537327,36559.405999999995,18279760,0,0.9584569931030273,1.0412378311157227,1.0130081176757812,-0.00171661376953125,-0.00324249267578125,0.00476837158203125,-0.0073261260986328125,-0.0024423599243164062,0.08058643341064453,0.0073261260986328125,-0.0073261260986328125,-0.0073261260986328125,-0.07570171356201172,-2.331623077392578,9.005126953125,-1.770451545715332,0.10012245178222656,-0.11477375030517578,0.0,-2.6228650363877337,7.888210408969802,-1.8159748348293059,-0.000394613199094659,-0.00595672402304751
47,2,heldout,3,1,0.3490658503988659,0.6792984269995941,3,s,af3726fcacd0ac1320a56ea850b0a2c0f5430cf4eb20a45c078706980f08407e,d24fbe3839599a6a097188bae8cd47ce8083f27deef1341ae3086bf0d5a45bd1,87f63c0590d05baea263cdc42c6e1df2d063fa2def309ecb0283f3036bf33d46,87f63c0590d05baea263cdc42c6e1df2d063fa2def309ecb0283f3036bf33d46,1787977975.5392118,36559.407999999996,18279761,0,0.9584569931030273,1.0412378311157227,1.0133895874023438,-0.00171661376953125,-0.00324249267578125,0.00476837158203125,-0.0073261260986328125,-0.0024423599243164062,0.08547019958496094,-0.0073261260986328125,0.0073261260986328125,-0.0073261260986328125,-0.07570171356201172,-2.3179492950439453,9.018802642822266,-1.7753353118896484,0.10012245178222656,-0.11477375030517578,0.0,-2.6220203374867666,7.887365710068835,-1.8158598731488964,-0.0003889368174246344,-0.0059568329355366625
47,2,heldout,3,1,0.3490658503988659,0.681186768997577,3,s,af3726fcacd0ac1320a56ea850b0a2c0f5430cf4eb20a45c078706980f08407e,d24fbe3839599a6a097188bae8cd47ce8083f27deef1341ae3086bf0d5a45bd1,87f63c0590d05baea263cdc42c6e1df2d063fa2def309ecb0283f3036bf33d46,87f63c0590d05baea263cdc42c6e1df2d063fa2def309ecb0283f3036bf33d46,1787977975.5417054,36559.409999999996,18279762,0,0.9584569931030273,1.0412378311157227,1.0137710571289062,-0.00171661376953125,-0.00324249267578125,0.00476837158203125,0.0073261260986328125,-0.0024423599243164062,0.09523773193359375,-0.0073261260986328125,0.0073261260986328125,-0.0073261260986328125,-0.07570171356201172,-2.3179492950439453,9.018802642822266,-1.770451545715332,0.10012245178222656,-0.11477375030517578,0.0,-2.6211744908230363,7.886519863405103,-1.8157446472261,-0.0003832603791568531,-0.005956940981192542
47,2,heldout,3,1,0.3490658503988659,0.6836885309967329,3,s,af3726fcacd0ac1320a56ea850b0a2c0f5430cf4eb20a45c078706980f08407e,d24fbe3839599a6a097188bae8cd47ce8083f27deef1341ae3086bf0d5a45bd1,87f63c0590d05baea263cdc42c6e1df2d063fa2def309ecb0283f3036bf33d46,87f63c0590d05baea263cdc42c6e1df2d063fa2def309ecb0283f3036bf33d46,1787977975.5436563,36559.412,18279763,0,0.9584569931030273,1.0412378311157227,1.0141525268554688,-0.00171661376953125,-0.00324249267578125,0.00476837158203125,-0.021978378295898438,-0.0024423599243164062,0.09035396575927734,0.0073261260986328125,-0.0073261260986328125,-0.0073261260986328125,-0.08058643341064453,-2.331623077392578,9.087181091308594,-1.7753353118896484,0.10012245178222656,-0.11477375030517578,0.0,-2.6203274965196357,7.885672869101702,-1.8156291570776852,-0.0003775838851173452,-0.005957048159999431
47,2,heldout,3,1,0.3490658503988659,0.6856386919971555,3,s,af3726fcacd0ac1320a56ea850b0a2c0f5430cf4eb20a45c078706980f08407e,d24fbe3839599a6a097188bae8cd47ce8083f27deef1341ae3086bf0d5a45bd1,87f63c0590d05baea263cdc42c6e1df2d063fa2def309ecb0283f3036bf33d46,87f63c0590d05baea263cdc42c6e1df2d063fa2def309ecb0283f3036bf33d46,1787977975.5455742,36559.414,18279764,0,0.9584569931030273,1.0412378311157227,1.0145339965820312,-0.00171661376953125,-0.00324249267578125,0.00476837158203125,-0.0073261260986328125,-0.0024423599243164062,0.08058643341064453,0.021978378295898438,0.0073261260986328125,-0.0073261260986328125,-0.08058643341064453,-2.3179492950439453,9.100852966308594,-1.7802200317382812,0.10012245178222656,-0.11477375030517578,0.0,-2.6194793546998216,7.88482472728189,-1.8155134027204591,-0.00037190733613215335,-0.005957154471941736
47,2,heldout,3,1,0.3490658503988659,0.68755406299897,3,s,af3726fcacd0ac1320a56ea850b0a2c0f5430cf4eb20a45c078706980f08407e,d24fbe3839599a6a097188bae8cd47ce8083f27deef1341ae3086bf0d5a45bd1,87f63c0590d05baea263cdc42c6e1df2d063fa2def309ecb0283f3036bf33d46,87f63c0590d05baea263cdc42c6e1df2d063fa2def309ecb0283f3036bf33d46,1787977975.5475445,36559.416,18279765,0,0.9584569931030273,1.0412378311157227,1.0149154663085938,-0.00171661376953125,-0.00324249267578125,0.00476837158203125,-0.0073261260986328125,-0.0024423599243164062,0.08058643341064453,0.03663063049316406,-0.021978378295898438,-0.0073261260986328125,-0.08058643341064453,-2.3179492950439453,9.100852966308594,-1.7851037979125977,0.10012245178222656,-0.11477375030517578,0.0,-2.618630065487011,7.883975438069079,-1.815397384171264,-0.0003662307330273242,-0.00595725991700398
47,2,heldout,3,1,0.3490658503988659,0.6895280249955249,3,s,af3726fcacd0ac1320a56ea850b0a2c0f5430cf4eb20a45c078706980f08407e,d24fbe3839599a6a097188bae8cd47ce8083f27deef1341ae3086bf0d5a45bd1,87f63c0590d05baea263cdc42c6e1df2d063fa2def309ecb0283f3036bf33d46,87f63c0590d05baea263cdc42c6e1df2d063fa2def309ecb0283f3036bf33d46,1787977975.5494354,36559.418,18279766,0,0.9584569931030273,1.0412378311157227,1.0152969360351562,-0.00133514404296875,-0.00324249267578125,0.00476837158203125,0.0073261260986328125,-0.0024423599243164062,0.09035396575927734,0.03663063049316406,0.0073261260986328125,-0.0073261260986328125,-0.08058643341064453,-2.331623077392578,9.14188003540039,-1.7997560501098633,0.10500621795654297,-0.11477375030517578,0.0,-2.617895911729068,7.883241284311136,-1.8153973841712638,-0.00036623073302732194,-0.00595725991700398
47,2,heldout,3,1,0.3490658503988659,0.6914130019940785,3,s,af3726fcacd0ac1320a56ea850b0a2c0f5430cf4eb20a45c078706980f08407e,d24fbe3839599a6a097188bae8cd47ce8083f27deef1341ae3086bf0d5a45bd1,87f63c0590d05baea263cdc42c6e1df2d063fa2def309ecb0283f3036bf33d46,87f63c0590d05baea263cdc42c6e1df2d063fa2def309ecb0283f3036bf33d46,1787977975.5513148,36559.42,18279767,0,0.9584569931030273,1.0412378311157227,1.0156784057617188,-0.00133514404296875,-0.00324249267578125,0.00476837158203125,-0.0073261260986328125,-0.0024423599243164062,0.10012245178222656,0.05128288269042969,-0.021978378295898438,-0.0073261260986328125,-0.08058643341064453,-2.3179492950439453,9.059829711914062,-1.809523582458496,0.10500621795654297,-0.10988998413085938,0.0,-2.617044592259358,7.882389964841426,-1.8152811014469836,-0.0003605540766289053,-0.005957364495170822
47,2,heldout,3,1,0.3490658503988659,0.6933051939995494,3,s,af3726fcacd0ac1320a56ea850b0a2c0f5430cf4eb20a45c078706980f08407e,d24fbe3839599a6a097188bae8cd47ce8083f27deef1341ae3086bf0d5a45bd1,87f63c0590d05baea263cdc42c6e1df2d063fa2def309ecb0283f3036bf33d46,87f63c0590d05baea263cdc42c6e1df2d063fa2def309ecb0283f3036bf33d46,1787977975.5532408,36559.422,18279768,0,0.9584569931030273,1.0412378311157227,1.0160598754882812,-0.00133514404296875,-0.00324249267578125,0.00476837158203125,-0.0073261260986328125,-0.0024423599243164062,0.10012245178222656,0.05128288269042969,-0.021978378295898438,-0.0073261260986328125,-0.08058643341064453,-2.331623077392578,9.11452865600586,-1.8290596008300781,0.10500621795654297,-0.10988998413085938,0.0,-2.616192125750956,7.881537498333025,-1.8151645545645398,-0.0003548773677629685,-0.0059574682064270435
47,2,heldout,3,1,0.3490658503988659,0.6952167489944259,3,s,af3726fcacd0ac1320a56ea850b0a2c0f5430cf4eb20a45c078706980f08407e,d24fbe3839599a6a097188bae8cd47ce8083f27deef1341ae3086bf0d5a45bd1,87f63c0590d05baea263cdc42c6e1df2d063fa2def309ecb0283f3036bf33d46,87f63c0590d05baea263cdc42c6e1df2d063fa2def309ecb0283f3036bf33d46,1787977975.5551388,36559.424,18279769,0,0.9584569931030273,1.0412378311157227,1.0164413452148438,-0.00095367431640625,-0.00324249267578125,0.00476837158203125,-0.021978378295898438,-0.0024423599243164062,0.09035396575927734,0.03663063049316406,0.0073261260986328125,-0.0073261260986328125,-0.08058643341064453,-2.331623077392578,9.100852966308594,-1.8388280868530273,0.10500621795654297,-0.10988998413085938,0.0,-2.6154553233515605,7.880800695933627,-1.8151645545645396,-0.00035487736776296784,-0.005957468206427042
47,2,heldout,3,1,0.3490658503988659,0.6971156349973171,3,s,af3726fcacd0ac1320a56ea850b0a2c0f5430cf4eb20a45c078706980f08407e,d24fbe3839599a6a097188bae8cd47ce8083f27deef1341ae3086bf0d5a45bd1,87f63c0590d05baea263cdc42c6e1df2d063fa2def309ecb0283f3036bf33d46,87f63c0590d05baea263cdc42c6e1df2d063fa2def309ecb0283f3036bf33d46,1787977975.5575907,36559.426,18279770,0,0.9584569931030273,1.0412378311157227,1.0168228149414062,-0.00095367431640625,-0.00324249267578125,0.00476837158203125,-0.021978378295898438,-0.0024423599243164062,0.09523773193359375,0.03663063049316406,-0.0073261260986328125,-0.0073261260986328125,-0.07570171356201172,-2.3179492950439453,9.073505401611328,-1.8485956192016602,0.10500621795654297,-0.10988998413085938,0.0,-2.614600827262297,7.8799461998443645,-1.8150477435408912,-0.00034920060725557376,-0.005957571050757551
47,2,heldout,3,1,0.3490658503988659,0.6995660879983916,3,s,af3726fcacd0ac1320a56ea850b0a2c0f5430cf4eb20a45c078706980f08407e,d24fbe3839599a6a097188bae8cd47ce8083f27deef1341ae3086bf0d5a45bd1,87f63c0590d05baea263cdc42c6e1df2d063fa2def309ecb0283f3036bf33d46,87f63c0590d05baea263cdc42c6e1df2d063fa2def309ecb0283f3036bf33d46,1787977975.559608,36559.428,18279771,0,0.9584569931030273,1.0412378311157227,1.0172042846679688,-0.00095367431640625,-0.00324249267578125,0.00476837158203125,0.0073261260986328125,-0.0024423599243164062,0.10500621795654297,0.0659332275390625,-0.0073261260986328125,-0.0073261260986328125,-0.07570171356201172,-2.3179492950439453,9.018802642822266,-1.8534793853759766,0.10012245178222656,-0.10988998413085938,0.0,-2.6137451844899564,7.879090557072023,-1.8149306683930373,-0.0003435237959328048,-0.00595767302814738
47,2,heldout,3,1,0.3490658503988659,0.7015977389964974,3,s,af3726fcacd0ac1320a56ea850b0a2c0f5430cf4eb20a45c078706980f08407e,d24fbe3839599a6a097188bae8cd47ce8083f27deef1341ae3086bf0d5a45bd1,87f63c0590d05baea263cdc42c6e1df2d063fa2def309ecb0283f3036bf33d46,87f63c0590d05baea263cdc42c6e1df2d063fa2def309ecb0283f3036bf33d46,1787977975.5615501,36559.43,18279772,0,0.9584569931030273,1.0412378311157227,1.0175857543945312,-0.00057220458984375,-0.00324249267578125,0.00476837158203125,0.0073261260986328125,-0.0024423599243164062,0.1196584701538086,0.05128288269042969,-0.0073261260986328125,-0.0073261260986328125,-0.07570171356201172,-2.3179492950439453,9.046154022216797,-1.8681316375732422,0.10012245178222656,-0.10988998413085938,0.0,-2.6130057344140774,7.878351106996145,-1.8149306683930377,-0.00034352379593280587,-0.005957673028147381
47,2,heldout,3,1,0.3490658503988659,0.703537695997511,3,s,af3726fcacd0ac1320a56ea850b0a2c0f5430cf4eb20a45c078706980f08407e,d24fbe3839599a6a097188bae8cd47ce8083f27deef1341ae3086bf0d5a45bd1,87f63c0590d05baea263cdc42c6e1df2d063fa2def309ecb0283f3036bf33d46,87f63c0590d05baea263cdc42c6e1df2d063fa2def309ecb0283f3036bf33d46,1787977975.563538,36559.432,18279773,0,0.9584569931030273,1.0412378311157227,1.0179672241210938,-0.00057220458984375,-0.00324249267578125,0.00476837158203125,-0.0073261260986328125,-0.0024423599243164062,0.10988998413085938,0.0659332275390625,-0.0073261260986328125,-0.0073261260986328125,-0.08058643341064453,-2.3179492950439453,9.196582794189453,-1.8779001235961914,0.10012245178222656,-0.10988998413085938,0.0,-2.612148062739381,7.877493435321448,-1.8148133291380146,-0.0003378469346207466,-0.005957774138581692
47,2,heldout,3,1,0.3490658503988659,0.7055236769956537,3,s,af3726fcacd0ac1320a56ea850b0a2c0f5430cf4eb20a45c078706980f08407e,d24fbe3839599a6a097188bae8cd47ce8083f27deef1341ae3086bf0d5a45bd1,87f63c0590d05baea263cdc42c6e1df2d063fa2def309ecb0283f3036bf33d46,87f63c0590d05baea263cdc42c6e1df2d063fa2def309ecb0283f3036bf33d46,1787977975.5654805,36559.434,18279774,0,0.9584569931030273,1.0412378311157227,1.0183486938476562,-0.00019073486328125,-0.00324249267578125,0.00476837158203125,-0.0073261260986328125,-0.0024423599243164062,0.09523773193359375,0.0659332275390625,0.0073261260986328125,-0.0073261260986328125,-0.08058643341064453,-2.3179492950439453,9.196582794189453,-1.8876676559448242,0.10500621795654297,-0.10988998413085938,0.0,-2.61140684808365,7.876752220665717,-1.8148133291380146,-0.0003378469346207468,-0.005957774138581694
47,2,heldout,3,1,0.3490658503988659,0.7074711099994602,3,s,af3726fcacd0ac1320a56ea850b0a2c0f5430cf4eb20a45c078706980f08407e,d24fbe3839599a6a097188bae8cd47ce8083f27deef1341ae3086bf0d5a45bd1,87f63c0590d05baea263cdc42c6e1df2d063fa2def309ecb0283f3036bf33d46,87f63c0590d05baea263cdc42c6e1df2d063fa2def309ecb0283f3036bf33d46,1787977975.5674415,36559.436,18279775,0,0.9584569931030273,1.0412378311157227,1.0187301635742188,-0.00019073486328125,-0.00324249267578125,0.00476837158203125,-0.0073261260986328125,-0.0024423599243164062,0.09523773193359375,0.05128288269042969,-0.0073261260986328125,-0.0073261260986328125,-0.08058643341064453,-2.3179492950439453,9.210254669189453,-1.8974361419677734,0.10012245178222656,-0.11477375030517578,0.0,-2.610547147954601,7.875892520536668,-1.8146957257928968,-0.00033217002414548597,-0.005957874382045772
47,2,heldout,3,1,0.3490658503988659,0.7094314079949982,3,s,af3726fcacd0ac1320a56ea850b0a2c0f5430cf4eb20a45c078706980f08407e,d24fbe3839599a6a097188bae8cd47ce8083f27deef1341ae3086bf0d5a45bd1,87f63c0590d05baea263cdc42c6e1df2d063fa2def309ecb0283f3036bf33d46,87f63c0590d05baea263cdc42c6e1df2d063fa2def309ecb0283f3036bf33d46,1787977975.5694144,36559.438,18279776,0,0.9584569931030273,1.0412378311157227,1.0191116333007812,-0.00019073486328125,-0.00324249267578125,0.00476837158203125,-0.0073261260986328125,-0.0024423599243164062,0.10500621795654297,0.0659332275390625,0.0073261260986328125,-0.0073261260986328125,-0.08058643341064453,-2.3179492950439453,9.169231414794922,-1.9023199081420898,0.10012245178222656,-0.10988998413085938,0.0,-2.609686301732366,7.8750316743144335,-1.8145778583747998,-0.00032649306533312744,-0.005957973758525034
47,2,heldout,3,1,0.3490658503988659,0.7114018889988074,3,s,af3726fcacd0ac1320a56ea850b0a2c0f5430cf4eb20a45c078706980f08407e,d24fbe3839599a6a097188bae8cd47ce8083f27deef1341ae3086bf0d5a45bd1,87f63c0590d05baea263cdc42c6e1df2d063fa2def309ecb0283f3036bf33d46,87f63c0590d05baea263cdc42c6e1df2d063fa2def309ecb0283f3036bf33d46,1787977975.5713837,36559.439999999995,18279777,0,0.9584569931030273,1.0412378311157227,1.0198745727539062,0.00019073486328125,-0.00324249267578125,0.00476837158203125,-0.0073261260986328125,-0.0024423599243164062,0.1196584701538086,0.05128288269042969,-0.0073261260986328125,-0.0073261260986328125,-0.07570171356201172,-2.3179492950439453,9.196582794189453,-1.9120874404907227,0.10012245178222656,-0.11477375030517578,0.0,-2.608079567022135,7.873424939604203,-1.814459726900874,-0.0003208160590097771,-0.005958072268005016
47,2,heldout,3,1,0.3490658503988659,0.713392991994624,3,s,af3726fcacd0ac1320a56ea850b0a2c0f5430cf4eb20a45c078706980f08407e,d24fbe3839599a6a097188bae8cd47ce8083f27deef1341ae3086bf0d5a45bd1,87f63c0590d05baea263cdc42c6e1df2d063fa2def309ecb0283f3036bf33d46,87f63c0590d05baea263cdc42c6e1df2d063fa2def309ecb0283f3036bf33d46,1787977975.5734932,36559.441999999995,18279778,0,0.9584569931030273,1.0412378311157227,1.0202560424804688,0.00019073486328125,-0.00324249267578125,0.00476837158203125,-0.0073261260986328125,-0.0024423599243164062,0.11477375030517578,0.05128288269042969,-0.0073261260986328125,-0.0073261260986328125,-0.07570171356201172,-2.331623077392578,9.196582794189453,-1.9218559265136719,0.10012245178222656,-0.11477375030517578,0.0,-2.607215547294027,7.872560919876095,-1.81434133138831,-0.0003151390060015446,-0.0059581699104713825
47,2,heldout,3,1,0.3490658503988659,0.7154870929953177,3,s,af3726fcacd0ac1320a56ea850b0a2c0f5430cf4eb20a45c078706980f08407e,d24fbe3839599a6a097188bae8cd47ce8083f27deef1341ae3086bf0d5a45bd1,87f63c0590d05baea263cdc42c6e1df2d063fa2def309ecb0283f3036bf33d46,87f63c0590d05baea263cdc42c6e1df2d063fa2def309ecb0283f3036bf33d46,1787977975.575482,36559.443999999996,18279779,0,0.9584569931030273,1.0412378311157227,1.0206375122070312,0.00019073486328125,-0.00324249267578125,0.00476837158203125,-0.0073261260986328125,-0.0024423599243164062,0.11477375030517578,0.03663063049316406,-0.0073261260986328125,-0.0073261260986328125,-0.08058643341064453,-2.3179492950439453,9.278633117675781,-1.9267396926879883,0.10012245178222656,-0.11477375030517578,0.0,-2.6063503819575375,7.871695754539605,-1.814222671854336,-0.00030946190713455207,-0.005958266685909923
47,2,heldout,3,1,0.3490658503988659,0.7174748409961467,3,s,af3726fcacd0ac1320a56ea850b0a2c0f5430cf4eb20a45c078706980f08407e,d24fbe3839599a6a097188bae8cd47ce8083f27deef1341ae3086bf0d5a45bd1,87f63c0590d05baea263cdc42c6e1df2d063fa2def309ecb0283f3036bf33d46,87f63c0590d05baea263cdc42c6e1df2d063fa2def309ecb0283f3036bf33d46,1787977975.5774405,36559.445999999996,18279780,0,0.9584569931030273,1.0412378311157227,1.0210189819335938,0.00057220458984375,-0.00324249267578125,0.00476837158203125,-0.0073261260986328125,-0.0024423599243164062,0.124542236328125,0.0659332275390625,-0.0073261260986328125,-0.0073261260986328125,-0.08058643341064453,-2.3179492950439453,9.237606048583984,-1.9267396926879883,0.10500621795654297,-0.11477375030517578,0.0,-2.605602994676688,7.870948367258755,-1.8142226718543366,-0.00030946190713455337,-0.005958266685909924
47,2,heldout,3,1,0.3490658503988659,0.7194314209991717,3,s,af3726fcacd0ac1320a56ea850b0a2c0f5430cf4eb20a45c078706980f08407e,d24fbe3839599a6a097188bae8cd47ce8083f27deef1341ae3086bf0d5a45bd1,87f63c0590d05baea263cdc42c6e1df2d063fa2def309ecb0283f3036bf33d46,87f63c0590d05baea263cdc42c6e1df2d063fa2def309ecb0283f3036bf33d46,1787977975.5794237,36559.448,18279781,0,0.9584569931030273,1.0412378311157227,1.0217819213867188,0.00057220458984375,-0.00324249267578125,0.00476837158203125,0.0073261260986328125,-0.0024423599243164062,0.124542236328125,0.05128288269042969,0.0073261260986328125,-0.0073261260986328125,-0.08058643341064453,-2.3179492950439453,9.264957427978516,-1.9316234588623047,0.10500621795654297,-0.10988998413085938,0.0,-2.6038674650520734,7.869212837634141,-1.8139845607912692,-0.0002981075751287995,-0.005958457635647331
47,2,heldout,3,1,0.3490658503988659,0.7214127129991539,3,s,af3726fcacd0ac1320a56ea850b0a2c0f5430cf4eb20a45c078706980f08407e,d24fbe3839599a6a097188bae8cd47ce8083f27deef1341ae3086bf0d5a45bd1,87f63c0590d05baea263cdc42c6e1df2d063fa2def309ecb0283f3036bf33d46,87f63c0590d05baea263cdc42c6e1df2d063fa2def309ecb0283f3036bf33d46,1787977975.581376,36559.45,18279782,0,0.9584569931030273,1.0412378311157227,1.0221633911132812,0.00057220458984375,-0.00324249267578125,0.00476837158203125,-0.0073261260986328125,-0.0024423599243164062,0.11477375030517578,0.05128288269042969,-0.021978378295898438,-0.0073261260986328125,-0.08058643341064453,-2.3179492950439453,9.347007751464844,-1.9365081787109375,0.10500621795654297,-0.10988998413085938,0.0,-2.6029979824948324,7.868343355076901,-1.8138651092968248,-0.0002924303436423097,-0.0059585518099184095
47,2,heldout,3,1,0.3490658503988659,0.723362967997673,3,s,af3726fcacd0ac1320a56ea850b0a2c0f5430cf4eb20a45c078706980f08407e,d24fbe3839599a6a097188bae8cd47ce8083f27deef1341ae3086bf0d5a45bd1,87f63c0590d05baea263cdc42c6e1df2d063fa2def309ecb0283f3036bf33d46,87f63c0590d05baea263cdc42c6e1df2d063fa2def309ecb0283f3036bf33d46,1787977975.5833106,36559.452,18279783,0,0.9584569931030273,1.0412378311157227,1.0225448608398438,0.00057220458984375,-0.00324249267578125,0.00476837158203125,-0.0073261260986328125,-0.0024423599243164062,0.10988998413085938,0.05128288269042969,-0.021978378295898438,-0.0073261260986328125,-0.08058643341064453,-2.3042736053466797,9.374359130859375,-1.941391944885254,0.10500621795654297,-0.11477375030517578,0.0,-2.6021273549429536,7.867472727525021,-1.8137453938502706,-0.00028675306960160925,-0.005958645117106091
47,2,heldout,3,1,0.3490658503988659,0.7253089989972068,3,s,af3726fcacd0ac1320a56ea850b0a2c0f5430cf4eb20a45c078706980f08407e,d24fbe3839599a6a097188bae8cd47ce8083f27deef1341ae3086bf0d5a45bd1,87f63c0590d05baea263cdc42c6e1df2d063fa2def309ecb0283f3036bf33d46,87f63c0590d05baea263cdc42c6e1df2d063fa2def309ecb0283f3036bf33d46,1787977975.5853207,36559.454,18279784,0,0.9584569931030273,1.0412378311157227,1.0229263305664062,0.00095367431640625,-0.00324249267578125,0.00476837158203125,-0.021978378295898438,-0.0024423599243164062,0.1196584701538086,0.05128288269042969,0.0073261260986328125,-0.0073261260986328125,-0.08058643341064453,-2.3042736053466797,9.305984497070312,-1.9462757110595703,0.10500621795654297,-0.10988998413085938,0.0,-2.6013755619043684,7.8667209344864375,-1.8137453938502708,-0.0002867530696016075,-0.005958645117106092
47,2,heldout,3,1,0.3490658503988659,0.7273158409952885,3,s,af3726fcacd0ac1320a56ea850b0a2c0f5430cf4eb20a45c078706980f08407e,d24fbe3839599a6a097188bae8cd47ce8083f27deef1341ae3086bf0d5a45bd1,87f63c0590d05baea263cdc42c6e1df2d063fa2def309ecb0283f3036bf33d46,87f63c0590d05baea263cdc42c6e1df2d063fa2def309ecb0283f3036bf33d46,1787977975.5872808,36559.456,18279785,0,0.9584569931030273,1.0412378311157227,1.0236892700195312,0.00095367431640625,-0.00324249267578125,0.00476837158203125,-0.0073261260986328125,-0.0024423599243164062,0.124542236328125,0.021978378295898438,0.0073261260986328125,-0.0073261260986328125,-0.08058643341064453,-2.3042736053466797,9.292308807373047,-1.9462757110595703,0.10500621795654297,-0.10988998413085938,0.0,-2.5996291107854343,7.864974483367501,-1.8135051711705545,-0.00027539839716217,-0.005958829130177072
47,2,heldout,3,1,0.3490658503988659,0.7292751019995194,3,s,af3726fcacd0ac1320a56ea850b0a2c0f5430cf4eb20a45c078706980f08407e,d24fbe3839599a6a097188bae8cd47ce8083f27deef1341ae3086bf0d5a45bd1,87f63c0590d05baea263cdc42c6e1df2d063fa2def309ecb0283f3036bf33d46,87f63c0590d05baea263cdc42c6e1df2d063fa2def309ecb0283f3036bf33d46,1787977975.5892584,36559.458,18279786,0,0.9584569931030273,1.0412378311157227,1.0240707397460938,0.00095367431640625,-0.00324249267578125,0.00476837158203125,-0.021978378295898438,-0.0024423599243164062,0.1196584701538086,0.03663063049316406,-0.0073261260986328125,-0.0073261260986328125,-0.08058643341064453,-2.3042736053466797,9.38803482055664,-1.9462757110595703,0.10500621795654297,-0.10988998413085938,0.0,-2.598754168405782,7.8640995409878505,-1.81338466397235,-0.00026972100041575874,-0.005958919836033597
47,2,heldout,3,1,0.3490658503988659,0.7312449949968141,3,s,af3726fcacd0ac1320a56ea850b0a2c0f5430cf4eb20a45c078706980f08407e,d24fbe3839599a6a097188bae8cd47ce8083f27deef1341ae3086bf0d5a45bd1,87f63c0590d05baea263cdc42c6e1df2d063fa2def309ecb0283f3036bf33d46,87f63c0590d05baea263cdc42c6e1df2d063fa2def309ecb0283f3036bf33d46,1787977975.5917716,36559.46,18279787,0,0.9584569931030273,1.0412378311157227,1.0244522094726562,0.00095367431640625,-0.00324249267578125,0.00476837158203125,-0.0073261260986328125,-0.0024423599243164062,0.11477375030517578,0.021978378295898438,-0.0073261260986328125,-0.0073261260986328125,-0.07570171356201172,-2.3042736053466797,9.470085144042969,-1.9462757110595703,0.10012245178222656,-0.10988998413085938,0.0,-2.5978780816490463,7.863223454231115,-1.8132638928919496,-0.000264043564419773,-0.00595900967475317
47,2,heldout,3,1,0.3490658503988659,0.7337736089975806,3,s,af3726fcacd0ac1320a56ea850b0a2c0f5430cf4eb20a45c078706980f08407e,d24fbe3839599a6a097188bae8cd47ce8083f27deef1341ae3086bf0d5a45bd1,87f63c0590d05baea263cdc42c6e1df2d063fa2def309ecb0283f3036bf33d46,87f63c0590d05baea263cdc42c6e1df2d063fa2def309ecb0283f3036bf33d46,1787977975.5937212,36559.462,18279788,0,0.9584569931030273,1.0412378311157227,1.0248336791992188,0.00095367431640625,-0.00324249267578125,0.00476837158203125,-0.0073261260986328125,-0.0024423599243164062,0.11477375030517578,0.021978378295898438,-0.0073261260986328125,-0.0073261260986328125,-0.08058643341064453,-2.3042736053466797,9.4974365234375,-1.941391944885254,0.10500621795654297,-0.10988998413085938,0.0,-2.5970008506427105,7.862346223224779,-1.813142857946928,-0.00025836609000039684,-0.005959098646322717
47,2,heldout,3,1,0.3490658503988659,0.7356999519979581,3,s,af3726fcacd0ac1320a56ea850b0a2c0f5430cf4eb20a45c078706980f08407e,d24fbe3839599a6a097188bae8cd47ce8083f27deef1341ae3086bf0d5a45bd1,87f63c0590d05baea263cdc42c6e1df2d063fa2def309ecb0283f3036bf33d46,87f63c0590d05baea263cdc42c6e1df2d063fa2def309ecb0283f3036bf33d46,1787977975.5956407,36559.464,18279789,0,0.9584569931030273,1.0412378311157227,1.0252151489257812,0.00095367431640625,-0.00324249267578125,0.00476837158203125,-0.0073261260986328125,-0.0024423599243164062,0.11477375030517578,-0.0073261260986328125,-0.021978378295898438,-0.0073261260986328125,-0.07570171356201172,-2.290597915649414,9.4974365234375,-1.9365081787109375,0.10500621795654297,-0.10988998413085938,0.0,-2.5961224755144325,7.861467848096499,-1.8130215591548966,-0.0002526885779838045,-0.005959186750729286
47,2,heldout,3,1,0.3490658503988659,0.7376229369983776,3,s,af3726fcacd0ac1320a56ea850b0a2c0f5430cf4eb20a45c078706980f08407e,d24fbe3839599a6a097188bae8cd47ce8083f27deef1341ae3086bf0d5a45bd1,87f63c0590d05baea263cdc42c6e1df2d063fa2def309ecb0283f3036bf33d46,87f63c0590d05baea263cdc42c6e1df2d063fa2def309ecb0283f3036bf33d46,1787977975.597581,36559.466,18279790,0,0.9584569931030273,1.0412378311157227,1.0259780883789062,0.00095367431640625,-0.00324249267578125,0.00476837158203125,-0.021978378295898438,-0.0024423599243164062,0.10988998413085938,0.0073261260986328125,-0.0073261260986328125,-0.0073261260986328125,-0.07570171356201172,-2.290597915649414,9.470085144042969,-1.9267396926879883,0.10500621795654297,-0.11477375030517578,0.0,-2.594362293403494,7.859707665985561,-1.8127781701004546,-0.00024133344446372886,-0.00595936035800236
47,2,heldout,3,1,0.3490658503988659,0.7395645910000894,3,s,af3726fcacd0ac1320a56ea850b0a2c0f5430cf4eb20a45c078706980f08407e,d24fbe3839599a6a097188bae8cd47ce8083f27deef1341ae3086bf0d5a45bd1,87f63c0590d05baea263cdc42c6e1df2d063fa2def309ecb0283f3036bf33d46,87f63c0590d05baea263cdc42c6e1df2d063fa2def309ecb0283f3036bf33d46,1787977975.599505,36559.468,18279791,0,0.9584569931030273,1.0412378311157227,1.0263595581054688,0.00095367431640625,-0.00324249267578125,0.00476837158203125,-0.0073261260986328125,-0.0024423599243164062,0.11477375030517578,-0.0073261260986328125,-0.021978378295898438,-0.0073261260986328125,-0.07570171356201172,-2.3042736053466797,9.483760833740234,-1.9218559265136719,0.10012245178222656,-0.10988998413085938,0.0,-2.593480486676974,7.858825859259041,-1.81265607987346,-0.00023565582461263618,-0.005959445860843595
47,2,heldout,3,1,0.3490658503988659,0.7414820439953473,3,s,af3726fcacd0ac1320a56ea850b0a2c0f5430cf4eb20a45c078706980f08407e,d24fbe3839599a6a097188bae8cd47ce8083f27deef1341ae3086bf0d5a45bd1,87f63c0590d05baea263cdc42c6e1df2d063fa2def309ecb0283f3036bf33d46,87f63c0590d05baea263cdc42c6e1df2d063fa2def309ecb0283f3036bf33d46,1787977975.6014025,36559.47,18279792,0,0.9584569931030273,1.0412378311157227,1.0267410278320312,0.00095367431640625,-0.00324249267578125,0.00476837158203125,-0.0073261260986328125,-0.0024423599243164062,0.124542236328125,-0.0073261260986328125,-0.021978378295898438,-0.0073261260986328125,-0.07570171356201172,-2.3042736053466797,9.429058074951172,-1.9120874404907227,0.10012245178222656,-0.11477375030517578,0.0,-2.59259753634079,7.8579429089228565,-1.8125337258702923,-0.00022997817046910963,-0.005959530496471327
47,2,heldout,3,1,0.3490658503988659,0.7433812089948333,3,s,af3726fcacd0ac1320a56ea850b0a2c0f5430cf4eb20a45c078706980f08407e,d24fbe3839599a6a097188bae8cd47ce8083f27deef1341ae3086bf0d5a45bd1,87f63c0590d05baea263cdc42c6e1df2d063fa2def309ecb0283f3036bf33d46,87f63c0590d05baea263cdc42c6e1df2d063fa2def309ecb0283f3036bf33d46,1787977975.6039448,36559.472,18279793,0,0.9584569931030273,1.0412378311157227,1.0271224975585938,0.00095367431640625,-0.00324249267578125,0.00476837158203125,-0.0073261260986328125,-0.0024423599243164062,0.124542236328125,-0.0073261260986328125,-0.0073261260986328125,-0.0073261260986328125,-0.07570171356201172,-2.3179492950439453,9.524787902832031,-1.9072036743164062,0.10012245178222656,-0.10988998413085938,0.0,-2.5917134425234307,7.857058815105498,-1.8124111081087575,-0.00022430048285935252,-0.0059596142648732486
47,2,heldout,3,1,0.3490658503988659,0.7459340130008059,3,s,af3726fcacd0ac1320a56ea850b0a2c0f5430cf4eb20a45c078706980f08407e,d24fbe3839599a6a097188bae8cd47ce8083f27deef1341ae3086bf0d5a45bd1,87f63c0590d05baea263cdc42c6e1df2d063fa2def309ecb0283f3036bf33d46,87f63c0590d05baea263cdc42c6e1df2d063fa2def309ecb0283f3036bf33d46,1787977975.6053865,36559.474,18279794,0,0.9584569931030273,1.0412378311157227,1.0278854370117188,0.00095367431640625,-0.00324249267578125,0.00476837158203125,-0.0073261260986328125,-0.0024423599243164062,0.11477375030517578,-0.0073261260986328125,-0.0073261260986328125,-0.0073261260986328125,-0.07570171356201172,-2.3042736053466797,9.456409454345703,-1.9023199081420898,0.10012245178222656,-0.11477375030517578,0.0,-2.589941824959955,7.855287197542022,-1.8121650813819934,-0.0002129450105460125,-0.005959779199951007
47,2,heldout,3,1,0.3490658503988659,0.7473794170000474,3,s,af3726fcacd0ac1320a56ea850b0a2c0f5430cf4eb20a45c078706980f08407e,d24fbe3839599a6a097188bae8cd47ce8083f27deef1341ae3086bf0d5a45bd1,87f63c0590d05baea263cdc42c6e1df2d063fa2def309ecb0283f3036bf33d46,87f63c0590d05baea263cdc42c6e1df2d063fa2def309ecb0283f3036bf33d46,1787977975.6073546,36559.475999999995,18279795,0,0.9584569931030273,1.0412378311157227,1.0282669067382812,0.00095367431640625,-0.00324249267578125,0.00476837158203125,-0.0073261260986328125,-0.0024423599243164062,0.124542236328125,0.0073261260986328125,-0.0073261260986328125,-0.0073261260986328125,-0.08058643341064453,-2.3042736053466797,9.456409454345703,-1.9023199081420898,0.10012245178222656,-0.10988998413085938,0.0,-2.589054301471644,7.8543996740537105,-1.8120416724525668,-0.00020726722749486446,-0.005959860366602846
47,2,heldout,3,1,0.3490658503988659,0.7493382589964313,3,s,af3726fcacd0ac1320a56ea850b0a2c0f5430cf4eb20a45c078706980f08407e,d24fbe3839599a6a097188bae8cd47ce8083f27deef1341ae3086bf0d5a45bd1,87f63c0590d05baea263cdc42c6e1df2d063fa2def309ecb0283f3036bf33d46,87f63c0590d05baea263cdc42c6e1df2d063fa2def309ecb0283f3036bf33d46,1787977975.6092594,36559.477999999996,18279796,0,0.9584569931030273,1.0412378311157227,1.0290298461914062,0.00095367431640625,-0.00324249267578125,0.00476837158203125,0.0073261260986328125,-0.0024423599243164062,0.13919448852539062,-0.0073261260986328125,-0.0073261260986328125,-0.0073261260986328125,-0.08058643341064453,-2.3042736053466797,9.415386199951172,-1.9023199081420898,0.10012245178222656,-0.10988998413085938,0.0,-2.5872758257276365,7.852621198309703,-1.811794063551415,-0.000195911571734747,-0.005960020098073386
47,2,heldout,3,1,0.3490658503988659,0.7512376489976305,3,s,af3726fcacd0ac1320a56ea850b0a2c0f5430cf4eb20a45c078706980f08407e,d24fbe3839599a6a097188bae8cd47ce8083f27deef1341ae3086bf0d5a45bd1,87f63c0590d05baea263cdc42c6e1df2d063fa2def309ecb0283f3036bf33d46,87f63c0590d05baea263cdc42c6e1df2d063fa2def309ecb0283f3036bf33d46,1787977975.6111429,36559.479999999996,18279797,0,0.9584569931030273,1.0412378311157227,1.0294113159179688,0.00095367431640625,-0.00324249267578125,0.00476837158203125,-0.0073261260986328125,-0.0024423599243164062,0.13919448852539062,-0.0073261260986328125,-0.021978378295898438,-0.0073261260986328125,-0.08058643341064453,-2.3179492950439453,9.456409454345703,-1.9023199081420898,0.10012245178222656,-0.11477375030517578,0.0,-2.5863848737307427,7.851730246312809,-1.811669863615723,-0.00019023370067824488,-0.005960098662868843
47,2,heldout,3,1,0.3490658503988659,0.7531379849970108,3,s,af3726fcacd0ac1320a56ea850b0a2c0f5430cf4eb20a45c078706980f08407e,d24fbe3839599a6a097188bae8cd47ce8083f27deef1341ae3086bf0d5a45bd1,87f63c0590d05baea263cdc42c6e1df2d063fa2def309ecb0283f3036bf33d46,87f63c0590d05baea263cdc42c6e1df2d063fa2def309ecb0283f3036bf33d46,1787977975.6136267,36559.481999999996,18279798,0,0.9584569931030273,1.0412378311157227,1.0301742553710938,0.00095367431640625,-0.00324249267578125,0.00476837158203125,-0.0073261260986328125,-0.0024423599243164062,0.13919448852539062,0.021978378295898438,-0.0073261260986328125,-0.0073261260986328125,-0.07570171356201172,-2.3179492950439453,9.429058074951172,-1.9072036743164062,0.10500621795654297,-0.11477375030517578,0.0,-2.584599542135421,7.849944914717488,-1.8114206728644693,-0.00017887787634353867,-0.005960253190522966
47,2,heldout,3,1,0.3490658503988659,0.7556052099971566,3,s,af3726fcacd0ac1320a56ea850b0a2c0f5430cf4eb20a45c078706980f08407e,d24fbe3839599a6a097188bae8cd47ce8083f27deef1341ae3086bf0d5a45bd1,87f63c0590d05baea263cdc42c6e1df2d063fa2def309ecb0283f3036bf33d46,87f63c0590d05baea263cdc42c6e1df2d063fa2def309ecb0283f3036bf33d46,1787977975.615464,36559.484,18279799,0,0.9584569931030273,1.0412378311157227,1.0305557250976562,0.00095367431640625,-0.00324249267578125,0.00476837158203125,-0.021978378295898438,-0.0024423599243164062,0.14896202087402344,0.0073261260986328125,-0.0073261260986328125,-0.0073261260986328125,-0.08058643341064453,-2.3042736053466797,9.38803482055664,-1.9120874404907227,0.10500621795654297,-0.11477375030517578,0.0,-2.5837051627967975,7.849050535378865,-1.8112956820851724,-0.00017319992471782875,-0.005960329153359146
47,2,heldout,3,1,0.3490658503988659,0.7574384269973962,3,s,af3726fcacd0ac1320a56ea850b0a2c0f5430cf4eb20a45c078706980f08407e,d24fbe3839599a6a097188bae8cd47ce8083f27deef1341ae3086bf0d5a45bd1,87f63c0590d05baea263cdc42c6e1df2d063fa2def309ecb0283f3036bf33d46,87f63c0590d05baea263cdc42c6e1df2d063fa2def309ecb0283f3036bf33d46,1787977975.6173208,36559.486,18279800,0,0.9584569931030273,1.0412378311157227,1.0313196182250977,0.00133514404296875,-0.00324249267578125,0.00476837158203125,-0.0073261260986328125,-0.0024423599243164062,0.14896202087402344,0.03663063049316406,-0.0073261260986328125,-0.0073261260986328125,-0.08058643341064453,-2.3042736053466797,9.401710510253906,-1.9218559265136719,0.10500621795654297,-0.10988998413085938,0.0,-2.582036253174742,7.8473816257568085,-1.8111701142614909,-0.00016750775291524833,-0.005960404435505131
47,2,heldout,3,1,0.3490658503988659,0.7592924630007474,3,s,af3726fcacd0ac1320a56ea850b0a2c0f5430cf4eb20a45c078706980f08407e,d24fbe3839599a6a097188bae8cd47ce8083f27deef1341ae3086bf0d5a45bd1,87f63c0590d05baea263cdc42c6e1df2d063fa2def309ecb0283f3036bf33d46,87f63c0590d05baea263cdc42c6e1df2d063fa2def309ecb0283f3036bf33d46,1787977975.6192997,36559.488,18279801,0,0.9584569931030273,1.0412378311157227,1.0317010879516602,0.00133514404296875,-0.00324249267578125,0.00476837158203125,-0.0073261260986328125,-0.0024423599243164062,0.14407825469970703,0.05128288269042969,0.0073261260986328125,-0.0073261260986328125,-0.07570171356201172,-2.290597915649414,9.415386199951172,-1.9316234588623047,0.10500621795654297,-0.11477375030517578,0.0,-2.58113870835275,7.846484080934816,-1.8110445956851244,-0.00016182975164806914,-0.005960478661477915
47,2,heldout,3,1,0.3490658503988659,0.7612801449940889,3,s,af3726fcacd0ac1320a56ea850b0a2c0f5430cf4eb20a45c078706980f08407e,d24fbe3839599a6a097188bae8cd47ce8083f27deef1341ae3086bf0d5a45bd1,87f63c0590d05baea263cdc42c6e1df2d063fa2def309ecb0283f3036bf33d46,87f63c0590d05baea263cdc42c6e1df2d063fa2def309ecb0283f3036bf33d46,1787977975.6212087,36559.49,18279802,0,0.9584569931030273,1.0412378311157227,1.0324640274047852,0.00133514404296875,-0.00324249267578125,0.00476837158203125,0.0073261260986328125,-0.0024423599243164062,0.14407825469970703,0.05128288269042969,-0.021978378295898438,-0.0073261260986328125,-0.07570171356201172,-2.2769222259521484,9.38803482055664,-1.941391944885254,0.10500621795654297,-0.10988998413085938,0.0,-2.5793401933984477,7.844685565980514,-1.8107927679256832,-0.00015047367929199205,-0.005960624511321437
47,2,heldout,3,1,0.3490658503988659,0.7631879489999847,3,s,af3726fcacd0ac1320a56ea850b0a2c0f5430cf4eb20a45c078706980f08407e,d24fbe3839599a6a097188bae8cd47ce8083f27deef1341ae3086bf0d5a45bd1,87f63c0590d05baea263cdc42c6e1df2d063fa2def309ecb0283f3036bf33d46,87f63c0590d05baea263cdc42c6e1df2d063fa2def309ecb0283f3036bf33d46,1787977975.6236603,36559.492,18279803,0,0.9584569931030273,1.0412378311157227,1.0328454971313477,0.00171661376953125,-0.00324249267578125,0.00476837158203125,-0.021978378295898438,-0.0024423599243164062,0.14896202087402344,0.05128288269042969,-0.0073261260986328125,-0.0073261260986328125,-0.07570171356201172,-2.290597915649414,9.347007751464844,-1.9560441970825195,0.10500621795654297,-0.10988998413085938,0.0,-2.5785655326742862,7.843910905256355,-1.8107927679256839,-0.00015047367929199262,-0.005960624511321439
47,2,heldout,3,1,0.3490658503988659,0.7656339519962785,3,s,af3726fcacd0ac1320a56ea850b0a2c0f5430cf4eb20a45c078706980f08407e,d24fbe3839599a6a097188bae8cd47ce8083f27deef1341ae3086bf0d5a45bd1,87f63c0590d05baea263cdc42c6e1df2d063fa2def309ecb0283f3036bf33d46,87f63c0590d05baea263cdc42c6e1df2d063fa2def309ecb0283f3036bf33d46,1787977975.6255367,36559.494,18279804,0,0.9584569931030273,1.0412378311157227,1.0336084365844727,0.00171661376953125,-0.00324249267578125,0.00476837158203125,-0.0073261260986328125,-0.0024423599243164062,0.14896202087402344,0.03663063049316406,-0.0073261260986328125,-0.0073261260986328125,-0.08058643341064453,-2.3042736053466797,9.292308807373047,-1.9658117294311523,0.10500621795654297,-0.10988998413085938,0.0,-2.576760695756633,7.842106068338701,-1.8105398861461792,-0.0001391175193487108,-0.005960766891625025
47,2,heldout,3,1,0.3490658503988659,0.7675092809950002,3,s,af3726fcacd0ac1320a56ea850b0a2c0f5430cf4eb20a45c078706980f08407e,d24fbe3839599a6a097188bae8cd47ce8083f27deef1341ae3086bf0d5a45bd1,87f63c0590d05baea263cdc42c6e1df2d063fa2def309ecb0283f3036bf33d46,87f63c0590d05baea263cdc42c6e1df2d063fa2def309ecb0283f3036bf33d46,1787977975.6274068,36559.496,18279805,0,0.9584569931030273,1.0412378311157227,1.0343713760375977,0.00171661376953125,-0.00324249267578125,0.00476837158203125,-0.0073261260986328125,-0.0024423599243164062,0.15384578704833984,0.0073261260986328125,-0.0073261260986328125,-0.0073261260986328125,-0.08058643341064453,-2.290597915649414,9.264957427978516,-1.9658117294311523,0.10500621795654297,-0.10988998413085938,0.0,-2.5749512941326955,7.840296666714763,-1.8102859504938082,-0.0001277612784283802,-0.005960905802305799
47,2,heldout,3,1,0.3490658503988659,0.7693790199991781,3,s,af3726fcacd0ac1320a56ea850b0a2c0f5430cf4eb20a45c078706980f08407e,d24fbe3839599a6a097188bae8cd47ce8083f27deef1341ae3086bf0d5a45bd1,87f63c0590d05baea263cdc42c6e1df2d063fa2def309ecb0283f3036bf33d46,87f63c0590d05baea263cdc42c6e1df2d063fa2def309ecb0283f3036bf33d46,1787977975.6293156,36559.498,18279806,0,0.9584569931030273,1.0412378311157227,1.0347528457641602,0.00171661376953125,-0.00324249267578125,0.00476837158203125,-0.0073261260986328125,-0.0024423599243164062,0.16849803924560547,0.021978378295898438,0.0073261260986328125,-0.0073261260986328125,-0.07570171356201172,-2.290597915649414,9.278633117675781,-1.9658117294311523,0.10500621795654297,-0.10988998413085938,0.0,-2.574044881884891,7.8393902544669585,-1.8101585875114643,-0.00012208312966750784,-0.005960973956512286
47,2,heldout,3,1,0.3490658503988659,0.7712936549942242,3,s,af3726fcacd0ac1320a56ea850b0a2c0f5430cf4eb20a45c078706980f08407e,d24fbe3839599a6a097188bae8cd47ce8083f27deef1341ae3086bf0d5a45bd1,87f63c0590d05baea263cdc42c6e1df2d063fa2def309ecb0283f3036bf33d46,87f63c0590d05baea263cdc42c6e1df2d063fa2def309ecb0283f3036bf33d46,1787977975.6312022,36559.5,18279807,0,0.9584569931030273,1.0412378311157227,1.0355157852172852,0.00171661376953125,-0.00324249267578125,0.00476837158203125,-0.0073261260986328125,-0.0024423599243164062,0.16361427307128906,0.03663063049316406,-0.0073261260986328125,-0.0073261260986328125,-0.07570171356201172,-2.2769222259521484,9.305984497070312,-1.9706954956054688,0.10500621795654297,-0.10988998413085938,0.0,-2.5722286351771206,7.837574007759187,-1.809903071327129,-0.0001107267796757447,-0.005961107662607867
47,2,heldout,3,1,0.3490658503988659,0.7731930259978981,3,s,af3726fcacd0ac1320a56ea850b0a2c0f5430cf4eb20a45c078706980f08407e,d24fbe3839599a6a097188bae8cd47ce8083f27deef1341ae3086bf0d5a45bd1,87f63c0590d05baea263cdc42c6e1df2d063fa2def309ecb0283f3036bf33d46,87f63c0590d05baea263cdc42c6e1df2d063fa2def309ecb0283f3036bf33d46,1787977975.633727,36559.502,18279808,0,0.9584569931030273,1.0412378311157227,1.0362787246704102,0.00171661376953125,-0.00324249267578125,0.00476837158203125,-0.0073261260986328125,-0.0024423599243164062,0.16849803924560547,0.021978378295898438,-0.0073261260986328125,-0.0073261260986328125,-0.07570171356201172,-2.2769222259521484,9.333332061767578,-1.9755802154541016,0.10500621795654297,-0.10988998413085938,0.0,-2.5704078264010697,7.835753198983137,-1.809646501640603,-9.93703652325165e-05,-0.005961237898882283
47,2,heldout,3,1,0.3490658503988659,0.7757182659988757,3,s,af3726fcacd0ac1320a56ea850b0a2c0f5430cf4eb20a45c078706980f08407e,d24fbe3839599a6a097188bae8cd47ce8083f27deef1341ae3086bf0d5a45bd1,87f63c0590d05baea263cdc42c6e1df2d063fa2def309ecb0283f3036bf33d46,87f63c0590d05baea263cdc42c6e1df2d063fa2def309ecb0283f3036bf33d46,1787977975.6356928,36559.504,18279809,0,0.9584569931030273,1.0412378311157227,1.0370416641235352,0.00171661376953125,-0.00324249267578125,0.00476837158203125,-0.021978378295898438,-0.0024423599243164062,0.16849803924560547,0.021978378295898438,-0.021978378295898438,-0.0073261260986328125,-0.07570171356201172,-2.2769222259521484,9.36068344116211,-1.9755802154541016,0.10500621795654297,-0.11477375030517578,0.0,-2.5685824566165874,7.833927829198655,-1.8093888786012275,-8.801389294812428e-05,-0.005961364665259723
47,2,heldout,3,1,0.3490658503988659,0.777678857994033,3,s,af3726fcacd0ac1320a56ea850b0a2c0f5430cf4eb20a45c078706980f08407e,d24fbe3839599a6a097188bae8cd47ce8083f27deef1341ae3086bf0d5a45bd1,87f63c0590d05baea263cdc42c6e1df2d063fa2def309ecb0283f3036bf33d46,87f63c0590d05baea263cdc42c6e1df2d063fa2def309ecb0283f3036bf33d46,1787977975.637612,36559.506,18279810,0,0.9584569931030273,1.0412378311157227,1.0374231338500977,0.00209808349609375,-0.00324249267578125,0.00476837158203125,0.0073261260986328125,-0.0024423599243164062,0.16849803924560547,0.021978378295898438,0.0073261260986328125,-0.0073261260986328125,-0.07570171356201172,-2.2632484436035156,9.374359130859375,-1.9755802154541016,0.10500621795654297,-0.11477375030517578,0.0,-2.567797268158281,7.833142640740348,-1.8093888786012275,-8.801389294812466e-05,-0.005961364665259723
47,2,heldout,3,1,0.3490658503988659,0.7795892869980889,3,s,af3726fcacd0ac1320a56ea850b0a2c0f5430cf4eb20a45c078706980f08407e,d24fbe3839599a6a097188bae8cd47ce8083f27deef1341ae3086bf0d5a45bd1,87f63c0590d05baea263cdc42c6e1df2d063fa2def309ecb0283f3036bf33d46,87f63c0590d05baea263cdc42c6e1df2d063fa2def309ecb0283f3036bf33d46,1787977975.6395333,36559.508,18279811,0,0.9584569931030273,1.0412378311157227,1.0381860733032227,0.00171661376953125,-0.00324249267578125,0.00476837158203125,-0.0073261260986328125,-0.0024423599243164062,0.16849803924560547,-0.0073261260986328125,-0.0073261260986328125,-0.0073261260986328125,-0.07570171356201172,-2.2632484436035156,9.319656372070312,-1.9706954956054688,0.10500621795654297,-0.11477375030517578,0.0,-2.5658358523740112,7.831181224956079,-1.8090004693337713,-7.097909052947447e-05,-0.005961548308608199
47,2,heldout,3,1,0.3490658503988659,0.7815201349949348,3,s,af3726fcacd0ac1320a56ea850b0a2c0f5430cf4eb20a45c078706980f08407e,d24fbe3839599a6a097188bae8cd47ce8083f27deef1341ae3086bf0d5a45bd1,87f63c0590d05baea263cdc42c6e1df2d063fa2def309ecb0283f3036bf33d46,87f63c0590d05baea263cdc42c6e1df2d063fa2def309ecb0283f3036bf33d46,1787977975.6414492,36559.509999999995,18279812,0,0.9584569931030273,1.0412378311157227,1.0389490127563477,0.00171661376953125,-0.00324249267578125,0.00476837158203125,-0.0073261260986328125,-0.0024423599243164062,0.16361427307128906,-0.0073261260986328125,-0.0073261260986328125,-0.0073261260986328125,-0.07570171356201172,-2.2632484436035156,9.38803482055664,-1.9706954956054688,0.10500621795654297,-0.11477375030517578,0.0,-2.5639990847227168,7.829344457304784,-1.808740213569675,-5.9622502562464395e-05,-0.0059616663999248025
47,2,heldout,3,1,0.3490658503988659,0.7834306049990118,3,s,af3726fcacd0ac1320a56ea850b0a2c0f5430cf4eb20a45c078706980f08407e,d24fbe3839599a6a097188bae8cd47ce8083f27deef1341ae3086bf0d5a45bd1,87f63c0590d05baea263cdc42c6e1df2d063fa2def309ecb0283f3036bf33d46,87f63c0590d05baea263cdc42c6e1df2d063fa2def309ecb0283f3036bf33d46,1787977975.64336,36559.511999999995,18279813,0,0.9584569931030273,1.0412378311157227,1.0397119522094727,0.00171661376953125,-0.00324249267578125,0.00476837158203125,-0.0073261260986328125,-0.0024423599243164062,0.16361427307128906,-0.0073261260986328125,-0.0073261260986328125,-0.0073261260986328125,-0.07570171356201172,-2.2769222259521484,9.347007751464844,-1.960927963256836,0.10500621795654297,-0.11477375030517578,0.0,-2.5621577597933705,7.82750313237544,-1.8084789049802612,-4.8265879890589595e-05,-0.005961781021095012
47,2,heldout,3,1,0.3490658503988659,0.7853418079976109,3,s,af3726fcacd0ac1320a56ea850b0a2c0f5430cf4eb20a45c078706980f08407e,d24fbe3839599a6a097188bae8cd47ce8083f27deef1341ae3086bf0d5a45bd1,87f63c0590d05baea263cdc42c6e1df2d063fa2def309ecb0283f3036bf33d46,87f63c0590d05baea263cdc42c6e1df2d063fa2def309ecb0283f3036bf33d46,1787977975.6452708,36559.513999999996,18279814,0,0.9584569931030273,1.0412378311157227,1.0404748916625977,0.00171661376953125,-0.00324249267578125,0.00476837158203125,-0.0073261260986328125,-0.0024423599243164062,0.1782665252685547,-0.0073261260986328125,0.0073261260986328125,-0.0073261260986328125,-0.07570171356201172,-2.2632484436035156,9.374359130859375,-1.9511594772338867,0.10012245178222656,-0.11477375030517578,0.0,-2.560311878657762,7.825657251239831,-1.8082165437176272,-3.690922912427799e-05,-0.005961892172052107
47,2,heldout,3,1,0.3490658503988659,0.787252369998896,3,s,af3726fcacd0ac1320a56ea850b0a2c0f5430cf4eb20a45c078706980f08407e,d24fbe3839599a6a097188bae8cd47ce8083f27deef1341ae3086bf0d5a45bd1,87f63c0590d05baea263cdc42c6e1df2d063fa2def309ecb0283f3036bf33d46,87f63c0590d05baea263cdc42c6e1df2d063fa2def309ecb0283f3036bf33d46,1787977975.6478047,36559.515999999996,18279815,0,0.9584569931030273,1.0412378311157227,1.0412378311157227,0.00171661376953125,-0.00324249267578125,0.00476837158203125,-0.0073261260986328125,-0.0024423599243164062,0.1782665252685547,-0.0073261260986328125,-0.0073261260986328125,-0.0073261260986328125,-0.07570171356201172,-2.2632484436035156,9.292308807373047,-1.9462757110595703,0.10012245178222656,-0.11477375030517578,0.0,-2.5584614423903416,7.823806814972411,-1.8079531299344918,-2.5552556873970834e-05,-0.0059619998527313915
47,2,heldout,3,1,0.3490658503988659,0.7897943520001718,3,s,af3726fcacd0ac1320a56ea850b0a2c0f5430cf4eb20a45c078706980f08407e,d24fbe3839599a6a097188bae8cd47ce8083f27deef1341ae3086bf0d5a45bd1,87f63c0590d05baea263cdc42c6e1df2d063fa2def309ecb0283f3036bf33d46,87f63c0590d05baea263cdc42c6e1df2d063fa2def309ecb0283f3036bf33d46,1787977975.6492114,36559.518,18279816,0,0.9584569931030273,1.0412378311157227,1.0420007705688477,0.00171661376953125,-0.00324249267578125,0.00476837158203125,-0.0073261260986328125,-0.0024423599243164062,0.1831502914428711,-0.0073261260986328125,-0.021978378295898438,-0.0073261260986328125,-0.07570171356201172,-2.2769222259521484,9.278633117675781,-1.941391944885254,0.10012245178222656,-0.11477375030517578,0.0,-2.556606452068195,7.821951824650262,-1.8076886637841787,-1.4195869750114788e-05,-0.005962104063070185
47,2,heldout,3,1,0.3490658503988659,0.7911959720004234,3,s,af3726fcacd0ac1320a56ea850b0a2c0f5430cf4eb20a45c078706980f08407e,d24fbe3839599a6a097188bae8cd47ce8083f27deef1341ae3086bf0d5a45bd1,87f63c0590d05baea263cdc42c6e1df2d063fa2def309ecb0283f3036bf33d46,87f63c0590d05baea263cdc42c6e1df2d063fa2def309ecb0283f3036bf33d46,1787977975.6517143,36559.52,18279817,0,0.9584569931030273,1.0412378311157227,1.0423822402954102,0.00171661376953125,-0.00324249267578125,0.00476837158203125,-0.0073261260986328125,-0.0024423599243164062,0.1880340576171875,-0.0073261260986328125,-0.0073261260986328125,-0.0073261260986328125,-0.07570171356201172,-2.2769222259521484,9.292308807373047,-1.941391944885254,0.10012245178222656,-0.11477375030517578,0.0,-2.5556772494739226,7.82102262205599,-1.8075560361194145,-8.517522676379496e-06,-0.005962154866842864
47,2,heldout,3,1,0.3490658503988659,0.7937095439992845,3,s,af3726fcacd0ac1320a56ea850b0a2c0f5430cf4eb20a45c078706980f08407e,d24fbe3839599a6a097188bae8cd47ce8083f27deef1341ae3086bf0d5a45bd1,87f63c0590d05baea263cdc42c6e1df2d063fa2def309ecb0283f3036bf33d46,87f63c0590d05baea263cdc42c6e1df2d063fa2def309ecb0283f3036bf33d46,1787977975.6536763,36559.522,18279818,0,0.9584569931030273,1.0412378311157227,1.0431451797485352,0.00171661376953125,-0.00324249267578125,0.00476837158203125,-0.021978378295898438,-0.0024423599243164062,0.1831502914428711,-0.021978378295898438,0.0073261260986328125,-0.0073261260986328125,-0.07570171356201172,-2.2632484436035156,9.319656372070312,-1.9365081787109375,0.10012245178222656,-0.11477375030517578,0.0,-2.553815430095053,7.819160802677121,-1.807289991707166,2.839174363177433e-06,-0.005962253871557822
47,2,heldout,3,1,0.3490658503988659,0.7956580549944192,3,s,af3726fcacd0ac1320a56ea850b0a2c0f5430cf4eb20a45c078706980f08407e,d24fbe3839599a6a097188bae8cd47ce8083f27deef1341ae3086bf0d5a45bd1,87f63c0590d05baea263cdc42c6e1df2d063fa2def309ecb0283f3036bf33d46,87f63c0590d05baea263cdc42c6e1df2d063fa2def309ecb0283f3036bf33d46,1787977975.655592,36559.524,18279819,0,0.9584569931030273,1.0412378311157227,1.0439081192016602,0.00171661376953125,-0.00324249267578125,0.00476837158203125,-0.0073261260986328125,-0.0024423599243164062,0.1880340576171875,-0.021978378295898438,-0.0073261260986328125,-0.0073261260986328125,-0.07570171356201172,-2.2632484436035156,9.38803482055664,-1.9365081787109375,0.10012245178222656,-0.11477375030517578,0.0,-2.5519490593657945,7.817294431947862,-1.807022895313737,1.4195869750114644e-05,-0.00596234940578443
47,2,heldout,3,1,0.3490658503988659,0.7975764199945843,3,s,af3726fcacd0ac1320a56ea850b0a2c0f5430cf4eb20a45c078706980f08407e,d24fbe3839599a6a097188bae8cd47ce8083f27deef1341ae3086bf0d5a45bd1,87f63c0590d05baea263cdc42c6e1df2d063fa2def309ecb0283f3036bf33d46,87f63c0590d05baea263cdc42c6e1df2d063fa2def309ecb0283f3036bf33d46,1787977975.657499,36559.526,18279820,0,0.9584569931030273,1.0412378311157227,1.0446710586547852,0.00171661376953125,-0.00324249267578125,0.00476837158203125,0.0073261260986328125,-0.0024423599243164062,0.1782665252685547,-0.0073261260986328125,-0.0073261260986328125,-0.0073261260986328125,-0.07570171356201172,-2.24957275390625,9.429058074951172,-1.9316234588623047,0.10012245178222656,-0.11477375030517578,0.0,-2.5500781383725233,7.815423510954591,-1.8067547470946013,2.5552556873969736e-05,-0.005962441469467084
47,2,heldout,3,1,0.3490658503988659,0.7994809890005854,3,s,af3726fcacd0ac1320a56ea850b0a2c0f5430cf4eb20a45c078706980f08407e,d24fbe3839599a6a097188bae8cd47ce8083f27deef1341ae3086bf0d5a45bd1,87f63c0590d05baea263cdc42c6e1df2d063fa2def309ecb0283f3036bf33d46,87f63c0590d05baea263cdc42c6e1df2d063fa2def309ecb0283f3036bf33d46,1787977975.6594005,36559.528,18279821,0,0.9584569931030273,1.0412378311157227,1.0454339981079102,0.00171661376953125,-0.00324249267578125,0.00476837158203125,-0.0073261260986328125,-0.0024423599243164062,0.1782665252685547,-0.0073261260986328125,0.0073261260986328125,-0.0073261260986328125,-0.07570171356201172,-2.24957275390625,9.333332061767578,-1.9316234588623047,0.10500621795654297,-0.11477375030517578,0.0,-2.5482026682042545,7.813548040786322,-1.8064855472058388,3.690922912427929e-05,-0.0059625300625521915
47,2,heldout,3,1,0.3490658503988659,0.8013821540007484,3,s,af3726fcacd0ac1320a56ea850b0a2c0f5430cf4eb20a45c078706980f08407e,d24fbe3839599a6a097188bae8cd47ce8083f27deef1341ae3086bf0d5a45bd1,87f63c0590d05baea263cdc42c6e1df2d063fa2def309ecb0283f3036bf33d46,87f63c0590d05baea263cdc42c6e1df2d063fa2def309ecb0283f3036bf33d46,1787977975.661336,36559.53,18279822,0,0.9584569931030273,1.0416193008422852,1.0461969375610352,0.00171661376953125,-0.00324249267578125,0.00476837158203125,-0.03663063049316406,-0.0024423599243164062,0.1831502914428711,0.0073261260986328125,-0.0073261260986328125,-0.0073261260986328125,-0.07570171356201172,-2.24957275390625,9.278633117675781,-1.9316234588623047,0.10500621795654297,-0.11477375030517578,0.0,-2.550696122367564,7.812608600102607,-1.8063505529342914,4.25875576060865e-05,-0.005962573057604471
47,2,heldout,3,1,0.3490658503988659,0.8033266799975536,3,s,af3726fcacd0ac1320a56ea850b0a2c0f5430cf4eb20a45c078706980f08407e,d24fbe3839599a6a097188bae8cd47ce8083f27deef1341ae3086bf0d5a45bd1,87f63c0590d05baea263cdc42c6e1df2d063fa2def309ecb0283f3036bf33d46,87f63c0590d05baea263cdc42c6e1df2d063fa2def309ecb0283f3036bf33d46,1787977975.6632824,36559.532,18279823,0,0.9584569931030273,1.0416193008422852,1.0469598770141602,0.00171661376953125,-0.00324249267578125,0.00476837158203125,-0.021978378295898438,-0.0024423599243164062,0.1880340576171875,-0.021978378295898438,0.0073261260986328125,-0.0073261260986328125,-0.08058643341064453,-2.24957275390625,9.237606048583984,-1.9316234588623047,0.10012245178222656,-0.11477375030517578,0.0,-2.5488138304845065,7.810726308219552,-1.8060797758350855,5.39441951514845e-05,-0.005962656444697206
47,2,heldout,3,1,0.3490658503988659,0.8052709420007886,3,s,af3726fcacd0ac1320a56ea850b0a2c0f5430cf4eb20a45c078706980f08407e,d24fbe3839599a6a097188bae8cd47ce8083f27deef1341ae3086bf0d5a45bd1,87f63c0590d05baea263cdc42c6e1df2d063fa2def309ecb0283f3036bf33d46,87f63c0590d05baea263cdc42c6e1df2d063fa2def309ecb0283f3036bf33d46,1787977975.665328,36559.534,18279824,0,0.9584569931030273,1.0416193008422852,1.0477228164672852,0.00171661376953125,-0.00324249267578125,0.00476837158203125,0.0073261260986328125,-0.0024423599243164062,0.20268630981445312,-0.0073261260986328125,0.0073261260986328125,-0.0073261260986328125,-0.07570171356201172,-2.24957275390625,9.210254669189453,-1.9316234588623047,0.10012245178222656,-0.11477375030517578,0.0,-2.5469269921605853,7.808839469895631,-1.8058079474591384,6.530080129722669e-05,-0.005962736361067263
47,2,heldout,3,1,0.3490658503988659,0.8073167289985577,3,s,af3726fcacd0ac1320a56ea850b0a2c0f5430cf4eb20a45c078706980f08407e,d24fbe3839599a6a097188bae8cd47ce8083f27deef1341ae3086bf0d5a45bd1,87f63c0590d05baea263cdc42c6e1df2d063fa2def309ecb0283f3036bf33d46,87f63c0590d05baea263cdc42c6e1df2d063fa2def309ecb0283f3036bf33d46,1787977975.6672575,36559.536,18279825,0,0.9584569931030273,1.0416193008422852,1.0488672256469727,0.00171661376953125,-0.00324249267578125,0.00476837158203125,0.0073261260986328125,-0.0024423599243164062,0.20268630981445312,-0.0073261260986328125,-0.0073261260986328125,-0.0073261260986328125,-0.07570171356201172,-2.24957275390625,9.237606048583984,-1.9267396926879883,0.10012245178222656,-0.11477375030517578,0.0,-2.5440882125013036,7.806000690236347,-1.8053982340976131,8.233563718122024e-05,-0.005962849727916123
47,2,heldout,3,1,0.3490658503988659,0.8092417379957624,3,s,af3726fcacd0ac1320a56ea850b0a2c0f5430cf4eb20a45c078706980f08407e,d24fbe3839599a6a097188bae8cd47ce8083f27deef1341ae3086bf0d5a45bd1,87f63c0590d05baea263cdc42c6e1df2d063fa2def309ecb0283f3036bf33d46,87f63c0590d05baea263cdc42c6e1df2d063fa2def309ecb0283f3036bf33d46,1787977975.6692102,36559.538,18279826,0,0.9584569931030273,1.0416193008422852,1.0496301651000977,0.00209808349609375,-0.00324249267578125,0.00476837158203125,0.0073261260986328125,-0.0024423599243164062,0.20268630981445312,0.0073261260986328125,-0.0073261260986328125,-0.0073261260986328125,-0.07570171356201172,-2.24957275390625,9.264957427978516,-1.9316234588623047,0.10012245178222656,-0.11477375030517578,0.0,-2.5423273721731507,7.804239849908196,-1.8052611375105332,8.80138929481235e-05,-0.0059628857814552965
47,2,heldout,3,1,0.3490658503988659,0.811201484000776,3,s,af3726fcacd0ac1320a56ea850b0a2c0f5430cf4eb20a45c078706980f08407e,d24fbe3839599a6a097188bae8cd47ce8083f27deef1341ae3086bf0d5a45bd1,87f63c0590d05baea263cdc42c6e1df2d063fa2def309ecb0283f3036bf33d46,87f63c0590d05baea263cdc42c6e1df2d063fa2def309ecb0283f3036bf33d46,1787977975.6717632,36559.54,18279827,0,0.9584569931030273,1.0416193008422852,1.0503931045532227,0.00209808349609375,-0.00324249267578125,0.00476837158203125,0.0073261260986328125,-0.0024423599243164062,0.19780254364013672,0.0073261260986328125,-0.021978378295898438,-0.0073261260986328125,-0.07570171356201172,-2.24957275390625,9.319656372070312,-1.9365081787109375,0.10012245178222656,-0.11477375030517578,0.0,-2.540425155312691,7.802337633047735,-1.8049861562561613,9.937036523251394e-05,-0.005962955285386301
47,2,heldout,3,1,0.3490658503988659,0.8137711620001937,3,s,af3726fcacd0ac1320a56ea850b0a2c0f5430cf4eb20a45c078706980f08407e,d24fbe3839599a6a097188bae8cd47ce8083f27deef1341ae3086bf0d5a45bd1,87f63c0590d05baea263cdc42c6e1df2d063fa2def309ecb0283f3036bf33d46,87f63c0590d05baea263cdc42c6e1df2d063fa2def309ecb0283f3036bf33d46,1787977975.6737473,36559.542,18279828,0,0.9584569931030273,1.0416193008422852,1.0511560440063477,0.00171661376953125,-0.00324249267578125,0.00476837158203125,-0.021978378295898438,-0.0024423599243164062,0.19780254364013672,0.0073261260986328125,-0.0073261260986328125,-0.0073261260986328125,-0.07570171356201172,-2.24957275390625,9.333332061767578,-1.941391944885254,0.10500621795654297,-0.11477375030517578,0.0,-2.538379987007065,7.8002924647421095,-1.8045717144744686,0.00011640496314120113,-0.005963053033339544
47,2,heldout,3,1,0.3490658503988659,0.8157329039968317,3,s,af3726fcacd0ac1320a56ea850b0a2c0f5430cf4eb20a45c078706980f08407e,d24fbe3839599a6a097188bae8cd47ce8083f27deef1341ae3086bf0d5a45bd1,87f63c0590d05baea263cdc42c6e1df2d063fa2def309ecb0283f3036bf33d46,87f63c0590d05baea263cdc42c6e1df2d063fa2def309ecb0283f3036bf33d46,1787977975.6756968,36559.544,18279829,0,0.9584569931030273,1.0416193008422852,1.0519189834594727,0.00171661376953125,-0.00324249267578125,0.00476837158203125,-0.0073261260986328125,-0.0024423599243164062,0.19780254364013672,-0.021978378295898438,-0.0073261260986328125,-0.0073261260986328125,-0.07570171356201172,-2.24957275390625,9.347007751464844,-1.9462757110595703,0.10500621795654297,-0.11477375030517578,0.0,-2.536468162961149,7.798380640696194,-1.8042941069211207,0.00012776127842837915,-0.00596311385995755
47,2,heldout,3,1,0.3490658503988659,0.8176808299976983,3,s,af3726fcacd0ac1320a56ea850b0a2c0f5430cf4eb20a45c078706980f08407e,d24fbe3839599a6a097188bae8cd47ce8083f27deef1341ae3086bf0d5a45bd1,87f63c0590d05baea263cdc42c6e1df2d063fa2def309ecb0283f3036bf33d46,87f63c0590d05baea263cdc42c6e1df2d063fa2def309ecb0283f3036bf33d46,1787977975.6776645,36559.545999999995,18279830,0,0.9584569931030273,1.0416193008422852,1.0526819229125977,0.00171661376953125,-0.00324249267578125,0.00476837158203125,-0.021978378295898438,-0.0024423599243164062,0.1929178237915039,-0.0073261260986328125,-0.021978378295898438,-0.0073261260986328125,-0.07570171356201172,-2.24957275390625,9.305984497070312,-1.941391944885254,0.10500621795654297,-0.11477375030517578,0.0,-2.534551799660497,7.796464277395541,-1.8040154491304279,0.00013911751934871151,-0.005963171215586629
47,2,heldout,3,1,0.3490658503988659,0.8196508229957544,3,s,af3726fcacd0ac1320a56ea850b0a2c0f5430cf4eb20a45c078706980f08407e,d24fbe3839599a6a097188bae8cd47ce8083f27deef1341ae3086bf0d5a45bd1,87f63c0590d05baea263cdc42c6e1df2d063fa2def309ecb0283f3036bf33d46,87f63c0590d05baea263cdc42c6e1df2d063fa2def309ecb0283f3036bf33d46,1787977975.680036,36559.547999999995,18279831,0,0.9584569931030273,1.0416193008422852,1.0534448623657227,0.00171661376953125,-0.00324249267578125,0.00476837158203125,0.0073261260986328125,-0.0024423599243164062,0.20268630981445312,-0.0073261260986328125,-0.0073261260986328125,-0.0073261260986328125,-0.07570171356201172,-2.24957275390625,9.210254669189453,-1.9365081787109375,0.10500621795654297,-0.11477375030517578,0.0,-2.5326308982205723,7.794543375955617,-1.8037357412645911,0.00015047367929199172,-0.005963225100193397
47,2,heldout,3,1,0.3490658503988659,0.8220292889964185,3,s,af3726fcacd0ac1320a56ea850b0a2c0f5430cf4eb20a45c078706980f08407e,d24fbe3839599a6a097188bae8cd47ce8083f27deef1341ae3086bf0d5a45bd1,87f63c0590d05baea263cdc42c6e1df2d063fa2def309ecb0283f3036bf33d46,87f63c0590d05baea263cdc42c6e1df2d063fa2def309ecb0283f3036bf33d46,1787977975.6814702,36559.549999999996,18279832,0,0.9584569931030273,1.0416193008422852,1.0545892715454102,0.00171661376953125,-0.00324249267578125,0.00476837158203125,-0.0073261260986328125,-0.0024423599243164062,0.20757007598876953,-0.0073261260986328125,0.0073261260986328125,-0.0073261260986328125,-0.07570171356201172,-2.24957275390625,9.14188003540039,-1.9365081787109375,0.10500621795654297,-0.11477375030517578,0.0,-2.5297410394961477,7.791653517231193,-1.8033142109312565,0.00016750775291524475,-0.005963299418868652
47,2,heldout,3,1,0.3490658503988659,0.8234559150005225,3,s,af3726fcacd0ac1320a56ea850b0a2c0f5430cf4eb20a45c078706980f08407e,d24fbe3839599a6a097188bae8cd47ce8083f27deef1341ae3086bf0d5a45bd1,87f63c0590d05baea263cdc42c6e1df2d063fa2def309ecb0283f3036bf33d46,87f63c0590d05baea263cdc42c6e1df2d063fa2def309ecb0283f3036bf33d46,1787977975.6834033,36559.551999999996,18279833,0,0.9584569931030273,1.0416193008422852,1.0553522109985352,0.00171661376953125,-0.00324249267578125,0.00476837158203125,-0.0073261260986328125,-0.0024423599243164062,0.21733856201171875,-0.0073261260986328125,-0.0073261260986328125,-0.0073261260986328125,-0.07570171356201172,-2.24957275390625,9.100852966308594,-1.9316234588623047,0.10500621795654297,-0.11477375030517578,0.0,-2.5278087976055637,7.789721275340607,-1.8030318785911945,0.00017886368149658548,-0.005963344625786834
47,2,heldout,3,1,0.3490658503988659,0.8253826649961411,3,s,af3726fcacd0ac1320a56ea850b0a2c0f5430cf4eb20a45c078706980f08407e,d24fbe3839599a6a097188bae8cd47ce8083f27deef1341ae3086bf0d5a45bd1,87f63c0590d05baea263cdc42c6e1df2d063fa2def309ecb0283f3036bf33d46,87f63c0590d05baea263cdc42c6e1df2d063fa2def309ecb0283f3036bf33d46,1787977975.685324,36559.554,18279834,0,0.9584569931030273,1.0416193008422852,1.0561151504516602,0.00171661376953125,-0.00324249267578125,0.00476837158203125,-0.0073261260986328125,-0.0024423599243164062,0.21733856201171875,-0.0073261260986328125,-0.0073261260986328125,-0.0073261260986328125,-0.07570171356201172,-2.24957275390625,9.264957427978516,-1.9267396926879883,0.10012245178222656,-0.11477375030517578,0.0,-2.525872021500654,7.787784499235699,-1.8027484967485015,0.0001902195059655695,-0.0059633863615817665
47,2,heldout,3,1,0.3490658503988659,0.8273045189998811,3,s,af3726fcacd0ac1320a56ea850b0a2c0f5430cf4eb20a45c078706980f08407e,d24fbe3839599a6a097188bae8cd47ce8083f27deef1341ae3086bf0d5a45bd1,87f63c0590d05baea263cdc42c6e1df2d063fa2def309ecb0283f3036bf33d46,87f63c0590d05baea263cdc42c6e1df2d063fa2def309ecb0283f3036bf33d46,1787977975.6873157,36559.556,18279835,0,0.9584569931030273,1.0416193008422852,1.0568780899047852,0.00171661376953125,-0.00324249267578125,0.00476837158203125,-0.0073261260986328125,-0.0024423599243164062,0.20757007598876953,-0.021978378295898438,-0.0073261260986328125,-0.0073261260986328125,-0.07570171356201172,-2.24957275390625,9.223930358886719,-1.9218559265136719,0.10012245178222656,-0.11477375030517578,0.0,-2.5239307123087724,7.785843190043815,-1.802464065568127,0.00020157521971222875,-0.005963424626229153
47,2,heldout,3,1,0.3490658503988659,0.8293096099951072,3,s,af3726fcacd0ac1320a56ea850b0a2c0f5430cf4eb20a45c078706980f08407e,d24fbe3839599a6a097188bae8cd47ce8083f27deef1341ae3086bf0d5a45bd1,87f63c0590d05baea263cdc42c6e1df2d063fa2def309ecb0283f3036bf33d46,87f63c0590d05baea263cdc42c6e1df2d063fa2def309ecb0283f3036bf33d46,1787977975.689298,36559.558,18279836,0,0.9584569931030273,1.0416193008422852,1.0576410293579102,0.00171661376953125,-0.00324249267578125,0.00476837158203125,-0.021978378295898438,-0.0024423599243164062,0.20268630981445312,-0.03663063049316406,-0.0073261260986328125,-0.0073261260986328125,-0.07570171356201172,-2.2358970642089844,9.237606048583984,-1.9218559265136719,0.10012245178222656,-0.11477375030517578,0.0,-2.521984871159906,7.78389734889495,-1.802178585215633,0.00021293081612667588,-0.005963459419706727
47,2,heldout,3,1,0.3490658503988659,0.8312871419984731,3,s,af3726fcacd0ac1320a56ea850b0a2c0f5430cf4eb20a45c078706980f08407e,d24fbe3839599a6a097188bae8cd47ce8083f27deef1341ae3086bf0d5a45bd1,87f63c0590d05baea263cdc42c6e1df2d063fa2def309ecb0283f3036bf33d46,87f63c0590d05baea263cdc42c6e1df2d063fa2def309ecb0283f3036bf33d46,1787977975.6918387,36559.56,18279837,0,0.9584569931030273,1.0416193008422852,1.0584039688110352,0.00171661376953125,-0.00324249267578125,0.00476837158203125,0.0073261260986328125,-0.0024423599243164062,0.1929178237915039,-0.021978378295898438,-0.021978378295898438,-0.0073261260986328125,-0.08058643341064453,-2.2222213745117188,9.210254669189453,-1.9120874404907227,0.10012245178222656,-0.11477375030517578,0.0,-2.5200344991866843,7.781946976921729,-1.801892055857189,0.00022428628859908061,-0.005963490741994229
47,2,heldout,3,1,0.3490658503988659,0.833843774998968,3,s,af3726fcacd0ac1320a56ea850b0a2c0f5430cf4eb20a45c078706980f08407e,d24fbe3839599a6a097188bae8cd47ce8083f27deef1341ae3086bf0d5a45bd1,87f63c0590d05baea263cdc42c6e1df2d063fa2def309ecb0283f3036bf33d46,87f63c0590d05baea263cdc42c6e1df2d063fa2def309ecb0283f3036bf33d46,1787977975.6932495,36559.562,18279838,0,0.9584569931030273,1.0416193008422852,1.0591669082641602,0.00171661376953125,-0.00324249267578125,0.00476837158203125,-0.0073261260986328125,-0.0024423599243164062,0.19780254364013672,-0.03663063049316406,-0.0073261260986328125,-0.0073261260986328125,-0.08058643341064453,-2.2222213745117188,9.155555725097656,-1.9072036743164062,0.10012245178222656,-0.11477375030517578,0.0,-2.518079597524372,7.779992075259416,-1.801604477659578,0.0002356416305196915,-0.005963518593073428
47,2,heldout,3,1,0.3490658503988659,0.8352385489997687,3,s,af3726fcacd0ac1320a56ea850b0a2c0f5430cf4eb20a45c078706980f08407e,d24fbe3839599a6a097188bae8cd47ce8083f27deef1341ae3086bf0d5a45bd1,87f63c0590d05baea263cdc42c6e1df2d063fa2def309ecb0283f3036bf33d46,87f63c0590d05baea263cdc42c6e1df2d063fa2def309ecb0283f3036bf33d46,1787977975.6958501,36559.564,18279839,0,0.9584569931030273,1.0416193008422852,1.0603113174438477,0.00171661376953125,-0.00324249267578125,0.00476837158203125,-0.0073261260986328125,-0.0024423599243164062,0.19780254364013672,-0.021978378295898438,0.0073261260986328125,-0.0073261260986328125,-0.08058643341064453,-2.2222213745117188,9.14188003540039,-1.9023199081420898,0.10012245178222656,-0.11477375030517578,0.0,-2.5151387543537482,7.777051232088794,-1.8011711441560623,0.00025267438415733684,-0.005963553861141755
47,2,heldout,3,1,0.3490658503988659,0.8378431319943047,3,s,af3726fcacd0ac1320a56ea850b0a2c0f5430cf4eb20a45c078706980f08407e,d24fbe3839599a6a097188bae8cd47ce8083f27deef1341ae3086bf0d5a45bd1,87f63c0590d05baea263cdc42c6e1df2d063fa2def309ecb0283f3036bf33d46,87f63c0590d05baea263cdc42c6e1df2d063fa2def309ecb0283f3036bf33d46,1787977975.6972744,36559.566,18279840,0,0.9584569931030273,1.0416193008422852,1.0610742568969727,0.00171661376953125,-0.00324249267578125,0.00476837158203125,-0.0073261260986328125,-0.0024423599243164062,0.20757007598876953,-0.021978378295898438,-0.021978378295898438,-0.0073261260986328125,-0.08058643341064453,-2.2222213745117188,9.087181091308594,-1.9023199081420898,0.10012245178222656,-0.11477375030517578,0.0,-2.5131725334528032,7.775085011187847,-1.800880944594211,0.0002640293707812872,-0.0059635730341336965
47,2,heldout,3,1,0.3490658503988659,0.839268406998599,3,s,af3726fcacd0ac1320a56ea850b0a2c0f5430cf4eb20a45c078706980f08407e,d24fbe3839599a6a097188bae8cd47ce8083f27deef1341ae3086bf0d5a45bd1,87f63c0590d05baea263cdc42c6e1df2d063fa2def309ecb0283f3036bf33d46,87f63c0590d05baea263cdc42c6e1df2d063fa2def309ecb0283f3036bf33d46,1787977975.699778,36559.568,18279841,0,0.9584569931030273,1.0416193008422852,1.0618371963500977,0.00171661376953125,-0.00324249267578125,0.00476837158203125,-0.021978378295898438,-0.0024423599243164062,0.21245384216308594,-0.021978378295898438,-0.0073261260986328125,-0.0073261260986328125,-0.08058643341064453,-2.2358970642089844,9.128204345703125,-1.8974361419677734,0.10012245178222656,-0.11477375030517578,0.0,-2.511201786856961,7.773114264592006,-1.800589696781738,0.0002753842037199272,-0.005963588735869439
47,2,heldout,3,1,0.3490658503988659,0.8417563209950458,3,s,af3726fcacd0ac1320a56ea850b0a2c0f5430cf4eb20a45c078706980f08407e,d24fbe3839599a6a097188bae8cd47ce8083f27deef1341ae3086bf0d5a45bd1,87f63c0590d05baea263cdc42c6e1df2d063fa2def309ecb0283f3036bf33d46,87f63c0590d05baea263cdc42c6e1df2d063fa2def309ecb0283f3036bf33d46,1787977975.7011442,36559.57,18279842,0,0.9584569931030273,1.0416193008422852,1.0629816055297852,0.00133514404296875,-0.00324249267578125,0.00476837158203125,-0.021978378295898438,-0.0024423599243164062,0.22222232818603516,-0.021978378295898438,-0.0073261260986328125,-0.0073261260986328125,-0.07570171356201172,-2.2222213745117188,9.128204345703125,-1.8974361419677734,0.10500621795654297,-0.11477375030517578,0.0,-2.5080903809148407,7.770002858649885,-1.8000040570836462,0.000298093382103828,-0.005963609725537775
47,2,heldout,3,1,0.3490658503988659,0.8431278439966263,3,s,af3726fcacd0ac1320a56ea850b0a2c0f5430cf4eb20a45c078706980f08407e,d24fbe3839599a6a097188bae8cd47ce8083f27deef1341ae3086bf0d5a45bd1,87f63c0590d05baea263cdc42c6e1df2d063fa2def309ecb0283f3036bf33d46,87f63c0590d05baea263cdc42c6e1df2d063fa2def309ecb0283f3036bf33d46,1787977975.7036347,36559.572,18279843,0,0.9584569931030273,1.0416193008422852,1.0637445449829102,0.00133514404296875,-0.00324249267578125,0.00476837158203125,-0.0073261260986328125,-0.0024423599243164062,0.22222232818603516,-0.0073261260986328125,0.0073261260986328125,-0.0073261260986328125,-0.07570171356201172,-2.2222213745117188,9.11452865600586,-1.8974361419677734,0.10500621795654297,-0.10988998413085938,0.0,-2.506107801257462,7.768020278992506,-1.799709665538916,0.0003094477143306077,-0.005963615013458157
47,2,heldout,3,1,0.3490658503988659,0.8456176459949347,3,s,af3726fcacd0ac1320a56ea850b0a2c0f5430cf4eb20a45c078706980f08407e,d24fbe3839599a6a097188bae8cd47ce8083f27deef1341ae3086bf0d5a45bd1,87f63c0590d05baea263cdc42c6e1df2d063fa2def309ecb0283f3036bf33d46,87f63c0590d05baea263cdc42c6e1df2d063fa2def309ecb0283f3036bf33d46,1787977975.705539,36559.574,18279844,0,0.9584569931030273,1.0416193008422852,1.0645074844360352,0.00133514404296875,-0.00324249267578125,0.00476837158203125,-0.0073261260986328125,-0.0024423599243164062,0.22222232818603516,-0.0073261260986328125,-0.0073261260986328125,-0.0073261260986328125,-0.08058643341064453,-2.2222213745117188,9.100852966308594,-1.8974361419677734,0.10012245178222656,-0.11477375030517578,0.0,-2.5041207000173995,7.766033177752444,-1.7994142264253372,0.0003208018664351205,-0.005963616830097901
47,2,heldout,3,1,0.3490658503988659,0.8475172899998142,3,s,af3726fcacd0ac1320a56ea850b0a2c0f5430cf4eb20a45c078706980f08407e,d24fbe3839599a6a097188bae8cd47ce8083f27deef1341ae3086bf0d5a45bd1,87f63c0590d05baea263cdc42c6e1df2d063fa2def309ecb0283f3036bf33d46,87f63c0590d05baea263cdc42c6e1df2d063fa2def309ecb0283f3036bf33d46,1787977975.7074814,36559.576,18279845,0,0.9584569931030273,1.0416193008422852,1.0652704238891602,0.00133514404296875,-0.00324249267578125,0.00476837158203125,-0.0073261260986328125,-0.0024423599243164062,0.21245384216308594,-0.021978378295898438,-0.021978378295898438,-0.0073261260986328125,-0.08058643341064453,-2.2222213745117188,9.073505401611328,-1.8974361419677734,0.10012245178222656,-0.11477375030517578,0.0,-2.502129078351295,7.76404155608634,-1.7991177399148763,0.0003321558318083815,-0.005963615175455949
47,2,heldout,3,1,0.3490658503988659,0.8494714579937863,3,s,af3726fcacd0ac1320a56ea850b0a2c0f5430cf4eb20a45c078706980f08407e,d24fbe3839599a6a097188bae8cd47ce8083f27deef1341ae3086bf0d5a45bd1,87f63c0590d05baea263cdc42c6e1df2d063fa2def309ecb0283f3036bf33d46,87f63c0590d05baea263cdc42c6e1df2d063fa2def309ecb0283f3036bf33d46,1787977975.7100296,36559.578,18279846,0,0.9584569931030273,1.0416193008422852,1.0664148330688477,0.00171661376953125,-0.00324249267578125,0.00476837158203125,-0.021978378295898438,-0.0024423599243164062,0.21245384216308594,0.0073261260986328125,-0.0073261260986328125,-0.0073261260986328125,-0.08058643341064453,-2.208547592163086,9.087181091308594,-1.9023199081420898,0.10500621795654297,-0.11477375030517578,0.0,-2.4992823321123505,7.761194809847393,-1.7988202061801128,0.0003435096038415091,-0.005963610049533264
47,2,heldout,3,1,0.3490658503988659,0.8520192979995045,3,s,af3726fcacd0ac1320a56ea850b0a2c0f5430cf4eb20a45c078706980f08407e,d24fbe3839599a6a097188bae8cd47ce8083f27deef1341ae3086bf0d5a45bd1,87f63c0590d05baea263cdc42c6e1df2d063fa2def309ecb0283f3036bf33d46,87f63c0590d05baea263cdc42c6e1df2d063fa2def309ecb0283f3036bf33d46,1787977975.7114103,36559.58,18279847,0,0.9584569931030273,1.0416193008422852,1.0671777725219727,0.00133514404296875,-0.00324249267578125,0.00476837158203125,0.0073261260986328125,-0.0024423599243164062,0.21733856201171875,-0.021978378295898438,-0.0073261260986328125,-0.0073261260986328125,-0.08058643341064453,-2.208547592163086,9.005126953125,-1.9023199081420898,0.10500621795654297,-0.11477375030517578,0.0,-2.4971302549363403,7.759042732671384,-1.7983719424114162,0.00036053988492181714,-0.0059635958520049505
47,2,heldout,3,1,0.3490658503988659,0.853412334996392,3,s,af3726fcacd0ac1320a56ea850b0a2c0f5430cf4eb20a45c078706980f08407e,d24fbe3839599a6a097188bae8cd47ce8083f27deef1341ae3086bf0d5a45bd1,87f63c0590d05baea263cdc42c6e1df2d063fa2def309ecb0283f3036bf33d46,87f63c0590d05baea263cdc42c6e1df2d063fa2def309ecb0283f3036bf33d46,1787977975.7133636,36559.581999999995,18279848,0,0.9584569931030273,1.0416193008422852,1.0683221817016602,0.00133514404296875,-0.00324249267578125,0.00476837158203125,0.0073261260986328125,-0.0024423599243164062,0.22222232818603516,-0.0073261260986328125,-0.0073261260986328125,-0.0073261260986328125,-0.08058643341064453,-2.208547592163086,8.923076629638672,-1.9023199081420898,0.10500621795654297,-0.11477375030517578,0.0,-2.4941174106514716,7.756029888386516,-1.7979213233649312,0.00037756969381304886,-0.005963573844120774
47,2,heldout,3,1,0.3490658503988659,0.8553488449979341,3,s,af3726fcacd0ac1320a56ea850b0a2c0f5430cf4eb20a45c078706980f08407e,d24fbe3839599a6a097188bae8cd47ce8083f27deef1341ae3086bf0d5a45bd1,87f63c0590d05baea263cdc42c6e1df2d063fa2def309ecb0283f3036bf33d46,87f63c0590d05baea263cdc42c6e1df2d063fa2def309ecb0283f3036bf33d46,1787977975.7152896,36559.583999999995,18279849,0,0.9584569931030273,1.0416193008422852,1.0690851211547852,0.00171661376953125,-0.00324249267578125,0.00476837158203125,-0.0073261260986328125,-0.0024423599243164062,0.22710609436035156,0.0073261260986328125,-0.0073261260986328125,-0.0073261260986328125,-0.08058643341064453,-2.208547592163086,8.950428009033203,-1.9023199081420898,0.10500621795654297,-0.11477375030517578,0.0,-2.4922541955489455,7.754166673283991,-1.7977705937229531,0.0003832461879909484,-0.00596356477252943
47,2,heldout,3,1,0.3490658503988659,0.8572781589973602,3,s,af3726fcacd0ac1320a56ea850b0a2c0f5430cf4eb20a45c078706980f08407e,d24fbe3839599a6a097188bae8cd47ce8083f27deef1341ae3086bf0d5a45bd1,87f63c0590d05baea263cdc42c6e1df2d063fa2def309ecb0283f3036bf33d46,87f63c0590d05baea263cdc42c6e1df2d063fa2def309ecb0283f3036bf33d46,1787977975.717226,36559.585999999996,18279850,0,0.9584569931030273,1.0416193008422852,1.0698480606079102,0.00133514404296875,-0.00324249267578125,0.00476837158203125,-0.0073261260986328125,-0.0024423599243164062,0.23198986053466797,-0.0073261260986328125,-0.021978378295898438,-0.0073261260986328125,-0.08058643341064453,-2.208547592163086,8.89572525024414,-1.9072036743164062,0.10500621795654297,-0.11477375030517578,0.0,-2.4900844845114256,7.751996962246469,-1.7973168352246476,0.0004002753326025775,-0.005963532350884035
47,2,heldout,3,1,0.3490658503988659,0.8592129399985424,3,s,af3726fcacd0ac1320a56ea850b0a2c0f5430cf4eb20a45c078706980f08407e,d24fbe3839599a6a097188bae8cd47ce8083f27deef1341ae3086bf0d5a45bd1,87f63c0590d05baea263cdc42c6e1df2d063fa2def309ecb0283f3036bf33d46,87f63c0590d05baea263cdc42c6e1df2d063fa2def309ecb0283f3036bf33d46,1787977975.7191772,36559.587999999996,18279851,0,0.9584569931030273,1.0416193008422852,1.0709924697875977,0.00171661376953125,-0.00324249267578125,0.00476837158203125,-0.0073261260986328125,-0.0024423599243164062,0.23198986053466797,0.0073261260986328125,-0.0073261260986328125,-0.0073261260986328125,-0.08058643341064453,-2.1948719024658203,8.89572525024414,-1.9072036743164062,0.10500621795654297,-0.11477375030517578,0.0,-2.4872002436932585,7.749112721428302,-1.797013021802333,0.00041162780581506807,-0.005963506397410343
47,2,heldout,3,1,0.3490658503988659,0.8611632819956867,3,s,af3726fcacd0ac1320a56ea850b0a2c0f5430cf4eb20a45c078706980f08407e,d24fbe3839599a6a097188bae8cd47ce8083f27deef1341ae3086bf0d5a45bd1,87f63c0590d05baea263cdc42c6e1df2d063fa2def309ecb0283f3036bf33d46,87f63c0590d05baea263cdc42c6e1df2d063fa2def309ecb0283f3036bf33d46,1787977975.721677,36559.59,18279852,0,0.9584569931030273,1.0416193008422852,1.0717554092407227,0.00133514404296875,-0.00324249267578125,0.00476837158203125,-0.021978378295898438,-0.0024423599243164062,0.22710609436035156,-0.021978378295898438,-0.0073261260986328125,-0.0073261260986328125,-0.08058643341064453,-2.208547592163086,8.909400939941406,-1.9072036743164062,0.10500621795654297,-0.11477375030517578,0.0,-2.485017946505083,7.746930424240127,-1.7965553404757986,0.00042865606432089,-0.005963460958672428
47,2,heldout,3,1,0.3490658503988659,0.8636571489987546,3,s,af3726fcacd0ac1320a56ea850b0a2c0f5430cf4eb20a45c078706980f08407e,d24fbe3839599a6a097188bae8cd47ce8083f27deef1341ae3086bf0d5a45bd1,87f63c0590d05baea263cdc42c6e1df2d063fa2def309ecb0283f3036bf33d46,87f63c0590d05baea263cdc42c6e1df2d063fa2def309ecb0283f3036bf33d46,1787977975.723591,36559.592,18279853,0,0.9584569931030273,1.0416193008422852,1.0728998184204102,0.00171661376953125,-0.00324249267578125,0.00476837158203125,-0.0073261260986328125,-0.0024423599243164062,0.22710609436035156,0.0073261260986328125,-0.0073261260986328125,-0.0073261260986328125,-0.08058643341064453,-2.1948719024658203,8.964103698730469,-1.9072036743164062,0.10500621795654297,-0.11477375030517578,0.0,-2.4821181007382633,7.744030578473307,-1.7962489123884058,0.0004400079261464067,-0.005963426327187944
47,2,heldout,3,1,0.3490658503988659,0.865575247000379,3,s,af3726fcacd0ac1320a56ea850b0a2c0f5430cf4eb20a45c078706980f08407e,d24fbe3839599a6a097188bae8cd47ce8083f27deef1341ae3086bf0d5a45bd1,87f63c0590d05baea263cdc42c6e1df2d063fa2def309ecb0283f3036bf33d46,87f63c0590d05baea263cdc42c6e1df2d063fa2def309ecb0283f3036bf33d46,1787977975.725659,36559.594,18279854,0,0.9584569931030273,1.0416193008422852,1.0736627578735352,0.00133514404296875,-0.00324249267578125,0.00476837158203125,-0.0073261260986328125,-0.0024423599243164062,0.22222232818603516,-0.021978378295898438,-0.0073261260986328125,-0.0073261260986328125,-0.08058643341064453,-2.1948719024658203,8.977779388427734,-1.9023199081420898,0.10500621795654297,-0.11477375030517578,0.0,-2.479923225338577,7.7418357030736225,-1.7957873098986754,0.0004570352365980002,-0.005963367871522811
47,2,heldout,3,1,0.3490658503988659,0.8676448659971356,3,s,af3726fcacd0ac1320a56ea850b0a2c0f5430cf4eb20a45c078706980f08407e,d24fbe3839599a6a097188bae8cd47ce8083f27deef1341ae3086bf0d5a45bd1,87f63c0590d05baea263cdc42c6e1df2d063fa2def309ecb0283f3036bf33d46,87f63c0590d05baea263cdc42c6e1df2d063fa2def309ecb0283f3036bf33d46,1787977975.727607,36559.596,18279855,0,0.9584569931030273,1.0416193008422852,1.0744256973266602,0.00133514404296875,-0.00324249267578125,0.00476837158203125,-0.0073261260986328125,-0.0024423599243164062,0.22222232818603516,-0.021978378295898438,-0.0073261260986328125,-0.0073261260986328125,-0.07570171356201172,-2.1948719024658203,8.85470199584961,-1.8974361419677734,0.10500621795654297,-0.10988998413085938,0.0,-2.4778774497354106,7.739789927470454,-1.795478268260984,0.0004683864457387183,-0.005963324562153527
47,2,heldout,3,1,0.3490658503988659,0.869593930998235,3,s,af3726fcacd0ac1320a56ea850b0a2c0f5430cf4eb20a45c078706980f08407e,d24fbe3839599a6a097188bae8cd47ce8083f27deef1341ae3086bf0d5a45bd1,87f63c0590d05baea263cdc42c6e1df2d063fa2def309ecb0283f3036bf33d46,87f63c0590d05baea263cdc42c6e1df2d063fa2def309ecb0283f3036bf33d46,1787977975.7295485,36559.598,18279856,0,0.9584569931030273,1.0416193008422852,1.0755701065063477,0.00133514404296875,-0.00324249267578125,0.00476837158203125,-0.0073261260986328125,-0.0024423599243164062,0.22222232818603516,-0.0073261260986328125,-0.0073261260986328125,-0.0073261260986328125,-0.07570171356201172,-2.1948719024658203,8.841026306152344,-1.8925514221191406,0.10500621795654297,-0.11477375030517578,0.0,-2.474800339546396,7.73671281728144,-1.7950127462873573,0.00048541274619110636,-0.005963253089773835
47,2,heldout,3,1,0.3490658503988659,0.871535361999122,3,s,af3726fcacd0ac1320a56ea850b0a2c0f5430cf4eb20a45c078706980f08407e,d24fbe3839599a6a097188bae8cd47ce8083f27deef1341ae3086bf0d5a45bd1,87f63c0590d05baea263cdc42c6e1df2d063fa2def309ecb0283f3036bf33d46,87f63c0590d05baea263cdc42c6e1df2d063fa2def309ecb0283f3036bf33d46,1787977975.7315166,36559.6,18279857,0,0.9584569931030273,1.0416193008422852,1.0763330459594727,0.00133514404296875,-0.00324249267578125,0.00476837158203125,-0.021978378295898438,-0.0024423599243164062,0.22710609436035156,-0.021978378295898438,0.0073261260986328125,-0.0073261260986328125,-0.08058643341064453,-2.1811962127685547,8.813674926757812,-1.8925514221191406,0.10500621795654297,-0.11477375030517578,0.0,-2.4727433033055664,7.73465578104061,-1.7947010922236541,0.0004967632613515861,-0.005963201102677309
47,2,heldout,3,1,0.3490658503988659,0.8735128539992729,3,s,af3726fcacd0ac1320a56ea850b0a2c0f5430cf4eb20a45c078706980f08407e,d24fbe3839599a6a097188bae8cd47ce8083f27deef1341ae3086bf0d5a45bd1,87f63c0590d05baea263cdc42c6e1df2d063fa2def309ecb0283f3036bf33d46,87f63c0590d05baea263cdc42c6e1df2d063fa2def309ecb0283f3036bf33d46,1787977975.733428,36559.602,18279858,0,0.9584569931030273,1.0416193008422852,1.0774774551391602,0.00133514404296875,-0.00324249267578125,0.00476837158203125,-0.0073261260986328125,-0.0024423599243164062,0.22710609436035156,-0.03663063049316406,0.0073261260986328125,-0.0073261260986328125,-0.07570171356201172,-2.1948719024658203,8.85470199584961,-1.8876676559448242,0.10500621795654297,-0.10988998413085938,0.0,-2.469649307765479,7.731561785500523,-1.79423165245969,0.0005137884898634674,-0.005963116613843075
47,2,heldout,3,1,0.3490658503988659,0.8754062410007464,3,s,af3726fcacd0ac1320a56ea850b0a2c0f5430cf4eb20a45c078706980f08407e,d24fbe3839599a6a097188bae8cd47ce8083f27deef1341ae3086bf0d5a45bd1,87f63c0590d05baea263cdc42c6e1df2d063fa2def309ecb0283f3036bf33d46,87f63c0590d05baea263cdc42c6e1df2d063fa2def309ecb0283f3036bf33d46,1787977975.7353585,36559.604,18279859,0,0.9584569931030273,1.0416193008422852,1.0782403945922852,0.00133514404296875,-0.00324249267578125,0.00476837158203125,0.0073261260986328125,-0.0024423599243164062,0.22710609436035156,-0.03663063049316406,-0.0073261260986328125,-0.0073261260986328125,-0.07570171356201172,-2.1811962127685547,8.882049560546875,-1.8827838897705078,0.10012245178222656,-0.11477375030517578,0.0,-2.46758101837044,7.729493496105484,-1.7939173871037648,0.0005251382697507862,-0.005963055949208435
47,2,heldout,3,1,0.3490658503988659,0.8773403439990943,3,s,af3726fcacd0ac1320a56ea850b0a2c0f5430cf4eb20a45c078706980f08407e,d24fbe3839599a6a097188bae8cd47ce8083f27deef1341ae3086bf0d5a45bd1,87f63c0590d05baea263cdc42c6e1df2d063fa2def309ecb0283f3036bf33d46,87f63c0590d05baea263cdc42c6e1df2d063fa2def309ecb0283f3036bf33d46,1787977975.7372556,36559.606,18279860,0,0.9584569931030273,1.0416193008422852,1.0790033340454102,0.00133514404296875,-0.00324249267578125,0.00476837158203125,0.0073261260986328125,-0.0024423599243164062,0.22222232818603516,-0.03663063049316406,-0.0073261260986328125,-0.0073261260986328125,-0.07570171356201172,-2.1811962127685547,8.813674926757812,-1.8779001235961914,0.10500621795654297,-0.11477375030517578,0.0,-2.465508229818257,7.727420707553302,-1.793602077550542,0.0005364877439674136,-0.005962991813618575
47,2,heldout,3,1,0.3490658503988659,0.8792342609958723,3,s,af3726fcacd0ac1320a56ea850b0a2c0f5430cf4eb20a45c078706980f08407e,d24fbe3839599a6a097188bae8cd47ce8083f27deef1341ae3086bf0d5a45bd1,87f63c0590d05baea263cdc42c6e1df2d063fa2def309ecb0283f3036bf33d46,87f63c0590d05baea263cdc42c6e1df2d063fa2def309ecb0283f3036bf33d46,1787977975.739802,36559.608,18279861,0,0.9584569931030273,1.0416193008422852,1.0801477432250977,0.00133514404296875,-0.00324249267578125,0.00476837158203125,-0.0073261260986328125,-0.0024423599243164062,0.22710609436035156,-0.021978378295898438,-0.0073261260986328125,-0.0073261260986328125,-0.07570171356201172,-2.1811962127685547,8.813674926757812,-1.8730154037475586,0.10012245178222656,-0.11477375030517578,0.0,-2.4623906137103124,7.724303091445357,-1.7931271557524184,0.0005535113677086665,-0.005962889102274967
47,2,heldout,3,1,0.3490658503988659,0.8817912859958597,3,s,af3726fcacd0ac1320a56ea850b0a2c0f5430cf4eb20a45c078706980f08407e,d24fbe3839599a6a097188bae8cd47ce8083f27deef1341ae3086bf0d5a45bd1,87f63c0590d05baea263cdc42c6e1df2d063fa2def309ecb0283f3036bf33d46,87f63c0590d05baea263cdc42c6e1df2d063fa2def309ecb0283f3036bf33d46,1787977975.7412038,36559.61,18279862,0,0.9584569931030273,1.0416193008422852,1.0809106826782227,0.00133514404296875,-0.00324249267578125,0.00476837158203125,-0.0073261260986328125,-0.0024423599243164062,0.22710609436035156,-0.021978378295898438,-0.0073261260986328125,-0.0073261260986328125,-0.07570171356201172,-2.1811962127685547,8.772647857666016,-1.8730154037475586,0.10012245178222656,-0.11477375030517578,0.0,-2.460306582549522,7.722219060284567,-1.79280923651024,0.0005648600488465697,-0.005962816289464809
47,2,heldout,3,1,0.3490658503988659,0.8831935540001723,3,s,af3726fcacd0ac1320a56ea850b0a2c0f5430cf4eb20a45c078706980f08407e,d24fbe3839599a6a097188bae8cd47ce8083f27deef1341ae3086bf0d5a45bd1,87f63c0590d05baea263cdc42c6e1df2d063fa2def309ecb0283f3036bf33d46,87f63c0590d05baea263cdc42c6e1df2d063fa2def309ecb0283f3036bf33d46,1787977975.7431457,36559.612,18279863,0,0.9584569931030273,1.0416193008422852,1.0820550918579102,0.00133514404296875,-0.00324249267578125,0.00476837158203125,-0.0073261260986328125,-0.0024423599243164062,0.23198986053466797,-0.021978378295898438,-0.0073261260986328125,-0.0073261260986328125,-0.07570171356201172,-2.1811962127685547,8.74530029296875,-1.8681316375732422,0.10012245178222656,-0.11477375030517578,0.0,-2.457172108207756,7.719084585942801,-1.7923304010444585,0.0005818824520045334,-0.005962700562483895
47,2,heldout,3,1,0.3490658503988659,0.8851333209968288,3,s,af3726fcacd0ac1320a56ea850b0a2c0f5430cf4eb20a45c078706980f08407e,d24fbe3839599a6a097188bae8cd47ce8083f27deef1341ae3086bf0d5a45bd1,87f63c0590d05baea263cdc42c6e1df2d063fa2def309ecb0283f3036bf33d46,87f63c0590d05baea263cdc42c6e1df2d063fa2def309ecb0283f3036bf33d46,1787977975.7457342,36559.614,18279864,0,0.9584569931030273,1.0416193008422852,1.0828180313110352,0.00133514404296875,-0.00324249267578125,0.00476837158203125,-0.0073261260986328125,-0.0024423599243164062,0.23198986053466797,-0.0073261260986328125,-0.021978378295898438,-0.0073261260986328125,-0.07570171356201172,-2.167520523071289,8.690597534179688,-1.8730154037475586,0.10012245178222656,-0.10988998413085938,0.0,-2.455076842020017,7.716989319755061,-1.792009873269907,0.0005932302987774657,-0.005962619072718327
47,2,heldout,3,1,0.3490658503988659,0.8877242870003101,3,s,af3726fcacd0ac1320a56ea850b0a2c0f5430cf4eb20a45c078706980f08407e,d24fbe3839599a6a097188bae8cd47ce8083f27deef1341ae3086bf0d5a45bd1,87f63c0590d05baea263cdc42c6e1df2d063fa2def309ecb0283f3036bf33d46,87f63c0590d05baea263cdc42c6e1df2d063fa2def309ecb0283f3036bf33d46,1787977975.7477107,36559.616,18279865,0,0.9584569931030273,1.0416193008422852,1.0839624404907227,0.00133514404296875,-0.00324249267578125,0.00476837158203125,-0.0073261260986328125,-0.0024423599243164062,0.23687458038330078,-0.0073261260986328125,-0.021978378295898438,-0.0073261260986328125,-0.07570171356201172,-2.167520523071289,8.74530029296875,-1.8730154037475586,0.10012245178222656,-0.10988998413085938,0.0,-2.4519255208475825,7.713837998582626,-1.7915271258784617,0.0006102514194250091,-0.005962490330521118
47,2,heldout,3,1,0.3490658503988659,0.8896978089978802,3,s,af3726fcacd0ac1320a56ea850b0a2c0f5430cf4eb20a45c078706980f08407e,d24fbe3839599a6a097188bae8cd47ce8083f27deef1341ae3086bf0d5a45bd1,87f63c0590d05baea263cdc42c6e1df2d063fa2def309ecb0283f3036bf33d46,87f63c0590d05baea263cdc42c6e1df2d063fa2def309ecb0283f3036bf33d46,1787977975.7496605,36559.617999999995,18279866,0,0.9584569931030273,1.0416193008422852,1.0847253799438477,0.00133514404296875,-0.00324249267578125,0.00476837158203125,-0.0073261260986328125,-0.0024423599243164062,0.23198986053466797,-0.021978378295898438,-0.0073261260986328125,-0.0073261260986328125,-0.08058643341064453,-2.167520523071289,8.74530029296875,-1.8779001235961914,0.10500621795654297,-0.10988998413085938,0.0,-2.4498190272554266,7.711731504990471,-1.7912039907376098,0.0006215983905497567,-0.005962400164096599
47,2,heldout,3,1,0.3490658503988659,0.8916479559993604,3,s,af3726fcacd0ac1320a56ea850b0a2c0f5430cf4eb20a45c078706980f08407e,d24fbe3839599a6a097188bae8cd47ce8083f27deef1341ae3086bf0d5a45bd1,87f63c0590d05baea263cdc42c6e1df2d063fa2def309ecb0283f3036bf33d46,87f63c0590d05baea263cdc42c6e1df2d063fa2def309ecb0283f3036bf33d46,1787977975.7516208,36559.619999999995,18279867,0,0.9584569931030273,1.0416193008422852,1.0858697891235352,0.00133514404296875,-0.00324249267578125,0.00476837158203125,0.0073261260986328125,-0.0024423599243164062,0.23198986053466797,-0.021978378295898438,-0.0073261260986328125,-0.0073261260986328125,-0.08058643341064453,-2.167520523071289,8.690597534179688,-1.8730154037475586,0.10500621795654297,-0.10988998413085938,0.0,-2.4466508707167507,7.708563348451795,-1.7907173331767234,0.0006386181667644316,-0.005962258407151459
47,2,heldout,3,1,0.3490658503988659,0.8936208409941173,3,s,af3726fcacd0ac1320a56ea850b0a2c0f5430cf4eb20a45c078706980f08407e,d24fbe3839599a6a097188bae8cd47ce8083f27deef1341ae3086bf0d5a45bd1,87f63c0590d05baea263cdc42c6e1df2d063fa2def309ecb0283f3036bf33d46,87f63c0590d05baea263cdc42c6e1df2d063fa2def309ecb0283f3036bf33d46,1787977975.753554,36559.621999999996,18279868,0,0.9584569931030273,1.0416193008422852,1.0866327285766602,0.00133514404296875,-0.00324249267578125,0.00476837158203125,-0.0073261260986328125,-0.0024423599243164062,0.23198986053466797,-0.021978378295898438,-0.0073261260986328125,-0.0073261260986328125,-0.07570171356201172,-2.167520523071289,8.622222900390625,-1.8730154037475586,0.10500621795654297,-0.11477375030517578,0.0,-2.4445331573835563,7.706445635118602,-1.7903915918451303,0.0006499642209609659,-0.005962159564396011
47,2,heldout,3,1,0.3490658503988659,0.8955359159954241,3,s,af3726fcacd0ac1320a56ea850b0a2c0f5430cf4eb20a45c078706980f08407e,d24fbe3839599a6a097188bae8cd47ce8083f27deef1341ae3086bf0d5a45bd1,87f63c0590d05baea263cdc42c6e1df2d063fa2def309ecb0283f3036bf33d46,87f63c0590d05baea263cdc42c6e1df2d063fa2def309ecb0283f3036bf33d46,1787977975.7555864,36559.623999999996,18279869,0,0.9584569931030273,1.0416193008422852,1.0877771377563477,0.00133514404296875,-0.00324249267578125,0.00476837158203125,-0.0073261260986328125,-0.0024423599243164062,0.2417583465576172,-0.0073261260986328125,0.0073261260986328125,-0.0073261260986328125,-0.08058643341064453,-2.1538467407226562,8.540172576904297,-1.8730154037475586,0.10500621795654297,-0.11477375030517578,0.0,-2.4413481770043286,7.703260654739374,-1.789901025885253,0.0006669825908252039,-0.005962004793218645
47,2,heldout,3,1,0.3490658503988659,0.8975810689953505,3,s,af3726fcacd0ac1320a56ea850b0a2c0f5430cf4eb20a45c078706980f08407e,d24fbe3839599a6a097188bae8cd47ce8083f27deef1341ae3086bf0d5a45bd1,87f63c0590d05baea263cdc42c6e1df2d063fa2def309ecb0283f3036bf33d46,87f63c0590d05baea263cdc42c6e1df2d063fa2def309ecb0283f3036bf33d46,1787977975.7575114,36559.626,18279870,0,0.9584569931030273,1.0416193008422852,1.0885400772094727,0.00133514404296875,-0.00324249267578125,0.00476837158203125,-0.0073261260986328125,-0.0024423599243164062,0.2466421127319336,-0.0073261260986328125,-0.0073261260986328125,-0.0073261260986328125,-0.08058643341064453,-2.1538467407226562,8.526496887207031,-1.8730154037475586,0.10012245178222656,-0.11477375030517578,0.0,-2.4392192516342903,7.701131729369336,-1.789572679547958,0.0006783276868168292,-0.00596189727449186
47,2,heldout,3,1,0.3490658503988659,0.8994937419993221,3,s,af3726fcacd0ac1320a56ea850b0a2c0f5430cf4eb20a45c078706980f08407e,d24fbe3839599a6a097188bae8cd47ce8083f27deef1341ae3086bf0d5a45bd1,87f63c0590d05baea263cdc42c6e1df2d063fa2def309ecb0283f3036bf33d46,87f63c0590d05baea263cdc42c6e1df2d063fa2def309ecb0283f3036bf33d46,1787977975.7594414,36559.628,18279871,0,0.9584569931030273,1.0416193008422852,1.0896844863891602,0.00095367431640625,-0.00324249267578125,0.00476837158203125,0.0073261260986328125,-0.0024423599243164062,0.25152587890625,-0.0073261260986328125,-0.0073261260986328125,-0.0073261260986328125,-0.08058643341064453,-2.1401710510253906,8.553844451904297,-1.8779001235961914,0.10012245178222656,-0.10988998413085938,0.0,-2.435852114087696,7.6977645918227395,-1.788912862060058,0.0007010166876806088,-0.005961671826260546
47,2,heldout,3,1,0.3490658503988659,0.9014259499963373,3,s,af3726fcacd0ac1320a56ea850b0a2c0f5430cf4eb20a45c078706980f08407e,d24fbe3839599a6a097188bae8cd47ce8083f27deef1341ae3086bf0d5a45bd1,87f63c0590d05baea263cdc42c6e1df2d063fa2def309ecb0283f3036bf33d46,87f63c0590d05baea263cdc42c6e1df2d063fa2def309ecb0283f3036bf33d46,1787977975.7613401,36559.63,18279872,0,0.9584569931030273,1.0416193008422852,1.0904474258422852,0.00095367431640625,-0.00324249267578125,0.00476837158203125,-0.0073261260986328125,-0.0024423599243164062,0.2417583465576172,-0.021978378295898438,-0.0073261260986328125,-0.0073261260986328125,-0.07570171356201172,-2.1538467407226562,8.622222900390625,-1.8779001235961914,0.10012245178222656,-0.11477375030517578,0.0,-2.4337114638077337,7.695623941542778,-1.7885813912935165,0.0007123605793460312,-0.005961553896887247
47,2,heldout,3,1,0.3490658503988659,0.903317143995082,3,s,af3726fcacd0ac1320a56ea850b0a2c0f5430cf4eb20a45c078706980f08407e,d24fbe3839599a6a097188bae8cd47ce8083f27deef1341ae3086bf0d5a45bd1,87f63c0590d05baea263cdc42c6e1df2d063fa2def309ecb0283f3036bf33d46,87f63c0590d05baea263cdc42c6e1df2d063fa2def309ecb0283f3036bf33d46,1787977975.7632744,36559.632,18279873,0,0.9584569931030273,1.0416193008422852,1.0915918350219727,0.00095367431640625,-0.00324249267578125,0.00476837158203125,0.0073261260986328125,-0.0024423599243164062,0.22710609436035156,-0.021978378295898438,-0.021978378295898438,-0.0073261260986328125,-0.07570171356201172,-2.1401710510253906,8.676921844482422,-1.8779001235961914,0.10012245178222656,-0.11477375030517578,0.0,-2.4304920898232507,7.692404567558295,-1.7880822331579003,0.0007293756373150191,-0.005961370496447598
47,2,heldout,3,1,0.3490658503988659,0.9052581369978725,3,s,af3726fcacd0ac1320a56ea850b0a2c0f5430cf4eb20a45c078706980f08407e,d24fbe3839599a6a097188bae8cd47ce8083f27deef1341ae3086bf0d5a45bd1,87f63c0590d05baea263cdc42c6e1df2d063fa2def309ecb0283f3036bf33d46,87f63c0590d05baea263cdc42c6e1df2d063fa2def309ecb0283f3036bf33d46,1787977975.7652044,36559.634,18279874,0,0.9584569931030273,1.0416193008422852,1.0923547744750977,0.00095367431640625,-0.00324249267578125,0.00476837158203125,-0.0073261260986328125,-0.0024423599243164062,0.22222232818603516,-0.021978378295898438,-0.021978378295898438,-0.0073261260986328125,-0.07570171356201172,-2.1401710510253906,8.60854721069336,-1.8730154037475586,0.10012245178222656,-0.11477375030517578,0.0,-2.4283402432791035,7.690252721014147,-1.7877481600260972,0.0007407184799792929,-0.005961243892005153
47,2,heldout,3,1,0.3490658503988659,0.9071863139979541,3,s,af3726fcacd0ac1320a56ea850b0a2c0f5430cf4eb20a45c078706980f08407e,d24fbe3839599a6a097188bae8cd47ce8083f27deef1341ae3086bf0d5a45bd1,87f63c0590d05baea263cdc42c6e1df2d063fa2def309ecb0283f3036bf33d46,87f63c0590d05baea263cdc42c6e1df2d063fa2def309ecb0283f3036bf33d46,1787977975.767738,36559.636,18279875,0,0.9584569931030273,1.0416193008422852,1.0934991836547852,0.00095367431640625,-0.00324249267578125,0.00476837158203125,-0.0073261260986328125,-0.0024423599243164062,0.22710609436035156,-0.0073261260986328125,-0.0073261260986328125,-0.0073261260986328125,-0.07570171356201172,-2.1401710510253906,8.553844451904297,-1.8730154037475586,0.10012245178222656,-0.11477375030517578,0.0,-2.425104080762495,7.68701655849754,-1.787245099252445,0.0007577319334971223,-0.005961047479301699
47,2,heldout,3,1,0.3490658503988659,0.9097249759943224,3,s,af3726fcacd0ac1320a56ea850b0a2c0f5430cf4eb20a45c078706980f08407e,d24fbe3839599a6a097188bae8cd47ce8083f27deef1341ae3086bf0d5a45bd1,87f63c0590d05baea263cdc42c6e1df2d063fa2def309ecb0283f3036bf33d46,87f63c0590d05baea263cdc42c6e1df2d063fa2def309ecb0283f3036bf33d46,1787977975.7697897,36559.638,18279876,0,0.9584569931030273,1.0416193008422852,1.0942630767822266,0.00095367431640625,-0.00324249267578125,0.00476837158203125,-0.0073261260986328125,-0.0024423599243164062,0.23198986053466797,-0.0073261260986328125,-0.021978378295898438,-0.0073261260986328125,-0.07570171356201172,-2.1401710510253906,8.540172576904297,-1.8730154037475586,0.10012245178222656,-0.11477375030517578,0.0,-2.42293833918932,7.684850816924365,-1.7869080034769524,0.0007690878628069742,-0.005960912028980582
47,2,heldout,3,1,0.3490658503988659,0.9117826479996438,3,s,af3726fcacd0ac1320a56ea850b0a2c0f5430cf4eb20a45c078706980f08407e,d24fbe3839599a6a097188bae8cd47ce8083f27deef1341ae3086bf0d5a45bd1,87f63c0590d05baea263cdc42c6e1df2d063fa2def309ecb0283f3036bf33d46,87f63c0590d05baea263cdc42c6e1df2d063fa2def309ecb0283f3036bf33d46,1787977975.7717824,36559.64,18279877,0,0.9584569931030273,1.0416193008422852,1.095407485961914,0.00095367431640625,-0.00324249267578125,0.00476837158203125,-0.0073261260986328125,-0.0024423599243164062,0.23687458038330078,0.0073261260986328125,-0.021978378295898438,-0.0073261260986328125,-0.07570171356201172,-2.1401710510253906,8.458118438720703,-1.8681316375732422,0.10500621795654297,-0.11477375030517578,0.0,-2.4196853915282506,7.681597869263294,-1.7864010399454444,0.0007860996491304258,-0.00596070259822228
47,2,heldout,3,1,0.3490658503988659,0.9137859309994383,3,s,af3726fcacd0ac1320a56ea850b0a2c0f5430cf4eb20a45c078706980f08407e,d24fbe3839599a6a097188bae8cd47ce8083f27deef1341ae3086bf0d5a45bd1,87f63c0590d05baea263cdc42c6e1df2d063fa2def309ecb0283f3036bf33d46,87f63c0590d05baea263cdc42c6e1df2d063fa2def309ecb0283f3036bf33d46,1787977975.7731934,36559.642,18279878,0,0.9584569931030273,1.0416193008422852,1.096170425415039,0.00133514404296875,-0.00324249267578125,0.00476837158203125,-0.0073261260986328125,-0.0024423599243164062,0.23687458038330078,0.0073261260986328125,0.0073261260986328125,-0.0073261260986328125,-0.08058643341064453,-2.1401710510253906,8.430770874023438,-1.8730154037475586,0.10500621795654297,-0.11477375030517578,0.0,-2.4176809381119218,7.679593415846965,-1.7862315321576587,0.0007917700168866957,-0.005960631053163083
47,2,heldout,3,1,0.3490658503988659,0.9151777279985254,3,s,af3726fcacd0ac1320a56ea850b0a2c0f5430cf4eb20a45c078706980f08407e,d24fbe3839599a6a097188bae8cd47ce8083f27deef1341ae3086bf0d5a45bd1,87f63c0590d05baea263cdc42c6e1df2d063fa2def309ecb0283f3036bf33d46,87f63c0590d05baea263cdc42c6e1df2d063fa2def309ecb0283f3036bf33d46,1787977975.7757072,36559.644,18279879,0,0.9584569931030273,1.0416193008422852,1.0973148345947266,0.00095367431640625,-0.00324249267578125,0.00476837158203125,-0.0073261260986328125,-0.0024423599243164062,0.23687458038330078,-0.0073261260986328125,0.0073261260986328125,-0.0073261260986328125,-0.08058643341064453,-2.126495361328125,8.471794128417969,-1.8730154037475586,0.10500621795654297,-0.11477375030517578,0.0,-2.4142414578131866,7.676153935548231,-1.785550901944799,0.000814450327483546,-0.005960336199172632
47,2,heldout,3,1,0.3490658503988659,0.9176962199999252,3,s,af3726fcacd0ac1320a56ea850b0a2c0f5430cf4eb20a45c078706980f08407e,d24fbe3839599a6a097188bae8cd47ce8083f27deef1341ae3086bf0d5a45bd1,87f63c0590d05baea263cdc42c6e1df2d063fa2def309ecb0283f3036bf33d46,87f63c0590d05baea263cdc42c6e1df2d063fa2def309ecb0283f3036bf33d46,1787977975.7776506,36559.646,18279880,0,0.9584569931030273,1.0416193008422852,1.0980777740478516,0.00095367431640625,-0.00324249267578125,0.00476837158203125,0.0073261260986328125,-0.0024423599243164062,0.22710609436035156,-0.021978378295898438,0.0073261260986328125,-0.0073261260986328125,-0.07570171356201172,-2.1401710510253906,8.485469818115234,-1.8730154037475586,0.10500621795654297,-0.11477375030517578,0.0,-2.412056064025148,7.673968541760191,-1.7852090277481267,0.000825789774973631,-0.005960183568075819
47,2,heldout,3,1,0.3490658503988659,0.9196325249940855,3,s,af3726fcacd0ac1320a56ea850b0a2c0f5430cf4eb20a45c078706980f08407e,d24fbe3839599a6a097188bae8cd47ce8083f27deef1341ae3086bf0d5a45bd1,87f63c0590d05baea263cdc42c6e1df2d063fa2def309ecb0283f3036bf33d46,87f63c0590d05baea263cdc42c6e1df2d063fa2def309ecb0283f3036bf33d46,1787977975.7796059,36559.648,18279881,0,0.9584569931030273,1.0416193008422852,1.099222183227539,0.00095367431640625,-0.00324249267578125,0.00476837158203125,-0.0073261260986328125,-0.0024423599243164062,0.22710609436035156,-0.021978378295898438,-0.0073261260986328125,-0.0073261260986328125,-0.07570171356201172,-2.1128196716308594,8.430770874023438,-1.8730154037475586,0.10500621795654297,-0.11477375030517578,0.0,-2.408769598421253,7.670682076156297,-1.784694268149783,0.0008427980428845318,-0.005959948116552782
47,2,heldout,3,1,0.3490658503988659,0.9215876099988236,3,s,af3726fcacd0ac1320a56ea850b0a2c0f5430cf4eb20a45c078706980f08407e,d24fbe3839599a6a097188bae8cd47ce8083f27deef1341ae3086bf0d5a45bd1,87f63c0590d05baea263cdc42c6e1df2d063fa2def309ecb0283f3036bf33d46,87f63c0590d05baea263cdc42c6e1df2d063fa2def309ecb0283f3036bf33d46,1787977975.7815523,36559.65,18279882,0,0.9584569931030273,1.0416193008422852,1.099985122680664,0.00095367431640625,-0.00324249267578125,0.00476837158203125,-0.0073261260986328125,-0.0024423599243164062,0.23198986053466797,0.0073261260986328125,-0.0073261260986328125,-0.0073261260986328125,-0.07570171356201172,-2.126495361328125,8.38974380493164,-1.8730154037475586,0.10500621795654297,-0.11477375030517578,0.0,-2.4065730399305987,7.668485517665642,-1.784349796506636,0.0008541362763172071,-0.005959786812418786
47,2,heldout,3,1,0.3490658503988659,0.9235417769959895,3,s,af3726fcacd0ac1320a56ea850b0a2c0f5430cf4eb20a45c078706980f08407e,d24fbe3839599a6a097188bae8cd47ce8083f27deef1341ae3086bf0d5a45bd1,87f63c0590d05baea263cdc42c6e1df2d063fa2def309ecb0283f3036bf33d46,87f63c0590d05baea263cdc42c6e1df2d063fa2def309ecb0283f3036bf33d46,1787977975.7835429,36559.652,18279883,0,0.9584569931030273,1.0416193008422852,1.1011295318603516,0.00095367431640625,-0.00324249267578125,0.00476837158203125,-0.0073261260986328125,-0.0024423599243164062,0.23198986053466797,-0.021978378295898438,0.0073261260986328125,-0.0073261260986328125,-0.08058643341064453,-2.126495361328125,8.38974380493164,-1.8730154037475586,0.10012245178222656,-0.10988998413085938,0.0,-2.4032698332589466,7.665182310993991,-1.7838311416768107,0.0008711426922050297,-0.005959538351774567
47,2,heldout,3,1,0.3490658503988659,0.9255329169973265,3,s,af3726fcacd0ac1320a56ea850b0a2c0f5430cf4eb20a45c078706980f08407e,d24fbe3839599a6a097188bae8cd47ce8083f27deef1341ae3086bf0d5a45bd1,87f63c0590d05baea263cdc42c6e1df2d063fa2def309ecb0283f3036bf33d46,87f63c0590d05baea263cdc42c6e1df2d063fa2def309ecb0283f3036bf33d46,1787977975.7855325,36559.653999999995,18279884,0,0.9584569931030273,1.0416193008422852,1.1018924713134766,0.00095367431640625,-0.00324249267578125,0.00476837158203125,0.0073261260986328125,-0.0024423599243164062,0.23687458038330078,-0.0073261260986328125,-0.021978378295898438,-0.0073261260986328125,-0.08058643341064453,-2.126495361328125,8.335041046142578,-1.8730154037475586,0.10012245178222656,-0.10988998413085938,0.0,-2.40106211805671,7.662974595791754,-1.7834840738403686,0.0008824796703320542,-0.005959368375190207
47,2,heldout,3,1,0.3490658503988659,0.9275225210003555,3,s,af3726fcacd0ac1320a56ea850b0a2c0f5430cf4eb20a45c078706980f08407e,d24fbe3839599a6a097188bae8cd47ce8083f27deef1341ae3086bf0d5a45bd1,87f63c0590d05baea263cdc42c6e1df2d063fa2def309ecb0283f3036bf33d46,87f63c0590d05baea263cdc42c6e1df2d063fa2def309ecb0283f3036bf33d46,1787977975.7875268,36559.655999999995,18279885,0,0.9584569931030273,1.0416193008422852,1.103036880493164,0.00095367431640625,-0.00324249267578125,0.00476837158203125,0.0073261260986328125,-0.0024423599243164062,0.23687458038330078,-0.021978378295898438,-0.0073261260986328125,-0.0073261260986328125,-0.08058643341064453,-2.1128196716308594,8.294017791748047,-1.8730154037475586,0.10012245178222656,-0.10988998413085938,0.0,-2.3977421823342957,7.659654660069339,-1.7829615256659164,0.0008994841723278373,-0.005959106906328698
47,2,heldout,3,1,0.3490658503988659,0.9295136299988371,3,s,af3726fcacd0ac1320a56ea850b0a2c0f5430cf4eb20a45c078706980f08407e,d24fbe3839599a6a097188bae8cd47ce8083f27deef1341ae3086bf0d5a45bd1,87f63c0590d05baea263cdc42c6e1df2d063fa2def309ecb0283f3036bf33d46,87f63c0590d05baea263cdc42c6e1df2d063fa2def309ecb0283f3036bf33d46,1787977975.789491,36559.657999999996,18279886,0,0.9584569931030273,1.0416193008422852,1.103799819946289,0.00095367431640625,-0.00324249267578125,0.00476837158203125,-0.021978378295898438,-0.0024423599243164062,0.23687458038330078,-0.021978378295898438,-0.0073261260986328125,-0.0073261260986328125,-0.08058643341064453,-2.1128196716308594,8.307693481445312,-1.8730154037475586,0.10500621795654297,-0.10988998413085938,0.0,-2.395523318452095,7.65743579618714,-1.7826118628988048,0.0009108198539055361,-0.0059589282579123465
47,2,heldout,3,1,0.3490658503988659,0.9314712539999164,3,s,af3726fcacd0ac1320a56ea850b0a2c0f5430cf4eb20a45c078706980f08407e,d24fbe3839599a6a097188bae8cd47ce8083f27deef1341ae3086bf0d5a45bd1,87f63c0590d05baea263cdc42c6e1df2d063fa2def309ecb0283f3036bf33d46,87f63c0590d05baea263cdc42c6e1df2d063fa2def309ecb0283f3036bf33d46,1787977975.7914066,36559.659999999996,18279887,0,0.9584569931030273,1.0416193008422852,1.1049442291259766,0.00095367431640625,-0.00324249267578125,0.00476837158203125,-0.0073261260986328125,-0.0024423599243164062,0.23687458038330078,-0.0073261260986328125,0.0073261260986328125,-0.0073261260986328125,-0.08058643341064453,-2.0991458892822266,8.321369171142578,-1.8681316375732422,0.10500621795654297,-0.10988998413085938,0.0,-2.3921866657567725,7.654099143491816,-1.7820854232807448,0.000927822380147277,-0.005958653781784768
47,2,heldout,3,1,0.3490658503988659,0.9334008799996809,3,s,af3726fcacd0ac1320a56ea850b0a2c0f5430cf4eb20a45c078706980f08407e,d24fbe3839599a6a097188bae8cd47ce8083f27deef1341ae3086bf0d5a45bd1,87f63c0590d05baea263cdc42c6e1df2d063fa2def309ecb0283f3036bf33d46,87f63c0590d05baea263cdc42c6e1df2d063fa2def309ecb0283f3036bf33d46,1787977975.7933302,36559.662,18279888,0,0.9584569931030273,1.0416193008422852,1.1057071685791016,0.00095367431640625,-0.00324249267578125,0.00476837158203125,-0.0073261260986328125,-0.0024423599243164062,0.23198986053466797,-0.0073261260986328125,-0.0073261260986328125,-0.0073261260986328125,-0.08058643341064453,-2.0991458892822266,8.307693481445312,-1.8632478713989258,0.10500621795654297,-0.10988998413085938,0.0,-2.389956661266781,7.651869139001825,-1.7817331668550276,0.0009391567239366987,-0.005958466462186344
47,2,heldout,3,1,0.3490658503988659,0.9353153629999724,3,s,af3726fcacd0ac1320a56ea850b0a2c0f5430cf4eb20a45c078706980f08407e,d24fbe3839599a6a097188bae8cd47ce8083f27deef1341ae3086bf0d5a45bd1,87f63c0590d05baea263cdc42c6e1df2d063fa2def309ecb0283f3036bf33d46,87f63c0590d05baea263cdc42c6e1df2d063fa2def309ecb0283f3036bf33d46,1787977975.7953148,36559.664,18279889,0,0.9584569931030273,1.0416193008422852,1.1064701080322266,0.00095367431640625,-0.00324249267578125,0.00476837158203125,-0.021978378295898438,-0.0024423599243164062,0.22710609436035156,-0.021978378295898438,-0.021978378295898438,-0.0073261260986328125,-0.08058643341064453,-2.0991458892822266,8.335041046142578,-1.8632478713989258,0.10012245178222656,-0.10988998413085938,0.0,-2.387722202802967,7.6496346805380115,-1.7813798733241615,0.0009504905210649848,-0.005958275674304136
47,2,heldout,3,1,0.3490658503988659,0.9373048339984962,3,s,af3726fcacd0ac1320a56ea850b0a2c0f5430cf4eb20a45c078706980f08407e,d24fbe3839599a6a097188bae8cd47ce8083f27deef1341ae3086bf0d5a45bd1,87f63c0590d05baea263cdc42c6e1df2d063fa2def309ecb0283f3036bf33d46,87f63c0590d05baea263cdc42c6e1df2d063fa2def309ecb0283f3036bf33d46,1787977975.7972763,36559.666,18279890,0,0.9584569931030273,1.0416193008422852,1.107614517211914,0.00095367431640625,-0.00324249267578125,0.00476837158203125,-0.0073261260986328125,-0.0024423599243164062,0.22710609436035156,-0.03663063049316406,-0.0073261260986328125,-0.0073261260986328125,-0.08058643341064453,-2.0991458892822266,8.294017791748047,-1.8583641052246094,0.10012245178222656,-0.10988998413085938,0.0,-2.384362166752146,7.64627464448719,-1.7808479889057158,0.0009674901773366374,-0.005957982989692201
47,2,heldout,3,1,0.3490658503988659,0.9392660369994701,3,s,af3726fcacd0ac1320a56ea850b0a2c0f5430cf4eb20a45c078706980f08407e,d24fbe3839599a6a097188bae8cd47ce8083f27deef1341ae3086bf0d5a45bd1,87f63c0590d05baea263cdc42c6e1df2d063fa2def309ecb0283f3036bf33d46,87f63c0590d05baea263cdc42c6e1df2d063fa2def309ecb0283f3036bf33d46,1787977975.7997983,36559.668,18279891,0,0.9584569931030273,1.0416193008422852,1.108377456665039,0.00095367431640625,-0.00324249267578125,0.00476837158203125,-0.0073261260986328125,-0.0024423599243164062,0.22222232818603516,-0.021978378295898438,-0.0073261260986328125,-0.0073261260986328125,-0.08058643341064453,-2.0991458892822266,8.307693481445312,-1.8583641052246094,0.10500621795654297,-0.10988998413085938,0.0,-2.3821165790496726,7.644029056784717,-1.7804921035129868,0.0009788225789503177,-0.005957783531590801
47,2,heldout,3,1,0.3490658503988659,0.9417825439959415,3,s,af3726fcacd0ac1320a56ea850b0a2c0f5430cf4eb20a45c078706980f08407e,d24fbe3839599a6a097188bae8cd47ce8083f27deef1341ae3086bf0d5a45bd1,87f63c0590d05baea263cdc42c6e1df2d063fa2def309ecb0283f3036bf33d46,87f63c0590d05baea263cdc42c6e1df2d063fa2def309ecb0283f3036bf33d46,1787977975.801808,36559.67,18279892,0,0.9584569931030273,1.0416193008422852,1.1095218658447266,0.00095367431640625,-0.00324249267578125,0.00476837158203125,0.0073261260986328125,-0.0024423599243164062,0.22222232818603516,-0.03663063049316406,-0.0073261260986328125,-0.0073261260986328125,-0.07570171356201172,-2.0991458892822266,8.239315032958984,-1.8534793853759766,0.10500621795654297,-0.10988998413085938,0.0,-2.3787398552608336,7.640652332995878,-1.7799563322711254,0.0009958201110288837,-0.00595747784218878
47,2,heldout,3,1,0.3490658503988659,0.9437970889994176,3,s,af3726fcacd0ac1320a56ea850b0a2c0f5430cf4eb20a45c078706980f08407e,d24fbe3839599a6a097188bae8cd47ce8083f27deef1341ae3086bf0d5a45bd1,87f63c0590d05baea263cdc42c6e1df2d063fa2def309ecb0283f3036bf33d46,87f63c0590d05baea263cdc42c6e1df2d063fa2def309ecb0283f3036bf33d46,1787977975.8031638,36559.672,18279893,0,0.9584569931030273,1.0416193008422852,1.1102848052978516,0.00095367431640625,-0.00324249267578125,0.00476837158203125,-0.0073261260986328125,-0.0024423599243164062,0.22710609436035156,-0.021978378295898438,-0.0073261260986328125,-0.0073261260986328125,-0.07570171356201172,-2.0991458892822266,8.25299072265625,-1.8485956192016602,0.10500621795654297,-0.10988998413085938,0.0,-2.3764831464891016,7.638395624224145,-1.779597856311237,0.0010071510759009261,-0.005957269714593812
47,2,heldout,3,1,0.3490658503988659,0.9451449699990917,3,s,af3726fcacd0ac1320a56ea850b0a2c0f5430cf4eb20a45c078706980f08407e,d24fbe3839599a6a097188bae8cd47ce8083f27deef1341ae3086bf0d5a45bd1,87f63c0590d05baea263cdc42c6e1df2d063fa2def309ecb0283f3036bf33d46,87f63c0590d05baea263cdc42c6e1df2d063fa2def309ecb0283f3036bf33d46,1787977975.8056514,36559.674,18279894,0,0.9584569931030273,1.0416193008422852,1.1110477447509766,0.00095367431640625,-0.00324249267578125,0.00476837158203125,-0.0073261260986328125,-0.0024423599243164062,0.22710609436035156,-0.0073261260986328125,-0.0073261260986328125,-0.0073261260986328125,-0.07570171356201172,-2.0991458892822266,8.294017791748047,-1.8437118530273438,0.10500621795654297,-0.10988998413085938,0.0,-2.374221991586158,7.6361344693212025,-1.7792383444891124,0.001018481454533916,-0.005957058119411659
47,2,heldout,3,1,0.3490658503988659,0.9476316469954327,3,s,af3726fcacd0ac1320a56ea850b0a2c0f5430cf4eb20a45c078706980f08407e,d24fbe3839599a6a097188bae8cd47ce8083f27deef1341ae3086bf0d5a45bd1,87f63c0590d05baea263cdc42c6e1df2d063fa2def309ecb0283f3036bf33d46,87f63c0590d05baea263cdc42c6e1df2d063fa2def309ecb0283f3036bf33d46,1787977975.8075478,36559.676,18279895,0,0.9584569931030273,1.0416193008422852,1.112192153930664,0.00095367431640625,-0.00324249267578125,0.00476837158203125,-0.0073261260986328125,-0.0024423599243164062,0.22222232818603516,-0.0073261260986328125,-0.021978378295898438,-0.0073261260986328125,-0.07570171356201172,-2.085470199584961,8.266666412353516,-1.8437118530273438,0.10500621795654297,-0.10988998413085938,0.0,-2.3708219256155503,7.632734403350594,-1.7786971349721634,0.0010354759088583786,-0.005956734225182425
47,2,heldout,3,1,0.3490658503988659,0.9495254989960813,3,s,af3726fcacd0ac1320a56ea850b0a2c0f5430cf4eb20a45c078706980f08407e,d24fbe3839599a6a097188bae8cd47ce8083f27deef1341ae3086bf0d5a45bd1,87f63c0590d05baea263cdc42c6e1df2d063fa2def309ecb0283f3036bf33d46,87f63c0590d05baea263cdc42c6e1df2d063fa2def309ecb0283f3036bf33d46,1787977975.8095164,36559.678,18279896,0,0.9584569931030273,1.0416193008422852,1.112955093383789,0.00095367431640625,-0.00324249267578125,0.00476837158203125,-0.021978378295898438,-0.0024423599243164062,0.22222232818603516,-0.0073261260986328125,-0.0073261260986328125,-0.0073261260986328125,-0.07570171356201172,-2.085470199584961,8.348716735839844,-1.8437118530273438,0.10500621795654297,-0.10988998413085938,0.0,-2.368549661148473,7.630462138883518,-1.7783350344112967,0.0010468047930407153,-0.005956513961575563
47,2,heldout,3,1,0.3490658503988659,0.9515148479986237,3,s,af3726fcacd0ac1320a56ea850b0a2c0f5430cf4eb20a45c078706980f08407e,d24fbe3839599a6a097188bae8cd47ce8083f27deef1341ae3086bf0d5a45bd1,87f63c0590d05baea263cdc42c6e1df2d063fa2def309ecb0283f3036bf33d46,87f63c0590d05baea263cdc42c6e1df2d063fa2def309ecb0283f3036bf33d46,1787977975.8114614,36559.68,18279897,0,0.9584569931030273,1.0416193008422852,1.113718032836914,0.00057220458984375,-0.00324249267578125,0.00476837158203125,0.0073261260986328125,-0.0024423599243164062,0.21733856201171875,-0.03663063049316406,-0.0073261260986328125,-0.0073261260986328125,-0.07570171356201172,-2.085470199584961,8.266666412353516,-1.8437118530273438,0.10012245178222656,-0.10988998413085938,0.0,-2.366090999217398,7.6280034769524425,-1.7777899427725707,0.0010637969747775609,-0.0059561770653047364
47,2,heldout,3,1,0.3490658503988659,0.953464726000675,3,s,af3726fcacd0ac1320a56ea850b0a2c0f5430cf4eb20a45c078706980f08407e,d24fbe3839599a6a097188bae8cd47ce8083f27deef1341ae3086bf0d5a45bd1,87f63c0590d05baea263cdc42c6e1df2d063fa2def309ecb0283f3036bf33d46,87f63c0590d05baea263cdc42c6e1df2d063fa2def309ecb0283f3036bf33d46,1787977975.8134067,36559.682,18279898,0,0.9584569931030273,1.0416193008422852,1.1148624420166016,0.00057220458984375,-0.00324249267578125,0.00476837158203125,-0.0073261260986328125,-0.0024423599243164062,0.22222232818603516,-0.021978378295898438,-0.0073261260986328125,-0.0073261260986328125,-0.07570171356201172,-2.0717945098876953,8.211967468261719,-1.8388280868530273,0.10012245178222656,-0.10988998413085938,0.0,-2.3626668392811063,7.624579317016151,-1.7772425228117301,0.0010807877632890562,-0.005955832368394225
47,2,heldout,3,1,0.3490658503988659,0.9553888469963567,3,s,af3726fcacd0ac1320a56ea850b0a2c0f5430cf4eb20a45c078706980f08407e,d24fbe3839599a6a097188bae8cd47ce8083f27deef1341ae3086bf0d5a45bd1,87f63c0590d05baea263cdc42c6e1df2d063fa2def309ecb0283f3036bf33d46,87f63c0590d05baea263cdc42c6e1df2d063fa2def309ecb0283f3036bf33d46,1787977975.815361,36559.684,18279899,0,0.9584569931030273,1.0416193008422852,1.1156253814697266,0.00057220458984375,-0.00324249267578125,0.00476837158203125,-0.0073261260986328125,-0.0024423599243164062,0.22222232818603516,-0.0073261260986328125,-0.0073261260986328125,-0.0073261260986328125,-0.08058643341064453,-2.0581188201904297,8.157264709472656,-1.8388280868530273,0.10012245178222656,-0.10988998413085938,0.0,-2.360378518101897,7.622290995836941,-1.776876283012803,0.0010921141706270677,-0.005955598236987682
47,2,heldout,3,1,0.3490658503988659,0.9573403999966104,3,s,af3726fcacd0ac1320a56ea850b0a2c0f5430cf4eb20a45c078706980f08407e,d24fbe3839599a6a097188bae8cd47ce8083f27deef1341ae3086bf0d5a45bd1,87f63c0590d05baea263cdc42c6e1df2d063fa2def309ecb0283f3036bf33d46,87f63c0590d05baea263cdc42c6e1df2d063fa2def309ecb0283f3036bf33d46,1787977975.8173478,36559.686,18279900,0,0.9584569931030273,1.0416193008422852,1.116769790649414,0.00095367431640625,-0.00324249267578125,0.00476837158203125,-0.0073261260986328125,-0.0024423599243164062,0.22710609436035156,-0.0073261260986328125,-0.0073261260986328125,-0.0073261260986328125,-0.08058643341064453,-2.0581188201904297,8.170940399169922,-1.8388280868530273,0.10500621795654297,-0.11477375030517578,0.0,-2.357121742656497,7.619034220391541,-1.776509008935805,0.0011034399422709968,-0.00595536063896688
47,2,heldout,3,1,0.3490658503988659,0.9593319259947748,3,s,af3726fcacd0ac1320a56ea850b0a2c0f5430cf4eb20a45c078706980f08407e,d24fbe3839599a6a097188bae8cd47ce8083f27deef1341ae3086bf0d5a45bd1,87f63c0590d05baea263cdc42c6e1df2d063fa2def309ecb0283f3036bf33d46,87f63c0590d05baea263cdc42c6e1df2d063fa2def309ecb0283f3036bf33d46,1787977975.8192933,36559.688,18279901,0,0.9584569931030273,1.0416193008422852,1.117532730102539,0.00095367431640625,-0.00324249267578125,0.00476837158203125,0.0073261260986328125,-0.0024423599243164062,0.22222232818603516,0.0073261260986328125,0.0073261260986328125,-0.0073261260986328125,-0.08058643341064453,-2.0717945098876953,8.075214385986328,-1.8437118530273438,0.10012245178222656,-0.11477375030517578,0.0,-2.354822849039478,7.6167353267745215,-1.7761407007945167,0.0011147650716283794,-0.00595511957447012
47,2,heldout,3,1,0.3490658503988659,0.9612762019969523,3,s,af3726fcacd0ac1320a56ea850b0a2c0f5430cf4eb20a45c078706980f08407e,d24fbe3839599a6a097188bae8cd47ce8083f27deef1341ae3086bf0d5a45bd1,87f63c0590d05baea263cdc42c6e1df2d063fa2def309ecb0283f3036bf33d46,87f63c0590d05baea263cdc42c6e1df2d063fa2def309ecb0283f3036bf33d46,1787977975.8212135,36559.689999999995,18279902,0,0.9584569931030273,1.0416193008422852,1.118295669555664,0.00095367431640625,-0.00324249267578125,0.00476837158203125,-0.0073261260986328125,-0.0024423599243164062,0.22222232818603516,-0.021978378295898438,-0.0073261260986328125,-0.0073261260986328125,-0.07570171356201172,-2.0581188201904297,8.10256576538086,-1.8437118530273438,0.10012245178222656,-0.11477375030517578,0.0,-2.352519521899206,7.614431999634251,-1.7757713588033224,0.0011260895521071203,-0.005954875043637721
47,2,heldout,3,1,0.3490658503988659,0.9631935349971172,3,s,af3726fcacd0ac1320a56ea850b0a2c0f5430cf4eb20a45c078706980f08407e,d24fbe3839599a6a097188bae8cd47ce8083f27deef1341ae3086bf0d5a45bd1,87f63c0590d05baea263cdc42c6e1df2d063fa2def309ecb0283f3036bf33d46,87f63c0590d05baea263cdc42c6e1df2d063fa2def309ecb0283f3036bf33d46,1787977975.8237631,36559.691999999995,18279903,0,0.9584569931030273,1.0416193008422852,1.1194400787353516,0.00057220458984375,-0.00324249267578125,0.00476837158203125,-0.021978378295898438,-0.0024423599243164062,0.22710609436035156,-0.021978378295898438,-0.0073261260986328125,-0.0073261260986328125,-0.07570171356201172,-2.0717945098876953,8.10256576538086,-1.8485956192016602,0.10500621795654297,-0.11477375030517578,0.0,-2.3488703875795616,7.610782865314606,-1.7750295741317572,0.001148736540062196,-0.005954375583537357
47,2,heldout,3,1,0.3490658503988659,0.965748172995518,3,s,af3726fcacd0ac1320a56ea850b0a2c0f5430cf4eb20a45c078706980f08407e,d24fbe3839599a6a097188bae8cd47ce8083f27deef1341ae3086bf0d5a45bd1,87f63c0590d05baea263cdc42c6e1df2d063fa2def309ecb0283f3036bf33d46,87f63c0590d05baea263cdc42c6e1df2d063fa2def309ecb0283f3036bf33d46,1787977975.8251567,36559.693999999996,18279904,0,0.9584569931030273,1.0416193008422852,1.1202030181884766,0.00057220458984375,-0.00324249267578125,0.00476837158203125,0.0073261260986328125,-0.0024423599243164062,0.22710609436035156,-0.0073261260986328125,-0.021978378295898438,-0.0073261260986328125,-0.07570171356201172,-2.0581188201904297,8.047863006591797,-1.8437118530273438,0.10500621795654297,-0.10988998413085938,0.0,-2.346555465927898,7.6084679436629425,-1.7746571318831625,0.0011600590343562554,-0.005954120654560118
47,2,heldout,3,1,0.3490658503988659,0.9671471409965307,3,s,af3726fcacd0ac1320a56ea850b0a2c0f5430cf4eb20a45c078706980f08407e,d24fbe3839599a6a097188bae8cd47ce8083f27deef1341ae3086bf0d5a45bd1,87f63c0590d05baea263cdc42c6e1df2d063fa2def309ecb0283f3036bf33d46,87f63c0590d05baea263cdc42c6e1df2d063fa2def309ecb0283f3036bf33d46,1787977975.8277047,36559.695999999996,18279905,0,0.9584569931030273,1.0416193008422852,1.121347427368164,0.00057220458984375,-0.00324249267578125,0.00476837158203125,-0.0073261260986328125,-0.0024423599243164062,0.22710609436035156,-0.021978378295898438,-0.0073261260986328125,-0.0073261260986328125,-0.07570171356201172,-2.0581188201904297,8.0068359375,-1.8437118530273438,0.10500621795654297,-0.10988998413085938,0.0,-2.3430747800390486,7.604987257774092,-1.7740965317287638,0.0011770415076569026,-0.005953731762852069
47,2,heldout,3,1,0.3490658503988659,0.9696890310005983,3,s,af3726fcacd0ac1320a56ea850b0a2c0f5430cf4eb20a45c078706980f08407e,d24fbe3839599a6a097188bae8cd47ce8083f27deef1341ae3086bf0d5a45bd1,87f63c0590d05baea263cdc42c6e1df2d063fa2def309ecb0283f3036bf33d46,87f63c0590d05baea263cdc42c6e1df2d063fa2def309ecb0283f3036bf33d46,1787977975.8296783,36559.698,18279906,0,0.9584569931030273,1.0416193008422852,1.122110366821289,0.00095367431640625,-0.00324249267578125,0.00476837158203125,-0.021978378295898438,-0.0024423599243164062,0.22710609436035156,0.0073261260986328125,-0.0073261260986328125,-0.0073261260986328125,-0.07570171356201172,-2.0581188201904297,8.061538696289062,-1.8437118530273438,0.10500621795654297,-0.10988998413085938,0.0,-2.340936430364216,7.60284890809926,-1.7739091486442962,0.0011827019906246118,-0.005953600399493466
47,2,heldout,3,1,0.3490658503988659,0.9716612810007064,3,s,af3726fcacd0ac1320a56ea850b0a2c0f5430cf4eb20a45c078706980f08407e,d24fbe3839599a6a097188bae8cd47ce8083f27deef1341ae3086bf0d5a45bd1,87f63c0590d05baea263cdc42c6e1df2d063fa2def309ecb0283f3036bf33d46,87f63c0590d05baea263cdc42c6e1df2d063fa2def309ecb0283f3036bf33d46,1787977975.8318603,36559.7,18279907,0,0.9584569931030273,1.0416193008422852,1.122873306274414,0.00095367431640625,-0.00324249267578125,0.00476837158203125,-0.0073261260986328125,-0.0024423599243164062,0.22222232818603516,-0.0073261260986328125,-0.0073261260986328125,-0.0073261260986328125,-0.07570171356201172,-2.044445037841797,8.061538696289062,-1.8437118530273438,0.10500621795654297,-0.10988998413085938,0.0,-2.3386065303296397,7.600519008064684,-1.7735336080894093,0.0011940224394189807,-0.005953335073706883
47,2,heldout,3,1,0.3490658503988659,0.9738718369990238,3,s,af3726fcacd0ac1320a56ea850b0a2c0f5430cf4eb20a45c078706980f08407e,d24fbe3839599a6a097188bae8cd47ce8083f27deef1341ae3086bf0d5a45bd1,87f63c0590d05baea263cdc42c6e1df2d063fa2def309ecb0283f3036bf33d46,87f63c0590d05baea263cdc42c6e1df2d063fa2def309ecb0283f3036bf33d46,1787977975.8332593,36559.702,18279908,0,0.9584569931030273,1.0416193008422852,1.1240177154541016,0.00057220458984375,-0.00324249267578125,0.00476837158203125,-0.0073261260986328125,-0.0024423599243164062,0.21245384216308594,-0.021978378295898438,-0.0073261260986328125,-0.0073261260986328125,-0.07570171356201172,-2.044445037841797,8.14358901977539,-1.8437118530273438,0.10500621795654297,-0.10988998413085938,0.0,-2.3349144540439153,7.596826931778959,-1.772779430201693,0.0012166612453812543,-0.005952794026399399
47,2,heldout,3,1,0.3490658503988659,0.9752404859973467,3,s,af3726fcacd0ac1320a56ea850b0a2c0f5430cf4eb20a45c078706980f08407e,d24fbe3839599a6a097188bae8cd47ce8083f27deef1341ae3086bf0d5a45bd1,87f63c0590d05baea263cdc42c6e1df2d063fa2def309ecb0283f3036bf33d46,87f63c0590d05baea263cdc42c6e1df2d063fa2def309ecb0283f3036bf33d46,1787977975.8351834,36559.704,18279909,0,0.9584569931030273,1.0416193008422852,1.1247806549072266,0.00057220458984375,-0.00324249267578125,0.00476837158203125,0.0073261260986328125,-0.0024423599243164062,0.21245384216308594,-0.0073261260986328125,-0.0073261260986328125,-0.0073261260986328125,-0.08058643341064453,-2.044445037841797,8.10256576538086,-1.8388280868530273,0.10500621795654297,-0.10988998413085938,0.0,-2.3325729804283326,7.594485458163376,-1.7724007933078534,0.0012279795893716415,-0.005952518305193428
47,2,heldout,3,1,0.3490658503988659,0.9771631879993947,3,s,af3726fcacd0ac1320a56ea850b0a2c0f5430cf4eb20a45c078706980f08407e,d24fbe3839599a6a097188bae8cd47ce8083f27deef1341ae3086bf0d5a45bd1,87f63c0590d05baea263cdc42c6e1df2d063fa2def309ecb0283f3036bf33d46,87f63c0590d05baea263cdc42c6e1df2d063fa2def309ecb0283f3036bf33d46,1787977975.8377035,36559.706,18279910,0,0.9584569931030273,1.0416193008422852,1.1255435943603516,0.00057220458984375,-0.00324249267578125,0.00476837158203125,-0.021978378295898438,-0.0024423599243164062,0.20757007598876953,-0.0073261260986328125,-0.021978378295898438,-0.0073261260986328125,-0.08058643341064453,-2.0581188201904297,8.047863006591797,-1.8388280868530273,0.10500621795654297,-0.10988998413085938,0.0,-2.3302270862406247,7.592139563975669,-1.7720211247410205,0.0012392972185838666,-0.005952239119165957
47,2,heldout,3,1,0.3490658503988659,0.979681830998743,3,s,af3726fcacd0ac1320a56ea850b0a2c0f5430cf4eb20a45c078706980f08407e,d24fbe3839599a6a097188bae8cd47ce8083f27deef1341ae3086bf0d5a45bd1,87f63c0590d05baea263cdc42c6e1df2d063fa2def309ecb0283f3036bf33d46,87f63c0590d05baea263cdc42c6e1df2d063fa2def309ecb0283f3036bf33d46,1787977975.8396764,36559.708,18279911,0,0.9584569931030273,1.0416193008422852,1.126688003540039,0.00057220458984375,-0.00324249267578125,0.00476837158203125,0.0073261260986328125,-0.0024423599243164062,0.21245384216308594,-0.021978378295898438,-0.0073261260986328125,-0.0073261260986328125,-0.07570171356201172,-2.044445037841797,7.979488372802734,-1.8339433670043945,0.10500621795654297,-0.10988998413085938,0.0,-2.326699959374029,7.588612437109073,-1.7714496879875006,0.0012562723077826194,-0.005951813843940468
47,2,heldout,3,1,0.3490658503988659,0.9816617379983654,3,s,af3726fcacd0ac1320a56ea850b0a2c0f5430cf4eb20a45c078706980f08407e,d24fbe3839599a6a097188bae8cd47ce8083f27deef1341ae3086bf0d5a45bd1,87f63c0590d05baea263cdc42c6e1df2d063fa2def309ecb0283f3036bf33d46,87f63c0590d05baea263cdc42c6e1df2d063fa2def309ecb0283f3036bf33d46,1787977975.841631,36559.71,18279912,0,0.9584569931030273,1.0416193008422852,1.127450942993164,0.00057220458984375,-0.00324249267578125,0.00476837158203125,-0.0073261260986328125,-0.0024423599243164062,0.21733856201171875,-0.03663063049316406,-0.0073261260986328125,-0.0073261260986328125,-0.07570171356201172,-2.044445037841797,7.9931640625,-1.8290596008300781,0.10012245178222656,-0.11477375030517578,0.0,-2.324343019735639,7.586255497470684,-1.7710674412063536,0.0012675881212290585,-0.005951525996574619
47,2,heldout,3,1,0.3490658503988659,0.9836173169969697,3,s,af3726fcacd0ac1320a56ea850b0a2c0f5430cf4eb20a45c078706980f08407e,d24fbe3839599a6a097188bae8cd47ce8083f27deef1341ae3086bf0d5a45bd1,87f63c0590d05baea263cdc42c6e1df2d063fa2def309ecb0283f3036bf33d46,87f63c0590d05baea263cdc42c6e1df2d063fa2def309ecb0283f3036bf33d46,1787977975.8436003,36559.712,18279913,0,0.9584569931030273,1.0416193008422852,1.128213882446289,0.00057220458984375,-0.00324249267578125,0.00476837158203125,0.0073261260986328125,-0.0024423599243164062,0.21733856201171875,-0.021978378295898438,-0.0073261260986328125,-0.0073261260986328125,-0.08058643341064453,-2.0307693481445312,8.020511627197266,-1.8290596008300781,0.10012245178222656,-0.10988998413085938,0.0,-2.321981664315589,7.583894142050633,-1.7706841635283266,0.0012789031968421386,-0.005951234684964869
47,2,heldout,3,1,0.3490658503988659,0.9855849649975426,3,s,af3726fcacd0ac1320a56ea850b0a2c0f5430cf4eb20a45c078706980f08407e,d24fbe3839599a6a097188bae8cd47ce8083f27deef1341ae3086bf0d5a45bd1,87f63c0590d05baea263cdc42c6e1df2d063fa2def309ecb0283f3036bf33d46,87f63c0590d05baea263cdc42c6e1df2d063fa2def309ecb0283f3036bf33d46,1787977975.8456154,36559.714,18279914,0,0.9584569931030273,1.0416193008422852,1.128976821899414,0.00057220458984375,-0.00324249267578125,0.00476837158203125,0.0073261260986328125,-0.0024423599243164062,0.21733856201171875,-0.0073261260986328125,-0.0073261260986328125,-0.0073261260986328125,-0.08058643341064453,-2.0307693481445312,8.061538696289062,-1.8241758346557617,0.10500621795654297,-0.10988998413085938,0.0,-2.319615894488367,7.581528372223411,-1.770299855176516,0.0012902175280356167,-0.005950939909280781
47,2,heldout,3,1,0.3490658503988659,0.9875991709996015,3,s,af3726fcacd0ac1320a56ea850b0a2c0f5430cf4eb20a45c078706980f08407e,d24fbe3839599a6a097188bae8cd47ce8083f27deef1341ae3086bf0d5a45bd1,87f63c0590d05baea263cdc42c6e1df2d063fa2def309ecb0283f3036bf33d46,87f63c0590d05baea263cdc42c6e1df2d063fa2def309ecb0283f3036bf33d46,1787977975.8475842,36559.716,18279915,0,0.9584569931030273,1.0416193008422852,1.1301212310791016,0.00057220458984375,-0.00324249267578125,0.00476837158203125,-0.021978378295898438,-0.0024423599243164062,0.21245384216308594,-0.021978378295898438,-0.0073261260986328125,-0.0073261260986328125,-0.07570171356201172,-2.044445037841797,8.11623764038086,-1.8241758346557617,0.10500621795654297,-0.11477375030517578,0.0,-2.3160589657471067,7.57797144348215,-1.7697214606249563,0.001307187614632752,-0.005950491250991153
47,2,heldout,3,1,0.3490658503988659,0.989573617996939,3,s,af3726fcacd0ac1320a56ea850b0a2c0f5430cf4eb20a45c078706980f08407e,d24fbe3839599a6a097188bae8cd47ce8083f27deef1341ae3086bf0d5a45bd1,87f63c0590d05baea263cdc42c6e1df2d063fa2def309ecb0283f3036bf33d46,87f63c0590d05baea263cdc42c6e1df2d063fa2def309ecb0283f3036bf33d46,1787977975.8495538,36559.718,18279916,0,0.9584569931030273,1.0416193008422852,1.1308841705322266,0.00057220458984375,-0.00324249267578125,0.00476837158203125,-0.021978378295898438,-0.0024423599243164062,0.20268630981445312,-0.0073261260986328125,-0.0073261260986328125,-0.0073261260986328125,-0.07570171356201172,-2.044445037841797,8.14358901977539,-1.8192920684814453,0.10500621795654297,-0.11477375030517578,0.0,-2.313682165932208,7.575594643667252,-1.7693345765686725,0.0013185000559652812,-0.005950187815876304
47,2,heldout,3,1,0.3490658503988659,0.9915360739978496,3,s,af3726fcacd0ac1320a56ea850b0a2c0f5430cf4eb20a45c078706980f08407e,d24fbe3839599a6a097188bae8cd47ce8083f27deef1341ae3086bf0d5a45bd1,87f63c0590d05baea263cdc42c6e1df2d063fa2def309ecb0283f3036bf33d46,87f63c0590d05baea263cdc42c6e1df2d063fa2def309ecb0283f3036bf33d46,1787977975.8515234,36559.72,18279917,0,0.9584569931030273,1.0416193008422852,1.1316471099853516,0.00057220458984375,-0.00324249267578125,0.00476837158203125,-0.0073261260986328125,-0.0024423599243164062,0.19780254364013672,-0.021978378295898438,-0.0073261260986328125,-0.0073261260986328125,-0.07570171356201172,-2.0307693481445312,8.047863006591797,-1.8192920684814453,0.10500621795654297,-0.11477375030517578,0.0,-2.31130095654108,7.5732134342761235,-1.768946662624167,0.0013298117298298079,-0.0059498809172964726
47,2,heldout,3,1,0.3490658503988659,0.9935453939979197,3,s,af3726fcacd0ac1320a56ea850b0a2c0f5430cf4eb20a45c078706980f08407e,d24fbe3839599a6a097188bae8cd47ce8083f27deef1341ae3086bf0d5a45bd1,87f63c0590d05baea263cdc42c6e1df2d063fa2def309ecb0283f3036bf33d46,87f63c0590d05baea263cdc42c6e1df2d063fa2def309ecb0283f3036bf33d46,1787977975.8535042,36559.722,18279918,0,0.9584569931030273,1.0416193008422852,1.1324100494384766,0.00057220458984375,-0.00324249267578125,0.00476837158203125,-0.0073261260986328125,-0.0024423599243164062,0.20268630981445312,-0.0073261260986328125,0.0073261260986328125,-0.0073261260986328125,-0.08058643341064453,-2.0307693481445312,7.979488372802734,-1.8192920684814453,0.10500621795654297,-0.11477375030517578,0.0,-2.308915338959768,7.570827816694813,-1.7685577190172368,0.0013411226296420693,-0.005949570555430304
47,2,heldout,3,1,0.3490658503988659,0.9954894039983628,3,s,af3726fcacd0ac1320a56ea850b0a2c0f5430cf4eb20a45c078706980f08407e,d24fbe3839599a6a097188bae8cd47ce8083f27deef1341ae3086bf0d5a45bd1,87f63c0590d05baea263cdc42c6e1df2d063fa2def309ecb0283f3036bf33d46,87f63c0590d05baea263cdc42c6e1df2d063fa2def309ecb0283f3036bf33d46,1787977975.8554866,36559.724,18279919,0,0.9584569931030273,1.0416193008422852,1.1331729888916016,0.00057220458984375,-0.00324249267578125,0.00476837158203125,-0.0073261260986328125,-0.0024423599243164062,0.20757007598876953,-0.021978378295898438,-0.021978378295898438,-0.0073261260986328125,-0.08058643341064453,-2.0170936584472656,7.9384613037109375,-1.8241758346557617,0.10500621795654297,-0.11477375030517578,0.0,-2.30652531457689,7.568437792311934,-1.7681677459742768,0.0013524327488182537,-0.005949256730458446
47,2,heldout,3,1,0.3490658503988659,0.9974727079970762,3,s,af3726fcacd0ac1320a56ea850b0a2c0f5430cf4eb20a45c078706980f08407e,d24fbe3839599a6a097188bae8cd47ce8083f27deef1341ae3086bf0d5a45bd1,87f63c0590d05baea263cdc42c6e1df2d063fa2def309ecb0283f3036bf33d46,87f63c0590d05baea263cdc42c6e1df2d063fa2def309ecb0283f3036bf33d46,1787977975.8574314,36559.725999999995,18279920,0,0.9584569931030273,1.0416193008422852,1.134317398071289,0.00057220458984375,-0.00324249267578125,0.00476837158203125,-0.0073261260986328125,-0.0024423599243164062,0.21733856201171875,-0.0073261260986328125,-0.0073261260986328125,-0.0073261260986328125,-0.07570171356201172,-2.0170936584472656,8.061538696289062,-1.8192920684814453,0.10500621795654297,-0.11477375030517578,0.0,-2.3029320182935247,7.56484449602857,-1.7675808567139932,0.0013693964494889284,-0.00594877950007764
47,2,heldout,3,1,0.3490658503988659,0.9994119929979206,3,s,af3726fcacd0ac1320a56ea850b0a2c0f5430cf4eb20a45c078706980f08407e,d24fbe3839599a6a097188bae8cd47ce8083f27deef1341ae3086bf0d5a45bd1,87f63c0590d05baea263cdc42c6e1df2d063fa2def309ecb0283f3036bf33d46,87f63c0590d05baea263cdc42c6e1df2d063fa2def309ecb0283f3036bf33d46,1787977975.8594174,36559.727999999996,18279921,0,0.9584569931030273,1.0416193008422852,1.135080337524414,0.00057220458984375,-0.00324249267578125,0.00476837158203125,0.0073261260986328125,-0.0024423599243164062,0.21245384216308594,-0.021978378295898438,-0.0073261260986328125,-0.0073261260986328125,-0.07570171356201172,-2.0170936584472656,7.9931640625,-1.8241758346557617,0.10500621795654297,-0.11477375030517578,0.0,-2.300530982998731,7.562443460733775,-1.767188311075367,0.0013807045882737504,-0.005948457018145156
47,2,heldout,3,1,0.3490658503988659,1.0014034699997865,3,s,af3726fcacd0ac1320a56ea850b0a2c0f5430cf4eb20a45c078706980f08407e,d24fbe3839599a6a097188bae8cd47ce8083f27deef1341ae3086bf0d5a45bd1,87f63c0590d05baea263cdc42c6e1df2d063fa2def309ecb0283f3036bf33d46,87f63c0590d05baea263cdc42c6e1df2d063fa2def309ecb0283f3036bf33d46,1787977975.861407,36559.729999999996,18279922,0,0.9584569931030273,1.0416193008422852,1.135843276977539,0.00057220458984375,-0.00324249267578125,0.00476837158203125,-0.021978378295898438,-0.0024423599243164062,0.20757007598876953,0.0073261260986328125,-0.0073261260986328125,-0.0073261260986328125,-0.07570171356201172,-2.0170936584472656,7.911109924316406,-1.8192920684814453,0.10500621795654297,-0.11477375030517578,0.0,-2.2981255457826992,7.560038023517743,-1.7667947367978112,0.0013920119233827677,-0.00594813107375515
47,2,heldout,3,1,0.3490658503988659,1.0033928129996639,3,s,af3726fcacd0ac1320a56ea850b0a2c0f5430cf4eb20a45c078706980f08407e,d24fbe3839599a6a097188bae8cd47ce8083f27deef1341ae3086bf0d5a45bd1,87f63c0590d05baea263cdc42c6e1df2d063fa2def309ecb0283f3036bf33d46,87f63c0590d05baea263cdc42c6e1df2d063fa2def309ecb0283f3036bf33d46,1787977975.8633752,36559.731999999996,18279923,0,0.9584569931030273,1.0416193008422852,1.136606216430664,0.00057220458984375,-0.00324249267578125,0.00476837158203125,-0.0073261260986328125,-0.0024423599243164062,0.20268630981445312,-0.0073261260986328125,-0.0073261260986328125,-0.0073261260986328125,-0.07570171356201172,-2.0170936584472656,7.9384613037109375,-1.8192920684814453,0.10500621795654297,-0.11477375030517578,0.0,-2.2957157080455866,7.557628185780631,-1.7664001341104154,0.0014033184482342403,-0.005947801667097348
47,2,heldout,3,1,0.3490658503988659,1.0053586989961332,3,s,af3726fcacd0ac1320a56ea850b0a2c0f5430cf4eb20a45c078706980f08407e,d24fbe3839599a6a097188bae8cd47ce8083f27deef1341ae3086bf0d5a45bd1,87f63c0590d05baea263cdc42c6e1df2d063fa2def309ecb0283f3036bf33d46,87f63c0590d05baea263cdc42c6e1df2d063fa2def309ecb0283f3036bf33d46,1787977975.865341,36559.734,18279924,0,0.9584569931030273,1.0416193008422852,1.137369155883789,0.00057220458984375,-0.00324249267578125,0.00476837158203125,-0.0073261260986328125,-0.0024423599243164062,0.19780254364013672,-0.021978378295898438,-0.0073261260986328125,-0.0073261260986328125,-0.07570171356201172,-2.00341796875,7.911109924316406,-1.8144073486328125,0.10500621795654297,-0.11477375030517578,0.0,-2.2933014711901003,7.555213948925145,-1.7660045032428697,0.001414624156246911,-0.005947468798363486
47,2,heldout,3,1,0.3490658503988659,1.0073269669956062,3,s,af3726fcacd0ac1320a56ea850b0a2c0f5430cf4eb20a45c078706980f08407e,d24fbe3839599a6a097188bae8cd47ce8083f27deef1341ae3086bf0d5a45bd1,87f63c0590d05baea263cdc42c6e1df2d063fa2def309ecb0283f3036bf33d46,87f63c0590d05baea263cdc42c6e1df2d063fa2def309ecb0283f3036bf33d46,1787977975.8673058,36559.736,18279925,0,0.9584569931030273,1.0416193008422852,1.138132095336914,0.00057220458984375,-0.00324249267578125,0.00476837158203125,-0.0073261260986328125,-0.0024423599243164062,0.19780254364013672,-0.0073261260986328125,-0.0073261260986328125,-0.0073261260986328125,-0.07570171356201172,-2.00341796875,7.924785614013672,-1.8144073486328125,0.10500621795654297,-0.11477375030517578,0.0,-2.2908828366215093,7.552795314356554,-1.7656078444254608,0.0014259290408399896,-0.00594713246774732
47,2,heldout,3,1,0.3490658503988659,1.0092896899950574,3,s,af3726fcacd0ac1320a56ea850b0a2c0f5430cf4eb20a45c078706980f08407e,d24fbe3839599a6a097188bae8cd47ce8083f27deef1341ae3086bf0d5a45bd1,87f63c0590d05baea263cdc42c6e1df2d063fa2def309ecb0283f3036bf33d46,87f63c0590d05baea263cdc42c6e1df2d063fa2def309ecb0283f3036bf33d46,1787977975.869241,36559.738,18279926,0,0.9584569931030273,1.0416193008422852,1.1392765045166016,0.00019073486328125,-0.00324249267578125,0.00476837158203125,-0.0073261260986328125,-0.0024423599243164062,0.19780254364013672,-0.021978378295898438,-0.0073261260986328125,-0.0073261260986328125,-0.07570171356201172,-2.00341796875,7.897434234619141,-1.809523582458496,0.10500621795654297,-0.11477375030517578,0.0,-2.287047156703498,7.548959634438543,-1.764811443865195,0.0014485363134466192,-0.005946449421653176
47,2,heldout,3,1,0.3490658503988659,1.011225114998524,3,s,af3726fcacd0ac1320a56ea850b0a2c0f5430cf4eb20a45c078706980f08407e,d24fbe3839599a6a097188bae8cd47ce8083f27deef1341ae3086bf0d5a45bd1,87f63c0590d05baea263cdc42c6e1df2d063fa2def309ecb0283f3036bf33d46,87f63c0590d05baea263cdc42c6e1df2d063fa2def309ecb0283f3036bf33d46,1787977975.871218,36559.74,18279927,0,0.9584569931030273,1.0416193008422852,1.1400394439697266,0.00019073486328125,-0.00324249267578125,0.00476837158203125,-0.0073261260986328125,-0.0024423599243164062,0.19780254364013672,-0.03663063049316406,-0.0073261260986328125,-0.0073261260986328125,-0.07570171356201172,-1.9897441864013672,7.952136993408203,-1.809523582458496,0.10500621795654297,-0.11477375030517578,0.0,-2.2846170204183474,7.546529498153392,-1.7644117025859039,0.0014598386883010045,-0.005946102706572781
47,2,heldout,3,1,0.3490658503988659,1.0132291099944268,3,s,af3726fcacd0ac1320a56ea850b0a2c0f5430cf4eb20a45c078706980f08407e,d24fbe3839599a6a097188bae8cd47ce8083f27deef1341ae3086bf0d5a45bd1,87f63c0590d05baea263cdc42c6e1df2d063fa2def309ecb0283f3036bf33d46,87f63c0590d05baea263cdc42c6e1df2d063fa2def309ecb0283f3036bf33d46,1787977975.8732471,36559.742,18279928,0,0.9584569931030273,1.0416193008422852,1.1408023834228516,0.00019073486328125,-0.00324249267578125,0.00476837158203125,-0.021978378295898438,-0.0024423599243164062,0.1929178237915039,-0.03663063049316406,-0.021978378295898438,-0.0073261260986328125,-0.08058643341064453,-1.9897441864013672,7.979488372802734,-1.8046398162841797,0.10500621795654297,-0.11477375030517578,0.0,-2.2821824914751088,7.544094969210153,-1.764010934283882,0.00147114021341748,-0.005945752530405254
47,2,heldout,3,1,0.3490658503988659,1.0152428579967818,3,s,af3726fcacd0ac1320a56ea850b0a2c0f5430cf4eb20a45c078706980f08407e,d24fbe3839599a6a097188bae8cd47ce8083f27deef1341ae3086bf0d5a45bd1,87f63c0590d05baea263cdc42c6e1df2d063fa2def309ecb0283f3036bf33d46,87f63c0590d05baea263cdc42c6e1df2d063fa2def309ecb0283f3036bf33d46,1787977975.87521,36559.744,18279929,0,0.9584569931030273,1.0412378311157227,1.1415653228759766,0.00019073486328125,-0.00324249267578125,0.00476837158203125,-0.0073261260986328125,-0.0024423599243164062,0.1929178237915039,-0.021978378295898438,-0.0073261260986328125,-0.0073261260986328125,-0.07570171356201172,-1.9897441864013672,7.952136993408203,-1.7997560501098633,0.10500621795654297,-0.11477375030517578,0.0,-2.2750895700798797,7.540434942661947,-1.7634078566736862,0.001488090893443597,-0.005945220777062017
47,2,heldout,3,1,0.3490658503988659,1.0171921349974582,3,s,af3726fcacd0ac1320a56ea850b0a2c0f5430cf4eb20a45c078706980f08407e,d24fbe3839599a6a097188bae8cd47ce8083f27deef1341ae3086bf0d5a45bd1,87f63c0590d05baea263cdc42c6e1df2d063fa2def309ecb0283f3036bf33d46,87f63c0590d05baea263cdc42c6e1df2d063fa2def309ecb0283f3036bf33d46,1787977975.8777883,36559.746,18279930,0,0.9584569931030273,1.0412378311157227,1.1423282623291016,0.00019073486328125,-0.00324249267578125,0.00476837158203125,0.0073261260986328125,-0.0024423599243164062,0.1929178237915039,-0.0073261260986328125,-0.0073261260986328125,-0.0073261260986328125,-0.07570171356201172,-1.9897441864013672,7.911109924316406,-1.7948713302612305,0.10500621795654297,-0.10988998413085938,0.0,-2.272644065696749,7.5379894382788155,-1.7630045218367352,0.001499390265436086,-0.005944861949072818
47,2,heldout,3,1,0.3490658503988659,1.0197767009958625,3,s,af3726fcacd0ac1320a56ea850b0a2c0f5430cf4eb20a45c078706980f08407e,d24fbe3839599a6a097188bae8cd47ce8083f27deef1341ae3086bf0d5a45bd1,87f63c0590d05baea263cdc42c6e1df2d063fa2def309ecb0283f3036bf33d46,87f63c0590d05baea263cdc42c6e1df2d063fa2def309ecb0283f3036bf33d46,1787977975.8791575,36559.748,18279931,0,0.9584569931030273,1.0412378311157227,1.1430912017822266,0.00019073486328125,-0.00324249267578125,0.00476837158203125,-0.021978378295898438,-0.0024423599243164062,0.1880340576171875,-0.021978378295898438,-0.0073261260986328125,-0.0073261260986328125,-0.08058643341064453,-1.9897441864013672,7.883762359619141,-1.7948713302612305,0.10500621795654297,-0.10988998413085938,0.0,-2.2701941736264937,7.535539546208561,-1.7626001607961386,0.0015106887646686175,-0.0059444996607187
47,2,heldout,3,1,0.3490658503988659,1.0211386230002972,3,s,af3726fcacd0ac1320a56ea850b0a2c0f5430cf4eb20a45c078706980f08407e,d24fbe3839599a6a097188bae8cd47ce8083f27deef1341ae3086bf0d5a45bd1,87f63c0590d05baea263cdc42c6e1df2d063fa2def309ecb0283f3036bf33d46,87f63c0590d05baea263cdc42c6e1df2d063fa2def309ecb0283f3036bf33d46,1787977975.8816478,36559.75,18279932,0,0.9584569931030273,1.0412378311157227,1.1438541412353516,0.00019073486328125,-0.00324249267578125,0.00476837158203125,-0.0073261260986328125,-0.0024423599243164062,0.1880340576171875,-0.03663063049316406,-0.0073261260986328125,-0.0073261260986328125,-0.07570171356201172,-1.9897441864013672,7.870086669921875,-1.7948713302612305,0.10500621795654297,-0.10988998413085938,0.0,-2.267739895295148,7.533085267877215,-1.7621947737872674,0.0015219863845645988,-0.005944133912210546
47,2,heldout,3,1,0.3490658503988659,1.0236263769984362,3,s,af3726fcacd0ac1320a56ea850b0a2c0f5430cf4eb20a45c078706980f08407e,d24fbe3839599a6a097188bae8cd47ce8083f27deef1341ae3086bf0d5a45bd1,87f63c0590d05baea263cdc42c6e1df2d063fa2def309ecb0283f3036bf33d46,87f63c0590d05baea263cdc42c6e1df2d063fa2def309ecb0283f3036bf33d46,1787977975.8835452,36559.752,18279933,0,0.9584569931030273,1.0412378311157227,1.1446170806884766,0.00019073486328125,-0.00324249267578125,0.00476837158203125,-0.0073261260986328125,-0.0024423599243164062,0.1880340576171875,-0.021978378295898438,0.0073261260986328125,-0.0073261260986328125,-0.07570171356201172,-1.9897441864013672,7.8153839111328125,-1.789987564086914,0.10500621795654297,-0.10988998413085938,0.0,-2.2652812321312865,7.530626604713354,-1.7617883610460874,0.0015332831185479472,-0.005943764703761245
47,2,heldout,3,1,0.3490658503988659,1.0255241560007562,3,s,af3726fcacd0ac1320a56ea850b0a2c0f5430cf4eb20a45c078706980f08407e,d24fbe3839599a6a097188bae8cd47ce8083f27deef1341ae3086bf0d5a45bd1,87f63c0590d05baea263cdc42c6e1df2d063fa2def309ecb0283f3036bf33d46,87f63c0590d05baea263cdc42c6e1df2d063fa2def309ecb0283f3036bf33d46,1787977975.8854213,36559.754,18279934,0,0.9584569931030273,1.0412378311157227,1.1453800201416016,0.00019073486328125,-0.00324249267578125,0.00476837158203125,-0.0073261260986328125,-0.0024423599243164062,0.1880340576171875,0.0073261260986328125,-0.0073261260986328125,-0.0073261260986328125,-0.08058643341064453,-1.9760684967041016,7.788032531738281,-1.7851037979125977,0.10012245178222656,-0.11477375030517578,0.0,-2.2628181855660374,7.528163558148106,-1.7613809228091624,0.0015445789600431019,-0.005943392035585712
47,2,heldout,3,1,0.3490658503988659,1.027401216000726,3,s,af3726fcacd0ac1320a56ea850b0a2c0f5430cf4eb20a45c078706980f08407e,d24fbe3839599a6a097188bae8cd47ce8083f27deef1341ae3086bf0d5a45bd1,87f63c0590d05baea263cdc42c6e1df2d063fa2def309ecb0283f3036bf33d46,87f63c0590d05baea263cdc42c6e1df2d063fa2def309ecb0283f3036bf33d46,1787977975.8874023,36559.756,18279935,0,0.9584569931030273,1.0412378311157227,1.1461429595947266,0.00019073486328125,-0.00324249267578125,0.00476837158203125,-0.0073261260986328125,-0.0024423599243164062,0.1880340576171875,-0.0073261260986328125,-0.0073261260986328125,-0.0073261260986328125,-0.07570171356201172,-1.9760684967041016,7.760684967041016,-1.789987564086914,0.10012245178222656,-0.11477375030517578,0.0,-2.2603507570330876,7.525696129615155,-1.7609724593136522,0.0015558739024750146,-0.005943015907900863
47,2,heldout,3,1,0.3490658503988659,1.0293830379960127,3,s,af3726fcacd0ac1320a56ea850b0a2c0f5430cf4eb20a45c078706980f08407e,d24fbe3839599a6a097188bae8cd47ce8083f27deef1341ae3086bf0d5a45bd1,87f63c0590d05baea263cdc42c6e1df2d063fa2def309ecb0283f3036bf33d46,87f63c0590d05baea263cdc42c6e1df2d063fa2def309ecb0283f3036bf33d46,1787977975.8892877,36559.758,18279936,0,0.9584569931030273,1.0412378311157227,1.1469058990478516,0.00019073486328125,-0.00324249267578125,0.00476837158203125,-0.0073261260986328125,-0.0024423599243164062,0.1880340576171875,-0.021978378295898438,-0.021978378295898438,-0.0073261260986328125,-0.08058643341064453,-1.9760684967041016,7.733333587646484,-1.7948713302612305,0.10012245178222656,-0.11477375030517578,0.0,-2.25787894796866,7.523224320550728,-1.7605629707973125,0.0015671679392691691,-0.00594263632092563
47,2,heldout,3,1,0.3490658503988659,1.0312670349958353,3,s,af3726fcacd0ac1320a56ea850b0a2c0f5430cf4eb20a45c078706980f08407e,d24fbe3839599a6a097188bae8cd47ce8083f27deef1341ae3086bf0d5a45bd1,87f63c0590d05baea263cdc42c6e1df2d063fa2def309ecb0283f3036bf33d46,87f63c0590d05baea263cdc42c6e1df2d063fa2def309ecb0283f3036bf33d46,1787977975.8912044,36559.759999999995,18279937,0,0.9584569931030273,1.0412378311157227,1.1476688385009766,0.00019073486328125,-0.00324249267578125,0.00476837158203125,-0.0073261260986328125,-0.0024423599243164062,0.1831502914428711,-0.0073261260986328125,-0.0073261260986328125,-0.0073261260986328125,-0.07570171356201172,-1.9760684967041016,7.801708221435547,-1.7948713302612305,0.10012245178222656,-0.11477375030517578,0.0,-2.2554027598115463,7.520748132393614,-1.760152457498499,0.001578461063851567,-0.0059422532748809685
47,2,heldout,3,1,0.3490658503988659,1.0332150869944599,3,s,af3726fcacd0ac1320a56ea850b0a2c0f5430cf4eb20a45c078706980f08407e,d24fbe3839599a6a097188bae8cd47ce8083f27deef1341ae3086bf0d5a45bd1,87f63c0590d05baea263cdc42c6e1df2d063fa2def309ecb0283f3036bf33d46,87f63c0590d05baea263cdc42c6e1df2d063fa2def309ecb0283f3036bf33d46,1787977975.8931608,36559.761999999995,18279938,0,0.9584569931030273,1.0412378311157227,1.1484317779541016,0.00019073486328125,-0.00324249267578125,0.00476837158203125,-0.0073261260986328125,-0.0024423599243164062,0.1831502914428711,-0.0073261260986328125,-0.021978378295898438,-0.0073261260986328125,-0.07570171356201172,-1.9760684967041016,7.801708221435547,-1.7948713302612305,0.10012245178222656,-0.11477375030517578,0.0,-2.252922194003072,7.5182675665851395,-1.7597409196561615,0.0015897532696487436,-0.00594186676998984
47,2,heldout,3,1,0.3490658503988659,1.0351414760007174,3,s,af3726fcacd0ac1320a56ea850b0a2c0f5430cf4eb20a45c078706980f08407e,d24fbe3839599a6a097188bae8cd47ce8083f27deef1341ae3086bf0d5a45bd1,87f63c0590d05baea263cdc42c6e1df2d063fa2def309ecb0283f3036bf33d46,87f63c0590d05baea263cdc42c6e1df2d063fa2def309ecb0283f3036bf33d46,1787977975.8956416,36559.763999999996,18279939,0,0.9584569931030273,1.0412378311157227,1.1491947174072266,0.00019073486328125,-0.00324249267578125,0.00476837158203125,-0.0073261260986328125,-0.0024423599243164062,0.1880340576171875,0.0073261260986328125,-0.021978378295898438,-0.0073261260986328125,-0.07570171356201172,-1.9760684967041016,7.8153839111328125,-1.7997560501098633,0.10500621795654297,-0.11477375030517578,0.0,-2.2504372519871207,7.515782624569188,-1.7593283575098468,0.0016010445500877733,-0.005941476806477217
47,2,heldout,3,1,0.3490658503988659,1.0376233200004208,3,s,af3726fcacd0ac1320a56ea850b0a2c0f5430cf4eb20a45c078706980f08407e,d24fbe3839599a6a097188bae8cd47ce8083f27deef1341ae3086bf0d5a45bd1,87f63c0590d05baea263cdc42c6e1df2d063fa2def309ecb0283f3036bf33d46,87f63c0590d05baea263cdc42c6e1df2d063fa2def309ecb0283f3036bf33d46,1787977975.8976407,36559.765999999996,18279940,0,0.9584569931030273,1.0412378311157227,1.1499576568603516,0.00019073486328125,-0.00324249267578125,0.00476837158203125,0.0073261260986328125,-0.0024423599243164062,0.1831502914428711,-0.021978378295898438,-0.0073261260986328125,-0.0073261260986328125,-0.07570171356201172,-1.962392807006836,7.856410980224609,-1.8046398162841797,0.10500621795654297,-0.10988998413085938,0.0,-2.247947935210113,7.513293307792179,-1.7589147712996955,0.0016123348985962647,-0.0059410833845700865
47,2,heldout,3,1,0.3490658503988659,1.0396226289958577,3,s,af3726fcacd0ac1320a56ea850b0a2c0f5430cf4eb20a45c078706980f08407e,d24fbe3839599a6a097188bae8cd47ce8083f27deef1341ae3086bf0d5a45bd1,87f63c0590d05baea263cdc42c6e1df2d063fa2def309ecb0283f3036bf33d46,87f63c0590d05baea263cdc42c6e1df2d063fa2def309ecb0283f3036bf33d46,1787977975.899558,36559.768,18279941,0,0.9584569931030273,1.0412378311157227,1.1507205963134766,0.00019073486328125,-0.00324249267578125,0.00476837158203125,-0.0073261260986328125,-0.0024423599243164062,0.1831502914428711,-0.0073261260986328125,0.0073261260986328125,-0.0073261260986328125,-0.07570171356201172,-1.962392807006836,7.897434234619141,-1.7997560501098633,0.10500621795654297,-0.11477375030517578,0.0,-2.245454245121029,7.510799617703096,-1.7585001612664493,0.0016236243086023743,-0.005940686504497453
47,2,heldout,3,1,0.3490658503988659,1.0415387809989625,3,s,af3726fcacd0ac1320a56ea850b0a2c0f5430cf4eb20a45c078706980f08407e,d24fbe3839599a6a097188bae8cd47ce8083f27deef1341ae3086bf0d5a45bd1,87f63c0590d05baea263cdc42c6e1df2d063fa2def309ecb0283f3036bf33d46,87f63c0590d05baea263cdc42c6e1df2d063fa2def309ecb0283f3036bf33d46,1787977975.901487,36559.77,18279942,0,0.9584569931030273,1.0412378311157227,1.151102066040039,0.00019073486328125,-0.00324249267578125,0.00476837158203125,-0.021978378295898438,-0.0024423599243164062,0.1782665252685547,-0.0073261260986328125,-0.0073261260986328125,-0.0073261260986328125,-0.07570171356201172,-1.962392807006836,7.952136993408203,-1.7997560501098633,0.10500621795654297,-0.11477375030517578,0.0,-2.244205760537956,7.5095511331200235,-1.7582924723915587,0.0016292686596134785,-0.005940486767721187
47,2,heldout,3,1,0.3490658503988659,1.043476920996909,3,s,af3726fcacd0ac1320a56ea850b0a2c0f5430cf4eb20a45c078706980f08407e,d24fbe3839599a6a097188bae8cd47ce8083f27deef1341ae3086bf0d5a45bd1,87f63c0590d05baea263cdc42c6e1df2d063fa2def309ecb0283f3036bf33d46,87f63c0590d05baea263cdc42c6e1df2d063fa2def309ecb0283f3036bf33d46,1787977975.9034126,36559.772,18279943,0,0.9584569931030273,1.0412378311157227,1.151865005493164,0.00019073486328125,-0.00324249267578125,0.00476837158203125,0.0073261260986328125,-0.0024423599243164062,0.17338180541992188,-0.0073261260986328125,-0.0073261260986328125,-0.0073261260986328125,-0.07570171356201172,-1.9487171173095703,7.774360656738281,-1.7948713302612305,0.10500621795654297,-0.10988998413085938,0.0,-2.2417055132031454,7.507050885785212,-1.7578763270763567,0.0016405566495449905,-0.00594008470083408
47,2,heldout,3,1,0.3490658503988659,1.0453932679956779,3,s,af3726fcacd0ac1320a56ea850b0a2c0f5430cf4eb20a45c078706980f08407e,d24fbe3839599a6a097188bae8cd47ce8083f27deef1341ae3086bf0d5a45bd1,87f63c0590d05baea263cdc42c6e1df2d063fa2def309ecb0283f3036bf33d46,87f63c0590d05baea263cdc42c6e1df2d063fa2def309ecb0283f3036bf33d46,1787977975.9053054,36559.774,18279944,0,0.9584569931030273,1.0412378311157227,1.152627944946289,0.00019073486328125,-0.00324249267578125,0.00476837158203125,-0.0073261260986328125,-0.0024423599243164062,0.17338180541992188,-0.0073261260986328125,-0.021978378295898438,-0.0073261260986328125,-0.08058643341064453,-1.9487171173095703,7.801708221435547,-1.7948713302612305,0.10500621795654297,-0.10988998413085938,0.0,-2.2392008961898187,7.504546268771886,-1.757459158542513,0.0016518436845468956,-0.0059396791763627835
47,2,heldout,3,1,0.3490658503988659,1.0472839909998584,3,s,af3726fcacd0ac1320a56ea850b0a2c0f5430cf4eb20a45c078706980f08407e,d24fbe3839599a6a097188bae8cd47ce8083f27deef1341ae3086bf0d5a45bd1,87f63c0590d05baea263cdc42c6e1df2d063fa2def309ecb0283f3036bf33d46,87f63c0590d05baea263cdc42c6e1df2d063fa2def309ecb0283f3036bf33d46,1787977975.9073336,36559.776,18279945,0,0.9584569931030273,1.0412378311157227,1.153390884399414,0.00019073486328125,-0.00324249267578125,0.00476837158203125,-0.0073261260986328125,-0.0024423599243164062,0.1782665252685547,-0.0073261260986328125,0.0073261260986328125,-0.0073261260986328125,-0.08058643341064453,-1.9487171173095703,7.788032531738281,-1.7948713302612305,0.10500621795654297,-0.10988998413085938,0.0,-2.2366919109558605,7.502037283537927,-1.7570409670328504,0.0016631297580492806,-0.005939270194543336
47,2,heldout,3,1,0.3490658503988659,1.0493151240007137,3,s,af3726fcacd0ac1320a56ea850b0a2c0f5430cf4eb20a45c078706980f08407e,d24fbe3839599a6a097188bae8cd47ce8083f27deef1341ae3086bf0d5a45bd1,87f63c0590d05baea263cdc42c6e1df2d063fa2def309ecb0283f3036bf33d46,87f63c0590d05baea263cdc42c6e1df2d063fa2def309ecb0283f3036bf33d46,1787977975.9092412,36559.778,18279946,0,0.9584569931030273,1.0412378311157227,1.154153823852539,0.00019073486328125,-0.00324249267578125,0.00476837158203125,-0.0073261260986328125,-0.0024423599243164062,0.1782665252685547,-0.0073261260986328125,-0.0073261260986328125,-0.0073261260986328125,-0.08058643341064453,-1.9487171173095703,7.788032531738281,-1.7948713302612305,0.10500621795654297,-0.10988998413085938,0.0,-2.2341785589616903,7.499523931543758,-1.75662175279079,0.0016744148634827778,-0.005938857755613805
47,2,heldout,3,1,0.3490658503988659,1.051222179994511,3,s,af3726fcacd0ac1320a56ea850b0a2c0f5430cf4eb20a45c078706980f08407e,d24fbe3839599a6a097188bae8cd47ce8083f27deef1341ae3086bf0d5a45bd1,87f63c0590d05baea263cdc42c6e1df2d063fa2def309ecb0283f3036bf33d46,87f63c0590d05baea263cdc42c6e1df2d063fa2def309ecb0283f3036bf33d46,1787977975.9111483,36559.78,18279947,0,0.9584569931030273,1.0412378311157227,1.154916763305664,0.00019073486328125,-0.00324249267578125,0.00476837158203125,-0.0073261260986328125,-0.0024423599243164062,0.1782665252685547,-0.0073261260986328125,-0.021978378295898438,-0.0073261260986328125,-0.08058643341064453,-1.9487171173095703,7.829059600830078,-1.789987564086914,0.10500621795654297,-0.10988998413085938,0.0,-2.23166084167027,7.4970062142523375,-1.756201516060345,0.0016856989942786002,-0.005938441859814252
47,2,heldout,3,1,0.3490658503988659,1.053159566996328,3,s,af3726fcacd0ac1320a56ea850b0a2c0f5430cf4eb20a45c078706980f08407e,d24fbe3839599a6a097188bae8cd47ce8083f27deef1341ae3086bf0d5a45bd1,87f63c0590d05baea263cdc42c6e1df2d063fa2def309ecb0283f3036bf33d46,87f63c0590d05baea263cdc42c6e1df2d063fa2def309ecb0283f3036bf33d46,1787977975.9136832,36559.782,18279948,0,0.9584569931030273,1.0412378311157227,1.155679702758789,-0.00019073486328125,-0.00324249267578125,0.00476837158203125,-0.0073261260986328125,-0.0024423599243164062,0.17338180541992188,-0.03663063049316406,-0.0073261260986328125,-0.0073261260986328125,-0.07570171356201172,-1.9350433349609375,7.897434234619141,-1.789987564086914,0.10500621795654297,-0.10988998413085938,0.0,-2.228927747795187,7.494273120377255,-1.7555692443342057,0.0017026233486588387,-0.005937811535013752
47,2,heldout,3,1,0.3490658503988659,1.0556611879947013,3,s,af3726fcacd0ac1320a56ea850b0a2c0f5430cf4eb20a45c078706980f08407e,d24fbe3839599a6a097188bae8cd47ce8083f27deef1341ae3086bf0d5a45bd1,87f63c0590d05baea263cdc42c6e1df2d063fa2def309ecb0283f3036bf33d46,87f63c0590d05baea263cdc42c6e1df2d063fa2def309ecb0283f3036bf33d46,1787977975.9155948,36559.784,18279949,0,0.9584569931030273,1.0412378311157227,1.1560611724853516,0.00019073486328125,-0.00324249267578125,0.00476837158203125,-0.021978378295898438,-0.0024423599243164062,0.16849803924560547,-0.021978378295898438,-0.0073261260986328125,-0.0073261260986328125,-0.07570171356201172,-1.9350433349609375,7.9931640625,-1.789987564086914,0.10500621795654297,-0.10988998413085938,0.0,-2.2278760840072875,7.493221456589355,-1.7555692443342057,0.001702623348658839,-0.005937811535013752
47,2,heldout,3,1,0.3490658503988659,1.057568149000872,3,s,af3726fcacd0ac1320a56ea850b0a2c0f5430cf4eb20a45c078706980f08407e,d24fbe3839599a6a097188bae8cd47ce8083f27deef1341ae3086bf0d5a45bd1,87f63c0590d05baea263cdc42c6e1df2d063fa2def309ecb0283f3036bf33d46,87f63c0590d05baea263cdc42c6e1df2d063fa2def309ecb0283f3036bf33d46,1787977975.917453,36559.786,18279950,0,0.9584569931030273,1.0412378311157227,1.156825065612793,-0.00019073486328125,-0.00324249267578125,0.00476837158203125,-0.0073261260986328125,-0.0024423599243164062,0.15384578704833984,-0.021978378295898438,-0.0073261260986328125,-0.0073261260986328125,-0.07570171356201172,-1.9487171173095703,7.979488372802734,-1.7851037979125977,0.10500621795654297,-0.10988998413085938,0.0,-2.2251325166759592,7.490477889258026,-1.7549341436200852,0.0017195595739949287,-0.005937172898632524
47,2,heldout,3,1,0.3490658503988659,1.059424831000797,3,s,af3726fcacd0ac1320a56ea850b0a2c0f5430cf4eb20a45c078706980f08407e,d24fbe3839599a6a097188bae8cd47ce8083f27deef1341ae3086bf0d5a45bd1,87f63c0590d05baea263cdc42c6e1df2d063fa2def309ecb0283f3036bf33d46,87f63c0590d05baea263cdc42c6e1df2d063fa2def309ecb0283f3036bf33d46,1787977975.9193625,36559.788,18279951,0,0.9584569931030273,1.0412378311157227,1.157588005065918,0.00019073486328125,-0.00324249267578125,0.00476837158203125,-0.0073261260986328125,-0.0024423599243164062,0.14896202087402344,-0.0073261260986328125,-0.021978378295898438,-0.0073261260986328125,-0.07570171356201172,-1.9487171173095703,7.883762359619141,-1.7802200317382812,0.10500621795654297,-0.10988998413085938,0.0,-2.222811306657377,7.488156679239444,-1.754722108538591,0.001725199782176388,-0.005936958468023914
47,2,heldout,3,1,0.3490658503988659,1.0613441709938343,3,s,af3726fcacd0ac1320a56ea850b0a2c0f5430cf4eb20a45c078706980f08407e,d24fbe3839599a6a097188bae8cd47ce8083f27deef1341ae3086bf0d5a45bd1,87f63c0590d05baea263cdc42c6e1df2d063fa2def309ecb0283f3036bf33d46,87f63c0590d05baea263cdc42c6e1df2d063fa2def309ecb0283f3036bf33d46,1787977975.9212549,36559.79,18279952,0,0.9584569931030273,1.0412378311157227,1.158350944519043,-0.00019073486328125,-0.00324249267578125,0.00476837158203125,-0.0073261260986328125,-0.0024423599243164062,0.15873050689697266,-0.021978378295898438,-0.0073261260986328125,-0.0073261260986328125,-0.08058643341064453,-1.9487171173095703,7.842735290527344,-1.7802200317382812,0.10500621795654297,-0.10988998413085938,0.0,-2.220061157227402,7.485406529809469,-1.7540844713436916,0.0017421188971402728,-0.005936309992676613
47,2,heldout,3,1,0.3490658503988659,1.0632364359989879,3,s,af3726fcacd0ac1320a56ea850b0a2c0f5430cf4eb20a45c078706980f08407e,d24fbe3839599a6a097188bae8cd47ce8083f27deef1341ae3086bf0d5a45bd1,87f63c0590d05baea263cdc42c6e1df2d063fa2def309ecb0283f3036bf33d46,87f63c0590d05baea263cdc42c6e1df2d063fa2def309ecb0283f3036bf33d46,1787977975.9231822,36559.792,18279953,0,0.9584569931030273,1.0412378311157227,1.1587324142456055,-0.00019073486328125,-0.00324249267578125,0.00476837158203125,-0.021978378295898438,-0.0024423599243164062,0.16361427307128906,-0.0073261260986328125,0.0073261260986328125,-0.0073261260986328125,-0.07570171356201172,-1.9487171173095703,7.801708221435547,-1.7753353118896484,0.10500621795654297,-0.10988998413085938,0.0,-2.2187905937286265,7.484135966310694,-1.7538714150650168,0.0017477580961991217,-0.0059360921064918705
47,2,heldout,3,1,0.3490658503988659,1.0651621989964042,3,s,af3726fcacd0ac1320a56ea850b0a2c0f5430cf4eb20a45c078706980f08407e,d24fbe3839599a6a097188bae8cd47ce8083f27deef1341ae3086bf0d5a45bd1,87f63c0590d05baea263cdc42c6e1df2d063fa2def309ecb0283f3036bf33d46,87f63c0590d05baea263cdc42c6e1df2d063fa2def309ecb0283f3036bf33d46,1787977975.9256566,36559.794,18279954,0,0.9584569931030273,1.0412378311157227,1.1594953536987305,-0.00019073486328125,-0.00324249267578125,0.00476837158203125,-0.0073261260986328125,-0.0024423599243164062,0.16849803924560547,-0.021978378295898438,-0.0073261260986328125,-0.0073261260986328125,-0.08058643341064453,-1.9350433349609375,7.774360656738281,-1.7753353118896484,0.10500621795654297,-0.10988998413085938,0.0,-2.2162461996608087,7.481591572242876,-1.7534445368730733,0.0017590357304994217,-0.005935653742708977
47,2,heldout,3,1,0.3490658503988659,1.0676369089997024,3,s,af3726fcacd0ac1320a56ea850b0a2c0f5430cf4eb20a45c078706980f08407e,d24fbe3839599a6a097188bae8cd47ce8083f27deef1341ae3086bf0d5a45bd1,87f63c0590d05baea263cdc42c6e1df2d063fa2def309ecb0283f3036bf33d46,87f63c0590d05baea263cdc42c6e1df2d063fa2def309ecb0283f3036bf33d46,1787977975.9275367,36559.795999999995,18279955,0,0.9584569931030273,1.0412378311157227,1.1602582931518555,-0.00019073486328125,-0.00324249267578125,0.00476837158203125,-0.0073261260986328125,-0.0024423599243164062,0.16849803924560547,-0.0073261260986328125,-0.0073261260986328125,-0.0073261260986328125,-0.08058643341064453,-1.9350433349609375,7.801708221435547,-1.7753353118896484,0.10012245178222656,-0.10988998413085938,0.0,-2.2136974507337497,7.479042823315817,-1.7530166380421304,0.0017703123409062173,-0.005935211923921048
47,2,heldout,3,1,0.3490658503988659,1.0695111280001584,3,s,af3726fcacd0ac1320a56ea850b0a2c0f5430cf4eb20a45c078706980f08407e,d24fbe3839599a6a097188bae8cd47ce8083f27deef1341ae3086bf0d5a45bd1,87f63c0590d05baea263cdc42c6e1df2d063fa2def309ecb0283f3036bf33d46,87f63c0590d05baea263cdc42c6e1df2d063fa2def309ecb0283f3036bf33d46,1787977975.9294086,36559.797999999995,18279956,0,0.9584569931030273,1.0412378311157227,1.1610212326049805,0.00019073486328125,-0.00324249267578125,0.00476837158203125,-0.0073261260986328125,-0.0024423599243164062,0.16849803924560547,0.0073261260986328125,0.0073261260986328125,-0.0073261260986328125,-0.08058643341064453,-1.9350433349609375,7.842735290527344,-1.7753353118896484,0.10500621795654297,-0.11477375030517578,0.0,-2.2113589355746024,7.476704308156671,-1.752802305964845,0.0017759502600983243,-0.0059349897189804835
47,2,heldout,3,1,0.3490658503988659,1.0713824949998525,3,s,af3726fcacd0ac1320a56ea850b0a2c0f5430cf4eb20a45c078706980f08407e,d24fbe3839599a6a097188bae8cd47ce8083f27deef1341ae3086bf0d5a45bd1,87f63c0590d05baea263cdc42c6e1df2d063fa2def309ecb0283f3036bf33d46,87f63c0590d05baea263cdc42c6e1df2d063fa2def309ecb0283f3036bf33d46,1787977975.931304,36559.799999999996,18279957,0,0.9584569931030273,1.0412378311157227,1.161402702331543,0.00019073486328125,-0.00324249267578125,0.00476837158203125,-0.0073261260986328125,-0.0024423599243164062,0.16361427307128906,0.0073261260986328125,-0.0073261260986328125,-0.0073261260986328125,-0.08058643341064453,-1.9213676452636719,7.897434234619141,-1.7802200317382812,0.10500621795654297,-0.11477375030517578,0.0,-2.2100810074067363,7.475426379988804,-1.752587718821255,0.0017815879208556607,-0.0059347666503852545
47,2,heldout,3,1,0.3490658503988659,1.0733078549965285,3,s,af3726fcacd0ac1320a56ea850b0a2c0f5430cf4eb20a45c078706980f08407e,d24fbe3839599a6a097188bae8cd47ce8083f27deef1341ae3086bf0d5a45bd1,87f63c0590d05baea263cdc42c6e1df2d063fa2def309ecb0283f3036bf33d46,87f63c0590d05baea263cdc42c6e1df2d063fa2def309ecb0283f3036bf33d46,1787977975.9332168,36559.801999999996,18279958,0,0.9584569931030273,1.0412378311157227,1.162165641784668,0.00019073486328125,-0.00324249267578125,0.00476837158203125,-0.0073261260986328125,-0.0024423599243164062,0.15873050689697266,0.0073261260986328125,-0.021978378295898438,-0.0073261260986328125,-0.08058643341064453,-1.9350433349609375,7.870086669921875,-1.7851037979125977,0.10500621795654297,-0.11477375030517578,0.0,-2.2075218878040443,7.472867260386112,-1.7521577794601144,0.0017928624637844957,-0.005934317922360785
47,2,heldout,3,1,0.3490658503988659,1.0751971539939404,3,s,af3726fcacd0ac1320a56ea850b0a2c0f5430cf4eb20a45c078706980f08407e,d24fbe3839599a6a097188bae8cd47ce8083f27deef1341ae3086bf0d5a45bd1,87f63c0590d05baea263cdc42c6e1df2d063fa2def309ecb0283f3036bf33d46,87f63c0590d05baea263cdc42c6e1df2d063fa2def309ecb0283f3036bf33d46,1787977975.9356573,36559.804,18279959,0,0.9584569931030273,1.0412378311157227,1.1625471115112305,-0.00019073486328125,-0.00324249267578125,0.00476837158203125,-0.0073261260986328125,-0.0024423599243164062,0.14896202087402344,-0.0073261260986328125,-0.0073261260986328125,-0.0073261260986328125,-0.08058643341064453,-1.9213676452636719,7.965812683105469,-1.789987564086914,0.10500621795654297,-0.11477375030517578,0.0,-2.2060250896454514,7.471370462227519,-1.751726820208963,0.00180413596313008,-0.005933865740108826
47,2,heldout,3,1,0.3490658503988659,1.0776320969962399,3,s,af3726fcacd0ac1320a56ea850b0a2c0f5430cf4eb20a45c078706980f08407e,d24fbe3839599a6a097188bae8cd47ce8083f27deef1341ae3086bf0d5a45bd1,87f63c0590d05baea263cdc42c6e1df2d063fa2def309ecb0283f3036bf33d46,87f63c0590d05baea263cdc42c6e1df2d063fa2def309ecb0283f3036bf33d46,1787977975.9375565,36559.806,18279960,0,0.9584569931030273,1.0412378311157227,1.1633100509643555,0.00019073486328125,-0.00324249267578125,0.00476837158203125,-0.0073261260986328125,-0.0024423599243164062,0.14896202087402344,0.0073261260986328125,-0.0073261260986328125,-0.0073261260986328125,-0.07570171356201172,-1.9076919555664062,7.883762359619141,-1.789987564086914,0.10500621795654297,-0.11477375030517578,0.0,-2.203675053026778,7.469020425608845,-1.7515109582030015,0.0018097723194084904,-0.005933638353729712
47,2,heldout,3,1,0.3490658503988659,1.079535559998476,3,s,af3726fcacd0ac1320a56ea850b0a2c0f5430cf4eb20a45c078706980f08407e,d24fbe3839599a6a097188bae8cd47ce8083f27deef1341ae3086bf0d5a45bd1,87f63c0590d05baea263cdc42c6e1df2d063fa2def309ecb0283f3036bf33d46,87f63c0590d05baea263cdc42c6e1df2d063fa2def309ecb0283f3036bf33d46,1787977975.9394457,36559.808,18279961,0,0.9584569931030273,1.0412378311157227,1.1640729904174805,0.00019073486328125,-0.00324249267578125,0.00476837158203125,-0.0073261260986328125,-0.0024423599243164062,0.14896202087402344,0.021978378295898438,-0.0073261260986328125,-0.0073261260986328125,-0.08058643341064453,-1.9213676452636719,7.774360656738281,-1.7948713302612305,0.10500621795654297,-0.11477375030517578,0.0,-2.2011050617700665,7.466450434352134,-1.7510784695873676,0.0018210442410755605,-0.00593318099063066
47,2,heldout,3,1,0.3490658503988659,1.081421976996353,3,s,af3726fcacd0ac1320a56ea850b0a2c0f5430cf4eb20a45c078706980f08407e,d24fbe3839599a6a097188bae8cd47ce8083f27deef1341ae3086bf0d5a45bd1,87f63c0590d05baea263cdc42c6e1df2d063fa2def309ecb0283f3036bf33d46,87f63c0590d05baea263cdc42c6e1df2d063fa2def309ecb0283f3036bf33d46,1787977975.9412966,36559.81,18279962,0,0.9584569931030273,1.0412378311157227,1.1648359298706055,0.00019073486328125,-0.00324249267578125,0.00476837158203125,-0.0073261260986328125,-0.0024423599243164062,0.15384578704833984,-0.0073261260986328125,-0.0073261260986328125,-0.0073261260986328125,-0.07570171356201172,-1.9076919555664062,7.829059600830078,-1.7997560501098633,0.10500621795654297,-0.10988998413085938,0.0,-2.1985307244674175,7.463876097049484,-1.7506449617099655,0.0018323151027554263,-0.005932720173965902
47,2,heldout,3,1,0.3490658503988659,1.083268082998984,3,s,af3726fcacd0ac1320a56ea850b0a2c0f5430cf4eb20a45c078706980f08407e,d24fbe3839599a6a097188bae8cd47ce8083f27deef1341ae3086bf0d5a45bd1,87f63c0590d05baea263cdc42c6e1df2d063fa2def309ecb0283f3036bf33d46,87f63c0590d05baea263cdc42c6e1df2d063fa2def309ecb0283f3036bf33d46,1787977975.9431376,36559.812,18279963,0,0.9584569931030273,1.0412378311157227,1.165217399597168,0.00019073486328125,-0.00324249267578125,0.00476837158203125,-0.0073261260986328125,-0.0024423599243164062,0.15873050689697266,-0.0073261260986328125,-0.0073261260986328125,-0.0073261260986328125,-0.08058643341064453,-1.9076919555664062,7.774360656738281,-1.7997560501098633,0.10500621795654297,-0.11477375030517578,0.0,-2.1972419265170355,7.462587299099104,-1.7504278256269323,0.001837950134049976,-0.005932488470630129
47,2,heldout,3,1,0.3490658503988659,1.0851080509964959,3,s,af3726fcacd0ac1320a56ea850b0a2c0f5430cf4eb20a45c078706980f08407e,d24fbe3839599a6a097188bae8cd47ce8083f27deef1341ae3086bf0d5a45bd1,87f63c0590d05baea263cdc42c6e1df2d063fa2def309ecb0283f3036bf33d46,87f63c0590d05baea263cdc42c6e1df2d063fa2def309ecb0283f3036bf33d46,1787977975.9455678,36559.814,18279964,0,0.9584569931030273,1.0412378311157227,1.165980339050293,0.00019073486328125,-0.00324249267578125,0.00476837158203125,-0.0073261260986328125,-0.0024423599243164062,0.16361427307128906,-0.0073261260986328125,-0.0073261260986328125,-0.0073261260986328125,-0.07570171356201172,-1.9076919555664062,7.801708221435547,-1.7948713302612305,0.10500621795654297,-0.11477375030517578,0.0,-2.1946610729558804,7.460006445537948,-1.7499927893301908,0.001849219393448279,-0.005932022474120376
47,2,heldout,3,1,0.3490658503988659,1.0875464959972305,3,s,af3726fcacd0ac1320a56ea850b0a2c0f5430cf4eb20a45c078706980f08407e,d24fbe3839599a6a097188bae8cd47ce8083f27deef1341ae3086bf0d5a45bd1,87f63c0590d05baea263cdc42c6e1df2d063fa2def309ecb0283f3036bf33d46,87f63c0590d05baea263cdc42c6e1df2d063fa2def309ecb0283f3036bf33d46,1787977975.9475145,36559.816,18279965,0,0.9584569931030273,1.0412378311157227,1.166743278503418,0.00019073486328125,-0.00324249267578125,0.00476837158203125,0.0073261260986328125,-0.0024423599243164062,0.15873050689697266,-0.0073261260986328125,0.0073261260986328125,-0.0073261260986328125,-0.07570171356201172,-1.9076919555664062,7.842735290527344,-1.7948713302612305,0.10500621795654297,-0.11477375030517578,0.0,-2.19207587709968,7.457421249681747,-1.7495567344036291,0.001860487576459282,-0.005931553024719264
47,2,heldout,3,1,0.3490658503988659,1.0894920139980968,3,s,af3726fcacd0ac1320a56ea850b0a2c0f5430cf4eb20a45c078706980f08407e,d24fbe3839599a6a097188bae8cd47ce8083f27deef1341ae3086bf0d5a45bd1,87f63c0590d05baea263cdc42c6e1df2d063fa2def309ecb0283f3036bf33d46,87f63c0590d05baea263cdc42c6e1df2d063fa2def309ecb0283f3036bf33d46,1787977975.9493954,36559.818,18279966,0,0.9584569931030273,1.0412378311157227,1.1671247482299805,0.00019073486328125,-0.00324249267578125,0.00476837158203125,-0.0073261260986328125,-0.0024423599243164062,0.15384578704833984,-0.0073261260986328125,-0.0073261260986328125,-0.0073261260986328125,-0.07570171356201172,-1.8803424835205078,7.829059600830078,-1.7948713302612305,0.10500621795654297,-0.10988998413085938,0.0,-2.1907816512810827,7.45612702386315,-1.7493383250334613,0.0018661212622698479,-0.0059313170052697605
47,2,heldout,3,1,0.3490658503988659,1.091374313000415,3,s,af3726fcacd0ac1320a56ea850b0a2c0f5430cf4eb20a45c078706980f08407e,d24fbe3839599a6a097188bae8cd47ce8083f27deef1341ae3086bf0d5a45bd1,87f63c0590d05baea263cdc42c6e1df2d063fa2def309ecb0283f3036bf33d46,87f63c0590d05baea263cdc42c6e1df2d063fa2def309ecb0283f3036bf33d46,1787977975.9512866,36559.82,18279967,0,0.9584569931030273,1.0412378311157227,1.1678876876831055,0.00019073486328125,-0.00324249267578125,0.00476837158203125,0.0073261260986328125,-0.0024423599243164062,0.14896202087402344,-0.021978378295898438,-0.021978378295898438,-0.0073261260986328125,-0.07570171356201172,-1.8940162658691406,7.829059600830078,-1.789987564086914,0.10500621795654297,-0.10988998413085938,0.0,-2.188189944804572,7.453535317386639,-1.7489007426382637,0.001877387818402071,-0.005930842377044591
47,2,heldout,3,1,0.3490658503988659,1.09328231899417,3,s,af3726fcacd0ac1320a56ea850b0a2c0f5430cf4eb20a45c078706980f08407e,d24fbe3839599a6a097188bae8cd47ce8083f27deef1341ae3086bf0d5a45bd1,87f63c0590d05baea263cdc42c6e1df2d063fa2def309ecb0283f3036bf33d46,87f63c0590d05baea263cdc42c6e1df2d063fa2def309ecb0283f3036bf33d46,1787977975.953203,36559.822,18279968,0,0.9584569931030273,1.0412378311157227,1.168269157409668,0.00019073486328125,-0.00324249267578125,0.00476837158203125,-0.021978378295898438,-0.0024423599243164062,0.14407825469970703,-0.0073261260986328125,0.0073261260986328125,-0.0073261260986328125,-0.07570171356201172,-1.9076919555664062,7.911109924316406,-1.789987564086914,0.10500621795654297,-0.10988998413085938,0.0,-2.1868924645237984,7.452237837105866,-1.7486815696769107,0.001883020687084228,-0.005930603768337992
47,2,heldout,3,1,0.3490658503988659,1.0951835269952426,3,s,af3726fcacd0ac1320a56ea850b0a2c0f5430cf4eb20a45c078706980f08407e,d24fbe3839599a6a097188bae8cd47ce8083f27deef1341ae3086bf0d5a45bd1,87f63c0590d05baea263cdc42c6e1df2d063fa2def309ecb0283f3036bf33d46,87f63c0590d05baea263cdc42c6e1df2d063fa2def309ecb0283f3036bf33d46,1787977975.9556575,36559.824,18279969,0,0.9584569931030273,1.0412378311157227,1.169032096862793,0.00019073486328125,-0.00324249267578125,0.00476837158203125,-0.0073261260986328125,-0.0024423599243164062,0.14407825469970703,0.021978378295898438,-0.0073261260986328125,-0.0073261260986328125,-0.07570171356201172,-1.9076919555664062,7.870086669921875,-1.789987564086914,0.10012245178222656,-0.10988998413085938,0.0,-2.18429425082126,7.449639623403327,-1.7482424603861664,0.0018942856015821783,-0.0059301239619103715
47,2,heldout,3,1,0.3490658503988659,1.0976323949944344,3,s,af3726fcacd0ac1320a56ea850b0a2c0f5430cf4eb20a45c078706980f08407e,d24fbe3839599a6a097188bae8cd47ce8083f27deef1341ae3086bf0d5a45bd1,87f63c0590d05baea263cdc42c6e1df2d063fa2def309ecb0283f3036bf33d46,87f63c0590d05baea263cdc42c6e1df2d063fa2def309ecb0283f3036bf33d46,1787977975.957531,36559.826,18279970,0,0.9584569931030273,1.0412378311157227,1.1694135665893555,0.00019073486328125,-0.00324249267578125,0.00476837158203125,-0.0073261260986328125,-0.0024423599243164062,0.14407825469970703,-0.0073261260986328125,-0.0073261260986328125,-0.0073261260986328125,-0.08058643341064453,-1.8940162658691406,7.842735290527344,-1.7948713302612305,0.10012245178222656,-0.10988998413085938,0.0,-2.182993517777584,7.448338890359651,-1.7480225241206735,0.0018999176457587092,-0.0059298827642591725
47,2,heldout,3,1,0.3490658503988659,1.099508576997323,3,s,af3726fcacd0ac1320a56ea850b0a2c0f5430cf4eb20a45c078706980f08407e,d24fbe3839599a6a097188bae8cd47ce8083f27deef1341ae3086bf0d5a45bd1,87f63c0590d05baea263cdc42c6e1df2d063fa2def309ecb0283f3036bf33d46,87f63c0590d05baea263cdc42c6e1df2d063fa2def309ecb0283f3036bf33d46,1787977975.9594154,36559.828,18279971,0,0.9584569931030273,1.0412378311157227,1.1701765060424805,0.00019073486328125,-0.00324249267578125,0.00476837158203125,-0.0073261260986328125,-0.0024423599243164062,0.14407825469970703,0.021978378295898438,0.0073261260986328125,-0.0073261260986328125,-0.08058643341064453,-1.8940162658691406,7.8153839111328125,-1.7948713302612305,0.10012245178222656,-0.10988998413085938,0.0,-2.180388800251828,7.4457341728338955,-1.7475818885094718,0.0019111809038690392,-0.0059293977802574935
47,2,heldout,3,1,0.3490658503988659,1.101391493997653,3,s,af3726fcacd0ac1320a56ea850b0a2c0f5430cf4eb20a45c078706980f08407e,d24fbe3839599a6a097188bae8cd47ce8083f27deef1341ae3086bf0d5a45bd1,87f63c0590d05baea263cdc42c6e1df2d063fa2def309ecb0283f3036bf33d46,87f63c0590d05baea263cdc42c6e1df2d063fa2def309ecb0283f3036bf33d46,1787977975.9612982,36559.83,18279972,0,0.9584569931030273,1.0412378311157227,1.1709394454956055,0.00019073486328125,-0.00324249267578125,0.00476837158203125,-0.0073261260986328125,-0.0024423599243164062,0.15384578704833984,-0.0073261260986328125,-0.0073261260986328125,-0.0073261260986328125,-0.08058643341064453,-1.8940162658691406,7.829059600830078,-1.7948713302612305,0.10500621795654297,-0.11477375030517578,0.0,-2.1777797487385833,7.44312512132065,-1.7471402356717793,0.0019224430495257219,-0.005928909344892226
47,2,heldout,3,1,0.3490658503988659,1.1032760289963335,3,s,af3726fcacd0ac1320a56ea850b0a2c0f5430cf4eb20a45c078706980f08407e,d24fbe3839599a6a097188bae8cd47ce8083f27deef1341ae3086bf0d5a45bd1,87f63c0590d05baea263cdc42c6e1df2d063fa2def309ecb0283f3036bf33d46,87f63c0590d05baea263cdc42c6e1df2d063fa2def309ecb0283f3036bf33d46,1787977975.9631991,36559.831999999995,18279973,0,0.9584569931030273,1.0412378311157227,1.171320915222168,0.00019073486328125,-0.00324249267578125,0.00476837158203125,-0.0073261260986328125,-0.0024423599243164062,0.15384578704833984,0.0073261260986328125,-0.0073261260986328125,-0.0073261260986328125,-0.08058643341064453,-1.8803424835205078,7.870086669921875,-1.789987564086914,0.10500621795654297,-0.11477375030517578,0.0,-2.1764735982111354,7.441818970793202,-1.7469190278733118,0.0019280737031353507,-0.005928663833037013
47,2,heldout,3,1,0.3490658503988659,1.1051784019946354,3,s,af3726fcacd0ac1320a56ea850b0a2c0f5430cf4eb20a45c078706980f08407e,d24fbe3839599a6a097188bae8cd47ce8083f27deef1341ae3086bf0d5a45bd1,87f63c0590d05baea263cdc42c6e1df2d063fa2def309ecb0283f3036bf33d46,87f63c0590d05baea263cdc42c6e1df2d063fa2def309ecb0283f3036bf33d46,1787977975.9651482,36559.833999999995,18279974,0,0.9584569931030273,1.0412378311157227,1.172083854675293,0.00019073486328125,-0.00324249267578125,0.00476837158203125,-0.0073261260986328125,-0.0024423599243164062,0.14896202087402344,-0.021978378295898438,-0.021978378295898438,-0.0073261260986328125,-0.08058643341064453,-1.8803424835205078,7.9384613037109375,-1.789987564086914,0.10012245178222656,-0.11477375030517578,0.0,-2.173858048564946,7.439203421147013,-1.746475849678086,0.001939334167820332,-0.005928170221160071
47,2,heldout,3,1,0.3490658503988659,1.1071286039950792,3,s,af3726fcacd0ac1320a56ea850b0a2c0f5430cf4eb20a45c078706980f08407e,d24fbe3839599a6a097188bae8cd47ce8083f27deef1341ae3086bf0d5a45bd1,87f63c0590d05baea263cdc42c6e1df2d063fa2def309ecb0283f3036bf33d46,87f63c0590d05baea263cdc42c6e1df2d063fa2def309ecb0283f3036bf33d46,1787977975.9676354,36559.835999999996,18279975,0,0.9584569931030273,1.0412378311157227,1.1724653244018555,-0.00019073486328125,-0.00324249267578125,0.00476837158203125,-0.021978378295898438,-0.0024423599243164062,0.14407825469970703,-0.03663063049316406,-0.0073261260986328125,-0.0073261260986328125,-0.08058643341064453,-1.8666667938232422,7.9931640625,-1.7851037979125977,0.10500621795654297,-0.11477375030517578,0.0,-2.172326425381164,7.437671797963231,-1.7460316549001682,0.0019505935036643138,-0.0059276731586340725
47,2,heldout,3,1,0.3490658503988659,1.1096229569957359,3,s,af3726fcacd0ac1320a56ea850b0a2c0f5430cf4eb20a45c078706980f08407e,d24fbe3839599a6a097188bae8cd47ce8083f27deef1341ae3086bf0d5a45bd1,87f63c0590d05baea263cdc42c6e1df2d063fa2def309ecb0283f3036bf33d46,87f63c0590d05baea263cdc42c6e1df2d063fa2def309ecb0283f3036bf33d46,1787977975.9695587,36559.837999999996,18279976,0,0.9584569931030273,1.0412378311157227,1.1732282638549805,0.00019073486328125,-0.00324249267578125,0.00476837158203125,-0.0073261260986328125,-0.0024423599243164062,0.13919448852539062,-0.021978378295898438,-0.0073261260986328125,-0.0073261260986328125,-0.08058643341064453,-1.8666667938232422,8.047863006591797,-1.7802200317382812,0.10500621795654297,-0.11477375030517578,0.0,-2.1699266054731936,7.435271978055261,-1.7458091763734764,0.0019562227462228436,-0.0059274233334680165
47,2,heldout,3,1,0.3490658503988659,1.1115417369946954,3,s,af3726fcacd0ac1320a56ea850b0a2c0f5430cf4eb20a45c078706980f08407e,d24fbe3839599a6a097188bae8cd47ce8083f27deef1341ae3086bf0d5a45bd1,87f63c0590d05baea263cdc42c6e1df2d063fa2def309ecb0283f3036bf33d46,87f63c0590d05baea263cdc42c6e1df2d063fa2def309ecb0283f3036bf33d46,1787977975.9714603,36559.84,18279977,0,0.9584569931030273,1.0412378311157227,1.173609733581543,0.00019073486328125,-0.00324249267578125,0.00476837158203125,-0.0073261260986328125,-0.0024423599243164062,0.1294260025024414,0.0073261260986328125,0.0073261260986328125,-0.0073261260986328125,-0.07570171356201172,-1.8666667938232422,8.034187316894531,-1.7753353118896484,0.10500621795654297,-0.10988998413085938,0.0,-2.168613960239262,7.433959332821329,-1.745586443798116,0.0019618517041135003,-0.00592717264574835
47,2,heldout,3,1,0.3490658503988659,1.11345491999964,3,s,af3726fcacd0ac1320a56ea850b0a2c0f5430cf4eb20a45c078706980f08407e,d24fbe3839599a6a097188bae8cd47ce8083f27deef1341ae3086bf0d5a45bd1,87f63c0590d05baea263cdc42c6e1df2d063fa2def309ecb0283f3036bf33d46,87f63c0590d05baea263cdc42c6e1df2d063fa2def309ecb0283f3036bf33d46,1787977975.9733493,36559.842,18279978,0,0.9584569931030273,1.0412378311157227,1.174372673034668,0.00019073486328125,-0.00324249267578125,0.00476837158203125,-0.0073261260986328125,-0.0024423599243164062,0.1343097686767578,0.0073261260986328125,-0.0073261260986328125,-0.0073261260986328125,-0.07570171356201172,-1.8803424835205078,8.047863006591797,-1.7753353118896484,0.10500621795654297,-0.11477375030517578,0.0,-2.1659854246122245,7.431330797194293,-1.7451402166310732,0.0019731087626147542,-0.00592666868279424
47,2,heldout,3,1,0.3490658503988659,1.1153263529995456,3,s,af3726fcacd0ac1320a56ea850b0a2c0f5430cf4eb20a45c078706980f08407e,d24fbe3839599a6a097188bae8cd47ce8083f27deef1341ae3086bf0d5a45bd1,87f63c0590d05baea263cdc42c6e1df2d063fa2def309ecb0283f3036bf33d46,87f63c0590d05baea263cdc42c6e1df2d063fa2def309ecb0283f3036bf33d46,1787977975.9752395,36559.844,18279979,0,0.9584569931030273,1.0412378311157227,1.1747541427612305,0.00019073486328125,-0.00324249267578125,0.00476837158203125,-0.021978378295898438,-0.0024423599243164062,0.14407825469970703,0.021978378295898438,-0.0073261260986328125,-0.0073261260986328125,-0.08058643341064453,-1.8666667938232422,8.0068359375,-1.7802200317382812,0.10500621795654297,-0.11477375030517578,0.0,-2.164669534601625,7.430014907183693,-1.7449167221043267,0.001978736861587233,-0.005926415407633131
47,2,heldout,3,1,0.3490658503988659,1.1172199649954564,3,s,af3726fcacd0ac1320a56ea850b0a2c0f5430cf4eb20a45c078706980f08407e,d24fbe3839599a6a097188bae8cd47ce8083f27deef1341ae3086bf0d5a45bd1,87f63c0590d05baea263cdc42c6e1df2d063fa2def309ecb0283f3036bf33d46,87f63c0590d05baea263cdc42c6e1df2d063fa2def309ecb0283f3036bf33d46,1787977975.9777493,36559.846,18279980,0,0.9584569931030273,1.0412378311157227,1.1755170822143555,0.00019073486328125,-0.00324249267578125,0.00476837158203125,-0.0073261260986328125,-0.0024423599243164062,0.13919448852539062,-0.0073261260986328125,-0.0073261260986328125,-0.0073261260986328125,-0.07570171356201172,-1.8803424835205078,8.020511627197266,-1.7851037979125977,0.10500621795654297,-0.11477375030517578,0.0,-2.162034511143699,7.4273798837257665,-1.7444689713269956,0.0019899921948809142,-0.005925906270127088
47,2,heldout,3,1,0.3490658503988659,1.1197323409942328,3,s,af3726fcacd0ac1320a56ea850b0a2c0f5430cf4eb20a45c078706980f08407e,d24fbe3839599a6a097188bae8cd47ce8083f27deef1341ae3086bf0d5a45bd1,87f63c0590d05baea263cdc42c6e1df2d063fa2def309ecb0283f3036bf33d46,87f63c0590d05baea263cdc42c6e1df2d063fa2def309ecb0283f3036bf33d46,1787977975.9796906,36559.848,18279981,0,0.9584569931030273,1.0412378311157227,1.175898551940918,0.00019073486328125,-0.00324249267578125,0.00476837158203125,-0.0073261260986328125,-0.0024423599243164062,0.13919448852539062,0.0073261260986328125,-0.0073261260986328125,-0.0073261260986328125,-0.07570171356201172,-1.8803424835205078,7.965812683105469,-1.7851037979125977,0.10500621795654297,-0.11477375030517578,0.0,-2.160715378079818,7.426060750661884,-1.7442447151415674,0.00199561942756425,-0.005925650407856244
47,2,heldout,3,1,0.3490658503988659,1.1216764159980812,3,s,af3726fcacd0ac1320a56ea850b0a2c0f5430cf4eb20a45c078706980f08407e,d24fbe3839599a6a097188bae8cd47ce8083f27deef1341ae3086bf0d5a45bd1,87f63c0590d05baea263cdc42c6e1df2d063fa2def309ecb0283f3036bf33d46,87f63c0590d05baea263cdc42c6e1df2d063fa2def309ecb0283f3036bf33d46,1787977975.9816554,36559.85,18279982,0,0.9584569931030273,1.0412378311157227,1.176661491394043,0.00019073486328125,-0.00324249267578125,0.00476837158203125,-0.0073261260986328125,-0.0024423599243164062,0.14407825469970703,0.0073261260986328125,-0.0073261260986328125,-0.0073261260986328125,-0.08058643341064453,-1.8803424835205078,7.897434234619141,-1.7851037979125977,0.10500621795654297,-0.11477375030517578,0.0,-2.1580738702420135,7.42341924282408,-1.7437954413403534,0.0020068730209095633,-0.0059251360964650696
47,2,heldout,3,1,0.3490658503988659,1.1236387489989283,3,s,af3726fcacd0ac1320a56ea850b0a2c0f5430cf4eb20a45c078706980f08407e,d24fbe3839599a6a097188bae8cd47ce8083f27deef1341ae3086bf0d5a45bd1,87f63c0590d05baea263cdc42c6e1df2d063fa2def309ecb0283f3036bf33d46,87f63c0590d05baea263cdc42c6e1df2d063fa2def309ecb0283f3036bf33d46,1787977975.9836044,36559.852,18279983,0,0.9584569931030273,1.0412378311157227,1.1770429611206055,0.00019073486328125,-0.00324249267578125,0.00476837158203125,-0.0073261260986328125,-0.0024423599243164062,0.14896202087402344,0.0073261260986328125,-0.0073261260986328125,-0.0073261260986328125,-0.07570171356201172,-1.8803424835205078,7.924785614013672,-1.789987564086914,0.10500621795654297,-0.11477375030517578,0.0,-2.1567514958524834,7.422096868434551,-1.7435704237899463,0.0020124993799339273,-0.005924877647419587
47,2,heldout,3,1,0.3490658503988659,1.1255915239962633,3,s,af3726fcacd0ac1320a56ea850b0a2c0f5430cf4eb20a45c078706980f08407e,d24fbe3839599a6a097188bae8cd47ce8083f27deef1341ae3086bf0d5a45bd1,87f63c0590d05baea263cdc42c6e1df2d063fa2def309ecb0283f3036bf33d46,87f63c0590d05baea263cdc42c6e1df2d063fa2def309ecb0283f3036bf33d46,1787977975.9855087,36559.854,18279984,0,0.9584569931030273,1.0412378311157227,1.1778059005737305,0.00019073486328125,-0.00324249267578125,0.00476837158203125,-0.0073261260986328125,-0.0024423599243164062,0.14896202087402344,0.0073261260986328125,-0.0073261260986328125,-0.0073261260986328125,-0.08058643341064453,-1.8666667938232422,7.911109924316406,-1.789987564086914,0.10012245178222656,-0.11477375030517578,0.0,-2.154103507094314,7.419448879676381,-1.7431196275532521,0.002023751218592356,-0.005924358162816863
47,2,heldout,3,1,0.3490658503988659,1.1274909889980336,3,s,af3726fcacd0ac1320a56ea850b0a2c0f5430cf4eb20a45c078706980f08407e,d24fbe3839599a6a097188bae8cd47ce8083f27deef1341ae3086bf0d5a45bd1,87f63c0590d05baea263cdc42c6e1df2d063fa2def309ecb0283f3036bf33d46,87f63c0590d05baea263cdc42c6e1df2d063fa2def309ecb0283f3036bf33d46,1787977975.9874475,36559.856,18279985,0,0.9584569931030273,1.0412378311157227,1.1785688400268555,0.00019073486328125,-0.00324249267578125,0.00476837158203125,-0.021978378295898438,-0.0024423599243164062,0.14896202087402344,0.021978378295898438,-0.021978378295898438,-0.0073261260986328125,-0.08058643341064453,-1.8666667938232422,7.9931640625,-1.7948713302612305,0.10012245178222656,-0.11477375030517578,0.0,-2.151451199648709,7.416796572230776,-1.742667816687445,0.0020350018792725908,-0.005923835229783996
47,2,heldout,3,1,0.3490658503988659,1.1294354149940773,3,s,af3726fcacd0ac1320a56ea850b0a2c0f5430cf4eb20a45c078706980f08407e,d24fbe3839599a6a097188bae8cd47ce8083f27deef1341ae3086bf0d5a45bd1,87f63c0590d05baea263cdc42c6e1df2d063fa2def309ecb0283f3036bf33d46,87f63c0590d05baea263cdc42c6e1df2d063fa2def309ecb0283f3036bf33d46,1787977975.989379,36559.858,18279986,0,0.9584569931030273,1.0412378311157227,1.178950309753418,0.00019073486328125,-0.00324249267578125,0.00476837158203125,-0.021978378295898438,-0.0024423599243164062,0.14896202087402344,0.021978378295898438,-0.0073261260986328125,-0.0073261260986328125,-0.08058643341064453,-1.8666667938232422,7.952136993408203,-1.7997560501098633,0.10500621795654297,-0.11477375030517578,0.0,-2.150123426900473,7.4154687994825395,-1.7424415308507848,0.002040626765824379,-0.005923572470201303
47,2,heldout,3,1,0.3490658503988659,1.1313613889942644,3,s,af3726fcacd0ac1320a56ea850b0a2c0f5430cf4eb20a45c078706980f08407e,d24fbe3839599a6a097188bae8cd47ce8083f27deef1341ae3086bf0d5a45bd1,87f63c0590d05baea263cdc42c6e1df2d063fa2def309ecb0283f3036bf33d46,87f63c0590d05baea263cdc42c6e1df2d063fa2def309ecb0283f3036bf33d46,1787977975.9912963,36559.86,18279987,0,0.9584569931030273,1.0412378311157227,1.1793317794799805,0.00057220458984375,-0.00324249267578125,0.00476837158203125,-0.0073261260986328125,-0.0024423599243164062,0.1343097686767578,0.021978378295898438,-0.021978378295898438,-0.0073261260986328125,-0.08058643341064453,-1.8666667938232422,7.965812683105469,-1.8046398162841797,0.10500621795654297,-0.11477375030517578,0.0,-2.1490211144547855,7.414366487036853,-1.7424415308507848,0.00204062676582438,-0.005923572470201303
47,2,heldout,3,1,0.3490658503988659,1.1332926989998668,3,s,af3726fcacd0ac1320a56ea850b0a2c0f5430cf4eb20a45c078706980f08407e,d24fbe3839599a6a097188bae8cd47ce8083f27deef1341ae3086bf0d5a45bd1,87f63c0590d05baea263cdc42c6e1df2d063fa2def309ecb0283f3036bf33d46,87f63c0590d05baea263cdc42c6e1df2d063fa2def309ecb0283f3036bf33d46,1787977975.993214,36559.862,18279988,0,0.9584569931030273,1.0412378311157227,1.1800947189331055,0.00057220458984375,-0.00324249267578125,0.00476837158203125,-0.0073261260986328125,-0.0024423599243164062,0.1343097686767578,0.021978378295898438,-0.0073261260986328125,-0.0073261260986328125,-0.08058643341064453,-1.8666667938232422,8.11623764038086,-1.8144073486328125,0.10500621795654297,-0.11477375030517578,0.0,-2.146360681286648,7.411706053868716,-1.7419881985345969,0.0020518756472586454,-0.005923044365094576
47,2,heldout,3,1,0.3490658503988659,1.1351931069948478,3,s,af3726fcacd0ac1320a56ea850b0a2c0f5430cf4eb20a45c078706980f08407e,d24fbe3839599a6a097188bae8cd47ce8083f27deef1341ae3086bf0d5a45bd1,87f63c0590d05baea263cdc42c6e1df2d063fa2def309ecb0283f3036bf33d46,87f63c0590d05baea263cdc42c6e1df2d063fa2def309ecb0283f3036bf33d46,1787977975.995707,36559.864,18279989,0,0.9584569931030273,1.0412378311157227,1.180476188659668,0.00057220458984375,-0.00324249267578125,0.00476837158203125,-0.021978378295898438,-0.0024423599243164062,0.13919448852539062,0.021978378295898438,-0.0073261260986328125,-0.0073261260986328125,-0.07570171356201172,-1.8529911041259766,8.061538696289062,-1.8192920684814453,0.10500621795654297,-0.11477375030517578,0.0,-2.1450288467879997,7.410374219370068,-1.7417611521210363,0.002057499640504201,-0.005922779019647392
47,2,heldout,3,1,0.3490658503988659,1.137696555997536,3,s,af3726fcacd0ac1320a56ea850b0a2c0f5430cf4eb20a45c078706980f08407e,d24fbe3839599a6a097188bae8cd47ce8083f27deef1341ae3086bf0d5a45bd1,87f63c0590d05baea263cdc42c6e1df2d063fa2def309ecb0283f3036bf33d46,87f63c0590d05baea263cdc42c6e1df2d063fa2def309ecb0283f3036bf33d46,1787977975.997679,36559.866,18279990,0,0.9584569931030273,1.0412378311157227,1.181239128112793,0.00057220458984375,-0.00324249267578125,0.00476837158203125,-0.021978378295898438,-0.0024423599243164062,0.13919448852539062,-0.0073261260986328125,-0.0073261260986328125,-0.0073261260986328125,-0.07570171356201172,-1.8529911041259766,8.020511627197266,-1.8241758346557617,0.10500621795654297,-0.10988998413085938,0.0,-2.142361942930587,7.4077073155126545,-1.7413062989481833,0.002068746727960151,-0.005922245743158446
47,2,heldout,3,1,0.3490658503988659,1.1396663659979822,3,s,af3726fcacd0ac1320a56ea850b0a2c0f5430cf4eb20a45c078706980f08407e,d24fbe3839599a6a097188bae8cd47ce8083f27deef1341ae3086bf0d5a45bd1,87f63c0590d05baea263cdc42c6e1df2d063fa2def309ecb0283f3036bf33d46,87f63c0590d05baea263cdc42c6e1df2d063fa2def309ecb0283f3036bf33d46,1787977975.9996452,36559.867999999995,18279991,0,0.9584569931030273,1.0412378311157227,1.1816205978393555,0.00057220458984375,-0.00324249267578125,0.00476837158203125,-0.0073261260986328125,-0.0024423599243164062,0.14407825469970703,0.0073261260986328125,-0.021978378295898438,-0.0073261260986328125,-0.08058643341064453,-1.8529911041259766,8.075214385986328,-1.8241758346557617,0.10500621795654297,-0.10988998413085938,0.0,-2.1410268739599045,7.406372246541972,-1.74107849225508,0.0020743698205338825,-0.005921977812194287
47,2,heldout,3,1,0.3490658503988659,1.1416304800004582,3,s,af3726fcacd0ac1320a56ea850b0a2c0f5430cf4eb20a45c078706980f08407e,d24fbe3839599a6a097188bae8cd47ce8083f27deef1341ae3086bf0d5a45bd1,87f63c0590d05baea263cdc42c6e1df2d063fa2def309ecb0283f3036bf33d46,87f63c0590d05baea263cdc42c6e1df2d063fa2def309ecb0283f3036bf33d46,1787977976.0015686,36559.869999999995,18279992,0,0.9584569931030273,1.0412378311157227,1.1823835372924805,0.00057220458984375,-0.00324249267578125,0.00476837158203125,-0.0073261260986328125,-0.0024423599243164062,0.14407825469970703,0.0073261260986328125,-0.021978378295898438,-0.0073261260986328125,-0.08058643341064453,-1.839315414428711,8.061538696289062,-1.8241758346557617,0.10012245178222656,-0.11477375030517578,0.0,-2.138353502905984,7.403698875488052,-1.7406221188212712,0.0020856150992815217,-0.0059214393650215405
47,2,heldout,3,1,0.3490658503988659,1.1435532219984452,3,s,af3726fcacd0ac1320a56ea850b0a2c0f5430cf4eb20a45c078706980f08407e,d24fbe3839599a6a097188bae8cd47ce8083f27deef1341ae3086bf0d5a45bd1,87f63c0590d05baea263cdc42c6e1df2d063fa2def309ecb0283f3036bf33d46,87f63c0590d05baea263cdc42c6e1df2d063fa2def309ecb0283f3036bf33d46,1787977976.0035346,36559.871999999996,18279993,0,0.9584569931030273,1.0412378311157227,1.182765007019043,0.00057220458984375,-0.00324249267578125,0.00476837158203125,-0.0073261260986328125,-0.0024423599243164062,0.13919448852539062,-0.0073261260986328125,-0.0073261260986328125,-0.0073261260986328125,-0.08058643341064453,-1.839315414428711,8.061538696289062,-1.8241758346557617,0.10500621795654297,-0.11477375030517578,0.0,-2.13701520121177,7.402360573793838,-1.7403935521469762,0.002091237283819024,-0.005921168848891309
47,2,heldout,3,1,0.3490658503988659,1.1455149379980867,3,s,af3726fcacd0ac1320a56ea850b0a2c0f5430cf4eb20a45c078706980f08407e,d24fbe3839599a6a097188bae8cd47ce8083f27deef1341ae3086bf0d5a45bd1,87f63c0590d05baea263cdc42c6e1df2d063fa2def309ecb0283f3036bf33d46,87f63c0590d05baea263cdc42c6e1df2d063fa2def309ecb0283f3036bf33d46,1787977976.005458,36559.873999999996,18279994,0,0.9584569931030273,1.0412378311157227,1.183527946472168,0.00057220458984375,-0.00324249267578125,0.00476837158203125,-0.0073261260986328125,-0.0024423599243164062,0.1343097686767578,-0.021978378295898438,0.0073261260986328125,-0.0073261260986328125,-0.08058643341064453,-1.839315414428711,8.047863006591797,-1.8192920684814453,0.10500621795654297,-0.11477375030517578,0.0,-2.1343353664625804,7.399680739044647,-1.7399356590499098,0.0021024807391307205,-0.00592062523173995
47,2,heldout,3,1,0.3490658503988659,1.1474481349941925,3,s,af3726fcacd0ac1320a56ea850b0a2c0f5430cf4eb20a45c078706980f08407e,d24fbe3839599a6a097188bae8cd47ce8083f27deef1341ae3086bf0d5a45bd1,87f63c0590d05baea263cdc42c6e1df2d063fa2def309ecb0283f3036bf33d46,87f63c0590d05baea263cdc42c6e1df2d063fa2def309ecb0283f3036bf33d46,1787977976.0073972,36559.876,18279995,0,0.9584569931030273,1.0412378311157227,1.1839094161987305,0.00057220458984375,-0.00324249267578125,0.00476837158203125,-0.0073261260986328125,-0.0024423599243164062,0.13919448852539062,-0.0073261260986328125,-0.021978378295898438,-0.0073261260986328125,-0.08058643341064453,-1.839315414428711,8.088890075683594,-1.809523582458496,0.10500621795654297,-0.11477375030517578,0.0,-2.1329938337975713,7.398339206379639,-1.7397063326937716,0.0021081020082687712,-0.005920352130797934
47,2,heldout,3,1,0.3490658503988659,1.1493836320005357,3,s,af3726fcacd0ac1320a56ea850b0a2c0f5430cf4eb20a45c078706980f08407e,d24fbe3839599a6a097188bae8cd47ce8083f27deef1341ae3086bf0d5a45bd1,87f63c0590d05baea263cdc42c6e1df2d063fa2def309ecb0283f3036bf33d46,87f63c0590d05baea263cdc42c6e1df2d063fa2def309ecb0283f3036bf33d46,1787977976.0093167,36559.878,18279996,0,0.9584569931030273,1.0412378311157227,1.1846723556518555,0.00057220458984375,-0.00324249267578125,0.00476837158203125,-0.0073261260986328125,-0.0024423599243164062,0.1343097686767578,0.0073261260986328125,0.0073261260986328125,-0.0073261260986328125,-0.08058643341064453,-1.839315414428711,8.061538696289062,-1.8046398162841797,0.10500621795654297,-0.11477375030517578,0.0,-2.130307538862821,7.3956529114448895,-1.7392469205331396,0.0021193436254192824,-0.005919803344379926
47,2,heldout,3,1,0.3490658503988659,1.1513053909948212,3,s,af3726fcacd0ac1320a56ea850b0a2c0f5430cf4eb20a45c078706980f08407e,d24fbe3839599a6a097188bae8cd47ce8083f27deef1341ae3086bf0d5a45bd1,87f63c0590d05baea263cdc42c6e1df2d063fa2def309ecb0283f3036bf33d46,87f63c0590d05baea263cdc42c6e1df2d063fa2def309ecb0283f3036bf33d46,1787977976.0112689,36559.88,18279997,0,0.9584569931030273,1.0412378311157227,1.185053825378418,0.00057220458984375,-0.00324249267578125,0.00476837158203125,-0.0073261260986328125,-0.0024423599243164062,0.1343097686767578,-0.0073261260986328125,0.0073261260986328125,-0.0073261260986328125,-0.08058643341064453,-1.839315414428711,8.047863006591797,-1.8046398162841797,0.10500621795654297,-0.11477375030517578,0.0,-2.128962776983987,7.394308149566055,-1.7390168347954993,0.0021249639717958674,-0.005919527658983796
47,2,heldout,3,1,0.3490658503988659,1.1532720179966418,3,s,af3726fcacd0ac1320a56ea850b0a2c0f5430cf4eb20a45c078706980f08407e,d24fbe3839599a6a097188bae8cd47ce8083f27deef1341ae3086bf0d5a45bd1,87f63c0590d05baea263cdc42c6e1df2d063fa2def309ecb0283f3036bf33d46,87f63c0590d05baea263cdc42c6e1df2d063fa2def309ecb0283f3036bf33d46,1787977976.0138679,36559.882,18279998,0,0.9584569931030273,1.0412378311157227,1.185816764831543,0.00057220458984375,-0.00324249267578125,0.00476837158203125,0.0073261260986328125,-0.0024423599243164062,0.13919448852539062,-0.0073261260986328125,0.0073261260986328125,-0.0073261260986328125,-0.08058643341064453,-1.839315414428711,8.034187316894531,-1.7997560501098633,0.10500621795654297,-0.11477375030517578,0.0,-2.126270025381836,7.3916153979639025,-1.738555904172979,0.002136203736062359,-0.005918973704017867
47,2,heldout,3,1,0.3490658503988659,1.1558599259951734,3,s,af3726fcacd0ac1320a56ea850b0a2c0f5430cf4eb20a45c078706980f08407e,d24fbe3839599a6a097188bae8cd47ce8083f27deef1341ae3086bf0d5a45bd1,87f63c0590d05baea263cdc42c6e1df2d063fa2def309ecb0283f3036bf33d46,87f63c0590d05baea263cdc42c6e1df2d063fa2def309ecb0283f3036bf33d46,1787977976.0152707,36559.884,18279999,0,0.9584569931030273,1.0412378311157227,1.1861982345581055,0.00057220458984375,-0.00324249267578125,0.00476837158203125,-0.0073261260986328125,-0.0024423599243164062,0.14407825469970703,-0.021978378295898438,-0.0073261260986328125,-0.0073261260986328125,-0.08058643341064453,-1.839315414428711,7.9931640625,-1.7997560501098633,0.10500621795654297,-0.10988998413085938,0.0,-2.124922036050373,7.3902674086324405,-1.738325059355175,0.002141823152316663,-0.005918695434528683
47,2,heldout,3,1,0.3490658503988659,1.1572575959944515,3,s,af3726fcacd0ac1320a56ea850b0a2c0f5430cf4eb20a45c078706980f08407e,d24fbe3839599a6a097188bae8cd47ce8083f27deef1341ae3086bf0d5a45bd1,87f63c0590d05baea263cdc42c6e1df2d063fa2def309ecb0283f3036bf33d46,87f63c0590d05baea263cdc42c6e1df2d063fa2def309ecb0283f3036bf33d46,1787977976.0172057,36559.886,18280000,0,0.9584569931030273,1.0412378311157227,1.1869611740112305,0.00057220458984375,-0.00324249267578125,0.00476837158203125,-0.0073261260986328125,-0.0024423599243164062,0.13919448852539062,-0.021978378295898438,-0.0073261260986328125,-0.0073261260986328125,-0.07570171356201172,-1.8256416320800781,8.020511627197266,-1.7948713302612305,0.10500621795654297,-0.10988998413085938,0.0,-2.122222831307451,7.3875682038895185,-1.7378626108744362,0.00215306104897873,-0.005918136311740334
47,2,heldout,3,1,0.3490658503988659,1.1591904599990812,3,s,af3726fcacd0ac1320a56ea850b0a2c0f5430cf4eb20a45c078706980f08407e,d24fbe3839599a6a097188bae8cd47ce8083f27deef1341ae3086bf0d5a45bd1,87f63c0590d05baea263cdc42c6e1df2d063fa2def309ecb0283f3036bf33d46,87f63c0590d05baea263cdc42c6e1df2d063fa2def309ecb0283f3036bf33d46,1787977976.0197086,36559.888,18280001,0,0.9584569931030273,1.0412378311157227,1.187342643737793,0.00057220458984375,-0.00324249267578125,0.00476837158203125,-0.0073261260986328125,-0.0024423599243164062,0.14407825469970703,-0.021978378295898438,0.0073261260986328125,-0.0073261260986328125,-0.07570171356201172,-1.8256416320800781,7.9931640625,-1.7948713302612305,0.10012245178222656,-0.10988998413085938,0.0,-2.1208716162887784,7.386216988870846,-1.7376310072787966,0.0021586795277511624,-0.005917855458522534
47,2,heldout,3,1,0.3490658503988659,1.1616926489950856,3,s,af3726fcacd0ac1320a56ea850b0a2c0f5430cf4eb20a45c078706980f08407e,d24fbe3839599a6a097188bae8cd47ce8083f27deef1341ae3086bf0d5a45bd1,87f63c0590d05baea263cdc42c6e1df2d063fa2def309ecb0283f3036bf33d46,87f63c0590d05baea263cdc42c6e1df2d063fa2def309ecb0283f3036bf33d46,1787977976.021709,36559.89,18280002,0,0.9584569931030273,1.0412378311157227,1.188105583190918,0.00057220458984375,-0.00324249267578125,0.00476837158203125,-0.0073261260986328125,-0.0024423599243164062,0.14896202087402344,0.0073261260986328125,-0.0073261260986328125,-0.0073261260986328125,-0.07570171356201172,-1.8256416320800781,8.020511627197266,-1.789987564086914,0.10012245178222656,-0.10988998413085938,0.0,-2.118165961940157,7.3835113345222245,-1.7371670415454958,0.002169915542090838,-0.0059172911686440335
47,2,heldout,3,1,0.3490658503988659,1.1636912549947738,3,s,af3726fcacd0ac1320a56ea850b0a2c0f5430cf4eb20a45c078706980f08407e,d24fbe3839599a6a097188bae8cd47ce8083f27deef1341ae3086bf0d5a45bd1,87f63c0590d05baea263cdc42c6e1df2d063fa2def309ecb0283f3036bf33d46,87f63c0590d05baea263cdc42c6e1df2d063fa2def309ecb0283f3036bf33d46,1787977976.0236206,36559.892,18280003,0,0.9584569931030273,1.0412378311157227,1.1884870529174805,0.00057220458984375,-0.00324249267578125,0.00476837158203125,-0.0073261260986328125,-0.0024423599243164062,0.13919448852539062,-0.0073261260986328125,-0.021978378295898438,-0.0073261260986328125,-0.07570171356201172,-1.8119659423828125,8.10256576538086,-1.7948713302612305,0.10012245178222656,-0.10988998413085938,0.0,-2.116811523003932,7.382156895585999,-1.7369346794753486,0.00217553307602303,-0.005917007732065447
47,2,heldout,3,1,0.3490658503988659,1.1656007839992526,3,s,af3726fcacd0ac1320a56ea850b0a2c0f5430cf4eb20a45c078706980f08407e,d24fbe3839599a6a097188bae8cd47ce8083f27deef1341ae3086bf0d5a45bd1,87f63c0590d05baea263cdc42c6e1df2d063fa2def309ecb0283f3036bf33d46,87f63c0590d05baea263cdc42c6e1df2d063fa2def309ecb0283f3036bf33d46,1787977976.0255089,36559.894,18280004,0,0.9584569931030273,1.0412378311157227,1.1892499923706055,0.00057220458984375,-0.00324249267578125,0.00476837158203125,-0.0073261260986328125,-0.0024423599243164062,0.1343097686767578,-0.0073261260986328125,-0.0073261260986328125,-0.0073261260986328125,-0.08058643341064453,-1.8256416320800781,8.10256576538086,-1.7948713302612305,0.10500621795654297,-0.10988998413085938,0.0,-2.114099422593127,7.3794447951751945,-1.7364691970971262,0.00218676719332483,-0.005916438275835825
47,2,heldout,3,1,0.3490658503988659,1.1674878359990544,3,s,af3726fcacd0ac1320a56ea850b0a2c0f5430cf4eb20a45c078706980f08407e,d24fbe3839599a6a097188bae8cd47ce8083f27deef1341ae3086bf0d5a45bd1,87f63c0590d05baea263cdc42c6e1df2d063fa2def309ecb0283f3036bf33d46,87f63c0590d05baea263cdc42c6e1df2d063fa2def309ecb0283f3036bf33d46,1787977976.0274124,36559.896,18280005,0,0.9584569931030273,1.0412378311157227,1.189631462097168,0.00057220458984375,-0.00324249267578125,0.00476837158203125,-0.0073261260986328125,-0.0024423599243164062,0.14407825469970703,0.0073261260986328125,-0.021978378295898438,-0.0073261260986328125,-0.07570171356201172,-1.8256416320800781,8.047863006591797,-1.7948713302612305,0.10500621795654297,-0.10988998413085938,0.0,-2.112741761513214,7.378087134095281,-1.7362360768567875,0.002192383775059656,-0.00591615225626766
47,2,heldout,3,1,0.3490658503988659,1.1693903649938875,3,s,af3726fcacd0ac1320a56ea850b0a2c0f5430cf4eb20a45c078706980f08407e,d24fbe3839599a6a097188bae8cd47ce8083f27deef1341ae3086bf0d5a45bd1,87f63c0590d05baea263cdc42c6e1df2d063fa2def309ecb0283f3036bf33d46,87f63c0590d05baea263cdc42c6e1df2d063fa2def309ecb0283f3036bf33d46,1787977976.0293913,36559.898,18280006,0,0.9584569931030273,1.0412378311157227,1.190394401550293,0.00057220458984375,-0.00324249267578125,0.00476837158203125,0.0073261260986328125,-0.0024423599243164062,0.13919448852539062,0.0073261260986328125,-0.0073261260986328125,-0.0073261260986328125,-0.07570171356201172,-1.8256416320800781,8.198291778564453,-1.7948713302612305,0.10500621795654297,-0.10988998413085938,0.0,-2.110023218592195,7.375368591174262,-1.7357690784432749,0.002203615980610556,-0.005915577634432723
47,2,heldout,3,1,0.3490658503988659,1.171382068998355,3,s,af3726fcacd0ac1320a56ea850b0a2c0f5430cf4eb20a45c078706980f08407e,d24fbe3839599a6a097188bae8cd47ce8083f27deef1341ae3086bf0d5a45bd1,87f63c0590d05baea263cdc42c6e1df2d063fa2def309ecb0283f3036bf33d46,87f63c0590d05baea263cdc42c6e1df2d063fa2def309ecb0283f3036bf33d46,1787977976.031871,36559.9,18280007,0,0.9584569931030273,1.0412378311157227,1.1907758712768555,0.00057220458984375,-0.00324249267578125,0.00476837158203125,-0.0073261260986328125,-0.0024423599243164062,0.1343097686767578,-0.021978378295898438,-0.0073261260986328125,-0.0073261260986328125,-0.07570171356201172,-1.839315414428711,8.129913330078125,-1.7997560501098633,0.10500621795654297,-0.10988998413085938,0.0,-2.1086623371466873,7.374007709728754,-1.735535200338057,0.002209231602792134,-0.005915289032249568
47,2,heldout,3,1,0.3490658503988659,1.1738661719937227,3,s,af3726fcacd0ac1320a56ea850b0a2c0f5430cf4eb20a45c078706980f08407e,d24fbe3839599a6a097188bae8cd47ce8083f27deef1341ae3086bf0d5a45bd1,87f63c0590d05baea263cdc42c6e1df2d063fa2def309ecb0283f3036bf33d46,87f63c0590d05baea263cdc42c6e1df2d063fa2def309ecb0283f3036bf33d46,1787977976.033274,36559.902,18280008,0,0.9584569931030273,1.0412378311157227,1.1915388107299805,0.00057220458984375,-0.00324249267578125,0.00476837158203125,-0.0073261260986328125,-0.0024423599243164062,0.14407825469970703,-0.021978378295898438,-0.0073261260986328125,-0.0073261260986328125,-0.07570171356201172,-1.8119659423828125,8.047863006591797,-1.7948713302612305,0.10500621795654297,-0.10988998413085938,0.0,-2.1059373552758496,7.371282727857917,-1.7350666865008681,0.0022204618818816354,-0.0059147092455618805
47,2,heldout,3,1,0.3490658503988659,1.175260674994206,3,s,af3726fcacd0ac1320a56ea850b0a2c0f5430cf4eb20a45c078706980f08407e,d24fbe3839599a6a097188bae8cd47ce8083f27deef1341ae3086bf0d5a45bd1,87f63c0590d05baea263cdc42c6e1df2d063fa2def309ecb0283f3036bf33d46,87f63c0590d05baea263cdc42c6e1df2d063fa2def309ecb0283f3036bf33d46,1787977976.035179,36559.903999999995,18280009,0,0.9584569931030273,1.0412378311157227,1.191920280456543,0.00057220458984375,-0.00324249267578125,0.00476837158203125,-0.0073261260986328125,-0.0024423599243164062,0.14407825469970703,-0.0073261260986328125,0.0073261260986328125,-0.0073261260986328125,-0.07570171356201172,-1.8119659423828125,8.170940399169922,-1.7948713302612305,0.10500621795654297,-0.10988998413085938,0.0,-2.1045732552470557,7.369918627829124,-1.7348320508370751,0.002226076537155338,-0.005914418061141718
47,2,heldout,3,1,0.3490658503988659,1.1771565379967797,3,s,af3726fcacd0ac1320a56ea850b0a2c0f5430cf4eb20a45c078706980f08407e,d24fbe3839599a6a097188bae8cd47ce8083f27deef1341ae3086bf0d5a45bd1,87f63c0590d05baea263cdc42c6e1df2d063fa2def309ecb0283f3036bf33d46,87f63c0590d05baea263cdc42c6e1df2d063fa2def309ecb0283f3036bf33d46,1787977976.037642,36559.905999999995,18280010,0,0.9584569931030273,1.0412378311157227,1.192683219909668,0.00057220458984375,-0.00324249267578125,0.00476837158203125,-0.021978378295898438,-0.0024423599243164062,0.13919448852539062,-0.0073261260986328125,0.0073261260986328125,-0.0073261260986328125,-0.08058643341064453,-1.8256416320800781,8.157264709472656,-1.7948713302612305,0.10500621795654297,-0.10988998413085938,0.0,-2.1018418379952335,7.367187210577301,-1.7343620221898095,0.002237304875075453,-0.0059138331103606055
47,2,heldout,3,1,0.3490658503988659,1.1796181499958038,3,s,af3726fcacd0ac1320a56ea850b0a2c0f5430cf4eb20a45c078706980f08407e,d24fbe3839599a6a097188bae8cd47ce8083f27deef1341ae3086bf0d5a45bd1,87f63c0590d05baea263cdc42c6e1df2d063fa2def309ecb0283f3036bf33d46,87f63c0590d05baea263cdc42c6e1df2d063fa2def309ecb0283f3036bf33d46,1787977976.0395374,36559.907999999996,18280011,0,0.9584569931030273,1.0412378311157227,1.1930646896362305,0.00057220458984375,-0.00324249267578125,0.00476837158203125,-0.0073261260986328125,-0.0024423599243164062,0.13919448852539062,-0.0073261260986328125,0.0073261260986328125,-0.0073261260986328125,-0.07570171356201172,-1.8119659423828125,8.129913330078125,-1.7948713302612305,0.10500621795654297,-0.10988998413085938,0.0,-2.1004745211696783,7.3658198937517465,-1.7341266292747362,0.002242918556087926,-0.005913539344084785
47,2,heldout,3,1,0.3490658503988659,1.1815146079970873,3,s,af3726fcacd0ac1320a56ea850b0a2c0f5430cf4eb20a45c078706980f08407e,d24fbe3839599a6a097188bae8cd47ce8083f27deef1341ae3086bf0d5a45bd1,87f63c0590d05baea263cdc42c6e1df2d063fa2def309ecb0283f3036bf33d46,87f63c0590d05baea263cdc42c6e1df2d063fa2def309ecb0283f3036bf33d46,1787977976.0414138,36559.909999999996,18280012,0,0.9584569931030273,1.0412378311157227,1.1938276290893555,0.00057220458984375,-0.00324249267578125,0.00476837158203125,-0.0073261260986328125,-0.0024423599243164062,0.14407825469970703,0.0073261260986328125,-0.021978378295898438,-0.0073261260986328125,-0.07570171356201172,-1.7982902526855469,8.14358901977539,-1.7948713302612305,0.10500621795654297,-0.11477375030517578,0.0,-2.097736672114131,7.363082044696197,-1.7336550864329772,0.0022541449381332113,-0.005912949229976347
47,2,heldout,3,1,0.3490658503988659,1.1833861739942222,3,s,af3726fcacd0ac1320a56ea850b0a2c0f5430cf4eb20a45c078706980f08407e,d24fbe3839599a6a097188bae8cd47ce8083f27deef1341ae3086bf0d5a45bd1,87f63c0590d05baea263cdc42c6e1df2d063fa2def309ecb0283f3036bf33d46,87f63c0590d05baea263cdc42c6e1df2d063fa2def309ecb0283f3036bf33d46,1787977976.043273,36559.912,18280013,0,0.9584569931030273,1.0412378311157227,1.194209098815918,0.00057220458984375,-0.00324249267578125,0.00476837158203125,-0.0073261260986328125,-0.0024423599243164062,0.13919448852539062,0.0073261260986328125,-0.021978378295898438,-0.0073261260986328125,-0.07570171356201172,-1.7982902526855469,8.129913330078125,-1.7948713302612305,0.10012245178222656,-0.11477375030517578,0.0,-2.0963661402825506,7.361711512864618,-1.7334189365749113,0.002259757637532369,-0.005912652882229606
47,2,heldout,3,1,0.3490658503988659,1.1852461679955013,3,s,af3726fcacd0ac1320a56ea850b0a2c0f5430cf4eb20a45c078706980f08407e,d24fbe3839599a6a097188bae8cd47ce8083f27deef1341ae3086bf0d5a45bd1,87f63c0590d05baea263cdc42c6e1df2d063fa2def309ecb0283f3036bf33d46,87f63c0590d05baea263cdc42c6e1df2d063fa2def309ecb0283f3036bf33d46,1787977976.0451722,36559.914,18280014,0,0.9584569931030273,1.0412378311157227,1.194972038269043,0.00057220458984375,-0.00324249267578125,0.00476837158203125,-0.0073261260986328125,-0.0024423599243164062,0.13919448852539062,-0.0073261260986328125,-0.0073261260986328125,-0.0073261260986328125,-0.07570171356201172,-1.7982902526855469,8.184616088867188,-1.7997560501098633,0.10500621795654297,-0.11477375030517578,0.0,-2.093621863008967,7.358967235591035,-1.732945880156227,0.0022709820489999477,-0.0059120576055667
47,2,heldout,3,1,0.3490658503988659,1.1871489039986045,3,s,af3726fcacd0ac1320a56ea850b0a2c0f5430cf4eb20a45c078706980f08407e,d24fbe3839599a6a097188bae8cd47ce8083f27deef1341ae3086bf0d5a45bd1,87f63c0590d05baea263cdc42c6e1df2d063fa2def309ecb0283f3036bf33d46,87f63c0590d05baea263cdc42c6e1df2d063fa2def309ecb0283f3036bf33d46,1787977976.0476327,36559.916,18280015,0,0.9584569931030273,1.0412378311157227,1.1953535079956055,0.00057220458984375,-0.00324249267578125,0.00476837158203125,-0.0073261260986328125,-0.0024423599243164062,0.13919448852539062,-0.0073261260986328125,-0.0073261260986328125,-0.0073261260986328125,-0.07570171356201172,-1.7982902526855469,8.225639343261719,-1.8046398162841797,0.10012245178222656,-0.10988998413085938,0.0,-2.0922481179663084,7.357593490548376,-1.7327089736644465,0.0022765937594349975,-0.005911758676737158
47,2,heldout,3,1,0.3490658503988659,1.1896128759981366,3,s,af3726fcacd0ac1320a56ea850b0a2c0f5430cf4eb20a45c078706980f08407e,d24fbe3839599a6a097188bae8cd47ce8083f27deef1341ae3086bf0d5a45bd1,87f63c0590d05baea263cdc42c6e1df2d063fa2def309ecb0283f3036bf33d46,87f63c0590d05baea263cdc42c6e1df2d063fa2def309ecb0283f3036bf33d46,1787977976.049528,36559.918,18280016,0,0.9584569931030273,1.0412378311157227,1.1961164474487305,0.00057220458984375,-0.00324249267578125,0.00476837158203125,0.0073261260986328125,-0.0024423599243164062,0.1294260025024414,-0.0073261260986328125,-0.0073261260986328125,-0.0073261260986328125,-0.08058643341064453,-1.7982902526855469,8.239315032958984,-1.7997560501098633,0.10500621795654297,-0.10988998413085938,0.0,-2.089497416068789,7.354842788650855,-1.7322344042883837,0.002287816185624566,-0.005911158238299396
47,2,heldout,3,1,0.3490658503988659,1.1915049229937722,3,s,af3726fcacd0ac1320a56ea850b0a2c0f5430cf4eb20a45c078706980f08407e,d24fbe3839599a6a097188bae8cd47ce8083f27deef1341ae3086bf0d5a45bd1,87f63c0590d05baea263cdc42c6e1df2d063fa2def309ecb0283f3036bf33d46,87f63c0590d05baea263cdc42c6e1df2d063fa2def309ecb0283f3036bf33d46,1787977976.0513988,36559.92,18280017,0,0.9584569931030273,1.0412378311157227,1.196497917175293,0.00057220458984375,-0.00324249267578125,0.00476837158203125,-0.0073261260986328125,-0.0024423599243164062,0.1343097686767578,-0.0073261260986328125,-0.0073261260986328125,-0.0073261260986328125,-0.07570171356201172,-1.7982902526855469,8.184616088867188,-1.7997560501098633,0.10500621795654297,-0.10988998413085938,0.0,-2.088120459614208,7.3534658321962745,-1.7319967414731603,0.002293426899746005,-0.005910856728778553
47,2,heldout,3,1,0.3490658503988659,1.1933941079987562,3,s,af3726fcacd0ac1320a56ea850b0a2c0f5430cf4eb20a45c078706980f08407e,d24fbe3839599a6a097188bae8cd47ce8083f27deef1341ae3086bf0d5a45bd1,87f63c0590d05baea263cdc42c6e1df2d063fa2def309ecb0283f3036bf33d46,87f63c0590d05baea263cdc42c6e1df2d063fa2def309ecb0283f3036bf33d46,1787977976.0532897,36559.922,18280018,0,0.9584569931030273,1.0412378311157227,1.197260856628418,0.00057220458984375,-0.00324249267578125,0.00476837158203125,-0.0073261260986328125,-0.0024423599243164062,0.13919448852539062,-0.0073261260986328125,-0.03663063049316406,-0.0073261260986328125,-0.08058643341064453,-1.7982902526855469,8.075214385986328,-1.7997560501098633,0.10500621795654297,-0.10988998413085938,0.0,-2.0853633366952717,7.35070870927734,-1.7315206597612507,0.002304647325959863,-0.005910251129352317
47,2,heldout,3,1,0.3490658503988659,1.1952657069996349,3,s,af3726fcacd0ac1320a56ea850b0a2c0f5430cf4eb20a45c078706980f08407e,d24fbe3839599a6a097188bae8cd47ce8083f27deef1341ae3086bf0d5a45bd1,87f63c0590d05baea263cdc42c6e1df2d063fa2def309ecb0283f3036bf33d46,87f63c0590d05baea263cdc42c6e1df2d063fa2def309ecb0283f3036bf33d46,1787977976.0557547,36559.924,18280019,0,0.9584569931030273,1.0412378311157227,1.1976423263549805,0.00057220458984375,-0.00324249267578125,0.00476837158203125,-0.0073261260986328125,-0.0024423599243164062,0.14407825469970703,-0.021978378295898438,-0.0073261260986328125,-0.0073261260986328125,-0.08058643341064453,-1.7982902526855469,8.020511627197266,-1.7948713302612305,0.10500621795654297,-0.11477375030517578,0.0,-2.083983170632129,7.349328543214196,-1.7312822409338433,0.0023102570364194963,-0.005909947039535049
47,2,heldout,3,1,0.3490658503988659,1.1977348859945778,3,s,af3726fcacd0ac1320a56ea850b0a2c0f5430cf4eb20a45c078706980f08407e,d24fbe3839599a6a097188bae8cd47ce8083f27deef1341ae3086bf0d5a45bd1,87f63c0590d05baea263cdc42c6e1df2d063fa2def309ecb0283f3036bf33d46,87f63c0590d05baea263cdc42c6e1df2d063fa2def309ecb0283f3036bf33d46,1787977976.057631,36559.926,18280020,0,0.9584569931030273,1.0412378311157227,1.1984052658081055,0.00057220458984375,-0.00324249267578125,0.00476837158203125,-0.0073261260986328125,-0.0024423599243164062,0.14896202087402344,-0.021978378295898438,-0.021978378295898438,-0.0073261260986328125,-0.08058643341064453,-1.7982902526855469,8.034187316894531,-1.789987564086914,0.10500621795654297,-0.10988998413085938,0.0,-2.081219630302707,7.346565002884774,-1.730804647509598,0.002321475447962561,-0.005909336279913475
47,2,heldout,3,1,0.3490658503988659,1.1996042209939333,3,s,af3726fcacd0ac1320a56ea850b0a2c0f5430cf4eb20a45c078706980f08407e,d24fbe3839599a6a097188bae8cd47ce8083f27deef1341ae3086bf0d5a45bd1,87f63c0590d05baea263cdc42c6e1df2d063fa2def309ecb0283f3036bf33d46,87f63c0590d05baea263cdc42c6e1df2d063fa2def309ecb0283f3036bf33d46,1787977976.059632,36559.928,18280021,0,0.9584569931030273,1.0412378311157227,1.198786735534668,0.00057220458984375,-0.00324249267578125,0.00476837158203125,0.0073261260986328125,-0.0024423599243164062,0.15873050689697266,-0.021978378295898438,-0.0073261260986328125,-0.0073261260986328125,-0.07570171356201172,-1.7982902526855469,8.047863006591797,-1.7851037979125977,0.10988998413085938,-0.10988998413085938,0.0,-2.0798362564385675,7.345181629020634,-1.730565472982257,0.002327084147413505,-0.005909029610198041
47,2,heldout,3,1,0.3490658503988659,1.201610799995251,3,s,af3726fcacd0ac1320a56ea850b0a2c0f5430cf4eb20a45c078706980f08407e,d24fbe3839599a6a097188bae8cd47ce8083f27deef1341ae3086bf0d5a45bd1,87f63c0590d05baea263cdc42c6e1df2d063fa2def309ecb0283f3036bf33d46,87f63c0590d05baea263cdc42c6e1df2d063fa2def309ecb0283f3036bf33d46,1787977976.0615096,36559.93,18280022,0,0.9584569931030273,1.0412378311157227,1.199549674987793,0.00057220458984375,-0.00324249267578125,0.00476837158203125,-0.0073261260986328125,-0.0024423599243164062,0.15384578704833984,-0.0073261260986328125,-0.0073261260986328125,-0.0073261260986328125,-0.07570171356201172,-1.7846145629882812,8.10256576538086,-1.7851037979125977,0.10988998413085938,-0.10988998413085938,0.0,-2.077066302317986,7.342411674900053,-1.7300863684711663,0.0023383005295933425,-0.0059084136911810225
47,2,heldout,3,1,0.3490658503988659,1.2034846199967433,3,s,af3726fcacd0ac1320a56ea850b0a2c0f5430cf4eb20a45c078706980f08407e,d24fbe3839599a6a097188bae8cd47ce8083f27deef1341ae3086bf0d5a45bd1,87f63c0590d05baea263cdc42c6e1df2d063fa2def309ecb0283f3036bf33d46,87f63c0590d05baea263cdc42c6e1df2d063fa2def309ecb0283f3036bf33d46,1787977976.0634017,36559.932,18280023,0,0.9584569931030273,1.0412378311157227,1.200312614440918,0.00057220458984375,-0.00324249267578125,0.00476837158203125,0.0073261260986328125,-0.0024423599243164062,0.14896202087402344,0.021978378295898438,-0.0073261260986328125,-0.0073261260986328125,-0.08058643341064453,-1.7846145629882812,8.157264709472656,-1.7851037979125977,0.10500621795654297,-0.10988998413085938,0.0,-2.0742920743515203,7.3396374469335885,-1.7296062569173172,0.0023495155507031983,-0.005907794333014763
47,2,heldout,3,1,0.3490658503988659,1.2053765899981954,3,s,af3726fcacd0ac1320a56ea850b0a2c0f5430cf4eb20a45c078706980f08407e,d24fbe3839599a6a097188bae8cd47ce8083f27deef1341ae3086bf0d5a45bd1,87f63c0590d05baea263cdc42c6e1df2d063fa2def309ecb0283f3036bf33d46,87f63c0590d05baea263cdc42c6e1df2d063fa2def309ecb0283f3036bf33d46,1787977976.0652623,36559.934,18280024,0,0.9584569931030273,1.0412378311157227,1.2006940841674805,0.00057220458984375,-0.00324249267578125,0.00476837158203125,-0.0073261260986328125,-0.0024423599243164062,0.15384578704833984,0.0073261260986328125,0.0073261260986328125,-0.0073261260986328125,-0.08058643341064453,-1.7846145629882812,8.11623764038086,-1.7948713302612305,0.10500621795654297,-0.11477375030517578,0.0,-2.072903358180614,7.338248730762682,-1.7293658235866674,0.002355122548816856,-0.00590748336436325
47,2,heldout,3,1,0.3490658503988659,1.207234260997211,3,s,af3726fcacd0ac1320a56ea850b0a2c0f5430cf4eb20a45c078706980f08407e,d24fbe3839599a6a097188bae8cd47ce8083f27deef1341ae3086bf0d5a45bd1,87f63c0590d05baea263cdc42c6e1df2d063fa2def309ecb0283f3036bf33d46,87f63c0590d05baea263cdc42c6e1df2d063fa2def309ecb0283f3036bf33d46,1787977976.0677087,36559.936,18280025,0,0.9584569931030273,1.0412378311157227,1.2014570236206055,0.00057220458984375,-0.00324249267578125,0.00476837158203125,-0.0073261260986328125,-0.0024423599243164062,0.15384578704833984,-0.0073261260986328125,-0.0073261260986328125,-0.0073261260986328125,-0.08058643341064453,-1.7846145629882812,8.11623764038086,-1.7948713302612305,0.10500621795654297,-0.10988998413085938,0.0,-2.070122722473875,7.335468095055942,-1.7288842019928552,0.0023663355160819938,-0.005906858848149721
47,2,heldout,3,1,0.3490658503988659,1.2096838869983912,3,s,af3726fcacd0ac1320a56ea850b0a2c0f5430cf4eb20a45c078706980f08407e,d24fbe3839599a6a097188bae8cd47ce8083f27deef1341ae3086bf0d5a45bd1,87f63c0590d05baea263cdc42c6e1df2d063fa2def309ecb0283f3036bf33d46,87f63c0590d05baea263cdc42c6e1df2d063fa2def309ecb0283f3036bf33d46,1787977976.0696063,36559.938,18280026,0,0.9584569931030273,1.0412378311157227,1.201838493347168,0.00057220458984375,-0.00324249267578125,0.00476837158203125,-0.021978378295898438,-0.0024423599243164062,0.14896202087402344,-0.0073261260986328125,-0.0073261260986328125,-0.0073261260986328125,-0.07570171356201172,-1.7846145629882812,8.184616088867188,-1.7948713302612305,0.10500621795654297,-0.10988998413085938,0.0,-2.06873080334268,7.334076175924747,-1.7286430137997777,0.0023719414836017748,-0.005906545300678582
47,2,heldout,3,1,0.3490658503988659,1.2115855159936473,3,s,af3726fcacd0ac1320a56ea850b0a2c0f5430cf4eb20a45c078706980f08407e,d24fbe3839599a6a097188bae8cd47ce8083f27deef1341ae3086bf0d5a45bd1,87f63c0590d05baea263cdc42c6e1df2d063fa2def309ecb0283f3036bf33d46,87f63c0590d05baea263cdc42c6e1df2d063fa2def309ecb0283f3036bf33d46,1787977976.0714695,36559.939999999995,18280027,0,0.9584569931030273,1.0412378311157227,1.202601432800293,0.00057220458984375,-0.00324249267578125,0.00476837158203125,-0.021978378295898438,-0.0024423599243164062,0.14896202087402344,-0.0073261260986328125,0.0073261260986328125,-0.0073261260986328125,-0.07570171356201172,-1.7846145629882812,8.10256576538086,-1.7948713302612305,0.10500621795654297,-0.10988998413085938,0.0,-2.065943763537387,7.331289136119453,-1.7281598827967681,0.0023831523823368847,-0.005905915627235691
47,2,heldout,3,1,0.3490658503988659,1.2134630209984607,3,s,af3726fcacd0ac1320a56ea850b0a2c0f5430cf4eb20a45c078706980f08407e,d24fbe3839599a6a097188bae8cd47ce8083f27deef1341ae3086bf0d5a45bd1,87f63c0590d05baea263cdc42c6e1df2d063fa2def309ecb0283f3036bf33d46,87f63c0590d05baea263cdc42c6e1df2d063fa2def309ecb0283f3036bf33d46,1787977976.0733511,36559.941999999995,18280028,0,0.9584569931030273,1.0412378311157227,1.203364372253418,0.00057220458984375,-0.00324249267578125,0.00476837158203125,-0.0073261260986328125,-0.0024423599243164062,0.15384578704833984,0.0073261260986328125,-0.0073261260986328125,-0.0073261260986328125,-0.07570171356201172,-1.7709407806396484,8.10256576538086,-1.7948713302612305,0.10500621795654297,-0.10988998413085938,0.0,-2.063152456360383,7.32849782894245,-1.727675745872363,0.002394361893894802,-0.005905282516097625
47,2,heldout,3,1,0.3490658503988659,1.2153273679941776,3,s,af3726fcacd0ac1320a56ea850b0a2c0f5430cf4eb20a45c078706980f08407e,d24fbe3839599a6a097188bae8cd47ce8083f27deef1341ae3086bf0d5a45bd1,87f63c0590d05baea263cdc42c6e1df2d063fa2def309ecb0283f3036bf33d46,87f63c0590d05baea263cdc42c6e1df2d063fa2def309ecb0283f3036bf33d46,1787977976.0758607,36559.943999999996,18280029,0,0.9584569931030273,1.0412378311157227,1.2037458419799805,0.00057220458984375,-0.00324249267578125,0.00476837158203125,-0.0073261260986328125,-0.0024423599243164062,0.15384578704833984,-0.0073261260986328125,-0.021978378295898438,-0.0073261260986328125,-0.07570171356201172,-1.7709407806396484,8.11623764038086,-1.7948713302612305,0.10500621795654297,-0.11477375030517578,0.0,-2.0617552030151254,7.327100575597193,-1.7274333002776778,0.0023999661274432824,-0.005904964671507986
47,2,heldout,3,1,0.3490658503988659,1.217844332997629,3,s,af3726fcacd0ac1320a56ea850b0a2c0f5430cf4eb20a45c078706980f08407e,d24fbe3839599a6a097188bae8cd47ce8083f27deef1341ae3086bf0d5a45bd1,87f63c0590d05baea263cdc42c6e1df2d063fa2def309ecb0283f3036bf33d46,87f63c0590d05baea263cdc42c6e1df2d063fa2def309ecb0283f3036bf33d46,1787977976.0772278,36559.945999999996,18280030,0,0.9584569931030273,1.0412378311157227,1.2045087814331055,0.00057220458984375,-0.00324249267578125,0.00476837158203125,-0.0073261260986328125,-0.0024423599243164062,0.15384578704833984,-0.021978378295898438,-0.021978378295898438,-0.0073261260986328125,-0.07570171356201172,-1.7572650909423828,8.129913330078125,-1.7948713302612305,0.10500621795654297,-0.11477375030517578,0.0,-2.0589574978277403,7.324302870409808,-1.7269476549997458,0.0024111735460016813,-0.005904326404518757
47,2,heldout,3,1,0.3490658503988659,1.2192095009959303,3,s,af3726fcacd0ac1320a56ea850b0a2c0f5430cf4eb20a45c078706980f08407e,d24fbe3839599a6a097188bae8cd47ce8083f27deef1341ae3086bf0d5a45bd1,87f63c0590d05baea263cdc42c6e1df2d063fa2def309ecb0283f3036bf33d46,87f63c0590d05baea263cdc42c6e1df2d063fa2def309ecb0283f3036bf33d46,1787977976.0797052,36559.948,18280031,0,0.9584569931030273,1.0412378311157227,1.204890251159668,0.00057220458984375,-0.00324249267578125,0.00476837158203125,-0.0073261260986328125,-0.0024423599243164062,0.14896202087402344,-0.021978378295898438,-0.0073261260986328125,-0.0073261260986328125,-0.07570171356201172,-1.7435894012451172,8.170940399169922,-1.7851037979125977,0.10500621795654297,-0.11477375030517578,0.0,-2.0575570463927306,7.322902418974798,-1.726704455387169,0.002416776729380699,-0.005904005982212046
47,2,heldout,3,1,0.3490658503988659,1.2216830889956327,3,s,af3726fcacd0ac1320a56ea850b0a2c0f5430cf4eb20a45c078706980f08407e,d24fbe3839599a6a097188bae8cd47ce8083f27deef1341ae3086bf0d5a45bd1,87f63c0590d05baea263cdc42c6e1df2d063fa2def309ecb0283f3036bf33d46,87f63c0590d05baea263cdc42c6e1df2d063fa2def309ecb0283f3036bf33d46,1787977976.081595,36559.95,18280032,0,0.9584569931030273,1.0412378311157227,1.205653190612793,0.00057220458984375,-0.00324249267578125,0.00476837158203125,-0.0073261260986328125,-0.0024423599243164062,0.14407825469970703,-0.021978378295898438,-0.0073261260986328125,-0.0073261260986328125,-0.07570171356201172,-1.7435894012451172,8.225639343261719,-1.7802200317382812,0.10500621795654297,-0.10988998413085938,0.0,-2.0547529468590415,7.32009831944111,-1.7262173023917462,0.0024279820402615298,-0.005903362560207571
47,2,heldout,3,1,0.3490658503988659,1.223575305994018,3,s,af3726fcacd0ac1320a56ea850b0a2c0f5430cf4eb20a45c078706980f08407e,d24fbe3839599a6a097188bae8cd47ce8083f27deef1341ae3086bf0d5a45bd1,87f63c0590d05baea263cdc42c6e1df2d063fa2def309ecb0283f3036bf33d46,87f63c0590d05baea263cdc42c6e1df2d063fa2def309ecb0283f3036bf33d46,1787977976.0834837,36559.952,18280033,0,0.9584569931030273,1.0412378311157227,1.2060346603393555,0.00057220458984375,-0.00324249267578125,0.00476837158203125,-0.0073261260986328125,-0.0024423599243164062,0.13919448852539062,-0.021978378295898438,-0.0073261260986328125,-0.0073261260986328125,-0.07570171356201172,-1.7435894012451172,8.280342102050781,-1.7802200317382812,0.10500621795654297,-0.10988998413085938,0.0,-2.0533492991684144,7.318694671750482,-1.7259733490797904,0.0024335841661327516,-0.005903039560603439
47,2,heldout,3,1,0.3490658503988659,1.225460324996675,3,s,af3726fcacd0ac1320a56ea850b0a2c0f5430cf4eb20a45c078706980f08407e,d24fbe3839599a6a097188bae8cd47ce8083f27deef1341ae3086bf0d5a45bd1,87f63c0590d05baea263cdc42c6e1df2d063fa2def309ecb0283f3036bf33d46,87f63c0590d05baea263cdc42c6e1df2d063fa2def309ecb0283f3036bf33d46,1787977976.0853739,36559.954,18280034,0,0.9584569931030273,1.0412378311157227,1.2067975997924805,0.00057220458984375,-0.00324249267578125,0.00476837158203125,-0.0073261260986328125,-0.0024423599243164062,0.13919448852539062,0.0073261260986328125,0.0073261260986328125,-0.0073261260986328125,-0.07570171356201172,-1.7435894012451172,8.184616088867188,-1.7802200317382812,0.10500621795654297,-0.10988998413085938,0.0,-2.0505388089608765,7.315884181542943,-1.725484689004888,0.0024447873546607282,-0.005902390984426395
47,2,heldout,3,1,0.3490658503988659,1.2273563559938339,3,s,af3726fcacd0ac1320a56ea850b0a2c0f5430cf4eb20a45c078706980f08407e,d24fbe3839599a6a097188bae8cd47ce8083f27deef1341ae3086bf0d5a45bd1,87f63c0590d05baea263cdc42c6e1df2d063fa2def309ecb0283f3036bf33d46,87f63c0590d05baea263cdc42c6e1df2d063fa2def309ecb0283f3036bf33d46,1787977976.087304,36559.956,18280035,0,0.9584569931030273,1.0412378311157227,1.207179069519043,0.00057220458984375,-0.00324249267578125,0.00476837158203125,-0.0073261260986328125,-0.0024423599243164062,0.13919448852539062,-0.0073261260986328125,0.0073261260986328125,-0.0073261260986328125,-0.08058643341064453,-1.7435894012451172,8.239315032958984,-1.7802200317382812,0.10500621795654297,-0.10988998413085938,0.0,-2.0491319668529435,7.31447733943501,-1.725239982313051,0.0024503884156872055,-0.005902065407947863
47,2,heldout,3,1,0.3490658503988659,1.2292854769984842,3,s,af3726fcacd0ac1320a56ea850b0a2c0f5430cf4eb20a45c078706980f08407e,d24fbe3839599a6a097188bae8cd47ce8083f27deef1341ae3086bf0d5a45bd1,87f63c0590d05baea263cdc42c6e1df2d063fa2def309ecb0283f3036bf33d46,87f63c0590d05baea263cdc42c6e1df2d063fa2def309ecb0283f3036bf33d46,1787977976.0892339,36559.958,18280036,0,0.9584569931030273,1.0412378311157227,1.207942008972168,0.00057220458984375,-0.00324249267578125,0.00476837158203125,-0.0073261260986328125,-0.0024423599243164062,0.13919448852539062,-0.021978378295898438,-0.0073261260986328125,-0.0073261260986328125,-0.07570171356201172,-1.7435894012451172,8.170940399169922,-1.7802200317382812,0.10012245178222656,-0.10988998413085938,0.0,-2.0463150896523716,7.311660462234439,-1.7247498157986523,0.0024615894671898325,-0.005901411678447667
47,2,heldout,3,1,0.3490658503988659,1.2312225099958596,3,s,af3726fcacd0ac1320a56ea850b0a2c0f5430cf4eb20a45c078706980f08407e,d24fbe3839599a6a097188bae8cd47ce8083f27deef1341ae3086bf0d5a45bd1,87f63c0590d05baea263cdc42c6e1df2d063fa2def309ecb0283f3036bf33d46,87f63c0590d05baea263cdc42c6e1df2d063fa2def309ecb0283f3036bf33d46,1787977976.091455,36559.96,18280037,0,0.9584569931030273,1.0412378311157227,1.208704948425293,0.00057220458984375,-0.00324249267578125,0.00476837158203125,0.0073261260986328125,-0.0024423599243164062,0.14896202087402344,-0.0073261260986328125,0.0073261260986328125,-0.0073261260986328125,-0.07570171356201172,-1.7435894012451172,8.11623764038086,-1.7753353118896484,0.10012245178222656,-0.10988998413085938,0.0,-2.0434939565054746,7.308839329087542,-1.7242586453477782,0.0024727890858588742,-0.005900754513873938
47,2,heldout,3,1,0.3490658503988659,1.2334575899949414,3,s,af3726fcacd0ac1320a56ea850b0a2c0f5430cf4eb20a45c078706980f08407e,d24fbe3839599a6a097188bae8cd47ce8083f27deef1341ae3086bf0d5a45bd1,87f63c0590d05baea263cdc42c6e1df2d063fa2def309ecb0283f3036bf33d46,87f63c0590d05baea263cdc42c6e1df2d063fa2def309ecb0283f3036bf33d46,1787977976.093404,36559.962,18280038,0,0.9584569931030273,1.0412378311157227,1.2090864181518555,0.00057220458984375,-0.00324249267578125,0.00476837158203125,-0.0073261260986328125,-0.0024423599243164062,0.14896202087402344,-0.0073261260986328125,-0.0073261260986328125,-0.0073261260986328125,-0.08058643341064453,-1.7572650909423828,8.047863006591797,-1.7753353118896484,0.10012245178222656,-0.10988998413085938,0.0,-2.042081794465223,7.30742716704729,-1.7240126837354834,0.002478388355843571,-0.00590042464355396
47,2,heldout,3,1,0.3490658503988659,1.2353825949976454,3,s,af3726fcacd0ac1320a56ea850b0a2c0f5430cf4eb20a45c078706980f08407e,d24fbe3839599a6a097188bae8cd47ce8083f27deef1341ae3086bf0d5a45bd1,87f63c0590d05baea263cdc42c6e1df2d063fa2def309ecb0283f3036bf33d46,87f63c0590d05baea263cdc42c6e1df2d063fa2def309ecb0283f3036bf33d46,1787977976.095304,36559.964,18280039,0,0.9584569931030273,1.0412378311157227,1.2098493576049805,0.00057220458984375,-0.00324249267578125,0.00476837158203125,-0.0073261260986328125,-0.0024423599243164062,0.15384578704833984,-0.0073261260986328125,-0.0073261260986328125,-0.0073261260986328125,-0.08058643341064453,-1.7572650909423828,8.061538696289062,-1.7802200317382812,0.10500621795654297,-0.10988998413085938,0.0,-2.039254280478585,7.304599653060652,-1.7235200079161392,0.002489585813039312,-0.005899762327087784
47,2,heldout,3,1,0.3490658503988659,1.2372820229938952,3,s,af3726fcacd0ac1320a56ea850b0a2c0f5430cf4eb20a45c078706980f08407e,d24fbe3839599a6a097188bae8cd47ce8083f27deef1341ae3086bf0d5a45bd1,87f63c0590d05baea263cdc42c6e1df2d063fa2def309ecb0283f3036bf33d46,87f63c0590d05baea263cdc42c6e1df2d063fa2def309ecb0283f3036bf33d46,1787977976.0972412,36559.966,18280040,0,0.9584569931030273,1.0412378311157227,1.2106122970581055,0.00057220458984375,-0.00324249267578125,0.00476837158203125,-0.0073261260986328125,-0.0024423599243164062,0.16361427307128906,0.021978378295898438,-0.021978378295898438,-0.0073261260986328125,-0.08058643341064453,-1.7572650909423828,8.088890075683594,-1.7802200317382812,0.10500621795654297,-0.10988998413085938,0.0,-2.0364225146555555,7.301767887237622,-1.7230263288761605,0.0025007818211054546,-0.005899096576508125
47,2,heldout,3,1,0.3490658503988659,1.2392226009978913,3,s,af3726fcacd0ac1320a56ea850b0a2c0f5430cf4eb20a45c078706980f08407e,d24fbe3839599a6a097188bae8cd47ce8083f27deef1341ae3086bf0d5a45bd1,87f63c0590d05baea263cdc42c6e1df2d063fa2def309ecb0283f3036bf33d46,87f63c0590d05baea263cdc42c6e1df2d063fa2def309ecb0283f3036bf33d46,1787977976.0997472,36559.968,18280041,0,0.9584569931030273,1.0412378311157227,1.210993766784668,0.00057220458984375,-0.00324249267578125,0.00476837158203125,0.0073261260986328125,-0.0024423599243164062,0.15873050689697266,-0.0073261260986328125,-0.0073261260986328125,-0.0073261260986328125,-0.07570171356201172,-1.7572650909423828,8.157264709472656,-1.7851037979125977,0.10500621795654297,-0.10988998413085938,0.0,-2.035005037820394,7.300350410402461,-1.7227791132382118,0.002506379279678352,-0.00589876241354676
47,2,heldout,3,1,0.3490658503988659,1.2417318829975557,3,s,af3726fcacd0ac1320a56ea850b0a2c0f5430cf4eb20a45c078706980f08407e,d24fbe3839599a6a097188bae8cd47ce8083f27deef1341ae3086bf0d5a45bd1,87f63c0590d05baea263cdc42c6e1df2d063fa2def309ecb0283f3036bf33d46,87f63c0590d05baea263cdc42c6e1df2d063fa2def309ecb0283f3036bf33d46,1787977976.1016834,36559.97,18280042,0,0.9584569931030273,1.0412378311157227,1.211756706237793,0.00057220458984375,-0.00324249267578125,0.00476837158203125,-0.0073261260986328125,-0.0024423599243164062,0.15384578704833984,-0.0073261260986328125,0.0073261260986328125,-0.0073261260986328125,-0.08058643341064453,-1.7572650909423828,8.225639343261719,-1.789987564086914,0.10988998413085938,-0.10988998413085938,0.0,-2.0321668973341227,7.29751226991619,-1.7222839299062642,0.0025175731018311142,-0.005898091512524095
47,2,heldout,3,1,0.3490658503988659,1.243661795000662,3,s,af3726fcacd0ac1320a56ea850b0a2c0f5430cf4eb20a45c078706980f08407e,d24fbe3839599a6a097188bae8cd47ce8083f27deef1341ae3086bf0d5a45bd1,87f63c0590d05baea263cdc42c6e1df2d063fa2def309ecb0283f3036bf33d46,87f63c0590d05baea263cdc42c6e1df2d063fa2def309ecb0283f3036bf33d46,1787977976.103585,36559.972,18280043,0,0.9584569931030273,1.0412378311157227,1.2121381759643555,0.00057220458984375,-0.00324249267578125,0.00476837158203125,-0.0073261260986328125,-0.0024423599243164062,0.15384578704833984,0.0073261260986328125,-0.0073261260986328125,-0.0073261260986328125,-0.08058643341064453,-1.7435894012451172,8.376068115234375,-1.789987564086914,0.10988998413085938,-0.10988998413085938,0.0,-2.030746234096017,7.296091606678084,-1.7220359622843247,0.0025231694637820597,-0.005897754774560425
47,2,heldout,3,1,0.3490658503988659,1.2455584549970808,3,s,af3726fcacd0ac1320a56ea850b0a2c0f5430cf4eb20a45c078706980f08407e,d24fbe3839599a6a097188bae8cd47ce8083f27deef1341ae3086bf0d5a45bd1,87f63c0590d05baea263cdc42c6e1df2d063fa2def309ecb0283f3036bf33d46,87f63c0590d05baea263cdc42c6e1df2d063fa2def309ecb0283f3036bf33d46,1787977976.105518,36559.974,18280044,0,0.9584569931030273,1.0412378311157227,1.2129011154174805,0.00057220458984375,-0.00324249267578125,0.00476837158203125,0.0073261260986328125,-0.0024423599243164062,0.14407825469970703,-0.0073261260986328125,-0.0073261260986328125,-0.0073261260986328125,-0.07570171356201172,-1.7435894012451172,8.335041046142578,-1.789987564086914,0.10988998413085938,-0.10988998413085938,0.0,-2.0279017226635396,7.293247095245607,-1.721539275308936,0.0025343610853611983,-0.005897078723973416
47,2,heldout,3,1,0.3490658503988659,1.2475022769940551,3,s,af3726fcacd0ac1320a56ea850b0a2c0f5430cf4eb20a45c078706980f08407e,d24fbe3839599a6a097188bae8cd47ce8083f27deef1341ae3086bf0d5a45bd1,87f63c0590d05baea263cdc42c6e1df2d063fa2def309ecb0283f3036bf33d46,87f63c0590d05baea263cdc42c6e1df2d063fa2def309ecb0283f3036bf33d46,1787977976.1074455,36559.975999999995,18280045,0,0.9584569931030273,1.0412378311157227,1.213282585144043,0.00057220458984375,-0.00324249267578125,0.00476837158203125,-0.021978378295898438,-0.0024423599243164062,0.13919448852539062,0.021978378295898438,-0.0073261260986328125,-0.0073261260986328125,-0.08058643341064453,-1.7435894012451172,8.307693481445312,-1.789987564086914,0.10988998413085938,-0.10988998413085938,0.0,-2.0264778748830965,7.291823247465163,-1.7212905560277634,0.0025399563433607946,-0.005896739411448458
47,2,heldout,3,1,0.3490658503988659,1.2494255349956802,3,s,af3726fcacd0ac1320a56ea850b0a2c0f5430cf4eb20a45c078706980f08407e,d24fbe3839599a6a097188bae8cd47ce8083f27deef1341ae3086bf0d5a45bd1,87f63c0590d05baea263cdc42c6e1df2d063fa2def309ecb0283f3036bf33d46,87f63c0590d05baea263cdc42c6e1df2d063fa2def309ecb0283f3036bf33d46,1787977976.109323,36559.977999999996,18280046,0,0.9584569931030273,1.0412378311157227,1.214045524597168,0.00057220458984375,-0.00324249267578125,0.00476837158203125,0.0073261260986328125,-0.0024423599243164062,0.14407825469970703,0.0073261260986328125,-0.021978378295898438,-0.0073261260986328125,-0.07570171356201172,-1.7435894012451172,8.225639343261719,-1.7997560501098633,0.10988998413085938,-0.10988998413085938,0.0,-2.023626996229785,7.288972368811853,-1.7207923660594306,0.002551145749708954,-0.0058960582121825094
47,2,heldout,3,1,0.3490658503988659,1.2512966099966434,3,s,af3726fcacd0ac1320a56ea850b0a2c0f5430cf4eb20a45c078706980f08407e,d24fbe3839599a6a097188bae8cd47ce8083f27deef1341ae3086bf0d5a45bd1,87f63c0590d05baea263cdc42c6e1df2d063fa2def309ecb0283f3036bf33d46,87f63c0590d05baea263cdc42c6e1df2d063fa2def309ecb0283f3036bf33d46,1787977976.1111908,36559.979999999996,18280047,0,0.9584569931030273,1.0412378311157227,1.2144269943237305,0.00057220458984375,-0.00324249267578125,0.00476837158203125,-0.021978378295898438,-0.0024423599243164062,0.14896202087402344,-0.0073261260986328125,-0.0073261260986328125,-0.0073261260986328125,-0.07570171356201172,-1.7435894012451172,8.225639343261719,-1.7997560501098633,0.10988998413085938,-0.10988998413085938,0.0,-2.0221999657717786,7.287545338353847,-1.7205428954447664,0.0025567398964292457,-0.00589571632554065
47,2,heldout,3,1,0.3490658503988659,1.2531781989964657,3,s,af3726fcacd0ac1320a56ea850b0a2c0f5430cf4eb20a45c078706980f08407e,d24fbe3839599a6a097188bae8cd47ce8083f27deef1341ae3086bf0d5a45bd1,87f63c0590d05baea263cdc42c6e1df2d063fa2def309ecb0283f3036bf33d46,87f63c0590d05baea263cdc42c6e1df2d063fa2def309ecb0283f3036bf33d46,1787977976.113652,36559.981999999996,18280048,0,0.9584569931030273,1.0412378311157227,1.2151899337768555,0.00057220458984375,-0.00324249267578125,0.00476837158203125,-0.0073261260986328125,-0.0024423599243164062,0.14407825469970703,0.0073261260986328125,-0.021978378295898438,-0.0073261260986328125,-0.07570171356201172,-1.7435894012451172,8.225639343261719,-1.7997560501098633,0.10988998413085938,-0.10988998413085938,0.0,-2.019342723631354,7.284688096213421,-1.7200432031359538,0.0025679270728919752,-0.005895029978487908
47,2,heldout,3,1,0.3490658503988659,1.2556248599939863,3,s,af3726fcacd0ac1320a56ea850b0a2c0f5430cf4eb20a45c078706980f08407e,d24fbe3839599a6a097188bae8cd47ce8083f27deef1341ae3086bf0d5a45bd1,87f63c0590d05baea263cdc42c6e1df2d063fa2def309ecb0283f3036bf33d46,87f63c0590d05baea263cdc42c6e1df2d063fa2def309ecb0283f3036bf33d46,1787977976.1155255,36559.984,18280049,0,0.9584569931030273,1.0412378311157227,1.2159528732299805,0.00057220458984375,-0.00324249267578125,0.00476837158203125,-0.0073261260986328125,-0.0024423599243164062,0.14407825469970703,-0.03663063049316406,-0.0073261260986328125,-0.0073261260986328125,-0.08058643341064453,-1.7435894012451172,8.198291778564453,-1.7948713302612305,0.10988998413085938,-0.10988998413085938,0.0,-2.0164812412445885,7.281826613826657,-1.7195425096302748,0.0025791127546244937,-0.005894340200076275
47,2,heldout,3,1,0.3490658503988659,1.2575012140005128,3,s,af3726fcacd0ac1320a56ea850b0a2c0f5430cf4eb20a45c078706980f08407e,d24fbe3839599a6a097188bae8cd47ce8083f27deef1341ae3086bf0d5a45bd1,87f63c0590d05baea263cdc42c6e1df2d063fa2def309ecb0283f3036bf33d46,87f63c0590d05baea263cdc42c6e1df2d063fa2def309ecb0283f3036bf33d46,1787977976.1174202,36559.986,18280050,0,0.9584569931030273,1.0412378311157227,1.216334342956543,0.00057220458984375,-0.00324249267578125,0.00476837158203125,-0.0073261260986328125,-0.0024423599243164062,0.14896202087402344,-0.0073261260986328125,0.0073261260986328125,-0.0073261260986328125,-0.07570171356201172,-1.7435894012451172,8.239315032958984,-1.789987564086914,0.10988998413085938,-0.10988998413085938,0.0,-2.0150489104792326,7.2803942830613,-1.7192917875196625,0.002584705032932225,-0.005893994024236264
47,2,heldout,3,1,0.3490658503988659,1.2593992159963818,3,s,af3726fcacd0ac1320a56ea850b0a2c0f5430cf4eb20a45c078706980f08407e,d24fbe3839599a6a097188bae8cd47ce8083f27deef1341ae3086bf0d5a45bd1,87f63c0590d05baea263cdc42c6e1df2d063fa2def309ecb0283f3036bf33d46,87f63c0590d05baea263cdc42c6e1df2d063fa2def309ecb0283f3036bf33d46,1787977976.1193075,36559.988,18280051,0,0.9584569931030273,1.0412378311157227,1.217097282409668,0.00057220458984375,-0.00324249267578125,0.00476837158203125,-0.021978378295898438,-0.0024423599243164062,0.14407825469970703,-0.0073261260986328125,-0.0073261260986328125,-0.0073261260986328125,-0.07570171356201172,-1.7299137115478516,8.239315032958984,-1.7851037979125977,0.10988998413085938,-0.11477375030517578,0.0,-2.012181070846734,7.277526443428801,-1.71878959276532,0.0025958884603617173,-0.0058932990995397335
47,2,heldout,3,1,0.3490658503988659,1.2612829829959082,3,s,af3726fcacd0ac1320a56ea850b0a2c0f5430cf4eb20a45c078706980f08407e,d24fbe3839599a6a097188bae8cd47ce8083f27deef1341ae3086bf0d5a45bd1,87f63c0590d05baea263cdc42c6e1df2d063fa2def309ecb0283f3036bf33d46,87f63c0590d05baea263cdc42c6e1df2d063fa2def309ecb0283f3036bf33d46,1787977976.121725,36559.99,18280052,0,0.9584569931030273,1.0412378311157227,1.2174787521362305,0.00057220458984375,-0.00324249267578125,0.00476837158203125,-0.0073261260986328125,-0.0024423599243164062,0.14407825469970703,-0.021978378295898438,-0.0073261260986328125,-0.0073261260986328125,-0.08058643341064453,-1.7162399291992188,8.211967468261719,-1.7753353118896484,0.10988998413085938,-0.11477375030517578,0.0,-2.0107455623969157,7.276090934978983,-1.7185381201946677,0.002601479607856075,-0.005892950350784337
47,2,heldout,3,1,0.3490658503988659,1.2639764880004805,3,s,af3726fcacd0ac1320a56ea850b0a2c0f5430cf4eb20a45c078706980f08407e,d24fbe3839599a6a097188bae8cd47ce8083f27deef1341ae3086bf0d5a45bd1,87f63c0590d05baea263cdc42c6e1df2d063fa2def309ecb0283f3036bf33d46,87f63c0590d05baea263cdc42c6e1df2d063fa2def309ecb0283f3036bf33d46,1787977976.1234229,36559.992,18280053,0,0.9584569931030273,1.0412378311157227,1.2182416915893555,0.00057220458984375,-0.00324249267578125,0.00476837158203125,-0.0073261260986328125,-0.0024423599243164062,0.14407825469970703,-0.0073261260986328125,-0.0073261260986328125,-0.0073261260986328125,-0.08058643341064453,-1.7162399291992188,8.266666412353516,-1.7753353118896484,0.10988998413085938,-0.10988998413085938,0.0,-2.0078713692746097,7.273216741856678,-1.7180344248493704,0.0026126607663359194,-0.005892250280713033
47,2,heldout,3,1,0.3490658503988659,1.265400279997266,3,s,af3726fcacd0ac1320a56ea850b0a2c0f5430cf4eb20a45c078706980f08407e,d24fbe3839599a6a097188bae8cd47ce8083f27deef1341ae3086bf0d5a45bd1,87f63c0590d05baea263cdc42c6e1df2d063fa2def309ecb0283f3036bf33d46,87f63c0590d05baea263cdc42c6e1df2d063fa2def309ecb0283f3036bf33d46,1787977976.1252937,36559.994,18280054,0,0.9584569931030273,1.0412378311157227,1.218623161315918,0.00057220458984375,-0.00324249267578125,0.00476837158203125,-0.0073261260986328125,-0.0024423599243164062,0.14407825469970703,-0.0073261260986328125,-0.0073261260986328125,-0.0073261260986328125,-0.08058643341064453,-1.7162399291992188,8.307693481445312,-1.7753353118896484,0.10988998413085938,-0.10988998413085938,0.0,-2.0064326850203758,7.271778057602443,-1.7177822021480238,0.0026182507756943333,-0.005891898959498997
47,2,heldout,3,1,0.3490658503988659,1.2672650159947807,3,s,af3726fcacd0ac1320a56ea850b0a2c0f5430cf4eb20a45c078706980f08407e,d24fbe3839599a6a097188bae8cd47ce8083f27deef1341ae3086bf0d5a45bd1,87f63c0590d05baea263cdc42c6e1df2d063fa2def309ecb0283f3036bf33d46,87f63c0590d05baea263cdc42c6e1df2d063fa2def309ecb0283f3036bf33d46,1787977976.1277602,36559.996,18280055,0,0.9584569931030273,1.0412378311157227,1.2193870544433594,0.00057220458984375,-0.00324249267578125,0.00476837158203125,-0.0073261260986328125,-0.0024423599243164062,0.14896202087402344,-0.021978378295898438,-0.0073261260986328125,-0.0073261260986328125,-0.07570171356201172,-1.7025642395019531,8.266666412353516,-1.770451545715332,0.10988998413085938,-0.11477375030517578,0.0,-2.003548538845892,7.268893911427959,-1.7172763747517692,0.002629443623218064,-0.00589119286130565
47,2,heldout,3,1,0.3490658503988659,1.2697382319965982,3,s,af3726fcacd0ac1320a56ea850b0a2c0f5430cf4eb20a45c078706980f08407e,d24fbe3839599a6a097188bae8cd47ce8083f27deef1341ae3086bf0d5a45bd1,87f63c0590d05baea263cdc42c6e1df2d063fa2def309ecb0283f3036bf33d46,87f63c0590d05baea263cdc42c6e1df2d063fa2def309ecb0283f3036bf33d46,1787977976.1296806,36559.998,18280056,0,0.9584569931030273,1.0412378311157227,1.2201499938964844,0.00057220458984375,-0.00324249267578125,0.00476837158203125,-0.0073261260986328125,-0.0024423599243164062,0.15384578704833984,-0.0073261260986328125,-0.0073261260986328125,-0.0073261260986328125,-0.07570171356201172,-1.7025642395019531,8.280342102050781,-1.770451545715332,0.10988998413085938,-0.10988998413085938,0.0,-2.000663759655251,7.266009132237318,-1.7167701786391665,0.0026406209656579535,-0.005890484213364371
47,2,heldout,3,1,0.3490658503988659,1.271663224993972,3,s,af3726fcacd0ac1320a56ea850b0a2c0f5430cf4eb20a45c078706980f08407e,d24fbe3839599a6a097188bae8cd47ce8083f27deef1341ae3086bf0d5a45bd1,87f63c0590d05baea263cdc42c6e1df2d063fa2def309ecb0283f3036bf33d46,87f63c0590d05baea263cdc42c6e1df2d063fa2def309ecb0283f3036bf33d46,1787977976.1315987,36560.0,18280057,0,0.9584569931030273,1.0412378311157227,1.2205314636230469,0.00057220458984375,-0.00324249267578125,0.00476837158203125,0.0073261260986328125,-0.0024423599243164062,0.15873050689697266,-0.0073261260986328125,-0.021978378295898438,-0.0073261260986328125,-0.08058643341064453,-1.7025642395019531,8.239315032958984,-1.770451545715332,0.10988998413085938,-0.10988998413085938,0.0,-1.9992197839397312,7.264565156521799,-1.7165167058300346,0.002646209060893132,-0.005890128603600533
47,2,heldout,3,1,0.3490658503988659,1.2736009869986447,3,s,af3726fcacd0ac1320a56ea850b0a2c0f5430cf4eb20a45c078706980f08407e,d24fbe3839599a6a097188bae8cd47ce8083f27deef1341ae3086bf0d5a45bd1,87f63c0590d05baea263cdc42c6e1df2d063fa2def309ecb0283f3036bf33d46,87f63c0590d05baea263cdc42c6e1df2d063fa2def309ecb0283f3036bf33d46,1787977976.1335163,36560.002,18280058,0,0.9584569931030273,1.0412378311157227,1.2212944030761719,0.00057220458984375,-0.00324249267578125,0.00476837158203125,-0.0073261260986328125,-0.0024423599243164062,0.15873050689697266,-0.0073261260986328125,-0.021978378295898438,-0.0073261260986328125,-0.07570171356201172,-1.7025642395019531,8.211967468261719,-1.7753353118896484,0.10988998413085938,-0.10988998413085938,0.0,-1.9963286613189164,7.2616740339009835,-1.7160090108905308,0.002657384095328092,-0.005889414812745191
47,2,heldout,3,1,0.3490658503988659,1.275493301996903,3,s,af3726fcacd0ac1320a56ea850b0a2c0f5430cf4eb20a45c078706980f08407e,d24fbe3839599a6a097188bae8cd47ce8083f27deef1341ae3086bf0d5a45bd1,87f63c0590d05baea263cdc42c6e1df2d063fa2def309ecb0283f3036bf33d46,87f63c0590d05baea263cdc42c6e1df2d063fa2def309ecb0283f3036bf33d46,1787977976.1354973,36560.004,18280059,0,0.9584569931030273,1.0412378311157227,1.2220573425292969,0.00057220458984375,-0.00324249267578125,0.00476837158203125,-0.0073261260986328125,-0.0024423599243164062,0.15873050689697266,-0.0073261260986328125,-0.0073261260986328125,-0.0073261260986328125,-0.07570171356201172,-1.7162399291992188,8.25299072265625,-1.7753353118896484,0.10988998413085938,-0.11477375030517578,0.0,-1.99343331184771,7.258778684429778,-1.7155003171023715,0.002668557582962002,-0.005888697593799417
47,2,heldout,3,1,0.3490658503988659,1.2774753159974352,3,s,af3726fcacd0ac1320a56ea850b0a2c0f5430cf4eb20a45c078706980f08407e,d24fbe3839599a6a097188bae8cd47ce8083f27deef1341ae3086bf0d5a45bd1,87f63c0590d05baea263cdc42c6e1df2d063fa2def309ecb0283f3036bf33d46,87f63c0590d05baea263cdc42c6e1df2d063fa2def309ecb0283f3036bf33d46,1787977976.1374142,36560.006,18280060,0,0.9584569931030273,1.0412378311157227,1.2224388122558594,0.00057220458984375,-0.00324249267578125,0.00476837158203125,-0.021978378295898438,-0.0024423599243164062,0.15384578704833984,-0.0073261260986328125,-0.0073261260986328125,-0.0073261260986328125,-0.07570171356201172,-1.7162399291992188,8.25299072265625,-1.7753353118896484,0.10988998413085938,-0.11477375030517578,0.0,-1.9919840525697758,7.257329425151843,-1.7152455957325525,0.002674143744696083,-0.005888337698922998
47,2,heldout,3,1,0.3490658503988659,1.2793986549950205,3,s,af3726fcacd0ac1320a56ea850b0a2c0f5430cf4eb20a45c078706980f08407e,d24fbe3839599a6a097188bae8cd47ce8083f27deef1341ae3086bf0d5a45bd1,87f63c0590d05baea263cdc42c6e1df2d063fa2def309ecb0283f3036bf33d46,87f63c0590d05baea263cdc42c6e1df2d063fa2def309ecb0283f3036bf33d46,1787977976.139333,36560.008,18280061,0,0.9584569931030273,1.0412378311157227,1.2232017517089844,0.00057220458984375,-0.00324249267578125,0.00476837158203125,-0.0073261260986328125,-0.0024423599243164062,0.15384578704833984,0.0073261260986328125,-0.021978378295898438,-0.0073261260986328125,-0.07570171356201172,-1.7162399291992188,8.266666412353516,-1.7753353118896484,0.10988998413085938,-0.11477375030517578,0.0,-1.9890823659837136,7.254427738565782,-1.714735404226772,0.0026853148999340277,-0.005887615338624958
47,2,heldout,3,1,0.3490658503988659,1.2813166630003252,3,s,af3726fcacd0ac1320a56ea850b0a2c0f5430cf4eb20a45c078706980f08407e,d24fbe3839599a6a097188bae8cd47ce8083f27deef1341ae3086bf0d5a45bd1,87f63c0590d05baea263cdc42c6e1df2d063fa2def309ecb0283f3036bf33d46,87f63c0590d05baea263cdc42c6e1df2d063fa2def309ecb0283f3036bf33d46,1787977976.1412337,36560.009999999995,18280062,0,0.9584569931030273,1.0412378311157227,1.2239646911621094,0.00057220458984375,-0.00324249267578125,0.00476837158203125,-0.021978378295898438,-0.0024423599243164062,0.15873050689697266,-0.0073261260986328125,-0.0073261260986328125,-0.0073261260986328125,-0.07570171356201172,-1.7025642395019531,8.225639343261719,-1.7802200317382812,0.10988998413085938,-0.10988998413085938,0.0,-1.986176456765157,7.251521829347223,-1.7142242146136701,0.0026964844921130594,-0.0058868895512839085
47,2,heldout,3,1,0.3490658503988659,1.283213563998288,3,s,af3726fcacd0ac1320a56ea850b0a2c0f5430cf4eb20a45c078706980f08407e,d24fbe3839599a6a097188bae8cd47ce8083f27deef1341ae3086bf0d5a45bd1,87f63c0590d05baea263cdc42c6e1df2d063fa2def309ecb0283f3036bf33d46,87f63c0590d05baea263cdc42c6e1df2d063fa2def309ecb0283f3036bf33d46,1787977976.1431558,36560.011999999995,18280063,0,0.9584569931030273,1.0412378311157227,1.2243461608886719,0.00057220458984375,-0.00324249267578125,0.00476837158203125,-0.0073261260986328125,-0.0024423599243164062,0.15384578704833984,-0.0073261260986328125,-0.0073261260986328125,-0.0073261260986328125,-0.08058643341064453,-1.7025642395019531,8.25299072265625,-1.7802200317382812,0.10988998413085938,-0.11477375030517578,0.0,-1.9847219191971759,7.250067291779244,-1.7139682456098357,0.0027020687000237115,-0.005886525372604201
47,2,heldout,3,1,0.3490658503988659,1.2851421259983908,3,s,af3726fcacd0ac1320a56ea850b0a2c0f5430cf4eb20a45c078706980f08407e,d24fbe3839599a6a097188bae8cd47ce8083f27deef1341ae3086bf0d5a45bd1,87f63c0590d05baea263cdc42c6e1df2d063fa2def309ecb0283f3036bf33d46,87f63c0590d05baea263cdc42c6e1df2d063fa2def309ecb0283f3036bf33d46,1787977976.1456842,36560.013999999996,18280064,0,0.9584569931030273,1.0412378311157227,1.2251091003417969,0.00057220458984375,-0.00324249267578125,0.00476837158203125,-0.021978378295898438,-0.0024423599243164062,0.15384578704833984,0.0073261260986328125,-0.0073261260986328125,-0.0073261260986328125,-0.07570171356201172,-1.7025642395019531,8.239315032958984,-1.7802200317382812,0.10988998413085938,-0.11477375030517578,0.0,-1.9818096792021367,7.247155051784204,-1.7134555593938428,0.0027132359354242307,-0.005885794445491387
47,2,heldout,3,1,0.3490658503988659,1.2876692059944617,3,s,af3726fcacd0ac1320a56ea850b0a2c0f5430cf4eb20a45c078706980f08407e,d24fbe3839599a6a097188bae8cd47ce8083f27deef1341ae3086bf0d5a45bd1,87f63c0590d05baea263cdc42c6e1df2d063fa2def309ecb0283f3036bf33d46,87f63c0590d05baea263cdc42c6e1df2d063fa2def309ecb0283f3036bf33d46,1787977976.1478794,36560.015999999996,18280065,0,0.9584569931030273,1.0412378311157227,1.2254905700683594,0.00057220458984375,-0.00324249267578125,0.00476837158203125,0.0073261260986328125,-0.0024423599243164062,0.15384578704833984,-0.0073261260986328125,-0.0073261260986328125,-0.0073261260986328125,-0.07570171356201172,-1.6888885498046875,8.239315032958984,-1.7802200317382812,0.10988998413085938,-0.11477375030517578,0.0,-1.9803519771988631,7.245697349780929,-1.7131988422562898,0.0027188189612890575,-0.005885427697164647
47,2,heldout,3,1,0.3490658503988659,1.2898693839961197,3,s,af3726fcacd0ac1320a56ea850b0a2c0f5430cf4eb20a45c078706980f08407e,d24fbe3839599a6a097188bae8cd47ce8083f27deef1341ae3086bf0d5a45bd1,87f63c0590d05baea263cdc42c6e1df2d063fa2def309ecb0283f3036bf33d46,87f63c0590d05baea263cdc42c6e1df2d063fa2def309ecb0283f3036bf33d46,1787977976.1492639,36560.018,18280066,0,0.9584569931030273,1.0412378311157227,1.2262535095214844,0.00057220458984375,-0.00324249267578125,0.00476837158203125,-0.0073261260986328125,-0.0024423599243164062,0.14896202087402344,-0.0073261260986328125,0.0073261260986328125,-0.0073261260986328125,-0.07570171356201172,-1.6888885498046875,8.25299072265625,-1.7802200317382812,0.10988998413085938,-0.10988998413085938,0.0,-1.9774334102414202,7.242778782823488,-1.712684660108857,0.0027299838252856532,-0.005884691631237343
47,2,heldout,3,1,0.3490658503988659,1.291252323993831,3,s,af3726fcacd0ac1320a56ea850b0a2c0f5430cf4eb20a45c078706980f08407e,d24fbe3839599a6a097188bae8cd47ce8083f27deef1341ae3086bf0d5a45bd1,87f63c0590d05baea263cdc42c6e1df2d063fa2def309ecb0283f3036bf33d46,87f63c0590d05baea263cdc42c6e1df2d063fa2def309ecb0283f3036bf33d46,1787977976.1519256,36560.02,18280067,0,0.9584569931030273,1.0412378311157227,1.2270164489746094,0.00057220458984375,-0.00324249267578125,0.00476837158203125,0.0073261260986328125,-0.0024423599243164062,0.15384578704833984,-0.0073261260986328125,-0.0073261260986328125,-0.0073261260986328125,-0.07570171356201172,-1.6888885498046875,8.225639343261719,-1.7802200317382812,0.10500621795654297,-0.10988998413085938,0.0,-1.9745106274320652,7.239856000014133,-1.712169481047792,0.0027411471002225947,-0.005883952139968854
47,2,heldout,3,1,0.3490658503988659,1.293929218998528,3,s,af3726fcacd0ac1320a56ea850b0a2c0f5430cf4eb20a45c078706980f08407e,d24fbe3839599a6a097188bae8cd47ce8083f27deef1341ae3086bf0d5a45bd1,87f63c0590d05baea263cdc42c6e1df2d063fa2def309ecb0283f3036bf33d46,87f63c0590d05baea263cdc42c6e1df2d063fa2def309ecb0283f3036bf33d46,1787977976.1532874,36560.022,18280068,0,0.9584569931030273,1.0412378311157227,1.2273979187011719,0.00057220458984375,-0.00324249267578125,0.00476837158203125,-0.0073261260986328125,-0.0024423599243164062,0.15384578704833984,0.0073261260986328125,-0.0073261260986328125,-0.0073261260986328125,-0.07570171356201172,-1.7025642395019531,8.280342102050781,-1.7802200317382812,0.10500621795654297,-0.10988998413085938,0.0,-1.973047655614477,7.238393028196544,-1.7119115177683357,0.0027467281397630756,-0.0058835811099661
47,2,heldout,3,1,0.3490658503988659,1.2952663359974395,3,s,af3726fcacd0ac1320a56ea850b0a2c0f5430cf4eb20a45c078706980f08407e,d24fbe3839599a6a097188bae8cd47ce8083f27deef1341ae3086bf0d5a45bd1,87f63c0590d05baea263cdc42c6e1df2d063fa2def309ecb0283f3036bf33d46,87f63c0590d05baea263cdc42c6e1df2d063fa2def309ecb0283f3036bf33d46,1787977976.1551976,36560.024,18280069,0,0.9584569931030273,1.0412378311157227,1.2281608581542969,0.00057220458984375,-0.00324249267578125,0.00476837158203125,0.0073261260986328125,-0.0024423599243164062,0.14407825469970703,0.0073261260986328125,-0.0073261260986328125,-0.0073261260986328125,-0.07570171356201172,-1.7025642395019531,8.348716735839844,-1.7802200317382812,0.10988998413085938,-0.10988998413085938,0.0,-1.970118552217934,7.235463924800001,-1.7113948438992692,0.002757889018927304,-0.005882836481493534
47,2,heldout,3,1,0.3490658503988659,1.2971826139983023,3,s,af3726fcacd0ac1320a56ea850b0a2c0f5430cf4eb20a45c078706980f08407e,d24fbe3839599a6a097188bae8cd47ce8083f27deef1341ae3086bf0d5a45bd1,87f63c0590d05baea263cdc42c6e1df2d063fa2def309ecb0283f3036bf33d46,87f63c0590d05baea263cdc42c6e1df2d063fa2def309ecb0283f3036bf33d46,1787977976.1571488,36560.026,18280070,0,0.9584569931030273,1.0412378311157227,1.2285423278808594,0.00057220458984375,-0.00324249267578125,0.00476837158203125,-0.0073261260986328125,-0.0024423599243164062,0.14407825469970703,-0.021978378295898438,-0.0073261260986328125,-0.0073261260986328125,-0.07570171356201172,-1.7025642395019531,8.36239242553711,-1.7802200317382812,0.10988998413085938,-0.11477375030517578,0.0,-1.9686524210652145,7.233997793647281,-1.711136133384844,0.0027634688569269355,-0.005882462883132078
47,2,heldout,3,1,0.3490658503988659,1.2991308279961231,3,s,af3726fcacd0ac1320a56ea850b0a2c0f5430cf4eb20a45c078706980f08407e,d24fbe3839599a6a097188bae8cd47ce8083f27deef1341ae3086bf0d5a45bd1,87f63c0590d05baea263cdc42c6e1df2d063fa2def309ecb0283f3036bf33d46,87f63c0590d05baea263cdc42c6e1df2d063fa2def309ecb0283f3036bf33d46,1787977976.159639,36560.028,18280071,0,0.9584569931030273,1.0412378311157227,1.2293052673339844,0.00057220458984375,-0.00324249267578125,0.00476837158203125,-0.0073261260986328125,-0.0024423599243164062,0.14896202087402344,-0.0073261260986328125,-0.0073261260986328125,-0.0073261260986328125,-0.07570171356201172,-1.6888885498046875,8.376068115234375,-1.7802200317382812,0.10988998413085938,-0.10988998413085938,0.0,-1.9657170009176437,7.231062373499712,-1.7106179653844498,0.0027746273257013587,-0.005881713118430656
47,2,heldout,3,1,0.3490658503988659,1.30162576699513,3,s,af3726fcacd0ac1320a56ea850b0a2c0f5430cf4eb20a45c078706980f08407e,d24fbe3839599a6a097188bae8cd47ce8083f27deef1341ae3086bf0d5a45bd1,87f63c0590d05baea263cdc42c6e1df2d063fa2def309ecb0283f3036bf33d46,87f63c0590d05baea263cdc42c6e1df2d063fa2def309ecb0283f3036bf33d46,1787977976.161567,36560.03,18280072,0,0.9584569931030273,1.0412378311157227,1.2300682067871094,0.00057220458984375,-0.00324249267578125,0.00476837158203125,0.0073261260986328125,-0.0024423599243164062,0.14896202087402344,-0.021978378295898438,-0.0073261260986328125,-0.0073261260986328125,-0.07570171356201172,-1.6752128601074219,8.321369171142578,-1.7753353118896484,0.10988998413085938,-0.11477375030517578,0.0,-1.9627773717380077,7.228122744320075,-1.7100988016733965,0.002785784179430196,-0.005880959930121768
47,2,heldout,3,1,0.3490658503988659,1.3035534169976017,3,s,af3726fcacd0ac1320a56ea850b0a2c0f5430cf4eb20a45c078706980f08407e,d24fbe3839599a6a097188bae8cd47ce8083f27deef1341ae3086bf0d5a45bd1,87f63c0590d05baea263cdc42c6e1df2d063fa2def309ecb0283f3036bf33d46,87f63c0590d05baea263cdc42c6e1df2d063fa2def309ecb0283f3036bf33d46,1787977976.1635735,36560.032,18280073,0,0.9584569931030273,1.0412378311157227,1.2304496765136719,0.00057220458984375,-0.00324249267578125,0.00476837158203125,-0.0073261260986328125,-0.0024423599243164062,0.15384578704833984,-0.0073261260986328125,-0.0073261260986328125,-0.0073261260986328125,-0.07570171356201172,-1.6752128601074219,8.321369171142578,-1.770451545715332,0.10988998413085938,-0.11477375030517578,0.0,-1.9613059792957863,7.226651351877854,-1.7098388465207872,0.002791361998623064,-0.005880582052251454
47,2,heldout,3,1,0.3490658503988659,1.3055594049947103,3,s,af3726fcacd0ac1320a56ea850b0a2c0f5430cf4eb20a45c078706980f08407e,d24fbe3839599a6a097188bae8cd47ce8083f27deef1341ae3086bf0d5a45bd1,87f63c0590d05baea263cdc42c6e1df2d063fa2def309ecb0283f3036bf33d46,87f63c0590d05baea263cdc42c6e1df2d063fa2def309ecb0283f3036bf33d46,1787977976.1654987,36560.034,18280074,0,0.9584569931030273,1.0412378311157227,1.2312126159667969,0.00057220458984375,-0.00324249267578125,0.00476837158203125,-0.0073261260986328125,-0.0024423599243164062,0.15873050689697266,-0.021978378295898438,-0.0073261260986328125,-0.0073261260986328125,-0.08058643341064453,-1.6752128601074219,8.225639343261719,-1.7655677795410156,0.10988998413085938,-0.11477375030517578,0.0,-1.958360039777115,7.223705412359182,-1.7093181898105434,0.002802516417607296,-0.005879823729354023
47,2,heldout,3,1,0.3490658503988659,1.3074823179995292,3,s,af3726fcacd0ac1320a56ea850b0a2c0f5430cf4eb20a45c078706980f08407e,d24fbe3839599a6a097188bae8cd47ce8083f27deef1341ae3086bf0d5a45bd1,87f63c0590d05baea263cdc42c6e1df2d063fa2def309ecb0283f3036bf33d46,87f63c0590d05baea263cdc42c6e1df2d063fa2def309ecb0283f3036bf33d46,1787977976.1674752,36560.036,18280075,0,0.9584569931030273,1.0412378311157227,1.2319755554199219,0.00057220458984375,-0.00324249267578125,0.00476837158203125,-0.0073261260986328125,-0.0024423599243164062,0.16361427307128906,0.0073261260986328125,-0.0073261260986328125,-0.0073261260986328125,-0.07570171356201172,-1.6752128601074219,8.239315032958984,-1.7655677795410156,0.10500621795654297,-0.11477375030517578,0.0,-1.9554098955086963,7.220755268090763,-1.7087965381462125,0.0028136692053123526,-0.005879061983948899
47,2,heldout,3,1,0.3490658503988659,1.3094671529979678,3,s,af3726fcacd0ac1320a56ea850b0a2c0f5430cf4eb20a45c078706980f08407e,d24fbe3839599a6a097188bae8cd47ce8083f27deef1341ae3086bf0d5a45bd1,87f63c0590d05baea263cdc42c6e1df2d063fa2def309ecb0283f3036bf33d46,87f63c0590d05baea263cdc42c6e1df2d063fa2def309ecb0283f3036bf33d46,1787977976.1694088,36560.038,18280076,0,0.9584569931030273,1.0412378311157227,1.2327384948730469,0.00057220458984375,-0.00324249267578125,0.00476837158203125,0.0073261260986328125,-0.0024423599243164062,0.16361427307128906,-0.0073261260986328125,-0.0073261260986328125,-0.0073261260986328125,-0.07570171356201172,-1.6752128601074219,8.239315032958984,-1.7655677795410156,0.10500621795654297,-0.11477375030517578,0.0,-1.9524555482077386,7.217800920789806,-1.708273891831434,0.002824820355246462,-0.005878296816479475
47,2,heldout,3,1,0.3490658503988659,1.3113919379975414,3,s,af3726fcacd0ac1320a56ea850b0a2c0f5430cf4eb20a45c078706980f08407e,d24fbe3839599a6a097188bae8cd47ce8083f27deef1341ae3086bf0d5a45bd1,87f63c0590d05baea263cdc42c6e1df2d063fa2def309ecb0283f3036bf33d46,87f63c0590d05baea263cdc42c6e1df2d063fa2def309ecb0283f3036bf33d46,1787977976.1713147,36560.04,18280077,0,0.9584569931030273,1.0412378311157227,1.2331199645996094,0.00057220458984375,-0.00324249267578125,0.00476837158203125,-0.0073261260986328125,-0.0024423599243164062,0.16849803924560547,-0.0073261260986328125,-0.0073261260986328125,-0.0073261260986328125,-0.07570171356201172,-1.6752128601074219,8.211967468261719,-1.7655677795410156,0.10988998413085938,-0.11477375030517578,0.0,-1.9509767989573563,7.2163221715394235,-1.7080121957751744,0.0028303953140209875,-0.00587791294960976
47,2,heldout,3,1,0.3490658503988659,1.313311038997199,3,s,af3726fcacd0ac1320a56ea850b0a2c0f5430cf4eb20a45c078706980f08407e,d24fbe3839599a6a097188bae8cd47ce8083f27deef1341ae3086bf0d5a45bd1,87f63c0590d05baea263cdc42c6e1df2d063fa2def309ecb0283f3036bf33d46,87f63c0590d05baea263cdc42c6e1df2d063fa2def309ecb0283f3036bf33d46,1787977976.1732724,36560.042,18280078,0,0.9584569931030273,1.0412378311157227,1.2338829040527344,0.00057220458984375,-0.00324249267578125,0.00476837158203125,0.0073261260986328125,-0.0024423599243164062,0.16849803924560547,-0.0073261260986328125,-0.0073261260986328125,-0.0073261260986328125,-0.07570171356201172,-1.661539077758789,8.198291778564453,-1.770451545715332,0.10988998413085938,-0.10988998413085938,0.0,-1.9480161503327118,7.213361522914779,-1.7074880580553207,0.0028415439951286763,-0.005877142649879608
47,2,heldout,3,1,0.3490658503988659,1.3152559559966903,3,s,af3726fcacd0ac1320a56ea850b0a2c0f5430cf4eb20a45c078706980f08407e,d24fbe3839599a6a097188bae8cd47ce8083f27deef1341ae3086bf0d5a45bd1,87f63c0590d05baea263cdc42c6e1df2d063fa2def309ecb0283f3036bf33d46,87f63c0590d05baea263cdc42c6e1df2d063fa2def309ecb0283f3036bf33d46,1787977976.17523,36560.044,18280079,0,0.9584569931030273,1.0412378311157227,1.2346458435058594,0.00057220458984375,-0.00324249267578125,0.00476837158203125,-0.0073261260986328125,-0.0024423599243164062,0.16849803924560547,0.0073261260986328125,0.0073261260986328125,-0.0073261260986328125,-0.07570171356201172,-1.661539077758789,8.198291778564453,-1.770451545715332,0.10988998413085938,-0.11477375030517578,0.0,-1.9450513029792547,7.210396675561323,-1.7069629264466557,0.0028526910222401486,-0.00587636892920236
47,2,heldout,3,1,0.3490658503988659,1.317214332993899,3,s,af3726fcacd0ac1320a56ea850b0a2c0f5430cf4eb20a45c078706980f08407e,d24fbe3839599a6a097188bae8cd47ce8083f27deef1341ae3086bf0d5a45bd1,87f63c0590d05baea263cdc42c6e1df2d063fa2def309ecb0283f3036bf33d46,87f63c0590d05baea263cdc42c6e1df2d063fa2def309ecb0283f3036bf33d46,1787977976.177744,36560.045999999995,18280080,0,0.9584569931030273,1.0412378311157227,1.2354087829589844,0.00057220458984375,-0.00324249267578125,0.00476837158203125,-0.0073261260986328125,-0.0024423599243164062,0.16361427307128906,0.0073261260986328125,-0.0073261260986328125,-0.0073261260986328125,-0.07570171356201172,-1.6478633880615234,8.198291778564453,-1.7753353118896484,0.10988998413085938,-0.11477375030517578,0.0,-1.9420822586227564,7.207427631204823,-1.7064368012548472,0.002863836388866985,-0.005875591788028377
47,2,heldout,3,1,0.3490658503988659,1.3197281229950022,3,s,af3726fcacd0ac1320a56ea850b0a2c0f5430cf4eb20a45c078706980f08407e,d24fbe3839599a6a097188bae8cd47ce8083f27deef1341ae3086bf0d5a45bd1,87f63c0590d05baea263cdc42c6e1df2d063fa2def309ecb0283f3036bf33d46,87f63c0590d05baea263cdc42c6e1df2d063fa2def309ecb0283f3036bf33d46,1787977976.1797113,36560.047999999995,18280081,0,0.9584569931030273,1.0412378311157227,1.2357902526855469,0.00057220458984375,-0.00324249267578125,0.00476837158203125,-0.0073261260986328125,-0.0024423599243164062,0.16361427307128906,-0.0073261260986328125,-0.0073261260986328125,-0.0073261260986328125,-0.07570171356201172,-1.6478633880615234,8.157264709472656,-1.7753353118896484,0.10988998413085938,-0.10988998413085938,0.0,-1.9405961631083344,7.2059415356904015,-1.7061733661609426,0.0028694084474712982,-0.005875201934896393
47,2,heldout,3,1,0.3490658503988659,1.3216948019980919,3,s,af3726fcacd0ac1320a56ea850b0a2c0f5430cf4eb20a45c078706980f08407e,d24fbe3839599a6a097188bae8cd47ce8083f27deef1341ae3086bf0d5a45bd1,87f63c0590d05baea263cdc42c6e1df2d063fa2def309ecb0283f3036bf33d46,87f63c0590d05baea263cdc42c6e1df2d063fa2def309ecb0283f3036bf33d46,1787977976.1820028,36560.049999999996,18280082,0,0.9584569931030273,1.0412378311157227,1.2365531921386719,0.00057220458984375,-0.00324249267578125,0.00476837158203125,0.0073261260986328125,-0.0024423599243164062,0.17338180541992188,0.021978378295898438,0.0073261260986328125,-0.0073261260986328125,-0.08058643341064453,-1.6478633880615234,8.157264709472656,-1.7753353118896484,0.10988998413085938,-0.10988998413085938,0.0,-1.937620826488429,7.202966199070496,-1.7056457511688095,0.002880551311207501,-0.005874419663826099
47,2,heldout,3,1,0.3490658503988659,1.3239960959981545,3,s,af3726fcacd0ac1320a56ea850b0a2c0f5430cf4eb20a45c078706980f08407e,d24fbe3839599a6a097188bae8cd47ce8083f27deef1341ae3086bf0d5a45bd1,87f63c0590d05baea263cdc42c6e1df2d063fa2def309ecb0283f3036bf33d46,87f63c0590d05baea263cdc42c6e1df2d063fa2def309ecb0283f3036bf33d46,1787977976.1834219,36560.051999999996,18280083,0,0.9584569931030273,1.0412378311157227,1.2373161315917969,0.00057220458984375,-0.00324249267578125,0.00476837158203125,-0.0073261260986328125,-0.0024423599243164062,0.16849803924560547,0.0073261260986328125,-0.021978378295898438,-0.0073261260986328125,-0.08058643341064453,-1.6478633880615234,8.170940399169922,-1.7802200317382812,0.10988998413085938,-0.10988998413085938,0.0,-1.9346412971905862,7.199986669772653,-1.7051171433602286,0.0028916924982422447,-0.005873633973393691
47,2,heldout,3,1,0.3490658503988659,1.325415970000904,3,s,af3726fcacd0ac1320a56ea850b0a2c0f5430cf4eb20a45c078706980f08407e,d24fbe3839599a6a097188bae8cd47ce8083f27deef1341ae3086bf0d5a45bd1,87f63c0590d05baea263cdc42c6e1df2d063fa2def309ecb0283f3036bf33d46,87f63c0590d05baea263cdc42c6e1df2d063fa2def309ecb0283f3036bf33d46,1787977976.1853487,36560.054,18280084,0,0.9584569931030273,1.0412378311157227,1.2380790710449219,0.00057220458984375,-0.00324249267578125,0.00476837158203125,-0.0073261260986328125,-0.0024423599243164062,0.16849803924560547,0.0073261260986328125,-0.021978378295898438,-0.0073261260986328125,-0.07570171356201172,-1.661539077758789,8.184616088867188,-1.7802200317382812,0.10988998413085938,-0.10988998413085938,0.0,-1.9316575769491184,7.197002949531187,-1.7045875430428907,0.0029028320020905093,-0.005872844864056505
47,2,heldout,3,1,0.3490658503988659,1.3273319529980654,3,s,af3726fcacd0ac1320a56ea850b0a2c0f5430cf4eb20a45c078706980f08407e,d24fbe3839599a6a097188bae8cd47ce8083f27deef1341ae3086bf0d5a45bd1,87f63c0590d05baea263cdc42c6e1df2d063fa2def309ecb0283f3036bf33d46,87f63c0590d05baea263cdc42c6e1df2d063fa2def309ecb0283f3036bf33d46,1787977976.1872754,36560.056,18280085,0,0.9584569931030273,1.0412378311157227,1.2384605407714844,0.00057220458984375,-0.00324249267578125,0.00476837158203125,-0.0073261260986328125,-0.0024423599243164062,0.16849803924560547,0.0073261260986328125,-0.021978378295898438,-0.0073261260986328125,-0.08058643341064453,-1.661539077758789,8.225639343261719,-1.7802200317382812,0.10988998413085938,-0.10988998413085938,0.0,-1.9301641457671652,7.195509518349232,-1.7043223707897488,0.002908401120793407,-0.005872449027442076
47,2,heldout,3,1,0.3490658503988659,1.329261785998824,3,s,af3726fcacd0ac1320a56ea850b0a2c0f5430cf4eb20a45c078706980f08407e,d24fbe3839599a6a097188bae8cd47ce8083f27deef1341ae3086bf0d5a45bd1,87f63c0590d05baea263cdc42c6e1df2d063fa2def309ecb0283f3036bf33d46,87f63c0590d05baea263cdc42c6e1df2d063fa2def309ecb0283f3036bf33d46,1787977976.1891935,36560.058,18280086,0,0.9584569931030273,1.0412378311157227,1.2392234802246094,0.00057220458984375,-0.00324249267578125,0.00476837158203125,0.0073261260986328125,-0.0024423599243164062,0.16361427307128906,-0.0073261260986328125,0.0073261260986328125,-0.0073261260986328125,-0.08058643341064453,-1.6478633880615234,8.266666412353516,-1.7802200317382812,0.10988998413085938,-0.10988998413085938,0.0,-1.927174142367439,7.192519514949506,-1.7037912822874586,0.002919538087704671,-0.005871654790609567
47,2,heldout,3,1,0.3490658503988659,1.3311757989940816,3,s,af3726fcacd0ac1320a56ea850b0a2c0f5430cf4eb20a45c078706980f08407e,d24fbe3839599a6a097188bae8cd47ce8083f27deef1341ae3086bf0d5a45bd1,87f63c0590d05baea263cdc42c6e1df2d063fa2def309ecb0283f3036bf33d46,87f63c0590d05baea263cdc42c6e1df2d063fa2def309ecb0283f3036bf33d46,1787977976.1916907,36560.06,18280087,0,0.9584569931030273,1.0412378311157227,1.2399864196777344,0.00057220458984375,-0.00324249267578125,0.00476837158203125,-0.0073261260986328125,-0.0024423599243164062,0.15873050689697266,0.0073261260986328125,-0.0073261260986328125,-0.0073261260986328125,-0.07570171356201172,-1.6478633880615234,8.280342102050781,-1.7753353118896484,0.10988998413085938,-0.10988998413085938,0.0,-1.9241799523705432,7.18952532495261,-1.7032592020481636,0.0029306733552211845,-0.0058708571360243135
47,2,heldout,3,1,0.3490658503988659,1.3336894579988439,3,s,af3726fcacd0ac1320a56ea850b0a2c0f5430cf4eb20a45c078706980f08407e,d24fbe3839599a6a097188bae8cd47ce8083f27deef1341ae3086bf0d5a45bd1,87f63c0590d05baea263cdc42c6e1df2d063fa2def309ecb0283f3036bf33d46,87f63c0590d05baea263cdc42c6e1df2d063fa2def309ecb0283f3036bf33d46,1787977976.1936235,36560.062,18280088,0,0.9584569931030273,1.0412378311157227,1.2407493591308594,0.00057220458984375,-0.00324249267578125,0.00476837158203125,0.0073261260986328125,-0.0024423599243164062,0.16361427307128906,-0.0073261260986328125,-0.0073261260986328125,-0.0073261260986328125,-0.08058643341064453,-1.6478633880615234,8.376068115234375,-1.7802200317382812,0.10988998413085938,-0.11477375030517578,0.0,-1.9211815775193284,7.186526950101395,-1.7027261303815764,0.002941806916861375,-0.00587005606415061
47,2,heldout,3,1,0.3490658503988659,1.3356010469942703,3,s,af3726fcacd0ac1320a56ea850b0a2c0f5430cf4eb20a45c078706980f08407e,d24fbe3839599a6a097188bae8cd47ce8083f27deef1341ae3086bf0d5a45bd1,87f63c0590d05baea263cdc42c6e1df2d063fa2def309ecb0283f3036bf33d46,87f63c0590d05baea263cdc42c6e1df2d063fa2def309ecb0283f3036bf33d46,1787977976.195498,36560.064,18280089,0,0.9584569931030273,1.0412378311157227,1.2411308288574219,0.00057220458984375,-0.00324249267578125,0.00476837158203125,-0.021978378295898438,-0.0024423599243164062,0.15384578704833984,-0.0073261260986328125,0.0073261260986328125,-0.0073261260986328125,-0.08058643341064453,-1.6478633880615234,8.266666412353516,-1.7802200317382812,0.10988998413085938,-0.11477375030517578,0.0,-1.919680821318661,7.185026193900729,-1.702459222859992,0.002947373055952625,-0.00586965424687623
47,2,heldout,3,1,0.3490658503988659,1.3374769459987874,3,s,af3726fcacd0ac1320a56ea850b0a2c0f5430cf4eb20a45c078706980f08407e,d24fbe3839599a6a097188bae8cd47ce8083f27deef1341ae3086bf0d5a45bd1,87f63c0590d05baea263cdc42c6e1df2d063fa2def309ecb0283f3036bf33d46,87f63c0590d05baea263cdc42c6e1df2d063fa2def309ecb0283f3036bf33d46,1787977976.1974776,36560.066,18280090,0,0.9584569931030273,1.0412378311157227,1.2418937683105469,0.00057220458984375,-0.00324249267578125,0.00476837158203125,0.0073261260986328125,-0.0024423599243164062,0.15873050689697266,-0.021978378295898438,-0.0073261260986328125,-0.0073261260986328125,-0.08058643341064453,-1.6341876983642578,8.198291778564453,-1.7753353118896484,0.10500621795654297,-0.11477375030517578,0.0,-1.916676172459136,7.182021545041203,-1.7019246646344366,0.0029585040466275376,-0.0058688480499447596
47,2,heldout,3,1,0.3490658503988659,1.339465327000653,3,s,af3726fcacd0ac1320a56ea850b0a2c0f5430cf4eb20a45c078706980f08407e,d24fbe3839599a6a097188bae8cd47ce8083f27deef1341ae3086bf0d5a45bd1,87f63c0590d05baea263cdc42c6e1df2d063fa2def309ecb0283f3036bf33d46,87f63c0590d05baea263cdc42c6e1df2d063fa2def309ecb0283f3036bf33d46,1787977976.1994007,36560.068,18280091,0,0.9584569931030273,1.0412378311157227,1.2426567077636719,0.00057220458984375,-0.00324249267578125,0.00476837158203125,-0.0073261260986328125,-0.0024423599243164062,0.16849803924560547,-0.021978378295898438,-0.0073261260986328125,-0.0073261260986328125,-0.07570171356201172,-1.6341876983642578,8.198291778564453,-1.7753353118896484,0.10500621795654297,-0.10988998413085938,0.0,-1.9136673431130646,7.179012715695132,-1.7013891157583914,0.0029696333152265317,-0.005868038436894282
47,2,heldout,3,1,0.3490658503988659,1.3413820219939225,3,s,af3726fcacd0ac1320a56ea850b0a2c0f5430cf4eb20a45c078706980f08407e,d24fbe3839599a6a097188bae8cd47ce8083f27deef1341ae3086bf0d5a45bd1,87f63c0590d05baea263cdc42c6e1df2d063fa2def309ecb0283f3036bf33d46,87f63c0590d05baea263cdc42c6e1df2d063fa2def309ecb0283f3036bf33d46,1787977976.2013085,36560.07,18280092,0,0.9584569931030273,1.0412378311157227,1.2434196472167969,0.00057220458984375,-0.00324249267578125,0.00476837158203125,-0.0073261260986328125,-0.0024423599243164062,0.16849803924560547,0.0073261260986328125,-0.021978378295898438,-0.0073261260986328125,-0.07570171356201172,-1.6341876983642578,8.184616088867188,-1.770451545715332,0.10500621795654297,-0.11477375030517578,0.0,-1.9106543350318186,7.175999707613887,-1.7008525765435878,0.0029807608552715184,-0.005867225408196057
47,2,heldout,3,1,0.3490658503988659,1.343290047996561,3,s,af3726fcacd0ac1320a56ea850b0a2c0f5430cf4eb20a45c078706980f08407e,d24fbe3839599a6a097188bae8cd47ce8083f27deef1341ae3086bf0d5a45bd1,87f63c0590d05baea263cdc42c6e1df2d063fa2def309ecb0283f3036bf33d46,87f63c0590d05baea263cdc42c6e1df2d063fa2def309ecb0283f3036bf33d46,1787977976.2032163,36560.072,18280093,0,0.9584569931030273,1.0412378311157227,1.2441825866699219,0.00057220458984375,-0.00324249267578125,0.00476837158203125,-0.021978378295898438,-0.0024423599243164062,0.1782665252685547,0.0073261260986328125,-0.021978378295898438,-0.0073261260986328125,-0.08058643341064453,-1.6205120086669922,8.14358901977539,-1.770451545715332,0.10500621795654297,-0.10988998413085938,0.0,-1.907637149969201,7.172982522551268,-1.7003150473023316,0.0029918866602854158,-0.005866408964323328
47,2,heldout,3,1,0.3490658503988659,1.3451990749963443,3,s,af3726fcacd0ac1320a56ea850b0a2c0f5430cf4eb20a45c078706980f08407e,d24fbe3839599a6a097188bae8cd47ce8083f27deef1341ae3086bf0d5a45bd1,87f63c0590d05baea263cdc42c6e1df2d063fa2def309ecb0283f3036bf33d46,87f63c0590d05baea263cdc42c6e1df2d063fa2def309ecb0283f3036bf33d46,1787977976.2051525,36560.074,18280094,0,0.9584569931030273,1.0412378311157227,1.2449455261230469,0.00057220458984375,-0.00324249267578125,0.00476837158203125,-0.021978378295898438,-0.0024423599243164062,0.1831502914428711,-0.0073261260986328125,-0.0073261260986328125,-0.0073261260986328125,-0.07570171356201172,-1.6205120086669922,8.211967468261719,-1.770451545715332,0.10988998413085938,-0.11477375030517578,0.0,-1.9046157896814384,7.169961162263505,-1.6997765283475055,0.003003010723792156,-0.005865589105751324
47,2,heldout,3,1,0.3490658503988659,1.3471349569954327,3,s,af3726fcacd0ac1320a56ea850b0a2c0f5430cf4eb20a45c078706980f08407e,d24fbe3839599a6a097188bae8cd47ce8083f27deef1341ae3086bf0d5a45bd1,87f63c0590d05baea263cdc42c6e1df2d063fa2def309ecb0283f3036bf33d46,87f63c0590d05baea263cdc42c6e1df2d063fa2def309ecb0283f3036bf33d46,1787977976.2076316,36560.076,18280095,0,0.9584569931030273,1.0412378311157227,1.2453269958496094,0.00095367431640625,-0.00324249267578125,0.00476837158203125,-0.0073261260986328125,-0.0024423599243164062,0.1782665252685547,0.0073261260986328125,0.0073261260986328125,-0.0073261260986328125,-0.08058643341064453,-1.6205120086669922,8.25299072265625,-1.770451545715332,0.10988998413085938,-0.11477375030517578,0.0,-1.9033731748996836,7.168718547481751,-1.6997765283475055,0.003003010723792156,-0.005865589105751324
47,2,heldout,3,1,0.3490658503988659,1.3496118149996619,3,s,af3726fcacd0ac1320a56ea850b0a2c0f5430cf4eb20a45c078706980f08407e,d24fbe3839599a6a097188bae8cd47ce8083f27deef1341ae3086bf0d5a45bd1,87f63c0590d05baea263cdc42c6e1df2d063fa2def309ecb0283f3036bf33d46,87f63c0590d05baea263cdc42c6e1df2d063fa2def309ecb0283f3036bf33d46,1787977976.20953,36560.078,18280096,0,0.9584569931030273,1.0412378311157227,1.2460899353027344,0.00095367431640625,-0.00324249267578125,0.00476837158203125,-0.0073261260986328125,-0.0024423599243164062,0.1782665252685547,0.0073261260986328125,-0.0073261260986328125,-0.0073261260986328125,-0.08058643341064453,-1.6068382263183594,8.198291778564453,-1.7753353118896484,0.10500621795654297,-0.11477375030517578,0.0,-1.9003460496547906,7.165691422236858,-1.6992370199925708,0.003014133039316684,-0.005864765832957269
47,2,heldout,3,1,0.3490658503988659,1.351508866995573,3,s,af3726fcacd0ac1320a56ea850b0a2c0f5430cf4eb20a45c078706980f08407e,d24fbe3839599a6a097188bae8cd47ce8083f27deef1341ae3086bf0d5a45bd1,87f63c0590d05baea263cdc42c6e1df2d063fa2def309ecb0283f3036bf33d46,87f63c0590d05baea263cdc42c6e1df2d063fa2def309ecb0283f3036bf33d46,1787977976.2116477,36560.08,18280097,0,0.9584569931030273,1.0412378311157227,1.2468528747558594,0.00095367431640625,-0.00324249267578125,0.00476837158203125,-0.0073261260986328125,-0.0024423599243164062,0.17338180541992188,0.0073261260986328125,-0.021978378295898438,-0.0073261260986328125,-0.08058643341064453,-1.6205120086669922,8.294017791748047,-1.7802200317382812,0.10500621795654297,-0.11477375030517578,0.0,-1.8973147534287336,7.162660126010801,-1.6986965225515602,0.003025253600384958,-0.00586393914642037
47,2,heldout,3,1,0.3490658503988659,1.353654597995046,3,s,af3726fcacd0ac1320a56ea850b0a2c0f5430cf4eb20a45c078706980f08407e,d24fbe3839599a6a097188bae8cd47ce8083f27deef1341ae3086bf0d5a45bd1,87f63c0590d05baea263cdc42c6e1df2d063fa2def309ecb0283f3036bf33d46,87f63c0590d05baea263cdc42c6e1df2d063fa2def309ecb0283f3036bf33d46,1787977976.2136567,36560.081999999995,18280098,0,0.9584569931030273,1.0412378311157227,1.2476158142089844,0.00095367431640625,-0.00324249267578125,0.00476837158203125,-0.0073261260986328125,-0.0024423599243164062,0.17338180541992188,0.021978378295898438,-0.021978378295898438,-0.0073261260986328125,-0.07570171356201172,-1.6068382263183594,8.294017791748047,-1.7851037979125977,0.10500621795654297,-0.10988998413085938,0.0,-1.8942792879859607,7.159624660568028,-1.698155036339086,0.00303637240052396,-0.005863109046621823
47,2,heldout,3,1,0.3490658503988659,1.3556440829997882,3,s,af3726fcacd0ac1320a56ea850b0a2c0f5430cf4eb20a45c078706980f08407e,d24fbe3839599a6a097188bae8cd47ce8083f27deef1341ae3086bf0d5a45bd1,87f63c0590d05baea263cdc42c6e1df2d063fa2def309ecb0283f3036bf33d46,87f63c0590d05baea263cdc42c6e1df2d063fa2def309ecb0283f3036bf33d46,1787977976.2155983,36560.083999999995,18280099,0,0.9584569931030273,1.0412378311157227,1.2483787536621094,0.00095367431640625,-0.00324249267578125,0.00476837158203125,-0.0073261260986328125,-0.0024423599243164062,0.17338180541992188,0.0073261260986328125,-0.021978378295898438,-0.0073261260986328125,-0.07570171356201172,-1.6205120086669922,8.211967468261719,-1.789987564086914,0.10988998413085938,-0.10988998413085938,0.0,-1.8912396550933466,7.156585027675414,-1.697612561670335,0.0030474894332616948,-0.005862275534044809
47,2,heldout,3,1,0.3490658503988659,1.3575792999981786,3,s,af3726fcacd0ac1320a56ea850b0a2c0f5430cf4eb20a45c078706980f08407e,d24fbe3839599a6a097188bae8cd47ce8083f27deef1341ae3086bf0d5a45bd1,87f63c0590d05baea263cdc42c6e1df2d063fa2def309ecb0283f3036bf33d46,87f63c0590d05baea263cdc42c6e1df2d063fa2def309ecb0283f3036bf33d46,1787977976.2175012,36560.085999999996,18280100,0,0.9584569931030273,1.0412378311157227,1.2491416931152344,0.00095367431640625,-0.00324249267578125,0.00476837158203125,-0.0073261260986328125,-0.0024423599243164062,0.17338180541992188,0.0073261260986328125,0.0073261260986328125,-0.0073261260986328125,-0.07570171356201172,-1.6068382263183594,8.225639343261719,-1.789987564086914,0.10988998413085938,-0.10988998413085938,0.0,-1.8881958565201853,7.1535412291022515,-1.697069098861068,0.003058604692127202,-0.005861438609174493
47,2,heldout,3,1,0.3490658503988659,1.3594780309940688,3,s,af3726fcacd0ac1320a56ea850b0a2c0f5430cf4eb20a45c078706980f08407e,d24fbe3839599a6a097188bae8cd47ce8083f27deef1341ae3086bf0d5a45bd1,87f63c0590d05baea263cdc42c6e1df2d063fa2def309ecb0283f3036bf33d46,87f63c0590d05baea263cdc42c6e1df2d063fa2def309ecb0283f3036bf33d46,1787977976.219414,36560.087999999996,18280101,0,0.9584569931030273,1.0412378311157227,1.2499046325683594,0.00095367431640625,-0.00324249267578125,0.00476837158203125,0.0073261260986328125,-0.0024423599243164062,0.1831502914428711,0.0073261260986328125,0.0073261260986328125,-0.0073261260986328125,-0.08058643341064453,-1.6068382263183594,8.170940399169922,-1.789987564086914,0.10988998413085938,-0.11477375030517578,0.0,-1.8851478940382063,7.150493266620274,-1.6965246482276226,0.0030697181706505457,-0.005860598272498036
47,2,heldout,3,1,0.3490658503988659,1.361394403000304,3,s,af3726fcacd0ac1320a56ea850b0a2c0f5430cf4eb20a45c078706980f08407e,d24fbe3839599a6a097188bae8cd47ce8083f27deef1341ae3086bf0d5a45bd1,87f63c0590d05baea263cdc42c6e1df2d063fa2def309ecb0283f3036bf33d46,87f63c0590d05baea263cdc42c6e1df2d063fa2def309ecb0283f3036bf33d46,1787977976.2213047,36560.09,18280102,0,0.9584569931030273,1.0412378311157227,1.2506675720214844,0.00095367431640625,-0.00324249267578125,0.00476837158203125,0.0073261260986328125,-0.0024423599243164062,0.1831502914428711,0.0073261260986328125,-0.021978378295898438,-0.0073261260986328125,-0.07570171356201172,-1.5931625366210938,8.14358901977539,-1.789987564086914,0.10988998413085938,-0.11477375030517578,0.0,-1.8820957694215557,7.147441142003622,-1.6959792100869102,0.0030808298623628315,-0.005859754524504573
47,2,heldout,3,1,0.3490658503988659,1.3632813730000635,3,s,af3726fcacd0ac1320a56ea850b0a2c0f5430cf4eb20a45c078706980f08407e,d24fbe3839599a6a097188bae8cd47ce8083f27deef1341ae3086bf0d5a45bd1,87f63c0590d05baea263cdc42c6e1df2d063fa2def309ecb0283f3036bf33d46,87f63c0590d05baea263cdc42c6e1df2d063fa2def309ecb0283f3036bf33d46,1787977976.2232003,36560.092,18280103,0,0.9584569931030273,1.0412378311157227,1.2514305114746094,0.00095367431640625,-0.00324249267578125,0.00476837158203125,-0.021978378295898438,-0.0024423599243164062,0.1880340576171875,-0.0073261260986328125,0.0073261260986328125,-0.0073261260986328125,-0.08058643341064453,-1.5931625366210938,8.184616088867188,-1.789987564086914,0.10988998413085938,-0.11477375030517578,0.0,-1.879039484446799,7.144384857028866,-1.6954327847564177,0.0030919397607962083,-0.005858907365685231
47,2,heldout,3,1,0.3490658503988659,1.365175052997074,3,s,af3726fcacd0ac1320a56ea850b0a2c0f5430cf4eb20a45c078706980f08407e,d24fbe3839599a6a097188bae8cd47ce8083f27deef1341ae3086bf0d5a45bd1,87f63c0590d05baea263cdc42c6e1df2d063fa2def309ecb0283f3036bf33d46,87f63c0590d05baea263cdc42c6e1df2d063fa2def309ecb0283f3036bf33d46,1787977976.2256598,36560.094,18280104,0,0.9584569931030273,1.0412378311157227,1.2518119812011719,0.00095367431640625,-0.00324249267578125,0.00476837158203125,0.0073261260986328125,-0.0024423599243164062,0.1880340576171875,-0.021978378295898438,-0.0073261260986328125,-0.0073261260986328125,-0.07570171356201172,-1.5931625366210938,8.266666412353516,-1.7851037979125977,0.10988998413085938,-0.11477375030517578,0.0,-1.8775097823809752,7.142855154963043,-1.6951592019943762,0.003097494035512383,-0.005858482507369876
47,2,heldout,3,1,0.3490658503988659,1.3676336909993552,3,s,af3726fcacd0ac1320a56ea850b0a2c0f5430cf4eb20a45c078706980f08407e,d24fbe3839599a6a097188bae8cd47ce8083f27deef1341ae3086bf0d5a45bd1,87f63c0590d05baea263cdc42c6e1df2d063fa2def309ecb0283f3036bf33d46,87f63c0590d05baea263cdc42c6e1df2d063fa2def309ecb0283f3036bf33d46,1787977976.228177,36560.096,18280105,0,0.9584569931030273,1.0412378311157227,1.2525749206542969,0.00095367431640625,-0.00324249267578125,0.00476837158203125,-0.021978378295898438,-0.0024423599243164062,0.1782665252685547,-0.0073261260986328125,-0.0073261260986328125,-0.0073261260986328125,-0.08058643341064453,-1.6068382263183594,8.280342102050781,-1.7851037979125977,0.10988998413085938,-0.11477375030517578,0.0,-1.874447260205436,7.139792632787503,-1.6946112964757596,0.0031086012319024416,-0.005857630233236921
47,2,heldout,3,1,0.3490658503988659,1.3701619879939244,3,s,af3726fcacd0ac1320a56ea850b0a2c0f5430cf4eb20a45c078706980f08407e,d24fbe3839599a6a097188bae8cd47ce8083f27deef1341ae3086bf0d5a45bd1,87f63c0590d05baea263cdc42c6e1df2d063fa2def309ecb0283f3036bf33d46,87f63c0590d05baea263cdc42c6e1df2d063fa2def309ecb0283f3036bf33d46,1787977976.2300434,36560.098,18280106,0,0.9584569931030273,1.0412378311157227,1.2533378601074219,0.00095367431640625,-0.00324249267578125,0.00476837158203125,-0.021978378295898438,-0.0024423599243164062,0.1782665252685547,0.0073261260986328125,-0.0073261260986328125,-0.0073261260986328125,-0.07570171356201172,-1.6068382263183594,8.211967468261719,-1.7802200317382812,0.10988998413085938,-0.11477375030517578,0.0,-1.871380582123811,7.136725954705878,-1.6940624045635928,0.0031197066188485304,-0.005856774549514587
47,2,heldout,3,1,0.3490658503988659,1.3722658909973688,3,s,af3726fcacd0ac1320a56ea850b0a2c0f5430cf4eb20a45c078706980f08407e,d24fbe3839599a6a097188bae8cd47ce8083f27deef1341ae3086bf0d5a45bd1,87f63c0590d05baea263cdc42c6e1df2d063fa2def309ecb0283f3036bf33d46,87f63c0590d05baea263cdc42c6e1df2d063fa2def309ecb0283f3036bf33d46,1787977976.2316515,36560.1,18280107,0,0.9584569931030273,1.0412378311157227,1.2541007995605469,0.00095367431640625,-0.00324249267578125,0.00476837158203125,0.0073261260986328125,-0.0024423599243164062,0.17338180541992188,-0.0073261260986328125,-0.021978378295898438,-0.0073261260986328125,-0.07570171356201172,-1.6068382263183594,8.198291778564453,-1.7802200317382812,0.10500621795654297,-0.11477375030517578,0.0,-1.8683097499211432,7.13365512250321,-1.693512526577373,0.0031308101898864524,-0.0058559154567009485
47,2,heldout,3,1,0.3490658503988659,1.3736649339989526,3,s,af3726fcacd0ac1320a56ea850b0a2c0f5430cf4eb20a45c078706980f08407e,d24fbe3839599a6a097188bae8cd47ce8083f27deef1341ae3086bf0d5a45bd1,87f63c0590d05baea263cdc42c6e1df2d063fa2def309ecb0283f3036bf33d46,87f63c0590d05baea263cdc42c6e1df2d063fa2def309ecb0283f3036bf33d46,1787977976.2336576,36560.102,18280108,0,0.9584569931030273,1.0412378311157227,1.2548637390136719,0.00095367431640625,-0.00324249267578125,0.00476837158203125,-0.0073261260986328125,-0.0024423599243164062,0.16849803924560547,-0.021978378295898438,-0.0073261260986328125,-0.0073261260986328125,-0.07570171356201172,-1.5794868469238281,8.170940399169922,-1.7753353118896484,0.10500621795654297,-0.11477375030517578,0.0,-1.8652347653848926,7.130580137966959,-1.6929616628371735,0.0031419119385530836,-0.005855052955296063
47,2,heldout,3,1,0.3490658503988659,1.3756384609951056,3,s,af3726fcacd0ac1320a56ea850b0a2c0f5430cf4eb20a45c078706980f08407e,d24fbe3839599a6a097188bae8cd47ce8083f27deef1341ae3086bf0d5a45bd1,87f63c0590d05baea263cdc42c6e1df2d063fa2def309ecb0283f3036bf33d46,87f63c0590d05baea263cdc42c6e1df2d063fa2def309ecb0283f3036bf33d46,1787977976.2357812,36560.104,18280109,0,0.9584569931030273,1.0412378311157227,1.2556266784667969,0.00095367431640625,-0.00324249267578125,0.00476837158203125,-0.0073261260986328125,-0.0024423599243164062,0.1782665252685547,0.0073261260986328125,-0.021978378295898438,-0.0073261260986328125,-0.07570171356201172,-1.5794868469238281,8.129913330078125,-1.770451545715332,0.10988998413085938,-0.11477375030517578,0.0,-1.8621556303049351,7.127501002887002,-1.6924098136636367,0.003153011858386357,-0.005854187045801973
47,2,heldout,3,1,0.3490658503988659,1.3777613919955911,3,s,af3726fcacd0ac1320a56ea850b0a2c0f5430cf4eb20a45c078706980f08407e,d24fbe3839599a6a097188bae8cd47ce8083f27deef1341ae3086bf0d5a45bd1,87f63c0590d05baea263cdc42c6e1df2d063fa2def309ecb0283f3036bf33d46,87f63c0590d05baea263cdc42c6e1df2d063fa2def309ecb0283f3036bf33d46,1787977976.2377248,36560.106,18280110,0,0.9584569931030273,1.0412378311157227,1.2563896179199219,0.00095367431640625,-0.00324249267578125,0.00476837158203125,-0.0073261260986328125,-0.0024423599243164062,0.1831502914428711,-0.03663063049316406,-0.0073261260986328125,-0.0073261260986328125,-0.07570171356201172,-1.5794868469238281,8.10256576538086,-1.770451545715332,0.10988998413085938,-0.11477375030517578,0.0,-1.8590723464735632,7.124417719055631,-1.6918569793779819,0.0031641099429252704,-0.005853317728722701
47,2,heldout,3,1,0.3490658503988659,1.3797054030001163,3,s,af3726fcacd0ac1320a56ea850b0a2c0f5430cf4eb20a45c078706980f08407e,d24fbe3839599a6a097188bae8cd47ce8083f27deef1341ae3086bf0d5a45bd1,87f63c0590d05baea263cdc42c6e1df2d063fa2def309ecb0283f3036bf33d46,87f63c0590d05baea263cdc42c6e1df2d063fa2def309ecb0283f3036bf33d46,1787977976.240199,36560.108,18280111,0,0.9584569931030273,1.0412378311157227,1.2571525573730469,0.00095367431640625,-0.00324249267578125,0.00476837158203125,-0.0073261260986328125,-0.0024423599243164062,0.1880340576171875,-0.0073261260986328125,-0.0073261260986328125,-0.0073261260986328125,-0.07570171356201172,-1.5658111572265625,8.10256576538086,-1.7655677795410156,0.10988998413085938,-0.10988998413085938,0.0,-1.8559849156854862,7.121330288267552,-1.6913031603020021,0.003175206185709882,-0.00585244500456426
47,2,heldout,3,1,0.3490658503988659,1.382446652998624,3,s,af3726fcacd0ac1320a56ea850b0a2c0f5430cf4eb20a45c078706980f08407e,d24fbe3839599a6a097188bae8cd47ce8083f27deef1341ae3086bf0d5a45bd1,87f63c0590d05baea263cdc42c6e1df2d063fa2def309ecb0283f3036bf33d46,87f63c0590d05baea263cdc42c6e1df2d063fa2def309ecb0283f3036bf33d46,1787977976.2421067,36560.11,18280112,0,0.9584569931030273,1.0412378311157227,1.2579154968261719,0.00095367431640625,-0.00324249267578125,0.00476837158203125,-0.0073261260986328125,-0.0024423599243164062,0.1880340576171875,-0.021978378295898438,-0.0073261260986328125,-0.0073261260986328125,-0.08058643341064453,-1.5658111572265625,8.129913330078125,-1.7655677795410156,0.10988998413085938,-0.11477375030517578,0.0,-1.852893339737821,7.118238712319888,-1.690748356758061,0.0031863005802813373,-0.0058515688738346415
47,2,heldout,3,1,0.3490658503988659,1.3841295289967093,3,s,af3726fcacd0ac1320a56ea850b0a2c0f5430cf4eb20a45c078706980f08407e,d24fbe3839599a6a097188bae8cd47ce8083f27deef1341ae3086bf0d5a45bd1,87f63c0590d05baea263cdc42c6e1df2d063fa2def309ecb0283f3036bf33d46,87f63c0590d05baea263cdc42c6e1df2d063fa2def309ecb0283f3036bf33d46,1787977976.2436745,36560.112,18280113,0,0.9584569931030273,1.0412378311157227,1.2586784362792969,0.00095367431640625,-0.00324249267578125,0.00476837158203125,-0.0073261260986328125,-0.0024423599243164062,0.1831502914428711,-0.0073261260986328125,0.0073261260986328125,-0.0073261260986328125,-0.08058643341064453,-1.5794868469238281,8.10256576538086,-1.7606840133666992,0.10988998413085938,-0.10988998413085938,0.0,-1.8497976204301063,7.115142993012173,-1.6901925690690969,0.0031973931201818434,-0.005850689337043817
47,2,heldout,3,1,0.3490658503988659,1.385681454994483,3,s,af3726fcacd0ac1320a56ea850b0a2c0f5430cf4eb20a45c078706980f08407e,d24fbe3839599a6a097188bae8cd47ce8083f27deef1341ae3086bf0d5a45bd1,87f63c0590d05baea263cdc42c6e1df2d063fa2def309ecb0283f3036bf33d46,87f63c0590d05baea263cdc42c6e1df2d063fa2def309ecb0283f3036bf33d46,1787977976.2457714,36560.114,18280114,0,0.9584569931030273,1.0412378311157227,1.2594413757324219,0.00095367431640625,-0.00324249267578125,0.00476837158203125,-0.0073261260986328125,-0.0024423599243164062,0.1831502914428711,0.0073261260986328125,-0.0073261260986328125,-0.0073261260986328125,-0.07570171356201172,-1.5794868469238281,8.075214385986328,-1.7606840133666992,0.10988998413085938,-0.10988998413085938,0.0,-1.8466977595642835,7.112043132146351,-1.6896357975586211,0.0032084837989546948,-0.005849806394703751
47,2,heldout,3,1,0.3490658503988659,1.3877562859997852,3,s,af3726fcacd0ac1320a56ea850b0a2c0f5430cf4eb20a45c078706980f08407e,d24fbe3839599a6a097188bae8cd47ce8083f27deef1341ae3086bf0d5a45bd1,87f63c0590d05baea263cdc42c6e1df2d063fa2def309ecb0283f3036bf33d46,87f63c0590d05baea263cdc42c6e1df2d063fa2def309ecb0283f3036bf33d46,1787977976.2482948,36560.116,18280115,0,0.9584569931030273,1.0412378311157227,1.2602043151855469,0.00095367431640625,-0.00324249267578125,0.00476837158203125,-0.0073261260986328125,-0.0024423599243164062,0.1831502914428711,0.0073261260986328125,0.0073261260986328125,-0.0073261260986328125,-0.07570171356201172,-1.5658111572265625,8.157264709472656,-1.7655677795410156,0.10500621795654297,-0.10988998413085938,0.0,-1.843593758944713,7.108939131526781,-1.6890780425507181,0.0032195726101442667,-0.005848920047328379
47,2,heldout,3,1,0.3490658503988659,1.3902840409937198,3,s,af3726fcacd0ac1320a56ea850b0a2c0f5430cf4eb20a45c078706980f08407e,d24fbe3839599a6a097188bae8cd47ce8083f27deef1341ae3086bf0d5a45bd1,87f63c0590d05baea263cdc42c6e1df2d063fa2def309ecb0283f3036bf33d46,87f63c0590d05baea263cdc42c6e1df2d063fa2def309ecb0283f3036bf33d46,1787977976.2496777,36560.117999999995,18280116,0,0.9584569931030273,1.0412378311157227,1.2609672546386719,0.00095367431640625,-0.00324249267578125,0.00476837158203125,-0.0073261260986328125,-0.0024423599243164062,0.1831502914428711,-0.0073261260986328125,-0.021978378295898438,-0.0073261260986328125,-0.07570171356201172,-1.5658111572265625,8.129913330078125,-1.7655677795410156,0.10500621795654297,-0.10988998413085938,0.0,-1.8404856203781617,7.10583099296023,-1.6885193043700437,0.0032306595472960204,-0.005848030295433625
47,2,heldout,3,1,0.3490658503988659,1.3916585479964851,3,s,af3726fcacd0ac1320a56ea850b0a2c0f5430cf4eb20a45c078706980f08407e,d24fbe3839599a6a097188bae8cd47ce8083f27deef1341ae3086bf0d5a45bd1,87f63c0590d05baea263cdc42c6e1df2d063fa2def309ecb0283f3036bf33d46,87f63c0590d05baea263cdc42c6e1df2d063fa2def309ecb0283f3036bf33d46,1787977976.2516043,36560.119999999995,18280117,0,0.9584569931030273,1.0412378311157227,1.2617301940917969,0.00095367431640625,-0.00324249267578125,0.00476837158203125,-0.0073261260986328125,-0.0024423599243164062,0.1831502914428711,0.021978378295898438,-0.0073261260986328125,-0.0073261260986328125,-0.07570171356201172,-1.5521373748779297,8.088890075683594,-1.770451545715332,0.10988998413085938,-0.10988998413085938,0.0,-1.8373733456737942,7.102718718255861,-1.687959583341824,0.0032417446039565137,-0.005847137139537387
47,2,heldout,3,1,0.3490658503988659,1.3936130039946875,3,s,af3726fcacd0ac1320a56ea850b0a2c0f5430cf4eb20a45c078706980f08407e,d24fbe3839599a6a097188bae8cd47ce8083f27deef1341ae3086bf0d5a45bd1,87f63c0590d05baea263cdc42c6e1df2d063fa2def309ecb0283f3036bf33d46,87f63c0590d05baea263cdc42c6e1df2d063fa2def309ecb0283f3036bf33d46,1787977976.2535958,36560.121999999996,18280118,0,0.9584569931030273,1.0412378311157227,1.2624931335449219,0.00095367431640625,-0.00324249267578125,0.00476837158203125,-0.0073261260986328125,-0.0024423599243164062,0.1880340576171875,0.0073261260986328125,-0.0073261260986328125,-0.0073261260986328125,-0.07570171356201172,-1.5658111572265625,8.088890075683594,-1.7753353118896484,0.10988998413085938,-0.10988998413085938,0.0,-1.8342569366432058,7.099602309225274,-1.6873988797918629,0.0032528277736733873,-0.005846240580159561
47,2,heldout,3,1,0.3490658503988659,1.3955766489962116,3,s,af3726fcacd0ac1320a56ea850b0a2c0f5430cf4eb20a45c078706980f08407e,d24fbe3839599a6a097188bae8cd47ce8083f27deef1341ae3086bf0d5a45bd1,87f63c0590d05baea263cdc42c6e1df2d063fa2def309ecb0283f3036bf33d46,87f63c0590d05baea263cdc42c6e1df2d063fa2def309ecb0283f3036bf33d46,1787977976.2554967,36560.123999999996,18280119,0,0.9584569931030273,1.0412378311157227,1.2632560729980469,0.00095367431640625,-0.00324249267578125,0.00476837158203125,-0.0073261260986328125,-0.0024423599243164062,0.1880340576171875,0.0073261260986328125,-0.0073261260986328125,-0.0073261260986328125,-0.07570171356201172,-1.5521373748779297,8.11623764038086,-1.7753353118896484,0.10988998413085938,-0.10988998413085938,0.0,-1.8311363951003774,7.0964817676824445,-1.6868371940465299,0.0032639090499953956,-0.005845340617822003
47,2,heldout,3,1,0.3490658503988659,1.3974754689988913,3,s,af3726fcacd0ac1320a56ea850b0a2c0f5430cf4eb20a45c078706980f08407e,d24fbe3839599a6a097188bae8cd47ce8083f27deef1341ae3086bf0d5a45bd1,87f63c0590d05baea263cdc42c6e1df2d063fa2def309ecb0283f3036bf33d46,87f63c0590d05baea263cdc42c6e1df2d063fa2def309ecb0283f3036bf33d46,1787977976.2578747,36560.126,18280120,0,0.9584569931030273,1.0412378311157227,1.2640190124511719,0.00095367431640625,-0.00324249267578125,0.00476837158203125,-0.0073261260986328125,-0.0024423599243164062,0.1880340576171875,-0.021978378295898438,0.0073261260986328125,-0.0073261260986328125,-0.07570171356201172,-1.5521373748779297,8.11623764038086,-1.7753353118896484,0.10988998413085938,-0.10988998413085938,0.0,-1.8280117228617068,7.093357095443774,-1.6862745264327716,0.0032749884264723825,-0.005844437253048564
47,2,heldout,3,1,0.3490658503988659,1.3998615479940781,3,s,af3726fcacd0ac1320a56ea850b0a2c0f5430cf4eb20a45c078706980f08407e,d24fbe3839599a6a097188bae8cd47ce8083f27deef1341ae3086bf0d5a45bd1,87f63c0590d05baea263cdc42c6e1df2d063fa2def309ecb0283f3036bf33d46,87f63c0590d05baea263cdc42c6e1df2d063fa2def309ecb0283f3036bf33d46,1787977976.2592528,36560.128,18280121,0,0.9584569931030273,1.0412378311157227,1.2647819519042969,0.00095367431640625,-0.00324249267578125,0.00476837158203125,-0.021978378295898438,-0.0024423599243164062,0.19780254364013672,-0.0073261260986328125,0.0073261260986328125,-0.0073261260986328125,-0.08058643341064453,-1.5521373748779297,8.129913330078125,-1.7753353118896484,0.10988998413085938,-0.11477375030517578,0.0,-1.8248829217459905,7.090228294328057,-1.685710877278102,0.0032860658966553046,-0.005843530486365073
47,2,heldout,3,1,0.3490658503988659,1.4012339359978796,3,s,af3726fcacd0ac1320a56ea850b0a2c0f5430cf4eb20a45c078706980f08407e,d24fbe3839599a6a097188bae8cd47ce8083f27deef1341ae3086bf0d5a45bd1,87f63c0590d05baea263cdc42c6e1df2d063fa2def309ecb0283f3036bf33d46,87f63c0590d05baea263cdc42c6e1df2d063fa2def309ecb0283f3036bf33d46,1787977976.261208,36560.13,18280122,0,0.9584569931030273,1.0412378311157227,1.2655448913574219,0.00095367431640625,-0.00324249267578125,0.00476837158203125,0.0073261260986328125,-0.0024423599243164062,0.1929178237915039,-0.0073261260986328125,0.0073261260986328125,-0.0073261260986328125,-0.07570171356201172,-1.538461685180664,8.129913330078125,-1.770451545715332,0.10988998413085938,-0.11477375030517578,0.0,-1.8217499935744306,7.087095366156498,-1.6851462469106089,0.003297141454096224,-0.005842620318299335
47,2,heldout,3,1,0.3490658503988659,1.4031883939969703,3,s,af3726fcacd0ac1320a56ea850b0a2c0f5430cf4eb20a45c078706980f08407e,d24fbe3839599a6a097188bae8cd47ce8083f27deef1341ae3086bf0d5a45bd1,87f63c0590d05baea263cdc42c6e1df2d063fa2def309ecb0283f3036bf33d46,87f63c0590d05baea263cdc42c6e1df2d063fa2def309ecb0283f3036bf33d46,1787977976.2637765,36560.132,18280123,0,0.9584569931030273,1.0412378311157227,1.2663078308105469,0.00095367431640625,-0.00324249267578125,0.00476837158203125,-0.021978378295898438,-0.0024423599243164062,0.1929178237915039,0.0073261260986328125,-0.021978378295898438,-0.0073261260986328125,-0.08058643341064453,-1.538461685180664,8.088890075683594,-1.7655677795410156,0.10988998413085938,-0.11477375030517578,0.0,-1.8186129401706277,7.083958312752694,-1.6845806356589486,0.0033082150923483197,-0.0058417067493811365
47,2,heldout,3,1,0.3490658503988659,1.4057592190001742,3,s,af3726fcacd0ac1320a56ea850b0a2c0f5430cf4eb20a45c078706980f08407e,d24fbe3839599a6a097188bae8cd47ce8083f27deef1341ae3086bf0d5a45bd1,87f63c0590d05baea263cdc42c6e1df2d063fa2def309ecb0283f3036bf33d46,87f63c0590d05baea263cdc42c6e1df2d063fa2def309ecb0283f3036bf33d46,1787977976.2657084,36560.134,18280124,0,0.9584569931030273,1.0412378311157227,1.2670707702636719,0.00095367431640625,-0.00324249267578125,0.00476837158203125,-0.0073261260986328125,-0.0024423599243164062,0.1929178237915039,0.0073261260986328125,-0.0073261260986328125,-0.0073261260986328125,-0.08058643341064453,-1.538461685180664,8.075214385986328,-1.7655677795410156,0.10988998413085938,-0.10988998413085938,0.0,-1.8154717633605977,7.080817135942665,-1.6840140438523539,0.0033192868049658833,-0.005840789780142252
47,2,heldout,3,1,0.3490658503988659,1.4076909459981835,3,s,af3726fcacd0ac1320a56ea850b0a2c0f5430cf4eb20a45c078706980f08407e,d24fbe3839599a6a097188bae8cd47ce8083f27deef1341ae3086bf0d5a45bd1,87f63c0590d05baea263cdc42c6e1df2d063fa2def309ecb0283f3036bf33d46,87f63c0590d05baea263cdc42c6e1df2d063fa2def309ecb0283f3036bf33d46,1787977976.267665,36560.136,18280125,0,0.9584569931030273,1.0412378311157227,1.2678337097167969,0.00095367431640625,-0.00324249267578125,0.00476837158203125,0.0073261260986328125,-0.0024423599243164062,0.1880340576171875,0.0073261260986328125,-0.0073261260986328125,-0.0073261260986328125,-0.08058643341064453,-1.5247859954833984,8.061538696289062,-1.7606840133666992,0.10988998413085938,-0.11477375030517578,0.0,-1.812326464972734,7.077671837554802,-1.683446471820621,0.0033303565855043373,-0.00583986941111642
47,2,heldout,3,1,0.3490658503988659,1.4096463549940381,3,s,af3726fcacd0ac1320a56ea850b0a2c0f5430cf4eb20a45c078706980f08407e,d24fbe3839599a6a097188bae8cd47ce8083f27deef1341ae3086bf0d5a45bd1,87f63c0590d05baea263cdc42c6e1df2d063fa2def309ecb0283f3036bf33d46,87f63c0590d05baea263cdc42c6e1df2d063fa2def309ecb0283f3036bf33d46,1787977976.2697546,36560.138,18280126,0,0.9584569931030273,1.0412378311157227,1.2685966491699219,0.00095367431640625,-0.00324249267578125,0.00476837158203125,0.0073261260986328125,-0.0024423599243164062,0.1929178237915039,-0.03663063049316406,-0.0073261260986328125,-0.0073261260986328125,-0.07570171356201172,-1.5247859954833984,7.9931640625,-1.7606840133666992,0.10988998413085938,-0.10988998413085938,0.0,-1.8091770468378485,7.0745224194199166,-1.682877919894122,0.003341424427520212,-0.005838945642839368
47,2,heldout,3,1,0.3490658503988659,1.4117364939957042,3,s,af3726fcacd0ac1320a56ea850b0a2c0f5430cf4eb20a45c078706980f08407e,d24fbe3839599a6a097188bae8cd47ce8083f27deef1341ae3086bf0d5a45bd1,87f63c0590d05baea263cdc42c6e1df2d063fa2def309ecb0283f3036bf33d46,87f63c0590d05baea263cdc42c6e1df2d063fa2def309ecb0283f3036bf33d46,1787977976.2716966,36560.14,18280127,0,0.9584569931030273,1.0412378311157227,1.2693595886230469,0.00095367431640625,-0.00324249267578125,0.00476837158203125,-0.021978378295898438,-0.0024423599243164062,0.1880340576171875,-0.021978378295898438,-0.0073261260986328125,-0.0073261260986328125,-0.08058643341064453,-1.5247859954833984,8.034187316894531,-1.7557992935180664,0.10988998413085938,-0.10988998413085938,0.0,-1.8060235107891425,7.071368883371209,-1.6823083884037975,0.003352490324571181,-0.005838018475848798
47,2,heldout,3,1,0.3490658503988659,1.4137026379976305,3,s,af3726fcacd0ac1320a56ea850b0a2c0f5430cf4eb20a45c078706980f08407e,d24fbe3839599a6a097188bae8cd47ce8083f27deef1341ae3086bf0d5a45bd1,87f63c0590d05baea263cdc42c6e1df2d063fa2def309ecb0283f3036bf33d46,87f63c0590d05baea263cdc42c6e1df2d063fa2def309ecb0283f3036bf33d46,1787977976.2736716,36560.142,18280128,0,0.9584569931030273,1.0412378311157227,1.2701225280761719,0.00095367431640625,-0.00324249267578125,0.00476837158203125,-0.021978378295898438,-0.0024423599243164062,0.1880340576171875,-0.0073261260986328125,-0.0073261260986328125,-0.0073261260986328125,-0.08058643341064453,-1.5247859954833984,8.061538696289062,-1.7557992935180664,0.10988998413085938,-0.10988998413085938,0.0,-1.8028658586622133,7.06821123124428,-1.681737877681159,0.0033635542702160457,-0.005837087910684399
47,2,heldout,3,1,0.3490658503988659,1.415652825999132,3,s,af3726fcacd0ac1320a56ea850b0a2c0f5430cf4eb20a45c078706980f08407e,d24fbe3839599a6a097188bae8cd47ce8083f27deef1341ae3086bf0d5a45bd1,87f63c0590d05baea263cdc42c6e1df2d063fa2def309ecb0283f3036bf33d46,87f63c0590d05baea263cdc42c6e1df2d063fa2def309ecb0283f3036bf33d46,1787977976.2756007,36560.144,18280129,0,0.9584569931030273,1.0412378311157227,1.2708854675292969,0.00095367431640625,-0.00324249267578125,0.00476837158203125,-0.0073261260986328125,-0.0024423599243164062,0.1929178237915039,-0.0073261260986328125,0.0073261260986328125,-0.0073261260986328125,-0.07570171356201172,-1.5247859954833984,8.075214385986328,-1.75091552734375,0.10988998413085938,-0.11477375030517578,0.0,-1.7997040922950565,7.065049464877124,-1.6811663880582843,0.003374616258014743,-0.005836153947887822
47,2,heldout,3,1,0.3490658503988659,1.417579395994835,3,s,af3726fcacd0ac1320a56ea850b0a2c0f5430cf4eb20a45c078706980f08407e,d24fbe3839599a6a097188bae8cd47ce8083f27deef1341ae3086bf0d5a45bd1,87f63c0590d05baea263cdc42c6e1df2d063fa2def309ecb0283f3036bf33d46,87f63c0590d05baea263cdc42c6e1df2d063fa2def309ecb0283f3036bf33d46,1787977976.2775006,36560.146,18280130,0,0.9584569931030273,1.0412378311157227,1.2716484069824219,0.00057220458984375,-0.00324249267578125,0.00476837158203125,-0.021978378295898438,-0.0024423599243164062,0.1929178237915039,-0.021978378295898438,0.0073261260986328125,-0.0073261260986328125,-0.07570171356201172,-1.5247859954833984,8.0068359375,-1.75091552734375,0.10988998413085938,-0.10988998413085938,0.0,-1.7962516125741008,7.061596985156168,-1.6803073189138653,0.0033912055546663836,-0.005834746634322384
47,2,heldout,3,1,0.3490658503988659,1.4194815609953366,3,s,af3726fcacd0ac1320a56ea850b0a2c0f5430cf4eb20a45c078706980f08407e,d24fbe3839599a6a097188bae8cd47ce8083f27deef1341ae3086bf0d5a45bd1,87f63c0590d05baea263cdc42c6e1df2d063fa2def309ecb0283f3036bf33d46,87f63c0590d05baea263cdc42c6e1df2d063fa2def309ecb0283f3036bf33d46,1787977976.2800121,36560.148,18280131,0,0.9584569931030273,1.0412378311157227,1.2724113464355469,0.00057220458984375,-0.00324249267578125,0.00476837158203125,-0.0073261260986328125,-0.0024423599243164062,0.19780254364013672,-0.021978378295898438,-0.0073261260986328125,-0.0073261260986328125,-0.07570171356201172,-1.5247859954833984,7.965812683105469,-1.75091552734375,0.10988998413085938,-0.11477375030517578,0.0,-1.7930811342580129,7.058426506840081,-1.679733383497001,0.003402262619681867,-0.005833804179828117
47,2,heldout,3,1,0.3490658503988659,1.4219934239954455,3,s,af3726fcacd0ac1320a56ea850b0a2c0f5430cf4eb20a45c078706980f08407e,d24fbe3839599a6a097188bae8cd47ce8083f27deef1341ae3086bf0d5a45bd1,87f63c0590d05baea263cdc42c6e1df2d063fa2def309ecb0283f3036bf33d46,87f63c0590d05baea263cdc42c6e1df2d063fa2def309ecb0283f3036bf33d46,1787977976.2814023,36560.15,18280132,0,0.9584569931030273,1.0412378311157227,1.2731742858886719,0.00057220458984375,-0.00324249267578125,0.00476837158203125,-0.0073261260986328125,-0.0024423599243164062,0.19780254364013672,-0.0073261260986328125,-0.0073261260986328125,-0.0073261260986328125,-0.08058643341064453,-1.5111103057861328,7.979488372802734,-1.7460317611694336,0.10988998413085938,-0.11477375030517578,0.0,-1.7899065473971538,7.055251919979222,-1.6791584703466709,0.0034133177043199556,-0.005832858329613057
47,2,heldout,3,1,0.3490658503988659,1.4233850659948075,3,s,af3726fcacd0ac1320a56ea850b0a2c0f5430cf4eb20a45c078706980f08407e,d24fbe3839599a6a097188bae8cd47ce8083f27deef1341ae3086bf0d5a45bd1,87f63c0590d05baea263cdc42c6e1df2d063fa2def309ecb0283f3036bf33d46,87f63c0590d05baea263cdc42c6e1df2d063fa2def309ecb0283f3036bf33d46,1787977976.2833357,36560.152,18280133,0,0.9584569931030273,1.0412378311157227,1.2739372253417969,0.00057220458984375,-0.00324249267578125,0.00476837158203125,-0.0073261260986328125,-0.0024423599243164062,0.19780254364013672,-0.0073261260986328125,-0.0073261260986328125,-0.0073261260986328125,-0.07570171356201172,-1.5111103057861328,7.952136993408203,-1.7460317611694336,0.10988998413085938,-0.11477375030517578,0.0,-1.7867278538393807,7.052073226421447,-1.67858257979752,0.003424370802145747,-0.005831909084227764
47,2,heldout,3,1,0.3490658503988659,1.4253160649968777,3,s,af3726fcacd0ac1320a56ea850b0a2c0f5430cf4eb20a45c078706980f08407e,d24fbe3839599a6a097188bae8cd47ce8083f27deef1341ae3086bf0d5a45bd1,87f63c0590d05baea263cdc42c6e1df2d063fa2def309ecb0283f3036bf33d46,87f63c0590d05baea263cdc42c6e1df2d063fa2def309ecb0283f3036bf33d46,1787977976.285258,36560.153999999995,18280134,0,0.9584569931030273,1.0412378311157227,1.2747001647949219,0.00057220458984375,-0.00324249267578125,0.00476837158203125,-0.0073261260986328125,-0.0024423599243164062,0.1880340576171875,-0.021978378295898438,0.0073261260986328125,-0.0073261260986328125,-0.08058643341064453,-1.5111103057861328,7.911109924316406,-1.7460317611694336,0.10500621795654297,-0.11477375030517578,0.0,-1.783545055434938,7.048890428017004,-1.6780057121847605,0.0034354219067254865,-0.005830956444224775
47,2,heldout,3,1,0.3490658503988659,1.4272389789985027,3,s,af3726fcacd0ac1320a56ea850b0a2c0f5430cf4eb20a45c078706980f08407e,d24fbe3839599a6a097188bae8cd47ce8083f27deef1341ae3086bf0d5a45bd1,87f63c0590d05baea263cdc42c6e1df2d063fa2def309ecb0283f3036bf33d46,87f63c0590d05baea263cdc42c6e1df2d063fa2def309ecb0283f3036bf33d46,1787977976.2877736,36560.155999999995,18280135,0,0.9584569931030273,1.0412378311157227,1.2754631042480469,0.00095367431640625,-0.00324249267578125,0.00476837158203125,0.0073261260986328125,-0.0024423599243164062,0.1929178237915039,0.0073261260986328125,-0.021978378295898438,-0.0073261260986328125,-0.07570171356201172,-1.4974365234375,7.965812683105469,-1.7460317611694336,0.10500621795654297,-0.11477375030517578,0.0,-1.7806471982767145,7.0459925708587825,-1.6777169120844369,0.003440946709537861,-0.005830478851414849
47,2,heldout,3,1,0.3490658503988659,1.4297550069968565,3,s,af3726fcacd0ac1320a56ea850b0a2c0f5430cf4eb20a45c078706980f08407e,d24fbe3839599a6a097188bae8cd47ce8083f27deef1341ae3086bf0d5a45bd1,87f63c0590d05baea263cdc42c6e1df2d063fa2def309ecb0283f3036bf33d46,87f63c0590d05baea263cdc42c6e1df2d063fa2def309ecb0283f3036bf33d46,1787977976.2891257,36560.157999999996,18280136,0,0.9584569931030273,1.0412378311157227,1.2762260437011719,0.00057220458984375,-0.00324249267578125,0.00476837158203125,-0.0073261260986328125,-0.0024423599243164062,0.1929178237915039,-0.0073261260986328125,-0.021978378295898438,-0.0073261260986328125,-0.07570171356201172,-1.4974365234375,7.9384613037109375,-1.75091552734375,0.10988998413085938,-0.11477375030517578,0.0,-1.77716715149895,7.042512524081017,-1.676849047112108,0.003457518110417633,-0.005829040982585707
47,2,heldout,3,1,0.3490658503988659,1.4311053779965732,3,s,af3726fcacd0ac1320a56ea850b0a2c0f5430cf4eb20a45c078706980f08407e,d24fbe3839599a6a097188bae8cd47ce8083f27deef1341ae3086bf0d5a45bd1,87f63c0590d05baea263cdc42c6e1df2d063fa2def309ecb0283f3036bf33d46,87f63c0590d05baea263cdc42c6e1df2d063fa2def309ecb0283f3036bf33d46,1787977976.2916083,36560.159999999996,18280137,0,0.9584569931030273,1.0412378311157227,1.2773704528808594,0.00057220458984375,-0.00324249267578125,0.00476837158203125,-0.0073261260986328125,-0.0024423599243164062,0.19780254364013672,-0.021978378295898438,-0.0073261260986328125,-0.0073261260986328125,-0.07570171356201172,-1.4974365234375,7.911109924316406,-1.7460317611694336,0.10988998413085938,-0.11477375030517578,0.0,-1.7723729621207662,7.0377183347028325,-1.6759789860171521,0.00347408498308196,-0.005827595479623474
47,2,heldout,3,1,0.3490658503988659,1.4336198839955614,3,s,af3726fcacd0ac1320a56ea850b0a2c0f5430cf4eb20a45c078706980f08407e,d24fbe3839599a6a097188bae8cd47ce8083f27deef1341ae3086bf0d5a45bd1,87f63c0590d05baea263cdc42c6e1df2d063fa2def309ecb0283f3036bf33d46,87f63c0590d05baea263cdc42c6e1df2d063fa2def309ecb0283f3036bf33d46,1787977976.293586,36560.162,18280138,0,0.9584569931030273,1.0412378311157227,1.2781333923339844,0.00057220458984375,-0.00324249267578125,0.00476837158203125,-0.021978378295898438,-0.0024423599243164062,0.20268630981445312,-0.0073261260986328125,-0.0073261260986328125,-0.0073261260986328125,-0.08058643341064453,-1.4837608337402344,7.870086669921875,-1.75091552734375,0.10988998413085938,-0.11477375030517578,0.0,-1.7691717148670965,7.034517087449164,-1.6753977257816512,0.003485127038468032,-0.005826627570731409
47,2,heldout,3,1,0.3490658503988659,1.4355669729993679,3,s,af3726fcacd0ac1320a56ea850b0a2c0f5430cf4eb20a45c078706980f08407e,d24fbe3839599a6a097188bae8cd47ce8083f27deef1341ae3086bf0d5a45bd1,87f63c0590d05baea263cdc42c6e1df2d063fa2def309ecb0283f3036bf33d46,87f63c0590d05baea263cdc42c6e1df2d063fa2def309ecb0283f3036bf33d46,1787977976.295509,36560.164,18280139,0,0.9584569931030273,1.0412378311157227,1.2788963317871094,0.00095367431640625,-0.00324249267578125,0.00476837158203125,-0.0073261260986328125,-0.0024423599243164062,0.20268630981445312,-0.0073261260986328125,0.0073261260986328125,-0.0073261260986328125,-0.08058643341064453,-1.4974365234375,7.856410980224609,-1.7460317611694336,0.10988998413085938,-0.11477375030517578,0.0,-1.766257612588465,7.031602985170531,-1.675106729939064,0.003490647305833668,-0.005826142344421289
47,2,heldout,3,1,0.3490658503988659,1.4374897460002103,3,s,af3726fcacd0ac1320a56ea850b0a2c0f5430cf4eb20a45c078706980f08407e,d24fbe3839599a6a097188bae8cd47ce8083f27deef1341ae3086bf0d5a45bd1,87f63c0590d05baea263cdc42c6e1df2d063fa2def309ecb0283f3036bf33d46,87f63c0590d05baea263cdc42c6e1df2d063fa2def309ecb0283f3036bf33d46,1787977976.2974489,36560.166,18280140,0,0.9584569931030273,1.0412378311157227,1.2796592712402344,0.00095367431640625,-0.00324249267578125,0.00476837158203125,-0.021978378295898438,-0.0024423599243164062,0.20268630981445312,0.0073261260986328125,-0.0073261260986328125,-0.0073261260986328125,-0.08058643341064453,-1.4837608337402344,7.911109924316406,-1.75091552734375,0.10988998413085938,-0.11477375030517578,0.0,-1.7630486653382758,7.028394037920343,-1.6745240070159473,0.003501686315893619,-0.005825169348425931
47,2,heldout,3,1,0.3490658503988659,1.4394316189936944,3,s,af3726fcacd0ac1320a56ea850b0a2c0f5430cf4eb20a45c078706980f08407e,d24fbe3839599a6a097188bae8cd47ce8083f27deef1341ae3086bf0d5a45bd1,87f63c0590d05baea263cdc42c6e1df2d063fa2def309ecb0283f3036bf33d46,87f63c0590d05baea263cdc42c6e1df2d063fa2def309ecb0283f3036bf33d46,1787977976.299977,36560.168,18280141,0,0.9584569931030273,1.0412378311157227,1.2804222106933594,0.00095367431640625,-0.00324249267578125,0.00476837158203125,-0.0073261260986328125,-0.0024423599243164062,0.19780254364013672,-0.0073261260986328125,0.0073261260986328125,-0.0073261260986328125,-0.08058643341064453,-1.4700851440429688,7.911109924316406,-1.75091552734375,0.10988998413085938,-0.11477375030517578,0.0,-1.7598356270245186,7.025180999606587,-1.673940309391622,0.003512723287703969,-0.005824192961735918
47,2,heldout,3,1,0.3490658503988659,1.441957276998437,3,s,af3726fcacd0ac1320a56ea850b0a2c0f5430cf4eb20a45c078706980f08407e,d24fbe3839599a6a097188bae8cd47ce8083f27deef1341ae3086bf0d5a45bd1,87f63c0590d05baea263cdc42c6e1df2d063fa2def309ecb0283f3036bf33d46,87f63c0590d05baea263cdc42c6e1df2d063fa2def309ecb0283f3036bf33d46,1787977976.3019161,36560.17,18280142,0,0.9584569931030273,1.0412378311157227,1.2811851501464844,0.00095367431640625,-0.00324249267578125,0.00476837158203125,0.0073261260986328125,-0.0024423599243164062,0.1929178237915039,0.0073261260986328125,-0.0073261260986328125,-0.0073261260986328125,-0.08058643341064453,-1.4700851440429688,7.856410980224609,-1.75091552734375,0.10988998413085938,-0.10988998413085938,0.0,-1.75661849951742,7.021963872099486,-1.6733556374058431,0.003523758214840361,-0.005823213184919574
47,2,heldout,3,1,0.3490658503988659,1.4438973090000218,3,s,af3726fcacd0ac1320a56ea850b0a2c0f5430cf4eb20a45c078706980f08407e,d24fbe3839599a6a097188bae8cd47ce8083f27deef1341ae3086bf0d5a45bd1,87f63c0590d05baea263cdc42c6e1df2d063fa2def309ecb0283f3036bf33d46,87f63c0590d05baea263cdc42c6e1df2d063fa2def309ecb0283f3036bf33d46,1787977976.303301,36560.172,18280143,0,0.9584569931030273,1.0412378311157227,1.2819490432739258,0.00095367431640625,-0.00324249267578125,0.00476837158203125,-0.021978378295898438,-0.0024423599243164062,0.1929178237915039,-0.0073261260986328125,-0.0073261260986328125,-0.0073261260986328125,-0.08058643341064453,-1.4700851440429688,7.801708221435547,-1.75091552734375,0.10988998413085938,-0.10988998413085938,0.0,-1.7533932556140839,7.01873862819615,-1.6727692587320473,0.0035348048806884457,-0.005822228787468366
47,2,heldout,3,1,0.3490658503988659,1.445285055997374,3,s,af3726fcacd0ac1320a56ea850b0a2c0f5430cf4eb20a45c078706980f08407e,d24fbe3839599a6a097188bae8cd47ce8083f27deef1341ae3086bf0d5a45bd1,87f63c0590d05baea263cdc42c6e1df2d063fa2def309ecb0283f3036bf33d46,87f63c0590d05baea263cdc42c6e1df2d063fa2def309ecb0283f3036bf33d46,1787977976.3052647,36560.174,18280144,0,0.9584569931030273,1.0412378311157227,1.2827119827270508,0.00057220458984375,-0.00324249267578125,0.00476837158203125,0.0073261260986328125,-0.0024423599243164062,0.1929178237915039,-0.021978378295898438,-0.021978378295898438,-0.0073261260986328125,-0.08058643341064453,-1.4700851440429688,7.760684967041016,-1.75091552734375,0.10988998413085938,-0.10988998413085938,0.0,-1.7498742747596456,7.015219647341713,-1.6718889623527575,0.0035513503310255715,-0.005820747677391148
47,2,heldout,3,1,0.3490658503988659,1.4472483699937584,3,s,af3726fcacd0ac1320a56ea850b0a2c0f5430cf4eb20a45c078706980f08407e,d24fbe3839599a6a097188bae8cd47ce8083f27deef1341ae3086bf0d5a45bd1,87f63c0590d05baea263cdc42c6e1df2d063fa2def309ecb0283f3036bf33d46,87f63c0590d05baea263cdc42c6e1df2d063fa2def309ecb0283f3036bf33d46,1787977976.307242,36560.176,18280145,0,0.9584569931030273,1.0412378311157227,1.2838563919067383,0.00057220458984375,-0.00324249267578125,0.00476837158203125,0.0073261260986328125,-0.0024423599243164062,0.20268630981445312,-0.021978378295898438,-0.0073261260986328125,-0.0073261260986328125,-0.08058643341064453,-1.4837608337402344,7.760684967041016,-1.7460317611694336,0.10988998413085938,-0.10988998413085938,0.0,-1.745027930844705,7.010373303426772,-1.6710064763469257,0.0035678911302577943,-0.005819258944042351
47,2,heldout,3,1,0.3490658503988659,1.449221619994205,3,s,af3726fcacd0ac1320a56ea850b0a2c0f5430cf4eb20a45c078706980f08407e,d24fbe3839599a6a097188bae8cd47ce8083f27deef1341ae3086bf0d5a45bd1,87f63c0590d05baea263cdc42c6e1df2d063fa2def309ecb0283f3036bf33d46,87f63c0590d05baea263cdc42c6e1df2d063fa2def309ecb0283f3036bf33d46,1787977976.3091393,36560.178,18280146,0,0.9584569931030273,1.0412378311157227,1.2846193313598633,0.00057220458984375,-0.00324249267578125,0.00476837158203125,-0.0073261260986328125,-0.0024423599243164062,0.20268630981445312,-0.0073261260986328125,-0.03663063049316406,-0.0073261260986328125,-0.08058643341064453,-1.4700851440429688,7.788032531738281,-1.7411479949951172,0.10988998413085938,-0.10988998413085938,0.0,-1.7417919337917767,7.007137306373844,-1.67041693645448,0.003578915735100735,-0.005818262220954708
47,2,heldout,3,1,0.3490658503988659,1.4511169659963343,3,s,af3726fcacd0ac1320a56ea850b0a2c0f5430cf4eb20a45c078706980f08407e,d24fbe3839599a6a097188bae8cd47ce8083f27deef1341ae3086bf0d5a45bd1,87f63c0590d05baea263cdc42c6e1df2d063fa2def309ecb0283f3036bf33d46,87f63c0590d05baea263cdc42c6e1df2d063fa2def309ecb0283f3036bf33d46,1787977976.3115876,36560.18,18280147,0,0.9584569931030273,1.0412378311157227,1.2853822708129883,0.00095367431640625,-0.00324249267578125,0.00476837158203125,-0.0073261260986328125,-0.0024423599243164062,0.20757007598876953,0.0073261260986328125,-0.0073261260986328125,-0.0073261260986328125,-0.08058643341064453,-1.4700851440429688,7.842735290527344,-1.7411479949951172,0.10988998413085938,-0.10988998413085938,0.0,-1.7388472356671862,7.0041926082492525,-1.6701218018703203,0.0035844272567220935,-0.00581776258937173
47,2,heldout,3,1,0.3490658503988659,1.4535943119990407,3,s,af3726fcacd0ac1320a56ea850b0a2c0f5430cf4eb20a45c078706980f08407e,d24fbe3839599a6a097188bae8cd47ce8083f27deef1341ae3086bf0d5a45bd1,87f63c0590d05baea263cdc42c6e1df2d063fa2def309ecb0283f3036bf33d46,87f63c0590d05baea263cdc42c6e1df2d063fa2def309ecb0283f3036bf33d46,1787977976.3135128,36560.182,18280148,0,0.9584569931030273,1.0412378311157227,1.2861452102661133,0.00057220458984375,-0.00324249267578125,0.00476837158203125,-0.0073261260986328125,-0.0024423599243164062,0.20268630981445312,-0.021978378295898438,-0.0073261260986328125,-0.0073261260986328125,-0.08058643341064453,-1.4564094543457031,7.897434234619141,-1.7362632751464844,0.10988998413085938,-0.10988998413085938,0.0,-1.7353077055003105,7.000653078082378,-1.6692349400815738,0.003600958688761562,-0.00581625861533902
47,2,heldout,3,1,0.3490658503988659,1.4554934859988862,3,s,af3726fcacd0ac1320a56ea850b0a2c0f5430cf4eb20a45c078706980f08407e,d24fbe3839599a6a097188bae8cd47ce8083f27deef1341ae3086bf0d5a45bd1,87f63c0590d05baea263cdc42c6e1df2d063fa2def309ecb0283f3036bf33d46,87f63c0590d05baea263cdc42c6e1df2d063fa2def309ecb0283f3036bf33d46,1787977976.315455,36560.184,18280149,0,0.9584569931030273,1.0412378311157227,1.2869081497192383,0.00057220458984375,-0.00324249267578125,0.00476837158203125,-0.0073261260986328125,-0.0024423599243164062,0.1929178237915039,-0.021978378295898438,0.0073261260986328125,-0.0073261260986328125,-0.07570171356201172,-1.4564094543457031,7.911109924316406,-1.731379508972168,0.10988998413085938,-0.10988998413085938,0.0,-1.7320594780360958,6.997404850618163,-1.6686424842891265,0.003611977024748764,-0.005815251733977228
47,2,heldout,3,1,0.3490658503988659,1.4574352819981868,3,s,af3726fcacd0ac1320a56ea850b0a2c0f5430cf4eb20a45c078706980f08407e,d24fbe3839599a6a097188bae8cd47ce8083f27deef1341ae3086bf0d5a45bd1,87f63c0590d05baea263cdc42c6e1df2d063fa2def309ecb0283f3036bf33d46,87f63c0590d05baea263cdc42c6e1df2d063fa2def309ecb0283f3036bf33d46,1787977976.3173585,36560.186,18280150,0,0.9584569931030273,1.0412378311157227,1.2876710891723633,0.00057220458984375,-0.00324249267578125,0.00476837158203125,-0.0073261260986328125,-0.0024423599243164062,0.1880340576171875,-0.021978378295898438,0.0073261260986328125,-0.0073261260986328125,-0.07570171356201172,-1.4427356719970703,7.924785614013672,-1.7264957427978516,0.10988998413085938,-0.11477375030517578,0.0,-1.7288071775463865,6.994152550128454,-1.6680490572189661,0.003622993258288725,-0.005814241467693587
47,2,heldout,3,1,0.3490658503988659,1.459339311993972,3,s,af3726fcacd0ac1320a56ea850b0a2c0f5430cf4eb20a45c078706980f08407e,d24fbe3839599a6a097188bae8cd47ce8083f27deef1341ae3086bf0d5a45bd1,87f63c0590d05baea263cdc42c6e1df2d063fa2def309ecb0283f3036bf33d46,87f63c0590d05baea263cdc42c6e1df2d063fa2def309ecb0283f3036bf33d46,1787977976.3193066,36560.188,18280151,0,0.9584569931030273,1.0412378311157227,1.2884340286254883,0.00057220458984375,-0.00324249267578125,0.00476837158203125,-0.0073261260986328125,-0.0024423599243164062,0.1831502914428711,-0.021978378295898438,-0.021978378295898438,-0.0073261260986328125,-0.07570171356201172,-1.4427356719970703,7.883762359619141,-1.7264957427978516,0.10500621795654297,-0.11477375030517578,0.0,-1.7255508059242797,6.990896178506347,-1.667454659216515,0.0036340073829691606,-0.005813227817076155
47,2,heldout,3,1,0.3490658503988659,1.4613053829962155,3,s,af3726fcacd0ac1320a56ea850b0a2c0f5430cf4eb20a45c078706980f08407e,d24fbe3839599a6a097188bae8cd47ce8083f27deef1341ae3086bf0d5a45bd1,87f63c0590d05baea263cdc42c6e1df2d063fa2def309ecb0283f3036bf33d46,87f63c0590d05baea263cdc42c6e1df2d063fa2def309ecb0283f3036bf33d46,1787977976.321248,36560.189999999995,18280152,0,0.9584569931030273,1.0412378311157227,1.2891969680786133,0.00057220458984375,-0.00324249267578125,0.00476837158203125,-0.0073261260986328125,-0.0024423599243164062,0.1880340576171875,-0.03663063049316406,-0.021978378295898438,-0.0073261260986328125,-0.08058643341064453,-1.4564094543457031,7.801708221435547,-1.7216119766235352,0.10500621795654297,-0.11477375030517578,0.0,-1.722290365065222,6.987635737647289,-1.6668592906277564,0.003645019392379001,-0.00581221078271495
47,2,heldout,3,1,0.3490658503988659,1.4632287249987712,3,s,af3726fcacd0ac1320a56ea850b0a2c0f5430cf4eb20a45c078706980f08407e,d24fbe3839599a6a097188bae8cd47ce8083f27deef1341ae3086bf0d5a45bd1,87f63c0590d05baea263cdc42c6e1df2d063fa2def309ecb0283f3036bf33d46,87f63c0590d05baea263cdc42c6e1df2d063fa2def309ecb0283f3036bf33d46,1787977976.3237228,36560.191999999995,18280153,0,0.9584569931030273,1.0412378311157227,1.2899599075317383,0.00057220458984375,-0.00324249267578125,0.00476837158203125,-0.0073261260986328125,-0.0024423599243164062,0.1929178237915039,-0.0073261260986328125,0.0073261260986328125,-0.0073261260986328125,-0.08058643341064453,-1.4290599822998047,7.733333587646484,-1.7216119766235352,0.10988998413085938,-0.11477375030517578,0.0,-1.7190258568670507,6.984371229449117,-1.6662629517992416,0.003656029280108418,-0.005811190365201965
47,2,heldout,3,1,0.3490658503988659,1.4657025699998485,3,s,af3726fcacd0ac1320a56ea850b0a2c0f5430cf4eb20a45c078706980f08407e,d24fbe3839599a6a097188bae8cd47ce8083f27deef1341ae3086bf0d5a45bd1,87f63c0590d05baea263cdc42c6e1df2d063fa2def309ecb0283f3036bf33d46,87f63c0590d05baea263cdc42c6e1df2d063fa2def309ecb0283f3036bf33d46,1787977976.3256276,36560.193999999996,18280154,0,0.9584569931030273,1.0412378311157227,1.2907228469848633,0.00057220458984375,-0.00324249267578125,0.00476837158203125,-0.0073261260986328125,-0.0024423599243164062,0.20268630981445312,-0.021978378295898438,-0.0073261260986328125,-0.0073261260986328125,-0.08058643341064453,-1.415384292602539,7.705982208251953,-1.7167272567749023,0.10988998413085938,-0.10988998413085938,0.0,-1.7157572832299517,6.98110265581202,-1.6656656430780845,0.003667037039748811,-0.005810166565131164
47,2,heldout,3,1,0.3490658503988659,1.4676082439982565,3,s,af3726fcacd0ac1320a56ea850b0a2c0f5430cf4eb20a45c078706980f08407e,d24fbe3839599a6a097188bae8cd47ce8083f27deef1341ae3086bf0d5a45bd1,87f63c0590d05baea263cdc42c6e1df2d063fa2def309ecb0283f3036bf33d46,87f63c0590d05baea263cdc42c6e1df2d063fa2def309ecb0283f3036bf33d46,1787977976.327501,36560.195999999996,18280155,0,0.9584569931030273,1.0412378311157227,1.2914857864379883,0.00057220458984375,-0.00324249267578125,0.00476837158203125,-0.0073261260986328125,-0.0024423599243164062,0.19780254364013672,-0.021978378295898438,-0.0073261260986328125,-0.0073261260986328125,-0.08058643341064453,-1.415384292602539,7.774360656738281,-1.7167272567749023,0.10988998413085938,-0.10988998413085938,0.0,-1.7124846460564884,6.977830018638556,-1.6650673648119647,0.003678042664892825,-0.005809139383098471
47,2,heldout,3,1,0.3490658503988659,1.469480866995582,3,s,af3726fcacd0ac1320a56ea850b0a2c0f5430cf4eb20a45c078706980f08407e,d24fbe3839599a6a097188bae8cd47ce8083f27deef1341ae3086bf0d5a45bd1,87f63c0590d05baea263cdc42c6e1df2d063fa2def309ecb0283f3036bf33d46,87f63c0590d05baea263cdc42c6e1df2d063fa2def309ecb0283f3036bf33d46,1787977976.329413,36560.198,18280156,0,0.9584569931030273,1.0412378311157227,1.2922487258911133,0.00057220458984375,-0.00324249267578125,0.00476837158203125,-0.0073261260986328125,-0.0024423599243164062,0.1929178237915039,-0.021978378295898438,-0.0073261260986328125,-0.0073261260986328125,-0.08058643341064453,-1.4290599822998047,7.705982208251953,-1.711843490600586,0.10988998413085938,-0.10988998413085938,0.0,-1.709207947251585,6.974553319833653,-1.6644681173491267,0.0036890461491343365,-0.005808108819701789
47,2,heldout,3,1,0.3490658503988659,1.4713931859951117,3,s,af3726fcacd0ac1320a56ea850b0a2c0f5430cf4eb20a45c078706980f08407e,d24fbe3839599a6a097188bae8cd47ce8083f27deef1341ae3086bf0d5a45bd1,87f63c0590d05baea263cdc42c6e1df2d063fa2def309ecb0283f3036bf33d46,87f63c0590d05baea263cdc42c6e1df2d063fa2def309ecb0283f3036bf33d46,1787977976.331376,36560.2,18280157,0,0.9584569931030273,1.0412378311157227,1.2930116653442383,0.00057220458984375,-0.00324249267578125,0.00476837158203125,-0.0073261260986328125,-0.0024423599243164062,0.19780254364013672,0.0073261260986328125,-0.0073261260986328125,-0.0073261260986328125,-0.08058643341064453,-1.415384292602539,7.760684967041016,-1.711843490600586,0.10988998413085938,-0.10988998413085938,0.0,-1.7059271887225347,6.971272561304602,-1.6638679010383781,0.0037000474860684777,-0.005807074875540986
47,2,heldout,3,1,0.3490658503988659,1.473379028000636,3,s,af3726fcacd0ac1320a56ea850b0a2c0f5430cf4eb20a45c078706980f08407e,d24fbe3839599a6a097188bae8cd47ce8083f27deef1341ae3086bf0d5a45bd1,87f63c0590d05baea263cdc42c6e1df2d063fa2def309ecb0283f3036bf33d46,87f63c0590d05baea263cdc42c6e1df2d063fa2def309ecb0283f3036bf33d46,1787977976.3333077,36560.202,18280158,0,0.9584569931030273,1.0412378311157227,1.2937746047973633,0.00057220458984375,-0.00324249267578125,0.00476837158203125,-0.0073261260986328125,-0.0024423599243164062,0.1880340576171875,-0.0073261260986328125,0.0073261260986328125,-0.0073261260986328125,-0.08058643341064453,-1.4017086029052734,7.74700927734375,-1.7167272567749023,0.10988998413085938,-0.10988998413085938,0.0,-1.7026423723789839,6.967987744961052,-1.6632667162290904,0.0037110466692916325,-0.005806037551217891
47,2,heldout,3,1,0.3490658503988659,1.4752881979948143,3,s,af3726fcacd0ac1320a56ea850b0a2c0f5430cf4eb20a45c078706980f08407e,d24fbe3839599a6a097188bae8cd47ce8083f27deef1341ae3086bf0d5a45bd1,87f63c0590d05baea263cdc42c6e1df2d063fa2def309ecb0283f3036bf33d46,87f63c0590d05baea263cdc42c6e1df2d063fa2def309ecb0283f3036bf33d46,1787977976.3351848,36560.204,18280159,0,0.9584569931030273,1.0412378311157227,1.2949190139770508,0.00057220458984375,-0.00324249267578125,0.00476837158203125,-0.0073261260986328125,-0.0024423599243164062,0.1929178237915039,-0.0073261260986328125,-0.0073261260986328125,-0.0073261260986328125,-0.08058643341064453,-1.415384292602539,7.719657897949219,-1.7167272567749023,0.10500621795654297,-0.10988998413085938,0.0,-1.697707543644656,6.963052916226724,-1.6623631238460361,0.0037275413919134236,-0.005804475228250314
47,2,heldout,3,1,0.3490658503988659,1.4771590829986962,3,s,af3726fcacd0ac1320a56ea850b0a2c0f5430cf4eb20a45c078706980f08407e,d24fbe3839599a6a097188bae8cd47ce8083f27deef1341ae3086bf0d5a45bd1,87f63c0590d05baea263cdc42c6e1df2d063fa2def309ecb0283f3036bf33d46,87f63c0590d05baea263cdc42c6e1df2d063fa2def309ecb0283f3036bf33d46,1787977976.337645,36560.206,18280160,0,0.9584569931030273,1.0412378311157227,1.2956819534301758,0.00057220458984375,-0.00324249267578125,0.00476837158203125,-0.0073261260986328125,-0.0024423599243164062,0.1929178237915039,0.0073261260986328125,-0.0073261260986328125,-0.0073261260986328125,-0.08058643341064453,-1.415384292602539,7.6923065185546875,-1.7216119766235352,0.10500621795654297,-0.10988998413085938,0.0,-1.6944125911350938,6.959757963717162,-1.6617595193226022,0.0037385351628514965,-0.005803429456167437
47,2,heldout,3,1,0.3490658503988659,1.479624617000809,3,s,af3726fcacd0ac1320a56ea850b0a2c0f5430cf4eb20a45c078706980f08407e,d24fbe3839599a6a097188bae8cd47ce8083f27deef1341ae3086bf0d5a45bd1,87f63c0590d05baea263cdc42c6e1df2d063fa2def309ecb0283f3036bf33d46,87f63c0590d05baea263cdc42c6e1df2d063fa2def309ecb0283f3036bf33d46,1787977976.3395576,36560.208,18280161,0,0.9584569931030273,1.0412378311157227,1.2964448928833008,0.00057220458984375,-0.00324249267578125,0.00476837158203125,-0.0073261260986328125,-0.0024423599243164062,0.19780254364013672,-0.0073261260986328125,-0.0073261260986328125,-0.0073261260986328125,-0.08058643341064453,-1.415384292602539,7.651283264160156,-1.7264957427978516,0.10988998413085938,-0.10988998413085938,0.0,-1.6911135875134102,6.956458960095477,-1.6611549475278686,0.003749526757675807,-0.005802380306044182
47,2,heldout,3,1,0.3490658503988659,1.4815305569936754,3,s,af3726fcacd0ac1320a56ea850b0a2c0f5430cf4eb20a45c078706980f08407e,d24fbe3839599a6a097188bae8cd47ce8083f27deef1341ae3086bf0d5a45bd1,87f63c0590d05baea263cdc42c6e1df2d063fa2def309ecb0283f3036bf33d46,87f63c0590d05baea263cdc42c6e1df2d063fa2def309ecb0283f3036bf33d46,1787977976.341461,36560.21,18280162,0,0.9584569931030273,1.0412378311157227,1.2972078323364258,0.00057220458984375,-0.00324249267578125,0.00476837158203125,-0.0073261260986328125,-0.0024423599243164062,0.20757007598876953,0.0073261260986328125,0.0073261260986328125,-0.0073261260986328125,-0.07570171356201172,-1.415384292602539,7.596580505371094,-1.7264957427978516,0.10988998413085938,-0.10988998413085938,0.0,-1.687810534699879,6.953155907281947,-1.6605494088137431,0.003760516169988401,-0.005801327778491241
47,2,heldout,3,1,0.3490658503988659,1.4834399399987888,3,s,af3726fcacd0ac1320a56ea850b0a2c0f5430cf4eb20a45c078706980f08407e,d24fbe3839599a6a097188bae8cd47ce8083f27deef1341ae3086bf0d5a45bd1,87f63c0590d05baea263cdc42c6e1df2d063fa2def309ecb0283f3036bf33d46,87f63c0590d05baea263cdc42c6e1df2d063fa2def309ecb0283f3036bf33d46,1787977976.343341,36560.212,18280163,0,0.9584569931030273,1.0412378311157227,1.2979707717895508,0.00057220458984375,-0.00324249267578125,0.00476837158203125,0.0073261260986328125,-0.0024423599243164062,0.20757007598876953,0.0073261260986328125,-0.0073261260986328125,-0.0073261260986328125,-0.07570171356201172,-1.415384292602539,7.678630828857422,-1.7264957427978516,0.10988998413085938,-0.10988998413085938,0.0,-1.684503434617134,6.949848807199201,-1.6599429035326945,0.0037715033933926004,-0.005800271874121259
47,2,heldout,3,1,0.3490658503988659,1.4853139240003657,3,s,af3726fcacd0ac1320a56ea850b0a2c0f5430cf4eb20a45c078706980f08407e,d24fbe3839599a6a097188bae8cd47ce8083f27deef1341ae3086bf0d5a45bd1,87f63c0590d05baea263cdc42c6e1df2d063fa2def309ecb0283f3036bf33d46,87f63c0590d05baea263cdc42c6e1df2d063fa2def309ecb0283f3036bf33d46,1787977976.3451872,36560.214,18280164,0,0.9584569931030273,1.0412378311157227,1.2987337112426758,0.00057220458984375,-0.00324249267578125,0.00476837158203125,-0.0073261260986328125,-0.0024423599243164062,0.20757007598876953,-0.021978378295898438,0.0073261260986328125,-0.0073261260986328125,-0.07570171356201172,-1.4017086029052734,7.705982208251953,-1.731379508972168,0.10988998413085938,-0.10988998413085938,0.0,-1.6811922891901567,6.946537661772224,-1.6593354320377576,0.003782488421493001,-0.005799212593548858
47,2,heldout,3,1,0.3490658503988659,1.4871575919969473,3,s,af3726fcacd0ac1320a56ea850b0a2c0f5430cf4eb20a45c078706980f08407e,d24fbe3839599a6a097188bae8cd47ce8083f27deef1341ae3086bf0d5a45bd1,87f63c0590d05baea263cdc42c6e1df2d063fa2def309ecb0283f3036bf33d46,87f63c0590d05baea263cdc42c6e1df2d063fa2def309ecb0283f3036bf33d46,1787977976.3477292,36560.216,18280165,0,0.9584569931030273,1.0412378311157227,1.2994966506958008,0.00057220458984375,-0.00324249267578125,0.00476837158203125,-0.0073261260986328125,-0.0024423599243164062,0.20268630981445312,-0.0073261260986328125,-0.021978378295898438,-0.0073261260986328125,-0.07570171356201172,-1.4017086029052734,7.6923065185546875,-1.7264957427978516,0.10988998413085938,-0.10988998413085938,0.0,-1.6778771003462867,6.943222472928355,-1.6587269946825252,0.003793471247895471,-0.005798149937390621
47,2,heldout,3,1,0.3490658503988659,1.4897119050001493,3,s,af3726fcacd0ac1320a56ea850b0a2c0f5430cf4eb20a45c078706980f08407e,d24fbe3839599a6a097188bae8cd47ce8083f27deef1341ae3086bf0d5a45bd1,87f63c0590d05baea263cdc42c6e1df2d063fa2def309ecb0283f3036bf33d46,87f63c0590d05baea263cdc42c6e1df2d063fa2def309ecb0283f3036bf33d46,1787977976.3496575,36560.218,18280166,0,0.9584569931030273,1.0412378311157227,1.3006410598754883,0.00057220458984375,-0.00324249267578125,0.00476837158203125,-0.0073261260986328125,-0.0024423599243164062,0.19780254364013672,-0.0073261260986328125,-0.021978378295898438,-0.0073261260986328125,-0.07570171356201172,-1.3880348205566406,7.678630828857422,-1.7264957427978516,0.10988998413085938,-0.10988998413085938,0.0,-1.6728967398956602,6.938242112477728,-1.6578125284364955,0.0038099413453315687,-0.005796549625283421
47,2,heldout,3,1,0.3490658503988659,1.4916363269949215,3,s,af3726fcacd0ac1320a56ea850b0a2c0f5430cf4eb20a45c078706980f08407e,d24fbe3839599a6a097188bae8cd47ce8083f27deef1341ae3086bf0d5a45bd1,87f63c0590d05baea263cdc42c6e1df2d063fa2def309ecb0283f3036bf33d46,87f63c0590d05baea263cdc42c6e1df2d063fa2def309ecb0283f3036bf33d46,1787977976.3514967,36560.22,18280167,0,0.9584569931030273,1.0412378311157227,1.3014039993286133,0.00057220458984375,-0.00324249267578125,0.00476837158203125,-0.0073261260986328125,-0.0024423599243164062,0.1929178237915039,-0.021978378295898438,0.0073261260986328125,-0.0073261260986328125,-0.08058643341064453,-1.4017086029052734,7.678630828857422,-1.7264957427978516,0.10988998413085938,-0.10988998413085938,0.0,-1.6695714509571176,6.934916823539184,-1.6572016779811922,0.0038209186395233314,-0.0057954785328710266
47,2,heldout,3,1,0.3490658503988659,1.4934914499972365,3,s,af3726fcacd0ac1320a56ea850b0a2c0f5430cf4eb20a45c078706980f08407e,d24fbe3839599a6a097188bae8cd47ce8083f27deef1341ae3086bf0d5a45bd1,87f63c0590d05baea263cdc42c6e1df2d063fa2def309ecb0283f3036bf33d46,87f63c0590d05baea263cdc42c6e1df2d063fa2def309ecb0283f3036bf33d46,1787977976.3533998,36560.222,18280168,0,0.9584569931030273,1.0412378311157227,1.3021669387817383,0.00057220458984375,-0.00324249267578125,0.00476837158203125,-0.0073261260986328125,-0.0024423599243164062,0.1929178237915039,-0.0073261260986328125,0.0073261260986328125,-0.0073261260986328125,-0.08058643341064453,-1.3880348205566406,7.623931884765625,-1.7216119766235352,0.10988998413085938,-0.10988998413085938,0.0,-1.6662421253659032,6.931587497947971,-1.6565898629076032,0.003831893709647838,-0.005794404067046304
47,2,heldout,3,1,0.3490658503988659,1.4953809020007611,3,s,af3726fcacd0ac1320a56ea850b0a2c0f5430cf4eb20a45c078706980f08407e,d24fbe3839599a6a097188bae8cd47ce8083f27deef1341ae3086bf0d5a45bd1,87f63c0590d05baea263cdc42c6e1df2d063fa2def309ecb0283f3036bf33d46,87f63c0590d05baea263cdc42c6e1df2d063fa2def309ecb0283f3036bf33d46,1787977976.355282,36560.224,18280169,0,0.9584569931030273,1.0412378311157227,1.3029298782348633,0.00057220458984375,-0.00324249267578125,0.00476837158203125,-0.0073261260986328125,-0.0024423599243164062,0.1929178237915039,-0.021978378295898438,-0.0073261260986328125,-0.0073261260986328125,-0.08058643341064453,-1.374359130859375,7.623931884765625,-1.7167272567749023,0.10988998413085938,-0.10988998413085938,0.0,-1.6629087650599372,6.928254137642004,-1.6559770835718501,0.0038428665493167547,-0.0057933262284346745
47,2,heldout,3,1,0.3490658503988659,1.4972593929996947,3,s,af3726fcacd0ac1320a56ea850b0a2c0f5430cf4eb20a45c078706980f08407e,d24fbe3839599a6a097188bae8cd47ce8083f27deef1341ae3086bf0d5a45bd1,87f63c0590d05baea263cdc42c6e1df2d063fa2def309ecb0283f3036bf33d46,87f63c0590d05baea263cdc42c6e1df2d063fa2def309ecb0283f3036bf33d46,1787977976.357145,36560.225999999995,18280170,0,0.9584569931030273,1.0412378311157227,1.3036928176879883,0.00057220458984375,-0.00324249267578125,0.00476837158203125,0.0073261260986328125,-0.0024423599243164062,0.1929178237915039,-0.0073261260986328125,-0.021978378295898438,-0.0073261260986328125,-0.07570171356201172,-1.374359130859375,7.651283264160156,-1.7167272567749023,0.10988998413085938,-0.10988998413085938,0.0,-1.6595713719794907,6.924916744561558,-1.6553633403306183,0.0038538371521430505,-0.005792245017663519
47,2,heldout,3,1,0.3490658503988659,1.499118201994861,3,s,af3726fcacd0ac1320a56ea850b0a2c0f5430cf4eb20a45c078706980f08407e,d24fbe3839599a6a097188bae8cd47ce8083f27deef1341ae3086bf0d5a45bd1,87f63c0590d05baea263cdc42c6e1df2d063fa2def309ecb0283f3036bf33d46,87f63c0590d05baea263cdc42c6e1df2d063fa2def309ecb0283f3036bf33d46,1787977976.3596127,36560.227999999996,18280171,0,0.9584569931030273,1.0412378311157227,1.3044557571411133,0.00057220458984375,-0.00324249267578125,0.00476837158203125,-0.0073261260986328125,-0.0024423599243164062,0.1929178237915039,-0.0073261260986328125,-0.0073261260986328125,-0.0073261260986328125,-0.07570171356201172,-1.374359130859375,7.610256195068359,-1.7167272567749023,0.10988998413085938,-0.10988998413085938,0.0,-1.6562299480671838,6.921575320649252,-1.6547486335411539,0.0038648055117409936,-0.00579116043536219
47,2,heldout,3,1,0.3490658503988659,1.5015937079951982,3,s,af3726fcacd0ac1320a56ea850b0a2c0f5430cf4eb20a45c078706980f08407e,d24fbe3839599a6a097188bae8cd47ce8083f27deef1341ae3086bf0d5a45bd1,87f63c0590d05baea263cdc42c6e1df2d063fa2def309ecb0283f3036bf33d46,87f63c0590d05baea263cdc42c6e1df2d063fa2def309ecb0283f3036bf33d46,1787977976.361579,36560.229999999996,18280172,0,0.9584569931030273,1.0412378311157227,1.3052186965942383,0.00057220458984375,-0.00324249267578125,0.00476837158203125,-0.0073261260986328125,-0.0024423599243164062,0.1880340576171875,-0.021978378295898438,0.021978378295898438,-0.0073261260986328125,-0.07570171356201172,-1.374359130859375,7.5692291259765625,-1.7167272567749023,0.10988998413085938,-0.10988998413085938,0.0,-1.6528844952679764,6.9182298678500445,-1.6541329635612616,0.003875771621726158,-0.005790072482161995
47,2,heldout,3,1,0.3490658503988659,1.5035642189977807,3,s,af3726fcacd0ac1320a56ea850b0a2c0f5430cf4eb20a45c078706980f08407e,d24fbe3839599a6a097188bae8cd47ce8083f27deef1341ae3086bf0d5a45bd1,87f63c0590d05baea263cdc42c6e1df2d063fa2def309ecb0283f3036bf33d46,87f63c0590d05baea263cdc42c6e1df2d063fa2def309ecb0283f3036bf33d46,1787977976.3635051,36560.231999999996,18280173,0,0.9584569931030273,1.0412378311157227,1.3059816360473633,0.00057220458984375,-0.00324249267578125,0.00476837158203125,-0.0073261260986328125,-0.0024423599243164062,0.1929178237915039,-0.0073261260986328125,0.0073261260986328125,-0.0073261260986328125,-0.07570171356201172,-1.374359130859375,7.5555572509765625,-1.711843490600586,0.10988998413085938,-0.10988998413085938,0.0,-1.6495350155291846,6.914880388111253,-1.6535163307493104,0.0038867354757154277,-0.005788981158696206
47,2,heldout,3,1,0.3490658503988659,1.5054846829953021,3,s,af3726fcacd0ac1320a56ea850b0a2c0f5430cf4eb20a45c078706980f08407e,d24fbe3839599a6a097188bae8cd47ce8083f27deef1341ae3086bf0d5a45bd1,87f63c0590d05baea263cdc42c6e1df2d063fa2def309ecb0283f3036bf33d46,87f63c0590d05baea263cdc42c6e1df2d063fa2def309ecb0283f3036bf33d46,1787977976.3654058,36560.234,18280174,0,0.9584569931030273,1.0412378311157227,1.3067445755004883,0.00057220458984375,-0.00324249267578125,0.00476837158203125,-0.021978378295898438,-0.0024423599243164062,0.1880340576171875,-0.0073261260986328125,-0.0073261260986328125,-0.0073261260986328125,-0.08058643341064453,-1.3606834411621094,7.596580505371094,-1.7069597244262695,0.10988998413085938,-0.11477375030517578,0.0,-1.6461815108004585,6.9115268833825265,-1.6528987354642262,0.0038976970673270032,-0.005787886465600057
47,2,heldout,3,1,0.3490658503988659,1.5073801819962682,3,s,af3726fcacd0ac1320a56ea850b0a2c0f5430cf4eb20a45c078706980f08407e,d24fbe3839599a6a097188bae8cd47ce8083f27deef1341ae3086bf0d5a45bd1,87f63c0590d05baea263cdc42c6e1df2d063fa2def309ecb0283f3036bf33d46,87f63c0590d05baea263cdc42c6e1df2d063fa2def309ecb0283f3036bf33d46,1787977976.3672907,36560.236,18280175,0,0.9584569931030273,1.0412378311157227,1.3075075149536133,0.00057220458984375,-0.00324249267578125,0.00476837158203125,-0.0073261260986328125,-0.0024423599243164062,0.1831502914428711,-0.0073261260986328125,-0.0073261260986328125,-0.0073261260986328125,-0.07570171356201172,-1.3606834411621094,7.610256195068359,-1.7069597244262695,0.10988998413085938,-0.11477375030517578,0.0,-1.6428239830337994,6.9081693556158665,-1.652280178065498,0.003908656390180394,-0.005786788403510744
47,2,heldout,3,1,0.3490658503988659,1.509271085000364,3,s,af3726fcacd0ac1320a56ea850b0a2c0f5430cf4eb20a45c078706980f08407e,d24fbe3839599a6a097188bae8cd47ce8083f27deef1341ae3086bf0d5a45bd1,87f63c0590d05baea263cdc42c6e1df2d063fa2def309ecb0283f3036bf33d46,87f63c0590d05baea263cdc42c6e1df2d063fa2def309ecb0283f3036bf33d46,1787977976.3691792,36560.238,18280176,0,0.9584569931030273,1.0412378311157227,1.3082704544067383,0.00057220458984375,-0.00324249267578125,0.00476837158203125,-0.0073261260986328125,-0.0024423599243164062,0.1880340576171875,-0.0073261260986328125,-0.0073261260986328125,-0.0073261260986328125,-0.07570171356201172,-1.3606834411621094,7.637607574462891,-1.7069597244262695,0.10988998413085938,-0.10988998413085938,0.0,-1.6394624341835364,6.904807806765604,-1.651660658913173,0.0039196134378964385,-0.005785686973067423
47,2,heldout,3,1,0.3490658503988659,1.5111599029987701,3,s,af3726fcacd0ac1320a56ea850b0a2c0f5430cf4eb20a45c078706980f08407e,d24fbe3839599a6a097188bae8cd47ce8083f27deef1341ae3086bf0d5a45bd1,87f63c0590d05baea263cdc42c6e1df2d063fa2def309ecb0283f3036bf33d46,87f63c0590d05baea263cdc42c6e1df2d063fa2def309ecb0283f3036bf33d46,1787977976.371637,36560.24,18280177,0,0.9584569931030273,1.0412378311157227,1.3090333938598633,0.00057220458984375,-0.00324249267578125,0.00476837158203125,-0.0073261260986328125,-0.0024423599243164062,0.1880340576171875,-0.0073261260986328125,-0.0073261260986328125,-0.0073261260986328125,-0.08058643341064453,-1.3606834411621094,7.528205871582031,-1.7069597244262695,0.10988998413085938,-0.10988998413085938,0.0,-1.636096866206355,6.901442238788423,-1.6510401783678588,0.0039305682040972935,-0.005784582174911211
47,2,heldout,3,1,0.3490658503988659,1.5136447949989815,3,s,af3726fcacd0ac1320a56ea850b0a2c0f5430cf4eb20a45c078706980f08407e,d24fbe3839599a6a097188bae8cd47ce8083f27deef1341ae3086bf0d5a45bd1,87f63c0590d05baea263cdc42c6e1df2d063fa2def309ecb0283f3036bf33d46,87f63c0590d05baea263cdc42c6e1df2d063fa2def309ecb0283f3036bf33d46,1787977976.3735812,36560.242,18280178,0,0.9584569931030273,1.0412378311157227,1.3097963333129883,0.00057220458984375,-0.00324249267578125,0.00476837158203125,-0.021978378295898438,-0.0024423599243164062,0.1929178237915039,-0.0073261260986328125,-0.0073261260986328125,-0.0073261260986328125,-0.08058643341064453,-1.3470077514648438,7.541881561279297,-1.7069597244262695,0.10988998413085938,-0.10988998413085938,0.0,-1.6327272810612705,6.898072653643337,-1.6504187367907222,0.003941520682406448,-0.0057834740096851835
47,2,heldout,3,1,0.3490658503988659,1.515562559994578,3,s,af3726fcacd0ac1320a56ea850b0a2c0f5430cf4eb20a45c078706980f08407e,d24fbe3839599a6a097188bae8cd47ce8083f27deef1341ae3086bf0d5a45bd1,87f63c0590d05baea263cdc42c6e1df2d063fa2def309ecb0283f3036bf33d46,87f63c0590d05baea263cdc42c6e1df2d063fa2def309ecb0283f3036bf33d46,1787977976.3754888,36560.244,18280179,0,0.9584569931030273,1.0412378311157227,1.3105592727661133,0.00057220458984375,-0.00324249267578125,0.00476837158203125,0.0073261260986328125,-0.0024423599243164062,0.1929178237915039,0.0073261260986328125,-0.0073261260986328125,-0.0073261260986328125,-0.08058643341064453,-1.3470077514648438,7.5008544921875,-1.7069597244262695,0.10988998413085938,-0.10988998413085938,0.0,-1.62935368070964,6.894699053291708,-1.64979633454349,0.003952470866448723,-0.005782362478034377
47,2,heldout,3,1,0.3490658503988659,1.5174713779997546,3,s,af3726fcacd0ac1320a56ea850b0a2c0f5430cf4eb20a45c078706980f08407e,d24fbe3839599a6a097188bae8cd47ce8083f27deef1341ae3086bf0d5a45bd1,87f63c0590d05baea263cdc42c6e1df2d063fa2def309ecb0283f3036bf33d46,87f63c0590d05baea263cdc42c6e1df2d063fa2def309ecb0283f3036bf33d46,1787977976.3774133,36560.246,18280180,0,0.9584569931030273,1.0412378311157227,1.3113222122192383,0.00057220458984375,-0.00324249267578125,0.00476837158203125,-0.021978378295898438,-0.0024423599243164062,0.19780254364013672,-0.0073261260986328125,-0.0073261260986328125,-0.0073261260986328125,-0.08058643341064453,-1.3470077514648438,7.473503112792969,-1.711843490600586,0.10500621795654297,-0.10988998413085938,0.0,-1.625976067115163,6.891321439697229,-1.6491729719884491,0.003963418749850267,-0.005781247580605792
47,2,heldout,3,1,0.3490658503988659,1.5193948079977417,3,s,af3726fcacd0ac1320a56ea850b0a2c0f5430cf4eb20a45c078706980f08407e,d24fbe3839599a6a097188bae8cd47ce8083f27deef1341ae3086bf0d5a45bd1,87f63c0590d05baea263cdc42c6e1df2d063fa2def309ecb0283f3036bf33d46,87f63c0590d05baea263cdc42c6e1df2d063fa2def309ecb0283f3036bf33d46,1787977976.3793106,36560.248,18280181,0,0.9584569931030273,1.0412378311157227,1.3120851516723633,0.00057220458984375,-0.00324249267578125,0.00476837158203125,-0.0073261260986328125,-0.0024423599243164062,0.19780254364013672,0.0073261260986328125,-0.021978378295898438,-0.0073261260986328125,-0.07570171356201172,-1.3470077514648438,7.459827423095703,-1.711843490600586,0.10500621795654297,-0.10988998413085938,0.0,-1.6225944422438616,6.88793981482593,-1.6485486494884438,0.003974364326238575,-0.005780129318048384
47,2,heldout,3,1,0.3490658503988659,1.521289671996783,3,s,af3726fcacd0ac1320a56ea850b0a2c0f5430cf4eb20a45c078706980f08407e,d24fbe3839599a6a097188bae8cd47ce8083f27deef1341ae3086bf0d5a45bd1,87f63c0590d05baea263cdc42c6e1df2d063fa2def309ecb0283f3036bf33d46,87f63c0590d05baea263cdc42c6e1df2d063fa2def309ecb0283f3036bf33d46,1787977976.3812177,36560.25,18280182,0,0.9584569931030273,1.0412378311157227,1.3128480911254883,0.00057220458984375,-0.00324249267578125,0.00476837158203125,-0.0073261260986328125,-0.0024423599243164062,0.19780254364013672,0.0073261260986328125,-0.0073261260986328125,-0.0073261260986328125,-0.07570171356201172,-1.3470077514648438,7.487178802490234,-1.7167272567749023,0.10500621795654297,-0.10988998413085938,0.0,-1.6192088080641034,6.884554180646171,-1.6479233674068758,0.003985307589242488,-0.005779007691013061
47,2,heldout,3,1,0.3490658503988659,1.5231965729981312,3,s,af3726fcacd0ac1320a56ea850b0a2c0f5430cf4eb20a45c078706980f08407e,d24fbe3839599a6a097188bae8cd47ce8083f27deef1341ae3086bf0d5a45bd1,87f63c0590d05baea263cdc42c6e1df2d063fa2def309ecb0283f3036bf33d46,87f63c0590d05baea263cdc42c6e1df2d063fa2def309ecb0283f3036bf33d46,1787977976.3837252,36560.252,18280183,0,0.9584569931030273,1.0412378311157227,1.3136110305786133,0.00057220458984375,-0.00324249267578125,0.00476837158203125,-0.021978378295898438,-0.0024423599243164062,0.1929178237915039,0.0073261260986328125,-0.0073261260986328125,-0.0073261260986328125,-0.07570171356201172,-1.333333969116211,7.473503112792969,-1.7167272567749023,0.10988998413085938,-0.10988998413085938,0.0,-1.6158191665465875,6.8811645391286556,-1.6472971261077098,0.003996248532492183,-0.005777882700152704
47,2,heldout,3,1,0.3490658503988659,1.5257080719966325,3,s,af3726fcacd0ac1320a56ea850b0a2c0f5430cf4eb20a45c078706980f08407e,d24fbe3839599a6a097188bae8cd47ce8083f27deef1341ae3086bf0d5a45bd1,87f63c0590d05baea263cdc42c6e1df2d063fa2def309ecb0283f3036bf33d46,87f63c0590d05baea263cdc42c6e1df2d063fa2def309ecb0283f3036bf33d46,1787977976.3856697,36560.254,18280184,0,0.9584569931030273,1.0412378311157227,1.3143739700317383,0.00057220458984375,-0.00324249267578125,0.00476837158203125,0.0073261260986328125,-0.0024423599243164062,0.1880340576171875,-0.0073261260986328125,0.0073261260986328125,-0.0073261260986328125,-0.08058643341064453,-1.333333969116211,7.4324798583984375,-1.7167272567749023,0.10988998413085938,-0.11477375030517578,0.0,-1.6124255196643447,6.877770892246412,-1.646669925955464,0.004007187149619194,-0.005776754346122138
47,2,heldout,3,1,0.3490658503988659,1.5276502199994866,3,s,af3726fcacd0ac1320a56ea850b0a2c0f5430cf4eb20a45c078706980f08407e,d24fbe3839599a6a097188bae8cd47ce8083f27deef1341ae3086bf0d5a45bd1,87f63c0590d05baea263cdc42c6e1df2d063fa2def309ecb0283f3036bf33d46,87f63c0590d05baea263cdc42c6e1df2d063fa2def309ecb0283f3036bf33d46,1787977976.387565,36560.256,18280185,0,0.9584569931030273,1.0412378311157227,1.3151369094848633,0.00057220458984375,-0.00324249267578125,0.00476837158203125,-0.0073261260986328125,-0.0024423599243164062,0.1880340576171875,-0.0073261260986328125,-0.021978378295898438,-0.0073261260986328125,-0.08058643341064453,-1.333333969116211,7.377777099609375,-1.7167272567749023,0.10988998413085938,-0.10988998413085938,0.0,-1.6090278693927333,6.8743732419748,-1.6460417673152175,0.004018123434256416,-0.005775622629578151
47,2,heldout,3,1,0.3490658503988659,1.5295416769949952,3,s,af3726fcacd0ac1320a56ea850b0a2c0f5430cf4eb20a45c078706980f08407e,d24fbe3839599a6a097188bae8cd47ce8083f27deef1341ae3086bf0d5a45bd1,87f63c0590d05baea263cdc42c6e1df2d063fa2def309ecb0283f3036bf33d46,87f63c0590d05baea263cdc42c6e1df2d063fa2def309ecb0283f3036bf33d46,1787977976.3894613,36560.258,18280186,0,0.9584569931030273,1.0412378311157227,1.3162813186645508,0.00057220458984375,-0.00324249267578125,0.00476837158203125,-0.0073261260986328125,-0.0024423599243164062,0.1929178237915039,0.0073261260986328125,0.0073261260986328125,-0.0073261260986328125,-0.07570171356201172,-1.333333969116211,7.336753845214844,-1.7167272567749023,0.10988998413085938,-0.11477375030517578,0.0,-1.6039238919570995,6.8692692645391675,-1.6450977329898304,0.004034523473869161,-0.00577391875149106
47,2,heldout,3,1,0.3490658503988659,1.531443957996089,3,s,af3726fcacd0ac1320a56ea850b0a2c0f5430cf4eb20a45c078706980f08407e,d24fbe3839599a6a097188bae8cd47ce8083f27deef1341ae3086bf0d5a45bd1,87f63c0590d05baea263cdc42c6e1df2d063fa2def309ecb0283f3036bf33d46,87f63c0590d05baea263cdc42c6e1df2d063fa2def309ecb0283f3036bf33d46,1787977976.391578,36560.259999999995,18280187,0,0.9584569931030273,1.0412378311157227,1.3170442581176758,0.00057220458984375,-0.00324249267578125,0.00476837158203125,-0.0073261260986328125,-0.0024423599243164062,0.20268630981445312,-0.0073261260986328125,-0.0073261260986328125,-0.0073261260986328125,-0.08058643341064453,-1.333333969116211,7.350425720214844,-1.7167272567749023,0.10988998413085938,-0.10988998413085938,0.0,-1.6005162418695786,6.865861614451646,-1.644467179730463,0.004045453899434693,-0.005772778631549823
47,2,heldout,3,1,0.3490658503988659,1.5335877309989883,3,s,af3726fcacd0ac1320a56ea850b0a2c0f5430cf4eb20a45c078706980f08407e,d24fbe3839599a6a097188bae8cd47ce8083f27deef1341ae3086bf0d5a45bd1,87f63c0590d05baea263cdc42c6e1df2d063fa2def309ecb0283f3036bf33d46,87f63c0590d05baea263cdc42c6e1df2d063fa2def309ecb0283f3036bf33d46,1787977976.3935187,36560.261999999995,18280188,0,0.9584569931030273,1.0412378311157227,1.3178071975708008,0.00057220458984375,-0.00324249267578125,0.00476837158203125,-0.0073261260986328125,-0.0024423599243164062,0.20268630981445312,-0.0073261260986328125,-0.0073261260986328125,-0.0073261260986328125,-0.08058643341064453,-1.3196582794189453,7.377777099609375,-1.7167272567749023,0.10988998413085938,-0.10988998413085938,0.0,-1.597104595324802,6.86244996790687,-1.643835669265262,0.004056381970236252,-0.005771635151409335
47,2,heldout,3,1,0.3490658503988659,1.5354979389958316,3,s,af3726fcacd0ac1320a56ea850b0a2c0f5430cf4eb20a45c078706980f08407e,d24fbe3839599a6a097188bae8cd47ce8083f27deef1341ae3086bf0d5a45bd1,87f63c0590d05baea263cdc42c6e1df2d063fa2def309ecb0283f3036bf33d46,87f63c0590d05baea263cdc42c6e1df2d063fa2def309ecb0283f3036bf33d46,1787977976.395409,36560.263999999996,18280189,0,0.9584569931030273,1.0412378311157227,1.3185701370239258,0.00057220458984375,-0.00324249267578125,0.00476837158203125,0.0073261260986328125,-0.0024423599243164062,0.20268630981445312,-0.0073261260986328125,0.0073261260986328125,-0.0073261260986328125,-0.08058643341064453,-1.3059825897216797,7.418804168701172,-1.7167272567749023,0.10988998413085938,-0.10988998413085938,0.0,-1.593688954308614,6.859034326890681,-1.6432032019618152,0.004067307679912858,-0.005770488311735195
47,2,heldout,3,1,0.3490658503988659,1.537387715994555,3,s,af3726fcacd0ac1320a56ea850b0a2c0f5430cf4eb20a45c078706980f08407e,d24fbe3839599a6a097188bae8cd47ce8083f27deef1341ae3086bf0d5a45bd1,87f63c0590d05baea263cdc42c6e1df2d063fa2def309ecb0283f3036bf33d46,87f63c0590d05baea263cdc42c6e1df2d063fa2def309ecb0283f3036bf33d46,1787977976.397354,36560.265999999996,18280190,0,0.9584569931030273,1.0412378311157227,1.3193330764770508,0.00057220458984375,-0.00324249267578125,0.00476837158203125,-0.0073261260986328125,-0.0024423599243164062,0.19780254364013672,-0.0073261260986328125,-0.0073261260986328125,-0.0073261260986328125,-0.08058643341064453,-1.292306900024414,7.541881561279297,-1.711843490600586,0.10988998413085938,-0.10988998413085938,0.0,-1.5902693208091743,6.855614693391241,-1.6425697781882667,0.0040782310221049185,-0.005769338113194948
47,2,heldout,3,1,0.3490658503988659,1.539333953995083,3,s,af3726fcacd0ac1320a56ea850b0a2c0f5430cf4eb20a45c078706980f08407e,d24fbe3839599a6a097188bae8cd47ce8083f27deef1341ae3086bf0d5a45bd1,87f63c0590d05baea263cdc42c6e1df2d063fa2def309ecb0283f3036bf33d46,87f63c0590d05baea263cdc42c6e1df2d063fa2def309ecb0283f3036bf33d46,1787977976.399261,36560.268,18280191,0,0.9584569931030273,1.0412378311157227,1.3200960159301758,0.00057220458984375,-0.00324249267578125,0.00476837158203125,-0.0073261260986328125,-0.0024423599243164062,0.1831502914428711,-0.0073261260986328125,-0.0073261260986328125,-0.0073261260986328125,-0.08058643341064453,-1.292306900024414,7.637607574462891,-1.711843490600586,0.10988998413085938,-0.10988998413085938,0.0,-1.5868456968169735,6.852191069399041,-1.6419353983133178,0.004089151990454213,-0.005768184556458096
47,2,heldout,3,1,0.3490658503988659,1.5412383149960078,3,s,af3726fcacd0ac1320a56ea850b0a2c0f5430cf4eb20a45c078706980f08407e,d24fbe3839599a6a097188bae8cd47ce8083f27deef1341ae3086bf0d5a45bd1,87f63c0590d05baea263cdc42c6e1df2d063fa2def309ecb0283f3036bf33d46,87f63c0590d05baea263cdc42c6e1df2d063fa2def309ecb0283f3036bf33d46,1787977976.4011579,36560.27,18280192,0,0.9584569931030273,1.0412378311157227,1.3208589553833008,0.00057220458984375,-0.00324249267578125,0.00476837158203125,-0.0073261260986328125,-0.0024423599243164062,0.17338180541992188,-0.0073261260986328125,-0.0073261260986328125,-0.0073261260986328125,-0.08058643341064453,-1.3059825897216797,7.610256195068359,-1.711843490600586,0.10988998413085938,-0.10988998413085938,0.0,-1.5834180843248256,6.848763456906893,-1.6413000627062262,0.004100070578603895,-0.005767027642196104
47,2,heldout,3,1,0.3490658503988659,1.5431338239941397,3,s,af3726fcacd0ac1320a56ea850b0a2c0f5430cf4eb20a45c078706980f08407e,d24fbe3839599a6a097188bae8cd47ce8083f27deef1341ae3086bf0d5a45bd1,87f63c0590d05baea263cdc42c6e1df2d063fa2def309ecb0283f3036bf33d46,87f63c0590d05baea263cdc42c6e1df2d063fa2def309ecb0283f3036bf33d46,1787977976.4035976,36560.272,18280193,0,0.9584569931030273,1.0412378311157227,1.3216218948364258,0.00057220458984375,-0.00324249267578125,0.00476837158203125,-0.021978378295898438,-0.0024423599243164062,0.17338180541992188,-0.021978378295898438,-0.0073261260986328125,-0.0073261260986328125,-0.08058643341064453,-1.3059825897216797,7.459827423095703,-1.7020759582519531,0.10988998413085938,-0.10988998413085938,0.0,-1.5799864853278598,6.845331857909927,-1.6406637717368056,0.004110986780198515,-0.005765867371082374
47,2,heldout,3,1,0.3490658503988659,1.54557204899902,3,s,af3726fcacd0ac1320a56ea850b0a2c0f5430cf4eb20a45c078706980f08407e,d24fbe3839599a6a097188bae8cd47ce8083f27deef1341ae3086bf0d5a45bd1,87f63c0590d05baea263cdc42c6e1df2d063fa2def309ecb0283f3036bf33d46,87f63c0590d05baea263cdc42c6e1df2d063fa2def309ecb0283f3036bf33d46,1787977976.4055498,36560.274,18280194,0,0.9584569931030273,1.0412378311157227,1.3223848342895508,0.00057220458984375,-0.00324249267578125,0.00476837158203125,-0.0073261260986328125,-0.0024423599243164062,0.1782665252685547,-0.0073261260986328125,0.0073261260986328125,-0.0073261260986328125,-0.08058643341064453,-1.3059825897216797,7.418804168701172,-1.7020759582519531,0.10988998413085938,-0.10988998413085938,0.0,-1.57655090182353,6.841896274405597,-1.640026525775427,0.004121900588884005,-0.005764703743792282
47,2,heldout,3,1,0.3490658503988659,1.5475346379971597,3,s,af3726fcacd0ac1320a56ea850b0a2c0f5430cf4eb20a45c078706980f08407e,d24fbe3839599a6a097188bae8cd47ce8083f27deef1341ae3086bf0d5a45bd1,87f63c0590d05baea263cdc42c6e1df2d063fa2def309ecb0283f3036bf33d46,87f63c0590d05baea263cdc42c6e1df2d063fa2def309ecb0283f3036bf33d46,1787977976.407525,36560.276,18280195,0,0.9584569931030273,1.0412378311157227,1.3231477737426758,0.00057220458984375,-0.00324249267578125,0.00476837158203125,-0.0073261260986328125,-0.0024423599243164062,0.1929178237915039,-0.021978378295898438,0.0073261260986328125,-0.0073261260986328125,-0.07570171356201172,-1.292306900024414,7.350425720214844,-1.7020759582519531,0.10988998413085938,-0.10988998413085938,0.0,-1.5731113358116142,6.838456708393681,-1.639388325193016,0.004132811998307692,-0.0057635367610031464
47,2,heldout,3,1,0.3490658503988659,1.5495088359966758,3,s,af3726fcacd0ac1320a56ea850b0a2c0f5430cf4eb20a45c078706980f08407e,d24fbe3839599a6a097188bae8cd47ce8083f27deef1341ae3086bf0d5a45bd1,87f63c0590d05baea263cdc42c6e1df2d063fa2def309ecb0283f3036bf33d46,87f63c0590d05baea263cdc42c6e1df2d063fa2def309ecb0283f3036bf33d46,1787977976.4094443,36560.278,18280196,0,0.9584569931030273,1.0412378311157227,1.3239107131958008,0.00057220458984375,-0.00324249267578125,0.00476837158203125,0.0073261260986328125,-0.0024423599243164062,0.1929178237915039,-0.021978378295898438,-0.021978378295898438,-0.0073261260986328125,-0.08058643341064453,-1.292306900024414,7.3094024658203125,-1.6971912384033203,0.10500621795654297,-0.10988998413085938,0.0,-1.5696677892941964,6.8350131618762635,-1.6387491703610533,0.004143721002118303,-0.005762366423394238
47,2,heldout,3,1,0.3490658503988659,1.5514228350002668,3,s,af3726fcacd0ac1320a56ea850b0a2c0f5430cf4eb20a45c078706980f08407e,d24fbe3839599a6a097188bae8cd47ce8083f27deef1341ae3086bf0d5a45bd1,87f63c0590d05baea263cdc42c6e1df2d063fa2def309ecb0283f3036bf33d46,87f63c0590d05baea263cdc42c6e1df2d063fa2def309ecb0283f3036bf33d46,1787977976.4113283,36560.28,18280197,0,0.9584569931030273,1.0412378311157227,1.3246736526489258,0.00057220458984375,-0.00324249267578125,0.00476837158203125,-0.021978378295898438,-0.0024423599243164062,0.19780254364013672,-0.0073261260986328125,-0.021978378295898438,-0.0073261260986328125,-0.08058643341064453,-1.292306900024414,7.3094024658203125,-1.692307472229004,0.10500621795654297,-0.10988998413085938,0.0,-1.5662202642756864,6.831565636857754,-1.6381090616515768,0.004154627593965958,-0.005761192731646784
47,2,heldout,3,1,0.3490658503988659,1.553325358996517,3,s,af3726fcacd0ac1320a56ea850b0a2c0f5430cf4eb20a45c078706980f08407e,d24fbe3839599a6a097188bae8cd47ce8083f27deef1341ae3086bf0d5a45bd1,87f63c0590d05baea263cdc42c6e1df2d063fa2def309ecb0283f3036bf33d46,87f63c0590d05baea263cdc42c6e1df2d063fa2def309ecb0283f3036bf33d46,1787977976.41324,36560.282,18280198,0,0.9584569931030273,1.0412378311157227,1.3254365921020508,0.00057220458984375,-0.00324249267578125,0.00476837158203125,-0.021978378295898438,-0.0024423599243164062,0.1929178237915039,0.0073261260986328125,-0.0073261260986328125,-0.0073261260986328125,-0.08058643341064453,-1.292306900024414,7.336753845214844,-1.692307472229004,0.10988998413085938,-0.11477375030517578,0.0,-1.5627687627628106,6.828114135344877,-1.6374679994371781,0.00416553176750219,-0.005760015686443962
47,2,heldout,3,1,0.3490658503988659,1.555220049995114,3,s,af3726fcacd0ac1320a56ea850b0a2c0f5430cf4eb20a45c078706980f08407e,d24fbe3839599a6a097188bae8cd47ce8083f27deef1341ae3086bf0d5a45bd1,87f63c0590d05baea263cdc42c6e1df2d063fa2def309ecb0283f3036bf33d46,87f63c0590d05baea263cdc42c6e1df2d063fa2def309ecb0283f3036bf33d46,1787977976.4152014,36560.284,18280199,0,0.9584569931030273,1.0412378311157227,1.3261995315551758,0.00057220458984375,-0.00324249267578125,0.00476837158203125,-0.021978378295898438,-0.0024423599243164062,0.1831502914428711,0.0073261260986328125,0.0073261260986328125,-0.0073261260986328125,-0.08058643341064453,-1.292306900024414,7.364101409912109,-1.6971912384033203,0.10988998413085938,-0.10988998413085938,0.0,-1.559313286764602,6.824658659346669,-1.636825984091005,0.004176433516379934,-0.005758835288470902
47,2,heldout,3,1,0.3490658503988659,1.5571817039963207,3,s,af3726fcacd0ac1320a56ea850b0a2c0f5430cf4eb20a45c078706980f08407e,d24fbe3839599a6a097188bae8cd47ce8083f27deef1341ae3086bf0d5a45bd1,87f63c0590d05baea263cdc42c6e1df2d063fa2def309ecb0283f3036bf33d46,87f63c0590d05baea263cdc42c6e1df2d063fa2def309ecb0283f3036bf33d46,1787977976.4176543,36560.286,18280200,0,0.9584569931030273,1.0412378311157227,1.3269624710083008,0.00057220458984375,-0.00324249267578125,0.00476837158203125,0.0073261260986328125,-0.0024423599243164062,0.1782665252685547,-0.0073261260986328125,-0.021978378295898438,-0.0073261260986328125,-0.08058643341064453,-1.2786331176757812,7.391452789306641,-1.7020759582519531,0.10988998413085938,-0.10988998413085938,0.0,-1.5558538382924179,6.821199210874484,-1.63618301598676,0.004187332834253536,-0.0057576515384146895
47,2,heldout,3,1,0.3490658503988659,1.5596348459948786,3,s,af3726fcacd0ac1320a56ea850b0a2c0f5430cf4eb20a45c078706980f08407e,d24fbe3839599a6a097188bae8cd47ce8083f27deef1341ae3086bf0d5a45bd1,87f63c0590d05baea263cdc42c6e1df2d063fa2def309ecb0283f3036bf33d46,87f63c0590d05baea263cdc42c6e1df2d063fa2def309ecb0283f3036bf33d46,1787977976.4195461,36560.288,18280201,0,0.9584569931030273,1.0412378311157227,1.3277254104614258,0.00057220458984375,-0.00324249267578125,0.00476837158203125,-0.0073261260986328125,-0.0024423599243164062,0.1782665252685547,0.0073261260986328125,-0.021978378295898438,-0.0073261260986328125,-0.08058643341064453,-1.292306900024414,7.350425720214844,-1.7020759582519531,0.10988998413085938,-0.10988998413085938,0.0,-1.5523904193599176,6.817735791941985,-1.6355390954986995,0.004198229714778758,-0.005756464436964356
47,2,heldout,3,1,0.3490658503988659,1.561523293996288,3,s,af3726fcacd0ac1320a56ea850b0a2c0f5430cf4eb20a45c078706980f08407e,d24fbe3839599a6a097188bae8cd47ce8083f27deef1341ae3086bf0d5a45bd1,87f63c0590d05baea263cdc42c6e1df2d063fa2def309ecb0283f3036bf33d46,87f63c0590d05baea263cdc42c6e1df2d063fa2def309ecb0283f3036bf33d46,1787977976.4214866,36560.29,18280202,0,0.9584569931030273,1.0412378311157227,1.3284883499145508,0.00057220458984375,-0.00324249267578125,0.00476837158203125,-0.0073261260986328125,-0.0024423599243164062,0.1880340576171875,-0.021978378295898438,0.0073261260986328125,-0.0073261260986328125,-0.08058643341064453,-1.2786331176757812,7.3094024658203125,-1.7069597244262695,0.10988998413085938,-0.10988998413085938,0.0,-1.5489230319830762,6.814268404565143,-1.6348942230016335,0.004209124151612785,-0.005755273984810883
47,2,heldout,3,1,0.3490658503988659,1.5634649119965616,3,s,af3726fcacd0ac1320a56ea850b0a2c0f5430cf4eb20a45c078706980f08407e,d24fbe3839599a6a097188bae8cd47ce8083f27deef1341ae3086bf0d5a45bd1,87f63c0590d05baea263cdc42c6e1df2d063fa2def309ecb0283f3036bf33d46,87f63c0590d05baea263cdc42c6e1df2d063fa2def309ecb0283f3036bf33d46,1787977976.4233885,36560.292,18280203,0,0.9584569931030273,1.0412378311157227,1.3292512893676758,0.00057220458984375,-0.00324249267578125,0.00476837158203125,-0.0073261260986328125,-0.0024423599243164062,0.1929178237915039,0.0073261260986328125,0.0073261260986328125,-0.0073261260986328125,-0.07570171356201172,-1.2649574279785156,7.282051086425781,-1.7069597244262695,0.10988998413085938,-0.10988998413085938,0.0,-1.5454516781801841,6.81079705076225,-1.6342483988709282,0.004220016138414214,-0.005754080182647207
47,2,heldout,3,1,0.3490658503988659,1.5653687109952443,3,s,af3726fcacd0ac1320a56ea850b0a2c0f5430cf4eb20a45c078706980f08407e,d24fbe3839599a6a097188bae8cd47ce8083f27deef1341ae3086bf0d5a45bd1,87f63c0590d05baea263cdc42c6e1df2d063fa2def309ecb0283f3036bf33d46,87f63c0590d05baea263cdc42c6e1df2d063fa2def309ecb0283f3036bf33d46,1787977976.4252813,36560.294,18280204,0,0.9584569931030273,1.0412378311157227,1.3300142288208008,0.00057220458984375,-0.00324249267578125,0.00476837158203125,-0.0073261260986328125,-0.0024423599243164062,0.19780254364013672,-0.0073261260986328125,-0.021978378295898438,-0.0073261260986328125,-0.07570171356201172,-1.25128173828125,7.323078155517578,-1.7069597244262695,0.10988998413085938,-0.10988998413085938,0.0,-1.5419763599718268,6.807321732553895,-1.6336016234825028,0.00423090566884308,-0.005752883031168214
47,2,heldout,3,1,0.3490658503988659,1.5672608249951736,3,s,af3726fcacd0ac1320a56ea850b0a2c0f5430cf4eb20a45c078706980f08407e,d24fbe3839599a6a097188bae8cd47ce8083f27deef1341ae3086bf0d5a45bd1,87f63c0590d05baea263cdc42c6e1df2d063fa2def309ecb0283f3036bf33d46,87f63c0590d05baea263cdc42c6e1df2d063fa2def309ecb0283f3036bf33d46,1787977976.4271564,36560.295999999995,18280205,0,0.9584569931030273,1.0412378311157227,1.3307771682739258,0.00057220458984375,-0.00324249267578125,0.00476837158203125,-0.0073261260986328125,-0.0024423599243164062,0.19780254364013672,0.0073261260986328125,-0.0073261260986328125,-0.0073261260986328125,-0.07570171356201172,-1.25128173828125,7.364101409912109,-1.7020759582519531,0.10988998413085938,-0.10988998413085938,0.0,-1.538497079380914,6.803842451962982,-1.63295389721283,0.0042417927365608395,-0.0057516825310707335
47,2,heldout,3,1,0.3490658503988659,1.5691349579938105,3,s,af3726fcacd0ac1320a56ea850b0a2c0f5430cf4eb20a45c078706980f08407e,d24fbe3839599a6a097188bae8cd47ce8083f27deef1341ae3086bf0d5a45bd1,87f63c0590d05baea263cdc42c6e1df2d063fa2def309ecb0283f3036bf33d46,87f63c0590d05baea263cdc42c6e1df2d063fa2def309ecb0283f3036bf33d46,1787977976.4296968,36560.297999999995,18280206,0,0.9584569931030273,1.0412378311157227,1.3315401077270508,0.00057220458984375,-0.00324249267578125,0.00476837158203125,-0.021978378295898438,-0.0024423599243164062,0.1929178237915039,-0.0073261260986328125,-0.0073261260986328125,-0.0073261260986328125,-0.07570171356201172,-1.2649574279785156,7.350425720214844,-1.7069597244262695,0.10988998413085938,-0.10988998413085938,0.0,-1.53501383843265,6.800359211014718,-1.6323052204389363,0.004252677335230385,-0.005750478683053553
47,2,heldout,3,1,0.3490658503988659,1.5716769989958266,3,s,af3726fcacd0ac1320a56ea850b0a2c0f5430cf4eb20a45c078706980f08407e,d24fbe3839599a6a097188bae8cd47ce8083f27deef1341ae3086bf0d5a45bd1,87f63c0590d05baea263cdc42c6e1df2d063fa2def309ecb0283f3036bf33d46,87f63c0590d05baea263cdc42c6e1df2d063fa2def309ecb0283f3036bf33d46,1787977976.4316294,36560.299999999996,18280207,0,0.9584569931030273,1.0412378311157227,1.3323030471801758,0.00057220458984375,-0.00324249267578125,0.00476837158203125,-0.0073261260986328125,-0.0024423599243164062,0.1880340576171875,-0.0073261260986328125,-0.0073261260986328125,-0.0073261260986328125,-0.07570171356201172,-1.2649574279785156,7.350425720214844,-1.7020759582519531,0.10988998413085938,-0.10988998413085938,0.0,-1.5315266391545468,6.796872011736614,-1.6316555935383998,0.004263559458516046,-0.005749271487817399
47,2,heldout,3,1,0.3490658503988659,1.5736342199961655,3,s,af3726fcacd0ac1320a56ea850b0a2c0f5430cf4eb20a45c078706980f08407e,d24fbe3839599a6a097188bae8cd47ce8083f27deef1341ae3086bf0d5a45bd1,87f63c0590d05baea263cdc42c6e1df2d063fa2def309ecb0283f3036bf33d46,87f63c0590d05baea263cdc42c6e1df2d063fa2def309ecb0283f3036bf33d46,1787977976.433541,36560.301999999996,18280208,0,0.9584569931030273,1.0412378311157227,1.3330659866333008,0.00057220458984375,-0.00324249267578125,0.00476837158203125,-0.0073261260986328125,-0.0024423599243164062,0.1782665252685547,-0.0073261260986328125,-0.0073261260986328125,-0.0073261260986328125,-0.08058643341064453,-1.25128173828125,7.350425720214844,-1.7020759582519531,0.10988998413085938,-0.10988998413085938,0.0,-1.5280354835764218,6.793380856158489,-1.631005016889355,0.004274439100083597,-0.005748060946064958
47,2,heldout,3,1,0.3490658503988659,1.5755218669946771,3,s,af3726fcacd0ac1320a56ea850b0a2c0f5430cf4eb20a45c078706980f08407e,d24fbe3839599a6a097188bae8cd47ce8083f27deef1341ae3086bf0d5a45bd1,87f63c0590d05baea263cdc42c6e1df2d063fa2def309ecb0283f3036bf33d46,87f63c0590d05baea263cdc42c6e1df2d063fa2def309ecb0283f3036bf33d46,1787977976.4354382,36560.304,18280209,0,0.9584569931030273,1.0412378311157227,1.3338289260864258,0.00057220458984375,-0.00324249267578125,0.00476837158203125,-0.0073261260986328125,-0.0024423599243164062,0.1782665252685547,-0.0073261260986328125,-0.0073261260986328125,-0.0073261260986328125,-0.07570171356201172,-1.25128173828125,7.336753845214844,-1.7020759582519531,0.10988998413085938,-0.10988998413085938,0.0,-1.524540373730397,6.789885746312464,-1.6303534908704869,0.004285316253600253,-0.005746847058500854
47,2,heldout,3,1,0.3490658503988659,1.577418786000635,3,s,af3726fcacd0ac1320a56ea850b0a2c0f5430cf4eb20a45c078706980f08407e,d24fbe3839599a6a097188bae8cd47ce8083f27deef1341ae3086bf0d5a45bd1,87f63c0590d05baea263cdc42c6e1df2d063fa2def309ecb0283f3036bf33d46,87f63c0590d05baea263cdc42c6e1df2d063fa2def309ecb0283f3036bf33d46,1787977976.4373548,36560.306,18280210,0,0.9584569931030273,1.0412378311157227,1.3345918655395508,0.00057220458984375,-0.00324249267578125,0.00476837158203125,-0.0073261260986328125,-0.0024423599243164062,0.1831502914428711,-0.0073261260986328125,-0.0073261260986328125,-0.0073261260986328125,-0.07570171356201172,-1.25128173828125,7.3094024658203125,-1.6971912384033203,0.10988998413085938,-0.11477375030517578,0.0,-1.5210413116508896,6.786386684232957,-1.629701015861032,0.004296190912734674,-0.005745629825831663
47,2,heldout,3,1,0.3490658503988659,1.5793337119976059,3,s,af3726fcacd0ac1320a56ea850b0a2c0f5430cf4eb20a45c078706980f08407e,d24fbe3839599a6a097188bae8cd47ce8083f27deef1341ae3086bf0d5a45bd1,87f63c0590d05baea263cdc42c6e1df2d063fa2def309ecb0283f3036bf33d46,87f63c0590d05baea263cdc42c6e1df2d063fa2def309ecb0283f3036bf33d46,1787977976.439253,36560.308,18280211,0,0.9584569931030273,1.0412378311157227,1.3353548049926758,0.00057220458984375,-0.00324249267578125,0.00476837158203125,-0.0073261260986328125,-0.0024423599243164062,0.1880340576171875,-0.0073261260986328125,-0.0073261260986328125,-0.0073261260986328125,-0.07570171356201172,-1.2376060485839844,7.282051086425781,-1.6971912384033203,0.10988998413085938,-0.11477375030517578,0.0,-1.5175382993746267,6.782883671956694,-1.6290475922407828,0.004307063071156978,-0.005744409248765907
47,2,heldout,3,1,0.3490658503988659,1.5812325989973033,3,s,af3726fcacd0ac1320a56ea850b0a2c0f5430cf4eb20a45c078706980f08407e,d24fbe3839599a6a097188bae8cd47ce8083f27deef1341ae3086bf0d5a45bd1,87f63c0590d05baea263cdc42c6e1df2d063fa2def309ecb0283f3036bf33d46,87f63c0590d05baea263cdc42c6e1df2d063fa2def309ecb0283f3036bf33d46,1787977976.4411125,36560.31,18280212,0,0.9584569931030273,1.0412378311157227,1.3361177444458008,0.00057220458984375,-0.00324249267578125,0.00476837158203125,0.0073261260986328125,-0.0024423599243164062,0.1929178237915039,-0.021978378295898438,0.0073261260986328125,-0.0073261260986328125,-0.07570171356201172,-1.2376060485839844,7.227352142333984,-1.692307472229004,0.10988998413085938,-0.11477375030517578,0.0,-1.5140313389406261,6.779376711522694,-1.6283932203900808,0.004317932722538735,-0.005743185328014058
47,2,heldout,3,1,0.3490658503988659,1.583085061996826,3,s,af3726fcacd0ac1320a56ea850b0a2c0f5430cf4eb20a45c078706980f08407e,d24fbe3839599a6a097188bae8cd47ce8083f27deef1341ae3086bf0d5a45bd1,87f63c0590d05baea263cdc42c6e1df2d063fa2def309ecb0283f3036bf33d46,87f63c0590d05baea263cdc42c6e1df2d063fa2def309ecb0283f3036bf33d46,1787977976.4435372,36560.312,18280213,0,0.9584569931030273,1.0412378311157227,1.3368806838989258,0.00057220458984375,-0.00324249267578125,0.00476837158203125,0.0073261260986328125,-0.0024423599243164062,0.1831502914428711,-0.0073261260986328125,0.0073261260986328125,-0.0073261260986328125,-0.07570171356201172,-1.2376060485839844,7.323078155517578,-1.6874237060546875,0.10988998413085938,-0.11477375030517578,0.0,-1.510520432390208,6.775865804972275,-1.62773790068982,0.0043287998605529765,-0.005741958064288526
47,2,heldout,3,1,0.3490658503988659,1.5855077779997373,3,s,af3726fcacd0ac1320a56ea850b0a2c0f5430cf4eb20a45c078706980f08407e,d24fbe3839599a6a097188bae8cd47ce8083f27deef1341ae3086bf0d5a45bd1,87f63c0590d05baea263cdc42c6e1df2d063fa2def309ecb0283f3036bf33d46,87f63c0590d05baea263cdc42c6e1df2d063fa2def309ecb0283f3036bf33d46,1787977976.4453788,36560.314,18280214,0,0.9584569931030273,1.0412378311157227,1.3376436233520508,0.00057220458984375,-0.00324249267578125,0.00476837158203125,-0.0073261260986328125,-0.0024423599243164062,0.1831502914428711,-0.021978378295898438,0.0073261260986328125,-0.0073261260986328125,-0.07570171356201172,-1.2376060485839844,7.268375396728516,-1.682539939880371,0.10500621795654297,-0.11477375030517578,0.0,-1.5070055817669907,6.772350954349058,-1.6270816335214486,0.004339664478874197,-0.00574072745830368
47,2,heldout,3,1,0.3490658503988659,1.5873503589973552,3,s,af3726fcacd0ac1320a56ea850b0a2c0f5430cf4eb20a45c078706980f08407e,d24fbe3839599a6a097188bae8cd47ce8083f27deef1341ae3086bf0d5a45bd1,87f63c0590d05baea263cdc42c6e1df2d063fa2def309ecb0283f3036bf33d46,87f63c0590d05baea263cdc42c6e1df2d063fa2def309ecb0283f3036bf33d46,1787977976.4472697,36560.316,18280215,0,0.9584569931030273,1.0412378311157227,1.3380250930786133,0.00057220458984375,-0.00324249267578125,0.00476837158203125,-0.021978378295898438,-0.0024423599243164062,0.1782665252685547,-0.0073261260986328125,-0.021978378295898438,-0.0073261260986328125,-0.07570171356201172,-1.2376060485839844,7.323078155517578,-1.682539939880371,0.10988998413085938,-0.11477375030517578,0.0,-1.5052466780673417,6.770592050649408,-1.6267531447560737,0.0043450958411736015,-0.005740110902187783
47,2,heldout,3,1,0.3490658503988659,1.589248387994303,3,s,af3726fcacd0ac1320a56ea850b0a2c0f5430cf4eb20a45c078706980f08407e,d24fbe3839599a6a097188bae8cd47ce8083f27deef1341ae3086bf0d5a45bd1,87f63c0590d05baea263cdc42c6e1df2d063fa2def309ecb0283f3036bf33d46,87f63c0590d05baea263cdc42c6e1df2d063fa2def309ecb0283f3036bf33d46,1787977976.4491615,36560.318,18280216,0,0.9584569931030273,1.0412378311157227,1.3387880325317383,0.00057220458984375,-0.00324249267578125,0.00476837158203125,-0.0073261260986328125,-0.0024423599243164062,0.1782665252685547,-0.0073261260986328125,-0.021978378295898438,-0.0073261260986328125,-0.07570171356201172,-1.210256576538086,7.295726776123047,-1.682539939880371,0.10988998413085938,-0.11477375030517578,0.0,-1.501725915171723,6.76707128775379,-1.6260954571019517,0.004355956668098177,-0.005738875284157641
47,2,heldout,3,1,0.3490658503988659,1.5911412729983567,3,s,af3726fcacd0ac1320a56ea850b0a2c0f5430cf4eb20a45c078706980f08407e,d24fbe3839599a6a097188bae8cd47ce8083f27deef1341ae3086bf0d5a45bd1,87f63c0590d05baea263cdc42c6e1df2d063fa2def309ecb0283f3036bf33d46,87f63c0590d05baea263cdc42c6e1df2d063fa2def309ecb0283f3036bf33d46,1787977976.4516618,36560.32,18280217,0,0.9584569931030273,1.0412378311157227,1.3395509719848633,0.00057220458984375,-0.00324249267578125,0.00476837158203125,-0.021978378295898438,-0.0024423599243164062,0.1782665252685547,0.0073261260986328125,-0.0073261260986328125,-0.0073261260986328125,-0.07570171356201172,-1.210256576538086,7.323078155517578,-1.682539939880371,0.10988998413085938,-0.11477375030517578,0.0,-1.4982012133223919,6.76354658590446,-1.6254368229357459,0.0043668149595223835,-0.005737636325662598
47,2,heldout,3,1,0.3490658503988659,1.5936621489963727,3,s,af3726fcacd0ac1320a56ea850b0a2c0f5430cf4eb20a45c078706980f08407e,d24fbe3839599a6a097188bae8cd47ce8083f27deef1341ae3086bf0d5a45bd1,87f63c0590d05baea263cdc42c6e1df2d063fa2def309ecb0283f3036bf33d46,87f63c0590d05baea263cdc42c6e1df2d063fa2def309ecb0283f3036bf33d46,1787977976.4535646,36560.322,18280218,0,0.9584569931030273,1.0412378311157227,1.3403139114379883,0.00057220458984375,-0.00324249267578125,0.00476837158203125,-0.0073261260986328125,-0.0024423599243164062,0.1782665252685547,-0.0073261260986328125,0.0073261260986328125,-0.0073261260986328125,-0.07570171356201172,-1.210256576538086,7.282051086425781,-1.682539939880371,0.10988998413085938,-0.11477375030517578,0.0,-1.4946725745709852,6.760017947153052,-1.6247772426408318,0.004377670709125868,-0.005736394027423819
47,2,heldout,3,1,0.3490658503988659,1.5955413009942276,3,s,af3726fcacd0ac1320a56ea850b0a2c0f5430cf4eb20a45c078706980f08407e,d24fbe3839599a6a097188bae8cd47ce8083f27deef1341ae3086bf0d5a45bd1,87f63c0590d05baea263cdc42c6e1df2d063fa2def309ecb0283f3036bf33d46,87f63c0590d05baea263cdc42c6e1df2d063fa2def309ecb0283f3036bf33d46,1787977976.4554968,36560.324,18280219,0,0.9584569931030273,1.0412378311157227,1.3410768508911133,0.00057220458984375,-0.00324249267578125,0.00476837158203125,-0.0073261260986328125,-0.0024423599243164062,0.1831502914428711,-0.0073261260986328125,-0.021978378295898438,-0.0073261260986328125,-0.07570171356201172,-1.210256576538086,7.1863250732421875,-1.682539939880371,0.10988998413085938,-0.11477375030517578,0.0,-1.4911400009714495,6.756485373553516,-1.624116716601136,0.004388523910589754,-0.005735148390164418
47,2,heldout,3,1,0.3490658503988659,1.5974764450002112,3,s,af3726fcacd0ac1320a56ea850b0a2c0f5430cf4eb20a45c078706980f08407e,d24fbe3839599a6a097188bae8cd47ce8083f27deef1341ae3086bf0d5a45bd1,87f63c0590d05baea263cdc42c6e1df2d063fa2def309ecb0283f3036bf33d46,87f63c0590d05baea263cdc42c6e1df2d063fa2def309ecb0283f3036bf33d46,1787977976.4573772,36560.326,18280220,0,0.9584569931030273,1.0412378311157227,1.3418397903442383,0.00057220458984375,-0.00324249267578125,0.00476837158203125,-0.0073261260986328125,-0.0024423599243164062,0.1831502914428711,-0.0073261260986328125,0.0073261260986328125,-0.0073261260986328125,-0.07570171356201172,-1.210256576538086,7.200000762939453,-1.682539939880371,0.10988998413085938,-0.11477375030517578,0.0,-1.4876034945800038,6.75294886716207,-1.6234552452011344,0.0043993745575966504,-0.005733899414609451
47,2,heldout,3,1,0.3490658503988659,1.599352283999906,3,s,af3726fcacd0ac1320a56ea850b0a2c0f5430cf4eb20a45c078706980f08407e,d24fbe3839599a6a097188bae8cd47ce8083f27deef1341ae3086bf0d5a45bd1,87f63c0590d05baea263cdc42c6e1df2d063fa2def309ecb0283f3036bf33d46,87f63c0590d05baea263cdc42c6e1df2d063fa2def309ecb0283f3036bf33d46,1787977976.4592376,36560.328,18280221,0,0.9584569931030273,1.0412378311157227,1.3426027297973633,0.00057220458984375,-0.00324249267578125,0.00476837158203125,-0.0073261260986328125,-0.0024423599243164062,0.1831502914428711,-0.0073261260986328125,-0.0073261260986328125,-0.0073261260986328125,-0.08058643341064453,-1.210256576538086,7.1863250732421875,-1.682539939880371,0.11477375030517578,-0.11477375030517578,0.0,-1.4840630574551732,6.749408430037242,-1.622792828825855,0.004410222643830643,-0.005732647101485918
47,2,heldout,3,1,0.3490658503988659,1.601209813998139,3,s,af3726fcacd0ac1320a56ea850b0a2c0f5430cf4eb20a45c078706980f08407e,d24fbe3839599a6a097188bae8cd47ce8083f27deef1341ae3086bf0d5a45bd1,87f63c0590d05baea263cdc42c6e1df2d063fa2def309ecb0283f3036bf33d46,87f63c0590d05baea263cdc42c6e1df2d063fa2def309ecb0283f3036bf33d46,1787977976.4616916,36560.33,18280222,0,0.9584569931030273,1.0412378311157227,1.3433656692504883,0.00057220458984375,-0.00324249267578125,0.00476837158203125,0.0073261260986328125,-0.0024423599243164062,0.1831502914428711,-0.0073261260986328125,0.0073261260986328125,-0.0073261260986328125,-0.08058643341064453,-1.1965808868408203,7.25469970703125,-1.682539939880371,0.10988998413085938,-0.10988998413085938,0.0,-1.4805186916577597,6.745864064239827,-1.6221294678608738,0.004421068162977318,-0.00573139145152276
47,2,heldout,3,1,0.3490658503988659,1.6036662749975221,3,s,af3726fcacd0ac1320a56ea850b0a2c0f5430cf4eb20a45c078706980f08407e,d24fbe3839599a6a097188bae8cd47ce8083f27deef1341ae3086bf0d5a45bd1,87f63c0590d05baea263cdc42c6e1df2d063fa2def309ecb0283f3036bf33d46,87f63c0590d05baea263cdc42c6e1df2d063fa2def309ecb0283f3036bf33d46,1787977976.463593,36560.331999999995,18280223,0,0.9584569931030273,1.0412378311157227,1.3441295623779297,0.00057220458984375,-0.00324249267578125,0.00476837158203125,-0.0073261260986328125,-0.0024423599243164062,0.1782665252685547,-0.021978378295898438,-0.0073261260986328125,-0.0073261260986328125,-0.08058643341064453,-1.210256576538086,7.268375396728516,-1.682539939880371,0.10988998413085938,-0.11477375030517578,0.0,-1.476965961429013,6.742311334011081,-1.6214643317201545,0.004431924660792917,-0.0057301308896309045
47,2,heldout,3,1,0.3490658503988659,1.6055753589971573,3,s,af3726fcacd0ac1320a56ea850b0a2c0f5430cf4eb20a45c078706980f08407e,d24fbe3839599a6a097188bae8cd47ce8083f27deef1341ae3086bf0d5a45bd1,87f63c0590d05baea263cdc42c6e1df2d063fa2def309ecb0283f3036bf33d46,87f63c0590d05baea263cdc42c6e1df2d063fa2def309ecb0283f3036bf33d46,1787977976.4654984,36560.333999999995,18280224,0,0.9584569931030273,1.0412378311157227,1.3448925018310547,0.00057220458984375,-0.00324249267578125,0.00476837158203125,-0.021978378295898438,-0.0024423599243164062,0.1782665252685547,0.0073261260986328125,-0.0073261260986328125,-0.0073261260986328125,-0.08058643341064453,-1.210256576538086,7.213676452636719,-1.6776552200317383,0.10988998413085938,-0.11477375030517578,0.0,-1.4734137395736113,6.7387591121556785,-1.6207990815551714,0.004442765023599098,-0.005728868564014332
47,2,heldout,3,1,0.3490658503988659,1.6074781629940844,3,s,af3726fcacd0ac1320a56ea850b0a2c0f5430cf4eb20a45c078706980f08407e,d24fbe3839599a6a097188bae8cd47ce8083f27deef1341ae3086bf0d5a45bd1,87f63c0590d05baea263cdc42c6e1df2d063fa2def309ecb0283f3036bf33d46,87f63c0590d05baea263cdc42c6e1df2d063fa2def309ecb0283f3036bf33d46,1787977976.4674,36560.335999999996,18280225,0,0.9584569931030273,1.0412378311157227,1.3456554412841797,0.00057220458984375,-0.00324249267578125,0.00476837158203125,-0.021978378295898438,-0.0024423599243164062,0.1831502914428711,0.0073261260986328125,-0.0073261260986328125,-0.0073261260986328125,-0.08058643341064453,-1.210256576538086,7.213676452636719,-1.682539939880371,0.10988998413085938,-0.10988998413085938,0.0,-1.4698575952443431,6.73520296782641,-1.6201328879610006,0.004453602800375806,-0.005727602903757533
47,2,heldout,3,1,0.3490658503988659,1.6093806989956647,3,s,af3726fcacd0ac1320a56ea850b0a2c0f5430cf4eb20a45c078706980f08407e,d24fbe3839599a6a097188bae8cd47ce8083f27deef1341ae3086bf0d5a45bd1,87f63c0590d05baea263cdc42c6e1df2d063fa2def309ecb0283f3036bf33d46,87f63c0590d05baea263cdc42c6e1df2d063fa2def309ecb0283f3036bf33d46,1787977976.4692795,36560.337999999996,18280226,0,0.9584569931030273,1.0412378311157227,1.3464183807373047,0.00057220458984375,-0.00324249267578125,0.00476837158203125,-0.0073261260986328125,-0.0024423599243164062,0.1782665252685547,-0.0073261260986328125,-0.0073261260986328125,-0.0073261260986328125,-0.08058643341064453,-1.1965808868408203,7.227352142333984,-1.682539939880371,0.10988998413085938,-0.11477375030517578,0.0,-1.4662975305111658,6.731642903093233,-1.6194657513254191,0.004464437984814624,-0.0057263339095972214
47,2,heldout,3,1,0.3490658503988659,1.6112531830003718,3,s,af3726fcacd0ac1320a56ea850b0a2c0f5430cf4eb20a45c078706980f08407e,d24fbe3839599a6a097188bae8cd47ce8083f27deef1341ae3086bf0d5a45bd1,87f63c0590d05baea263cdc42c6e1df2d063fa2def309ecb0283f3036bf33d46,87f63c0590d05baea263cdc42c6e1df2d063fa2def309ecb0283f3036bf33d46,1787977976.4711928,36560.34,18280227,0,0.9584569931030273,1.0412378311157227,1.3471813201904297,0.00057220458984375,-0.00324249267578125,0.00476837158203125,-0.0073261260986328125,-0.0024423599243164062,0.1831502914428711,-0.021978378295898438,0.0073261260986328125,-0.0073261260986328125,-0.07570171356201172,-1.1965808868408203,7.172649383544922,-1.6874237060546875,0.10988998413085938,-0.11477375030517578,0.0,-1.4627335474462992,6.728078920028366,-1.6187976720367496,0.004475270570608644,-0.005725061582272046
47,2,heldout,3,1,0.3490658503988659,1.6131909510004334,3,s,af3726fcacd0ac1320a56ea850b0a2c0f5430cf4eb20a45c078706980f08407e,d24fbe3839599a6a097188bae8cd47ce8083f27deef1341ae3086bf0d5a45bd1,87f63c0590d05baea263cdc42c6e1df2d063fa2def309ecb0283f3036bf33d46,87f63c0590d05baea263cdc42c6e1df2d063fa2def309ecb0283f3036bf33d46,1787977976.4736624,36560.342,18280228,0,0.9584569931030273,1.0412378311157227,1.3475627899169922,0.00057220458984375,-0.00324249267578125,0.00476837158203125,0.0073261260986328125,-0.0024423599243164062,0.1782665252685547,-0.0073261260986328125,-0.021978378295898438,-0.0073261260986328125,-0.07570171356201172,-1.1965808868408203,7.145298004150391,-1.6874237060546875,0.10500621795654297,-0.11477375030517578,0.0,-1.4609500871876817,6.726295459769749,-1.6184632790190088,0.004480685887043359,-0.005724424168903992
47,2,heldout,3,1,0.3490658503988659,1.6156402459964738,3,s,af3726fcacd0ac1320a56ea850b0a2c0f5430cf4eb20a45c078706980f08407e,d24fbe3839599a6a097188bae8cd47ce8083f27deef1341ae3086bf0d5a45bd1,87f63c0590d05baea263cdc42c6e1df2d063fa2def309ecb0283f3036bf33d46,87f63c0590d05baea263cdc42c6e1df2d063fa2def309ecb0283f3036bf33d46,1787977976.4755373,36560.344,18280229,0,0.9584569931030273,1.0412378311157227,1.3483257293701172,0.00057220458984375,-0.00324249267578125,0.00476837158203125,0.0073261260986328125,-0.0024423599243164062,0.1782665252685547,-0.0073261260986328125,-0.021978378295898438,-0.0073261260986328125,-0.07570171356201172,-1.1829051971435547,7.117950439453125,-1.6874237060546875,0.10988998413085938,-0.11477375030517578,0.0,-1.4573802305157086,6.722725603097777,-1.6177937864800165,0.00449151456304804,-0.005723146843220736
47,2,heldout,3,1,0.3490658503988659,1.6175093119964004,3,s,af3726fcacd0ac1320a56ea850b0a2c0f5430cf4eb20a45c078706980f08407e,d24fbe3839599a6a097188bae8cd47ce8083f27deef1341ae3086bf0d5a45bd1,87f63c0590d05baea263cdc42c6e1df2d063fa2def309ecb0283f3036bf33d46,87f63c0590d05baea263cdc42c6e1df2d063fa2def309ecb0283f3036bf33d46,1787977976.4773927,36560.346,18280230,0,0.9584569931030273,1.0412378311157227,1.3490886688232422,0.00057220458984375,-0.00324249267578125,0.00476837158203125,-0.021978378295898438,-0.0024423599243164062,0.1831502914428711,-0.0073261260986328125,-0.021978378295898438,-0.0073261260986328125,-0.07570171356201172,-1.1829051971435547,7.131622314453125,-1.682539939880371,0.10988998413085938,-0.11477375030517578,0.0,-1.4538064607026036,6.719151833284671,-1.6171233522611492,0.004502340624647281,-0.005721866186227735
47,2,heldout,3,1,0.3490658503988659,1.6193640459969174,3,s,af3726fcacd0ac1320a56ea850b0a2c0f5430cf4eb20a45c078706980f08407e,d24fbe3839599a6a097188bae8cd47ce8083f27deef1341ae3086bf0d5a45bd1,87f63c0590d05baea263cdc42c6e1df2d063fa2def309ecb0283f3036bf33d46,87f63c0590d05baea263cdc42c6e1df2d063fa2def309ecb0283f3036bf33d46,1787977976.4792683,36560.348,18280231,0,0.9584569931030273,1.0412378311157227,1.3498516082763672,0.00057220458984375,-0.00324249267578125,0.00476837158203125,-0.0073261260986328125,-0.0024423599243164062,0.1831502914428711,-0.0073261260986328125,-0.0073261260986328125,-0.0073261260986328125,-0.07570171356201172,-1.1692314147949219,7.117950439453125,-1.682539939880371,0.10988998413085938,-0.11477375030517578,0.0,-1.4502287798285736,6.715574152410642,-1.6164519767526497,0.004513164065539485,-0.005720582198670429
47,2,heldout,3,1,0.3490658503988659,1.6212452139952802,3,s,af3726fcacd0ac1320a56ea850b0a2c0f5430cf4eb20a45c078706980f08407e,d24fbe3839599a6a097188bae8cd47ce8083f27deef1341ae3086bf0d5a45bd1,87f63c0590d05baea263cdc42c6e1df2d063fa2def309ecb0283f3036bf33d46,87f63c0590d05baea263cdc42c6e1df2d063fa2def309ecb0283f3036bf33d46,1787977976.4817944,36560.35,18280232,0,0.9584569931030273,1.0412378311157227,1.3506145477294922,0.00057220458984375,-0.00324249267578125,0.00476837158203125,-0.021978378295898438,-0.0024423599243164062,0.1831502914428711,-0.021978378295898438,-0.0073261260986328125,-0.0073261260986328125,-0.07570171356201172,-1.1692314147949219,7.145298004150391,-1.682539939880371,0.10988998413085938,-0.11477375030517578,0.0,-1.4466471899761013,6.711992562558169,-1.6157796603453107,0.0045239848794245835,-0.0057192948812961955
47,2,heldout,3,1,0.3490658503988659,1.6237852739941445,3,s,af3726fcacd0ac1320a56ea850b0a2c0f5430cf4eb20a45c078706980f08407e,d24fbe3839599a6a097188bae8cd47ce8083f27deef1341ae3086bf0d5a45bd1,87f63c0590d05baea263cdc42c6e1df2d063fa2def309ecb0283f3036bf33d46,87f63c0590d05baea263cdc42c6e1df2d063fa2def309ecb0283f3036bf33d46,1787977976.4831448,36560.352,18280233,0,0.9584569931030273,1.0412378311157227,1.3513774871826172,0.00057220458984375,-0.00324249267578125,0.00476837158203125,-0.021978378295898438,-0.0024423599243164062,0.1782665252685547,-0.0073261260986328125,0.0073261260986328125,-0.0073261260986328125,-0.07570171356201172,-1.1555557250976562,7.172649383544922,-1.6776552200317383,0.10988998413085938,-0.11477375030517578,0.0,-1.4430616932299467,6.708407065812015,-1.6151064034304707,0.00453480306000403,-0.00571800423485435
47,2,heldout,3,1,0.3490658503988659,1.6251252489964827,3,s,af3726fcacd0ac1320a56ea850b0a2c0f5430cf4eb20a45c078706980f08407e,d24fbe3839599a6a097188bae8cd47ce8083f27deef1341ae3086bf0d5a45bd1,87f63c0590d05baea263cdc42c6e1df2d063fa2def309ecb0283f3036bf33d46,87f63c0590d05baea263cdc42c6e1df2d063fa2def309ecb0283f3036bf33d46,1787977976.4856005,36560.354,18280234,0,0.9584569931030273,1.0412378311157227,1.3521404266357422,0.00057220458984375,-0.00324249267578125,0.00476837158203125,0.0073261260986328125,-0.0024423599243164062,0.17338180541992188,-0.0073261260986328125,-0.0073261260986328125,-0.0073261260986328125,-0.07570171356201172,-1.1555557250976562,7.241024017333984,-1.6776552200317383,0.10988998413085938,-0.11477375030517578,0.0,-1.439472291677146,6.704817664259213,-1.6144322064000183,0.004545618600980815,-0.005716710260096151
47,2,heldout,3,1,0.3490658503988659,1.6275819469956332,3,s,af3726fcacd0ac1320a56ea850b0a2c0f5430cf4eb20a45c078706980f08407e,d24fbe3839599a6a097188bae8cd47ce8083f27deef1341ae3086bf0d5a45bd1,87f63c0590d05baea263cdc42c6e1df2d063fa2def309ecb0283f3036bf33d46,87f63c0590d05baea263cdc42c6e1df2d063fa2def309ecb0283f3036bf33d46,1787977976.487492,36560.356,18280235,0,0.9584569931030273,1.0412378311157227,1.3529033660888672,0.00057220458984375,-0.00324249267578125,0.00476837158203125,-0.0073261260986328125,-0.0024423599243164062,0.16849803924560547,-0.0073261260986328125,-0.0073261260986328125,-0.0073261260986328125,-0.08058643341064453,-1.1555557250976562,7.336753845214844,-1.6776552200317383,0.10988998413085938,-0.11477375030517578,0.0,-1.4358789874070024,6.70122435998907,-1.6137570696463874,0.004556431496059466,-0.005715412957774792
47,2,heldout,3,1,0.3490658503988659,1.6294702509985655,3,s,af3726fcacd0ac1320a56ea850b0a2c0f5430cf4eb20a45c078706980f08407e,d24fbe3839599a6a097188bae8cd47ce8083f27deef1341ae3086bf0d5a45bd1,87f63c0590d05baea263cdc42c6e1df2d063fa2def309ecb0283f3036bf33d46,87f63c0590d05baea263cdc42c6e1df2d063fa2def309ecb0283f3036bf33d46,1787977976.489385,36560.358,18280236,0,0.9584569931030273,1.0412378311157227,1.3532848358154297,0.00057220458984375,-0.00324249267578125,0.00476837158203125,0.0073261260986328125,-0.0024423599243164062,0.15873050689697266,-0.021978378295898438,0.0073261260986328125,-0.0073261260986328125,-0.07570171356201172,-1.1418800354003906,7.364101409912109,-1.6776552200317383,0.10988998413085938,-0.11477375030517578,0.0,-1.4340808724064547,6.699426244988522,-1.613419148996164,0.004561836949420078,-0.005714763059013826
47,2,heldout,3,1,0.3490658503988659,1.6313628239950049,3,s,af3726fcacd0ac1320a56ea850b0a2c0f5430cf4eb20a45c078706980f08407e,d24fbe3839599a6a097188bae8cd47ce8083f27deef1341ae3086bf0d5a45bd1,87f63c0590d05baea263cdc42c6e1df2d063fa2def309ecb0283f3036bf33d46,87f63c0590d05baea263cdc42c6e1df2d063fa2def309ecb0283f3036bf33d46,1787977976.491289,36560.36,18280237,0,0.9584569931030273,1.0412378311157227,1.3540477752685547,0.00019073486328125,-0.00324249267578125,0.00476837158203125,-0.021978378295898438,-0.0024423599243164062,0.16361427307128906,-0.03663063049316406,-0.0073261260986328125,-0.0073261260986328125,-0.08058643341064453,-1.1418800354003906,7.336753845214844,-1.6678876876831055,0.10988998413085938,-0.11477375030517578,0.0,-1.4301430931300019,6.69548846571207,-1.61240397854206,0.004578049323348181,-0.0057128083734650364
47,2,heldout,3,1,0.3490658503988659,1.633283875999041,3,s,af3726fcacd0ac1320a56ea850b0a2c0f5430cf4eb20a45c078706980f08407e,d24fbe3839599a6a097188bae8cd47ce8083f27deef1341ae3086bf0d5a45bd1,87f63c0590d05baea263cdc42c6e1df2d063fa2def309ecb0283f3036bf33d46,87f63c0590d05baea263cdc42c6e1df2d063fa2def309ecb0283f3036bf33d46,1787977976.4932194,36560.362,18280238,0,0.9584569931030273,1.0412378311157227,1.3548107147216797,0.00019073486328125,-0.00324249267578125,0.00476837158203125,-0.0073261260986328125,-0.0024423599243164062,0.16849803924560547,-0.021978378295898438,-0.0073261260986328125,-0.0073261260986328125,-0.07570171356201172,-1.1555557250976562,7.282051086425781,-1.6581192016601562,0.10988998413085938,-0.10988998413085938,0.0,-1.4265395720001213,6.6918849445821875,-1.6117260249789662,0.004588854242975015,-0.00571150109299271
47,2,heldout,3,1,0.3490658503988659,1.6351967160007916,3,s,af3726fcacd0ac1320a56ea850b0a2c0f5430cf4eb20a45c078706980f08407e,d24fbe3839599a6a097188bae8cd47ce8083f27deef1341ae3086bf0d5a45bd1,87f63c0590d05baea263cdc42c6e1df2d063fa2def309ecb0283f3036bf33d46,87f63c0590d05baea263cdc42c6e1df2d063fa2def309ecb0283f3036bf33d46,1787977976.4957478,36560.364,18280239,0,0.9584569931030273,1.0412378311157227,1.3555736541748047,0.00019073486328125,-0.00324249267578125,0.00476837158203125,-0.0073261260986328125,-0.0024423599243164062,0.17338180541992188,-0.03663063049316406,-0.0073261260986328125,-0.0073261260986328125,-0.07570171356201172,-1.1555557250976562,7.200000762939453,-1.6532354354858398,0.10988998413085938,-0.10988998413085938,0.0,-1.422932155680732,6.688277528262799,-1.6110471332678988,0.00459965649153726,-0.005710190487989354
47,2,heldout,3,1,0.3490658503988659,1.6377348889946006,3,s,af3726fcacd0ac1320a56ea850b0a2c0f5430cf4eb20a45c078706980f08407e,d24fbe3839599a6a097188bae8cd47ce8083f27deef1341ae3086bf0d5a45bd1,87f63c0590d05baea263cdc42c6e1df2d063fa2def309ecb0283f3036bf33d46,87f63c0590d05baea263cdc42c6e1df2d063fa2def309ecb0283f3036bf33d46,1787977976.4977894,36560.366,18280240,0,0.9584569931030273,1.0412378311157227,1.3563365936279297,0.00019073486328125,-0.00324249267578125,0.00476837158203125,-0.0073261260986328125,-0.0024423599243164062,0.1831502914428711,-0.021978378295898438,-0.0073261260986328125,-0.0073261260986328125,-0.07570171356201172,-1.128204345703125,7.158973693847656,-1.6532354354858398,0.10988998413085938,-0.10988998413085938,0.0,-1.419320846271628,6.684666218853695,-1.610367303804025,0.00461045606274718,-0.005708876559217845
47,2,heldout,3,1,0.3490658503988659,1.6397784979999415,3,s,af3726fcacd0ac1320a56ea850b0a2c0f5430cf4eb20a45c078706980f08407e,d24fbe3839599a6a097188bae8cd47ce8083f27deef1341ae3086bf0d5a45bd1,87f63c0590d05baea263cdc42c6e1df2d063fa2def309ecb0283f3036bf33d46,87f63c0590d05baea263cdc42c6e1df2d063fa2def309ecb0283f3036bf33d46,1787977976.4997556,36560.367999999995,18280241,0,0.9584569931030273,1.0412378311157227,1.3570995330810547,0.00019073486328125,-0.00324249267578125,0.00476837158203125,-0.021978378295898438,-0.0024423599243164062,0.1782665252685547,-0.0073261260986328125,-0.0073261260986328125,-0.0073261260986328125,-0.07570171356201172,-1.128204345703125,7.145298004150391,-1.6483516693115234,0.10988998413085938,-0.10988998413085938,0.0,-1.4157056458748658,6.681051018456933,-1.6096865369830569,0.004621252950318601,-0.005707559307442987
47,2,heldout,3,1,0.3490658503988659,1.6417389380003442,3,s,af3726fcacd0ac1320a56ea850b0a2c0f5430cf4eb20a45c078706980f08407e,d24fbe3839599a6a097188bae8cd47ce8083f27deef1341ae3086bf0d5a45bd1,87f63c0590d05baea263cdc42c6e1df2d063fa2def309ecb0283f3036bf33d46,87f63c0590d05baea263cdc42c6e1df2d063fa2def309ecb0283f3036bf33d46,1787977976.5016928,36560.369999999995,18280242,0,0.9584569931030273,1.0412378311157227,1.3578624725341797,0.00019073486328125,-0.00324249267578125,0.00476837158203125,-0.0073261260986328125,-0.0024423599243164062,0.1782665252685547,-0.021978378295898438,0.0073261260986328125,-0.0073261260986328125,-0.07570171356201172,-1.128204345703125,7.145298004150391,-1.6483516693115234,0.10988998413085938,-0.10988998413085938,0.0,-1.4120865565947718,6.677431929176839,-1.609004833201253,0.004632047147966904,-0.005706238733431522
47,2,heldout,3,1,0.3490658503988659,1.643676757994399,3,s,af3726fcacd0ac1320a56ea850b0a2c0f5430cf4eb20a45c078706980f08407e,d24fbe3839599a6a097188bae8cd47ce8083f27deef1341ae3086bf0d5a45bd1,87f63c0590d05baea263cdc42c6e1df2d063fa2def309ecb0283f3036bf33d46,87f63c0590d05baea263cdc42c6e1df2d063fa2def309ecb0283f3036bf33d46,1787977976.5036108,36560.371999999996,18280243,0,0.9584569931030273,1.0412378311157227,1.3582439422607422,0.00019073486328125,-0.00324249267578125,0.00476837158203125,-0.0073261260986328125,-0.0024423599243164062,0.17338180541992188,-0.021978378295898438,-0.0073261260986328125,-0.0073261260986328125,-0.07570171356201172,-1.128204345703125,7.1863250732421875,-1.6483516693115234,0.10988998413085938,-0.10988998413085938,0.0,-1.4102755542816958,6.675620926863763,-1.6086636300740174,0.00463744323610637,-0.005705577200827198
47,2,heldout,3,1,0.3490658503988659,1.645594686997356,3,s,af3726fcacd0ac1320a56ea850b0a2c0f5430cf4eb20a45c078706980f08407e,d24fbe3839599a6a097188bae8cd47ce8083f27deef1341ae3086bf0d5a45bd1,87f63c0590d05baea263cdc42c6e1df2d063fa2def309ecb0283f3036bf33d46,87f63c0590d05baea263cdc42c6e1df2d063fa2def309ecb0283f3036bf33d46,1787977976.505502,36560.373999999996,18280244,0,0.9584569931030273,1.0412378311157227,1.3590068817138672,0.00019073486328125,-0.00324249267578125,0.00476837158203125,-0.021978378295898438,-0.0024423599243164062,0.16361427307128906,-0.0073261260986328125,-0.0073261260986328125,-0.0073261260986328125,-0.08058643341064453,-1.128204345703125,7.172649383544922,-1.6483516693115234,0.10988998413085938,-0.10988998413085938,0.0,-1.4066506356271555,6.671996008209224,-1.607980521595137,0.004648233387089772,-0.005704251644902693
47,2,heldout,3,1,0.3490658503988659,1.6474783049998223,3,s,af3726fcacd0ac1320a56ea850b0a2c0f5430cf4eb20a45c078706980f08407e,d24fbe3839599a6a097188bae8cd47ce8083f27deef1341ae3086bf0d5a45bd1,87f63c0590d05baea263cdc42c6e1df2d063fa2def309ecb0283f3036bf33d46,87f63c0590d05baea263cdc42c6e1df2d063fa2def309ecb0283f3036bf33d46,1787977976.5074058,36560.376,18280245,0,0.9584569931030273,1.0412378311157227,1.3597698211669922,0.00057220458984375,-0.00324249267578125,0.00476837158203125,-0.0073261260986328125,-0.0024423599243164062,0.15873050689697266,0.0073261260986328125,-0.0073261260986328125,-0.0073261260986328125,-0.07570171356201172,-1.128204345703125,7.117950439453125,-1.6532354354858398,0.10988998413085938,-0.10988998413085938,0.0,-1.4033639725544387,6.668709345136506,-1.6076386163428975,0.004653627448363527,-0.005703587621775405
47,2,heldout,3,1,0.3490658503988659,1.6493854069994995,3,s,af3726fcacd0ac1320a56ea850b0a2c0f5430cf4eb20a45c078706980f08407e,d24fbe3839599a6a097188bae8cd47ce8083f27deef1341ae3086bf0d5a45bd1,87f63c0590d05baea263cdc42c6e1df2d063fa2def309ecb0283f3036bf33d46,87f63c0590d05baea263cdc42c6e1df2d063fa2def309ecb0283f3036bf33d46,1787977976.5092933,36560.378,18280246,0,0.9584569931030273,1.0412378311157227,1.3605327606201172,0.00019073486328125,-0.00324249267578125,0.00476837158203125,-0.0073261260986328125,-0.0024423599243164062,0.16361427307128906,-0.0073261260986328125,-0.021978378295898438,-0.0073261260986328125,-0.07570171356201172,-1.128204345703125,7.200000762939453,-1.6581192016601562,0.10988998413085938,-0.10988998413085938,0.0,-1.3993891495924473,6.6647345221745145,-1.60661149713213,0.004669805565894058,-0.005701590572893306
47,2,heldout,3,1,0.3490658503988659,1.6512696849968052,3,s,af3726fcacd0ac1320a56ea850b0a2c0f5430cf4eb20a45c078706980f08407e,d24fbe3839599a6a097188bae8cd47ce8083f27deef1341ae3086bf0d5a45bd1,87f63c0590d05baea263cdc42c6e1df2d063fa2def309ecb0283f3036bf33d46,87f63c0590d05baea263cdc42c6e1df2d063fa2def309ecb0283f3036bf33d46,1787977976.5118551,36560.38,18280247,0,0.9584569931030273,1.0412378311157227,1.3612957000732422,0.00057220458984375,-0.00324249267578125,0.00476837158203125,-0.0073261260986328125,-0.0024423599243164062,0.16849803924560547,-0.0073261260986328125,-0.0073261260986328125,-0.0073261260986328125,-0.07570171356201172,-1.128204345703125,7.145298004150391,-1.6581192016601562,0.10988998413085938,-0.10988998413085938,0.0,-1.3960956609040693,6.661441033486136,-1.6062686564099304,0.0046751969136915135,-0.005700923230422094
47,2,heldout,3,1,0.3490658503988659,1.6538645539985737,3,s,af3726fcacd0ac1320a56ea850b0a2c0f5430cf4eb20a45c078706980f08407e,d24fbe3839599a6a097188bae8cd47ce8083f27deef1341ae3086bf0d5a45bd1,87f63c0590d05baea263cdc42c6e1df2d063fa2def309ecb0283f3036bf33d46,87f63c0590d05baea263cdc42c6e1df2d063fa2def309ecb0283f3036bf33d46,1787977976.5133023,36560.382,18280248,0,0.9584569931030273,1.0412378311157227,1.3620586395263672,0.00019073486328125,-0.00324249267578125,0.00476837158203125,-0.0073261260986328125,-0.0024423599243164062,0.1782665252685547,-0.021978378295898438,-0.0073261260986328125,-0.0073261260986328125,-0.07570171356201172,-1.1145305633544922,7.104274749755859,-1.663003921508789,0.10988998413085938,-0.10988998413085938,0.0,-1.3921121460164632,6.657457518598531,-1.6052387319859593,0.0046913668719621,-0.005698916225836468
47,2,heldout,3,1,0.3490658503988659,1.6552855139962048,3,s,af3726fcacd0ac1320a56ea850b0a2c0f5430cf4eb20a45c078706980f08407e,d24fbe3839599a6a097188bae8cd47ce8083f27deef1341ae3086bf0d5a45bd1,87f63c0590d05baea263cdc42c6e1df2d063fa2def309ecb0283f3036bf33d46,87f63c0590d05baea263cdc42c6e1df2d063fa2def309ecb0283f3036bf33d46,1787977976.5152411,36560.384,18280249,0,0.9584569931030273,1.0412378311157227,1.3624401092529297,0.00057220458984375,-0.00324249267578125,0.00476837158203125,-0.0073261260986328125,-0.0024423599243164062,0.1782665252685547,-0.0073261260986328125,-0.021978378295898438,-0.0073261260986328125,-0.07570171356201172,-1.1008548736572266,7.145298004150391,-1.6581192016601562,0.10988998413085938,-0.10988998413085938,0.0,-1.3906342478852924,6.6559796204673605,-1.6052387319859598,0.004691366871962102,-0.005698916225836469
47,2,heldout,3,1,0.3490658503988659,1.6572247299991432,3,s,af3726fcacd0ac1320a56ea850b0a2c0f5430cf4eb20a45c078706980f08407e,d24fbe3839599a6a097188bae8cd47ce8083f27deef1341ae3086bf0d5a45bd1,87f63c0590d05baea263cdc42c6e1df2d063fa2def309ecb0283f3036bf33d46,87f63c0590d05baea263cdc42c6e1df2d063fa2def309ecb0283f3036bf33d46,1787977976.5177286,36560.386,18280250,0,0.9584569931030273,1.0412378311157227,1.3632030487060547,0.00057220458984375,-0.00324249267578125,0.00476837158203125,0.0073261260986328125,-0.0024423599243164062,0.17338180541992188,0.0073261260986328125,-0.021978378295898438,-0.0073261260986328125,-0.08058643341064453,-1.1145305633544922,7.172649383544922,-1.6581192016601562,0.11477375030517578,-0.11477375030517578,0.0,-1.3869884625687512,6.652333835150817,-1.604550947655165,0.004702143432031125,-0.005697574076109889
47,2,heldout,3,1,0.3490658503988659,1.6597103959938977,3,s,af3726fcacd0ac1320a56ea850b0a2c0f5430cf4eb20a45c078706980f08407e,d24fbe3839599a6a097188bae8cd47ce8083f27deef1341ae3086bf0d5a45bd1,87f63c0590d05baea263cdc42c6e1df2d063fa2def309ecb0283f3036bf33d46,87f63c0590d05baea263cdc42c6e1df2d063fa2def309ecb0283f3036bf33d46,1787977976.519633,36560.388,18280251,0,0.9584569931030273,1.0412378311157227,1.3639659881591797,0.00019073486328125,-0.00324249267578125,0.00476837158203125,-0.0073261260986328125,-0.0024423599243164062,0.16849803924560547,-0.021978378295898438,0.0073261260986328125,-0.0073261260986328125,-0.08058643341064453,-1.1008548736572266,7.25469970703125,-1.663003921508789,0.10988998413085938,-0.11477375030517578,0.0,-1.3829940958192461,6.648339468401314,-1.603517520087613,0.004718303138285657,-0.005695554633468866
47,2,heldout,3,1,0.3490658503988659,1.661610874994949,3,s,af3726fcacd0ac1320a56ea850b0a2c0f5430cf4eb20a45c078706980f08407e,d24fbe3839599a6a097188bae8cd47ce8083f27deef1341ae3086bf0d5a45bd1,87f63c0590d05baea263cdc42c6e1df2d063fa2def309ecb0283f3036bf33d46,87f63c0590d05baea263cdc42c6e1df2d063fa2def309ecb0283f3036bf33d46,1787977976.521539,36560.39,18280252,0,0.9584569931030273,1.0412378311157227,1.3647289276123047,0.00019073486328125,-0.00324249267578125,0.00476837158203125,-0.0073261260986328125,-0.0024423599243164062,0.15873050689697266,-0.0073261260986328125,-0.0073261260986328125,-0.0073261260986328125,-0.08058643341064453,-1.1008548736572266,7.336753845214844,-1.6581192016601562,0.10988998413085938,-0.11477375030517578,0.0,-1.3793401016567988,6.644685474238866,-1.6028274015798278,0.004729072844077767,-0.00569420419415023
47,2,heldout,3,1,0.3490658503988659,1.6635249920000206,3,s,af3726fcacd0ac1320a56ea850b0a2c0f5430cf4eb20a45c078706980f08407e,d24fbe3839599a6a097188bae8cd47ce8083f27deef1341ae3086bf0d5a45bd1,87f63c0590d05baea263cdc42c6e1df2d063fa2def309ecb0283f3036bf33d46,87f63c0590d05baea263cdc42c6e1df2d063fa2def309ecb0283f3036bf33d46,1787977976.523454,36560.392,18280253,0,0.9584569931030273,1.0412378311157227,1.3651103973388672,0.00057220458984375,-0.00324249267578125,0.00476837158203125,-0.0073261260986328125,-0.0024423599243164062,0.15384578704833984,0.0073261260986328125,0.0073261260986328125,-0.0073261260986328125,-0.07570171356201172,-1.1008548736572266,7.3094024658203125,-1.6581192016601562,0.10988998413085938,-0.11477375030517578,0.0,-1.3778570631912601,6.643202435773327,-1.6028274015798276,0.004729072844077765,-0.00569420419415023
47,2,heldout,3,1,0.3490658503988659,1.665433245994791,3,s,af3726fcacd0ac1320a56ea850b0a2c0f5430cf4eb20a45c078706980f08407e,d24fbe3839599a6a097188bae8cd47ce8083f27deef1341ae3086bf0d5a45bd1,87f63c0590d05baea263cdc42c6e1df2d063fa2def309ecb0283f3036bf33d46,87f63c0590d05baea263cdc42c6e1df2d063fa2def309ecb0283f3036bf33d46,1787977976.5253608,36560.394,18280254,0,0.9584569931030273,1.0412378311157227,1.3658733367919922,0.00019073486328125,-0.00324249267578125,0.00476837158203125,-0.0073261260986328125,-0.0024423599243164062,0.15384578704833984,-0.021978378295898438,-0.0073261260986328125,-0.0073261260986328125,-0.07570171356201172,-1.1008548736572266,7.25469970703125,-1.6532354354858398,0.10988998413085938,-0.11477375030517578,0.0,-1.3738518591112687,6.639197231693337,-1.6017904746282794,0.004745222239527592,-0.005692172320800493
47,2,heldout,3,1,0.3490658503988659,1.6673430559967528,3,s,af3726fcacd0ac1320a56ea850b0a2c0f5430cf4eb20a45c078706980f08407e,d24fbe3839599a6a097188bae8cd47ce8083f27deef1341ae3086bf0d5a45bd1,87f63c0590d05baea263cdc42c6e1df2d063fa2def309ecb0283f3036bf33d46,87f63c0590d05baea263cdc42c6e1df2d063fa2def309ecb0283f3036bf33d46,1787977976.5278769,36560.396,18280255,0,0.9584569931030273,1.0412378311157227,1.3666362762451172,0.00019073486328125,-0.00324249267578125,0.00476837158203125,-0.0073261260986328125,-0.0024423599243164062,0.15873050689697266,-0.021978378295898438,-0.0073261260986328125,-0.0073261260986328125,-0.07570171356201172,-1.1008548736572266,7.172649383544922,-1.6532354354858398,0.10988998413085938,-0.11477375030517578,0.0,-1.370188199652188,6.635533572234254,-1.6010980244541386,0.004755985051862843,-0.005690813596802666
47,2,heldout,3,1,0.3490658503988659,1.6698612479958683,3,s,af3726fcacd0ac1320a56ea850b0a2c0f5430cf4eb20a45c078706980f08407e,d24fbe3839599a6a097188bae8cd47ce8083f27deef1341ae3086bf0d5a45bd1,87f63c0590d05baea263cdc42c6e1df2d063fa2def309ecb0283f3036bf33d46,87f63c0590d05baea263cdc42c6e1df2d063fa2def309ecb0283f3036bf33d46,1787977976.52924,36560.398,18280256,0,0.9584569931030273,1.0412378311157227,1.3673992156982422,0.00019073486328125,-0.00324249267578125,0.00476837158203125,-0.0073261260986328125,-0.0024423599243164062,0.16361427307128906,-0.021978378295898438,0.0073261260986328125,-0.0073261260986328125,-0.07570171356201172,-1.1008548736572266,7.131622314453125,-1.6483516693115234,0.10988998413085938,-0.11477375030517578,0.0,-1.3665206778044123,6.6318660503864795,-1.600404642318335,0.004766745095850574,-0.005689451560315521
47,2,heldout,3,1,0.3490658503988659,1.6712187169978279,3,s,af3726fcacd0ac1320a56ea850b0a2c0f5430cf4eb20a45c078706980f08407e,d24fbe3839599a6a097188bae8cd47ce8083f27deef1341ae3086bf0d5a45bd1,87f63c0590d05baea263cdc42c6e1df2d063fa2def309ecb0283f3036bf33d46,87f63c0590d05baea263cdc42c6e1df2d063fa2def309ecb0283f3036bf33d46,1787977976.5317712,36560.4,18280257,0,0.9584569931030273,1.0412378311157227,1.3677806854248047,0.00019073486328125,-0.00324249267578125,0.00476837158203125,-0.0073261260986328125,-0.0024423599243164062,0.17338180541992188,-0.03663063049316406,-0.0073261260986328125,-0.0073261260986328125,-0.07570171356201172,-1.087179183959961,7.117950439453125,-1.643467903137207,0.10988998413085938,-0.10988998413085938,0.0,-1.3646854691517938,6.63003084173386,-1.6000576018909127,0.004772124077756817,-0.005688769300136128
47,2,heldout,3,1,0.3490658503988659,1.6737748279992957,3,s,af3726fcacd0ac1320a56ea850b0a2c0f5430cf4eb20a45c078706980f08407e,d24fbe3839599a6a097188bae8cd47ce8083f27deef1341ae3086bf0d5a45bd1,87f63c0590d05baea263cdc42c6e1df2d063fa2def309ecb0283f3036bf33d46,87f63c0590d05baea263cdc42c6e1df2d063fa2def309ecb0283f3036bf33d46,1787977976.5331364,36560.402,18280258,0,0.9584569931030273,1.0412378311157227,1.3685436248779297,0.00019073486328125,-0.00324249267578125,0.00476837158203125,-0.0073261260986328125,-0.0024423599243164062,0.16849803924560547,-0.021978378295898438,-0.021978378295898438,-0.0073261260986328125,-0.07570171356201172,-1.087179183959961,7.131622314453125,-1.6385831832885742,0.10988998413085938,-0.10988998413085938,0.0,-1.3610121577243872,6.6263575303064535,-1.599362822569535,0.004782879957480336,-0.00568740229640212
47,2,heldout,3,1,0.3490658503988659,1.675117163998948,3,s,af3726fcacd0ac1320a56ea850b0a2c0f5430cf4eb20a45c078706980f08407e,d24fbe3839599a6a097188bae8cd47ce8083f27deef1341ae3086bf0d5a45bd1,87f63c0590d05baea263cdc42c6e1df2d063fa2def309ecb0283f3036bf33d46,87f63c0590d05baea263cdc42c6e1df2d063fa2def309ecb0283f3036bf33d46,1787977976.5356004,36560.403999999995,18280259,0,0.9584569931030273,1.0412378311157227,1.3693065643310547,0.00019073486328125,-0.00324249267578125,0.00476837158203125,0.0073261260986328125,-0.0024423599243164062,0.16849803924560547,-0.021978378295898438,0.0073261260986328125,-0.0073261260986328125,-0.07570171356201172,-1.087179183959961,7.131622314453125,-1.6385831832885742,0.10988998413085938,-0.10988998413085938,0.0,-1.357334989249445,6.622680361831512,-1.5986671122965141,0.004793633053201442,-0.00568603198216443
47,2,heldout,3,1,0.3490658503988659,1.677579554998374,3,s,af3726fcacd0ac1320a56ea850b0a2c0f5430cf4eb20a45c078706980f08407e,d24fbe3839599a6a097188bae8cd47ce8083f27deef1341ae3086bf0d5a45bd1,87f63c0590d05baea263cdc42c6e1df2d063fa2def309ecb0283f3036bf33d46,87f63c0590d05baea263cdc42c6e1df2d063fa2def309ecb0283f3036bf33d46,1787977976.5375128,36560.405999999995,18280260,0,0.9584569931030273,1.0412378311157227,1.3696880340576172,0.00019073486328125,-0.00324249267578125,0.00476837158203125,0.0073261260986328125,-0.0024423599243164062,0.15873050689697266,-0.0073261260986328125,-0.0073261260986328125,-0.0073261260986328125,-0.07570171356201172,-1.087179183959961,7.268375396728516,-1.6385831832885742,0.10988998413085938,-0.10988998413085938,0.0,-1.355494959287934,6.62084033187,-1.5983189081796647,0.004799008555105049,-0.005685345583855886
47,2,heldout,3,1,0.3490658503988659,1.6794947300004424,3,s,af3726fcacd0ac1320a56ea850b0a2c0f5430cf4eb20a45c078706980f08407e,d24fbe3839599a6a097188bae8cd47ce8083f27deef1341ae3086bf0d5a45bd1,87f63c0590d05baea263cdc42c6e1df2d063fa2def309ecb0283f3036bf33d46,87f63c0590d05baea263cdc42c6e1df2d063fa2def309ecb0283f3036bf33d46,1787977976.5394244,36560.407999999996,18280261,0,0.9584569931030273,1.0412378311157227,1.3704509735107422,0.00019073486328125,-0.00324249267578125,0.00476837158203125,-0.0073261260986328125,-0.0024423599243164062,0.14896202087402344,-0.0073261260986328125,-0.021978378295898438,-0.0073261260986328125,-0.07570171356201172,-1.087179183959961,7.213676452636719,-1.6385831832885742,0.10988998413085938,-0.11477375030517578,0.0,-1.3518120092556292,6.617157381837696,-1.597621802238642,0.0048097574630871845,-0.005683970305358825
47,2,heldout,3,1,0.3490658503988659,1.6814021079990198,3,s,af3726fcacd0ac1320a56ea850b0a2c0f5430cf4eb20a45c078706980f08407e,d24fbe3839599a6a097188bae8cd47ce8083f27deef1341ae3086bf0d5a45bd1,87f63c0590d05baea263cdc42c6e1df2d063fa2def309ecb0283f3036bf33d46,87f63c0590d05baea263cdc42c6e1df2d063fa2def309ecb0283f3036bf33d46,1787977976.541481,36560.409999999996,18280262,0,0.9584569931030273,1.0412378311157227,1.3712139129638672,0.00019073486328125,-0.00324249267578125,0.00476837158203125,-0.0073261260986328125,-0.0024423599243164062,0.15384578704833984,-0.021978378295898438,-0.0073261260986328125,-0.0073261260986328125,-0.07570171356201172,-1.0735034942626953,7.158973693847656,-1.643467903137207,0.10988998413085938,-0.11477375030517578,0.0,-1.3481252075309815,6.613470580113049,-1.5969237663593827,0.004820503571422138,-0.005682591718355763
47,2,heldout,3,1,0.3490658503988659,1.6834779739947408,3,s,af3726fcacd0ac1320a56ea850b0a2c0f5430cf4eb20a45c078706980f08407e,d24fbe3839599a6a097188bae8cd47ce8083f27deef1341ae3086bf0d5a45bd1,87f63c0590d05baea263cdc42c6e1df2d063fa2def309ecb0283f3036bf33d46,87f63c0590d05baea263cdc42c6e1df2d063fa2def309ecb0283f3036bf33d46,1787977976.543406,36560.412,18280263,0,0.9584569931030273,1.0412378311157227,1.3715953826904297,0.00019073486328125,-0.00324249267578125,0.00476837158203125,-0.0073261260986328125,-0.0024423599243164062,0.15873050689697266,0.0073261260986328125,-0.0073261260986328125,-0.0073261260986328125,-0.07570171356201172,-1.0735034942626953,7.200000762939453,-1.643467903137207,0.10988998413085938,-0.11477375030517578,0.0,-1.3462803629545645,6.611625735536631,-1.5965743998198645,0.004825875573767156,-0.0056819011844151685
47,2,heldout,3,1,0.3490658503988659,1.685385717995814,3,s,af3726fcacd0ac1320a56ea850b0a2c0f5430cf4eb20a45c078706980f08407e,d24fbe3839599a6a097188bae8cd47ce8083f27deef1341ae3086bf0d5a45bd1,87f63c0590d05baea263cdc42c6e1df2d063fa2def309ecb0283f3036bf33d46,87f63c0590d05baea263cdc42c6e1df2d063fa2def309ecb0283f3036bf33d46,1787977976.5452855,36560.414,18280264,0,0.9584569931030273,1.0412378311157227,1.3723583221435547,0.00019073486328125,-0.00324249267578125,0.00476837158203125,-0.0073261260986328125,-0.0024423599243164062,0.15384578704833984,-0.0073261260986328125,-0.0073261260986328125,-0.0073261260986328125,-0.07570171356201172,-1.0735034942626953,7.213676452636719,-1.643467903137207,0.10988998413085938,-0.11477375030517578,0.0,-1.3425877877158536,6.60793316029792,-1.5958749697952521,0.004836617470903615,-0.005680517636158289
47,2,heldout,3,1,0.3490658503988659,1.6872591389983427,3,s,af3726fcacd0ac1320a56ea850b0a2c0f5430cf4eb20a45c078706980f08407e,d24fbe3839599a6a097188bae8cd47ce8083f27deef1341ae3086bf0d5a45bd1,87f63c0590d05baea263cdc42c6e1df2d063fa2def309ecb0283f3036bf33d46,87f63c0590d05baea263cdc42c6e1df2d063fa2def309ecb0283f3036bf33d46,1787977976.5472782,36560.416,18280265,0,0.9584569931030273,1.0412378311157227,1.3731212615966797,0.00019073486328125,-0.00324249267578125,0.00476837158203125,-0.021978378295898438,-0.0024423599243164062,0.15873050689697266,-0.0073261260986328125,-0.0073261260986328125,-0.0073261260986328125,-0.07570171356201172,-1.0598297119140625,7.158973693847656,-1.643467903137207,0.10988998413085938,-0.11477375030517578,0.0,-1.338891366154,6.604236738736066,-1.5951746108491935,0.004847356552758319,-0.005679130781405124
47,2,heldout,3,1,0.3490658503988659,1.6892632899980526,3,s,af3726fcacd0ac1320a56ea850b0a2c0f5430cf4eb20a45c078706980f08407e,d24fbe3839599a6a097188bae8cd47ce8083f27deef1341ae3086bf0d5a45bd1,87f63c0590d05baea263cdc42c6e1df2d063fa2def309ecb0283f3036bf33d46,87f63c0590d05baea263cdc42c6e1df2d063fa2def309ecb0283f3036bf33d46,1787977976.549204,36560.418,18280266,0,0.9584569931030273,1.0412378311157227,1.3735027313232422,0.00019073486328125,-0.00324249267578125,0.00476837158203125,-0.0073261260986328125,-0.0024423599243164062,0.16361427307128906,0.0073261260986328125,-0.0073261260986328125,-0.0073261260986328125,-0.07570171356201172,-1.0598297119140625,7.200000762939453,-1.6483516693115234,0.11477375030517578,-0.11477375030517578,0.0,-1.337041713674185,6.602387086256251,-1.5948240831579958,0.004852725036001518,-0.005678436114344628
47,2,heldout,3,1,0.3490658503988659,1.691186537995236,3,s,af3726fcacd0ac1320a56ea850b0a2c0f5430cf4eb20a45c078706980f08407e,d24fbe3839599a6a097188bae8cd47ce8083f27deef1341ae3086bf0d5a45bd1,87f63c0590d05baea263cdc42c6e1df2d063fa2def309ecb0283f3036bf33d46,87f63c0590d05baea263cdc42c6e1df2d063fa2def309ecb0283f3036bf33d46,1787977976.5516834,36560.42,18280267,0,0.9584569931030273,1.0412378311157227,1.3742656707763672,0.00019073486328125,-0.00324249267578125,0.00476837158203125,-0.0073261260986328125,-0.0024423599243164062,0.15873050689697266,-0.021978378295898438,-0.0073261260986328125,-0.0073261260986328125,-0.07570171356201172,-1.0598297119140625,7.25469970703125,-1.6483516693115234,0.10988998413085938,-0.11477375030517578,0.0,-1.3333395266625694,6.5986848992446365,-1.5941223315943045,0.004863459883213529,-0.005677044301361243
47,2,heldout,3,1,0.3490658503988659,1.6936793909990229,3,s,af3726fcacd0ac1320a56ea850b0a2c0f5430cf4eb20a45c078706980f08407e,d24fbe3839599a6a097188bae8cd47ce8083f27deef1341ae3086bf0d5a45bd1,87f63c0590d05baea263cdc42c6e1df2d063fa2def309ecb0283f3036bf33d46,87f63c0590d05baea263cdc42c6e1df2d063fa2def309ecb0283f3036bf33d46,1787977976.553593,36560.422,18280268,0,0.9584569931030273,1.0412378311157227,1.3750286102294922,0.00019073486328125,-0.00324249267578125,0.00476837158203125,-0.0073261260986328125,-0.0024423599243164062,0.15384578704833984,-0.0073261260986328125,-0.0073261260986328125,-0.0073261260986328125,-0.07570171356201172,-1.0461540222167969,7.268375396728516,-1.6483516693115234,0.11477375030517578,-0.11477375030517578,0.0,-1.3296334987110108,6.594978871293078,-1.593419652129336,0.004874191899519437,-0.005675649183903322
47,2,heldout,3,1,0.3490658503988659,1.695571434996964,3,s,af3726fcacd0ac1320a56ea850b0a2c0f5430cf4eb20a45c078706980f08407e,d24fbe3839599a6a097188bae8cd47ce8083f27deef1341ae3086bf0d5a45bd1,87f63c0590d05baea263cdc42c6e1df2d063fa2def309ecb0283f3036bf33d46,87f63c0590d05baea263cdc42c6e1df2d063fa2def309ecb0283f3036bf33d46,1787977976.5554867,36560.424,18280269,0,0.9584569931030273,1.0412378311157227,1.3754100799560547,0.00019073486328125,-0.00324249267578125,0.00476837158203125,-0.0073261260986328125,-0.0024423599243164062,0.14896202087402344,0.0073261260986328125,-0.021978378295898438,-0.0073261260986328125,-0.07570171356201172,-1.0598297119140625,7.295726776123047,-1.6483516693115234,0.11477375030517578,-0.11477375030517578,0.0,-1.3277790450567857,6.593124417638852,-1.5930679645616692,0.004879556844130396,-0.005674950386250104
47,2,heldout,3,1,0.3490658503988659,1.6974635029982892,3,s,af3726fcacd0ac1320a56ea850b0a2c0f5430cf4eb20a45c078706980f08407e,d24fbe3839599a6a097188bae8cd47ce8083f27deef1341ae3086bf0d5a45bd1,87f63c0590d05baea263cdc42c6e1df2d063fa2def309ecb0283f3036bf33d46,87f63c0590d05baea263cdc42c6e1df2d063fa2def309ecb0283f3036bf33d46,1787977976.5574121,36560.426,18280270,0,0.9584569931030273,1.0412378311157227,1.3761730194091797,0.00019073486328125,-0.00324249267578125,0.00476837158203125,-0.0073261260986328125,-0.0024423599243164062,0.14407825469970703,-0.021978378295898438,-0.0073261260986328125,-0.0073261260986328125,-0.08058643341064453,-1.0598297119140625,7.377777099609375,-1.6483516693115234,0.11477375030517578,-0.10988998413085938,0.0,-1.3240672597407432,6.589412632322811,-1.592363894011856,0.004890284602364818,-0.0056735503136036034
47,2,heldout,3,1,0.3490658503988659,1.6993928909942042,3,s,af3726fcacd0ac1320a56ea850b0a2c0f5430cf4eb20a45c078706980f08407e,d24fbe3839599a6a097188bae8cd47ce8083f27deef1341ae3086bf0d5a45bd1,87f63c0590d05baea263cdc42c6e1df2d063fa2def309ecb0283f3036bf33d46,87f63c0590d05baea263cdc42c6e1df2d063fa2def309ecb0283f3036bf33d46,1787977976.5593326,36560.428,18280271,0,0.9584569931030273,1.0412378311157227,1.3765544891357422,0.00019073486328125,-0.00324249267578125,0.00476837158203125,-0.0073261260986328125,-0.0024423599243164062,0.14407825469970703,-0.0073261260986328125,-0.0073261260986328125,-0.0073261260986328125,-0.08058643341064453,-1.0461540222167969,7.323078155517578,-1.643467903137207,0.11477375030517578,-0.11477375030517578,0.0,-1.322209928619061,6.587555301201128,-1.5920115111321647,0.0048956474144271865,-0.005672849038814053
47,2,heldout,3,1,0.3490658503988659,1.7013138949987479,3,s,af3726fcacd0ac1320a56ea850b0a2c0f5430cf4eb20a45c078706980f08407e,d24fbe3839599a6a097188bae8cd47ce8083f27deef1341ae3086bf0d5a45bd1,87f63c0590d05baea263cdc42c6e1df2d063fa2def309ecb0283f3036bf33d46,87f63c0590d05baea263cdc42c6e1df2d063fa2def309ecb0283f3036bf33d46,1787977976.5612533,36560.43,18280272,0,0.9584569931030273,1.0412378311157227,1.3773174285888672,0.00019073486328125,-0.00324249267578125,0.00476837158203125,-0.0073261260986328125,-0.0024423599243164062,0.14407825469970703,-0.021978378295898438,-0.0073261260986328125,-0.0073261260986328125,-0.07570171356201172,-1.0461540222167969,7.1863250732421875,-1.643467903137207,0.10988998413085938,-0.11477375030517578,0.0,-1.3184923907997563,6.583837763381824,-1.5913060504196073,0.004906370900540272,-0.005671444012812606
47,2,heldout,3,1,0.3490658503988659,1.7032315679971362,3,s,af3726fcacd0ac1320a56ea850b0a2c0f5430cf4eb20a45c078706980f08407e,d24fbe3839599a6a097188bae8cd47ce8083f27deef1341ae3086bf0d5a45bd1,87f63c0590d05baea263cdc42c6e1df2d063fa2def309ecb0283f3036bf33d46,87f63c0590d05baea263cdc42c6e1df2d063fa2def309ecb0283f3036bf33d46,1787977976.5632138,36560.432,18280273,0,0.9584569931030273,1.0412378311157227,1.3780803680419922,0.00019073486328125,-0.00324249267578125,0.00476837158203125,-0.0073261260986328125,-0.0024423599243164062,0.14896202087402344,-0.0073261260986328125,0.0073261260986328125,-0.0073261260986328125,-0.08058643341064453,-1.0324783325195312,7.213676452636719,-1.643467903137207,0.10988998413085938,-0.11477375030517578,0.0,-1.3147710206826793,6.580116393264746,-1.590599663445064,0.004917091530769759,-0.005670035685596419
47,2,heldout,3,1,0.3490658503988659,1.7052001240008394,3,s,af3726fcacd0ac1320a56ea850b0a2c0f5430cf4eb20a45c078706980f08407e,d24fbe3839599a6a097188bae8cd47ce8083f27deef1341ae3086bf0d5a45bd1,87f63c0590d05baea263cdc42c6e1df2d063fa2def309ecb0283f3036bf33d46,87f63c0590d05baea263cdc42c6e1df2d063fa2def309ecb0283f3036bf33d46,1787977976.5657403,36560.434,18280274,0,0.9584569931030273,1.0412378311157227,1.3784618377685547,0.00019073486328125,-0.00324249267578125,0.00476837158203125,-0.021978378295898438,-0.0024423599243164062,0.15873050689697266,0.0073261260986328125,-0.0073261260986328125,-0.0073261260986328125,-0.08058643341064453,-1.0324783325195312,7.200000762939453,-1.6385831832885742,0.10988998413085938,-0.10988998413085938,0.0,-1.3129088991893003,6.5782542717713675,-1.5902461227380187,0.004922450772978017,-0.0056693302842888964
47,2,heldout,3,1,0.3490658503988659,1.7077251989976503,3,s,af3726fcacd0ac1320a56ea850b0a2c0f5430cf4eb20a45c078706980f08407e,d24fbe3839599a6a097188bae8cd47ce8083f27deef1341ae3086bf0d5a45bd1,87f63c0590d05baea263cdc42c6e1df2d063fa2def309ecb0283f3036bf33d46,87f63c0590d05baea263cdc42c6e1df2d063fa2def309ecb0283f3036bf33d46,1787977976.5676951,36560.436,18280275,0,0.9584569931030273,1.0412378311157227,1.3792247772216797,0.00019073486328125,-0.00324249267578125,0.00476837158203125,-0.0073261260986328125,-0.0024423599243164062,0.15384578704833984,-0.0073261260986328125,-0.0073261260986328125,-0.0073261260986328125,-0.08058643341064453,-1.0324783325195312,7.200000762939453,-1.643467903137207,0.10988998413085938,-0.10988998413085938,0.0,-1.309181784687737,6.574527157269804,-1.5895383471416125,0.004933167107682202,-0.005667917006788238
47,2,heldout,3,1,0.3490658503988659,1.709678258994245,3,s,af3726fcacd0ac1320a56ea850b0a2c0f5430cf4eb20a45c078706980f08407e,d24fbe3839599a6a097188bae8cd47ce8083f27deef1341ae3086bf0d5a45bd1,87f63c0590d05baea263cdc42c6e1df2d063fa2def309ecb0283f3036bf33d46,87f63c0590d05baea263cdc42c6e1df2d063fa2def309ecb0283f3036bf33d46,1787977976.569626,36560.438,18280276,0,0.9584569931030273,1.0412378311157227,1.3799877166748047,0.00019073486328125,-0.00324249267578125,0.00476837158203125,-0.021978378295898438,-0.0024423599243164062,0.15384578704833984,-0.021978378295898438,-0.021978378295898438,-0.0073261260986328125,-0.08058643341064453,-1.0188026428222656,7.1863250732421875,-1.643467903137207,0.10988998413085938,-0.10988998413085938,0.0,-1.3054508433078855,6.570796215889953,-1.5888296463121607,0.00494388057090534,-0.00566650043012583
47,2,heldout,3,1,0.3490658503988659,1.7116084589943057,3,s,af3726fcacd0ac1320a56ea850b0a2c0f5430cf4eb20a45c078706980f08407e,d24fbe3839599a6a097188bae8cd47ce8083f27deef1341ae3086bf0d5a45bd1,87f63c0590d05baea263cdc42c6e1df2d063fa2def309ecb0283f3036bf33d46,87f63c0590d05baea263cdc42c6e1df2d063fa2def309ecb0283f3036bf33d46,1787977976.5715296,36560.439999999995,18280277,0,0.9584569931030273,1.0412378311157227,1.3803691864013672,0.00019073486328125,-0.00324249267578125,0.00476837158203125,-0.0073261260986328125,-0.0024423599243164062,0.15384578704833984,-0.021978378295898438,-0.0073261260986328125,-0.0073261260986328125,-0.08058643341064453,-1.0324783325195312,7.241024017333984,-1.6385831832885742,0.10988998413085938,-0.10988998413085938,0.0,-1.3035839382171688,6.568929310799236,-1.5884749490639334,0.0049492362237626856,-0.005665790904866566
47,2,heldout,3,1,0.3490658503988659,1.7135348779993365,3,s,af3726fcacd0ac1320a56ea850b0a2c0f5430cf4eb20a45c078706980f08407e,d24fbe3839599a6a097188bae8cd47ce8083f27deef1341ae3086bf0d5a45bd1,87f63c0590d05baea263cdc42c6e1df2d063fa2def309ecb0283f3036bf33d46,87f63c0590d05baea263cdc42c6e1df2d063fa2def309ecb0283f3036bf33d46,1787977976.5734851,36560.441999999995,18280278,0,0.9584569931030273,1.0412378311157227,1.3811321258544922,0.00019073486328125,-0.00324249267578125,0.00476837158203125,-0.0073261260986328125,-0.0024423599243164062,0.15384578704833984,-0.0073261260986328125,-0.0073261260986328125,-0.0073261260986328125,-0.07570171356201172,-1.0324783325195312,7.200000762939453,-1.6385831832885742,0.10988998413085938,-0.11477375030517578,0.0,-1.299847260592504,6.56519263317457,-1.5877648611585513,0.004959945368072181,-0.005664369381008169
47,2,heldout,3,1,0.3490658503988659,1.715468898000836,3,s,af3726fcacd0ac1320a56ea850b0a2c0f5430cf4eb20a45c078706980f08407e,d24fbe3839599a6a097188bae8cd47ce8083f27deef1341ae3086bf0d5a45bd1,87f63c0590d05baea263cdc42c6e1df2d063fa2def309ecb0283f3036bf33d46,87f63c0590d05baea263cdc42c6e1df2d063fa2def309ecb0283f3036bf33d46,1787977976.575411,36560.443999999996,18280279,0,0.9584569931030273,1.0412378311157227,1.3815135955810547,0.00019073486328125,-0.00324249267578125,0.00476837158203125,-0.0073261260986328125,-0.0024423599243164062,0.14896202087402344,-0.0073261260986328125,-0.0073261260986328125,-0.0073261260986328125,-0.07570171356201172,-1.0324783325195312,7.25469970703125,-1.6385831832885742,0.10988998413085938,-0.10988998413085938,0.0,-1.2979774886023157,6.563322861184384,-1.5874094706047293,0.004965298857965941,-0.005663657382615897
47,2,heldout,3,1,0.3490658503988659,1.7173940770007903,3,s,af3726fcacd0ac1320a56ea850b0a2c0f5430cf4eb20a45c078706980f08407e,d24fbe3839599a6a097188bae8cd47ce8083f27deef1341ae3086bf0d5a45bd1,87f63c0590d05baea263cdc42c6e1df2d063fa2def309ecb0283f3036bf33d46,87f63c0590d05baea263cdc42c6e1df2d063fa2def309ecb0283f3036bf33d46,1787977976.5773616,36560.445999999996,18280280,0,0.9584569931030273,1.0412378311157227,1.3822765350341797,0.00019073486328125,-0.00324249267578125,0.00476837158203125,-0.0073261260986328125,-0.0024423599243164062,0.15384578704833984,-0.0073261260986328125,0.0073261260986328125,-0.0073261260986328125,-0.07570171356201172,-1.0324783325195312,7.200000762939453,-1.6385831832885742,0.10988998413085938,-0.11477375030517578,0.0,-1.2942350796266633,6.5595804522087295,-1.5866979965533998,0.004976003669336321,-0.005662230913423247
47,2,heldout,3,1,0.3490658503988659,1.7193471639984637,3,s,af3726fcacd0ac1320a56ea850b0a2c0f5430cf4eb20a45c078706980f08407e,d24fbe3839599a6a097188bae8cd47ce8083f27deef1341ae3086bf0d5a45bd1,87f63c0590d05baea263cdc42c6e1df2d063fa2def309ecb0283f3036bf33d46,87f63c0590d05baea263cdc42c6e1df2d063fa2def309ecb0283f3036bf33d46,1787977976.579297,36560.448,18280281,0,0.9584569931030273,1.0412378311157227,1.3830394744873047,0.00019073486328125,-0.00324249267578125,0.00476837158203125,-0.0073261260986328125,-0.0024423599243164062,0.14896202087402344,0.0073261260986328125,-0.021978378295898438,-0.0073261260986328125,-0.08058643341064453,-1.0324783325195312,7.200000762939453,-1.6385831832885742,0.10988998413085938,-0.10988998413085938,0.0,-1.2904888524728462,6.555834225054914,-1.5859855989223262,0.004986705584291498,-0.005660801148378586
47,2,heldout,3,1,0.3490658503988659,1.72128210599476,3,s,af3726fcacd0ac1320a56ea850b0a2c0f5430cf4eb20a45c078706980f08407e,d24fbe3839599a6a097188bae8cd47ce8083f27deef1341ae3086bf0d5a45bd1,87f63c0590d05baea263cdc42c6e1df2d063fa2def309ecb0283f3036bf33d46,87f63c0590d05baea263cdc42c6e1df2d063fa2def309ecb0283f3036bf33d46,1787977976.5812774,36560.45,18280282,0,0.9584569931030273,1.0412378311157227,1.3834209442138672,0.00019073486328125,-0.00324249267578125,0.00476837158203125,-0.021978378295898438,-0.0024423599243164062,0.14896202087402344,-0.0073261260986328125,-0.021978378295898438,-0.0073261260986328125,-0.08058643341064453,-1.0188026428222656,7.172649383544922,-1.6385831832885742,0.10988998413085938,-0.10988998413085938,0.0,-1.288614307760476,6.553959680342544,-1.5856290538939477,0.0049920554536666524,-0.005660085030171749
47,2,heldout,3,1,0.3490658503988659,1.7232629200007068,3,s,af3726fcacd0ac1320a56ea850b0a2c0f5430cf4eb20a45c078706980f08407e,d24fbe3839599a6a097188bae8cd47ce8083f27deef1341ae3086bf0d5a45bd1,87f63c0590d05baea263cdc42c6e1df2d063fa2def309ecb0283f3036bf33d46,87f63c0590d05baea263cdc42c6e1df2d063fa2def309ecb0283f3036bf33d46,1787977976.5832243,36560.452,18280283,0,0.9584569931030273,1.0412378311157227,1.3841838836669922,0.00019073486328125,-0.00324249267578125,0.00476837158203125,-0.0073261260986328125,-0.0024423599243164062,0.15384578704833984,-0.0073261260986328125,0.0073261260986328125,-0.0073261260986328125,-0.07570171356201172,-1.0051288604736328,7.1863250732421875,-1.6385831832885742,0.10988998413085938,-0.10988998413085938,0.0,-1.284862357428721,6.550207730010789,-1.5849152716709318,0.005002753012319552,-0.00565865032291011
47,2,heldout,3,1,0.3490658503988659,1.7252087769957143,3,s,af3726fcacd0ac1320a56ea850b0a2c0f5430cf4eb20a45c078706980f08407e,d24fbe3839599a6a097188bae8cd47ce8083f27deef1341ae3086bf0d5a45bd1,87f63c0590d05baea263cdc42c6e1df2d063fa2def309ecb0283f3036bf33d46,87f63c0590d05baea263cdc42c6e1df2d063fa2def309ecb0283f3036bf33d46,1787977976.5857232,36560.454,18280284,0,0.9584569931030273,1.0412378311157227,1.3845653533935547,0.00019073486328125,-0.00324249267578125,0.00476837158203125,-0.0073261260986328125,-0.0024423599243164062,0.14896202087402344,-0.0073261260986328125,0.0073261260986328125,-0.0073261260986328125,-0.07570171356201172,-1.0051288604736328,7.25469970703125,-1.6385831832885742,0.10988998413085938,-0.11477375030517578,0.0,-1.2829849523553183,6.548330324937385,-1.5845580345801618,0.005008100700040595,-0.005657931734064084
47,2,heldout,3,1,0.3490658503988659,1.7277086059984867,3,s,af3726fcacd0ac1320a56ea850b0a2c0f5430cf4eb20a45c078706980f08407e,d24fbe3839599a6a097188bae8cd47ce8083f27deef1341ae3086bf0d5a45bd1,87f63c0590d05baea263cdc42c6e1df2d063fa2def309ecb0283f3036bf33d46,87f63c0590d05baea263cdc42c6e1df2d063fa2def309ecb0283f3036bf33d46,1787977976.5876997,36560.456,18280285,0,0.9584569931030273,1.0412378311157227,1.3853282928466797,0.00019073486328125,-0.00324249267578125,0.00476837158203125,-0.0073261260986328125,-0.0024423599243164062,0.13919448852539062,-0.0073261260986328125,-0.0073261260986328125,-0.0073261260986328125,-0.07570171356201172,-0.9914531707763672,7.336753845214844,-1.6385831832885742,0.10988998413085938,-0.11477375030517578,0.0,-1.2792272837594452,6.544572656341513,-1.5838428687000223,0.005018793888380923,-0.005656492086464458
47,2,heldout,3,1,0.3490658503988659,1.7296871239959728,3,s,af3726fcacd0ac1320a56ea850b0a2c0f5430cf4eb20a45c078706980f08407e,d24fbe3839599a6a097188bae8cd47ce8083f27deef1341ae3086bf0d5a45bd1,87f63c0590d05baea263cdc42c6e1df2d063fa2def309ecb0283f3036bf33d46,87f63c0590d05baea263cdc42c6e1df2d063fa2def309ecb0283f3036bf33d46,1787977976.5896106,36560.458,18280286,0,0.9584569931030273,1.0412378311157227,1.3857097625732422,0.00019073486328125,-0.00324249267578125,0.00476837158203125,-0.0073261260986328125,-0.0024423599243164062,0.1343097686767578,-0.0073261260986328125,-0.0073261260986328125,-0.0073261260986328125,-0.07570171356201172,-1.0051288604736328,7.295726776123047,-1.6385831832885742,0.10988998413085938,-0.11477375030517578,0.0,-1.2773470207837934,6.542692393365861,-1.5834849400147237,0.005024139387444141,-0.005655771027920358
47,2,heldout,3,1,0.3490658503988659,1.7315877239961992,3,s,af3726fcacd0ac1320a56ea850b0a2c0f5430cf4eb20a45c078706980f08407e,d24fbe3839599a6a097188bae8cd47ce8083f27deef1341ae3086bf0d5a45bd1,87f63c0590d05baea263cdc42c6e1df2d063fa2def309ecb0283f3036bf33d46,87f63c0590d05baea263cdc42c6e1df2d063fa2def309ecb0283f3036bf33d46,1787977976.5914857,36560.46,18280287,0,0.9584569931030273,1.0412378311157227,1.3864727020263672,0.00019073486328125,-0.00324249267578125,0.00476837158203125,-0.0073261260986328125,-0.0024423599243164062,0.1343097686767578,0.0073261260986328125,-0.021978378295898438,-0.0073261260986328125,-0.07570171356201172,-1.0051288604736328,7.282051086425781,-1.6336994171142578,0.10988998413085938,-0.10988998413085938,0.0,-1.2735836388451223,6.538929011427189,-1.5827683914140953,0.005034828191467322,-0.005654326441868216
47,2,heldout,3,1,0.3490658503988659,1.7335184929979732,3,s,af3726fcacd0ac1320a56ea850b0a2c0f5430cf4eb20a45c078706980f08407e,d24fbe3839599a6a097188bae8cd47ce8083f27deef1341ae3086bf0d5a45bd1,87f63c0590d05baea263cdc42c6e1df2d063fa2def309ecb0283f3036bf33d46,87f63c0590d05baea263cdc42c6e1df2d063fa2def309ecb0283f3036bf33d46,1787977976.593467,36560.462,18280288,0,0.9584569931030273,1.0412378311157227,1.3868541717529297,0.00019073486328125,-0.00324249267578125,0.00476837158203125,-0.0073261260986328125,-0.0024423599243164062,0.1343097686767578,-0.0073261260986328125,-0.0073261260986328125,-0.0073261260986328125,-0.07570171356201172,-0.9914531707763672,7.336753845214844,-1.6336994171142578,0.10988998413085938,-0.11477375030517578,0.0,-1.2717005204297476,6.537045893011816,-1.582409771603037,0.005040171494871863,-0.00565360291457039
47,2,heldout,3,1,0.3490658503988659,1.7354479499990703,3,s,af3726fcacd0ac1320a56ea850b0a2c0f5430cf4eb20a45c078706980f08407e,d24fbe3839599a6a097188bae8cd47ce8083f27deef1341ae3086bf0d5a45bd1,87f63c0590d05baea263cdc42c6e1df2d063fa2def309ecb0283f3036bf33d46,87f63c0590d05baea263cdc42c6e1df2d063fa2def309ecb0283f3036bf33d46,1787977976.5953991,36560.464,18280289,0,0.9584569931030273,1.0412378311157227,1.3876171112060547,0.00019073486328125,-0.00324249267578125,0.00476837158203125,-0.0073261260986328125,-0.0024423599243164062,0.13919448852539062,-0.021978378295898438,-0.0073261260986328125,-0.0073261260986328125,-0.08058643341064453,-1.0051288604736328,7.241024017333984,-1.6336994171142578,0.10988998413085938,-0.10988998413085938,0.0,-1.2679314300770745,6.533276802659142,-1.5816918412203633,0.005050855900579069,-0.005652153391957668
47,2,heldout,3,1,0.3490658503988659,1.7373852809978416,3,s,af3726fcacd0ac1320a56ea850b0a2c0f5430cf4eb20a45c078706980f08407e,d24fbe3839599a6a097188bae8cd47ce8083f27deef1341ae3086bf0d5a45bd1,87f63c0590d05baea263cdc42c6e1df2d063fa2def309ecb0283f3036bf33d46,87f63c0590d05baea263cdc42c6e1df2d063fa2def309ecb0283f3036bf33d46,1787977976.5973597,36560.466,18280290,0,0.9584569931030273,1.0412378311157227,1.3879985809326172,0.00019073486328125,-0.00324249267578125,0.00476837158203125,0.0073261260986328125,-0.0024423599243164062,0.14407825469970703,-0.03663063049316406,-0.0073261260986328125,-0.0073261260986328125,-0.08058643341064453,-0.9914531707763672,7.227352142333984,-1.6288156509399414,0.11477375030517578,-0.10988998413085938,0.0,-1.2660454586882477,6.531390831270315,-1.5813325307532202,0.0050561970013269526,-0.0056514273968537015
47,2,heldout,3,1,0.3490658503988659,1.7393448559960234,3,s,af3726fcacd0ac1320a56ea850b0a2c0f5430cf4eb20a45c078706980f08407e,d24fbe3839599a6a097188bae8cd47ce8083f27deef1341ae3086bf0d5a45bd1,87f63c0590d05baea263cdc42c6e1df2d063fa2def309ecb0283f3036bf33d46,87f63c0590d05baea263cdc42c6e1df2d063fa2def309ecb0283f3036bf33d46,1787977976.5992873,36560.468,18280291,0,0.9584569931030273,1.0412378311157227,1.3887615203857422,0.00019073486328125,-0.00324249267578125,0.00476837158203125,-0.03663063049316406,-0.0024423599243164062,0.13919448852539062,-0.0073261260986328125,-0.0073261260986328125,-0.0073261260986328125,-0.08058643341064453,-0.9777774810791016,7.282051086425781,-1.623931884765625,0.10988998413085938,-0.10988998413085938,0.0,-1.2622706648578428,6.527616037439909,-1.580613219528754,0.005066876994725116,-0.005649972939578795
47,2,heldout,3,1,0.3490658503988659,1.7412691179997637,3,s,af3726fcacd0ac1320a56ea850b0a2c0f5430cf4eb20a45c078706980f08407e,d24fbe3839599a6a097188bae8cd47ce8083f27deef1341ae3086bf0d5a45bd1,87f63c0590d05baea263cdc42c6e1df2d063fa2def309ecb0283f3036bf33d46,87f63c0590d05baea263cdc42c6e1df2d063fa2def309ecb0283f3036bf33d46,1787977976.6012597,36560.47,18280292,0,0.9584569931030273,1.0412378311157227,1.3891429901123047,0.00019073486328125,-0.00324249267578125,0.00476837158203125,-0.0073261260986328125,-0.0024423599243164062,0.14407825469970703,-0.0073261260986328125,-0.0073261260986328125,-0.0073261260986328125,-0.08058643341064453,-0.9777774810791016,7.25469970703125,-1.623931884765625,0.10988998413085938,-0.10988998413085938,0.0,-1.2603818429655684,6.525727215547635,-1.5802532188761054,0.005072215885821255,-0.005649244477619504
47,2,heldout,3,1,0.3490658503988659,1.743237536000379,3,s,af3726fcacd0ac1320a56ea850b0a2c0f5430cf4eb20a45c078706980f08407e,d24fbe3839599a6a097188bae8cd47ce8083f27deef1341ae3086bf0d5a45bd1,87f63c0590d05baea263cdc42c6e1df2d063fa2def309ecb0283f3036bf33d46,87f63c0590d05baea263cdc42c6e1df2d063fa2def309ecb0283f3036bf33d46,1787977976.603761,36560.472,18280293,0,0.9584569931030273,1.0412378311157227,1.3899059295654297,0.00019073486328125,-0.00324249267578125,0.00476837158203125,-0.0073261260986328125,-0.0024423599243164062,0.15384578704833984,0.0073261260986328125,0.0073261260986328125,-0.0073261260986328125,-0.07570171356201172,-0.9777774810791016,7.227352142333984,-1.6288156509399414,0.10988998413085938,-0.10988998413085938,0.0,-1.2566013506011722,6.521946723183239,-1.5795325277519092,0.0050828914529230836,-0.005647785087587277
47,2,heldout,3,1,0.3490658503988659,1.7457418579942896,3,s,af3726fcacd0ac1320a56ea850b0a2c0f5430cf4eb20a45c078706980f08407e,d24fbe3839599a6a097188bae8cd47ce8083f27deef1341ae3086bf0d5a45bd1,87f63c0590d05baea263cdc42c6e1df2d063fa2def309ecb0283f3036bf33d46,87f63c0590d05baea263cdc42c6e1df2d063fa2def309ecb0283f3036bf33d46,1787977976.605692,36560.474,18280294,0,0.9584569931030273,1.0412378311157227,1.3906688690185547,0.00019073486328125,-0.00324249267578125,0.00476837158203125,-0.0073261260986328125,-0.0024423599243164062,0.14896202087402344,-0.0073261260986328125,-0.0073261260986328125,-0.0073261260986328125,-0.07570171356201172,-0.9641017913818359,7.25469970703125,-1.6336994171142578,0.10988998413085938,-0.11477375030517578,0.0,-1.2528170619643302,6.518162434546397,-1.57881091721882,0.005093564061392837,-0.005646322410111616
47,2,heldout,3,1,0.3490658503988659,1.74767203299416,3,s,af3726fcacd0ac1320a56ea850b0a2c0f5430cf4eb20a45c078706980f08407e,d24fbe3839599a6a097188bae8cd47ce8083f27deef1341ae3086bf0d5a45bd1,87f63c0590d05baea263cdc42c6e1df2d063fa2def309ecb0283f3036bf33d46,87f63c0590d05baea263cdc42c6e1df2d063fa2def309ecb0283f3036bf33d46,1787977976.607581,36560.475999999995,18280295,0,0.9584569931030273,1.0412378311157227,1.3910503387451172,0.00057220458984375,-0.00324249267578125,0.00476837158203125,-0.0073261260986328125,-0.0024423599243164062,0.14896202087402344,0.021978378295898438,-0.0073261260986328125,-0.0073261260986328125,-0.07570171356201172,-0.9777774810791016,7.323078155517578,-1.6385831832885742,0.10988998413085938,-0.10988998413085938,0.0,-1.2512846446456491,6.516630017227717,-1.5788109172188198,0.005093564061392837,-0.005646322410111615
47,2,heldout,3,1,0.3490658503988659,1.7495569969978533,3,s,af3726fcacd0ac1320a56ea850b0a2c0f5430cf4eb20a45c078706980f08407e,d24fbe3839599a6a097188bae8cd47ce8083f27deef1341ae3086bf0d5a45bd1,87f63c0590d05baea263cdc42c6e1df2d063fa2def309ecb0283f3036bf33d46,87f63c0590d05baea263cdc42c6e1df2d063fa2def309ecb0283f3036bf33d46,1787977976.6094685,36560.477999999996,18280296,0,0.9584569931030273,1.0412378311157227,1.3918132781982422,0.00057220458984375,-0.00324249267578125,0.00476837158203125,-0.0073261260986328125,-0.0024423599243164062,0.14896202087402344,0.021978378295898438,-0.0073261260986328125,-0.0073261260986328125,-0.07570171356201172,-0.9641017913818359,7.323078155517578,-1.643467903137207,0.10988998413085938,-0.10988998413085938,0.0,-1.2474951250677206,6.512840497649788,-1.5780883876968697,0.005104233705018236,-0.00564485644604391
47,2,heldout,3,1,0.3490658503988659,1.7514472580005531,3,s,af3726fcacd0ac1320a56ea850b0a2c0f5430cf4eb20a45c078706980f08407e,d24fbe3839599a6a097188bae8cd47ce8083f27deef1341ae3086bf0d5a45bd1,87f63c0590d05baea263cdc42c6e1df2d063fa2def309ecb0283f3036bf33d46,87f63c0590d05baea263cdc42c6e1df2d063fa2def309ecb0283f3036bf33d46,1787977976.611357,36560.479999999996,18280297,0,0.9584569931030273,1.0412378311157227,1.3921947479248047,0.00057220458984375,-0.00324249267578125,0.00476837158203125,-0.0073261260986328125,-0.0024423599243164062,0.13919448852539062,0.0073261260986328125,0.0073261260986328125,-0.0073261260986328125,-0.07570171356201172,-0.9641017913818359,7.3094024658203125,-1.6483516693115234,0.10988998413085938,-0.10988998413085938,0.0,-1.2455989435263357,6.510944316108404,-1.577726778446479,0.005109567413073437,-0.0056441222318046255
47,2,heldout,3,1,0.3490658503988659,1.753354066000611,3,s,af3726fcacd0ac1320a56ea850b0a2c0f5430cf4eb20a45c078706980f08407e,d24fbe3839599a6a097188bae8cd47ce8083f27deef1341ae3086bf0d5a45bd1,87f63c0590d05baea263cdc42c6e1df2d063fa2def309ecb0283f3036bf33d46,87f63c0590d05baea263cdc42c6e1df2d063fa2def309ecb0283f3036bf33d46,1787977976.6132772,36560.481999999996,18280298,0,0.9584569931030273,1.0412378311157227,1.3929576873779297,0.00057220458984375,-0.00324249267578125,0.00476837158203125,-0.0073261260986328125,-0.0024423599243164062,0.14407825469970703,0.021978378295898438,-0.021978378295898438,-0.0073261260986328125,-0.08058643341064453,-0.9641017913818359,7.241024017333984,-1.6532354354858398,0.10988998413085938,-0.10988998413085938,0.0,-1.2418037383183755,6.507149110900443,-1.577002871229969,0.005120232597788066,-0.005642651339449397
47,2,heldout,3,1,0.3490658503988659,1.7552574119981728,3,s,af3726fcacd0ac1320a56ea850b0a2c0f5430cf4eb20a45c078706980f08407e,d24fbe3839599a6a097188bae8cd47ce8083f27deef1341ae3086bf0d5a45bd1,87f63c0590d05baea263cdc42c6e1df2d063fa2def309ecb0283f3036bf33d46,87f63c0590d05baea263cdc42c6e1df2d063fa2def309ecb0283f3036bf33d46,1787977976.615201,36560.484,18280299,0,0.9584569931030273,1.0412378311157227,1.3933391571044922,0.00057220458984375,-0.00324249267578125,0.00476837158203125,0.0073261260986328125,-0.0024423599243164062,0.14896202087402344,0.021978378295898438,-0.0073261260986328125,-0.0073261260986328125,-0.07570171356201172,-0.9641017913818359,7.241024017333984,-1.6581192016601562,0.10988998413085938,-0.10988998413085938,0.0,-1.239904715204075,6.505250087786141,-1.576640573369193,0.005125564072895503,-0.005641914661547497
47,2,heldout,3,1,0.3490658503988659,1.7571808399952715,3,s,af3726fcacd0ac1320a56ea850b0a2c0f5430cf4eb20a45c078706980f08407e,d24fbe3839599a6a097188bae8cd47ce8083f27deef1341ae3086bf0d5a45bd1,87f63c0590d05baea263cdc42c6e1df2d063fa2def309ecb0283f3036bf33d46,87f63c0590d05baea263cdc42c6e1df2d063fa2def309ecb0283f3036bf33d46,1787977976.6176627,36560.486,18280300,0,0.9584569931030273,1.0412378311157227,1.3941020965576172,0.00057220458984375,-0.00324249267578125,0.00476837158203125,-0.0073261260986328125,-0.0024423599243164062,0.14896202087402344,0.0073261260986328125,-0.0073261260986328125,-0.0073261260986328125,-0.07570171356201172,-0.9641017913818359,7.282051086425781,-1.6581192016601562,0.10988998413085938,-0.11477375030517578,0.0,-1.236103829336557,6.501449201918624,-1.5759152894062047,0.005136224784731466,-0.0056404388428311315
47,2,heldout,3,1,0.3490658503988659,1.7596419299952686,3,s,af3726fcacd0ac1320a56ea850b0a2c0f5430cf4eb20a45c078706980f08407e,d24fbe3839599a6a097188bae8cd47ce8083f27deef1341ae3086bf0d5a45bd1,87f63c0590d05baea263cdc42c6e1df2d063fa2def309ecb0283f3036bf33d46,87f63c0590d05baea263cdc42c6e1df2d063fa2def309ecb0283f3036bf33d46,1787977976.6195524,36560.488,18280301,0,0.9584569931030273,1.0412378311157227,1.3948650360107422,0.00057220458984375,-0.00324249267578125,0.00476837158203125,-0.0073261260986328125,-0.0024423599243164062,0.15384578704833984,0.0073261260986328125,-0.03663063049316406,-0.0073261260986328125,-0.08058643341064453,-0.9641017913818359,7.268375396728516,-1.6581192016601562,0.10988998413085938,-0.10988998413085938,0.0,-1.232299159127716,6.497644531709784,-1.5751890881398336,0.005146882506891265,-0.005638959740947412
47,2,heldout,3,1,0.3490658503988659,1.761530652998772,3,s,af3726fcacd0ac1320a56ea850b0a2c0f5430cf4eb20a45c078706980f08407e,d24fbe3839599a6a097188bae8cd47ce8083f27deef1341ae3086bf0d5a45bd1,87f63c0590d05baea263cdc42c6e1df2d063fa2def309ecb0283f3036bf33d46,87f63c0590d05baea263cdc42c6e1df2d063fa2def309ecb0283f3036bf33d46,1787977976.6214259,36560.49,18280302,0,0.9584569931030273,1.0412378311157227,1.3952465057373047,0.00057220458984375,-0.00324249267578125,0.00476837158203125,-0.0073261260986328125,-0.0024423599243164062,0.15384578704833984,-0.0073261260986328125,-0.0073261260986328125,-0.0073261260986328125,-0.08058643341064453,-0.9504280090332031,7.3094024658203125,-1.6581192016601562,0.10988998413085938,-0.10988998413085938,0.0,-1.230395405587281,6.495740778169348,-1.5748256436499537,0.005152210244903907,-0.005638218959086766
47,2,heldout,3,1,0.3490658503988659,1.7634020580007927,3,s,af3726fcacd0ac1320a56ea850b0a2c0f5430cf4eb20a45c078706980f08407e,d24fbe3839599a6a097188bae8cd47ce8083f27deef1341ae3086bf0d5a45bd1,87f63c0590d05baea263cdc42c6e1df2d063fa2def309ecb0283f3036bf33d46,87f63c0590d05baea263cdc42c6e1df2d063fa2def309ecb0283f3036bf33d46,1787977976.623297,36560.492,18280303,0,0.9584569931030273,1.0412378311157227,1.3960094451904297,0.00057220458984375,-0.00324249267578125,0.00476837158203125,-0.0073261260986328125,-0.0024423599243164062,0.14896202087402344,0.0073261260986328125,0.0073261260986328125,-0.0073261260986328125,-0.07570171356201172,-0.9641017913818359,7.3094024658203125,-1.6581192016601562,0.10988998413085938,-0.10988998413085938,0.0,-1.2265850630195365,6.4919304356016045,-1.574098067221245,0.00516286347091824,-0.005636734934066891
47,2,heldout,3,1,0.3490658503988659,1.7652706399967428,3,s,af3726fcacd0ac1320a56ea850b0a2c0f5430cf4eb20a45c078706980f08407e,d24fbe3839599a6a097188bae8cd47ce8083f27deef1341ae3086bf0d5a45bd1,87f63c0590d05baea263cdc42c6e1df2d063fa2def309ecb0283f3036bf33d46,87f63c0590d05baea263cdc42c6e1df2d063fa2def309ecb0283f3036bf33d46,1787977976.625741,36560.494,18280304,0,0.9584569931030273,1.0412378311157227,1.3963909149169922,0.00057220458984375,-0.00324249267578125,0.00476837158203125,-0.0073261260986328125,-0.0024423599243164062,0.14407825469970703,-0.0073261260986328125,-0.0073261260986328125,-0.0073261260986328125,-0.07570171356201172,-0.9641017913818359,7.323078155517578,-1.6581192016601562,0.10988998413085938,-0.10988998413085938,0.0,-1.224678474546707,6.490023847128775,-1.5737339353882926,0.005168188957369684,-0.005635991691123615
47,2,heldout,3,1,0.3490658503988659,1.767715452995617,3,s,af3726fcacd0ac1320a56ea850b0a2c0f5430cf4eb20a45c078706980f08407e,d24fbe3839599a6a097188bae8cd47ce8083f27deef1341ae3086bf0d5a45bd1,87f63c0590d05baea263cdc42c6e1df2d063fa2def309ecb0283f3036bf33d46,87f63c0590d05baea263cdc42c6e1df2d063fa2def309ecb0283f3036bf33d46,1787977976.6276045,36560.496,18280305,0,0.9584569931030273,1.0412378311157227,1.3971538543701172,0.00057220458984375,-0.00324249267578125,0.00476837158203125,-0.0073261260986328125,-0.0024423599243164062,0.14896202087402344,0.0073261260986328125,-0.0073261260986328125,-0.0073261260986328125,-0.08058643341064453,-0.9504280090332031,7.350425720214844,-1.6532354354858398,0.10988998413085938,-0.10988998413085938,0.0,-1.2208624646103596,6.486207837192427,-1.573004984750134,0.005178837673286313,-0.005634502744911169
47,2,heldout,3,1,0.3490658503988659,1.7695777369954158,3,s,af3726fcacd0ac1320a56ea850b0a2c0f5430cf4eb20a45c078706980f08407e,d24fbe3839599a6a097188bae8cd47ce8083f27deef1341ae3086bf0d5a45bd1,87f63c0590d05baea263cdc42c6e1df2d063fa2def309ecb0283f3036bf33d46,87f63c0590d05baea263cdc42c6e1df2d063fa2def309ecb0283f3036bf33d46,1787977976.6294603,36560.498,18280306,0,0.9584569931030273,1.0412378311157227,1.3975353240966797,0.00057220458984375,-0.00324249267578125,0.00476837158203125,-0.0073261260986328125,-0.0024423599243164062,0.14407825469970703,-0.0073261260986328125,0.0073261260986328125,-0.0073261260986328125,-0.08058643341064453,-0.9504280090332031,7.446155548095703,-1.6483516693115234,0.10988998413085938,-0.10988998413085938,0.0,-1.218953043702146,6.484298416284213,-1.5726401660510039,0.005184160901201912,-0.00563375704185867
47,2,heldout,3,1,0.3490658503988659,1.7714318489961443,3,s,af3726fcacd0ac1320a56ea850b0a2c0f5430cf4eb20a45c078706980f08407e,d24fbe3839599a6a097188bae8cd47ce8083f27deef1341ae3086bf0d5a45bd1,87f63c0590d05baea263cdc42c6e1df2d063fa2def309ecb0283f3036bf33d46,87f63c0590d05baea263cdc42c6e1df2d063fa2def309ecb0283f3036bf33d46,1787977976.6314373,36560.5,18280307,0,0.9584569931030273,1.0412378311157227,1.3982982635498047,0.00057220458984375,-0.00324249267578125,0.00476837158203125,-0.0073261260986328125,-0.0024423599243164062,0.13919448852539062,-0.0073261260986328125,-0.021978378295898438,-0.0073261260986328125,-0.08058643341064453,-0.9367523193359375,7.336753845214844,-1.643467903137207,0.10988998413085938,-0.10988998413085938,0.0,-1.2151313713949217,6.480476743976989,-1.5719098421580817,0.005194805093074515,-0.00563226317640369
47,2,heldout,3,1,0.3490658503988659,1.773443033998774,3,s,af3726fcacd0ac1320a56ea850b0a2c0f5430cf4eb20a45c078706980f08407e,d24fbe3839599a6a097188bae8cd47ce8083f27deef1341ae3086bf0d5a45bd1,87f63c0590d05baea263cdc42c6e1df2d063fa2def309ecb0283f3036bf33d46,87f63c0590d05baea263cdc42c6e1df2d063fa2def309ecb0283f3036bf33d46,1787977976.6334321,36560.502,18280308,0,0.9584569931030273,1.0412378311157227,1.3990612030029297,0.00057220458984375,-0.00324249267578125,0.00476837158203125,-0.0073261260986328125,-0.0024423599243164062,0.14407825469970703,-0.0073261260986328125,-0.0073261260986328125,-0.0073261260986328125,-0.08058643341064453,-0.9367523193359375,7.3094024658203125,-1.643467903137207,0.11477375030517578,-0.10988998413085938,0.0,-1.211305926953947,6.476651299536014,-1.5711786032932524,0.005205446261172731,-0.005630766032540214
47,2,heldout,3,1,0.3490658503988659,1.7754192110005533,3,s,af3726fcacd0ac1320a56ea850b0a2c0f5430cf4eb20a45c078706980f08407e,d24fbe3839599a6a097188bae8cd47ce8083f27deef1341ae3086bf0d5a45bd1,87f63c0590d05baea263cdc42c6e1df2d063fa2def309ecb0283f3036bf33d46,87f63c0590d05baea263cdc42c6e1df2d063fa2def309ecb0283f3036bf33d46,1787977976.6353383,36560.504,18280309,0,0.9584569931030273,1.0412378311157227,1.3994426727294922,0.00057220458984375,-0.00324249267578125,0.00476837158203125,0.0073261260986328125,-0.0024423599243164062,0.14896202087402344,-0.021978378295898438,-0.0073261260986328125,-0.0073261260986328125,-0.08058643341064453,-0.9230766296386719,7.200000762939453,-1.6385831832885742,0.10988998413085938,-0.10988998413085938,0.0,-1.2093917908790621,6.47473716346113,-1.570812640879363,0.005210765709370759,-0.005630016231477545
47,2,heldout,3,1,0.3490658503988659,1.777316207997501,3,s,af3726fcacd0ac1320a56ea850b0a2c0f5430cf4eb20a45c078706980f08407e,d24fbe3839599a6a097188bae8cd47ce8083f27deef1341ae3086bf0d5a45bd1,87f63c0590d05baea263cdc42c6e1df2d063fa2def309ecb0283f3036bf33d46,87f63c0590d05baea263cdc42c6e1df2d063fa2def309ecb0283f3036bf33d46,1787977976.637223,36560.506,18280310,0,0.9584569931030273,1.0412378311157227,1.4002056121826172,0.00057220458984375,-0.00324249267578125,0.00476837158203125,-0.0073261260986328125,-0.0024423599243164062,0.14896202087402344,-0.0073261260986328125,-0.0073261260986328125,-0.0073261260986328125,-0.08058643341064453,-0.9230766296386719,7.227352142333984,-1.6336994171142578,0.10988998413085938,-0.10988998413085938,0.0,-1.205560692413224,6.470906064995291,-1.5700800303549105,0.005221402330194242,-0.005628514171635902
47,2,heldout,3,1,0.3490658503988659,1.7792020269989735,3,s,af3726fcacd0ac1320a56ea850b0a2c0f5430cf4eb20a45c078706980f08407e,d24fbe3839599a6a097188bae8cd47ce8083f27deef1341ae3086bf0d5a45bd1,87f63c0590d05baea263cdc42c6e1df2d063fa2def309ecb0283f3036bf33d46,87f63c0590d05baea263cdc42c6e1df2d063fa2def309ecb0283f3036bf33d46,1787977976.6396925,36560.508,18280311,0,0.9584569931030273,1.0412378311157227,1.4005870819091797,0.00057220458984375,-0.00324249267578125,0.00476837158203125,-0.0073261260986328125,-0.0024423599243164062,0.14896202087402344,-0.021978378295898438,-0.021978378295898438,-0.0073261260986328125,-0.08058643341064453,-0.9230766296386719,7.241024017333984,-1.6336994171142578,0.10988998413085938,-0.10988998413085938,0.0,-1.2036437305797654,6.4689891031618325,-1.569713382350955,0.0052267195012718655,-0.005627761913075505
47,2,heldout,3,1,0.3490658503988659,1.781675254998845,3,s,af3726fcacd0ac1320a56ea850b0a2c0f5430cf4eb20a45c078706980f08407e,d24fbe3839599a6a097188bae8cd47ce8083f27deef1341ae3086bf0d5a45bd1,87f63c0590d05baea263cdc42c6e1df2d063fa2def309ecb0283f3036bf33d46,87f63c0590d05baea263cdc42c6e1df2d063fa2def309ecb0283f3036bf33d46,1787977976.6415958,36560.509999999995,18280312,0,0.9584569931030273,1.0412378311157227,1.4013500213623047,0.00057220458984375,-0.00324249267578125,0.00476837158203125,-0.0073261260986328125,-0.0024423599243164062,0.15384578704833984,-0.021978378295898438,-0.0073261260986328125,-0.0073261260986328125,-0.07570171356201172,-0.9094009399414062,7.268375396728516,-1.6288156509399414,0.10988998413085938,-0.11477375030517578,0.0,-1.199806983106541,6.465152355688608,-1.5689794011263578,0.005237351560890132,-0.005626254939222898
47,2,heldout,3,1,0.3490658503988659,1.7835780389941647,3,s,af3726fcacd0ac1320a56ea850b0a2c0f5430cf4eb20a45c078706980f08407e,d24fbe3839599a6a097188bae8cd47ce8083f27deef1341ae3086bf0d5a45bd1,87f63c0590d05baea263cdc42c6e1df2d063fa2def309ecb0283f3036bf33d46,87f63c0590d05baea263cdc42c6e1df2d063fa2def309ecb0283f3036bf33d46,1787977976.6434762,36560.511999999995,18280313,0,0.9584569931030273,1.0412378311157227,1.4017314910888672,0.00057220458984375,-0.00324249267578125,0.00476837158203125,-0.0073261260986328125,-0.0024423599243164062,0.14896202087402344,-0.0073261260986328125,-0.0073261260986328125,-0.0073261260986328125,-0.07570171356201172,-0.9094009399414062,7.336753845214844,-1.623931884765625,0.10988998413085938,-0.10988998413085938,0.0,-1.1978871980250985,6.4632325706071665,-1.5686120680125248,0.005242666447883602,-0.005625500224149984
47,2,heldout,3,1,0.3490658503988659,1.7854578330006916,3,s,af3726fcacd0ac1320a56ea850b0a2c0f5430cf4eb20a45c078706980f08407e,d24fbe3839599a6a097188bae8cd47ce8083f27deef1341ae3086bf0d5a45bd1,87f63c0590d05baea263cdc42c6e1df2d063fa2def309ecb0283f3036bf33d46,87f63c0590d05baea263cdc42c6e1df2d063fa2def309ecb0283f3036bf33d46,1787977976.645386,36560.513999999996,18280314,0,0.9584569931030273,1.0412378311157227,1.4024944305419922,0.00057220458984375,-0.00324249267578125,0.00476837158203125,0.0073261260986328125,-0.0024423599243164062,0.14407825469970703,-0.021978378295898438,-0.0073261260986328125,-0.0073261260986328125,-0.07570171356201172,-0.9094009399414062,7.295726776123047,-1.623931884765625,0.10988998413085938,-0.11477375030517578,0.0,-1.1940448065693705,6.459390179151438,-1.5678767170490577,0.005253293932372135,-0.0056239883382600536
47,2,heldout,3,1,0.3490658503988659,1.7873643599959905,3,s,af3726fcacd0ac1320a56ea850b0a2c0f5430cf4eb20a45c078706980f08407e,d24fbe3839599a6a097188bae8cd47ce8083f27deef1341ae3086bf0d5a45bd1,87f63c0590d05baea263cdc42c6e1df2d063fa2def309ecb0283f3036bf33d46,87f63c0590d05baea263cdc42c6e1df2d063fa2def309ecb0283f3036bf33d46,1787977976.6475375,36560.515999999996,18280315,0,0.9584569931030273,1.0412378311157227,1.4032573699951172,0.00057220458984375,-0.00324249267578125,0.00476837158203125,-0.0073261260986328125,-0.0024423599243164062,0.14896202087402344,-0.0073261260986328125,-0.021978378295898438,-0.0073261260986328125,-0.07570171356201172,-0.9094009399414062,7.3094024658203125,-1.623931884765625,0.10988998413085938,-0.11477375030517578,0.0,-1.1901986552538955,6.455544027835962,-1.5671404534612725,0.005263918359041298,-0.005622473178778222
47,2,heldout,3,1,0.3490658503988659,1.7895548609958496,3,s,af3726fcacd0ac1320a56ea850b0a2c0f5430cf4eb20a45c078706980f08407e,d24fbe3839599a6a097188bae8cd47ce8083f27deef1341ae3086bf0d5a45bd1,87f63c0590d05baea263cdc42c6e1df2d063fa2def309ecb0283f3036bf33d46,87f63c0590d05baea263cdc42c6e1df2d063fa2def309ecb0283f3036bf33d46,1787977976.6495352,36560.518,18280316,0,0.9584569931030273,1.0412378311157227,1.4036388397216797,0.00057220458984375,-0.00324249267578125,0.00476837158203125,-0.021978378295898438,-0.0024423599243164062,0.14896202087402344,0.0073261260986328125,-0.0073261260986328125,-0.0073261260986328125,-0.07570171356201172,-0.9094009399414062,7.3094024658203125,-1.6288156509399414,0.10988998413085938,-0.10988998413085938,0.0,-1.1882741703482742,6.4536195429303405,-1.566771979567165,0.005269229423760971,-0.005621714371715873
47,2,heldout,3,1,0.3490658503988659,1.7915203379961895,3,s,af3726fcacd0ac1320a56ea850b0a2c0f5430cf4eb20a45c078706980f08407e,d24fbe3839599a6a097188bae8cd47ce8083f27deef1341ae3086bf0d5a45bd1,87f63c0590d05baea263cdc42c6e1df2d063fa2def309ecb0283f3036bf33d46,87f63c0590d05baea263cdc42c6e1df2d063fa2def309ecb0283f3036bf33d46,1787977976.6514323,36560.52,18280317,0,0.9584569931030273,1.0412378311157227,1.4044017791748047,0.00057220458984375,-0.00324249267578125,0.00476837158203125,-0.0073261260986328125,-0.0024423599243164062,0.14896202087402344,0.0073261260986328125,-0.0073261260986328125,-0.0073261260986328125,-0.08058643341064453,-0.8957271575927734,7.350425720214844,-1.6336994171142578,0.10988998413085938,-0.10988998413085938,0.0,-1.1844223834415202,6.449767756023588,-1.5660343478466214,0.005279849252106205,-0.00562019430350042
47,2,heldout,3,1,0.3490658503988659,1.7934285259980243,3,s,af3726fcacd0ac1320a56ea850b0a2c0f5430cf4eb20a45c078706980f08407e,d24fbe3839599a6a097188bae8cd47ce8083f27deef1341ae3086bf0d5a45bd1,87f63c0590d05baea263cdc42c6e1df2d063fa2def309ecb0283f3036bf33d46,87f63c0590d05baea263cdc42c6e1df2d063fa2def309ecb0283f3036bf33d46,1787977976.6533387,36560.522,18280318,0,0.9584569931030273,1.0412378311157227,1.4047832489013672,0.00057220458984375,-0.00324249267578125,0.00476837158203125,-0.0073261260986328125,-0.0024423599243164062,0.14896202087402344,0.021978378295898438,-0.0073261260986328125,-0.0073261260986328125,-0.08058643341064453,-0.8957271575927734,7.3094024658203125,-1.6336994171142578,0.10988998413085938,-0.11477375030517578,0.0,-1.1824950820008946,6.447840454582962,-1.5656651901275236,0.005285158014186373,-0.005619433042568509
47,2,heldout,3,1,0.3490658503988659,1.7953165649960283,3,s,af3726fcacd0ac1320a56ea850b0a2c0f5430cf4eb20a45c078706980f08407e,d24fbe3839599a6a097188bae8cd47ce8083f27deef1341ae3086bf0d5a45bd1,87f63c0590d05baea263cdc42c6e1df2d063fa2def309ecb0283f3036bf33d46,87f63c0590d05baea263cdc42c6e1df2d063fa2def309ecb0283f3036bf33d46,1787977976.6552305,36560.524,18280319,0,0.9584569931030273,1.0412378311157227,1.4055461883544922,0.00057220458984375,-0.00324249267578125,0.00476837158203125,0.0073261260986328125,-0.0024423599243164062,0.14896202087402344,-0.0073261260986328125,0.0073261260986328125,-0.0073261260986328125,-0.08058643341064453,-0.8957271575927734,7.336753845214844,-1.643467903137207,0.10988998413085938,-0.10988998413085938,0.0,-1.1786376645474415,6.4439830371295095,-1.5649261912402765,0.005295773230299183,-0.005617908067610221
47,2,heldout,3,1,0.3490658503988659,1.7972088609967614,3,s,af3726fcacd0ac1320a56ea850b0a2c0f5430cf4eb20a45c078706980f08407e,d24fbe3839599a6a097188bae8cd47ce8083f27deef1341ae3086bf0d5a45bd1,87f63c0590d05baea263cdc42c6e1df2d063fa2def309ecb0283f3036bf33d46,87f63c0590d05baea263cdc42c6e1df2d063fa2def309ecb0283f3036bf33d46,1787977976.6576977,36560.526,18280320,0,0.9584569931030273,1.0412378311157227,1.4063100814819336,0.00057220458984375,-0.00324249267578125,0.00476837158203125,-0.0073261260986328125,-0.0024423599243164062,0.15384578704833984,-0.021978378295898438,0.0073261260986328125,-0.0073261260986328125,-0.07570171356201172,-0.8957271575927734,7.3094024658203125,-1.6385831832885742,0.10988998413085938,-0.11477375030517578,0.0,-1.1747716673956463,6.4401170399777135,-1.5641853559890515,0.0053063986271017945,-0.005616377910246984
47,2,heldout,3,1,0.3490658503988659,1.7996769909950672,3,s,af3726fcacd0ac1320a56ea850b0a2c0f5430cf4eb20a45c078706980f08407e,d24fbe3839599a6a097188bae8cd47ce8083f27deef1341ae3086bf0d5a45bd1,87f63c0590d05baea263cdc42c6e1df2d063fa2def309ecb0283f3036bf33d46,87f63c0590d05baea263cdc42c6e1df2d063fa2def309ecb0283f3036bf33d46,1787977976.659613,36560.528,18280321,0,0.9584569931030273,1.0412378311157227,1.406691551208496,0.00057220458984375,-0.00324249267578125,0.00476837158203125,-0.0073261260986328125,-0.0024423599243164062,0.15384578704833984,-0.0073261260986328125,-0.0073261260986328125,-0.0073261260986328125,-0.07570171356201172,-0.8957271575927734,7.336753845214844,-1.6385831832885742,0.10988998413085938,-0.10988998413085938,0.0,-1.172839674998465,6.438185047580533,-1.5638150590674904,0.0053117035340689974,-0.005615612559706535
47,2,heldout,3,1,0.3490658503988659,1.8015997249967768,3,s,af3726fcacd0ac1320a56ea850b0a2c0f5430cf4eb20a45c078706980f08407e,d24fbe3839599a6a097188bae8cd47ce8083f27deef1341ae3086bf0d5a45bd1,87f63c0590d05baea263cdc42c6e1df2d063fa2def309ecb0283f3036bf33d46,87f63c0590d05baea263cdc42c6e1df2d063fa2def309ecb0283f3036bf33d46,1787977976.6615348,36560.53,18280322,0,0.9584569931030273,1.0412378311157227,1.407454490661621,0.00057220458984375,-0.00324249267578125,0.00476837158203125,-0.021978378295898438,-0.0024423599243164062,0.14896202087402344,-0.0073261260986328125,-0.0073261260986328125,-0.0073261260986328125,-0.08058643341064453,-0.8820514678955078,7.3094024658203125,-1.6385831832885742,0.10988998413085938,-0.10988998413085938,0.0,-1.1689728798477257,6.434318252429793,-1.5630737825831689,0.005322311028367785,-0.00561407940719962
47,2,heldout,3,1,0.3490658503988659,1.803517265994742,3,s,af3726fcacd0ac1320a56ea850b0a2c0f5430cf4eb20a45c078706980f08407e,d24fbe3839599a6a097188bae8cd47ce8083f27deef1341ae3086bf0d5a45bd1,87f63c0590d05baea263cdc42c6e1df2d063fa2def309ecb0283f3036bf33d46,87f63c0590d05baea263cdc42c6e1df2d063fa2def309ecb0283f3036bf33d46,1787977976.6636822,36560.532,18280323,0,0.9584569931030273,1.0412378311157227,1.4078359603881836,0.00057220458984375,-0.00324249267578125,0.00476837158203125,-0.0073261260986328125,-0.0024423599243164062,0.14896202087402344,0.0073261260986328125,-0.0073261260986328125,-0.0073261260986328125,-0.07570171356201172,-0.8683757781982422,7.323078155517578,-1.6385831832885742,0.10500621795654297,-0.11477375030517578,0.0,-1.167038077656857,6.432383450238924,-1.5627028031282784,0.00532761361415578,-0.0056133116054562565
47,2,heldout,3,1,0.3490658503988659,1.8056708069998422,3,s,af3726fcacd0ac1320a56ea850b0a2c0f5430cf4eb20a45c078706980f08407e,d24fbe3839599a6a097188bae8cd47ce8083f27deef1341ae3086bf0d5a45bd1,87f63c0590d05baea263cdc42c6e1df2d063fa2def309ecb0283f3036bf33d46,87f63c0590d05baea263cdc42c6e1df2d063fa2def309ecb0283f3036bf33d46,1787977976.665656,36560.534,18280324,0,0.9584569931030273,1.0412378311157227,1.4085988998413086,0.00057220458984375,-0.00324249267578125,0.00476837158203125,0.0073261260986328125,-0.0024423599243164062,0.14896202087402344,0.0073261260986328125,-0.0073261260986328125,-0.0073261260986328125,-0.07570171356201172,-0.8683757781982422,7.364101409912109,-1.6385831832885742,0.10988998413085938,-0.11477375030517578,0.0,-1.1631656654518852,6.428511038033952,-1.561960162062963,0.005338216459150835,-0.0056117735515483725
47,2,heldout,3,1,0.3490658503988659,1.807641250998131,3,s,af3726fcacd0ac1320a56ea850b0a2c0f5430cf4eb20a45c078706980f08407e,d24fbe3839599a6a097188bae8cd47ce8083f27deef1341ae3086bf0d5a45bd1,87f63c0590d05baea263cdc42c6e1df2d063fa2def309ecb0283f3036bf33d46,87f63c0590d05baea263cdc42c6e1df2d063fa2def309ecb0283f3036bf33d46,1787977976.6675897,36560.536,18280325,0,0.9584569931030273,1.0412378311157227,1.408980369567871,0.00057220458984375,-0.00324249267578125,0.00476837158203125,0.0073261260986328125,-0.0024423599243164062,0.14407825469970703,0.021978378295898438,-0.0073261260986328125,-0.0073261260986328125,-0.07570171356201172,-0.8683757781982422,7.418804168701172,-1.6385831832885742,0.10988998413085938,-0.11477375030517578,0.0,-1.1612280560012886,6.426573428583355,-1.561588500560606,0.005343516716814978,-0.005611003299607665
47,2,heldout,3,1,0.3490658503988659,1.8095739779964788,3,s,af3726fcacd0ac1320a56ea850b0a2c0f5430cf4eb20a45c078706980f08407e,d24fbe3839599a6a097188bae8cd47ce8083f27deef1341ae3086bf0d5a45bd1,87f63c0590d05baea263cdc42c6e1df2d063fa2def309ecb0283f3036bf33d46,87f63c0590d05baea263cdc42c6e1df2d063fa2def309ecb0283f3036bf33d46,1787977976.6695075,36560.538,18280326,0,0.9584569931030273,1.0412378311157227,1.409743309020996,0.00057220458984375,-0.00324249267578125,0.00476837158203125,-0.0073261260986328125,-0.0024423599243164062,0.14896202087402344,0.0073261260986328125,-0.0073261260986328125,-0.0073261260986328125,-0.07570171356201172,-0.8683757781982422,7.295726776123047,-1.643467903137207,0.10988998413085938,-0.11477375030517578,0.0,-1.1573500318136711,6.422695404395739,-1.5608444958869128,0.005354114898620045,-0.005609460346313156
47,2,heldout,3,1,0.3490658503988659,1.8114924939945922,3,s,af3726fcacd0ac1320a56ea850b0a2c0f5430cf4eb20a45c078706980f08407e,d24fbe3839599a6a097188bae8cd47ce8083f27deef1341ae3086bf0d5a45bd1,87f63c0590d05baea263cdc42c6e1df2d063fa2def309ecb0283f3036bf33d46,87f63c0590d05baea263cdc42c6e1df2d063fa2def309ecb0283f3036bf33d46,1787977976.6714334,36560.54,18280327,0,0.9584569931030273,1.0412378311157227,1.410506248474121,0.00057220458984375,-0.00324249267578125,0.00476837158203125,-0.0073261260986328125,-0.0024423599243164062,0.15384578704833984,-0.021978378295898438,-0.0073261260986328125,-0.0073261260986328125,-0.07570171356201172,-0.8683757781982422,7.336753845214844,-1.643467903137207,0.10988998413085938,-0.11477375030517578,0.0,-1.1534682691254752,6.418813641707542,-1.560099582682192,0.005364709963920215,-0.00560791412788315
47,2,heldout,3,1,0.3490658503988659,1.81344047300081,3,s,af3726fcacd0ac1320a56ea850b0a2c0f5430cf4eb20a45c078706980f08407e,d24fbe3839599a6a097188bae8cd47ce8083f27deef1341ae3086bf0d5a45bd1,87f63c0590d05baea263cdc42c6e1df2d063fa2def309ecb0283f3036bf33d46,87f63c0590d05baea263cdc42c6e1df2d063fa2def309ecb0283f3036bf33d46,1787977976.6733594,36560.542,18280328,0,0.9584569931030273,1.0412378311157227,1.4108877182006836,0.00095367431640625,-0.00324249267578125,0.00476837158203125,-0.0073261260986328125,-0.0024423599243164062,0.15384578704833984,0.0073261260986328125,0.0073261260986328125,-0.0073261260986328125,-0.07570171356201172,-0.8683757781982422,7.350425720214844,-1.643467903137207,0.10988998413085938,-0.11477375030517578,0.0,-1.1518987837156793,6.417244156297746,-1.560099582682192,0.005364709963920215,-0.005607914127883149
47,2,heldout,3,1,0.3490658503988659,1.8153376199988998,3,s,af3726fcacd0ac1320a56ea850b0a2c0f5430cf4eb20a45c078706980f08407e,d24fbe3839599a6a097188bae8cd47ce8083f27deef1341ae3086bf0d5a45bd1,87f63c0590d05baea263cdc42c6e1df2d063fa2def309ecb0283f3036bf33d46,87f63c0590d05baea263cdc42c6e1df2d063fa2def309ecb0283f3036bf33d46,1787977976.6752853,36560.544,18280329,0,0.9584569931030273,1.0412378311157227,1.4116506576538086,0.00095367431640625,-0.00324249267578125,0.00476837158203125,0.0073261260986328125,-0.0024423599243164062,0.15384578704833984,-0.0073261260986328125,-0.021978378295898438,-0.0073261260986328125,-0.07570171356201172,-0.8683757781982422,7.323078155517578,-1.643467903137207,0.10988998413085938,-0.11477375030517578,0.0,-1.1480118713997725,6.413357243981839,-1.5593537613800394,0.005375301906548356,-0.005606364645217658
47,2,heldout,3,1,0.3490658503988659,1.8172717060006107,3,s,af3726fcacd0ac1320a56ea850b0a2c0f5430cf4eb20a45c078706980f08407e,d24fbe3839599a6a097188bae8cd47ce8083f27deef1341ae3086bf0d5a45bd1,87f63c0590d05baea263cdc42c6e1df2d063fa2def309ecb0283f3036bf33d46,87f63c0590d05baea263cdc42c6e1df2d063fa2def309ecb0283f3036bf33d46,1787977976.677816,36560.545999999995,18280330,0,0.9584569931030273,1.0412378311157227,1.4124135971069336,0.00095367431640625,-0.00324249267578125,0.00476837158203125,-0.0073261260986328125,-0.0024423599243164062,0.16361427307128906,0.0073261260986328125,-0.0073261260986328125,-0.0073261260986328125,-0.08058643341064453,-0.8683757781982422,7.3094024658203125,-1.643467903137207,0.10988998413085938,-0.11477375030517578,0.0,-1.1441212260188058,6.409466598600872,-1.558607032414581,0.00538589072033914,-0.005604811899218603
47,2,heldout,3,1,0.3490658503988659,1.8198043509983108,3,s,af3726fcacd0ac1320a56ea850b0a2c0f5430cf4eb20a45c078706980f08407e,d24fbe3839599a6a097188bae8cd47ce8083f27deef1341ae3086bf0d5a45bd1,87f63c0590d05baea263cdc42c6e1df2d063fa2def309ecb0283f3036bf33d46,87f63c0590d05baea263cdc42c6e1df2d063fa2def309ecb0283f3036bf33d46,1787977976.6798236,36560.547999999995,18280331,0,0.9584569931030273,1.0412378311157227,1.412795066833496,0.00057220458984375,-0.00324249267578125,0.00476837158203125,-0.0073261260986328125,-0.0024423599243164062,0.16361427307128906,-0.0073261260986328125,0.0073261260986328125,-0.0073261260986328125,-0.08058643341064453,-0.8683757781982422,7.336753845214844,-1.643467903137207,0.10988998413085938,-0.10988998413085938,0.0,-1.1418005726630984,6.407145945245166,-1.5578593962204716,0.005396476399129069,-0.005603255890789804
47,2,heldout,3,1,0.3490658503988659,1.8218138640004327,3,s,af3726fcacd0ac1320a56ea850b0a2c0f5430cf4eb20a45c078706980f08407e,d24fbe3839599a6a097188bae8cd47ce8083f27deef1341ae3086bf0d5a45bd1,87f63c0590d05baea263cdc42c6e1df2d063fa2def309ecb0283f3036bf33d46,87f63c0590d05baea263cdc42c6e1df2d063fa2def309ecb0283f3036bf33d46,1787977976.6812437,36560.549999999996,18280332,0,0.9584569931030273,1.0412378311157227,1.413558006286621,0.00095367431640625,-0.00324249267578125,0.00476837158203125,0.0073261260986328125,-0.0024423599243164062,0.16361427307128906,-0.0073261260986328125,-0.0073261260986328125,-0.0073261260986328125,-0.08058643341064453,-0.8683757781982422,7.3094024658203125,-1.6385831832885742,0.10988998413085938,-0.10988998413085938,0.0,-1.1382782634049067,6.403623635986973,-1.5574852380486457,0.005401768060973117,-0.0056024766634472116
47,2,heldout,3,1,0.3490658503988659,1.8232327160003479,3,s,af3726fcacd0ac1320a56ea850b0a2c0f5430cf4eb20a45c078706980f08407e,d24fbe3839599a6a097188bae8cd47ce8083f27deef1341ae3086bf0d5a45bd1,87f63c0590d05baea263cdc42c6e1df2d063fa2def309ecb0283f3036bf33d46,87f63c0590d05baea263cdc42c6e1df2d063fa2def309ecb0283f3036bf33d46,1787977976.6837509,36560.551999999996,18280333,0,0.9584569931030273,1.0412378311157227,1.414320945739746,0.00057220458984375,-0.00324249267578125,0.00476837158203125,-0.0073261260986328125,-0.0024423599243164062,0.16361427307128906,-0.0073261260986328125,-0.0073261260986328125,-0.0073261260986328125,-0.08058643341064453,-0.8410263061523438,7.295726776123047,-1.6385831832885742,0.10988998413085938,-0.11477375030517578,0.0,-1.1340034573337718,6.399348829915839,-1.5563614038875484,0.005417638327061486,-0.005600134090267725
47,2,heldout,3,1,0.3490658503988659,1.8257384809985524,3,s,af3726fcacd0ac1320a56ea850b0a2c0f5430cf4eb20a45c078706980f08407e,d24fbe3839599a6a097188bae8cd47ce8083f27deef1341ae3086bf0d5a45bd1,87f63c0590d05baea263cdc42c6e1df2d063fa2def309ecb0283f3036bf33d46,87f63c0590d05baea263cdc42c6e1df2d063fa2def309ecb0283f3036bf33d46,1787977976.6856842,36560.554,18280334,0,0.9584569931030273,1.0412378311157227,1.415083885192871,0.00095367431640625,-0.00324249267578125,0.00476837158203125,-0.0073261260986328125,-0.0024423599243164062,0.15873050689697266,-0.0073261260986328125,0.0073261260986328125,-0.0073261260986328125,-0.08058643341064453,-0.8410263061523438,7.377777099609375,-1.6385831832885742,0.10988998413085938,-0.10988998413085938,0.0,-1.130474602013644,6.395819974595712,-1.5559863394670204,0.0054229268400436525,-0.005599351602536095
47,2,heldout,3,1,0.3490658503988659,1.827668250996794,3,s,af3726fcacd0ac1320a56ea850b0a2c0f5430cf4eb20a45c078706980f08407e,d24fbe3839599a6a097188bae8cd47ce8083f27deef1341ae3086bf0d5a45bd1,87f63c0590d05baea263cdc42c6e1df2d063fa2def309ecb0283f3036bf33d46,87f63c0590d05baea263cdc42c6e1df2d063fa2def309ecb0283f3036bf33d46,1787977976.6875904,36560.556,18280335,0,0.9584569931030273,1.0412378311157227,1.4154653549194336,0.00057220458984375,-0.00324249267578125,0.00476837158203125,0.0073261260986328125,-0.0024423599243164062,0.15873050689697266,-0.0073261260986328125,-0.0073261260986328125,-0.0073261260986328125,-0.08058643341064453,-0.8410263061523438,7.350425720214844,-1.6336994171142578,0.10988998413085938,-0.11477375030517578,0.0,-1.1281458419524901,6.393491214534556,-1.5552355314031443,0.005433501497819399,-0.0055977841827481506
47,2,heldout,3,1,0.3490658503988659,1.8295697829962592,3,s,af3726fcacd0ac1320a56ea850b0a2c0f5430cf4eb20a45c078706980f08407e,d24fbe3839599a6a097188bae8cd47ce8083f27deef1341ae3086bf0d5a45bd1,87f63c0590d05baea263cdc42c6e1df2d063fa2def309ecb0283f3036bf33d46,87f63c0590d05baea263cdc42c6e1df2d063fa2def309ecb0283f3036bf33d46,1787977976.6894848,36560.558,18280336,0,0.9584569931030273,1.0412378311157227,1.4162282943725586,0.00095367431640625,-0.00324249267578125,0.00476837158203125,-0.0073261260986328125,-0.0024423599243164062,0.16361427307128906,-0.0073261260986328125,-0.0073261260986328125,-0.0073261260986328125,-0.08058643341064453,-0.8410263061523438,7.377777099609375,-1.6336994171142578,0.10988998413085938,-0.11477375030517578,0.0,-1.124612082476996,6.389957455059062,-1.5548597878690535,0.005438787641074161,-0.005596999250919926
47,2,heldout,3,1,0.3490658503988659,1.8314637359944754,3,s,af3726fcacd0ac1320a56ea850b0a2c0f5430cf4eb20a45c078706980f08407e,d24fbe3839599a6a097188bae8cd47ce8083f27deef1341ae3086bf0d5a45bd1,87f63c0590d05baea263cdc42c6e1df2d063fa2def309ecb0283f3036bf33d46,87f63c0590d05baea263cdc42c6e1df2d063fa2def309ecb0283f3036bf33d46,1787977976.6914437,36560.56,18280337,0,0.9584569931030273,1.0412378311157227,1.4169912338256836,0.00057220458984375,-0.00324249267578125,0.00476837158203125,-0.0073261260986328125,-0.0024423599243164062,0.15873050689697266,-0.021978378295898438,-0.021978378295898438,-0.0073261260986328125,-0.08058643341064453,-0.8273506164550781,7.405128479003906,-1.6336994171142578,0.10988998413085938,-0.11477375030517578,0.0,-1.1203226641838235,6.385668036765891,-1.5537311999144046,0.0054546413190755495,-0.005594639569069283
47,2,heldout,3,1,0.3490658503988659,1.8334494149967213,3,s,af3726fcacd0ac1320a56ea850b0a2c0f5430cf4eb20a45c078706980f08407e,d24fbe3839599a6a097188bae8cd47ce8083f27deef1341ae3086bf0d5a45bd1,87f63c0590d05baea263cdc42c6e1df2d063fa2def309ecb0283f3036bf33d46,87f63c0590d05baea263cdc42c6e1df2d063fa2def309ecb0283f3036bf33d46,1787977976.693439,36560.562,18280338,0,0.9584569931030273,1.0412378311157227,1.417372703552246,0.00057220458984375,-0.00324249267578125,0.00476837158203125,-0.021978378295898438,-0.0024423599243164062,0.16361427307128906,-0.0073261260986328125,-0.0073261260986328125,-0.0073261260986328125,-0.08058643341064453,-0.8410263061523438,7.391452789306641,-1.6288156509399414,0.10988998413085938,-0.11477375030517578,0.0,-1.118364545937337,6.383709918519404,-1.5533545516612093,0.0054599242919250255,-0.005593851380045278
47,2,heldout,3,1,0.3490658503988659,1.8354327579945675,3,s,af3726fcacd0ac1320a56ea850b0a2c0f5430cf4eb20a45c078706980f08407e,d24fbe3839599a6a097188bae8cd47ce8083f27deef1341ae3086bf0d5a45bd1,87f63c0590d05baea263cdc42c6e1df2d063fa2def309ecb0283f3036bf33d46,87f63c0590d05baea263cdc42c6e1df2d063fa2def309ecb0283f3036bf33d46,1787977976.6954367,36560.564,18280339,0,0.9584569931030273,1.0412378311157227,1.418135643005371,0.00095367431640625,-0.00362396240234375,0.00476837158203125,-0.0073261260986328125,-0.0024423599243164062,0.15873050689697266,0.0073261260986328125,-0.021978378295898438,-0.0073261260986328125,-0.08058643341064453,-0.8273506164550781,7.391452789306641,-1.6288156509399414,0.10988998413085938,-0.11477375030517578,0.0,-1.1148172852105385,6.380162657792606,-1.552972339418389,0.005581439362915952,-0.005598618438081974
47,2,heldout,3,1,0.3490658503988659,1.8374238969990984,3,s,af3726fcacd0ac1320a56ea850b0a2c0f5430cf4eb20a45c078706980f08407e,d24fbe3839599a6a097188bae8cd47ce8083f27deef1341ae3086bf0d5a45bd1,87f63c0590d05baea263cdc42c6e1df2d063fa2def309ecb0283f3036bf33d46,87f63c0590d05baea263cdc42c6e1df2d063fa2def309ecb0283f3036bf33d46,1787977976.6974406,36560.566,18280340,0,0.9584569931030273,1.0412378311157227,1.418898582458496,0.00057220458984375,-0.00324249267578125,0.00476837158203125,-0.0073261260986328125,-0.0024423599243164062,0.15384578704833984,-0.021978378295898438,-0.0073261260986328125,-0.0073261260986328125,-0.08058643341064453,-0.8273506164550781,7.336753845214844,-1.6288156509399414,0.10988998413085938,-0.11477375030517578,0.0,-1.1105227862824025,6.375868158864471,-1.5518456987686662,0.005481048230401481,-0.005590690484972982
47,2,heldout,3,1,0.3490658503988659,1.8394316989943036,3,s,af3726fcacd0ac1320a56ea850b0a2c0f5430cf4eb20a45c078706980f08407e,d24fbe3839599a6a097188bae8cd47ce8083f27deef1341ae3086bf0d5a45bd1,87f63c0590d05baea263cdc42c6e1df2d063fa2def309ecb0283f3036bf33d46,87f63c0590d05baea263cdc42c6e1df2d063fa2def309ecb0283f3036bf33d46,1787977976.699401,36560.568,18280341,0,0.9584569931030273,1.0412378311157227,1.4192800521850586,0.00057220458984375,-0.00324249267578125,0.00476837158203125,-0.0073261260986328125,-0.0024423599243164062,0.15873050689697266,-0.0073261260986328125,-0.0073261260986328125,-0.0073261260986328125,-0.08058643341064453,-0.8273506164550781,7.391452789306641,-1.623931884765625,0.10988998413085938,-0.10988998413085938,0.0,-1.1085600261278288,6.373905398709897,-1.551467920850049,0.005486327222947811,-0.0055898982270358045
47,2,heldout,3,1,0.3490658503988659,1.841388853994431,3,s,af3726fcacd0ac1320a56ea850b0a2c0f5430cf4eb20a45c078706980f08407e,d24fbe3839599a6a097188bae8cd47ce8083f27deef1341ae3086bf0d5a45bd1,87f63c0590d05baea263cdc42c6e1df2d063fa2def309ecb0283f3036bf33d46,87f63c0590d05baea263cdc42c6e1df2d063fa2def309ecb0283f3036bf33d46,1787977976.701327,36560.57,18280342,0,0.9584569931030273,1.0412378311157227,1.4200429916381836,0.00057220458984375,-0.00324249267578125,0.00476837158203125,0.0073261260986328125,-0.0024423599243164062,0.15384578704833984,-0.03663063049316406,-0.0073261260986328125,-0.0073261260986328125,-0.08058643341064453,-0.8273506164550781,7.364101409912109,-1.6190471649169922,0.10988998413085938,-0.10988998413085938,0.0,-1.1046317235285434,6.3699770961106115,-1.5507116877629397,0.00549688281217536,-0.005588311270965132
47,2,heldout,3,1,0.3490658503988659,1.8433108999961405,3,s,af3726fcacd0ac1320a56ea850b0a2c0f5430cf4eb20a45c078706980f08407e,d24fbe3839599a6a097188bae8cd47ce8083f27deef1341ae3086bf0d5a45bd1,87f63c0590d05baea263cdc42c6e1df2d063fa2def309ecb0283f3036bf33d46,87f63c0590d05baea263cdc42c6e1df2d063fa2def309ecb0283f3036bf33d46,1787977976.703248,36560.572,18280343,0,0.9584569931030273,1.0412378311157227,1.4208059310913086,0.00057220458984375,-0.00324249267578125,0.00476837158203125,-0.021978378295898438,-0.0024423599243164062,0.15384578704833984,-0.021978378295898438,0.0073261260986328125,-0.0073261260986328125,-0.08058643341064453,-0.8136749267578125,7.323078155517578,-1.6141633987426758,0.10988998413085938,-0.10988998413085938,0.0,-1.1006997131147733,6.366045085696841,-1.5499545520428744,0.005507435201796158,-0.005586721062069345
47,2,heldout,3,1,0.3490658503988659,1.8452298880001763,3,s,af3726fcacd0ac1320a56ea850b0a2c0f5430cf4eb20a45c078706980f08407e,d24fbe3839599a6a097188bae8cd47ce8083f27deef1341ae3086bf0d5a45bd1,87f63c0590d05baea263cdc42c6e1df2d063fa2def309ecb0283f3036bf33d46,87f63c0590d05baea263cdc42c6e1df2d063fa2def309ecb0283f3036bf33d46,1787977976.7057128,36560.574,18280344,0,0.9584569931030273,1.0412378311157227,1.4215688705444336,0.00057220458984375,-0.00324249267578125,0.00476837158203125,0.0073261260986328125,-0.0024423599243164062,0.16361427307128906,-0.0073261260986328125,-0.0073261260986328125,-0.0073261260986328125,-0.08058643341064453,-0.8136749267578125,7.295726776123047,-1.6141633987426758,0.10988998413085938,-0.11477375030517578,0.0,-1.0967639971752405,6.362109369757307,-1.5491965141305615,0.0055179843856679,-0.005585127601274058
47,2,heldout,3,1,0.3490658503988659,1.8476947899980587,3,s,af3726fcacd0ac1320a56ea850b0a2c0f5430cf4eb20a45c078706980f08407e,d24fbe3839599a6a097188bae8cd47ce8083f27deef1341ae3086bf0d5a45bd1,87f63c0590d05baea263cdc42c6e1df2d063fa2def309ecb0283f3036bf33d46,87f63c0590d05baea263cdc42c6e1df2d063fa2def309ecb0283f3036bf33d46,1787977976.7076678,36560.576,18280345,0,0.9584569931030273,1.0412378311157227,1.421950340270996,0.00057220458984375,-0.00324249267578125,0.00476837158203125,-0.0073261260986328125,-0.0024423599243164062,0.16361427307128906,-0.021978378295898438,0.0073261260986328125,-0.0073261260986328125,-0.08058643341064453,-0.8136749267578125,7.323078155517578,-1.6141633987426758,0.10988998413085938,-0.10988998413085938,0.0,-1.0947947503491344,6.3601401229312025,-1.5488171569901794,0.005523257773528922,-0.005584329651703883
47,2,heldout,3,1,0.3490658503988659,1.8496578039994347,3,s,af3726fcacd0ac1320a56ea850b0a2c0f5430cf4eb20a45c078706980f08407e,d24fbe3839599a6a097188bae8cd47ce8083f27deef1341ae3086bf0d5a45bd1,87f63c0590d05baea263cdc42c6e1df2d063fa2def309ecb0283f3036bf33d46,87f63c0590d05baea263cdc42c6e1df2d063fa2def309ecb0283f3036bf33d46,1787977976.7096286,36560.578,18280346,0,0.9584569931030273,1.0412378311157227,1.422713279724121,0.00057220458984375,-0.00324249267578125,0.00476837158203125,-0.0073261260986328125,-0.0024423599243164062,0.16361427307128906,0.0073261260986328125,-0.0073261260986328125,-0.0073261260986328125,-0.08058643341064453,-0.8136749267578125,7.282051086425781,-1.6141633987426758,0.10988998413085938,-0.10988998413085938,0.0,-1.090853480417053,6.356198852999121,-1.5480577666169788,0.0055338021372643605,-0.005582731314799041
47,2,heldout,3,1,0.3490658503988659,1.851616957996157,3,s,af3726fcacd0ac1320a56ea850b0a2c0f5430cf4eb20a45c078706980f08407e,d24fbe3839599a6a097188bae8cd47ce8083f27deef1341ae3086bf0d5a45bd1,87f63c0590d05baea263cdc42c6e1df2d063fa2def309ecb0283f3036bf33d46,87f63c0590d05baea263cdc42c6e1df2d063fa2def309ecb0283f3036bf33d46,1787977976.71157,36560.58,18280347,0,0.9584569931030273,1.0412378311157227,1.423476219177246,0.00057220458984375,-0.00324249267578125,0.00476837158203125,-0.0073261260986328125,-0.0024423599243164062,0.17338180541992188,-0.021978378295898438,-0.021978378295898438,-0.0073261260986328125,-0.08058643341064453,-0.8136749267578125,7.282051086425781,-1.6141633987426758,0.10988998413085938,-0.10988998413085938,0.0,-1.0869085106904806,6.352253883272548,-1.547297475155607,0.005544343279903174,-0.005581129728317044
47,2,heldout,3,1,0.3490658503988659,1.8535777099968982,3,s,af3726fcacd0ac1320a56ea850b0a2c0f5430cf4eb20a45c078706980f08407e,d24fbe3839599a6a097188bae8cd47ce8083f27deef1341ae3086bf0d5a45bd1,87f63c0590d05baea263cdc42c6e1df2d063fa2def309ecb0283f3036bf33d46,87f63c0590d05baea263cdc42c6e1df2d063fa2def309ecb0283f3036bf33d46,1787977976.7135668,36560.581999999995,18280348,0,0.9584569931030273,1.0412378311157227,1.424239158630371,0.00057220458984375,-0.00324249267578125,0.00476837158203125,0.0073261260986328125,-0.0024423599243164062,0.16361427307128906,0.0073261260986328125,-0.0073261260986328125,-0.0073261260986328125,-0.07570171356201172,-0.8136749267578125,7.295726776123047,-1.6141633987426758,0.10988998413085938,-0.10988998413085938,0.0,-1.082959843465684,6.348305216047752,-1.5465362830486118,0.0055548811953096055,-0.005579524893190138
47,2,heldout,3,1,0.3490658503988659,1.8555553799960762,3,s,af3726fcacd0ac1320a56ea850b0a2c0f5430cf4eb20a45c078706980f08407e,d24fbe3839599a6a097188bae8cd47ce8083f27deef1341ae3086bf0d5a45bd1,87f63c0590d05baea263cdc42c6e1df2d063fa2def309ecb0283f3036bf33d46,87f63c0590d05baea263cdc42c6e1df2d063fa2def309ecb0283f3036bf33d46,1787977976.7155366,36560.583999999995,18280349,0,0.9584569931030273,1.0412378311157227,1.4246206283569336,0.00095367431640625,-0.00324249267578125,0.00476837158203125,-0.0073261260986328125,-0.0024423599243164062,0.16361427307128906,0.0073261260986328125,-0.021978378295898438,-0.0073261260986328125,-0.07570171356201172,-0.7999992370605469,7.336753845214844,-1.6190471649169922,0.10988998413085938,-0.11477375030517578,0.0,-1.0813650576667941,6.346710430248862,-1.5465362830486118,0.0055548811953096055,-0.005579524893190138
47,2,heldout,3,1,0.3490658503988659,1.8575261699952534,3,s,af3726fcacd0ac1320a56ea850b0a2c0f5430cf4eb20a45c078706980f08407e,d24fbe3839599a6a097188bae8cd47ce8083f27deef1341ae3086bf0d5a45bd1,87f63c0590d05baea263cdc42c6e1df2d063fa2def309ecb0283f3036bf33d46,87f63c0590d05baea263cdc42c6e1df2d063fa2def309ecb0283f3036bf33d46,1787977976.71749,36560.585999999996,18280350,0,0.9584569931030273,1.0412378311157227,1.4253835678100586,0.00057220458984375,-0.00324249267578125,0.00476837158203125,-0.0073261260986328125,-0.0024423599243164062,0.16849803924560547,-0.0073261260986328125,0.0073261260986328125,-0.0073261260986328125,-0.08058643341064453,-0.7999992370605469,7.350425720214844,-1.623931884765625,0.10988998413085938,-0.10988998413085938,0.0,-1.0770299148477227,6.342375287429791,-1.5453928071469367,0.005570682003941207,-0.005577111551334513
47,2,heldout,3,1,0.3490658503988659,1.859478066995507,3,s,af3726fcacd0ac1320a56ea850b0a2c0f5430cf4eb20a45c078706980f08407e,d24fbe3839599a6a097188bae8cd47ce8083f27deef1341ae3086bf0d5a45bd1,87f63c0590d05baea263cdc42c6e1df2d063fa2def309ecb0283f3036bf33d46,87f63c0590d05baea263cdc42c6e1df2d063fa2def309ecb0283f3036bf33d46,1787977976.7194054,36560.587999999996,18280351,0,0.9584569931030273,1.0412378311157227,1.4261465072631836,0.00095367431640625,-0.00324249267578125,0.00476837158203125,-0.0073261260986328125,-0.0024423599243164062,0.16361427307128906,-0.0073261260986328125,-0.0073261260986328125,-0.0073261260986328125,-0.08058643341064453,-0.7999992370605469,7.282051086425781,-1.623931884765625,0.10988998413085938,-0.11477375030517578,0.0,-1.0734538472427897,6.338799219824857,-1.5450111986705615,0.0055759473198917185,-0.005576305480740034
47,2,heldout,3,1,0.3490658503988659,1.861387595999986,3,s,af3726fcacd0ac1320a56ea850b0a2c0f5430cf4eb20a45c078706980f08407e,d24fbe3839599a6a097188bae8cd47ce8083f27deef1341ae3086bf0d5a45bd1,87f63c0590d05baea263cdc42c6e1df2d063fa2def309ecb0283f3036bf33d46,87f63c0590d05baea263cdc42c6e1df2d063fa2def309ecb0283f3036bf33d46,1787977976.7213228,36560.59,18280352,0,0.9584569931030273,1.0412378311157227,1.4269094467163086,0.00057220458984375,-0.00324249267578125,0.00476837158203125,-0.0073261260986328125,-0.0024423599243164062,0.16849803924560547,-0.0073261260986328125,-0.0073261260986328125,-0.0073261260986328125,-0.08058643341064453,-0.7863254547119141,7.25469970703125,-1.623931884765625,0.10988998413085938,-0.11477375030517578,0.0,-1.0691104235833484,6.3344557961654155,-1.543865024491419,0.005591738396236317,-0.005573882400670957
47,2,heldout,3,1,0.3490658503988659,1.8633060719948844,3,s,af3726fcacd0ac1320a56ea850b0a2c0f5430cf4eb20a45c078706980f08407e,d24fbe3839599a6a097188bae8cd47ce8083f27deef1341ae3086bf0d5a45bd1,87f63c0590d05baea263cdc42c6e1df2d063fa2def309ecb0283f3036bf33d46,87f63c0590d05baea263cdc42c6e1df2d063fa2def309ecb0283f3036bf33d46,1787977976.7239442,36560.592,18280353,0,0.9584569931030273,1.0412378311157227,1.4276723861694336,0.00057220458984375,-0.00324249267578125,0.00476837158203125,0.0073261260986328125,-0.0024423599243164062,0.17338180541992188,-0.0073261260986328125,0.0073261260986328125,-0.0073261260986328125,-0.08058643341064453,-0.7726497650146484,7.25469970703125,-1.623931884765625,0.10988998413085938,-0.11477375030517578,0.0,-1.065145146090628,6.330490518672694,-1.543099784969696,0.005602261713217557,-0.005572262958229188
47,2,heldout,3,1,0.3490658503988659,1.8659344169936958,3,s,af3726fcacd0ac1320a56ea850b0a2c0f5430cf4eb20a45c078706980f08407e,d24fbe3839599a6a097188bae8cd47ce8083f27deef1341ae3086bf0d5a45bd1,87f63c0590d05baea263cdc42c6e1df2d063fa2def309ecb0283f3036bf33d46,87f63c0590d05baea263cdc42c6e1df2d063fa2def309ecb0283f3036bf33d46,1787977976.7253537,36560.594,18280354,0,0.9584569931030273,1.0412378311157227,1.428053855895996,0.00057220458984375,-0.00324249267578125,0.00476837158203125,-0.0073261260986328125,-0.0024423599243164062,0.17338180541992188,-0.0073261260986328125,-0.021978378295898438,-0.0073261260986328125,-0.07570171356201172,-0.7863254547119141,7.268375396728516,-1.6190471649169922,0.10988998413085938,-0.11477375030517578,0.0,-1.063161125388577,6.328506497970643,-1.5427168283551316,0.005607522149236436,-0.0055714520206429025
47,2,heldout,3,1,0.3490658503988659,1.867340411998157,3,s,af3726fcacd0ac1320a56ea850b0a2c0f5430cf4eb20a45c078706980f08407e,d24fbe3839599a6a097188bae8cd47ce8083f27deef1341ae3086bf0d5a45bd1,87f63c0590d05baea263cdc42c6e1df2d063fa2def309ecb0283f3036bf33d46,87f63c0590d05baea263cdc42c6e1df2d063fa2def309ecb0283f3036bf33d46,1787977976.7272873,36560.596,18280355,0,0.9584569931030273,1.0412378311157227,1.428816795349121,0.00095367431640625,-0.00324249267578125,0.00476837158203125,-0.021978378295898438,-0.0024423599243164062,0.1782665252685547,-0.0073261260986328125,-0.021978378295898438,-0.0073261260986328125,-0.07570171356201172,-0.7863254547119141,7.295726776123047,-1.6190471649169922,0.10988998413085938,-0.11477375030517578,0.0,-1.059573727065133,6.3249190996472,-1.542333647245725,0.005612781769253457,-0.005570640272303649
47,2,heldout,3,1,0.3490658503988659,1.8692683080007555,3,s,af3726fcacd0ac1320a56ea850b0a2c0f5430cf4eb20a45c078706980f08407e,d24fbe3839599a6a097188bae8cd47ce8083f27deef1341ae3086bf0d5a45bd1,87f63c0590d05baea263cdc42c6e1df2d063fa2def309ecb0283f3036bf33d46,87f63c0590d05baea263cdc42c6e1df2d063fa2def309ecb0283f3036bf33d46,1787977976.7292848,36560.598,18280356,0,0.9584569931030273,1.0412378311157227,1.429579734802246,0.00057220458984375,-0.00324249267578125,0.00476837158203125,-0.0073261260986328125,-0.0024423599243164062,0.17338180541992188,-0.0073261260986328125,-0.0073261260986328125,-0.0073261260986328125,-0.07570171356201172,-0.7726497650146484,7.3094024658203125,-1.6190471649169922,0.10988998413085938,-0.10988998413085938,0.0,-1.055215836280602,6.32056120886267,-1.5411827575062171,0.005628555725640194,-0.005568200163949941
47,2,heldout,3,1,0.3490658503988659,1.8712752599967644,3,s,af3726fcacd0ac1320a56ea850b0a2c0f5430cf4eb20a45c078706980f08407e,d24fbe3839599a6a097188bae8cd47ce8083f27deef1341ae3086bf0d5a45bd1,87f63c0590d05baea263cdc42c6e1df2d063fa2def309ecb0283f3036bf33d46,87f63c0590d05baea263cdc42c6e1df2d063fa2def309ecb0283f3036bf33d46,1787977976.7319624,36560.6,18280357,0,0.9584569931030273,1.0412378311157227,1.430342674255371,0.00057220458984375,-0.00324249267578125,0.00476837158203125,0.0073261260986328125,-0.0024423599243164062,0.16849803924560547,-0.0073261260986328125,-0.021978378295898438,-0.0073261260986328125,-0.07570171356201172,-0.7589740753173828,7.268375396728516,-1.6190471649169922,0.10988998413085938,-0.11477375030517578,0.0,-1.0512376719939065,6.316583044575974,-1.5404143762288078,0.0056390676025266755,-0.005566569373451415
47,2,heldout,3,1,0.3490658503988659,1.8740206679940457,3,s,af3726fcacd0ac1320a56ea850b0a2c0f5430cf4eb20a45c078706980f08407e,d24fbe3839599a6a097188bae8cd47ce8083f27deef1341ae3086bf0d5a45bd1,87f63c0590d05baea263cdc42c6e1df2d063fa2def309ecb0283f3036bf33d46,87f63c0590d05baea263cdc42c6e1df2d063fa2def309ecb0283f3036bf33d46,1787977976.733426,36560.602,18280358,0,0.9584569931030273,1.0412378311157227,1.431105613708496,0.00057220458984375,-0.00324249267578125,0.00476837158203125,-0.0073261260986328125,-0.0024423599243164062,0.16849803924560547,-0.0073261260986328125,-0.0073261260986328125,-0.0073261260986328125,-0.07570171356201172,-0.7589740753173828,7.295726776123047,-1.6141633987426758,0.10988998413085938,-0.11477375030517578,0.0,-1.047255830972149,6.312601203554215,-1.5396450983122656,0.005649576197043968,-0.005564935342783219
47,2,heldout,3,1,0.3490658503988659,1.875412529996538,3,s,af3726fcacd0ac1320a56ea850b0a2c0f5430cf4eb20a45c078706980f08407e,d24fbe3839599a6a097188bae8cd47ce8083f27deef1341ae3086bf0d5a45bd1,87f63c0590d05baea263cdc42c6e1df2d063fa2def309ecb0283f3036bf33d46,87f63c0590d05baea263cdc42c6e1df2d063fa2def309ecb0283f3036bf33d46,1787977976.735373,36560.604,18280359,0,0.9584569931030273,1.0412378311157227,1.4314870834350586,0.00057220458984375,-0.00324249267578125,0.00476837158203125,-0.0073261260986328125,-0.0024423599243164062,0.16361427307128906,-0.021978378295898438,-0.0073261260986328125,-0.0073261260986328125,-0.07570171356201172,-0.7589740753173828,7.295726776123047,-1.6190471649169922,0.10988998413085938,-0.11477375030517578,0.0,-1.045263532409827,6.310608904991893,-1.5392601232542291,0.005654829261502588,-0.005564117112682648
47,2,heldout,3,1,0.3490658503988659,1.8773614120000275,3,s,af3726fcacd0ac1320a56ea850b0a2c0f5430cf4eb20a45c078706980f08407e,d24fbe3839599a6a097188bae8cd47ce8083f27deef1341ae3086bf0d5a45bd1,87f63c0590d05baea263cdc42c6e1df2d063fa2def309ecb0283f3036bf33d46,87f63c0590d05baea263cdc42c6e1df2d063fa2def309ecb0283f3036bf33d46,1787977976.7373457,36560.606,18280360,0,0.9584569931030273,1.0412378311157227,1.4322500228881836,0.00057220458984375,-0.00324249267578125,0.00476837158203125,-0.0073261260986328125,-0.0024423599243164062,0.16849803924560547,-0.021978378295898438,0.0073261260986328125,-0.0073261260986328125,-0.07570171356201172,-0.7589740753173828,7.213676452636719,-1.6092796325683594,0.10988998413085938,-0.11477375030517578,0.0,-1.041276180631897,6.306621553213964,-1.5384895012187338,0.005665332920997686,-0.005562478223543907
47,2,heldout,3,1,0.3490658503988659,1.8793313169953763,3,s,af3726fcacd0ac1320a56ea850b0a2c0f5430cf4eb20a45c078706980f08407e,d24fbe3839599a6a097188bae8cd47ce8083f27deef1341ae3086bf0d5a45bd1,87f63c0590d05baea263cdc42c6e1df2d063fa2def309ecb0283f3036bf33d46,87f63c0590d05baea263cdc42c6e1df2d063fa2def309ecb0283f3036bf33d46,1787977976.7393184,36560.608,18280361,0,0.9584569931030273,1.0412378311157227,1.4330129623413086,0.00057220458984375,-0.00324249267578125,0.00476837158203125,0.0073261260986328125,-0.0024423599243164062,0.17338180541992188,-0.021978378295898438,-0.0073261260986328125,-0.0073261260986328125,-0.08058643341064453,-0.7589740753173828,7.268375396728516,-1.6092796325683594,0.10500621795654297,-0.11477375030517578,0.0,-1.0372851579172588,6.302630530499326,-1.5377179836645314,0.005675833282835162,-0.005560836096616863
47,2,heldout,3,1,0.3490658503988659,1.8813069789975998,3,s,af3726fcacd0ac1320a56ea850b0a2c0f5430cf4eb20a45c078706980f08407e,d24fbe3839599a6a097188bae8cd47ce8083f27deef1341ae3086bf0d5a45bd1,87f63c0590d05baea263cdc42c6e1df2d063fa2def309ecb0283f3036bf33d46,87f63c0590d05baea263cdc42c6e1df2d063fa2def309ecb0283f3036bf33d46,1787977976.74123,36560.61,18280362,0,0.9584569931030273,1.0412378311157227,1.4337759017944336,0.00057220458984375,-0.00324249267578125,0.00476837158203125,-0.0073261260986328125,-0.0024423599243164062,0.17338180541992188,-0.0073261260986328125,0.0073261260986328125,-0.0073261260986328125,-0.08058643341064453,-0.7452983856201172,7.268375396728516,-1.5995111465454102,0.10988998413085938,-0.11477375030517578,0.0,-1.033290466588989,6.298635839171056,-1.5369455710407014,0.005686330340903007,-0.005559190732857355
47,2,heldout,3,1,0.3490658503988659,1.8832068629999412,3,s,af3726fcacd0ac1320a56ea850b0a2c0f5430cf4eb20a45c078706980f08407e,d24fbe3839599a6a097188bae8cd47ce8083f27deef1341ae3086bf0d5a45bd1,87f63c0590d05baea263cdc42c6e1df2d063fa2def309ecb0283f3036bf33d46,87f63c0590d05baea263cdc42c6e1df2d063fa2def309ecb0283f3036bf33d46,1787977976.7437136,36560.612,18280363,0,0.9584569931030273,1.0412378311157227,1.4345388412475586,0.00057220458984375,-0.00324249267578125,0.00476837158203125,-0.021978378295898438,-0.0024423599243164062,0.1782665252685547,-0.0073261260986328125,-0.0073261260986328125,-0.0073261260986328125,-0.08058643341064453,-0.7452983856201172,7.241024017333984,-1.5995111465454102,0.10988998413085938,-0.11477375030517578,0.0,-1.029292108972306,6.294637481554373,-1.5361722637968487,0.005696824089091133,-0.005557542133223113
47,2,heldout,3,1,0.3490658503988659,1.8856997490001959,3,s,af3726fcacd0ac1320a56ea850b0a2c0f5430cf4eb20a45c078706980f08407e,d24fbe3839599a6a097188bae8cd47ce8083f27deef1341ae3086bf0d5a45bd1,87f63c0590d05baea263cdc42c6e1df2d063fa2def309ecb0283f3036bf33d46,87f63c0590d05baea263cdc42c6e1df2d063fa2def309ecb0283f3036bf33d46,1787977976.7456355,36560.614,18280364,0,0.9584569931030273,1.0412378311157227,1.4353017807006836,0.00057220458984375,-0.00324249267578125,0.00476837158203125,-0.0073261260986328125,-0.0024423599243164062,0.1782665252685547,-0.03663063049316406,-0.0073261260986328125,-0.0073261260986328125,-0.08058643341064453,-0.7589740753173828,7.25469970703125,-1.5995111465454102,0.10988998413085938,-0.10988998413085938,0.0,-1.0252900873945576,6.290635459976626,-1.535398062383097,0.005707314521291369,-0.005555890298673749
47,2,heldout,3,1,0.3490658503988659,1.8876197909994517,3,s,af3726fcacd0ac1320a56ea850b0a2c0f5430cf4eb20a45c078706980f08407e,d24fbe3839599a6a097188bae8cd47ce8083f27deef1341ae3086bf0d5a45bd1,87f63c0590d05baea263cdc42c6e1df2d063fa2def309ecb0283f3036bf33d46,87f63c0590d05baea263cdc42c6e1df2d063fa2def309ecb0283f3036bf33d46,1787977976.7475693,36560.616,18280365,0,0.9584569931030273,1.0412378311157227,1.435683250427246,0.00057220458984375,-0.00324249267578125,0.00476837158203125,-0.0073261260986328125,-0.0024423599243164062,0.17338180541992188,-0.03663063049316406,-0.0073261260986328125,-0.0073261260986328125,-0.08058643341064453,-0.7589740753173828,7.227352142333984,-1.5946273803710938,0.10988998413085938,-0.10988998413085938,0.0,-1.0232877033481682,6.2886330759302345,-1.5350106265033152,0.005712558491987754,-0.005555063168606288
47,2,heldout,3,1,0.3490658503988659,1.8895545169943944,3,s,af3726fcacd0ac1320a56ea850b0a2c0f5430cf4eb20a45c078706980f08407e,d24fbe3839599a6a097188bae8cd47ce8083f27deef1341ae3086bf0d5a45bd1,87f63c0590d05baea263cdc42c6e1df2d063fa2def309ecb0283f3036bf33d46,87f63c0590d05baea263cdc42c6e1df2d063fa2def309ecb0283f3036bf33d46,1787977976.7495215,36560.617999999995,18280366,0,0.9584569931030273,1.0412378311157227,1.436446189880371,0.00057220458984375,-0.00324249267578125,0.00476837158203125,-0.0073261260986328125,-0.0024423599243164062,0.17338180541992188,-0.021978378295898438,-0.0073261260986328125,-0.0073261260986328125,-0.08058643341064453,-0.7452983856201172,7.213676452636719,-1.5897436141967773,0.10988998413085938,-0.10988998413085938,0.0,-1.0192801901972717,6.284625562779339,-1.5342350846798358,0.005723043938757572,-0.005553406483487627
47,2,heldout,3,1,0.3490658503988659,1.8915077439960442,3,s,af3726fcacd0ac1320a56ea850b0a2c0f5430cf4eb20a45c078706980f08407e,d24fbe3839599a6a097188bae8cd47ce8083f27deef1341ae3086bf0d5a45bd1,87f63c0590d05baea263cdc42c6e1df2d063fa2def309ecb0283f3036bf33d46,87f63c0590d05baea263cdc42c6e1df2d063fa2def309ecb0283f3036bf33d46,1787977976.7520254,36560.619999999995,18280367,0,0.9584569931030273,1.0412378311157227,1.437209129333496,0.00057220458984375,-0.00324249267578125,0.00476837158203125,-0.0073261260986328125,-0.0024423599243164062,0.16849803924560547,-0.0073261260986328125,-0.021978378295898438,-0.0073261260986328125,-0.08058643341064453,-0.7452983856201172,7.268375396728516,-1.5897436141967773,0.10988998413085938,-0.10988998413085938,0.0,-1.015269018913018,6.280614391495085,-1.5334586498140441,0.005733526054277542,-0.0055517465658611095
47,2,heldout,3,1,0.3490658503988659,1.894027198999538,3,s,af3726fcacd0ac1320a56ea850b0a2c0f5430cf4eb20a45c078706980f08407e,d24fbe3839599a6a097188bae8cd47ce8083f27deef1341ae3086bf0d5a45bd1,87f63c0590d05baea263cdc42c6e1df2d063fa2def309ecb0283f3036bf33d46,87f63c0590d05baea263cdc42c6e1df2d063fa2def309ecb0283f3036bf33d46,1787977976.7536998,36560.621999999996,18280368,0,0.9584569931030273,1.0412378311157227,1.437972068786621,0.00057220458984375,-0.00324249267578125,0.00476837158203125,-0.0073261260986328125,-0.0024423599243164062,0.16849803924560547,-0.0073261260986328125,-0.0073261260986328125,-0.0073261260986328125,-0.08058643341064453,-0.7452983856201172,7.268375396728516,-1.5946273803710938,0.10988998413085938,-0.10988998413085938,0.0,-1.0112541918302134,6.276599564412281,-1.5326813223578848,0.00574400483244627,-0.005550083416692932
47,2,heldout,3,1,0.3490658503988659,1.8958228929986944,3,s,af3726fcacd0ac1320a56ea850b0a2c0f5430cf4eb20a45c078706980f08407e,d24fbe3839599a6a097188bae8cd47ce8083f27deef1341ae3086bf0d5a45bd1,87f63c0590d05baea263cdc42c6e1df2d063fa2def309ecb0283f3036bf33d46,87f63c0590d05baea263cdc42c6e1df2d063fa2def309ecb0283f3036bf33d46,1787977976.7553544,36560.623999999996,18280369,0,0.9584569931030273,1.0412378311157227,1.438735008239746,0.00057220458984375,-0.00324249267578125,0.00476837158203125,-0.0073261260986328125,-0.0024423599243164062,0.17338180541992188,0.0073261260986328125,0.0073261260986328125,-0.0073261260986328125,-0.08058643341064453,-0.7452983856201172,7.25469970703125,-1.5946273803710938,0.10988998413085938,-0.10988998413085938,0.0,-1.0072357112857937,6.272581083867861,-1.531903102763822,0.005754480267164304,-0.005548417036951176
47,2,heldout,3,1,0.3490658503988659,1.8973373799963156,3,s,af3726fcacd0ac1320a56ea850b0a2c0f5430cf4eb20a45c078706980f08407e,d24fbe3839599a6a097188bae8cd47ce8083f27deef1341ae3086bf0d5a45bd1,87f63c0590d05baea263cdc42c6e1df2d063fa2def309ecb0283f3036bf33d46,87f63c0590d05baea263cdc42c6e1df2d063fa2def309ecb0283f3036bf33d46,1787977976.7573128,36560.626,18280370,0,0.9584569931030273,1.0412378311157227,1.439497947692871,0.00057220458984375,-0.00324249267578125,0.00476837158203125,0.0073261260986328125,-0.0024423599243164062,0.17338180541992188,0.0073261260986328125,-0.021978378295898438,-0.0073261260986328125,-0.07570171356201172,-0.7316246032714844,7.1863250732421875,-1.5995111465454102,0.10500621795654297,-0.10988998413085938,0.0,-1.0032135796188257,6.268558952200893,-1.531123991484839,0.005764952352334138,-0.005546747427605804
47,2,heldout,3,1,0.3490658503988659,1.899301633995492,3,s,af3726fcacd0ac1320a56ea850b0a2c0f5430cf4eb20a45c078706980f08407e,d24fbe3839599a6a097188bae8cd47ce8083f27deef1341ae3086bf0d5a45bd1,87f63c0590d05baea263cdc42c6e1df2d063fa2def309ecb0283f3036bf33d46,87f63c0590d05baea263cdc42c6e1df2d063fa2def309ecb0283f3036bf33d46,1787977976.7598307,36560.628,18280371,0,0.9584569931030273,1.0412378311157227,1.440260887145996,0.00057220458984375,-0.00324249267578125,0.00476837158203125,-0.021978378295898438,-0.0024423599243164062,0.1831502914428711,-0.0073261260986328125,-0.0073261260986328125,-0.0073261260986328125,-0.08058643341064453,-0.7316246032714844,7.131622314453125,-1.604395866394043,0.10988998413085938,-0.10988998413085938,0.0,-0.9991877991704909,6.264533171752559,-1.5303439889744375,0.00577542108186022,-0.005545074589628652
47,2,heldout,3,1,0.3490658503988659,1.9018228450004244,3,s,af3726fcacd0ac1320a56ea850b0a2c0f5430cf4eb20a45c078706980f08407e,d24fbe3839599a6a097188bae8cd47ce8083f27deef1341ae3086bf0d5a45bd1,87f63c0590d05baea263cdc42c6e1df2d063fa2def309ecb0283f3036bf33d46,87f63c0590d05baea263cdc42c6e1df2d063fa2def309ecb0283f3036bf33d46,1787977976.7618036,36560.63,18280372,0,0.9584569931030273,1.0412378311157227,1.441023826599121,0.00057220458984375,-0.00324249267578125,0.00476837158203125,-0.0073261260986328125,-0.0024423599243164062,0.1831502914428711,-0.0073261260986328125,-0.0073261260986328125,-0.0073261260986328125,-0.08058643341064453,-0.7179489135742188,7.158973693847656,-1.604395866394043,0.10988998413085938,-0.10988998413085938,0.0,-0.9951583722841095,6.2605037448661776,-1.5295630956866393,0.0057858864496489444,-0.00554339852399344
47,2,heldout,3,1,0.3490658503988659,1.9037901289993897,3,s,af3726fcacd0ac1320a56ea850b0a2c0f5430cf4eb20a45c078706980f08407e,d24fbe3839599a6a097188bae8cd47ce8083f27deef1341ae3086bf0d5a45bd1,87f63c0590d05baea263cdc42c6e1df2d063fa2def309ecb0283f3036bf33d46,87f63c0590d05baea263cdc42c6e1df2d063fa2def309ecb0283f3036bf33d46,1787977976.763786,36560.632,18280373,0,0.9584569931030273,1.0412378311157227,1.4414052963256836,0.00057220458984375,-0.00324249267578125,0.00476837158203125,-0.0073261260986328125,-0.0024423599243164062,0.1831502914428711,-0.03663063049316406,-0.0073261260986328125,-0.0073261260986328125,-0.08058643341064453,-0.7179489135742188,7.213676452636719,-1.604395866394043,0.10988998413085938,-0.10988998413085938,0.0,-0.9931422921595179,6.258487664741584,-1.5291723151432404,0.005791117870988081,-0.005542559281108864
47,2,heldout,3,1,0.3490658503988659,1.9057761069998378,3,s,af3726fcacd0ac1320a56ea850b0a2c0f5430cf4eb20a45c078706980f08407e,d24fbe3839599a6a097188bae8cd47ce8083f27deef1341ae3086bf0d5a45bd1,87f63c0590d05baea263cdc42c6e1df2d063fa2def309ecb0283f3036bf33d46,87f63c0590d05baea263cdc42c6e1df2d063fa2def309ecb0283f3036bf33d46,1787977976.7657785,36560.634,18280374,0,0.9584569931030273,1.0412378311157227,1.4421682357788086,0.00057220458984375,-0.00324249267578125,0.00476837158203125,-0.0073261260986328125,-0.0024423599243164062,0.1831502914428711,0.0073261260986328125,-0.0073261260986328125,-0.0073261260986328125,-0.08058643341064453,-0.7179489135742188,7.227352142333984,-1.5946273803710938,0.10988998413085938,-0.10988998413085938,0.0,-0.9891074000144136,6.254452772596481,-1.5283900865417712,0.005801578184749549,-0.005540878375816402
47,2,heldout,3,1,0.3490658503988659,1.907764652998594,3,s,af3726fcacd0ac1320a56ea850b0a2c0f5430cf4eb20a45c078706980f08407e,d24fbe3839599a6a097188bae8cd47ce8083f27deef1341ae3086bf0d5a45bd1,87f63c0590d05baea263cdc42c6e1df2d063fa2def309ecb0283f3036bf33d46,87f63c0590d05baea263cdc42c6e1df2d063fa2def309ecb0283f3036bf33d46,1787977976.7677598,36560.636,18280375,0,0.9584569931030273,1.0412378311157227,1.4429311752319336,0.00057220458984375,-0.00324249267578125,0.00476837158203125,-0.0073261260986328125,-0.0024423599243164062,0.1782665252685547,0.0073261260986328125,-0.0073261260986328125,-0.0073261260986328125,-0.07570171356201172,-0.7042732238769531,7.268375396728516,-1.5995111465454102,0.10988998413085938,-0.10988998413085938,0.0,-0.985068867298825,6.250414239880893,-1.5276069683002258,0.005812035121548223,-0.005539194245308399
47,2,heldout,3,1,0.3490658503988659,1.9097433169954456,3,s,af3726fcacd0ac1320a56ea850b0a2c0f5430cf4eb20a45c078706980f08407e,d24fbe3839599a6a097188bae8cd47ce8083f27deef1341ae3086bf0d5a45bd1,87f63c0590d05baea263cdc42c6e1df2d063fa2def309ecb0283f3036bf33d46,87f63c0590d05baea263cdc42c6e1df2d063fa2def309ecb0283f3036bf33d46,1787977976.7697616,36560.638,18280376,0,0.9584569931030273,1.0412378311157227,1.4436941146850586,0.00057220458984375,-0.00324249267578125,0.00476837158203125,0.0073261260986328125,-0.0024423599243164062,0.1782665252685547,0.0073261260986328125,0.0073261260986328125,-0.0073261260986328125,-0.07570171356201172,-0.7179489135742188,7.25469970703125,-1.5995111465454102,0.10988998413085938,-0.10988998413085938,0.0,-0.9810266963634897,6.246372068945557,-1.5268229608744401,0.005822488675297362,-0.0055375068905651505
47,2,heldout,3,1,0.3490658503988659,1.9117467649994069,3,s,af3726fcacd0ac1320a56ea850b0a2c0f5430cf4eb20a45c078706980f08407e,d24fbe3839599a6a097188bae8cd47ce8083f27deef1341ae3086bf0d5a45bd1,87f63c0590d05baea263cdc42c6e1df2d063fa2def309ecb0283f3036bf33d46,87f63c0590d05baea263cdc42c6e1df2d063fa2def309ecb0283f3036bf33d46,1787977976.771682,36560.64,18280377,0,0.9584569931030273,1.0412378311157227,1.4444570541381836,0.00057220458984375,-0.00324249267578125,0.00476837158203125,-0.0073261260986328125,-0.0024423599243164062,0.1782665252685547,0.0073261260986328125,-0.0073261260986328125,-0.0073261260986328125,-0.08058643341064453,-0.7042732238769531,7.1863250732421875,-1.5995111465454102,0.10988998413085938,-0.10988998413085938,0.0,-0.9769808895612553,6.2423262621433215,-1.5260380647207648,0.005832938839912203,-0.005535816312568821
47,2,heldout,3,1,0.3490658503988659,1.913681911995809,3,s,af3726fcacd0ac1320a56ea850b0a2c0f5430cf4eb20a45c078706980f08407e,d24fbe3839599a6a097188bae8cd47ce8083f27deef1341ae3086bf0d5a45bd1,87f63c0590d05baea263cdc42c6e1df2d063fa2def309ecb0283f3036bf33d46,87f63c0590d05baea263cdc42c6e1df2d063fa2def309ecb0283f3036bf33d46,1787977976.7736423,36560.642,18280378,0,0.9584569931030273,1.0412378311157227,1.4452199935913086,0.00057220458984375,-0.00324249267578125,0.00476837158203125,-0.0073261260986328125,-0.0024423599243164062,0.1782665252685547,0.0073261260986328125,-0.021978378295898438,-0.0073261260986328125,-0.08058643341064453,-0.6905975341796875,7.145298004150391,-1.604395866394043,0.10988998413085938,-0.10988998413085938,0.0,-0.9729314492470931,6.23827682182916,-1.5252522802960713,0.005843385609309946,-0.0055341225123034625
47,2,heldout,3,1,0.3490658503988659,1.9156284839991713,3,s,af3726fcacd0ac1320a56ea850b0a2c0f5430cf4eb20a45c078706980f08407e,d24fbe3839599a6a097188bae8cd47ce8083f27deef1341ae3086bf0d5a45bd1,87f63c0590d05baea263cdc42c6e1df2d063fa2def309ecb0283f3036bf33d46,87f63c0590d05baea263cdc42c6e1df2d063fa2def309ecb0283f3036bf33d46,1787977976.775574,36560.644,18280379,0,0.9584569931030273,1.0412378311157227,1.4459829330444336,0.00057220458984375,-0.00324249267578125,0.00476837158203125,-0.0073261260986328125,-0.0024423599243164062,0.1880340576171875,-0.0073261260986328125,-0.0073261260986328125,-0.0073261260986328125,-0.08058643341064453,-0.6905975341796875,7.090599060058594,-1.604395866394043,0.10988998413085938,-0.10988998413085938,0.0,-0.9688783777780874,6.2342237503601545,-1.5244656080577452,0.005853828977409776,-0.005532425490754994
47,2,heldout,3,1,0.3490658503988659,1.9175572789972648,3,s,af3726fcacd0ac1320a56ea850b0a2c0f5430cf4eb20a45c078706980f08407e,d24fbe3839599a6a097188bae8cd47ce8083f27deef1341ae3086bf0d5a45bd1,87f63c0590d05baea263cdc42c6e1df2d063fa2def309ecb0283f3036bf33d46,87f63c0590d05baea263cdc42c6e1df2d063fa2def309ecb0283f3036bf33d46,1787977976.7774944,36560.646,18280380,0,0.9584569931030273,1.0412378311157227,1.4467458724975586,0.00057220458984375,-0.00324249267578125,0.00476837158203125,-0.0073261260986328125,-0.0024423599243164062,0.1929178237915039,-0.021978378295898438,-0.021978378295898438,-0.0073261260986328125,-0.08058643341064453,-0.7042732238769531,7.035896301269531,-1.604395866394043,0.10988998413085938,-0.10988998413085938,0.0,-0.9648216775134382,6.230167050095506,-1.5236780484636905,0.005864268938132849,-0.005530725248911211
47,2,heldout,3,1,0.3490658503988659,1.9194768429952092,3,s,af3726fcacd0ac1320a56ea850b0a2c0f5430cf4eb20a45c078706980f08407e,d24fbe3839599a6a097188bae8cd47ce8083f27deef1341ae3086bf0d5a45bd1,87f63c0590d05baea263cdc42c6e1df2d063fa2def309ecb0283f3036bf33d46,87f63c0590d05baea263cdc42c6e1df2d063fa2def309ecb0283f3036bf33d46,1787977976.7795515,36560.648,18280381,0,0.9584569931030273,1.0412378311157227,1.4475088119506836,0.00057220458984375,-0.00324249267578125,0.00476837158203125,-0.0073261260986328125,-0.0024423599243164062,0.19780254364013672,-0.021978378295898438,-0.0073261260986328125,-0.0073261260986328125,-0.07570171356201172,-0.6905975341796875,7.104274749755859,-1.604395866394043,0.10988998413085938,-0.10988998413085938,0.0,-0.9607613508144521,6.226106723396519,-1.522889601972326,0.005874705485402307,-0.005529021787761783
47,2,heldout,3,1,0.3490658503988659,1.9216744349978399,3,s,af3726fcacd0ac1320a56ea850b0a2c0f5430cf4eb20a45c078706980f08407e,d24fbe3839599a6a097188bae8cd47ce8083f27deef1341ae3086bf0d5a45bd1,87f63c0590d05baea263cdc42c6e1df2d063fa2def309ecb0283f3036bf33d46,87f63c0590d05baea263cdc42c6e1df2d063fa2def309ecb0283f3036bf33d46,1787977976.7817001,36560.65,18280382,0,0.9584569931030273,1.0412378311157227,1.4482717514038086,0.00057220458984375,-0.00324249267578125,0.00476837158203125,-0.0073261260986328125,-0.0024423599243164062,0.1929178237915039,-0.0073261260986328125,-0.0073261260986328125,-0.0073261260986328125,-0.07570171356201172,-0.6905975341796875,7.131622314453125,-1.5995111465454102,0.10988998413085938,-0.10988998413085938,0.0,-0.9566974000445516,6.222042772626619,-1.52210026904259,0.0058851386131432825,-0.00552731510829826
47,2,heldout,3,1,0.3490658503988659,1.923690921998059,3,s,af3726fcacd0ac1320a56ea850b0a2c0f5430cf4eb20a45c078706980f08407e,d24fbe3839599a6a097188bae8cd47ce8083f27deef1341ae3086bf0d5a45bd1,87f63c0590d05baea263cdc42c6e1df2d063fa2def309ecb0283f3036bf33d46,87f63c0590d05baea263cdc42c6e1df2d063fa2def309ecb0283f3036bf33d46,1787977976.7839134,36560.652,18280383,0,0.9584569931030273,1.0412378311157227,1.4490346908569336,0.00057220458984375,-0.00324249267578125,0.00476837158203125,0.0073261260986328125,-0.0024423599243164062,0.1831502914428711,-0.03663063049316406,0.0073261260986328125,-0.0073261260986328125,-0.07570171356201172,-0.6905975341796875,7.172649383544922,-1.5946273803710938,0.10988998413085938,-0.10988998413085938,0.0,-0.9526298275692702,6.217975200151338,-1.5213100501339336,0.005895568315282898,-0.005525605211514055
47,2,heldout,3,1,0.3490658503988659,1.9259045169965248,3,s,af3726fcacd0ac1320a56ea850b0a2c0f5430cf4eb20a45c078706980f08407e,d24fbe3839599a6a097188bae8cd47ce8083f27deef1341ae3086bf0d5a45bd1,87f63c0590d05baea263cdc42c6e1df2d063fa2def309ecb0283f3036bf33d46,87f63c0590d05baea263cdc42c6e1df2d063fa2def309ecb0283f3036bf33d46,1787977976.7853155,36560.653999999995,18280384,0,0.9584569931030273,1.0412378311157227,1.4497976303100586,0.00057220458984375,-0.00324249267578125,0.00476837158203125,-0.0073261260986328125,-0.0024423599243164062,0.1831502914428711,-0.0073261260986328125,0.0073261260986328125,-0.0073261260986328125,-0.07570171356201172,-0.6769237518310547,7.241024017333984,-1.5897436141967773,0.10988998413085938,-0.10988998413085938,0.0,-0.9485586357562437,6.213904008338311,-1.5205189457063237,0.005905994585750264,-0.005523892098404462
47,2,heldout,3,1,0.3490658503988659,1.9273095219978131,3,s,af3726fcacd0ac1320a56ea850b0a2c0f5430cf4eb20a45c078706980f08407e,d24fbe3839599a6a097188bae8cd47ce8083f27deef1341ae3086bf0d5a45bd1,87f63c0590d05baea263cdc42c6e1df2d063fa2def309ecb0283f3036bf33d46,87f63c0590d05baea263cdc42c6e1df2d063fa2def309ecb0283f3036bf33d46,1787977976.787297,36560.655999999995,18280385,0,0.9584569931030273,1.0412378311157227,1.4505605697631836,0.00057220458984375,-0.00324249267578125,0.00476837158203125,0.0073261260986328125,-0.0024423599243164062,0.17338180541992188,0.0073261260986328125,-0.0073261260986328125,-0.0073261260986328125,-0.07570171356201172,-0.6769237518310547,7.200000762939453,-1.584859848022461,0.10988998413085938,-0.10988998413085938,0.0,-0.9444838269752156,6.209829199557283,-1.519726956220245,0.005916417418476495,-0.0055221757699666415
47,2,heldout,3,1,0.3490658503988659,1.9292849060002482,3,s,af3726fcacd0ac1320a56ea850b0a2c0f5430cf4eb20a45c078706980f08407e,d24fbe3839599a6a097188bae8cd47ce8083f27deef1341ae3086bf0d5a45bd1,87f63c0590d05baea263cdc42c6e1df2d063fa2def309ecb0283f3036bf33d46,87f63c0590d05baea263cdc42c6e1df2d063fa2def309ecb0283f3036bf33d46,1787977976.789837,36560.657999999996,18280386,0,0.9584569931030273,1.0412378311157227,1.4513235092163086,0.00057220458984375,-0.00324249267578125,0.00476837158203125,-0.0073261260986328125,-0.0024423599243164062,0.17338180541992188,-0.0073261260986328125,-0.0073261260986328125,-0.0073261260986328125,-0.07570171356201172,-0.6769237518310547,7.158973693847656,-1.584859848022461,0.10988998413085938,-0.10988998413085938,0.0,-0.9404054035980416,6.205750776180109,-1.518934082136696,0.0059268368073947045,-0.005520456227199632
47,2,heldout,3,1,0.3490658503988659,1.9318272929958766,3,s,af3726fcacd0ac1320a56ea850b0a2c0f5430cf4eb20a45c078706980f08407e,d24fbe3839599a6a097188bae8cd47ce8083f27deef1341ae3086bf0d5a45bd1,87f63c0590d05baea263cdc42c6e1df2d063fa2def309ecb0283f3036bf33d46,87f63c0590d05baea263cdc42c6e1df2d063fa2def309ecb0283f3036bf33d46,1787977976.791787,36560.659999999996,18280387,0,0.9584569931030273,1.0412378311157227,1.4520864486694336,0.00057220458984375,-0.00324249267578125,0.00476837158203125,0.0073261260986328125,-0.0024423599243164062,0.1782665252685547,-0.03663063049316406,-0.0073261260986328125,-0.0073261260986328125,-0.07570171356201172,-0.6632480621337891,7.104274749755859,-1.584859848022461,0.10988998413085938,-0.10988998413085938,0.0,-0.9363233679986751,6.201668740580741,-1.5181403239171904,0.0059372527464400075,-0.0055187334711043375
47,2,heldout,3,1,0.3490658503988659,1.9337947129970416,3,s,af3726fcacd0ac1320a56ea850b0a2c0f5430cf4eb20a45c078706980f08407e,d24fbe3839599a6a097188bae8cd47ce8083f27deef1341ae3086bf0d5a45bd1,87f63c0590d05baea263cdc42c6e1df2d063fa2def309ecb0283f3036bf33d46,87f63c0590d05baea263cdc42c6e1df2d063fa2def309ecb0283f3036bf33d46,1787977976.7937844,36560.662,18280388,0,0.9584569931030273,1.0412378311157227,1.4528493881225586,0.00057220458984375,-0.00324249267578125,0.00476837158203125,-0.021978378295898438,-0.0024423599243164062,0.1831502914428711,-0.021978378295898438,-0.0073261260986328125,-0.0073261260986328125,-0.07570171356201172,-0.6632480621337891,7.104274749755859,-1.5799751281738281,0.10988998413085938,-0.11477375030517578,0.0,-0.9322377225531675,6.197583095135235,-1.5173456820237552,0.0059476652295495334,-0.005517007502683531
47,2,heldout,3,1,0.3490658503988659,1.9357833539979765,3,s,af3726fcacd0ac1320a56ea850b0a2c0f5430cf4eb20a45c078706980f08407e,d24fbe3839599a6a097188bae8cd47ce8083f27deef1341ae3086bf0d5a45bd1,87f63c0590d05baea263cdc42c6e1df2d063fa2def309ecb0283f3036bf33d46,87f63c0590d05baea263cdc42c6e1df2d063fa2def309ecb0283f3036bf33d46,1787977976.7958128,36560.664,18280389,0,0.9584569931030273,1.0412378311157227,1.4536123275756836,0.00057220458984375,-0.00324249267578125,0.00476837158203125,-0.021978378295898438,-0.0024423599243164062,0.1880340576171875,-0.0073261260986328125,-0.0073261260986328125,-0.0073261260986328125,-0.07570171356201172,-0.6632480621337891,7.117950439453125,-1.5799751281738281,0.10500621795654297,-0.11477375030517578,0.0,-0.9281484696396849,6.193493842221753,-1.5165501569189332,0.005958074250662421,-0.0055152783229418635
47,2,heldout,3,1,0.3490658503988659,1.9378064919947064,3,s,af3726fcacd0ac1320a56ea850b0a2c0f5430cf4eb20a45c078706980f08407e,d24fbe3839599a6a097188bae8cd47ce8083f27deef1341ae3086bf0d5a45bd1,87f63c0590d05baea263cdc42c6e1df2d063fa2def309ecb0283f3036bf33d46,87f63c0590d05baea263cdc42c6e1df2d063fa2def309ecb0283f3036bf33d46,1787977976.7978613,36560.666,18280390,0,0.9584569931030273,1.0412378311157227,1.4543752670288086,0.00057220458984375,-0.00324249267578125,0.00476837158203125,-0.0073261260986328125,-0.0024423599243164062,0.1880340576171875,-0.0073261260986328125,-0.021978378295898438,-0.0073261260986328125,-0.07570171356201172,-0.6495723724365234,7.1863250732421875,-1.5799751281738281,0.10988998413085938,-0.11477375030517578,0.0,-0.9240556116384815,6.1894009842205495,-1.5157537490657815,0.005968479803719817,-0.005513545932885845
47,2,heldout,3,1,0.3490658503988659,1.939854774995183,3,s,af3726fcacd0ac1320a56ea850b0a2c0f5430cf4eb20a45c078706980f08407e,d24fbe3839599a6a097188bae8cd47ce8083f27deef1341ae3086bf0d5a45bd1,87f63c0590d05baea263cdc42c6e1df2d063fa2def309ecb0283f3036bf33d46,87f63c0590d05baea263cdc42c6e1df2d063fa2def309ecb0283f3036bf33d46,1787977976.799334,36560.668,18280391,0,0.9584569931030273,1.0412378311157227,1.454756736755371,0.00057220458984375,-0.00324249267578125,0.00476837158203125,-0.0073261260986328125,-0.0024423599243164062,0.1831502914428711,-0.0073261260986328125,-0.0073261260986328125,-0.0073261260986328125,-0.08058643341064453,-0.6495723724365234,7.076923370361328,-1.5750913619995117,0.10988998413085938,-0.11477375030517578,0.0,-0.9220078314743916,6.187353204056459,-1.5153552142534275,0.005973681277834868,-0.0055126785343050004
47,2,heldout,3,1,0.3490658503988659,1.941328850996797,3,s,af3726fcacd0ac1320a56ea850b0a2c0f5430cf4eb20a45c078706980f08407e,d24fbe3839599a6a097188bae8cd47ce8083f27deef1341ae3086bf0d5a45bd1,87f63c0590d05baea263cdc42c6e1df2d063fa2def309ecb0283f3036bf33d46,87f63c0590d05baea263cdc42c6e1df2d063fa2def309ecb0283f3036bf33d46,1787977976.801316,36560.67,18280392,0,0.9584569931030273,1.0412378311157227,1.455519676208496,0.00057220458984375,-0.00324249267578125,0.00476837158203125,-0.0073261260986328125,-0.0024423599243164062,0.1831502914428711,-0.021978378295898438,-0.0073261260986328125,-0.0073261260986328125,-0.08058643341064453,-0.6358966827392578,7.117950439453125,-1.5750913619995117,0.10988998413085938,-0.11477375030517578,0.0,-0.9179095703091849,6.183254942891251,-1.5145574831471347,0.005984081617453108,-0.0055109413306687624
47,2,heldout,3,1,0.3490658503988659,1.9433074459957425,3,s,af3726fcacd0ac1320a56ea850b0a2c0f5430cf4eb20a45c078706980f08407e,d24fbe3839599a6a097188bae8cd47ce8083f27deef1341ae3086bf0d5a45bd1,87f63c0590d05baea263cdc42c6e1df2d063fa2def309ecb0283f3036bf33d46,87f63c0590d05baea263cdc42c6e1df2d063fa2def309ecb0283f3036bf33d46,1787977976.8033004,36560.672,18280393,0,0.9584569931030273,1.0412378311157227,1.456282615661621,0.00057220458984375,-0.00324249267578125,0.00476837158203125,-0.021978378295898438,-0.0024423599243164062,0.1782665252685547,-0.0073261260986328125,0.0073261260986328125,-0.0073261260986328125,-0.08058643341064453,-0.6495723724365234,7.090599060058594,-1.5750913619995117,0.10988998413085938,-0.11477375030517578,0.0,-0.9138077100160811,6.179153082598148,-1.5137588704524014,0.005994478473877584,-0.005509200919242635
47,2,heldout,3,1,0.3490658503988659,1.9452902089979034,3,s,af3726fcacd0ac1320a56ea850b0a2c0f5430cf4eb20a45c078706980f08407e,d24fbe3839599a6a097188bae8cd47ce8083f27deef1341ae3086bf0d5a45bd1,87f63c0590d05baea263cdc42c6e1df2d063fa2def309ecb0283f3036bf33d46,87f63c0590d05baea263cdc42c6e1df2d063fa2def309ecb0283f3036bf33d46,1787977976.8053002,36560.674,18280394,0,0.9584569931030273,1.0412378311157227,1.457045555114746,0.00057220458984375,-0.00324249267578125,0.00476837158203125,0.0073261260986328125,-0.0024423599243164062,0.1782665252685547,-0.0073261260986328125,-0.0073261260986328125,-0.0073261260986328125,-0.08058643341064453,-0.622222900390625,7.0632476806640625,-1.5750913619995117,0.10988998413085938,-0.11477375030517578,0.0,-0.9097022529826806,6.175047625564748,-1.5129593766340805,0.00600487184105652,-0.005507457301039678
47,2,heldout,3,1,0.3490658503988659,1.9472952489959425,3,s,af3726fcacd0ac1320a56ea850b0a2c0f5430cf4eb20a45c078706980f08407e,d24fbe3839599a6a097188bae8cd47ce8083f27deef1341ae3086bf0d5a45bd1,87f63c0590d05baea263cdc42c6e1df2d063fa2def309ecb0283f3036bf33d46,87f63c0590d05baea263cdc42c6e1df2d063fa2def309ecb0283f3036bf33d46,1787977976.8072789,36560.676,18280395,0,0.9584569931030273,1.0412378311157227,1.457808494567871,0.00057220458984375,-0.00324249267578125,0.00476837158203125,-0.0073261260986328125,-0.0024423599243164062,0.1782665252685547,-0.0073261260986328125,0.0073261260986328125,-0.0073261260986328125,-0.08058643341064453,-0.6358966827392578,7.0632476806640625,-1.5750913619995117,0.10988998413085938,-0.11477375030517578,0.0,-0.9055932015986701,6.170938574180736,-1.5121590021575386,0.00601526171294019,-0.005505710477074801
47,2,heldout,3,1,0.3490658503988659,1.9492676890004077,3,s,af3726fcacd0ac1320a56ea850b0a2c0f5430cf4eb20a45c078706980f08407e,d24fbe3839599a6a097188bae8cd47ce8083f27deef1341ae3086bf0d5a45bd1,87f63c0590d05baea263cdc42c6e1df2d063fa2def309ecb0283f3036bf33d46,87f63c0590d05baea263cdc42c6e1df2d063fa2def309ecb0283f3036bf33d46,1787977976.8098283,36560.678,18280396,0,0.9584569931030273,1.0412378311157227,1.458571434020996,0.00057220458984375,-0.00324249267578125,0.00476837158203125,-0.0073261260986328125,-0.0024423599243164062,0.1880340576171875,0.0073261260986328125,0.0073261260986328125,-0.0073261260986328125,-0.07570171356201172,-0.6358966827392578,7.049571990966797,-1.5750913619995117,0.10500621795654297,-0.11477375030517578,0.0,-0.9014805582558341,6.166825930837902,-1.5113577474886553,0.00602564808348089,-0.005503960448364796
47,2,heldout,3,1,0.3490658503988659,1.951824879994092,3,s,af3726fcacd0ac1320a56ea850b0a2c0f5430cf4eb20a45c078706980f08407e,d24fbe3839599a6a097188bae8cd47ce8083f27deef1341ae3086bf0d5a45bd1,87f63c0590d05baea263cdc42c6e1df2d063fa2def309ecb0283f3036bf33d46,87f63c0590d05baea263cdc42c6e1df2d063fa2def309ecb0283f3036bf33d46,1787977976.8119266,36560.68,18280397,0,0.9584569931030273,1.0412378311157227,1.459334373474121,0.00057220458984375,-0.00324249267578125,0.00476837158203125,-0.021978378295898438,-0.0024423599243164062,0.1880340576171875,0.0073261260986328125,-0.0073261260986328125,-0.0073261260986328125,-0.07570171356201172,-0.6358966827392578,6.967521667480469,-1.5799751281738281,0.10988998413085938,-0.11477375030517578,0.0,-0.8973643253480399,6.162709697930108,-1.5105556130938202,0.006036030946632954,-0.005502207215928309
47,2,heldout,3,1,0.3490658503988659,1.953945148998173,3,s,af3726fcacd0ac1320a56ea850b0a2c0f5430cf4eb20a45c078706980f08407e,d24fbe3839599a6a097188bae8cd47ce8083f27deef1341ae3086bf0d5a45bd1,87f63c0590d05baea263cdc42c6e1df2d063fa2def309ecb0283f3036bf33d46,87f63c0590d05baea263cdc42c6e1df2d063fa2def309ecb0283f3036bf33d46,1787977976.8133945,36560.682,18280398,0,0.9584569931030273,1.0412378311157227,1.460097312927246,0.00057220458984375,-0.00324249267578125,0.00476837158203125,-0.0073261260986328125,-0.0024423599243164062,0.1929178237915039,-0.021978378295898438,-0.021978378295898438,-0.0073261260986328125,-0.07570171356201172,-0.6358966827392578,6.871795654296875,-1.5799751281738281,0.10988998413085938,-0.11477375030517578,0.0,-0.893244505271259,6.158589877853327,-1.5097525994399394,0.006046410296352762,-0.00550045078078586
47,2,heldout,3,1,0.3490658503988659,1.9555593549957848,3,s,af3726fcacd0ac1320a56ea850b0a2c0f5430cf4eb20a45c078706980f08407e,d24fbe3839599a6a097188bae8cd47ce8083f27deef1341ae3086bf0d5a45bd1,87f63c0590d05baea263cdc42c6e1df2d063fa2def309ecb0283f3036bf33d46,87f63c0590d05baea263cdc42c6e1df2d063fa2def309ecb0283f3036bf33d46,1787977976.815652,36560.684,18280399,0,0.9584569931030273,1.0412378311157227,1.460860252380371,0.00057220458984375,-0.00324249267578125,0.00476837158203125,0.0073261260986328125,-0.0024423599243164062,0.1929178237915039,0.0073261260986328125,0.0073261260986328125,-0.0073261260986328125,-0.08058643341064453,-0.6358966827392578,6.926494598388672,-1.5799751281738281,0.10988998413085938,-0.11477375030517578,0.0,-0.889121100423542,6.154466473005609,-1.5089487069944278,0.006056786126598738,-0.005498691143959828
47,2,heldout,3,1,0.3490658503988659,1.9576582469962887,3,s,af3726fcacd0ac1320a56ea850b0a2c0f5430cf4eb20a45c078706980f08407e,d24fbe3839599a6a097188bae8cd47ce8083f27deef1341ae3086bf0d5a45bd1,87f63c0590d05baea263cdc42c6e1df2d063fa2def309ecb0283f3036bf33d46,87f63c0590d05baea263cdc42c6e1df2d063fa2def309ecb0283f3036bf33d46,1787977976.817639,36560.686,18280400,0,0.9584569931030273,1.0412378311157227,1.461623191833496,0.00057220458984375,-0.00324249267578125,0.00476837158203125,-0.021978378295898438,-0.0024423599243164062,0.1929178237915039,-0.0073261260986328125,0.0073261260986328125,-0.0073261260986328125,-0.08058643341064453,-0.622222900390625,6.953845977783203,-1.584859848022461,0.10988998413085938,-0.10988998413085938,0.0,-0.8849941132050205,6.150339485787087,-1.5081439362252123,0.006067158431331356,-0.005496928306474455
47,2,heldout,3,1,0.3490658503988659,1.9596219439990819,3,s,af3726fcacd0ac1320a56ea850b0a2c0f5430cf4eb20a45c078706980f08407e,d24fbe3839599a6a097188bae8cd47ce8083f27deef1341ae3086bf0d5a45bd1,87f63c0590d05baea263cdc42c6e1df2d063fa2def309ecb0283f3036bf33d46,87f63c0590d05baea263cdc42c6e1df2d063fa2def309ecb0283f3036bf33d46,1787977976.819531,36560.688,18280401,0,0.9584569931030273,1.0412378311157227,1.462386131286621,0.00057220458984375,-0.00324249267578125,0.00476837158203125,-0.0073261260986328125,-0.0024423599243164062,0.1880340576171875,0.0073261260986328125,-0.0073261260986328125,-0.0073261260986328125,-0.08058643341064453,-0.6085472106933594,6.967521667480469,-1.584859848022461,0.10988998413085938,-0.10988998413085938,0.0,-0.8808635460179179,6.146208918599986,-1.5073382876007304,0.006077527204513138,-0.005495162269355849
47,2,heldout,3,1,0.3490658503988659,1.9615085719997296,3,s,af3726fcacd0ac1320a56ea850b0a2c0f5430cf4eb20a45c078706980f08407e,d24fbe3839599a6a097188bae8cd47ce8083f27deef1341ae3086bf0d5a45bd1,87f63c0590d05baea263cdc42c6e1df2d063fa2def309ecb0283f3036bf33d46,87f63c0590d05baea263cdc42c6e1df2d063fa2def309ecb0283f3036bf33d46,1787977976.8214061,36560.689999999995,18280402,0,0.9584569931030273,1.0412378311157227,1.463149070739746,0.00057220458984375,-0.00324249267578125,0.00476837158203125,-0.0073261260986328125,-0.0024423599243164062,0.1880340576171875,-0.0073261260986328125,-0.021978378295898438,-0.0073261260986328125,-0.07570171356201172,-0.6085472106933594,6.981197357177734,-1.584859848022461,0.10988998413085938,-0.11477375030517578,0.0,-0.8767294012665456,6.142074773848613,-1.5065317615899323,0.006087892440108661,-0.005493393033631977
47,2,heldout,3,1,0.3490658503988659,1.9633827090001432,3,s,af3726fcacd0ac1320a56ea850b0a2c0f5430cf4eb20a45c078706980f08407e,d24fbe3839599a6a097188bae8cd47ce8083f27deef1341ae3086bf0d5a45bd1,87f63c0590d05baea263cdc42c6e1df2d063fa2def309ecb0283f3036bf33d46,87f63c0590d05baea263cdc42c6e1df2d063fa2def309ecb0283f3036bf33d46,1787977976.8233352,36560.691999999995,18280403,0,0.9584569931030273,1.0412378311157227,1.463912010192871,0.00057220458984375,-0.00324249267578125,0.00476837158203125,-0.0073261260986328125,-0.0024423599243164062,0.1831502914428711,-0.0073261260986328125,-0.0073261260986328125,-0.0073261260986328125,-0.07570171356201172,-0.5948715209960938,6.994873046875,-1.584859848022461,0.10988998413085938,-0.10988998413085938,0.0,-0.872591681357288,6.137937053939356,-1.5057243586622768,0.006098254132084572,-0.005491620600332671
47,2,heldout,3,1,0.3490658503988659,1.9653247869937331,3,s,af3726fcacd0ac1320a56ea850b0a2c0f5430cf4eb20a45c078706980f08407e,d24fbe3839599a6a097188bae8cd47ce8083f27deef1341ae3086bf0d5a45bd1,87f63c0590d05baea263cdc42c6e1df2d063fa2def309ecb0283f3036bf33d46,87f63c0590d05baea263cdc42c6e1df2d063fa2def309ecb0283f3036bf33d46,1787977976.8252454,36560.693999999996,18280404,0,0.9584569931030273,1.0412378311157227,1.464674949645996,0.00057220458984375,-0.00324249267578125,0.00476837158203125,0.0073261260986328125,-0.0024423599243164062,0.1880340576171875,-0.0073261260986328125,-0.0073261260986328125,-0.0073261260986328125,-0.07570171356201172,-0.5948715209960938,6.926494598388672,-1.584859848022461,0.10988998413085938,-0.10988998413085938,0.0,-0.8684503886986177,6.133795761280685,-1.5049160792877352,0.006108612274409566,-0.005489844970489621
47,2,heldout,3,1,0.3490658503988659,1.9672237069971743,3,s,af3726fcacd0ac1320a56ea850b0a2c0f5430cf4eb20a45c078706980f08407e,d24fbe3839599a6a097188bae8cd47ce8083f27deef1341ae3086bf0d5a45bd1,87f63c0590d05baea263cdc42c6e1df2d063fa2def309ecb0283f3036bf33d46,87f63c0590d05baea263cdc42c6e1df2d063fa2def309ecb0283f3036bf33d46,1787977976.8277497,36560.695999999996,18280405,0,0.9584569931030273,1.0412378311157227,1.465437889099121,0.00057220458984375,-0.00324249267578125,0.00476837158203125,0.0073261260986328125,-0.0024423599243164062,0.1831502914428711,-0.0073261260986328125,-0.0073261260986328125,-0.0073261260986328125,-0.07570171356201172,-0.5948715209960938,7.008548736572266,-1.5799751281738281,0.10988998413085938,-0.11477375030517578,0.0,-0.864305525701081,6.129650898283147,-1.5041069239367875,0.006118966861054414,-0.00548806614513638
47,2,heldout,3,1,0.3490658503988659,1.9697501400005422,3,s,af3726fcacd0ac1320a56ea850b0a2c0f5430cf4eb20a45c078706980f08407e,d24fbe3839599a6a097188bae8cd47ce8083f27deef1341ae3086bf0d5a45bd1,87f63c0590d05baea263cdc42c6e1df2d063fa2def309ecb0283f3036bf33d46,87f63c0590d05baea263cdc42c6e1df2d063fa2def309ecb0283f3036bf33d46,1787977976.8297806,36560.698,18280406,0,0.9584569931030273,1.0412378311157227,1.466200828552246,0.00057220458984375,-0.00324249267578125,0.00476837158203125,-0.0073261260986328125,-0.0024423599243164062,0.1831502914428711,-0.0073261260986328125,-0.0073261260986328125,-0.0073261260986328125,-0.07570171356201172,-0.5811958312988281,6.899147033691406,-1.5750913619995117,0.10988998413085938,-0.11477375030517578,0.0,-0.8601570947773063,6.125502467359373,-1.503296893080424,0.006129317885991952,-0.005486284125308364
47,2,heldout,3,1,0.3490658503988659,1.9717684789939085,3,s,af3726fcacd0ac1320a56ea850b0a2c0f5430cf4eb20a45c078706980f08407e,d24fbe3839599a6a097188bae8cd47ce8083f27deef1341ae3086bf0d5a45bd1,87f63c0590d05baea263cdc42c6e1df2d063fa2def309ecb0283f3036bf33d46,87f63c0590d05baea263cdc42c6e1df2d063fa2def309ecb0283f3036bf33d46,1787977976.8317568,36560.7,18280407,0,0.9584569931030273,1.0412378311157227,1.466963768005371,0.00057220458984375,-0.00324249267578125,0.00476837158203125,-0.0073261260986328125,-0.0024423599243164062,0.1831502914428711,-0.021978378295898438,-0.021978378295898438,-0.0073261260986328125,-0.07570171356201172,-0.5811958312988281,6.871795654296875,-1.5750913619995117,0.10988998413085938,-0.11477375030517578,0.0,-0.8560050983419993,6.1213504709240665,-1.5024859871901448,0.006139665343197093,-0.0054844989120428405
47,2,heldout,3,1,0.3490658503988659,1.9737673979980173,3,s,af3726fcacd0ac1320a56ea850b0a2c0f5430cf4eb20a45c078706980f08407e,d24fbe3839599a6a097188bae8cd47ce8083f27deef1341ae3086bf0d5a45bd1,87f63c0590d05baea263cdc42c6e1df2d063fa2def309ecb0283f3036bf33d46,87f63c0590d05baea263cdc42c6e1df2d063fa2def309ecb0283f3036bf33d46,1787977976.8337076,36560.702,18280408,0,0.9584569931030273,1.0412378311157227,1.467726707458496,0.00057220458984375,-0.00324249267578125,0.00476837158203125,0.0073261260986328125,-0.0024423599243164062,0.1880340576171875,-0.0073261260986328125,-0.0073261260986328125,-0.0073261260986328125,-0.07570171356201172,-0.5811958312988281,6.858119964599609,-1.5750913619995117,0.10988998413085938,-0.11477375030517578,0.0,-0.8518495388119425,6.11719491139401,-1.50167420673796,0.0061500092266468225,-0.005482710506378944
47,2,heldout,3,1,0.3490658503988659,1.9756902149965754,3,s,af3726fcacd0ac1320a56ea850b0a2c0f5430cf4eb20a45c078706980f08407e,d24fbe3839599a6a097188bae8cd47ce8083f27deef1341ae3086bf0d5a45bd1,87f63c0590d05baea263cdc42c6e1df2d063fa2def309ecb0283f3036bf33d46,87f63c0590d05baea263cdc42c6e1df2d063fa2def309ecb0283f3036bf33d46,1787977976.8356283,36560.704,18280409,0,0.9584569931030273,1.0412378311157227,1.468489646911621,0.00057220458984375,-0.00324249267578125,0.00476837158203125,0.0073261260986328125,-0.0024423599243164062,0.1929178237915039,-0.021978378295898438,-0.0073261260986328125,-0.0073261260986328125,-0.07570171356201172,-0.5811958312988281,6.858119964599609,-1.5702075958251953,0.10988998413085938,-0.11477375030517578,0.0,-0.8476904186059848,6.113035791188053,-1.500861552196387,0.006160349530320209,-0.005480918909357661
47,2,heldout,3,1,0.3490658503988659,1.9776115589993424,3,s,af3726fcacd0ac1320a56ea850b0a2c0f5430cf4eb20a45c078706980f08407e,d24fbe3839599a6a097188bae8cd47ce8083f27deef1341ae3086bf0d5a45bd1,87f63c0590d05baea263cdc42c6e1df2d063fa2def309ecb0283f3036bf33d46,87f63c0590d05baea263cdc42c6e1df2d063fa2def309ecb0283f3036bf33d46,1787977976.837542,36560.706,18280410,0,0.9584569931030273,1.0412378311157227,1.4692535400390625,0.00057220458984375,-0.00324249267578125,0.00476837158203125,-0.0073261260986328125,-0.0024423599243164062,0.1880340576171875,-0.03663063049316406,0.0073261260986328125,-0.0073261260986328125,-0.07570171356201172,-0.5675220489501953,6.885471343994141,-1.5702075958251953,0.10988998413085938,-0.11477375030517578,0.0,-0.8435225345713031,6.108867907153369,-1.500047006581761,0.006170699166849315,-0.0054791218765416665
47,2,heldout,3,1,0.3490658503988659,1.9795254819982802,3,s,af3726fcacd0ac1320a56ea850b0a2c0f5430cf4eb20a45c078706980f08407e,d24fbe3839599a6a097188bae8cd47ce8083f27deef1341ae3086bf0d5a45bd1,87f63c0590d05baea263cdc42c6e1df2d063fa2def309ecb0283f3036bf33d46,87f63c0590d05baea263cdc42c6e1df2d063fa2def309ecb0283f3036bf33d46,1787977976.839465,36560.708,18280411,0,0.9584569931030273,1.0412378311157227,1.4700164794921875,0.00057220458984375,-0.00324249267578125,0.00476837158203125,-0.0073261260986328125,-0.0024423599243164062,0.1880340576171875,-0.0073261260986328125,-0.0073261260986328125,-0.0073261260986328125,-0.07570171356201172,-0.5675220489501953,6.912818908691406,-1.565323829650879,0.10988998413085938,-0.11477375030517578,0.0,-0.8393562958351242,6.104701668417192,-1.49923260418987,0.006181032288422029,-0.005477323895950077
47,2,heldout,3,1,0.3490658503988659,1.9814473879960133,3,s,af3726fcacd0ac1320a56ea850b0a2c0f5430cf4eb20a45c078706980f08407e,d24fbe3839599a6a097188bae8cd47ce8083f27deef1341ae3086bf0d5a45bd1,87f63c0590d05baea263cdc42c6e1df2d063fa2def309ecb0283f3036bf33d46,87f63c0590d05baea263cdc42c6e1df2d063fa2def309ecb0283f3036bf33d46,1787977976.8413885,36560.71,18280412,0,0.9584569931030273,1.0412378311157227,1.4707794189453125,0.00057220458984375,-0.00324249267578125,0.00476837158203125,0.0073261260986328125,-0.0024423599243164062,0.1782665252685547,0.0073261260986328125,-0.021978378295898438,-0.0073261260986328125,-0.07570171356201172,-0.5675220489501953,6.926494598388672,-1.560439109802246,0.10988998413085938,-0.11477375030517578,0.0,-0.8351865036950745,6.10053187627714,-1.4984173291297906,0.006191361812160598,-0.005475522727136519
47,2,heldout,3,1,0.3490658503988659,1.9833712519975961,3,s,af3726fcacd0ac1320a56ea850b0a2c0f5430cf4eb20a45c078706980f08407e,d24fbe3839599a6a097188bae8cd47ce8083f27deef1341ae3086bf0d5a45bd1,87f63c0590d05baea263cdc42c6e1df2d063fa2def309ecb0283f3036bf33d46,87f63c0590d05baea263cdc42c6e1df2d063fa2def309ecb0283f3036bf33d46,1787977976.8432894,36560.712,18280413,0,0.9584569931030273,1.0412378311157227,1.4715423583984375,0.00057220458984375,-0.00324249267578125,0.00476837158203125,-0.0073261260986328125,-0.0024423599243164062,0.1782665252685547,-0.0073261260986328125,0.0073261260986328125,-0.0073261260986328125,-0.08058643341064453,-0.5675220489501953,6.858119964599609,-1.560439109802246,0.10988998413085938,-0.11477375030517578,0.0,-0.8310131605782847,6.096358533160352,-1.4976011818760757,0.006201687732052457,-0.005473718371149416
47,2,heldout,3,1,0.3490658503988659,1.9852661990007618,3,s,af3726fcacd0ac1320a56ea850b0a2c0f5430cf4eb20a45c078706980f08407e,d24fbe3839599a6a097188bae8cd47ce8083f27deef1341ae3086bf0d5a45bd1,87f63c0590d05baea263cdc42c6e1df2d063fa2def309ecb0283f3036bf33d46,87f63c0590d05baea263cdc42c6e1df2d063fa2def309ecb0283f3036bf33d46,1787977976.845271,36560.714,18280414,0,0.9584569931030273,1.0412378311157227,1.4723052978515625,0.00057220458984375,-0.00324249267578125,0.00476837158203125,-0.0073261260986328125,-0.0024423599243164062,0.1880340576171875,-0.0073261260986328125,-0.0073261260986328125,-0.0073261260986328125,-0.07570171356201172,-0.5675220489501953,6.858119964599609,-1.560439109802246,0.10988998413085938,-0.11477375030517578,0.0,-0.826836268913967,6.092181641496035,-1.4967841629037864,0.006212010042087122,-0.00547191082903904
47,2,heldout,3,1,0.3490658503988659,1.9872591359962826,3,s,af3726fcacd0ac1320a56ea850b0a2c0f5430cf4eb20a45c078706980f08407e,d24fbe3839599a6a097188bae8cd47ce8083f27deef1341ae3086bf0d5a45bd1,87f63c0590d05baea263cdc42c6e1df2d063fa2def309ecb0283f3036bf33d46,87f63c0590d05baea263cdc42c6e1df2d063fa2def309ecb0283f3036bf33d46,1787977976.8472342,36560.716,18280415,0,0.9584569931030273,1.0412378311157227,1.4730682373046875,0.00057220458984375,-0.00324249267578125,0.00476837158203125,-0.0073261260986328125,-0.0024423599243164062,0.1929178237915039,-0.021978378295898438,-0.021978378295898438,-0.0073261260986328125,-0.08058643341064453,-0.5538463592529297,6.830768585205078,-1.560439109802246,0.10988998413085938,-0.11477375030517578,0.0,-0.82265583113339,6.088001203715458,-1.4959662726884888,0.00622232873625622,-0.005470100101857517
47,2,heldout,3,1,0.3490658503988659,1.98921860599512,3,s,af3726fcacd0ac1320a56ea850b0a2c0f5430cf4eb20a45c078706980f08407e,d24fbe3839599a6a097188bae8cd47ce8083f27deef1341ae3086bf0d5a45bd1,87f63c0590d05baea263cdc42c6e1df2d063fa2def309ecb0283f3036bf33d46,87f63c0590d05baea263cdc42c6e1df2d063fa2def309ecb0283f3036bf33d46,1787977976.8497512,36560.718,18280416,0,0.9584569931030273,1.0412378311157227,1.4738311767578125,0.00057220458984375,-0.00324249267578125,0.00476837158203125,-0.0073261260986328125,-0.0024423599243164062,0.19780254364013672,0.0073261260986328125,0.0073261260986328125,-0.0073261260986328125,-0.08058643341064453,-0.5675220489501953,6.830768585205078,-1.5555553436279297,0.10988998413085938,-0.11477375030517578,0.0,-0.8184718496698855,6.0838172222519535,-1.495147511706257,0.006232643808553486,-0.005468286190658827
47,2,heldout,3,1,0.3490658503988659,1.9917336229991633,3,s,af3726fcacd0ac1320a56ea850b0a2c0f5430cf4eb20a45c078706980f08407e,d24fbe3839599a6a097188bae8cd47ce8083f27deef1341ae3086bf0d5a45bd1,87f63c0590d05baea263cdc42c6e1df2d063fa2def309ecb0283f3036bf33d46,87f63c0590d05baea263cdc42c6e1df2d063fa2def309ecb0283f3036bf33d46,1787977976.8516803,36560.72,18280417,0,0.9584569931030273,1.0412378311157227,1.4745941162109375,0.00057220458984375,-0.00324249267578125,0.00476837158203125,-0.0073261260986328125,-0.0024423599243164062,0.1929178237915039,0.0073261260986328125,-0.0073261260986328125,-0.0073261260986328125,-0.08058643341064453,-0.5538463592529297,6.8170928955078125,-1.560439109802246,0.10988998413085938,-0.10988998413085938,0.0,-0.8142843269588547,6.079629699540922,-1.4943278804336746,0.006242955252974752,-0.00546646909649881
47,2,heldout,3,1,0.3490658503988659,1.9936855150008341,3,s,af3726fcacd0ac1320a56ea850b0a2c0f5430cf4eb20a45c078706980f08407e,d24fbe3839599a6a097188bae8cd47ce8083f27deef1341ae3086bf0d5a45bd1,87f63c0590d05baea263cdc42c6e1df2d063fa2def309ecb0283f3036bf33d46,87f63c0590d05baea263cdc42c6e1df2d063fa2def309ecb0283f3036bf33d46,1787977976.853601,36560.722,18280418,0,0.9584569931030273,1.0412378311157227,1.4753570556640625,0.00057220458984375,-0.00324249267578125,0.00476837158203125,-0.0073261260986328125,-0.0024423599243164062,0.19780254364013672,-0.0073261260986328125,-0.0073261260986328125,-0.0073261260986328125,-0.08058643341064453,-0.5538463592529297,6.803417205810547,-1.560439109802246,0.10988998413085938,-0.11477375030517578,0.0,-0.8100932654377548,6.075438638019822,-1.4935073793478282,0.006253263063517967,-0.005464648820435151
47,2,heldout,3,1,0.3490658503988659,1.9955841909977607,3,s,af3726fcacd0ac1320a56ea850b0a2c0f5430cf4eb20a45c078706980f08407e,d24fbe3839599a6a097188bae8cd47ce8083f27deef1341ae3086bf0d5a45bd1,87f63c0590d05baea263cdc42c6e1df2d063fa2def309ecb0283f3036bf33d46,87f63c0590d05baea263cdc42c6e1df2d063fa2def309ecb0283f3036bf33d46,1787977976.8555155,36560.724,18280419,0,0.9584569931030273,1.0412378311157227,1.4761199951171875,0.00057220458984375,-0.00324249267578125,0.00476837158203125,0.0073261260986328125,-0.0024423599243164062,0.1929178237915039,-0.0073261260986328125,-0.0073261260986328125,-0.0073261260986328125,-0.08058643341064453,-0.5264949798583984,6.844444274902344,-1.560439109802246,0.10988998413085938,-0.11477375030517578,0.0,-0.8058986675461031,6.071244040128169,-1.4926860089263125,0.006263567234183203,-0.005462825363527389
47,2,heldout,3,1,0.3490658503988659,1.9974984359942027,3,s,af3726fcacd0ac1320a56ea850b0a2c0f5430cf4eb20a45c078706980f08407e,d24fbe3839599a6a097188bae8cd47ce8083f27deef1341ae3086bf0d5a45bd1,87f63c0590d05baea263cdc42c6e1df2d063fa2def309ecb0283f3036bf33d46,87f63c0590d05baea263cdc42c6e1df2d063fa2def309ecb0283f3036bf33d46,1787977976.8574333,36560.725999999995,18280420,0,0.9584569931030273,1.0412378311157227,1.4768829345703125,0.00057220458984375,-0.00324249267578125,0.00476837158203125,-0.0073261260986328125,-0.0024423599243164062,0.1831502914428711,0.0073261260986328125,-0.0073261260986328125,-0.0073261260986328125,-0.07570171356201172,-0.5264949798583984,6.871795654296875,-1.560439109802246,0.10988998413085938,-0.11477375030517578,0.0,-0.8017005357254814,6.0670459083075485,-1.4918637696472297,0.006273867758972636,-0.00546099872683692
47,2,heldout,3,1,0.3490658503988659,1.9994219029977103,3,s,af3726fcacd0ac1320a56ea850b0a2c0f5430cf4eb20a45c078706980f08407e,d24fbe3839599a6a097188bae8cd47ce8083f27deef1341ae3086bf0d5a45bd1,87f63c0590d05baea263cdc42c6e1df2d063fa2def309ecb0283f3036bf33d46,87f63c0590d05baea263cdc42c6e1df2d063fa2def309ecb0283f3036bf33d46,1787977976.8593976,36560.727999999996,18280421,0,0.9584569931030273,1.0412378311157227,1.4776458740234375,0.00057220458984375,-0.00324249267578125,0.00476837158203125,-0.0073261260986328125,-0.0024423599243164062,0.1831502914428711,-0.0073261260986328125,0.0073261260986328125,-0.0073261260986328125,-0.07570171356201172,-0.5264949798583984,6.885471343994141,-1.565323829650879,0.10988998413085938,-0.11477375030517578,0.0,-0.7974988724195218,6.062844245001589,-1.491040661989184,0.006284164631890576,-0.005459168911426985
47,2,heldout,3,1,0.3490658503988659,2.0013880170008633,3,s,af3726fcacd0ac1320a56ea850b0a2c0f5430cf4eb20a45c078706980f08407e,d24fbe3839599a6a097188bae8cd47ce8083f27deef1341ae3086bf0d5a45bd1,87f63c0590d05baea263cdc42c6e1df2d063fa2def309ecb0283f3036bf33d46,87f63c0590d05baea263cdc42c6e1df2d063fa2def309ecb0283f3036bf33d46,1787977976.8613582,36560.729999999996,18280422,0,0.9584569931030273,1.0412378311157227,1.4784088134765625,0.00057220458984375,-0.00324249267578125,0.00476837158203125,0.0073261260986328125,-0.0024423599243164062,0.1880340576171875,0.0073261260986328125,-0.0073261260986328125,-0.0073261260986328125,-0.07570171356201172,-0.5128211975097656,6.858119964599609,-1.565323829650879,0.10988998413085938,-0.11477375030517578,0.0,-0.7932936800739097,6.058639052655977,-1.4902166864312876,0.006294457846943455,-0.005457335918362671
47,2,heldout,3,1,0.3490658503988659,2.003348237994942,3,s,af3726fcacd0ac1320a56ea850b0a2c0f5430cf4eb20a45c078706980f08407e,d24fbe3839599a6a097188bae8cd47ce8083f27deef1341ae3086bf0d5a45bd1,87f63c0590d05baea263cdc42c6e1df2d063fa2def309ecb0283f3036bf33d46,87f63c0590d05baea263cdc42c6e1df2d063fa2def309ecb0283f3036bf33d46,1787977976.8633053,36560.731999999996,18280423,0,0.9584569931030273,1.0412378311157227,1.47955322265625,0.00057220458984375,-0.00324249267578125,0.00476837158203125,-0.0073261260986328125,-0.0024423599243164062,0.1929178237915039,-0.0073261260986328125,-0.021978378295898438,-0.0073261260986328125,-0.07570171356201172,-0.5264949798583984,6.74871826171875,-1.565323829650879,0.10988998413085938,-0.10988998413085938,0.0,-0.7869792799611555,6.0523246525432235,-1.4889790968315235,0.006309890797920086,-0.005454580472998694
47,2,heldout,3,1,0.3490658503988659,2.005288936998113,3,s,af3726fcacd0ac1320a56ea850b0a2c0f5430cf4eb20a45c078706980f08407e,d24fbe3839599a6a097188bae8cd47ce8083f27deef1341ae3086bf0d5a45bd1,87f63c0590d05baea263cdc42c6e1df2d063fa2def309ecb0283f3036bf33d46,87f63c0590d05baea263cdc42c6e1df2d063fa2def309ecb0283f3036bf33d46,1787977976.8652864,36560.734,18280424,0,0.9584569931030273,1.0412378311157227,1.480316162109375,0.00057220458984375,-0.00324249267578125,0.00476837158203125,-0.021978378295898438,-0.0024423599243164062,0.19780254364013672,-0.0073261260986328125,-0.0073261260986328125,-0.0073261260986328125,-0.07570171356201172,-0.5264949798583984,6.735042572021484,-1.560439109802246,0.11477375030517578,-0.10988998413085938,0.0,-0.7827652757297952,6.048110648311862,-1.4881529536234293,0.006320174842102426,-0.005452739540470364
47,2,heldout,3,1,0.3490658503988659,2.007276706994162,3,s,af3726fcacd0ac1320a56ea850b0a2c0f5430cf4eb20a45c078706980f08407e,d24fbe3839599a6a097188bae8cd47ce8083f27deef1341ae3086bf0d5a45bd1,87f63c0590d05baea263cdc42c6e1df2d063fa2def309ecb0283f3036bf33d46,87f63c0590d05baea263cdc42c6e1df2d063fa2def309ecb0283f3036bf33d46,1787977976.8678317,36560.736,18280425,0,0.9584569931030273,1.0412378311157227,1.4810791015625,0.00057220458984375,-0.00324249267578125,0.00476837158203125,-0.0073261260986328125,-0.0024423599243164062,0.20268630981445312,-0.0073261260986328125,-0.0073261260986328125,-0.0073261260986328125,-0.07570171356201172,-0.5128211975097656,6.762393951416016,-1.5555553436279297,0.11477375030517578,-0.10988998413085938,0.0,-0.7785477510348662,6.043893123616932,-1.4873259441963513,0.006330455207458998,-0.0054508954340300435
47,2,heldout,3,1,0.3490658503988659,2.0098178009939147,3,s,af3726fcacd0ac1320a56ea850b0a2c0f5430cf4eb20a45c078706980f08407e,d24fbe3839599a6a097188bae8cd47ce8083f27deef1341ae3086bf0d5a45bd1,87f63c0590d05baea263cdc42c6e1df2d063fa2def309ecb0283f3036bf33d46,87f63c0590d05baea263cdc42c6e1df2d063fa2def309ecb0283f3036bf33d46,1787977976.8697858,36560.738,18280426,0,0.9584569931030273,1.0412378311157227,1.481842041015625,0.00057220458984375,-0.00324249267578125,0.00476837158203125,-0.0073261260986328125,-0.0024423599243164062,0.19780254364013672,-0.021978378295898438,-0.0073261260986328125,-0.0073261260986328125,-0.07570171356201172,-0.5128211975097656,6.776069641113281,-1.5555553436279297,0.11477375030517578,-0.10988998413085938,0.0,-0.7743267083312937,6.039672080913361,-1.486498069031674,0.006340731888005853,-0.005449048154751148
47,2,heldout,3,1,0.3490658503988659,2.011775585000578,3,s,af3726fcacd0ac1320a56ea850b0a2c0f5430cf4eb20a45c078706980f08407e,d24fbe3839599a6a097188bae8cd47ce8083f27deef1341ae3086bf0d5a45bd1,87f63c0590d05baea263cdc42c6e1df2d063fa2def309ecb0283f3036bf33d46,87f63c0590d05baea263cdc42c6e1df2d063fa2def309ecb0283f3036bf33d46,1787977976.8717542,36560.74,18280427,0,0.9584569931030273,1.0412378311157227,1.48260498046875,0.00057220458984375,-0.00324249267578125,0.00476837158203125,-0.0073261260986328125,-0.0024423599243164062,0.1880340576171875,-0.0073261260986328125,-0.0073261260986328125,-0.0073261260986328125,-0.07570171356201172,-0.4991455078125,6.789745330810547,-1.5506715774536133,0.10988998413085938,-0.10988998413085938,0.0,-0.7701021500760439,6.035447522658112,-1.4856693286112828,0.006351004877761171,-0.005447197703708932
47,2,heldout,3,1,0.3490658503988659,2.0137618469962035,3,s,af3726fcacd0ac1320a56ea850b0a2c0f5430cf4eb20a45c078706980f08407e,d24fbe3839599a6a097188bae8cd47ce8083f27deef1341ae3086bf0d5a45bd1,87f63c0590d05baea263cdc42c6e1df2d063fa2def309ecb0283f3036bf33d46,87f63c0590d05baea263cdc42c6e1df2d063fa2def309ecb0283f3036bf33d46,1787977976.8738673,36560.742,18280428,0,0.9584569931030273,1.0412378311157227,1.483367919921875,0.00057220458984375,-0.00324249267578125,0.00476837158203125,-0.0073261260986328125,-0.0024423599243164062,0.1782665252685547,-0.0073261260986328125,0.0073261260986328125,-0.0073261260986328125,-0.07570171356201172,-0.4991455078125,6.789745330810547,-1.5506715774536133,0.10988998413085938,-0.11477375030517578,0.0,-0.7658740787281391,6.031219451310206,-1.4848397234175685,0.006361274170745283,-0.0054453440819805035
47,2,heldout,3,1,0.3490658503988659,2.015858845996263,3,s,af3726fcacd0ac1320a56ea850b0a2c0f5430cf4eb20a45c078706980f08407e,d24fbe3839599a6a097188bae8cd47ce8083f27deef1341ae3086bf0d5a45bd1,87f63c0590d05baea263cdc42c6e1df2d063fa2def309ecb0283f3036bf33d46,87f63c0590d05baea263cdc42c6e1df2d063fa2def309ecb0283f3036bf33d46,1787977976.8758607,36560.744,18280429,0,0.9584569931030273,1.0412378311157227,1.484130859375,0.00057220458984375,-0.00324249267578125,0.00476837158203125,-0.021978378295898438,-0.0024423599243164062,0.17338180541992188,-0.0073261260986328125,0.0073261260986328125,-0.0073261260986328125,-0.07570171356201172,-0.4991455078125,6.776069641113281,-1.5506715774536133,0.10988998413085938,-0.10988998413085938,0.0,-0.7616424967486355,6.026987869330702,-1.4840092539334244,0.0063715397609806716,-0.005443487290644807
47,2,heldout,3,1,0.3490658503988659,2.017852890996437,3,s,af3726fcacd0ac1320a56ea850b0a2c0f5430cf4eb20a45c078706980f08407e,d24fbe3839599a6a097188bae8cd47ce8083f27deef1341ae3086bf0d5a45bd1,87f63c0590d05baea263cdc42c6e1df2d063fa2def309ecb0283f3036bf33d46,87f63c0590d05baea263cdc42c6e1df2d063fa2def309ecb0283f3036bf33d46,1787977976.8772323,36560.746,18280430,0,0.9584569931030273,1.0412378311157227,1.484893798828125,0.00057220458984375,-0.00324249267578125,0.00476837158203125,-0.0073261260986328125,-0.0024423599243164062,0.1782665252685547,-0.0073261260986328125,-0.0073261260986328125,-0.0073261260986328125,-0.07570171356201172,-0.4991455078125,6.721366882324219,-1.5457878112792969,0.10988998413085938,-0.10988998413085938,0.0,-0.757407406600642,6.022752779182708,-1.4831779206422486,0.006381801642491984,-0.0054416273307826436
47,2,heldout,3,1,0.3490658503988659,2.019215379994421,3,s,af3726fcacd0ac1320a56ea850b0a2c0f5430cf4eb20a45c078706980f08407e,d24fbe3839599a6a097188bae8cd47ce8083f27deef1341ae3086bf0d5a45bd1,87f63c0590d05baea263cdc42c6e1df2d063fa2def309ecb0283f3036bf33d46,87f63c0590d05baea263cdc42c6e1df2d063fa2def309ecb0283f3036bf33d46,1787977976.8797529,36560.748,18280431,0,0.9584569931030273,1.0412378311157227,1.48565673828125,0.00057220458984375,-0.00324249267578125,0.00476837158203125,-0.0073261260986328125,-0.0024423599243164062,0.1880340576171875,-0.0073261260986328125,-0.021978378295898438,-0.0073261260986328125,-0.07570171356201172,-0.4854698181152344,6.666667938232422,-1.5457878112792969,0.10988998413085938,-0.10988998413085938,0.0,-0.7531688107493004,6.018514183331368,-1.4823457240279392,0.006392059809306017,-0.005439764203476646
47,2,heldout,3,1,0.3490658503988659,2.021739945994341,3,s,af3726fcacd0ac1320a56ea850b0a2c0f5430cf4eb20a45c078706980f08407e,d24fbe3839599a6a097188bae8cd47ce8083f27deef1341ae3086bf0d5a45bd1,87f63c0590d05baea263cdc42c6e1df2d063fa2def309ecb0283f3036bf33d46,87f63c0590d05baea263cdc42c6e1df2d063fa2def309ecb0283f3036bf33d46,1787977976.881783,36560.75,18280432,0,0.9584569931030273,1.0412378311157227,1.486419677734375,0.00057220458984375,-0.00324249267578125,0.00476837158203125,-0.021978378295898438,-0.0024423599243164062,0.1929178237915039,-0.021978378295898438,-0.0073261260986328125,-0.0073261260986328125,-0.07570171356201172,-0.47179412841796875,6.6803436279296875,-1.5457878112792969,0.10988998413085938,-0.10988998413085938,0.0,-0.7489267116618026,6.01427208424387,-1.4815126645748995,0.006402314255451733,-0.0054378979098113015
47,2,heldout,3,1,0.3490658503988659,2.0237773810004,3,s,af3726fcacd0ac1320a56ea850b0a2c0f5430cf4eb20a45c078706980f08407e,d24fbe3839599a6a097188bae8cd47ce8083f27deef1341ae3086bf0d5a45bd1,87f63c0590d05baea263cdc42c6e1df2d063fa2def309ecb0283f3036bf33d46,87f63c0590d05baea263cdc42c6e1df2d063fa2def309ecb0283f3036bf33d46,1787977976.8837473,36560.752,18280433,0,0.9584569931030273,1.0412378311157227,1.4871826171875,0.00057220458984375,-0.00324249267578125,0.00476837158203125,-0.0073261260986328125,-0.0024423599243164062,0.19780254364013672,-0.0073261260986328125,-0.0073261260986328125,-0.0073261260986328125,-0.08058643341064453,-0.4854698181152344,6.6803436279296875,-1.540903091430664,0.10988998413085938,-0.10988998413085938,0.0,-0.7446811118073742,6.010026484389441,-1.4806787427680335,0.006412564974960252,-0.005436028450872934
47,2,heldout,3,1,0.3490658503988659,2.0257316439965507,3,s,af3726fcacd0ac1320a56ea850b0a2c0f5430cf4eb20a45c078706980f08407e,d24fbe3839599a6a097188bae8cd47ce8083f27deef1341ae3086bf0d5a45bd1,87f63c0590d05baea263cdc42c6e1df2d063fa2def309ecb0283f3036bf33d46,87f63c0590d05baea263cdc42c6e1df2d063fa2def309ecb0283f3036bf33d46,1787977976.885694,36560.754,18280434,0,0.9584569931030273,1.0412378311157227,1.487945556640625,0.00057220458984375,-0.00324249267578125,0.00476837158203125,-0.0073261260986328125,-0.0024423599243164062,0.1929178237915039,-0.0073261260986328125,-0.0073261260986328125,-0.0073261260986328125,-0.08058643341064453,-0.4854698181152344,6.735042572021484,-1.540903091430664,0.11477375030517578,-0.10988998413085938,0.0,-0.7404320136572757,6.005777386239343,-1.4798439590927468,0.00642281196186488,-0.005434155827749711
47,2,heldout,3,1,0.3490658503988659,2.027679882994562,3,s,af3726fcacd0ac1320a56ea850b0a2c0f5430cf4eb20a45c078706980f08407e,d24fbe3839599a6a097188bae8cd47ce8083f27deef1341ae3086bf0d5a45bd1,87f63c0590d05baea263cdc42c6e1df2d063fa2def309ecb0283f3036bf33d46,87f63c0590d05baea263cdc42c6e1df2d063fa2def309ecb0283f3036bf33d46,1787977976.8876188,36560.756,18280435,0,0.9584569931030273,1.0412378311157227,1.48870849609375,0.00057220458984375,-0.00324249267578125,0.00476837158203125,-0.0073261260986328125,-0.0024423599243164062,0.1929178237915039,0.0073261260986328125,-0.0073261260986328125,-0.0073261260986328125,-0.08058643341064453,-0.47179412841796875,6.611965179443359,-1.540903091430664,0.10988998413085938,-0.10988998413085938,0.0,-0.7361794196848115,6.001524792266879,-1.4790083140349484,0.006433055210201079,-0.005432280041531645
47,2,heldout,3,1,0.3490658503988659,2.0296011949976673,3,s,af3726fcacd0ac1320a56ea850b0a2c0f5430cf4eb20a45c078706980f08407e,d24fbe3839599a6a097188bae8cd47ce8083f27deef1341ae3086bf0d5a45bd1,87f63c0590d05baea263cdc42c6e1df2d063fa2def309ecb0283f3036bf33d46,87f63c0590d05baea263cdc42c6e1df2d063fa2def309ecb0283f3036bf33d46,1787977976.889579,36560.758,18280436,0,0.9584569931030273,1.0412378311157227,1.489471435546875,0.00057220458984375,-0.00324249267578125,0.00476837158203125,-0.0073261260986328125,-0.0024423599243164062,0.1831502914428711,-0.0073261260986328125,-0.0073261260986328125,-0.0073261260986328125,-0.07570171356201172,-0.47179412841796875,6.721366882324219,-1.5457878112792969,0.10988998413085938,-0.10988998413085938,0.0,-0.7319233323653187,5.997268704947387,-1.478171808081048,0.006443294714006499,-0.005430401093310588
47,2,heldout,3,1,0.3490658503988659,2.0315703589949408,3,s,af3726fcacd0ac1320a56ea850b0a2c0f5430cf4eb20a45c078706980f08407e,d24fbe3839599a6a097188bae8cd47ce8083f27deef1341ae3086bf0d5a45bd1,87f63c0590d05baea263cdc42c6e1df2d063fa2def309ecb0283f3036bf33d46,87f63c0590d05baea263cdc42c6e1df2d063fa2def309ecb0283f3036bf33d46,1787977976.891564,36560.759999999995,18280437,0,0.9584569931030273,1.0412378311157227,1.490234375,0.00057220458984375,-0.00324249267578125,0.00476837158203125,-0.021978378295898438,-0.0024423599243164062,0.1782665252685547,0.0073261260986328125,-0.0073261260986328125,-0.0073261260986328125,-0.08058643341064453,-0.45812034606933594,6.707691192626953,-1.5457878112792969,0.10988998413085938,-0.10988998413085938,0.0,-0.7276637541761624,5.993009126758229,-1.477334441717955,0.0064535304673209596,-0.005428518984180226
47,2,heldout,3,1,0.3490658503988659,2.0336177829958615,3,s,af3726fcacd0ac1320a56ea850b0a2c0f5430cf4eb20a45c078706980f08407e,d24fbe3839599a6a097188bae8cd47ce8083f27deef1341ae3086bf0d5a45bd1,87f63c0590d05baea263cdc42c6e1df2d063fa2def309ecb0283f3036bf33d46,87f63c0590d05baea263cdc42c6e1df2d063fa2def309ecb0283f3036bf33d46,1787977976.8935733,36560.761999999995,18280438,0,0.9584569931030273,1.0412378311157227,1.490997314453125,0.00057220458984375,-0.00324249267578125,0.00476837158203125,-0.0073261260986328125,-0.0024423599243164062,0.1831502914428711,-0.021978378295898438,-0.0073261260986328125,-0.0073261260986328125,-0.08058643341064453,-0.45812034606933594,6.639316558837891,-1.5506715774536133,0.10988998413085938,-0.10988998413085938,0.0,-0.7234006875967423,5.98874606017881,-1.4764962154330814,0.006463762464186473,-0.005426633715236096
47,2,heldout,3,1,0.3490658503988659,2.0355531879977207,3,s,af3726fcacd0ac1320a56ea850b0a2c0f5430cf4eb20a45c078706980f08407e,d24fbe3839599a6a097188bae8cd47ce8083f27deef1341ae3086bf0d5a45bd1,87f63c0590d05baea263cdc42c6e1df2d063fa2def309ecb0283f3036bf33d46,87f63c0590d05baea263cdc42c6e1df2d063fa2def309ecb0283f3036bf33d46,1787977976.8954897,36560.763999999996,18280439,0,0.9584569931030273,1.0412378311157227,1.49176025390625,0.00057220458984375,-0.00324249267578125,0.00476837158203125,-0.0073261260986328125,-0.0024423599243164062,0.1880340576171875,0.0073261260986328125,-0.021978378295898438,-0.0073261260986328125,-0.07570171356201172,-0.4444446563720703,6.584613800048828,-1.5457878112792969,0.10988998413085938,-0.10988998413085938,0.0,-0.719134135108493,5.98447950769056,-1.475657129714339,0.006473990698647231,-0.005424745287575567
47,2,heldout,3,1,0.3490658503988659,2.0374682069959817,3,s,af3726fcacd0ac1320a56ea850b0a2c0f5430cf4eb20a45c078706980f08407e,d24fbe3839599a6a097188bae8cd47ce8083f27deef1341ae3086bf0d5a45bd1,87f63c0590d05baea263cdc42c6e1df2d063fa2def309ecb0283f3036bf33d46,87f63c0590d05baea263cdc42c6e1df2d063fa2def309ecb0283f3036bf33d46,1787977976.897391,36560.765999999996,18280440,0,0.9584569931030273,1.0412378311157227,1.492523193359375,0.00057220458984375,-0.00324249267578125,0.00476837158203125,-0.021978378295898438,-0.0024423599243164062,0.19780254364013672,0.0073261260986328125,-0.0073261260986328125,-0.0073261260986328125,-0.08058643341064453,-0.4307689666748047,6.5025634765625,-1.5457878112792969,0.10988998413085938,-0.10988998413085938,0.0,-0.7148640991948725,5.9802094717769405,-1.47481718505014,0.006484215164749617,-0.005422853702297848
47,2,heldout,3,1,0.3490658503988659,2.0393697079998674,3,s,af3726fcacd0ac1320a56ea850b0a2c0f5430cf4eb20a45c078706980f08407e,d24fbe3839599a6a097188bae8cd47ce8083f27deef1341ae3086bf0d5a45bd1,87f63c0590d05baea263cdc42c6e1df2d063fa2def309ecb0283f3036bf33d46,87f63c0590d05baea263cdc42c6e1df2d063fa2def309ecb0283f3036bf33d46,1787977976.8992925,36560.768,18280441,0,0.9584569931030273,1.0412378311157227,1.4932861328125,0.00057220458984375,-0.00324249267578125,0.00476837158203125,-0.0073261260986328125,-0.0024423599243164062,0.19780254364013672,0.0073261260986328125,0.0073261260986328125,-0.0073261260986328125,-0.08058643341064453,-0.4444446563720703,6.5572662353515625,-1.5457878112792969,0.10988998413085938,-0.10988998413085938,0.0,-0.7105905823413734,5.9759359549234405,-1.4739763819293974,0.006494435856542212,-0.00542095896050399
47,2,heldout,3,1,0.3490658503988659,2.041270223999163,3,s,af3726fcacd0ac1320a56ea850b0a2c0f5430cf4eb20a45c078706980f08407e,d24fbe3839599a6a097188bae8cd47ce8083f27deef1341ae3086bf0d5a45bd1,87f63c0590d05baea263cdc42c6e1df2d063fa2def309ecb0283f3036bf33d46,87f63c0590d05baea263cdc42c6e1df2d063fa2def309ecb0283f3036bf33d46,1787977976.9017558,36560.77,18280442,0,0.9584569931030273,1.0412378311157227,1.494049072265625,0.00057220458984375,-0.00324249267578125,0.00476837158203125,-0.0073261260986328125,-0.0024423599243164062,0.19780254364013672,-0.021978378295898438,-0.0073261260986328125,-0.0073261260986328125,-0.07570171356201172,-0.4444446563720703,6.5572662353515625,-1.5457878112792969,0.10988998413085938,-0.10988998413085938,0.0,-0.7063135870354984,5.971658959617566,-1.47313472084152,0.006504652768075788,-0.005419061063296871
47,2,heldout,3,1,0.3490658503988659,2.0437359669958823,3,s,af3726fcacd0ac1320a56ea850b0a2c0f5430cf4eb20a45c078706980f08407e,d24fbe3839599a6a097188bae8cd47ce8083f27deef1341ae3086bf0d5a45bd1,87f63c0590d05baea263cdc42c6e1df2d063fa2def309ecb0283f3036bf33d46,87f63c0590d05baea263cdc42c6e1df2d063fa2def309ecb0283f3036bf33d46,1787977976.9036558,36560.772,18280443,0,0.9584569931030273,1.0412378311157227,1.49481201171875,0.00057220458984375,-0.00324249267578125,0.00476837158203125,-0.0073261260986328125,-0.0024423599243164062,0.1929178237915039,-0.021978378295898438,-0.0073261260986328125,-0.0073261260986328125,-0.07570171356201172,-0.4307689666748047,6.5572662353515625,-1.540903091430664,0.10988998413085938,-0.10988998413085938,0.0,-0.7020331157668,5.967378488348866,-1.4722922022764227,0.006514865893403318,-0.005417160011781219
47,2,heldout,3,1,0.3490658503988659,2.0456354769994505,3,s,af3726fcacd0ac1320a56ea850b0a2c0f5430cf4eb20a45c078706980f08407e,d24fbe3839599a6a097188bae8cd47ce8083f27deef1341ae3086bf0d5a45bd1,87f63c0590d05baea263cdc42c6e1df2d063fa2def309ecb0283f3036bf33d46,87f63c0590d05baea263cdc42c6e1df2d063fa2def309ecb0283f3036bf33d46,1787977976.9055903,36560.774,18280444,0,0.9584569931030273,1.0412378311157227,1.495574951171875,0.00057220458984375,-0.00324249267578125,0.00476837158203125,0.0073261260986328125,-0.0024423599243164062,0.1831502914428711,-0.0073261260986328125,-0.021978378295898438,-0.0073261260986328125,-0.08058643341064453,-0.4307689666748047,6.611965179443359,-1.540903091430664,0.10988998413085938,-0.11477375030517578,0.0,-0.697749171026832,5.9630945436089,-1.4714488267245136,0.006525075226579993,-0.005415255807063589
47,2,heldout,3,1,0.3490658503988659,2.047570201000781,3,s,af3726fcacd0ac1320a56ea850b0a2c0f5430cf4eb20a45c078706980f08407e,d24fbe3839599a6a097188bae8cd47ce8083f27deef1341ae3086bf0d5a45bd1,87f63c0590d05baea263cdc42c6e1df2d063fa2def309ecb0283f3036bf33d46,87f63c0590d05baea263cdc42c6e1df2d063fa2def309ecb0283f3036bf33d46,1787977976.9075384,36560.776,18280445,0,0.9584569931030273,1.0412378311157227,1.496337890625,0.00057220458984375,-0.00324249267578125,0.00476837158203125,-0.021978378295898438,-0.0024423599243164062,0.1880340576171875,-0.0073261260986328125,-0.0073261260986328125,-0.0073261260986328125,-0.08058643341064453,-0.4307689666748047,6.611965179443359,-1.540903091430664,0.10988998413085938,-0.10988998413085938,0.0,-0.6934617553091809,5.958807127891248,-1.4706045946767028,0.006535280761663181,-0.005413348450252373
47,2,heldout,3,1,0.3490658503988659,2.049521091998031,3,s,af3726fcacd0ac1320a56ea850b0a2c0f5430cf4eb20a45c078706980f08407e,d24fbe3839599a6a097188bae8cd47ce8083f27deef1341ae3086bf0d5a45bd1,87f63c0590d05baea263cdc42c6e1df2d063fa2def309ecb0283f3036bf33d46,87f63c0590d05baea263cdc42c6e1df2d063fa2def309ecb0283f3036bf33d46,1787977976.909444,36560.778,18280446,0,0.9584569931030273,1.0412378311157227,1.497100830078125,0.00057220458984375,-0.00324249267578125,0.00476837158203125,-0.0073261260986328125,-0.0024423599243164062,0.1831502914428711,-0.021978378295898438,0.0073261260986328125,-0.0073261260986328125,-0.08058643341064453,-0.40341949462890625,6.584613800048828,-1.540903091430664,0.11477375030517578,-0.10988998413085938,0.0,-0.6891708711094513,5.954516243691518,-1.4697595066243978,0.006545482492712489,-0.005411437942457803
47,2,heldout,3,1,0.3490658503988659,2.0514282660005847,3,s,af3726fcacd0ac1320a56ea850b0a2c0f5430cf4eb20a45c078706980f08407e,d24fbe3839599a6a097188bae8cd47ce8083f27deef1341ae3086bf0d5a45bd1,87f63c0590d05baea263cdc42c6e1df2d063fa2def309ecb0283f3036bf33d46,87f63c0590d05baea263cdc42c6e1df2d063fa2def309ecb0283f3036bf33d46,1787977976.9113736,36560.78,18280447,0,0.9584569931030273,1.0412378311157227,1.49786376953125,0.00057220458984375,-0.00324249267578125,0.00476837158203125,-0.0073261260986328125,-0.0024423599243164062,0.1929178237915039,0.0073261260986328125,-0.0073261260986328125,-0.0073261260986328125,-0.08058643341064453,-0.41709327697753906,6.584613800048828,-1.5360193252563477,0.10988998413085938,-0.10988998413085938,0.0,-0.684876520925265,5.950221893507331,-1.4689135630595038,0.0065556804137897285,-0.005409524284791934
47,2,heldout,3,1,0.3490658503988659,2.0533792139976867,3,s,af3726fcacd0ac1320a56ea850b0a2c0f5430cf4eb20a45c078706980f08407e,d24fbe3839599a6a097188bae8cd47ce8083f27deef1341ae3086bf0d5a45bd1,87f63c0590d05baea263cdc42c6e1df2d063fa2def309ecb0283f3036bf33d46,87f63c0590d05baea263cdc42c6e1df2d063fa2def309ecb0283f3036bf33d46,1787977976.9133384,36560.782,18280448,0,0.9584569931030273,1.0412378311157227,1.498626708984375,0.00057220458984375,-0.00324249267578125,0.00476837158203125,-0.0073261260986328125,-0.0024423599243164062,0.1880340576171875,-0.03663063049316406,-0.0073261260986328125,-0.0073261260986328125,-0.07570171356201172,-0.40341949462890625,6.584613800048828,-1.5360193252563477,0.10988998413085938,-0.11477375030517578,0.0,-0.6805787072562623,5.94592407983833,-1.4680667644744259,0.006565874518958929,-0.005407607478368666
47,2,heldout,3,1,0.3490658503988659,2.0553246419949573,3,s,af3726fcacd0ac1320a56ea850b0a2c0f5430cf4eb20a45c078706980f08407e,d24fbe3839599a6a097188bae8cd47ce8083f27deef1341ae3086bf0d5a45bd1,87f63c0590d05baea263cdc42c6e1df2d063fa2def309ecb0283f3036bf33d46,87f63c0590d05baea263cdc42c6e1df2d063fa2def309ecb0283f3036bf33d46,1787977976.9153485,36560.784,18280449,0,0.9584569931030273,1.0412378311157227,1.4993896484375,0.00057220458984375,-0.00324249267578125,0.00476837158203125,-0.0073261260986328125,-0.0024423599243164062,0.1880340576171875,-0.021978378295898438,-0.0073261260986328125,-0.0073261260986328125,-0.08058643341064453,-0.40341949462890625,6.5572662353515625,-1.5311355590820312,0.10988998413085938,-0.10988998413085938,0.0,-0.6762774326041001,5.941622805186167,-1.4672191113620645,0.006576064802286336,-0.005405687524303726
47,2,heldout,3,1,0.3490658503988659,2.0573417769992375,3,s,af3726fcacd0ac1320a56ea850b0a2c0f5430cf4eb20a45c078706980f08407e,d24fbe3839599a6a097188bae8cd47ce8083f27deef1341ae3086bf0d5a45bd1,87f63c0590d05baea263cdc42c6e1df2d063fa2def309ecb0283f3036bf33d46,87f63c0590d05baea263cdc42c6e1df2d063fa2def309ecb0283f3036bf33d46,1787977976.9172726,36560.786,18280450,0,0.9584569931030273,1.0412378311157227,1.500152587890625,0.00057220458984375,-0.00324249267578125,0.00476837158203125,-0.0073261260986328125,-0.0024423599243164062,0.1880340576171875,-0.021978378295898438,-0.0073261260986328125,-0.0073261260986328125,-0.08058643341064453,-0.3897438049316406,6.447864532470703,-1.5262517929077148,0.10988998413085938,-0.10988998413085938,0.0,-0.6719726994724529,5.93731807205452,-1.4663706042158202,0.006586251257840427,-0.005403764423714675
47,2,heldout,3,1,0.3490658503988659,2.0592469519979204,3,s,af3726fcacd0ac1320a56ea850b0a2c0f5430cf4eb20a45c078706980f08407e,d24fbe3839599a6a097188bae8cd47ce8083f27deef1341ae3086bf0d5a45bd1,87f63c0590d05baea263cdc42c6e1df2d063fa2def309ecb0283f3036bf33d46,87f63c0590d05baea263cdc42c6e1df2d063fa2def309ecb0283f3036bf33d46,1787977976.9197016,36560.788,18280451,0,0.9584569931030273,1.0412378311157227,1.50091552734375,0.00057220458984375,-0.00324249267578125,0.00476837158203125,-0.0073261260986328125,-0.0024423599243164062,0.1831502914428711,-0.0073261260986328125,-0.0073261260986328125,-0.0073261260986328125,-0.07570171356201172,-0.40341949462890625,6.516239166259766,-1.521367073059082,0.10500621795654297,-0.10988998413085938,0.0,-0.6676645103670025,5.933009882949069,-1.4655212435295875,0.006596433879691907,-0.005401838177720903
47,2,heldout,3,1,0.3490658503988659,2.0616786609971314,3,s,af3726fcacd0ac1320a56ea850b0a2c0f5430cf4eb20a45c078706980f08407e,d24fbe3839599a6a097188bae8cd47ce8083f27deef1341ae3086bf0d5a45bd1,87f63c0590d05baea263cdc42c6e1df2d063fa2def309ecb0283f3036bf33d46,87f63c0590d05baea263cdc42c6e1df2d063fa2def309ecb0283f3036bf33d46,1787977976.9216444,36560.79,18280452,0,0.9584569931030273,1.0412378311157227,1.501678466796875,0.00057220458984375,-0.00324249267578125,0.00476837158203125,-0.021978378295898438,-0.0024423599243164062,0.1831502914428711,-0.0073261260986328125,0.0073261260986328125,-0.0073261260986328125,-0.08058643341064453,-0.3897438049316406,6.543590545654297,-1.5164833068847656,0.10500621795654297,-0.10988998413085938,0.0,-0.6633528677954443,5.9286982403775115,-1.4646710297977608,0.006606612661913709,-0.0053999087874436365
47,2,heldout,3,1,0.3490658503988659,2.0636301349950372,3,s,af3726fcacd0ac1320a56ea850b0a2c0f5430cf4eb20a45c078706980f08407e,d24fbe3839599a6a097188bae8cd47ce8083f27deef1341ae3086bf0d5a45bd1,87f63c0590d05baea263cdc42c6e1df2d063fa2def309ecb0283f3036bf33d46,87f63c0590d05baea263cdc42c6e1df2d063fa2def309ecb0283f3036bf33d46,1787977976.923572,36560.792,18280453,0,0.9584569931030273,1.0412378311157227,1.50244140625,0.00057220458984375,-0.00324249267578125,0.00476837158203125,-0.0073261260986328125,-0.0024423599243164062,0.1831502914428711,-0.021978378295898438,-0.0073261260986328125,-0.0073261260986328125,-0.07570171356201172,-0.376068115234375,6.543590545654297,-1.5164833068847656,0.10988998413085938,-0.10988998413085938,0.0,-0.6590377742674856,5.924383146849552,-1.4638199635152285,0.006616787598581,-0.005397976254005924
47,2,heldout,3,1,0.3490658503988659,2.0655571649986086,3,s,af3726fcacd0ac1320a56ea850b0a2c0f5430cf4eb20a45c078706980f08407e,d24fbe3839599a6a097188bae8cd47ce8083f27deef1341ae3086bf0d5a45bd1,87f63c0590d05baea263cdc42c6e1df2d063fa2def309ecb0283f3036bf33d46,87f63c0590d05baea263cdc42c6e1df2d063fa2def309ecb0283f3036bf33d46,1787977976.925503,36560.794,18280454,0,0.9584569931030273,1.0412378311157227,1.503204345703125,0.00057220458984375,-0.00324249267578125,0.00476837158203125,-0.0073261260986328125,-0.0024423599243164062,0.1831502914428711,-0.021978378295898438,0.0073261260986328125,-0.0073261260986328125,-0.07570171356201172,-0.3897438049316406,6.5572662353515625,-1.5164833068847656,0.10988998413085938,-0.10988998413085938,0.0,-0.6547192322948396,5.920064604876907,-1.4629680451773774,0.006626958683771188,-0.005396040578532651
47,2,heldout,3,1,0.3490658503988659,2.067485002997273,3,s,af3726fcacd0ac1320a56ea850b0a2c0f5430cf4eb20a45c078706980f08407e,d24fbe3839599a6a097188bae8cd47ce8083f27deef1341ae3086bf0d5a45bd1,87f63c0590d05baea263cdc42c6e1df2d063fa2def309ecb0283f3036bf33d46,87f63c0590d05baea263cdc42c6e1df2d063fa2def309ecb0283f3036bf33d46,1787977976.9273856,36560.795999999995,18280455,0,0.9584569931030273,1.0412378311157227,1.50396728515625,0.00057220458984375,-0.00324249267578125,0.00476837158203125,-0.0073261260986328125,-0.0024423599243164062,0.1880340576171875,-0.0073261260986328125,-0.03663063049316406,-0.0073261260986328125,-0.07570171356201172,-0.3897438049316406,6.516239166259766,-1.5115995407104492,0.10988998413085938,-0.10988998413085938,0.0,-0.6503972443912309,5.915742616973299,-1.4621152752800881,0.006637125911563927,-0.005394101762150528
47,2,heldout,3,1,0.3490658503988659,2.069361158995889,3,s,af3726fcacd0ac1320a56ea850b0a2c0f5430cf4eb20a45c078706980f08407e,d24fbe3839599a6a097188bae8cd47ce8083f27deef1341ae3086bf0d5a45bd1,87f63c0590d05baea263cdc42c6e1df2d063fa2def309ecb0283f3036bf33d46,87f63c0590d05baea263cdc42c6e1df2d063fa2def309ecb0283f3036bf33d46,1787977976.9292917,36560.797999999995,18280456,0,0.9584569931030273,1.0412378311157227,1.504730224609375,0.00057220458984375,-0.00324249267578125,0.00476837158203125,-0.0073261260986328125,-0.0024423599243164062,0.1831502914428711,-0.0073261260986328125,-0.0073261260986328125,-0.0073261260986328125,-0.07570171356201172,-0.3897438049316406,6.5025634765625,-1.5115995407104492,0.10988998413085938,-0.10988998413085938,0.0,-0.6460718130723866,5.911417185654454,-1.4612616543197385,0.006647289276041102,-0.005392159805988093
47,2,heldout,3,1,0.3490658503988659,2.07127289899654,3,s,af3726fcacd0ac1320a56ea850b0a2c0f5430cf4eb20a45c078706980f08407e,d24fbe3839599a6a097188bae8cd47ce8083f27deef1341ae3086bf0d5a45bd1,87f63c0590d05baea263cdc42c6e1df2d063fa2def309ecb0283f3036bf33d46,87f63c0590d05baea263cdc42c6e1df2d063fa2def309ecb0283f3036bf33d46,1787977976.931817,36560.799999999996,18280457,0,0.9584569931030273,1.0412378311157227,1.5054931640625,0.00057220458984375,-0.00324249267578125,0.00476837158203125,0.0073261260986328125,-0.0024423599243164062,0.1880340576171875,-0.0073261260986328125,0.0073261260986328125,-0.0073261260986328125,-0.08058643341064453,-0.376068115234375,6.475212097167969,-1.5164833068847656,0.10988998413085938,-0.10988998413085938,0.0,-0.6417429408560367,5.907088313438104,-1.4604071827932013,0.006657448771286869,-0.005390214711175715
47,2,heldout,3,1,0.3490658503988659,2.0738245100001222,3,s,af3726fcacd0ac1320a56ea850b0a2c0f5430cf4eb20a45c078706980f08407e,d24fbe3839599a6a097188bae8cd47ce8083f27deef1341ae3086bf0d5a45bd1,87f63c0590d05baea263cdc42c6e1df2d063fa2def309ecb0283f3036bf33d46,87f63c0590d05baea263cdc42c6e1df2d063fa2def309ecb0283f3036bf33d46,1787977976.9337695,36560.801999999996,18280458,0,0.9584569931030273,1.0412378311157227,1.506256103515625,0.00057220458984375,-0.00324249267578125,0.00476837158203125,-0.021978378295898438,-0.0024423599243164062,0.1880340576171875,-0.0073261260986328125,-0.021978378295898438,-0.0073261260986328125,-0.08058643341064453,-0.376068115234375,6.461540222167969,-1.5164833068847656,0.10988998413085938,-0.10988998413085938,0.0,-0.6374106302619202,5.902756002843987,-1.4595518611978446,0.006667604391387617,-0.005388266478845587
47,2,heldout,3,1,0.3490658503988659,2.0757530269984272,3,s,af3726fcacd0ac1320a56ea850b0a2c0f5430cf4eb20a45c078706980f08407e,d24fbe3839599a6a097188bae8cd47ce8083f27deef1341ae3086bf0d5a45bd1,87f63c0590d05baea263cdc42c6e1df2d063fa2def309ecb0283f3036bf33d46,87f63c0590d05baea263cdc42c6e1df2d063fa2def309ecb0283f3036bf33d46,1787977976.9358299,36560.804,18280459,0,0.9584569931030273,1.0412378311157227,1.50701904296875,0.00057220458984375,-0.00324249267578125,0.00476837158203125,-0.021978378295898438,-0.0024423599243164062,0.1880340576171875,-0.0073261260986328125,-0.0073261260986328125,-0.0073261260986328125,-0.07570171356201172,-0.376068115234375,6.516239166259766,-1.5164833068847656,0.11477375030517578,-0.10988998413085938,0.0,-0.6330748838117704,5.898420256393838,-1.4586956900315307,0.006677756130431998,-0.00538631511013173
47,2,heldout,3,1,0.3490658503988659,2.07781322899973,3,s,af3726fcacd0ac1320a56ea850b0a2c0f5430cf4eb20a45c078706980f08407e,d24fbe3839599a6a097188bae8cd47ce8083f27deef1341ae3086bf0d5a45bd1,87f63c0590d05baea263cdc42c6e1df2d063fa2def309ecb0283f3036bf33d46,87f63c0590d05baea263cdc42c6e1df2d063fa2def309ecb0283f3036bf33d46,1787977976.9377925,36560.806,18280460,0,0.9584569931030273,1.0412378311157227,1.507781982421875,0.00057220458984375,-0.00324249267578125,0.00476837158203125,-0.0073261260986328125,-0.0024423599243164062,0.1880340576171875,-0.0073261260986328125,0.0073261260986328125,-0.0073261260986328125,-0.07570171356201172,-0.376068115234375,6.5025634765625,-1.521367073059082,0.11477375030517578,-0.11477375030517578,0.0,-0.6287357040293255,5.894081076611393,-1.457838669792617,0.006687903982510919,-0.005384360606169989
47,2,heldout,3,1,0.3490658503988659,2.0797772709993296,3,s,af3726fcacd0ac1320a56ea850b0a2c0f5430cf4eb20a45c078706980f08407e,d24fbe3839599a6a097188bae8cd47ce8083f27deef1341ae3086bf0d5a45bd1,87f63c0590d05baea263cdc42c6e1df2d063fa2def309ecb0283f3036bf33d46,87f63c0590d05baea263cdc42c6e1df2d063fa2def309ecb0283f3036bf33d46,1787977976.9397104,36560.808,18280461,0,0.9584569931030273,1.0412378311157227,1.508544921875,0.00057220458984375,-0.00324249267578125,0.00476837158203125,0.0073261260986328125,-0.0024423599243164062,0.1880340576171875,-0.0073261260986328125,-0.0073261260986328125,-0.0073261260986328125,-0.07570171356201172,-0.3623924255371094,6.543590545654297,-1.521367073059082,0.10988998413085938,-0.10988998413085938,0.0,-0.6243930934403192,5.889738466022386,-1.456980800979955,0.00669804794171756,-0.005382402968098038
47,2,heldout,3,1,0.3490658503988659,2.0816898579942062,3,s,af3726fcacd0ac1320a56ea850b0a2c0f5430cf4eb20a45c078706980f08407e,d24fbe3839599a6a097188bae8cd47ce8083f27deef1341ae3086bf0d5a45bd1,87f63c0590d05baea263cdc42c6e1df2d063fa2def309ecb0283f3036bf33d46,87f63c0590d05baea263cdc42c6e1df2d063fa2def309ecb0283f3036bf33d46,1787977976.9415789,36560.81,18280462,0,0.9584569931030273,1.0412378311157227,1.509307861328125,0.00057220458984375,-0.00324249267578125,0.00476837158203125,-0.0073261260986328125,-0.0024423599243164062,0.1831502914428711,-0.0073261260986328125,-0.0073261260986328125,-0.0073261260986328125,-0.07570171356201172,-0.3623924255371094,6.611965179443359,-1.521367073059082,0.10988998413085938,-0.10988998413085938,0.0,-0.620047054572485,5.885392427154553,-1.4561220840928903,0.006708188002147356,-0.0053804421970553695
47,2,heldout,3,1,0.3490658503988659,2.0835677699942607,3,s,af3726fcacd0ac1320a56ea850b0a2c0f5430cf4eb20a45c078706980f08407e,d24fbe3839599a6a097188bae8cd47ce8083f27deef1341ae3086bf0d5a45bd1,87f63c0590d05baea263cdc42c6e1df2d063fa2def309ecb0283f3036bf33d46,87f63c0590d05baea263cdc42c6e1df2d063fa2def309ecb0283f3036bf33d46,1787977976.9434545,36560.812,18280463,0,0.9584569931030273,1.0412378311157227,1.5096893310546875,0.00057220458984375,-0.00324249267578125,0.00476837158203125,-0.021978378295898438,-0.0024423599243164062,0.1782665252685547,0.0073261260986328125,-0.03663063049316406,-0.0073261260986328125,-0.07570171356201172,-0.3623924255371094,6.652992248535156,-1.521367073059082,0.10988998413085938,-0.10988998413085938,0.0,-0.6178727503244714,5.883218122906538,-1.4556924077776365,0.00671325656847638,-0.005379460637026608
47,2,heldout,3,1,0.3490658503988659,2.085426113997528,3,s,af3726fcacd0ac1320a56ea850b0a2c0f5430cf4eb20a45c078706980f08407e,d24fbe3839599a6a097188bae8cd47ce8083f27deef1341ae3086bf0d5a45bd1,87f63c0590d05baea263cdc42c6e1df2d063fa2def309ecb0283f3036bf33d46,87f63c0590d05baea263cdc42c6e1df2d063fa2def309ecb0283f3036bf33d46,1787977976.9453409,36560.814,18280464,0,0.9584569931030273,1.0412378311157227,1.5104522705078125,0.00057220458984375,-0.00324249267578125,0.00476837158203125,-0.0073261260986328125,-0.0024423599243164062,0.1782665252685547,-0.021978378295898438,-0.0073261260986328125,-0.0073261260986328125,-0.07570171356201172,-0.34871864318847656,6.570941925048828,-1.5164833068847656,0.10988998413085938,-0.10988998413085938,0.0,-0.6135215737822561,5.878866946364323,-1.4548324197163194,0.006723390769674822,-0.005377495168668408
47,2,heldout,3,1,0.3490658503988659,2.0873225949981133,3,s,af3726fcacd0ac1320a56ea850b0a2c0f5430cf4eb20a45c078706980f08407e,d24fbe3839599a6a097188bae8cd47ce8083f27deef1341ae3086bf0d5a45bd1,87f63c0590d05baea263cdc42c6e1df2d063fa2def309ecb0283f3036bf33d46,87f63c0590d05baea263cdc42c6e1df2d063fa2def309ecb0283f3036bf33d46,1787977976.947257,36560.816,18280465,0,0.9584569931030273,1.0412378311157227,1.5112152099609375,0.00057220458984375,-0.00324249267578125,0.00476837158203125,-0.0073261260986328125,-0.0024423599243164062,0.1782665252685547,0.0073261260986328125,-0.021978378295898438,-0.0073261260986328125,-0.08058643341064453,-0.34871864318847656,6.5025634765625,-1.5164833068847656,0.10988998413085938,-0.10988998413085938,0.0,-0.6091669752892692,5.8745123478713355,-1.453971584831121,0.006733521057344951,-0.005375526570196206
47,2,heldout,3,1,0.3490658503988659,2.0892373039969243,3,s,af3726fcacd0ac1320a56ea850b0a2c0f5430cf4eb20a45c078706980f08407e,d24fbe3839599a6a097188bae8cd47ce8083f27deef1341ae3086bf0d5a45bd1,87f63c0590d05baea263cdc42c6e1df2d063fa2def309ecb0283f3036bf33d46,87f63c0590d05baea263cdc42c6e1df2d063fa2def309ecb0283f3036bf33d46,1787977976.9497795,36560.818,18280466,0,0.9584569931030273,1.0412378311157227,1.5119781494140625,0.00057220458984375,-0.00324249267578125,0.00476837158203125,-0.0073261260986328125,-0.0024423599243164062,0.1831502914428711,-0.0073261260986328125,-0.0073261260986328125,-0.0073261260986328125,-0.08058643341064453,-0.33504295349121094,6.488887786865234,-1.5164833068847656,0.10988998413085938,-0.10988998413085938,0.0,-0.6048089573802209,5.870154329962289,-1.4531099036231145,0.0067436474255901675,-0.005373554842755878
47,2,heldout,3,1,0.3490658503988659,2.0917624949943274,3,s,af3726fcacd0ac1320a56ea850b0a2c0f5430cf4eb20a45c078706980f08407e,d24fbe3839599a6a097188bae8cd47ce8083f27deef1341ae3086bf0d5a45bd1,87f63c0590d05baea263cdc42c6e1df2d063fa2def309ecb0283f3036bf33d46,87f63c0590d05baea263cdc42c6e1df2d063fa2def309ecb0283f3036bf33d46,1787977976.951787,36560.82,18280467,0,0.9584569931030273,1.0412378311157227,1.5127410888671875,0.00019073486328125,-0.00324249267578125,0.00476837158203125,-0.021978378295898438,-0.0024423599243164062,0.1880340576171875,-0.021978378295898438,0.0073261260986328125,-0.0073261260986328125,-0.08058643341064453,-0.33504295349121094,6.461540222167969,-1.5115995407104492,0.11477375030517578,-0.10988998413085938,0.0,-0.6000159420510915,5.865361314633159,-1.4518157960531448,0.006758829616143072,-0.0053705913872912295
47,2,heldout,3,1,0.3490658503988659,2.0937916379989474,3,s,af3726fcacd0ac1320a56ea850b0a2c0f5430cf4eb20a45c078706980f08407e,d24fbe3839599a6a097188bae8cd47ce8083f27deef1341ae3086bf0d5a45bd1,87f63c0590d05baea263cdc42c6e1df2d063fa2def309ecb0283f3036bf33d46,87f63c0590d05baea263cdc42c6e1df2d063fa2def309ecb0283f3036bf33d46,1787977976.953731,36560.822,18280468,0,0.9584569931030273,1.0412378311157227,1.5135040283203125,0.00019073486328125,-0.00324249267578125,0.00476837158203125,-0.0073261260986328125,-0.0024423599243164062,0.1880340576171875,-0.03663063049316406,-0.0073261260986328125,-0.0073261260986328125,-0.08058643341064453,-0.33504295349121094,6.447864532470703,-1.5067157745361328,0.10988998413085938,-0.10988998413085938,0.0,-0.5956506704508391,5.860996043032907,-1.4509520012335368,0.0067689461600433445,-0.0053686118424557385
47,2,heldout,3,1,0.3490658503988659,2.0957123989937827,3,s,af3726fcacd0ac1320a56ea850b0a2c0f5430cf4eb20a45c078706980f08407e,d24fbe3839599a6a097188bae8cd47ce8083f27deef1341ae3086bf0d5a45bd1,87f63c0590d05baea263cdc42c6e1df2d063fa2def309ecb0283f3036bf33d46,87f63c0590d05baea263cdc42c6e1df2d063fa2def309ecb0283f3036bf33d46,1787977976.9556487,36560.824,18280469,0,0.9584569931030273,1.0412378311157227,1.5142669677734375,0.00057220458984375,-0.00324249267578125,0.00476837158203125,-0.0073261260986328125,-0.0024423599243164062,0.1831502914428711,-0.0073261260986328125,-0.0073261260986328125,-0.0073261260986328125,-0.08058643341064453,-0.3213672637939453,6.475212097167969,-1.5018310546875,0.10988998413085938,-0.10988998413085938,0.0,-0.5917144125336489,5.857059785115716,-1.4505197870803468,0.006774002954844536,-0.0053676208981121975
47,2,heldout,3,1,0.3490658503988659,2.097631453994836,3,s,af3726fcacd0ac1320a56ea850b0a2c0f5430cf4eb20a45c078706980f08407e,d24fbe3839599a6a097188bae8cd47ce8083f27deef1341ae3086bf0d5a45bd1,87f63c0590d05baea263cdc42c6e1df2d063fa2def309ecb0283f3036bf33d46,87f63c0590d05baea263cdc42c6e1df2d063fa2def309ecb0283f3036bf33d46,1787977976.95755,36560.826,18280470,0,0.9584569931030273,1.0412378311157227,1.5150299072265625,0.00057220458984375,-0.00324249267578125,0.00476837158203125,-0.0073261260986328125,-0.0024423599243164062,0.1831502914428711,-0.0073261260986328125,0.0073261260986328125,-0.0073261260986328125,-0.08058643341064453,-0.3213672637939453,6.570941925048828,-1.4969472885131836,0.10988998413085938,-0.10988998413085938,0.0,-0.587342742347235,5.852688114929301,-1.449654725601671,0.00678411358646974,-0.00536563666629453
47,2,heldout,3,1,0.3490658503988659,2.099532100997749,3,s,af3726fcacd0ac1320a56ea850b0a2c0f5430cf4eb20a45c078706980f08407e,d24fbe3839599a6a097188bae8cd47ce8083f27deef1341ae3086bf0d5a45bd1,87f63c0590d05baea263cdc42c6e1df2d063fa2def309ecb0283f3036bf33d46,87f63c0590d05baea263cdc42c6e1df2d063fa2def309ecb0283f3036bf33d46,1787977976.9594586,36560.828,18280471,0,0.9584569931030273,1.0412378311157227,1.5157928466796875,0.00019073486328125,-0.00324249267578125,0.00476837158203125,-0.0073261260986328125,-0.0024423599243164062,0.17338180541992188,-0.0073261260986328125,0.0073261260986328125,-0.0073261260986328125,-0.07570171356201172,-0.3213672637939453,6.584613800048828,-1.4969472885131836,0.10988998413085938,-0.10988998413085938,0.0,-0.5825343965324763,5.847879769114543,-1.4483555513972712,0.006799272127930987,-0.005362654462907994
47,2,heldout,3,1,0.3490658503988659,2.1014396519967704,3,s,af3726fcacd0ac1320a56ea850b0a2c0f5430cf4eb20a45c078706980f08407e,d24fbe3839599a6a097188bae8cd47ce8083f27deef1341ae3086bf0d5a45bd1,87f63c0590d05baea263cdc42c6e1df2d063fa2def309ecb0283f3036bf33d46,87f63c0590d05baea263cdc42c6e1df2d063fa2def309ecb0283f3036bf33d46,1787977976.961369,36560.83,18280472,0,0.9584569931030273,1.0412378311157227,1.5165557861328125,0.00019073486328125,-0.00324249267578125,0.00476837158203125,-0.0073261260986328125,-0.0024423599243164062,0.16849803924560547,-0.021978378295898438,-0.021978378295898438,-0.0073261260986328125,-0.07570171356201172,-0.3213672637939453,6.5572662353515625,-1.4969472885131836,0.10988998413085938,-0.10988998413085938,0.0,-0.5781554940034603,5.8435008665855275,-1.4474883813386266,0.006809372876342442,-0.005360662425231267
47,2,heldout,3,1,0.3490658503988659,2.1033511950008688,3,s,af3726fcacd0ac1320a56ea850b0a2c0f5430cf4eb20a45c078706980f08407e,d24fbe3839599a6a097188bae8cd47ce8083f27deef1341ae3086bf0d5a45bd1,87f63c0590d05baea263cdc42c6e1df2d063fa2def309ecb0283f3036bf33d46,87f63c0590d05baea263cdc42c6e1df2d063fa2def309ecb0283f3036bf33d46,1787977976.9632728,36560.831999999995,18280473,0,0.9584569931030273,1.0412378311157227,1.5173187255859375,0.00019073486328125,-0.00324249267578125,0.00476837158203125,-0.021978378295898438,-0.0024423599243164062,0.17338180541992188,-0.0073261260986328125,-0.0073261260986328125,-0.0073261260986328125,-0.07570171356201172,-0.3076915740966797,6.475212097167969,-1.4969472885131836,0.10988998413085938,-0.10988998413085938,0.0,-0.5737731901094378,5.839118562691505,-1.4466203687308943,0.006819469661177411,-0.005358667267238484
47,2,heldout,3,1,0.3490658503988659,2.105251285000122,3,s,af3726fcacd0ac1320a56ea850b0a2c0f5430cf4eb20a45c078706980f08407e,d24fbe3839599a6a097188bae8cd47ce8083f27deef1341ae3086bf0d5a45bd1,87f63c0590d05baea263cdc42c6e1df2d063fa2def309ecb0283f3036bf33d46,87f63c0590d05baea263cdc42c6e1df2d063fa2def309ecb0283f3036bf33d46,1787977976.9658332,36560.833999999995,18280474,0,0.9584569931030273,1.0412378311157227,1.5180816650390625,0.00019073486328125,-0.00324249267578125,0.00476837158203125,-0.0073261260986328125,-0.0024423599243164062,0.1782665252685547,-0.0073261260986328125,-0.0073261260986328125,-0.0073261260986328125,-0.07570171356201172,-0.3213672637939453,6.393161773681641,-1.4920635223388672,0.10988998413085938,-0.11477375030517578,0.0,-0.5693874874012474,5.8347328599833155,-1.4457515140793242,0.006829562476558802,-0.005356668990090982
47,2,heldout,3,1,0.3490658503988659,2.1078203239958384,3,s,af3726fcacd0ac1320a56ea850b0a2c0f5430cf4eb20a45c078706980f08407e,d24fbe3839599a6a097188bae8cd47ce8083f27deef1341ae3086bf0d5a45bd1,87f63c0590d05baea263cdc42c6e1df2d063fa2def309ecb0283f3036bf33d46,87f63c0590d05baea263cdc42c6e1df2d063fa2def309ecb0283f3036bf33d46,1787977976.9672217,36560.835999999996,18280475,0,0.9584569931030273,1.0412378311157227,1.5188446044921875,0.00019073486328125,-0.00324249267578125,0.00476837158203125,0.0073261260986328125,-0.0024423599243164062,0.1880340576171875,-0.0073261260986328125,-0.021978378295898438,-0.0073261260986328125,-0.07570171356201172,-0.3076915740966797,6.365810394287109,-1.4969472885131836,0.10988998413085938,-0.11477375030517578,0.0,-0.5649983884317049,5.830343761013771,-1.4448818178896559,0.006839651316611813,-0.005354667594951908
47,2,heldout,3,1,0.3490658503988659,2.1092067339995992,3,s,af3726fcacd0ac1320a56ea850b0a2c0f5430cf4eb20a45c078706980f08407e,d24fbe3839599a6a097188bae8cd47ce8083f27deef1341ae3086bf0d5a45bd1,87f63c0590d05baea263cdc42c6e1df2d063fa2def309ecb0283f3036bf33d46,87f63c0590d05baea263cdc42c6e1df2d063fa2def309ecb0283f3036bf33d46,1787977976.9696918,36560.837999999996,18280476,0,0.9584569931030273,1.0412378311157227,1.5196075439453125,0.00019073486328125,-0.00324249267578125,0.00476837158203125,-0.021978378295898438,-0.0024423599243164062,0.1880340576171875,-0.021978378295898438,-0.0073261260986328125,-0.0073261260986328125,-0.08058643341064453,-0.3076915740966797,6.379486083984375,-1.4969472885131836,0.10988998413085938,-0.10988998413085938,0.0,-0.5606058957555968,5.825951268337664,-1.4440112806681185,0.006849736175463972,-0.005352663082986226
47,2,heldout,3,1,0.3490658503988659,2.1116693549993215,3,s,af3726fcacd0ac1320a56ea850b0a2c0f5430cf4eb20a45c078706980f08407e,d24fbe3839599a6a097188bae8cd47ce8083f27deef1341ae3086bf0d5a45bd1,87f63c0590d05baea263cdc42c6e1df2d063fa2def309ecb0283f3036bf33d46,87f63c0590d05baea263cdc42c6e1df2d063fa2def309ecb0283f3036bf33d46,1787977976.9716117,36560.84,18280477,0,0.9584569931030273,1.0412378311157227,1.5203704833984375,0.00019073486328125,-0.00324249267578125,0.00476837158203125,0.0073261260986328125,-0.0024423599243164062,0.1880340576171875,-0.0073261260986328125,-0.0073261260986328125,-0.0073261260986328125,-0.08058643341064453,-0.3076915740966797,6.393161773681641,-1.4920635223388672,0.10988998413085938,-0.10988998413085938,0.0,-0.5562100119296975,5.821555384511765,-1.4431399029214327,0.006859817047245118,-0.005350655455360721
47,2,heldout,3,1,0.3490658503988659,2.113617360999342,3,s,af3726fcacd0ac1320a56ea850b0a2c0f5430cf4eb20a45c078706980f08407e,d24fbe3839599a6a097188bae8cd47ce8083f27deef1341ae3086bf0d5a45bd1,87f63c0590d05baea263cdc42c6e1df2d063fa2def309ecb0283f3036bf33d46,87f63c0590d05baea263cdc42c6e1df2d063fa2def309ecb0283f3036bf33d46,1787977976.9735503,36560.842,18280478,0,0.9584569931030273,1.0412378311157227,1.5211334228515625,0.00057220458984375,-0.00324249267578125,0.00476837158203125,-0.0073261260986328125,-0.0024423599243164062,0.1831502914428711,0.0073261260986328125,-0.0073261260986328125,-0.0073261260986328125,-0.08058643341064453,-0.3076915740966797,6.461540222167969,-1.4969472885131836,0.11477375030517578,-0.10988998413085938,0.0,-0.5522469533655807,5.817592325947647,-1.4427038990096426,0.006864855986150272,-0.005349650473540649
47,2,heldout,3,1,0.3490658503988659,2.115537282996229,3,s,af3726fcacd0ac1320a56ea850b0a2c0f5430cf4eb20a45c078706980f08407e,d24fbe3839599a6a097188bae8cd47ce8083f27deef1341ae3086bf0d5a45bd1,87f63c0590d05baea263cdc42c6e1df2d063fa2def309ecb0283f3036bf33d46,87f63c0590d05baea263cdc42c6e1df2d063fa2def309ecb0283f3036bf33d46,1787977976.9754906,36560.844,18280479,0,0.9584569931030273,1.0412378311157227,1.521514892578125,0.00057220458984375,-0.00324249267578125,0.00476837158203125,-0.0073261260986328125,-0.0024423599243164062,0.17338180541992188,-0.0073261260986328125,-0.0073261260986328125,-0.0073261260986328125,-0.08058643341064453,-0.2940177917480469,6.543590545654297,-1.4969472885131836,0.11477375030517578,-0.10988998413085938,0.0,-0.5500462571131719,5.815391629695239,-1.4422676851568066,0.0068698939260874135,-0.005348644713243983
47,2,heldout,3,1,0.3490658503988659,2.1174767650009017,3,s,af3726fcacd0ac1320a56ea850b0a2c0f5430cf4eb20a45c078706980f08407e,d24fbe3839599a6a097188bae8cd47ce8083f27deef1341ae3086bf0d5a45bd1,87f63c0590d05baea263cdc42c6e1df2d063fa2def309ecb0283f3036bf33d46,87f63c0590d05baea263cdc42c6e1df2d063fa2def309ecb0283f3036bf33d46,1787977976.9774513,36560.846,18280480,0,0.9584569931030273,1.0412378311157227,1.52227783203125,0.00057220458984375,-0.00324249267578125,0.00476837158203125,-0.0073261260986328125,-0.0024423599243164062,0.17338180541992188,-0.0073261260986328125,-0.021978378295898438,-0.0073261260986328125,-0.08058643341064453,-0.2940177917480469,6.461540222167969,-1.5018310546875,0.11477375030517578,-0.11477375030517578,0.0,-0.5456423261761734,5.81098769875824,-1.4413946278819372,0.006879966806125336,-0.005346630857806417
47,2,heldout,3,1,0.3490658503988659,2.1194343679962913,3,s,af3726fcacd0ac1320a56ea850b0a2c0f5430cf4eb20a45c078706980f08407e,d24fbe3839599a6a097188bae8cd47ce8083f27deef1341ae3086bf0d5a45bd1,87f63c0590d05baea263cdc42c6e1df2d063fa2def309ecb0283f3036bf33d46,87f63c0590d05baea263cdc42c6e1df2d063fa2def309ecb0283f3036bf33d46,1787977976.9793618,36560.848,18280481,0,0.9584569931030273,1.0412378311157227,1.523040771484375,0.00019073486328125,-0.00324249267578125,0.00476837158203125,-0.0073261260986328125,-0.0024423599243164062,0.16849803924560547,-0.0073261260986328125,-0.021978378295898438,-0.0073261260986328125,-0.08058643341064453,-0.28034210205078125,6.420513153076172,-1.5018310546875,0.10988998413085938,-0.11477375030517578,0.0,-0.5407977501940302,5.806143122776097,-1.4400834689997188,0.006895068615598954,-0.005343604239738239
47,2,heldout,3,1,0.3490658503988659,2.1213403699948685,3,s,af3726fcacd0ac1320a56ea850b0a2c0f5430cf4eb20a45c078706980f08407e,d24fbe3839599a6a097188bae8cd47ce8083f27deef1341ae3086bf0d5a45bd1,87f63c0590d05baea263cdc42c6e1df2d063fa2def309ecb0283f3036bf33d46,87f63c0590d05baea263cdc42c6e1df2d063fa2def309ecb0283f3036bf33d46,1787977976.981911,36560.85,18280482,0,0.9584569931030273,1.0412378311157227,1.5238037109375,0.00057220458984375,-0.00324249267578125,0.00476837158203125,-0.0073261260986328125,-0.0024423599243164062,0.17338180541992188,-0.0073261260986328125,-0.0073261260986328125,-0.0073261260986328125,-0.08058643341064453,-0.28034210205078125,6.379486083984375,-1.5018310546875,0.10988998413085938,-0.11477375030517578,0.0,-0.5368243195480142,5.802169692130081,-1.4396459968347033,0.006900100546337669,-0.0053425938116594875
47,2,heldout,3,1,0.3490658503988659,2.1238997379987268,3,s,af3726fcacd0ac1320a56ea850b0a2c0f5430cf4eb20a45c078706980f08407e,d24fbe3839599a6a097188bae8cd47ce8083f27deef1341ae3086bf0d5a45bd1,87f63c0590d05baea263cdc42c6e1df2d063fa2def309ecb0283f3036bf33d46,87f63c0590d05baea263cdc42c6e1df2d063fa2def309ecb0283f3036bf33d46,1787977976.9832716,36560.852,18280483,0,0.9584569931030273,1.0412378311157227,1.524566650390625,0.00019073486328125,-0.00324249267578125,0.00476837158203125,0.0073261260986328125,-0.0024423599243164062,0.1831502914428711,-0.0073261260986328125,-0.0073261260986328125,-0.0073261260986328125,-0.07570171356201172,-0.28034210205078125,6.338462829589844,-1.5018310546875,0.10988998413085938,-0.11477375030517578,0.0,-0.531972148527512,5.797317521109578,-1.4383323236180758,0.006915190311044959,-0.005339557863313664
47,2,heldout,3,1,0.3490658503988659,2.125252473000728,3,s,af3726fcacd0ac1320a56ea850b0a2c0f5430cf4eb20a45c078706980f08407e,d24fbe3839599a6a097188bae8cd47ce8083f27deef1341ae3086bf0d5a45bd1,87f63c0590d05baea263cdc42c6e1df2d063fa2def309ecb0283f3036bf33d46,87f63c0590d05baea263cdc42c6e1df2d063fa2def309ecb0283f3036bf33d46,1787977976.9857767,36560.854,18280484,0,0.9584569931030273,1.0412378311157227,1.52532958984375,0.00019073486328125,-0.00324249267578125,0.00476837158203125,-0.021978378295898438,-0.0024423599243164062,0.1831502914428711,-0.021978378295898438,-0.0073261260986328125,-0.0073261260986328125,-0.07570171356201172,-0.2666664123535156,6.324787139892578,-1.5018310546875,0.10988998413085938,-0.11477375030517578,0.0,-0.5275542846853247,5.792899657267392,-1.4374554948429654,0.006925245123939968,-0.005337530012464723
47,2,heldout,3,1,0.3490658503988659,2.1277524279939826,3,s,af3726fcacd0ac1320a56ea850b0a2c0f5430cf4eb20a45c078706980f08407e,d24fbe3839599a6a097188bae8cd47ce8083f27deef1341ae3086bf0d5a45bd1,87f63c0590d05baea263cdc42c6e1df2d063fa2def309ecb0283f3036bf33d46,87f63c0590d05baea263cdc42c6e1df2d063fa2def309ecb0283f3036bf33d46,1787977976.9876683,36560.856,18280485,0,0.9584569931030273,1.0412378311157227,1.526092529296875,0.00057220458984375,-0.00324249267578125,0.00476837158203125,-0.021978378295898438,-0.0024423599243164062,0.1831502914428711,-0.0073261260986328125,-0.021978378295898438,-0.0073261260986328125,-0.08058643341064453,-0.2666664123535156,6.393161773681641,-1.4969472885131836,0.10988998413085938,-0.11477375030517578,0.0,-0.5235719862307857,5.788917358812853,-1.4370167666575502,0.006930271019119548,-0.005336514921897201
47,2,heldout,3,1,0.3490658503988659,2.1296463740000036,3,s,af3726fcacd0ac1320a56ea850b0a2c0f5430cf4eb20a45c078706980f08407e,d24fbe3839599a6a097188bae8cd47ce8083f27deef1341ae3086bf0d5a45bd1,87f63c0590d05baea263cdc42c6e1df2d063fa2def309ecb0283f3036bf33d46,87f63c0590d05baea263cdc42c6e1df2d063fa2def309ecb0283f3036bf33d46,1787977976.9895482,36560.858,18280486,0,0.9584569931030273,1.0412378311157227,1.52685546875,0.00019073486328125,-0.00324249267578125,0.00476837158203125,-0.0073261260986328125,-0.0024423599243164062,0.1782665252685547,-0.021978378295898438,0.0073261260986328125,-0.0073261260986328125,-0.08058643341064453,-0.25299072265625,6.365810394287109,-1.4969472885131836,0.10988998413085938,-0.11477375030517578,0.0,-0.5187084438407725,5.784053816422839,-1.435699327676075,0.006945342650810654,-0.0053334649913953525
47,2,heldout,3,1,0.3490658503988659,2.131522509997012,3,s,af3726fcacd0ac1320a56ea850b0a2c0f5430cf4eb20a45c078706980f08407e,d24fbe3839599a6a097188bae8cd47ce8083f27deef1341ae3086bf0d5a45bd1,87f63c0590d05baea263cdc42c6e1df2d063fa2def309ecb0283f3036bf33d46,87f63c0590d05baea263cdc42c6e1df2d063fa2def309ecb0283f3036bf33d46,1787977976.9914467,36560.86,18280487,0,0.9584569931030273,1.0412378311157227,1.5272369384765625,0.00057220458984375,-0.00324249267578125,0.00476837158203125,-0.0073261260986328125,-0.0024423599243164062,0.16849803924560547,0.0073261260986328125,-0.021978378295898438,-0.0073261260986328125,-0.08058643341064453,-0.25299072265625,6.447864532470703,-1.4920635223388672,0.10988998413085938,-0.11477375030517578,0.0,-0.5169344428541935,5.782279815436262,-1.435699327676075,0.0069453426508106555,-0.0053334649913953525
47,2,heldout,3,1,0.3490658503988659,2.1334456559998216,3,s,af3726fcacd0ac1320a56ea850b0a2c0f5430cf4eb20a45c078706980f08407e,d24fbe3839599a6a097188bae8cd47ce8083f27deef1341ae3086bf0d5a45bd1,87f63c0590d05baea263cdc42c6e1df2d063fa2def309ecb0283f3036bf33d46,87f63c0590d05baea263cdc42c6e1df2d063fa2def309ecb0283f3036bf33d46,1787977976.9933515,36560.862,18280488,0,0.9584569931030273,1.0412378311157227,1.5279998779296875,0.00057220458984375,-0.00324249267578125,0.00476837158203125,0.0073261260986328125,-0.0024423599243164062,0.17338180541992188,-0.021978378295898438,-0.0073261260986328125,-0.0073261260986328125,-0.08058643341064453,-0.25299072265625,6.4341888427734375,-1.4920635223388672,0.10988998413085938,-0.11477375030517578,0.0,-0.512505206237629,5.777850578819695,-1.434819990306518,0.0069553853530880255,-0.005331427823541077
47,2,heldout,3,1,0.3490658503988659,2.1353264349963865,3,s,af3726fcacd0ac1320a56ea850b0a2c0f5430cf4eb20a45c078706980f08407e,d24fbe3839599a6a097188bae8cd47ce8083f27deef1341ae3086bf0d5a45bd1,87f63c0590d05baea263cdc42c6e1df2d063fa2def309ecb0283f3036bf33d46,87f63c0590d05baea263cdc42c6e1df2d063fa2def309ecb0283f3036bf33d46,1787977976.995261,36560.864,18280489,0,0.9584569931030273,1.0412378311157227,1.5287628173828125,0.00057220458984375,-0.00324249267578125,0.00476837158203125,-0.0073261260986328125,-0.0024423599243164062,0.16849803924560547,-0.0073261260986328125,-0.0073261260986328125,-0.0073261260986328125,-0.08058643341064453,-0.25299072265625,6.406837463378906,-1.4920635223388672,0.10988998413085938,-0.11477375030517578,0.0,-0.5080726064695507,5.773417979051619,-1.433939817761847,0.00696542400679848,-0.005329387552387522
47,2,heldout,3,1,0.3490658503988659,2.137235943999258,3,s,af3726fcacd0ac1320a56ea850b0a2c0f5430cf4eb20a45c078706980f08407e,d24fbe3839599a6a097188bae8cd47ce8083f27deef1341ae3086bf0d5a45bd1,87f63c0590d05baea263cdc42c6e1df2d063fa2def309ecb0283f3036bf33d46,87f63c0590d05baea263cdc42c6e1df2d063fa2def309ecb0283f3036bf33d46,1787977976.9977806,36560.866,18280490,0,0.9584569931030273,1.0412378311157227,1.5295257568359375,0.00057220458984375,-0.00324249267578125,0.00476837158203125,-0.0073261260986328125,-0.0024423599243164062,0.16849803924560547,0.0073261260986328125,-0.0073261260986328125,-0.0073261260986328125,-0.08058643341064453,-0.25299072265625,6.338462829589844,-1.4871797561645508,0.10988998413085938,-0.11477375030517578,0.0,-0.503636646130077,5.768982018712144,-1.43305881055439,0.0069754586060987375,-0.005327344179122283
47,2,heldout,3,1,0.3490658503988659,2.139765287996852,3,s,af3726fcacd0ac1320a56ea850b0a2c0f5430cf4eb20a45c078706980f08407e,d24fbe3839599a6a097188bae8cd47ce8083f27deef1341ae3086bf0d5a45bd1,87f63c0590d05baea263cdc42c6e1df2d063fa2def309ecb0283f3036bf33d46,87f63c0590d05baea263cdc42c6e1df2d063fa2def309ecb0283f3036bf33d46,1787977976.9996922,36560.867999999995,18280491,0,0.9584569931030273,1.0412378311157227,1.5302886962890625,0.00057220458984375,-0.00324249267578125,0.00476837158203125,-0.021978378295898438,-0.0024423599243164062,0.1782665252685547,0.0073261260986328125,-0.0073261260986328125,-0.0073261260986328125,-0.08058643341064453,-0.25299072265625,6.3111114501953125,-1.4871797561645508,0.10988998413085938,-0.11477375030517578,0.0,-0.4991973278012749,5.764542700383342,-1.4321769691969601,0.0069854891451479025,-0.0053252977049347595
47,2,heldout,3,1,0.3490658503988659,2.1416715390005265,3,s,af3726fcacd0ac1320a56ea850b0a2c0f5430cf4eb20a45c078706980f08407e,d24fbe3839599a6a097188bae8cd47ce8083f27deef1341ae3086bf0d5a45bd1,87f63c0590d05baea263cdc42c6e1df2d063fa2def309ecb0283f3036bf33d46,87f63c0590d05baea263cdc42c6e1df2d063fa2def309ecb0283f3036bf33d46,1787977977.0016332,36560.869999999995,18280492,0,0.9584569931030273,1.0412378311157227,1.5310516357421875,0.00019073486328125,-0.00324249267578125,0.00476837158203125,-0.0073261260986328125,-0.0024423599243164062,0.1782665252685547,-0.021978378295898438,-0.0073261260986328125,-0.0073261260986328125,-0.07570171356201172,-0.2393169403076172,6.352138519287109,-1.4871797561645508,0.10988998413085938,-0.11477375030517578,0.0,-0.49431300411689905,5.759658376698967,-1.4308526442525908,0.007000527327979679,-0.005322222182030441
47,2,heldout,3,1,0.3490658503988659,2.1436167239953647,3,s,af3726fcacd0ac1320a56ea850b0a2c0f5430cf4eb20a45c078706980f08407e,d24fbe3839599a6a097188bae8cd47ce8083f27deef1341ae3086bf0d5a45bd1,87f63c0590d05baea263cdc42c6e1df2d063fa2def309ecb0283f3036bf33d46,87f63c0590d05baea263cdc42c6e1df2d063fa2def309ecb0283f3036bf33d46,1787977977.003597,36560.871999999996,18280493,0,0.9584569931030273,1.0412378311157227,1.531815528869629,0.00019073486328125,-0.00324249267578125,0.00476837158203125,-0.0073261260986328125,-0.0024423599243164062,0.1782665252685547,-0.021978378295898438,-0.0073261260986328125,-0.0073261260986328125,-0.07570171356201172,-0.2393169403076172,6.324787139892578,-1.482295036315918,0.10988998413085938,-0.10988998413085938,0.0,-0.4898610010442941,5.755206373626361,-1.4299676143403905,0.007010560213763872,-0.005320165391037941
47,2,heldout,3,1,0.3490658503988659,2.1455759999953443,3,s,af3726fcacd0ac1320a56ea850b0a2c0f5430cf4eb20a45c078706980f08407e,d24fbe3839599a6a097188bae8cd47ce8083f27deef1341ae3086bf0d5a45bd1,87f63c0590d05baea263cdc42c6e1df2d063fa2def309ecb0283f3036bf33d46,87f63c0590d05baea263cdc42c6e1df2d063fa2def309ecb0283f3036bf33d46,1787977977.0054715,36560.873999999996,18280494,0,0.9584569931030273,1.0412378311157227,1.5321969985961914,0.00019073486328125,-0.00324249267578125,0.00476837158203125,0.0073261260986328125,-0.0024423599243164062,0.17338180541992188,-0.0073261260986328125,-0.0073261260986328125,-0.0073261260986328125,-0.08058643341064453,-0.2393169403076172,6.379486083984375,-1.4774112701416016,0.10988998413085938,-0.10988998413085938,0.0,-0.48763652108781774,5.752981893669886,-1.429525339413529,0.007015568862765111,-0.0053191371171095354
47,2,heldout,3,1,0.3490658503988659,2.1474464229977457,3,s,af3726fcacd0ac1320a56ea850b0a2c0f5430cf4eb20a45c078706980f08407e,d24fbe3839599a6a097188bae8cd47ce8083f27deef1341ae3086bf0d5a45bd1,87f63c0590d05baea263cdc42c6e1df2d063fa2def309ecb0283f3036bf33d46,87f63c0590d05baea263cdc42c6e1df2d063fa2def309ecb0283f3036bf33d46,1787977977.0073478,36560.876,18280495,0,0.9584569931030273,1.0412378311157227,1.5329599380493164,0.00019073486328125,-0.00324249267578125,0.00476837158203125,0.0073261260986328125,-0.0024423599243164062,0.16849803924560547,-0.0073261260986328125,-0.0073261260986328125,-0.0073261260986328125,-0.07570171356201172,-0.22564125061035156,6.352138519287109,-1.4725275039672852,0.10988998413085938,-0.10988998413085938,0.0,-0.4831850499915744,5.748530422573642,-1.428640165554257,0.007025583097340022,-0.005317078247293523
47,2,heldout,3,1,0.3490658503988659,2.149321760996827,3,s,af3726fcacd0ac1320a56ea850b0a2c0f5430cf4eb20a45c078706980f08407e,d24fbe3839599a6a097188bae8cd47ce8083f27deef1341ae3086bf0d5a45bd1,87f63c0590d05baea263cdc42c6e1df2d063fa2def309ecb0283f3036bf33d46,87f63c0590d05baea263cdc42c6e1df2d063fa2def309ecb0283f3036bf33d46,1787977977.0092542,36560.878,18280496,0,0.9584569931030273,1.0412378311157227,1.5337228775024414,0.00019073486328125,-0.00324249267578125,0.00476837158203125,-0.0073261260986328125,-0.0024423599243164062,0.16849803924560547,-0.0073261260986328125,-0.0073261260986328125,-0.0073261260986328125,-0.07570171356201172,-0.22564125061035156,6.297435760498047,-1.4725275039672852,0.10988998413085938,-0.11477375030517578,0.0,-0.4787302328103966,5.744075605392465,-1.4277541601170007,0.007035593242487544,-0.005315016282530783
47,2,heldout,3,1,0.3490658503988659,2.1512387539987685,3,s,af3726fcacd0ac1320a56ea850b0a2c0f5430cf4eb20a45c078706980f08407e,d24fbe3839599a6a097188bae8cd47ce8083f27deef1341ae3086bf0d5a45bd1,87f63c0590d05baea263cdc42c6e1df2d063fa2def309ecb0283f3036bf33d46,87f63c0590d05baea263cdc42c6e1df2d063fa2def309ecb0283f3036bf33d46,1787977977.0117528,36560.88,18280497,0,0.9584569931030273,1.0412378311157227,1.5344858169555664,0.00019073486328125,-0.00324249267578125,0.00476837158203125,-0.0073261260986328125,-0.0024423599243164062,0.16849803924560547,-0.0073261260986328125,-0.0073261260986328125,-0.0073261260986328125,-0.08058643341064453,-0.22564125061035156,6.3111114501953125,-1.4725275039672852,0.10988998413085938,-0.11477375030517578,0.0,-0.4742720721373328,5.7396174447194,-1.4268673236174854,0.007045599292381008,-0.005312951224021541
47,2,heldout,3,1,0.3490658503988659,2.153760291999788,3,s,af3726fcacd0ac1320a56ea850b0a2c0f5430cf4eb20a45c078706980f08407e,d24fbe3839599a6a097188bae8cd47ce8083f27deef1341ae3086bf0d5a45bd1,87f63c0590d05baea263cdc42c6e1df2d063fa2def309ecb0283f3036bf33d46,87f63c0590d05baea263cdc42c6e1df2d063fa2def309ecb0283f3036bf33d46,1787977977.0137389,36560.882,18280498,0,0.9584569931030273,1.0412378311157227,1.5352487564086914,0.00019073486328125,-0.00324249267578125,0.00476837158203125,-0.021978378295898438,-0.0024423599243164062,0.17338180541992188,-0.0073261260986328125,0.0073261260986328125,-0.0073261260986328125,-0.08058643341064453,-0.22564125061035156,6.297435760498047,-1.4774112701416016,0.10988998413085938,-0.11477375030517578,0.0,-0.4698105705673685,5.735155943149436,-1.425979656571917,0.00705560124119612,-0.005310883072967813
47,2,heldout,3,1,0.3490658503988659,2.155723805000889,3,s,af3726fcacd0ac1320a56ea850b0a2c0f5430cf4eb20a45c078706980f08407e,d24fbe3839599a6a097188bae8cd47ce8083f27deef1341ae3086bf0d5a45bd1,87f63c0590d05baea263cdc42c6e1df2d063fa2def309ecb0283f3036bf33d46,87f63c0590d05baea263cdc42c6e1df2d063fa2def309ecb0283f3036bf33d46,1787977977.0156748,36560.884,18280499,0,0.9584569931030273,1.0412378311157227,1.5360116958618164,0.00019073486328125,-0.00324249267578125,0.00476837158203125,-0.0073261260986328125,-0.0024423599243164062,0.1782665252685547,0.0073261260986328125,-0.0073261260986328125,-0.0073261260986328125,-0.08058643341064453,-0.21196556091308594,6.270084381103516,-1.482295036315918,0.10988998413085938,-0.11477375030517578,0.0,-0.4653457306974407,5.730691103279508,-1.4250911594969848,0.007065599083110993,-0.005308811830573425
47,2,heldout,3,1,0.3490658503988659,2.15765702999488,3,s,af3726fcacd0ac1320a56ea850b0a2c0f5430cf4eb20a45c078706980f08407e,d24fbe3839599a6a097188bae8cd47ce8083f27deef1341ae3086bf0d5a45bd1,87f63c0590d05baea263cdc42c6e1df2d063fa2def309ecb0283f3036bf33d46,87f63c0590d05baea263cdc42c6e1df2d063fa2def309ecb0283f3036bf33d46,1787977977.0175862,36560.886,18280500,0,0.9584569931030273,1.0412378311157227,1.536393165588379,0.00019073486328125,-0.00324249267578125,0.00476837158203125,-0.021978378295898438,-0.0024423599243164062,0.17338180541992188,0.0073261260986328125,-0.0073261260986328125,-0.0073261260986328125,-0.07570171356201172,-0.21196556091308594,6.24273681640625,-1.4774112701416016,0.10988998413085938,-0.10988998413085938,0.0,-0.4631120597120655,5.7284574322941335,-1.4246465998601057,0.007070596462162144,-0.005307775050500171
47,2,heldout,3,1,0.3490658503988659,2.1595661839965032,3,s,af3726fcacd0ac1320a56ea850b0a2c0f5430cf4eb20a45c078706980f08407e,d24fbe3839599a6a097188bae8cd47ce8083f27deef1341ae3086bf0d5a45bd1,87f63c0590d05baea263cdc42c6e1df2d063fa2def309ecb0283f3036bf33d46,87f63c0590d05baea263cdc42c6e1df2d063fa2def309ecb0283f3036bf33d46,1787977977.0194905,36560.888,18280501,0,0.9584569931030273,1.0412378311157227,1.537156105041504,0.00019073486328125,-0.00324249267578125,0.00476837158203125,0.0073261260986328125,-0.0024423599243164062,0.1782665252685547,-0.0073261260986328125,-0.0073261260986328125,-0.0073261260986328125,-0.07570171356201172,-0.1982898712158203,6.283760070800781,-1.482295036315918,0.10988998413085938,-0.11477375030517578,0.0,-0.45864221726570187,5.723987589847768,-1.4237568587109806,0.007080588132815809,-0.005305699173355894
47,2,heldout,3,1,0.3490658503988659,2.1614715739997337,3,s,af3726fcacd0ac1320a56ea850b0a2c0f5430cf4eb20a45c078706980f08407e,d24fbe3839599a6a097188bae8cd47ce8083f27deef1341ae3086bf0d5a45bd1,87f63c0590d05baea263cdc42c6e1df2d063fa2def309ecb0283f3036bf33d46,87f63c0590d05baea263cdc42c6e1df2d063fa2def309ecb0283f3036bf33d46,1787977977.0213985,36560.89,18280502,0,0.9584569931030273,1.0412378311157227,1.537919044494629,0.00019073486328125,-0.00324249267578125,0.00476837158203125,-0.0073261260986328125,-0.0024423599243164062,0.1782665252685547,-0.021978378295898438,-0.0073261260986328125,-0.0073261260986328125,-0.07570171356201172,-0.1982898712158203,6.229061126708984,-1.4871797561645508,0.10988998413085938,-0.11477375030517578,0.0,-0.4541690430202119,5.719514415602278,-1.4228662888263313,0.007090575682024946,-0.0053036202078883855
47,2,heldout,3,1,0.3490658503988659,2.1633762679994106,3,s,af3726fcacd0ac1320a56ea850b0a2c0f5430cf4eb20a45c078706980f08407e,d24fbe3839599a6a097188bae8cd47ce8083f27deef1341ae3086bf0d5a45bd1,87f63c0590d05baea263cdc42c6e1df2d063fa2def309ecb0283f3036bf33d46,87f63c0590d05baea263cdc42c6e1df2d063fa2def309ecb0283f3036bf33d46,1787977977.0232825,36560.892,18280503,0,0.9584569931030273,1.0412378311157227,1.538681983947754,0.00057220458984375,-0.00324249267578125,0.00476837158203125,-0.0073261260986328125,-0.0024423599243164062,0.1782665252685547,0.0073261260986328125,-0.021978378295898438,-0.0073261260986328125,-0.07570171356201172,-0.1982898712158203,6.1880340576171875,-1.4871797561645508,0.10988998413085938,-0.11477375030517578,0.0,-0.4501383421249481,5.715483714707016,-1.42242069327016,0.0070955679092709984,-0.00530257956741151
47,2,heldout,3,1,0.3490658503988659,2.1652574119943893,3,s,af3726fcacd0ac1320a56ea850b0a2c0f5430cf4eb20a45c078706980f08407e,d24fbe3839599a6a097188bae8cd47ce8083f27deef1341ae3086bf0d5a45bd1,87f63c0590d05baea263cdc42c6e1df2d063fa2def309ecb0283f3036bf33d46,87f63c0590d05baea263cdc42c6e1df2d063fa2def309ecb0283f3036bf33d46,1787977977.0252213,36560.894,18280504,0,0.9584569931030273,1.0412378311157227,1.539444923400879,0.00057220458984375,-0.00324249267578125,0.00476837158203125,0.0073261260986328125,-0.0024423599243164062,0.1782665252685547,0.0073261260986328125,-0.021978378295898438,-0.0073261260986328125,-0.07570171356201172,-0.21196556091308594,6.1880340576171875,-1.4871797561645508,0.10988998413085938,-0.11477375030517578,0.0,-0.44565892587858724,5.711004298460654,-1.421528881254337,0.0071055492654137405,-0.005300495971728679
47,2,heldout,3,1,0.3490658503988659,2.1672055319941137,3,s,af3726fcacd0ac1320a56ea850b0a2c0f5430cf4eb20a45c078706980f08407e,d24fbe3839599a6a097188bae8cd47ce8083f27deef1341ae3086bf0d5a45bd1,87f63c0590d05baea263cdc42c6e1df2d063fa2def309ecb0283f3036bf33d46,87f63c0590d05baea263cdc42c6e1df2d063fa2def309ecb0283f3036bf33d46,1787977977.0277548,36560.896,18280505,0,0.9584569931030273,1.0412378311157227,1.540207862854004,0.00057220458984375,-0.00324249267578125,0.00476837158203125,-0.0073261260986328125,-0.0024423599243164062,0.17338180541992188,0.0073261260986328125,0.0073261260986328125,-0.0073261260986328125,-0.07570171356201172,-0.21196556091308594,6.1880340576171875,-1.4920635223388672,0.10988998413085938,-0.11477375030517578,0.0,-0.44117618539037307,5.70652155797244,-1.420636241799843,0.007115526485582661,-0.005298409290751278
47,2,heldout,3,1,0.3490658503988659,2.1697403020007187,3,s,af3726fcacd0ac1320a56ea850b0a2c0f5430cf4eb20a45c078706980f08407e,d24fbe3839599a6a097188bae8cd47ce8083f27deef1341ae3086bf0d5a45bd1,87f63c0590d05baea263cdc42c6e1df2d063fa2def309ecb0283f3036bf33d46,87f63c0590d05baea263cdc42c6e1df2d063fa2def309ecb0283f3036bf33d46,1787977977.0296583,36560.898,18280506,0,0.9584569931030273,1.0412378311157227,1.540970802307129,0.00057220458984375,-0.00324249267578125,0.00476837158203125,-0.021978378295898438,-0.0024423599243164062,0.1782665252685547,0.021978378295898438,-0.0073261260986328125,-0.0073261260986328125,-0.07570171356201172,-0.1982898712158203,6.201709747314453,-1.4920635223388672,0.10988998413085938,-0.11477375030517578,0.0,-0.43669012326959966,5.702035495851667,-1.4197427754262628,0.0071254995639702555,-0.005296319525693911
47,2,heldout,3,1,0.3490658503988659,2.171639085994684,3,s,af3726fcacd0ac1320a56ea850b0a2c0f5430cf4eb20a45c078706980f08407e,d24fbe3839599a6a097188bae8cd47ce8083f27deef1341ae3086bf0d5a45bd1,87f63c0590d05baea263cdc42c6e1df2d063fa2def309ecb0283f3036bf33d46,87f63c0590d05baea263cdc42c6e1df2d063fa2def309ecb0283f3036bf33d46,1787977977.0315814,36560.9,18280507,0,0.9584569931030273,1.0412378311157227,1.541733741760254,0.00057220458984375,-0.00324249267578125,0.00476837158203125,-0.021978378295898438,-0.0024423599243164062,0.1831502914428711,0.0073261260986328125,-0.0073261260986328125,-0.0073261260986328125,-0.08058643341064453,-0.1982898712158203,6.24273681640625,-1.4969472885131836,0.10988998413085938,-0.11477375030517578,0.0,-0.4322007421275018,5.697546114709569,-1.4188484826536623,0.007135468494771423,-0.005294226677772986
47,2,heldout,3,1,0.3490658503988659,2.1735786329954863,3,s,af3726fcacd0ac1320a56ea850b0a2c0f5430cf4eb20a45c078706980f08407e,d24fbe3839599a6a097188bae8cd47ce8083f27deef1341ae3086bf0d5a45bd1,87f63c0590d05baea263cdc42c6e1df2d063fa2def309ecb0283f3036bf33d46,87f63c0590d05baea263cdc42c6e1df2d063fa2def309ecb0283f3036bf33d46,1787977977.0335202,36560.902,18280508,0,0.9584569931030273,1.0412378311157227,1.5421152114868164,0.00057220458984375,-0.00324249267578125,0.00476837158203125,-0.0073261260986328125,-0.0024423599243164062,0.1782665252685547,0.0073261260986328125,-0.0073261260986328125,-0.0073261260986328125,-0.08058643341064453,-0.1846160888671875,6.297435760498047,-1.4969472885131836,0.10988998413085938,-0.11477375030517578,0.0,-0.4299548077399902,5.695300180322057,-1.4184010265303808,0.007140451403013668,-0.005293179098119301
47,2,heldout,3,1,0.3490658503988659,2.1755090599981486,3,s,af3726fcacd0ac1320a56ea850b0a2c0f5430cf4eb20a45c078706980f08407e,d24fbe3839599a6a097188bae8cd47ce8083f27deef1341ae3086bf0d5a45bd1,87f63c0590d05baea263cdc42c6e1df2d063fa2def309ecb0283f3036bf33d46,87f63c0590d05baea263cdc42c6e1df2d063fa2def309ecb0283f3036bf33d46,1787977977.0354483,36560.903999999995,18280509,0,0.9584569931030273,1.0412378311157227,1.5428781509399414,0.00057220458984375,-0.00324249267578125,0.00476837158203125,-0.0073261260986328125,-0.0024423599243164062,0.17338180541992188,-0.0073261260986328125,-0.021978378295898438,-0.0073261260986328125,-0.08058643341064453,-0.17094039916992188,6.338462829589844,-1.4969472885131836,0.10988998413085938,-0.10988998413085938,0.0,-0.42546045296619117,5.690805825548259,-1.4175054951354258,0.007150414101555929,-0.005291081628187717
47,2,heldout,3,1,0.3490658503988659,2.177433218996157,3,s,af3726fcacd0ac1320a56ea850b0a2c0f5430cf4eb20a45c078706980f08407e,d24fbe3839599a6a097188bae8cd47ce8083f27deef1341ae3086bf0d5a45bd1,87f63c0590d05baea263cdc42c6e1df2d063fa2def309ecb0283f3036bf33d46,87f63c0590d05baea263cdc42c6e1df2d063fa2def309ecb0283f3036bf33d46,1787977977.0374057,36560.905999999995,18280510,0,0.9584569931030273,1.0412378311157227,1.5436410903930664,0.00057220458984375,-0.00324249267578125,0.00476837158203125,-0.0073261260986328125,-0.0024423599243164062,0.17338180541992188,0.0073261260986328125,-0.021978378295898438,-0.0073261260986328125,-0.07570171356201172,-0.17094039916992188,6.393161773681641,-1.4920635223388672,0.10988998413085938,-0.11477375030517578,0.0,-0.42096278570759016,5.686308158289657,-1.4166091386437176,0.007160372638009602,-0.005288981078441425
47,2,heldout,3,1,0.3490658503988659,2.1793928449988016,3,s,af3726fcacd0ac1320a56ea850b0a2c0f5430cf4eb20a45c078706980f08407e,d24fbe3839599a6a097188bae8cd47ce8083f27deef1341ae3086bf0d5a45bd1,87f63c0590d05baea263cdc42c6e1df2d063fa2def309ecb0283f3036bf33d46,87f63c0590d05baea263cdc42c6e1df2d063fa2def309ecb0283f3036bf33d46,1787977977.03934,36560.907999999996,18280511,0,0.9584569931030273,1.0412378311157227,1.5444040298461914,0.00057220458984375,-0.00324249267578125,0.00476837158203125,-0.0073261260986328125,-0.0024423599243164062,0.17338180541992188,0.0073261260986328125,-0.0073261260986328125,-0.0073261260986328125,-0.08058643341064453,-0.17094039916992188,6.352138519287109,-1.4920635223388672,0.10988998413085938,-0.10988998413085938,0.0,-0.41646180858218007,5.681807181164247,-1.4157119575770056,0.007170327006578048,-0.005286877450103112
47,2,heldout,3,1,0.3490658503988659,2.18133575200045,3,s,af3726fcacd0ac1320a56ea850b0a2c0f5430cf4eb20a45c078706980f08407e,d24fbe3839599a6a097188bae8cd47ce8083f27deef1341ae3086bf0d5a45bd1,87f63c0590d05baea263cdc42c6e1df2d063fa2def309ecb0283f3036bf33d46,87f63c0590d05baea263cdc42c6e1df2d063fa2def309ecb0283f3036bf33d46,1787977977.0418658,36560.909999999996,18280512,0,0.9584569931030273,1.0412378311157227,1.5451669692993164,0.00057220458984375,-0.00324249267578125,0.00476837158203125,-0.0073261260986328125,-0.0024423599243164062,0.17338180541992188,-0.021978378295898438,-0.0073261260986328125,-0.0073261260986328125,-0.07570171356201172,-0.17094039916992188,6.24273681640625,-1.4920635223388672,0.10988998413085938,-0.10988998413085938,0.0,-0.4119575242098732,5.677302896791941,-1.4148139524575187,0.0071802772014670675,-0.005284770744397251
47,2,heldout,3,1,0.3490658503988659,2.183855406998191,3,s,af3726fcacd0ac1320a56ea850b0a2c0f5430cf4eb20a45c078706980f08407e,d24fbe3839599a6a097188bae8cd47ce8083f27deef1341ae3086bf0d5a45bd1,87f63c0590d05baea263cdc42c6e1df2d063fa2def309ecb0283f3036bf33d46,87f63c0590d05baea263cdc42c6e1df2d063fa2def309ecb0283f3036bf33d46,1787977977.0432444,36560.912,18280513,0,0.9584569931030273,1.0412378311157227,1.5459299087524414,0.00057220458984375,-0.00324249267578125,0.00476837158203125,-0.0073261260986328125,-0.0024423599243164062,0.17338180541992188,-0.021978378295898438,-0.0073261260986328125,-0.0073261260986328125,-0.07570171356201172,-0.15726470947265625,6.215385437011719,-1.482295036315918,0.10988998413085938,-0.10988998413085938,0.0,-0.4074499352125074,5.6727953077945745,-1.4139151238079632,0.007190223216884883,-0.005282660962550103
47,2,heldout,3,1,0.3490658503988659,2.185225413995795,3,s,af3726fcacd0ac1320a56ea850b0a2c0f5430cf4eb20a45c078706980f08407e,d24fbe3839599a6a097188bae8cd47ce8083f27deef1341ae3086bf0d5a45bd1,87f63c0590d05baea263cdc42c6e1df2d063fa2def309ecb0283f3036bf33d46,87f63c0590d05baea263cdc42c6e1df2d063fa2def309ecb0283f3036bf33d46,1787977977.0457437,36560.914,18280514,0,0.9584569931030273,1.0412378311157227,1.5466928482055664,0.00019073486328125,-0.00324249267578125,0.00476837158203125,-0.0073261260986328125,-0.0024423599243164062,0.1782665252685547,-0.03663063049316406,-0.0073261260986328125,-0.0073261260986328125,-0.07570171356201172,-0.15726470947265625,6.147006988525391,-1.4774112701416016,0.10988998413085938,-0.10988998413085938,0.0,-0.40248890992167063,5.667834282503738,-1.4125653378593543,0.007205134390839577,-0.005279490524701326
47,2,heldout,3,1,0.3490658503988659,2.1877234399944427,3,s,af3726fcacd0ac1320a56ea850b0a2c0f5430cf4eb20a45c078706980f08407e,d24fbe3839599a6a097188bae8cd47ce8083f27deef1341ae3086bf0d5a45bd1,87f63c0590d05baea263cdc42c6e1df2d063fa2def309ecb0283f3036bf33d46,87f63c0590d05baea263cdc42c6e1df2d063fa2def309ecb0283f3036bf33d46,1787977977.0476544,36560.916,18280515,0,0.9584569931030273,1.0412378311157227,1.5474557876586914,0.00057220458984375,-0.00324249267578125,0.00476837158203125,-0.0073261260986328125,-0.0024423599243164062,0.1782665252685547,-0.021978378295898438,-0.021978378295898438,-0.0073261260986328125,-0.08058643341064453,-0.15726470947265625,6.174358367919922,-1.4676437377929688,0.10988998413085938,-0.10988998413085938,0.0,-0.3984248538395685,5.663770226421636,-1.4121149980118752,0.007210102686151968,-0.005278432175345955
47,2,heldout,3,1,0.3490658503988659,2.1896392349954112,3,s,af3726fcacd0ac1320a56ea850b0a2c0f5430cf4eb20a45c078706980f08407e,d24fbe3839599a6a097188bae8cd47ce8083f27deef1341ae3086bf0d5a45bd1,87f63c0590d05baea263cdc42c6e1df2d063fa2def309ecb0283f3036bf33d46,87f63c0590d05baea263cdc42c6e1df2d063fa2def309ecb0283f3036bf33d46,1787977977.0495603,36560.918,18280516,0,0.9584569931030273,1.0412378311157227,1.547837257385254,0.00057220458984375,-0.00324249267578125,0.00476837158203125,0.0073261260986328125,-0.0024423599243164062,0.1782665252685547,-0.0073261260986328125,0.0073261260986328125,-0.0073261260986328125,-0.07570171356201172,-0.14358901977539062,6.1880340576171875,-1.4676437377929688,0.10988998413085938,-0.10988998413085938,0.0,-0.3961665222076258,5.661511894789692,-1.4116644526746205,0.007215069932256344,-0.005277373057877617
47,2,heldout,3,1,0.3490658503988659,2.1915399599965895,3,s,af3726fcacd0ac1320a56ea850b0a2c0f5430cf4eb20a45c078706980f08407e,d24fbe3839599a6a097188bae8cd47ce8083f27deef1341ae3086bf0d5a45bd1,87f63c0590d05baea263cdc42c6e1df2d063fa2def309ecb0283f3036bf33d46,87f63c0590d05baea263cdc42c6e1df2d063fa2def309ecb0283f3036bf33d46,1787977977.0514636,36560.92,18280517,0,0.9584569931030273,1.0412378311157227,1.548600196838379,0.00057220458984375,-0.00324249267578125,0.00476837158203125,0.0073261260986328125,-0.0024423599243164062,0.17338180541992188,-0.021978378295898438,0.0073261260986328125,-0.0073261260986328125,-0.07570171356201172,-0.14358901977539062,6.1880340576171875,-1.462759017944336,0.11477375030517578,-0.10988998413085938,0.0,-0.39164738769728946,5.6569927602793575,-1.4107627457930687,0.0072250012739498715,-0.005275252519218644
47,2,heldout,3,1,0.3490658503988659,2.193493872000545,3,s,af3726fcacd0ac1320a56ea850b0a2c0f5430cf4eb20a45c078706980f08407e,d24fbe3839599a6a097188bae8cd47ce8083f27deef1341ae3086bf0d5a45bd1,87f63c0590d05baea263cdc42c6e1df2d063fa2def309ecb0283f3036bf33d46,87f63c0590d05baea263cdc42c6e1df2d063fa2def309ecb0283f3036bf33d46,1787977977.0533934,36560.922,18280518,0,0.9584569931030273,1.0412378311157227,1.549363136291504,0.00057220458984375,-0.00324249267578125,0.00476837158203125,-0.0073261260986328125,-0.0024423599243164062,0.16361427307128906,0.0073261260986328125,0.0073261260986328125,-0.0073261260986328125,-0.07570171356201172,-0.14358901977539062,6.174358367919922,-1.462759017944336,0.11477375030517578,-0.10988998413085938,0.0,-0.3871249603839486,5.652470332966016,-1.409860217739561,0.007234928410139356,-0.00527312890995872
47,2,heldout,3,1,0.3490658503988659,2.195368591994338,3,s,af3726fcacd0ac1320a56ea850b0a2c0f5430cf4eb20a45c078706980f08407e,d24fbe3839599a6a097188bae8cd47ce8083f27deef1341ae3086bf0d5a45bd1,87f63c0590d05baea263cdc42c6e1df2d063fa2def309ecb0283f3036bf33d46,87f63c0590d05baea263cdc42c6e1df2d063fa2def309ecb0283f3036bf33d46,1787977977.055275,36560.924,18280519,0,0.9584569931030273,1.0412378311157227,1.550126075744629,0.00057220458984375,-0.00324249267578125,0.00476837158203125,-0.0073261260986328125,-0.0024423599243164062,0.16849803924560547,-0.021978378295898438,-0.021978378295898438,-0.0073261260986328125,-0.07570171356201172,-0.14358901977539062,6.119659423828125,-1.462759017944336,0.10988998413085938,-0.10988998413085938,0.0,-0.3825992429000016,5.647944615482069,-1.4089568690394376,0.0072448513350464525,-0.005271002231333948
47,2,heldout,3,1,0.3490658503988659,2.1972541819995968,3,s,af3726fcacd0ac1320a56ea850b0a2c0f5430cf4eb20a45c078706980f08407e,d24fbe3839599a6a097188bae8cd47ce8083f27deef1341ae3086bf0d5a45bd1,87f63c0590d05baea263cdc42c6e1df2d063fa2def309ecb0283f3036bf33d46,87f63c0590d05baea263cdc42c6e1df2d063fa2def309ecb0283f3036bf33d46,1787977977.0577812,36560.926,18280520,0,0.9584569931030273,1.0412378311157227,1.550889015197754,0.00057220458984375,-0.00324249267578125,0.00476837158203125,-0.0073261260986328125,0.0024423599243164062,0.17338180541992188,-0.021978378295898438,-0.0073261260986328125,-0.0073261260986328125,-0.07570171356201172,-0.1299152374267578,6.078632354736328,-1.462759017944336,0.10988998413085938,-0.11477375030517578,0.0,-0.3780702378797651,5.643415610461832,-1.4080527002185186,0.007254770042895254,-0.005268872484582223
47,2,heldout,3,1,0.3490658503988659,2.19976273499924,3,s,af3726fcacd0ac1320a56ea850b0a2c0f5430cf4eb20a45c078706980f08407e,d24fbe3839599a6a097188bae8cd47ce8083f27deef1341ae3086bf0d5a45bd1,87f63c0590d05baea263cdc42c6e1df2d063fa2def309ecb0283f3036bf33d46,87f63c0590d05baea263cdc42c6e1df2d063fa2def309ecb0283f3036bf33d46,1787977977.0596921,36560.928,18280521,0,0.9584569931030273,1.0412378311157227,1.551651954650879,0.00057220458984375,-0.00324249267578125,0.00476837158203125,-0.021978378295898438,0.0024423599243164062,0.1782665252685547,-0.0073261260986328125,-0.021978378295898438,-0.0073261260986328125,-0.07570171356201172,-0.1299152374267578,6.119659423828125,-1.462759017944336,0.10988998413085938,-0.11477375030517578,0.0,-0.3735379479594647,5.638883320541533,-1.4071477118030973,0.007264684527912315,-0.005266739670943214
47,2,heldout,3,1,0.3490658503988659,2.2016682809990016,3,s,af3726fcacd0ac1320a56ea850b0a2c0f5430cf4eb20a45c078706980f08407e,d24fbe3839599a6a097188bae8cd47ce8083f27deef1341ae3086bf0d5a45bd1,87f63c0590d05baea263cdc42c6e1df2d063fa2def309ecb0283f3036bf33d46,87f63c0590d05baea263cdc42c6e1df2d063fa2def309ecb0283f3036bf33d46,1787977977.061578,36560.93,18280522,0,0.9584569931030273,1.0412378311157227,1.552414894104004,0.00057220458984375,-0.00324249267578125,0.00476837158203125,-0.0073261260986328125,-0.0024423599243164062,0.1880340576171875,-0.0073261260986328125,-0.0073261260986328125,-0.0073261260986328125,-0.07570171356201172,-0.11623954772949219,6.133335113525391,-1.462759017944336,0.10988998413085938,-0.11477375030517578,0.0,-0.3690023757772416,5.634347748359308,-1.4062419043199466,0.007274594784326641,-0.0052646037916583835
47,2,heldout,3,1,0.3490658503988659,2.2035527209955035,3,s,af3726fcacd0ac1320a56ea850b0a2c0f5430cf4eb20a45c078706980f08407e,d24fbe3839599a6a097188bae8cd47ce8083f27deef1341ae3086bf0d5a45bd1,87f63c0590d05baea263cdc42c6e1df2d063fa2def309ecb0283f3036bf33d46,87f63c0590d05baea263cdc42c6e1df2d063fa2def309ecb0283f3036bf33d46,1787977977.063524,36560.932,18280523,0,0.9584569931030273,1.0412378311157227,1.5527963638305664,0.00057220458984375,-0.00324249267578125,0.00476837158203125,0.0073261260986328125,-0.0024423599243164062,0.1831502914428711,0.0073261260986328125,-0.0073261260986328125,-0.0073261260986328125,-0.07570171356201172,-0.11623954772949219,6.174358367919922,-1.4676437377929688,0.10988998413085938,-0.11477375030517578,0.0,-0.36673335966284815,5.632078732244915,-1.4057886935927197,0.007279548325005021,-0.005263534702787231
47,2,heldout,3,1,0.3490658503988659,2.205513285000052,3,s,af3726fcacd0ac1320a56ea850b0a2c0f5430cf4eb20a45c078706980f08407e,d24fbe3839599a6a097188bae8cd47ce8083f27deef1341ae3086bf0d5a45bd1,87f63c0590d05baea263cdc42c6e1df2d063fa2def309ecb0283f3036bf33d46,87f63c0590d05baea263cdc42c6e1df2d063fa2def309ecb0283f3036bf33d46,1787977977.0654626,36560.934,18280524,0,0.9584569931030273,1.0412378311157227,1.5535593032836914,0.00057220458984375,-0.00324249267578125,0.00476837158203125,-0.0073261260986328125,-0.0024423599243164062,0.1831502914428711,-0.0073261260986328125,-0.0073261260986328125,-0.0073261260986328125,-0.07570171356201172,-0.11623954772949219,6.1880340576171875,-1.4676437377929688,0.10988998413085938,-0.10988998413085938,0.0,-0.3621928690384302,5.627538241620497,-1.404881658496718,0.007289452227700031,-0.005261394227365315
47,2,heldout,3,1,0.3490658503988659,2.207444528998167,3,s,af3726fcacd0ac1320a56ea850b0a2c0f5430cf4eb20a45c078706980f08407e,d24fbe3839599a6a097188bae8cd47ce8083f27deef1341ae3086bf0d5a45bd1,87f63c0590d05baea263cdc42c6e1df2d063fa2def309ecb0283f3036bf33d46,87f63c0590d05baea263cdc42c6e1df2d063fa2def309ecb0283f3036bf33d46,1787977977.0673761,36560.936,18280525,0,0.9584569931030273,1.0412378311157227,1.5543222427368164,0.00057220458984375,-0.00324249267578125,0.00476837158203125,-0.0073261260986328125,0.0024423599243164062,0.1782665252685547,0.0073261260986328125,-0.0073261260986328125,-0.0073261260986328125,-0.07570171356201172,-0.11623954772949219,6.24273681640625,-1.4725275039672852,0.11477375030517578,-0.10988998413085938,0.0,-0.35764910275579287,5.622994475337861,-1.4039738056520035,0.007299351887375615,-0.005259250689409036
47,2,heldout,3,1,0.3490658503988659,2.2093535979947774,3,s,af3726fcacd0ac1320a56ea850b0a2c0f5430cf4eb20a45c078706980f08407e,d24fbe3839599a6a097188bae8cd47ce8083f27deef1341ae3086bf0d5a45bd1,87f63c0590d05baea263cdc42c6e1df2d063fa2def309ecb0283f3036bf33d46,87f63c0590d05baea263cdc42c6e1df2d063fa2def309ecb0283f3036bf33d46,1787977977.0692558,36560.938,18280526,0,0.9584569931030273,1.0412378311157227,1.5550851821899414,0.00057220458984375,-0.00324249267578125,0.00476837158203125,-0.0073261260986328125,0.0024423599243164062,0.16849803924560547,0.0073261260986328125,-0.0073261260986328125,-0.0073261260986328125,-0.07570171356201172,-0.10256385803222656,6.229061126708984,-1.4774112701416016,0.11477375030517578,-0.10988998413085938,0.0,-0.35310206345975836,5.6184474360418255,-1.403065135587016,0.007309247298269407,-0.005257104090166096
47,2,heldout,3,1,0.3490658503988659,2.211236923998513,3,s,af3726fcacd0ac1320a56ea850b0a2c0f5430cf4eb20a45c078706980f08407e,d24fbe3839599a6a097188bae8cd47ce8083f27deef1341ae3086bf0d5a45bd1,87f63c0590d05baea263cdc42c6e1df2d063fa2def309ecb0283f3036bf33d46,87f63c0590d05baea263cdc42c6e1df2d063fa2def309ecb0283f3036bf33d46,1787977977.072167,36560.939999999995,18280527,0,0.9584569931030273,1.0412378311157227,1.5558481216430664,0.00057220458984375,-0.00324249267578125,0.00476837158203125,-0.0073261260986328125,0.0024423599243164062,0.16361427307128906,0.0073261260986328125,-0.0073261260986328125,-0.0073261260986328125,-0.08058643341064453,-0.10256385803222656,6.174358367919922,-1.4774112701416016,0.10988998413085938,-0.11477375030517578,0.0,-0.34855175379705394,5.61389712637912,-1.402155648830673,0.007319138454621521,-0.005254954430885986
47,2,heldout,3,1,0.3490658503988659,2.2141792949987575,3,s,af3726fcacd0ac1320a56ea850b0a2c0f5430cf4eb20a45c078706980f08407e,d24fbe3839599a6a097188bae8cd47ce8083f27deef1341ae3086bf0d5a45bd1,87f63c0590d05baea263cdc42c6e1df2d063fa2def309ecb0283f3036bf33d46,87f63c0590d05baea263cdc42c6e1df2d063fa2def309ecb0283f3036bf33d46,1787977977.0735948,36560.941999999995,18280528,0,0.9584569931030273,1.0412378311157227,1.5566110610961914,0.00057220458984375,-0.00324249267578125,0.00476837158203125,-0.0073261260986328125,-0.0024423599243164062,0.16361427307128906,-0.0073261260986328125,-0.0073261260986328125,-0.0073261260986328125,-0.08058643341064453,-0.10256385803222656,6.174358367919922,-1.482295036315918,0.10988998413085938,-0.11477375030517578,0.0,-0.3439981764162987,5.609343548998366,-1.401245345912363,0.007329025350674551,-0.005252801712819964
47,2,heldout,3,1,0.3490658503988659,2.215584827994462,3,s,af3726fcacd0ac1320a56ea850b0a2c0f5430cf4eb20a45c078706980f08407e,d24fbe3839599a6a097188bae8cd47ce8083f27deef1341ae3086bf0d5a45bd1,87f63c0590d05baea263cdc42c6e1df2d063fa2def309ecb0283f3036bf33d46,87f63c0590d05baea263cdc42c6e1df2d063fa2def309ecb0283f3036bf33d46,1787977977.0755308,36560.943999999996,18280529,0,0.9584569931030273,1.0412378311157227,1.556992530822754,0.00057220458984375,-0.00324249267578125,0.00476837158203125,-0.0073261260986328125,-0.0024423599243164062,0.16849803924560547,0.0073261260986328125,-0.021978378295898438,-0.0073261260986328125,-0.08058643341064453,-0.10256385803222656,6.078632354736328,-1.482295036315918,0.10988998413085938,-0.11477375030517578,0.0,-0.3417201631598694,5.6070655357419374,-1.4007898885580352,0.007333967199290397,-0.005251724207133747
47,2,heldout,3,1,0.3490658503988659,2.2175138399979915,3,s,af3726fcacd0ac1320a56ea850b0a2c0f5430cf4eb20a45c078706980f08407e,d24fbe3839599a6a097188bae8cd47ce8083f27deef1341ae3086bf0d5a45bd1,87f63c0590d05baea263cdc42c6e1df2d063fa2def309ecb0283f3036bf33d46,87f63c0590d05baea263cdc42c6e1df2d063fa2def309ecb0283f3036bf33d46,1787977977.0774913,36560.945999999996,18280530,0,0.9584569931030273,1.0412378311157227,1.557755470275879,0.00057220458984375,-0.00324249267578125,0.00476837158203125,0.0073261260986328125,-0.0024423599243164062,0.17338180541992188,-0.021978378295898438,-0.0073261260986328125,-0.0073261260986328125,-0.07570171356201172,-0.10256385803222656,6.037605285644531,-1.4774112701416016,0.10988998413085938,-0.11477375030517578,0.0,-0.33716168917238964,5.602507061754456,-1.3998783623904232,0.007343847694105077,-0.005249566903238881
47,2,heldout,3,1,0.3490658503988659,2.2194809229986276,3,s,af3726fcacd0ac1320a56ea850b0a2c0f5430cf4eb20a45c078706980f08407e,d24fbe3839599a6a097188bae8cd47ce8083f27deef1341ae3086bf0d5a45bd1,87f63c0590d05baea263cdc42c6e1df2d063fa2def309ecb0283f3036bf33d46,87f63c0590d05baea263cdc42c6e1df2d063fa2def309ecb0283f3036bf33d46,1787977977.0794287,36560.948,18280531,0,0.9584569931030273,1.0412378311157227,1.558518409729004,0.00057220458984375,-0.00324249267578125,0.00476837158203125,-0.021978378295898438,-0.0024423599243164062,0.1782665252685547,-0.0073261260986328125,0.0073261260986328125,-0.0073261260986328125,-0.08058643341064453,-0.08888816833496094,6.078632354736328,-1.4725275039672852,0.10988998413085938,-0.10988998413085938,0.0,-0.33259995409675125,5.597945326678818,-1.3989660213864008,0.007353723914237999,-0.0052474065436940625
47,2,heldout,3,1,0.3490658503988659,2.2214132559965947,3,s,af3726fcacd0ac1320a56ea850b0a2c0f5430cf4eb20a45c078706980f08407e,d24fbe3839599a6a097188bae8cd47ce8083f27deef1341ae3086bf0d5a45bd1,87f63c0590d05baea263cdc42c6e1df2d063fa2def309ecb0283f3036bf33d46,87f63c0590d05baea263cdc42c6e1df2d063fa2def309ecb0283f3036bf33d46,1787977977.0813723,36560.95,18280532,0,0.9584569931030273,1.0412378311157227,1.559281349182129,0.00057220458984375,-0.00324249267578125,0.00476837158203125,0.0073261260986328125,-0.0024423599243164062,0.1782665252685547,-0.03663063049316406,0.0073261260986328125,-0.0073261260986328125,-0.07570171356201172,-0.08888816833496094,6.078632354736328,-1.4676437377929688,0.10988998413085938,-0.10988998413085938,0.0,-0.32803496058824,5.593380333170307,-1.39805286607702,0.007363595853940454,-0.005245243129756787
47,2,heldout,3,1,0.3490658503988659,2.2233574939964456,3,s,af3726fcacd0ac1320a56ea850b0a2c0f5430cf4eb20a45c078706980f08407e,d24fbe3839599a6a097188bae8cd47ce8083f27deef1341ae3086bf0d5a45bd1,87f63c0590d05baea263cdc42c6e1df2d063fa2def309ecb0283f3036bf33d46,87f63c0590d05baea263cdc42c6e1df2d063fa2def309ecb0283f3036bf33d46,1787977977.0833216,36560.952,18280533,0,0.9584569931030273,1.0412378311157227,1.560044288635254,0.00057220458984375,-0.00324249267578125,0.00476837158203125,-0.0073261260986328125,-0.0024423599243164062,0.17338180541992188,-0.0073261260986328125,-0.0073261260986328125,-0.0073261260986328125,-0.08058643341064453,-0.08888816833496094,6.0649566650390625,-1.462759017944336,0.10988998413085938,-0.10988998413085938,0.0,-0.32346671130402727,5.588812083886095,-1.3971388969938066,0.0073734635074662064,-0.005243076662686322
47,2,heldout,3,1,0.3490658503988659,2.2253104859992163,3,s,af3726fcacd0ac1320a56ea850b0a2c0f5430cf4eb20a45c078706980f08407e,d24fbe3839599a6a097188bae8cd47ce8083f27deef1341ae3086bf0d5a45bd1,87f63c0590d05baea263cdc42c6e1df2d063fa2def309ecb0283f3036bf33d46,87f63c0590d05baea263cdc42c6e1df2d063fa2def309ecb0283f3036bf33d46,1787977977.085291,36560.954,18280534,0,0.9584569931030273,1.0412378311157227,1.560807228088379,0.00057220458984375,-0.00324249267578125,0.00476837158203125,-0.0073261260986328125,-0.0024423599243164062,0.16849803924560547,0.0073261260986328125,-0.0073261260986328125,-0.0073261260986328125,-0.08058643341064453,-0.07521438598632812,6.1880340576171875,-1.462759017944336,0.11477375030517578,-0.10988998413085938,0.0,-0.3188952089031878,5.584240581485255,-1.3962241146687615,0.007383326869071529,-0.00524090714374372
47,2,heldout,3,1,0.3490658503988659,2.2272768809998524,3,s,af3726fcacd0ac1320a56ea850b0a2c0f5430cf4eb20a45c078706980f08407e,d24fbe3839599a6a097188bae8cd47ce8083f27deef1341ae3086bf0d5a45bd1,87f63c0590d05baea263cdc42c6e1df2d063fa2def309ecb0283f3036bf33d46,87f63c0590d05baea263cdc42c6e1df2d063fa2def309ecb0283f3036bf33d46,1787977977.0879474,36560.956,18280535,0,0.9584569931030273,1.0412378311157227,1.5611886978149414,0.00057220458984375,-0.00324249267578125,0.00476837158203125,-0.0073261260986328125,-0.0024423599243164062,0.16361427307128906,-0.0073261260986328125,0.0073261260986328125,-0.0073261260986328125,-0.07570171356201172,-0.07521438598632812,6.174358367919922,-1.4578752517700195,0.11477375030517578,-0.10988998413085938,0.0,-0.3166082386155067,5.581953611197574,-1.3957664187069307,0.007388256938609801,-0.005239821240214931
47,2,heldout,3,1,0.3490658503988659,2.229942710000614,3,s,af3726fcacd0ac1320a56ea850b0a2c0f5430cf4eb20a45c078706980f08407e,d24fbe3839599a6a097188bae8cd47ce8083f27deef1341ae3086bf0d5a45bd1,87f63c0590d05baea263cdc42c6e1df2d063fa2def309ecb0283f3036bf33d46,87f63c0590d05baea263cdc42c6e1df2d063fa2def309ecb0283f3036bf33d46,1787977977.0893872,36560.958,18280536,0,0.9584569931030273,1.0412378311157227,1.5619516372680664,0.00057220458984375,-0.00324249267578125,0.00476837158203125,-0.0073261260986328125,-0.0024423599243164062,0.16849803924560547,0.0073261260986328125,0.0073261260986328125,-0.0073261260986328125,-0.07570171356201172,-0.07521438598632812,6.119659423828125,-1.4578752517700195,0.11477375030517578,-0.10988998413085938,0.0,-0.31203186152962226,5.5773772341116885,-1.3948504175176721,0.007398113851570454,-0.005237647145832478
47,2,heldout,3,1,0.3490658503988659,2.231384580998565,3,s,af3726fcacd0ac1320a56ea850b0a2c0f5430cf4eb20a45c078706980f08407e,d24fbe3839599a6a097188bae8cd47ce8083f27deef1341ae3086bf0d5a45bd1,87f63c0590d05baea263cdc42c6e1df2d063fa2def309ecb0283f3036bf33d46,87f63c0590d05baea263cdc42c6e1df2d063fa2def309ecb0283f3036bf33d46,1787977977.0913486,36560.96,18280537,0,0.9584569931030273,1.0412378311157227,1.5627145767211914,0.00057220458984375,-0.00324249267578125,0.00476837158203125,-0.0073261260986328125,-0.0024423599243164062,0.16849803924560547,-0.0073261260986328125,-0.021978378295898438,-0.0073261260986328125,-0.07570171356201172,-0.0615386962890625,6.105983734130859,-1.4578752517700195,0.10988998413085938,-0.10988998413085938,0.0,-0.3074522379830633,5.572797610565132,-1.3939336044186519,0.0074079664582622955,-0.005235470002738282
47,2,heldout,3,1,0.3490658503988659,2.233352806993935,3,s,af3726fcacd0ac1320a56ea850b0a2c0f5430cf4eb20a45c078706980f08407e,d24fbe3839599a6a097188bae8cd47ce8083f27deef1341ae3086bf0d5a45bd1,87f63c0590d05baea263cdc42c6e1df2d063fa2def309ecb0283f3036bf33d46,87f63c0590d05baea263cdc42c6e1df2d063fa2def309ecb0283f3036bf33d46,1787977977.0933173,36560.962,18280538,0,0.9584569931030273,1.0412378311157227,1.5634775161743164,0.00057220458984375,-0.00324249267578125,0.00476837158203125,-0.0073261260986328125,-0.0024423599243164062,0.1782665252685547,-0.021978378295898438,-0.021978378295898438,-0.0073261260986328125,-0.07570171356201172,-0.047863006591796875,6.092308044433594,-1.4578752517700195,0.10988998413085938,-0.10988998413085938,0.0,-0.3028693706415304,5.568214743223598,-1.393015979943525,0.007417814752950348,-0.005233289812199607
47,2,heldout,3,1,0.3490658503988659,2.2353028590005124,3,s,af3726fcacd0ac1320a56ea850b0a2c0f5430cf4eb20a45c078706980f08407e,d24fbe3839599a6a097188bae8cd47ce8083f27deef1341ae3086bf0d5a45bd1,87f63c0590d05baea263cdc42c6e1df2d063fa2def309ecb0283f3036bf33d46,87f63c0590d05baea263cdc42c6e1df2d063fa2def309ecb0283f3036bf33d46,1787977977.0952566,36560.964,18280539,0,0.9584569931030273,1.0412378311157227,1.5642404556274414,0.00057220458984375,-0.00324249267578125,0.00476837158203125,-0.0073261260986328125,-0.0024423599243164062,0.1782665252685547,-0.03663063049316406,-0.0073261260986328125,-0.0073261260986328125,-0.07570171356201172,-0.047863006591796875,6.092308044433594,-1.4578752517700195,0.11477375030517578,-0.10988998413085938,0.0,-0.2982832621725955,5.563628634754663,-1.3920975446264197,0.007427658729902148,-0.005231106575485491
47,2,heldout,3,1,0.3490658503988659,2.2372407319999184,3,s,af3726fcacd0ac1320a56ea850b0a2c0f5430cf4eb20a45c078706980f08407e,d24fbe3839599a6a097188bae8cd47ce8083f27deef1341ae3086bf0d5a45bd1,87f63c0590d05baea263cdc42c6e1df2d063fa2def309ecb0283f3036bf33d46,87f63c0590d05baea263cdc42c6e1df2d063fa2def309ecb0283f3036bf33d46,1787977977.097802,36560.966,18280540,0,0.9584569931030273,1.0412378311157227,1.5650033950805664,0.00057220458984375,-0.00324249267578125,0.00476837158203125,-0.0073261260986328125,-0.0024423599243164062,0.1782665252685547,-0.0073261260986328125,-0.0073261260986328125,-0.0073261260986328125,-0.07570171356201172,-0.03418731689453125,6.105983734130859,-1.4529914855957031,0.11477375030517578,-0.10988998413085938,0.0,-0.29369391524572763,5.559039287827795,-1.3911782990019352,0.0074374983833877546,-0.005228920293866745
47,2,heldout,3,1,0.3490658503988659,2.2397943069954636,3,s,af3726fcacd0ac1320a56ea850b0a2c0f5430cf4eb20a45c078706980f08407e,d24fbe3839599a6a097188bae8cd47ce8083f27deef1341ae3086bf0d5a45bd1,87f63c0590d05baea263cdc42c6e1df2d063fa2def309ecb0283f3036bf33d46,87f63c0590d05baea263cdc42c6e1df2d063fa2def309ecb0283f3036bf33d46,1787977977.099789,36560.968,18280541,0,0.9584569931030273,1.0412378311157227,1.565384864807129,0.00057220458984375,-0.00324249267578125,0.00476837158203125,-0.0073261260986328125,-0.0024423599243164062,0.17338180541992188,-0.0073261260986328125,-0.021978378295898438,-0.0073261260986328125,-0.07570171356201172,-0.020513534545898438,6.119659423828125,-1.4481077194213867,0.11477375030517578,-0.11477375030517578,0.0,-0.2913980281952917,5.556743400777359,-1.3907183724916172,0.007442416587040814,-0.005227826011615749
47,2,heldout,3,1,0.3490658503988659,2.2417772349945153,3,s,af3726fcacd0ac1320a56ea850b0a2c0f5430cf4eb20a45c078706980f08407e,d24fbe3839599a6a097188bae8cd47ce8083f27deef1341ae3086bf0d5a45bd1,87f63c0590d05baea263cdc42c6e1df2d063fa2def309ecb0283f3036bf33d46,87f63c0590d05baea263cdc42c6e1df2d063fa2def309ecb0283f3036bf33d46,1787977977.10179,36560.97,18280542,0,0.9584569931030273,1.0412378311157227,1.566147804260254,0.00057220458984375,-0.00324249267578125,0.00476837158203125,-0.0073261260986328125,-0.0024423599243164062,0.16361427307128906,-0.0073261260986328125,-0.0073261260986328125,-0.0073261260986328125,-0.08058643341064453,-0.0068378448486328125,6.1880340576171875,-1.4481077194213867,0.11477375030517578,-0.11477375030517578,0.0,-0.2868038285908965,5.5521492011729645,-1.3897979124094704,0.007452249744588976,-0.005225635165026708
47,2,heldout,3,1,0.3490658503988659,2.243775103997905,3,s,af3726fcacd0ac1320a56ea850b0a2c0f5430cf4eb20a45c078706980f08407e,d24fbe3839599a6a097188bae8cd47ce8083f27deef1341ae3086bf0d5a45bd1,87f63c0590d05baea263cdc42c6e1df2d063fa2def309ecb0283f3036bf33d46,87f63c0590d05baea263cdc42c6e1df2d063fa2def309ecb0283f3036bf33d46,1787977977.103546,36560.972,18280543,0,0.9584569931030273,1.0412378311157227,1.566910743713379,0.00057220458984375,-0.00324249267578125,0.00476837158203125,-0.0073261260986328125,-0.0024423599243164062,0.16361427307128906,-0.021978378295898438,-0.021978378295898438,-0.0073261260986328125,-0.08058643341064453,-0.020513534545898438,6.174358367919922,-1.4481077194213867,0.11477375030517578,-0.10988998413085938,0.0,-0.28220639721048024,5.547551769792547,-1.3888766433585065,0.007462078564357084,-0.005223441276717815
47,2,heldout,3,1,0.3490658503988659,2.2455335169943282,3,s,af3726fcacd0ac1320a56ea850b0a2c0f5430cf4eb20a45c078706980f08407e,d24fbe3839599a6a097188bae8cd47ce8083f27deef1341ae3086bf0d5a45bd1,87f63c0590d05baea263cdc42c6e1df2d063fa2def309ecb0283f3036bf33d46,87f63c0590d05baea263cdc42c6e1df2d063fa2def309ecb0283f3036bf33d46,1787977977.1054802,36560.974,18280544,0,0.9584569931030273,1.0412378311157227,1.567673683166504,0.00057220458984375,-0.00324249267578125,0.00476837158203125,-0.0073261260986328125,-0.0024423599243164062,0.16361427307128906,0.0073261260986328125,-0.0073261260986328125,-0.0073261260986328125,-0.07570171356201172,-0.0068378448486328125,6.215385437011719,-1.4481077194213867,0.1196584701538086,-0.10988998413085938,0.0,-0.2776057367300935,5.5429511093121615,-1.3879545658749746,0.007471903040624018,-0.0052212443479660855
47,2,heldout,3,1,0.3490658503988659,2.2474601499998244,3,s,af3726fcacd0ac1320a56ea850b0a2c0f5430cf4eb20a45c078706980f08407e,d24fbe3839599a6a097188bae8cd47ce8083f27deef1341ae3086bf0d5a45bd1,87f63c0590d05baea263cdc42c6e1df2d063fa2def309ecb0283f3036bf33d46,87f63c0590d05baea263cdc42c6e1df2d063fa2def309ecb0283f3036bf33d46,1787977977.107409,36560.975999999995,18280545,0,0.9584569931030273,1.0412378311157227,1.5680551528930664,0.00057220458984375,-0.00324249267578125,0.00476837158203125,-0.0073261260986328125,-0.0024423599243164062,0.16361427307128906,-0.0073261260986328125,-0.0073261260986328125,-0.0073261260986328125,-0.07570171356201172,-0.0068378448486328125,6.201709747314453,-1.4529914855957031,0.11477375030517578,-0.10988998413085938,0.0,-0.27530419641419646,5.5406495689962645,-1.3874932241387026,0.007476813648157381,-0.005220144743823705
47,2,heldout,3,1,0.3490658503988659,2.249391145996924,3,s,af3726fcacd0ac1320a56ea850b0a2c0f5430cf4eb20a45c078706980f08407e,d24fbe3839599a6a097188bae8cd47ce8083f27deef1341ae3086bf0d5a45bd1,87f63c0590d05baea263cdc42c6e1df2d063fa2def309ecb0283f3036bf33d46,87f63c0590d05baea263cdc42c6e1df2d063fa2def309ecb0283f3036bf33d46,1787977977.1093192,36560.977999999996,18280546,0,0.9584569931030273,1.0412378311157227,1.5688180923461914,0.00057220458984375,-0.00324249267578125,0.00476837158203125,-0.0073261260986328125,-0.0024423599243164062,0.16849803924560547,-0.021978378295898438,0.0073261260986328125,-0.0073261260986328125,-0.07570171356201172,-0.0068378448486328125,6.133335113525391,-1.4529914855957031,0.11477375030517578,-0.10988998413085938,0.0,-0.2706986973055783,5.536044069887646,-1.3865699350128151,0.00748663159845097,-0.005217943256805981
47,2,heldout,3,1,0.3490658503988659,2.2512985939974897,3,s,af3726fcacd0ac1320a56ea850b0a2c0f5430cf4eb20a45c078706980f08407e,d24fbe3839599a6a097188bae8cd47ce8083f27deef1341ae3086bf0d5a45bd1,87f63c0590d05baea263cdc42c6e1df2d063fa2def309ecb0283f3036bf33d46,87f63c0590d05baea263cdc42c6e1df2d063fa2def309ecb0283f3036bf33d46,1787977977.1112328,36560.979999999996,18280547,0,0.9584569931030273,1.0412378311157227,1.5695810317993164,0.00057220458984375,-0.00324249267578125,0.00476837158203125,-0.0073261260986328125,-0.0024423599243164062,0.17338180541992188,-0.0073261260986328125,-0.021978378295898438,-0.0073261260986328125,-0.07570171356201172,0.0068378448486328125,6.078632354736328,-1.4481077194213867,0.11477375030517578,-0.10988998413085938,0.0,-0.26608997579535854,5.531435348377426,-1.3856458387970412,0.007496445190951636,-0.005215738732545688
47,2,heldout,3,1,0.3490658503988659,2.2532336519943783,3,s,af3726fcacd0ac1320a56ea850b0a2c0f5430cf4eb20a45c078706980f08407e,d24fbe3839599a6a097188bae8cd47ce8083f27deef1341ae3086bf0d5a45bd1,87f63c0590d05baea263cdc42c6e1df2d063fa2def309ecb0283f3036bf33d46,87f63c0590d05baea263cdc42c6e1df2d063fa2def309ecb0283f3036bf33d46,1787977977.1137345,36560.981999999996,18280548,0,0.9584569931030273,1.0412378311157227,1.5703439712524414,0.00057220458984375,-0.00324249267578125,0.00476837158203125,-0.0073261260986328125,-0.0024423599243164062,0.17338180541992188,-0.021978378295898438,-0.0073261260986328125,-0.0073261260986328125,-0.07570171356201172,0.0068378448486328125,6.051280975341797,-1.4481077194213867,0.11477375030517578,-0.11477375030517578,0.0,-0.2614780345661647,5.526823407148231,-1.3847209360292745,0.007506254419947112,-0.005213531172326027
47,2,heldout,3,1,0.3490658503988659,2.255718713000533,3,s,af3726fcacd0ac1320a56ea850b0a2c0f5430cf4eb20a45c078706980f08407e,d24fbe3839599a6a097188bae8cd47ce8083f27deef1341ae3086bf0d5a45bd1,87f63c0590d05baea263cdc42c6e1df2d063fa2def309ecb0283f3036bf33d46,87f63c0590d05baea263cdc42c6e1df2d063fa2def309ecb0283f3036bf33d46,1787977977.1156657,36560.984,18280549,0,0.9584569931030273,1.0412378311157227,1.5711069107055664,0.00057220458984375,-0.00324249267578125,0.00476837158203125,-0.0073261260986328125,-0.0024423599243164062,0.17338180541992188,0.0073261260986328125,-0.0073261260986328125,-0.0073261260986328125,-0.07570171356201172,0.0068378448486328125,6.010257720947266,-1.4481077194213867,0.11477375030517578,-0.11477375030517578,0.0,-0.2568628763024956,5.522208248884564,-1.3837952272478806,0.007516059279727684,-0.005211320577431966
47,2,heldout,3,1,0.3490658503988659,2.2576515580003615,3,s,af3726fcacd0ac1320a56ea850b0a2c0f5430cf4eb20a45c078706980f08407e,d24fbe3839599a6a097188bae8cd47ce8083f27deef1341ae3086bf0d5a45bd1,87f63c0590d05baea263cdc42c6e1df2d063fa2def309ecb0283f3036bf33d46,87f63c0590d05baea263cdc42c6e1df2d063fa2def309ecb0283f3036bf33d46,1787977977.1181831,36560.986,18280550,0,0.9584569931030273,1.0412378311157227,1.5718698501586914,0.00057220458984375,-0.00324249267578125,0.00476837158203125,-0.0073261260986328125,-0.0024423599243164062,0.16849803924560547,-0.0073261260986328125,-0.021978378295898438,-0.0073261260986328125,-0.07570171356201172,0.020513534545898438,6.0649566650390625,-1.4481077194213867,0.11477375030517578,-0.11477375030517578,0.0,-0.25224450369073037,5.5175898762727975,-1.3828687129916912,0.007525859764586168,-0.005209106949150242
47,2,heldout,3,1,0.3490658503988659,2.260172356996918,3,s,af3726fcacd0ac1320a56ea850b0a2c0f5430cf4eb20a45c078706980f08407e,d24fbe3839599a6a097188bae8cd47ce8083f27deef1341ae3086bf0d5a45bd1,87f63c0590d05baea263cdc42c6e1df2d063fa2def309ecb0283f3036bf33d46,87f63c0590d05baea263cdc42c6e1df2d063fa2def309ecb0283f3036bf33d46,1787977977.1195064,36560.988,18280551,0,0.9584569931030273,1.0412378311157227,1.572251319885254,0.00057220458984375,-0.00324249267578125,0.00476837158203125,-0.0073261260986328125,-0.0024423599243164062,0.16849803924560547,-0.0073261260986328125,-0.0073261260986328125,-0.0073261260986328125,-0.07570171356201172,0.0068378448486328125,6.078632354736328,-1.4481077194213867,0.11477375030517578,-0.11477375030517578,0.0,-0.2499341128443151,5.515279485426383,-1.3824051539790627,0.00753075836463683,-0.005207998997891593
47,2,heldout,3,1,0.3490658503988659,2.2614886949959327,3,s,af3726fcacd0ac1320a56ea850b0a2c0f5430cf4eb20a45c078706980f08407e,d24fbe3839599a6a097188bae8cd47ce8083f27deef1341ae3086bf0d5a45bd1,87f63c0590d05baea263cdc42c6e1df2d063fa2def309ecb0283f3036bf33d46,87f63c0590d05baea263cdc42c6e1df2d063fa2def309ecb0283f3036bf33d46,1787977977.1214087,36560.99,18280552,0,0.9584569931030273,1.0412378311157227,1.573014259338379,0.00057220458984375,-0.00324249267578125,0.00476837158203125,-0.0073261260986328125,-0.0024423599243164062,0.16849803924560547,-0.0073261260986328125,-0.0073261260986328125,-0.0073261260986328125,-0.07570171356201172,0.0068378448486328125,6.078632354736328,-1.4481077194213867,0.11477375030517578,-0.10988998413085938,0.0,-0.24531092375145147,5.5106562963335195,-1.38147743252202,0.007540552276416793,-0.005205780821944866
47,2,heldout,3,1,0.3490658503988659,2.2633923619941925,3,s,af3726fcacd0ac1320a56ea850b0a2c0f5430cf4eb20a45c078706980f08407e,d24fbe3839599a6a097188bae8cd47ce8083f27deef1341ae3086bf0d5a45bd1,87f63c0590d05baea263cdc42c6e1df2d063fa2def309ecb0283f3036bf33d46,87f63c0590d05baea263cdc42c6e1df2d063fa2def309ecb0283f3036bf33d46,1787977977.123329,36560.992,18280553,0,0.9584569931030273,1.0412378311157227,1.573777198791504,0.00057220458984375,-0.00324249267578125,0.00476837158203125,-0.021978378295898438,-0.0024423599243164062,0.16849803924560547,0.0073261260986328125,-0.021978378295898438,-0.0073261260986328125,-0.08058643341064453,0.0068378448486328125,6.051280975341797,-1.4481077194213867,0.11477375030517578,-0.10988998413085938,0.0,-0.2406845270346143,5.506029899616681,-1.380548906939317,0.007550341799017868,-0.005203559615835035
47,2,heldout,3,1,0.3490658503988659,2.2653112039988628,3,s,af3726fcacd0ac1320a56ea850b0a2c0f5430cf4eb20a45c078706980f08407e,d24fbe3839599a6a097188bae8cd47ce8083f27deef1341ae3086bf0d5a45bd1,87f63c0590d05baea263cdc42c6e1df2d063fa2def309ecb0283f3036bf33d46,87f63c0590d05baea263cdc42c6e1df2d063fa2def309ecb0283f3036bf33d46,1787977977.1252432,36560.994,18280554,0,0.9584569931030273,1.0412378311157227,1.574540138244629,0.00057220458984375,-0.00324249267578125,0.00476837158203125,-0.021978378295898438,-0.0024423599243164062,0.17338180541992188,0.0073261260986328125,-0.0073261260986328125,-0.0073261260986328125,-0.07570171356201172,0.0068378448486328125,6.078632354736328,-1.4481077194213867,0.11477375030517578,-0.10988998413085938,0.0,-0.2360549253867188,5.501400297968786,-1.3796195777714264,0.0075601269267418034,-0.005201335380855014
47,2,heldout,3,1,0.3490658503988659,2.2672259280006983,3,s,af3726fcacd0ac1320a56ea850b0a2c0f5430cf4eb20a45c078706980f08407e,d24fbe3839599a6a097188bae8cd47ce8083f27deef1341ae3086bf0d5a45bd1,87f63c0590d05baea263cdc42c6e1df2d063fa2def309ecb0283f3036bf33d46,87f63c0590d05baea263cdc42c6e1df2d063fa2def309ecb0283f3036bf33d46,1787977977.1277366,36560.996,18280555,0,0.9584569931030273,1.0412378311157227,1.575303077697754,0.00057220458984375,-0.00324249267578125,0.00476837158203125,0.0073261260986328125,-0.0024423599243164062,0.17338180541992188,0.0073261260986328125,-0.0073261260986328125,-0.0073261260986328125,-0.07570171356201172,0.0068378448486328125,6.092308044433594,-1.4529914855957031,0.11477375030517578,-0.11477375030517578,0.0,-0.23142212150254626,5.496767494084614,-1.3786894455592895,0.007569907653892909,-0.0051991081182994805
47,2,heldout,3,1,0.3490658503988659,2.2697217169989017,3,s,af3726fcacd0ac1320a56ea850b0a2c0f5430cf4eb20a45c078706980f08407e,d24fbe3839599a6a097188bae8cd47ce8083f27deef1341ae3086bf0d5a45bd1,87f63c0590d05baea263cdc42c6e1df2d063fa2def309ecb0283f3036bf33d46,87f63c0590d05baea263cdc42c6e1df2d063fa2def309ecb0283f3036bf33d46,1787977977.1296625,36560.998,18280556,0,0.9584569931030273,1.0412378311157227,1.576066017150879,0.00057220458984375,-0.00324249267578125,0.00476837158203125,-0.0073261260986328125,-0.0024423599243164062,0.17338180541992188,-0.0073261260986328125,0.0073261260986328125,-0.0073261260986328125,-0.08058643341064453,0.020513534545898438,6.105983734130859,-1.4529914855957031,0.11477375030517578,-0.11477375030517578,0.0,-0.22678611807874582,5.492131490660813,-1.3777585108443133,0.0075796839747780485,-0.005196877829464868
47,2,heldout,3,1,0.3490658503988659,2.2716446999984328,3,s,af3726fcacd0ac1320a56ea850b0a2c0f5430cf4eb20a45c078706980f08407e,d24fbe3839599a6a097188bae8cd47ce8083f27deef1341ae3086bf0d5a45bd1,87f63c0590d05baea263cdc42c6e1df2d063fa2def309ecb0283f3036bf33d46,87f63c0590d05baea263cdc42c6e1df2d063fa2def309ecb0283f3036bf33d46,1787977977.1315904,36561.0,18280557,0,0.9584569931030273,1.0412378311157227,1.5764474868774414,0.00057220458984375,-0.00324249267578125,0.00476837158203125,-0.021978378295898438,-0.0024423599243164062,0.17338180541992188,-0.0073261260986328125,-0.0073261260986328125,-0.0073261260986328125,-0.08058643341064453,0.020513534545898438,6.147006988525391,-1.4481077194213867,0.11477375030517578,-0.11477375030517578,0.0,-0.22446691738269497,5.489812289964761,-1.3772927427175783,0.007584570481092477,-0.005195761550598525
47,2,heldout,3,1,0.3490658503988659,2.2735875269936514,3,s,af3726fcacd0ac1320a56ea850b0a2c0f5430cf4eb20a45c078706980f08407e,d24fbe3839599a6a097188bae8cd47ce8083f27deef1341ae3086bf0d5a45bd1,87f63c0590d05baea263cdc42c6e1df2d063fa2def309ecb0283f3036bf33d46,87f63c0590d05baea263cdc42c6e1df2d063fa2def309ecb0283f3036bf33d46,1787977977.1335676,36561.002,18280558,0,0.9584569931030273,1.0412378311157227,1.5772104263305664,0.00057220458984375,-0.00324249267578125,0.00476837158203125,-0.0073261260986328125,-0.0024423599243164062,0.16849803924560547,-0.0073261260986328125,-0.021978378295898438,-0.0073261260986328125,-0.07570171356201172,0.03418731689453125,6.147006988525391,-1.443222999572754,0.11477375030517578,-0.11477375030517578,0.0,-0.21982611970973953,5.485171492291808,-1.3763606052645079,0.007594340181909657,-0.005193526724779973
47,2,heldout,3,1,0.3490658503988659,2.2755509819980944,3,s,af3726fcacd0ac1320a56ea850b0a2c0f5430cf4eb20a45c078706980f08407e,d24fbe3839599a6a097188bae8cd47ce8083f27deef1341ae3086bf0d5a45bd1,87f63c0590d05baea263cdc42c6e1df2d063fa2def309ecb0283f3036bf33d46,87f63c0590d05baea263cdc42c6e1df2d063fa2def309ecb0283f3036bf33d46,1787977977.1354952,36561.004,18280559,0,0.9584569931030273,1.0412378311157227,1.5779733657836914,0.00057220458984375,-0.00324249267578125,0.00476837158203125,-0.021978378295898438,-0.0024423599243164062,0.16849803924560547,-0.0073261260986328125,-0.0073261260986328125,-0.0073261260986328125,-0.08058643341064453,0.03418731689453125,6.147006988525391,-1.4383392333984375,0.11477375030517578,-0.11477375030517578,0.0,-0.2151821292469125,5.480527501828979,-1.3754276666641607,0.007604105462239269,-0.00519128887593114
47,2,heldout,3,1,0.3490658503988659,2.277474031994643,3,s,af3726fcacd0ac1320a56ea850b0a2c0f5430cf4eb20a45c078706980f08407e,d24fbe3839599a6a097188bae8cd47ce8083f27deef1341ae3086bf0d5a45bd1,87f63c0590d05baea263cdc42c6e1df2d063fa2def309ecb0283f3036bf33d46,87f63c0590d05baea263cdc42c6e1df2d063fa2def309ecb0283f3036bf33d46,1787977977.1374247,36561.006,18280560,0,0.9584569931030273,1.0412378311157227,1.5787363052368164,0.00057220458984375,-0.00362396240234375,0.00476837158203125,-0.0073261260986328125,-0.0024423599243164062,0.17338180541992188,-0.0073261260986328125,-0.0073261260986328125,-0.0073261260986328125,-0.08058643341064453,0.03418731689453125,6.105983734130859,-1.433455467224121,0.11477375030517578,-0.10988998413085938,0.0,-0.21053001749154032,5.4758753900736075,-1.3744889962537457,0.007775796466911469,-0.005196788445992576
47,2,heldout,3,1,0.3490658503988659,2.2794095079952967,3,s,af3726fcacd0ac1320a56ea850b0a2c0f5430cf4eb20a45c078706980f08407e,d24fbe3839599a6a097188bae8cd47ce8083f27deef1341ae3086bf0d5a45bd1,87f63c0590d05baea263cdc42c6e1df2d063fa2def309ecb0283f3036bf33d46,87f63c0590d05baea263cdc42c6e1df2d063fa2def309ecb0283f3036bf33d46,1787977977.1393464,36561.008,18280561,0,0.9584569931030273,1.0412378311157227,1.5794992446899414,0.00057220458984375,-0.00324249267578125,0.00476837158203125,-0.0073261260986328125,-0.0024423599243164062,0.16849803924560547,-0.021978378295898438,-0.0073261260986328125,-0.0073261260986328125,-0.07570171356201172,0.047863006591796875,6.037605285644531,-1.433455467224121,0.1196584701538086,-0.10988998413085938,0.0,-0.20588458076614313,5.471229953348211,-1.3735593881942734,0.007623622738701806,-0.005186804114354792
47,2,heldout,3,1,0.3490658503988659,2.281332284997916,3,s,af3726fcacd0ac1320a56ea850b0a2c0f5430cf4eb20a45c078706980f08407e,d24fbe3839599a6a097188bae8cd47ce8083f27deef1341ae3086bf0d5a45bd1,87f63c0590d05baea263cdc42c6e1df2d063fa2def309ecb0283f3036bf33d46,87f63c0590d05baea263cdc42c6e1df2d063fa2def309ecb0283f3036bf33d46,1787977977.1412663,36561.009999999995,18280562,0,0.9584569931030273,1.0412378311157227,1.5802621841430664,0.00057220458984375,-0.00324249267578125,0.00476837158203125,-0.0073261260986328125,-0.0024423599243164062,0.17338180541992188,-0.021978378295898438,0.0073261260986328125,-0.0073261260986328125,-0.08058643341064453,0.047863006591796875,6.010257720947266,-1.4285717010498047,0.1196584701538086,-0.10988998413085938,0.0,-0.20123102816008864,5.466576400742155,-1.3726240494122148,0.007633374723474182,-0.005184557204237754
47,2,heldout,3,1,0.3490658503988659,2.283248490995902,3,s,af3726fcacd0ac1320a56ea850b0a2c0f5430cf4eb20a45c078706980f08407e,d24fbe3839599a6a097188bae8cd47ce8083f27deef1341ae3086bf0d5a45bd1,87f63c0590d05baea263cdc42c6e1df2d063fa2def309ecb0283f3036bf33d46,87f63c0590d05baea263cdc42c6e1df2d063fa2def309ecb0283f3036bf33d46,1787977977.143743,36561.011999999995,18280563,0,0.9584569931030273,1.0412378311157227,1.580643653869629,0.00057220458984375,-0.00324249267578125,0.00476837158203125,-0.0073261260986328125,-0.0024423599243164062,0.17338180541992188,-0.021978378295898438,-0.0073261260986328125,-0.0073261260986328125,-0.07570171356201172,0.047863006591796875,6.023933410644531,-1.4285717010498047,0.11477375030517578,-0.11477375030517578,0.0,-0.198903058450407,5.464248431032474,-1.3721560803725232,0.007638249050011793,-0.005183432617418926
47,2,heldout,3,1,0.3490658503988659,2.2857276699942304,3,s,af3726fcacd0ac1320a56ea850b0a2c0f5430cf4eb20a45c078706980f08407e,d24fbe3839599a6a097188bae8cd47ce8083f27deef1341ae3086bf0d5a45bd1,87f63c0590d05baea263cdc42c6e1df2d063fa2def309ecb0283f3036bf33d46,87f63c0590d05baea263cdc42c6e1df2d063fa2def309ecb0283f3036bf33d46,1787977977.1456878,36561.013999999996,18280564,0,0.9584569931030273,1.0412378311157227,1.581406593322754,0.00057220458984375,-0.00324249267578125,0.00476837158203125,-0.0073261260986328125,-0.0024423599243164062,0.16849803924560547,-0.0073261260986328125,-0.0073261260986328125,-0.0073261260986328125,-0.07570171356201172,0.047863006591796875,6.010257720947266,-1.4236869812011719,0.11477375030517578,-0.11477375030517578,0.0,-0.19424473391154984,5.459590106493617,-1.3712195433363037,0.007647994367843336,-0.005181181181078892
47,2,heldout,3,1,0.3490658503988659,2.2876713250007015,3,s,af3726fcacd0ac1320a56ea850b0a2c0f5430cf4eb20a45c078706980f08407e,d24fbe3839599a6a097188bae8cd47ce8083f27deef1341ae3086bf0d5a45bd1,87f63c0590d05baea263cdc42c6e1df2d063fa2def309ecb0283f3036bf33d46,87f63c0590d05baea263cdc42c6e1df2d063fa2def309ecb0283f3036bf33d46,1787977977.1479907,36561.015999999996,18280565,0,0.9584569931030273,1.0412378311157227,1.582169532775879,0.00057220458984375,-0.00324249267578125,0.00476837158203125,-0.0073261260986328125,-0.0024423599243164062,0.17338180541992188,-0.021978378295898438,-0.0073261260986328125,-0.0073261260986328125,-0.07570171356201172,0.047863006591796875,5.955554962158203,-1.4236869812011719,0.11477375030517578,-0.11477375030517578,0.0,-0.18958323147315181,5.454928604055219,-1.3702822081453017,0.007657735233956465,-0.0051789267288946325
47,2,heldout,3,1,0.3490658503988659,2.2899828929948853,3,s,af3726fcacd0ac1320a56ea850b0a2c0f5430cf4eb20a45c078706980f08407e,d24fbe3839599a6a097188bae8cd47ce8083f27deef1341ae3086bf0d5a45bd1,87f63c0590d05baea263cdc42c6e1df2d063fa2def309ecb0283f3036bf33d46,87f63c0590d05baea263cdc42c6e1df2d063fa2def309ecb0283f3036bf33d46,1787977977.1494014,36561.018,18280566,0,0.9584569931030273,1.0412378311157227,1.582932472229004,0.00057220458984375,-0.00324249267578125,0.00476837158203125,-0.0073261260986328125,-0.0024423599243164062,0.17338180541992188,-0.0073261260986328125,-0.0073261260986328125,-0.0073261260986328125,-0.07570171356201172,0.0615386962890625,5.955554962158203,-1.4236869812011719,0.11477375030517578,-0.11477375030517578,0.0,-0.1849185538485616,5.45026392643063,-1.3693440753451167,0.007667471642681252,-0.005176669262178409
47,2,heldout,3,1,0.3490658503988659,2.2913918799968087,3,s,af3726fcacd0ac1320a56ea850b0a2c0f5430cf4eb20a45c078706980f08407e,d24fbe3839599a6a097188bae8cd47ce8083f27deef1341ae3086bf0d5a45bd1,87f63c0590d05baea263cdc42c6e1df2d063fa2def309ecb0283f3036bf33d46,87f63c0590d05baea263cdc42c6e1df2d063fa2def309ecb0283f3036bf33d46,1787977977.1513183,36561.02,18280567,0,0.9584569931030273,1.0412378311157227,1.583695411682129,0.00057220458984375,-0.00324249267578125,0.00476837158203125,-0.0073261260986328125,-0.0024423599243164062,0.17338180541992188,-0.0073261260986328125,0.0073261260986328125,-0.0073261260986328125,-0.07570171356201172,0.0615386962890625,5.887180328369141,-1.4236869812011719,0.11477375030517578,-0.11477375030517578,0.0,-0.18025070375298147,5.4455960763350495,-1.368405145481814,0.007677203588350361,-0.005174408782244243
47,2,heldout,3,1,0.3490658503988659,2.293313810994732,3,s,af3726fcacd0ac1320a56ea850b0a2c0f5430cf4eb20a45c078706980f08407e,d24fbe3839599a6a097188bae8cd47ce8083f27deef1341ae3086bf0d5a45bd1,87f63c0590d05baea263cdc42c6e1df2d063fa2def309ecb0283f3036bf33d46,87f63c0590d05baea263cdc42c6e1df2d063fa2def309ecb0283f3036bf33d46,1787977977.1532493,36561.022,18280568,0,0.9584569931030273,1.0412378311157227,1.584458351135254,0.00057220458984375,-0.00324249267578125,0.00476837158203125,-0.0073261260986328125,-0.0024423599243164062,0.1782665252685547,0.0073261260986328125,-0.0073261260986328125,-0.0073261260986328125,-0.07570171356201172,0.07521438598632812,5.900856018066406,-1.4236869812011719,0.11477375030517578,-0.11477375030517578,0.0,-0.17557968390345757,5.440925056485524,-1.3674654191019233,0.007686931065299053,-0.005172145290407902
47,2,heldout,3,1,0.3490658503988659,2.2952386510005454,3,s,af3726fcacd0ac1320a56ea850b0a2c0f5430cf4eb20a45c078706980f08407e,d24fbe3839599a6a097188bae8cd47ce8083f27deef1341ae3086bf0d5a45bd1,87f63c0590d05baea263cdc42c6e1df2d063fa2def309ecb0283f3036bf33d46,87f63c0590d05baea263cdc42c6e1df2d063fa2def309ecb0283f3036bf33d46,1787977977.155732,36561.024,18280569,0,0.9584569931030273,1.0412378311157227,1.5848398208618164,0.00057220458984375,-0.00324249267578125,0.00476837158203125,-0.0073261260986328125,-0.0024423599243164062,0.1782665252685547,-0.021978378295898438,-0.0073261260986328125,-0.0073261260986328125,-0.07570171356201172,0.07521438598632812,5.900856018066406,-1.4285717010498047,0.11477375030517578,-0.10988998413085938,0.0,-0.173242986170542,5.438588358752612,-1.3669952573891742,0.007691793126233727,-0.0051710124154380754
47,2,heldout,3,1,0.3490658503988659,2.2977121599979,3,s,af3726fcacd0ac1320a56ea850b0a2c0f5430cf4eb20a45c078706980f08407e,d24fbe3839599a6a097188bae8cd47ce8083f27deef1341ae3086bf0d5a45bd1,87f63c0590d05baea263cdc42c6e1df2d063fa2def309ecb0283f3036bf33d46,87f63c0590d05baea263cdc42c6e1df2d063fa2def309ecb0283f3036bf33d46,1787977977.157611,36561.026,18280570,0,0.9584569931030273,1.0412378311157227,1.5856027603149414,0.00057220458984375,-0.00324249267578125,0.00476837158203125,-0.021978378295898438,-0.0024423599243164062,0.1831502914428711,0.0073261260986328125,-0.0073261260986328125,-0.0073261260986328125,-0.07570171356201172,0.08888816833496094,5.9418792724609375,-1.4285717010498047,0.11477375030517578,-0.11477375030517578,0.0,-0.16856721678859832,5.433912589370666,-1.366054337260157,0.007701513889486103,-0.005168744408219386
47,2,heldout,3,1,0.3490658503988659,2.2995894689956913,3,s,af3726fcacd0ac1320a56ea850b0a2c0f5430cf4eb20a45c078706980f08407e,d24fbe3839599a6a097188bae8cd47ce8083f27deef1341ae3086bf0d5a45bd1,87f63c0590d05baea263cdc42c6e1df2d063fa2def309ecb0283f3036bf33d46,87f63c0590d05baea263cdc42c6e1df2d063fa2def309ecb0283f3036bf33d46,1787977977.1595087,36561.028,18280571,0,0.9584569931030273,1.0412378311157227,1.5863656997680664,0.00057220458984375,-0.00324249267578125,0.00476837158203125,-0.0073261260986328125,-0.0024423599243164062,0.1782665252685547,-0.021978378295898438,-0.021978378295898438,-0.0073261260986328125,-0.07570171356201172,0.08888816833496094,5.955554962158203,-1.4285717010498047,0.11477375030517578,-0.10988998413085938,0.0,-0.16388828445339265,5.42923365703546,-1.3651126219829022,0.007711230169867607,-0.005166473392395623
47,2,heldout,3,1,0.3490658503988659,2.30149557099503,3,s,af3726fcacd0ac1320a56ea850b0a2c0f5430cf4eb20a45c078706980f08407e,d24fbe3839599a6a097188bae8cd47ce8083f27deef1341ae3086bf0d5a45bd1,87f63c0590d05baea263cdc42c6e1df2d063fa2def309ecb0283f3036bf33d46,87f63c0590d05baea263cdc42c6e1df2d063fa2def309ecb0283f3036bf33d46,1787977977.1614294,36561.03,18280572,0,0.9584569931030273,1.0412378311157227,1.5871286392211914,0.00057220458984375,-0.00324249267578125,0.00476837158203125,-0.0073261260986328125,-0.0024423599243164062,0.17338180541992188,-0.021978378295898438,-0.0073261260986328125,-0.0073261260986328125,-0.08058643341064453,0.08888816833496094,6.010257720947266,-1.4285717010498047,0.11477375030517578,-0.10988998413085938,0.0,-0.1592061918884211,5.424551564470488,-1.3641701121055592,0.007720941961722621,-0.005164199369288692
47,2,heldout,3,1,0.3490658503988659,2.3034136399946874,3,s,af3726fcacd0ac1320a56ea850b0a2c0f5430cf4eb20a45c078706980f08407e,d24fbe3839599a6a097188bae8cd47ce8083f27deef1341ae3086bf0d5a45bd1,87f63c0590d05baea263cdc42c6e1df2d063fa2def309ecb0283f3036bf33d46,87f63c0590d05baea263cdc42c6e1df2d063fa2def309ecb0283f3036bf33d46,1787977977.1633918,36561.032,18280573,0,0.9584569931030273,1.0412378311157227,1.5878915786743164,0.00057220458984375,-0.00324249267578125,0.00476837158203125,0.0073261260986328125,-0.0024423599243164062,0.16849803924560547,0.0073261260986328125,-0.021978378295898438,-0.0073261260986328125,-0.07570171356201172,0.07521438598632812,6.078632354736328,-1.4285717010498047,0.11477375030517578,-0.10988998413085938,0.0,-0.15452094181902365,5.419866314401092,-1.3632268081767425,0.0077306492593981375,-0.00516192234022225
47,2,heldout,3,1,0.3490658503988659,2.3053774919972057,3,s,af3726fcacd0ac1320a56ea850b0a2c0f5430cf4eb20a45c078706980f08407e,d24fbe3839599a6a097188bae8cd47ce8083f27deef1341ae3086bf0d5a45bd1,87f63c0590d05baea263cdc42c6e1df2d063fa2def309ecb0283f3036bf33d46,87f63c0590d05baea263cdc42c6e1df2d063fa2def309ecb0283f3036bf33d46,1787977977.1653256,36561.034,18280574,0,0.9584569931030273,1.0412378311157227,1.5886545181274414,0.00057220458984375,-0.00324249267578125,0.00476837158203125,-0.0073261260986328125,-0.0024423599243164062,0.15873050689697266,0.021978378295898438,-0.0073261260986328125,-0.0073261260986328125,-0.07570171356201172,0.07521438598632812,6.010257720947266,-1.4285717010498047,0.11477375030517578,-0.10988998413085938,0.0,-0.1498325369723743,5.415177909554441,-1.3622827107455255,0.0077403520572437625,-0.005159642306521703
47,2,heldout,3,1,0.3490658503988659,2.3073065079952357,3,s,af3726fcacd0ac1320a56ea850b0a2c0f5430cf4eb20a45c078706980f08407e,d24fbe3839599a6a097188bae8cd47ce8083f27deef1341ae3086bf0d5a45bd1,87f63c0590d05baea263cdc42c6e1df2d063fa2def309ecb0283f3036bf33d46,87f63c0590d05baea263cdc42c6e1df2d063fa2def309ecb0283f3036bf33d46,1787977977.1672359,36561.036,18280575,0,0.9584569931030273,1.0412378311157227,1.589035987854004,0.00057220458984375,-0.00324249267578125,0.00476837158203125,-0.021978378295898438,-0.0024423599243164062,0.16361427307128906,-0.0073261260986328125,-0.021978378295898438,-0.0073261260986328125,-0.07570171356201172,0.08888816833496094,5.969230651855469,-1.4285717010498047,0.11477375030517578,-0.10988998413085938,0.0,-0.14748715236031917,5.412832524942388,-1.3618103646382291,0.007745201766965336,-0.0051585011633483065
47,2,heldout,3,1,0.3490658503988659,2.309216647998255,3,s,af3726fcacd0ac1320a56ea850b0a2c0f5430cf4eb20a45c078706980f08407e,d24fbe3839599a6a097188bae8cd47ce8083f27deef1341ae3086bf0d5a45bd1,87f63c0590d05baea263cdc42c6e1df2d063fa2def309ecb0283f3036bf33d46,87f63c0590d05baea263cdc42c6e1df2d063fa2def309ecb0283f3036bf33d46,1787977977.1697347,36561.038,18280576,0,0.9584569931030273,1.0412378311157227,1.589798927307129,0.00057220458984375,-0.00324249267578125,0.00476837158203125,-0.0073261260986328125,-0.0024423599243164062,0.16849803924560547,-0.0073261260986328125,-0.0073261260986328125,-0.0073261260986328125,-0.07570171356201172,0.10256385803222656,5.99658203125,-1.433455467224121,0.11477375030517578,-0.10988998413085938,0.0,-0.1427940204652558,5.408139393047325,-1.3608650779839395,0.007754897804477377,-0.005156216625185557
47,2,heldout,3,1,0.3490658503988659,2.311713039998722,3,s,af3726fcacd0ac1320a56ea850b0a2c0f5430cf4eb20a45c078706980f08407e,d24fbe3839599a6a097188bae8cd47ce8083f27deef1341ae3086bf0d5a45bd1,87f63c0590d05baea263cdc42c6e1df2d063fa2def309ecb0283f3036bf33d46,87f63c0590d05baea263cdc42c6e1df2d063fa2def309ecb0283f3036bf33d46,1787977977.17165,36561.04,18280577,0,0.9584569931030273,1.0412378311157227,1.590561866760254,0.00057220458984375,-0.00324249267578125,0.00476837158203125,-0.0073261260986328125,-0.0024423599243164062,0.16849803924560547,-0.021978378295898438,-0.021978378295898438,-0.0073261260986328125,-0.07570171356201172,0.10256385803222656,5.900856018066406,-1.4285717010498047,0.11477375030517578,-0.10988998413085938,0.0,-0.138097740618907,5.403443113200975,-1.359918999201958,0.007764589328045019,-0.005153929085709865
47,2,heldout,3,1,0.3490658503988659,2.3136474729981273,3,s,af3726fcacd0ac1320a56ea850b0a2c0f5430cf4eb20a45c078706980f08407e,d24fbe3839599a6a097188bae8cd47ce8083f27deef1341ae3086bf0d5a45bd1,87f63c0590d05baea263cdc42c6e1df2d063fa2def309ecb0283f3036bf33d46,87f63c0590d05baea263cdc42c6e1df2d063fa2def309ecb0283f3036bf33d46,1787977977.1735795,36561.042,18280578,0,0.9584569931030273,1.0412378311157227,1.591324806213379,0.00057220458984375,-0.00324249267578125,0.00476837158203125,-0.0073261260986328125,-0.0024423599243164062,0.17338180541992188,-0.021978378295898438,-0.0073261260986328125,-0.0073261260986328125,-0.07570171356201172,0.11623954772949219,5.887180328369141,-1.4236869812011719,0.11477375030517578,-0.10988998413085938,0.0,-0.13339831555486303,5.398743688136931,-1.3589721288429746,0.00777427633202705,-0.005151638546252752
47,2,heldout,3,1,0.3490658503988659,2.315561647999857,3,s,af3726fcacd0ac1320a56ea850b0a2c0f5430cf4eb20a45c078706980f08407e,d24fbe3839599a6a097188bae8cd47ce8083f27deef1341ae3086bf0d5a45bd1,87f63c0590d05baea263cdc42c6e1df2d063fa2def309ecb0283f3036bf33d46,87f63c0590d05baea263cdc42c6e1df2d063fa2def309ecb0283f3036bf33d46,1787977977.1755056,36561.044,18280579,0,0.9584569931030273,1.0412378311157227,1.592087745666504,0.00019073486328125,-0.00324249267578125,0.00476837158203125,-0.0073261260986328125,-0.0024423599243164062,0.17338180541992188,-0.03663063049316406,-0.021978378295898438,-0.0073261260986328125,-0.07570171356201172,0.10256385803222656,5.900856018066406,-1.4188032150268555,0.11477375030517578,-0.10988998413085938,0.0,-0.12822162085380762,5.393566993435874,-1.357550340303392,0.007788798351443414,-0.005148197115018925
47,2,heldout,3,1,0.3490658503988659,2.317484658000467,3,s,af3726fcacd0ac1320a56ea850b0a2c0f5430cf4eb20a45c078706980f08407e,d24fbe3839599a6a097188bae8cd47ce8083f27deef1341ae3086bf0d5a45bd1,87f63c0590d05baea263cdc42c6e1df2d063fa2def309ecb0283f3036bf33d46,87f63c0590d05baea263cdc42c6e1df2d063fa2def309ecb0283f3036bf33d46,1787977977.1774123,36561.045999999995,18280580,0,0.9584569931030273,1.0412378311157227,1.592850685119629,0.00019073486328125,-0.00324249267578125,0.00476837158203125,-0.0073261260986328125,-0.0024423599243164062,0.17338180541992188,-0.021978378295898438,0.0073261260986328125,-0.0073261260986328125,-0.07570171356201172,0.10256385803222656,5.887180328369141,-1.4090356826782227,0.11477375030517578,-0.10988998413085938,0.0,-0.12351551853236153,5.388860891114429,-1.3566014934141983,0.0077984740317984125,-0.0051458990814451325
47,2,heldout,3,1,0.3490658503988659,2.319390498996654,3,s,af3726fcacd0ac1320a56ea850b0a2c0f5430cf4eb20a45c078706980f08407e,d24fbe3839599a6a097188bae8cd47ce8083f27deef1341ae3086bf0d5a45bd1,87f63c0590d05baea263cdc42c6e1df2d063fa2def309ecb0283f3036bf33d46,87f63c0590d05baea263cdc42c6e1df2d063fa2def309ecb0283f3036bf33d46,1787977977.1794133,36561.047999999995,18280581,0,0.9584569931030273,1.0412378311157227,1.5932321548461914,0.00019073486328125,-0.00324249267578125,0.00476837158203125,-0.0073261260986328125,-0.0024423599243164062,0.17338180541992188,-0.021978378295898438,-0.0073261260986328125,-0.0073261260986328125,-0.07570171356201172,0.11623954772949219,5.887180328369141,-1.4041509628295898,0.11477375030517578,-0.10988998413085938,0.0,-0.12116129092671657,5.386506663508783,-1.35612677381783,0.007803310170086891,-0.005144748941334313
47,2,heldout,3,1,0.3490658503988659,2.3214064089988824,3,s,af3726fcacd0ac1320a56ea850b0a2c0f5430cf4eb20a45c078706980f08407e,d24fbe3839599a6a097188bae8cd47ce8083f27deef1341ae3086bf0d5a45bd1,87f63c0590d05baea263cdc42c6e1df2d063fa2def309ecb0283f3036bf33d46,87f63c0590d05baea263cdc42c6e1df2d063fa2def309ecb0283f3036bf33d46,1787977977.1813736,36561.049999999996,18280582,0,0.9584569931030273,1.0412378311157227,1.5939960479736328,0.00019073486328125,-0.00324249267578125,0.00476837158203125,-0.0073261260986328125,-0.0024423599243164062,0.16849803924560547,-0.0073261260986328125,-0.0073261260986328125,-0.0073261260986328125,-0.07570171356201172,0.11623954772949219,5.914531707763672,-1.4041509628295898,0.11477375030517578,-0.10988998413085938,0.0,-0.11644459406960928,5.381789966651678,-1.3551755546342747,0.007812991122608942,-0.005142443535270694
47,2,heldout,3,1,0.3490658503988659,2.3233544119939324,3,s,af3726fcacd0ac1320a56ea850b0a2c0f5430cf4eb20a45c078706980f08407e,d24fbe3839599a6a097188bae8cd47ce8083f27deef1341ae3086bf0d5a45bd1,87f63c0590d05baea263cdc42c6e1df2d063fa2def309ecb0283f3036bf33d46,87f63c0590d05baea263cdc42c6e1df2d063fa2def309ecb0283f3036bf33d46,1787977977.1832767,36561.051999999996,18280583,0,0.9584569931030273,1.0412378311157227,1.5947589874267578,0.00019073486328125,-0.00324249267578125,0.00476837158203125,0.0073261260986328125,-0.0024423599243164062,0.16849803924560547,0.0073261260986328125,-0.0073261260986328125,-0.0073261260986328125,-0.07570171356201172,0.1299152374267578,5.900856018066406,-1.4041509628295898,0.10988998413085938,-0.10988998413085938,0.0,-0.11173065115001024,5.377076023732077,-1.3542247336810807,0.007822655438448779,-0.005140138012199635
47,2,heldout,3,1,0.3490658503988659,2.325253896000504,3,s,af3726fcacd0ac1320a56ea850b0a2c0f5430cf4eb20a45c078706980f08407e,d24fbe3839599a6a097188bae8cd47ce8083f27deef1341ae3086bf0d5a45bd1,87f63c0590d05baea263cdc42c6e1df2d063fa2def309ecb0283f3036bf33d46,87f63c0590d05baea263cdc42c6e1df2d063fa2def309ecb0283f3036bf33d46,1787977977.1852424,36561.054,18280584,0,0.9584569931030273,1.0412378311157227,1.5955219268798828,0.00057220458984375,-0.00324249267578125,0.00476837158203125,-0.0073261260986328125,-0.0024423599243164062,0.17338180541992188,0.0073261260986328125,-0.0073261260986328125,-0.0073261260986328125,-0.07570171356201172,0.1299152374267578,5.900856018066406,-1.4041509628295898,0.10988998413085938,-0.10988998413085938,0.0,-0.10748948146643333,5.372834854048501,-1.353749027571436,0.007827485889200982,-0.005138984128597429
47,2,heldout,3,1,0.3490658503988659,2.3272219520004,3,s,af3726fcacd0ac1320a56ea850b0a2c0f5430cf4eb20a45c078706980f08407e,d24fbe3839599a6a097188bae8cd47ce8083f27deef1341ae3086bf0d5a45bd1,87f63c0590d05baea263cdc42c6e1df2d063fa2def309ecb0283f3036bf33d46,87f63c0590d05baea263cdc42c6e1df2d063fa2def309ecb0283f3036bf33d46,1787977977.1877162,36561.056,18280585,0,0.9584569931030273,1.0412378311157227,1.5962848663330078,0.00057220458984375,-0.00324249267578125,0.00476837158203125,-0.0073261260986328125,-0.0024423599243164062,0.1782665252685547,-0.021978378295898438,0.0073261260986328125,-0.0073261260986328125,-0.07570171356201172,0.1299152374267578,5.887180328369141,-1.4041509628295898,0.10988998413085938,-0.10988998413085938,0.0,-0.1027696753375047,5.368115047919573,-1.3527970244321748,0.00783714337285534,-0.00513667411809922
47,2,heldout,3,1,0.3490658503988659,2.3296957450002083,3,s,af3726fcacd0ac1320a56ea850b0a2c0f5430cf4eb20a45c078706980f08407e,d24fbe3839599a6a097188bae8cd47ce8083f27deef1341ae3086bf0d5a45bd1,87f63c0590d05baea263cdc42c6e1df2d063fa2def309ecb0283f3036bf33d46,87f63c0590d05baea263cdc42c6e1df2d063fa2def309ecb0283f3036bf33d46,1787977977.1895874,36561.058,18280586,0,0.9584569931030273,1.0412378311157227,1.5970478057861328,0.00057220458984375,-0.00324249267578125,0.00476837158203125,-0.0073261260986328125,-0.0024423599243164062,0.1831502914428711,0.0073261260986328125,-0.021978378295898438,-0.0073261260986328125,-0.07570171356201172,0.14358901977539062,5.900856018066406,-1.4041509628295898,0.10988998413085938,-0.10988998413085938,0.0,-0.09804674455452411,5.363392117136592,-1.3518442338614471,0.007846796294692074,-0.005134361117663305
47,2,heldout,3,1,0.3490658503988659,2.3315622949958197,3,s,af3726fcacd0ac1320a56ea850b0a2c0f5430cf4eb20a45c078706980f08407e,d24fbe3839599a6a097188bae8cd47ce8083f27deef1341ae3086bf0d5a45bd1,87f63c0590d05baea263cdc42c6e1df2d063fa2def309ecb0283f3036bf33d46,87f63c0590d05baea263cdc42c6e1df2d063fa2def309ecb0283f3036bf33d46,1787977977.1915872,36561.06,18280587,0,0.9584569931030273,1.0412378311157227,1.5978107452392578,0.00057220458984375,-0.00324249267578125,0.00476837158203125,-0.0073261260986328125,-0.0024423599243164062,0.1831502914428711,-0.0073261260986328125,-0.0073261260986328125,-0.0073261260986328125,-0.07570171356201172,0.17094039916992188,5.928203582763672,-1.4090356826782227,0.10988998413085938,-0.10988998413085938,0.0,-0.09332069186659742,5.358666064448665,-1.3508906564138496,0.007856444649092454,-0.005132045128636025
47,2,heldout,3,1,0.3490658503988659,2.3335915119969286,3,s,af3726fcacd0ac1320a56ea850b0a2c0f5430cf4eb20a45c078706980f08407e,d24fbe3839599a6a097188bae8cd47ce8083f27deef1341ae3086bf0d5a45bd1,87f63c0590d05baea263cdc42c6e1df2d063fa2def309ecb0283f3036bf33d46,87f63c0590d05baea263cdc42c6e1df2d063fa2def309ecb0283f3036bf33d46,1787977977.19353,36561.062,18280588,0,0.9584569931030273,1.0412378311157227,1.5985736846923828,0.00057220458984375,-0.00324249267578125,0.00476837158203125,-0.0073261260986328125,-0.0024423599243164062,0.1782665252685547,0.0073261260986328125,-0.021978378295898438,-0.0073261260986328125,-0.08058643341064453,0.15726470947265625,5.9418792724609375,-1.4090356826782227,0.10988998413085938,-0.10988998413085938,0.0,-0.08859152002465298,5.353936892606718,-1.3499362926444385,0.007866088430440388,-0.005129726152365465
47,2,heldout,3,1,0.3490658503988659,2.3355094219950843,3,s,af3726fcacd0ac1320a56ea850b0a2c0f5430cf4eb20a45c078706980f08407e,d24fbe3839599a6a097188bae8cd47ce8083f27deef1341ae3086bf0d5a45bd1,87f63c0590d05baea263cdc42c6e1df2d063fa2def309ecb0283f3036bf33d46,87f63c0590d05baea263cdc42c6e1df2d063fa2def309ecb0283f3036bf33d46,1787977977.1976964,36561.064,18280589,0,0.9584569931030273,1.0412378311157227,1.5989551544189453,0.00057220458984375,-0.00324249267578125,0.00476837158203125,0.0073261260986328125,-0.0024423599243164062,0.17338180541992188,-0.0073261260986328125,-0.0073261260986328125,-0.0073261260986328125,-0.07570171356201172,0.17094039916992188,5.982906341552734,-1.4090356826782227,0.11477375030517578,-0.10988998413085938,0.0,-0.08622576528107673,5.351571137863146,-1.3494588160626315,0.007870908604465402,-0.005128565544435706
