trial_id,repeat,support_posture,joint,direction,target_speed_rad_s,elapsed_s,schema_version,device_time_unit,urdf_sha256,protocol_sha256,collector_script_sha256,base_collector_script_sha256,host_time_s,device_time,seq,errors,q1_rad,q2_rad,q3_rad,q4_rad,q5_rad,q6_rad,dq1_rad_s,dq2_rad_s,dq3_rad_s,dq4_rad_s,dq5_rad_s,dq6_rad_s,tau1_nm,tau2_nm,tau3_nm,tau4_nm,tau5_nm,tau6_nm,gravity1_nm,gravity2_nm,gravity3_nm,gravity4_nm,gravity5_nm,gravity6_nm
44,2,heldout,3,-1,-0.3490658503988659,0.4138750260026427,3,s,af3726fcacd0ac1320a56ea850b0a2c0f5430cf4eb20a45c078706980f08407e,d24fbe3839599a6a097188bae8cd47ce8083f27deef1341ae3086bf0d5a45bd1,87f63c0590d05baea263cdc42c6e1df2d063fa2def309ecb0283f3036bf33d46,87f63c0590d05baea263cdc42c6e1df2d063fa2def309ecb0283f3036bf33d46,1787977908.4334478,36492.305,18246210,0,0.9584569931030273,1.0416193008422852,1.6119251251220703,-0.00133514404296875,-0.00362396240234375,0.00476837158203125,-0.0073261260986328125,-0.0024423599243164062,-0.16361427307128906,0.0073261260986328125,-0.0073261260986328125,-0.0073261260986328125,-0.07570171356201172,0.3213672637939453,4.0683746337890625,-1.3113555908203125,0.1196584701538086,-0.10988998413085938,0.0,-0.008726601495725017,5.2706390792307705,-1.3311650054725686,0.008224494341692383,-0.0050920980831949715
44,2,heldout,3,-1,-0.3490658503988659,0.41590503900079057,3,s,af3726fcacd0ac1320a56ea850b0a2c0f5430cf4eb20a45c078706980f08407e,d24fbe3839599a6a097188bae8cd47ce8083f27deef1341ae3086bf0d5a45bd1,87f63c0590d05baea263cdc42c6e1df2d063fa2def309ecb0283f3036bf33d46,87f63c0590d05baea263cdc42c6e1df2d063fa2def309ecb0283f3036bf33d46,1787977908.4354157,36492.307,18246211,0,0.9584569931030273,1.0416193008422852,1.6111621856689453,-0.00095367431640625,-0.00324249267578125,0.00476837158203125,-0.0073261260986328125,-0.0024423599243164062,-0.16361427307128906,0.021978378295898438,-0.0073261260986328125,-0.0073261260986328125,-0.07570171356201172,0.3076915740966797,4.123077392578125,-1.316239356994629,0.1196584701538086,-0.11477375030517578,0.0,-0.013999644224651053,5.275912121959696,-1.3326239192603049,0.008038888116401343,-0.005087475308099514
44,2,heldout,3,-1,-0.3490658503988659,0.41785240299941506,3,s,af3726fcacd0ac1320a56ea850b0a2c0f5430cf4eb20a45c078706980f08407e,d24fbe3839599a6a097188bae8cd47ce8083f27deef1341ae3086bf0d5a45bd1,87f63c0590d05baea263cdc42c6e1df2d063fa2def309ecb0283f3036bf33d46,87f63c0590d05baea263cdc42c6e1df2d063fa2def309ecb0283f3036bf33d46,1787977908.437335,36492.309,18246212,0,0.9584569931030273,1.0416193008422852,1.6103992462158203,-0.00095367431640625,-0.00324249267578125,0.00476837158203125,-0.0073261260986328125,0.0024423599243164062,-0.16361427307128906,0.0073261260986328125,-0.0073261260986328125,-0.0073261260986328125,-0.07570171356201172,0.28034210205078125,4.0683746337890625,-1.3260068893432617,0.1196584701538086,-0.11477375030517578,0.0,-0.018779899997568794,5.280692377732614,-1.333592341387748,0.008029327607296851,-0.00508984782224854
44,2,heldout,3,-1,-0.3490658503988659,0.4197712550012511,3,s,af3726fcacd0ac1320a56ea850b0a2c0f5430cf4eb20a45c078706980f08407e,d24fbe3839599a6a097188bae8cd47ce8083f27deef1341ae3086bf0d5a45bd1,87f63c0590d05baea263cdc42c6e1df2d063fa2def309ecb0283f3036bf33d46,87f63c0590d05baea263cdc42c6e1df2d063fa2def309ecb0283f3036bf33d46,1787977908.4392726,36492.311,18246213,0,0.9584569931030273,1.0416193008422852,1.6096363067626953,-0.00095367431640625,-0.00324249267578125,0.00476837158203125,-0.021978378295898438,0.0073261260986328125,-0.16849803924560547,0.021978378295898438,-0.0073261260986328125,-0.0073261260986328125,-0.08058643341064453,0.28034210205078125,4.095726013183594,-1.335775375366211,0.1196584701538086,-0.11477375030517578,0.0,-0.023557082003126784,5.285469559738169,-1.3345599872623208,0.0080197624245088,-0.005092217373716348
44,2,heldout,3,-1,-0.3490658503988659,0.4217072680039564,3,s,af3726fcacd0ac1320a56ea850b0a2c0f5430cf4eb20a45c078706980f08407e,d24fbe3839599a6a097188bae8cd47ce8083f27deef1341ae3086bf0d5a45bd1,87f63c0590d05baea263cdc42c6e1df2d063fa2def309ecb0283f3036bf33d46,87f63c0590d05baea263cdc42c6e1df2d063fa2def309ecb0283f3036bf33d46,1787977908.4412224,36492.313,18246214,0,0.9584569931030273,1.0416193008422852,1.6092548370361328,-0.00057220458984375,-0.00324249267578125,0.00476837158203125,-0.0073261260986328125,0.0073261260986328125,-0.16849803924560547,0.05128288269042969,0.0073261260986328125,-0.0073261260986328125,-0.08058643341064453,0.2666664123535156,4.136753082275391,-1.3455429077148438,0.1196584701538086,-0.11477375030517578,0.0,-0.02642785686613669,5.28834033460118,-1.3355268563207792,0.008010192573604857,-0.005094583961123678
44,2,heldout,3,-1,-0.3490658503988659,0.4236521510028979,3,s,af3726fcacd0ac1320a56ea850b0a2c0f5430cf4eb20a45c078706980f08407e,d24fbe3839599a6a097188bae8cd47ce8083f27deef1341ae3086bf0d5a45bd1,87f63c0590d05baea263cdc42c6e1df2d063fa2def309ecb0283f3036bf33d46,87f63c0590d05baea263cdc42c6e1df2d063fa2def309ecb0283f3036bf33d46,1787977908.4438715,36492.314999999995,18246215,0,0.9584569931030273,1.0416193008422852,1.6084918975830078,-0.00057220458984375,-0.00362396240234375,0.00476837158203125,-0.0073261260986328125,0.012209892272949219,-0.17338180541992188,0.0659332275390625,-0.0073261260986328125,-0.0073261260986328125,-0.07570171356201172,0.25299072265625,4.109401702880859,-1.3601951599121094,0.1196584701538086,-0.10988998413085938,0.0,-0.031195194906565415,5.29310767264161,-1.3364881086592564,0.008170773567600858,-0.005105081204907204
44,2,heldout,3,-1,-0.3490658503988659,0.42631790800078306,3,s,af3726fcacd0ac1320a56ea850b0a2c0f5430cf4eb20a45c078706980f08407e,d24fbe3839599a6a097188bae8cd47ce8083f27deef1341ae3086bf0d5a45bd1,87f63c0590d05baea263cdc42c6e1df2d063fa2def309ecb0283f3036bf33d46,87f63c0590d05baea263cdc42c6e1df2d063fa2def309ecb0283f3036bf33d46,1787977908.4452856,36492.316999999995,18246216,0,0.9584569931030273,1.0416193008422852,1.6077289581298828,-0.00019073486328125,-0.00362396240234375,0.00476837158203125,0.0073261260986328125,0.017093658447265625,-0.17338180541992188,0.0659332275390625,-0.021978378295898438,-0.0073261260986328125,-0.07570171356201172,0.2393169403076172,4.136753082275391,-1.374847412109375,0.1196584701538086,-0.11477375030517578,0.0,-0.03644665273011993,5.2983591304651645,-1.3379357838364412,0.008156097438487494,-0.0051086064652576865
44,2,heldout,3,-1,-0.3490658503988659,0.42772682400391204,3,s,af3726fcacd0ac1320a56ea850b0a2c0f5430cf4eb20a45c078706980f08407e,d24fbe3839599a6a097188bae8cd47ce8083f27deef1341ae3086bf0d5a45bd1,87f63c0590d05baea263cdc42c6e1df2d063fa2def309ecb0283f3036bf33d46,87f63c0590d05baea263cdc42c6e1df2d063fa2def309ecb0283f3036bf33d46,1787977908.447827,36492.318999999996,18246217,0,0.9584569931030273,1.0416193008422852,1.6069660186767578,-0.00019073486328125,-0.00324249267578125,0.00476837158203125,-0.021978378295898438,0.021978378295898438,-0.17338180541992188,0.05128288269042969,0.0073261260986328125,-0.0073261260986328125,-0.08058643341064453,0.22564125061035156,4.095726013183594,-1.394383430480957,0.1196584701538086,-0.11477375030517578,0.0,-0.0412171187476269,5.30312959648267,-1.3389047724772594,0.007976661414475342,-0.00510284365520048
44,2,heldout,3,-1,-0.3490658503988659,0.43026751399884233,3,s,af3726fcacd0ac1320a56ea850b0a2c0f5430cf4eb20a45c078706980f08407e,d24fbe3839599a6a097188bae8cd47ce8083f27deef1341ae3086bf0d5a45bd1,87f63c0590d05baea263cdc42c6e1df2d063fa2def309ecb0283f3036bf33d46,87f63c0590d05baea263cdc42c6e1df2d063fa2def309ecb0283f3036bf33d46,1787977908.4492176,36492.320999999996,18246218,0,0.9584569931030273,1.0420007705688477,1.6062030792236328,-0.00019073486328125,-0.00324249267578125,0.00476837158203125,0.0073261260986328125,0.026862144470214844,-0.16849803924560547,0.05128288269042969,-0.0073261260986328125,-0.0073261260986328125,-0.07570171356201172,0.21196556091308594,4.041027069091797,-1.3992671966552734,0.1196584701538086,-0.11477375030517578,0.0,-0.051793425360259104,5.310272242539249,-1.340349529689485,0.007962273492405208,-0.005106372389099854
44,2,heldout,3,-1,-0.3490658503988659,0.43165822500304785,3,s,af3726fcacd0ac1320a56ea850b0a2c0f5430cf4eb20a45c078706980f08407e,d24fbe3839599a6a097188bae8cd47ce8083f27deef1341ae3086bf0d5a45bd1,87f63c0590d05baea263cdc42c6e1df2d063fa2def309ecb0283f3036bf33d46,87f63c0590d05baea263cdc42c6e1df2d063fa2def309ecb0283f3036bf33d46,1787977908.4517586,36492.323,18246219,0,0.9584569931030273,1.0420007705688477,1.6058216094970703,-0.00019073486328125,-0.00324249267578125,0.00476837158203125,-0.0073261260986328125,0.03174591064453125,-0.17338180541992188,0.05128288269042969,0.0073261260986328125,-0.0073261260986328125,-0.08058643341064453,0.1982898712158203,4.027351379394531,-1.4090356826782227,0.1196584701538086,-0.11477375030517578,0.0,-0.05417276234835022,5.312651579527338,-1.3408307254272556,0.007957475200124567,-0.005107547147811148
44,2,heldout,3,-1,-0.3490658503988659,0.4342516969991266,3,s,af3726fcacd0ac1320a56ea850b0a2c0f5430cf4eb20a45c078706980f08407e,d24fbe3839599a6a097188bae8cd47ce8083f27deef1341ae3086bf0d5a45bd1,87f63c0590d05baea263cdc42c6e1df2d063fa2def309ecb0283f3036bf33d46,87f63c0590d05baea263cdc42c6e1df2d063fa2def309ecb0283f3036bf33d46,1787977908.4538405,36492.325,18246220,0,0.9584569931030273,1.0420007705688477,1.6050586700439453,-0.00019073486328125,-0.00362396240234375,0.00476837158203125,-0.021978378295898438,0.04151439666748047,-0.17338180541992188,0.0073261260986328125,-0.021978378295898438,-0.0073261260986328125,-0.07570171356201172,0.17094039916992188,4.027351379394531,-1.4090356826782227,0.1196584701538086,-0.11477375030517578,0.0,-0.05892426445947241,5.317403081638461,-1.3417876792418653,0.008116908924231222,-0.005117974437413533
44,2,heldout,3,-1,-0.3490658503988659,0.4362790800005314,3,s,af3726fcacd0ac1320a56ea850b0a2c0f5430cf4eb20a45c078706980f08407e,d24fbe3839599a6a097188bae8cd47ce8083f27deef1341ae3086bf0d5a45bd1,87f63c0590d05baea263cdc42c6e1df2d063fa2def309ecb0283f3036bf33d46,87f63c0590d05baea263cdc42c6e1df2d063fa2def309ecb0283f3036bf33d46,1787977908.4557958,36492.327,18246221,0,0.9584569931030273,1.0420007705688477,1.6042957305908203,-0.00019073486328125,-0.00324249267578125,0.00476837158203125,-0.0073261260986328125,0.05616569519042969,-0.17338180541992188,0.021978378295898438,0.0073261260986328125,-0.0073261260986328125,-0.07570171356201172,0.14358901977539062,4.041027069091797,-1.4090356826782227,0.1196584701538086,-0.11477375030517578,0.0,-0.0636823759145494,5.322161193093538,-1.3427535565130484,0.007938270458336658,-0.005112238748489225
44,2,heldout,3,-1,-0.3490658503988659,0.4382328720021178,3,s,af3726fcacd0ac1320a56ea850b0a2c0f5430cf4eb20a45c078706980f08407e,d24fbe3839599a6a097188bae8cd47ce8083f27deef1341ae3086bf0d5a45bd1,87f63c0590d05baea263cdc42c6e1df2d063fa2def309ecb0283f3036bf33d46,87f63c0590d05baea263cdc42c6e1df2d063fa2def309ecb0283f3036bf33d46,1787977908.4577441,36492.329,18246222,0,0.9584569931030273,1.0423822402954102,1.6035327911376953,-0.00019073486328125,-0.00324249267578125,0.00476837158203125,-0.0073261260986328125,0.07081794738769531,-0.1782665252685547,-0.0073261260986328125,-0.0073261260986328125,-0.0073261260986328125,-0.07570171356201172,0.10256385803222656,4.095726013183594,-1.4041509628295898,0.1196584701538086,-0.11477375030517578,0.0,-0.07424088106392834,5.329285272477491,-1.3441936284105784,0.007923854770262062,-0.005115749638344821
44,2,heldout,3,-1,-0.3490658503988659,0.440183437000087,3,s,af3726fcacd0ac1320a56ea850b0a2c0f5430cf4eb20a45c078706980f08407e,d24fbe3839599a6a097188bae8cd47ce8083f27deef1341ae3086bf0d5a45bd1,87f63c0590d05baea263cdc42c6e1df2d063fa2def309ecb0283f3036bf33d46,87f63c0590d05baea263cdc42c6e1df2d063fa2def309ecb0283f3036bf33d46,1787977908.4597154,36492.331,18246223,0,0.9584569931030273,1.0423822402954102,1.6027698516845703,-0.00019073486328125,-0.00362396240234375,0.00476837158203125,-0.0073261260986328125,0.08547019958496094,-0.1831502914428711,-0.021978378295898438,-0.03663063049316406,-0.0073261260986328125,-0.07570171356201172,0.08888816833496094,4.136753082275391,-1.3992671966552734,0.1196584701538086,-0.11477375030517578,0.0,-0.07898152992445806,5.33402592133802,-1.3451478380230613,0.008082556950613643,-0.005126132315978053
44,2,heldout,3,-1,-0.3490658503988659,0.4421552050043829,3,s,af3726fcacd0ac1320a56ea850b0a2c0f5430cf4eb20a45c078706980f08407e,d24fbe3839599a6a097188bae8cd47ce8083f27deef1341ae3086bf0d5a45bd1,87f63c0590d05baea263cdc42c6e1df2d063fa2def309ecb0283f3036bf33d46,87f63c0590d05baea263cdc42c6e1df2d063fa2def309ecb0283f3036bf33d46,1787977908.4618106,36492.333,18246224,0,0.9584569931030273,1.0427637100219727,1.6020069122314453,-0.00019073486328125,-0.00362396240234375,0.00476837158203125,-0.0073261260986328125,0.08547019958496094,-0.1831502914428711,-0.0073261260986328125,-0.0073261260986328125,-0.0073261260986328125,-0.07570171356201172,0.08888816833496094,4.095726013183594,-1.3894996643066406,0.124542236328125,-0.11477375030517578,0.0,-0.08952915842105758,5.341138359359597,-1.3465849712969222,0.008067817019417013,-0.005129617363781341
44,2,heldout,3,-1,-0.3490658503988659,0.44424619599885773,3,s,af3726fcacd0ac1320a56ea850b0a2c0f5430cf4eb20a45c078706980f08407e,d24fbe3839599a6a097188bae8cd47ce8083f27deef1341ae3086bf0d5a45bd1,87f63c0590d05baea263cdc42c6e1df2d063fa2def309ecb0283f3036bf33d46,87f63c0590d05baea263cdc42c6e1df2d063fa2def309ecb0283f3036bf33d46,1787977908.4631913,36492.335,18246225,0,0.9584569931030273,1.0427637100219727,1.6016254425048828,-0.00019073486328125,-0.00324249267578125,0.00476837158203125,-0.0073261260986328125,0.0610504150390625,-0.1831502914428711,0.0073261260986328125,-0.0073261260986328125,-0.0073261260986328125,-0.07570171356201172,0.10256385803222656,4.136753082275391,-1.3797311782836914,0.124542236328125,-0.11477375030517578,0.0,-0.09190328213504118,5.343512483073582,-1.34706848896273,0.007894992280048712,-0.005122751313600997
44,2,heldout,3,-1,-0.3490658503988659,0.44562645900441566,3,s,af3726fcacd0ac1320a56ea850b0a2c0f5430cf4eb20a45c078706980f08407e,d24fbe3839599a6a097188bae8cd47ce8083f27deef1341ae3086bf0d5a45bd1,87f63c0590d05baea263cdc42c6e1df2d063fa2def309ecb0283f3036bf33d46,87f63c0590d05baea263cdc42c6e1df2d063fa2def309ecb0283f3036bf33d46,1787977908.4656842,36492.337,18246226,0,0.9584569931030273,1.0427637100219727,1.6008625030517578,-0.00019073486328125,-0.00362396240234375,0.00476837158203125,-0.0073261260986328125,0.026862144470214844,-0.1782665252685547,0.0073261260986328125,-0.0073261260986328125,-0.0073261260986328125,-0.07570171356201172,0.1299152374267578,4.177776336669922,-1.3846149444580078,0.1196584701538086,-0.11477375030517578,0.0,-0.09663460130207135,5.348243802240611,-1.3480203409858462,0.00805306652202449,-0.005133095693467233
44,2,heldout,3,-1,-0.3490658503988659,0.4481164759999956,3,s,af3726fcacd0ac1320a56ea850b0a2c0f5430cf4eb20a45c078706980f08407e,d24fbe3839599a6a097188bae8cd47ce8083f27deef1341ae3086bf0d5a45bd1,87f63c0590d05baea263cdc42c6e1df2d063fa2def309ecb0283f3036bf33d46,87f63c0590d05baea263cdc42c6e1df2d063fa2def309ecb0283f3036bf33d46,1787977908.4676094,36492.339,18246227,0,0.9584569931030273,1.0427637100219727,1.6000995635986328,-0.00019073486328125,-0.00324249267578125,0.00476837158203125,-0.0073261260986328125,-0.0024423599243164062,-0.1831502914428711,-0.0073261260986328125,-0.0073261260986328125,-0.0073261260986328125,-0.07570171356201172,0.1846160888671875,4.232479095458984,-1.3797311782836914,0.1196584701538086,-0.11477375030517578,0.0,-0.10137254213246405,5.3529817430710045,-1.3489811431087249,0.007875727633122472,-0.005127404190201444
44,2,heldout,3,-1,-0.3490658503988659,0.4500421440025093,3,s,af3726fcacd0ac1320a56ea850b0a2c0f5430cf4eb20a45c078706980f08407e,d24fbe3839599a6a097188bae8cd47ce8083f27deef1341ae3086bf0d5a45bd1,87f63c0590d05baea263cdc42c6e1df2d063fa2def309ecb0283f3036bf33d46,87f63c0590d05baea263cdc42c6e1df2d063fa2def309ecb0283f3036bf33d46,1787977908.4696035,36492.341,18246228,0,0.9584569931030273,1.0427637100219727,1.5993366241455078,-0.00019073486328125,-0.00324249267578125,0.00476837158203125,-0.0073261260986328125,-0.012209892272949219,-0.1831502914428711,-0.0073261260986328125,0.0073261260986328125,-0.0073261260986328125,-0.08058643341064453,0.1982898712158203,4.273506164550781,-1.3797311782836914,0.1196584701538086,-0.11477375030517578,0.0,-0.10610249974071384,5.357711700679253,-1.3499362926444383,0.00786608843044039,-0.005129726152365464
44,2,heldout,3,-1,-0.3490658503988659,0.4521503310024855,3,s,af3726fcacd0ac1320a56ea850b0a2c0f5430cf4eb20a45c078706980f08407e,d24fbe3839599a6a097188bae8cd47ce8083f27deef1341ae3086bf0d5a45bd1,87f63c0590d05baea263cdc42c6e1df2d063fa2def309ecb0283f3036bf33d46,87f63c0590d05baea263cdc42c6e1df2d063fa2def309ecb0283f3036bf33d46,1787977908.4717033,36492.343,18246229,0,0.9584569931030273,1.0427637100219727,1.5985736846923828,-0.00019073486328125,-0.00324249267578125,0.00476837158203125,-0.021978378295898438,-0.026862144470214844,-0.1831502914428711,-0.0073261260986328125,0.0073261260986328125,-0.0073261260986328125,-0.08058643341064453,0.21196556091308594,4.259830474853516,-1.3797311782836914,0.1196584701538086,-0.11477375030517578,0.0,-0.1108293387504562,5.362438539688993,-1.3508906564138494,0.007856444649092452,-0.005132045128636024
44,2,heldout,3,-1,-0.3490658503988659,0.45415238400164526,3,s,af3726fcacd0ac1320a56ea850b0a2c0f5430cf4eb20a45c078706980f08407e,d24fbe3839599a6a097188bae8cd47ce8083f27deef1341ae3086bf0d5a45bd1,87f63c0590d05baea263cdc42c6e1df2d063fa2def309ecb0283f3036bf33d46,87f63c0590d05baea263cdc42c6e1df2d063fa2def309ecb0283f3036bf33d46,1787977908.4736378,36492.345,18246230,0,0.9584569931030273,1.0427637100219727,1.5978107452392578,-0.00019073486328125,-0.00324249267578125,0.00476837158203125,0.0073261260986328125,-0.026862144470214844,-0.1880340576171875,-0.0073261260986328125,-0.0073261260986328125,-0.0073261260986328125,-0.07570171356201172,0.21196556091308594,4.1914520263671875,-1.3797311782836914,0.11477375030517578,-0.11477375030517578,0.0,-0.11555305641030444,5.367162257348845,-1.3518442338614471,0.007846796294692074,-0.005134361117663305
44,2,heldout,3,-1,-0.3490658503988659,0.4560690979997162,3,s,af3726fcacd0ac1320a56ea850b0a2c0f5430cf4eb20a45c078706980f08407e,d24fbe3839599a6a097188bae8cd47ce8083f27deef1341ae3086bf0d5a45bd1,87f63c0590d05baea263cdc42c6e1df2d063fa2def309ecb0283f3036bf33d46,87f63c0590d05baea263cdc42c6e1df2d063fa2def309ecb0283f3036bf33d46,1787977908.4754896,36492.347,18246231,0,0.9584569931030273,1.0427637100219727,1.5970478057861328,-0.00019073486328125,-0.00362396240234375,0.00476837158203125,-0.0073261260986328125,-0.021978378295898438,-0.1782665252685547,-0.0073261260986328125,-0.0073261260986328125,-0.0073261260986328125,-0.07570171356201172,0.1982898712158203,4.150428771972656,-1.3797311782836914,0.11477375030517578,-0.11477375030517578,0.0,-0.12026877103257783,5.371877971971118,-1.352792145494051,0.008003822134109065,-0.005144641547592704
44,2,heldout,3,-1,-0.3490658503988659,0.4579178510030033,3,s,af3726fcacd0ac1320a56ea850b0a2c0f5430cf4eb20a45c078706980f08407e,d24fbe3839599a6a097188bae8cd47ce8083f27deef1341ae3086bf0d5a45bd1,87f63c0590d05baea263cdc42c6e1df2d063fa2def309ecb0283f3036bf33d46,87f63c0590d05baea263cdc42c6e1df2d063fa2def309ecb0283f3036bf33d46,1787977908.4774106,36492.349,18246232,0,0.9584569931030273,1.0427637100219727,1.5962848663330078,-0.00019073486328125,-0.00324249267578125,0.00476837158203125,-0.0073261260986328125,-0.012209892272949219,-0.17338180541992188,-0.0073261260986328125,0.0073261260986328125,-0.0073261260986328125,-0.07570171356201172,0.1846160888671875,4.150428771972656,-1.3797311782836914,0.11477375030517578,-0.11477375030517578,0.0,-0.12499111668389262,5.376600317622432,-1.3537490275714357,0.007827485889200982,-0.005138984128597427
44,2,heldout,3,-1,-0.3490658503988659,0.45984285000304226,3,s,af3726fcacd0ac1320a56ea850b0a2c0f5430cf4eb20a45c078706980f08407e,d24fbe3839599a6a097188bae8cd47ce8083f27deef1341ae3086bf0d5a45bd1,87f63c0590d05baea263cdc42c6e1df2d063fa2def309ecb0283f3036bf33d46,87f63c0590d05baea263cdc42c6e1df2d063fa2def309ecb0283f3036bf33d46,1787977908.4793234,36492.350999999995,18246233,0,0.9584569931030273,1.0427637100219727,1.5959033966064453,-0.00019073486328125,-0.00324249267578125,0.00476837158203125,-0.0073261260986328125,-0.0024423599243164062,-0.1782665252685547,-0.0073261260986328125,0.0073261260986328125,-0.0073261260986328125,-0.07570171356201172,0.17094039916992188,4.205127716064453,-1.374847412109375,0.11477375030517578,-0.11477375030517578,0.0,-0.12734867661461657,5.378957877553156,-1.354224733681081,0.00782265543844878,-0.005140138012199636
44,2,heldout,3,-1,-0.3490658503988659,0.46175368699914543,3,s,af3726fcacd0ac1320a56ea850b0a2c0f5430cf4eb20a45c078706980f08407e,d24fbe3839599a6a097188bae8cd47ce8083f27deef1341ae3086bf0d5a45bd1,87f63c0590d05baea263cdc42c6e1df2d063fa2def309ecb0283f3036bf33d46,87f63c0590d05baea263cdc42c6e1df2d063fa2def309ecb0283f3036bf33d46,1787977908.481794,36492.352999999996,18246234,0,0.9584569931030273,1.0427637100219727,1.5951404571533203,-0.00019073486328125,-0.00324249267578125,0.00476837158203125,-0.0073261260986328125,-0.0024423599243164062,-0.17338180541992188,-0.0073261260986328125,-0.0073261260986328125,-0.0073261260986328125,-0.07570171356201172,0.15726470947265625,4.150428771972656,-1.3797311782836914,0.11477375030517578,-0.11477375030517578,0.0,-0.13206144790896013,5.383670648847501,-1.355175554634275,0.007812991122608942,-0.005142443535270694
44,2,heldout,3,-1,-0.3490658503988659,0.4642263310015551,3,s,af3726fcacd0ac1320a56ea850b0a2c0f5430cf4eb20a45c078706980f08407e,d24fbe3839599a6a097188bae8cd47ce8083f27deef1341ae3086bf0d5a45bd1,87f63c0590d05baea263cdc42c6e1df2d063fa2def309ecb0283f3036bf33d46,87f63c0590d05baea263cdc42c6e1df2d063fa2def309ecb0283f3036bf33d46,1787977908.4837003,36492.354999999996,18246235,0,0.9584569931030273,1.0427637100219727,1.5943775177001953,-0.00019073486328125,-0.00324249267578125,0.00476837158203125,-0.0073261260986328125,0.0024423599243164062,-0.1782665252685547,-0.0073261260986328125,-0.0073261260986328125,-0.0073261260986328125,-0.07570171356201172,0.14358901977539062,4.164104461669922,-1.3797311782836914,0.11477375030517578,-0.10988998413085938,0.0,-0.13677108549470085,5.38838028643324,-1.3561255867715163,0.007803322259009942,-0.005144746065045802
44,2,heldout,3,-1,-0.3490658503988659,0.466130051005166,3,s,af3726fcacd0ac1320a56ea850b0a2c0f5430cf4eb20a45c078706980f08407e,d24fbe3839599a6a097188bae8cd47ce8083f27deef1341ae3086bf0d5a45bd1,87f63c0590d05baea263cdc42c6e1df2d063fa2def309ecb0283f3036bf33d46,87f63c0590d05baea263cdc42c6e1df2d063fa2def309ecb0283f3036bf33d46,1787977908.4855945,36492.356999999996,18246236,0,0.9584569931030273,1.0427637100219727,1.593613624572754,-0.00019073486328125,-0.00324249267578125,0.00476837158203125,-0.0073261260986328125,0.0024423599243164062,-0.1831502914428711,0.0073261260986328125,-0.0073261260986328125,-0.0073261260986328125,-0.07570171356201172,0.15726470947265625,4.150428771972656,-1.3846149444580078,0.11477375030517578,-0.10988998413085938,0.0,-0.1414834677930099,5.3930926687315495,-1.3570760155990693,0.007793636758682611,-0.005147048472729087
44,2,heldout,3,-1,-0.3490658503988659,0.4680198380010552,3,s,af3726fcacd0ac1320a56ea850b0a2c0f5430cf4eb20a45c078706980f08407e,d24fbe3839599a6a097188bae8cd47ce8083f27deef1341ae3086bf0d5a45bd1,87f63c0590d05baea263cdc42c6e1df2d063fa2def309ecb0283f3036bf33d46,87f63c0590d05baea263cdc42c6e1df2d063fa2def309ecb0283f3036bf33d46,1787977908.4875114,36492.359,18246237,0,0.9584569931030273,1.0427637100219727,1.592850685119629,0.00019073486328125,-0.00324249267578125,0.00476837158203125,-0.0073261260986328125,-0.0024423599243164062,-0.1782665252685547,0.0073261260986328125,-0.0073261260986328125,-0.0073261260986328125,-0.07570171356201172,0.14358901977539062,4.109401702880859,-1.394383430480957,0.11477375030517578,-0.10988998413085938,0.0,-0.14666075534974277,5.398269956288282,-1.3584983969943245,0.007779118137411304,-0.005150492151947743
44,2,heldout,3,-1,-0.3490658503988659,0.4699524489988107,3,s,af3726fcacd0ac1320a56ea850b0a2c0f5430cf4eb20a45c078706980f08407e,d24fbe3839599a6a097188bae8cd47ce8083f27deef1341ae3086bf0d5a45bd1,87f63c0590d05baea263cdc42c6e1df2d063fa2def309ecb0283f3036bf33d46,87f63c0590d05baea263cdc42c6e1df2d063fa2def309ecb0283f3036bf33d46,1787977908.4894376,36492.361,18246238,0,0.9584569931030273,1.0427637100219727,1.592087745666504,0.00019073486328125,-0.00362396240234375,0.00476837158203125,-0.0073261260986328125,-0.0024423599243164062,-0.1782665252685547,0.03663063049316406,-0.0073261260986328125,-0.0073261260986328125,-0.07570171356201172,0.1299152374267578,4.205127716064453,-1.3992671966552734,0.1196584701538086,-0.10988998413085938,0.0,-0.15135568098815733,5.402964881926697,-1.3594407679276812,0.007934672114646529,-0.0051606827847884736
44,2,heldout,3,-1,-0.3490658503988659,0.4718683890023385,3,s,af3726fcacd0ac1320a56ea850b0a2c0f5430cf4eb20a45c078706980f08407e,d24fbe3839599a6a097188bae8cd47ce8083f27deef1341ae3086bf0d5a45bd1,87f63c0590d05baea263cdc42c6e1df2d063fa2def309ecb0283f3036bf33d46,87f63c0590d05baea263cdc42c6e1df2d063fa2def309ecb0283f3036bf33d46,1787977908.4913518,36492.363,18246239,0,0.9584569931030273,1.0427637100219727,1.5917062759399414,0.00019073486328125,-0.00362396240234375,0.00476837158203125,-0.021978378295898438,-0.0024423599243164062,-0.1782665252685547,0.03663063049316406,-0.0073261260986328125,-0.0073261260986328125,-0.07570171356201172,0.11623954772949219,4.150428771972656,-1.413919448852539,0.1196584701538086,-0.10988998413085938,0.0,-0.15370441098642673,5.405313611924966,-1.359914103052216,0.007929725024723094,-0.005161822755006679
44,2,heldout,3,-1,-0.3490658503988659,0.47379943700070726,3,s,af3726fcacd0ac1320a56ea850b0a2c0f5430cf4eb20a45c078706980f08407e,d24fbe3839599a6a097188bae8cd47ce8083f27deef1341ae3086bf0d5a45bd1,87f63c0590d05baea263cdc42c6e1df2d063fa2def309ecb0283f3036bf33d46,87f63c0590d05baea263cdc42c6e1df2d063fa2def309ecb0283f3036bf33d46,1787977908.4932847,36492.365,18246240,0,0.9584569931030273,1.0427637100219727,1.5909433364868164,0.00057220458984375,-0.00324249267578125,0.00476837158203125,-0.021978378295898438,-0.0024423599243164062,-0.17338180541992188,0.03663063049316406,0.0073261260986328125,-0.0073261260986328125,-0.07570171356201172,0.11623954772949219,4.123077392578125,-1.4236869812011719,0.11477375030517578,-0.10988998413085938,0.0,-0.15887715172100703,5.410486352659547,-1.3613378203614461,0.007750050349611727,-0.005157359269514202
44,2,heldout,3,-1,-0.3490658503988659,0.47571709800104145,3,s,af3726fcacd0ac1320a56ea850b0a2c0f5430cf4eb20a45c078706980f08407e,d24fbe3839599a6a097188bae8cd47ce8083f27deef1341ae3086bf0d5a45bd1,87f63c0590d05baea263cdc42c6e1df2d063fa2def309ecb0283f3036bf33d46,87f63c0590d05baea263cdc42c6e1df2d063fa2def309ecb0283f3036bf33d46,1787977908.4952033,36492.367,18246241,0,0.9584569931030273,1.0427637100219727,1.5901803970336914,0.00019073486328125,-0.00324249267578125,0.00476837158203125,-0.0073261260986328125,-0.0024423599243164062,-0.16849803924560547,0.021978378295898438,-0.0073261260986328125,-0.0073261260986328125,-0.07570171356201172,0.11623954772949219,4.150428771972656,-1.433455467224121,0.11477375030517578,-0.10988998413085938,0.0,-0.16309636250860327,5.414705563447144,-1.3618103646382291,0.007745201766965336,-0.0051585011633483065
44,2,heldout,3,-1,-0.3490658503988659,0.477630676003173,3,s,af3726fcacd0ac1320a56ea850b0a2c0f5430cf4eb20a45c078706980f08407e,d24fbe3839599a6a097188bae8cd47ce8083f27deef1341ae3086bf0d5a45bd1,87f63c0590d05baea263cdc42c6e1df2d063fa2def309ecb0283f3036bf33d46,87f63c0590d05baea263cdc42c6e1df2d063fa2def309ecb0283f3036bf33d46,1787977908.4976773,36492.369,18246242,0,0.9584569931030273,1.0427637100219727,1.5894174575805664,0.00019073486328125,-0.00324249267578125,0.00476837158203125,-0.021978378295898438,-0.0024423599243164062,-0.16849803924560547,0.0073261260986328125,0.0073261260986328125,-0.0073261260986328125,-0.07570171356201172,0.11623954772949219,4.136753082275391,-1.4383392333984375,0.11477375030517578,-0.10988998413085938,0.0,-0.16778516390040576,5.419394364838947,-1.3627548586145983,0.007735501221152732,-0.005160782698868334
44,2,heldout,3,-1,-0.3490658503988659,0.48011618400050793,3,s,af3726fcacd0ac1320a56ea850b0a2c0f5430cf4eb20a45c078706980f08407e,d24fbe3839599a6a097188bae8cd47ce8083f27deef1341ae3086bf0d5a45bd1,87f63c0590d05baea263cdc42c6e1df2d063fa2def309ecb0283f3036bf33d46,87f63c0590d05baea263cdc42c6e1df2d063fa2def309ecb0283f3036bf33d46,1787977908.4996123,36492.371,18246243,0,0.9584569931030273,1.0427637100219727,1.5886545181274414,0.00019073486328125,-0.00324249267578125,0.00476837158203125,0.0073261260986328125,-0.0024423599243164062,-0.17338180541992188,-0.0073261260986328125,-0.0073261260986328125,-0.0073261260986328125,-0.07570171356201172,0.11623954772949219,4.232479095458984,-1.4383392333984375,0.11477375030517578,-0.10988998413085938,0.0,-0.1724708107896682,5.424080011728208,-1.3636985593632784,0.007725796172686028,-0.005163061230417613
44,2,heldout,3,-1,-0.3490658503988659,0.48204802500549704,3,s,af3726fcacd0ac1320a56ea850b0a2c0f5430cf4eb20a45c078706980f08407e,d24fbe3839599a6a097188bae8cd47ce8083f27deef1341ae3086bf0d5a45bd1,87f63c0590d05baea263cdc42c6e1df2d063fa2def309ecb0283f3036bf33d46,87f63c0590d05baea263cdc42c6e1df2d063fa2def309ecb0283f3036bf33d46,1787977908.501516,36492.373,18246244,0,0.9584569931030273,1.0427637100219727,1.5878915786743164,0.00019073486328125,-0.00324249267578125,0.00476837158203125,-0.021978378295898438,-0.0024423599243164062,-0.1831502914428711,0.0073261260986328125,-0.0073261260986328125,-0.0073261260986328125,-0.07570171356201172,0.11623954772949219,4.355556488037109,-1.433455467224121,0.11477375030517578,-0.10988998413085938,0.0,-0.17715330044898203,5.428762501387523,-1.3646414663349644,0.007716086627214298,-0.005165336756669867
44,2,heldout,3,-1,-0.3490658503988659,0.48394665399973746,3,s,af3726fcacd0ac1320a56ea850b0a2c0f5430cf4eb20a45c078706980f08407e,d24fbe3839599a6a097188bae8cd47ce8083f27deef1341ae3086bf0d5a45bd1,87f63c0590d05baea263cdc42c6e1df2d063fa2def309ecb0283f3036bf33d46,87f63c0590d05baea263cdc42c6e1df2d063fa2def309ecb0283f3036bf33d46,1787977908.5034175,36492.375,18246245,0,0.9584569931030273,1.0427637100219727,1.5871286392211914,0.00019073486328125,-0.00362396240234375,0.00476837158203125,-0.0073261260986328125,-0.0024423599243164062,-0.1880340576171875,0.0073261260986328125,-0.021978378295898438,-0.0073261260986328125,-0.07570171356201172,0.11623954772949219,4.287178039550781,-1.4285717010498047,0.11477375030517578,-0.10988998413085938,0.0,-0.1818277203514438,5.433436921289985,-1.3655786691794756,0.007870270145405879,-0.0051754437610539075
44,2,heldout,3,-1,-0.3490658503988659,0.4858477210000274,3,s,af3726fcacd0ac1320a56ea850b0a2c0f5430cf4eb20a45c078706980f08407e,d24fbe3839599a6a097188bae8cd47ce8083f27deef1341ae3086bf0d5a45bd1,87f63c0590d05baea263cdc42c6e1df2d063fa2def309ecb0283f3036bf33d46,87f63c0590d05baea263cdc42c6e1df2d063fa2def309ecb0283f3036bf33d46,1787977908.5053234,36492.377,18246246,0,0.9584569931030273,1.0427637100219727,1.5863656997680664,0.00019073486328125,-0.00324249267578125,0.00476837158203125,-0.0073261260986328125,-0.0024423599243164062,-0.1929178237915039,-0.021978378295898438,-0.0073261260986328125,-0.0073261260986328125,-0.07570171356201172,0.11623954772949219,4.341880798339844,-1.4236869812011719,0.11477375030517578,-0.10988998413085938,0.0,-0.1865087971773376,5.438117998115876,-1.3665248967524368,0.007696654067865195,-0.0051698787879869154
44,2,heldout,3,-1,-0.3490658503988659,0.4877515160042094,3,s,af3726fcacd0ac1320a56ea850b0a2c0f5430cf4eb20a45c078706980f08407e,d24fbe3839599a6a097188bae8cd47ce8083f27deef1341ae3086bf0d5a45bd1,87f63c0590d05baea263cdc42c6e1df2d063fa2def309ecb0283f3036bf33d46,87f63c0590d05baea263cdc42c6e1df2d063fa2def309ecb0283f3036bf33d46,1787977908.5079353,36492.379,18246247,0,0.9584569931030273,1.0427637100219727,1.5856027603149414,0.00019073486328125,-0.00362396240234375,0.00476837158203125,-0.0073261260986328125,-0.0024423599243164062,-0.19780254364013672,-0.0073261260986328125,-0.0073261260986328125,-0.0073261260986328125,-0.07570171356201172,0.11623954772949219,4.3145294189453125,-1.4188032150268555,0.11477375030517578,-0.10988998413085938,0.0,-0.19117688447174186,5.442786085410281,-1.3674605047729058,0.007850415141939092,-0.00517996001043665
44,2,heldout,3,-1,-0.3490658503988659,0.49037503500585444,3,s,af3726fcacd0ac1320a56ea850b0a2c0f5430cf4eb20a45c078706980f08407e,d24fbe3839599a6a097188bae8cd47ce8083f27deef1341ae3086bf0d5a45bd1,87f63c0590d05baea263cdc42c6e1df2d063fa2def309ecb0283f3036bf33d46,87f63c0590d05baea263cdc42c6e1df2d063fa2def309ecb0283f3036bf33d46,1787977908.509314,36492.381,18246248,0,0.9584569931030273,1.0427637100219727,1.585221290588379,0.00019073486328125,-0.00324249267578125,0.00476837158203125,-0.0073261260986328125,-0.0024423599243164062,-0.1929178237915039,-0.03663063049316406,-0.0073261260986328125,-0.0073261260986328125,-0.07570171356201172,0.11623954772949219,4.287178039550781,-1.413919448852539,0.1196584701538086,-0.11477375030517578,0.0,-0.1935171117369603,5.4451263126755,-1.3679353818222653,0.007682067885768704,-0.005173277412731539
44,2,heldout,3,-1,-0.3490658503988659,0.4917511310050031,3,s,af3726fcacd0ac1320a56ea850b0a2c0f5430cf4eb20a45c078706980f08407e,d24fbe3839599a6a097188bae8cd47ce8083f27deef1341ae3086bf0d5a45bd1,87f63c0590d05baea263cdc42c6e1df2d063fa2def309ecb0283f3036bf33d46,87f63c0590d05baea263cdc42c6e1df2d063fa2def309ecb0283f3036bf33d46,1787977908.5112607,36492.383,18246249,0,0.9584569931030273,1.0427637100219727,1.584458351135254,0.00019073486328125,-0.00362396240234375,0.00476837158203125,-0.0073261260986328125,-0.0073261260986328125,-0.1880340576171875,-0.03663063049316406,-0.0073261260986328125,-0.0073261260986328125,-0.07570171356201172,0.10256385803222656,4.273506164550781,-1.4041509628295898,0.1196584701538086,-0.11477375030517578,0.0,-0.19818044244191158,5.449789643380451,-1.3688697922949378,0.007835511891761161,-0.005183339283323648
44,2,heldout,3,-1,-0.3490658503988659,0.49371026900189463,3,s,af3726fcacd0ac1320a56ea850b0a2c0f5430cf4eb20a45c078706980f08407e,d24fbe3839599a6a097188bae8cd47ce8083f27deef1341ae3086bf0d5a45bd1,87f63c0590d05baea263cdc42c6e1df2d063fa2def309ecb0283f3036bf33d46,87f63c0590d05baea263cdc42c6e1df2d063fa2def309ecb0283f3036bf33d46,1787977908.513188,36492.384999999995,18246250,0,0.9584569931030273,1.0427637100219727,1.583695411682129,-0.00019073486328125,-0.00324249267578125,0.00476837158203125,-0.0073261260986328125,-0.0073261260986328125,-0.1831502914428711,-0.05128288269042969,-0.0073261260986328125,-0.0073261260986328125,-0.08058643341064453,0.08888816833496094,4.3145294189453125,-1.394383430480957,0.1196584701538086,-0.11477375030517578,0.0,-0.202381270316492,5.453990471255033,-1.3693440753451163,0.0076674716426812515,-0.005176669262178408
44,2,heldout,3,-1,-0.3490658503988659,0.49562192799930926,3,s,af3726fcacd0ac1320a56ea850b0a2c0f5430cf4eb20a45c078706980f08407e,d24fbe3839599a6a097188bae8cd47ce8083f27deef1341ae3086bf0d5a45bd1,87f63c0590d05baea263cdc42c6e1df2d063fa2def309ecb0283f3036bf33d46,87f63c0590d05baea263cdc42c6e1df2d063fa2def309ecb0283f3036bf33d46,1787977908.5156455,36492.386999999995,18246251,0,0.9584569931030273,1.0427637100219727,1.582932472229004,-0.00019073486328125,-0.00324249267578125,0.00476837158203125,-0.021978378295898438,-0.012209892272949219,-0.1880340576171875,-0.021978378295898438,-0.021978378295898438,-0.0073261260986328125,-0.07570171356201172,0.08888816833496094,4.341880798339844,-1.3894996643066406,0.1196584701538086,-0.11477375030517578,0.0,-0.20704357036407495,5.458652771302615,-1.3702822081453017,0.007657735233956465,-0.0051789267288946325
44,2,heldout,3,-1,-0.3490658503988659,0.498078208998777,3,s,af3726fcacd0ac1320a56ea850b0a2c0f5430cf4eb20a45c078706980f08407e,d24fbe3839599a6a097188bae8cd47ce8083f27deef1341ae3086bf0d5a45bd1,87f63c0590d05baea263cdc42c6e1df2d063fa2def309ecb0283f3036bf33d46,87f63c0590d05baea263cdc42c6e1df2d063fa2def309ecb0283f3036bf33d46,1787977908.5175536,36492.388999999996,18246252,0,0.9584569931030273,1.0427637100219727,1.582169532775879,-0.00019073486328125,-0.00324249267578125,0.00476837158203125,-0.0073261260986328125,-0.012209892272949219,-0.1880340576171875,-0.03663063049316406,-0.0073261260986328125,-0.0073261260986328125,-0.07570171356201172,0.08888816833496094,4.382907867431641,-1.3846149444580078,0.11477375030517578,-0.11477375030517578,0.0,-0.21170269305771527,5.463311893996255,-1.371219543336304,0.007647994367843334,-0.005181181181078892
44,2,heldout,3,-1,-0.3490658503988659,0.4999894030042924,3,s,af3726fcacd0ac1320a56ea850b0a2c0f5430cf4eb20a45c078706980f08407e,d24fbe3839599a6a097188bae8cd47ce8083f27deef1341ae3086bf0d5a45bd1,87f63c0590d05baea263cdc42c6e1df2d063fa2def309ecb0283f3036bf33d46,87f63c0590d05baea263cdc42c6e1df2d063fa2def309ecb0283f3036bf33d46,1787977908.5195358,36492.390999999996,18246253,0,0.9584569931030273,1.0427637100219727,1.581406593322754,0.00019073486328125,-0.00324249267578125,0.00476837158203125,-0.0073261260986328125,-0.012209892272949219,-0.1929178237915039,-0.0073261260986328125,0.0073261260986328125,-0.0073261260986328125,-0.07570171356201172,0.08888816833496094,4.355556488037109,-1.3846149444580078,0.11477375030517578,-0.10988998413085938,0.0,-0.2168266047251397,5.468435805663679,-1.3726240494122153,0.007633374723474181,-0.005184557204237755
44,2,heldout,3,-1,-0.3490658503988659,0.5019672100024763,3,s,af3726fcacd0ac1320a56ea850b0a2c0f5430cf4eb20a45c078706980f08407e,d24fbe3839599a6a097188bae8cd47ce8083f27deef1341ae3086bf0d5a45bd1,87f63c0590d05baea263cdc42c6e1df2d063fa2def309ecb0283f3036bf33d46,87f63c0590d05baea263cdc42c6e1df2d063fa2def309ecb0283f3036bf33d46,1787977908.5214446,36492.393,18246254,0,0.9584569931030273,1.0427637100219727,1.580643653869629,0.00019073486328125,-0.00324249267578125,0.00476837158203125,0.0073261260986328125,-0.012209892272949219,-0.1929178237915039,-0.0073261260986328125,0.0073261260986328125,-0.0073261260986328125,-0.07570171356201172,0.0615386962890625,4.382907867431641,-1.3894996643066406,0.11477375030517578,-0.10988998413085938,0.0,-0.22147896502260633,5.473088165961146,-1.3735593881942736,0.007623622738701805,-0.005186804114354792
44,2,heldout,3,-1,-0.3490658503988659,0.5038751520041842,3,s,af3726fcacd0ac1320a56ea850b0a2c0f5430cf4eb20a45c078706980f08407e,d24fbe3839599a6a097188bae8cd47ce8083f27deef1341ae3086bf0d5a45bd1,87f63c0590d05baea263cdc42c6e1df2d063fa2def309ecb0283f3036bf33d46,87f63c0590d05baea263cdc42c6e1df2d063fa2def309ecb0283f3036bf33d46,1787977908.5233748,36492.395,18246255,0,0.9584569931030273,1.0427637100219727,1.579880714416504,0.00019073486328125,-0.00362396240234375,0.00476837158203125,-0.0073261260986328125,-0.012209892272949219,-0.1880340576171875,-0.021978378295898438,-0.021978378295898438,-0.0073261260986328125,-0.07570171356201172,0.07521438598632812,4.3145294189453125,-1.394383430480957,0.11477375030517578,-0.10988998413085938,0.0,-0.22612320835779376,5.477732409296335,-1.3744889962537459,0.00777579646691147,-0.005196788445992578
44,2,heldout,3,-1,-0.3490658503988659,0.5058081210008822,3,s,af3726fcacd0ac1320a56ea850b0a2c0f5430cf4eb20a45c078706980f08407e,d24fbe3839599a6a097188bae8cd47ce8083f27deef1341ae3086bf0d5a45bd1,87f63c0590d05baea263cdc42c6e1df2d063fa2def309ecb0283f3036bf33d46,87f63c0590d05baea263cdc42c6e1df2d063fa2def309ecb0283f3036bf33d46,1787977908.5252512,36492.397,18246256,0,0.9584569931030273,1.0427637100219727,1.579117774963379,0.00019073486328125,-0.00324249267578125,0.00476837158203125,-0.0073261260986328125,-0.012209892272949219,-0.1831502914428711,-0.0073261260986328125,-0.0073261260986328125,-0.0073261260986328125,-0.07570171356201172,0.07521438598632812,4.355556488037109,-1.3992671966552734,0.11477375030517578,-0.10988998413085938,0.0,-0.23077412564202704,5.482383326580568,-1.3754276666641605,0.007604105462239271,-0.00519128887593114
44,2,heldout,3,-1,-0.3490658503988659,0.5076733919995604,3,s,af3726fcacd0ac1320a56ea850b0a2c0f5430cf4eb20a45c078706980f08407e,d24fbe3839599a6a097188bae8cd47ce8083f27deef1341ae3086bf0d5a45bd1,87f63c0590d05baea263cdc42c6e1df2d063fa2def309ecb0283f3036bf33d46,87f63c0590d05baea263cdc42c6e1df2d063fa2def309ecb0283f3036bf33d46,1787977908.5277507,36492.399,18246257,0,0.9584569931030273,1.0423822402954102,1.578354835510254,0.00019073486328125,-0.00324249267578125,0.00476837158203125,-0.021978378295898438,-0.012209892272949219,-0.1782665252685547,0.0073261260986328125,-0.0073261260986328125,-0.0073261260986328125,-0.07570171356201172,0.07521438598632812,4.24615478515625,-1.4041509628295898,0.11477375030517578,-0.10988998413085938,0.0,-0.22966073168754808,5.48470512310111,-1.3758942360738136,0.00759922337499073,-0.005192408178152969
44,2,heldout,3,-1,-0.3490658503988659,0.5101840580027783,3,s,af3726fcacd0ac1320a56ea850b0a2c0f5430cf4eb20a45c078706980f08407e,d24fbe3839599a6a097188bae8cd47ce8083f27deef1341ae3086bf0d5a45bd1,87f63c0590d05baea263cdc42c6e1df2d063fa2def309ecb0283f3036bf33d46,87f63c0590d05baea263cdc42c6e1df2d063fa2def309ecb0283f3036bf33d46,1787977908.5296624,36492.401,18246258,0,0.9584569931030273,1.0423822402954102,1.5779733657836914,0.00019073486328125,-0.00324249267578125,0.00476837158203125,-0.0073261260986328125,-0.012209892272949219,-0.16849803924560547,0.0073261260986328125,-0.0073261260986328125,-0.0073261260986328125,-0.07570171356201172,0.07521438598632812,4.259830474853516,-1.4090356826782227,0.11477375030517578,-0.10988998413085938,0.0,-0.23198173007846123,5.487026121492024,-1.3763606052645072,0.007594340181909659,-0.005193526724779971
44,2,heldout,3,-1,-0.3490658503988659,0.5120882940027514,3,s,af3726fcacd0ac1320a56ea850b0a2c0f5430cf4eb20a45c078706980f08407e,d24fbe3839599a6a097188bae8cd47ce8083f27deef1341ae3086bf0d5a45bd1,87f63c0590d05baea263cdc42c6e1df2d063fa2def309ecb0283f3036bf33d46,87f63c0590d05baea263cdc42c6e1df2d063fa2def309ecb0283f3036bf33d46,1787977908.5315466,36492.403,18246259,0,0.9584569931030273,1.0423822402954102,1.5772104263305664,0.00019073486328125,-0.00324249267578125,0.00476837158203125,-0.0073261260986328125,-0.012209892272949219,-0.16849803924560547,0.021978378295898438,-0.0073261260986328125,-0.0073261260986328125,-0.07081794738769531,0.0615386962890625,4.287178039550781,-1.4188032150268555,0.11477375030517578,-0.10988998413085938,0.0,-0.23662133112051653,5.491665722534079,-1.3772927427175787,0.007584570481092476,-0.005195761550598526
44,2,heldout,3,-1,-0.3490658503988659,0.5139904060051776,3,s,af3726fcacd0ac1320a56ea850b0a2c0f5430cf4eb20a45c078706980f08407e,d24fbe3839599a6a097188bae8cd47ce8083f27deef1341ae3086bf0d5a45bd1,87f63c0590d05baea263cdc42c6e1df2d063fa2def309ecb0283f3036bf33d46,87f63c0590d05baea263cdc42c6e1df2d063fa2def309ecb0283f3036bf33d46,1787977908.5334284,36492.405,18246260,0,0.9584569931030273,1.0423822402954102,1.5764474868774414,0.00019073486328125,-0.00362396240234375,0.00476837158203125,-0.0073261260986328125,-0.012209892272949219,-0.1782665252685547,0.0073261260986328125,-0.03663063049316406,-0.0073261260986328125,-0.07570171356201172,0.0615386962890625,4.369232177734375,-1.4236869812011719,0.11477375030517578,-0.10988998413085938,0.0,-0.24125279545174227,5.496297186865305,-1.3782191383399798,0.007735895584268821,-0.005205694073266902
44,2,heldout,3,-1,-0.3490658503988659,0.515851169002417,3,s,af3726fcacd0ac1320a56ea850b0a2c0f5430cf4eb20a45c078706980f08407e,d24fbe3839599a6a097188bae8cd47ce8083f27deef1341ae3086bf0d5a45bd1,87f63c0590d05baea263cdc42c6e1df2d063fa2def309ecb0283f3036bf33d46,87f63c0590d05baea263cdc42c6e1df2d063fa2def309ecb0283f3036bf33d46,1787977908.5352921,36492.407,18246261,0,0.9584569931030273,1.0423822402954102,1.5756845474243164,0.00019073486328125,-0.00324249267578125,0.00476837158203125,-0.021978378295898438,-0.0073261260986328125,-0.1831502914428711,0.021978378295898438,-0.0073261260986328125,-0.0073261260986328125,-0.07570171356201172,0.0615386962890625,4.410255432128906,-1.433455467224121,0.1196584701538086,-0.10988998413085938,0.0,-0.2458909407958576,5.50093533220942,-1.3791546120120615,0.007565017840744844,-0.0052002221279432
44,2,heldout,3,-1,-0.3490658503988659,0.517718679002428,3,s,af3726fcacd0ac1320a56ea850b0a2c0f5430cf4eb20a45c078706980f08407e,d24fbe3839599a6a097188bae8cd47ce8083f27deef1341ae3086bf0d5a45bd1,87f63c0590d05baea263cdc42c6e1df2d063fa2def309ecb0283f3036bf33d46,87f63c0590d05baea263cdc42c6e1df2d063fa2def309ecb0283f3036bf33d46,1787977908.5378053,36492.409,18246262,0,0.9584569931030273,1.0423822402954102,1.5749216079711914,0.00057220458984375,-0.00362396240234375,0.00476837158203125,-0.0073261260986328125,-0.0073261260986328125,-0.1880340576171875,0.021978378295898438,-0.0073261260986328125,-0.0073261260986328125,-0.07570171356201172,0.0615386962890625,4.4376068115234375,-1.443222999572754,0.1196584701538086,-0.10988998413085938,0.0,-0.2509805625012913,5.506024953914853,-1.3805439612374886,0.0077109209230978755,-0.005211235475912282
44,2,heldout,3,-1,-0.3490658503988659,0.5202394740044838,3,s,af3726fcacd0ac1320a56ea850b0a2c0f5430cf4eb20a45c078706980f08407e,d24fbe3839599a6a097188bae8cd47ce8083f27deef1341ae3086bf0d5a45bd1,87f63c0590d05baea263cdc42c6e1df2d063fa2def309ecb0283f3036bf33d46,87f63c0590d05baea263cdc42c6e1df2d063fa2def309ecb0283f3036bf33d46,1787977908.5391803,36492.411,18246263,0,0.9584569931030273,1.0423822402954102,1.5741586685180664,0.00057220458984375,-0.00362396240234375,0.00476837158203125,0.0073261260986328125,-0.0024423599243164062,-0.1929178237915039,0.021978378295898438,-0.0073261260986328125,-0.0073261260986328125,-0.07570171356201172,0.047863006591796875,4.369232177734375,-1.4529914855957031,0.1196584701538086,-0.10988998413085938,0.0,-0.25560695699876246,5.510651348412324,-1.3814724846008253,0.0077009231989337065,-0.005213446729756677
44,2,heldout,3,-1,-0.3490658503988659,0.521610112999042,3,s,af3726fcacd0ac1320a56ea850b0a2c0f5430cf4eb20a45c078706980f08407e,d24fbe3839599a6a097188bae8cd47ce8083f27deef1341ae3086bf0d5a45bd1,87f63c0590d05baea263cdc42c6e1df2d063fa2def309ecb0283f3036bf33d46,87f63c0590d05baea263cdc42c6e1df2d063fa2def309ecb0283f3036bf33d46,1787977908.5416284,36492.413,18246264,0,0.9584569931030273,1.0423822402954102,1.5733957290649414,0.00057220458984375,-0.00362396240234375,0.00476837158203125,-0.021978378295898438,-0.0073261260986328125,-0.1880340576171875,0.021978378295898438,-0.0073261260986328125,-0.0073261260986328125,-0.07570171356201172,0.047863006591796875,4.382907867431641,-1.4578752517700195,0.1196584701538086,-0.10988998413085938,0.0,-0.26023014387513865,5.515274535288701,-1.3824002038413816,0.007690920992242493,-0.005215654948975824
44,2,heldout,3,-1,-0.3490658503988659,0.5240513680037111,3,s,af3726fcacd0ac1320a56ea850b0a2c0f5430cf4eb20a45c078706980f08407e,d24fbe3839599a6a097188bae8cd47ce8083f27deef1341ae3086bf0d5a45bd1,87f63c0590d05baea263cdc42c6e1df2d063fa2def309ecb0283f3036bf33d46,87f63c0590d05baea263cdc42c6e1df2d063fa2def309ecb0283f3036bf33d46,1787977908.5435123,36492.415,18246265,0,0.9584569931030273,1.0423822402954102,1.5726327896118164,0.00057220458984375,-0.00324249267578125,0.00476837158203125,-0.0073261260986328125,-0.0073261260986328125,-0.1831502914428711,0.0073261260986328125,-0.0073261260986328125,-0.0073261260986328125,-0.08058643341064453,0.03418731689453125,4.341880798339844,-1.4578752517700195,0.1196584701538086,-0.10988998413085938,0.0,-0.2648550727906589,5.5198994642042205,-1.3833320707704395,0.007520960069378788,-0.005210214142384072
44,2,heldout,3,-1,-0.3490658503988659,0.5259467490031966,3,s,af3726fcacd0ac1320a56ea850b0a2c0f5430cf4eb20a45c078706980f08407e,d24fbe3839599a6a097188bae8cd47ce8083f27deef1341ae3086bf0d5a45bd1,87f63c0590d05baea263cdc42c6e1df2d063fa2def309ecb0283f3036bf33d46,87f63c0590d05baea263cdc42c6e1df2d063fa2def309ecb0283f3036bf33d46,1787977908.545581,36492.417,18246266,0,0.9584569931030273,1.0423822402954102,1.5718698501586914,0.00057220458984375,-0.00362396240234375,0.00476837158203125,-0.0073261260986328125,-0.0073261260986328125,-0.1831502914428711,0.0073261260986328125,-0.0073261260986328125,-0.0073261260986328125,-0.08058643341064453,0.047863006591796875,4.273506164550781,-1.4529914855957031,0.1196584701538086,-0.11477375030517578,0.0,-0.26946688400228,5.524511275415842,-1.3842532277946067,0.007670903154569737,-0.0052200622783987365
44,2,heldout,3,-1,-0.3490658503988659,0.5280130410028505,3,s,af3726fcacd0ac1320a56ea850b0a2c0f5430cf4eb20a45c078706980f08407e,d24fbe3839599a6a097188bae8cd47ce8083f27deef1341ae3086bf0d5a45bd1,87f63c0590d05baea263cdc42c6e1df2d063fa2def309ecb0283f3036bf33d46,87f63c0590d05baea263cdc42c6e1df2d063fa2def309ecb0283f3036bf33d46,1787977908.5474951,36492.419,18246267,0,0.9584569931030273,1.0423822402954102,1.5711069107055664,0.00019073486328125,-0.00324249267578125,0.00476837158203125,-0.0073261260986328125,-0.012209892272949219,-0.1831502914428711,-0.021978378295898438,0.0073261260986328125,-0.0073261260986328125,-0.07570171356201172,0.047863006591796875,4.328205108642578,-1.4481077194213867,0.1196584701538086,-0.10988998413085938,0.0,-0.2736228364771567,5.528667227890717,-1.3847209360292745,0.007506254419947112,-0.005213531172326027
44,2,heldout,3,-1,-0.3490658503988659,0.52992098100367,3,s,af3726fcacd0ac1320a56ea850b0a2c0f5430cf4eb20a45c078706980f08407e,d24fbe3839599a6a097188bae8cd47ce8083f27deef1341ae3086bf0d5a45bd1,87f63c0590d05baea263cdc42c6e1df2d063fa2def309ecb0283f3036bf33d46,87f63c0590d05baea263cdc42c6e1df2d063fa2def309ecb0283f3036bf33d46,1787977908.549352,36492.420999999995,18246268,0,0.9584569931030273,1.0423822402954102,1.5703439712524414,0.00019073486328125,-0.00362396240234375,0.00476837158203125,-0.0073261260986328125,-0.0073261260986328125,-0.1831502914428711,-0.05128288269042969,-0.0073261260986328125,-0.0073261260986328125,-0.08058643341064453,0.047863006591796875,4.287178039550781,-1.4383392333984375,0.1196584701538086,-0.10988998413085938,0.0,-0.27822861351835315,5.533273004931915,-1.3856408809243563,0.007655878053002115,-0.00522335980002769
44,2,heldout,3,-1,-0.3490658503988659,0.5317747190056252,3,s,af3726fcacd0ac1320a56ea850b0a2c0f5430cf4eb20a45c078706980f08407e,d24fbe3839599a6a097188bae8cd47ce8083f27deef1341ae3086bf0d5a45bd1,87f63c0590d05baea263cdc42c6e1df2d063fa2def309ecb0283f3036bf33d46,87f63c0590d05baea263cdc42c6e1df2d063fa2def309ecb0283f3036bf33d46,1787977908.5519495,36492.422999999995,18246269,0,0.9584569931030273,1.0423822402954102,1.5695810317993164,0.00019073486328125,-0.00324249267578125,0.00476837158203125,-0.0073261260986328125,-0.0073261260986328125,-0.1831502914428711,-0.021978378295898438,-0.0073261260986328125,-0.0073261260986328125,-0.08058643341064453,0.03418731689453125,4.410255432128906,-1.4285717010498047,0.1196584701538086,-0.11477375030517578,0.0,-0.2828410855134049,5.5378854769269665,-1.3865699350128151,0.00748663159845097,-0.005217943256805981
44,2,heldout,3,-1,-0.3490658503988659,0.5344032530047116,3,s,af3726fcacd0ac1320a56ea850b0a2c0f5430cf4eb20a45c078706980f08407e,d24fbe3839599a6a097188bae8cd47ce8083f27deef1341ae3086bf0d5a45bd1,87f63c0590d05baea263cdc42c6e1df2d063fa2def309ecb0283f3036bf33d46,87f63c0590d05baea263cdc42c6e1df2d063fa2def309ecb0283f3036bf33d46,1787977908.5538676,36492.424999999996,18246270,0,0.9584569931030273,1.0423822402954102,1.569199562072754,0.00019073486328125,-0.00324249267578125,0.00476837158203125,0.0073261260986328125,-0.0073261260986328125,-0.1880340576171875,-0.03663063049316406,0.0073261260986328125,-0.0073261260986328125,-0.08058643341064453,0.047863006591796875,4.396579742431641,-1.4236869812011719,0.1196584701538086,-0.11477375030517578,0.0,-0.2851436339395941,5.540188025353156,-1.3870316804955949,0.007481723167671176,-0.005219044380050295
44,2,heldout,3,-1,-0.3490658503988659,0.5362978630000725,3,s,af3726fcacd0ac1320a56ea850b0a2c0f5430cf4eb20a45c078706980f08407e,d24fbe3839599a6a097188bae8cd47ce8083f27deef1341ae3086bf0d5a45bd1,87f63c0590d05baea263cdc42c6e1df2d063fa2def309ecb0283f3036bf33d46,87f63c0590d05baea263cdc42c6e1df2d063fa2def309ecb0283f3036bf33d46,1787977908.555788,36492.426999999996,18246271,0,0.9584569931030273,1.0423822402954102,1.568436622619629,0.00019073486328125,-0.00324249267578125,0.00476837158203125,-0.0073261260986328125,-0.0073261260986328125,-0.1880340576171875,-0.021978378295898438,-0.021978378295898438,-0.0073261260986328125,-0.07570171356201172,0.03418731689453125,4.410255432128906,-1.4188032150268555,0.11477375030517578,-0.10988998413085938,0.0,-0.28974631184665545,5.544790703260218,-1.3879545658749741,0.007471903040624018,-0.005221244347966083
44,2,heldout,3,-1,-0.3490658503988659,0.5382159729997511,3,s,af3726fcacd0ac1320a56ea850b0a2c0f5430cf4eb20a45c078706980f08407e,d24fbe3839599a6a097188bae8cd47ce8083f27deef1341ae3086bf0d5a45bd1,87f63c0590d05baea263cdc42c6e1df2d063fa2def309ecb0283f3036bf33d46,87f63c0590d05baea263cdc42c6e1df2d063fa2def309ecb0283f3036bf33d46,1787977908.557098,36492.429,18246272,0,0.9584569931030273,1.0423822402954102,1.567673683166504,0.00019073486328125,-0.00362396240234375,0.00476837158203125,-0.0073261260986328125,-0.0073261260986328125,-0.1880340576171875,-0.03663063049316406,-0.021978378295898438,-0.0073261260986328125,-0.07570171356201172,0.020513534545898438,4.464958190917969,-1.413919448852539,0.11477375030517578,-0.10988998413085938,0.0,-0.2943407966885714,5.549385188102134,-1.388871677786171,0.007620780524026848,-0.005231027406256068
44,2,heldout,3,-1,-0.3490658503988659,0.5395199449994834,3,s,af3726fcacd0ac1320a56ea850b0a2c0f5430cf4eb20a45c078706980f08407e,d24fbe3839599a6a097188bae8cd47ce8083f27deef1341ae3086bf0d5a45bd1,87f63c0590d05baea263cdc42c6e1df2d063fa2def309ecb0283f3036bf33d46,87f63c0590d05baea263cdc42c6e1df2d063fa2def309ecb0283f3036bf33d46,1787977908.5595016,36492.431,18246273,0,0.9584569931030273,1.0423822402954102,1.566910743713379,0.00019073486328125,-0.00324249267578125,0.00476837158203125,0.0073261260986328125,-0.0073261260986328125,-0.1782665252685547,-0.03663063049316406,-0.0073261260986328125,-0.0073261260986328125,-0.07570171356201172,0.020513534545898438,4.423931121826172,-1.4090356826782227,0.11477375030517578,-0.10988998413085938,0.0,-0.2989419825051096,5.553986373918672,-1.3897979124094704,0.007452249744588976,-0.005225635165026708
44,2,heldout,3,-1,-0.3490658503988659,0.5419343100002152,3,s,af3726fcacd0ac1320a56ea850b0a2c0f5430cf4eb20a45c078706980f08407e,d24fbe3839599a6a097188bae8cd47ce8083f27deef1341ae3086bf0d5a45bd1,87f63c0590d05baea263cdc42c6e1df2d063fa2def309ecb0283f3036bf33d46,87f63c0590d05baea263cdc42c6e1df2d063fa2def309ecb0283f3036bf33d46,1787977908.5613892,36492.433,18246274,0,0.9584569931030273,1.0423822402954102,1.566147804260254,0.00019073486328125,-0.00324249267578125,0.00476837158203125,-0.021978378295898438,-0.0073261260986328125,-0.1782665252685547,-0.0073261260986328125,0.0073261260986328125,-0.0073261260986328125,-0.07570171356201172,0.020513534545898438,4.451282501220703,-1.4090356826782227,0.1196584701538086,-0.10988998413085938,0.0,-0.3035349699039138,5.558579361317476,-1.3907183724916172,0.007442416587040814,-0.005227826011615749
44,2,heldout,3,-1,-0.3490658503988659,0.5438163400031044,3,s,af3726fcacd0ac1320a56ea850b0a2c0f5430cf4eb20a45c078706980f08407e,d24fbe3839599a6a097188bae8cd47ce8083f27deef1341ae3086bf0d5a45bd1,87f63c0590d05baea263cdc42c6e1df2d063fa2def309ecb0283f3036bf33d46,87f63c0590d05baea263cdc42c6e1df2d063fa2def309ecb0283f3036bf33d46,1787977908.5632596,36492.435,18246275,0,0.9584569931030273,1.0423822402954102,1.565384864807129,0.00019073486328125,-0.00324249267578125,0.00476837158203125,-0.0073261260986328125,-0.0073261260986328125,-0.1782665252685547,-0.03663063049316406,-0.0073261260986328125,-0.0073261260986328125,-0.07570171356201172,-0.0068378448486328125,4.341880798339844,-1.4090356826782227,0.11477375030517578,-0.11477375030517578,0.0,-0.30812472178385186,5.5631691131974135,-1.3916380230691696,0.007432579097436249,-0.005230013815209704
44,2,heldout,3,-1,-0.3490658503988659,0.5456832670024596,3,s,af3726fcacd0ac1320a56ea850b0a2c0f5430cf4eb20a45c078706980f08407e,d24fbe3839599a6a097188bae8cd47ce8083f27deef1341ae3086bf0d5a45bd1,87f63c0590d05baea263cdc42c6e1df2d063fa2def309ecb0283f3036bf33d46,87f63c0590d05baea263cdc42c6e1df2d063fa2def309ecb0283f3036bf33d46,1787977908.5657218,36492.437,18246276,0,0.9584569931030273,1.0423822402954102,1.5650033950805664,0.00019073486328125,-0.00324249267578125,0.00476837158203125,-0.0073261260986328125,-0.0024423599243164062,-0.16849803924560547,0.0073261260986328125,-0.0073261260986328125,-0.0073261260986328125,-0.08058643341064453,-0.0068378448486328125,4.328205108642578,-1.4090356826782227,0.11477375030517578,-0.11477375030517578,0.0,-0.31041838356929774,5.56546277498286,-1.39209754462642,0.00742765872990215,-0.005231106575485492
44,2,heldout,3,-1,-0.3490658503988659,0.5481522260015481,3,s,af3726fcacd0ac1320a56ea850b0a2c0f5430cf4eb20a45c078706980f08407e,d24fbe3839599a6a097188bae8cd47ce8083f27deef1341ae3086bf0d5a45bd1,87f63c0590d05baea263cdc42c6e1df2d063fa2def309ecb0283f3036bf33d46,87f63c0590d05baea263cdc42c6e1df2d063fa2def309ecb0283f3036bf33d46,1787977908.56767,36492.439,18246277,0,0.9584569931030273,1.0423822402954102,1.5642404556274414,0.00019073486328125,-0.00324249267578125,0.00476837158203125,-0.0073261260986328125,-0.0073261260986328125,-0.16849803924560547,-0.0073261260986328125,-0.0073261260986328125,-0.0073261260986328125,-0.07570171356201172,-0.0068378448486328125,4.369232177734375,-1.413919448852539,0.11477375030517578,-0.11477375030517578,0.0,-0.3150032771622888,5.570047668575851,-1.3930159799435247,0.007417814752950346,-0.005233289812199605
44,2,heldout,3,-1,-0.3490658503988659,0.5501078610031982,3,s,af3726fcacd0ac1320a56ea850b0a2c0f5430cf4eb20a45c078706980f08407e,d24fbe3839599a6a097188bae8cd47ce8083f27deef1341ae3086bf0d5a45bd1,87f63c0590d05baea263cdc42c6e1df2d063fa2def309ecb0283f3036bf33d46,87f63c0590d05baea263cdc42c6e1df2d063fa2def309ecb0283f3036bf33d46,1787977908.5695868,36492.441,18246278,0,0.9584569931030273,1.0423822402954102,1.5634775161743164,0.00019073486328125,-0.00324249267578125,0.00476837158203125,-0.0073261260986328125,-0.0073261260986328125,-0.16849803924560547,-0.0073261260986328125,-0.0073261260986328125,-0.0073261260986328125,-0.07570171356201172,-0.020513534545898438,4.341880798339844,-1.4188032150268555,0.11477375030517578,-0.11477375030517578,0.0,-0.31958492856098286,5.574629319974545,-1.3939336044186519,0.007407966458262296,-0.005235470002738282
44,2,heldout,3,-1,-0.3490658503988659,0.552019200003997,3,s,af3726fcacd0ac1320a56ea850b0a2c0f5430cf4eb20a45c078706980f08407e,d24fbe3839599a6a097188bae8cd47ce8083f27deef1341ae3086bf0d5a45bd1,87f63c0590d05baea263cdc42c6e1df2d063fa2def309ecb0283f3036bf33d46,87f63c0590d05baea263cdc42c6e1df2d063fa2def309ecb0283f3036bf33d46,1787977908.5715,36492.443,18246279,0,0.9584569931030273,1.0423822402954102,1.5627145767211914,0.00019073486328125,-0.00324249267578125,0.00476837158203125,-0.021978378295898438,-0.0073261260986328125,-0.16361427307128906,-0.0073261260986328125,0.0073261260986328125,-0.0073261260986328125,-0.07570171356201172,-0.020513534545898438,4.3145294189453125,-1.4236869812011719,0.11477375030517578,-0.11477375030517578,0.0,-0.3241633350984998,5.579207726512061,-1.394850417517672,0.007398113851570455,-0.005237647145832476
44,2,heldout,3,-1,-0.3490658503988659,0.5539559079988976,3,s,af3726fcacd0ac1320a56ea850b0a2c0f5430cf4eb20a45c078706980f08407e,d24fbe3839599a6a097188bae8cd47ce8083f27deef1341ae3086bf0d5a45bd1,87f63c0590d05baea263cdc42c6e1df2d063fa2def309ecb0283f3036bf33d46,87f63c0590d05baea263cdc42c6e1df2d063fa2def309ecb0283f3036bf33d46,1787977908.573445,36492.445,18246280,0,0.9584569931030273,1.0423822402954102,1.562333106994629,0.00019073486328125,-0.00362396240234375,0.00476837158203125,-0.0073261260986328125,-0.0073261260986328125,-0.16361427307128906,0.0073261260986328125,-0.021978378295898438,-0.0073261260986328125,-0.07570171356201172,-0.020513534545898438,4.341880798339844,-1.4285717010498047,0.11477375030517578,-0.11477375030517578,0.0,-0.32644633984607396,5.581490731259636,-1.395303538768993,0.007550422698301587,-0.005246250665814874
44,2,heldout,3,-1,-0.3490658503988659,0.5558779080020031,3,s,af3726fcacd0ac1320a56ea850b0a2c0f5430cf4eb20a45c078706980f08407e,d24fbe3839599a6a097188bae8cd47ce8083f27deef1341ae3086bf0d5a45bd1,87f63c0590d05baea263cdc42c6e1df2d063fa2def309ecb0283f3036bf33d46,87f63c0590d05baea263cdc42c6e1df2d063fa2def309ecb0283f3036bf33d46,1787977908.5753818,36492.447,18246281,0,0.9584569931030273,1.0423822402954102,1.561570167541504,0.00019073486328125,-0.00324249267578125,0.00476837158203125,-0.0073261260986328125,-0.0073261260986328125,-0.16361427307128906,0.0073261260986328125,0.0073261260986328125,-0.0073261260986328125,-0.07570171356201172,-0.03418731689453125,4.24615478515625,-1.433455467224121,0.1196584701538086,-0.11477375030517578,0.0,-0.3310248549609407,5.586069246374502,-1.3962241146687606,0.007383326869071532,-0.005240907143743718
44,2,heldout,3,-1,-0.3490658503988659,0.5578299660046468,3,s,af3726fcacd0ac1320a56ea850b0a2c0f5430cf4eb20a45c078706980f08407e,d24fbe3839599a6a097188bae8cd47ce8083f27deef1341ae3086bf0d5a45bd1,87f63c0590d05baea263cdc42c6e1df2d063fa2def309ecb0283f3036bf33d46,87f63c0590d05baea263cdc42c6e1df2d063fa2def309ecb0283f3036bf33d46,1787977908.5773437,36492.449,18246282,0,0.9584569931030273,1.0423822402954102,1.560807228088379,0.00019073486328125,-0.00324249267578125,0.00476837158203125,-0.021978378295898438,-0.0073261260986328125,-0.15873050689697266,0.021978378295898438,-0.0073261260986328125,-0.0073261260986328125,-0.07570171356201172,-0.03418731689453125,4.273506164550781,-1.443222999572754,0.1196584701538086,-0.11477375030517578,0.0,-0.33559513769035676,5.590639529103919,-1.3971388969938063,0.007373463507466208,-0.005243076662686322
44,2,heldout,3,-1,-0.3490658503988659,0.5597797779992106,3,s,af3726fcacd0ac1320a56ea850b0a2c0f5430cf4eb20a45c078706980f08407e,d24fbe3839599a6a097188bae8cd47ce8083f27deef1341ae3086bf0d5a45bd1,87f63c0590d05baea263cdc42c6e1df2d063fa2def309ecb0283f3036bf33d46,87f63c0590d05baea263cdc42c6e1df2d063fa2def309ecb0283f3036bf33d46,1787977908.5792773,36492.451,18246283,0,0.9584569931030273,1.0423822402954102,1.5604257583618164,0.00057220458984375,-0.00324249267578125,0.00476837158203125,0.0073261260986328125,-0.0024423599243164062,-0.15873050689697266,0.021978378295898438,-0.0073261260986328125,-0.0073261260986328125,-0.07570171356201172,-0.047863006591796875,4.396579742431641,-1.4578752517700195,0.11477375030517578,-0.10988998413085938,0.0,-0.33833594175674553,5.593380333170307,-1.39805286607702,0.007363595853940454,-0.005245243129756787
44,2,heldout,3,-1,-0.3490658503988659,0.5617158259992721,3,s,af3726fcacd0ac1320a56ea850b0a2c0f5430cf4eb20a45c078706980f08407e,d24fbe3839599a6a097188bae8cd47ce8083f27deef1341ae3086bf0d5a45bd1,87f63c0590d05baea263cdc42c6e1df2d063fa2def309ecb0283f3036bf33d46,87f63c0590d05baea263cdc42c6e1df2d063fa2def309ecb0283f3036bf33d46,1787977908.5812383,36492.453,18246284,0,0.9584569931030273,1.0423822402954102,1.5596628189086914,0.00057220458984375,-0.00324249267578125,0.00476837158203125,-0.0073261260986328125,-0.0024423599243164062,-0.16361427307128906,0.021978378295898438,-0.0073261260986328125,-0.0073261260986328125,-0.07570171356201172,-0.047863006591796875,4.423931121826172,-1.4676437377929688,0.11477375030517578,-0.10988998413085938,0.0,-0.3429009352652568,5.597945326678819,-1.3989660213864008,0.007353723914238001,-0.005247406543694063
44,2,heldout,3,-1,-0.3490658503988659,0.5636778920015786,3,s,af3726fcacd0ac1320a56ea850b0a2c0f5430cf4eb20a45c078706980f08407e,d24fbe3839599a6a097188bae8cd47ce8083f27deef1341ae3086bf0d5a45bd1,87f63c0590d05baea263cdc42c6e1df2d063fa2def309ecb0283f3036bf33d46,87f63c0590d05baea263cdc42c6e1df2d063fa2def309ecb0283f3036bf33d46,1787977908.5837977,36492.455,18246285,0,0.9584569931030273,1.0423822402954102,1.5588998794555664,0.00057220458984375,-0.00362396240234375,0.00476837158203125,-0.0073261260986328125,-0.0024423599243164062,-0.16849803924560547,0.0073261260986328125,-0.0073261260986328125,-0.0073261260986328125,-0.07570171356201172,-0.0615386962890625,4.4376068115234375,-1.4725275039672852,0.1196584701538086,-0.10988998413085938,0.0,-0.34745767863889054,5.602502070052452,-1.39987337068842,0.007500035143824212,-0.005257032836415031
44,2,heldout,3,-1,-0.3490658503988659,0.5662349160047597,3,s,af3726fcacd0ac1320a56ea850b0a2c0f5430cf4eb20a45c078706980f08407e,d24fbe3839599a6a097188bae8cd47ce8083f27deef1341ae3086bf0d5a45bd1,87f63c0590d05baea263cdc42c6e1df2d063fa2def309ecb0283f3036bf33d46,87f63c0590d05baea263cdc42c6e1df2d063fa2def309ecb0283f3036bf33d46,1787977908.5851853,36492.456999999995,18246286,0,0.9584569931030273,1.0423822402954102,1.558518409729004,0.00057220458984375,-0.00324249267578125,0.00476837158203125,0.0073261260986328125,-0.0024423599243164062,-0.16361427307128906,-0.0073261260986328125,-0.0073261260986328125,-0.0073261260986328125,-0.08058643341064453,-0.07521438598632812,4.410255432128906,-1.4725275039672852,0.11477375030517578,-0.10988998413085938,0.0,-0.3497423151365331,5.604786706550096,-1.4003342273619526,0.007338907980673567,-0.005250645937221081
44,2,heldout,3,-1,-0.3490658503988659,0.5676239419990452,3,s,af3726fcacd0ac1320a56ea850b0a2c0f5430cf4eb20a45c078706980f08407e,d24fbe3839599a6a097188bae8cd47ce8083f27deef1341ae3086bf0d5a45bd1,87f63c0590d05baea263cdc42c6e1df2d063fa2def309ecb0283f3036bf33d46,87f63c0590d05baea263cdc42c6e1df2d063fa2def309ecb0283f3036bf33d46,1787977908.5877528,36492.458999999995,18246287,0,0.9584569931030273,1.0423822402954102,1.557755470275879,0.00057220458984375,-0.00362396240234375,0.00476837158203125,-0.0073261260986328125,-0.0024423599243164062,-0.15873050689697266,-0.0073261260986328125,-0.03663063049316406,-0.0073261260986328125,-0.07570171356201172,-0.07521438598632812,4.369232177734375,-1.4676437377929688,0.11477375030517578,-0.10988998413085938,0.0,-0.3542941626459666,5.609338554059528,-1.4012403509735254,0.00748489756182724,-0.005260252577243307
44,2,heldout,3,-1,-0.3490658503988659,0.5701893900040886,3,s,af3726fcacd0ac1320a56ea850b0a2c0f5430cf4eb20a45c078706980f08407e,d24fbe3839599a6a097188bae8cd47ce8083f27deef1341ae3086bf0d5a45bd1,87f63c0590d05baea263cdc42c6e1df2d063fa2def309ecb0283f3036bf33d46,87f63c0590d05baea263cdc42c6e1df2d063fa2def309ecb0283f3036bf33d46,1787977908.5897093,36492.460999999996,18246288,0,0.9584569931030273,1.0423822402954102,1.556992530822754,0.00019073486328125,-0.00324249267578125,0.00476837158203125,0.0073261260986328125,-0.0024423599243164062,-0.15873050689697266,-0.0073261260986328125,-0.021978378295898438,-0.0073261260986328125,-0.08058643341064453,-0.07521438598632812,4.396579742431641,-1.4676437377929688,0.1196584701538086,-0.10988998413085938,0.0,-0.35839768549354045,5.613442076907102,-1.4017005993586575,0.007324082435545165,-0.005253878454122939
44,2,heldout,3,-1,-0.3490658503988659,0.5721475060054217,3,s,af3726fcacd0ac1320a56ea850b0a2c0f5430cf4eb20a45c078706980f08407e,d24fbe3839599a6a097188bae8cd47ce8083f27deef1341ae3086bf0d5a45bd1,87f63c0590d05baea263cdc42c6e1df2d063fa2def309ecb0283f3036bf33d46,87f63c0590d05baea263cdc42c6e1df2d063fa2def309ecb0283f3036bf33d46,1787977908.591664,36492.462999999996,18246289,0,0.9584569931030273,1.0423822402954102,1.5566110610961914,0.00057220458984375,-0.00362396240234375,0.00476837158203125,-0.0073261260986328125,-0.0024423599243164062,-0.15873050689697266,-0.0073261260986328125,-0.021978378295898438,-0.0073261260986328125,-0.08058643341064453,-0.08888816833496094,4.396579742431641,-1.462759017944336,0.1196584701538086,-0.11477375030517578,0.0,-0.36112330025811556,5.61616769167168,-1.4026054960930576,0.007469750177067813,-0.005263465428864867
44,2,heldout,3,-1,-0.3490658503988659,0.5741197940005804,3,s,af3726fcacd0ac1320a56ea850b0a2c0f5430cf4eb20a45c078706980f08407e,d24fbe3839599a6a097188bae8cd47ce8083f27deef1341ae3086bf0d5a45bd1,87f63c0590d05baea263cdc42c6e1df2d063fa2def309ecb0283f3036bf33d46,87f63c0590d05baea263cdc42c6e1df2d063fa2def309ecb0283f3036bf33d46,1787977908.5936263,36492.465,18246290,0,0.9584569931030273,1.0423822402954102,1.5558481216430664,0.00019073486328125,-0.00324249267578125,0.00476837158203125,-0.0073261260986328125,-0.0024423599243164062,-0.15873050689697266,-0.0073261260986328125,-0.0073261260986328125,-0.0073261260986328125,-0.08058643341064453,-0.08888816833496094,4.4376068115234375,-1.4578752517700195,0.124542236328125,-0.11477375030517578,0.0,-0.3652225360855985,5.62026692749916,-1.403065135587016,0.007309247298269407,-0.005257104090166095
44,2,heldout,3,-1,-0.3490658503988659,0.5760617910054862,3,s,af3726fcacd0ac1320a56ea850b0a2c0f5430cf4eb20a45c078706980f08407e,d24fbe3839599a6a097188bae8cd47ce8083f27deef1341ae3086bf0d5a45bd1,87f63c0590d05baea263cdc42c6e1df2d063fa2def309ecb0283f3036bf33d46,87f63c0590d05baea263cdc42c6e1df2d063fa2def309ecb0283f3036bf33d46,1787977908.5955694,36492.467,18246291,0,0.9584569931030273,1.0423822402954102,1.5550851821899414,0.00019073486328125,-0.00324249267578125,0.00476837158203125,-0.03663063049316406,-0.0024423599243164062,-0.16849803924560547,-0.021978378295898438,-0.0073261260986328125,-0.0073261260986328125,-0.07570171356201172,-0.08888816833496094,4.533332824707031,-1.4529914855957031,0.1196584701538086,-0.1196584701538086,0.0,-0.36976834774970624,5.624812739163268,-1.403973805652003,0.0072993518873756165,-0.005259250689409034
44,2,heldout,3,-1,-0.3490658503988659,0.5780132780055283,3,s,af3726fcacd0ac1320a56ea850b0a2c0f5430cf4eb20a45c078706980f08407e,d24fbe3839599a6a097188bae8cd47ce8083f27deef1341ae3086bf0d5a45bd1,87f63c0590d05baea263cdc42c6e1df2d063fa2def309ecb0283f3036bf33d46,87f63c0590d05baea263cdc42c6e1df2d063fa2def309ecb0283f3036bf33d46,1787977908.5975347,36492.469,18246292,0,0.9584569931030273,1.0423822402954102,1.5543222427368164,0.00019073486328125,-0.00324249267578125,0.00476837158203125,-0.0073261260986328125,-0.0024423599243164062,-0.17338180541992188,-0.021978378295898438,0.0073261260986328125,-0.0073261260986328125,-0.07570171356201172,-0.08888816833496094,4.601711273193359,-1.4481077194213867,0.1196584701538086,-0.11477375030517578,0.0,-0.37431088534204915,5.629355276755611,-1.4048816584967176,0.007289452227700031,-0.005261394227365314
44,2,heldout,3,-1,-0.3490658503988659,0.57997303600132,3,s,af3726fcacd0ac1320a56ea850b0a2c0f5430cf4eb20a45c078706980f08407e,d24fbe3839599a6a097188bae8cd47ce8083f27deef1341ae3086bf0d5a45bd1,87f63c0590d05baea263cdc42c6e1df2d063fa2def309ecb0283f3036bf33d46,87f63c0590d05baea263cdc42c6e1df2d063fa2def309ecb0283f3036bf33d46,1787977908.59957,36492.471,18246293,0,0.9584569931030273,1.0423822402954102,1.553940773010254,0.00019073486328125,-0.00324249267578125,0.00476837158203125,-0.0073261260986328125,-0.0024423599243164062,-0.17338180541992188,-0.021978378295898438,-0.0073261260986328125,-0.0073261260986328125,-0.07570171356201172,-0.08888816833496094,4.464958190917969,-1.443222999572754,0.1196584701538086,-0.11477375030517578,0.0,-0.37658092553494904,5.631625316948511,-1.4053352782963169,0.007284500806369712,-0.00526246484797098
44,2,heldout,3,-1,-0.3490658503988659,0.5820094299997436,3,s,af3726fcacd0ac1320a56ea850b0a2c0f5430cf4eb20a45c078706980f08407e,d24fbe3839599a6a097188bae8cd47ce8083f27deef1341ae3086bf0d5a45bd1,87f63c0590d05baea263cdc42c6e1df2d063fa2def309ecb0283f3036bf33d46,87f63c0590d05baea263cdc42c6e1df2d063fa2def309ecb0283f3036bf33d46,1787977908.601515,36492.473,18246294,0,0.9584569931030273,1.0423822402954102,1.553177833557129,0.00019073486328125,-0.00362396240234375,0.00476837158203125,-0.0073261260986328125,-0.0024423599243164062,-0.17338180541992188,-0.021978378295898438,-0.0073261260986328125,-0.0073261260986328125,-0.07570171356201172,-0.08888816833496094,4.5059814453125,-1.433455467224121,0.1196584701538086,-0.11477375030517578,0.0,-0.38111354031130973,5.6361579317248705,-1.4062368975687158,0.0074293093773343515,-0.005271999320651577
44,2,heldout,3,-1,-0.3490658503988659,0.5839521680027246,3,s,af3726fcacd0ac1320a56ea850b0a2c0f5430cf4eb20a45c078706980f08407e,d24fbe3839599a6a097188bae8cd47ce8083f27deef1341ae3086bf0d5a45bd1,87f63c0590d05baea263cdc42c6e1df2d063fa2def309ecb0283f3036bf33d46,87f63c0590d05baea263cdc42c6e1df2d063fa2def309ecb0283f3036bf33d46,1787977908.6034486,36492.475,18246295,0,0.9584569931030273,1.0423822402954102,1.552414894104004,0.00019073486328125,-0.00324249267578125,0.00476837158203125,0.0073261260986328125,-0.0024423599243164062,-0.16849803924560547,-0.05128288269042969,-0.0073261260986328125,-0.0073261260986328125,-0.07570171356201172,-0.10256385803222656,4.410255432128906,-1.4285717010498047,0.11477375030517578,-0.11477375030517578,0.0,-0.3856528879116772,5.640697279325238,-1.4071477118030968,0.007264684527912313,-0.005266739670943212
44,2,heldout,3,-1,-0.3490658503988659,0.5858804640010931,3,s,af3726fcacd0ac1320a56ea850b0a2c0f5430cf4eb20a45c078706980f08407e,d24fbe3839599a6a097188bae8cd47ce8083f27deef1341ae3086bf0d5a45bd1,87f63c0590d05baea263cdc42c6e1df2d063fa2def309ecb0283f3036bf33d46,87f63c0590d05baea263cdc42c6e1df2d063fa2def309ecb0283f3036bf33d46,1787977908.6053696,36492.477,18246296,0,0.9584569931030273,1.0423822402954102,1.5520334243774414,-0.00019073486328125,-0.00324249267578125,0.00476837158203125,-0.021978378295898438,-0.0024423599243164062,-0.15873050689697266,-0.03663063049316406,-0.0073261260986328125,-0.0073261260986328125,-0.07570171356201172,-0.10256385803222656,4.328205108642578,-1.4188032150268555,0.11477375030517578,-0.10988998413085938,0.0,-0.3874662306328489,5.6425106220464105,-1.4071477118030973,0.0072646845279123115,-0.005266739670943214
44,2,heldout,3,-1,-0.3490658503988659,0.5878062410047278,3,s,af3726fcacd0ac1320a56ea850b0a2c0f5430cf4eb20a45c078706980f08407e,d24fbe3839599a6a097188bae8cd47ce8083f27deef1341ae3086bf0d5a45bd1,87f63c0590d05baea263cdc42c6e1df2d063fa2def309ecb0283f3036bf33d46,87f63c0590d05baea263cdc42c6e1df2d063fa2def309ecb0283f3036bf33d46,1787977908.6073413,36492.479,18246297,0,0.9584569931030273,1.0423822402954102,1.5512704849243164,-0.00019073486328125,-0.00324249267578125,0.00476837158203125,-0.0073261260986328125,-0.0024423599243164062,-0.15384578704833984,-0.05128288269042969,0.0073261260986328125,-0.0073261260986328125,-0.07570171356201172,-0.10256385803222656,4.355556488037109,-1.413919448852539,0.11477375030517578,-0.11477375030517578,0.0,-0.3919960552475861,5.647040446661149,-1.4080527002185181,0.007254770042895254,-0.005268872484582221
44,2,heldout,3,-1,-0.3490658503988659,0.5897801630053436,3,s,af3726fcacd0ac1320a56ea850b0a2c0f5430cf4eb20a45c078706980f08407e,d24fbe3839599a6a097188bae8cd47ce8083f27deef1341ae3086bf0d5a45bd1,87f63c0590d05baea263cdc42c6e1df2d063fa2def309ecb0283f3036bf33d46,87f63c0590d05baea263cdc42c6e1df2d063fa2def309ecb0283f3036bf33d46,1787977908.6092777,36492.481,18246298,0,0.9584569931030273,1.0423822402954102,1.5505075454711914,-0.00019073486328125,-0.00324249267578125,0.00476837158203125,-0.0073261260986328125,-0.0024423599243164062,-0.15384578704833984,-0.03663063049316406,-0.0073261260986328125,-0.0073261260986328125,-0.07570171356201172,-0.11623954772949219,4.369232177734375,-1.4041509628295898,0.10988998413085938,-0.10988998413085938,0.0,-0.39652259285232927,5.651566984265891,-1.4089568690394376,0.007244851335046451,-0.005271002231333948
44,2,heldout,3,-1,-0.3490658503988659,0.5917149950037128,3,s,af3726fcacd0ac1320a56ea850b0a2c0f5430cf4eb20a45c078706980f08407e,d24fbe3839599a6a097188bae8cd47ce8083f27deef1341ae3086bf0d5a45bd1,87f63c0590d05baea263cdc42c6e1df2d063fa2def309ecb0283f3036bf33d46,87f63c0590d05baea263cdc42c6e1df2d063fa2def309ecb0283f3036bf33d46,1787977908.6111798,36492.483,18246299,0,0.9584569931030273,1.0423822402954102,1.550126075744629,-0.00019073486328125,-0.00324249267578125,0.00476837158203125,-0.0073261260986328125,0.0024423599243164062,-0.15384578704833984,-0.0073261260986328125,-0.0073261260986328125,-0.0073261260986328125,-0.07570171356201172,-0.11623954772949219,4.382907867431641,-1.4041509628295898,0.10988998413085938,-0.10988998413085938,0.0,-0.3987846282025054,5.653829019616067,-1.4094086459374735,0.007239890399364254,-0.005272065954239613
44,2,heldout,3,-1,-0.3490658503988659,0.5936250890008523,3,s,af3726fcacd0ac1320a56ea850b0a2c0f5430cf4eb20a45c078706980f08407e,d24fbe3839599a6a097188bae8cd47ce8083f27deef1341ae3086bf0d5a45bd1,87f63c0590d05baea263cdc42c6e1df2d063fa2def309ecb0283f3036bf33d46,87f63c0590d05baea263cdc42c6e1df2d063fa2def309ecb0283f3036bf33d46,1787977908.6137395,36492.485,18246300,0,0.9584569931030273,1.0423822402954102,1.549363136291504,-0.00019073486328125,-0.00324249267578125,0.00476837158203125,-0.0073261260986328125,0.0024423599243164062,-0.15873050689697266,-0.021978378295898438,-0.0073261260986328125,-0.0073261260986328125,-0.08058643341064453,-0.1299152374267578,4.382907867431641,-1.4090356826782227,0.10988998413085938,-0.11477375030517578,0.0,-0.40330623035262225,5.658350621766184,-1.4103115843799865,0.007229965368093823,-0.0052741910983365855
44,2,heldout,3,-1,-0.3490658503988659,0.5961678320018109,3,s,af3726fcacd0ac1320a56ea850b0a2c0f5430cf4eb20a45c078706980f08407e,d24fbe3839599a6a097188bae8cd47ce8083f27deef1341ae3086bf0d5a45bd1,87f63c0590d05baea263cdc42c6e1df2d063fa2def309ecb0283f3036bf33d46,87f63c0590d05baea263cdc42c6e1df2d063fa2def309ecb0283f3036bf33d46,1787977908.6156769,36492.487,18246301,0,0.9584569931030273,1.0423822402954102,1.548600196838379,0.00019073486328125,-0.00324249267578125,0.00476837158203125,0.0073261260986328125,0.0024423599243164062,-0.16361427307128906,0.021978378295898438,0.0073261260986328125,-0.0073261260986328125,-0.07570171356201172,-0.1299152374267578,4.328205108642578,-1.413919448852539,0.10988998413085938,-0.11477375030517578,0.0,-0.4082752896708197,5.663319681084381,-1.411664452674621,0.007215069932256344,-0.005277373057877618
44,2,heldout,3,-1,-0.3490658503988659,0.5981055709999055,3,s,af3726fcacd0ac1320a56ea850b0a2c0f5430cf4eb20a45c078706980f08407e,d24fbe3839599a6a097188bae8cd47ce8083f27deef1341ae3086bf0d5a45bd1,87f63c0590d05baea263cdc42c6e1df2d063fa2def309ecb0283f3036bf33d46,87f63c0590d05baea263cdc42c6e1df2d063fa2def309ecb0283f3036bf33d46,1787977908.6175501,36492.489,18246302,0,0.9584569931030273,1.0423822402954102,1.5482187271118164,0.00019073486328125,-0.00362396240234375,0.00476837158203125,-0.0073261260986328125,0.0024423599243164062,-0.15873050689697266,0.0073261260986328125,-0.0073261260986328125,-0.0073261260986328125,-0.07570171356201172,-0.1299152374267578,4.259830474853516,-1.4236869812011719,0.10988998413085938,-0.11477375030517578,0.0,-0.410527982007846,5.665572373421408,-1.412109977414219,0.00736344567441507,-0.005285762140112409
44,2,heldout,3,-1,-0.3490658503988659,0.5999725200017565,3,s,af3726fcacd0ac1320a56ea850b0a2c0f5430cf4eb20a45c078706980f08407e,d24fbe3839599a6a097188bae8cd47ce8083f27deef1341ae3086bf0d5a45bd1,87f63c0590d05baea263cdc42c6e1df2d063fa2def309ecb0283f3036bf33d46,87f63c0590d05baea263cdc42c6e1df2d063fa2def309ecb0283f3036bf33d46,1787977908.6194344,36492.491,18246303,0,0.9584569931030273,1.0423822402954102,1.5474557876586914,0.00019073486328125,-0.00362396240234375,0.00476837158203125,-0.0073261260986328125,-0.0024423599243164062,-0.15873050689697266,0.0073261260986328125,-0.021978378295898438,-0.0073261260986328125,-0.07570171356201172,-0.11623954772949219,4.369232177734375,-1.433455467224121,0.10988998413085938,-0.11477375030517578,0.0,-0.41504093207949944,5.67008532349306,-1.4130104494346014,0.007353296683630564,-0.005287867967711917
44,2,heldout,3,-1,-0.3490658503988659,0.6018657220047317,3,s,af3726fcacd0ac1320a56ea850b0a2c0f5430cf4eb20a45c078706980f08407e,d24fbe3839599a6a097188bae8cd47ce8083f27deef1341ae3086bf0d5a45bd1,87f63c0590d05baea263cdc42c6e1df2d063fa2def309ecb0283f3036bf33d46,87f63c0590d05baea263cdc42c6e1df2d063fa2def309ecb0283f3036bf33d46,1787977908.6213424,36492.492999999995,18246304,0,0.9584569931030273,1.0423822402954102,1.547074317932129,0.00019073486328125,-0.00324249267578125,0.00476837158203125,-0.0073261260986328125,-0.0024423599243164062,-0.15384578704833984,0.0073261260986328125,-0.021978378295898438,-0.0073261260986328125,-0.07570171356201172,-0.1299152374267578,4.328205108642578,-1.443222999572754,0.11477375030517578,-0.11477375030517578,0.0,-0.4173011933959352,5.672345584809497,-1.4134654008228866,0.007195194655482824,-0.005281604918457241
44,2,heldout,3,-1,-0.3490658503988659,0.6037729870004114,3,s,af3726fcacd0ac1320a56ea850b0a2c0f5430cf4eb20a45c078706980f08407e,d24fbe3839599a6a097188bae8cd47ce8083f27deef1341ae3086bf0d5a45bd1,87f63c0590d05baea263cdc42c6e1df2d063fa2def309ecb0283f3036bf33d46,87f63c0590d05baea263cdc42c6e1df2d063fa2def309ecb0283f3036bf33d46,1787977908.62325,36492.494999999995,18246305,0,0.9584569931030273,1.0423822402954102,1.546311378479004,0.00019073486328125,-0.00362396240234375,0.00476837158203125,0.0073261260986328125,-0.0024423599243164062,-0.14896202087402344,0.021978378295898438,-0.021978378295898438,-0.0073261260986328125,-0.07570171356201172,-0.1299152374267578,4.259830474853516,-1.4529914855957031,0.11477375030517578,-0.11477375030517578,0.0,-0.4218041680718223,5.676848559485385,-1.414359615150964,0.007338065173959722,-0.005291020937583417
44,2,heldout,3,-1,-0.3490658503988659,0.605683300003875,3,s,af3726fcacd0ac1320a56ea850b0a2c0f5430cf4eb20a45c078706980f08407e,d24fbe3839599a6a097188bae8cd47ce8083f27deef1341ae3086bf0d5a45bd1,87f63c0590d05baea263cdc42c6e1df2d063fa2def309ecb0283f3036bf33d46,87f63c0590d05baea263cdc42c6e1df2d063fa2def309ecb0283f3036bf33d46,1787977908.62518,36492.496999999996,18246306,0,0.9584569931030273,1.0423822402954102,1.545548439025879,0.00019073486328125,-0.00324249267578125,0.00476837158203125,0.0073261260986328125,-0.0024423599243164062,-0.14896202087402344,0.0073261260986328125,-0.0073261260986328125,-0.0073261260986328125,-0.07570171356201172,-0.1299152374267578,4.3145294189453125,-1.462759017944336,0.11477375030517578,-0.11477375030517578,0.0,-0.4263138901648793,5.681358281578442,-1.415263057991201,0.007175302626094528,-0.005285824481844524
44,2,heldout,3,-1,-0.3490658503988659,0.6076144190010382,3,s,af3726fcacd0ac1320a56ea850b0a2c0f5430cf4eb20a45c078706980f08407e,d24fbe3839599a6a097188bae8cd47ce8083f27deef1341ae3086bf0d5a45bd1,87f63c0590d05baea263cdc42c6e1df2d063fa2def309ecb0283f3036bf33d46,87f63c0590d05baea263cdc42c6e1df2d063fa2def309ecb0283f3036bf33d46,1787977908.627701,36492.498999999996,18246307,0,0.9584569931030273,1.0423822402954102,1.5451669692993164,0.00019073486328125,-0.00324249267578125,0.00476837158203125,-0.0073261260986328125,-0.0024423599243164062,-0.14407825469970703,-0.0073261260986328125,-0.0073261260986328125,-0.0073261260986328125,-0.08058643341064453,-0.15726470947265625,4.287178039550781,-1.4676437377929688,0.11477375030517578,-0.11477375030517578,0.0,-0.4285649983104387,5.683609389724,-1.4157119575770056,0.007170327006578049,-0.005286877450103112
44,2,heldout,3,-1,-0.3490658503988659,0.6101531590029481,3,s,af3726fcacd0ac1320a56ea850b0a2c0f5430cf4eb20a45c078706980f08407e,d24fbe3839599a6a097188bae8cd47ce8083f27deef1341ae3086bf0d5a45bd1,87f63c0590d05baea263cdc42c6e1df2d063fa2def309ecb0283f3036bf33d46,87f63c0590d05baea263cdc42c6e1df2d063fa2def309ecb0283f3036bf33d46,1787977908.6296914,36492.501,18246308,0,0.9584569931030273,1.0423822402954102,1.5444040298461914,0.00019073486328125,-0.00324249267578125,0.00476837158203125,-0.021978378295898438,-0.0024423599243164062,-0.14407825469970703,0.021978378295898438,0.0073261260986328125,-0.0073261260986328125,-0.08058643341064453,-0.15726470947265625,4.273506164550781,-1.4725275039672852,0.1196584701538086,-0.10988998413085938,0.0,-0.4330647330520645,5.688109124465627,-1.4166091386437172,0.007160372638009602,-0.005288981078441424
44,2,heldout,3,-1,-0.3490658503988659,0.6121314150004764,3,s,af3726fcacd0ac1320a56ea850b0a2c0f5430cf4eb20a45c078706980f08407e,d24fbe3839599a6a097188bae8cd47ce8083f27deef1341ae3086bf0d5a45bd1,87f63c0590d05baea263cdc42c6e1df2d063fa2def309ecb0283f3036bf33d46,87f63c0590d05baea263cdc42c6e1df2d063fa2def309ecb0283f3036bf33d46,1787977908.6316462,36492.503,18246309,0,0.9584569931030273,1.0423822402954102,1.544022560119629,0.00057220458984375,-0.00324249267578125,0.00476837158203125,-0.0073261260986328125,0.0024423599243164062,-0.15384578704833984,0.03663063049316406,0.0073261260986328125,-0.0073261260986328125,-0.08058643341064453,-0.15726470947265625,4.300853729248047,-1.482295036315918,0.11477375030517578,-0.11477375030517578,0.0,-0.43576143413469404,5.690805825548256,-1.4175054951354251,0.0071504141015559285,-0.005291081628187714
44,2,heldout,3,-1,-0.3490658503988659,0.6141009089988074,3,s,af3726fcacd0ac1320a56ea850b0a2c0f5430cf4eb20a45c078706980f08407e,d24fbe3839599a6a097188bae8cd47ce8083f27deef1341ae3086bf0d5a45bd1,87f63c0590d05baea263cdc42c6e1df2d063fa2def309ecb0283f3036bf33d46,87f63c0590d05baea263cdc42c6e1df2d063fa2def309ecb0283f3036bf33d46,1787977908.6336174,36492.505,18246310,0,0.9584569931030273,1.0423822402954102,1.543259620666504,0.00057220458984375,-0.00324249267578125,0.00476837158203125,-0.0073261260986328125,0.0024423599243164062,-0.16361427307128906,0.03663063049316406,-0.0073261260986328125,-0.0073261260986328125,-0.08058643341064453,-0.15726470947265625,4.410255432128906,-1.4920635223388672,0.11477375030517578,-0.10988998413085938,0.0,-0.4402557889084957,5.695300180322057,-1.4184010265303808,0.007140451403013668,-0.005293179098119301
44,2,heldout,3,-1,-0.3490658503988659,0.6160560640055337,3,s,af3726fcacd0ac1320a56ea850b0a2c0f5430cf4eb20a45c078706980f08407e,d24fbe3839599a6a097188bae8cd47ce8083f27deef1341ae3086bf0d5a45bd1,87f63c0590d05baea263cdc42c6e1df2d063fa2def309ecb0283f3036bf33d46,87f63c0590d05baea263cdc42c6e1df2d063fa2def309ecb0283f3036bf33d46,1787977908.6355498,36492.507,18246311,0,0.9584569931030273,1.0423822402954102,1.542496681213379,0.00057220458984375,-0.00324249267578125,0.00476837158203125,-0.0073261260986328125,0.0024423599243164062,-0.16849803924560547,0.03663063049316406,0.0073261260986328125,-0.0073261260986328125,-0.08058643341064453,-0.17094039916992188,4.451282501220703,-1.5018310546875,0.11477375030517578,-0.10988998413085938,0.0,-0.4447468285814422,5.699791219995005,-1.4192957323073172,0.007130484548181867,-0.0052952734870152975
44,2,heldout,3,-1,-0.3490658503988659,0.6179935050022323,3,s,af3726fcacd0ac1320a56ea850b0a2c0f5430cf4eb20a45c078706980f08407e,d24fbe3839599a6a097188bae8cd47ce8083f27deef1341ae3086bf0d5a45bd1,87f63c0590d05baea263cdc42c6e1df2d063fa2def309ecb0283f3036bf33d46,87f63c0590d05baea263cdc42c6e1df2d063fa2def309ecb0283f3036bf33d46,1787977908.6375134,36492.509,18246312,0,0.9584569931030273,1.0423822402954102,1.541733741760254,0.00057220458984375,-0.00324249267578125,0.00476837158203125,0.0073261260986328125,0.0024423599243164062,-0.16849803924560547,0.03663063049316406,-0.0073261260986328125,-0.0073261260986328125,-0.07570171356201172,-0.15726470947265625,4.478633880615234,-1.5067157745361328,0.11477375030517578,-0.11477375030517578,0.0,-0.4492345505394033,5.704278941952966,-1.4201896119454458,0.007120513542862,-0.005297364793656607
44,2,heldout,3,-1,-0.3490658503988659,0.6199547960059135,3,s,af3726fcacd0ac1320a56ea850b0a2c0f5430cf4eb20a45c078706980f08407e,d24fbe3839599a6a097188bae8cd47ce8083f27deef1341ae3086bf0d5a45bd1,87f63c0590d05baea263cdc42c6e1df2d063fa2def309ecb0283f3036bf33d46,87f63c0590d05baea263cdc42c6e1df2d063fa2def309ecb0283f3036bf33d46,1787977908.6394508,36492.511,18246313,0,0.9584569931030273,1.0423822402954102,1.5413522720336914,0.00057220458984375,-0.00324249267578125,0.00476837158203125,0.0073261260986328125,-0.0024423599243164062,-0.16361427307128906,0.021978378295898438,-0.0073261260986328125,-0.0073261260986328125,-0.07570171356201172,-0.17094039916992188,4.4376068115234375,-1.5115995407104492,0.11477375030517578,-0.10988998413085938,0.0,-0.4514771665588777,5.706521557972439,-1.4206362417998428,0.007115526485582662,-0.005298409290751277
44,2,heldout,3,-1,-0.3490658503988659,0.6219195020021289,3,s,af3726fcacd0ac1320a56ea850b0a2c0f5430cf4eb20a45c078706980f08407e,d24fbe3839599a6a097188bae8cd47ce8083f27deef1341ae3086bf0d5a45bd1,87f63c0590d05baea263cdc42c6e1df2d063fa2def309ecb0283f3036bf33d46,87f63c0590d05baea263cdc42c6e1df2d063fa2def309ecb0283f3036bf33d46,1787977908.6414144,36492.513,18246314,0,0.9584569931030273,1.0423822402954102,1.5405893325805664,0.00057220458984375,-0.00362396240234375,0.00476837158203125,-0.0073261260986328125,-0.0024423599243164062,-0.16361427307128906,0.0073261260986328125,-0.021978378295898438,-0.0073261260986328125,-0.07570171356201172,-0.17094039916992188,4.382907867431641,-1.5067157745361328,0.11477375030517578,-0.10988998413085938,0.0,-0.45595486434309795,5.71099925575666,-1.4215238385503435,0.007256668632923156,-0.005307719644958996
44,2,heldout,3,-1,-0.3490658503988659,0.6238548460023594,3,s,af3726fcacd0ac1320a56ea850b0a2c0f5430cf4eb20a45c078706980f08407e,d24fbe3839599a6a097188bae8cd47ce8083f27deef1341ae3086bf0d5a45bd1,87f63c0590d05baea263cdc42c6e1df2d063fa2def309ecb0283f3036bf33d46,87f63c0590d05baea263cdc42c6e1df2d063fa2def309ecb0283f3036bf33d46,1787977908.6433814,36492.515,18246315,0,0.9584569931030273,1.0423822402954102,1.5398263931274414,0.00057220458984375,-0.00362396240234375,0.00476837158203125,-0.0073261260986328125,-0.0024423599243164062,-0.16361427307128906,-0.03663063049316406,-0.0073261260986328125,-0.0073261260986328125,-0.07570171356201172,-0.15726470947265625,4.396579742431641,-1.5018310546875,0.11477375030517578,-0.10988998413085938,0.0,-0.460434278500949,5.7154786699145115,-1.4224156484776567,0.007246474995340818,-0.005309793093353771
44,2,heldout,3,-1,-0.3490658503988659,0.6258212180036935,3,s,af3726fcacd0ac1320a56ea850b0a2c0f5430cf4eb20a45c078706980f08407e,d24fbe3839599a6a097188bae8cd47ce8083f27deef1341ae3086bf0d5a45bd1,87f63c0590d05baea263cdc42c6e1df2d063fa2def309ecb0283f3036bf33d46,87f63c0590d05baea263cdc42c6e1df2d063fa2def309ecb0283f3036bf33d46,1787977908.645371,36492.517,18246316,0,0.9584569931030273,1.0423822402954102,1.539444923400879,0.00019073486328125,-0.00324249267578125,0.00476837158203125,-0.0073261260986328125,-0.0024423599243164062,-0.16361427307128906,-0.03663063049316406,0.0073261260986328125,-0.0073261260986328125,-0.08058643341064453,-0.17094039916992188,4.396579742431641,-1.4871797561645508,0.11477375030517578,-0.10988998413085938,0.0,-0.46223218845489034,5.717276579868451,-1.42242069327016,0.007095567909270996,-0.005302579567411508
44,2,heldout,3,-1,-0.3490658503988659,0.627810676000081,3,s,af3726fcacd0ac1320a56ea850b0a2c0f5430cf4eb20a45c078706980f08407e,d24fbe3839599a6a097188bae8cd47ce8083f27deef1341ae3086bf0d5a45bd1,87f63c0590d05baea263cdc42c6e1df2d063fa2def309ecb0283f3036bf33d46,87f63c0590d05baea263cdc42c6e1df2d063fa2def309ecb0283f3036bf33d46,1787977908.6473384,36492.519,18246317,0,0.9584569931030273,1.0423822402954102,1.538681983947754,0.00019073486328125,-0.00324249267578125,0.00476837158203125,-0.021978378295898438,-0.0024423599243164062,-0.16361427307128906,-0.03663063049316406,-0.0073261260986328125,-0.0073261260986328125,-0.07570171356201172,-0.17094039916992188,4.3145294189453125,-1.4774112701416016,0.11477375030517578,-0.11477375030517578,0.0,-0.46670702762366667,5.721751419037227,-1.4233116773282095,0.007085582422964346,-0.005304660076586955
44,2,heldout,3,-1,-0.3490658503988659,0.6297733050014358,3,s,af3726fcacd0ac1320a56ea850b0a2c0f5430cf4eb20a45c078706980f08407e,d24fbe3839599a6a097188bae8cd47ce8083f27deef1341ae3086bf0d5a45bd1,87f63c0590d05baea263cdc42c6e1df2d063fa2def309ecb0283f3036bf33d46,87f63c0590d05baea263cdc42c6e1df2d063fa2def309ecb0283f3036bf33d46,1787977908.6492658,36492.521,18246318,0,0.9584569931030273,1.0423822402954102,1.537919044494629,0.00019073486328125,-0.00324249267578125,0.00476837158203125,-0.021978378295898438,-0.0024423599243164062,-0.16849803924560547,-0.03663063049316406,-0.0073261260986328125,-0.0073261260986328125,-0.08058643341064453,-0.15726470947265625,4.4376068115234375,-1.4676437377929688,0.11477375030517578,-0.11477375030517578,0.0,-0.47117853629493767,5.726222927708499,-1.4242018329098638,0.007075592812306105,-0.005306737498043998
44,2,heldout,3,-1,-0.3490658503988659,0.6316935420036316,3,s,af3726fcacd0ac1320a56ea850b0a2c0f5430cf4eb20a45c078706980f08407e,d24fbe3839599a6a097188bae8cd47ce8083f27deef1341ae3086bf0d5a45bd1,87f63c0590d05baea263cdc42c6e1df2d063fa2def309ecb0283f3036bf33d46,87f63c0590d05baea263cdc42c6e1df2d063fa2def309ecb0283f3036bf33d46,1787977908.6511772,36492.523,18246319,0,0.9584569931030273,1.0423822402954102,1.5375375747680664,0.00019073486328125,-0.00324249267578125,0.00476837158203125,-0.0073261260986328125,-0.0024423599243164062,-0.17338180541992188,-0.03663063049316406,-0.0073261260986328125,-0.0073261260986328125,-0.08058643341064453,-0.17094039916992188,4.410255432128906,-1.4578752517700195,0.11477375030517578,-0.10988998413085938,0.0,-0.4734130408805719,5.7284574322941335,-1.4246465998601057,0.007070596462162144,-0.005307775050500171
44,2,heldout,3,-1,-0.3490658503988659,0.6336257229995681,3,s,af3726fcacd0ac1320a56ea850b0a2c0f5430cf4eb20a45c078706980f08407e,d24fbe3839599a6a097188bae8cd47ce8083f27deef1341ae3086bf0d5a45bd1,87f63c0590d05baea263cdc42c6e1df2d063fa2def309ecb0283f3036bf33d46,87f63c0590d05baea263cdc42c6e1df2d063fa2def309ecb0283f3036bf33d46,1787977908.6536717,36492.525,18246320,0,0.9584569931030273,1.0423822402954102,1.5367746353149414,0.00019073486328125,-0.00362396240234375,0.00476837158203125,-0.0073261260986328125,-0.0024423599243164062,-0.1782665252685547,-0.03663063049316406,-0.0073261260986328125,-0.0073261260986328125,-0.08058643341064453,-0.1846160888671875,4.355556488037109,-1.4529914855957031,0.10988998413085938,-0.10988998413085938,0.0,-0.4778744968468651,5.732918888260428,-1.4255304596766534,0.007210764085986539,-0.00531702581552001
44,2,heldout,3,-1,-0.3490658503988659,0.6361020740005188,3,s,af3726fcacd0ac1320a56ea850b0a2c0f5430cf4eb20a45c078706980f08407e,d24fbe3839599a6a097188bae8cd47ce8083f27deef1341ae3086bf0d5a45bd1,87f63c0590d05baea263cdc42c6e1df2d063fa2def309ecb0283f3036bf33d46,87f63c0590d05baea263cdc42c6e1df2d063fa2def309ecb0283f3036bf33d46,1787977908.6555252,36492.527,18246321,0,0.9584569931030273,1.0423822402954102,1.5360116958618164,0.00019073486328125,-0.00324249267578125,0.00476837158203125,-0.021978378295898438,-0.0024423599243164062,-0.17338180541992188,-0.021978378295898438,-0.0073261260986328125,-0.0073261260986328125,-0.08058643341064453,-0.17094039916992188,4.369232177734375,-1.4529914855957031,0.10988998413085938,-0.10988998413085938,0.0,-0.4823427199707029,5.737387111384265,-1.426423593880675,0.007050600779787283,-0.00531191753498754
44,2,heldout,3,-1,-0.3490658503988659,0.6379567510011839,3,s,af3726fcacd0ac1320a56ea850b0a2c0f5430cf4eb20a45c078706980f08407e,d24fbe3839599a6a097188bae8cd47ce8083f27deef1341ae3086bf0d5a45bd1,87f63c0590d05baea263cdc42c6e1df2d063fa2def309ecb0283f3036bf33d46,87f63c0590d05baea263cdc42c6e1df2d063fa2def309ecb0283f3036bf33d46,1787977908.6573865,36492.528999999995,18246322,0,0.9584569931030273,1.0423822402954102,1.5352487564086914,0.00019073486328125,-0.00324249267578125,0.00476837158203125,-0.021978378295898438,-0.0024423599243164062,-0.16849803924560547,-0.021978378295898438,0.0073261260986328125,-0.0073261260986328125,-0.08058643341064453,-0.1982898712158203,4.328205108642578,-1.4481077194213867,0.10988998413085938,-0.10988998413085938,0.0,-0.48680255141671513,5.741846942830277,-1.4273108457177741,0.007040596779705104,-0.005313984139919391
44,2,heldout,3,-1,-0.3490658503988659,0.6398115750052966,3,s,af3726fcacd0ac1320a56ea850b0a2c0f5430cf4eb20a45c078706980f08407e,d24fbe3839599a6a097188bae8cd47ce8083f27deef1341ae3086bf0d5a45bd1,87f63c0590d05baea263cdc42c6e1df2d063fa2def309ecb0283f3036bf33d46,87f63c0590d05baea263cdc42c6e1df2d063fa2def309ecb0283f3036bf33d46,1787977908.6599348,36492.530999999995,18246323,0,0.9584569931030273,1.0423822402954102,1.534867286682129,0.00019073486328125,-0.00324249267578125,0.00476837158203125,-0.0073261260986328125,-0.0024423599243164062,-0.15873050689697266,-0.0073261260986328125,-0.0073261260986328125,-0.0073261260986328125,-0.07570171356201172,-0.1982898712158203,4.3145294189453125,-1.4481077194213867,0.10988998413085938,-0.11477375030517578,0.0,-0.48903121397890215,5.744075605392465,-1.4277541601170007,0.0070355932424875445,-0.005315016282530783
44,2,heldout,3,-1,-0.3490658503988659,0.6423652660014341,3,s,af3726fcacd0ac1320a56ea850b0a2c0f5430cf4eb20a45c078706980f08407e,d24fbe3839599a6a097188bae8cd47ce8083f27deef1341ae3086bf0d5a45bd1,87f63c0590d05baea263cdc42c6e1df2d063fa2def309ecb0283f3036bf33d46,87f63c0590d05baea263cdc42c6e1df2d063fa2def309ecb0283f3036bf33d46,1787977908.661254,36492.532999999996,18246324,0,0.9584569931030273,1.0423822402954102,1.534104347229004,0.00019073486328125,-0.00362396240234375,0.00476837158203125,-0.0073261260986328125,-0.0024423599243164062,-0.15873050689697266,-0.021978378295898438,-0.0073261260986328125,-0.0073261260986328125,-0.08058643341064453,-0.21196556091308594,4.355556488037109,-1.4529914855957031,0.10988998413085938,-0.10988998413085938,0.0,-0.4934809718302955,5.748525363243858,-1.4286351062244729,0.007175001760753235,-0.0053242206249834
44,2,heldout,3,-1,-0.3490658503988659,0.6436855240026489,3,s,af3726fcacd0ac1320a56ea850b0a2c0f5430cf4eb20a45c078706980f08407e,d24fbe3839599a6a097188bae8cd47ce8083f27deef1341ae3086bf0d5a45bd1,87f63c0590d05baea263cdc42c6e1df2d063fa2def309ecb0283f3036bf33d46,87f63c0590d05baea263cdc42c6e1df2d063fa2def309ecb0283f3036bf33d46,1787977908.6631339,36492.534999999996,18246325,0,0.9584569931030273,1.0423822402954102,1.533341407775879,0.00019073486328125,-0.00324249267578125,0.00476837158203125,-0.0073261260986328125,-0.0024423599243164062,-0.15384578704833984,0.0073261260986328125,0.0073261260986328125,-0.0073261260986328125,-0.08058643341064453,-0.22564125061035156,4.341880798339844,-1.4578752517700195,0.11477375030517578,-0.10988998413085938,0.0,-0.49793750225632416,5.752981893669887,-1.4295253394135292,0.00701556886276511,-0.0053191371171095354
44,2,heldout,3,-1,-0.3490658503988659,0.6455659560015192,3,s,af3726fcacd0ac1320a56ea850b0a2c0f5430cf4eb20a45c078706980f08407e,d24fbe3839599a6a097188bae8cd47ce8083f27deef1341ae3086bf0d5a45bd1,87f63c0590d05baea263cdc42c6e1df2d063fa2def309ecb0283f3036bf33d46,87f63c0590d05baea263cdc42c6e1df2d063fa2def309ecb0283f3036bf33d46,1787977908.6655884,36492.537,18246326,0,0.9584569931030273,1.0423822402954102,1.5329599380493164,0.00019073486328125,-0.00324249267578125,0.00476837158203125,-0.0073261260986328125,-0.0024423599243164062,-0.15384578704833984,0.0073261260986328125,0.0073261260986328125,-0.0073261260986328125,-0.07570171356201172,-0.21196556091308594,4.369232177734375,-1.462759017944336,0.10988998413085938,-0.10988998413085938,0.0,-0.5001619822127987,5.755206373626361,-1.4299676143403905,0.007010560213763874,-0.005320165391037941
44,2,heldout,3,-1,-0.3490658503988659,0.6480188120040111,3,s,af3726fcacd0ac1320a56ea850b0a2c0f5430cf4eb20a45c078706980f08407e,d24fbe3839599a6a097188bae8cd47ce8083f27deef1341ae3086bf0d5a45bd1,87f63c0590d05baea263cdc42c6e1df2d063fa2def309ecb0283f3036bf33d46,87f63c0590d05baea263cdc42c6e1df2d063fa2def309ecb0283f3036bf33d46,1787977908.6674674,36492.539,18246327,0,0.9584569931030273,1.0423822402954102,1.5321969985961914,0.00019073486328125,-0.00362396240234375,0.00476837158203125,-0.0073261260986328125,-0.0024423599243164062,-0.15873050689697266,-0.0073261260986328125,-0.0073261260986328125,-0.0073261260986328125,-0.08058643341064453,-0.22564125061035156,4.451282501220703,-1.4725275039672852,0.10988998413085938,-0.11477375030517578,0.0,-0.5046033648372232,5.759647756250785,-1.430846475380046,0.007149425904859531,-0.005329336534312427
44,2,heldout,3,-1,-0.3490658503988659,0.649896410999645,3,s,af3726fcacd0ac1320a56ea850b0a2c0f5430cf4eb20a45c078706980f08407e,d24fbe3839599a6a097188bae8cd47ce8083f27deef1341ae3086bf0d5a45bd1,87f63c0590d05baea263cdc42c6e1df2d063fa2def309ecb0283f3036bf33d46,87f63c0590d05baea263cdc42c6e1df2d063fa2def309ecb0283f3036bf33d46,1787977908.6693287,36492.541,18246328,0,0.9584569931030273,1.0423822402954102,1.531815528869629,0.00019073486328125,-0.00362396240234375,0.00476837158203125,-0.0073261260986328125,-0.0024423599243164062,-0.15873050689697266,0.0073261260986328125,-0.0073261260986328125,-0.0073261260986328125,-0.08058643341064453,-0.21196556091308594,4.287178039550781,-1.4774112701416016,0.10988998413085938,-0.10988998413085938,0.0,-0.5068253303156702,5.761869721729233,-1.4312881248217564,0.007144307609567456,-0.005330357390211665
44,2,heldout,3,-1,-0.3490658503988659,0.6517513020007755,3,s,af3726fcacd0ac1320a56ea850b0a2c0f5430cf4eb20a45c078706980f08407e,d24fbe3839599a6a097188bae8cd47ce8083f27deef1341ae3086bf0d5a45bd1,87f63c0590d05baea263cdc42c6e1df2d063fa2def309ecb0283f3036bf33d46,87f63c0590d05baea263cdc42c6e1df2d063fa2def309ecb0283f3036bf33d46,1787977908.671234,36492.543,18246329,0,0.9584569931030273,1.0423822402954102,1.5310516357421875,0.00057220458984375,-0.00362396240234375,0.00476837158203125,-0.0073261260986328125,-0.0024423599243164062,-0.15873050689697266,0.0073261260986328125,-0.021978378295898438,-0.0073261260986328125,-0.08058643341064453,-0.21196556091308594,4.369232177734375,-1.4871797561645508,0.10988998413085938,-0.11477375030517578,0.0,-0.5117133191198209,5.7667577105333825,-1.43261292551078,0.007128933684039593,-0.005333417848649857
44,2,heldout,3,-1,-0.3490658503988659,0.6536837509993347,3,s,af3726fcacd0ac1320a56ea850b0a2c0f5430cf4eb20a45c078706980f08407e,d24fbe3839599a6a097188bae8cd47ce8083f27deef1341ae3086bf0d5a45bd1,87f63c0590d05baea263cdc42c6e1df2d063fa2def309ecb0283f3036bf33d46,87f63c0590d05baea263cdc42c6e1df2d063fa2def309ecb0283f3036bf33d46,1787977908.673711,36492.545,18246330,0,0.9584569931030273,1.0423822402954102,1.5302886962890625,0.00057220458984375,-0.00362396240234375,0.00476837158203125,-0.0073261260986328125,-0.0024423599243164062,-0.16361427307128906,0.021978378295898438,-0.0073261260986328125,-0.0073261260986328125,-0.07570171356201172,-0.21196556091308594,4.382907867431641,-1.4871797561645508,0.11477375030517578,-0.11477375030517578,0.0,-0.5161509567251239,5.771195348138686,-1.4334943478056417,0.007118687743491516,-0.005335452573171823
44,2,heldout,3,-1,-0.3490658503988659,0.6561383290027152,3,s,af3726fcacd0ac1320a56ea850b0a2c0f5430cf4eb20a45c078706980f08407e,d24fbe3839599a6a097188bae8cd47ce8083f27deef1341ae3086bf0d5a45bd1,87f63c0590d05baea263cdc42c6e1df2d063fa2def309ecb0283f3036bf33d46,87f63c0590d05baea263cdc42c6e1df2d063fa2def309ecb0283f3036bf33d46,1787977908.6756482,36492.547,18246331,0,0.9584569931030273,1.0423822402954102,1.5299072265625,0.00057220458984375,-0.00324249267578125,0.00476837158203125,-0.0073261260986328125,-0.0024423599243164062,-0.15873050689697266,-0.0073261260986328125,-0.0073261260986328125,-0.0073261260986328125,-0.08058643341064453,-0.1982898712158203,4.341880798339844,-1.4969472885131836,0.11477375030517578,-0.11477375030517578,0.0,-0.5183735876380562,5.773417979051619,-1.433939817761847,0.00696542400679848,-0.005329387552387522
44,2,heldout,3,-1,-0.3490658503988659,0.6580791840024176,3,s,af3726fcacd0ac1320a56ea850b0a2c0f5430cf4eb20a45c078706980f08407e,d24fbe3839599a6a097188bae8cd47ce8083f27deef1341ae3086bf0d5a45bd1,87f63c0590d05baea263cdc42c6e1df2d063fa2def309ecb0283f3036bf33d46,87f63c0590d05baea263cdc42c6e1df2d063fa2def309ecb0283f3036bf33d46,1787977908.6775472,36492.549,18246332,0,0.9584569931030273,1.0423822402954102,1.529144287109375,0.00057220458984375,-0.00324249267578125,0.00476837158203125,-0.0073261260986328125,-0.0024423599243164062,-0.15873050689697266,0.021978378295898438,-0.0073261260986328125,-0.0073261260986328125,-0.08058643341064453,-0.22564125061035156,4.341880798339844,-1.5018310546875,0.11477375030517578,-0.11477375030517578,0.0,-0.5228061874061327,5.777850578819695,-1.4348199903065182,0.006955385353088028,-0.005331427823541078
44,2,heldout,3,-1,-0.3490658503988659,0.659983427998668,3,s,af3726fcacd0ac1320a56ea850b0a2c0f5430cf4eb20a45c078706980f08407e,d24fbe3839599a6a097188bae8cd47ce8083f27deef1341ae3086bf0d5a45bd1,87f63c0590d05baea263cdc42c6e1df2d063fa2def309ecb0283f3036bf33d46,87f63c0590d05baea263cdc42c6e1df2d063fa2def309ecb0283f3036bf33d46,1787977908.6794477,36492.551,18246333,0,0.9584569931030273,1.0423822402954102,1.52838134765625,0.00057220458984375,-0.00362396240234375,0.00476837158203125,-0.0073261260986328125,-0.0024423599243164062,-0.15873050689697266,0.0073261260986328125,-0.0073261260986328125,-0.0073261260986328125,-0.07570171356201172,-0.2393169403076172,4.328205108642578,-1.5067157745361328,0.11477375030517578,-0.11477375030517578,0.0,-0.5272303482530447,5.782274739666607,-1.4356942519064202,0.007093054776829609,-0.00534052579470668
44,2,heldout,3,-1,-0.3490658503988659,0.661876440004562,3,s,af3726fcacd0ac1320a56ea850b0a2c0f5430cf4eb20a45c078706980f08407e,d24fbe3839599a6a097188bae8cd47ce8083f27deef1341ae3086bf0d5a45bd1,87f63c0590d05baea263cdc42c6e1df2d063fa2def309ecb0283f3036bf33d46,87f63c0590d05baea263cdc42c6e1df2d063fa2def309ecb0283f3036bf33d46,1787977908.6813424,36492.553,18246334,0,0.9584569931030273,1.0423822402954102,1.5279998779296875,0.00057220458984375,-0.00362396240234375,0.00476837158203125,-0.0073261260986328125,-0.0024423599243164062,-0.14896202087402344,0.0073261260986328125,-0.0073261260986328125,-0.0073261260986328125,-0.07570171356201172,-0.2393169403076172,4.287178039550781,-1.5067157745361328,0.11477375030517578,-0.11477375030517578,0.0,-0.5294437035527058,5.784488094966267,-1.4361336062195031,0.007087925083986485,-0.005341538108157357
44,2,heldout,3,-1,-0.3490658503988659,0.663775256005465,3,s,af3726fcacd0ac1320a56ea850b0a2c0f5430cf4eb20a45c078706980f08407e,d24fbe3839599a6a097188bae8cd47ce8083f27deef1341ae3086bf0d5a45bd1,87f63c0590d05baea263cdc42c6e1df2d063fa2def309ecb0283f3036bf33d46,87f63c0590d05baea263cdc42c6e1df2d063fa2def309ecb0283f3036bf33d46,1787977908.6832588,36492.555,18246335,0,0.9584569931030273,1.0423822402954102,1.5272369384765625,0.00057220458984375,-0.00324249267578125,0.00476837158203125,-0.021978378295898438,-0.0024423599243164062,-0.15384578704833984,0.0073261260986328125,-0.0073261260986328125,-0.0073261260986328125,-0.08058643341064453,-0.25299072265625,4.423931121826172,-1.5115995407104492,0.11477375030517578,-0.11477375030517578,0.0,-0.5338729673992904,5.788917358812853,-1.4370167666575502,0.006930271019119548,-0.005336514921897201
44,2,heldout,3,-1,-0.3490658503988659,0.665698094999243,3,s,af3726fcacd0ac1320a56ea850b0a2c0f5430cf4eb20a45c078706980f08407e,d24fbe3839599a6a097188bae8cd47ce8083f27deef1341ae3086bf0d5a45bd1,87f63c0590d05baea263cdc42c6e1df2d063fa2def309ecb0283f3036bf33d46,87f63c0590d05baea263cdc42c6e1df2d063fa2def309ecb0283f3036bf33d46,1787977908.6851785,36492.557,18246336,0,0.9584569931030273,1.0423822402954102,1.5264739990234375,0.00057220458984375,-0.00324249267578125,0.00476837158203125,-0.0073261260986328125,-0.0024423599243164062,-0.16361427307128906,-0.0073261260986328125,-0.0073261260986328125,-0.0073261260986328125,-0.08058643341064453,-0.25299072265625,4.478633880615234,-1.5115995407104492,0.11477375030517578,-0.11477375030517578,0.0,-0.5382937848619431,5.793338176275505,-1.4378940138510785,0.006920218221004602,-0.005338544326319412
44,2,heldout,3,-1,-0.3490658503988659,0.6676099250034895,3,s,af3726fcacd0ac1320a56ea850b0a2c0f5430cf4eb20a45c078706980f08407e,d24fbe3839599a6a097188bae8cd47ce8083f27deef1341ae3086bf0d5a45bd1,87f63c0590d05baea263cdc42c6e1df2d063fa2def309ecb0283f3036bf33d46,87f63c0590d05baea263cdc42c6e1df2d063fa2def309ecb0283f3036bf33d46,1787977908.687707,36492.559,18246337,0,0.9584569931030273,1.0423822402954102,1.526092529296875,0.00057220458984375,-0.00324249267578125,0.00476837158203125,0.0073261260986328125,-0.0024423599243164062,-0.16361427307128906,-0.0073261260986328125,-0.0073261260986328125,-0.0073261260986328125,-0.08058643341064453,-0.25299072265625,4.423931121826172,-1.5115995407104492,0.11477375030517578,-0.11477375030517578,0.0,-0.5405029291915906,5.795547320605153,-1.4383323236180763,0.00691519031104496,-0.005339557863313665
44,2,heldout,3,-1,-0.3490658503988659,0.6701469250037917,3,s,af3726fcacd0ac1320a56ea850b0a2c0f5430cf4eb20a45c078706980f08407e,d24fbe3839599a6a097188bae8cd47ce8083f27deef1341ae3086bf0d5a45bd1,87f63c0590d05baea263cdc42c6e1df2d063fa2def309ecb0283f3036bf33d46,87f63c0590d05baea263cdc42c6e1df2d063fa2def309ecb0283f3036bf33d46,1787977908.689666,36492.561,18246338,0,0.9584569931030273,1.0423822402954102,1.52532958984375,0.00057220458984375,-0.00324249267578125,0.00476837158203125,-0.0073261260986328125,-0.0024423599243164062,-0.16361427307128906,-0.0073261260986328125,0.0073261260986328125,-0.0073261260986328125,-0.08058643341064453,-0.25299072265625,4.423931121826172,-1.5115995407104492,0.11477375030517578,-0.11477375030517578,0.0,-0.5449186874401681,5.799963078853731,-1.439208315173625,0.006905131472979615,-0.005341582606131023
44,2,heldout,3,-1,-0.3490658503988659,0.6721013760034111,3,s,af3726fcacd0ac1320a56ea850b0a2c0f5430cf4eb20a45c078706980f08407e,d24fbe3839599a6a097188bae8cd47ce8083f27deef1341ae3086bf0d5a45bd1,87f63c0590d05baea263cdc42c6e1df2d063fa2def309ecb0283f3036bf33d46,87f63c0590d05baea263cdc42c6e1df2d063fa2def309ecb0283f3036bf33d46,1787977908.6916566,36492.563,18246339,0,0.9584569931030273,1.0423822402954102,1.524566650390625,0.00057220458984375,-0.00362396240234375,0.00476837158203125,-0.021978378295898438,-0.0024423599243164062,-0.16361427307128906,-0.0073261260986328125,-0.021978378295898438,-0.0073261260986328125,-0.08058643341064453,-0.2666664123535156,4.451282501220703,-1.5018310546875,0.10988998413085938,-0.11477375030517578,0.0,-0.5493259837190891,5.804370375132651,-1.4400783830527408,0.007041711523726431,-0.0053506139332494965
44,2,heldout,3,-1,-0.3490658503988659,0.6741123290048563,3,s,af3726fcacd0ac1320a56ea850b0a2c0f5430cf4eb20a45c078706980f08407e,d24fbe3839599a6a097188bae8cd47ce8083f27deef1341ae3086bf0d5a45bd1,87f63c0590d05baea263cdc42c6e1df2d063fa2def309ecb0283f3036bf33d46,87f63c0590d05baea263cdc42c6e1df2d063fa2def309ecb0283f3036bf33d46,1787977908.6936212,36492.564999999995,18246340,0,0.9584569931030273,1.0423822402954102,1.5241851806640625,0.00057220458984375,-0.00362396240234375,0.00476837158203125,-0.0073261260986328125,-0.0024423599243164062,-0.15873050689697266,-0.021978378295898438,-0.0073261260986328125,-0.0073261260986328125,-0.07570171356201172,-0.2666664123535156,4.355556488037109,-1.4969472885131836,0.11477375030517578,-0.11477375030517578,0.0,-0.5515309070071848,5.806575298420747,-1.4405156446443697,0.007036571550210751,-0.00535161846712897
44,2,heldout,3,-1,-0.3490658503988659,0.6760520380048547,3,s,af3726fcacd0ac1320a56ea850b0a2c0f5430cf4eb20a45c078706980f08407e,d24fbe3839599a6a097188bae8cd47ce8083f27deef1341ae3086bf0d5a45bd1,87f63c0590d05baea263cdc42c6e1df2d063fa2def309ecb0283f3036bf33d46,87f63c0590d05baea263cdc42c6e1df2d063fa2def309ecb0283f3036bf33d46,1787977908.6955152,36492.566999999995,18246341,0,0.9584569931030273,1.0423822402954102,1.5234222412109375,0.00057220458984375,-0.00324249267578125,0.00476837158203125,-0.0073261260986328125,-0.0024423599243164062,-0.15384578704833984,-0.021978378295898438,0.0073261260986328125,-0.0073261260986328125,-0.07570171356201172,-0.2666664123535156,4.328205108642578,-1.4969472885131836,0.11477375030517578,-0.11477375030517578,0.0,-0.5559433073446771,5.81098769875824,-1.4413946278819372,0.006879966806125338,-0.005346630857806417
44,2,heldout,3,-1,-0.3490658503988659,0.6779437860022881,3,s,af3726fcacd0ac1320a56ea850b0a2c0f5430cf4eb20a45c078706980f08407e,d24fbe3839599a6a097188bae8cd47ce8083f27deef1341ae3086bf0d5a45bd1,87f63c0590d05baea263cdc42c6e1df2d063fa2def309ecb0283f3036bf33d46,87f63c0590d05baea263cdc42c6e1df2d063fa2def309ecb0283f3036bf33d46,1787977908.6973908,36492.568999999996,18246342,0,0.9584569931030273,1.0423822402954102,1.523040771484375,0.00057220458984375,-0.00324249267578125,0.00476837158203125,-0.0073261260986328125,-0.0024423599243164062,-0.15384578704833984,-0.03663063049316406,-0.0073261260986328125,-0.0073261260986328125,-0.08058643341064453,-0.28034210205078125,4.410255432128906,-1.4920635223388672,0.11477375030517578,-0.11477375030517578,0.0,-0.5581456957784188,5.81319008719198,-1.441831261426402,0.006874930866323424,-0.005347638174617082
44,2,heldout,3,-1,-0.3490658503988659,0.6798380530017312,3,s,af3726fcacd0ac1320a56ea850b0a2c0f5430cf4eb20a45c078706980f08407e,d24fbe3839599a6a097188bae8cd47ce8083f27deef1341ae3086bf0d5a45bd1,87f63c0590d05baea263cdc42c6e1df2d063fa2def309ecb0283f3036bf33d46,87f63c0590d05baea263cdc42c6e1df2d063fa2def309ecb0283f3036bf33d46,1787977908.6993062,36492.570999999996,18246343,0,0.9584569931030273,1.0423822402954102,1.52227783203125,0.00057220458984375,-0.00324249267578125,0.00476837158203125,-0.0073261260986328125,-0.0024423599243164062,-0.15384578704833984,-0.0073261260986328125,0.0073261260986328125,-0.0073261260986328125,-0.08058643341064453,-0.28034210205078125,4.410255432128906,-1.4871797561645508,0.11477375030517578,-0.10988998413085938,0.0,-0.5625479345340827,5.817592325947645,-1.4427038990096426,0.006864855986150273,-0.005349650473540647
44,2,heldout,3,-1,-0.3490658503988659,0.681735142999969,3,s,af3726fcacd0ac1320a56ea850b0a2c0f5430cf4eb20a45c078706980f08407e,d24fbe3839599a6a097188bae8cd47ce8083f27deef1341ae3086bf0d5a45bd1,87f63c0590d05baea263cdc42c6e1df2d063fa2def309ecb0283f3036bf33d46,87f63c0590d05baea263cdc42c6e1df2d063fa2def309ecb0283f3036bf33d46,1787977908.7011888,36492.573,18246344,0,0.9584569931030273,1.0423822402954102,1.521514892578125,0.00019073486328125,-0.00324249267578125,0.00476837158203125,-0.0073261260986328125,-0.0024423599243164062,-0.15873050689697266,-0.021978378295898438,0.0073261260986328125,-0.0073261260986328125,-0.08058643341064453,-0.28034210205078125,4.464958190917969,-1.482295036315918,0.11477375030517578,-0.11477375030517578,0.0,-0.5665109930982013,5.821555384511763,-1.4431399029214325,0.00685981704724512,-0.00535065545536072
44,2,heldout,3,-1,-0.3490658503988659,0.6836175190037466,3,s,af3726fcacd0ac1320a56ea850b0a2c0f5430cf4eb20a45c078706980f08407e,d24fbe3839599a6a097188bae8cd47ce8083f27deef1341ae3086bf0d5a45bd1,87f63c0590d05baea263cdc42c6e1df2d063fa2def309ecb0283f3036bf33d46,87f63c0590d05baea263cdc42c6e1df2d063fa2def309ecb0283f3036bf33d46,1787977908.70366,36492.575,18246345,0,0.9584569931030273,1.0423822402954102,1.5211334228515625,0.00019073486328125,-0.00324249267578125,0.00476837158203125,-0.0073261260986328125,-0.0024423599243164062,-0.16361427307128906,-0.021978378295898438,0.0073261260986328125,-0.0073261260986328125,-0.07570171356201172,-0.2940177917480469,4.4923095703125,-1.4774112701416016,0.11477375030517578,-0.11477375030517578,0.0,-0.5687093587450012,5.823753750158563,-1.4435756968287299,0.006854777110105218,-0.005351659658557956
44,2,heldout,3,-1,-0.3490658503988659,0.6860907020018203,3,s,af3726fcacd0ac1320a56ea850b0a2c0f5430cf4eb20a45c078706980f08407e,d24fbe3839599a6a097188bae8cd47ce8083f27deef1341ae3086bf0d5a45bd1,87f63c0590d05baea263cdc42c6e1df2d063fa2def309ecb0283f3036bf33d46,87f63c0590d05baea263cdc42c6e1df2d063fa2def309ecb0283f3036bf33d46,1787977908.7056928,36492.577,18246346,0,0.9584569931030273,1.0423822402954102,1.5203704833984375,0.00019073486328125,-0.00324249267578125,0.00476837158203125,0.0073261260986328125,-0.0024423599243164062,-0.16849803924560547,-0.03663063049316406,-0.0073261260986328125,-0.0073261260986328125,-0.08058643341064453,-0.2940177917480469,4.382907867431641,-1.4725275039672852,0.10988998413085938,-0.11477375030517578,0.0,-0.5731035473157251,5.828147938729288,-1.4444466543762127,0.00684469424405494,-0.005353665728499513
44,2,heldout,3,-1,-0.3490658503988659,0.6881258870052989,3,s,af3726fcacd0ac1320a56ea850b0a2c0f5430cf4eb20a45c078706980f08407e,d24fbe3839599a6a097188bae8cd47ce8083f27deef1341ae3086bf0d5a45bd1,87f63c0590d05baea263cdc42c6e1df2d063fa2def309ecb0283f3036bf33d46,87f63c0590d05baea263cdc42c6e1df2d063fa2def309ecb0283f3036bf33d46,1787977908.7076137,36492.579,18246347,0,0.9584569931030273,1.0423822402954102,1.5196075439453125,0.00019073486328125,-0.00362396240234375,0.00476837158203125,-0.021978378295898438,-0.0024423599243164062,-0.16361427307128906,-0.03663063049316406,-0.0073261260986328125,-0.0073261260986328125,-0.07570171356201172,-0.2940177917480469,4.355556488037109,-1.4676437377929688,0.10988998413085938,-0.11477375030517578,0.0,-0.5774892453959641,5.832533636809526,-1.4453116730830657,0.006979964425106531,-0.00536261690936862
44,2,heldout,3,-1,-0.3490658503988659,0.6900422780017834,3,s,af3726fcacd0ac1320a56ea850b0a2c0f5430cf4eb20a45c078706980f08407e,d24fbe3839599a6a097188bae8cd47ce8083f27deef1341ae3086bf0d5a45bd1,87f63c0590d05baea263cdc42c6e1df2d063fa2def309ecb0283f3036bf33d46,87f63c0590d05baea263cdc42c6e1df2d063fa2def309ecb0283f3036bf33d46,1787977908.709501,36492.581,18246348,0,0.9584569931030273,1.0423822402954102,1.51922607421875,0.00019073486328125,-0.00324249267578125,0.00476837158203125,-0.0073261260986328125,-0.0024423599243164062,-0.15873050689697266,-0.03663063049316406,-0.0073261260986328125,-0.0073261260986328125,-0.07570171356201172,-0.3076915740966797,4.369232177734375,-1.462759017944336,0.10988998413085938,-0.11477375030517578,0.0,-0.5796884685697512,5.834732859983313,-1.4457515140793238,0.006829562476558802,-0.005356668990090981
44,2,heldout,3,-1,-0.3490658503988659,0.6919282070011832,3,s,af3726fcacd0ac1320a56ea850b0a2c0f5430cf4eb20a45c078706980f08407e,d24fbe3839599a6a097188bae8cd47ce8083f27deef1341ae3086bf0d5a45bd1,87f63c0590d05baea263cdc42c6e1df2d063fa2def309ecb0283f3036bf33d46,87f63c0590d05baea263cdc42c6e1df2d063fa2def309ecb0283f3036bf33d46,1787977908.7114,36492.583,18246349,0,0.9584569931030273,1.0423822402954102,1.518463134765625,0.00019073486328125,-0.00324249267578125,0.00476837158203125,-0.0073261260986328125,-0.0073261260986328125,-0.15384578704833984,-0.03663063049316406,-0.021978378295898438,-0.0073261260986328125,-0.07570171356201172,-0.3076915740966797,4.328205108642578,-1.4578752517700195,0.10988998413085938,-0.11477375030517578,0.0,-0.5840741712779407,5.839118562691502,-1.446620368730894,0.006819469661177412,-0.005358667267238483
44,2,heldout,3,-1,-0.3490658503988659,0.6938467720028711,3,s,af3726fcacd0ac1320a56ea850b0a2c0f5430cf4eb20a45c078706980f08407e,d24fbe3839599a6a097188bae8cd47ce8083f27deef1341ae3086bf0d5a45bd1,87f63c0590d05baea263cdc42c6e1df2d063fa2def309ecb0283f3036bf33d46,87f63c0590d05baea263cdc42c6e1df2d063fa2def309ecb0283f3036bf33d46,1787977908.713318,36492.585,18246350,0,0.9584569931030273,1.0423822402954102,1.5177001953125,0.00019073486328125,-0.00324249267578125,0.00476837158203125,-0.0073261260986328125,-0.0073261260986328125,-0.15384578704833984,-0.021978378295898438,-0.0073261260986328125,-0.0073261260986328125,-0.08058643341064453,-0.3076915740966797,4.328205108642578,-1.4578752517700195,0.10988998413085938,-0.11477375030517578,0.0,-0.5884564751719632,5.843500866585526,-1.4474883813386266,0.006809372876342442,-0.005360662425231266
44,2,heldout,3,-1,-0.3490658503988659,0.6957489000051282,3,s,af3726fcacd0ac1320a56ea850b0a2c0f5430cf4eb20a45c078706980f08407e,d24fbe3839599a6a097188bae8cd47ce8083f27deef1341ae3086bf0d5a45bd1,87f63c0590d05baea263cdc42c6e1df2d063fa2def309ecb0283f3036bf33d46,87f63c0590d05baea263cdc42c6e1df2d063fa2def309ecb0283f3036bf33d46,1787977908.7152445,36492.587,18246351,0,0.9584569931030273,1.0423822402954102,1.5173187255859375,0.00019073486328125,-0.00324249267578125,0.00476837158203125,-0.0073261260986328125,-0.0073261260986328125,-0.15384578704833984,-0.021978378295898438,-0.0073261260986328125,-0.0073261260986328125,-0.07570171356201172,-0.3076915740966797,4.355556488037109,-1.4578752517700195,0.10988998413085938,-0.11477375030517578,0.0,-0.590646351766446,5.8456907431800085,-1.4479220717181431,0.006804322997216368,-0.005361658834181647
44,2,heldout,3,-1,-0.3490658503988659,0.6976775100047234,3,s,af3726fcacd0ac1320a56ea850b0a2c0f5430cf4eb20a45c078706980f08407e,d24fbe3839599a6a097188bae8cd47ce8083f27deef1341ae3086bf0d5a45bd1,87f63c0590d05baea263cdc42c6e1df2d063fa2def309ecb0283f3036bf33d46,87f63c0590d05baea263cdc42c6e1df2d063fa2def309ecb0283f3036bf33d46,1787977908.717171,36492.589,18246352,0,0.9584569931030273,1.0423822402954102,1.5165557861328125,0.00019073486328125,-0.00324249267578125,0.00476837158203125,-0.021978378295898438,-0.0024423599243164062,-0.15384578704833984,-0.0073261260986328125,-0.0073261260986328125,-0.0073261260986328125,-0.07570171356201172,-0.3076915740966797,4.355556488037109,-1.462759017944336,0.10988998413085938,-0.11477375030517578,0.0,-0.5950235526570149,5.850067944070577,-1.4487888203129282,0.006794220269221307,-0.0053636493112654135
44,2,heldout,3,-1,-0.3490658503988659,0.6996019229991361,3,s,af3726fcacd0ac1320a56ea850b0a2c0f5430cf4eb20a45c078706980f08407e,d24fbe3839599a6a097188bae8cd47ce8083f27deef1341ae3086bf0d5a45bd1,87f63c0590d05baea263cdc42c6e1df2d063fa2def309ecb0283f3036bf33d46,87f63c0590d05baea263cdc42c6e1df2d063fa2def309ecb0283f3036bf33d46,1787977908.719638,36492.591,18246353,0,0.9584569931030273,1.0423822402954102,1.51617431640625,0.00019073486328125,-0.00362396240234375,0.00476837158203125,-0.0073261260986328125,-0.0024423599243164062,-0.15384578704833984,0.0073261260986328125,-0.021978378295898438,-0.0073261260986328125,-0.07570171356201172,-0.3213672637939453,4.423931121826172,-1.4676437377929688,0.10988998413085938,-0.11477375030517578,0.0,-0.5972057692378574,5.85225016065142,-1.449216771323791,0.006933558045035121,-0.005371545410905598
44,2,heldout,3,-1,-0.3490658503988659,0.7020669510020525,3,s,af3726fcacd0ac1320a56ea850b0a2c0f5430cf4eb20a45c078706980f08407e,d24fbe3839599a6a097188bae8cd47ce8083f27deef1341ae3086bf0d5a45bd1,87f63c0590d05baea263cdc42c6e1df2d063fa2def309ecb0283f3036bf33d46,87f63c0590d05baea263cdc42c6e1df2d063fa2def309ecb0283f3036bf33d46,1787977908.7215614,36492.593,18246354,0,0.9584569931030273,1.0423822402954102,1.515411376953125,0.00019073486328125,-0.00324249267578125,0.00476837158203125,-0.0073261260986328125,-0.0073261260986328125,-0.15873050689697266,0.0073261260986328125,-0.0073261260986328125,-0.0073261260986328125,-0.07570171356201172,-0.33504295349121094,4.382907867431641,-1.4774112701416016,0.10988998413085938,-0.11477375030517578,0.0,-0.6015829684705543,5.856627359884116,-1.450087361848749,0.006779058763898576,-0.0053666291726770215
44,2,heldout,3,-1,-0.3490658503988659,0.7039939160022186,3,s,af3726fcacd0ac1320a56ea850b0a2c0f5430cf4eb20a45c078706980f08407e,d24fbe3839599a6a097188bae8cd47ce8083f27deef1341ae3086bf0d5a45bd1,87f63c0590d05baea263cdc42c6e1df2d063fa2def309ecb0283f3036bf33d46,87f63c0590d05baea263cdc42c6e1df2d063fa2def309ecb0283f3036bf33d46,1787977908.7234762,36492.595,18246355,0,0.9584569931030273,1.0423822402954102,1.5146484375,0.00019073486328125,-0.00362396240234375,0.00476837158203125,-0.0073261260986328125,-0.0024423599243164062,-0.15873050689697266,0.0073261260986328125,-0.0073261260986328125,-0.0073261260986328125,-0.07570171356201172,-0.34871864318847656,4.273506164550781,-1.482295036315918,0.10988998413085938,-0.11477375030517578,0.0,-0.6059465405531734,5.860990931966736,-1.4509468901673679,0.006912906721599097,-0.005375493316828418
44,2,heldout,3,-1,-0.3490658503988659,0.705903580004815,3,s,af3726fcacd0ac1320a56ea850b0a2c0f5430cf4eb20a45c078706980f08407e,d24fbe3839599a6a097188bae8cd47ce8083f27deef1341ae3086bf0d5a45bd1,87f63c0590d05baea263cdc42c6e1df2d063fa2def309ecb0283f3036bf33d46,87f63c0590d05baea263cdc42c6e1df2d063fa2def309ecb0283f3036bf33d46,1787977908.7253532,36492.597,18246356,0,0.9584569931030273,1.0423822402954102,1.5142669677734375,0.00019073486328125,-0.00324249267578125,0.00476837158203125,-0.0073261260986328125,-0.0073261260986328125,-0.15873050689697266,-0.0073261260986328125,-0.0073261260986328125,-0.0073261260986328125,-0.07570171356201172,-0.33504295349121094,4.259830474853516,-1.4920635223388672,0.10988998413085938,-0.11477375030517578,0.0,-0.6081347140218887,5.863179105435451,-1.4513840042454236,0.006763888380230854,-0.005369602005563444
44,2,heldout,3,-1,-0.3490658503988659,0.7077822710052715,3,s,af3726fcacd0ac1320a56ea850b0a2c0f5430cf4eb20a45c078706980f08407e,d24fbe3839599a6a097188bae8cd47ce8083f27deef1341ae3086bf0d5a45bd1,87f63c0590d05baea263cdc42c6e1df2d063fa2def309ecb0283f3036bf33d46,87f63c0590d05baea263cdc42c6e1df2d063fa2def309ecb0283f3036bf33d46,1787977908.7272546,36492.599,18246357,0,0.9584569931030273,1.0423822402954102,1.5135040283203125,0.00019073486328125,-0.00362396240234375,0.00476837158203125,0.0073261260986328125,-0.0073261260986328125,-0.15873050689697266,0.0073261260986328125,-0.021978378295898438,-0.0073261260986328125,-0.07570171356201172,-0.33504295349121094,4.328205108642578,-1.4969472885131836,0.10988998413085938,-0.11477375030517578,0.0,-0.6124931648456269,5.8675375562591885,-1.4522422625445846,0.0068974076638097775,-0.005378446033282793
44,2,heldout,3,-1,-0.3490658503988659,0.7096817850033403,3,s,af3726fcacd0ac1320a56ea850b0a2c0f5430cf4eb20a45c078706980f08407e,d24fbe3839599a6a097188bae8cd47ce8083f27deef1341ae3086bf0d5a45bd1,87f63c0590d05baea263cdc42c6e1df2d063fa2def309ecb0283f3036bf33d46,87f63c0590d05baea263cdc42c6e1df2d063fa2def309ecb0283f3036bf33d46,1787977908.729707,36492.600999999995,18246358,0,0.9584569931030273,1.0423822402954102,1.51312255859375,0.00019073486328125,-0.00324249267578125,0.00476837158203125,-0.0073261260986328125,-0.0073261260986328125,-0.15384578704833984,-0.021978378295898438,0.0073261260986328125,-0.0073261260986328125,-0.07570171356201172,-0.3213672637939453,4.259830474853516,-1.5018310546875,0.10988998413085938,-0.11477375030517578,0.0,-0.6146787807303868,5.869723172143948,-1.4526787458047765,0.006748709138086367,-0.005372567806031247
44,2,heldout,3,-1,-0.3490658503988659,0.7121315090043936,3,s,af3726fcacd0ac1320a56ea850b0a2c0f5430cf4eb20a45c078706980f08407e,d24fbe3839599a6a097188bae8cd47ce8083f27deef1341ae3086bf0d5a45bd1,87f63c0590d05baea263cdc42c6e1df2d063fa2def309ecb0283f3036bf33d46,87f63c0590d05baea263cdc42c6e1df2d063fa2def309ecb0283f3036bf33d46,1787977908.7316127,36492.602999999996,18246359,0,0.9584569931030273,1.0423822402954102,1.512359619140625,0.00019073486328125,-0.00324249267578125,0.00476837158203125,-0.0073261260986328125,-0.0073261260986328125,-0.14896202087402344,-0.0073261260986328125,-0.0073261260986328125,-0.0073261260986328125,-0.08058643341064453,-0.3213672637939453,4.232479095458984,-1.5018310546875,0.10988998413085938,-0.11477375030517578,0.0,-0.6190372216127822,5.874081613026345,-1.453540849986132,0.006738584731764122,-0.005374541097525367
44,2,heldout,3,-1,-0.3490658503988659,0.7140562850036076,3,s,af3726fcacd0ac1320a56ea850b0a2c0f5430cf4eb20a45c078706980f08407e,d24fbe3839599a6a097188bae8cd47ce8083f27deef1341ae3086bf0d5a45bd1,87f63c0590d05baea263cdc42c6e1df2d063fa2def309ecb0283f3036bf33d46,87f63c0590d05baea263cdc42c6e1df2d063fa2def309ecb0283f3036bf33d46,1787977908.7335026,36492.604999999996,18246360,0,0.9584569931030273,1.0423822402954102,1.5115966796875,0.00019073486328125,-0.00324249267578125,0.00476837158203125,-0.0073261260986328125,-0.0073261260986328125,-0.14896202087402344,0.0073261260986328125,0.0073261260986328125,-0.0073261260986328125,-0.08058643341064453,-0.33504295349121094,4.287178039550781,-1.5018310546875,0.11477375030517578,-0.10988998413085938,0.0,-0.6233922433298418,5.878436634743403,-1.4544021080954002,0.006728456403069517,-0.005376511260624982
44,2,heldout,3,-1,-0.3490658503988659,0.7159315860044444,3,s,af3726fcacd0ac1320a56ea850b0a2c0f5430cf4eb20a45c078706980f08407e,d24fbe3839599a6a097188bae8cd47ce8083f27deef1341ae3086bf0d5a45bd1,87f63c0590d05baea263cdc42c6e1df2d063fa2def309ecb0283f3036bf33d46,87f63c0590d05baea263cdc42c6e1df2d063fa2def309ecb0283f3036bf33d46,1787977908.7354524,36492.606999999996,18246361,0,0.9584569931030273,1.0423822402954102,1.5112152099609375,0.00019073486328125,-0.00324249267578125,0.00476837158203125,-0.0073261260986328125,-0.0024423599243164062,-0.14896202087402344,-0.0073261260986328125,0.0073261260986328125,-0.0073261260986328125,-0.07570171356201172,-0.34871864318847656,4.300853729248047,-1.5067157745361328,0.10988998413085938,-0.10988998413085938,0.0,-0.6255684712091132,5.880612862622676,-1.4548324197163194,0.006723390769674822,-0.005377495168668408
44,2,heldout,3,-1,-0.3490658503988659,0.7178813179998542,3,s,af3726fcacd0ac1320a56ea850b0a2c0f5430cf4eb20a45c078706980f08407e,d24fbe3839599a6a097188bae8cd47ce8083f27deef1341ae3086bf0d5a45bd1,87f63c0590d05baea263cdc42c6e1df2d063fa2def309ecb0283f3036bf33d46,87f63c0590d05baea263cdc42c6e1df2d063fa2def309ecb0283f3036bf33d46,1787977908.7373927,36492.609,18246362,0,0.9584569931030273,1.0423822402954102,1.5104522705078125,0.00057220458984375,-0.00324249267578125,0.00476837158203125,-0.0073261260986328125,-0.0024423599243164062,-0.15873050689697266,0.0073261260986328125,-0.0073261260986328125,-0.0073261260986328125,-0.07570171356201172,-0.34871864318847656,4.273506164550781,-1.5115995407104492,0.10988998413085938,-0.10988998413085938,0.0,-0.6303480357409905,5.885392427154552,-1.4561220840928897,0.006708188002147354,-0.005380442197055369
44,2,heldout,3,-1,-0.3490658503988659,0.7198293990004458,3,s,af3726fcacd0ac1320a56ea850b0a2c0f5430cf4eb20a45c078706980f08407e,d24fbe3839599a6a097188bae8cd47ce8083f27deef1341ae3086bf0d5a45bd1,87f63c0590d05baea263cdc42c6e1df2d063fa2def309ecb0283f3036bf33d46,87f63c0590d05baea263cdc42c6e1df2d063fa2def309ecb0283f3036bf33d46,1787977908.7393086,36492.611,18246363,0,0.9584569931030273,1.0423822402954102,1.5096893310546875,0.00057220458984375,-0.00324249267578125,0.00476837158203125,-0.021978378295898438,-0.0024423599243164062,-0.16361427307128906,0.021978378295898438,-0.0073261260986328125,-0.0073261260986328125,-0.07570171356201172,-0.34871864318847656,4.451282501220703,-1.5115995407104492,0.10988998413085938,-0.10988998413085938,0.0,-0.6346940746088248,5.889738466022386,-1.456980800979955,0.00669804794171756,-0.005382402968098038
44,2,heldout,3,-1,-0.3490658503988659,0.7217379979992984,3,s,af3726fcacd0ac1320a56ea850b0a2c0f5430cf4eb20a45c078706980f08407e,d24fbe3839599a6a097188bae8cd47ce8083f27deef1341ae3086bf0d5a45bd1,87f63c0590d05baea263cdc42c6e1df2d063fa2def309ecb0283f3036bf33d46,87f63c0590d05baea263cdc42c6e1df2d063fa2def309ecb0283f3036bf33d46,1787977908.7412212,36492.613,18246364,0,0.9584569931030273,1.0423822402954102,1.509307861328125,0.00057220458984375,-0.00362396240234375,0.00476837158203125,-0.0073261260986328125,-0.0024423599243164062,-0.16849803924560547,0.021978378295898438,-0.021978378295898438,-0.0073261260986328125,-0.07570171356201172,-0.3623924255371094,4.300853729248047,-1.5164833068847656,0.10988998413085938,-0.11477375030517578,0.0,-0.6368606826815058,5.89190507409507,-1.4574047155121048,0.006835321302384062,-0.00539018642055382
44,2,heldout,3,-1,-0.3490658503988659,0.7236521960003302,3,s,af3726fcacd0ac1320a56ea850b0a2c0f5430cf4eb20a45c078706980f08407e,d24fbe3839599a6a097188bae8cd47ce8083f27deef1341ae3086bf0d5a45bd1,87f63c0590d05baea263cdc42c6e1df2d063fa2def309ecb0283f3036bf33d46,87f63c0590d05baea263cdc42c6e1df2d063fa2def309ecb0283f3036bf33d46,1787977908.74374,36492.615,18246365,0,0.9584569931030273,1.0423822402954102,1.508544921875,0.00057220458984375,-0.00324249267578125,0.00476837158203125,-0.0073261260986328125,-0.0024423599243164062,-0.16361427307128906,0.0073261260986328125,0.0073261260986328125,-0.0073261260986328125,-0.07570171356201172,-0.376068115234375,4.341880798339844,-1.5164833068847656,0.11477375030517578,-0.10988998413085938,0.0,-0.6412067040977789,5.8962510955113405,-1.4582672860149823,0.00668283054271137,-0.005385338249985784
44,2,heldout,3,-1,-0.3490658503988659,0.7261749579993193,3,s,af3726fcacd0ac1320a56ea850b0a2c0f5430cf4eb20a45c078706980f08407e,d24fbe3839599a6a097188bae8cd47ce8083f27deef1341ae3086bf0d5a45bd1,87f63c0590d05baea263cdc42c6e1df2d063fa2def309ecb0283f3036bf33d46,87f63c0590d05baea263cdc42c6e1df2d063fa2def309ecb0283f3036bf33d46,1787977908.7456508,36492.617,18246366,0,0.9584569931030273,1.0423822402954102,1.507781982421875,0.00019073486328125,-0.00362396240234375,0.00476837158203125,-0.0073261260986328125,-0.0024423599243164062,-0.16361427307128906,-0.0073261260986328125,-0.021978378295898438,-0.0073261260986328125,-0.07570171356201172,-0.376068115234375,4.396579742431641,-1.5164833068847656,0.11477375030517578,-0.10988998413085938,0.0,-0.6451108469169926,5.900155238330554,-1.4586905611672463,0.006819777281101513,-0.005393103878514884
44,2,heldout,3,-1,-0.3490658503988659,0.7280792759993346,3,s,af3726fcacd0ac1320a56ea850b0a2c0f5430cf4eb20a45c078706980f08407e,d24fbe3839599a6a097188bae8cd47ce8083f27deef1341ae3086bf0d5a45bd1,87f63c0590d05baea263cdc42c6e1df2d063fa2def309ecb0283f3036bf33d46,87f63c0590d05baea263cdc42c6e1df2d063fa2def309ecb0283f3036bf33d46,1787977908.7475631,36492.619,18246367,0,0.9584569931030273,1.0423822402954102,1.5074005126953125,0.00019073486328125,-0.00324249267578125,0.00476837158203125,0.0073261260986328125,-0.0024423599243164062,-0.16361427307128906,-0.021978378295898438,-0.0073261260986328125,-0.0073261260986328125,-0.08058643341064453,-0.3897438049316406,4.341880798339844,-1.5164833068847656,0.11477375030517578,-0.10988998413085938,0.0,-0.647283632012501,5.902328023426063,-1.459123881779921,0.006672680746411223,-0.005387291186465674
44,2,heldout,3,-1,-0.3490658503988659,0.729993947003095,3,s,af3726fcacd0ac1320a56ea850b0a2c0f5430cf4eb20a45c078706980f08407e,d24fbe3839599a6a097188bae8cd47ce8083f27deef1341ae3086bf0d5a45bd1,87f63c0590d05baea263cdc42c6e1df2d063fa2def309ecb0283f3036bf33d46,87f63c0590d05baea263cdc42c6e1df2d063fa2def309ecb0283f3036bf33d46,1787977908.7494535,36492.621,18246368,0,0.9584569931030273,1.0423822402954102,1.5066375732421875,0.00019073486328125,-0.00362396240234375,0.00476837158203125,-0.021978378295898438,-0.0024423599243164062,-0.16361427307128906,-0.03663063049316406,-0.021978378295898438,-0.0073261260986328125,-0.08058643341064453,-0.376068115234375,4.341880798339844,-1.5067157745361328,0.11477375030517578,-0.10988998413085938,0.0,-0.6516112356472112,5.906655627060773,-1.4599744964158707,0.006804224328146062,-0.005396014273277575
44,2,heldout,3,-1,-0.3490658503988659,0.7318801760047791,3,s,af3726fcacd0ac1320a56ea850b0a2c0f5430cf4eb20a45c078706980f08407e,d24fbe3839599a6a097188bae8cd47ce8083f27deef1341ae3086bf0d5a45bd1,87f63c0590d05baea263cdc42c6e1df2d063fa2def309ecb0283f3036bf33d46,87f63c0590d05baea263cdc42c6e1df2d063fa2def309ecb0283f3036bf33d46,1787977908.7513893,36492.623,18246369,0,0.9584569931030273,1.0423822402954102,1.5058746337890625,0.00019073486328125,-0.00324249267578125,0.00476837158203125,-0.021978378295898438,-0.0073261260986328125,-0.16361427307128906,-0.03663063049316406,0.0073261260986328125,-0.0073261260986328125,-0.08058643341064453,-0.3897438049316406,4.341880798339844,-1.4920635223388672,0.11477375030517578,-0.10988998413085938,0.0,-0.6559456647673223,5.910990056180884,-1.4608345248461692,0.006652369507687567,-0.005391187650842426
44,2,heldout,3,-1,-0.3490658503988659,0.7338472030023695,3,s,af3726fcacd0ac1320a56ea850b0a2c0f5430cf4eb20a45c078706980f08407e,d24fbe3839599a6a097188bae8cd47ce8083f27deef1341ae3086bf0d5a45bd1,87f63c0590d05baea263cdc42c6e1df2d063fa2def309ecb0283f3036bf33d46,87f63c0590d05baea263cdc42c6e1df2d063fa2def309ecb0283f3036bf33d46,1787977908.7534938,36492.625,18246370,0,0.9584569931030273,1.0423822402954102,1.5054931640625,0.00019073486328125,-0.00324249267578125,0.00476837158203125,-0.0073261260986328125,-0.0073261260986328125,-0.16361427307128906,-0.03663063049316406,-0.0073261260986328125,-0.0073261260986328125,-0.08058643341064453,-0.3897438049316406,4.328205108642578,-1.482295036315918,0.11477375030517578,-0.10988998413085938,0.0,-0.6581090233378923,5.913153414751455,-1.4612616543197385,0.006647289276041104,-0.005392159805988093
44,2,heldout,3,-1,-0.3490658503988659,0.7359414780003135,3,s,af3726fcacd0ac1320a56ea850b0a2c0f5430cf4eb20a45c078706980f08407e,d24fbe3839599a6a097188bae8cd47ce8083f27deef1341ae3086bf0d5a45bd1,87f63c0590d05baea263cdc42c6e1df2d063fa2def309ecb0283f3036bf33d46,87f63c0590d05baea263cdc42c6e1df2d063fa2def309ecb0283f3036bf33d46,1787977908.7554448,36492.627,18246371,0,0.9584569931030273,1.0423822402954102,1.504730224609375,-0.00019073486328125,-0.00324249267578125,0.00476837158203125,-0.0073261260986328125,-0.0073261260986328125,-0.16849803924560547,-0.03663063049316406,0.0073261260986328125,-0.0073261260986328125,-0.08058643341064453,-0.3897438049316406,4.4376068115234375,-1.4725275039672852,0.11477375030517578,-0.10988998413085938,0.0,-0.6620064546048268,5.917050846018388,-1.4616885711517524,0.006642208077086754,-0.005393131176471243
44,2,heldout,3,-1,-0.3490658503988659,0.7378797870042035,3,s,af3726fcacd0ac1320a56ea850b0a2c0f5430cf4eb20a45c078706980f08407e,d24fbe3839599a6a097188bae8cd47ce8083f27deef1341ae3086bf0d5a45bd1,87f63c0590d05baea263cdc42c6e1df2d063fa2def309ecb0283f3036bf33d46,87f63c0590d05baea263cdc42c6e1df2d063fa2def309ecb0283f3036bf33d46,1787977908.7573905,36492.629,18246372,0,0.9584569931030273,1.0423822402954102,1.50396728515625,-0.00019073486328125,-0.00324249267578125,0.00476837158203125,-0.021978378295898438,-0.0073261260986328125,-0.17338180541992188,-0.05128288269042969,-0.0073261260986328125,-0.0073261260986328125,-0.08058643341064453,-0.3897438049316406,4.478633880615234,-1.462759017944336,0.11477375030517578,-0.11477375030517578,0.0,-0.6663275711686076,5.921371962582169,-1.4625417666426506,0.006632042780212175,-0.0053950715628847045
44,2,heldout,3,-1,-0.3490658503988659,0.7398285590024898,3,s,af3726fcacd0ac1320a56ea850b0a2c0f5430cf4eb20a45c078706980f08407e,d24fbe3839599a6a097188bae8cd47ce8083f27deef1341ae3086bf0d5a45bd1,87f63c0590d05baea263cdc42c6e1df2d063fa2def309ecb0283f3036bf33d46,87f63c0590d05baea263cdc42c6e1df2d063fa2def309ecb0283f3036bf33d46,1787977908.7593088,36492.631,18246373,0,0.9584569931030273,1.0423822402954102,1.503204345703125,-0.00019073486328125,-0.00324249267578125,0.00476837158203125,-0.0073261260986328125,-0.0073261260986328125,-0.17338180541992188,-0.03663063049316406,-0.0073261260986328125,-0.0073261260986328125,-0.08058643341064453,-0.3897438049316406,4.396579742431641,-1.4529914855957031,0.10988998413085938,-0.10988998413085938,0.0,-0.6706452410404371,5.925689632454,-1.4633941108222364,0.006621873622980808,-0.005397008808953356
44,2,heldout,3,-1,-0.3490658503988659,0.7417423980004969,3,s,af3726fcacd0ac1320a56ea850b0a2c0f5430cf4eb20a45c078706980f08407e,d24fbe3839599a6a097188bae8cd47ce8083f27deef1341ae3086bf0d5a45bd1,87f63c0590d05baea263cdc42c6e1df2d063fa2def309ecb0283f3036bf33d46,87f63c0590d05baea263cdc42c6e1df2d063fa2def309ecb0283f3036bf33d46,1787977908.7612698,36492.633,18246374,0,0.9584569931030273,1.0423822402954102,1.50244140625,-0.00019073486328125,-0.00324249267578125,0.00476837158203125,-0.0073261260986328125,-0.0073261260986328125,-0.17338180541992188,-0.05128288269042969,-0.0073261260986328125,-0.0073261260986328125,-0.07570171356201172,-0.3897438049316406,4.382907867431641,-1.4529914855957031,0.10988998413085938,-0.11477375030517578,0.0,-0.6749594617071086,5.930003853120671,-1.464245603194383,0.006611700611311881,-0.005398942913549574
44,2,heldout,3,-1,-0.3490658503988659,0.7437099849994411,3,s,af3726fcacd0ac1320a56ea850b0a2c0f5430cf4eb20a45c078706980f08407e,d24fbe3839599a6a097188bae8cd47ce8083f27deef1341ae3086bf0d5a45bd1,87f63c0590d05baea263cdc42c6e1df2d063fa2def309ecb0283f3036bf33d46,87f63c0590d05baea263cdc42c6e1df2d063fa2def309ecb0283f3036bf33d46,1787977908.763801,36492.634999999995,18246375,0,0.9584569931030273,1.0423822402954102,1.5020599365234375,-0.00019073486328125,-0.00324249267578125,0.00476837158203125,-0.021978378295898438,-0.0073261260986328125,-0.17338180541992188,-0.021978378295898438,-0.0073261260986328125,-0.0073261260986328125,-0.07570171356201172,-0.3897438049316406,4.341880798339844,-1.4481077194213867,0.10988998413085938,-0.10988998413085938,0.0,-0.6771152778036786,5.932159669217241,-1.4646710297977603,0.006606612661913711,-0.005399908787443635
44,2,heldout,3,-1,-0.3490658503988659,0.746241036002175,3,s,af3726fcacd0ac1320a56ea850b0a2c0f5430cf4eb20a45c078706980f08407e,d24fbe3839599a6a097188bae8cd47ce8083f27deef1341ae3086bf0d5a45bd1,87f63c0590d05baea263cdc42c6e1df2d063fa2def309ecb0283f3036bf33d46,87f63c0590d05baea263cdc42c6e1df2d063fa2def309ecb0283f3036bf33d46,1787977908.7651677,36492.636999999995,18246376,0,0.9584569931030273,1.0423822402954102,1.5012969970703125,-0.00019073486328125,-0.00324249267578125,0.00476837158203125,-0.0073261260986328125,-0.0073261260986328125,-0.16361427307128906,-0.021978378295898438,-0.0073261260986328125,-0.0073261260986328125,-0.07570171356201172,-0.40341949462890625,4.300853729248047,-1.4529914855957031,0.10988998413085938,-0.11477375030517578,0.0,-0.6814243199547267,5.936468711368289,-1.4655212435295877,0.006596433879691908,-0.005401838177720905
44,2,heldout,3,-1,-0.3490658503988659,0.7476051810008357,3,s,af3726fcacd0ac1320a56ea850b0a2c0f5430cf4eb20a45c078706980f08407e,d24fbe3839599a6a097188bae8cd47ce8083f27deef1341ae3086bf0d5a45bd1,87f63c0590d05baea263cdc42c6e1df2d063fa2def309ecb0283f3036bf33d46,87f63c0590d05baea263cdc42c6e1df2d063fa2def309ecb0283f3036bf33d46,1787977908.767719,36492.638999999996,18246377,0,0.9584569931030273,1.0423822402954102,1.5005340576171875,-0.00019073486328125,-0.00324249267578125,0.00476837158203125,-0.0073261260986328125,-0.0073261260986328125,-0.16361427307128906,-0.0073261260986328125,0.0073261260986328125,-0.0073261260986328125,-0.08058643341064453,-0.40341949462890625,4.3145294189453125,-1.4578752517700195,0.10988998413085938,-0.11477375030517578,0.0,-0.685729906626362,5.9407742980399245,-1.4663706042158207,0.006586251257840429,-0.005403764423714676
44,2,heldout,3,-1,-0.3490658503988659,0.7501684259987087,3,s,af3726fcacd0ac1320a56ea850b0a2c0f5430cf4eb20a45c078706980f08407e,d24fbe3839599a6a097188bae8cd47ce8083f27deef1341ae3086bf0d5a45bd1,87f63c0590d05baea263cdc42c6e1df2d063fa2def309ecb0283f3036bf33d46,87f63c0590d05baea263cdc42c6e1df2d063fa2def309ecb0283f3036bf33d46,1787977908.769713,36492.640999999996,18246378,0,0.9584569931030273,1.0423822402954102,1.500152587890625,-0.00019073486328125,-0.00362396240234375,0.00476837158203125,-0.0073261260986328125,-0.0073261260986328125,-0.15873050689697266,-0.021978378295898438,-0.021978378295898438,-0.0073261260986328125,-0.08058643341064453,-0.40341949462890625,4.259830474853516,-1.462759017944336,0.11477375030517578,-0.11477375030517578,0.0,-0.6878762559853133,5.942920647398876,-1.4667898171234939,0.006721125241130867,-0.0054114169321597015
44,2,heldout,3,-1,-0.3490658503988659,0.7521471330037457,3,s,af3726fcacd0ac1320a56ea850b0a2c0f5430cf4eb20a45c078706980f08407e,d24fbe3839599a6a097188bae8cd47ce8083f27deef1341ae3086bf0d5a45bd1,87f63c0590d05baea263cdc42c6e1df2d063fa2def309ecb0283f3036bf33d46,87f63c0590d05baea263cdc42c6e1df2d063fa2def309ecb0283f3036bf33d46,1787977908.771659,36492.643,18246379,0,0.9584569931030273,1.0423822402954102,1.4993896484375,-0.00019073486328125,-0.00324249267578125,0.00476837158203125,0.0073261260986328125,-0.0073261260986328125,-0.15873050689697266,-0.0073261260986328125,0.0073261260986328125,-0.0073261260986328125,-0.07570171356201172,-0.40341949462890625,4.273506164550781,-1.4676437377929688,0.11477375030517578,-0.11477375030517578,0.0,-0.6921818021281994,5.947226193541762,-1.4676430447033297,0.00657097013872363,-0.0054066478947216
44,2,heldout,3,-1,-0.3490658503988659,0.7541121620015474,3,s,af3726fcacd0ac1320a56ea850b0a2c0f5430cf4eb20a45c078706980f08407e,d24fbe3839599a6a097188bae8cd47ce8083f27deef1341ae3086bf0d5a45bd1,87f63c0590d05baea263cdc42c6e1df2d063fa2def309ecb0283f3036bf33d46,87f63c0590d05baea263cdc42c6e1df2d063fa2def309ecb0283f3036bf33d46,1787977908.773619,36492.645,18246380,0,0.9584569931030273,1.0423822402954102,1.498626708984375,-0.00019073486328125,-0.00362396240234375,0.00476837158203125,0.0073261260986328125,-0.0073261260986328125,-0.15873050689697266,0.0073261260986328125,-0.0073261260986328125,-0.0073261260986328125,-0.07570171356201172,-0.40341949462890625,4.410255432128906,-1.4725275039672852,0.10988998413085938,-0.11477375030517578,0.0,-0.6964735878868631,5.951517979300425,-1.4684851193593849,0.006700311226270071,-0.005415236120634733
44,2,heldout,3,-1,-0.3490658503988659,0.7560582520018215,3,s,af3726fcacd0ac1320a56ea850b0a2c0f5430cf4eb20a45c078706980f08407e,d24fbe3839599a6a097188bae8cd47ce8083f27deef1341ae3086bf0d5a45bd1,87f63c0590d05baea263cdc42c6e1df2d063fa2def309ecb0283f3036bf33d46,87f63c0590d05baea263cdc42c6e1df2d063fa2def309ecb0283f3036bf33d46,1787977908.7755518,36492.647,18246381,0,0.9584569931030273,1.0423822402954102,1.4982452392578125,-0.00019073486328125,-0.00324249267578125,0.00476837158203125,-0.0073261260986328125,-0.0073261260986328125,-0.16361427307128906,0.0073261260986328125,-0.0073261260986328125,-0.0073261260986328125,-0.07570171356201172,-0.3897438049316406,4.410255432128906,-1.482295036315918,0.10988998413085938,-0.11477375030517578,0.0,-0.6986259087130622,5.953670300126624,-1.4689135630595038,0.006555680413789729,-0.005409524284791934
44,2,heldout,3,-1,-0.3490658503988659,0.7579834310017759,3,s,af3726fcacd0ac1320a56ea850b0a2c0f5430cf4eb20a45c078706980f08407e,d24fbe3839599a6a097188bae8cd47ce8083f27deef1341ae3086bf0d5a45bd1,87f63c0590d05baea263cdc42c6e1df2d063fa2def309ecb0283f3036bf33d46,87f63c0590d05baea263cdc42c6e1df2d063fa2def309ecb0283f3036bf33d46,1787977908.7775195,36492.649,18246382,0,0.9584569931030273,1.0423822402954102,1.4974822998046875,-0.00019073486328125,-0.00324249267578125,0.00476837158203125,-0.0073261260986328125,-0.012209892272949219,-0.16361427307128906,0.0073261260986328125,-0.0073261260986328125,-0.0073261260986328125,-0.07570171356201172,-0.376068115234375,4.287178039550781,-1.4920635223388672,0.11477375030517578,-0.11477375030517578,0.0,-0.7029176484253787,5.957962039838941,-1.4697595066243971,0.006545482492712488,-0.005411437942457799
44,2,heldout,3,-1,-0.3490658503988659,0.7599615680010174,3,s,af3726fcacd0ac1320a56ea850b0a2c0f5430cf4eb20a45c078706980f08407e,d24fbe3839599a6a097188bae8cd47ce8083f27deef1341ae3086bf0d5a45bd1,87f63c0590d05baea263cdc42c6e1df2d063fa2def309ecb0283f3036bf33d46,87f63c0590d05baea263cdc42c6e1df2d063fa2def309ecb0283f3036bf33d46,1787977908.779474,36492.651,18246383,0,0.9584569931030273,1.0423822402954102,1.4967193603515625,-0.00019073486328125,-0.00324249267578125,0.00476837158203125,-0.0073261260986328125,-0.012209892272949219,-0.16849803924560547,0.021978378295898438,0.0073261260986328125,-0.0073261260986328125,-0.07570171356201172,-0.3897438049316406,4.355556488037109,-1.4969472885131836,0.11477375030517578,-0.11477375030517578,0.0,-0.7072059201475256,5.962250311561087,-1.4706045946767023,0.006535280761663179,-0.005413348450252373
44,2,heldout,3,-1,-0.3490658503988659,0.7619150280006579,3,s,af3726fcacd0ac1320a56ea850b0a2c0f5430cf4eb20a45c078706980f08407e,d24fbe3839599a6a097188bae8cd47ce8083f27deef1341ae3086bf0d5a45bd1,87f63c0590d05baea263cdc42c6e1df2d063fa2def309ecb0283f3036bf33d46,87f63c0590d05baea263cdc42c6e1df2d063fa2def309ecb0283f3036bf33d46,1787977908.7814128,36492.653,18246384,0,0.9584569931030273,1.0423822402954102,1.496337890625,0.00019073486328125,-0.00324249267578125,0.00476837158203125,0.0073261260986328125,-0.012209892272949219,-0.16361427307128906,0.03663063049316406,-0.021978378295898438,-0.0073261260986328125,-0.07570171356201172,-0.3897438049316406,4.328205108642578,-1.5115995407104492,0.11477375030517578,-0.11477375030517578,0.0,-0.709770763724791,5.964815155138353,-1.4714488267245134,0.006525075226579989,-0.005415255807063588
44,2,heldout,3,-1,-0.3490658503988659,0.7638488939992385,3,s,af3726fcacd0ac1320a56ea850b0a2c0f5430cf4eb20a45c078706980f08407e,d24fbe3839599a6a097188bae8cd47ce8083f27deef1341ae3086bf0d5a45bd1,87f63c0590d05baea263cdc42c6e1df2d063fa2def309ecb0283f3036bf33d46,87f63c0590d05baea263cdc42c6e1df2d063fa2def309ecb0283f3036bf33d46,1787977908.7833915,36492.655,18246385,0,0.9584569931030273,1.0423822402954102,1.495574951171875,0.00019073486328125,-0.00324249267578125,0.00476837158203125,-0.0073261260986328125,-0.012209892272949219,-0.16361427307128906,0.021978378295898438,0.0073261260986328125,-0.0073261260986328125,-0.08058643341064453,-0.40341949462890625,4.328205108642578,-1.521367073059082,0.11477375030517578,-0.11477375030517578,0.0,-0.7140534004727714,5.969097791886333,-1.4722922022764224,0.00651486589340332,-0.005417160011781219
44,2,heldout,3,-1,-0.3490658503988659,0.7658311129998765,3,s,af3726fcacd0ac1320a56ea850b0a2c0f5430cf4eb20a45c078706980f08407e,d24fbe3839599a6a097188bae8cd47ce8083f27deef1341ae3086bf0d5a45bd1,87f63c0590d05baea263cdc42c6e1df2d063fa2def309ecb0283f3036bf33d46,87f63c0590d05baea263cdc42c6e1df2d063fa2def309ecb0283f3036bf33d46,1787977908.7853084,36492.657,18246386,0,0.9584569931030273,1.0423822402954102,1.49481201171875,0.00019073486328125,-0.00324249267578125,0.00476837158203125,-0.0073261260986328125,-0.012209892272949219,-0.16361427307128906,0.0073261260986328125,-0.021978378295898438,-0.0073261260986328125,-0.07570171356201172,-0.40341949462890625,4.369232177734375,-1.5262517929077148,0.11477375030517578,-0.11477375030517578,0.0,-0.7183325627487138,5.973376954162275,-1.4731347208415195,0.006504652768075787,-0.0054190610632968705
44,2,heldout,3,-1,-0.3490658503988659,0.7677388650045032,3,s,af3726fcacd0ac1320a56ea850b0a2c0f5430cf4eb20a45c078706980f08407e,d24fbe3839599a6a097188bae8cd47ce8083f27deef1341ae3086bf0d5a45bd1,87f63c0590d05baea263cdc42c6e1df2d063fa2def309ecb0283f3036bf33d46,87f63c0590d05baea263cdc42c6e1df2d063fa2def309ecb0283f3036bf33d46,1787977908.7872286,36492.659,18246387,0,0.9584569931030273,1.0420007705688477,1.494049072265625,0.00019073486328125,-0.00324249267578125,0.00476837158203125,-0.021978378295898438,-0.012209892272949219,-0.16361427307128906,0.021978378295898438,0.0073261260986328125,-0.0073261260986328125,-0.07570171356201172,-0.40341949462890625,4.451282501220703,-1.5311355590820312,0.11477375030517578,-0.11477375030517578,0.0,-0.7170364144157927,5.97551523159478,-1.4735556586007417,0.006499544785213118,-0.005420010406258083
44,2,heldout,3,-1,-0.3490658503988659,0.7696601839998038,3,s,af3726fcacd0ac1320a56ea850b0a2c0f5430cf4eb20a45c078706980f08407e,d24fbe3839599a6a097188bae8cd47ce8083f27deef1341ae3086bf0d5a45bd1,87f63c0590d05baea263cdc42c6e1df2d063fa2def309ecb0283f3036bf33d46,87f63c0590d05baea263cdc42c6e1df2d063fa2def309ecb0283f3036bf33d46,1787977908.7897804,36492.661,18246388,0,0.9584569931030273,1.0420007705688477,1.4936676025390625,0.00019073486328125,-0.00362396240234375,0.00476837158203125,-0.0073261260986328125,-0.012209892272949219,-0.17338180541992188,-0.0073261260986328125,-0.021978378295898438,-0.0073261260986328125,-0.08058643341064453,-0.41709327697753906,4.396579742431641,-1.5311355590820312,0.11477375030517578,-0.11477375030517578,0.0,-0.7191686585621585,5.977647475741147,-1.4739712181951559,0.006632558189146149,-0.00542756136106312
44,2,heldout,3,-1,-0.3490658503988659,0.7722277770008077,3,s,af3726fcacd0ac1320a56ea850b0a2c0f5430cf4eb20a45c078706980f08407e,d24fbe3839599a6a097188bae8cd47ce8083f27deef1341ae3086bf0d5a45bd1,87f63c0590d05baea263cdc42c6e1df2d063fa2def309ecb0283f3036bf33d46,87f63c0590d05baea263cdc42c6e1df2d063fa2def309ecb0283f3036bf33d46,1787977908.7917745,36492.663,18246389,0,0.9584569931030273,1.0420007705688477,1.4929046630859375,0.00019073486328125,-0.00362396240234375,0.00476837158203125,-0.0073261260986328125,-0.012209892272949219,-0.1782665252685547,-0.0073261260986328125,-0.0073261260986328125,-0.0073261260986328125,-0.07570171356201172,-0.41709327697753906,4.382907867431641,-1.5311355590820312,0.10988998413085938,-0.10988998413085938,0.0,-0.7234408625149334,5.981919679693922,-1.474812019407173,0.006622120125772339,-0.005429445712254517
44,2,heldout,3,-1,-0.3490658503988659,0.774233139003627,3,s,af3726fcacd0ac1320a56ea850b0a2c0f5430cf4eb20a45c078706980f08407e,d24fbe3839599a6a097188bae8cd47ce8083f27deef1341ae3086bf0d5a45bd1,87f63c0590d05baea263cdc42c6e1df2d063fa2def309ecb0283f3036bf33d46,87f63c0590d05baea263cdc42c6e1df2d063fa2def309ecb0283f3036bf33d46,1787977908.7932854,36492.665,18246390,0,0.9584569931030273,1.0420007705688477,1.4921417236328125,0.00019073486328125,-0.00324249267578125,0.00476837158203125,-0.0073261260986328125,-0.017093658447265625,-0.17338180541992188,-0.021978378295898438,-0.0073261260986328125,-0.0073261260986328125,-0.08058643341064453,-0.41709327697753906,4.410255432128906,-1.5262517929077148,0.11477375030517578,-0.10988998413085938,0.0,-0.7277147520810382,5.986193569260027,-1.4756571297143386,0.006473990698647231,-0.005424745287575566
44,2,heldout,3,-1,-0.3490658503988659,0.7757304930055398,3,s,af3726fcacd0ac1320a56ea850b0a2c0f5430cf4eb20a45c078706980f08407e,d24fbe3839599a6a097188bae8cd47ce8083f27deef1341ae3086bf0d5a45bd1,87f63c0590d05baea263cdc42c6e1df2d063fa2def309ecb0283f3036bf33d46,87f63c0590d05baea263cdc42c6e1df2d063fa2def309ecb0283f3036bf33d46,1787977908.7952712,36492.667,18246391,0,0.9584569931030273,1.0420007705688477,1.4913787841796875,0.00019073486328125,-0.00324249267578125,0.00476837158203125,-0.0073261260986328125,-0.017093658447265625,-0.1831502914428711,-0.0073261260986328125,-0.0073261260986328125,-0.0073261260986328125,-0.08058643341064453,-0.41709327697753906,4.410255432128906,-1.5262517929077148,0.11477375030517578,-0.10988998413085938,0.0,-0.7319799915810937,5.990458808760081,-1.476496215433081,0.006463762464186472,-0.005426633715236095
44,2,heldout,3,-1,-0.3490658503988659,0.7777088490038295,3,s,af3726fcacd0ac1320a56ea850b0a2c0f5430cf4eb20a45c078706980f08407e,d24fbe3839599a6a097188bae8cd47ce8083f27deef1341ae3086bf0d5a45bd1,87f63c0590d05baea263cdc42c6e1df2d063fa2def309ecb0283f3036bf33d46,87f63c0590d05baea263cdc42c6e1df2d063fa2def309ecb0283f3036bf33d46,1787977908.797882,36492.669,18246392,0,0.9584569931030273,1.0420007705688477,1.4906158447265625,0.00019073486328125,-0.00324249267578125,0.00476837158203125,-0.0073261260986328125,-0.021978378295898438,-0.1831502914428711,-0.021978378295898438,0.0073261260986328125,-0.0073261260986328125,-0.08058643341064453,-0.3897438049316406,4.4376068115234375,-1.5164833068847656,0.11477375030517578,-0.10988998413085938,0.0,-0.7362417441753656,5.994720561354354,-1.4773344417179548,0.0064535304673209596,-0.0054285189841802245
44,2,heldout,3,-1,-0.3490658503988659,0.7803309070004616,3,s,af3726fcacd0ac1320a56ea850b0a2c0f5430cf4eb20a45c078706980f08407e,d24fbe3839599a6a097188bae8cd47ce8083f27deef1341ae3086bf0d5a45bd1,87f63c0590d05baea263cdc42c6e1df2d063fa2def309ecb0283f3036bf33d46,87f63c0590d05baea263cdc42c6e1df2d063fa2def309ecb0283f3036bf33d46,1787977908.7993014,36492.670999999995,18246393,0,0.9584569931030273,1.0420007705688477,1.4898529052734375,-0.00019073486328125,-0.00362396240234375,0.00476837158203125,-0.021978378295898438,-0.026862144470214844,-0.1782665252685547,-0.0073261260986328125,-0.021978378295898438,-0.0073261260986328125,-0.08058643341064453,-0.40341949462890625,4.423931121826172,-1.5115995407104492,0.10988998413085938,-0.10988998413085938,0.0,-0.7400762594225202,5.998555076601509,-1.4777480601203763,0.0065855565890306795,-0.005436016046461597
44,2,heldout,3,-1,-0.3490658503988659,0.7817440729995724,3,s,af3726fcacd0ac1320a56ea850b0a2c0f5430cf4eb20a45c078706980f08407e,d24fbe3839599a6a097188bae8cd47ce8083f27deef1341ae3086bf0d5a45bd1,87f63c0590d05baea263cdc42c6e1df2d063fa2def309ecb0283f3036bf33d46,87f63c0590d05baea263cdc42c6e1df2d063fa2def309ecb0283f3036bf33d46,1787977908.8013065,36492.672999999995,18246394,0,0.9584569931030273,1.0420007705688477,1.489471435546875,-0.00019073486328125,-0.00362396240234375,0.00476837158203125,-0.0073261260986328125,-0.026862144470214844,-0.1782665252685547,-0.03663063049316406,-0.0073261260986328125,-0.0073261260986328125,-0.08058643341064453,-0.3897438049316406,4.478633880615234,-1.5067157745361328,0.11477375030517578,-0.10988998413085938,0.0,-0.7422042958861984,6.000683113065186,-1.4781666348332558,0.006580329387257857,-0.005436951502547372
44,2,heldout,3,-1,-0.3490658503988659,0.7837467950012069,3,s,af3726fcacd0ac1320a56ea850b0a2c0f5430cf4eb20a45c078706980f08407e,d24fbe3839599a6a097188bae8cd47ce8083f27deef1341ae3086bf0d5a45bd1,87f63c0590d05baea263cdc42c6e1df2d063fa2def309ecb0283f3036bf33d46,87f63c0590d05baea263cdc42c6e1df2d063fa2def309ecb0283f3036bf33d46,1787977908.80329,36492.674999999996,18246395,0,0.9584569931030273,1.0420007705688477,1.48870849609375,-0.00019073486328125,-0.00362396240234375,0.00476837158203125,-0.0073261260986328125,-0.03174591064453125,-0.1782665252685547,-0.03663063049316406,-0.0073261260986328125,-0.0073261260986328125,-0.08058643341064453,-0.376068115234375,4.451282501220703,-1.4969472885131836,0.11477375030517578,-0.11477375030517578,0.0,-0.7464577488610847,6.004936566040074,-1.4790031388934763,0.006569872111781191,-0.005438820041041224
44,2,heldout,3,-1,-0.3490658503988659,0.7857333880019723,3,s,af3726fcacd0ac1320a56ea850b0a2c0f5430cf4eb20a45c078706980f08407e,d24fbe3839599a6a097188bae8cd47ce8083f27deef1341ae3086bf0d5a45bd1,87f63c0590d05baea263cdc42c6e1df2d063fa2def309ecb0283f3036bf33d46,87f63c0590d05baea263cdc42c6e1df2d063fa2def309ecb0283f3036bf33d46,1787977908.805288,36492.676999999996,18246396,0,0.9584569931030273,1.0416193008422852,1.487945556640625,-0.00019073486328125,-0.00324249267578125,0.00476837158203125,-0.0073261260986328125,-0.036629676818847656,-0.1831502914428711,-0.021978378295898438,0.0073261260986328125,-0.0073261260986328125,-0.08058643341064453,-0.34871864318847656,4.5059814453125,-1.4920635223388672,0.11477375030517578,-0.10988998413085938,0.0,-0.7451546802844606,6.007067158019504,-1.479426244206273,0.006427934053726729,-0.005433218329959338
44,2,heldout,3,-1,-0.3490658503988659,0.7877336530000321,3,s,af3726fcacd0ac1320a56ea850b0a2c0f5430cf4eb20a45c078706980f08407e,d24fbe3839599a6a097188bae8cd47ce8083f27deef1341ae3086bf0d5a45bd1,87f63c0590d05baea263cdc42c6e1df2d063fa2def309ecb0283f3036bf33d46,87f63c0590d05baea263cdc42c6e1df2d063fa2def309ecb0283f3036bf33d46,1787977908.8072786,36492.679,18246397,0,0.9584569931030273,1.0416193008422852,1.4871826171875,-0.00019073486328125,-0.00324249267578125,0.00476837158203125,-0.0073261260986328125,-0.046398162841796875,-0.1929178237915039,-0.03663063049316406,-0.0073261260986328125,-0.0073261260986328125,-0.07570171356201172,-0.33504295349121094,4.5059814453125,-1.482295036315918,0.10988998413085938,-0.10988998413085938,0.0,-0.7494028912212882,6.011315368956332,-1.480261458633585,0.0064176889353608855,-0.0054350925347663465
44,2,heldout,3,-1,-0.3490658503988659,0.7897243449988309,3,s,af3726fcacd0ac1320a56ea850b0a2c0f5430cf4eb20a45c078706980f08407e,d24fbe3839599a6a097188bae8cd47ce8083f27deef1341ae3086bf0d5a45bd1,87f63c0590d05baea263cdc42c6e1df2d063fa2def309ecb0283f3036bf33d46,87f63c0590d05baea263cdc42c6e1df2d063fa2def309ecb0283f3036bf33d46,1787977908.8092735,36492.681,18246398,0,0.9584569931030273,1.0416193008422852,1.486419677734375,-0.00019073486328125,-0.00362396240234375,0.00476837158203125,-0.0073261260986328125,-0.046398162841796875,-0.1880340576171875,-0.03663063049316406,-0.0073261260986328125,-0.0073261260986328125,-0.07570171356201172,-0.34871864318847656,4.382907867431641,-1.4774112701416016,0.11477375030517578,-0.11477375030517578,0.0,-0.7536424232497256,6.015554900984769,-1.4810906315728751,0.006543712205672118,-0.005443477534483426
44,2,heldout,3,-1,-0.3490658503988659,0.7917202430035104,3,s,af3726fcacd0ac1320a56ea850b0a2c0f5430cf4eb20a45c078706980f08407e,d24fbe3839599a6a097188bae8cd47ce8083f27deef1341ae3086bf0d5a45bd1,87f63c0590d05baea263cdc42c6e1df2d063fa2def309ecb0283f3036bf33d46,87f63c0590d05baea263cdc42c6e1df2d063fa2def309ecb0283f3036bf33d46,1787977908.8112924,36492.683,18246399,0,0.9584569931030273,1.0416193008422852,1.48565673828125,-0.00057220458984375,-0.00324249267578125,0.00476837158203125,-0.021978378295898438,-0.04151439666748047,-0.1880340576171875,-0.03663063049316406,0.0073261260986328125,-0.0073261260986328125,-0.07570171356201172,-0.3623924255371094,4.4376068115234375,-1.4725275039672852,0.10988998413085938,-0.11477375030517578,0.0,-0.7574721759354399,6.019384653670484,-1.4815126645749,0.00640231425545173,-0.005437897909811303
44,2,heldout,3,-1,-0.3490658503988659,0.7937551620052545,3,s,af3726fcacd0ac1320a56ea850b0a2c0f5430cf4eb20a45c078706980f08407e,d24fbe3839599a6a097188bae8cd47ce8083f27deef1341ae3086bf0d5a45bd1,87f63c0590d05baea263cdc42c6e1df2d063fa2def309ecb0283f3036bf33d46,87f63c0590d05baea263cdc42c6e1df2d063fa2def309ecb0283f3036bf33d46,1787977908.8133876,36492.685,18246400,0,0.9584569931030273,1.0416193008422852,1.484893798828125,-0.00057220458984375,-0.00324249267578125,0.00476837158203125,0.0073261260986328125,-0.03174591064453125,-0.1831502914428711,-0.03663063049316406,-0.0073261260986328125,-0.0073261260986328125,-0.07570171356201172,-0.40341949462890625,4.4376068115234375,-1.4676437377929688,0.10988998413085938,-0.10988998413085938,0.0,-0.7617103136831553,6.023622791418199,-1.4823457240279392,0.0063920598093060174,-0.005439764203476646
44,2,heldout,3,-1,-0.3490658503988659,0.7958376410024357,3,s,af3726fcacd0ac1320a56ea850b0a2c0f5430cf4eb20a45c078706980f08407e,d24fbe3839599a6a097188bae8cd47ce8083f27deef1341ae3086bf0d5a45bd1,87f63c0590d05baea263cdc42c6e1df2d063fa2def309ecb0283f3036bf33d46,87f63c0590d05baea263cdc42c6e1df2d063fa2def309ecb0283f3036bf33d46,1787977908.8153641,36492.687,18246401,0,0.9584569931030273,1.0416193008422852,1.484130859375,-0.00019073486328125,-0.00324249267578125,0.00476837158203125,0.0073261260986328125,-0.012209892272949219,-0.1831502914428711,-0.021978378295898438,-0.0073261260986328125,-0.0073261260986328125,-0.07570171356201172,-0.4444446563720703,4.4376068115234375,-1.4676437377929688,0.10988998413085938,-0.10988998413085938,0.0,-0.7663607198123485,6.028273197547392,-1.4835936952334838,0.006376671165700214,-0.005442557706711913
44,2,heldout,3,-1,-0.3490658503988659,0.7978056190040661,3,s,af3726fcacd0ac1320a56ea850b0a2c0f5430cf4eb20a45c078706980f08407e,d24fbe3839599a6a097188bae8cd47ce8083f27deef1341ae3086bf0d5a45bd1,87f63c0590d05baea263cdc42c6e1df2d063fa2def309ecb0283f3036bf33d46,87f63c0590d05baea263cdc42c6e1df2d063fa2def309ecb0283f3036bf33d46,1787977908.8173025,36492.689,18246402,0,0.9584569931030273,1.0416193008422852,1.483367919921875,-0.00057220458984375,-0.00324249267578125,0.00476837158203125,0.0073261260986328125,-0.0024423599243164062,-0.1782665252685547,-0.021978378295898438,-0.0073261260986328125,-0.0073261260986328125,-0.07570171356201172,-0.47179412841796875,4.519657135009766,-1.4725275039672852,0.10988998413085938,-0.10988998413085938,0.0,-0.7701760680844321,6.032088545819477,-1.484009253933425,0.006371539760980671,-0.005443487290644809
44,2,heldout,3,-1,-0.3490658503988659,0.7997401850007009,3,s,af3726fcacd0ac1320a56ea850b0a2c0f5430cf4eb20a45c078706980f08407e,d24fbe3839599a6a097188bae8cd47ce8083f27deef1341ae3086bf0d5a45bd1,87f63c0590d05baea263cdc42c6e1df2d063fa2def309ecb0283f3036bf33d46,87f63c0590d05baea263cdc42c6e1df2d063fa2def309ecb0283f3036bf33d46,1787977908.819799,36492.691,18246403,0,0.9584569931030273,1.0416193008422852,1.48260498046875,-0.00019073486328125,-0.00362396240234375,0.00476837158203125,-0.0073261260986328125,0.0024423599243164062,-0.1831502914428711,-0.0073261260986328125,-0.021978378295898438,-0.0073261260986328125,-0.07570171356201172,-0.4854698181152344,4.4923095703125,-1.4774112701416016,0.10988998413085938,-0.10988998413085938,0.0,-0.7748134012256425,6.036725878960687,-1.4852494448329363,0.006491321071072417,-0.005452733094746306
44,2,heldout,3,-1,-0.3490658503988659,0.8022356479996233,3,s,af3726fcacd0ac1320a56ea850b0a2c0f5430cf4eb20a45c078706980f08407e,d24fbe3839599a6a097188bae8cd47ce8083f27deef1341ae3086bf0d5a45bd1,87f63c0590d05baea263cdc42c6e1df2d063fa2def309ecb0283f3036bf33d46,87f63c0590d05baea263cdc42c6e1df2d063fa2def309ecb0283f3036bf33d46,1787977908.82172,36492.693,18246404,0,0.9584569931030273,1.0416193008422852,1.481842041015625,-0.00019073486328125,-0.00324249267578125,0.00476837158203125,0.0073261260986328125,0.0024423599243164062,-0.1831502914428711,0.0073261260986328125,0.0073261260986328125,-0.0073261260986328125,-0.07570171356201172,-0.47179412841796875,4.615383148193359,-1.482295036315918,0.11477375030517578,-0.10988998413085938,0.0,-0.7790422562748689,6.0409547340099135,-1.4860838069483053,0.0063458688446062315,-0.00544812332563318
44,2,heldout,3,-1,-0.3490658503988659,0.80415571800404,3,s,af3726fcacd0ac1320a56ea850b0a2c0f5430cf4eb20a45c078706980f08407e,d24fbe3839599a6a097188bae8cd47ce8083f27deef1341ae3086bf0d5a45bd1,87f63c0590d05baea263cdc42c6e1df2d063fa2def309ecb0283f3036bf33d46,87f63c0590d05baea263cdc42c6e1df2d063fa2def309ecb0283f3036bf33d46,1787977908.8236434,36492.695,18246405,0,0.9584569931030273,1.0416193008422852,1.4810791015625,-0.00019073486328125,-0.00324249267578125,0.00476837158203125,-0.0073261260986328125,0.0024423599243164062,-0.1880340576171875,-0.0073261260986328125,0.0073261260986328125,-0.0073261260986328125,-0.07570171356201172,-0.45812034606933594,4.656410217285156,-1.4920635223388672,0.11477375030517578,-0.10988998413085938,0.0,-0.7832624057778337,6.045174883512877,-1.486912114801107,0.0063355940087075555,-0.0054499721909282576
44,2,heldout,3,-1,-0.3490658503988659,0.8060792879987275,3,s,af3726fcacd0ac1320a56ea850b0a2c0f5430cf4eb20a45c078706980f08407e,d24fbe3839599a6a097188bae8cd47ce8083f27deef1341ae3086bf0d5a45bd1,87f63c0590d05baea263cdc42c6e1df2d063fa2def309ecb0283f3036bf33d46,87f63c0590d05baea263cdc42c6e1df2d063fa2def309ecb0283f3036bf33d46,1787977908.8255467,36492.697,18246406,0,0.9584569931030273,1.0416193008422852,1.4806976318359375,-0.00019073486328125,-0.00324249267578125,0.00476837158203125,-0.021978378295898438,0.0024423599243164062,-0.1929178237915039,-0.0073261260986328125,-0.0073261260986328125,-0.0073261260986328125,-0.08058643341064453,-0.47179412841796875,4.547008514404297,-1.4969472885131836,0.11477375030517578,-0.10988998413085938,0.0,-0.7853711611497398,6.047283638884784,-1.4873259441963516,0.006330455207459,-0.005450895434030044
44,2,heldout,3,-1,-0.3490658503988659,0.8079755229991861,3,s,af3726fcacd0ac1320a56ea850b0a2c0f5430cf4eb20a45c078706980f08407e,d24fbe3839599a6a097188bae8cd47ce8083f27deef1341ae3086bf0d5a45bd1,87f63c0590d05baea263cdc42c6e1df2d063fa2def309ecb0283f3036bf33d46,87f63c0590d05baea263cdc42c6e1df2d063fa2def309ecb0283f3036bf33d46,1787977908.8275533,36492.699,18246407,0,0.9584569931030273,1.0416193008422852,1.4799346923828125,-0.00019073486328125,-0.00324249267578125,0.00476837158203125,-0.0073261260986328125,-0.0024423599243164062,-0.1880340576171875,0.021978378295898438,0.0073261260986328125,-0.0073261260986328125,-0.08058643341064453,-0.47179412841796875,4.533332824707031,-1.5067157745361328,0.11477375030517578,-0.10988998413085938,0.0,-0.7895860316000856,6.05149850933513,-1.4881529536234293,0.006320174842102424,-0.005452739540470364
44,2,heldout,3,-1,-0.3490658503988659,0.8099958189995959,3,s,af3726fcacd0ac1320a56ea850b0a2c0f5430cf4eb20a45c078706980f08407e,d24fbe3839599a6a097188bae8cd47ce8083f27deef1341ae3086bf0d5a45bd1,87f63c0590d05baea263cdc42c6e1df2d063fa2def309ecb0283f3036bf33d46,87f63c0590d05baea263cdc42c6e1df2d063fa2def309ecb0283f3036bf33d46,1787977908.8294961,36492.701,18246408,0,0.9584569931030273,1.0416193008422852,1.4791717529296875,-0.00019073486328125,-0.00324249267578125,0.00476837158203125,-0.021978378295898438,-0.0073261260986328125,-0.1782665252685547,0.0073261260986328125,-0.021978378295898438,-0.0073261260986328125,-0.08058643341064453,-0.45812034606933594,4.451282501220703,-1.5115995407104492,0.11477375030517578,-0.10988998413085938,0.0,-0.7937973796148685,6.055709857349912,-1.4889790968315235,0.006309890797920084,-0.005454580472998694
44,2,heldout,3,-1,-0.3490658503988659,0.811929287003295,3,s,af3726fcacd0ac1320a56ea850b0a2c0f5430cf4eb20a45c078706980f08407e,d24fbe3839599a6a097188bae8cd47ce8083f27deef1341ae3086bf0d5a45bd1,87f63c0590d05baea263cdc42c6e1df2d063fa2def309ecb0283f3036bf33d46,87f63c0590d05baea263cdc42c6e1df2d063fa2def309ecb0283f3036bf33d46,1787977908.8313963,36492.703,18246409,0,0.9584569931030273,1.0416193008422852,1.4784088134765625,-0.00019073486328125,-0.00362396240234375,0.00476837158203125,-0.021978378295898438,-0.0073261260986328125,-0.17338180541992188,0.021978378295898438,-0.021978378295898438,-0.0073261260986328125,-0.08058643341064453,-0.47179412841796875,4.4923095703125,-1.521367073059082,0.10988998413085938,-0.11477375030517578,0.0,-0.798000003257958,6.0599124809930025,-1.4897991738549514,0.00643358174990535,-0.005462822559390871
44,2,heldout,3,-1,-0.3490658503988659,0.813847852004983,3,s,af3726fcacd0ac1320a56ea850b0a2c0f5430cf4eb20a45c078706980f08407e,d24fbe3839599a6a097188bae8cd47ce8083f27deef1341ae3086bf0d5a45bd1,87f63c0590d05baea263cdc42c6e1df2d063fa2def309ecb0283f3036bf33d46,87f63c0590d05baea263cdc42c6e1df2d063fa2def309ecb0283f3036bf33d46,1787977908.8333242,36492.705,18246410,0,0.9584569931030273,1.0416193008422852,1.4776458740234375,0.00019073486328125,-0.00324249267578125,0.00476837158203125,-0.0073261260986328125,-0.0073261260986328125,-0.1782665252685547,0.03663063049316406,-0.0073261260986328125,-0.0073261260986328125,-0.07570171356201172,-0.47179412841796875,4.547008514404297,-1.5311355590820312,0.10988998413085938,-0.11477375030517578,0.0,-0.8026213778559224,6.064533855590967,-1.4910406619891836,0.006284164631890575,-0.005459168911426983
44,2,heldout,3,-1,-0.3490658503988659,0.8157550149990129,3,s,af3726fcacd0ac1320a56ea850b0a2c0f5430cf4eb20a45c078706980f08407e,d24fbe3839599a6a097188bae8cd47ce8083f27deef1341ae3086bf0d5a45bd1,87f63c0590d05baea263cdc42c6e1df2d063fa2def309ecb0283f3036bf33d46,87f63c0590d05baea263cdc42c6e1df2d063fa2def309ecb0283f3036bf33d46,1787977908.8352318,36492.706999999995,18246411,0,0.9584569931030273,1.0416193008422852,1.4768829345703125,0.00019073486328125,-0.00324249267578125,0.00476837158203125,0.0073261260986328125,-0.0073261260986328125,-0.1831502914428711,0.03663063049316406,-0.0073261260986328125,-0.0073261260986328125,-0.07570171356201172,-0.47179412841796875,4.464958190917969,-1.5457878112792969,0.10988998413085938,-0.11477375030517578,0.0,-0.8068217098544204,6.068734187589464,-1.4918637696472292,0.006273867758972636,-0.0054609987268369195
44,2,heldout,3,-1,-0.3490658503988659,0.8176607480054372,3,s,af3726fcacd0ac1320a56ea850b0a2c0f5430cf4eb20a45c078706980f08407e,d24fbe3839599a6a097188bae8cd47ce8083f27deef1341ae3086bf0d5a45bd1,87f63c0590d05baea263cdc42c6e1df2d063fa2def309ecb0283f3036bf33d46,87f63c0590d05baea263cdc42c6e1df2d063fa2def309ecb0283f3036bf33d46,1787977908.837726,36492.708999999995,18246412,0,0.9584569931030273,1.0416193008422852,1.4761199951171875,0.00019073486328125,-0.00324249267578125,0.00476837158203125,-0.0073261260986328125,-0.0073261260986328125,-0.1880340576171875,0.03663063049316406,-0.0073261260986328125,-0.0073261260986328125,-0.07570171356201172,-0.4854698181152344,4.547008514404297,-1.5555553436279297,0.10988998413085938,-0.11477375030517578,0.0,-0.8110185093848732,6.072930987119917,-1.4926860089263128,0.006263567234183201,-0.00546282536352739
44,2,heldout,3,-1,-0.3490658503988659,0.8201589669988607,3,s,af3726fcacd0ac1320a56ea850b0a2c0f5430cf4eb20a45c078706980f08407e,d24fbe3839599a6a097188bae8cd47ce8083f27deef1341ae3086bf0d5a45bd1,87f63c0590d05baea263cdc42c6e1df2d063fa2def309ecb0283f3036bf33d46,87f63c0590d05baea263cdc42c6e1df2d063fa2def309ecb0283f3036bf33d46,1787977908.8396838,36492.710999999996,18246413,0,0.9584569931030273,1.0416193008422852,1.4753570556640625,0.00019073486328125,-0.00324249267578125,0.00476837158203125,-0.0073261260986328125,-0.0073261260986328125,-0.19780254364013672,0.03663063049316406,-0.0073261260986328125,-0.0073261260986328125,-0.07570171356201172,-0.4854698181152344,4.588035583496094,-1.560439109802246,0.10988998413085938,-0.11477375030517578,0.0,-0.8152117740044242,6.077124251739468,-1.4935073793478288,0.006253263063517967,-0.005464648820435152
44,2,heldout,3,-1,-0.3490658503988659,0.8221212530042976,3,s,af3726fcacd0ac1320a56ea850b0a2c0f5430cf4eb20a45c078706980f08407e,d24fbe3839599a6a097188bae8cd47ce8083f27deef1341ae3086bf0d5a45bd1,87f63c0590d05baea263cdc42c6e1df2d063fa2def309ecb0283f3036bf33d46,87f63c0590d05baea263cdc42c6e1df2d063fa2def309ecb0283f3036bf33d46,1787977908.8416226,36492.712999999996,18246414,0,0.9584569931030273,1.0416193008422852,1.4745941162109375,0.00019073486328125,-0.00324249267578125,0.00476837158203125,0.0073261260986328125,-0.0073261260986328125,-0.20268630981445312,0.0073261260986328125,0.0073261260986328125,-0.0073261260986328125,-0.08058643341064453,-0.4854698181152344,4.615383148193359,-1.565323829650879,0.10988998413085938,-0.10988998413085938,0.0,-0.8194015012722624,6.081313979007306,-1.4943278804336744,0.0062429552529747485,-0.00546646909649881
44,2,heldout,3,-1,-0.3490658503988659,0.8240539820035337,3,s,af3726fcacd0ac1320a56ea850b0a2c0f5430cf4eb20a45c078706980f08407e,d24fbe3839599a6a097188bae8cd47ce8083f27deef1341ae3086bf0d5a45bd1,87f63c0590d05baea263cdc42c6e1df2d063fa2def309ecb0283f3036bf33d46,87f63c0590d05baea263cdc42c6e1df2d063fa2def309ecb0283f3036bf33d46,1787977908.843598,36492.715,18246415,0,0.9584569931030273,1.0416193008422852,1.4738311767578125,0.00019073486328125,-0.00324249267578125,0.00476837158203125,-0.0073261260986328125,-0.0073261260986328125,-0.20268630981445312,0.0073261260986328125,-0.021978378295898438,-0.0073261260986328125,-0.08058643341064453,-0.4854698181152344,4.588035583496094,-1.565323829650879,0.11477375030517578,-0.10988998413085938,0.0,-0.823587688749654,6.085500166484699,-1.4951475117062567,0.006232643808553485,-0.005468286190658827
44,2,heldout,3,-1,-0.3490658503988659,0.8260384900058853,3,s,af3726fcacd0ac1320a56ea850b0a2c0f5430cf4eb20a45c078706980f08407e,d24fbe3839599a6a097188bae8cd47ce8083f27deef1341ae3086bf0d5a45bd1,87f63c0590d05baea263cdc42c6e1df2d063fa2def309ecb0283f3036bf33d46,87f63c0590d05baea263cdc42c6e1df2d063fa2def309ecb0283f3036bf33d46,1787977908.8455331,36492.717,18246416,0,0.9584569931030273,1.0416193008422852,1.4730682373046875,0.00019073486328125,-0.00324249267578125,0.00476837158203125,-0.0073261260986328125,-0.0073261260986328125,-0.1929178237915039,-0.0073261260986328125,-0.0073261260986328125,-0.0073261260986328125,-0.08058643341064453,-0.4854698181152344,4.533332824707031,-1.560439109802246,0.11477375030517578,-0.10988998413085938,0.0,-0.8277703339999181,6.089682811734963,-1.4959662726884888,0.006222328736256218,-0.005470100101857517
44,2,heldout,3,-1,-0.3490658503988659,0.8279655060032383,3,s,af3726fcacd0ac1320a56ea850b0a2c0f5430cf4eb20a45c078706980f08407e,d24fbe3839599a6a097188bae8cd47ce8083f27deef1341ae3086bf0d5a45bd1,87f63c0590d05baea263cdc42c6e1df2d063fa2def309ecb0283f3036bf33d46,87f63c0590d05baea263cdc42c6e1df2d063fa2def309ecb0283f3036bf33d46,1787977908.8474257,36492.719,18246417,0,0.9584569931030273,1.0416193008422852,1.4723052978515625,0.00019073486328125,-0.00324249267578125,0.00476837158203125,-0.0073261260986328125,-0.0073261260986328125,-0.1831502914428711,-0.03663063049316406,-0.0073261260986328125,-0.0073261260986328125,-0.07570171356201172,-0.4991455078125,4.601711273193359,-1.5506715774536133,0.10988998413085938,-0.10988998413085938,0.0,-0.8319494345884286,6.093861912323473,-1.4967841629037864,0.006212010042087121,-0.00547191082903904
44,2,heldout,3,-1,-0.3490658503988659,0.8298506880018977,3,s,af3726fcacd0ac1320a56ea850b0a2c0f5430cf4eb20a45c078706980f08407e,d24fbe3839599a6a097188bae8cd47ce8083f27deef1341ae3086bf0d5a45bd1,87f63c0590d05baea263cdc42c6e1df2d063fa2def309ecb0283f3036bf33d46,87f63c0590d05baea263cdc42c6e1df2d063fa2def309ecb0283f3036bf33d46,1787977908.849298,36492.721,18246418,0,0.9584569931030273,1.0416193008422852,1.4715423583984375,0.00019073486328125,-0.00324249267578125,0.00476837158203125,-0.0073261260986328125,-0.0073261260986328125,-0.1880340576171875,-0.03663063049316406,0.0073261260986328125,-0.0073261260986328125,-0.08058643341064453,-0.4854698181152344,4.547008514404297,-1.5360193252563477,0.10988998413085938,-0.10988998413085938,0.0,-0.8361249880826356,6.09803746581768,-1.4976011818760762,0.006201687732052455,-0.005473718371149417
44,2,heldout,3,-1,-0.3490658503988659,0.8317275950030307,3,s,af3726fcacd0ac1320a56ea850b0a2c0f5430cf4eb20a45c078706980f08407e,d24fbe3839599a6a097188bae8cd47ce8083f27deef1341ae3086bf0d5a45bd1,87f63c0590d05baea263cdc42c6e1df2d063fa2def309ecb0283f3036bf33d46,87f63c0590d05baea263cdc42c6e1df2d063fa2def309ecb0283f3036bf33d46,1787977908.851181,36492.723,18246419,0,0.9584569931030273,1.0416193008422852,1.4707794189453125,-0.00019073486328125,-0.00324249267578125,0.00476837158203125,-0.0073261260986328125,-0.0073261260986328125,-0.1880340576171875,-0.03663063049316406,-0.0073261260986328125,-0.0073261260986328125,-0.07570171356201172,-0.4991455078125,4.629058837890625,-1.5262517929077148,0.10988998413085938,-0.10988998413085938,0.0,-0.8398890274197135,6.101801505154757,-1.4980093644974593,0.00619652522296307,-0.005474620947474065
44,2,heldout,3,-1,-0.3490658503988659,0.8336248240011628,3,s,af3726fcacd0ac1320a56ea850b0a2c0f5430cf4eb20a45c078706980f08407e,d24fbe3839599a6a097188bae8cd47ce8083f27deef1341ae3086bf0d5a45bd1,87f63c0590d05baea263cdc42c6e1df2d063fa2def309ecb0283f3036bf33d46,87f63c0590d05baea263cdc42c6e1df2d063fa2def309ecb0283f3036bf33d46,1787977908.8537152,36492.725,18246420,0,0.9584569931030273,1.0416193008422852,1.4700164794921875,-0.00019073486328125,-0.00324249267578125,0.00476837158203125,0.0073261260986328125,-0.0024423599243164062,-0.19780254364013672,-0.021978378295898438,0.0073261260986328125,-0.0073261260986328125,-0.07570171356201172,-0.5128211975097656,4.642734527587891,-1.5164833068847656,0.10988998413085938,-0.10988998413085938,0.0,-0.8440579155920642,6.105970393327108,-1.4988250757137063,0.0061861975003964145,-0.0054764237100055615
44,2,heldout,3,-1,-0.3490658503988659,0.836149775001104,3,s,af3726fcacd0ac1320a56ea850b0a2c0f5430cf4eb20a45c078706980f08407e,d24fbe3839599a6a097188bae8cd47ce8083f27deef1341ae3086bf0d5a45bd1,87f63c0590d05baea263cdc42c6e1df2d063fa2def309ecb0283f3036bf33d46,87f63c0590d05baea263cdc42c6e1df2d063fa2def309ecb0283f3036bf33d46,1787977908.8556325,36492.727,18246421,0,0.9584569931030273,1.0416193008422852,1.4692535400390625,-0.00019073486328125,-0.00362396240234375,0.00476837158203125,-0.021978378295898438,-0.0024423599243164062,-0.20268630981445312,-0.05128288269042969,-0.0073261260986328125,-0.0073261260986328125,-0.07570171356201172,-0.5128211975097656,4.6837615966796875,-1.5067157745361328,0.10988998413085938,-0.10988998413085938,0.0,-0.8482180281203937,6.110130505855437,-1.4996346929973237,0.006307213234848789,-0.005484501819757389
44,2,heldout,3,-1,-0.3490658503988659,0.8380688170000212,3,s,af3726fcacd0ac1320a56ea850b0a2c0f5430cf4eb20a45c078706980f08407e,d24fbe3839599a6a097188bae8cd47ce8083f27deef1341ae3086bf0d5a45bd1,87f63c0590d05baea263cdc42c6e1df2d063fa2def309ecb0283f3036bf33d46,87f63c0590d05baea263cdc42c6e1df2d063fa2def309ecb0283f3036bf33d46,1787977908.8575592,36492.729,18246422,0,0.9584569931030273,1.0416193008422852,1.468489646911621,-0.00019073486328125,-0.00324249267578125,0.00476837158203125,-0.0073261260986328125,-0.0024423599243164062,-0.20268630981445312,-0.03663063049316406,-0.0073261260986328125,-0.0073261260986328125,-0.07570171356201172,-0.5128211975097656,4.738460540771484,-1.5018310546875,0.10988998413085938,-0.10988998413085938,0.0,-0.8523902270802997,6.114302704815344,-1.5004548972898808,0.006165518337859801,-0.005480021914413816
44,2,heldout,3,-1,-0.3490658503988659,0.8399914940018789,3,s,af3726fcacd0ac1320a56ea850b0a2c0f5430cf4eb20a45c078706980f08407e,d24fbe3839599a6a097188bae8cd47ce8083f27deef1341ae3086bf0d5a45bd1,87f63c0590d05baea263cdc42c6e1df2d063fa2def309ecb0283f3036bf33d46,87f63c0590d05baea263cdc42c6e1df2d063fa2def309ecb0283f3036bf33d46,1787977908.8594697,36492.731,18246423,0,0.9584569931030273,1.0416193008422852,1.467726707458496,-0.00019073486328125,-0.00324249267578125,0.00476837158203125,-0.021978378295898438,-0.0024423599243164062,-0.19780254364013672,-0.021978378295898438,-0.0073261260986328125,-0.0073261260986328125,-0.08058643341064453,-0.5128211975097656,4.601711273193359,-1.4969472885131836,0.10988998413085938,-0.10988998413085938,0.0,-0.8565484411037327,6.118460918838777,-1.501267988698795,0.006155179826331783,-0.005481815106722842
44,2,heldout,3,-1,-0.3490658503988659,0.8418988080011331,3,s,af3726fcacd0ac1320a56ea850b0a2c0f5430cf4eb20a45c078706980f08407e,d24fbe3839599a6a097188bae8cd47ce8083f27deef1341ae3086bf0d5a45bd1,87f63c0590d05baea263cdc42c6e1df2d063fa2def309ecb0283f3036bf33d46,87f63c0590d05baea263cdc42c6e1df2d063fa2def309ecb0283f3036bf33d46,1787977908.8613727,36492.733,18246424,0,0.9584569931030273,1.0416193008422852,1.466963768005371,-0.00019073486328125,-0.00324249267578125,0.00476837158203125,-0.021978378295898438,-0.0024423599243164062,-0.1880340576171875,-0.021978378295898438,-0.0073261260986328125,-0.0073261260986328125,-0.08058643341064453,-0.5128211975097656,4.588035583496094,-1.4969472885131836,0.10988998413085938,-0.11477375030517578,0.0,-0.8607030937143523,6.122615571449397,-1.5020802062547705,0.00614483773201774,-0.00548360510819567
44,2,heldout,3,-1,-0.3490658503988659,0.8438059340041946,3,s,af3726fcacd0ac1320a56ea850b0a2c0f5430cf4eb20a45c078706980f08407e,d24fbe3839599a6a097188bae8cd47ce8083f27deef1341ae3086bf0d5a45bd1,87f63c0590d05baea263cdc42c6e1df2d063fa2def309ecb0283f3036bf33d46,87f63c0590d05baea263cdc42c6e1df2d063fa2def309ecb0283f3036bf33d46,1787977908.8633027,36492.735,18246425,0,0.9584569931030273,1.0416193008422852,1.4665822982788086,-0.00019073486328125,-0.00324249267578125,0.00476837158203125,-0.021978378295898438,-0.0024423599243164062,-0.17338180541992188,0.021978378295898438,-0.0073261260986328125,-0.0073261260986328125,-0.07570171356201172,-0.5264949798583984,4.5606842041015625,-1.5018310546875,0.10988998413085938,-0.11477375030517578,0.0,-0.8627790837340501,6.124691561469094,-1.5024859871901448,0.006139665343197091,-0.0054844989120428405
44,2,heldout,3,-1,-0.3490658503988659,0.8457372370030498,3,s,af3726fcacd0ac1320a56ea850b0a2c0f5430cf4eb20a45c078706980f08407e,d24fbe3839599a6a097188bae8cd47ce8083f27deef1341ae3086bf0d5a45bd1,87f63c0590d05baea263cdc42c6e1df2d063fa2def309ecb0283f3036bf33d46,87f63c0590d05baea263cdc42c6e1df2d063fa2def309ecb0283f3036bf33d46,1787977908.8652134,36492.737,18246426,0,0.9584569931030273,1.0416193008422852,1.4658193588256836,-0.00019073486328125,-0.00324249267578125,0.00476837158203125,-0.0073261260986328125,-0.0024423599243164062,-0.16361427307128906,-0.0073261260986328125,-0.021978378295898438,-0.0073261260986328125,-0.07570171356201172,-0.5401706695556641,4.519657135009766,-1.5115995407104492,0.11477375030517578,-0.11477375030517578,0.0,-0.8669283896917395,6.128840867426783,-1.5032968930804242,0.006129317885991952,-0.005486284125308364
44,2,heldout,3,-1,-0.3490658503988659,0.8476454470001045,3,s,af3726fcacd0ac1320a56ea850b0a2c0f5430cf4eb20a45c078706980f08407e,d24fbe3839599a6a097188bae8cd47ce8083f27deef1341ae3086bf0d5a45bd1,87f63c0590d05baea263cdc42c6e1df2d063fa2def309ecb0283f3036bf33d46,87f63c0590d05baea263cdc42c6e1df2d063fa2def309ecb0283f3036bf33d46,1787977908.867683,36492.739,18246427,0,0.9584569931030273,1.0416193008422852,1.4650564193725586,-0.00019073486328125,-0.00324249267578125,0.00476837158203125,-0.0073261260986328125,-0.0024423599243164062,-0.16361427307128906,0.021978378295898438,-0.0073261260986328125,-0.0073261260986328125,-0.08058643341064453,-0.5538463592529297,4.642734527587891,-1.5164833068847656,0.11477375030517578,-0.11477375030517578,0.0,-0.8710741281946919,6.1329866059297355,-1.5041069239367875,0.006118966861054414,-0.00548806614513638
44,2,heldout,3,-1,-0.3490658503988659,0.8501154100013082,3,s,af3726fcacd0ac1320a56ea850b0a2c0f5430cf4eb20a45c078706980f08407e,d24fbe3839599a6a097188bae8cd47ce8083f27deef1341ae3086bf0d5a45bd1,87f63c0590d05baea263cdc42c6e1df2d063fa2def309ecb0283f3036bf33d46,87f63c0590d05baea263cdc42c6e1df2d063fa2def309ecb0283f3036bf33d46,1787977908.8695905,36492.741,18246428,0,0.9584569931030273,1.0416193008422852,1.4642934799194336,-0.00019073486328125,-0.00362396240234375,0.00476837158203125,0.0073261260986328125,-0.0024423599243164062,-0.16849803924560547,0.0073261260986328125,-0.021978378295898438,-0.0073261260986328125,-0.08058643341064453,-0.5538463592529297,4.642734527587891,-1.5311355590820312,0.11477375030517578,-0.11477375030517578,0.0,-0.8752110635826962,6.137123541317741,-1.5049108460406617,0.006238528990033838,-0.005496055133464048
44,2,heldout,3,-1,-0.3490658503988659,0.8520182040010695,3,s,af3726fcacd0ac1320a56ea850b0a2c0f5430cf4eb20a45c078706980f08407e,d24fbe3839599a6a097188bae8cd47ce8083f27deef1341ae3086bf0d5a45bd1,87f63c0590d05baea263cdc42c6e1df2d063fa2def309ecb0283f3036bf33d46,87f63c0590d05baea263cdc42c6e1df2d063fa2def309ecb0283f3036bf33d46,1787977908.8715162,36492.742999999995,18246429,0,0.9584569931030273,1.0416193008422852,1.4635305404663086,0.00019073486328125,-0.00324249267578125,0.00476837158203125,-0.0073261260986328125,-0.0024423599243164062,-0.17338180541992188,0.021978378295898438,-0.021978378295898438,-0.0073261260986328125,-0.08058643341064453,-0.5538463592529297,4.629058837890625,-1.540903091430664,0.11477375030517578,-0.11477375030517578,0.0,-0.879758704234987,6.141671181970032,-1.5061281697113504,0.0060930737294260726,-0.005492507216614816
44,2,heldout,3,-1,-0.3490658503988659,0.8539713749996736,3,s,af3726fcacd0ac1320a56ea850b0a2c0f5430cf4eb20a45c078706980f08407e,d24fbe3839599a6a097188bae8cd47ce8083f27deef1341ae3086bf0d5a45bd1,87f63c0590d05baea263cdc42c6e1df2d063fa2def309ecb0283f3036bf33d46,87f63c0590d05baea263cdc42c6e1df2d063fa2def309ecb0283f3036bf33d46,1787977908.873575,36492.744999999995,18246430,0,0.9584569931030273,1.0416193008422852,1.4627676010131836,0.00019073486328125,-0.00324249267578125,0.00476837158203125,-0.0073261260986328125,-0.0024423599243164062,-0.1782665252685547,0.021978378295898438,0.0073261260986328125,-0.0073261260986328125,-0.08058643341064453,-0.5538463592529297,4.656410217285156,-1.5506715774536133,0.11477375030517578,-0.11477375030517578,0.0,-0.8838932875035028,6.145805765238547,-1.5069351342392916,0.006082710264886316,-0.00549427805125525
44,2,heldout,3,-1,-0.3490658503988659,0.8560162080029841,3,s,af3726fcacd0ac1320a56ea850b0a2c0f5430cf4eb20a45c078706980f08407e,d24fbe3839599a6a097188bae8cd47ce8083f27deef1341ae3086bf0d5a45bd1,87f63c0590d05baea263cdc42c6e1df2d063fa2def309ecb0283f3036bf33d46,87f63c0590d05baea263cdc42c6e1df2d063fa2def309ecb0283f3036bf33d46,1787977908.875509,36492.746999999996,18246431,0,0.9584569931030273,1.0416193008422852,1.462386131286621,0.00019073486328125,-0.00362396240234375,0.00476837158203125,-0.021978378295898438,-0.0024423599243164062,-0.17338180541992188,0.0659332275390625,-0.021978378295898438,-0.0073261260986328125,-0.08058643341064453,-0.5538463592529297,4.588035583496094,-1.565323829650879,0.11477375030517578,-0.11477375030517578,0.0,-0.8859539991658942,6.147866476900939,-1.5073330489771328,0.006206782809232921,-0.005501340830496429
44,2,heldout,3,-1,-0.3490658503988659,0.8579416979991947,3,s,af3726fcacd0ac1320a56ea850b0a2c0f5430cf4eb20a45c078706980f08407e,d24fbe3839599a6a097188bae8cd47ce8083f27deef1341ae3086bf0d5a45bd1,87f63c0590d05baea263cdc42c6e1df2d063fa2def309ecb0283f3036bf33d46,87f63c0590d05baea263cdc42c6e1df2d063fa2def309ecb0283f3036bf33d46,1787977908.877436,36492.748999999996,18246432,0,0.9584569931030273,1.0416193008422852,1.461623191833496,0.00057220458984375,-0.00362396240234375,0.00476837158203125,-0.021978378295898438,-0.0024423599243164062,-0.16849803924560547,0.03663063049316406,-0.0073261260986328125,-0.0073261260986328125,-0.08058643341064453,-0.5675220489501953,4.656410217285156,-1.5799751281738281,0.11477375030517578,-0.11477375030517578,0.0,-0.890485708005992,6.152398185741037,-1.5085411900694468,0.00619089751515892,-0.005503972873310943
44,2,heldout,3,-1,-0.3490658503988659,0.8598684110038448,3,s,af3726fcacd0ac1320a56ea850b0a2c0f5430cf4eb20a45c078706980f08407e,d24fbe3839599a6a097188bae8cd47ce8083f27deef1341ae3086bf0d5a45bd1,87f63c0590d05baea263cdc42c6e1df2d063fa2def309ecb0283f3036bf33d46,87f63c0590d05baea263cdc42c6e1df2d063fa2def309ecb0283f3036bf33d46,1787977908.8793657,36492.751,18246433,0,0.9584569931030273,1.0416193008422852,1.460860252380371,0.00057220458984375,-0.00324249267578125,0.00476837158203125,-0.0073261260986328125,-0.0024423599243164062,-0.16849803924560547,0.03663063049316406,-0.0073261260986328125,-0.0073261260986328125,-0.08058643341064453,-0.5811958312988281,4.601711273193359,-1.5897436141967773,0.11477375030517578,-0.11477375030517578,0.0,-0.8946161456408324,6.156528623375877,-1.5093507630369045,0.006051598651787496,-0.005499571362519323
44,2,heldout,3,-1,-0.3490658503988659,0.8617996670000139,3,s,af3726fcacd0ac1320a56ea850b0a2c0f5430cf4eb20a45c078706980f08407e,d24fbe3839599a6a097188bae8cd47ce8083f27deef1341ae3086bf0d5a45bd1,87f63c0590d05baea263cdc42c6e1df2d063fa2def309ecb0283f3036bf33d46,87f63c0590d05baea263cdc42c6e1df2d063fa2def309ecb0283f3036bf33d46,1787977908.8812535,36492.753,18246434,0,0.9584569931030273,1.0416193008422852,1.4604787826538086,0.00057220458984375,-0.00324249267578125,0.00476837158203125,0.0073261260986328125,0.0024423599243164062,-0.16361427307128906,0.021978378295898438,-0.0073261260986328125,-0.0073261260986328125,-0.07570171356201172,-0.5675220489501953,4.574359893798828,-1.5995111465454102,0.11477375030517578,-0.11477375030517578,0.0,-0.8966774001182807,6.158589877853327,-1.5097525994399394,0.006046410296352762,-0.00550045078078586
44,2,heldout,3,-1,-0.3490658503988659,0.863679760004743,3,s,af3726fcacd0ac1320a56ea850b0a2c0f5430cf4eb20a45c078706980f08407e,d24fbe3839599a6a097188bae8cd47ce8083f27deef1341ae3086bf0d5a45bd1,87f63c0590d05baea263cdc42c6e1df2d063fa2def309ecb0283f3036bf33d46,87f63c0590d05baea263cdc42c6e1df2d063fa2def309ecb0283f3036bf33d46,1787977908.8831813,36492.755,18246435,0,0.9584569931030273,1.0416193008422852,1.4597158432006836,0.00057220458984375,-0.00324249267578125,0.00476837158203125,-0.0073261260986328125,0.0024423599243164062,-0.16849803924560547,0.021978378295898438,-0.0073261260986328125,-0.0073261260986328125,-0.07570171356201172,-0.5811958312988281,4.738460540771484,-1.604395866394043,0.11477375030517578,-0.10988998413085938,0.0,-0.9007972201950643,6.162709697930108,-1.5105556130938202,0.006036030946632952,-0.005502207215928309
44,2,heldout,3,-1,-0.3490658503988659,0.8656134730044869,3,s,af3726fcacd0ac1320a56ea850b0a2c0f5430cf4eb20a45c078706980f08407e,d24fbe3839599a6a097188bae8cd47ce8083f27deef1341ae3086bf0d5a45bd1,87f63c0590d05baea263cdc42c6e1df2d063fa2def309ecb0283f3036bf33d46,87f63c0590d05baea263cdc42c6e1df2d063fa2def309ecb0283f3036bf33d46,1787977908.8857825,36492.757,18246436,0,0.9584569931030273,1.0416193008422852,1.4589529037475586,0.00057220458984375,-0.00324249267578125,0.00476837158203125,-0.0073261260986328125,0.0024423599243164062,-0.17338180541992188,0.0073261260986328125,-0.0073261260986328125,-0.0073261260986328125,-0.08058643341064453,-0.5811958312988281,4.724784851074219,-1.5995111465454102,0.10988998413085938,-0.11477375030517578,0.0,-0.9049134531028549,6.1668259308378985,-1.5113577474886548,0.006025648083480889,-0.005503960448364795
44,2,heldout,3,-1,-0.3490658503988659,0.8682166440048604,3,s,af3726fcacd0ac1320a56ea850b0a2c0f5430cf4eb20a45c078706980f08407e,d24fbe3839599a6a097188bae8cd47ce8083f27deef1341ae3086bf0d5a45bd1,87f63c0590d05baea263cdc42c6e1df2d063fa2def309ecb0283f3036bf33d46,87f63c0590d05baea263cdc42c6e1df2d063fa2def309ecb0283f3036bf33d46,1787977908.8878746,36492.759,18246437,0,0.9584569931030273,1.0416193008422852,1.4581899642944336,0.00057220458984375,-0.00324249267578125,0.00476837158203125,-0.0073261260986328125,0.0024423599243164062,-0.1782665252685547,0.0073261260986328125,-0.0073261260986328125,-0.0073261260986328125,-0.08058643341064453,-0.5811958312988281,4.642734527587891,-1.5946273803710938,0.10988998413085938,-0.11477375030517578,0.0,-0.9090260964456927,6.170938574180736,-1.5121590021575386,0.00601526171294019,-0.005505710477074801
44,2,heldout,3,-1,-0.3490658503988659,0.8703104160013027,3,s,af3726fcacd0ac1320a56ea850b0a2c0f5430cf4eb20a45c078706980f08407e,d24fbe3839599a6a097188bae8cd47ce8083f27deef1341ae3086bf0d5a45bd1,87f63c0590d05baea263cdc42c6e1df2d063fa2def309ecb0283f3036bf33d46,87f63c0590d05baea263cdc42c6e1df2d063fa2def309ecb0283f3036bf33d46,1787977908.8892605,36492.761,18246438,0,0.9584569931030273,1.0416193008422852,1.4574270248413086,0.00057220458984375,-0.00324249267578125,0.00476837158203125,-0.0073261260986328125,0.0024423599243164062,-0.1831502914428711,-0.0073261260986328125,-0.0073261260986328125,-0.0073261260986328125,-0.08058643341064453,-0.5948715209960938,4.724784851074219,-1.5897436141967773,0.10988998413085938,-0.11477375030517578,0.0,-0.9131351478297014,6.175047625564746,-1.51295937663408,0.00600487184105652,-0.005507457301039677
44,2,heldout,3,-1,-0.3490658503988659,0.8716916830016999,3,s,af3726fcacd0ac1320a56ea850b0a2c0f5430cf4eb20a45c078706980f08407e,d24fbe3839599a6a097188bae8cd47ce8083f27deef1341ae3086bf0d5a45bd1,87f63c0590d05baea263cdc42c6e1df2d063fa2def309ecb0283f3036bf33d46,87f63c0590d05baea263cdc42c6e1df2d063fa2def309ecb0283f3036bf33d46,1787977908.8917613,36492.763,18246439,0,0.9584569931030273,1.0416193008422852,1.4566640853881836,0.00057220458984375,-0.00362396240234375,0.00476837158203125,-0.0073261260986328125,0.0024423599243164062,-0.1831502914428711,0.021978378295898438,0.0073261260986328125,-0.0073261260986328125,-0.08058643341064453,-0.5948715209960938,4.6837615966796875,-1.584859848022461,0.10988998413085938,-0.11477375030517578,0.0,-0.9172353520363541,6.179147829771398,-1.5137536176256499,0.006121967815191498,-0.005515295051035126
44,2,heldout,3,-1,-0.3490658503988659,0.8742092550019152,3,s,af3726fcacd0ac1320a56ea850b0a2c0f5430cf4eb20a45c078706980f08407e,d24fbe3839599a6a097188bae8cd47ce8083f27deef1341ae3086bf0d5a45bd1,87f63c0590d05baea263cdc42c6e1df2d063fa2def309ecb0283f3036bf33d46,87f63c0590d05baea263cdc42c6e1df2d063fa2def309ecb0283f3036bf33d46,1787977908.8937643,36492.765,18246440,0,0.9584569931030273,1.0416193008422852,1.4559011459350586,0.00019073486328125,-0.00324249267578125,0.00476837158203125,0.0073261260986328125,0.0024423599243164062,-0.1831502914428711,-0.021978378295898438,0.0073261260986328125,-0.0073261260986328125,-0.07570171356201172,-0.5948715209960938,4.711112976074219,-1.5750913619995117,0.10988998413085938,-0.11477375030517578,0.0,-0.9209432689783559,6.1828557467134,-1.5141582869692825,0.005989280481442848,-0.005510071525866164
44,2,heldout,3,-1,-0.3490658503988659,0.876205459004268,3,s,af3726fcacd0ac1320a56ea850b0a2c0f5430cf4eb20a45c078706980f08407e,d24fbe3839599a6a097188bae8cd47ce8083f27deef1341ae3086bf0d5a45bd1,87f63c0590d05baea263cdc42c6e1df2d063fa2def309ecb0283f3036bf33d46,87f63c0590d05baea263cdc42c6e1df2d063fa2def309ecb0283f3036bf33d46,1787977908.8957288,36492.767,18246441,0,0.9584569931030273,1.0416193008422852,1.4551382064819336,0.00019073486328125,-0.00324249267578125,0.00476837158203125,0.0073261260986328125,-0.0024423599243164062,-0.1782665252685547,-0.021978378295898438,-0.0073261260986328125,-0.0073261260986328125,-0.07570171356201172,-0.6085472106933594,4.711112976074219,-1.565323829650879,0.10988998413085938,-0.11477375030517578,0.0,-0.9250419709958586,6.186954448730902,-1.5149564589278697,0.0059788818826648936,-0.00551181033352386
44,2,heldout,3,-1,-0.3490658503988659,0.8781665120040998,3,s,af3726fcacd0ac1320a56ea850b0a2c0f5430cf4eb20a45c078706980f08407e,d24fbe3839599a6a097188bae8cd47ce8083f27deef1341ae3086bf0d5a45bd1,87f63c0590d05baea263cdc42c6e1df2d063fa2def309ecb0283f3036bf33d46,87f63c0590d05baea263cdc42c6e1df2d063fa2def309ecb0283f3036bf33d46,1787977908.8976865,36492.769,18246442,0,0.9584569931030273,1.0416193008422852,1.454756736755371,0.00019073486328125,-0.00324249267578125,0.00476837158203125,-0.0073261260986328125,0.0024423599243164062,-0.1831502914428711,-0.03663063049316406,-0.0073261260986328125,-0.0073261260986328125,-0.07570171356201172,-0.6085472106933594,4.656410217285156,-1.5555553436279297,0.11477375030517578,-0.11477375030517578,0.0,-0.9270899716731527,6.189002449408196,-1.5153552142534277,0.005973681277834866,-0.0055126785343050004
44,2,heldout,3,-1,-0.3490658503988659,0.8801247680021334,3,s,af3726fcacd0ac1320a56ea850b0a2c0f5430cf4eb20a45c078706980f08407e,d24fbe3839599a6a097188bae8cd47ce8083f27deef1341ae3086bf0d5a45bd1,87f63c0590d05baea263cdc42c6e1df2d063fa2def309ecb0283f3036bf33d46,87f63c0590d05baea263cdc42c6e1df2d063fa2def309ecb0283f3036bf33d46,1787977908.8996367,36492.771,18246443,0,0.9584569931030273,1.0416193008422852,1.453993797302246,0.00019073486328125,-0.00324249267578125,0.00476837158203125,-0.0073261260986328125,0.0024423599243164062,-0.1831502914428711,-0.03663063049316406,-0.0073261260986328125,-0.0073261260986328125,-0.07570171356201172,-0.6085472106933594,4.6837615966796875,-1.5457878112792969,0.10988998413085938,-0.11477375030517578,0.0,-0.9311832708747132,6.193095748609757,-1.5161520633069374,0.00596327746107665,-0.005514412529140167
44,2,heldout,3,-1,-0.3490658503988659,0.8820781210015411,3,s,af3726fcacd0ac1320a56ea850b0a2c0f5430cf4eb20a45c078706980f08407e,d24fbe3839599a6a097188bae8cd47ce8083f27deef1341ae3086bf0d5a45bd1,87f63c0590d05baea263cdc42c6e1df2d063fa2def309ecb0283f3036bf33d46,87f63c0590d05baea263cdc42c6e1df2d063fa2def309ecb0283f3036bf33d46,1787977908.90156,36492.773,18246444,0,0.9584569931030273,1.0416193008422852,1.453230857849121,0.00019073486328125,-0.00324249267578125,0.00476837158203125,-0.0073261260986328125,0.0024423599243164062,-0.1782665252685547,-0.05128288269042969,-0.0073261260986328125,-0.0073261260986328125,-0.08058643341064453,-0.622222900390625,4.6837615966796875,-1.540903091430664,0.10988998413085938,-0.11477375030517578,0.0,-0.935272965220276,6.197185442955321,-1.5169480298438385,0.005952870173234282,-0.005516143314164943
44,2,heldout,3,-1,-0.3490658503988659,0.8839957980017061,3,s,af3726fcacd0ac1320a56ea850b0a2c0f5430cf4eb20a45c078706980f08407e,d24fbe3839599a6a097188bae8cd47ce8083f27deef1341ae3086bf0d5a45bd1,87f63c0590d05baea263cdc42c6e1df2d063fa2def309ecb0283f3036bf33d46,87f63c0590d05baea263cdc42c6e1df2d063fa2def309ecb0283f3036bf33d46,1787977908.903553,36492.775,18246445,0,0.9584569931030273,1.0416193008422852,1.452467918395996,-0.00019073486328125,-0.00324249267578125,0.00476837158203125,-0.0073261260986328125,0.0024423599243164062,-0.1782665252685547,-0.0659332275390625,-0.0073261260986328125,-0.0073261260986328125,-0.07570171356201172,-0.622222900390625,4.6837615966796875,-1.5360193252563477,0.10988998413085938,-0.11477375030517578,0.0,-0.9389616209522615,6.200874098687306,-1.5173456820237556,0.0059476652295495334,-0.005517007502683533
44,2,heldout,3,-1,-0.3490658503988659,0.8859927450030227,3,s,af3726fcacd0ac1320a56ea850b0a2c0f5430cf4eb20a45c078706980f08407e,d24fbe3839599a6a097188bae8cd47ce8083f27deef1341ae3086bf0d5a45bd1,87f63c0590d05baea263cdc42c6e1df2d063fa2def309ecb0283f3036bf33d46,87f63c0590d05baea263cdc42c6e1df2d063fa2def309ecb0283f3036bf33d46,1787977908.9054909,36492.777,18246446,0,0.9584569931030273,1.0416193008422852,1.451704978942871,0.00019073486328125,-0.00324249267578125,0.00476837158203125,-0.021978378295898438,-0.0024423599243164062,-0.1782665252685547,-0.021978378295898438,0.0073261260986328125,-0.0073261260986328125,-0.07570171356201172,-0.622222900390625,4.75213623046875,-1.5262517929077148,0.10988998413085938,-0.11477375030517578,0.0,-0.9434415298234389,6.205354007558483,-1.5185373135150733,0.005932045208530447,-0.005519595250755391
44,2,heldout,3,-1,-0.3490658503988659,0.8879250489990227,3,s,af3726fcacd0ac1320a56ea850b0a2c0f5430cf4eb20a45c078706980f08407e,d24fbe3839599a6a097188bae8cd47ce8083f27deef1341ae3086bf0d5a45bd1,87f63c0590d05baea263cdc42c6e1df2d063fa2def309ecb0283f3036bf33d46,87f63c0590d05baea263cdc42c6e1df2d063fa2def309ecb0283f3036bf33d46,1787977908.907402,36492.778999999995,18246447,0,0.9584569931030273,1.0416193008422852,1.450942039489746,0.00019073486328125,-0.00324249267578125,0.00476837158203125,-0.0073261260986328125,-0.0024423599243164062,-0.1782665252685547,-0.0073261260986328125,-0.0073261260986328125,-0.0073261260986328125,-0.08058643341064453,-0.622222900390625,4.6837615966796875,-1.5262517929077148,0.10988998413085938,-0.11477375030517578,0.0,-0.947520395326316,6.20943287306136,-1.5193306297243219,0.005921627543790703,-0.005521316400311773
44,2,heldout,3,-1,-0.3490658503988659,0.8898312000019359,3,s,af3726fcacd0ac1320a56ea850b0a2c0f5430cf4eb20a45c078706980f08407e,d24fbe3839599a6a097188bae8cd47ce8083f27deef1341ae3086bf0d5a45bd1,87f63c0590d05baea263cdc42c6e1df2d063fa2def309ecb0283f3036bf33d46,87f63c0590d05baea263cdc42c6e1df2d063fa2def309ecb0283f3036bf33d46,1787977908.909325,36492.780999999995,18246448,0,0.9584569931030273,1.0416193008422852,1.4505605697631836,0.00019073486328125,-0.00324249267578125,0.00476837158203125,-0.0073261260986328125,-0.0024423599243164062,-0.17338180541992188,-0.0073261260986328125,-0.0073261260986328125,-0.0073261260986328125,-0.07570171356201172,-0.6358966827392578,4.697437286376953,-1.5311355590820312,0.10988998413085938,-0.11477375030517578,0.0,-0.9495584728390116,6.211470950574056,-1.519726956220245,0.005916417418476494,-0.0055221757699666415
44,2,heldout,3,-1,-0.3490658503988659,0.8917655170007492,3,s,af3726fcacd0ac1320a56ea850b0a2c0f5430cf4eb20a45c078706980f08407e,d24fbe3839599a6a097188bae8cd47ce8083f27deef1341ae3086bf0d5a45bd1,87f63c0590d05baea263cdc42c6e1df2d063fa2def309ecb0283f3036bf33d46,87f63c0590d05baea263cdc42c6e1df2d063fa2def309ecb0283f3036bf33d46,1787977908.9118357,36492.782999999996,18246449,0,0.9584569931030273,1.0416193008422852,1.4497976303100586,0.00019073486328125,-0.00324249267578125,0.00476837158203125,-0.0073261260986328125,-0.0024423599243164062,-0.17338180541992188,0.0073261260986328125,-0.0073261260986328125,-0.0073261260986328125,-0.07570171356201172,-0.6358966827392578,4.6837615966796875,-1.5360193252563477,0.10988998413085938,-0.11477375030517578,0.0,-0.953631915904031,6.2155443936390755,-1.520518945706324,0.005905994585750262,-0.005523892098404462
44,2,heldout,3,-1,-0.3490658503988659,0.8942895120053436,3,s,af3726fcacd0ac1320a56ea850b0a2c0f5430cf4eb20a45c078706980f08407e,d24fbe3839599a6a097188bae8cd47ce8083f27deef1341ae3086bf0d5a45bd1,87f63c0590d05baea263cdc42c6e1df2d063fa2def309ecb0283f3036bf33d46,87f63c0590d05baea263cdc42c6e1df2d063fa2def309ecb0283f3036bf33d46,1787977908.9138317,36492.784999999996,18246450,0,0.9584569931030273,1.0416193008422852,1.4490346908569336,0.00019073486328125,-0.00324249267578125,0.00476837158203125,-0.021978378295898438,-0.0024423599243164062,-0.16849803924560547,-0.0073261260986328125,-0.021978378295898438,-0.0073261260986328125,-0.07570171356201172,-0.6358966827392578,4.642734527587891,-1.5457878112792969,0.10988998413085938,-0.11477375030517578,0.0,-0.9577017410462232,6.219614218781267,-1.5213100501339336,0.005895568315282897,-0.005525605211514055
44,2,heldout,3,-1,-0.3490658503988659,0.8962747129990021,3,s,af3726fcacd0ac1320a56ea850b0a2c0f5430cf4eb20a45c078706980f08407e,d24fbe3839599a6a097188bae8cd47ce8083f27deef1341ae3086bf0d5a45bd1,87f63c0590d05baea263cdc42c6e1df2d063fa2def309ecb0283f3036bf33d46,87f63c0590d05baea263cdc42c6e1df2d063fa2def309ecb0283f3036bf33d46,1787977908.915293,36492.787,18246451,0,0.9584569931030273,1.0416193008422852,1.4482717514038086,0.00019073486328125,-0.00324249267578125,0.00476837158203125,-0.0073261260986328125,-0.0024423599243164062,-0.16849803924560547,-0.0073261260986328125,-0.0073261260986328125,-0.0073261260986328125,-0.07570171356201172,-0.6495723724365234,4.697437286376953,-1.5555553436279297,0.11477375030517578,-0.11477375030517578,0.0,-0.9617679458966335,6.223680423631678,-1.5221002690425904,0.0058851386131432825,-0.0055273151082982615
44,2,heldout,3,-1,-0.3490658503988659,0.897730163000233,3,s,af3726fcacd0ac1320a56ea850b0a2c0f5430cf4eb20a45c078706980f08407e,d24fbe3839599a6a097188bae8cd47ce8083f27deef1341ae3086bf0d5a45bd1,87f63c0590d05baea263cdc42c6e1df2d063fa2def309ecb0283f3036bf33d46,87f63c0590d05baea263cdc42c6e1df2d063fa2def309ecb0283f3036bf33d46,1787977908.9178133,36492.789,18246452,0,0.9584569931030273,1.0416193008422852,1.447890281677246,0.00019073486328125,-0.00324249267578125,0.00476837158203125,-0.0073261260986328125,-0.0024423599243164062,-0.17338180541992188,-0.0073261260986328125,-0.0073261260986328125,-0.0073261260986328125,-0.08058643341064453,-0.6495723724365234,4.724784851074219,-1.560439109802246,0.11477375030517578,-0.11477375030517578,0.0,-0.9637996899726988,6.2257121677077425,-1.5224950462835511,0.005879922477093454,-0.005528168850257238
44,2,heldout,3,-1,-0.3490658503988659,0.9002473080035998,3,s,af3726fcacd0ac1320a56ea850b0a2c0f5430cf4eb20a45c078706980f08407e,d24fbe3839599a6a097188bae8cd47ce8083f27deef1341ae3086bf0d5a45bd1,87f63c0590d05baea263cdc42c6e1df2d063fa2def309ecb0283f3036bf33d46,87f63c0590d05baea263cdc42c6e1df2d063fa2def309ecb0283f3036bf33d46,1787977908.9197571,36492.791,18246453,0,0.9584569931030273,1.0416193008422852,1.447127342224121,0.00057220458984375,-0.00362396240234375,0.00476837158203125,0.0073261260986328125,-0.0024423599243164062,-0.16849803924560547,0.03663063049316406,-0.0073261260986328125,-0.0073261260986328125,-0.08058643341064453,-0.6358966827392578,4.642734527587891,-1.5702075958251953,0.11477375030517578,-0.11477375030517578,0.0,-0.9682492977332244,6.230161775468268,-1.523672773836454,0.005988989009690063,-0.005536687006540555
44,2,heldout,3,-1,-0.3490658503988659,0.9021930759990937,3,s,af3726fcacd0ac1320a56ea850b0a2c0f5430cf4eb20a45c078706980f08407e,d24fbe3839599a6a097188bae8cd47ce8083f27deef1341ae3086bf0d5a45bd1,87f63c0590d05baea263cdc42c6e1df2d063fa2def309ecb0283f3036bf33d46,87f63c0590d05baea263cdc42c6e1df2d063fa2def309ecb0283f3036bf33d46,1787977908.9216578,36492.793,18246454,0,0.9584569931030273,1.0416193008422852,1.446364402770996,0.00057220458984375,-0.00362396240234375,0.00476837158203125,-0.0073261260986328125,-0.0024423599243164062,-0.16849803924560547,0.03663063049316406,-0.021978378295898438,-0.0073261260986328125,-0.08058643341064453,-0.6495723724365234,4.711112976074219,-1.5799751281738281,0.11477375030517578,-0.10988998413085938,0.0,-0.9723059962745348,6.2342184740095785,-1.5244603317071679,0.005978327014019044,-0.0055383766348677775
44,2,heldout,3,-1,-0.3490658503988659,0.904089029005263,3,s,af3726fcacd0ac1320a56ea850b0a2c0f5430cf4eb20a45c078706980f08407e,d24fbe3839599a6a097188bae8cd47ce8083f27deef1341ae3086bf0d5a45bd1,87f63c0590d05baea263cdc42c6e1df2d063fa2def309ecb0283f3036bf33d46,87f63c0590d05baea263cdc42c6e1df2d063fa2def309ecb0283f3036bf33d46,1787977908.9235902,36492.795,18246455,0,0.9584569931030273,1.0416193008422852,1.445601463317871,0.00057220458984375,-0.00324249267578125,0.00476837158203125,-0.0073261260986328125,-0.0024423599243164062,-0.17338180541992188,0.0073261260986328125,-0.0073261260986328125,-0.0073261260986328125,-0.08058643341064453,-0.6495723724365234,4.711112976074219,-1.5946273803710938,0.11477375030517578,-0.10988998413085938,0.0,-0.9763643440941174,6.238276821829161,-1.5252522802960713,0.005843385609309946,-0.0055341225123034625
44,2,heldout,3,-1,-0.3490658503988659,0.9060318070041831,3,s,af3726fcacd0ac1320a56ea850b0a2c0f5430cf4eb20a45c078706980f08407e,d24fbe3839599a6a097188bae8cd47ce8083f27deef1341ae3086bf0d5a45bd1,87f63c0590d05baea263cdc42c6e1df2d063fa2def309ecb0283f3036bf33d46,87f63c0590d05baea263cdc42c6e1df2d063fa2def309ecb0283f3036bf33d46,1787977908.9255083,36492.797,18246456,0,0.9584569931030273,1.0416193008422852,1.444838523864746,0.00057220458984375,-0.00324249267578125,0.00476837158203125,-0.0073261260986328125,-0.0024423599243164062,-0.17338180541992188,0.021978378295898438,0.0073261260986328125,-0.0073261260986328125,-0.07570171356201172,-0.6632480621337891,4.738460540771484,-1.5995111465454102,0.11477375030517578,-0.11477375030517578,0.0,-0.9804137844082788,6.242326262143323,-1.5260380647207652,0.005832938839912204,-0.005535816312568823
44,2,heldout,3,-1,-0.3490658503988659,0.9079388399986783,3,s,af3726fcacd0ac1320a56ea850b0a2c0f5430cf4eb20a45c078706980f08407e,d24fbe3839599a6a097188bae8cd47ce8083f27deef1341ae3086bf0d5a45bd1,87f63c0590d05baea263cdc42c6e1df2d063fa2def309ecb0283f3036bf33d46,87f63c0590d05baea263cdc42c6e1df2d063fa2def309ecb0283f3036bf33d46,1787977908.9274518,36492.799,18246457,0,0.9584569931030273,1.0416193008422852,1.444075584411621,0.00057220458984375,-0.00324249267578125,0.00476837158203125,0.0073261260986328125,-0.0024423599243164062,-0.1782665252685547,0.021978378295898438,0.0073261260986328125,-0.0073261260986328125,-0.07570171356201172,-0.6495723724365234,4.793163299560547,-1.6092796325683594,0.1196584701538086,-0.11477375030517578,0.0,-0.9844595912105123,6.246372068945557,-1.5268229608744401,0.005822488675297362,-0.0055375068905651505
44,2,heldout,3,-1,-0.3490658503988659,0.9098846150009194,3,s,af3726fcacd0ac1320a56ea850b0a2c0f5430cf4eb20a45c078706980f08407e,d24fbe3839599a6a097188bae8cd47ce8083f27deef1341ae3086bf0d5a45bd1,87f63c0590d05baea263cdc42c6e1df2d063fa2def309ecb0283f3036bf33d46,87f63c0590d05baea263cdc42c6e1df2d063fa2def309ecb0283f3036bf33d46,1787977908.9293668,36492.801,18246458,0,0.9584569931030273,1.0416193008422852,1.4436941146850586,0.00057220458984375,-0.00362396240234375,0.00476837158203125,-0.0073261260986328125,-0.0024423599243164062,-0.1831502914428711,0.0073261260986328125,-0.0073261260986328125,-0.0073261260986328125,-0.07570171356201172,-0.6632480621337891,4.793163299560547,-1.6141633987426758,0.11477375030517578,-0.11477375030517578,0.0,-0.9864758489505703,6.248388326685614,-1.527209793348776,0.005940982666143593,-0.005544264940471053
44,2,heldout,3,-1,-0.3490658503988659,0.9117939850038965,3,s,af3726fcacd0ac1320a56ea850b0a2c0f5430cf4eb20a45c078706980f08407e,d24fbe3839599a6a097188bae8cd47ce8083f27deef1341ae3086bf0d5a45bd1,87f63c0590d05baea263cdc42c6e1df2d063fa2def309ecb0283f3036bf33d46,87f63c0590d05baea263cdc42c6e1df2d063fa2def309ecb0283f3036bf33d46,1787977908.9313147,36492.803,18246459,0,0.9584569931030273,1.0416193008422852,1.4429311752319336,0.00057220458984375,-0.00324249267578125,0.00476837158203125,0.0073261260986328125,-0.0024423599243164062,-0.1880340576171875,0.021978378295898438,0.021978378295898438,-0.0073261260986328125,-0.07570171356201172,-0.6632480621337891,4.793163299560547,-1.6190471649169922,0.11477375030517578,-0.11477375030517578,0.0,-0.9905214834280849,6.2524339611631286,-1.5279986385975304,0.005806807075649701,-0.005540036713653119
44,2,heldout,3,-1,-0.3490658503988659,0.9137580000024172,3,s,af3726fcacd0ac1320a56ea850b0a2c0f5430cf4eb20a45c078706980f08407e,d24fbe3839599a6a097188bae8cd47ce8083f27deef1341ae3086bf0d5a45bd1,87f63c0590d05baea263cdc42c6e1df2d063fa2def309ecb0283f3036bf33d46,87f63c0590d05baea263cdc42c6e1df2d063fa2def309ecb0283f3036bf33d46,1787977908.9338207,36492.805,18246460,0,0.9584569931030273,1.0416193008422852,1.4421682357788086,0.00057220458984375,-0.00324249267578125,0.00476837158203125,-0.0073261260986328125,-0.0024423599243164062,-0.1880340576171875,0.0073261260986328125,-0.0073261260986328125,-0.0073261260986328125,-0.07570171356201172,-0.6769237518310547,4.888889312744141,-1.6190471649169922,0.10988998413085938,-0.10988998413085938,0.0,-0.9945581961521373,6.256470673887182,-1.5287813120759843,0.005796348449608665,-0.00554171923167577
44,2,heldout,3,-1,-0.3490658503988659,0.9162535670038778,3,s,af3726fcacd0ac1320a56ea850b0a2c0f5430cf4eb20a45c078706980f08407e,d24fbe3839599a6a097188bae8cd47ce8083f27deef1341ae3086bf0d5a45bd1,87f63c0590d05baea263cdc42c6e1df2d063fa2def309ecb0283f3036bf33d46,87f63c0590d05baea263cdc42c6e1df2d063fa2def309ecb0283f3036bf33d46,1787977908.9358075,36492.807,18246461,0,0.9584569931030273,1.0416193008422852,1.4414052963256836,0.00057220458984375,-0.00324249267578125,0.00476837158203125,-0.0073261260986328125,-0.0024423599243164062,-0.1929178237915039,-0.0073261260986328125,-0.0073261260986328125,-0.0073261260986328125,-0.07570171356201172,-0.6905975341796875,4.902565002441406,-1.6141633987426758,0.11477375030517578,-0.10988998413085938,0.0,-0.9985912671311348,6.260503744866179,-1.52956309568664,0.005785886449648943,-0.005543398523993442
44,2,heldout,3,-1,-0.3490658503988659,0.9182425110047916,3,s,af3726fcacd0ac1320a56ea850b0a2c0f5430cf4eb20a45c078706980f08407e,d24fbe3839599a6a097188bae8cd47ce8083f27deef1341ae3086bf0d5a45bd1,87f63c0590d05baea263cdc42c6e1df2d063fa2def309ecb0283f3036bf33d46,87f63c0590d05baea263cdc42c6e1df2d063fa2def309ecb0283f3036bf33d46,1787977908.9377074,36492.809,18246462,0,0.9584569931030273,1.0416193008422852,1.4406423568725586,0.00057220458984375,-0.00362396240234375,0.00476837158203125,-0.0073261260986328125,-0.0024423599243164062,-0.1929178237915039,-0.021978378295898438,-0.021978378295898438,-0.0073261260986328125,-0.07570171356201172,-0.6905975341796875,4.916240692138672,-1.6092796325683594,0.10988998413085938,-0.10988998413085938,0.0,-1.0026154048398461,6.264527882574891,-1.5303386997967694,0.005898251555394406,-0.0055509460223785315
44,2,heldout,3,-1,-0.3490658503988659,0.9201367030036636,3,s,af3726fcacd0ac1320a56ea850b0a2c0f5430cf4eb20a45c078706980f08407e,d24fbe3839599a6a097188bae8cd47ce8083f27deef1341ae3086bf0d5a45bd1,87f63c0590d05baea263cdc42c6e1df2d063fa2def309ecb0283f3036bf33d46,87f63c0590d05baea263cdc42c6e1df2d063fa2def309ecb0283f3036bf33d46,1787977908.939661,36492.811,18246463,0,0.9584569931030273,1.0416193008422852,1.4398794174194336,0.00057220458984375,-0.00324249267578125,0.00476837158203125,0.0073261260986328125,-0.0024423599243164062,-0.1880340576171875,-0.05128288269042969,0.0073261260986328125,-0.0073261260986328125,-0.07570171356201172,-0.6905975341796875,4.847862243652344,-1.5995111465454102,0.11477375030517578,-0.10988998413085938,0.0,-1.0066464744658483,6.268558952200893,-1.5311239914848391,0.005764952352334136,-0.005546747427605804
44,2,heldout,3,-1,-0.3490658503988659,0.9221015860020998,3,s,af3726fcacd0ac1320a56ea850b0a2c0f5430cf4eb20a45c078706980f08407e,d24fbe3839599a6a097188bae8cd47ce8083f27deef1341ae3086bf0d5a45bd1,87f63c0590d05baea263cdc42c6e1df2d063fa2def309ecb0283f3036bf33d46,87f63c0590d05baea263cdc42c6e1df2d063fa2def309ecb0283f3036bf33d46,1787977908.9416025,36492.813,18246464,0,0.9584569931030273,1.0416193008422852,1.4391164779663086,0.00019073486328125,-0.00324249267578125,0.00476837158203125,-0.0073261260986328125,-0.0024423599243164062,-0.1880340576171875,-0.05128288269042969,-0.0073261260986328125,-0.0073261260986328125,-0.07570171356201172,-0.6905975341796875,4.875213623046875,-1.5799751281738281,0.11477375030517578,-0.10988998413085938,0.0,-1.01027916192561,6.272191639660654,-1.5315136585566136,0.00575971672882376,-0.005547582635918245
44,2,heldout,3,-1,-0.3490658503988659,0.9240365410005325,3,s,af3726fcacd0ac1320a56ea850b0a2c0f5430cf4eb20a45c078706980f08407e,d24fbe3839599a6a097188bae8cd47ce8083f27deef1341ae3086bf0d5a45bd1,87f63c0590d05baea263cdc42c6e1df2d063fa2def309ecb0283f3036bf33d46,87f63c0590d05baea263cdc42c6e1df2d063fa2def309ecb0283f3036bf33d46,1787977908.9435453,36492.814999999995,18246465,0,0.9584569931030273,1.0416193008422852,1.4383535385131836,0.00019073486328125,-0.00362396240234375,0.00476837158203125,-0.0073261260986328125,-0.0024423599243164062,-0.1929178237915039,-0.05128288269042969,-0.021978378295898438,-0.0073261260986328125,-0.07570171356201172,-0.6905975341796875,4.916240692138672,-1.565323829650879,0.11477375030517578,-0.10988998413085938,0.0,-1.0142927949542417,6.276205272689287,-1.5322870306348906,0.0058715166908866545,-0.005555095450029509
44,2,heldout,3,-1,-0.3490658503988659,0.9259894040005747,3,s,af3726fcacd0ac1320a56ea850b0a2c0f5430cf4eb20a45c078706980f08407e,d24fbe3839599a6a097188bae8cd47ce8083f27deef1341ae3086bf0d5a45bd1,87f63c0590d05baea263cdc42c6e1df2d063fa2def309ecb0283f3036bf33d46,87f63c0590d05baea263cdc42c6e1df2d063fa2def309ecb0283f3036bf33d46,1787977908.945486,36492.816999999995,18246466,0,0.9584569931030273,1.0416193008422852,1.4375905990600586,0.00019073486328125,-0.00324249267578125,0.00476837158203125,-0.021978378295898438,-0.0024423599243164062,-0.1929178237915039,-0.0659332275390625,0.0073261260986328125,-0.0073261260986328125,-0.07570171356201172,-0.6905975341796875,4.957263946533203,-1.5506715774536133,0.11477375030517578,-0.10988998413085938,0.0,-1.018313361577492,6.2802258393125365,-1.5330700976314946,0.005738765860912071,-0.005550915395159269
44,2,heldout,3,-1,-0.3490658503988659,0.9279221239994513,3,s,af3726fcacd0ac1320a56ea850b0a2c0f5430cf4eb20a45c078706980f08407e,d24fbe3839599a6a097188bae8cd47ce8083f27deef1341ae3086bf0d5a45bd1,87f63c0590d05baea263cdc42c6e1df2d063fa2def309ecb0283f3036bf33d46,87f63c0590d05baea263cdc42c6e1df2d063fa2def309ecb0283f3036bf33d46,1787977908.947419,36492.818999999996,18246467,0,0.9584569931030273,1.0416193008422852,1.4368276596069336,-0.00019073486328125,-0.00324249267578125,0.00476837158203125,0.0073261260986328125,-0.0024423599243164062,-0.20268630981445312,-0.05128288269042969,-0.021978378295898438,-0.0073261260986328125,-0.07570171356201172,-0.6905975341796875,5.039318084716797,-1.5360193252563477,0.10988998413085938,-0.11477375030517578,0.0,-1.0219366501785028,6.283849127913547,-1.5334586498140443,0.005733526054277541,-0.0055517465658611095
44,2,heldout,3,-1,-0.3490658503988659,0.9298552610052866,3,s,af3726fcacd0ac1320a56ea850b0a2c0f5430cf4eb20a45c078706980f08407e,d24fbe3839599a6a097188bae8cd47ce8083f27deef1341ae3086bf0d5a45bd1,87f63c0590d05baea263cdc42c6e1df2d063fa2def309ecb0283f3036bf33d46,87f63c0590d05baea263cdc42c6e1df2d063fa2def309ecb0283f3036bf33d46,1787977908.9494846,36492.820999999996,18246468,0,0.9584569931030273,1.0416193008422852,1.4360647201538086,-0.00019073486328125,-0.00324249267578125,0.00476837158203125,-0.0073261260986328125,-0.0024423599243164062,-0.20268630981445312,-0.05128288269042969,-0.0073261260986328125,-0.0073261260986328125,-0.07570171356201172,-0.7042732238769531,4.957263946533203,-1.5311355590820312,0.10988998413085938,-0.11477375030517578,0.0,-1.0259450563717114,6.287857534106756,-1.5342350846798358,0.0057230439387575705,-0.005553406483487627
44,2,heldout,3,-1,-0.3490658503988659,0.9319241900011548,3,s,af3726fcacd0ac1320a56ea850b0a2c0f5430cf4eb20a45c078706980f08407e,d24fbe3839599a6a097188bae8cd47ce8083f27deef1341ae3086bf0d5a45bd1,87f63c0590d05baea263cdc42c6e1df2d063fa2def309ecb0283f3036bf33d46,87f63c0590d05baea263cdc42c6e1df2d063fa2def309ecb0283f3036bf33d46,1787977908.9514258,36492.823,18246469,0,0.9584569931030273,1.0416193008422852,1.4353017807006836,-0.00019073486328125,-0.00324249267578125,0.00476837158203125,-0.0073261260986328125,-0.0024423599243164062,-0.20268630981445312,-0.03663063049316406,-0.021978378295898438,-0.0073261260986328125,-0.07570171356201172,-0.7042732238769531,4.9435882568359375,-1.5262517929077148,0.10988998413085938,-0.11477375030517578,0.0,-1.0299498025503033,6.291862280285347,-1.5350106265033152,0.005712558491987752,-0.005555063168606288
44,2,heldout,3,-1,-0.3490658503988659,0.9338750840033754,3,s,af3726fcacd0ac1320a56ea850b0a2c0f5430cf4eb20a45c078706980f08407e,d24fbe3839599a6a097188bae8cd47ce8083f27deef1341ae3086bf0d5a45bd1,87f63c0590d05baea263cdc42c6e1df2d063fa2def309ecb0283f3036bf33d46,87f63c0590d05baea263cdc42c6e1df2d063fa2def309ecb0283f3036bf33d46,1787977908.9533548,36492.825,18246470,0,0.9584569931030273,1.0416193008422852,1.4345388412475586,-0.00019073486328125,-0.00324249267578125,0.00476837158203125,0.0073261260986328125,-0.0073261260986328125,-0.1929178237915039,-0.03663063049316406,-0.0073261260986328125,-0.0073261260986328125,-0.07570171356201172,-0.7042732238769531,4.847862243652344,-1.5262517929077148,0.10988998413085938,-0.11477375030517578,0.0,-1.0339508863832099,6.295863364118254,-1.535785274833057,0.0057020697200714215,-0.005556716620252771
44,2,heldout,3,-1,-0.3490658503988659,0.9357882969998172,3,s,af3726fcacd0ac1320a56ea850b0a2c0f5430cf4eb20a45c078706980f08407e,d24fbe3839599a6a097188bae8cd47ce8083f27deef1341ae3086bf0d5a45bd1,87f63c0590d05baea263cdc42c6e1df2d063fa2def309ecb0283f3036bf33d46,87f63c0590d05baea263cdc42c6e1df2d063fa2def309ecb0283f3036bf33d46,1787977908.955295,36492.827,18246471,0,0.9584569931030273,1.0416193008422852,1.4337759017944336,-0.00019073486328125,-0.00324249267578125,0.00476837158203125,0.021978378295898438,-0.0073261260986328125,-0.1831502914428711,-0.0073261260986328125,-0.0073261260986328125,-0.0073261260986328125,-0.07570171356201172,-0.7042732238769531,4.793163299560547,-1.5262517929077148,0.10988998413085938,-0.11477375030517578,0.0,-1.0379483055414993,6.299860783276543,-1.5365590292181568,0.00569157762911384,-0.005558366837464643
44,2,heldout,3,-1,-0.3490658503988659,0.9377329039998585,3,s,af3726fcacd0ac1320a56ea850b0a2c0f5430cf4eb20a45c078706980f08407e,d24fbe3839599a6a097188bae8cd47ce8083f27deef1341ae3086bf0d5a45bd1,87f63c0590d05baea263cdc42c6e1df2d063fa2def309ecb0283f3036bf33d46,87f63c0590d05baea263cdc42c6e1df2d063fa2def309ecb0283f3036bf33d46,1787977908.9578028,36492.829,18246472,0,0.9584569931030273,1.0416193008422852,1.4330129623413086,-0.00019073486328125,-0.00324249267578125,0.00476837158203125,-0.0073261260986328125,-0.0073261260986328125,-0.17338180541992188,-0.0073261260986328125,-0.021978378295898438,-0.0073261260986328125,-0.07570171356201172,-0.7042732238769531,4.847862243652344,-1.5311355590820312,0.10988998413085938,-0.11477375030517578,0.0,-1.0419420576983627,6.303854535433406,-1.5373318892082315,0.005681082225222215,-0.005560013819281353
44,2,heldout,3,-1,-0.3490658503988659,0.9402396229997976,3,s,af3726fcacd0ac1320a56ea850b0a2c0f5430cf4eb20a45c078706980f08407e,d24fbe3839599a6a097188bae8cd47ce8083f27deef1341ae3086bf0d5a45bd1,87f63c0590d05baea263cdc42c6e1df2d063fa2def309ecb0283f3036bf33d46,87f63c0590d05baea263cdc42c6e1df2d063fa2def309ecb0283f3036bf33d46,1787977908.959752,36492.831,18246473,0,0.9584569931030273,1.0416193008422852,1.4322500228881836,0.00019073486328125,-0.00324249267578125,0.00476837158203125,-0.021978378295898438,-0.0073261260986328125,-0.17338180541992188,-0.0073261260986328125,0.0073261260986328125,-0.0073261260986328125,-0.07570171356201172,-0.7179489135742188,4.8068389892578125,-1.540903091430664,0.10988998413085938,-0.11477375030517578,0.0,-1.0463177873944498,6.3082302651294935,-1.5384895012187343,0.005665332920997683,-0.005562478223543907
44,2,heldout,3,-1,-0.3490658503988659,0.9421922390029067,3,s,af3726fcacd0ac1320a56ea850b0a2c0f5430cf4eb20a45c078706980f08407e,d24fbe3839599a6a097188bae8cd47ce8083f27deef1341ae3086bf0d5a45bd1,87f63c0590d05baea263cdc42c6e1df2d063fa2def309ecb0283f3036bf33d46,87f63c0590d05baea263cdc42c6e1df2d063fa2def309ecb0283f3036bf33d46,1787977908.9617224,36492.833,18246474,0,0.9584569931030273,1.0416193008422852,1.4314870834350586,0.00019073486328125,-0.00324249267578125,0.00476837158203125,-0.021978378295898438,-0.0073261260986328125,-0.17338180541992188,0.021978378295898438,-0.0073261260986328125,-0.0073261260986328125,-0.08058643341064453,-0.7316246032714844,4.916240692138672,-1.5506715774536133,0.10988998413085938,-0.11477375030517578,0.0,-1.0503037507611324,6.312216228496177,-1.5392601232542291,0.005654829261502589,-0.005564117112682648
44,2,heldout,3,-1,-0.3490658503988659,0.9441602320002858,3,s,af3726fcacd0ac1320a56ea850b0a2c0f5430cf4eb20a45c078706980f08407e,d24fbe3839599a6a097188bae8cd47ce8083f27deef1341ae3086bf0d5a45bd1,87f63c0590d05baea263cdc42c6e1df2d063fa2def309ecb0283f3036bf33d46,87f63c0590d05baea263cdc42c6e1df2d063fa2def309ecb0283f3036bf33d46,1787977908.9637442,36492.835,18246475,0,0.9584569931030273,1.0416193008422852,1.4307241439819336,0.00019073486328125,-0.00362396240234375,0.00476837158203125,-0.021978378295898438,-0.0073261260986328125,-0.1831502914428711,0.0073261260986328125,-0.0073261260986328125,-0.0073261260986328125,-0.08058643341064453,-0.7316246032714844,4.998291015625,-1.565323829650879,0.10988998413085938,-0.11477375030517578,0.0,-1.0542807297634629,6.3161932074985065,-1.5400245391513425,0.005764364602159457,-0.005571490917647387
44,2,heldout,3,-1,-0.3490658503988659,0.9461864550030441,3,s,af3726fcacd0ac1320a56ea850b0a2c0f5430cf4eb20a45c078706980f08407e,d24fbe3839599a6a097188bae8cd47ce8083f27deef1341ae3086bf0d5a45bd1,87f63c0590d05baea263cdc42c6e1df2d063fa2def309ecb0283f3036bf33d46,87f63c0590d05baea263cdc42c6e1df2d063fa2def309ecb0283f3036bf33d46,1787977908.9657335,36492.837,18246476,0,0.9584569931030273,1.0416193008422852,1.4299612045288086,0.00019073486328125,-0.00362396240234375,0.00476837158203125,-0.0073261260986328125,-0.0073261260986328125,-0.1831502914428711,0.03663063049316406,-0.021978378295898438,-0.0073261260986328125,-0.08058643341064453,-0.7316246032714844,4.916240692138672,-1.5750913619995117,0.10988998413085938,-0.11477375030517578,0.0,-1.0582593407670315,6.320171818502076,-1.5407933671456222,0.005753630836134772,-0.0055731126433889435
44,2,heldout,3,-1,-0.3490658503988659,0.9481816000043182,3,s,af3726fcacd0ac1320a56ea850b0a2c0f5430cf4eb20a45c078706980f08407e,d24fbe3839599a6a097188bae8cd47ce8083f27deef1341ae3086bf0d5a45bd1,87f63c0590d05baea263cdc42c6e1df2d063fa2def309ecb0283f3036bf33d46,87f63c0590d05baea263cdc42c6e1df2d063fa2def309ecb0283f3036bf33d46,1787977908.967679,36492.839,18246477,0,0.9584569931030273,1.0416193008422852,1.4291982650756836,0.00057220458984375,-0.00362396240234375,0.00476837158203125,-0.0073261260986328125,-0.0073261260986328125,-0.1831502914428711,0.021978378295898438,-0.0073261260986328125,-0.0073261260986328125,-0.07570171356201172,-0.7316246032714844,4.957263946533203,-1.5946273803710938,0.11477375030517578,-0.11477375030517578,0.0,-1.0626179020517639,6.324530379786808,-1.5419449273853316,0.005737523909574927,-0.005575539149247394
44,2,heldout,3,-1,-0.3490658503988659,0.950113416001841,3,s,af3726fcacd0ac1320a56ea850b0a2c0f5430cf4eb20a45c078706980f08407e,d24fbe3839599a6a097188bae8cd47ce8083f27deef1341ae3086bf0d5a45bd1,87f63c0590d05baea263cdc42c6e1df2d063fa2def309ecb0283f3036bf33d46,87f63c0590d05baea263cdc42c6e1df2d063fa2def309ecb0283f3036bf33d46,1787977908.969642,36492.841,18246478,0,0.9584569931030273,1.0416193008422852,1.428816795349121,0.00057220458984375,-0.00362396240234375,0.00476837158203125,-0.0073261260986328125,-0.0073261260986328125,-0.1831502914428711,0.03663063049316406,-0.0073261260986328125,-0.0073261260986328125,-0.07570171356201172,-0.7316246032714844,4.9299163818359375,-1.6092796325683594,0.11477375030517578,-0.11477375030517578,0.0,-1.0646037634769097,6.326516241211953,-1.5423283321079797,0.005732153263173926,-0.005576346361994916
44,2,heldout,3,-1,-0.3490658503988659,0.9520885140009341,3,s,af3726fcacd0ac1320a56ea850b0a2c0f5430cf4eb20a45c078706980f08407e,d24fbe3839599a6a097188bae8cd47ce8083f27deef1341ae3086bf0d5a45bd1,87f63c0590d05baea263cdc42c6e1df2d063fa2def309ecb0283f3036bf33d46,87f63c0590d05baea263cdc42c6e1df2d063fa2def309ecb0283f3036bf33d46,1787977908.9715476,36492.843,18246479,0,0.9584569931030273,1.0416193008422852,1.428053855895996,0.00057220458984375,-0.00362396240234375,0.00476837158203125,-0.0073261260986328125,-0.0073261260986328125,-0.1831502914428711,0.021978378295898438,-0.021978378295898438,-0.0073261260986328125,-0.07570171356201172,-0.7316246032714844,4.9299163818359375,-1.6141633987426758,0.11477375030517578,-0.11477375030517578,0.0,-1.0685727241505476,6.330485201885592,-1.5430944681825927,0.00572140946873936,-0.005577958352977064
44,2,heldout,3,-1,-0.3490658503988659,0.9539980980043765,3,s,af3726fcacd0ac1320a56ea850b0a2c0f5430cf4eb20a45c078706980f08407e,d24fbe3839599a6a097188bae8cd47ce8083f27deef1341ae3086bf0d5a45bd1,87f63c0590d05baea263cdc42c6e1df2d063fa2def309ecb0283f3036bf33d46,87f63c0590d05baea263cdc42c6e1df2d063fa2def309ecb0283f3036bf33d46,1787977908.973477,36492.845,18246480,0,0.9584569931030273,1.0416193008422852,1.427290916442871,0.00057220458984375,-0.00362396240234375,0.00476837158203125,0.0073261260986328125,-0.0073261260986328125,-0.1831502914428711,0.021978378295898438,-0.0073261260986328125,-0.0073261260986328125,-0.07570171356201172,-0.7452983856201172,4.875213623046875,-1.623931884765625,0.11477375030517578,-0.11477375030517578,0.0,-1.0725379999970044,6.334450477732049,-1.5438597060580523,0.005710662344006334,-0.005579567097160282
44,2,heldout,3,-1,-0.3490658503988659,0.9559056069992948,3,s,af3726fcacd0ac1320a56ea850b0a2c0f5430cf4eb20a45c078706980f08407e,d24fbe3839599a6a097188bae8cd47ce8083f27deef1341ae3086bf0d5a45bd1,87f63c0590d05baea263cdc42c6e1df2d063fa2def309ecb0283f3036bf33d46,87f63c0590d05baea263cdc42c6e1df2d063fa2def309ecb0283f3036bf33d46,1787977908.9753997,36492.847,18246481,0,0.9584569931030273,1.0416193008422852,1.426527976989746,0.00057220458984375,-0.00362396240234375,0.00476837158203125,0.0073261260986328125,-0.0073261260986328125,-0.1782665252685547,0.0073261260986328125,-0.0073261260986328125,-0.0073261260986328125,-0.08058643341064453,-0.7452983856201172,4.847862243652344,-1.623931884765625,0.11477375030517578,-0.11477375030517578,0.0,-1.0764995887081832,6.338412066443228,-1.5446240452889333,0.005699911895230493,-0.005581172593608165
44,2,heldout,3,-1,-0.3490658503988659,0.9578296730032889,3,s,af3726fcacd0ac1320a56ea850b0a2c0f5430cf4eb20a45c078706980f08407e,d24fbe3839599a6a097188bae8cd47ce8083f27deef1341ae3086bf0d5a45bd1,87f63c0590d05baea263cdc42c6e1df2d063fa2def309ecb0283f3036bf33d46,87f63c0590d05baea263cdc42c6e1df2d063fa2def309ecb0283f3036bf33d46,1787977908.9773316,36492.849,18246482,0,0.9584569931030273,1.0416193008422852,1.425765037536621,0.00057220458984375,-0.00324249267578125,0.00476837158203125,-0.0073261260986328125,-0.0073261260986328125,-0.1831502914428711,0.0073261260986328125,0.0073261260986328125,-0.0073261260986328125,-0.07570171356201172,-0.7589740753173828,4.984615325927734,-1.6190471649169922,0.11477375030517578,-0.11477375030517578,0.0,-1.0804628096947462,6.342375287429791,-1.5453928071469365,0.005570682003941205,-0.005577111551334512
44,2,heldout,3,-1,-0.3490658503988659,0.9597681430022931,3,s,af3726fcacd0ac1320a56ea850b0a2c0f5430cf4eb20a45c078706980f08407e,d24fbe3839599a6a097188bae8cd47ce8083f27deef1341ae3086bf0d5a45bd1,87f63c0590d05baea263cdc42c6e1df2d063fa2def309ecb0283f3036bf33d46,87f63c0590d05baea263cdc42c6e1df2d063fa2def309ecb0283f3036bf33d46,1787977908.9799645,36492.850999999995,18246483,0,0.9584569931030273,1.0416193008422852,1.425002098083496,0.00057220458984375,-0.00362396240234375,0.00476837158203125,-0.021978378295898438,-0.0073261260986328125,-0.1929178237915039,-0.021978378295898438,-0.021978378295898438,-0.0073261260986328125,-0.08058643341064453,-0.7589740753173828,4.984615325927734,-1.6141633987426758,0.11477375030517578,-0.11477375030517578,0.0,-1.0844116955030718,6.346324173238116,-1.5461500260378653,0.005678401050582647,-0.005584373839561712
44,2,heldout,3,-1,-0.3490658503988659,0.9624017419992015,3,s,af3726fcacd0ac1320a56ea850b0a2c0f5430cf4eb20a45c078706980f08407e,d24fbe3839599a6a097188bae8cd47ce8083f27deef1341ae3086bf0d5a45bd1,87f63c0590d05baea263cdc42c6e1df2d063fa2def309ecb0283f3036bf33d46,87f63c0590d05baea263cdc42c6e1df2d063fa2def309ecb0283f3036bf33d46,1787977908.9813192,36492.852999999996,18246484,0,0.9584569931030273,1.0416193008422852,1.424239158630371,0.00019073486328125,-0.00362396240234375,0.00476837158203125,-0.0073261260986328125,-0.0024423599243164062,-0.19780254364013672,-0.0073261260986328125,-0.0073261260986328125,-0.0073261260986328125,-0.08058643341064453,-0.7589740753173828,4.998291015625,-1.6092796325683594,0.11477375030517578,-0.11477375030517578,0.0,-1.0879815011913565,6.349893978926401,-1.5465309588777079,0.005673021271673743,-0.00558517211975761
44,2,heldout,3,-1,-0.3490658503988659,0.9637493840054958,3,s,af3726fcacd0ac1320a56ea850b0a2c0f5430cf4eb20a45c078706980f08407e,d24fbe3839599a6a097188bae8cd47ce8083f27deef1341ae3086bf0d5a45bd1,87f63c0590d05baea263cdc42c6e1df2d063fa2def309ecb0283f3036bf33d46,87f63c0590d05baea263cdc42c6e1df2d063fa2def309ecb0283f3036bf33d46,1787977908.9832456,36492.854999999996,18246485,0,0.9584569931030273,1.0416193008422852,1.423476219177246,0.00019073486328125,-0.00362396240234375,0.00476837158203125,0.0073261260986328125,-0.0073261260986328125,-0.20757007598876953,-0.021978378295898438,-0.0073261260986328125,-0.0073261260986328125,-0.08058643341064453,-0.7589740753173828,5.039318084716797,-1.604395866394043,0.11477375030517578,-0.11477375030517578,0.0,-1.0919287685893475,6.353841246324391,-1.5472921493523784,0.005662259238039202,-0.005586766241784857
44,2,heldout,3,-1,-0.3490658503988659,0.9656802750032512,3,s,af3726fcacd0ac1320a56ea850b0a2c0f5430cf4eb20a45c078706980f08407e,d24fbe3839599a6a097188bae8cd47ce8083f27deef1341ae3086bf0d5a45bd1,87f63c0590d05baea263cdc42c6e1df2d063fa2def309ecb0283f3036bf33d46,87f63c0590d05baea263cdc42c6e1df2d063fa2def309ecb0283f3036bf33d46,1787977908.9857256,36492.856999999996,18246486,0,0.9584569931030273,1.0416193008422852,1.422713279724121,0.00019073486328125,-0.00324249267578125,0.00476837158203125,0.0073261260986328125,-0.0073261260986328125,-0.20268630981445312,-0.021978378295898438,-0.0073261260986328125,-0.0073261260986328125,-0.08058643341064453,-0.7589740753173828,5.025642395019531,-1.5946273803710938,0.11477375030517578,-0.11477375030517578,0.0,-1.0958776649976012,6.357790142732645,-1.5480577666169786,0.005533802137264358,-0.005582731314799039
44,2,heldout,3,-1,-0.3490658503988659,0.9681608669998241,3,s,af3726fcacd0ac1320a56ea850b0a2c0f5430cf4eb20a45c078706980f08407e,d24fbe3839599a6a097188bae8cd47ce8083f27deef1341ae3086bf0d5a45bd1,87f63c0590d05baea263cdc42c6e1df2d063fa2def309ecb0283f3036bf33d46,87f63c0590d05baea263cdc42c6e1df2d063fa2def309ecb0283f3036bf33d46,1787977908.987696,36492.859,18246487,0,0.9584569931030273,1.0416193008422852,1.421950340270996,0.00019073486328125,-0.00362396240234375,0.00476837158203125,-0.021978378295898438,-0.0073261260986328125,-0.20268630981445312,-0.03663063049316406,-0.0073261260986328125,-0.0073261260986328125,-0.07570171356201172,-0.7589740753173828,5.052989959716797,-1.584859848022461,0.11477375030517578,-0.11477375030517578,0.0,-1.0998122058233029,6.3617246835583465,-1.5488118279316005,0.0056407252894308795,-0.005589944729135965
44,2,heldout,3,-1,-0.3490658503988659,0.9701413049988332,3,s,af3726fcacd0ac1320a56ea850b0a2c0f5430cf4eb20a45c078706980f08407e,d24fbe3839599a6a097188bae8cd47ce8083f27deef1341ae3086bf0d5a45bd1,87f63c0590d05baea263cdc42c6e1df2d063fa2def309ecb0283f3036bf33d46,87f63c0590d05baea263cdc42c6e1df2d063fa2def309ecb0283f3036bf33d46,1787977908.989671,36492.861,18246488,0,0.9584569931030273,1.0416193008422852,1.421187400817871,0.00019073486328125,-0.00324249267578125,0.00476837158203125,-0.0073261260986328125,-0.0073261260986328125,-0.1929178237915039,-0.05128288269042969,-0.0073261260986328125,-0.0073261260986328125,-0.07570171356201172,-0.7589740753173828,5.011966705322266,-1.5750913619995117,0.10988998413085938,-0.11477375030517578,0.0,-1.103753701752106,6.36566617948715,-1.5495756458331835,0.005512710194834479,-0.005585924738101211
44,2,heldout,3,-1,-0.3490658503988659,0.9721102809999138,3,s,af3726fcacd0ac1320a56ea850b0a2c0f5430cf4eb20a45c078706980f08407e,d24fbe3839599a6a097188bae8cd47ce8083f27deef1341ae3086bf0d5a45bd1,87f63c0590d05baea263cdc42c6e1df2d063fa2def309ecb0283f3036bf33d46,87f63c0590d05baea263cdc42c6e1df2d063fa2def309ecb0283f3036bf33d46,1787977908.9916065,36492.863,18246489,0,0.9584569931030273,1.0416193008422852,1.420424461364746,-0.00019073486328125,-0.00324249267578125,0.00476837158203125,-0.03663063049316406,-0.0073261260986328125,-0.1831502914428711,-0.03663063049316406,-0.0073261260986328125,-0.0073261260986328125,-0.07570171356201172,-0.7726497650146484,5.025642395019531,-1.565323829650879,0.10988998413085938,-0.11477375030517578,0.0,-1.1073074826555005,6.369219960390546,-1.5499545520428737,0.005507435201796156,-0.005586721062069342
44,2,heldout,3,-1,-0.3490658503988659,0.9740617089992156,3,s,af3726fcacd0ac1320a56ea850b0a2c0f5430cf4eb20a45c078706980f08407e,d24fbe3839599a6a097188bae8cd47ce8083f27deef1341ae3086bf0d5a45bd1,87f63c0590d05baea263cdc42c6e1df2d063fa2def309ecb0283f3036bf33d46,87f63c0590d05baea263cdc42c6e1df2d063fa2def309ecb0283f3036bf33d46,1787977908.9935775,36492.865,18246490,0,0.9584569931030273,1.0416193008422852,1.419661521911621,-0.00019073486328125,-0.00324249267578125,0.00476837158203125,-0.0073261260986328125,-0.0024423599243164062,-0.1880340576171875,-0.05128288269042969,-0.0073261260986328125,-0.0073261260986328125,-0.08058643341064453,-0.7726497650146484,5.107692718505859,-1.5555553436279297,0.11477375030517578,-0.11477375030517578,0.0,-1.1112366878877444,6.373149165622789,-1.5507116877629397,0.005496882812175358,-0.005588311270965132
44,2,heldout,3,-1,-0.3490658503988659,0.9760125780012459,3,s,af3726fcacd0ac1320a56ea850b0a2c0f5430cf4eb20a45c078706980f08407e,d24fbe3839599a6a097188bae8cd47ce8083f27deef1341ae3086bf0d5a45bd1,87f63c0590d05baea263cdc42c6e1df2d063fa2def309ecb0283f3036bf33d46,87f63c0590d05baea263cdc42c6e1df2d063fa2def309ecb0283f3036bf33d46,1787977908.9955676,36492.867,18246491,0,0.9584569931030273,1.0416193008422852,1.418898582458496,-0.00019073486328125,-0.00362396240234375,0.00476837158203125,-0.0073261260986328125,-0.0024423599243164062,-0.1880340576171875,-0.03663063049316406,-0.021978378295898438,-0.0073261260986328125,-0.08058643341064453,-0.7726497650146484,5.039318084716797,-1.5506715774536133,0.10988998413085938,-0.11477375030517578,0.0,-1.1151568487335308,6.377069326468576,-1.5514625861244697,0.0056030093074584545,-0.005595475759977004
44,2,heldout,3,-1,-0.3490658503988659,0.9780041500052903,3,s,af3726fcacd0ac1320a56ea850b0a2c0f5430cf4eb20a45c078706980f08407e,d24fbe3839599a6a097188bae8cd47ce8083f27deef1341ae3086bf0d5a45bd1,87f63c0590d05baea263cdc42c6e1df2d063fa2def309ecb0283f3036bf33d46,87f63c0590d05baea263cdc42c6e1df2d063fa2def309ecb0283f3036bf33d46,1787977908.9974968,36492.869,18246492,0,0.9584569931030273,1.0416193008422852,1.418135643005371,-0.00019073486328125,-0.00324249267578125,0.00476837158203125,-0.0073261260986328125,-0.0024423599243164062,-0.1880340576171875,-0.021978378295898438,-0.0073261260986328125,-0.0073261260986328125,-0.07570171356201172,-0.7863254547119141,5.107692718505859,-1.5457878112792969,0.11477375030517578,-0.11477375030517578,0.0,-1.1190839670846624,6.380996444819707,-1.5522232508640148,0.005475768440257667,-0.005591481929357628
44,2,heldout,3,-1,-0.3490658503988659,0.979932207003003,3,s,af3726fcacd0ac1320a56ea850b0a2c0f5430cf4eb20a45c078706980f08407e,d24fbe3839599a6a097188bae8cd47ce8083f27deef1341ae3086bf0d5a45bd1,87f63c0590d05baea263cdc42c6e1df2d063fa2def309ecb0283f3036bf33d46,87f63c0590d05baea263cdc42c6e1df2d063fa2def309ecb0283f3036bf33d46,1787977908.9994297,36492.871,18246493,0,0.9584569931030273,1.0416193008422852,1.417372703552246,-0.00019073486328125,-0.00362396240234375,0.00476837158203125,-0.0073261260986328125,-0.0024423599243164062,-0.1880340576171875,-0.0073261260986328125,-0.0073261260986328125,-0.0073261260986328125,-0.07570171356201172,-0.7999992370605469,5.025642395019531,-1.5506715774536133,0.11477375030517578,-0.10988998413085938,0.0,-1.1229966985348292,6.384909176269874,-1.5529723394183885,0.005581439362915952,-0.005598618438081973
44,2,heldout,3,-1,-0.3490658503988659,0.9818634670009487,3,s,af3726fcacd0ac1320a56ea850b0a2c0f5430cf4eb20a45c078706980f08407e,d24fbe3839599a6a097188bae8cd47ce8083f27deef1341ae3086bf0d5a45bd1,87f63c0590d05baea263cdc42c6e1df2d063fa2def309ecb0283f3036bf33d46,87f63c0590d05baea263cdc42c6e1df2d063fa2def309ecb0283f3036bf33d46,1787977909.001367,36492.873,18246494,0,0.9584569931030273,1.0416193008422852,1.416609764099121,-0.00019073486328125,-0.00324249267578125,0.00476837158203125,-0.0073261260986328125,-0.0024423599243164062,-0.1880340576171875,-0.0073261260986328125,0.0073261260986328125,-0.0073261260986328125,-0.07570171356201172,-0.8136749267578125,4.998291015625,-1.5555553436279297,0.11477375030517578,-0.10988998413085938,0.0,-1.126916389369367,6.388828867104411,-1.5537311999144043,0.005454641319075547,-0.005594639569069282
44,2,heldout,3,-1,-0.3490658503988659,0.9838047700031893,3,s,af3726fcacd0ac1320a56ea850b0a2c0f5430cf4eb20a45c078706980f08407e,d24fbe3839599a6a097188bae8cd47ce8083f27deef1341ae3086bf0d5a45bd1,87f63c0590d05baea263cdc42c6e1df2d063fa2def309ecb0283f3036bf33d46,87f63c0590d05baea263cdc42c6e1df2d063fa2def309ecb0283f3036bf33d46,1787977909.0033405,36492.875,18246495,0,0.9584569931030273,1.0416193008422852,1.415846824645996,0.00019073486328125,-0.00324249267578125,0.00476837158203125,-0.0073261260986328125,-0.0024423599243164062,-0.1782665252685547,0.0073261260986328125,0.0073261260986328125,-0.0073261260986328125,-0.07570171356201172,-0.8136749267578125,4.957263946533203,-1.560439109802246,0.11477375030517578,-0.10988998413085938,0.0,-1.1312029932654206,6.393115471000465,-1.5548597878690535,0.005438787641074163,-0.005596999250919926
44,2,heldout,3,-1,-0.3490658503988659,0.9857739680010127,3,s,af3726fcacd0ac1320a56ea850b0a2c0f5430cf4eb20a45c078706980f08407e,d24fbe3839599a6a097188bae8cd47ce8083f27deef1341ae3086bf0d5a45bd1,87f63c0590d05baea263cdc42c6e1df2d063fa2def309ecb0283f3036bf33d46,87f63c0590d05baea263cdc42c6e1df2d063fa2def309ecb0283f3036bf33d46,1787977909.005257,36492.877,18246496,0,0.9584569931030273,1.0416193008422852,1.4154653549194336,0.00019073486328125,-0.00324249267578125,0.00476837158203125,-0.0073261260986328125,-0.0024423599243164062,-0.17338180541992188,0.0073261260986328125,-0.0073261260986328125,-0.0073261260986328125,-0.07570171356201172,-0.8136749267578125,4.916240692138672,-1.5702075958251953,0.11477375030517578,-0.11477375030517578,0.0,-1.1331566887967912,6.395069166531835,-1.5552355314031443,0.005433501497819396,-0.0055977841827481506
44,2,heldout,3,-1,-0.3490658503988659,0.9877169130049879,3,s,af3726fcacd0ac1320a56ea850b0a2c0f5430cf4eb20a45c078706980f08407e,d24fbe3839599a6a097188bae8cd47ce8083f27deef1341ae3086bf0d5a45bd1,87f63c0590d05baea263cdc42c6e1df2d063fa2def309ecb0283f3036bf33d46,87f63c0590d05baea263cdc42c6e1df2d063fa2def309ecb0283f3036bf33d46,1787977909.0077708,36492.879,18246497,0,0.9584569931030273,1.0416193008422852,1.4147024154663086,0.00019073486328125,-0.00324249267578125,0.00476837158203125,-0.021978378295898438,-0.0024423599243164062,-0.17338180541992188,0.0073261260986328125,-0.0073261260986328125,-0.0073261260986328125,-0.07570171356201172,-0.8273506164550781,4.9435882568359375,-1.5799751281738281,0.10988998413085938,-0.10988998413085938,0.0,-1.1370612877602668,6.3989737654953105,-1.5559863394670201,0.0054229268400436525,-0.005599351602536093
44,2,heldout,3,-1,-0.3490658503988659,0.9902045900016674,3,s,af3726fcacd0ac1320a56ea850b0a2c0f5430cf4eb20a45c078706980f08407e,d24fbe3839599a6a097188bae8cd47ce8083f27deef1341ae3086bf0d5a45bd1,87f63c0590d05baea263cdc42c6e1df2d063fa2def309ecb0283f3036bf33d46,87f63c0590d05baea263cdc42c6e1df2d063fa2def309ecb0283f3036bf33d46,1787977909.0097485,36492.881,18246498,0,0.9584569931030273,1.0416193008422852,1.4139394760131836,0.00019073486328125,-0.00324249267578125,0.00476837158203125,0.0073261260986328125,-0.0024423599243164062,-0.16849803924560547,0.021978378295898438,-0.021978378295898438,-0.0073261260986328125,-0.07570171356201172,-0.8273506164550781,4.902565002441406,-1.584859848022461,0.10988998413085938,-0.10988998413085938,0.0,-1.1409621620309696,6.402874639766014,-1.5567362418276864,0.005412349025709192,-0.0056009157630726
44,2,heldout,3,-1,-0.3490658503988659,0.992181484005414,3,s,af3726fcacd0ac1320a56ea850b0a2c0f5430cf4eb20a45c078706980f08407e,d24fbe3839599a6a097188bae8cd47ce8083f27deef1341ae3086bf0d5a45bd1,87f63c0590d05baea263cdc42c6e1df2d063fa2def309ecb0283f3036bf33d46,87f63c0590d05baea263cdc42c6e1df2d063fa2def309ecb0283f3036bf33d46,1787977909.0117137,36492.883,18246499,0,0.9584569931030273,1.0416193008422852,1.4131765365600586,0.00019073486328125,-0.00324249267578125,0.00476837158203125,-0.021978378295898438,-0.0024423599243164062,-0.16849803924560547,0.0073261260986328125,-0.0073261260986328125,-0.0073261260986328125,-0.07570171356201172,-0.8410263061523438,4.957263946533203,-1.5946273803710938,0.11477375030517578,-0.10988998413085938,0.0,-1.1448593093382962,6.40677178707334,-1.5574852380486455,0.005401768060973117,-0.00560247666344721
44,2,heldout,3,-1,-0.3490658503988659,0.9941635340001085,3,s,af3726fcacd0ac1320a56ea850b0a2c0f5430cf4eb20a45c078706980f08407e,d24fbe3839599a6a097188bae8cd47ce8083f27deef1341ae3086bf0d5a45bd1,87f63c0590d05baea263cdc42c6e1df2d063fa2def309ecb0283f3036bf33d46,87f63c0590d05baea263cdc42c6e1df2d063fa2def309ecb0283f3036bf33d46,1787977909.0136564,36492.884999999995,18246500,0,0.9584569931030273,1.0416193008422852,1.4124135971069336,0.00019073486328125,-0.00324249267578125,0.00476837158203125,-0.0073261260986328125,-0.0024423599243164062,-0.1782665252685547,-0.0073261260986328125,-0.0073261260986328125,-0.0073261260986328125,-0.07570171356201172,-0.8410263061523438,5.025642395019531,-1.604395866394043,0.10988998413085938,-0.11477375030517578,0.0,-1.148752727413806,6.41066520514885,-1.5582333276939218,0.005391183951994359,-0.005604034302751359
44,2,heldout,3,-1,-0.3490658503988659,0.9960851069990895,3,s,af3726fcacd0ac1320a56ea850b0a2c0f5430cf4eb20a45c078706980f08407e,d24fbe3839599a6a097188bae8cd47ce8083f27deef1341ae3086bf0d5a45bd1,87f63c0590d05baea263cdc42c6e1df2d063fa2def309ecb0283f3036bf33d46,87f63c0590d05baea263cdc42c6e1df2d063fa2def309ecb0283f3036bf33d46,1787977909.0155003,36492.886999999995,18246501,0,0.9584569931030273,1.0416193008422852,1.4116506576538086,0.00019073486328125,-0.00324249267578125,0.00476837158203125,-0.0073261260986328125,-0.0024423599243164062,-0.1831502914428711,0.03663063049316406,-0.0073261260986328125,-0.0073261260986328125,-0.07570171356201172,-0.8273506164550781,4.998291015625,-1.6141633987426758,0.10988998413085938,-0.10988998413085938,0.0,-1.152642413991233,6.414554891726277,-1.5589805103280705,0.005380596704933679,-0.005605588680078382
44,2,heldout,3,-1,-0.3490658503988659,0.9979305140004726,3,s,af3726fcacd0ac1320a56ea850b0a2c0f5430cf4eb20a45c078706980f08407e,d24fbe3839599a6a097188bae8cd47ce8083f27deef1341ae3086bf0d5a45bd1,87f63c0590d05baea263cdc42c6e1df2d063fa2def309ecb0283f3036bf33d46,87f63c0590d05baea263cdc42c6e1df2d063fa2def309ecb0283f3036bf33d46,1787977909.0174162,36492.888999999996,18246502,0,0.9584569931030273,1.0416193008422852,1.4108877182006836,0.00019073486328125,-0.00362396240234375,0.00476837158203125,-0.0073261260986328125,-0.0024423599243164062,-0.1831502914428711,0.021978378295898438,-0.021978378295898438,-0.0073261260986328125,-0.07570171356201172,-0.8273506164550781,5.025642395019531,-1.6190471649169922,0.10988998413085938,-0.10988998413085938,0.0,-1.1565230145181524,6.418435492253197,-1.5597214332278486,0.005484214521434022,-0.005612599072827618
44,2,heldout,3,-1,-0.3490658503988659,0.9998473300001933,3,s,af3726fcacd0ac1320a56ea850b0a2c0f5430cf4eb20a45c078706980f08407e,d24fbe3839599a6a097188bae8cd47ce8083f27deef1341ae3086bf0d5a45bd1,87f63c0590d05baea263cdc42c6e1df2d063fa2def309ecb0283f3036bf33d46,87f63c0590d05baea263cdc42c6e1df2d063fa2def309ecb0283f3036bf33d46,1787977909.019315,36492.890999999996,18246503,0,0.9584569931030273,1.0416193008422852,1.410506248474121,0.00057220458984375,-0.00324249267578125,0.00476837158203125,-0.021978378295898438,-0.0024423599243164062,-0.1831502914428711,0.021978378295898438,-0.0073261260986328125,-0.0073261260986328125,-0.07570171356201172,-0.8273506164550781,5.011966705322266,-1.6288156509399414,0.11477375030517578,-0.10988998413085938,0.0,-1.1588425124880009,6.420754990223045,-1.560472152823843,0.005359412821218731,-0.005608687645183882
44,2,heldout,3,-1,-0.3490658503988659,1.0017403650053893,3,s,af3726fcacd0ac1320a56ea850b0a2c0f5430cf4eb20a45c078706980f08407e,d24fbe3839599a6a097188bae8cd47ce8083f27deef1341ae3086bf0d5a45bd1,87f63c0590d05baea263cdc42c6e1df2d063fa2def309ecb0283f3036bf33d46,87f63c0590d05baea263cdc42c6e1df2d063fa2def309ecb0283f3036bf33d46,1787977909.0217607,36492.893,18246504,0,0.9584569931030273,1.0416193008422852,1.409743309020996,0.00057220458984375,-0.00324249267578125,0.00476837158203125,-0.0073261260986328125,-0.0024423599243164062,-0.1831502914428711,0.021978378295898438,-0.021978378295898438,-0.0073261260986328125,-0.07570171356201172,-0.8273506164550781,4.902565002441406,-1.6336994171142578,0.10988998413085938,-0.10988998413085938,0.0,-1.1627224062082058,6.42463488394325,-1.5612166118172164,0.005348816196895105,-0.0056102322311585235
44,2,heldout,3,-1,-0.3490658503988659,1.0041869720007526,3,s,af3726fcacd0ac1320a56ea850b0a2c0f5430cf4eb20a45c078706980f08407e,d24fbe3839599a6a097188bae8cd47ce8083f27deef1341ae3086bf0d5a45bd1,87f63c0590d05baea263cdc42c6e1df2d063fa2def309ecb0283f3036bf33d46,87f63c0590d05baea263cdc42c6e1df2d063fa2def309ecb0283f3036bf33d46,1787977909.0236473,36492.895,18246505,0,0.9584569931030273,1.0416193008422852,1.408980369567871,0.00019073486328125,-0.00324249267578125,0.00476837158203125,-0.0073261260986328125,-0.0024423599243164062,-0.1880340576171875,-0.0073261260986328125,0.0073261260986328125,-0.0073261260986328125,-0.07570171356201172,-0.8410263061523438,5.094017028808594,-1.6336994171142578,0.11477375030517578,-0.10988998413085938,0.0,-1.1662268987965505,6.428139376531594,-1.561588500560606,0.005343516716814975,-0.005611003299607665
44,2,heldout,3,-1,-0.3490658503988659,1.006074910001189,3,s,af3726fcacd0ac1320a56ea850b0a2c0f5430cf4eb20a45c078706980f08407e,d24fbe3839599a6a097188bae8cd47ce8083f27deef1341ae3086bf0d5a45bd1,87f63c0590d05baea263cdc42c6e1df2d063fa2def309ecb0283f3036bf33d46,87f63c0590d05baea263cdc42c6e1df2d063fa2def309ecb0283f3036bf33d46,1787977909.0255094,36492.897,18246506,0,0.9584569931030273,1.0416193008422852,1.408217430114746,0.00019073486328125,-0.00324249267578125,0.00476837158203125,0.0073261260986328125,-0.0024423599243164062,-0.1880340576171875,-0.021978378295898438,-0.021978378295898438,-0.0073261260986328125,-0.08058643341064453,-0.8547000885009766,5.025642395019531,-1.6288156509399414,0.11477375030517578,-0.10988998413085938,0.0,-1.1700997656458063,6.43201224338085,-1.562331596270204,0.005332915424673968,-0.005612542986868559
44,2,heldout,3,-1,-0.3490658503988659,1.0079310170040117,3,s,af3726fcacd0ac1320a56ea850b0a2c0f5430cf4eb20a45c078706980f08407e,d24fbe3839599a6a097188bae8cd47ce8083f27deef1341ae3086bf0d5a45bd1,87f63c0590d05baea263cdc42c6e1df2d063fa2def309ecb0283f3036bf33d46,87f63c0590d05baea263cdc42c6e1df2d063fa2def309ecb0283f3036bf33d46,1787977909.0273979,36492.899,18246507,0,0.9584569931030273,1.0416193008422852,1.407454490661621,0.00019073486328125,-0.00324249267578125,0.00476837158203125,-0.0073261260986328125,-0.0024423599243164062,-0.1880340576171875,-0.021978378295898438,-0.0073261260986328125,-0.0073261260986328125,-0.08058643341064453,-0.8547000885009766,5.052989959716797,-1.623931884765625,0.11477375030517578,-0.10988998413085938,0.0,-1.1739688885713684,6.435881366306412,-1.5630737825831686,0.0053223110283677835,-0.00561407940719962
44,2,heldout,3,-1,-0.3490658503988659,1.0098288630033494,3,s,af3726fcacd0ac1320a56ea850b0a2c0f5430cf4eb20a45c078706980f08407e,d24fbe3839599a6a097188bae8cd47ce8083f27deef1341ae3086bf0d5a45bd1,87f63c0590d05baea263cdc42c6e1df2d063fa2def309ecb0283f3036bf33d46,87f63c0590d05baea263cdc42c6e1df2d063fa2def309ecb0283f3036bf33d46,1787977909.0292838,36492.901,18246508,0,0.9584569931030273,1.0416193008422852,1.406691551208496,0.00019073486328125,-0.00324249267578125,0.00476837158203125,0.0073261260986328125,-0.0024423599243164062,-0.1880340576171875,-0.021978378295898438,0.0073261260986328125,-0.0073261260986328125,-0.08058643341064453,-0.8547000885009766,5.121368408203125,-1.6141633987426758,0.11477375030517578,-0.10988998413085938,0.0,-1.1778342653211076,6.439746743056153,-1.56381505906749,0.005311703534068996,-0.005615612559706534
44,2,heldout,3,-1,-0.3490658503988659,1.011710591003066,3,s,af3726fcacd0ac1320a56ea850b0a2c0f5430cf4eb20a45c078706980f08407e,d24fbe3839599a6a097188bae8cd47ce8083f27deef1341ae3086bf0d5a45bd1,87f63c0590d05baea263cdc42c6e1df2d063fa2def309ecb0283f3036bf33d46,87f63c0590d05baea263cdc42c6e1df2d063fa2def309ecb0283f3036bf33d46,1787977909.031721,36492.903,18246509,0,0.9584569931030273,1.0416193008422852,1.4059276580810547,0.00019073486328125,-0.00324249267578125,0.00476837158203125,-0.0073261260986328125,-0.0024423599243164062,-0.1929178237915039,-0.03663063049316406,0.0073261260986328125,-0.0073261260986328125,-0.07570171356201172,-0.8683757781982422,5.080341339111328,-1.604395866394043,0.11477375030517578,-0.10988998413085938,0.0,-1.1817007183338544,6.443613196068898,-1.5645563501796647,0.005301079682787104,-0.005617144353805754
44,2,heldout,3,-1,-0.3490658503988659,1.0141591760038864,3,s,af3726fcacd0ac1320a56ea850b0a2c0f5430cf4eb20a45c078706980f08407e,d24fbe3839599a6a097188bae8cd47ce8083f27deef1341ae3086bf0d5a45bd1,87f63c0590d05baea263cdc42c6e1df2d063fa2def309ecb0283f3036bf33d46,87f63c0590d05baea263cdc42c6e1df2d063fa2def309ecb0283f3036bf33d46,1787977909.0336137,36492.905,18246510,0,0.9584569931030273,1.0416193008422852,1.4051647186279297,0.00019073486328125,-0.00324249267578125,0.00476837158203125,-0.0073261260986328125,-0.0024423599243164062,-0.1929178237915039,-0.03663063049316406,0.0073261260986328125,-0.0073261260986328125,-0.07570171356201172,-0.8683757781982422,5.121368408203125,-1.5946273803710938,0.11477375030517578,-0.10988998413085938,0.0,-1.185558591294551,6.447471069029595,-1.565295804574158,0.005290466007174836,-0.005618670963901477
44,2,heldout,3,-1,-0.3490658503988659,1.0160439649989712,3,s,af3726fcacd0ac1320a56ea850b0a2c0f5430cf4eb20a45c078706980f08407e,d24fbe3839599a6a097188bae8cd47ce8083f27deef1341ae3086bf0d5a45bd1,87f63c0590d05baea263cdc42c6e1df2d063fa2def309ecb0283f3036bf33d46,87f63c0590d05baea263cdc42c6e1df2d063fa2def309ecb0283f3036bf33d46,1787977909.035479,36492.907,18246511,0,0.9584569931030273,1.0416193008422852,1.4044017791748047,-0.00019073486328125,-0.00324249267578125,0.00476837158203125,-0.0073261260986328125,-0.0024423599243164062,-0.1929178237915039,-0.05128288269042969,0.0073261260986328125,-0.0073261260986328125,-0.07570171356201172,-0.8683757781982422,5.094017028808594,-1.584859848022461,0.10988998413085938,-0.11477375030517578,0.0,-1.1890435536142383,6.450956031349282,-1.565665190127524,0.005285158014186371,-0.0056194330425685095
44,2,heldout,3,-1,-0.3490658503988659,1.017907389003085,3,s,af3726fcacd0ac1320a56ea850b0a2c0f5430cf4eb20a45c078706980f08407e,d24fbe3839599a6a097188bae8cd47ce8083f27deef1341ae3086bf0d5a45bd1,87f63c0590d05baea263cdc42c6e1df2d063fa2def309ecb0283f3036bf33d46,87f63c0590d05baea263cdc42c6e1df2d063fa2def309ecb0283f3036bf33d46,1787977909.037354,36492.909,18246512,0,0.9584569931030273,1.0416193008422852,1.4036388397216797,-0.00019073486328125,-0.00324249267578125,0.00476837158203125,-0.0073261260986328125,-0.0024423599243164062,-0.1929178237915039,-0.03663063049316406,-0.0073261260986328125,-0.0073261260986328125,-0.08058643341064453,-0.8683757781982422,5.094017028808594,-1.5750913619995117,0.10988998413085938,-0.10988998413085938,0.0,-1.1928943743173739,6.4548068520524176,-1.5664032776777301,0.005274539721706858,-0.005620954746586425
44,2,heldout,3,-1,-0.3490658503988659,1.0197779779991833,3,s,af3726fcacd0ac1320a56ea850b0a2c0f5430cf4eb20a45c078706980f08407e,d24fbe3839599a6a097188bae8cd47ce8083f27deef1341ae3086bf0d5a45bd1,87f63c0590d05baea263cdc42c6e1df2d063fa2def309ecb0283f3036bf33d46,87f63c0590d05baea263cdc42c6e1df2d063fa2def309ecb0283f3036bf33d46,1787977909.0393002,36492.911,18246513,0,0.9584569931030273,1.0416193008422852,1.4028759002685547,-0.00019073486328125,-0.00324249267578125,0.00476837158203125,0.0073261260986328125,-0.0024423599243164062,-0.1929178237915039,-0.03663063049316406,-0.0073261260986328125,-0.0073261260986328125,-0.07570171356201172,-0.8683757781982422,5.162391662597656,-1.5750913619995117,0.10988998413085938,-0.10988998413085938,0.0,-1.196741437828607,6.458653915563651,-1.567140453461272,0.005263918359041298,-0.005622473178778221
44,2,heldout,3,-1,-0.3490658503988659,1.0217369780002628,3,s,af3726fcacd0ac1320a56ea850b0a2c0f5430cf4eb20a45c078706980f08407e,d24fbe3839599a6a097188bae8cd47ce8083f27deef1341ae3086bf0d5a45bd1,87f63c0590d05baea263cdc42c6e1df2d063fa2def309ecb0283f3036bf33d46,87f63c0590d05baea263cdc42c6e1df2d063fa2def309ecb0283f3036bf33d46,1787977909.0418422,36492.913,18246514,0,0.9584569931030273,1.0416193008422852,1.4021129608154297,-0.00019073486328125,-0.00324249267578125,0.00476837158203125,-0.021978378295898438,-0.0024423599243164062,-0.19780254364013672,-0.03663063049316406,-0.0073261260986328125,-0.0073261260986328125,-0.08058643341064453,-0.8683757781982422,5.052989959716797,-1.5702075958251953,0.10988998413085938,-0.10988998413085938,0.0,-1.2005847419086542,6.462497219643699,-1.5678767170490582,0.005253293932372135,-0.005623988338260054
44,2,heldout,3,-1,-0.3490658503988659,1.0242776140003116,3,s,af3726fcacd0ac1320a56ea850b0a2c0f5430cf4eb20a45c078706980f08407e,d24fbe3839599a6a097188bae8cd47ce8083f27deef1341ae3086bf0d5a45bd1,87f63c0590d05baea263cdc42c6e1df2d063fa2def309ecb0283f3036bf33d46,87f63c0590d05baea263cdc42c6e1df2d063fa2def309ecb0283f3036bf33d46,1787977909.0437942,36492.915,18246515,0,0.9584569931030273,1.0416193008422852,1.4013500213623047,-0.00019073486328125,-0.00324249267578125,0.00476837158203125,-0.0073261260986328125,-0.0024423599243164062,-0.1929178237915039,-0.0073261260986328125,-0.0073261260986328125,-0.0073261260986328125,-0.08058643341064453,-0.8683757781982422,5.080341339111328,-1.5702075958251953,0.10988998413085938,-0.10988998413085938,0.0,-1.2044242843204134,6.466336762055457,-1.5686120680125244,0.005242666447883601,-0.005625500224149981
44,2,heldout,3,-1,-0.3490658503988659,1.0262306400036323,3,s,af3726fcacd0ac1320a56ea850b0a2c0f5430cf4eb20a45c078706980f08407e,d24fbe3839599a6a097188bae8cd47ce8083f27deef1341ae3086bf0d5a45bd1,87f63c0590d05baea263cdc42c6e1df2d063fa2def309ecb0283f3036bf33d46,87f63c0590d05baea263cdc42c6e1df2d063fa2def309ecb0283f3036bf33d46,1787977909.0457392,36492.917,18246516,0,0.9584569931030273,1.0416193008422852,1.4005870819091797,-0.00019073486328125,-0.00324249267578125,0.00476837158203125,-0.0073261260986328125,-0.0024423599243164062,-0.1831502914428711,-0.0073261260986328125,0.0073261260986328125,-0.0073261260986328125,-0.08058643341064453,-0.8957271575927734,5.025642395019531,-1.5750913619995117,0.10988998413085938,-0.10988998413085938,0.0,-1.2082600628289781,6.470172540564023,-1.5693465059236418,0.00523203591176171,-0.0056270088355679735
44,2,heldout,3,-1,-0.3490658503988659,1.0281707260000985,3,s,af3726fcacd0ac1320a56ea850b0a2c0f5430cf4eb20a45c078706980f08407e,d24fbe3839599a6a097188bae8cd47ce8083f27deef1341ae3086bf0d5a45bd1,87f63c0590d05baea263cdc42c6e1df2d063fa2def309ecb0283f3036bf33d46,87f63c0590d05baea263cdc42c6e1df2d063fa2def309ecb0283f3036bf33d46,1787977909.0476887,36492.919,18246517,0,0.9584569931030273,1.0416193008422852,1.3998241424560547,0.00019073486328125,-0.00324249267578125,0.00476837158203125,-0.0073261260986328125,-0.0024423599243164062,-0.17338180541992188,0.0073261260986328125,-0.021978378295898438,-0.0073261260986328125,-0.08058643341064453,-0.8957271575927734,5.052989959716797,-1.5799751281738281,0.10988998413085938,-0.10988998413085938,0.0,-1.2124584947288777,6.474370972463921,-1.570446449882153,0.005216084399302584,-0.005629265611139698
44,2,heldout,3,-1,-0.3490658503988659,1.0301247220049845,3,s,af3726fcacd0ac1320a56ea850b0a2c0f5430cf4eb20a45c078706980f08407e,d24fbe3839599a6a097188bae8cd47ce8083f27deef1341ae3086bf0d5a45bd1,87f63c0590d05baea263cdc42c6e1df2d063fa2def309ecb0283f3036bf33d46,87f63c0590d05baea263cdc42c6e1df2d063fa2def309ecb0283f3036bf33d46,1787977909.049623,36492.920999999995,18246518,0,0.9584569931030273,1.0416193008422852,1.3990612030029297,0.00019073486328125,-0.00362396240234375,0.00476837158203125,-0.0073261260986328125,-0.0024423599243164062,-0.16849803924560547,0.0073261260986328125,-0.021978378295898438,-0.0073261260986328125,-0.07570171356201172,-0.8957271575927734,5.052989959716797,-1.5897436141967773,0.10988998413085938,-0.10988998413085938,0.0,-1.2162809052241097,6.478193382959153,-1.5711732268956167,0.005316154626875245,-0.00563605801510259
44,2,heldout,3,-1,-0.3490658503988659,1.0320541270048125,3,s,af3726fcacd0ac1320a56ea850b0a2c0f5430cf4eb20a45c078706980f08407e,d24fbe3839599a6a097188bae8cd47ce8083f27deef1341ae3086bf0d5a45bd1,87f63c0590d05baea263cdc42c6e1df2d063fa2def309ecb0283f3036bf33d46,87f63c0590d05baea263cdc42c6e1df2d063fa2def309ecb0283f3036bf33d46,1787977909.0515049,36492.922999999995,18246519,0,0.9584569931030273,1.0416193008422852,1.3986797332763672,0.00019073486328125,-0.00324249267578125,0.00476837158203125,0.0073261260986328125,-0.0024423599243164062,-0.16849803924560547,0.021978378295898438,-0.0073261260986328125,-0.0073261260986328125,-0.07570171356201172,-0.8957271575927734,4.998291015625,-1.5995111465454102,0.10988998413085938,-0.10988998413085938,0.0,-1.2181987611544272,6.480111238889471,-1.5715443370705646,0.005200126055482584,-0.005631515014218593
44,2,heldout,3,-1,-0.3490658503988659,1.0339564780006185,3,s,af3726fcacd0ac1320a56ea850b0a2c0f5430cf4eb20a45c078706980f08407e,d24fbe3839599a6a097188bae8cd47ce8083f27deef1341ae3086bf0d5a45bd1,87f63c0590d05baea263cdc42c6e1df2d063fa2def309ecb0283f3036bf33d46,87f63c0590d05baea263cdc42c6e1df2d063fa2def309ecb0283f3036bf33d46,1787977909.053447,36492.924999999996,18246520,0,0.9584569931030273,1.0416193008422852,1.3979167938232422,0.00019073486328125,-0.00324249267578125,0.00476837158203125,-0.0073261260986328125,-0.0024423599243164062,-0.1782665252685547,0.03663063049316406,-0.0073261260986328125,-0.0073261260986328125,-0.07570171356201172,-0.8957271575927734,5.121368408203125,-1.6141633987426758,0.10988998413085938,-0.10988998413085938,0.0,-1.2220208910007764,6.48393336873582,-1.5722751185026118,0.0051894833747228196,-0.00563301051898663
44,2,heldout,3,-1,-0.3490658503988659,1.035881399999198,3,s,af3726fcacd0ac1320a56ea850b0a2c0f5430cf4eb20a45c078706980f08407e,d24fbe3839599a6a097188bae8cd47ce8083f27deef1341ae3086bf0d5a45bd1,87f63c0590d05baea263cdc42c6e1df2d063fa2def309ecb0283f3036bf33d46,87f63c0590d05baea263cdc42c6e1df2d063fa2def309ecb0283f3036bf33d46,1787977909.0553844,36492.926999999996,18246521,0,0.9584569931030273,1.0416193008422852,1.3971538543701172,0.00019073486328125,-0.00324249267578125,0.00476837158203125,-0.0073261260986328125,-0.0024423599243164062,-0.1831502914428711,0.03663063049316406,-0.0073261260986328125,-0.0073261260986328125,-0.08058643341064453,-0.9094009399414062,5.135044097900391,-1.6288156509399414,0.11477375030517578,-0.10988998413085938,0.0,-1.2258392467013643,6.487751724436408,-1.5730049847501337,0.005178837673286311,-0.005634502744911169
44,2,heldout,3,-1,-0.3490658503988659,1.0378167210001266,3,s,af3726fcacd0ac1320a56ea850b0a2c0f5430cf4eb20a45c078706980f08407e,d24fbe3839599a6a097188bae8cd47ce8083f27deef1341ae3086bf0d5a45bd1,87f63c0590d05baea263cdc42c6e1df2d063fa2def309ecb0283f3036bf33d46,87f63c0590d05baea263cdc42c6e1df2d063fa2def309ecb0283f3036bf33d46,1787977909.0574217,36492.929,18246522,0,0.9584569931030273,1.0416193008422852,1.3963909149169922,0.00057220458984375,-0.00324249267578125,0.00476837158203125,-0.0073261260986328125,-0.0024423599243164062,-0.1831502914428711,0.03663063049316406,-0.0073261260986328125,-0.0073261260986328125,-0.07570171356201172,-0.9230766296386719,5.230770111083984,-1.6483516693115234,0.11477375030517578,-0.10988998413085938,0.0,-1.230017957866559,6.4919304356016045,-1.574098067221245,0.00516286347091824,-0.005636734934066891
44,2,heldout,3,-1,-0.3490658503988659,1.0398522250034148,3,s,af3726fcacd0ac1320a56ea850b0a2c0f5430cf4eb20a45c078706980f08407e,d24fbe3839599a6a097188bae8cd47ce8083f27deef1341ae3086bf0d5a45bd1,87f63c0590d05baea263cdc42c6e1df2d063fa2def309ecb0283f3036bf33d46,87f63c0590d05baea263cdc42c6e1df2d063fa2def309ecb0283f3036bf33d46,1787977909.059302,36492.931,18246523,0,0.9584569931030273,1.0416193008422852,1.3956279754638672,0.00057220458984375,-0.00324249267578125,0.00476837158203125,0.0073261260986328125,-0.0024423599243164062,-0.1880340576171875,0.03663063049316406,-0.021978378295898438,-0.0073261260986328125,-0.07570171356201172,-0.9230766296386719,5.230770111083984,-1.6581192016601562,0.11477375030517578,-0.10988998413085938,0.0,-1.2338283004343045,6.495740778169348,-1.5748256436499537,0.005152210244903905,-0.005638218959086766
44,2,heldout,3,-1,-0.3490658503988659,1.0417272810009308,3,s,af3726fcacd0ac1320a56ea850b0a2c0f5430cf4eb20a45c078706980f08407e,d24fbe3839599a6a097188bae8cd47ce8083f27deef1341ae3086bf0d5a45bd1,87f63c0590d05baea263cdc42c6e1df2d063fa2def309ecb0283f3036bf33d46,87f63c0590d05baea263cdc42c6e1df2d063fa2def309ecb0283f3036bf33d46,1787977909.0617847,36492.933,18246524,0,0.9584569931030273,1.0416193008422852,1.3948650360107422,0.00057220458984375,-0.00324249267578125,0.00476837158203125,0.0073261260986328125,-0.0024423599243164062,-0.1831502914428711,0.03663063049316406,-0.0073261260986328125,-0.0073261260986328125,-0.07570171356201172,-0.9094009399414062,5.162391662597656,-1.6678876876831055,0.11477375030517578,-0.10988998413085938,0.0,-1.2376348619834627,6.499547339718507,-1.5755523034095356,0.00514155401990865,-0.005639699702231427
44,2,heldout,3,-1,-0.3490658503988659,1.0442186490035965,3,s,af3726fcacd0ac1320a56ea850b0a2c0f5430cf4eb20a45c078706980f08407e,d24fbe3839599a6a097188bae8cd47ce8083f27deef1341ae3086bf0d5a45bd1,87f63c0590d05baea263cdc42c6e1df2d063fa2def309ecb0283f3036bf33d46,87f63c0590d05baea263cdc42c6e1df2d063fa2def309ecb0283f3036bf33d46,1787977909.0637152,36492.935,18246525,0,0.9584569931030273,1.0416193008422852,1.3941020965576172,0.00057220458984375,-0.00324249267578125,0.00476837158203125,-0.0073261260986328125,-0.0024423599243164062,-0.1782665252685547,0.03663063049316406,0.0073261260986328125,-0.0073261260986328125,-0.07570171356201172,-0.9230766296386719,5.176067352294922,-1.6727714538574219,0.11477375030517578,-0.10988998413085938,0.0,-1.2414376402983298,6.503350118033374,-1.5762780460770205,0.005130894802135209,-0.005641177162638968
44,2,heldout,3,-1,-0.3490658503988659,1.0461483790058992,3,s,af3726fcacd0ac1320a56ea850b0a2c0f5430cf4eb20a45c078706980f08407e,d24fbe3839599a6a097188bae8cd47ce8083f27deef1341ae3086bf0d5a45bd1,87f63c0590d05baea263cdc42c6e1df2d063fa2def309ecb0283f3036bf33d46,87f63c0590d05baea263cdc42c6e1df2d063fa2def309ecb0283f3036bf33d46,1787977909.0656242,36492.937,18246526,0,0.9584569931030273,1.0416193008422852,1.3933391571044922,0.00057220458984375,-0.00324249267578125,0.00476837158203125,-0.0073261260986328125,-0.0024423599243164062,-0.1782665252685547,0.021978378295898438,-0.021978378295898438,-0.0073261260986328125,-0.07570171356201172,-0.9230766296386719,5.148719787597656,-1.6727714538574219,0.10988998413085938,-0.10988998413085938,0.0,-1.245236633165399,6.507149110900443,-1.5770028712299693,0.005120232597788065,-0.005642651339449397
44,2,heldout,3,-1,-0.3490658503988659,1.048054607002996,3,s,af3726fcacd0ac1320a56ea850b0a2c0f5430cf4eb20a45c078706980f08407e,d24fbe3839599a6a097188bae8cd47ce8083f27deef1341ae3086bf0d5a45bd1,87f63c0590d05baea263cdc42c6e1df2d063fa2def309ecb0283f3036bf33d46,87f63c0590d05baea263cdc42c6e1df2d063fa2def309ecb0283f3036bf33d46,1787977909.0675151,36492.939,18246527,0,0.9584569931030273,1.0416193008422852,1.3925762176513672,0.00057220458984375,-0.00324249267578125,0.00476837158203125,-0.03663063049316406,-0.0024423599243164062,-0.1831502914428711,0.0073261260986328125,-0.0073261260986328125,-0.0073261260986328125,-0.07570171356201172,-0.9230766296386719,5.176067352294922,-1.6727714538574219,0.10988998413085938,-0.10988998413085938,0.0,-1.2490318383733592,6.510944316108405,-1.577726778446479,0.005109567413073437,-0.0056441222318046255
44,2,heldout,3,-1,-0.3490658503988659,1.0499473640011274,3,s,af3726fcacd0ac1320a56ea850b0a2c0f5430cf4eb20a45c078706980f08407e,d24fbe3839599a6a097188bae8cd47ce8083f27deef1341ae3086bf0d5a45bd1,87f63c0590d05baea263cdc42c6e1df2d063fa2def309ecb0283f3036bf33d46,87f63c0590d05baea263cdc42c6e1df2d063fa2def309ecb0283f3036bf33d46,1787977909.0694146,36492.941,18246528,0,0.9584569931030273,1.0416193008422852,1.3918132781982422,0.00057220458984375,-0.00324249267578125,0.00476837158203125,-0.0073261260986328125,-0.0024423599243164062,-0.1929178237915039,-0.0073261260986328125,-0.0073261260986328125,-0.0073261260986328125,-0.07570171356201172,-0.9367523193359375,5.217094421386719,-1.6678876876831055,0.11477375030517578,-0.10988998413085938,0.0,-1.2528232537131152,6.514735731448159,-1.57844976730518,0.005098899254199278,-0.0056455898388484815
44,2,heldout,3,-1,-0.3490658503988659,1.0518415740007185,3,s,af3726fcacd0ac1320a56ea850b0a2c0f5430cf4eb20a45c078706980f08407e,d24fbe3839599a6a097188bae8cd47ce8083f27deef1341ae3086bf0d5a45bd1,87f63c0590d05baea263cdc42c6e1df2d063fa2def309ecb0283f3036bf33d46,87f63c0590d05baea263cdc42c6e1df2d063fa2def309ecb0283f3036bf33d46,1787977909.0713487,36492.943,18246529,0,0.9584569931030273,1.0416193008422852,1.3910503387451172,0.00057220458984375,-0.00362396240234375,0.00476837158203125,-0.021978378295898438,-0.0024423599243164062,-0.19780254364013672,-0.03663063049316406,-0.021978378295898438,-0.0073261260986328125,-0.07570171356201172,-0.9230766296386719,5.230770111083984,-1.663003921508789,0.11477375030517578,-0.10988998413085938,0.0,-1.2566054839276215,6.518517961662667,-1.5791664443350921,0.005196443521798806,-0.0056522269754993556
44,2,heldout,3,-1,-0.3490658503988659,1.0538013160039554,3,s,af3726fcacd0ac1320a56ea850b0a2c0f5430cf4eb20a45c078706980f08407e,d24fbe3839599a6a097188bae8cd47ce8083f27deef1341ae3086bf0d5a45bd1,87f63c0590d05baea263cdc42c6e1df2d063fa2def309ecb0283f3036bf33d46,87f63c0590d05baea263cdc42c6e1df2d063fa2def309ecb0283f3036bf33d46,1787977909.0733676,36492.945,18246530,0,0.9584569931030273,1.0416193008422852,1.3902873992919922,0.00057220458984375,-0.00324249267578125,0.00476837158203125,-0.0073261260986328125,-0.0024423599243164062,-0.20268630981445312,-0.021978378295898438,-0.0073261260986328125,-0.0073261260986328125,-0.08058643341064453,-0.9367523193359375,5.299144744873047,-1.6483516693115234,0.11477375030517578,-0.10988998413085938,0.0,-1.260394705962637,6.522307183697681,-1.5798929882663497,0.005077554038812845,-0.005648515193586956
44,2,heldout,3,-1,-0.3490658503988659,1.0558047610029462,3,s,af3726fcacd0ac1320a56ea850b0a2c0f5430cf4eb20a45c078706980f08407e,d24fbe3839599a6a097188bae8cd47ce8083f27deef1341ae3086bf0d5a45bd1,87f63c0590d05baea263cdc42c6e1df2d063fa2def309ecb0283f3036bf33d46,87f63c0590d05baea263cdc42c6e1df2d063fa2def309ecb0283f3036bf33d46,1787977909.0753038,36492.947,18246531,0,0.9584569931030273,1.0416193008422852,1.3895244598388672,0.00057220458984375,-0.00324249267578125,0.00476837158203125,0.0073261260986328125,-0.0024423599243164062,-0.20757007598876953,-0.03663063049316406,-0.0073261260986328125,-0.0073261260986328125,-0.08058643341064453,-0.9367523193359375,5.258121490478516,-1.6385831832885742,0.11477375030517578,-0.10988998413085938,0.0,-1.2641747384652384,6.526087216200282,-1.580613219528754,0.0050668769947251144,-0.005649972939578795
44,2,heldout,3,-1,-0.3490658503988659,1.057736824004678,3,s,af3726fcacd0ac1320a56ea850b0a2c0f5430cf4eb20a45c078706980f08407e,d24fbe3839599a6a097188bae8cd47ce8083f27deef1341ae3086bf0d5a45bd1,87f63c0590d05baea263cdc42c6e1df2d063fa2def309ecb0283f3036bf33d46,87f63c0590d05baea263cdc42c6e1df2d063fa2def309ecb0283f3036bf33d46,1787977909.0772753,36492.949,18246532,0,0.9584569931030273,1.0416193008422852,1.3887615203857422,0.00057220458984375,-0.00324249267578125,0.00476837158203125,-0.0073261260986328125,-0.0024423599243164062,-0.19780254364013672,-0.021978378295898438,-0.0073261260986328125,-0.0073261260986328125,-0.08058643341064453,-0.9504280090332031,5.176067352294922,-1.623931884765625,0.10988998413085938,-0.10988998413085938,0.0,-1.2679509722853077,6.529863450020352,-1.5813325307532202,0.005056197001326952,-0.0056514273968537015
44,2,heldout,3,-1,-0.3490658503988659,1.059712316004152,3,s,af3726fcacd0ac1320a56ea850b0a2c0f5430cf4eb20a45c078706980f08407e,d24fbe3839599a6a097188bae8cd47ce8083f27deef1341ae3086bf0d5a45bd1,87f63c0590d05baea263cdc42c6e1df2d063fa2def309ecb0283f3036bf33d46,87f63c0590d05baea263cdc42c6e1df2d063fa2def309ecb0283f3036bf33d46,1787977909.0797977,36492.951,18246533,0,0.9584569931030273,1.0416193008422852,1.3879985809326172,0.00019073486328125,-0.00324249267578125,0.00476837158203125,-0.0073261260986328125,-0.0024423599243164062,-0.1880340576171875,-0.03663063049316406,-0.0073261260986328125,-0.0073261260986328125,-0.08058643341064453,-0.9504280090332031,5.121368408203125,-1.6190471649169922,0.10988998413085938,-0.10988998413085938,0.0,-1.271364324924098,6.533276802659142,-1.5816918412203633,0.005050855900579068,-0.005652153391957668
44,2,heldout,3,-1,-0.3490658503988659,1.062232557000243,3,s,af3726fcacd0ac1320a56ea850b0a2c0f5430cf4eb20a45c078706980f08407e,d24fbe3839599a6a097188bae8cd47ce8083f27deef1341ae3086bf0d5a45bd1,87f63c0590d05baea263cdc42c6e1df2d063fa2def309ecb0283f3036bf33d46,87f63c0590d05baea263cdc42c6e1df2d063fa2def309ecb0283f3036bf33d46,1787977909.0817702,36492.953,18246534,0,0.9584569931030273,1.0416193008422852,1.3876171112060547,0.00019073486328125,-0.00324249267578125,0.00476837158203125,-0.0073261260986328125,-0.0024423599243164062,-0.1782665252685547,-0.03663063049316406,0.0073261260986328125,-0.0073261260986328125,-0.08058643341064453,-0.9641017913818359,5.0666656494140625,-1.6092796325683594,0.10988998413085938,-0.10988998413085938,0.0,-1.2732493455960348,6.535161823331079,-1.5820509215210539,0.005045514064834923,-0.005652878564565073
44,2,heldout,3,-1,-0.3490658503988659,1.0642126340026152,3,s,af3726fcacd0ac1320a56ea850b0a2c0f5430cf4eb20a45c078706980f08407e,d24fbe3839599a6a097188bae8cd47ce8083f27deef1341ae3086bf0d5a45bd1,87f63c0590d05baea263cdc42c6e1df2d063fa2def309ecb0283f3036bf33d46,87f63c0590d05baea263cdc42c6e1df2d063fa2def309ecb0283f3036bf33d46,1787977909.0837572,36492.955,18246535,0,0.9584569931030273,1.0416193008422852,1.3868541717529297,0.00019073486328125,-0.00324249267578125,0.00476837158203125,-0.0073261260986328125,-0.0024423599243164062,-0.17338180541992188,-0.03663063049316406,-0.0073261260986328125,-0.0073261260986328125,-0.08058643341064453,-0.9641017913818359,5.0666656494140625,-1.6092796325683594,0.10988998413085938,-0.10988998413085938,0.0,-1.2770165336921457,6.538929011427189,-1.5827683914140953,0.005034828191467319,-0.005654326441868216
44,2,heldout,3,-1,-0.3490658503988659,1.0661963550010114,3,s,af3726fcacd0ac1320a56ea850b0a2c0f5430cf4eb20a45c078706980f08407e,d24fbe3839599a6a097188bae8cd47ce8083f27deef1341ae3086bf0d5a45bd1,87f63c0590d05baea263cdc42c6e1df2d063fa2def309ecb0283f3036bf33d46,87f63c0590d05baea263cdc42c6e1df2d063fa2def309ecb0283f3036bf33d46,1787977909.0857344,36492.956999999995,18246536,0,0.9584569931030273,1.0416193008422852,1.3860912322998047,0.00019073486328125,-0.00324249267578125,0.00476837158203125,0.0073261260986328125,-0.0024423599243164062,-0.1782665252685547,-0.0073261260986328125,-0.0073261260986328125,-0.0073261260986328125,-0.08058643341064453,-0.9641017913818359,5.1897430419921875,-1.6092796325683594,0.10988998413085938,-0.11477375030517578,0.0,-1.280779915630816,6.542692393365861,-1.5834849400147235,0.00502413938744414,-0.005655771027920357
44,2,heldout,3,-1,-0.3490658503988659,1.0681712639998295,3,s,af3726fcacd0ac1320a56ea850b0a2c0f5430cf4eb20a45c078706980f08407e,d24fbe3839599a6a097188bae8cd47ce8083f27deef1341ae3086bf0d5a45bd1,87f63c0590d05baea263cdc42c6e1df2d063fa2def309ecb0283f3036bf33d46,87f63c0590d05baea263cdc42c6e1df2d063fa2def309ecb0283f3036bf33d46,1787977909.087833,36492.958999999995,18246537,0,0.9584569931030273,1.0416193008422852,1.3853282928466797,0.00019073486328125,-0.00324249267578125,0.00476837158203125,0.0073261260986328125,-0.0024423599243164062,-0.1831502914428711,-0.0073261260986328125,-0.0073261260986328125,-0.0073261260986328125,-0.07570171356201172,-0.9641017913818359,5.24444580078125,-1.6141633987426758,0.10988998413085938,-0.10988998413085938,0.0,-1.2845394892214705,6.546451966956514,-1.5842005669058523,0.005013447658987081,-0.005657212321880636
44,2,heldout,3,-1,-0.3490658503988659,1.070276215999911,3,s,af3726fcacd0ac1320a56ea850b0a2c0f5430cf4eb20a45c078706980f08407e,d24fbe3839599a6a097188bae8cd47ce8083f27deef1341ae3086bf0d5a45bd1,87f63c0590d05baea263cdc42c6e1df2d063fa2def309ecb0283f3036bf33d46,87f63c0590d05baea263cdc42c6e1df2d063fa2def309ecb0283f3036bf33d46,1787977909.0898485,36492.960999999996,18246538,0,0.9584569931030273,1.0416193008422852,1.3845653533935547,0.00057220458984375,-0.00324249267578125,0.00476837158203125,-0.0073261260986328125,-0.0024423599243164062,-0.1880340576171875,0.021978378295898438,-0.0073261260986328125,-0.0073261260986328125,-0.07570171356201172,-0.9777774810791016,5.24444580078125,-1.6190471649169922,0.10988998413085938,-0.11477375030517578,0.0,-1.2886522587309917,6.550564736466035,-1.5852722781261774,0.0049974045966021344,-0.005659368088314148
44,2,heldout,3,-1,-0.3490658503988659,1.0722827230056282,3,s,af3726fcacd0ac1320a56ea850b0a2c0f5430cf4eb20a45c078706980f08407e,d24fbe3839599a6a097188bae8cd47ce8083f27deef1341ae3086bf0d5a45bd1,87f63c0590d05baea263cdc42c6e1df2d063fa2def309ecb0283f3036bf33d46,87f63c0590d05baea263cdc42c6e1df2d063fa2def309ecb0283f3036bf33d46,1787977909.0917656,36492.962999999996,18246539,0,0.9584569931030273,1.0416193008422852,1.3838024139404297,0.00057220458984375,-0.00324249267578125,0.00476837158203125,-0.0073261260986328125,-0.0024423599243164062,-0.1782665252685547,0.0073261260986328125,-0.0073261260986328125,-0.0073261260986328125,-0.07570171356201172,-0.9777774810791016,5.176067352294922,-1.623931884765625,0.10988998413085938,-0.11477375030517578,0.0,-1.2924037476358765,6.554316225370922,-1.5859855989223262,0.004986705584291498,-0.005660801148378586
44,2,heldout,3,-1,-0.3490658503988659,1.0742138179994072,3,s,af3726fcacd0ac1320a56ea850b0a2c0f5430cf4eb20a45c078706980f08407e,d24fbe3839599a6a097188bae8cd47ce8083f27deef1341ae3086bf0d5a45bd1,87f63c0590d05baea263cdc42c6e1df2d063fa2def309ecb0283f3036bf33d46,87f63c0590d05baea263cdc42c6e1df2d063fa2def309ecb0283f3036bf33d46,1787977909.0937335,36492.965,18246540,0,0.9584569931030273,1.0416193008422852,1.3830394744873047,0.00057220458984375,-0.00362396240234375,0.00476837158203125,-0.0073261260986328125,-0.0024423599243164062,-0.17338180541992188,0.0073261260986328125,-0.0073261260986328125,-0.0073261260986328125,-0.07570171356201172,-0.9641017913818359,5.176067352294922,-1.6385831832885742,0.10988998413085938,-0.11477375030517578,0.0,-1.2961460128353788,6.558058490570424,-1.5866925879619942,0.005081832296954857,-0.0056672896390977156
44,2,heldout,3,-1,-0.3490658503988659,1.0761642530051176,3,s,af3726fcacd0ac1320a56ea850b0a2c0f5430cf4eb20a45c078706980f08407e,d24fbe3839599a6a097188bae8cd47ce8083f27deef1341ae3086bf0d5a45bd1,87f63c0590d05baea263cdc42c6e1df2d063fa2def309ecb0283f3036bf33d46,87f63c0590d05baea263cdc42c6e1df2d063fa2def309ecb0283f3036bf33d46,1787977909.095658,36492.967,18246541,0,0.9584569931030273,1.0416193008422852,1.3826580047607422,0.00057220458984375,-0.00324249267578125,0.00476837158203125,-0.0073261260986328125,-0.0024423599243164062,-0.16849803924560547,0.0073261260986328125,-0.021978378295898438,-0.0073261260986328125,-0.07570171356201172,-0.9777774810791016,5.1897430419921875,-1.643467903137207,0.10988998413085938,-0.11477375030517578,0.0,-1.2980238269727127,6.559936304707757,-1.5870538490524282,0.004970651625313632,-0.005662944560053013
44,2,heldout,3,-1,-0.3490658503988659,1.0780887490036548,3,s,af3726fcacd0ac1320a56ea850b0a2c0f5430cf4eb20a45c078706980f08407e,d24fbe3839599a6a097188bae8cd47ce8083f27deef1341ae3086bf0d5a45bd1,87f63c0590d05baea263cdc42c6e1df2d063fa2def309ecb0283f3036bf33d46,87f63c0590d05baea263cdc42c6e1df2d063fa2def309ecb0283f3036bf33d46,1787977909.0975523,36492.969,18246542,0,0.9584569931030273,1.0416193008422852,1.3818950653076172,0.00057220458984375,-0.00362396240234375,0.00476837158203125,-0.0073261260986328125,-0.0024423599243164062,-0.15873050689697266,0.021978378295898438,-0.021978378295898438,-0.0073261260986328125,-0.07570171356201172,-0.9914531707763672,5.135044097900391,-1.6483516693115234,0.10988998413085938,-0.11477375030517578,0.0,-1.3017603632198864,6.56367284095493,-1.5877594503752759,0.005065432471026024,-0.005669411781425203
44,2,heldout,3,-1,-0.3490658503988659,1.0799840899999253,3,s,af3726fcacd0ac1320a56ea850b0a2c0f5430cf4eb20a45c078706980f08407e,d24fbe3839599a6a097188bae8cd47ce8083f27deef1341ae3086bf0d5a45bd1,87f63c0590d05baea263cdc42c6e1df2d063fa2def309ecb0283f3036bf33d46,87f63c0590d05baea263cdc42c6e1df2d063fa2def309ecb0283f3036bf33d46,1787977909.099466,36492.971,18246543,0,0.9584569931030273,1.0416193008422852,1.3811321258544922,0.00057220458984375,-0.00362396240234375,0.00476837158203125,-0.021978378295898438,-0.0024423599243164062,-0.15384578704833984,0.0073261260986328125,0.0073261260986328125,-0.0073261260986328125,-0.07570171356201172,-0.9914531707763672,5.135044097900391,-1.6581192016601562,0.11477375030517578,-0.10988998413085938,0.0,-1.3054984882296279,6.567410965964672,-1.588469536823348,0.005054495566827159,-0.005670822418108494
44,2,heldout,3,-1,-0.3490658503988659,1.0818978090028395,3,s,af3726fcacd0ac1320a56ea850b0a2c0f5430cf4eb20a45c078706980f08407e,d24fbe3839599a6a097188bae8cd47ce8083f27deef1341ae3086bf0d5a45bd1,87f63c0590d05baea263cdc42c6e1df2d063fa2def309ecb0283f3036bf33d46,87f63c0590d05baea263cdc42c6e1df2d063fa2def309ecb0283f3036bf33d46,1787977909.1013615,36492.973,18246544,0,0.9584569931030273,1.0416193008422852,1.3807506561279297,0.00057220458984375,-0.00324249267578125,0.00476837158203125,-0.0073261260986328125,-0.0024423599243164062,-0.16361427307128906,0.0073261260986328125,0.0073261260986328125,-0.0073261260986328125,-0.07570171356201172,-0.9914531707763672,5.217094421386719,-1.663003921508789,0.11477375030517578,-0.10988998413085938,0.0,-1.3073715303124174,6.569284008047461,-1.5888296463121605,0.004943880570905341,-0.005666500430125828
44,2,heldout,3,-1,-0.3490658503988659,1.0837911230046302,3,s,af3726fcacd0ac1320a56ea850b0a2c0f5430cf4eb20a45c078706980f08407e,d24fbe3839599a6a097188bae8cd47ce8083f27deef1341ae3086bf0d5a45bd1,87f63c0590d05baea263cdc42c6e1df2d063fa2def309ecb0283f3036bf33d46,87f63c0590d05baea263cdc42c6e1df2d063fa2def309ecb0283f3036bf33d46,1787977909.1040268,36492.975,18246545,0,0.9584569931030273,1.0416193008422852,1.3799877166748047,0.00095367431640625,-0.00324249267578125,0.00476837158203125,-0.0073261260986328125,-0.0024423599243164062,-0.16849803924560547,0.03663063049316406,-0.0073261260986328125,-0.0073261260986328125,-0.07570171356201172,-1.0051288604736328,5.176067352294922,-1.6727714538574219,0.11477375030517578,-0.10988998413085938,0.0,-1.311457925333403,6.573370403068447,-1.5898923506197082,0.0049278092988754175,-0.005668624057985248
44,2,heldout,3,-1,-0.3490658503988659,1.086458643003425,3,s,af3726fcacd0ac1320a56ea850b0a2c0f5430cf4eb20a45c078706980f08407e,d24fbe3839599a6a097188bae8cd47ce8083f27deef1341ae3086bf0d5a45bd1,87f63c0590d05baea263cdc42c6e1df2d063fa2def309ecb0283f3036bf33d46,87f63c0590d05baea263cdc42c6e1df2d063fa2def309ecb0283f3036bf33d46,1787977909.1053584,36492.977,18246546,0,0.9584569931030273,1.0416193008422852,1.3792247772216797,0.00095367431640625,-0.00324249267578125,0.00476837158203125,-0.0073261260986328125,0.0024423599243164062,-0.1782665252685547,0.0073261260986328125,-0.0073261260986328125,-0.0073261260986328125,-0.08058643341064453,-1.0051288604736328,5.271793365478516,-1.682539939880371,0.1196584701538086,-0.11477375030517578,0.0,-1.3151860281063272,6.577098505841373,-1.5905996634450643,0.004917091530769758,-0.005670035685596419
44,2,heldout,3,-1,-0.3490658503988659,1.0877854520003893,3,s,af3726fcacd0ac1320a56ea850b0a2c0f5430cf4eb20a45c078706980f08407e,d24fbe3839599a6a097188bae8cd47ce8083f27deef1341ae3086bf0d5a45bd1,87f63c0590d05baea263cdc42c6e1df2d063fa2def309ecb0283f3036bf33d46,87f63c0590d05baea263cdc42c6e1df2d063fa2def309ecb0283f3036bf33d46,1787977909.1072369,36492.979,18246547,0,0.9584569931030273,1.0416193008422852,1.3784618377685547,0.00095367431640625,-0.00324249267578125,0.00476837158203125,-0.021978378295898438,0.0024423599243164062,-0.1782665252685547,0.0073261260986328125,-0.0073261260986328125,-0.0073261260986328125,-0.08058643341064453,-1.0188026428222656,5.258121490478516,-1.6874237060546875,0.11477375030517578,-0.10988998413085938,0.0,-1.3189103025042468,6.5808227802392905,-1.591306050419607,0.0049063709005402675,-0.005671444012812606
44,2,heldout,3,-1,-0.3490658503988659,1.0896630679999362,3,s,af3726fcacd0ac1320a56ea850b0a2c0f5430cf4eb20a45c078706980f08407e,d24fbe3839599a6a097188bae8cd47ce8083f27deef1341ae3086bf0d5a45bd1,87f63c0590d05baea263cdc42c6e1df2d063fa2def309ecb0283f3036bf33d46,87f63c0590d05baea263cdc42c6e1df2d063fa2def309ecb0283f3036bf33d46,1787977909.1096904,36492.981,18246548,0,0.9584569931030273,1.0416193008422852,1.3776988983154297,0.00095367431640625,-0.00324249267578125,0.00476837158203125,-0.0073261260986328125,0.0024423599243164062,-0.1782665252685547,0.021978378295898438,0.0073261260986328125,-0.0073261260986328125,-0.08058643341064453,-1.0188026428222656,5.217094421386719,-1.6874237060546875,0.11477375030517578,-0.11477375030517578,0.0,-1.3226307463593385,6.584543224094382,-1.5920115111321647,0.004895647414427185,-0.005672849038814053
44,2,heldout,3,-1,-0.3490658503988659,1.0921153200033586,3,s,af3726fcacd0ac1320a56ea850b0a2c0f5430cf4eb20a45c078706980f08407e,d24fbe3839599a6a097188bae8cd47ce8083f27deef1341ae3086bf0d5a45bd1,87f63c0590d05baea263cdc42c6e1df2d063fa2def309ecb0283f3036bf33d46,87f63c0590d05baea263cdc42c6e1df2d063fa2def309ecb0283f3036bf33d46,1787977909.1115863,36492.983,18246549,0,0.9584569931030273,1.0416193008422852,1.3769359588623047,0.00095367431640625,-0.00324249267578125,0.00476837158203125,-0.021978378295898438,-0.0024423599243164062,-0.17338180541992188,0.021978378295898438,-0.0073261260986328125,-0.0073261260986328125,-0.07570171356201172,-1.0188026428222656,5.285469055175781,-1.692307472229004,0.11477375030517578,-0.11477375030517578,0.0,-1.3263473575060245,6.588259835241068,-1.5927160451721052,0.00488492107867239,-0.005674250762782929
44,2,heldout,3,-1,-0.3490658503988659,1.0940302870003507,3,s,af3726fcacd0ac1320a56ea850b0a2c0f5430cf4eb20a45c078706980f08407e,d24fbe3839599a6a097188bae8cd47ce8083f27deef1341ae3086bf0d5a45bd1,87f63c0590d05baea263cdc42c6e1df2d063fa2def309ecb0283f3036bf33d46,87f63c0590d05baea263cdc42c6e1df2d063fa2def309ecb0283f3036bf33d46,1787977909.1134956,36492.985,18246550,0,0.9584569931030273,1.0416193008422852,1.3765544891357422,0.00095367431640625,-0.00324249267578125,0.00476837158203125,0.0073261260986328125,-0.0024423599243164062,-0.17338180541992188,0.0073261260986328125,0.0073261260986328125,-0.0073261260986328125,-0.07570171356201172,-1.0188026428222656,5.176067352294922,-1.692307472229004,0.11477375030517578,-0.11477375030517578,0.0,-1.3282042251375823,6.590116702872626,-1.5930679645616699,0.004879556844130396,-0.005674950386250106
44,2,heldout,3,-1,-0.3490658503988659,1.0959243739998783,3,s,af3726fcacd0ac1320a56ea850b0a2c0f5430cf4eb20a45c078706980f08407e,d24fbe3839599a6a097188bae8cd47ce8083f27deef1341ae3086bf0d5a45bd1,87f63c0590d05baea263cdc42c6e1df2d063fa2def309ecb0283f3036bf33d46,87f63c0590d05baea263cdc42c6e1df2d063fa2def309ecb0283f3036bf33d46,1787977909.115379,36492.987,18246551,0,0.9584569931030273,1.0416193008422852,1.3757915496826172,0.00095367431640625,-0.00324249267578125,0.00476837158203125,0.0073261260986328125,-0.0024423599243164062,-0.16849803924560547,-0.021978378295898438,-0.0073261260986328125,-0.0073261260986328125,-0.07570171356201172,-1.0188026428222656,5.176067352294922,-1.6874237060546875,0.11477375030517578,-0.10988998413085938,0.0,-1.3319150831660704,6.593827560901114,-1.5937711078239294,0.0048688262456202105,-0.005676347155640892
44,2,heldout,3,-1,-0.3490658503988659,1.0978074700033176,3,s,af3726fcacd0ac1320a56ea850b0a2c0f5430cf4eb20a45c078706980f08407e,d24fbe3839599a6a097188bae8cd47ce8083f27deef1341ae3086bf0d5a45bd1,87f63c0590d05baea263cdc42c6e1df2d063fa2def309ecb0283f3036bf33d46,87f63c0590d05baea263cdc42c6e1df2d063fa2def309ecb0283f3036bf33d46,1787977909.117307,36492.989,18246552,0,0.9584569931030273,1.0416193008422852,1.3750286102294922,0.00057220458984375,-0.00324249267578125,0.00476837158203125,-0.0073261260986328125,-0.0024423599243164062,-0.16849803924560547,-0.03663063049316406,-0.0073261260986328125,-0.0073261260986328125,-0.08058643341064453,-1.0188026428222656,5.271793365478516,-1.6776552200317383,0.10988998413085938,-0.10988998413085938,0.0,-1.3352711112869105,6.597183589021954,-1.5941223315943045,0.004863459883213528,-0.005677044301361243
44,2,heldout,3,-1,-0.3490658503988659,1.099742859005346,3,s,af3726fcacd0ac1320a56ea850b0a2c0f5430cf4eb20a45c078706980f08407e,d24fbe3839599a6a097188bae8cd47ce8083f27deef1341ae3086bf0d5a45bd1,87f63c0590d05baea263cdc42c6e1df2d063fa2def309ecb0283f3036bf33d46,87f63c0590d05baea263cdc42c6e1df2d063fa2def309ecb0283f3036bf33d46,1787977909.1193006,36492.991,18246553,0,0.9584569931030273,1.0416193008422852,1.3742656707763672,0.00057220458984375,-0.00324249267578125,0.00476837158203125,0.0073261260986328125,-0.0024423599243164062,-0.17338180541992188,-0.03663063049316406,-0.0073261260986328125,-0.0073261260986328125,-0.08058643341064453,-1.0188026428222656,5.285469055175781,-1.6678876876831055,0.10988998413085938,-0.11477375030517578,0.0,-1.3389747550362734,6.600887232771317,-1.5948240831579954,0.0048527250360015164,-0.005678436114344628
44,2,heldout,3,-1,-0.3490658503988659,1.1017343150015222,3,s,af3726fcacd0ac1320a56ea850b0a2c0f5430cf4eb20a45c078706980f08407e,d24fbe3839599a6a097188bae8cd47ce8083f27deef1341ae3086bf0d5a45bd1,87f63c0590d05baea263cdc42c6e1df2d063fa2def309ecb0283f3036bf33d46,87f63c0590d05baea263cdc42c6e1df2d063fa2def309ecb0283f3036bf33d46,1787977909.1217365,36492.992999999995,18246554,0,0.9584569931030273,1.0416193008422852,1.3735027313232422,0.00057220458984375,-0.00324249267578125,0.00476837158203125,-0.0073261260986328125,-0.0024423599243164062,-0.1782665252685547,-0.021978378295898438,0.0073261260986328125,-0.0073261260986328125,-0.08058643341064453,-1.0188026428222656,5.340171813964844,-1.6581192016601562,0.10988998413085938,-0.10988998413085938,0.0,-1.3426745565637694,6.604587034298813,-1.5955249064119381,0.00484198736413191,-0.005679824622043334
44,2,heldout,3,-1,-0.3490658503988659,1.1041595290007535,3,s,af3726fcacd0ac1320a56ea850b0a2c0f5430cf4eb20a45c078706980f08407e,d24fbe3839599a6a097188bae8cd47ce8083f27deef1341ae3086bf0d5a45bd1,87f63c0590d05baea263cdc42c6e1df2d063fa2def309ecb0283f3036bf33d46,87f63c0590d05baea263cdc42c6e1df2d063fa2def309ecb0283f3036bf33d46,1787977909.1236196,36492.994999999995,18246555,0,0.9584569931030273,1.0416193008422852,1.3727397918701172,0.00057220458984375,-0.00324249267578125,0.00476837158203125,-0.0073261260986328125,-0.0024423599243164062,-0.1831502914428711,-0.03663063049316406,-0.021978378295898438,-0.0073261260986328125,-0.08058643341064453,-1.0188026428222656,5.367523193359375,-1.6483516693115234,0.10988998413085938,-0.10988998413085938,0.0,-1.3463705137158217,6.608282991450865,-1.5962248009481972,0.004831246873854856,-0.005681209823649142
44,2,heldout,3,-1,-0.3490658503988659,1.1060453850004706,3,s,af3726fcacd0ac1320a56ea850b0a2c0f5430cf4eb20a45c078706980f08407e,d24fbe3839599a6a097188bae8cd47ce8083f27deef1341ae3086bf0d5a45bd1,87f63c0590d05baea263cdc42c6e1df2d063fa2def309ecb0283f3036bf33d46,87f63c0590d05baea263cdc42c6e1df2d063fa2def309ecb0283f3036bf33d46,1787977909.1254823,36492.996999999996,18246556,0,0.9584569931030273,1.0416193008422852,1.3723583221435547,0.00057220458984375,-0.00362396240234375,0.00476837158203125,-0.0073261260986328125,-0.0024423599243164062,-0.1831502914428711,-0.03663063049316406,-0.0073261260986328125,-0.0073261260986328125,-0.08058643341064453,-1.0324783325195312,5.340171813964844,-1.6385831832885742,0.10988998413085938,-0.10988998413085938,0.0,-1.3482116212056767,6.610124098940722,-1.5965689710468616,0.004928511307775307,-0.005686807286236845
44,2,heldout,3,-1,-0.3490658503988659,1.1079059490002692,3,s,af3726fcacd0ac1320a56ea850b0a2c0f5430cf4eb20a45c078706980f08407e,d24fbe3839599a6a097188bae8cd47ce8083f27deef1341ae3086bf0d5a45bd1,87f63c0590d05baea263cdc42c6e1df2d063fa2def309ecb0283f3036bf33d46,87f63c0590d05baea263cdc42c6e1df2d063fa2def309ecb0283f3036bf33d46,1787977909.1273966,36492.998999999996,18246557,0,0.9584569931030273,1.0416193008422852,1.3715953826904297,0.00057220458984375,-0.00324249267578125,0.00476837158203125,-0.0073261260986328125,-0.0024423599243164062,-0.1831502914428711,-0.03663063049316406,-0.0073261260986328125,-0.0073261260986328125,-0.08058643341064453,-1.0461540222167969,5.3128204345703125,-1.6336994171142578,0.10988998413085938,-0.10988998413085938,0.0,-1.3519072365345335,6.613819714269577,-1.59727290051591,0.0048151308676015366,-0.005683281425370438
44,2,heldout,3,-1,-0.3490658503988659,1.1098292610040517,3,s,af3726fcacd0ac1320a56ea850b0a2c0f5430cf4eb20a45c078706980f08407e,d24fbe3839599a6a097188bae8cd47ce8083f27deef1341ae3086bf0d5a45bd1,87f63c0590d05baea263cdc42c6e1df2d063fa2def309ecb0283f3036bf33d46,87f63c0590d05baea263cdc42c6e1df2d063fa2def309ecb0283f3036bf33d46,1787977909.1293051,36493.001,18246558,0,0.9584569931030273,1.0416193008422852,1.3708324432373047,0.00019073486328125,-0.00324249267578125,0.00476837158203125,-0.0073261260986328125,-0.0024423599243164062,-0.17338180541992188,-0.03663063049316406,-0.0073261260986328125,-0.0073261260986328125,-0.08058643341064453,-1.0324783325195312,5.230770111083984,-1.623931884765625,0.10988998413085938,-0.10988998413085938,0.0,-1.3552449041026526,6.617157381837696,-1.5976218022386417,0.004809757463087183,-0.005683970305358825
44,2,heldout,3,-1,-0.3490658503988659,1.111734427002375,3,s,af3726fcacd0ac1320a56ea850b0a2c0f5430cf4eb20a45c078706980f08407e,d24fbe3839599a6a097188bae8cd47ce8083f27deef1341ae3086bf0d5a45bd1,87f63c0590d05baea263cdc42c6e1df2d063fa2def309ecb0283f3036bf33d46,87f63c0590d05baea263cdc42c6e1df2d063fa2def309ecb0283f3036bf33d46,1787977909.131764,36493.003,18246559,0,0.9584569931030273,1.0416193008422852,1.3700695037841797,0.00057220458984375,-0.00324249267578125,0.00476837158203125,-0.0073261260986328125,-0.0024423599243164062,-0.16849803924560547,-0.021978378295898438,0.0073261260986328125,-0.0073261260986328125,-0.08058643341064453,-1.0324783325195312,5.217094421386719,-1.623931884765625,0.10988998413085938,-0.10988998413085938,0.0,-1.3592760582518078,6.621188535986851,-1.5986671122965141,0.004793633053201439,-0.00568603198216443
44,2,heldout,3,-1,-0.3490658503988659,1.114223882999795,3,s,af3726fcacd0ac1320a56ea850b0a2c0f5430cf4eb20a45c078706980f08407e,d24fbe3839599a6a097188bae8cd47ce8083f27deef1341ae3086bf0d5a45bd1,87f63c0590d05baea263cdc42c6e1df2d063fa2def309ecb0283f3036bf33d46,87f63c0590d05baea263cdc42c6e1df2d063fa2def309ecb0283f3036bf33d46,1787977909.1337593,36493.005,18246560,0,0.9584569931030273,1.0416193008422852,1.3696880340576172,0.00057220458984375,-0.00324249267578125,0.00476837158203125,-0.0073261260986328125,-0.0024423599243164062,-0.17338180541992188,-0.021978378295898438,-0.0073261260986328125,-0.0073261260986328125,-0.08058643341064453,-1.0324783325195312,5.1897430419921875,-1.623931884765625,0.10988998413085938,-0.10988998413085938,0.0,-1.3611158555766365,6.623028333311681,-1.599015083776683,0.004788256853732424,-0.005686717553046429
44,2,heldout,3,-1,-0.3490658503988659,1.116194207999797,3,s,af3726fcacd0ac1320a56ea850b0a2c0f5430cf4eb20a45c078706980f08407e,d24fbe3839599a6a097188bae8cd47ce8083f27deef1341ae3086bf0d5a45bd1,87f63c0590d05baea263cdc42c6e1df2d063fa2def309ecb0283f3036bf33d46,87f63c0590d05baea263cdc42c6e1df2d063fa2def309ecb0283f3036bf33d46,1787977909.1357214,36493.007,18246561,0,0.9584569931030273,1.0416193008422852,1.3689250946044922,0.00057220458984375,-0.00324249267578125,0.00476837158203125,0.0073261260986328125,-0.0024423599243164062,-0.16849803924560547,-0.021978378295898438,-0.0073261260986328125,-0.0073261260986328125,-0.08058643341064453,-1.0461540222167969,5.121368408203125,-1.623931884765625,0.10988998413085938,-0.10988998413085938,0.0,-1.3647925586263425,6.626705036361387,-1.599710328624468,0.00477750236522762,-0.005688086212131863
44,2,heldout,3,-1,-0.3490658503988659,1.1181585119993542,3,s,af3726fcacd0ac1320a56ea850b0a2c0f5430cf4eb20a45c078706980f08407e,d24fbe3839599a6a097188bae8cd47ce8083f27deef1341ae3086bf0d5a45bd1,87f63c0590d05baea263cdc42c6e1df2d063fa2def309ecb0283f3036bf33d46,87f63c0590d05baea263cdc42c6e1df2d063fa2def309ecb0283f3036bf33d46,1787977909.1376262,36493.009,18246562,0,0.9584569931030273,1.0416193008422852,1.3681621551513672,0.00057220458984375,-0.00324249267578125,0.00476837158203125,-0.021978378295898438,-0.0024423599243164062,-0.16849803924560547,0.0073261260986328125,0.0073261260986328125,-0.0073261260986328125,-0.08058643341064453,-1.0324783325195312,5.1897430419921875,-1.6288156509399414,0.10988998413085938,-0.10988998413085938,0.0,-1.3684654044262392,6.630377882161284,-1.600404642318335,0.004766745095850572,-0.00568945156031552
44,2,heldout,3,-1,-0.3490658503988659,1.1200584030011669,3,s,af3726fcacd0ac1320a56ea850b0a2c0f5430cf4eb20a45c078706980f08407e,d24fbe3839599a6a097188bae8cd47ce8083f27deef1341ae3086bf0d5a45bd1,87f63c0590d05baea263cdc42c6e1df2d063fa2def309ecb0283f3036bf33d46,87f63c0590d05baea263cdc42c6e1df2d063fa2def309ecb0283f3036bf33d46,1787977909.139587,36493.011,18246563,0,0.9584569931030273,1.0416193008422852,1.3673992156982422,0.00057220458984375,-0.00324249267578125,0.00476837158203125,-0.0073261260986328125,-0.0024423599243164062,-0.16361427307128906,0.0073261260986328125,-0.0073261260986328125,-0.0073261260986328125,-0.08058643341064453,-1.0461540222167969,5.203418731689453,-1.6385831832885742,0.10988998413085938,-0.10988998413085938,0.0,-1.3721343908384447,6.634046868573488,-1.6010980244541386,0.004755985051862843,-0.005690813596802666
44,2,heldout,3,-1,-0.3490658503988659,1.1220207560036215,3,s,af3726fcacd0ac1320a56ea850b0a2c0f5430cf4eb20a45c078706980f08407e,d24fbe3839599a6a097188bae8cd47ce8083f27deef1341ae3086bf0d5a45bd1,87f63c0590d05baea263cdc42c6e1df2d063fa2def309ecb0283f3036bf33d46,87f63c0590d05baea263cdc42c6e1df2d063fa2def309ecb0283f3036bf33d46,1787977909.1415458,36493.013,18246564,0,0.9584569931030273,1.0416193008422852,1.3670177459716797,0.00057220458984375,-0.00324249267578125,0.00476837158203125,0.0073261260986328125,-0.0024423599243164062,-0.16361427307128906,0.021978378295898438,-0.0073261260986328125,-0.0073261260986328125,-0.08058643341064453,-1.0461540222167969,5.176067352294922,-1.6483516693115234,0.10988998413085938,-0.10988998413085938,0.0,-1.3739674361066947,6.63587991384174,-1.6014443660616218,0.004750603991347144,-0.005691493372912222
44,2,heldout,3,-1,-0.3490658503988659,1.1239936310012126,3,s,af3726fcacd0ac1320a56ea850b0a2c0f5430cf4eb20a45c078706980f08407e,d24fbe3839599a6a097188bae8cd47ce8083f27deef1341ae3086bf0d5a45bd1,87f63c0590d05baea263cdc42c6e1df2d063fa2def309ecb0283f3036bf33d46,87f63c0590d05baea263cdc42c6e1df2d063fa2def309ecb0283f3036bf33d46,1787977909.1435394,36493.015,18246565,0,0.9584569931030273,1.0416193008422852,1.3662548065185547,0.00057220458984375,-0.00324249267578125,0.00476837158203125,-0.021978378295898438,-0.0024423599243164062,-0.15873050689697266,0.021978378295898438,-0.0073261260986328125,-0.0073261260986328125,-0.08058643341064453,-1.0598297119140625,5.203418731689453,-1.6581192016601562,0.11477375030517578,-0.10988998413085938,0.0,-1.3776306294337624,6.639543107168806,-1.6021363501037478,0.0047398397971873275,-0.005692850440368683
44,2,heldout,3,-1,-0.3490658503988659,1.12598232000164,3,s,af3726fcacd0ac1320a56ea850b0a2c0f5430cf4eb20a45c078706980f08407e,d24fbe3839599a6a097188bae8cd47ce8083f27deef1341ae3086bf0d5a45bd1,87f63c0590d05baea263cdc42c6e1df2d063fa2def309ecb0283f3036bf33d46,87f63c0590d05baea263cdc42c6e1df2d063fa2def309ecb0283f3036bf33d46,1787977909.1455088,36493.017,18246566,0,0.9584569931030273,1.0416193008422852,1.3654918670654297,0.00057220458984375,-0.00324249267578125,0.00476837158203125,-0.0073261260986328125,-0.0024423599243164062,-0.15873050689697266,0.021978378295898438,-0.0073261260986328125,-0.0073261260986328125,-0.08058643341064453,-1.0598297119140625,5.271793365478516,-1.6678876876831055,0.11477375030517578,-0.10988998413085938,0.0,-1.3812899580382827,6.643202435773327,-1.6028274015798276,0.004729072844077765,-0.00569420419415023
44,2,heldout,3,-1,-0.3490658503988659,1.1279489720036509,3,s,af3726fcacd0ac1320a56ea850b0a2c0f5430cf4eb20a45c078706980f08407e,d24fbe3839599a6a097188bae8cd47ce8083f27deef1341ae3086bf0d5a45bd1,87f63c0590d05baea263cdc42c6e1df2d063fa2def309ecb0283f3036bf33d46,87f63c0590d05baea263cdc42c6e1df2d063fa2def309ecb0283f3036bf33d46,1787977909.1474612,36493.019,18246567,0,0.9584569931030273,1.0416193008422852,1.3651103973388672,0.00057220458984375,-0.00324249267578125,0.00476837158203125,-0.0073261260986328125,-0.0024423599243164062,-0.15873050689697266,0.021978378295898438,-0.0073261260986328125,-0.0073261260986328125,-0.08058643341064453,-1.0598297119140625,5.1897430419921875,-1.682539939880371,0.11477375030517578,-0.10988998413085938,0.0,-1.383118172403869,6.645030650138914,-1.603172577479876,0.004723688334875269,-0.005694879828166585
44,2,heldout,3,-1,-0.3490658503988659,1.1298979570055963,3,s,af3726fcacd0ac1320a56ea850b0a2c0f5430cf4eb20a45c078706980f08407e,d24fbe3839599a6a097188bae8cd47ce8083f27deef1341ae3086bf0d5a45bd1,87f63c0590d05baea263cdc42c6e1df2d063fa2def309ecb0283f3036bf33d46,87f63c0590d05baea263cdc42c6e1df2d063fa2def309ecb0283f3036bf33d46,1787977909.1494977,36493.021,18246568,0,0.9584569931030273,1.0416193008422852,1.3643474578857422,0.00095367431640625,-0.00362396240234375,0.00476837158203125,-0.0073261260986328125,-0.0024423599243164062,-0.15873050689697266,0.021978378295898438,-0.0073261260986328125,-0.0073261260986328125,-0.07570171356201172,-1.0598297119140625,5.217094421386719,-1.692307472229004,0.11477375030517578,-0.10988998413085938,0.0,-1.387110731608463,6.649023209343507,-1.6042012610298069,0.004807649485237826,-0.005701687547085226
44,2,heldout,3,-1,-0.3490658503988659,1.1319394590027514,3,s,af3726fcacd0ac1320a56ea850b0a2c0f5430cf4eb20a45c078706980f08407e,d24fbe3839599a6a097188bae8cd47ce8083f27deef1341ae3086bf0d5a45bd1,87f63c0590d05baea263cdc42c6e1df2d063fa2def309ecb0283f3036bf33d46,87f63c0590d05baea263cdc42c6e1df2d063fa2def309ecb0283f3036bf33d46,1787977909.1514587,36493.023,18246569,0,0.9584569931030273,1.0416193008422852,1.3635845184326172,0.00095367431640625,-0.00324249267578125,0.00476837158203125,-0.021978378295898438,-0.0024423599243164062,-0.16361427307128906,0.021978378295898438,-0.021978378295898438,-0.0073261260986328125,-0.07570171356201172,-1.0735034942626953,5.230770111083984,-1.6971912384033203,0.11477375030517578,-0.10988998413085938,0.0,-1.3907653663526474,6.65267784408769,-1.604894956592038,0.004696755493730545,-0.005698245565575106
44,2,heldout,3,-1,-0.3490658503988659,1.1339083540005959,3,s,af3726fcacd0ac1320a56ea850b0a2c0f5430cf4eb20a45c078706980f08407e,d24fbe3839599a6a097188bae8cd47ce8083f27deef1341ae3086bf0d5a45bd1,87f63c0590d05baea263cdc42c6e1df2d063fa2def309ecb0283f3036bf33d46,87f63c0590d05baea263cdc42c6e1df2d063fa2def309ecb0283f3036bf33d46,1787977909.1533985,36493.025,18246570,0,0.9584569931030273,1.0416193008422852,1.3628215789794922,0.00095367431640625,-0.00324249267578125,0.00476837158203125,0.0073261260986328125,-0.0024423599243164062,-0.16849803924560547,0.03663063049316406,-0.0073261260986328125,-0.0073261260986328125,-0.07570171356201172,-1.087179183959961,5.203418731689453,-1.7069597244262695,0.11477375030517578,-0.10988998413085938,0.0,-1.3944106845332596,6.656323162268305,-1.6055822737869048,0.004685977567509932,-0.005699586056796383
44,2,heldout,3,-1,-0.3490658503988659,1.1358339460057323,3,s,af3726fcacd0ac1320a56ea850b0a2c0f5430cf4eb20a45c078706980f08407e,d24fbe3839599a6a097188bae8cd47ce8083f27deef1341ae3086bf0d5a45bd1,87f63c0590d05baea263cdc42c6e1df2d063fa2def309ecb0283f3036bf33d46,87f63c0590d05baea263cdc42c6e1df2d063fa2def309ecb0283f3036bf33d46,1787977909.1559427,36493.027,18246571,0,0.9584569931030273,1.0416193008422852,1.3624401092529297,0.00095367431640625,-0.00324249267578125,0.00476837158203125,-0.021978378295898438,-0.0024423599243164062,-0.16849803924560547,0.021978378295898438,0.0073261260986328125,-0.0073261260986328125,-0.07570171356201172,-1.087179183959961,5.3128204345703125,-1.7069597244262695,0.11477375030517578,-0.10988998413085938,0.0,-1.3962318908224094,6.658144368557454,-1.6059255819448812,0.0046805875811582855,-0.0057002550583573775
44,2,heldout,3,-1,-0.3490658503988659,1.1383791830012342,3,s,af3726fcacd0ac1320a56ea850b0a2c0f5430cf4eb20a45c078706980f08407e,d24fbe3839599a6a097188bae8cd47ce8083f27deef1341ae3086bf0d5a45bd1,87f63c0590d05baea263cdc42c6e1df2d063fa2def309ecb0283f3036bf33d46,87f63c0590d05baea263cdc42c6e1df2d063fa2def309ecb0283f3036bf33d46,1787977909.1573584,36493.028999999995,18246572,0,0.9584569931030273,1.0416193008422852,1.3616771697998047,0.00095367431640625,-0.00324249267578125,0.00476837158203125,-0.0073261260986328125,-0.0024423599243164062,-0.16849803924560547,0.0073261260986328125,-0.0073261260986328125,-0.0073261260986328125,-0.07570171356201172,-1.087179183959961,5.3128204345703125,-1.7069597244262695,0.11477375030517578,-0.10988998413085938,0.0,-1.399871396473292,6.661783874208337,-1.6066114971321304,0.004669805565894058,-0.005701590572893307
44,2,heldout,3,-1,-0.3490658503988659,1.139802536003117,3,s,af3726fcacd0ac1320a56ea850b0a2c0f5430cf4eb20a45c078706980f08407e,d24fbe3839599a6a097188bae8cd47ce8083f27deef1341ae3086bf0d5a45bd1,87f63c0590d05baea263cdc42c6e1df2d063fa2def309ecb0283f3036bf33d46,87f63c0590d05baea263cdc42c6e1df2d063fa2def309ecb0283f3036bf33d46,1787977909.159351,36493.030999999995,18246573,0,0.9584569931030273,1.0416193008422852,1.3609142303466797,0.00095367431640625,-0.00324249267578125,0.00476837158203125,-0.0073261260986328125,-0.0024423599243164062,-0.16849803924560547,-0.021978378295898438,-0.0073261260986328125,-0.0073261260986328125,-0.07570171356201172,-1.087179183959961,5.299144744873047,-1.7020759582519531,0.11477375030517578,-0.10988998413085938,0.0,-1.4035070244557928,6.665419502190837,-1.6072964771484528,0.004659020832445373,-0.005702922768666892
44,2,heldout,3,-1,-0.3490658503988659,1.1417870560035226,3,s,af3726fcacd0ac1320a56ea850b0a2c0f5430cf4eb20a45c078706980f08407e,d24fbe3839599a6a097188bae8cd47ce8083f27deef1341ae3086bf0d5a45bd1,87f63c0590d05baea263cdc42c6e1df2d063fa2def309ecb0283f3036bf33d46,87f63c0590d05baea263cdc42c6e1df2d063fa2def309ecb0283f3036bf33d46,1787977909.161317,36493.032999999996,18246574,0,0.9584569931030273,1.0416193008422852,1.3605327606201172,0.00095367431640625,-0.00362396240234375,0.00476837158203125,0.0073261260986328125,-0.0024423599243164062,-0.16849803924560547,-0.021978378295898438,-0.021978378295898438,-0.0073261260986328125,-0.08058643341064453,-1.087179183959961,5.3128204345703125,-1.6971912384033203,0.11477375030517578,-0.11477375030517578,0.0,-1.4053179325808256,6.66723041031587,-1.6076331652637263,0.004752599844494006,-0.005708318611986989
44,2,heldout,3,-1,-0.3490658503988659,1.1437518500024453,3,s,af3726fcacd0ac1320a56ea850b0a2c0f5430cf4eb20a45c078706980f08407e,d24fbe3839599a6a097188bae8cd47ce8083f27deef1341ae3086bf0d5a45bd1,87f63c0590d05baea263cdc42c6e1df2d063fa2def309ecb0283f3036bf33d46,87f63c0590d05baea263cdc42c6e1df2d063fa2def309ecb0283f3036bf33d46,1787977909.1638606,36493.034999999996,18246575,0,0.9584569931030273,1.0416193008422852,1.3597698211669922,0.00057220458984375,-0.00324249267578125,0.00476837158203125,-0.021978378295898438,-0.0073261260986328125,-0.16849803924560547,-0.021978378295898438,-0.0073261260986328125,-0.0073261260986328125,-0.07570171356201172,-1.087179183959961,5.353847503662109,-1.6874237060546875,0.11477375030517578,-0.11477375030517578,0.0,-1.4086115199124518,6.6705239976474955,-1.6079805215951368,0.004648233387089771,-0.005704251644902692
44,2,heldout,3,-1,-0.3490658503988659,1.1463005629993859,3,s,af3726fcacd0ac1320a56ea850b0a2c0f5430cf4eb20a45c078706980f08407e,d24fbe3839599a6a097188bae8cd47ce8083f27deef1341ae3086bf0d5a45bd1,87f63c0590d05baea263cdc42c6e1df2d063fa2def309ecb0283f3036bf33d46,87f63c0590d05baea263cdc42c6e1df2d063fa2def309ecb0283f3036bf33d46,1787977909.1658225,36493.037,18246576,0,0.9584569931030273,1.0416193008422852,1.3590068817138672,0.00057220458984375,-0.00324249267578125,0.00476837158203125,-0.0073261260986328125,-0.0073261260986328125,-0.16849803924560547,-0.021978378295898438,-0.0073261260986328125,-0.0073261260986328125,-0.07570171356201172,-1.087179183959961,5.285469055175781,-1.6776552200317383,0.10988998413085938,-0.10988998413085938,0.0,-1.4122379126035542,6.674150390338598,-1.6086636300740171,0.00463744323610637,-0.005705577200827198
44,2,heldout,3,-1,-0.3490658503988659,1.1482626659999369,3,s,af3726fcacd0ac1320a56ea850b0a2c0f5430cf4eb20a45c078706980f08407e,d24fbe3839599a6a097188bae8cd47ce8083f27deef1341ae3086bf0d5a45bd1,87f63c0590d05baea263cdc42c6e1df2d063fa2def309ecb0283f3036bf33d46,87f63c0590d05baea263cdc42c6e1df2d063fa2def309ecb0283f3036bf33d46,1787977909.1678028,36493.039,18246577,0,0.9584569931030273,1.0416193008422852,1.3582439422607422,0.00057220458984375,-0.00324249267578125,0.00476837158203125,-0.021978378295898438,-0.0073261260986328125,-0.17338180541992188,-0.021978378295898438,-0.0073261260986328125,-0.0073261260986328125,-0.08058643341064453,-1.1145305633544922,5.285469055175781,-1.6678876876831055,0.10988998413085938,-0.10988998413085938,0.0,-1.4158604204280132,6.677772898163058,-1.6093458021874718,0.004626650385775867,-0.005706899435668834
44,2,heldout,3,-1,-0.3490658503988659,1.1502427410014207,3,s,af3726fcacd0ac1320a56ea850b0a2c0f5430cf4eb20a45c078706980f08407e,d24fbe3839599a6a097188bae8cd47ce8083f27deef1341ae3086bf0d5a45bd1,87f63c0590d05baea263cdc42c6e1df2d063fa2def309ecb0283f3036bf33d46,87f63c0590d05baea263cdc42c6e1df2d063fa2def309ecb0283f3036bf33d46,1787977909.1697698,36493.041,18246578,0,0.9584569931030273,1.0416193008422852,1.3574810028076172,0.00057220458984375,-0.00324249267578125,0.00476837158203125,-0.0073261260986328125,-0.0073261260986328125,-0.1782665252685547,-0.03663063049316406,-0.0073261260986328125,-0.0073261260986328125,-0.08058643341064453,-1.1145305633544922,5.326496124267578,-1.6581192016601562,0.10988998413085938,-0.10988998413085938,0.0,-1.4194790412772567,6.6813915190123,-1.6100270375384247,0.004615854842380527,-0.0057082183486579586
44,2,heldout,3,-1,-0.3490658503988659,1.1522084169992013,3,s,af3726fcacd0ac1320a56ea850b0a2c0f5430cf4eb20a45c078706980f08407e,d24fbe3839599a6a097188bae8cd47ce8083f27deef1341ae3086bf0d5a45bd1,87f63c0590d05baea263cdc42c6e1df2d063fa2def309ecb0283f3036bf33d46,87f63c0590d05baea263cdc42c6e1df2d063fa2def309ecb0283f3036bf33d46,1787977909.1717286,36493.043,18246579,0,0.9584569931030273,1.0416193008422852,1.3567180633544922,0.00057220458984375,-0.00324249267578125,0.00476837158203125,-0.0073261260986328125,-0.0073261260986328125,-0.1831502914428711,-0.05128288269042969,-0.0073261260986328125,-0.0073261260986328125,-0.07570171356201172,-1.1008548736572266,5.326496124267578,-1.6532354354858398,0.10988998413085938,-0.10988998413085938,0.0,-1.4230937730449695,6.685006250780013,-1.6107073357303436,0.004605056612204184,-0.005709533939026863
44,2,heldout,3,-1,-0.3490658503988659,1.15419030799967,3,s,af3726fcacd0ac1320a56ea850b0a2c0f5430cf4eb20a45c078706980f08407e,d24fbe3839599a6a097188bae8cd47ce8083f27deef1341ae3086bf0d5a45bd1,87f63c0590d05baea263cdc42c6e1df2d063fa2def309ecb0283f3036bf33d46,87f63c0590d05baea263cdc42c6e1df2d063fa2def309ecb0283f3036bf33d46,1787977909.1736875,36493.045,18246580,0,0.9584569931030273,1.0416193008422852,1.3563365936279297,0.00019073486328125,-0.00324249267578125,0.00476837158203125,0.0073261260986328125,-0.0073261260986328125,-0.1831502914428711,-0.0659332275390625,-0.0073261260986328125,-0.0073261260986328125,-0.07570171356201172,-1.1008548736572266,5.271793365478516,-1.6385831832885742,0.10988998413085938,-0.10988998413085938,0.0,-1.424559882328094,6.686472360063138,-1.6107073357303443,0.004605056612204181,-0.005709533939026866
44,2,heldout,3,-1,-0.3490658503988659,1.1561272719991393,3,s,af3726fcacd0ac1320a56ea850b0a2c0f5430cf4eb20a45c078706980f08407e,d24fbe3839599a6a097188bae8cd47ce8083f27deef1341ae3086bf0d5a45bd1,87f63c0590d05baea263cdc42c6e1df2d063fa2def309ecb0283f3036bf33d46,87f63c0590d05baea263cdc42c6e1df2d063fa2def309ecb0283f3036bf33d46,1787977909.175654,36493.047,18246581,0,0.9584569931030273,1.0416193008422852,1.3555736541748047,0.00019073486328125,-0.00324249267578125,0.00476837158203125,-0.0073261260986328125,-0.0073261260986328125,-0.16849803924560547,-0.05128288269042969,-0.0073261260986328125,-0.0073261260986328125,-0.07570171356201172,-1.1008548736572266,5.1897430419921875,-1.6288156509399414,0.10988998413085938,-0.10988998413085938,0.0,-1.4281692454549542,6.690081723189999,-1.6113866963672445,0.004594255701532228,-0.005710846206009776
44,2,heldout,3,-1,-0.3490658503988659,1.1580926890019327,3,s,af3726fcacd0ac1320a56ea850b0a2c0f5430cf4eb20a45c078706980f08407e,d24fbe3839599a6a097188bae8cd47ce8083f27deef1341ae3086bf0d5a45bd1,87f63c0590d05baea263cdc42c6e1df2d063fa2def309ecb0283f3036bf33d46,87f63c0590d05baea263cdc42c6e1df2d063fa2def309ecb0283f3036bf33d46,1787977909.1777825,36493.049,18246582,0,0.9584569931030273,1.0416193008422852,1.3548107147216797,0.00019073486328125,-0.00324249267578125,0.00476837158203125,-0.0073261260986328125,-0.0073261260986328125,-0.15873050689697266,-0.03663063049316406,0.0073261260986328125,-0.0073261260986328125,-0.07570171356201172,-1.1008548736572266,5.217094421386719,-1.6190471649169922,0.10988998413085938,-0.10988998413085938,0.0,-1.4317747144419228,6.693687192176968,-1.612065119053687,0.0045834521166516285,-0.0057121551488428565
44,2,heldout,3,-1,-0.3490658503988659,1.1602330520036048,3,s,af3726fcacd0ac1320a56ea850b0a2c0f5430cf4eb20a45c078706980f08407e,d24fbe3839599a6a097188bae8cd47ce8083f27deef1341ae3086bf0d5a45bd1,87f63c0590d05baea263cdc42c6e1df2d063fa2def309ecb0283f3036bf33d46,87f63c0590d05baea263cdc42c6e1df2d063fa2def309ecb0283f3036bf33d46,1787977909.1797657,36493.051,18246583,0,0.9584569931030273,1.0416193008422852,1.3544292449951172,0.00019073486328125,-0.00324249267578125,0.00476837158203125,-0.0073261260986328125,-0.0073261260986328125,-0.15384578704833984,-0.021978378295898438,-0.0073261260986328125,-0.0073261260986328125,-0.07570171356201172,-1.1145305633544922,5.203418731689453,-1.6190471649169922,0.10988998413085938,-0.10988998413085938,0.0,-1.4335759879770245,6.695488465712069,-1.61240397854206,0.0045780493233481805,-0.005712808373465035
44,2,heldout,3,-1,-0.3490658503988659,1.1622019930000533,3,s,af3726fcacd0ac1320a56ea850b0a2c0f5430cf4eb20a45c078706980f08407e,d24fbe3839599a6a097188bae8cd47ce8083f27deef1341ae3086bf0d5a45bd1,87f63c0590d05baea263cdc42c6e1df2d063fa2def309ecb0283f3036bf33d46,87f63c0590d05baea263cdc42c6e1df2d063fa2def309ecb0283f3036bf33d46,1787977909.1816728,36493.053,18246584,0,0.9584569931030273,1.0416193008422852,1.3536663055419922,0.00019073486328125,-0.00324249267578125,0.00476837158203125,-0.0073261260986328125,-0.0024423599243164062,-0.15384578704833984,-0.0073261260986328125,-0.021978378295898438,-0.0073261260986328125,-0.07570171356201172,-1.1008548736572266,5.1897430419921875,-1.6190471649169922,0.10988998413085938,-0.10988998413085938,0.0,-1.4371756118198715,6.699088089554915,-1.6130809935625576,0.00456724173894605,-0.005714112328645397
44,2,heldout,3,-1,-0.3490658503988659,1.1641008750011679,3,s,af3726fcacd0ac1320a56ea850b0a2c0f5430cf4eb20a45c078706980f08407e,d24fbe3839599a6a097188bae8cd47ce8083f27deef1341ae3086bf0d5a45bd1,87f63c0590d05baea263cdc42c6e1df2d063fa2def309ecb0283f3036bf33d46,87f63c0590d05baea263cdc42c6e1df2d063fa2def309ecb0283f3036bf33d46,1787977909.1835673,36493.055,18246585,0,0.9584569931030273,1.0416193008422852,1.3529033660888672,0.00019073486328125,-0.00324249267578125,0.00476837158203125,-0.0073261260986328125,-0.0073261260986328125,-0.15384578704833984,-0.021978378295898438,0.0073261260986328125,-0.0073261260986328125,-0.08058643341064453,-1.1008548736572266,5.217094421386719,-1.623931884765625,0.10988998413085938,-0.10988998413085938,0.0,-1.4407713362804286,6.702683814015472,-1.6137570696463868,0.004556431496059463,-0.00571541295777479
44,2,heldout,3,-1,-0.3490658503988659,1.1659946180006955,3,s,af3726fcacd0ac1320a56ea850b0a2c0f5430cf4eb20a45c078706980f08407e,d24fbe3839599a6a097188bae8cd47ce8083f27deef1341ae3086bf0d5a45bd1,87f63c0590d05baea263cdc42c6e1df2d063fa2def309ecb0283f3036bf33d46,87f63c0590d05baea263cdc42c6e1df2d063fa2def309ecb0283f3036bf33d46,1787977909.1854548,36493.057,18246586,0,0.9584569931030273,1.0416193008422852,1.3525218963623047,0.00019073486328125,-0.00324249267578125,0.00476837158203125,-0.0073261260986328125,-0.0024423599243164062,-0.15873050689697266,0.021978378295898438,-0.0073261260986328125,-0.0073261260986328125,-0.08058643341064453,-1.128204345703125,5.3128204345703125,-1.6336994171142578,0.10988998413085938,-0.10988998413085938,0.0,-1.4425677355882018,6.704480213323247,-1.614094755464052,0.004551025379650812,-0.005716062024833718
44,2,heldout,3,-1,-0.3490658503988659,1.167882109999482,3,s,af3726fcacd0ac1320a56ea850b0a2c0f5430cf4eb20a45c078706980f08407e,d24fbe3839599a6a097188bae8cd47ce8083f27deef1341ae3086bf0d5a45bd1,87f63c0590d05baea263cdc42c6e1df2d063fa2def309ecb0283f3036bf33d46,87f63c0590d05baea263cdc42c6e1df2d063fa2def309ecb0283f3036bf33d46,1787977909.1873534,36493.059,18246587,0,0.9584569931030273,1.0416193008422852,1.3517589569091797,0.00057220458984375,-0.00324249267578125,0.00476837158203125,-0.0073261260986328125,-0.0024423599243164062,-0.15873050689697266,0.021978378295898438,-0.021978378295898438,-0.0073261260986328125,-0.07570171356201172,-1.1418800354003906,5.299144744873047,-1.643467903137207,0.10988998413085938,-0.11477375030517578,0.0,-1.446494588076971,6.708407065812015,-1.6151064034304707,0.004534803060004029,-0.00571800423485435
44,2,heldout,3,-1,-0.3490658503988659,1.169791587999498,3,s,af3726fcacd0ac1320a56ea850b0a2c0f5430cf4eb20a45c078706980f08407e,d24fbe3839599a6a097188bae8cd47ce8083f27deef1341ae3086bf0d5a45bd1,87f63c0590d05baea263cdc42c6e1df2d063fa2def309ecb0283f3036bf33d46,87f63c0590d05baea263cdc42c6e1df2d063fa2def309ecb0283f3036bf33d46,1787977909.1893017,36493.061,18246588,0,0.9584569931030273,1.0416193008422852,1.3509960174560547,0.00057220458984375,-0.00324249267578125,0.00476837158203125,-0.0073261260986328125,-0.0024423599243164062,-0.15873050689697266,0.021978378295898438,-0.0073261260986328125,-0.0073261260986328125,-0.07570171356201172,-1.1418800354003906,5.3128204345703125,-1.6532354354858398,0.10988998413085938,-0.10988998413085938,0.0,-1.4500800848231248,6.71199256255817,-1.6157796603453112,0.004523984879424583,-0.005719294881296196
44,2,heldout,3,-1,-0.3490658503988659,1.1717289770022035,3,s,af3726fcacd0ac1320a56ea850b0a2c0f5430cf4eb20a45c078706980f08407e,d24fbe3839599a6a097188bae8cd47ce8083f27deef1341ae3086bf0d5a45bd1,87f63c0590d05baea263cdc42c6e1df2d063fa2def309ecb0283f3036bf33d46,87f63c0590d05baea263cdc42c6e1df2d063fa2def309ecb0283f3036bf33d46,1787977909.1917775,36493.063,18246589,0,0.9584569931030273,1.0416193008422852,1.3506145477294922,0.00057220458984375,-0.00324249267578125,0.00476837158203125,-0.0073261260986328125,-0.0024423599243164062,-0.15873050689697266,0.0073261260986328125,-0.0073261260986328125,-0.0073261260986328125,-0.07570171356201172,-1.1418800354003906,5.271793365478516,-1.663003921508789,0.10988998413085938,-0.10988998413085938,0.0,-1.4518713682414197,6.713783845976465,-1.6161159361368889,0.004518574801251618,-0.00571993895616364
44,2,heldout,3,-1,-0.3490658503988659,1.1742211220043828,3,s,af3726fcacd0ac1320a56ea850b0a2c0f5430cf4eb20a45c078706980f08407e,d24fbe3839599a6a097188bae8cd47ce8083f27deef1341ae3086bf0d5a45bd1,87f63c0590d05baea263cdc42c6e1df2d063fa2def309ecb0283f3036bf33d46,87f63c0590d05baea263cdc42c6e1df2d063fa2def309ecb0283f3036bf33d46,1787977909.1937618,36493.064999999995,18246590,0,0.9584569931030273,1.0416193008422852,1.3498516082763672,0.00057220458984375,-0.00324249267578125,0.00476837158203125,-0.0073261260986328125,-0.0024423599243164062,-0.15384578704833984,0.0073261260986328125,-0.0073261260986328125,-0.0073261260986328125,-0.07570171356201172,-1.1555557250976562,5.1897430419921875,-1.6727714538574219,0.10988998413085938,-0.11477375030517578,0.0,-1.4554510038651265,6.717363481600171,-1.616787782143692,0.004507752673075554,-0.005721224608722954
44,2,heldout,3,-1,-0.3490658503988659,1.1762001440001768,3,s,af3726fcacd0ac1320a56ea850b0a2c0f5430cf4eb20a45c078706980f08407e,d24fbe3839599a6a097188bae8cd47ce8083f27deef1341ae3086bf0d5a45bd1,87f63c0590d05baea263cdc42c6e1df2d063fa2def309ecb0283f3036bf33d46,87f63c0590d05baea263cdc42c6e1df2d063fa2def309ecb0283f3036bf33d46,1787977909.1957014,36493.066999999995,18246591,0,0.9584569931030273,1.0416193008422852,1.3494701385498047,0.00057220458984375,-0.00324249267578125,0.00476837158203125,-0.0073261260986328125,-0.0073261260986328125,-0.14896202087402344,0.0073261260986328125,-0.021978378295898438,-0.0073261260986328125,-0.07570171356201172,-1.1555557250976562,5.176067352294922,-1.6776552200317383,0.10988998413085938,-0.11477375030517578,0.0,-1.4572393555496261,6.719151833284671,-1.6171233522611492,0.004502340624647281,-0.005721866186227735
44,2,heldout,3,-1,-0.3490658503988659,1.1781344060000265,3,s,af3726fcacd0ac1320a56ea850b0a2c0f5430cf4eb20a45c078706980f08407e,d24fbe3839599a6a097188bae8cd47ce8083f27deef1341ae3086bf0d5a45bd1,87f63c0590d05baea263cdc42c6e1df2d063fa2def309ecb0283f3036bf33d46,87f63c0590d05baea263cdc42c6e1df2d063fa2def309ecb0283f3036bf33d46,1787977909.1975884,36493.068999999996,18246592,0,0.9584569931030273,1.0416193008422852,1.3487071990966797,0.00057220458984375,-0.00324249267578125,0.00476837158203125,-0.0073261260986328125,-0.0073261260986328125,-0.14407825469970703,-0.0073261260986328125,0.0073261260986328125,-0.0073261260986328125,-0.08058643341064453,-1.1555557250976562,5.176067352294922,-1.682539939880371,0.10988998413085938,-0.10988998413085938,0.0,-1.4608131253627303,6.722725603097775,-1.6177937864800165,0.004491514563048039,-0.005723146843220736
44,2,heldout,3,-1,-0.3490658503988659,1.1800175710013718,3,s,af3726fcacd0ac1320a56ea850b0a2c0f5430cf4eb20a45c078706980f08407e,d24fbe3839599a6a097188bae8cd47ce8083f27deef1341ae3086bf0d5a45bd1,87f63c0590d05baea263cdc42c6e1df2d063fa2def309ecb0283f3036bf33d46,87f63c0590d05baea263cdc42c6e1df2d063fa2def309ecb0283f3036bf33d46,1787977909.199459,36493.070999999996,18246593,0,0.9584569931030273,1.0416193008422852,1.3483257293701172,0.00057220458984375,-0.00362396240234375,0.00476837158203125,0.0073261260986328125,-0.0024423599243164062,-0.13919448852539062,-0.0073261260986328125,-0.0073261260986328125,-0.0073261260986328125,-0.08058643341064453,-1.1418800354003906,5.217094421386719,-1.6874237060546875,0.10988998413085938,-0.11477375030517578,0.0,-1.4625930710575665,6.724505548792611,-1.6181231785701486,0.004581510019826575,-0.005728346600839158
44,2,heldout,3,-1,-0.3490658503988659,1.1818853930017212,3,s,af3726fcacd0ac1320a56ea850b0a2c0f5430cf4eb20a45c078706980f08407e,d24fbe3839599a6a097188bae8cd47ce8083f27deef1341ae3086bf0d5a45bd1,87f63c0590d05baea263cdc42c6e1df2d063fa2def309ecb0283f3036bf33d46,87f63c0590d05baea263cdc42c6e1df2d063fa2def309ecb0283f3036bf33d46,1787977909.2013488,36493.073,18246594,0,0.9584569931030273,1.0416193008422852,1.3475627899169922,0.00057220458984375,-0.00362396240234375,0.00476837158203125,-0.0073261260986328125,-0.0024423599243164062,-0.14896202087402344,0.021978378295898438,-0.0073261260986328125,-0.0073261260986328125,-0.08058643341064453,-1.1418800354003906,5.217094421386719,-1.6874237060546875,0.10988998413085938,-0.11477375030517578,0.0,-1.4661609690616868,6.7280734467967305,-1.6187921988051135,0.004570449709166693,-0.005729611250568159
44,2,heldout,3,-1,-0.3490658503988659,1.1837790659992606,3,s,af3726fcacd0ac1320a56ea850b0a2c0f5430cf4eb20a45c078706980f08407e,d24fbe3839599a6a097188bae8cd47ce8083f27deef1341ae3086bf0d5a45bd1,87f63c0590d05baea263cdc42c6e1df2d063fa2def309ecb0283f3036bf33d46,87f63c0590d05baea263cdc42c6e1df2d063fa2def309ecb0283f3036bf33d46,1787977909.203271,36493.075,18246595,0,0.9584569931030273,1.0416193008422852,1.3471813201904297,0.00057220458984375,-0.00324249267578125,0.00476837158203125,-0.0073261260986328125,-0.0024423599243164062,-0.15384578704833984,0.021978378295898438,0.0073261260986328125,-0.0073261260986328125,-0.08058643341064453,-1.1555557250976562,5.326496124267578,-1.692307472229004,0.10988998413085938,-0.11477375030517578,0.0,-1.4679489234876093,6.729861401222653,-1.619131829488428,0.004469854602936354,-0.005725698162533998
44,2,heldout,3,-1,-0.3490658503988659,1.185707437005476,3,s,af3726fcacd0ac1320a56ea850b0a2c0f5430cf4eb20a45c078706980f08407e,d24fbe3839599a6a097188bae8cd47ce8083f27deef1341ae3086bf0d5a45bd1,87f63c0590d05baea263cdc42c6e1df2d063fa2def309ecb0283f3036bf33d46,87f63c0590d05baea263cdc42c6e1df2d063fa2def309ecb0283f3036bf33d46,1787977909.205199,36493.077,18246596,0,0.9584569931030273,1.0416193008422852,1.3464183807373047,0.00057220458984375,-0.00324249267578125,0.00476837158203125,-0.0073261260986328125,-0.0024423599243164062,-0.16361427307128906,-0.0073261260986328125,0.0073261260986328125,-0.0073261260986328125,-0.08058643341064453,-1.1692314147949219,5.24444580078125,-1.6971912384033203,0.10988998413085938,-0.11477375030517578,0.0,-1.4715109476458061,6.733423425380851,-1.6197994374991296,0.00445902071703167,-0.005726968823369197
44,2,heldout,3,-1,-0.3490658503988659,1.187631232001877,3,s,af3726fcacd0ac1320a56ea850b0a2c0f5430cf4eb20a45c078706980f08407e,d24fbe3839599a6a097188bae8cd47ce8083f27deef1341ae3086bf0d5a45bd1,87f63c0590d05baea263cdc42c6e1df2d063fa2def309ecb0283f3036bf33d46,87f63c0590d05baea263cdc42c6e1df2d063fa2def309ecb0283f3036bf33d46,1787977909.207843,36493.079,18246597,0,0.9584569931030273,1.0416193008422852,1.3456554412841797,0.00095367431640625,-0.00324249267578125,0.00476837158203125,-0.0073261260986328125,-0.0024423599243164062,-0.16361427307128906,0.0073261260986328125,-0.021978378295898438,-0.0073261260986328125,-0.08058643341064453,-1.1692314147949219,5.285469055175781,-1.6971912384033203,0.10988998413085938,-0.11477375030517578,0.0,-1.475402031328573,6.737314509063617,-1.620799081555171,0.0044427650235991,-0.005728868564014331
44,2,heldout,3,-1,-0.3490658503988659,1.1902799860035884,3,s,af3726fcacd0ac1320a56ea850b0a2c0f5430cf4eb20a45c078706980f08407e,d24fbe3839599a6a097188bae8cd47ce8083f27deef1341ae3086bf0d5a45bd1,87f63c0590d05baea263cdc42c6e1df2d063fa2def309ecb0283f3036bf33d46,87f63c0590d05baea263cdc42c6e1df2d063fa2def309ecb0283f3036bf33d46,1787977909.2097652,36493.081,18246598,0,0.9584569931030273,1.0416193008422852,1.3452739715576172,0.00057220458984375,-0.00324249267578125,0.00476837158203125,-0.021978378295898438,-0.0024423599243164062,-0.16849803924560547,0.0073261260986328125,-0.0073261260986328125,-0.0073261260986328125,-0.08058643341064453,-1.1692314147949219,5.299144744873047,-1.6971912384033203,0.10988998413085938,-0.11477375030517578,0.0,-1.476846634420633,6.7387591121556785,-1.6207990815551714,0.004442765023599098,-0.005728868564014332
44,2,heldout,3,-1,-0.3490658503988659,1.1921965590008767,3,s,af3726fcacd0ac1320a56ea850b0a2c0f5430cf4eb20a45c078706980f08407e,d24fbe3839599a6a097188bae8cd47ce8083f27deef1341ae3086bf0d5a45bd1,87f63c0590d05baea263cdc42c6e1df2d063fa2def309ecb0283f3036bf33d46,87f63c0590d05baea263cdc42c6e1df2d063fa2def309ecb0283f3036bf33d46,1787977909.2116876,36493.083,18246599,0,0.9584569931030273,1.0416193008422852,1.3445110321044922,0.00057220458984375,-0.00324249267578125,0.00476837158203125,-0.0073261260986328125,-0.0024423599243164062,-0.15873050689697266,-0.0073261260986328125,-0.021978378295898438,-0.0073261260986328125,-0.08058643341064453,-1.1829051971435547,5.230770111083984,-1.6971912384033203,0.10988998413085938,-0.11477375030517578,0.0,-1.4803988562760364,6.742311334011081,-1.6214643317201547,0.004431924660792914,-0.0057301308896309045
44,2,heldout,3,-1,-0.3490658503988659,1.1941381770011503,3,s,af3726fcacd0ac1320a56ea850b0a2c0f5430cf4eb20a45c078706980f08407e,d24fbe3839599a6a097188bae8cd47ce8083f27deef1341ae3086bf0d5a45bd1,87f63c0590d05baea263cdc42c6e1df2d063fa2def309ecb0283f3036bf33d46,87f63c0590d05baea263cdc42c6e1df2d063fa2def309ecb0283f3036bf33d46,1787977909.2136014,36493.085,18246600,0,0.9584569931030273,1.0416193008422852,1.3437471389770508,0.00057220458984375,-0.00324249267578125,0.00476837158203125,-0.0073261260986328125,-0.0024423599243164062,-0.15384578704833984,-0.021978378295898438,-0.0073261260986328125,-0.0073261260986328125,-0.08058643341064453,-1.1692314147949219,5.24444580078125,-1.692307472229004,0.10988998413085938,-0.11477375030517578,0.0,-1.483951586504784,6.745864064239829,-1.6221294678608742,0.004421068162977319,-0.005731391451522761
44,2,heldout,3,-1,-0.3490658503988659,1.1960301180006354,3,s,af3726fcacd0ac1320a56ea850b0a2c0f5430cf4eb20a45c078706980f08407e,d24fbe3839599a6a097188bae8cd47ce8083f27deef1341ae3086bf0d5a45bd1,87f63c0590d05baea263cdc42c6e1df2d063fa2def309ecb0283f3036bf33d46,87f63c0590d05baea263cdc42c6e1df2d063fa2def309ecb0283f3036bf33d46,1787977909.2154827,36493.087,18246601,0,0.9584569931030273,1.0416193008422852,1.3433656692504883,0.00057220458984375,-0.00324249267578125,0.00476837158203125,-0.0073261260986328125,-0.0024423599243164062,-0.15873050689697266,-0.03663063049316406,-0.0073261260986328125,-0.0073261260986328125,-0.07570171356201172,-1.1692314147949219,5.299144744873047,-1.682539939880371,0.10988998413085938,-0.11477375030517578,0.0,-1.4857242603586704,6.747636738093714,-1.6224612663929563,0.004415645724684486,-0.005732019693563655
44,2,heldout,3,-1,-0.3490658503988659,1.1979125229991041,3,s,af3726fcacd0ac1320a56ea850b0a2c0f5430cf4eb20a45c078706980f08407e,d24fbe3839599a6a097188bae8cd47ce8083f27deef1341ae3086bf0d5a45bd1,87f63c0590d05baea263cdc42c6e1df2d063fa2def309ecb0283f3036bf33d46,87f63c0590d05baea263cdc42c6e1df2d063fa2def309ecb0283f3036bf33d46,1787977909.2173834,36493.089,18246602,0,0.9584569931030273,1.0416193008422852,1.3426027297973633,0.00019073486328125,-0.00324249267578125,0.00476837158203125,0.0073261260986328125,-0.0024423599243164062,-0.15384578704833984,-0.03663063049316406,-0.0073261260986328125,-0.0073261260986328125,-0.07570171356201172,-1.1692314147949219,5.176067352294922,-1.6776552200317383,0.10988998413085938,-0.11477375030517578,0.0,-1.4889353357920725,6.750847813527117,-1.6227928288258546,0.004410222643830641,-0.005732647101485917
44,2,heldout,3,-1,-0.3490658503988659,1.1998131840009592,3,s,af3726fcacd0ac1320a56ea850b0a2c0f5430cf4eb20a45c078706980f08407e,d24fbe3839599a6a097188bae8cd47ce8083f27deef1341ae3086bf0d5a45bd1,87f63c0590d05baea263cdc42c6e1df2d063fa2def309ecb0283f3036bf33d46,87f63c0590d05baea263cdc42c6e1df2d063fa2def309ecb0283f3036bf33d46,1787977909.219275,36493.091,18246603,0,0.9584569931030273,1.0416193008422852,1.3422212600708008,0.00019073486328125,-0.00324249267578125,0.00476837158203125,-0.0073261260986328125,-0.0024423599243164062,-0.15384578704833984,-0.03663063049316406,-0.0073261260986328125,-0.0073261260986328125,-0.07570171356201172,-1.1692314147949219,5.285469055175781,-1.663003921508789,0.10988998413085938,-0.11477375030517578,0.0,-1.4907052993372125,6.752617777072257,-1.6231241551113194,0.004404798921204944,-0.005733273675198241
44,2,heldout,3,-1,-0.3490658503988659,1.2017012760043144,3,s,af3726fcacd0ac1320a56ea850b0a2c0f5430cf4eb20a45c078706980f08407e,d24fbe3839599a6a097188bae8cd47ce8083f27deef1341ae3086bf0d5a45bd1,87f63c0590d05baea263cdc42c6e1df2d063fa2def309ecb0283f3036bf33d46,87f63c0590d05baea263cdc42c6e1df2d063fa2def309ecb0283f3036bf33d46,1787977909.2217567,36493.093,18246604,0,0.9584569931030273,1.0416193008422852,1.3414583206176758,0.00019073486328125,-0.00324249267578125,0.00476837158203125,-0.021978378295898438,-0.0024423599243164062,-0.16361427307128906,-0.03663063049316406,-0.0073261260986328125,-0.0073261260986328125,-0.07570171356201172,-1.1829051971435547,5.394870758056641,-1.6483516693115234,0.10988998413085938,-0.11477375030517578,0.0,-1.494242278264457,6.756154755999502,-1.623786099047122,0.004393949553795106,-0.00573452431962849
44,2,heldout,3,-1,-0.3490658503988659,1.2041831870010355,3,s,af3726fcacd0ac1320a56ea850b0a2c0f5430cf4eb20a45c078706980f08407e,d24fbe3839599a6a097188bae8cd47ce8083f27deef1341ae3086bf0d5a45bd1,87f63c0590d05baea263cdc42c6e1df2d063fa2def309ecb0283f3036bf33d46,87f63c0590d05baea263cdc42c6e1df2d063fa2def309ecb0283f3036bf33d46,1787977909.2237308,36493.095,18246605,0,0.9584569931030273,1.0416193008422852,1.3406953811645508,0.00019073486328125,-0.00324249267578125,0.00476837158203125,-0.0073261260986328125,-0.0024423599243164062,-0.16849803924560547,-0.0659332275390625,-0.0073261260986328125,-0.0073261260986328125,-0.08058643341064453,-1.1829051971435547,5.299144744873047,-1.643467903137207,0.10988998413085938,-0.11477375030517578,0.0,-1.4977753245922414,6.759687802327285,-1.6244470978150647,0.004383097628770132,-0.005735771626126424
44,2,heldout,3,-1,-0.3490658503988659,1.2061610980017576,3,s,af3726fcacd0ac1320a56ea850b0a2c0f5430cf4eb20a45c078706980f08407e,d24fbe3839599a6a097188bae8cd47ce8083f27deef1341ae3086bf0d5a45bd1,87f63c0590d05baea263cdc42c6e1df2d063fa2def309ecb0283f3036bf33d46,87f63c0590d05baea263cdc42c6e1df2d063fa2def309ecb0283f3036bf33d46,1787977909.225618,36493.097,18246606,0,0.9584569931030273,1.0416193008422852,1.3399324417114258,0.00019073486328125,-0.00324249267578125,0.00476837158203125,-0.0073261260986328125,-0.0024423599243164062,-0.16849803924560547,-0.03663063049316406,-0.021978378295898438,-0.0073261260986328125,-0.08058643341064453,-1.1829051971435547,5.299144744873047,-1.6336994171142578,0.10988998413085938,-0.11477375030517578,0.0,-1.5013044362640637,6.763216913999108,-1.6251071510303952,0.004372243152446682,-0.005737015593966026
44,2,heldout,3,-1,-0.3490658503988659,1.2080441060024896,3,s,af3726fcacd0ac1320a56ea850b0a2c0f5430cf4eb20a45c078706980f08407e,d24fbe3839599a6a097188bae8cd47ce8083f27deef1341ae3086bf0d5a45bd1,87f63c0590d05baea263cdc42c6e1df2d063fa2def309ecb0283f3036bf33d46,87f63c0590d05baea263cdc42c6e1df2d063fa2def309ecb0283f3036bf33d46,1787977909.2275121,36493.099,18246607,0,0.9584569931030273,1.0416193008422852,1.3395509719848633,-0.00019073486328125,-0.00324249267578125,0.00476837158203125,-0.0073261260986328125,-0.0024423599243164062,-0.16849803924560547,-0.05128288269042969,-0.0073261260986328125,-0.0073261260986328125,-0.08058643341064453,-1.1829051971435547,5.271793365478516,-1.623931884765625,0.10988998413085938,-0.10988998413085938,0.0,-1.5027378440566053,6.76465032179165,-1.6251071510303952,0.004372243152446682,-0.005737015593966026
44,2,heldout,3,-1,-0.3490658503988659,1.209941566005,3,s,af3726fcacd0ac1320a56ea850b0a2c0f5430cf4eb20a45c078706980f08407e,d24fbe3839599a6a097188bae8cd47ce8083f27deef1341ae3086bf0d5a45bd1,87f63c0590d05baea263cdc42c6e1df2d063fa2def309ecb0283f3036bf33d46,87f63c0590d05baea263cdc42c6e1df2d063fa2def309ecb0283f3036bf33d46,1787977909.229387,36493.100999999995,18246608,0,0.9584569931030273,1.0416193008422852,1.3387880325317383,0.00019073486328125,-0.00324249267578125,0.00476837158203125,-0.0073261260986328125,-0.0024423599243164062,-0.16361427307128906,-0.03663063049316406,-0.0073261260986328125,-0.0073261260986328125,-0.08058643341064453,-1.1829051971435547,5.203418731689453,-1.623931884765625,0.10988998413085938,-0.11477375030517578,0.0,-1.5065907217988959,6.76850319953394,-1.6260954571019517,0.004355956668098175,-0.005738875284157641
44,2,heldout,3,-1,-0.3490658503988659,1.2118119389997446,3,s,af3726fcacd0ac1320a56ea850b0a2c0f5430cf4eb20a45c078706980f08407e,d24fbe3839599a6a097188bae8cd47ce8083f27deef1341ae3086bf0d5a45bd1,87f63c0590d05baea263cdc42c6e1df2d063fa2def309ecb0283f3036bf33d46,87f63c0590d05baea263cdc42c6e1df2d063fa2def309ecb0283f3036bf33d46,1787977909.231256,36493.102999999996,18246609,0,0.9584569931030273,1.0416193008422852,1.3380250930786133,-0.00019073486328125,-0.00324249267578125,0.00476837158203125,0.0073261260986328125,-0.0024423599243164062,-0.15873050689697266,-0.03663063049316406,-0.0073261260986328125,-0.0073261260986328125,-0.07570171356201172,-1.1965808868408203,5.217094421386719,-1.6190471649169922,0.10988998413085938,-0.10988998413085938,0.0,-1.5097812623595277,6.771693740094571,-1.6264244192669624,0.004350526571178353,-0.005739493510775822
44,2,heldout,3,-1,-0.3490658503988659,1.2137048940057866,3,s,af3726fcacd0ac1320a56ea850b0a2c0f5430cf4eb20a45c078706980f08407e,d24fbe3839599a6a097188bae8cd47ce8083f27deef1341ae3086bf0d5a45bd1,87f63c0590d05baea263cdc42c6e1df2d063fa2def309ecb0283f3036bf33d46,87f63c0590d05baea263cdc42c6e1df2d063fa2def309ecb0283f3036bf33d46,1787977909.2337065,36493.104999999996,18246610,0,0.9584569931030273,1.0416193008422852,1.3376436233520508,-0.00019073486328125,-0.00324249267578125,0.00476837158203125,-0.0073261260986328125,-0.0024423599243164062,-0.15384578704833984,-0.021978378295898438,-0.0073261260986328125,-0.0073261260986328125,-0.07570171356201172,-1.1965808868408203,5.230770111083984,-1.6190471649169922,0.10988998413085938,-0.10988998413085938,0.0,-1.5115396540476929,6.7734521317827365,-1.626753144756073,0.0043450958411736015,-0.0057401109021877825
44,2,heldout,3,-1,-0.3490658503988659,1.2161332969990326,3,s,af3726fcacd0ac1320a56ea850b0a2c0f5430cf4eb20a45c078706980f08407e,d24fbe3839599a6a097188bae8cd47ce8083f27deef1341ae3086bf0d5a45bd1,87f63c0590d05baea263cdc42c6e1df2d063fa2def309ecb0283f3036bf33d46,87f63c0590d05baea263cdc42c6e1df2d063fa2def309ecb0283f3036bf33d46,1787977909.2356136,36493.106999999996,18246611,0,0.9584569931030273,1.0416193008422852,1.3368806838989258,-0.00019073486328125,-0.00324249267578125,0.00476837158203125,-0.0073261260986328125,-0.0024423599243164062,-0.15384578704833984,-0.021978378295898438,-0.0073261260986328125,-0.0073261260986328125,-0.07570171356201172,-1.1965808868408203,5.135044097900391,-1.623931884765625,0.10988998413085938,-0.10988998413085938,0.0,-1.5150534801672895,6.776965957902333,-1.6274098855152863,0.004334232485070501,-0.005741343179033794
44,2,heldout,3,-1,-0.3490658503988659,1.218050094001228,3,s,af3726fcacd0ac1320a56ea850b0a2c0f5430cf4eb20a45c078706980f08407e,d24fbe3839599a6a097188bae8cd47ce8083f27deef1341ae3086bf0d5a45bd1,87f63c0590d05baea263cdc42c6e1df2d063fa2def309ecb0283f3036bf33d46,87f63c0590d05baea263cdc42c6e1df2d063fa2def309ecb0283f3036bf33d46,1787977909.2374992,36493.109,18246612,0,0.9584569931030273,1.0416193008422852,1.3361177444458008,-0.00019073486328125,-0.00324249267578125,0.00476837158203125,-0.0073261260986328125,-0.0024423599243164062,-0.15873050689697266,-0.0073261260986328125,-0.0073261260986328125,-0.0073261260986328125,-0.07570171356201172,-1.1965808868408203,5.162391662597656,-1.6288156509399414,0.10988998413085938,-0.11477375030517578,0.0,-1.5185633615737086,6.780475839308753,-1.6280656789973174,0.004323366606112173,-0.0057425721139783975
44,2,heldout,3,-1,-0.3490658503988659,1.2199275989987655,3,s,af3726fcacd0ac1320a56ea850b0a2c0f5430cf4eb20a45c078706980f08407e,d24fbe3839599a6a097188bae8cd47ce8083f27deef1341ae3086bf0d5a45bd1,87f63c0590d05baea263cdc42c6e1df2d063fa2def309ecb0283f3036bf33d46,87f63c0590d05baea263cdc42c6e1df2d063fa2def309ecb0283f3036bf33d46,1787977909.239484,36493.111,18246613,0,0.9584569931030273,1.0416193008422852,1.3357362747192383,-0.00019073486328125,-0.00324249267578125,0.00476837158203125,-0.0073261260986328125,-0.0024423599243164062,-0.16361427307128906,-0.0073261260986328125,-0.021978378295898438,-0.0073261260986328125,-0.07570171356201172,-1.1965808868408203,5.135044097900391,-1.6336994171142578,0.10988998413085938,-0.11477375030517578,0.0,-1.5203168223709498,6.7822293001059935,-1.6283932203900813,0.004317932722538731,-0.005743185328014058
44,2,heldout,3,-1,-0.3490658503988659,1.2219166240029153,3,s,af3726fcacd0ac1320a56ea850b0a2c0f5430cf4eb20a45c078706980f08407e,d24fbe3839599a6a097188bae8cd47ce8083f27deef1341ae3086bf0d5a45bd1,87f63c0590d05baea263cdc42c6e1df2d063fa2def309ecb0283f3036bf33d46,87f63c0590d05baea263cdc42c6e1df2d063fa2def309ecb0283f3036bf33d46,1787977909.2413783,36493.113,18246614,0,0.9584569931030273,1.0416193008422852,1.3349733352661133,0.00019073486328125,-0.00324249267578125,0.00476837158203125,0.0073261260986328125,-0.0024423599243164062,-0.15873050689697266,0.0073261260986328125,-0.021978378295898438,-0.0073261260986328125,-0.07570171356201172,-1.1965808868408203,5.135044097900391,-1.643467903137207,0.10988998413085938,-0.11477375030517578,0.0,-1.524147613240379,6.786060090975424,-1.629374422603498,0.004301627304930402,-0.005745019955303995
44,2,heldout,3,-1,-0.3490658503988659,1.223809663002612,3,s,af3726fcacd0ac1320a56ea850b0a2c0f5430cf4eb20a45c078706980f08407e,d24fbe3839599a6a097188bae8cd47ce8083f27deef1341ae3086bf0d5a45bd1,87f63c0590d05baea263cdc42c6e1df2d063fa2def309ecb0283f3036bf33d46,87f63c0590d05baea263cdc42c6e1df2d063fa2def309ecb0283f3036bf33d46,1787977909.2432554,36493.115,18246615,0,0.9584569931030273,1.0416193008422852,1.3342103958129883,0.00019073486328125,-0.00324249267578125,0.00476837158203125,-0.021978378295898438,-0.0024423599243164062,-0.16361427307128906,0.0073261260986328125,-0.0073261260986328125,-0.0073261260986328125,-0.08058643341064453,-1.210256576538086,5.176067352294922,-1.6483516693115234,0.11477375030517578,-0.11477375030517578,0.0,-1.527647149672791,6.789559627407835,-1.6300273719658587,0.0042907538953608935,-0.0057462388602601555
44,2,heldout,3,-1,-0.3490658503988659,1.2256799890019465,3,s,af3726fcacd0ac1320a56ea850b0a2c0f5430cf4eb20a45c078706980f08407e,d24fbe3839599a6a097188bae8cd47ce8083f27deef1341ae3086bf0d5a45bd1,87f63c0590d05baea263cdc42c6e1df2d063fa2def309ecb0283f3036bf33d46,87f63c0590d05baea263cdc42c6e1df2d063fa2def309ecb0283f3036bf33d46,1787977909.2457323,36493.117,18246616,0,0.9584569931030273,1.0416193008422852,1.3338289260864258,0.00019073486328125,-0.00362396240234375,0.00476837158203125,-0.021978378295898438,-0.0024423599243164062,-0.16361427307128906,0.03663063049316406,-0.021978378295898438,-0.0073261260986328125,-0.07570171356201172,-1.210256576538086,5.217094421386719,-1.663003921508789,0.11477375030517578,-0.11477375030517578,0.0,-1.5293899402194495,6.791302417954494,-1.6303479950900868,0.0043764554826214415,-0.0057512036146442685
44,2,heldout,3,-1,-0.3490658503988659,1.2281658479987527,3,s,af3726fcacd0ac1320a56ea850b0a2c0f5430cf4eb20a45c078706980f08407e,d24fbe3839599a6a097188bae8cd47ce8083f27deef1341ae3086bf0d5a45bd1,87f63c0590d05baea263cdc42c6e1df2d063fa2def309ecb0283f3036bf33d46,87f63c0590d05baea263cdc42c6e1df2d063fa2def309ecb0283f3036bf33d46,1787977909.2476647,36493.119,18246617,0,0.9584569931030273,1.0416193008422852,1.3330659866333008,0.00019073486328125,-0.00324249267578125,0.00476837158203125,0.0073261260986328125,-0.0024423599243164062,-0.16361427307128906,0.0073261260986328125,-0.0073261260986328125,-0.0073261260986328125,-0.07570171356201172,-1.210256576538086,5.1897430419921875,-1.6776552200317383,0.11477375030517578,-0.11477375030517578,0.0,-1.5328890436036242,6.794801521338668,-1.6310050168893548,0.004274439100083596,-0.005748060946064957
44,2,heldout,3,-1,-0.3490658503988659,1.2300959179992788,3,s,af3726fcacd0ac1320a56ea850b0a2c0f5430cf4eb20a45c078706980f08407e,d24fbe3839599a6a097188bae8cd47ce8083f27deef1341ae3086bf0d5a45bd1,87f63c0590d05baea263cdc42c6e1df2d063fa2def309ecb0283f3036bf33d46,87f63c0590d05baea263cdc42c6e1df2d063fa2def309ecb0283f3036bf33d46,1787977909.249599,36493.121,18246618,0,0.9584569931030273,1.0416193008422852,1.3326845169067383,0.00019073486328125,-0.00324249267578125,0.00476837158203125,-0.0073261260986328125,-0.0024423599243164062,-0.15873050689697266,0.021978378295898438,-0.0073261260986328125,-0.0073261260986328125,-0.07570171356201172,-1.2239322662353516,5.217094421386719,-1.682539939880371,0.11477375030517578,-0.11477375030517578,0.0,-1.5346343643719575,6.796546842107002,-1.631330423908787,0.004268999589910418,-0.005748666635211721
44,2,heldout,3,-1,-0.3490658503988659,1.2320296870020684,3,s,af3726fcacd0ac1320a56ea850b0a2c0f5430cf4eb20a45c078706980f08407e,d24fbe3839599a6a097188bae8cd47ce8083f27deef1341ae3086bf0d5a45bd1,87f63c0590d05baea263cdc42c6e1df2d063fa2def309ecb0283f3036bf33d46,87f63c0590d05baea263cdc42c6e1df2d063fa2def309ecb0283f3036bf33d46,1787977909.2514992,36493.123,18246619,0,0.9584569931030273,1.0416193008422852,1.3319215774536133,0.00057220458984375,-0.00324249267578125,0.00476837158203125,-0.0073261260986328125,-0.0024423599243164062,-0.15873050689697266,0.021978378295898438,-0.0073261260986328125,-0.0073261260986328125,-0.08058643341064453,-1.2239322662353516,5.217094421386719,-1.692307472229004,0.10988998413085938,-0.11477375030517578,0.0,-1.5384467332796707,6.800359211014715,-1.6323052204389359,0.004252677335230386,-0.005750478683053552
44,2,heldout,3,-1,-0.3490658503988659,1.2339457359994412,3,s,af3726fcacd0ac1320a56ea850b0a2c0f5430cf4eb20a45c078706980f08407e,d24fbe3839599a6a097188bae8cd47ce8083f27deef1341ae3086bf0d5a45bd1,87f63c0590d05baea263cdc42c6e1df2d063fa2def309ecb0283f3036bf33d46,87f63c0590d05baea263cdc42c6e1df2d063fa2def309ecb0283f3036bf33d46,1787977909.2534323,36493.125,18246620,0,0.9584569931030273,1.0416193008422852,1.3311586380004883,0.00057220458984375,-0.00324249267578125,0.00476837158203125,-0.0073261260986328125,-0.0024423599243164062,-0.15873050689697266,0.021978378295898438,-0.0073261260986328125,-0.0073261260986328125,-0.08058643341064453,-1.2239322662353516,5.135044097900391,-1.7020759582519531,0.10988998413085938,-0.10988998413085938,0.0,-1.5419299742279402,6.803842451962984,-1.6329538972128301,0.004241792736560837,-0.0057516825310707335
44,2,heldout,3,-1,-0.3490658503988659,1.235863653004344,3,s,af3726fcacd0ac1320a56ea850b0a2c0f5430cf4eb20a45c078706980f08407e,d24fbe3839599a6a097188bae8cd47ce8083f27deef1341ae3086bf0d5a45bd1,87f63c0590d05baea263cdc42c6e1df2d063fa2def309ecb0283f3036bf33d46,87f63c0590d05baea263cdc42c6e1df2d063fa2def309ecb0283f3036bf33d46,1787977909.255383,36493.127,18246621,0,0.9584569931030273,1.0416193008422852,1.3303956985473633,0.00057220458984375,-0.00362396240234375,0.00476837158203125,-0.0073261260986328125,-0.0024423599243164062,-0.16849803924560547,0.021978378295898438,-0.021978378295898438,-0.0073261260986328125,-0.08058643341064453,-1.2239322662353516,5.353847503662109,-1.7069597244262695,0.10988998413085938,-0.10988998413085938,0.0,-1.5454037527761861,6.807316230511232,-1.6335961214398373,0.004320887704683673,-0.005757184272195249
44,2,heldout,3,-1,-0.3490658503988659,1.2378138300045975,3,s,af3726fcacd0ac1320a56ea850b0a2c0f5430cf4eb20a45c078706980f08407e,d24fbe3839599a6a097188bae8cd47ce8083f27deef1341ae3086bf0d5a45bd1,87f63c0590d05baea263cdc42c6e1df2d063fa2def309ecb0283f3036bf33d46,87f63c0590d05baea263cdc42c6e1df2d063fa2def309ecb0283f3036bf33d46,1787977909.2573195,36493.129,18246622,0,0.9584569931030273,1.0416193008422852,1.3296327590942383,0.00057220458984375,-0.00324249267578125,0.00476837158203125,-0.021978378295898438,-0.0024423599243164062,-0.1782665252685547,0.021978378295898438,-0.0073261260986328125,-0.0073261260986328125,-0.08058643341064453,-1.2239322662353516,5.353847503662109,-1.711843490600586,0.11477375030517578,-0.10988998413085938,0.0,-1.5488845730272058,6.81079705076225,-1.6342483988709282,0.004220016138414214,-0.005754080182647207
44,2,heldout,3,-1,-0.3490658503988659,1.2397535250056535,3,s,af3726fcacd0ac1320a56ea850b0a2c0f5430cf4eb20a45c078706980f08407e,d24fbe3839599a6a097188bae8cd47ce8083f27deef1341ae3086bf0d5a45bd1,87f63c0590d05baea263cdc42c6e1df2d063fa2def309ecb0283f3036bf33d46,87f63c0590d05baea263cdc42c6e1df2d063fa2def309ecb0283f3036bf33d46,1787977909.2597797,36493.131,18246623,0,0.9584569931030273,1.0416193008422852,1.3292512893676758,0.00057220458984375,-0.00324249267578125,0.00476837158203125,-0.0073261260986328125,-0.0024423599243164062,-0.1831502914428711,0.0073261260986328125,-0.0073261260986328125,-0.0073261260986328125,-0.08058643341064453,-1.2239322662353516,5.367523193359375,-1.7069597244262695,0.10988998413085938,-0.11477375030517578,0.0,-1.5506207456056749,6.8125332233407185,-1.634571429867004,0.004214570451663856,-0.005754677502436935
44,2,heldout,3,-1,-0.3490658503988659,1.2422099220057135,3,s,af3726fcacd0ac1320a56ea850b0a2c0f5430cf4eb20a45c078706980f08407e,d24fbe3839599a6a097188bae8cd47ce8083f27deef1341ae3086bf0d5a45bd1,87f63c0590d05baea263cdc42c6e1df2d063fa2def309ecb0283f3036bf33d46,87f63c0590d05baea263cdc42c6e1df2d063fa2def309ecb0283f3036bf33d46,1787977909.2616777,36493.133,18246624,0,0.9584569931030273,1.0416193008422852,1.3284883499145508,0.00019073486328125,-0.00362396240234375,0.00476837158203125,-0.021978378295898438,-0.0024423599243164062,-0.1831502914428711,-0.021978378295898438,-0.021978378295898438,-0.0073261260986328125,-0.08058643341064453,-1.2376060485839844,5.353847503662109,-1.7069597244262695,0.10988998413085938,-0.10988998413085938,0.0,-1.5537620566966024,6.815674534431646,-1.6348887184764735,0.004298642942602869,-0.005759553082220717
44,2,heldout,3,-1,-0.3490658503988659,1.2441082910008845,3,s,af3726fcacd0ac1320a56ea850b0a2c0f5430cf4eb20a45c078706980f08407e,d24fbe3839599a6a097188bae8cd47ce8083f27deef1341ae3086bf0d5a45bd1,87f63c0590d05baea263cdc42c6e1df2d063fa2def309ecb0283f3036bf33d46,87f63c0590d05baea263cdc42c6e1df2d063fa2def309ecb0283f3036bf33d46,1787977909.2635725,36493.134999999995,18246625,0,0.9584569931030273,1.0416193008422852,1.3277254104614258,0.00019073486328125,-0.00324249267578125,0.00476837158203125,-0.0073261260986328125,-0.0024423599243164062,-0.1782665252685547,-0.021978378295898438,-0.0073261260986328125,-0.0073261260986328125,-0.07570171356201172,-1.2239322662353516,5.299144744873047,-1.7020759582519531,0.10988998413085938,-0.10988998413085938,0.0,-1.5572334405861894,6.819145918321233,-1.635539095498699,0.004198229714778759,-0.005756464436964355
44,2,heldout,3,-1,-0.3490658503988659,1.2460036050033523,3,s,af3726fcacd0ac1320a56ea850b0a2c0f5430cf4eb20a45c078706980f08407e,d24fbe3839599a6a097188bae8cd47ce8083f27deef1341ae3086bf0d5a45bd1,87f63c0590d05baea263cdc42c6e1df2d063fa2def309ecb0283f3036bf33d46,87f63c0590d05baea263cdc42c6e1df2d063fa2def309ecb0283f3036bf33d46,1787977909.2654495,36493.136999999995,18246626,0,0.9584569931030273,1.0416193008422852,1.3269624710083008,0.00019073486328125,-0.00362396240234375,0.00476837158203125,-0.0073261260986328125,-0.0024423599243164062,-0.1782665252685547,-0.021978378295898438,-0.0073261260986328125,-0.0073261260986328125,-0.07570171356201172,-1.2239322662353516,5.299144744873047,-1.692307472229004,0.11477375030517578,-0.10988998413085938,0.0,-1.5606898436906387,6.822602321425682,-1.636177508991923,0.004276388171965977,-0.005761908482244274
44,2,heldout,3,-1,-0.3490658503988659,1.2478779040029622,3,s,af3726fcacd0ac1320a56ea850b0a2c0f5430cf4eb20a45c078706980f08407e,d24fbe3839599a6a097188bae8cd47ce8083f27deef1341ae3086bf0d5a45bd1,87f63c0590d05baea263cdc42c6e1df2d063fa2def309ecb0283f3036bf33d46,87f63c0590d05baea263cdc42c6e1df2d063fa2def309ecb0283f3036bf33d46,1787977909.2673285,36493.138999999996,18246627,0,0.9584569931030273,1.0416193008422852,1.3261995315551758,0.00019073486328125,-0.00324249267578125,0.00476837158203125,-0.0073261260986328125,-0.0024423599243164062,-0.17338180541992188,-0.021978378295898438,-0.0073261260986328125,-0.0073261260986328125,-0.07570171356201172,-1.2376060485839844,5.285469055175781,-1.6874237060546875,0.11477375030517578,-0.10988998413085938,0.0,-1.5641532895045223,6.826065767239566,-1.6368259840910047,0.004176433516379935,-0.0057588352884709
44,2,heldout,3,-1,-0.3490658503988659,1.2497526190054487,3,s,af3726fcacd0ac1320a56ea850b0a2c0f5430cf4eb20a45c078706980f08407e,d24fbe3839599a6a097188bae8cd47ce8083f27deef1341ae3086bf0d5a45bd1,87f63c0590d05baea263cdc42c6e1df2d063fa2def309ecb0283f3036bf33d46,87f63c0590d05baea263cdc42c6e1df2d063fa2def309ecb0283f3036bf33d46,1787977909.2692764,36493.140999999996,18246628,0,0.9584569931030273,1.0416193008422852,1.3258180618286133,0.00019073486328125,-0.00324249267578125,0.00476837158203125,-0.021978378295898438,-0.0024423599243164062,-0.1782665252685547,-0.021978378295898438,-0.0073261260986328125,-0.0073261260986328125,-0.07570171356201172,-1.2239322662353516,5.299144744873047,-1.682539939880371,0.11477375030517578,-0.10988998413085938,0.0,-1.5658807690548744,6.827793246789918,-1.6371471108822198,0.004170982945420011,-0.005759425906510815
44,2,heldout,3,-1,-0.3490658503988659,1.2517035440032487,3,s,af3726fcacd0ac1320a56ea850b0a2c0f5430cf4eb20a45c078706980f08407e,d24fbe3839599a6a097188bae8cd47ce8083f27deef1341ae3086bf0d5a45bd1,87f63c0590d05baea263cdc42c6e1df2d063fa2def309ecb0283f3036bf33d46,87f63c0590d05baea263cdc42c6e1df2d063fa2def309ecb0283f3036bf33d46,1787977909.2717276,36493.143,18246629,0,0.9584569931030273,1.0416193008422852,1.3250551223754883,0.00019073486328125,-0.00324249267578125,0.00476837158203125,-0.0073261260986328125,-0.0024423599243164062,-0.1831502914428711,-0.03663063049316406,0.0073261260986328125,-0.0073261260986328125,-0.07570171356201172,-1.2376060485839844,5.490596771240234,-1.6727714538574219,0.10988998413085938,-0.10988998413085938,0.0,-1.5693327471803173,6.831245224915362,-1.6377886497091843,0.004160079983419726,-0.005760604628184518
44,2,heldout,3,-1,-0.3490658503988659,1.2541708409989951,3,s,af3726fcacd0ac1320a56ea850b0a2c0f5430cf4eb20a45c078706980f08407e,d24fbe3839599a6a097188bae8cd47ce8083f27deef1341ae3086bf0d5a45bd1,87f63c0590d05baea263cdc42c6e1df2d063fa2def309ecb0283f3036bf33d46,87f63c0590d05baea263cdc42c6e1df2d063fa2def309ecb0283f3036bf33d46,1787977909.2736378,36493.145,18246630,0,0.9584569931030273,1.0416193008422852,1.3242921829223633,-0.00019073486328125,-0.00324249267578125,0.00476837158203125,-0.0073261260986328125,-0.0024423599243164062,-0.1880340576171875,-0.0659332275390625,-0.0073261260986328125,-0.0073261260986328125,-0.07570171356201172,-1.25128173828125,5.5042724609375,-1.663003921508789,0.10988998413085938,-0.10988998413085938,0.0,-1.5724605754317422,6.834373053166786,-1.6381090616515768,0.0041546275939659556,-0.005761192731646784
44,2,heldout,3,-1,-0.3490658503988659,1.2560692789993482,3,s,af3726fcacd0ac1320a56ea850b0a2c0f5430cf4eb20a45c078706980f08407e,d24fbe3839599a6a097188bae8cd47ce8083f27deef1341ae3086bf0d5a45bd1,87f63c0590d05baea263cdc42c6e1df2d063fa2def309ecb0283f3036bf33d46,87f63c0590d05baea263cdc42c6e1df2d063fa2def309ecb0283f3036bf33d46,1787977909.2755275,36493.147,18246631,0,0.9584569931030273,1.0416193008422852,1.3235292434692383,-0.00019073486328125,-0.00324249267578125,0.00476837158203125,0.0073261260986328125,-0.0024423599243164062,-0.1880340576171875,-0.05128288269042969,-0.0073261260986328125,-0.0073261260986328125,-0.07570171356201172,-1.25128173828125,5.4358978271484375,-1.6483516693115234,0.10988998413085938,-0.10988998413085938,0.0,-1.575905075826674,6.837817553561719,-1.6387491703610533,0.004143721002118302,-0.005762366423394238
44,2,heldout,3,-1,-0.3490658503988659,1.257953369000461,3,s,af3726fcacd0ac1320a56ea850b0a2c0f5430cf4eb20a45c078706980f08407e,d24fbe3839599a6a097188bae8cd47ce8083f27deef1341ae3086bf0d5a45bd1,87f63c0590d05baea263cdc42c6e1df2d063fa2def309ecb0283f3036bf33d46,87f63c0590d05baea263cdc42c6e1df2d063fa2def309ecb0283f3036bf33d46,1787977909.2778482,36493.149,18246632,0,0.9584569931030273,1.0416193008422852,1.3227663040161133,-0.00019073486328125,-0.00324249267578125,0.00476837158203125,-0.0073261260986328125,-0.0024423599243164062,-0.1831502914428711,-0.05128288269042969,-0.0073261260986328125,-0.0073261260986328125,-0.07570171356201172,-1.25128173828125,5.367523193359375,-1.6385831832885742,0.10988998413085938,-0.10988998413085938,0.0,-1.5793455960881437,6.841258073823187,-1.639388325193016,0.00413281199830769,-0.005763536761003146
44,2,heldout,3,-1,-0.3490658503988659,1.2604130450054072,3,s,af3726fcacd0ac1320a56ea850b0a2c0f5430cf4eb20a45c078706980f08407e,d24fbe3839599a6a097188bae8cd47ce8083f27deef1341ae3086bf0d5a45bd1,87f63c0590d05baea263cdc42c6e1df2d063fa2def309ecb0283f3036bf33d46,87f63c0590d05baea263cdc42c6e1df2d063fa2def309ecb0283f3036bf33d46,1787977909.2793505,36493.151,18246633,0,0.9584569931030273,1.0416193008422852,1.3220033645629883,-0.00019073486328125,-0.00324249267578125,0.00476837158203125,-0.021978378295898438,-0.0024423599243164062,-0.17338180541992188,-0.05128288269042969,-0.021978378295898438,-0.0073261260986328125,-0.07570171356201172,-1.25128173828125,5.271793365478516,-1.6336994171142578,0.10988998413085938,-0.10988998413085938,0.0,-1.5827821342135038,6.8446946119485474,-1.640026525775427,0.004121900588884004,-0.005764703743792282
44,2,heldout,3,-1,-0.3490658503988659,1.2617765169998165,3,s,af3726fcacd0ac1320a56ea850b0a2c0f5430cf4eb20a45c078706980f08407e,d24fbe3839599a6a097188bae8cd47ce8083f27deef1341ae3086bf0d5a45bd1,87f63c0590d05baea263cdc42c6e1df2d063fa2def309ecb0283f3036bf33d46,87f63c0590d05baea263cdc42c6e1df2d063fa2def309ecb0283f3036bf33d46,1787977909.2812366,36493.153,18246634,0,0.9584569931030273,1.0416193008422852,1.3212404251098633,-0.00019073486328125,-0.00324249267578125,0.00476837158203125,-0.0073261260986328125,-0.0024423599243164062,-0.16849803924560547,-0.021978378295898438,0.0073261260986328125,-0.0073261260986328125,-0.07570171356201172,-1.2649574279785156,5.271793365478516,-1.6288156509399414,0.10988998413085938,-0.10988998413085938,0.0,-1.586214688202428,6.848127165937472,-1.6406637717368058,0.004110986780198512,-0.005765867371082374
44,2,heldout,3,-1,-0.3490658503988659,1.263667045001057,3,s,af3726fcacd0ac1320a56ea850b0a2c0f5430cf4eb20a45c078706980f08407e,d24fbe3839599a6a097188bae8cd47ce8083f27deef1341ae3086bf0d5a45bd1,87f63c0590d05baea263cdc42c6e1df2d063fa2def309ecb0283f3036bf33d46,87f63c0590d05baea263cdc42c6e1df2d063fa2def309ecb0283f3036bf33d46,1787977909.2837713,36493.155,18246635,0,0.9584569931030273,1.0416193008422852,1.3208589553833008,-0.00019073486328125,-0.00324249267578125,0.00476837158203125,-0.0073261260986328125,-0.0024423599243164062,-0.16361427307128906,-0.0073261260986328125,-0.0073261260986328125,-0.0073261260986328125,-0.07570171356201172,-1.2649574279785156,5.24444580078125,-1.6336994171142578,0.10988998413085938,-0.10988998413085938,0.0,-1.5879294705212579,6.8498419482563015,-1.640982036618672,0.004105528978117746,-0.005766447926203541
44,2,heldout,3,-1,-0.3490658503988659,1.2661983210055041,3,s,af3726fcacd0ac1320a56ea850b0a2c0f5430cf4eb20a45c078706980f08407e,d24fbe3839599a6a097188bae8cd47ce8083f27deef1341ae3086bf0d5a45bd1,87f63c0590d05baea263cdc42c6e1df2d063fa2def309ecb0283f3036bf33d46,87f63c0590d05baea263cdc42c6e1df2d063fa2def309ecb0283f3036bf33d46,1787977909.2856834,36493.157,18246636,0,0.9584569931030273,1.0416193008422852,1.3200960159301758,-0.00019073486328125,-0.00324249267578125,0.00476837158203125,-0.0073261260986328125,-0.0024423599243164062,-0.16361427307128906,0.021978378295898438,-0.0073261260986328125,-0.0073261260986328125,-0.07570171356201172,-1.2786331176757812,5.203418731689453,-1.643467903137207,0.10988998413085938,-0.10988998413085938,0.0,-1.591356044559984,6.853268522295028,-1.6416178499531893,0.004094611582451253,-0.0057676065189757
44,2,heldout,3,-1,-0.3490658503988659,1.2681115500017768,3,s,af3726fcacd0ac1320a56ea850b0a2c0f5430cf4eb20a45c078706980f08407e,d24fbe3839599a6a097188bae8cd47ce8083f27deef1341ae3086bf0d5a45bd1,87f63c0590d05baea263cdc42c6e1df2d063fa2def309ecb0283f3036bf33d46,87f63c0590d05baea263cdc42c6e1df2d063fa2def309ecb0283f3036bf33d46,1787977909.2875612,36493.159,18246637,0,0.9584569931030273,1.0416193008422852,1.3193330764770508,-0.00019073486328125,-0.00324249267578125,0.00476837158203125,0.0073261260986328125,-0.0024423599243164062,-0.16361427307128906,0.0073261260986328125,-0.021978378295898438,-0.0073261260986328125,-0.08058643341064453,-1.2786331176757812,5.285469055175781,-1.6532354354858398,0.10988998413085938,-0.10988998413085938,0.0,-1.5947786294716004,6.856691107206644,-1.642252707740402,0.004083691803407247,-0.005768761754559177
44,2,heldout,3,-1,-0.3490658503988659,1.269985822000308,3,s,af3726fcacd0ac1320a56ea850b0a2c0f5430cf4eb20a45c078706980f08407e,d24fbe3839599a6a097188bae8cd47ce8083f27deef1341ae3086bf0d5a45bd1,87f63c0590d05baea263cdc42c6e1df2d063fa2def309ecb0283f3036bf33d46,87f63c0590d05baea263cdc42c6e1df2d063fa2def309ecb0283f3036bf33d46,1787977909.2894084,36493.161,18246638,0,0.9584569931030273,1.0416193008422852,1.3185701370239258,0.00019073486328125,-0.00362396240234375,0.00476837158203125,0.0073261260986328125,-0.0024423599243164062,-0.17338180541992188,0.0073261260986328125,-0.0073261260986328125,-0.0073261260986328125,-0.08058643341064453,-1.292306900024414,5.353847503662109,-1.6678876876831055,0.10988998413085938,-0.10988998413085938,0.0,-1.598508295266225,6.86042077300127,-1.6431976816130995,0.004153810347207901,-0.005774623235090078
44,2,heldout,3,-1,-0.3490658503988659,1.2718294540027273,3,s,af3726fcacd0ac1320a56ea850b0a2c0f5430cf4eb20a45c078706980f08407e,d24fbe3839599a6a097188bae8cd47ce8083f27deef1341ae3086bf0d5a45bd1,87f63c0590d05baea263cdc42c6e1df2d063fa2def309ecb0283f3036bf33d46,87f63c0590d05baea263cdc42c6e1df2d063fa2def309ecb0283f3036bf33d46,1787977909.2912636,36493.163,18246639,0,0.9584569931030273,1.0416193008422852,1.3181886672973633,0.00019073486328125,-0.00362396240234375,0.00476837158203125,-0.0073261260986328125,-0.0024423599243164062,-0.17338180541992188,0.021978378295898438,-0.021978378295898438,-0.0073261260986328125,-0.08058643341064453,-1.2786331176757812,5.3128204345703125,-1.6776552200317383,0.10988998413085938,-0.10988998413085938,0.0,-1.6002158551554087,6.862128332890454,-1.6435140342488452,0.004148231611314529,-0.005775191521457286
44,2,heldout,3,-1,-0.3490658503988659,1.273700251003902,3,s,af3726fcacd0ac1320a56ea850b0a2c0f5430cf4eb20a45c078706980f08407e,d24fbe3839599a6a097188bae8cd47ce8083f27deef1341ae3086bf0d5a45bd1,87f63c0590d05baea263cdc42c6e1df2d063fa2def309ecb0283f3036bf33d46,87f63c0590d05baea263cdc42c6e1df2d063fa2def309ecb0283f3036bf33d46,1787977909.2937112,36493.165,18246640,0,0.9584569931030273,1.0416193008422852,1.3174257278442383,0.00019073486328125,-0.00324249267578125,0.00476837158203125,-0.0073261260986328125,-0.0024423599243164062,-0.17338180541992188,0.021978378295898438,-0.0073261260986328125,-0.0073261260986328125,-0.07570171356201172,-1.2786331176757812,5.353847503662109,-1.6874237060546875,0.10988998413085938,-0.10988998413085938,0.0,-1.603633501111768,6.865545978846812,-1.64415154412563,0.004050918229578559,-0.005772207311462931
44,2,heldout,3,-1,-0.3490658503988659,1.2761385400008294,3,s,af3726fcacd0ac1320a56ea850b0a2c0f5430cf4eb20a45c078706980f08407e,d24fbe3839599a6a097188bae8cd47ce8083f27deef1341ae3086bf0d5a45bd1,87f63c0590d05baea263cdc42c6e1df2d063fa2def309ecb0283f3036bf33d46,87f63c0590d05baea263cdc42c6e1df2d063fa2def309ecb0283f3036bf33d46,1787977909.2956188,36493.167,18246641,0,0.9584569931030273,1.0416193008422852,1.3166627883911133,0.00019073486328125,-0.00362396240234375,0.00476837158203125,-0.0073261260986328125,-0.0024423599243164062,-0.16849803924560547,0.021978378295898438,-0.0073261260986328125,-0.0073261260986328125,-0.07570171356201172,-1.292306900024414,5.258121490478516,-1.6971912384033203,0.10988998413085938,-0.10988998413085938,0.0,-1.6070361065186254,6.868948584253669,-1.6447770527043315,0.00412591063938908,-0.005777456262091333
44,2,heldout,3,-1,-0.3490658503988659,1.2780515539998305,3,s,af3726fcacd0ac1320a56ea850b0a2c0f5430cf4eb20a45c078706980f08407e,d24fbe3839599a6a097188bae8cd47ce8083f27deef1341ae3086bf0d5a45bd1,87f63c0590d05baea263cdc42c6e1df2d063fa2def309ecb0283f3036bf33d46,87f63c0590d05baea263cdc42c6e1df2d063fa2def309ecb0283f3036bf33d46,1787977909.2975187,36493.169,18246642,0,0.9584569931030273,1.0416193008422852,1.3162813186645508,0.00057220458984375,-0.00324249267578125,0.00476837158203125,-0.0073261260986328125,-0.0024423599243164062,-0.15873050689697266,0.03663063049316406,-0.0073261260986328125,-0.0073261260986328125,-0.07570171356201172,-1.292306900024414,5.162391662597656,-1.7069597244262695,0.10988998413085938,-0.10988998413085938,0.0,-1.609059112556476,6.8709715902915205,-1.6454126505526083,0.004029057380038083,-0.005774487551179498
44,2,heldout,3,-1,-0.3490658503988659,1.2799509200049215,3,s,af3726fcacd0ac1320a56ea850b0a2c0f5430cf4eb20a45c078706980f08407e,d24fbe3839599a6a097188bae8cd47ce8083f27deef1341ae3086bf0d5a45bd1,87f63c0590d05baea263cdc42c6e1df2d063fa2def309ecb0283f3036bf33d46,87f63c0590d05baea263cdc42c6e1df2d063fa2def309ecb0283f3036bf33d46,1787977909.2994313,36493.170999999995,18246643,0,0.9584569931030273,1.0416193008422852,1.3155183792114258,0.00057220458984375,-0.00362396240234375,0.00476837158203125,-0.0073261260986328125,-0.0024423599243164062,-0.14896202087402344,0.021978378295898438,-0.021978378295898438,-0.0073261260986328125,-0.08058643341064453,-1.2786331176757812,5.217094421386719,-1.7216119766235352,0.11477375030517578,-0.10988998413085938,0.0,-1.612455238540099,6.8743677162751435,-1.6460362416155616,0.0041035800610812,-0.005779707551039387
44,2,heldout,3,-1,-0.3490658503988659,1.281865220000327,3,s,af3726fcacd0ac1320a56ea850b0a2c0f5430cf4eb20a45c078706980f08407e,d24fbe3839599a6a097188bae8cd47ce8083f27deef1341ae3086bf0d5a45bd1,87f63c0590d05baea263cdc42c6e1df2d063fa2def309ecb0283f3036bf33d46,87f63c0590d05baea263cdc42c6e1df2d063fa2def309ecb0283f3036bf33d46,1787977909.3013484,36493.172999999995,18246644,0,0.9584569931030273,1.0416193008422852,1.3147554397583008,0.00057220458984375,-0.00324249267578125,0.00476837158203125,-0.0073261260986328125,-0.0024423599243164062,-0.15384578704833984,0.021978378295898438,-0.0073261260986328125,-0.0073261260986328125,-0.08058643341064453,-1.292306900024414,5.230770111083984,-1.7264957427978516,0.11477375030517578,-0.11477375030517578,0.0,-1.6158584145113672,6.877770892246412,-1.646669925955464,0.004007187149619194,-0.005776754346122138
44,2,heldout,3,-1,-0.3490658503988659,1.2837805800008937,3,s,af3726fcacd0ac1320a56ea850b0a2c0f5430cf4eb20a45c078706980f08407e,d24fbe3839599a6a097188bae8cd47ce8083f27deef1341ae3086bf0d5a45bd1,87f63c0590d05baea263cdc42c6e1df2d063fa2def309ecb0283f3036bf33d46,87f63c0590d05baea263cdc42c6e1df2d063fa2def309ecb0283f3036bf33d46,1787977909.3032503,36493.174999999996,18246645,0,0.9584569931030273,1.0416193008422852,1.3143739700317383,0.00057220458984375,-0.00324249267578125,0.00476837158203125,-0.0073261260986328125,-0.0024423599243164062,-0.15873050689697266,0.021978378295898438,-0.0073261260986328125,-0.0073261260986328125,-0.07570171356201172,-1.2786331176757812,5.203418731689453,-1.731379508972168,0.11477375030517578,-0.11477375030517578,0.0,-1.6175557384996746,6.879468216234719,-1.6469836458654172,0.004001718132219002,-0.005777318943492693
44,2,heldout,3,-1,-0.3490658503988659,1.2856816300045466,3,s,af3726fcacd0ac1320a56ea850b0a2c0f5430cf4eb20a45c078706980f08407e,d24fbe3839599a6a097188bae8cd47ce8083f27deef1341ae3086bf0d5a45bd1,87f63c0590d05baea263cdc42c6e1df2d063fa2def309ecb0283f3036bf33d46,87f63c0590d05baea263cdc42c6e1df2d063fa2def309ecb0283f3036bf33d46,1787977909.3056843,36493.176999999996,18246646,0,0.9584569931030273,1.0416193008422852,1.3136110305786133,0.00057220458984375,-0.00324249267578125,0.00476837158203125,-0.0073261260986328125,-0.0024423599243164062,-0.16361427307128906,0.03663063049316406,-0.0073261260986328125,-0.0073261260986328125,-0.08058643341064453,-1.292306900024414,5.422222137451172,-1.7362632751464844,0.11477375030517578,-0.11477375030517578,0.0,-1.6209473829463277,6.882859860681371,-1.6476103666367226,0.003990778351234672,-0.005778445616020129
44,2,heldout,3,-1,-0.3490658503988659,1.2881117670040112,3,s,af3726fcacd0ac1320a56ea850b0a2c0f5430cf4eb20a45c078706980f08407e,d24fbe3839599a6a097188bae8cd47ce8083f27deef1341ae3086bf0d5a45bd1,87f63c0590d05baea263cdc42c6e1df2d063fa2def309ecb0283f3036bf33d46,87f63c0590d05baea263cdc42c6e1df2d063fa2def309ecb0283f3036bf33d46,1787977909.3075948,36493.179,18246647,0,0.9584569931030273,1.0416193008422852,1.3128480911254883,0.00057220458984375,-0.00324249267578125,0.00476837158203125,-0.0073261260986328125,-0.0024423599243164062,-0.17338180541992188,0.021978378295898438,-0.021978378295898438,-0.0073261260986328125,-0.07570171356201172,-1.3059825897216797,5.3128204345703125,-1.7460317611694336,0.10988998413085938,-0.11477375030517578,0.0,-1.6243350210414493,6.886247498776494,-1.6482361283726208,0.003979836247311727,-0.005779568925049703
44,2,heldout,3,-1,-0.3490658503988659,1.290027054004895,3,s,af3726fcacd0ac1320a56ea850b0a2c0f5430cf4eb20a45c078706980f08407e,d24fbe3839599a6a097188bae8cd47ce8083f27deef1341ae3086bf0d5a45bd1,87f63c0590d05baea263cdc42c6e1df2d063fa2def309ecb0283f3036bf33d46,87f63c0590d05baea263cdc42c6e1df2d063fa2def309ecb0283f3036bf33d46,1787977909.3094835,36493.181,18246648,0,0.9584569931030273,1.0416193008422852,1.3120851516723633,0.00095367431640625,-0.00324249267578125,0.00476837158203125,-0.0073261260986328125,-0.0024423599243164062,-0.1782665252685547,0.021978378295898438,-0.0073261260986328125,-0.0073261260986328125,-0.07570171356201172,-1.3059825897216797,5.340171813964844,-1.7460317611694336,0.11477375030517578,-0.11477375030517578,0.0,-1.6280306920927514,6.889943169827795,-1.6491729719884491,0.003963418749850266,-0.005781247580605792
44,2,heldout,3,-1,-0.3490658503988659,1.2919118659992819,3,s,af3726fcacd0ac1320a56ea850b0a2c0f5430cf4eb20a45c078706980f08407e,d24fbe3839599a6a097188bae8cd47ce8083f27deef1341ae3086bf0d5a45bd1,87f63c0590d05baea263cdc42c6e1df2d063fa2def309ecb0283f3036bf33d46,87f63c0590d05baea263cdc42c6e1df2d063fa2def309ecb0283f3036bf33d46,1787977909.3114095,36493.183,18246649,0,0.9584569931030273,1.0416193008422852,1.3117036819458008,0.00095367431640625,-0.00324249267578125,0.00476837158203125,-0.0073261260986328125,-0.0024423599243164062,-0.1782665252685547,0.021978378295898438,0.0073261260986328125,-0.0073261260986328125,-0.07570171356201172,-1.3059825897216797,5.326496124267578,-1.7460317611694336,0.11477375030517578,-0.11477375030517578,0.0,-1.6297207632555177,6.891633240990561,-1.6494847732817812,0.0039579450961278965,-0.005781805450001795
44,2,heldout,3,-1,-0.3490658503988659,1.2938583940049284,3,s,af3726fcacd0ac1320a56ea850b0a2c0f5430cf4eb20a45c078706980f08407e,d24fbe3839599a6a097188bae8cd47ce8083f27deef1341ae3086bf0d5a45bd1,87f63c0590d05baea263cdc42c6e1df2d063fa2def309ecb0283f3036bf33d46,87f63c0590d05baea263cdc42c6e1df2d063fa2def309ecb0283f3036bf33d46,1787977909.3133435,36493.185,18246650,0,0.9584569931030273,1.0416193008422852,1.3109407424926758,0.00057220458984375,-0.00324249267578125,0.00476837158203125,-0.0073261260986328125,-0.0024423599243164062,-0.17338180541992188,-0.0073261260986328125,0.0073261260986328125,-0.0073261260986328125,-0.07570171356201172,-1.3196582794189453,5.271793365478516,-1.7460317611694336,0.10988998413085938,-0.11477375030517578,0.0,-1.6327865755566653,6.89469905329171,-1.6497963345434903,0.003952470866448722,-0.005782362478034379
44,2,heldout,3,-1,-0.3490658503988659,1.295773278005072,3,s,af3726fcacd0ac1320a56ea850b0a2c0f5430cf4eb20a45c078706980f08407e,d24fbe3839599a6a097188bae8cd47ce8083f27deef1341ae3086bf0d5a45bd1,87f63c0590d05baea263cdc42c6e1df2d063fa2def309ecb0283f3036bf33d46,87f63c0590d05baea263cdc42c6e1df2d063fa2def309ecb0283f3036bf33d46,1787977909.3158529,36493.187,18246651,0,0.9584569931030273,1.0416193008422852,1.3101778030395508,0.00057220458984375,-0.00324249267578125,0.00476837158203125,-0.0073261260986328125,-0.0024423599243164062,-0.16361427307128906,-0.021978378295898438,0.0073261260986328125,-0.0073261260986328125,-0.07570171356201172,-1.3196582794189453,5.271793365478516,-1.7411479949951172,0.10988998413085938,-0.11477375030517578,0.0,-1.636160175908294,6.898072653643338,-1.6504187367907222,0.003941520682406446,-0.0057834740096851835
44,2,heldout,3,-1,-0.3490658503988659,1.298289136000676,3,s,af3726fcacd0ac1320a56ea850b0a2c0f5430cf4eb20a45c078706980f08407e,d24fbe3839599a6a097188bae8cd47ce8083f27deef1341ae3086bf0d5a45bd1,87f63c0590d05baea263cdc42c6e1df2d063fa2def309ecb0283f3036bf33d46,87f63c0590d05baea263cdc42c6e1df2d063fa2def309ecb0283f3036bf33d46,1787977909.3173118,36493.189,18246652,0,0.9584569931030273,1.0416193008422852,1.3097963333129883,0.00057220458984375,-0.00324249267578125,0.00476837158203125,-0.0073261260986328125,-0.0024423599243164062,-0.15873050689697266,-0.021978378295898438,-0.021978378295898438,-0.0073261260986328125,-0.07570171356201172,-1.3196582794189453,5.203418731689453,-1.731379508972168,0.10988998413085938,-0.11477375030517578,0.0,-1.6378454705042933,6.899757948239337,-1.6507295776856736,0.003936044729636814,-0.005784028513141654
44,2,heldout,3,-1,-0.3490658503988659,1.2997484270017594,3,s,af3726fcacd0ac1320a56ea850b0a2c0f5430cf4eb20a45c078706980f08407e,d24fbe3839599a6a097188bae8cd47ce8083f27deef1341ae3086bf0d5a45bd1,87f63c0590d05baea263cdc42c6e1df2d063fa2def309ecb0283f3036bf33d46,87f63c0590d05baea263cdc42c6e1df2d063fa2def309ecb0283f3036bf33d46,1787977909.3198009,36493.191,18246653,0,0.9584569931030273,1.0416193008422852,1.3090333938598633,0.00057220458984375,-0.00324249267578125,0.00476837158203125,-0.0073261260986328125,-0.0024423599243164062,-0.15384578704833984,-0.03663063049316406,-0.0073261260986328125,-0.0073261260986328125,-0.07570171356201172,-1.333333969116211,5.271793365478516,-1.7216119766235352,0.10988998413085938,-0.11477375030517578,0.0,-1.6412130473104471,6.903125525045492,-1.651350538792079,0.003925091106584826,-0.005785134994913279
44,2,heldout,3,-1,-0.3490658503988659,1.3022316900023725,3,s,af3726fcacd0ac1320a56ea850b0a2c0f5430cf4eb20a45c078706980f08407e,d24fbe3839599a6a097188bae8cd47ce8083f27deef1341ae3086bf0d5a45bd1,87f63c0590d05baea263cdc42c6e1df2d063fa2def309ecb0283f3036bf33d46,87f63c0590d05baea263cdc42c6e1df2d063fa2def309ecb0283f3036bf33d46,1787977909.321713,36493.193,18246654,0,0.9584569931030273,1.0416193008422852,1.3082704544067383,0.00057220458984375,-0.00324249267578125,0.00476837158203125,-0.0073261260986328125,-0.0024423599243164062,-0.16361427307128906,-0.03663063049316406,-0.0073261260986328125,-0.0073261260986328125,-0.08058643341064453,-1.333333969116211,5.367523193359375,-1.711843490600586,0.10988998413085938,-0.11477375030517578,0.0,-1.6445766059689029,6.906489083703947,-1.6519705386860104,0.003914135198829229,-0.005786238109293311
44,2,heldout,3,-1,-0.3490658503988659,1.3041434260012466,3,s,af3726fcacd0ac1320a56ea850b0a2c0f5430cf4eb20a45c078706980f08407e,d24fbe3839599a6a097188bae8cd47ce8083f27deef1341ae3086bf0d5a45bd1,87f63c0590d05baea263cdc42c6e1df2d063fa2def309ecb0283f3036bf33d46,87f63c0590d05baea263cdc42c6e1df2d063fa2def309ecb0283f3036bf33d46,1787977909.3236034,36493.195,18246655,0,0.9584569931030273,1.0416193008422852,1.3075075149536133,0.00057220458984375,-0.00324249267578125,0.00476837158203125,0.0073261260986328125,0.0024423599243164062,-0.17338180541992188,-0.03663063049316406,-0.021978378295898438,-0.0073261260986328125,-0.08058643341064453,-1.3470077514648438,5.394870758056641,-1.7020759582519531,0.10988998413085938,-0.11477375030517578,0.0,-1.6479361445218017,6.909848622256845,-1.6525895770065775,0.0039031770127472007,-0.005787337855639643
44,2,heldout,3,-1,-0.3490658503988659,1.306031972002529,3,s,af3726fcacd0ac1320a56ea850b0a2c0f5430cf4eb20a45c078706980f08407e,d24fbe3839599a6a097188bae8cd47ce8083f27deef1341ae3086bf0d5a45bd1,87f63c0590d05baea263cdc42c6e1df2d063fa2def309ecb0283f3036bf33d46,87f63c0590d05baea263cdc42c6e1df2d063fa2def309ecb0283f3036bf33d46,1787977909.3254855,36493.197,18246656,0,0.9584569931030273,1.0416193008422852,1.3067445755004883,0.00019073486328125,-0.00324249267578125,0.00476837158203125,0.0073261260986328125,-0.0024423599243164062,-0.17338180541992188,-0.03663063049316406,-0.0073261260986328125,-0.0073261260986328125,-0.08058643341064453,-1.3470077514648438,5.422222137451172,-1.692307472229004,0.10988998413085938,-0.10988998413085938,0.0,-1.6509827430844148,6.9128952208194585,-1.6528987354642264,0.0038976970673270024,-0.0057878864656000575
44,2,heldout,3,-1,-0.3490658503988659,1.3079159270055243,3,s,af3726fcacd0ac1320a56ea850b0a2c0f5430cf4eb20a45c078706980f08407e,d24fbe3839599a6a097188bae8cd47ce8083f27deef1341ae3086bf0d5a45bd1,87f63c0590d05baea263cdc42c6e1df2d063fa2def309ecb0283f3036bf33d46,87f63c0590d05baea263cdc42c6e1df2d063fa2def309ecb0283f3036bf33d46,1787977909.3274002,36493.199,18246657,0,0.9584569931030273,1.0416193008422852,1.3063631057739258,0.00019073486328125,-0.00324249267578125,0.00476837158203125,-0.0073261260986328125,-0.0024423599243164062,-0.1782665252685547,-0.021978378295898438,-0.0073261260986328125,-0.0073261260986328125,-0.08058643341064453,-1.333333969116211,5.449573516845703,-1.682539939880371,0.11477375030517578,-0.11477375030517578,0.0,-1.6526592330203553,6.914571710755399,-1.6532076533934545,0.003892216554717238,-0.005788434233312147
44,2,heldout,3,-1,-0.3490658503988659,1.3098357900016708,3,s,af3726fcacd0ac1320a56ea850b0a2c0f5430cf4eb20a45c078706980f08407e,d24fbe3839599a6a097188bae8cd47ce8083f27deef1341ae3086bf0d5a45bd1,87f63c0590d05baea263cdc42c6e1df2d063fa2def309ecb0283f3036bf33d46,87f63c0590d05baea263cdc42c6e1df2d063fa2def309ecb0283f3036bf33d46,1787977909.3293166,36493.201,18246658,0,0.9584569931030273,1.0416193008422852,1.3056001663208008,0.00019073486328125,-0.00324249267578125,0.00476837158203125,-0.0073261260986328125,0.0024423599243164062,-0.17338180541992188,-0.05128288269042969,-0.0073261260986328125,-0.0073261260986328125,-0.07570171356201172,-1.3470077514648438,5.367523193359375,-1.682539939880371,0.11477375030517578,-0.11477375030517578,0.0,-1.6560091940406108,6.917921671775655,-1.6538247674868733,0.003881253831119172,-0.005789527241672642
44,2,heldout,3,-1,-0.3490658503988659,1.3117532590040355,3,s,af3726fcacd0ac1320a56ea850b0a2c0f5430cf4eb20a45c078706980f08407e,d24fbe3839599a6a097188bae8cd47ce8083f27deef1341ae3086bf0d5a45bd1,87f63c0590d05baea263cdc42c6e1df2d063fa2def309ecb0283f3036bf33d46,87f63c0590d05baea263cdc42c6e1df2d063fa2def309ecb0283f3036bf33d46,1787977909.3314662,36493.203,18246659,0,0.9584569931030273,1.0416193008422852,1.3048372268676758,0.00019073486328125,-0.00324249267578125,0.00476837158203125,-0.0073261260986328125,-0.0024423599243164062,-0.16361427307128906,-0.03663063049316406,-0.021978378295898438,-0.0073261260986328125,-0.07570171356201172,-1.3470077514648438,5.271793365478516,-1.6776552200317383,0.10988998413085938,-0.11477375030517578,0.0,-1.6593551283006778,6.921267606035721,-1.654440918927626,0.0038702888483341494,-0.005790616880084916
44,2,heldout,3,-1,-0.3490658503988659,1.3139215880000847,3,s,af3726fcacd0ac1320a56ea850b0a2c0f5430cf4eb20a45c078706980f08407e,d24fbe3839599a6a097188bae8cd47ce8083f27deef1341ae3086bf0d5a45bd1,87f63c0590d05baea263cdc42c6e1df2d063fa2def309ecb0283f3036bf33d46,87f63c0590d05baea263cdc42c6e1df2d063fa2def309ecb0283f3036bf33d46,1787977909.333404,36493.205,18246660,0,0.9584569931030273,1.0416193008422852,1.3044557571411133,0.00019073486328125,-0.00324249267578125,0.00476837158203125,-0.0073261260986328125,-0.0024423599243164062,-0.15873050689697266,-0.0073261260986328125,0.0073261260986328125,-0.0073261260986328125,-0.08058643341064453,-1.3470077514648438,5.271793365478516,-1.6727714538574219,0.10988998413085938,-0.11477375030517578,0.0,-1.6610265847869257,6.92293906252197,-1.6547486335411534,0.0038648055117409914,-0.005791160435362189
44,2,heldout,3,-1,-0.3490658503988659,1.3158367069991073,3,s,af3726fcacd0ac1320a56ea850b0a2c0f5430cf4eb20a45c078706980f08407e,d24fbe3839599a6a097188bae8cd47ce8083f27deef1341ae3086bf0d5a45bd1,87f63c0590d05baea263cdc42c6e1df2d063fa2def309ecb0283f3036bf33d46,87f63c0590d05baea263cdc42c6e1df2d063fa2def309ecb0283f3036bf33d46,1787977909.3353229,36493.206999999995,18246661,0,0.9584569931030273,1.0416193008422852,1.3036928176879883,0.00019073486328125,-0.00324249267578125,0.00476837158203125,-0.0073261260986328125,-0.0024423599243164062,-0.15384578704833984,-0.021978378295898438,-0.0073261260986328125,-0.0073261260986328125,-0.08058643341064453,-1.3606834411621094,5.162391662597656,-1.6776552200317383,0.10988998413085938,-0.11477375030517578,0.0,-1.664366475255704,6.926278952990748,-1.6553633403306183,0.0038538371521430483,-0.0057922450176635205
44,2,heldout,3,-1,-0.3490658503988659,1.3177545710059348,3,s,af3726fcacd0ac1320a56ea850b0a2c0f5430cf4eb20a45c078706980f08407e,d24fbe3839599a6a097188bae8cd47ce8083f27deef1341ae3086bf0d5a45bd1,87f63c0590d05baea263cdc42c6e1df2d063fa2def309ecb0283f3036bf33d46,87f63c0590d05baea263cdc42c6e1df2d063fa2def309ecb0283f3036bf33d46,1787977909.3377924,36493.208999999995,18246662,0,0.9584569931030273,1.0416193008422852,1.3033113479614258,0.00019073486328125,-0.00324249267578125,0.00476837158203125,-0.021978378295898438,-0.0024423599243164062,-0.14407825469970703,-0.0073261260986328125,-0.021978378295898438,-0.0073261260986328125,-0.08058643341064453,-1.3470077514648438,5.0666656494140625,-1.682539939880371,0.10988998413085938,-0.11477375030517578,0.0,-1.6660349087522142,6.927947386487259,-1.655670332417105,0.003848352130734367,-0.005792786044529748
44,2,heldout,3,-1,-0.3490658503988659,1.320222605005256,3,s,af3726fcacd0ac1320a56ea850b0a2c0f5430cf4eb20a45c078706980f08407e,d24fbe3839599a6a097188bae8cd47ce8083f27deef1341ae3086bf0d5a45bd1,87f63c0590d05baea263cdc42c6e1df2d063fa2def309ecb0283f3036bf33d46,87f63c0590d05baea263cdc42c6e1df2d063fa2def309ecb0283f3036bf33d46,1787977909.339696,36493.210999999996,18246663,0,0.9584569931030273,1.0416193008422852,1.3025484085083008,0.00019073486328125,-0.00324249267578125,0.00476837158203125,0.0073261260986328125,-0.0024423599243164062,-0.14896202087402344,-0.021978378295898438,-0.0073261260986328125,-0.0073261260986328125,-0.07570171356201172,-1.3470077514648438,5.148719787597656,-1.692307472229004,0.10500621795654297,-0.11477375030517578,0.0,-1.6693687510555395,6.931281228790583,-1.6562835937502176,0.0038373804086884638,-0.005793865569299688
44,2,heldout,3,-1,-0.3490658503988659,1.3221271310030716,3,s,af3726fcacd0ac1320a56ea850b0a2c0f5430cf4eb20a45c078706980f08407e,d24fbe3839599a6a097188bae8cd47ce8083f27deef1341ae3086bf0d5a45bd1,87f63c0590d05baea263cdc42c6e1df2d063fa2def309ecb0283f3036bf33d46,87f63c0590d05baea263cdc42c6e1df2d063fa2def309ecb0283f3036bf33d46,1787977909.341593,36493.212999999996,18246664,0,0.9584569931030273,1.0416193008422852,1.3017854690551758,0.00057220458984375,-0.00324249267578125,0.00476837158203125,-0.0073261260986328125,-0.0024423599243164062,-0.15384578704833984,0.021978378295898438,-0.0073261260986328125,-0.0073261260986328125,-0.07570171356201172,-1.3606834411621094,5.24444580078125,-1.692307472229004,0.10988998413085938,-0.11477375030517578,0.0,-1.673004345804142,6.9349168235391865,-1.6572016779811929,0.0038209186395233305,-0.005795478532871028
44,2,heldout,3,-1,-0.3490658503988659,1.3240240060040378,3,s,af3726fcacd0ac1320a56ea850b0a2c0f5430cf4eb20a45c078706980f08407e,d24fbe3839599a6a097188bae8cd47ce8083f27deef1341ae3086bf0d5a45bd1,87f63c0590d05baea263cdc42c6e1df2d063fa2def309ecb0283f3036bf33d46,87f63c0590d05baea263cdc42c6e1df2d063fa2def309ecb0283f3036bf33d46,1787977909.3435016,36493.215,18246665,0,0.9584569931030273,1.0416193008422852,1.3014039993286133,0.00057220458984375,-0.00324249267578125,0.00476837158203125,-0.021978378295898438,-0.0024423599243164062,-0.15873050689697266,0.021978378295898438,-0.0073261260986328125,-0.0073261260986328125,-0.07570171356201172,-1.374359130859375,5.203418731689453,-1.7069597244262695,0.10988998413085938,-0.10988998413085938,0.0,-1.6746674949760254,6.93657997271107,-1.6575072238083657,0.003815430270036533,-0.005796014500792778
44,2,heldout,3,-1,-0.3490658503988659,1.3259353520043078,3,s,af3726fcacd0ac1320a56ea850b0a2c0f5430cf4eb20a45c078706980f08407e,d24fbe3839599a6a097188bae8cd47ce8083f27deef1341ae3086bf0d5a45bd1,87f63c0590d05baea263cdc42c6e1df2d063fa2def309ecb0283f3036bf33d46,87f63c0590d05baea263cdc42c6e1df2d063fa2def309ecb0283f3036bf33d46,1787977909.34542,36493.217,18246666,0,0.9584569931030273,1.0416193008422852,1.3006410598754883,0.00057220458984375,-0.00324249267578125,0.00476837158203125,-0.021978378295898438,-0.0024423599243164062,-0.15873050689697266,0.021978378295898438,-0.0073261260986328125,-0.0073261260986328125,-0.07570171356201172,-1.3606834411621094,5.230770111083984,-1.7216119766235352,0.10988998413085938,-0.10988998413085938,0.0,-1.6779907648622436,6.939903242597287,-1.6581175918211544,0.0038044518662071693,-0.005797083906265089
44,2,heldout,3,-1,-0.3490658503988659,1.3278587989989319,3,s,af3726fcacd0ac1320a56ea850b0a2c0f5430cf4eb20a45c078706980f08407e,d24fbe3839599a6a097188bae8cd47ce8083f27deef1341ae3086bf0d5a45bd1,87f63c0590d05baea263cdc42c6e1df2d063fa2def309ecb0283f3036bf33d46,87f63c0590d05baea263cdc42c6e1df2d063fa2def309ecb0283f3036bf33d46,1787977909.3473823,36493.219,18246667,0,0.9584569931030273,1.0416193008422852,1.3002595901489258,0.00057220458984375,-0.00362396240234375,0.00476837158203125,0.0073261260986328125,-0.0024423599243164062,-0.15873050689697266,0.03663063049316406,-0.021978378295898438,-0.0073261260986328125,-0.07570171356201172,-1.3880348205566406,5.1897430419921875,-1.731379508972168,0.10988998413085938,-0.10988998413085938,0.0,-1.6796453364002342,6.941557814135278,-1.6584168652252063,0.0038797573762162857,-0.005801479460137491
44,2,heldout,3,-1,-0.3490658503988659,1.3298178340046434,3,s,af3726fcacd0ac1320a56ea850b0a2c0f5430cf4eb20a45c078706980f08407e,d24fbe3839599a6a097188bae8cd47ce8083f27deef1341ae3086bf0d5a45bd1,87f63c0590d05baea263cdc42c6e1df2d063fa2def309ecb0283f3036bf33d46,87f63c0590d05baea263cdc42c6e1df2d063fa2def309ecb0283f3036bf33d46,1787977909.3492932,36493.221,18246668,0,0.9584569931030273,1.0416193008422852,1.2994966506958008,0.00057220458984375,-0.00324249267578125,0.00476837158203125,-0.0073261260986328125,-0.0024423599243164062,-0.15384578704833984,0.03663063049316406,-0.0073261260986328125,-0.0073261260986328125,-0.07570171356201172,-1.374359130859375,5.162391662597656,-1.7460317611694336,0.11477375030517578,-0.10988998413085938,0.0,-1.6829680949218058,6.944880572656849,-1.6590313340705565,0.0037879801103060584,-0.005798681687379356
44,2,heldout,3,-1,-0.3490658503988659,1.3317200930032413,3,s,af3726fcacd0ac1320a56ea850b0a2c0f5430cf4eb20a45c078706980f08407e,d24fbe3839599a6a097188bae8cd47ce8083f27deef1341ae3086bf0d5a45bd1,87f63c0590d05baea263cdc42c6e1df2d063fa2def309ecb0283f3036bf33d46,87f63c0590d05baea263cdc42c6e1df2d063fa2def309ecb0283f3036bf33d46,1787977909.3517542,36493.223,18246669,0,0.9584569931030273,1.0416193008422852,1.2987337112426758,0.00095367431640625,-0.00324249267578125,0.00476837158203125,-0.0073261260986328125,-0.0024423599243164062,-0.14896202087402344,0.021978378295898438,-0.0073261260986328125,-0.0073261260986328125,-0.07570171356201172,-1.374359130859375,5.217094421386719,-1.7557992935180664,0.11477375030517578,-0.11477375030517578,0.0,-1.6865848772911112,6.948497355026155,-1.6599429035326945,0.0037715033933926,-0.005800271874121258
44,2,heldout,3,-1,-0.3490658503988659,1.3342025640013162,3,s,af3726fcacd0ac1320a56ea850b0a2c0f5430cf4eb20a45c078706980f08407e,d24fbe3839599a6a097188bae8cd47ce8083f27deef1341ae3086bf0d5a45bd1,87f63c0590d05baea263cdc42c6e1df2d063fa2def309ecb0283f3036bf33d46,87f63c0590d05baea263cdc42c6e1df2d063fa2def309ecb0283f3036bf33d46,1787977909.3537261,36493.225,18246670,0,0.9584569931030273,1.0416193008422852,1.2983522415161133,0.00095367431640625,-0.00324249267578125,0.00476837158203125,-0.021978378295898438,-0.0024423599243164062,-0.14896202087402344,0.021978378295898438,-0.0073261260986328125,-0.0073261260986328125,-0.07570171356201172,-1.3880348205566406,5.299144744873047,-1.7606840133666992,0.11477375030517578,-0.11477375030517578,0.0,-1.6882397029034952,6.95015218063854,-1.6602462769720332,0.0037660100557037907,-0.005800800248370013
44,2,heldout,3,-1,-0.3490658503988659,1.3361653180036228,3,s,af3726fcacd0ac1320a56ea850b0a2c0f5430cf4eb20a45c078706980f08407e,d24fbe3839599a6a097188bae8cd47ce8083f27deef1341ae3086bf0d5a45bd1,87f63c0590d05baea263cdc42c6e1df2d063fa2def309ecb0283f3036bf33d46,87f63c0590d05baea263cdc42c6e1df2d063fa2def309ecb0283f3036bf33d46,1787977909.3556662,36493.227,18246671,0,0.9584569931030273,1.0416193008422852,1.2975893020629883,0.00095367431640625,-0.00324249267578125,0.00476837158203125,-0.0073261260986328125,-0.0024423599243164062,-0.15873050689697266,0.021978378295898438,-0.0073261260986328125,-0.0073261260986328125,-0.07570171356201172,-1.3880348205566406,5.230770111083984,-1.7606840133666992,0.11477375030517578,-0.10988998413085938,0.0,-1.6915463197468736,6.953458797481917,-1.6608522990137136,0.0037550217370458877,-0.005801854464408178
44,2,heldout,3,-1,-0.3490658503988659,1.3381013770049321,3,s,af3726fcacd0ac1320a56ea850b0a2c0f5430cf4eb20a45c078706980f08407e,d24fbe3839599a6a097188bae8cd47ce8083f27deef1341ae3086bf0d5a45bd1,87f63c0590d05baea263cdc42c6e1df2d063fa2def309ecb0283f3036bf33d46,87f63c0590d05baea263cdc42c6e1df2d063fa2def309ecb0283f3036bf33d46,1787977909.3575819,36493.229,18246672,0,0.9584569931030273,1.0416193008422852,1.2968263626098633,0.00095367431640625,-0.00324249267578125,0.00476837158203125,-0.0073261260986328125,-0.0024423599243164062,-0.16361427307128906,-0.0073261260986328125,-0.0073261260986328125,-0.0073261260986328125,-0.07570171356201172,-1.3880348205566406,5.271793365478516,-1.7606840133666992,0.10988998413085938,-0.10988998413085938,0.0,-1.694848889144732,6.956761366879776,-1.6614573543121667,0.003744031232677772,-0.005802905303322735
44,2,heldout,3,-1,-0.3490658503988659,1.3400147630018182,3,s,af3726fcacd0ac1320a56ea850b0a2c0f5430cf4eb20a45c078706980f08407e,d24fbe3839599a6a097188bae8cd47ce8083f27deef1341ae3086bf0d5a45bd1,87f63c0590d05baea263cdc42c6e1df2d063fa2def309ecb0283f3036bf33d46,87f63c0590d05baea263cdc42c6e1df2d063fa2def309ecb0283f3036bf33d46,1787977909.3594837,36493.231,18246673,0,0.9584569931030273,1.0416193008422852,1.2964448928833008,0.00095367431640625,-0.00324249267578125,0.00476837158203125,-0.0073261260986328125,-0.0024423599243164062,-0.16849803924560547,-0.0073261260986328125,0.0073261260986328125,-0.0073261260986328125,-0.07570171356201172,-1.374359130859375,5.340171813964844,-1.7557992935180664,0.10988998413085938,-0.10988998413085938,0.0,-1.6964986554507608,6.958411133185805,-1.6617595193226018,0.0037385351628514973,-0.005803429456167435
44,2,heldout,3,-1,-0.3490658503988659,1.341912053001579,3,s,af3726fcacd0ac1320a56ea850b0a2c0f5430cf4eb20a45c078706980f08407e,d24fbe3839599a6a097188bae8cd47ce8083f27deef1341ae3086bf0d5a45bd1,87f63c0590d05baea263cdc42c6e1df2d063fa2def309ecb0283f3036bf33d46,87f63c0590d05baea263cdc42c6e1df2d063fa2def309ecb0283f3036bf33d46,1787977909.361994,36493.233,18246674,0,0.9584569931030273,1.0416193008422852,1.2956819534301758,0.00095367431640625,-0.00324249267578125,0.00476837158203125,-0.0073261260986328125,-0.0024423599243164062,-0.16849803924560547,-0.0073261260986328125,0.0073261260986328125,-0.0073261260986328125,-0.07570171356201172,-1.374359130859375,5.394870758056641,-1.7557992935180664,0.10988998413085938,-0.10988998413085938,0.0,-1.6997951500766706,6.961707627811714,-1.6623631238460366,0.003727541391913421,-0.005804475228250314
44,2,heldout,3,-1,-0.3490658503988659,1.3444298630056437,3,s,af3726fcacd0ac1320a56ea850b0a2c0f5430cf4eb20a45c078706980f08407e,d24fbe3839599a6a097188bae8cd47ce8083f27deef1341ae3086bf0d5a45bd1,87f63c0590d05baea263cdc42c6e1df2d063fa2def309ecb0283f3036bf33d46,87f63c0590d05baea263cdc42c6e1df2d063fa2def309ecb0283f3036bf33d46,1787977909.3633552,36493.235,18246675,0,0.9584569931030273,1.0416193008422852,1.2949190139770508,0.00095367431640625,-0.00324249267578125,0.00476837158203125,-0.021978378295898438,-0.0024423599243164062,-0.17338180541992188,-0.0073261260986328125,0.0073261260986328125,-0.0073261260986328125,-0.07570171356201172,-1.3880348205566406,5.367523193359375,-1.75091552734375,0.10988998413085938,-0.11477375030517578,0.0,-1.703087592455606,6.96500007019065,-1.6629657607468271,0.003716545451260797,-0.005805517621684096
44,2,heldout,3,-1,-0.3490658503988659,1.345783538003161,3,s,af3726fcacd0ac1320a56ea850b0a2c0f5430cf4eb20a45c078706980f08407e,d24fbe3839599a6a097188bae8cd47ce8083f27deef1341ae3086bf0d5a45bd1,87f63c0590d05baea263cdc42c6e1df2d063fa2def309ecb0283f3036bf33d46,87f63c0590d05baea263cdc42c6e1df2d063fa2def309ecb0283f3036bf33d46,1787977909.3652444,36493.237,18246676,0,0.9584569931030273,1.0416193008422852,1.2941560745239258,0.00057220458984375,-0.00324249267578125,0.00476837158203125,-0.021978378295898438,-0.0024423599243164062,-0.17338180541992188,-0.021978378295898438,-0.0073261260986328125,-0.0073261260986328125,-0.07570171356201172,-1.3880348205566406,5.353847503662109,-1.7460317611694336,0.10988998413085938,-0.11477375030517578,0.0,-1.7060752672260073,6.967987744961051,-1.66326671622909,0.003711046669291629,-0.005806037551217889
44,2,heldout,3,-1,-0.3490658503988659,1.3476685770001495,3,s,af3726fcacd0ac1320a56ea850b0a2c0f5430cf4eb20a45c078706980f08407e,d24fbe3839599a6a097188bae8cd47ce8083f27deef1341ae3086bf0d5a45bd1,87f63c0590d05baea263cdc42c6e1df2d063fa2def309ecb0283f3036bf33d46,87f63c0590d05baea263cdc42c6e1df2d063fa2def309ecb0283f3036bf33d46,1787977909.367709,36493.239,18246677,0,0.9584569931030273,1.0416193008422852,1.2937746047973633,0.00057220458984375,-0.00324249267578125,0.00476837158203125,0.0073261260986328125,-0.0024423599243164062,-0.17338180541992188,-0.03663063049316406,-0.021978378295898438,-0.0073261260986328125,-0.07570171356201172,-1.3880348205566406,5.326496124267578,-1.731379508972168,0.10500621795654297,-0.11477375030517578,0.0,-1.70771818250515,6.969630660240195,-1.663567429674194,0.003705547347294105,-0.005806556635862033
44,2,heldout,3,-1,-0.3490658503988659,1.3501441780026653,3,s,af3726fcacd0ac1320a56ea850b0a2c0f5430cf4eb20a45c078706980f08407e,d24fbe3839599a6a097188bae8cd47ce8083f27deef1341ae3086bf0d5a45bd1,87f63c0590d05baea263cdc42c6e1df2d063fa2def309ecb0283f3036bf33d46,87f63c0590d05baea263cdc42c6e1df2d063fa2def309ecb0283f3036bf33d46,1787977909.369624,36493.241,18246678,0,0.9584569931030273,1.0416193008422852,1.2930116653442383,0.00057220458984375,-0.00324249267578125,0.00476837158203125,-0.021978378295898438,-0.0024423599243164062,-0.17338180541992188,-0.03663063049316406,0.0073261260986328125,-0.0073261260986328125,-0.07570171356201172,-1.4017086029052734,5.408546447753906,-1.7216119766235352,0.10988998413085938,-0.11477375030517578,0.0,-1.711000970180303,6.972913447915348,-1.6641681302779188,0.003694547086415082,-0.005807592270179335
44,2,heldout,3,-1,-0.3490658503988659,1.352060267003253,3,s,af3726fcacd0ac1320a56ea850b0a2c0f5430cf4eb20a45c078706980f08407e,d24fbe3839599a6a097188bae8cd47ce8083f27deef1341ae3086bf0d5a45bd1,87f63c0590d05baea263cdc42c6e1df2d063fa2def309ecb0283f3036bf33d46,87f63c0590d05baea263cdc42c6e1df2d063fa2def309ecb0283f3036bf33d46,1787977909.371513,36493.242999999995,18246679,0,0.9584569931030273,1.0416193008422852,1.2922487258911133,0.00057220458984375,-0.00324249267578125,0.00476837158203125,-0.0073261260986328125,-0.0024423599243164062,-0.17338180541992188,-0.03663063049316406,-0.0073261260986328125,-0.0073261260986328125,-0.07570171356201172,-1.4017086029052734,5.326496124267578,-1.711843490600586,0.10500621795654297,-0.11477375030517578,0.0,-1.7142796990858398,6.976192176820884,-1.6647678622083482,0.0036835446750267237,-0.005808624524033183
44,2,heldout,3,-1,-0.3490658503988659,1.3539645730052143,3,s,af3726fcacd0ac1320a56ea850b0a2c0f5430cf4eb20a45c078706980f08407e,d24fbe3839599a6a097188bae8cd47ce8083f27deef1341ae3086bf0d5a45bd1,87f63c0590d05baea263cdc42c6e1df2d063fa2def309ecb0283f3036bf33d46,87f63c0590d05baea263cdc42c6e1df2d063fa2def309ecb0283f3036bf33d46,1787977909.373454,36493.244999999995,18246680,0,0.9584569931030273,1.0416193008422852,1.2914857864379883,0.00019073486328125,-0.00324249267578125,0.00476837158203125,-0.0073261260986328125,-0.0024423599243164062,-0.17338180541992188,-0.0659332275390625,-0.0073261260986328125,-0.0073261260986328125,-0.08058643341064453,-1.4017086029052734,5.299144744873047,-1.6971912384033203,0.10988998413085938,-0.11477375030517578,0.0,-1.7172551070088589,6.9791675847439025,-1.6650673648119647,0.0036780426648928234,-0.005809139383098471
44,2,heldout,3,-1,-0.3490658503988659,1.3558884540034342,3,s,af3726fcacd0ac1320a56ea850b0a2c0f5430cf4eb20a45c078706980f08407e,d24fbe3839599a6a097188bae8cd47ce8083f27deef1341ae3086bf0d5a45bd1,87f63c0590d05baea263cdc42c6e1df2d063fa2def309ecb0283f3036bf33d46,87f63c0590d05baea263cdc42c6e1df2d063fa2def309ecb0283f3036bf33d46,1787977909.3753753,36493.246999999996,18246681,0,0.9584569931030273,1.0416193008422852,1.2907228469848633,0.00019073486328125,-0.00324249267578125,0.00476837158203125,-0.0073261260986328125,-0.0024423599243164062,-0.1782665252685547,-0.0659332275390625,-0.0073261260986328125,-0.0073261260986328125,-0.08058643341064453,-1.415384292602539,5.367523193359375,-1.682539939880371,0.10988998413085938,-0.11477375030517578,0.0,-1.7205261973810928,6.982438675116137,-1.6656656430780843,0.0036670370397488107,-0.0058101665651311635
44,2,heldout,3,-1,-0.3490658503988659,1.3578070490038954,3,s,af3726fcacd0ac1320a56ea850b0a2c0f5430cf4eb20a45c078706980f08407e,d24fbe3839599a6a097188bae8cd47ce8083f27deef1341ae3086bf0d5a45bd1,87f63c0590d05baea263cdc42c6e1df2d063fa2def309ecb0283f3036bf33d46,87f63c0590d05baea263cdc42c6e1df2d063fa2def309ecb0283f3036bf33d46,1787977909.377383,36493.248999999996,18246682,0,0.9584569931030273,1.0416193008422852,1.2903413772583008,-0.00019073486328125,-0.00324249267578125,0.00476837158203125,0.0073261260986328125,-0.0024423599243164062,-0.17338180541992188,-0.0659332275390625,-0.0073261260986328125,-0.0073261260986328125,-0.08058643341064453,-1.415384292602539,5.353847503662109,-1.6727714538574219,0.10988998413085938,-0.11477375030517578,0.0,-1.7218614429929153,6.98377392072796,-1.6656656430780843,0.0036670370397488107,-0.0058101665651311635
44,2,heldout,3,-1,-0.3490658503988659,1.359823001002951,3,s,af3726fcacd0ac1320a56ea850b0a2c0f5430cf4eb20a45c078706980f08407e,d24fbe3839599a6a097188bae8cd47ce8083f27deef1341ae3086bf0d5a45bd1,87f63c0590d05baea263cdc42c6e1df2d063fa2def309ecb0283f3036bf33d46,87f63c0590d05baea263cdc42c6e1df2d063fa2def309ecb0283f3036bf33d46,1787977909.3793294,36493.251,18246683,0,0.9584569931030273,1.0416193008422852,1.2895784378051758,-0.00019073486328125,-0.00324249267578125,0.00476837158203125,0.0073261260986328125,-0.0024423599243164062,-0.17338180541992188,-0.0659332275390625,-0.0073261260986328125,-0.0073261260986328125,-0.08058643341064453,-1.415384292602539,5.3128204345703125,-1.663003921508789,0.10988998413085938,-0.10988998413085938,0.0,-1.725126921083732,6.9870393988187764,-1.6662629517992418,0.003656029280108418,-0.005811190365201967
44,2,heldout,3,-1,-0.3490658503988659,1.3617650950036477,3,s,af3726fcacd0ac1320a56ea850b0a2c0f5430cf4eb20a45c078706980f08407e,d24fbe3839599a6a097188bae8cd47ce8083f27deef1341ae3086bf0d5a45bd1,87f63c0590d05baea263cdc42c6e1df2d063fa2def309ecb0283f3036bf33d46,87f63c0590d05baea263cdc42c6e1df2d063fa2def309ecb0283f3036bf33d46,1787977909.3812623,36493.253,18246684,0,0.9584569931030273,1.0416193008422852,1.2888154983520508,-0.00019073486328125,-0.00324249267578125,0.00476837158203125,-0.0073261260986328125,-0.0024423599243164062,-0.17338180541992188,-0.05128288269042969,-0.0073261260986328125,-0.0073261260986328125,-0.07570171356201172,-1.4017086029052734,5.3128204345703125,-1.6532354354858398,0.10988998413085938,-0.10988998413085938,0.0,-1.728388332182543,6.990300809917587,-1.6668592906277564,0.0036450193923789993,-0.00581221078271495
44,2,heldout,3,-1,-0.3490658503988659,1.3636997850044281,3,s,af3726fcacd0ac1320a56ea850b0a2c0f5430cf4eb20a45c078706980f08407e,d24fbe3839599a6a097188bae8cd47ce8083f27deef1341ae3086bf0d5a45bd1,87f63c0590d05baea263cdc42c6e1df2d063fa2def309ecb0283f3036bf33d46,87f63c0590d05baea263cdc42c6e1df2d063fa2def309ecb0283f3036bf33d46,1787977909.383761,36493.255,18246685,0,0.9584569931030273,1.0416193008422852,1.2880525588989258,-0.00019073486328125,-0.00324249267578125,0.00476837158203125,-0.0073261260986328125,-0.0024423599243164062,-0.17338180541992188,-0.03663063049316406,-0.021978378295898438,-0.0073261260986328125,-0.07570171356201172,-1.415384292602539,5.230770111083984,-1.6483516693115234,0.10988998413085938,-0.10988998413085938,0.0,-1.731645674390959,6.993558152126003,-1.667454659216515,0.0036340073829691606,-0.005813227817076153
44,2,heldout,3,-1,-0.3490658503988659,1.3661977529991418,3,s,af3726fcacd0ac1320a56ea850b0a2c0f5430cf4eb20a45c078706980f08407e,d24fbe3839599a6a097188bae8cd47ce8083f27deef1341ae3086bf0d5a45bd1,87f63c0590d05baea263cdc42c6e1df2d063fa2def309ecb0283f3036bf33d46,87f63c0590d05baea263cdc42c6e1df2d063fa2def309ecb0283f3036bf33d46,1787977909.3856995,36493.257,18246686,0,0.9584569931030273,1.0416193008422852,1.2876710891723633,-0.00019073486328125,-0.00324249267578125,0.00476837158203125,-0.0073261260986328125,-0.0024423599243164062,-0.16361427307128906,-0.03663063049316406,0.0073261260986328125,-0.0073261260986328125,-0.07570171356201172,-1.4290599822998047,5.285469055175781,-1.6532354354858398,0.10988998413085938,-0.10988998413085938,0.0,-1.7332728190686706,6.995185296803714,-1.6677519795626667,0.0036285005846371015,-0.005813735065389767
44,2,heldout,3,-1,-0.3490658503988659,1.3681320790055906,3,s,af3726fcacd0ac1320a56ea850b0a2c0f5430cf4eb20a45c078706980f08407e,d24fbe3839599a6a097188bae8cd47ce8083f27deef1341ae3086bf0d5a45bd1,87f63c0590d05baea263cdc42c6e1df2d063fa2def309ecb0283f3036bf33d46,87f63c0590d05baea263cdc42c6e1df2d063fa2def309ecb0283f3036bf33d46,1787977909.3876147,36493.259,18246687,0,0.9584569931030273,1.0416193008422852,1.2869081497192383,-0.00019073486328125,-0.00324249267578125,0.00476837158203125,-0.0073261260986328125,-0.0024423599243164062,-0.16361427307128906,-0.0073261260986328125,-0.0073261260986328125,-0.0073261260986328125,-0.07570171356201172,-1.4290599822998047,5.230770111083984,-1.6581192016601562,0.10988998413085938,-0.10988998413085938,0.0,-1.7365240543871923,6.998436532122236,-1.668345892142185,0.003617485404725446,-0.00581474702391393
44,2,heldout,3,-1,-0.3490658503988659,1.3700472400014405,3,s,af3726fcacd0ac1320a56ea850b0a2c0f5430cf4eb20a45c078706980f08407e,d24fbe3839599a6a097188bae8cd47ce8083f27deef1341ae3086bf0d5a45bd1,87f63c0590d05baea263cdc42c6e1df2d063fa2def309ecb0283f3036bf33d46,87f63c0590d05baea263cdc42c6e1df2d063fa2def309ecb0283f3036bf33d46,1787977909.3895407,36493.261,18246688,0,0.9584569931030273,1.0416193008422852,1.2861452102661133,0.00019073486328125,-0.00324249267578125,0.00476837158203125,0.0073261260986328125,-0.0024423599243164062,-0.16361427307128906,-0.0073261260986328125,0.0073261260986328125,-0.0073261260986328125,-0.07570171356201172,-1.4290599822998047,5.258121490478516,-1.663003921508789,0.10988998413085938,-0.10988998413085938,0.0,-1.7400673225446481,7.001979800279693,-1.6692349400815738,0.003600958688761562,-0.00581625861533902
44,2,heldout,3,-1,-0.3490658503988659,1.3719752399993013,3,s,af3726fcacd0ac1320a56ea850b0a2c0f5430cf4eb20a45c078706980f08407e,d24fbe3839599a6a097188bae8cd47ce8083f27deef1341ae3086bf0d5a45bd1,87f63c0590d05baea263cdc42c6e1df2d063fa2def309ecb0283f3036bf33d46,87f63c0590d05baea263cdc42c6e1df2d063fa2def309ecb0283f3036bf33d46,1787977909.392505,36493.263,18246689,0,0.9584569931030273,1.0416193008422852,1.2853822708129883,0.00019073486328125,-0.00324249267578125,0.00476837158203125,-0.0073261260986328125,-0.0024423599243164062,-0.16361427307128906,-0.0073261260986328125,-0.021978378295898438,-0.0073261260986328125,-0.07570171356201172,-1.4564094543457031,5.381195068359375,-1.6727714538574219,0.10500621795654297,-0.10988998413085938,0.0,-1.7433099228667044,7.005222400601748,-1.6698264242514547,0.003589938256740643,-0.005817262111192884
44,2,heldout,3,-1,-0.3490658503988659,1.3749762010047561,3,s,af3726fcacd0ac1320a56ea850b0a2c0f5430cf4eb20a45c078706980f08407e,d24fbe3839599a6a097188bae8cd47ce8083f27deef1341ae3086bf0d5a45bd1,87f63c0590d05baea263cdc42c6e1df2d063fa2def309ecb0283f3036bf33d46,87f63c0590d05baea263cdc42c6e1df2d063fa2def309ecb0283f3036bf33d46,1787977909.3939373,36493.265,18246690,0,0.9584569931030273,1.0416193008422852,1.2850008010864258,0.00019073486328125,-0.00324249267578125,0.00476837158203125,-0.021978378295898438,-0.0073261260986328125,-0.16849803924560547,0.0073261260986328125,-0.021978378295898438,-0.0073261260986328125,-0.07570171356201172,-1.4427356719970703,5.285469055175781,-1.6874237060546875,0.10988998413085938,-0.10988998413085938,0.0,-1.74492969405464,7.006842171789684,-1.6701218018703203,0.003584427256722093,-0.005817762589371731
44,2,heldout,3,-1,-0.3490658503988659,1.376371234000544,3,s,af3726fcacd0ac1320a56ea850b0a2c0f5430cf4eb20a45c078706980f08407e,d24fbe3839599a6a097188bae8cd47ce8083f27deef1341ae3086bf0d5a45bd1,87f63c0590d05baea263cdc42c6e1df2d063fa2def309ecb0283f3036bf33d46,87f63c0590d05baea263cdc42c6e1df2d063fa2def309ecb0283f3036bf33d46,1787977909.3959742,36493.267,18246691,0,0.9584569931030273,1.0416193008422852,1.2842378616333008,0.00019073486328125,-0.00324249267578125,0.00476837158203125,0.0073261260986328125,-0.0073261260986328125,-0.16849803924560547,-0.0073261260986328125,-0.0073261260986328125,-0.0073261260986328125,-0.08058643341064453,-1.4290599822998047,5.271793365478516,-1.6971912384033203,0.10988998413085938,-0.10988998413085938,0.0,-1.7481661773057886,7.010078655040832,-1.6707118279609858,0.0035734036926786,-0.005818761005869109
44,2,heldout,3,-1,-0.3490658503988659,1.3784048210000037,3,s,af3726fcacd0ac1320a56ea850b0a2c0f5430cf4eb20a45c078706980f08407e,d24fbe3839599a6a097188bae8cd47ce8083f27deef1341ae3086bf0d5a45bd1,87f63c0590d05baea263cdc42c6e1df2d063fa2def309ecb0283f3036bf33d46,87f63c0590d05baea263cdc42c6e1df2d063fa2def309ecb0283f3036bf33d46,1787977909.3973253,36493.269,18246692,0,0.9584569931030273,1.0416193008422852,1.2834749221801758,0.00019073486328125,-0.00324249267578125,0.00476837158203125,-0.0073261260986328125,-0.0073261260986328125,-0.16361427307128906,0.021978378295898438,-0.021978378295898438,-0.0073261260986328125,-0.08058643341064453,-1.4290599822998047,5.217094421386719,-1.7069597244262695,0.10988998413085938,-0.10988998413085938,0.0,-1.7513985801543241,7.01331105788937,-1.6713008815694235,0.003562378048640503,-0.005819756035401976
44,2,heldout,3,-1,-0.3490658503988659,1.3797548959992127,3,s,af3726fcacd0ac1320a56ea850b0a2c0f5430cf4eb20a45c078706980f08407e,d24fbe3839599a6a097188bae8cd47ce8083f27deef1341ae3086bf0d5a45bd1,87f63c0590d05baea263cdc42c6e1df2d063fa2def309ecb0283f3036bf33d46,87f63c0590d05baea263cdc42c6e1df2d063fa2def309ecb0283f3036bf33d46,1787977909.3998168,36493.271,18246693,0,0.9584569931030273,1.0416193008422852,1.2830934524536133,0.00019073486328125,-0.00362396240234375,0.00476837158203125,-0.0073261260986328125,-0.0073261260986328125,-0.15384578704833984,0.021978378295898438,-0.03663063049316406,-0.0073261260986328125,-0.07570171356201172,-1.4290599822998047,5.203418731689453,-1.7216119766235352,0.11477375030517578,-0.10988998413085938,0.0,-1.7530076783467279,7.014920156081772,-1.6715894710928156,0.003632511113751672,-0.005823868274296582
44,2,heldout,3,-1,-0.3490658503988659,1.3822444899997208,3,s,af3726fcacd0ac1320a56ea850b0a2c0f5430cf4eb20a45c078706980f08407e,d24fbe3839599a6a097188bae8cd47ce8083f27deef1341ae3086bf0d5a45bd1,87f63c0590d05baea263cdc42c6e1df2d063fa2def309ecb0283f3036bf33d46,87f63c0590d05baea263cdc42c6e1df2d063fa2def309ecb0283f3036bf33d46,1787977909.4016263,36493.273,18246694,0,0.9584569931030273,1.0416193008422852,1.2823305130004883,0.00057220458984375,-0.00324249267578125,0.00476837158203125,0.0073261260986328125,-0.0073261260986328125,-0.15384578704833984,0.0073261260986328125,-0.0073261260986328125,-0.0073261260986328125,-0.07570171356201172,-1.4290599822998047,5.230770111083984,-1.731379508972168,0.11477375030517578,-0.10988998413085938,0.0,-1.7565329616977414,7.018445439432785,-1.6724760699686814,0.0035403205462527796,-0.005821735931259412
44,2,heldout,3,-1,-0.3490658503988659,1.3840562629993656,3,s,af3726fcacd0ac1320a56ea850b0a2c0f5430cf4eb20a45c078706980f08407e,d24fbe3839599a6a097188bae8cd47ce8083f27deef1341ae3086bf0d5a45bd1,87f63c0590d05baea263cdc42c6e1df2d063fa2def309ecb0283f3036bf33d46,87f63c0590d05baea263cdc42c6e1df2d063fa2def309ecb0283f3036bf33d46,1787977909.4034882,36493.275,18246695,0,0.9584569931030273,1.0416193008422852,1.2815675735473633,0.00057220458984375,-0.00324249267578125,0.00476837158203125,-0.0073261260986328125,-0.0024423599243164062,-0.16361427307128906,0.0073261260986328125,-0.0073261260986328125,-0.0073261260986328125,-0.07570171356201172,-1.4427356719970703,5.326496124267578,-1.7362632751464844,0.11477375030517578,-0.11477375030517578,0.0,-1.7597546685160892,7.021667146251133,-1.6730622040754521,0.003529288700742309,-0.0058227207964315335
44,2,heldout,3,-1,-0.3490658503988659,1.385916110004473,3,s,af3726fcacd0ac1320a56ea850b0a2c0f5430cf4eb20a45c078706980f08407e,d24fbe3839599a6a097188bae8cd47ce8083f27deef1341ae3086bf0d5a45bd1,87f63c0590d05baea263cdc42c6e1df2d063fa2def309ecb0283f3036bf33d46,87f63c0590d05baea263cdc42c6e1df2d063fa2def309ecb0283f3036bf33d46,1787977909.4053726,36493.277,18246696,0,0.9584569931030273,1.0416193008422852,1.2811851501464844,0.00057220458984375,-0.00324249267578125,0.00476837158203125,-0.021978378295898438,-0.0024423599243164062,-0.16849803924560547,0.03663063049316406,0.0073261260986328125,-0.0073261260986328125,-0.07570171356201172,-1.4564094543457031,5.326496124267578,-1.7411479949951172,0.11477375030517578,-0.11477375030517578,0.0,-1.761368011383364,7.023280489118408,-1.6733556374058438,0.003523758214840359,-0.005823213184919575
44,2,heldout,3,-1,-0.3490658503988659,1.3878028469989658,3,s,af3726fcacd0ac1320a56ea850b0a2c0f5430cf4eb20a45c078706980f08407e,d24fbe3839599a6a097188bae8cd47ce8083f27deef1341ae3086bf0d5a45bd1,87f63c0590d05baea263cdc42c6e1df2d063fa2def309ecb0283f3036bf33d46,87f63c0590d05baea263cdc42c6e1df2d063fa2def309ecb0283f3036bf33d46,1787977909.4072857,36493.278999999995,18246697,0,0.9584569931030273,1.0416193008422852,1.2804222106933594,0.00057220458984375,-0.00324249267578125,0.00476837158203125,-0.0073261260986328125,-0.0024423599243164062,-0.17338180541992188,0.021978378295898438,-0.0073261260986328125,-0.0073261260986328125,-0.08058643341064453,-1.4564094543457031,5.326496124267578,-1.75091552734375,0.11477375030517578,-0.10988998413085938,0.0,-1.7645835816659372,7.026496059400982,-1.673940309391621,0.003512723287703968,-0.0058241929617359155
44,2,heldout,3,-1,-0.3490658503988659,1.3897230670045246,3,s,af3726fcacd0ac1320a56ea850b0a2c0f5430cf4eb20a45c078706980f08407e,d24fbe3839599a6a097188bae8cd47ce8083f27deef1341ae3086bf0d5a45bd1,87f63c0590d05baea263cdc42c6e1df2d063fa2def309ecb0283f3036bf33d46,87f63c0590d05baea263cdc42c6e1df2d063fa2def309ecb0283f3036bf33d46,1787977909.4097805,36493.280999999995,18246698,0,0.9584569931030273,1.0416193008422852,1.2796592712402344,0.00057220458984375,-0.00362396240234375,0.00476837158203125,-0.0073261260986328125,-0.0073261260986328125,-0.1880340576171875,0.0073261260986328125,-0.021978378295898438,-0.0073261260986328125,-0.07570171356201172,-1.4427356719970703,5.490596771240234,-1.7557992935180664,0.10988998413085938,-0.10988998413085938,0.0,-1.767789484305204,7.0297019620402486,-1.6745184293314381,0.003576159463782402,-0.005828729247422651
44,2,heldout,3,-1,-0.3490658503988659,1.39220982700499,3,s,af3726fcacd0ac1320a56ea850b0a2c0f5430cf4eb20a45c078706980f08407e,d24fbe3839599a6a097188bae8cd47ce8083f27deef1341ae3086bf0d5a45bd1,87f63c0590d05baea263cdc42c6e1df2d063fa2def309ecb0283f3036bf33d46,87f63c0590d05baea263cdc42c6e1df2d063fa2def309ecb0283f3036bf33d46,1787977909.4116898,36493.282999999996,18246699,0,0.9584569931030273,1.0416193008422852,1.2788963317871094,0.00057220458984375,-0.00362396240234375,0.00476837158203125,-0.0073261260986328125,-0.0073261260986328125,-0.1880340576171875,-0.0073261260986328125,0.0073261260986328125,-0.0073261260986328125,-0.07570171356201172,-1.4564094543457031,5.463249206542969,-1.75091552734375,0.11477375030517578,-0.11477375030517578,0.0,-1.7709968717725117,7.032909349507556,-1.675101151226217,0.003564885678315815,-0.005829691020893406
44,2,heldout,3,-1,-0.3490658503988659,1.3941447969991714,3,s,af3726fcacd0ac1320a56ea850b0a2c0f5430cf4eb20a45c078706980f08407e,d24fbe3839599a6a097188bae8cd47ce8083f27deef1341ae3086bf0d5a45bd1,87f63c0590d05baea263cdc42c6e1df2d063fa2def309ecb0283f3036bf33d46,87f63c0590d05baea263cdc42c6e1df2d063fa2def309ecb0283f3036bf33d46,1787977909.4135854,36493.284999999996,18246700,0,0.9584569931030273,1.0416193008422852,1.2781333923339844,0.00057220458984375,-0.00324249267578125,0.00476837158203125,0.0073261260986328125,-0.0024423599243164062,-0.1831502914428711,-0.03663063049316406,-0.021978378295898438,-0.0073261260986328125,-0.07570171356201172,-1.4564094543457031,5.5042724609375,-1.75091552734375,0.10988998413085938,-0.11477375030517578,0.0,-1.774205745285928,7.036118223020972,-1.6756884778217835,0.0034796062639496682,-0.005827111949155631
44,2,heldout,3,-1,-0.3490658503988659,1.396010902004491,3,s,af3726fcacd0ac1320a56ea850b0a2c0f5430cf4eb20a45c078706980f08407e,d24fbe3839599a6a097188bae8cd47ce8083f27deef1341ae3086bf0d5a45bd1,87f63c0590d05baea263cdc42c6e1df2d063fa2def309ecb0283f3036bf33d46,87f63c0590d05baea263cdc42c6e1df2d063fa2def309ecb0283f3036bf33d46,1787977909.415478,36493.287,18246701,0,0.9584569931030273,1.0416193008422852,1.2773704528808594,0.00019073486328125,-0.00324249267578125,0.00476837158203125,-0.0073261260986328125,-0.0073261260986328125,-0.1831502914428711,-0.021978378295898438,-0.0073261260986328125,-0.0073261260986328125,-0.07570171356201172,-1.4700851440429688,5.4358978271484375,-1.7411479949951172,0.10988998413085938,-0.11477375030517578,0.0,-1.7771146802185256,7.039027157953569,-1.675978986017152,0.0034740849830819614,-0.0058275954796234725
44,2,heldout,3,-1,-0.3490658503988659,1.3979088170017349,3,s,af3726fcacd0ac1320a56ea850b0a2c0f5430cf4eb20a45c078706980f08407e,d24fbe3839599a6a097188bae8cd47ce8083f27deef1341ae3086bf0d5a45bd1,87f63c0590d05baea263cdc42c6e1df2d063fa2def309ecb0283f3036bf33d46,87f63c0590d05baea263cdc42c6e1df2d063fa2def309ecb0283f3036bf33d46,1787977909.4173706,36493.289,18246702,0,0.9584569931030273,1.0416193008422852,1.2766075134277344,0.00019073486328125,-0.00324249267578125,0.00476837158203125,-0.0073261260986328125,-0.0024423599243164062,-0.1782665252685547,-0.021978378295898438,0.0073261260986328125,-0.0073261260986328125,-0.08058643341064453,-1.4564094543457031,5.353847503662109,-1.731379508972168,0.10988998413085938,-0.11477375030517578,0.0,-1.7803102699383992,7.042222747673444,-1.6765592707045356,0.003463040905512379,-0.0058285599964086904
44,2,heldout,3,-1,-0.3490658503988659,1.3998012650044984,3,s,af3726fcacd0ac1320a56ea850b0a2c0f5430cf4eb20a45c078706980f08407e,d24fbe3839599a6a097188bae8cd47ce8083f27deef1341ae3086bf0d5a45bd1,87f63c0590d05baea263cdc42c6e1df2d063fa2def309ecb0283f3036bf33d46,87f63c0590d05baea263cdc42c6e1df2d063fa2def309ecb0283f3036bf33d46,1787977909.4192746,36493.291,18246703,0,0.9584569931030273,1.0416193008422852,1.2762260437011719,0.00019073486328125,-0.00324249267578125,0.00476837158203125,-0.0073261260986328125,-0.0024423599243164062,-0.17338180541992188,-0.05128288269042969,-0.0073261260986328125,-0.0073261260986328125,-0.07570171356201172,-1.4564094543457031,5.422222137451172,-1.7167272567749023,0.10988998413085938,-0.11477375030517578,0.0,-1.7819065277471453,7.04381900548219,-1.6768490471121078,0.003457518110417634,-0.005829040982585704
44,2,heldout,3,-1,-0.3490658503988659,1.4017183700052556,3,s,af3726fcacd0ac1320a56ea850b0a2c0f5430cf4eb20a45c078706980f08407e,d24fbe3839599a6a097188bae8cd47ce8083f27deef1341ae3086bf0d5a45bd1,87f63c0590d05baea263cdc42c6e1df2d063fa2def309ecb0283f3036bf33d46,87f63c0590d05baea263cdc42c6e1df2d063fa2def309ecb0283f3036bf33d46,1787977909.4217656,36493.293,18246704,0,0.9584569931030273,1.0416193008422852,1.2754631042480469,-0.00019073486328125,-0.00362396240234375,0.00476837158203125,-0.0073261260986328125,-0.0073261260986328125,-0.1782665252685547,-0.0659332275390625,-0.021978378295898438,-0.0073261260986328125,-0.07570171356201172,-1.4700851440429688,5.408546447753906,-1.7020759582519531,0.10988998413085938,-0.11477375030517578,0.0,-1.7848010974762265,7.046713575211271,-1.6771329972195737,0.003525411131345941,-0.005833030501937898
44,2,heldout,3,-1,-0.3490658503988659,1.4041956330038374,3,s,af3726fcacd0ac1320a56ea850b0a2c0f5430cf4eb20a45c078706980f08407e,d24fbe3839599a6a097188bae8cd47ce8083f27deef1341ae3086bf0d5a45bd1,87f63c0590d05baea263cdc42c6e1df2d063fa2def309ecb0283f3036bf33d46,87f63c0590d05baea263cdc42c6e1df2d063fa2def309ecb0283f3036bf33d46,1787977909.4236798,36493.295,18246705,0,0.9584569931030273,1.0416193008422852,1.2747001647949219,-0.00019073486328125,-0.00324249267578125,0.00476837158203125,0.0073261260986328125,-0.0073261260986328125,-0.1782665252685547,-0.05128288269042969,-0.0073261260986328125,-0.0073261260986328125,-0.07570171356201172,-1.4700851440429688,5.408546447753906,-1.6874237060546875,0.10988998413085938,-0.11477375030517578,0.0,-1.7879925064555997,7.0499049841906425,-1.6777169120844362,0.0034409467095378584,-0.005830478851414847
44,2,heldout,3,-1,-0.3490658503988659,1.406112076001591,3,s,af3726fcacd0ac1320a56ea850b0a2c0f5430cf4eb20a45c078706980f08407e,d24fbe3839599a6a097188bae8cd47ce8083f27deef1341ae3086bf0d5a45bd1,87f63c0590d05baea263cdc42c6e1df2d063fa2def309ecb0283f3036bf33d46,87f63c0590d05baea263cdc42c6e1df2d063fa2def309ecb0283f3036bf33d46,1787977909.425591,36493.297,18246706,0,0.9584569931030273,1.0416193008422852,1.2739372253417969,-0.00019073486328125,-0.00324249267578125,0.00476837158203125,0.0073261260986328125,-0.0024423599243164062,-0.1880340576171875,-0.05128288269042969,0.0073261260986328125,-0.0073261260986328125,-0.07570171356201172,-1.4700851440429688,5.476924896240234,-1.6727714538574219,0.10988998413085938,-0.11477375030517578,0.0,-1.7911742295639264,7.05308670729897,-1.678294268103118,0.0034298966039934364,-0.005831433188518871
44,2,heldout,3,-1,-0.3490658503988659,1.4080223000055412,3,s,af3726fcacd0ac1320a56ea850b0a2c0f5430cf4eb20a45c078706980f08407e,d24fbe3839599a6a097188bae8cd47ce8083f27deef1341ae3086bf0d5a45bd1,87f63c0590d05baea263cdc42c6e1df2d063fa2def309ecb0283f3036bf33d46,87f63c0590d05baea263cdc42c6e1df2d063fa2def309ecb0283f3036bf33d46,1787977909.4275074,36493.299,18246707,0,0.9584569931030273,1.0416193008422852,1.2731742858886719,-0.00019073486328125,-0.00324249267578125,0.00476837158203125,-0.0073261260986328125,-0.0024423599243164062,-0.1929178237915039,-0.0659332275390625,0.0073261260986328125,-0.0073261260986328125,-0.07570171356201172,-1.4700851440429688,5.463249206542969,-1.6581192016601562,0.10988998413085938,-0.11477375030517578,0.0,-1.7943518472356614,7.056264324970705,-1.6788706472260113,0.0034188445019865225,-0.005832384131282205
44,2,heldout,3,-1,-0.3490658503988659,1.4099366860027658,3,s,af3726fcacd0ac1320a56ea850b0a2c0f5430cf4eb20a45c078706980f08407e,d24fbe3839599a6a097188bae8cd47ce8083f27deef1341ae3086bf0d5a45bd1,87f63c0590d05baea263cdc42c6e1df2d063fa2def309ecb0283f3036bf33d46,87f63c0590d05baea263cdc42c6e1df2d063fa2def309ecb0283f3036bf33d46,1787977909.4294133,36493.301,18246708,0,0.9584569931030273,1.0416193008422852,1.2724113464355469,-0.00019073486328125,-0.00324249267578125,0.00476837158203125,-0.0073261260986328125,-0.0024423599243164062,-0.1880340576171875,-0.03663063049316406,-0.0073261260986328125,-0.0073261260986328125,-0.07570171356201172,-1.4837608337402344,5.490596771240234,-1.6532354354858398,0.10988998413085938,-0.10988998413085938,0.0,-1.7975253576211805,7.059437835356224,-1.6794460491176173,0.0034077904099502915,-0.005833331679151322
44,2,heldout,3,-1,-0.3490658503988659,1.4118418290017871,3,s,af3726fcacd0ac1320a56ea850b0a2c0f5430cf4eb20a45c078706980f08407e,d24fbe3839599a6a097188bae8cd47ce8083f27deef1341ae3086bf0d5a45bd1,87f63c0590d05baea263cdc42c6e1df2d063fa2def309ecb0283f3036bf33d46,87f63c0590d05baea263cdc42c6e1df2d063fa2def309ecb0283f3036bf33d46,1787977909.431306,36493.303,18246709,0,0.9584569931030273,1.0416193008422852,1.2716484069824219,-0.00019073486328125,-0.00324249267578125,0.00476837158203125,-0.0073261260986328125,-0.0024423599243164062,-0.1831502914428711,-0.021978378295898438,-0.0073261260986328125,-0.0073261260986328125,-0.07570171356201172,-1.4837608337402344,5.381195068359375,-1.6532354354858398,0.10988998413085938,-0.10988998413085938,0.0,-1.8006947588732642,7.062607236608308,-1.6800204734430095,0.00339673433431907,-0.0058342758315746805
44,2,heldout,3,-1,-0.3490658503988659,1.413758308000979,3,s,af3726fcacd0ac1320a56ea850b0a2c0f5430cf4eb20a45c078706980f08407e,d24fbe3839599a6a097188bae8cd47ce8083f27deef1341ae3086bf0d5a45bd1,87f63c0590d05baea263cdc42c6e1df2d063fa2def309ecb0283f3036bf33d46,87f63c0590d05baea263cdc42c6e1df2d063fa2def309ecb0283f3036bf33d46,1787977909.4332006,36493.305,18246710,0,0.9584569931030273,1.0416193008422852,1.2708854675292969,-0.00019073486328125,-0.00324249267578125,0.00476837158203125,-0.0073261260986328125,-0.0024423599243164062,-0.17338180541992188,-0.021978378295898438,0.0073261260986328125,-0.0073261260986328125,-0.08058643341064453,-1.4837608337402344,5.367523193359375,-1.6581192016601562,0.10988998413085938,-0.10988998413085938,0.0,-1.8038600491470747,7.065772526882119,-1.6805939198678286,0.0033856762815283456,-0.005835216588002712
44,2,heldout,3,-1,-0.3490658503988659,1.4156261640018784,3,s,af3726fcacd0ac1320a56ea850b0a2c0f5430cf4eb20a45c078706980f08407e,d24fbe3839599a6a097188bae8cd47ce8083f27deef1341ae3086bf0d5a45bd1,87f63c0590d05baea263cdc42c6e1df2d063fa2def309ecb0283f3036bf33d46,87f63c0590d05baea263cdc42c6e1df2d063fa2def309ecb0283f3036bf33d46,1787977909.4356277,36493.307,18246711,0,0.9584569931030273,1.0416193008422852,1.2705039978027344,-0.00019073486328125,-0.00324249267578125,0.00476837158203125,-0.0073261260986328125,-0.0024423599243164062,-0.16849803924560547,-0.0073261260986328125,-0.0073261260986328125,-0.0073261260986328125,-0.08058643341064453,-1.4700851440429688,5.367523193359375,-1.6678876876831055,0.10988998413085938,-0.10988998413085938,0.0,-1.8054411520912672,7.067353629826311,-1.6808802762631911,0.00338014651570957,-0.005835685692547278
44,2,heldout,3,-1,-0.3490658503988659,1.4180521750022308,3,s,af3726fcacd0ac1320a56ea850b0a2c0f5430cf4eb20a45c078706980f08407e,d24fbe3839599a6a097188bae8cd47ce8083f27deef1341ae3086bf0d5a45bd1,87f63c0590d05baea263cdc42c6e1df2d063fa2def309ecb0283f3036bf33d46,87f63c0590d05baea263cdc42c6e1df2d063fa2def309ecb0283f3036bf33d46,1787977909.4375768,36493.309,18246712,0,0.9584569931030273,1.0416193008422852,1.2697410583496094,-0.00019073486328125,-0.00324249267578125,0.00476837158203125,0.0073261260986328125,-0.0024423599243164062,-0.15873050689697266,-0.0073261260986328125,-0.0073261260986328125,-0.0073261260986328125,-0.07570171356201172,-1.4837608337402344,5.3128204345703125,-1.6727714538574219,0.10988998413085938,-0.10988998413085938,0.0,-1.8086002724438415,7.070512750178885,-1.681452255211473,0.003369085509248624,-0.005836621353956201
44,2,heldout,3,-1,-0.3490658503988659,1.4200089730002219,3,s,af3726fcacd0ac1320a56ea850b0a2c0f5430cf4eb20a45c078706980f08407e,d24fbe3839599a6a097188bae8cd47ce8083f27deef1341ae3086bf0d5a45bd1,87f63c0590d05baea263cdc42c6e1df2d063fa2def309ecb0283f3036bf33d46,87f63c0590d05baea263cdc42c6e1df2d063fa2def309ecb0283f3036bf33d46,1787977909.439486,36493.311,18246713,0,0.9584569931030273,1.0416193008422852,1.2689781188964844,-0.00019073486328125,-0.00324249267578125,0.00476837158203125,-0.021978378295898438,-0.0024423599243164062,-0.16361427307128906,-0.0073261260986328125,-0.021978378295898438,-0.0073261260986328125,-0.07570171356201172,-1.4974365234375,5.3128204345703125,-1.6776552200317383,0.10988998413085938,-0.10988998413085938,0.0,-1.8117552772165273,7.073667754951571,-1.6820232554257757,0.0033580225417219074,-0.0058375536180045205
44,2,heldout,3,-1,-0.3490658503988659,1.4219171040022047,3,s,af3726fcacd0ac1320a56ea850b0a2c0f5430cf4eb20a45c078706980f08407e,d24fbe3839599a6a097188bae8cd47ce8083f27deef1341ae3086bf0d5a45bd1,87f63c0590d05baea263cdc42c6e1df2d063fa2def309ecb0283f3036bf33d46,87f63c0590d05baea263cdc42c6e1df2d063fa2def309ecb0283f3036bf33d46,1787977909.4413536,36493.313,18246714,0,0.9584569931030273,1.0416193008422852,1.2682151794433594,-0.00019073486328125,-0.00324249267578125,0.00476837158203125,-0.0073261260986328125,-0.0024423599243164062,-0.17338180541992188,-0.0073261260986328125,-0.0073261260986328125,-0.0073261260986328125,-0.08058643341064453,-1.4974365234375,5.299144744873047,-1.6874237060546875,0.10988998413085938,-0.10988998413085938,0.0,-1.8149061645728692,7.076818642307913,-1.6825932765737317,0.003346957619568911,-0.005838482484149589
44,2,heldout,3,-1,-0.3490658503988659,1.423778927004605,3,s,af3726fcacd0ac1320a56ea850b0a2c0f5430cf4eb20a45c078706980f08407e,d24fbe3839599a6a097188bae8cd47ce8083f27deef1341ae3086bf0d5a45bd1,87f63c0590d05baea263cdc42c6e1df2d063fa2def309ecb0283f3036bf33d46,87f63c0590d05baea263cdc42c6e1df2d063fa2def309ecb0283f3036bf33d46,1787977909.4432738,36493.314999999995,18246715,0,0.9584569931030273,1.0416193008422852,1.2674522399902344,-0.00019073486328125,-0.00324249267578125,0.00476837158203125,-0.0073261260986328125,-0.0024423599243164062,-0.17338180541992188,0.021978378295898438,-0.0073261260986328125,-0.0073261260986328125,-0.07570171356201172,-1.4837608337402344,5.285469055175781,-1.692307472229004,0.10988998413085938,-0.10988998413085938,0.0,-1.8180529326788144,7.079965410413859,-1.6831623183235476,0.0033358907492302683,-0.005839407951850738
44,2,heldout,3,-1,-0.3490658503988659,1.4257063309996738,3,s,af3726fcacd0ac1320a56ea850b0a2c0f5430cf4eb20a45c078706980f08407e,d24fbe3839599a6a097188bae8cd47ce8083f27deef1341ae3086bf0d5a45bd1,87f63c0590d05baea263cdc42c6e1df2d063fa2def309ecb0283f3036bf33d46,87f63c0590d05baea263cdc42c6e1df2d063fa2def309ecb0283f3036bf33d46,1787977909.4457386,36493.316999999995,18246716,0,0.9584569931030273,1.0416193008422852,1.2670707702636719,0.00019073486328125,-0.00324249267578125,0.00476837158203125,-0.0073261260986328125,-0.0024423599243164062,-0.1782665252685547,0.05128288269042969,-0.0073261260986328125,-0.0073261260986328125,-0.07570171356201172,-1.4974365234375,5.326496124267578,-1.7069597244262695,0.10988998413085938,-0.11477375030517578,0.0,-1.819908679963771,7.081821157698815,-1.6837303803439945,0.00332482193714774,-0.005840330020569267
44,2,heldout,3,-1,-0.3490658503988659,1.4281652990030125,3,s,af3726fcacd0ac1320a56ea850b0a2c0f5430cf4eb20a45c078706980f08407e,d24fbe3839599a6a097188bae8cd47ce8083f27deef1341ae3086bf0d5a45bd1,87f63c0590d05baea263cdc42c6e1df2d063fa2def309ecb0283f3036bf33d46,87f63c0590d05baea263cdc42c6e1df2d063fa2def309ecb0283f3036bf33d46,1787977909.4476345,36493.318999999996,18246717,0,0.9584569931030273,1.0416193008422852,1.2663078308105469,0.00019073486328125,-0.00324249267578125,0.00476837158203125,-0.0073261260986328125,-0.0024423599243164062,-0.17338180541992188,0.03663063049316406,-0.021978378295898438,-0.0073261260986328125,-0.08058643341064453,-1.4974365234375,5.326496124267578,-1.7216119766235352,0.10988998413085938,-0.11477375030517578,0.0,-1.8230487756891978,7.084961253424241,-1.6842974623044196,0.0033137511897642306,-0.0058412486897684674
44,2,heldout,3,-1,-0.3490658503988659,1.4300646940027946,3,s,af3726fcacd0ac1320a56ea850b0a2c0f5430cf4eb20a45c078706980f08407e,d24fbe3839599a6a097188bae8cd47ce8083f27deef1341ae3086bf0d5a45bd1,87f63c0590d05baea263cdc42c6e1df2d063fa2def309ecb0283f3036bf33d46,87f63c0590d05baea263cdc42c6e1df2d063fa2def309ecb0283f3036bf33d46,1787977909.4495091,36493.320999999996,18246718,0,0.9584569931030273,1.0416193008422852,1.2655448913574219,0.00019073486328125,-0.00362396240234375,0.00476837158203125,-0.0073261260986328125,-0.0024423599243164062,-0.16849803924560547,0.021978378295898438,-0.0073261260986328125,-0.0073261260986328125,-0.08058643341064453,-1.5111103057861328,5.3128204345703125,-1.7362632751464844,0.10988998413085938,-0.10988998413085938,0.0,-1.826179151727303,7.0880916294623475,-1.6848579681774387,0.003372919204201958,-0.005845521541765449
44,2,heldout,3,-1,-0.3490658503988659,1.4319363130052807,3,s,af3726fcacd0ac1320a56ea850b0a2c0f5430cf4eb20a45c078706980f08407e,d24fbe3839599a6a097188bae8cd47ce8083f27deef1341ae3086bf0d5a45bd1,87f63c0590d05baea263cdc42c6e1df2d063fa2def309ecb0283f3036bf33d46,87f63c0590d05baea263cdc42c6e1df2d063fa2def309ecb0283f3036bf33d46,1787977909.4514182,36493.323,18246719,0,0.9584569931030273,1.0416193008422852,1.2647819519042969,0.00019073486328125,-0.00324249267578125,0.00476837158203125,-0.0073261260986328125,-0.0024423599243164062,-0.16849803924560547,0.03663063049316406,-0.0073261260986328125,-0.0073261260986328125,-0.08058643341064453,-1.5247859954833984,5.326496124267578,-1.7460317611694336,0.10988998413085938,-0.10988998413085938,0.0,-1.8293165933446036,7.091229071079647,-1.6854286847254303,0.0032916039148714648,-0.005843075827471919
44,2,heldout,3,-1,-0.3490658503988659,1.433871466004348,3,s,af3726fcacd0ac1320a56ea850b0a2c0f5430cf4eb20a45c078706980f08407e,d24fbe3839599a6a097188bae8cd47ce8083f27deef1341ae3086bf0d5a45bd1,87f63c0590d05baea263cdc42c6e1df2d063fa2def309ecb0283f3036bf33d46,87f63c0590d05baea263cdc42c6e1df2d063fa2def309ecb0283f3036bf33d46,1787977909.4533694,36493.325,18246720,0,0.9584569931030273,1.0416193008422852,1.2644004821777344,0.00019073486328125,-0.00324249267578125,0.00476837158203125,-0.0073261260986328125,-0.0024423599243164062,-0.16849803924560547,0.03663063049316406,-0.0073261260986328125,-0.0073261260986328125,-0.08058643341064453,-1.5111103057861328,5.299144744873047,-1.7557992935180664,0.10988998413085938,-0.10988998413085938,0.0,-1.830880968554061,7.092793446289105,-1.685710877278102,0.003286065896655304,-0.005843530486365073
44,2,heldout,3,-1,-0.3490658503988659,1.4358046999986982,3,s,af3726fcacd0ac1320a56ea850b0a2c0f5430cf4eb20a45c078706980f08407e,d24fbe3839599a6a097188bae8cd47ce8083f27deef1341ae3086bf0d5a45bd1,87f63c0590d05baea263cdc42c6e1df2d063fa2def309ecb0283f3036bf33d46,87f63c0590d05baea263cdc42c6e1df2d063fa2def309ecb0283f3036bf33d46,1787977909.4558716,36493.327,18246721,0,0.9584569931030273,1.0416193008422852,1.2636375427246094,0.00019073486328125,-0.00324249267578125,0.00476837158203125,-0.0073261260986328125,-0.0024423599243164062,-0.16849803924560547,0.0073261260986328125,-0.0073261260986328125,-0.0073261260986328125,-0.08058643341064453,-1.5247859954833984,5.326496124267578,-1.7606840133666992,0.10988998413085938,-0.11477375030517578,0.0,-1.8340066223336424,7.095919100068687,-1.6862745264327716,0.003274988426472382,-0.005844437253048564
44,2,heldout,3,-1,-0.3490658503988659,1.4383039720050874,3,s,af3726fcacd0ac1320a56ea850b0a2c0f5430cf4eb20a45c078706980f08407e,d24fbe3839599a6a097188bae8cd47ce8083f27deef1341ae3086bf0d5a45bd1,87f63c0590d05baea263cdc42c6e1df2d063fa2def309ecb0283f3036bf33d46,87f63c0590d05baea263cdc42c6e1df2d063fa2def309ecb0283f3036bf33d46,1787977909.4577613,36493.329,18246722,0,0.9584569931030273,1.0416193008422852,1.2628746032714844,0.00019073486328125,-0.00324249267578125,0.00476837158203125,-0.0073261260986328125,-0.0024423599243164062,-0.1782665252685547,0.021978378295898438,-0.0073261260986328125,-0.0073261260986328125,-0.07570171356201172,-1.5247859954833984,5.408546447753906,-1.7606840133666992,0.10988998413085938,-0.11477375030517578,0.0,-1.8371281457448947,7.0990406234799375,-1.6868371940465292,0.0032639090499953947,-0.005845340617822
44,2,heldout,3,-1,-0.3490658503988659,1.4401861369988183,3,s,af3726fcacd0ac1320a56ea850b0a2c0f5430cf4eb20a45c078706980f08407e,d24fbe3839599a6a097188bae8cd47ce8083f27deef1341ae3086bf0d5a45bd1,87f63c0590d05baea263cdc42c6e1df2d063fa2def309ecb0283f3036bf33d46,87f63c0590d05baea263cdc42c6e1df2d063fa2def309ecb0283f3036bf33d46,1787977909.459647,36493.331,18246723,0,0.9584569931030273,1.0416193008422852,1.2621116638183594,0.00019073486328125,-0.00324249267578125,0.00476837158203125,-0.021978378295898438,-0.0024423599243164062,-0.1880340576171875,0.021978378295898438,0.0073261260986328125,-0.0073261260986328125,-0.07570171356201172,-1.538461685180664,5.394870758056641,-1.7606840133666992,0.11477375030517578,-0.11477375030517578,0.0,-1.840245536970857,7.102158014705902,-1.6873988797918629,0.0032528277736733873,-0.005846240580159561
44,2,heldout,3,-1,-0.3490658503988659,1.442072416000883,3,s,af3726fcacd0ac1320a56ea850b0a2c0f5430cf4eb20a45c078706980f08407e,d24fbe3839599a6a097188bae8cd47ce8083f27deef1341ae3086bf0d5a45bd1,87f63c0590d05baea263cdc42c6e1df2d063fa2def309ecb0283f3036bf33d46,87f63c0590d05baea263cdc42c6e1df2d063fa2def309ecb0283f3036bf33d46,1787977909.4615421,36493.333,18246724,0,0.9584569931030273,1.0416193008422852,1.2613487243652344,0.00019073486328125,-0.00324249267578125,0.00476837158203125,0.0073261260986328125,-0.0024423599243164062,-0.1880340576171875,-0.0073261260986328125,-0.0073261260986328125,-0.0073261260986328125,-0.07570171356201172,-1.538461685180664,5.463249206542969,-1.7606840133666992,0.11477375030517578,-0.10988998413085938,0.0,-1.843358794196964,7.105271271932008,-1.6879595833418242,0.003241744603956511,-0.005847137139537387
44,2,heldout,3,-1,-0.3490658503988659,1.443977414004621,3,s,af3726fcacd0ac1320a56ea850b0a2c0f5430cf4eb20a45c078706980f08407e,d24fbe3839599a6a097188bae8cd47ce8083f27deef1341ae3086bf0d5a45bd1,87f63c0590d05baea263cdc42c6e1df2d063fa2def309ecb0283f3036bf33d46,87f63c0590d05baea263cdc42c6e1df2d063fa2def309ecb0283f3036bf33d46,1787977909.4634464,36493.335,18246725,0,0.9584569931030273,1.0416193008422852,1.2605857849121094,0.00019073486328125,-0.00324249267578125,0.00476837158203125,-0.0073261260986328125,-0.0024423599243164062,-0.1929178237915039,-0.021978378295898438,0.0073261260986328125,-0.0073261260986328125,-0.07570171356201172,-1.538461685180664,5.5042724609375,-1.7557992935180664,0.10988998413085938,-0.10988998413085938,0.0,-1.8464679156110608,7.108380393346105,-1.6885193043700433,0.003230659547296018,-0.005848030295433624
44,2,heldout,3,-1,-0.3490658503988659,1.4458812689990737,3,s,af3726fcacd0ac1320a56ea850b0a2c0f5430cf4eb20a45c078706980f08407e,d24fbe3839599a6a097188bae8cd47ce8083f27deef1341ae3086bf0d5a45bd1,87f63c0590d05baea263cdc42c6e1df2d063fa2def309ecb0283f3036bf33d46,87f63c0590d05baea263cdc42c6e1df2d063fa2def309ecb0283f3036bf33d46,1787977909.4653525,36493.337,18246726,0,0.9584569931030273,1.0416193008422852,1.2598228454589844,0.00019073486328125,-0.00324249267578125,0.00476837158203125,-0.021978378295898438,-0.0024423599243164062,-0.1929178237915039,-0.0073261260986328125,0.0073261260986328125,-0.0073261260986328125,-0.07570171356201172,-1.538461685180664,5.517948150634766,-1.7411479949951172,0.10988998413085938,-0.10988998413085938,0.0,-1.849572899403403,7.111485377138447,-1.6890780425507181,0.003219572610144266,-0.005848920047328379
44,2,heldout,3,-1,-0.3490658503988659,1.4477872330026003,3,s,af3726fcacd0ac1320a56ea850b0a2c0f5430cf4eb20a45c078706980f08407e,d24fbe3839599a6a097188bae8cd47ce8083f27deef1341ae3086bf0d5a45bd1,87f63c0590d05baea263cdc42c6e1df2d063fa2def309ecb0283f3036bf33d46,87f63c0590d05baea263cdc42c6e1df2d063fa2def309ecb0283f3036bf33d46,1787977909.4678786,36493.339,18246727,0,0.9584569931030273,1.0416193008422852,1.2590599060058594,0.00019073486328125,-0.00324249267578125,0.00476837158203125,0.0073261260986328125,-0.0024423599243164062,-0.1929178237915039,-0.03663063049316406,-0.021978378295898438,-0.0073261260986328125,-0.07570171356201172,-1.538461685180664,5.531623840332031,-1.731379508972168,0.10988998413085938,-0.11477375030517578,0.0,-1.8526737437666525,7.114586221501696,-1.6896357975586211,0.003208483798954694,-0.005849806394703751
44,2,heldout,3,-1,-0.3490658503988659,1.4503163550034515,3,s,af3726fcacd0ac1320a56ea850b0a2c0f5430cf4eb20a45c078706980f08407e,d24fbe3839599a6a097188bae8cd47ce8083f27deef1341ae3086bf0d5a45bd1,87f63c0590d05baea263cdc42c6e1df2d063fa2def309ecb0283f3036bf33d46,87f63c0590d05baea263cdc42c6e1df2d063fa2def309ecb0283f3036bf33d46,1787977909.4698267,36493.341,18246728,0,0.9584569931030273,1.0416193008422852,1.2582969665527344,-0.00019073486328125,-0.00324249267578125,0.00476837158203125,-0.0073261260986328125,-0.0024423599243164062,-0.1929178237915039,-0.05128288269042969,-0.0073261260986328125,-0.0073261260986328125,-0.07570171356201172,-1.538461685180664,5.517948150634766,-1.7167272567749023,0.10988998413085938,-0.11477375030517578,0.0,-1.8554921840980927,7.117404661833136,-1.6899143062713073,0.0032029386926127256,-0.005850248291535368
44,2,heldout,3,-1,-0.3490658503988659,1.4522624450037256,3,s,af3726fcacd0ac1320a56ea850b0a2c0f5430cf4eb20a45c078706980f08407e,d24fbe3839599a6a097188bae8cd47ce8083f27deef1341ae3086bf0d5a45bd1,87f63c0590d05baea263cdc42c6e1df2d063fa2def309ecb0283f3036bf33d46,87f63c0590d05baea263cdc42c6e1df2d063fa2def309ecb0283f3036bf33d46,1787977909.4717617,36493.343,18246729,0,0.9584569931030273,1.0416193008422852,1.2575340270996094,-0.00019073486328125,-0.00324249267578125,0.00476837158203125,0.0073261260986328125,-0.0024423599243164062,-0.1929178237915039,-0.03663063049316406,0.0073261260986328125,-0.0073261260986328125,-0.07570171356201172,-1.538461685180664,5.463249206542969,-1.7020759582519531,0.10988998413085938,-0.11477375030517578,0.0,-1.8585852361420065,7.12049771387705,-1.6904705859115003,0.003191847082469027,-0.005851129531164929
44,2,heldout,3,-1,-0.3490658503988659,1.45420928200474,3,s,af3726fcacd0ac1320a56ea850b0a2c0f5430cf4eb20a45c078706980f08407e,d24fbe3839599a6a097188bae8cd47ce8083f27deef1341ae3086bf0d5a45bd1,87f63c0590d05baea263cdc42c6e1df2d063fa2def309ecb0283f3036bf33d46,87f63c0590d05baea263cdc42c6e1df2d063fa2def309ecb0283f3036bf33d46,1787977909.4736989,36493.345,18246730,0,0.9584569931030273,1.0416193008422852,1.2567710876464844,-0.00019073486328125,-0.00324249267578125,0.00476837158203125,0.0073261260986328125,-0.0024423599243164062,-0.1929178237915039,-0.08058547973632812,-0.0073261260986328125,-0.0073261260986328125,-0.07570171356201172,-1.5521373748779297,5.463249206542969,-1.6874237060546875,0.10988998413085938,-0.10988998413085938,0.0,-1.8616741435109607,7.123586621246006,-1.6910258815683568,0.0031807536144258927,-0.005852007364989022
44,2,heldout,3,-1,-0.3490658503988659,1.4561369549992378,3,s,af3726fcacd0ac1320a56ea850b0a2c0f5430cf4eb20a45c078706980f08407e,d24fbe3839599a6a097188bae8cd47ce8083f27deef1341ae3086bf0d5a45bd1,87f63c0590d05baea263cdc42c6e1df2d063fa2def309ecb0283f3036bf33d46,87f63c0590d05baea263cdc42c6e1df2d063fa2def309ecb0283f3036bf33d46,1787977909.4756372,36493.347,18246731,0,0.9584569931030273,1.0416193008422852,1.2560081481933594,-0.00057220458984375,-0.00324249267578125,0.00476837158203125,-0.0073261260986328125,-0.0024423599243164062,-0.1929178237915039,-0.0659332275390625,-0.0073261260986328125,-0.0073261260986328125,-0.07570171356201172,-1.5521373748779297,5.5042724609375,-1.6727714538574219,0.10988998413085938,-0.10988998413085938,0.0,-1.8644818717903235,7.126394349525367,-1.6913031603020021,0.0031752061857098805,-0.005852445004564259
44,2,heldout,3,-1,-0.3490658503988659,1.4580727120046504,3,s,af3726fcacd0ac1320a56ea850b0a2c0f5430cf4eb20a45c078706980f08407e,d24fbe3839599a6a097188bae8cd47ce8083f27deef1341ae3086bf0d5a45bd1,87f63c0590d05baea263cdc42c6e1df2d063fa2def309ecb0283f3036bf33d46,87f63c0590d05baea263cdc42c6e1df2d063fa2def309ecb0283f3036bf33d46,1787977909.4775808,36493.349,18246732,0,0.9584569931030273,1.0416193008422852,1.2552452087402344,-0.00057220458984375,-0.00324249267578125,0.00476837158203125,-0.0073261260986328125,-0.0024423599243164062,-0.19780254364013672,-0.05128288269042969,0.0073261260986328125,-0.0073261260986328125,-0.07570171356201172,-1.5521373748779297,5.531623840332031,-1.663003921508789,0.10988998413085938,-0.10988998413085938,0.0,-1.867562976772723,7.129475454507768,-1.6918569793779819,0.0031641099429252683,-0.0058533177287227005
44,2,heldout,3,-1,-0.3490658503988659,1.4600179440021748,3,s,af3726fcacd0ac1320a56ea850b0a2c0f5430cf4eb20a45c078706980f08407e,d24fbe3839599a6a097188bae8cd47ce8083f27deef1341ae3086bf0d5a45bd1,87f63c0590d05baea263cdc42c6e1df2d063fa2def309ecb0283f3036bf33d46,87f63c0590d05baea263cdc42c6e1df2d063fa2def309ecb0283f3036bf33d46,1787977909.4795387,36493.350999999995,18246733,0,0.9584569931030273,1.0416193008422852,1.2544822692871094,-0.00057220458984375,-0.00324249267578125,0.00476837158203125,-0.0073261260986328125,-0.0024423599243164062,-0.1929178237915039,-0.05128288269042969,0.0073261260986328125,-0.0073261260986328125,-0.07570171356201172,-1.5521373748779297,5.476924896240234,-1.6581192016601562,0.10988998413085938,-0.10988998413085938,0.0,-1.8706399318544285,7.132552409589472,-1.6924098136636363,0.0031530118583863575,-0.005854187045801971
44,2,heldout,3,-1,-0.3490658503988659,1.461978197999997,3,s,af3726fcacd0ac1320a56ea850b0a2c0f5430cf4eb20a45c078706980f08407e,d24fbe3839599a6a097188bae8cd47ce8083f27deef1341ae3086bf0d5a45bd1,87f63c0590d05baea263cdc42c6e1df2d063fa2def309ecb0283f3036bf33d46,87f63c0590d05baea263cdc42c6e1df2d063fa2def309ecb0283f3036bf33d46,1787977909.4814925,36493.352999999996,18246734,0,0.9584569931030273,1.0416193008422852,1.2537193298339844,-0.00057220458984375,-0.00324249267578125,0.00476837158203125,-0.0073261260986328125,-0.0024423599243164062,-0.1929178237915039,-0.021978378295898438,-0.021978378295898438,-0.0073261260986328125,-0.08058643341064453,-1.538461685180664,5.5042724609375,-1.6581192016601562,0.10500621795654297,-0.10988998413085938,0.0,-1.8737127352444145,7.135625212979459,-1.6929616628371735,0.0031419119385530836,-0.005855052955296063
44,2,heldout,3,-1,-0.3490658503988659,1.4639315960012027,3,s,af3726fcacd0ac1320a56ea850b0a2c0f5430cf4eb20a45c078706980f08407e,d24fbe3839599a6a097188bae8cd47ce8083f27deef1341ae3086bf0d5a45bd1,87f63c0590d05baea263cdc42c6e1df2d063fa2def309ecb0283f3036bf33d46,87f63c0590d05baea263cdc42c6e1df2d063fa2def309ecb0283f3036bf33d46,1787977909.4834855,36493.354999999996,18246735,0,0.9584569931030273,1.0416193008422852,1.2529563903808594,-0.00057220458984375,-0.00324249267578125,0.00476837158203125,-0.0073261260986328125,-0.0024423599243164062,-0.1880340576171875,-0.021978378295898438,-0.0073261260986328125,-0.0073261260986328125,-0.07570171356201172,-1.5521373748779297,5.463249206542969,-1.6581192016601562,0.10500621795654297,-0.10988998413085938,0.0,-1.8767813851540711,7.138693862889114,-1.6935125265773725,0.003130810189886451,-0.005855915456700948
44,2,heldout,3,-1,-0.3490658503988659,1.465924244002963,3,s,af3726fcacd0ac1320a56ea850b0a2c0f5430cf4eb20a45c078706980f08407e,d24fbe3839599a6a097188bae8cd47ce8083f27deef1341ae3086bf0d5a45bd1,87f63c0590d05baea263cdc42c6e1df2d063fa2def309ecb0283f3036bf33d46,87f63c0590d05baea263cdc42c6e1df2d063fa2def309ecb0283f3036bf33d46,1787977909.4854078,36493.356999999996,18246736,0,0.9584569931030273,1.0416193008422852,1.2521934509277344,-0.00057220458984375,-0.00324249267578125,0.00476837158203125,-0.0073261260986328125,-0.0024423599243164062,-0.1831502914428711,-0.0073261260986328125,-0.0073261260986328125,-0.0073261260986328125,-0.07570171356201172,-1.5521373748779297,5.517948150634766,-1.6678876876831055,0.10988998413085938,-0.10988998413085938,0.0,-1.8798458797972146,7.141758357532258,-1.6940624045635924,0.0031197066188485287,-0.005856774549514586
44,2,heldout,3,-1,-0.3490658503988659,1.4678373909991933,3,s,af3726fcacd0ac1320a56ea850b0a2c0f5430cf4eb20a45c078706980f08407e,d24fbe3839599a6a097188bae8cd47ce8083f27deef1341ae3086bf0d5a45bd1,87f63c0590d05baea263cdc42c6e1df2d063fa2def309ecb0283f3036bf33d46,87f63c0590d05baea263cdc42c6e1df2d063fa2def309ecb0283f3036bf33d46,1787977909.4873326,36493.359,18246737,0,0.9584569931030273,1.0416193008422852,1.2514305114746094,-0.00057220458984375,-0.00324249267578125,0.00476837158203125,0.0073261260986328125,-0.0024423599243164062,-0.1831502914428711,0.0073261260986328125,0.0073261260986328125,-0.0073261260986328125,-0.07570171356201172,-1.5658111572265625,5.408546447753906,-1.6776552200317383,0.10988998413085938,-0.10988998413085938,0.0,-1.8829062173900701,7.144818695125114,-1.6946112964757591,0.0031086012319024433,-0.00585763023323692
44,2,heldout,3,-1,-0.3490658503988659,1.4697728169994662,3,s,af3726fcacd0ac1320a56ea850b0a2c0f5430cf4eb20a45c078706980f08407e,d24fbe3839599a6a097188bae8cd47ce8083f27deef1341ae3086bf0d5a45bd1,87f63c0590d05baea263cdc42c6e1df2d063fa2def309ecb0283f3036bf33d46,87f63c0590d05baea263cdc42c6e1df2d063fa2def309ecb0283f3036bf33d46,1787977909.4892783,36493.361,18246738,0,0.9584569931030273,1.0416193008422852,1.2510490417480469,-0.00019073486328125,-0.00324249267578125,0.00476837158203125,0.0073261260986328125,-0.0024423599243164062,-0.1782665252685547,0.021978378295898438,-0.0073261260986328125,-0.0073261260986328125,-0.07570171356201172,-1.5658111572265625,5.408546447753906,-1.692307472229004,0.10988998413085938,-0.10988998413085938,0.0,-1.8847086561760444,7.146621133911088,-1.6951592019943762,0.003097494035512382,-0.005858482507369875
44,2,heldout,3,-1,-0.3490658503988659,1.471712552003737,3,s,af3726fcacd0ac1320a56ea850b0a2c0f5430cf4eb20a45c078706980f08407e,d24fbe3839599a6a097188bae8cd47ce8083f27deef1341ae3086bf0d5a45bd1,87f63c0590d05baea263cdc42c6e1df2d063fa2def309ecb0283f3036bf33d46,87f63c0590d05baea263cdc42c6e1df2d063fa2def309ecb0283f3036bf33d46,1787977909.4917908,36493.363,18246739,0,0.9584569931030273,1.0416193008422852,1.2502861022949219,-0.00019073486328125,-0.00324249267578125,0.00476837158203125,-0.0073261260986328125,-0.0024423599243164062,-0.17338180541992188,0.021978378295898438,-0.021978378295898438,-0.0073261260986328125,-0.08058643341064453,-1.5658111572265625,5.394870758056641,-1.7069597244262695,0.10988998413085938,-0.10988998413085938,0.0,-1.887762261458128,7.149674739193172,-1.695706120800521,0.0030863850361435847,-0.005859331371417364
44,2,heldout,3,-1,-0.3490658503988659,1.4742511280055624,3,s,af3726fcacd0ac1320a56ea850b0a2c0f5430cf4eb20a45c078706980f08407e,d24fbe3839599a6a097188bae8cd47ce8083f27deef1341ae3086bf0d5a45bd1,87f63c0590d05baea263cdc42c6e1df2d063fa2def309ecb0283f3036bf33d46,87f63c0590d05baea263cdc42c6e1df2d063fa2def309ecb0283f3036bf33d46,1787977909.4938354,36493.365,18246740,0,0.9584569931030273,1.0416193008422852,1.2495231628417969,-0.00019073486328125,-0.00324249267578125,0.00476837158203125,-0.0073261260986328125,-0.0024423599243164062,-0.17338180541992188,0.021978378295898438,-0.0073261260986328125,-0.0073261260986328125,-0.08058643341064453,-1.5658111572265625,5.449573516845703,-1.7264957427978516,0.10988998413085938,-0.10988998413085938,0.0,-1.8908117050819873,7.152724182817032,-1.6962520525758455,0.003075274240262336,-0.005860176824885282
44,2,heldout,3,-1,-0.3490658503988659,1.476273010004661,3,s,af3726fcacd0ac1320a56ea850b0a2c0f5430cf4eb20a45c078706980f08407e,d24fbe3839599a6a097188bae8cd47ce8083f27deef1341ae3086bf0d5a45bd1,87f63c0590d05baea263cdc42c6e1df2d063fa2def309ecb0283f3036bf33d46,87f63c0590d05baea263cdc42c6e1df2d063fa2def309ecb0283f3036bf33d46,1787977909.4958248,36493.367,18246741,0,0.9584569931030273,1.0416193008422852,1.2487602233886719,0.00019073486328125,-0.00324249267578125,0.00476837158203125,0.0073261260986328125,-0.0024423599243164062,-0.17338180541992188,0.03663063049316406,-0.0073261260986328125,-0.0073261260986328125,-0.08058643341064453,-1.5658111572265625,5.449573516845703,-1.7460317611694336,0.10988998413085938,-0.10988998413085938,0.0,-1.8941290871311014,7.156041564866145,-1.697069098861068,0.0030586046921271997,-0.005861438609174495
44,2,heldout,3,-1,-0.3490658503988659,1.4782671190041583,3,s,af3726fcacd0ac1320a56ea850b0a2c0f5430cf4eb20a45c078706980f08407e,d24fbe3839599a6a097188bae8cd47ce8083f27deef1341ae3086bf0d5a45bd1,87f63c0590d05baea263cdc42c6e1df2d063fa2def309ecb0283f3036bf33d46,87f63c0590d05baea263cdc42c6e1df2d063fa2def309ecb0283f3036bf33d46,1787977909.4981027,36493.369,18246742,0,0.9584569931030273,1.0416193008422852,1.2479972839355469,0.00019073486328125,-0.00324249267578125,0.00476837158203125,-0.0073261260986328125,-0.0024423599243164062,-0.1782665252685547,0.05128288269042969,-0.0073261260986328125,-0.0073261260986328125,-0.08058643341064453,-1.5794868469238281,5.599998474121094,-1.7606840133666992,0.10988998413085938,-0.10988998413085938,0.0,-1.8971697081642334,7.159082185899277,-1.6976125616703348,0.0030474894332616926,-0.0058622755340448085
44,2,heldout,3,-1,-0.3490658503988659,1.480578193004476,3,s,af3726fcacd0ac1320a56ea850b0a2c0f5430cf4eb20a45c078706980f08407e,d24fbe3839599a6a097188bae8cd47ce8083f27deef1341ae3086bf0d5a45bd1,87f63c0590d05baea263cdc42c6e1df2d063fa2def309ecb0283f3036bf33d46,87f63c0590d05baea263cdc42c6e1df2d063fa2def309ecb0283f3036bf33d46,1787977909.4995403,36493.371,18246743,0,0.9584569931030273,1.0416193008422852,1.2472343444824219,0.00019073486328125,-0.00362396240234375,0.00476837158203125,-0.0073261260986328125,-0.0024423599243164062,-0.1880340576171875,0.05128288269042969,-0.021978378295898438,-0.0073261260986328125,-0.07570171356201172,-1.5658111572265625,5.599998474121094,-1.770451545715332,0.10988998413085938,-0.10988998413085938,0.0,-1.9002005439910596,7.162113021726104,-1.6981494182668617,0.0031009493472947992,-0.0058661958962386
44,2,heldout,3,-1,-0.3490658503988659,1.4819790719993762,3,s,af3726fcacd0ac1320a56ea850b0a2c0f5430cf4eb20a45c078706980f08407e,d24fbe3839599a6a097188bae8cd47ce8083f27deef1341ae3086bf0d5a45bd1,87f63c0590d05baea263cdc42c6e1df2d063fa2def309ecb0283f3036bf33d46,87f63c0590d05baea263cdc42c6e1df2d063fa2def309ecb0283f3036bf33d46,1787977909.5014417,36493.373,18246744,0,0.9584569931030273,1.0416193008422852,1.2464714050292969,0.00057220458984375,-0.00324249267578125,0.00476837158203125,-0.021978378295898438,0.0024423599243164062,-0.1929178237915039,0.0659332275390625,-0.0073261260986328125,-0.0073261260986328125,-0.07570171356201172,-1.5794868469238281,5.695728302001953,-1.7851037979125977,0.11477375030517578,-0.10988998413085938,0.0,-1.9035088193974201,7.165421297132464,-1.6989668948881753,0.0030196935395624376,-0.005864352916376647
44,2,heldout,3,-1,-0.3490658503988659,1.4838713749995804,3,s,af3726fcacd0ac1320a56ea850b0a2c0f5430cf4eb20a45c078706980f08407e,d24fbe3839599a6a097188bae8cd47ce8083f27deef1341ae3086bf0d5a45bd1,87f63c0590d05baea263cdc42c6e1df2d063fa2def309ecb0283f3036bf33d46,87f63c0590d05baea263cdc42c6e1df2d063fa2def309ecb0283f3036bf33d46,1787977909.5033262,36493.375,18246745,0,0.9584569931030273,1.0416193008422852,1.2457084655761719,0.00057220458984375,-0.00324249267578125,0.00476837158203125,-0.021978378295898438,-0.0024423599243164062,-0.19780254364013672,0.05128288269042969,-0.0073261260986328125,-0.0073261260986328125,-0.08058643341064453,-1.5794868469238281,5.764102935791016,-1.7948713302612305,0.10988998413085938,-0.11477375030517578,0.0,-1.906536439224641,7.168448916959685,-1.6995068978254384,0.003008572100456848,-0.005865177896102149
44,2,heldout,3,-1,-0.3490658503988659,1.4857552210014546,3,s,af3726fcacd0ac1320a56ea850b0a2c0f5430cf4eb20a45c078706980f08407e,d24fbe3839599a6a097188bae8cd47ce8083f27deef1341ae3086bf0d5a45bd1,87f63c0590d05baea263cdc42c6e1df2d063fa2def309ecb0283f3036bf33d46,87f63c0590d05baea263cdc42c6e1df2d063fa2def309ecb0283f3036bf33d46,1787977909.5052652,36493.377,18246746,0,0.9584569931030273,1.0416193008422852,1.2449455261230469,0.00019073486328125,-0.00324249267578125,0.00476837158203125,0.0073261260986328125,-0.0024423599243164062,-0.20268630981445312,0.0073261260986328125,0.0073261260986328125,-0.0073261260986328125,-0.08058643341064453,-1.5794868469238281,5.627349853515625,-1.7948713302612305,0.10988998413085938,-0.11477375030517578,0.0,-1.9092905032935934,7.171202981028637,-1.6997765283475057,0.003003010723792155,-0.005865589105751324
44,2,heldout,3,-1,-0.3490658503988659,1.4876953839993803,3,s,af3726fcacd0ac1320a56ea850b0a2c0f5430cf4eb20a45c078706980f08407e,d24fbe3839599a6a097188bae8cd47ce8083f27deef1341ae3086bf0d5a45bd1,87f63c0590d05baea263cdc42c6e1df2d063fa2def309ecb0283f3036bf33d46,87f63c0590d05baea263cdc42c6e1df2d063fa2def309ecb0283f3036bf33d46,1787977909.507787,36493.379,18246747,0,0.9584569931030273,1.0416193008422852,1.2441825866699219,0.00019073486328125,-0.00324249267578125,0.00476837158203125,-0.0073261260986328125,-0.0024423599243164062,-0.20268630981445312,-0.0073261260986328125,-0.0073261260986328125,-0.0073261260986328125,-0.08058643341064453,-1.5794868469238281,5.599998474121094,-1.789987564086914,0.10988998413085938,-0.11477375030517578,0.0,-1.9123102710061022,7.174222748741147,-1.7003150473023312,0.002991886660285415,-0.005866408964323326
44,2,heldout,3,-1,-0.3490658503988659,1.490225145003933,3,s,af3726fcacd0ac1320a56ea850b0a2c0f5430cf4eb20a45c078706980f08407e,d24fbe3839599a6a097188bae8cd47ce8083f27deef1341ae3086bf0d5a45bd1,87f63c0590d05baea263cdc42c6e1df2d063fa2def309ecb0283f3036bf33d46,87f63c0590d05baea263cdc42c6e1df2d063fa2def309ecb0283f3036bf33d46,1787977909.5097578,36493.381,18246748,0,0.9584569931030273,1.0416193008422852,1.2434196472167969,0.00019073486328125,-0.00324249267578125,0.00476837158203125,-0.0073261260986328125,-0.0024423599243164062,-0.19780254364013672,-0.021978378295898438,-0.0073261260986328125,-0.0073261260986328125,-0.08058643341064453,-1.5794868469238281,5.572650909423828,-1.7802200317382812,0.10988998413085938,-0.11477375030517578,0.0,-1.915325862771565,7.17723834050661,-1.7008525765435878,0.0029807608552715166,-0.005867225408196057
44,2,heldout,3,-1,-0.3490658503988659,1.4921976910045487,3,s,af3726fcacd0ac1320a56ea850b0a2c0f5430cf4eb20a45c078706980f08407e,d24fbe3839599a6a097188bae8cd47ce8083f27deef1341ae3086bf0d5a45bd1,87f63c0590d05baea263cdc42c6e1df2d063fa2def309ecb0283f3036bf33d46,87f63c0590d05baea263cdc42c6e1df2d063fa2def309ecb0283f3036bf33d46,1787977909.5117366,36493.383,18246749,0,0.9584569931030273,1.0416193008422852,1.2426567077636719,0.00019073486328125,-0.00324249267578125,0.00476837158203125,-0.0073261260986328125,-0.0024423599243164062,-0.19780254364013672,-0.03663063049316406,-0.0073261260986328125,-0.0073261260986328125,-0.07570171356201172,-1.5931625366210938,5.586326599121094,-1.770451545715332,0.10988998413085938,-0.11477375030517578,0.0,-1.918337276834674,7.180249754569719,-1.7013891157583918,0.00296963331522653,-0.005868038436894283
44,2,heldout,3,-1,-0.3490658503988659,1.4942025810014457,3,s,af3726fcacd0ac1320a56ea850b0a2c0f5430cf4eb20a45c078706980f08407e,d24fbe3839599a6a097188bae8cd47ce8083f27deef1341ae3086bf0d5a45bd1,87f63c0590d05baea263cdc42c6e1df2d063fa2def309ecb0283f3036bf33d46,87f63c0590d05baea263cdc42c6e1df2d063fa2def309ecb0283f3036bf33d46,1787977909.5137484,36493.384999999995,18246750,0,0.9584569931030273,1.0416193008422852,1.2418937683105469,0.00019073486328125,-0.00324249267578125,0.00476837158203125,0.0073261260986328125,-0.0024423599243164062,-0.1929178237915039,-0.021978378295898438,-0.0073261260986328125,-0.0073261260986328125,-0.07570171356201172,-1.5931625366210938,5.599998474121094,-1.7557992935180664,0.10500621795654297,-0.11477375030517578,0.0,-1.921344511442554,7.183256989177598,-1.7019246646344364,0.0029585040466275367,-0.005868848049944758
44,2,heldout,3,-1,-0.3490658503988659,1.496190698002465,3,s,af3726fcacd0ac1320a56ea850b0a2c0f5430cf4eb20a45c078706980f08407e,d24fbe3839599a6a097188bae8cd47ce8083f27deef1341ae3086bf0d5a45bd1,87f63c0590d05baea263cdc42c6e1df2d063fa2def309ecb0283f3036bf33d46,87f63c0590d05baea263cdc42c6e1df2d063fa2def309ecb0283f3036bf33d46,1787977909.515718,36493.386999999995,18246751,0,0.9584569931030273,1.0416193008422852,1.2411308288574219,0.00019073486328125,-0.00324249267578125,0.00476837158203125,-0.021978378295898438,-0.0024423599243164062,-0.19780254364013672,-0.03663063049316406,-0.0073261260986328125,-0.0073261260986328125,-0.07570171356201172,-1.6068382263183594,5.627349853515625,-1.7460317611694336,0.10500621795654297,-0.11477375030517578,0.0,-1.924347564844767,7.1862600425798115,-1.7024592228599915,0.0029473730559526233,-0.005869654246876229
44,2,heldout,3,-1,-0.3490658503988659,1.4981536530031008,3,s,af3726fcacd0ac1320a56ea850b0a2c0f5430cf4eb20a45c078706980f08407e,d24fbe3839599a6a097188bae8cd47ce8083f27deef1341ae3086bf0d5a45bd1,87f63c0590d05baea263cdc42c6e1df2d063fa2def309ecb0283f3036bf33d46,87f63c0590d05baea263cdc42c6e1df2d063fa2def309ecb0283f3036bf33d46,1787977909.5176451,36493.388999999996,18246752,0,0.9584569931030273,1.0416193008422852,1.2403678894042969,0.00019073486328125,-0.00324249267578125,0.00476837158203125,-0.0073261260986328125,-0.0024423599243164062,-0.20268630981445312,-0.021978378295898438,0.0073261260986328125,-0.0073261260986328125,-0.07570171356201172,-1.6068382263183594,5.75042724609375,-1.7362632751464844,0.10988998413085938,-0.11477375030517578,0.0,-1.9273464352933067,7.18925891302835,-1.7029927901239026,0.002936240349680879,-0.005870457027219423
44,2,heldout,3,-1,-0.3490658503988659,1.5000766810044297,3,s,af3726fcacd0ac1320a56ea850b0a2c0f5430cf4eb20a45c078706980f08407e,d24fbe3839599a6a097188bae8cd47ce8083f27deef1341ae3086bf0d5a45bd1,87f63c0590d05baea263cdc42c6e1df2d063fa2def309ecb0283f3036bf33d46,87f63c0590d05baea263cdc42c6e1df2d063fa2def309ecb0283f3036bf33d46,1787977909.5195858,36493.390999999996,18246753,0,0.9584569931030273,1.0416193008422852,1.2392234802246094,0.00019073486328125,-0.00324249267578125,0.00476837158203125,-0.0073261260986328125,-0.0024423599243164062,-0.20757007598876953,-0.05128288269042969,-0.0073261260986328125,-0.0073261260986328125,-0.07570171356201172,-1.6068382263183594,5.6820526123046875,-1.7264957427978516,0.10988998413085938,-0.11477375030517578,0.0,-1.9318368941101984,7.193749371845242,-1.7037912822874584,0.002919538087704669,-0.005871654790609567
44,2,heldout,3,-1,-0.3490658503988659,1.5020194750031806,3,s,af3726fcacd0ac1320a56ea850b0a2c0f5430cf4eb20a45c078706980f08407e,d24fbe3839599a6a097188bae8cd47ce8083f27deef1341ae3086bf0d5a45bd1,87f63c0590d05baea263cdc42c6e1df2d063fa2def309ecb0283f3036bf33d46,87f63c0590d05baea263cdc42c6e1df2d063fa2def309ecb0283f3036bf33d46,1787977909.5214717,36493.393,18246754,0,0.9584569931030273,1.0416193008422852,1.2384605407714844,0.00019073486328125,-0.00324249267578125,0.00476837158203125,-0.021978378295898438,-0.0024423599243164062,-0.20268630981445312,-0.021978378295898438,-0.0073261260986328125,-0.0073261260986328125,-0.07570171356201172,-1.6068382263183594,5.668376922607422,-1.7216119766235352,0.10500621795654297,-0.11477375030517578,0.0,-1.9348252995429989,7.1967377772780425,-1.7043223707897488,0.002908401120793406,-0.005872449027442075
44,2,heldout,3,-1,-0.3490658503988659,1.5039038530012476,3,s,af3726fcacd0ac1320a56ea850b0a2c0f5430cf4eb20a45c078706980f08407e,d24fbe3839599a6a097188bae8cd47ce8083f27deef1341ae3086bf0d5a45bd1,87f63c0590d05baea263cdc42c6e1df2d063fa2def309ecb0283f3036bf33d46,87f63c0590d05baea263cdc42c6e1df2d063fa2def309ecb0283f3036bf33d46,1787977909.5233552,36493.395,18246755,0,0.9584569931030273,1.0416193008422852,1.2380790710449219,0.00019073486328125,-0.00324249267578125,0.00476837158203125,-0.0073261260986328125,-0.0024423599243164062,-0.1929178237915039,-0.0073261260986328125,-0.0073261260986328125,-0.0073261260986328125,-0.07570171356201172,-1.6068382263183594,5.5589752197265625,-1.7216119766235352,0.10988998413085938,-0.11477375030517578,0.0,-1.9363179314733272,7.198230409208371,-1.7045875430428903,0.0029028320020905076,-0.005872844864056504
44,2,heldout,3,-1,-0.3490658503988659,1.5057847710049828,3,s,af3726fcacd0ac1320a56ea850b0a2c0f5430cf4eb20a45c078706980f08407e,d24fbe3839599a6a097188bae8cd47ce8083f27deef1341ae3086bf0d5a45bd1,87f63c0590d05baea263cdc42c6e1df2d063fa2def309ecb0283f3036bf33d46,87f63c0590d05baea263cdc42c6e1df2d063fa2def309ecb0283f3036bf33d46,1787977909.5258238,36493.397,18246756,0,0.9584569931030273,1.0416193008422852,1.2373161315917969,0.00019073486328125,-0.00324249267578125,0.00476837158203125,-0.0073261260986328125,-0.0024423599243164062,-0.1831502914428711,0.0073261260986328125,0.0073261260986328125,-0.0073261260986328125,-0.07570171356201172,-1.6205120086669922,5.531623840332031,-1.7264957427978516,0.10988998413085938,-0.11477375030517578,0.0,-1.9393000526758066,7.20121253041085,-1.7051171433602281,0.002891692498242244,-0.005873633973393691
44,2,heldout,3,-1,-0.3490658503988659,1.508261811999546,3,s,af3726fcacd0ac1320a56ea850b0a2c0f5430cf4eb20a45c078706980f08407e,d24fbe3839599a6a097188bae8cd47ce8083f27deef1341ae3086bf0d5a45bd1,87f63c0590d05baea263cdc42c6e1df2d063fa2def309ecb0283f3036bf33d46,87f63c0590d05baea263cdc42c6e1df2d063fa2def309ecb0283f3036bf33d46,1787977909.5277991,36493.399,18246757,0,0.9584569931030273,1.0416193008422852,1.2365531921386719,0.00019073486328125,-0.00324249267578125,0.00476837158203125,-0.0073261260986328125,-0.0024423599243164062,-0.17338180541992188,0.0073261260986328125,-0.0073261260986328125,-0.0073261260986328125,-0.08058643341064453,-1.6205120086669922,5.517948150634766,-1.7362632751464844,0.10988998413085938,-0.11477375030517578,0.0,-1.9422779822211163,7.20419045995616,-1.7056457511688095,0.0028805513112074984,-0.005874419663826099
44,2,heldout,3,-1,-0.3490658503988659,1.5102396410002257,3,s,af3726fcacd0ac1320a56ea850b0a2c0f5430cf4eb20a45c078706980f08407e,d24fbe3839599a6a097188bae8cd47ce8083f27deef1341ae3086bf0d5a45bd1,87f63c0590d05baea263cdc42c6e1df2d063fa2def309ecb0283f3036bf33d46,87f63c0590d05baea263cdc42c6e1df2d063fa2def309ecb0283f3036bf33d46,1787977909.5297513,36493.401,18246758,0,0.9584569931030273,1.0416193008422852,1.2357902526855469,0.00019073486328125,-0.00324249267578125,0.00476837158203125,0.0073261260986328125,-0.0024423599243164062,-0.17338180541992188,0.021978378295898438,-0.0073261260986328125,-0.0073261260986328125,-0.08058643341064453,-1.6341876983642578,5.4358978271484375,-1.7411479949951172,0.10988998413085938,-0.11477375030517578,0.0,-1.9452517183758755,7.207164196110919,-1.7061733661609428,0.002869408447471296,-0.005875201934896395
44,2,heldout,3,-1,-0.3490658503988659,1.5121887260029325,3,s,af3726fcacd0ac1320a56ea850b0a2c0f5430cf4eb20a45c078706980f08407e,d24fbe3839599a6a097188bae8cd47ce8083f27deef1341ae3086bf0d5a45bd1,87f63c0590d05baea263cdc42c6e1df2d063fa2def309ecb0283f3036bf33d46,87f63c0590d05baea263cdc42c6e1df2d063fa2def309ecb0283f3036bf33d46,1787977909.5316706,36493.403,18246759,0,0.9584569931030273,1.0416193008422852,1.2350273132324219,0.00019073486328125,-0.00324249267578125,0.00476837158203125,-0.021978378295898438,0.0024423599243164062,-0.17338180541992188,0.021978378295898438,-0.021978378295898438,-0.0073261260986328125,-0.08058643341064453,-1.6341876983642578,5.490596771240234,-1.75091552734375,0.10988998413085938,-0.11477375030517578,0.0,-1.948221259409141,7.210133737144184,-1.7066999880295177,0.0028582639135196334,-0.005875980786149234
44,2,heldout,3,-1,-0.3490658503988659,1.514117761005764,3,s,af3726fcacd0ac1320a56ea850b0a2c0f5430cf4eb20a45c078706980f08407e,d24fbe3839599a6a097188bae8cd47ce8083f27deef1341ae3086bf0d5a45bd1,87f63c0590d05baea263cdc42c6e1df2d063fa2def309ecb0283f3036bf33d46,87f63c0590d05baea263cdc42c6e1df2d063fa2def309ecb0283f3036bf33d46,1787977909.5335846,36493.405,18246760,0,0.9584569931030273,1.0416193008422852,1.2342643737792969,0.00019073486328125,-0.00324249267578125,0.00476837158203125,-0.0073261260986328125,-0.0024423599243164062,-0.1782665252685547,0.021978378295898438,-0.0073261260986328125,-0.0073261260986328125,-0.07570171356201172,-1.6341876983642578,5.476924896240234,-1.7606840133666992,0.10988998413085938,-0.10988998413085938,0.0,-1.9511866035924128,7.2130990813274565,-1.7072256164679989,0.002847117715839487,-0.00587675621713127
44,2,heldout,3,-1,-0.3490658503988659,1.5160194740019506,3,s,af3726fcacd0ac1320a56ea850b0a2c0f5430cf4eb20a45c078706980f08407e,d24fbe3839599a6a097188bae8cd47ce8083f27deef1341ae3086bf0d5a45bd1,87f63c0590d05baea263cdc42c6e1df2d063fa2def309ecb0283f3036bf33d46,87f63c0590d05baea263cdc42c6e1df2d063fa2def309ecb0283f3036bf33d46,1787977909.535514,36493.407,18246761,0,0.9584569931030273,1.0416193008422852,1.2335014343261719,0.00057220458984375,-0.00324249267578125,0.00476837158203125,-0.0073261260986328125,0.0024423599243164062,-0.1782665252685547,0.05128288269042969,-0.021978378295898438,-0.0073261260986328125,-0.07570171356201172,-1.6478633880615234,5.531623840332031,-1.7753353118896484,0.10988998413085938,-0.11477375030517578,0.0,-1.9544096938043816,7.216322171539425,-1.7080121957751746,0.0028303953140209853,-0.00587791294960976
44,2,heldout,3,-1,-0.3490658503988659,1.5179508910005097,3,s,af3726fcacd0ac1320a56ea850b0a2c0f5430cf4eb20a45c078706980f08407e,d24fbe3839599a6a097188bae8cd47ce8083f27deef1341ae3086bf0d5a45bd1,87f63c0590d05baea263cdc42c6e1df2d063fa2def309ecb0283f3036bf33d46,87f63c0590d05baea263cdc42c6e1df2d063fa2def309ecb0283f3036bf33d46,1787977909.5374432,36493.409,18246762,0,0.9584569931030273,1.0416193008422852,1.2327384948730469,0.00057220458984375,-0.00324249267578125,0.00476837158203125,-0.021978378295898438,0.0024423599243164062,-0.1831502914428711,0.03663063049316406,-0.021978378295898438,-0.0073261260986328125,-0.07570171356201172,-1.6478633880615234,5.654701232910156,-1.789987564086914,0.10988998413085938,-0.11477375030517578,0.0,-1.957366141976887,7.219278619711931,-1.7085353393011284,0.0028192449854064737,-0.005878679827944434
44,2,heldout,3,-1,-0.3490658503988659,1.5198781190047157,3,s,af3726fcacd0ac1320a56ea850b0a2c0f5430cf4eb20a45c078706980f08407e,d24fbe3839599a6a097188bae8cd47ce8083f27deef1341ae3086bf0d5a45bd1,87f63c0590d05baea263cdc42c6e1df2d063fa2def309ecb0283f3036bf33d46,87f63c0590d05baea263cdc42c6e1df2d063fa2def309ecb0283f3036bf33d46,1787977909.5393791,36493.411,18246763,0,0.9584569931030273,1.0416193008422852,1.2323570251464844,0.00095367431640625,-0.00324249267578125,0.00476837158203125,0.0073261260986328125,-0.0024423599243164062,-0.1831502914428711,0.05128288269042969,-0.021978378295898438,-0.0073261260986328125,-0.07570171356201172,-1.6478633880615234,5.613674163818359,-1.7997560501098633,0.10988998413085938,-0.11477375030517578,0.0,-1.9591037405381804,7.221016218273224,-1.7090574883286744,0.0028080930157754775,-0.005879443284437256
44,2,heldout,3,-1,-0.3490658503988659,1.5218116590040154,3,s,af3726fcacd0ac1320a56ea850b0a2c0f5430cf4eb20a45c078706980f08407e,d24fbe3839599a6a097188bae8cd47ce8083f27deef1341ae3086bf0d5a45bd1,87f63c0590d05baea263cdc42c6e1df2d063fa2def309ecb0283f3036bf33d46,87f63c0590d05baea263cdc42c6e1df2d063fa2def309ecb0283f3036bf33d46,1787977909.541313,36493.413,18246764,0,0.9584569931030273,1.0416193008422852,1.2315940856933594,0.00095367431640625,-0.00324249267578125,0.00476837158203125,-0.0073261260986328125,-0.0024423599243164062,-0.1831502914428711,0.03663063049316406,-0.0073261260986328125,-0.0073261260986328125,-0.07570171356201172,-1.661539077758789,5.627349853515625,-1.8144073486328125,0.11477375030517578,-0.11477375030517578,0.0,-1.9620533873674764,7.223965865102519,-1.7095786425538806,0.0027969394116193003,-0.005880203318643833
44,2,heldout,3,-1,-0.3490658503988659,1.5237516630004393,3,s,af3726fcacd0ac1320a56ea850b0a2c0f5430cf4eb20a45c078706980f08407e,d24fbe3839599a6a097188bae8cd47ce8083f27deef1341ae3086bf0d5a45bd1,87f63c0590d05baea263cdc42c6e1df2d063fa2def309ecb0283f3036bf33d46,87f63c0590d05baea263cdc42c6e1df2d063fa2def309ecb0283f3036bf33d46,1787977909.5439372,36493.415,18246765,0,0.9584569931030273,1.0416193008422852,1.2308311462402344,0.00095367431640625,-0.00324249267578125,0.00476837158203125,-0.0073261260986328125,-0.0024423599243164062,-0.1782665252685547,0.03663063049316406,-0.0073261260986328125,-0.0073261260986328125,-0.07570171356201172,-1.6478633880615234,5.599998474121094,-1.8192920684814453,0.10988998413085938,-0.11477375030517578,0.0,-1.96499882929542,7.226911307030464,-1.7100988016733967,0.002785784179430194,-0.005880959930121768
44,2,heldout,3,-1,-0.3490658503988659,1.5263812600023812,3,s,af3726fcacd0ac1320a56ea850b0a2c0f5430cf4eb20a45c078706980f08407e,d24fbe3839599a6a097188bae8cd47ce8083f27deef1341ae3086bf0d5a45bd1,87f63c0590d05baea263cdc42c6e1df2d063fa2def309ecb0283f3036bf33d46,87f63c0590d05baea263cdc42c6e1df2d063fa2def309ecb0283f3036bf33d46,1787977909.5454018,36493.417,18246766,0,0.9584569931030273,1.0416193008422852,1.2300682067871094,0.00095367431640625,-0.00324249267578125,0.00476837158203125,-0.0073261260986328125,-0.0024423599243164062,-0.17338180541992188,0.021978378295898438,-0.0073261260986328125,-0.0073261260986328125,-0.07570171356201172,-1.661539077758789,5.641025543212891,-1.8241758346557617,0.10988998413085938,-0.11477375030517578,0.0,-1.967940064607538,7.229852542342583,-1.7106179653844493,0.0027746273257013574,-0.005881713118430654
44,2,heldout,3,-1,-0.3490658503988659,1.5278440420006518,3,s,af3726fcacd0ac1320a56ea850b0a2c0f5430cf4eb20a45c078706980f08407e,d24fbe3839599a6a097188bae8cd47ce8083f27deef1341ae3086bf0d5a45bd1,87f63c0590d05baea263cdc42c6e1df2d063fa2def309ecb0283f3036bf33d46,87f63c0590d05baea263cdc42c6e1df2d063fa2def309ecb0283f3036bf33d46,1787977909.5473309,36493.419,18246767,0,0.9584569931030273,1.0416193008422852,1.2293052673339844,0.00095367431640625,-0.00324249267578125,0.00476837158203125,0.0073261260986328125,-0.0024423599243164062,-0.1782665252685547,0.0073261260986328125,-0.0073261260986328125,-0.0073261260986328125,-0.07570171356201172,-1.6752128601074219,5.668376922607422,-1.8192920684814453,0.10988998413085938,-0.11477375030517578,0.0,-1.9708770915918081,7.232789569326853,-1.7111361333848445,0.0027634688569269364,-0.005882462883132079
44,2,heldout,3,-1,-0.3490658503988659,1.5297609629997169,3,s,af3726fcacd0ac1320a56ea850b0a2c0f5430cf4eb20a45c078706980f08407e,d24fbe3839599a6a097188bae8cd47ce8083f27deef1341ae3086bf0d5a45bd1,87f63c0590d05baea263cdc42c6e1df2d063fa2def309ecb0283f3036bf33d46,87f63c0590d05baea263cdc42c6e1df2d063fa2def309ecb0283f3036bf33d46,1787977909.54979,36493.420999999995,18246768,0,0.9584569931030273,1.0416193008422852,1.2285423278808594,0.00095367431640625,-0.00324249267578125,0.00476837158203125,-0.0073261260986328125,0.0024423599243164062,-0.1831502914428711,-0.0073261260986328125,0.0073261260986328125,-0.0073261260986328125,-0.07570171356201172,-1.661539077758789,5.709400177001953,-1.8192920684814453,0.10988998413085938,-0.10988998413085938,0.0,-1.9738099085386556,7.235722386273699,-1.7116533053729697,0.0027523087796020055,-0.005883209223789622
44,2,heldout,3,-1,-0.3490658503988659,1.532217201005551,3,s,af3726fcacd0ac1320a56ea850b0a2c0f5430cf4eb20a45c078706980f08407e,d24fbe3839599a6a097188bae8cd47ce8083f27deef1341ae3086bf0d5a45bd1,87f63c0590d05baea263cdc42c6e1df2d063fa2def309ecb0283f3036bf33d46,87f63c0590d05baea263cdc42c6e1df2d063fa2def309ecb0283f3036bf33d46,1787977909.5516891,36493.422999999995,18246769,0,0.9584569931030273,1.0416193008422852,1.2277793884277344,0.00095367431640625,-0.00324249267578125,0.00476837158203125,-0.0073261260986328125,-0.0024423599243164062,-0.1880340576171875,-0.021978378295898438,-0.0073261260986328125,-0.0073261260986328125,-0.07570171356201172,-1.661539077758789,5.736751556396484,-1.809523582458496,0.10988998413085938,-0.10988998413085938,0.0,-1.9767385137409579,7.238650991476002,-1.712169481047792,0.0027411471002225943,-0.005883952139968854
44,2,heldout,3,-1,-0.3490658503988659,1.5341359189987998,3,s,af3726fcacd0ac1320a56ea850b0a2c0f5430cf4eb20a45c078706980f08407e,d24fbe3839599a6a097188bae8cd47ce8083f27deef1341ae3086bf0d5a45bd1,87f63c0590d05baea263cdc42c6e1df2d063fa2def309ecb0283f3036bf33d46,87f63c0590d05baea263cdc42c6e1df2d063fa2def309ecb0283f3036bf33d46,1787977909.5535984,36493.424999999996,18246770,0,0.9584569931030273,1.0416193008422852,1.2270164489746094,0.00095367431640625,-0.00324249267578125,0.00476837158203125,-0.0073261260986328125,-0.0024423599243164062,-0.19780254364013672,-0.0073261260986328125,-0.0073261260986328125,-0.0073261260986328125,-0.07570171356201172,-1.661539077758789,5.764102935791016,-1.7997560501098633,0.10988998413085938,-0.10988998413085938,0.0,-1.9796629054940378,7.2415753832290815,-1.7126846601088566,0.002729983825285652,-0.005884691631237342
44,2,heldout,3,-1,-0.3490658503988659,1.5360284990019863,3,s,af3726fcacd0ac1320a56ea850b0a2c0f5430cf4eb20a45c078706980f08407e,d24fbe3839599a6a097188bae8cd47ce8083f27deef1341ae3086bf0d5a45bd1,87f63c0590d05baea263cdc42c6e1df2d063fa2def309ecb0283f3036bf33d46,87f63c0590d05baea263cdc42c6e1df2d063fa2def309ecb0283f3036bf33d46,1787977909.5555284,36493.426999999996,18246771,0,0.9584569931030273,1.0416193008422852,1.2262535095214844,0.00057220458984375,-0.00324249267578125,0.00476837158203125,-0.0073261260986328125,-0.0024423599243164062,-0.19780254364013672,-0.021978378295898438,-0.0073261260986328125,-0.0073261260986328125,-0.08058643341064453,-1.661539077758789,5.736751556396484,-1.7948713302612305,0.10988998413085938,-0.11477375030517578,0.0,-1.9823261156548866,7.244238593389931,-1.7129418758154962,0.002724401591513657,-0.005885060092395467
44,2,heldout,3,-1,-0.3490658503988659,1.5379593050020048,3,s,af3726fcacd0ac1320a56ea850b0a2c0f5430cf4eb20a45c078706980f08407e,d24fbe3839599a6a097188bae8cd47ce8083f27deef1341ae3086bf0d5a45bd1,87f63c0590d05baea263cdc42c6e1df2d063fa2def309ecb0283f3036bf33d46,87f63c0590d05baea263cdc42c6e1df2d063fa2def309ecb0283f3036bf33d46,1787977909.557405,36493.429,18246772,0,0.9584569931030273,1.0416193008422852,1.2254905700683594,0.00057220458984375,-0.00324249267578125,0.00476837158203125,-0.0073261260986328125,-0.0024423599243164062,-0.19780254364013672,-0.03663063049316406,-0.0073261260986328125,-0.0073261260986328125,-0.07570171356201172,-1.661539077758789,5.75042724609375,-1.7802200317382812,0.10988998413085938,-0.11477375030517578,0.0,-1.985242574049161,7.247155051784205,-1.713455559393843,0.0027132359354242307,-0.0058857944454913875
44,2,heldout,3,-1,-0.3490658503988659,1.539828575005231,3,s,af3726fcacd0ac1320a56ea850b0a2c0f5430cf4eb20a45c078706980f08407e,d24fbe3839599a6a097188bae8cd47ce8083f27deef1341ae3086bf0d5a45bd1,87f63c0590d05baea263cdc42c6e1df2d063fa2def309ecb0283f3036bf33d46,87f63c0590d05baea263cdc42c6e1df2d063fa2def309ecb0283f3036bf33d46,1787977909.559304,36493.431,18246773,0,0.9584569931030273,1.0416193008422852,1.2247276306152344,0.00057220458984375,-0.00324249267578125,0.00476837158203125,-0.0073261260986328125,-0.0024423599243164062,-0.1880340576171875,-0.03663063049316406,-0.0073261260986328125,-0.0073261260986328125,-0.08058643341064453,-1.6752128601074219,5.627349853515625,-1.770451545715332,0.10988998413085938,-0.11477375030517578,0.0,-1.9881548140442002,7.250067291779245,-1.713968245609836,0.00270206870002371,-0.005886525372604201
44,2,heldout,3,-1,-0.3490658503988659,1.5417305790033424,3,s,af3726fcacd0ac1320a56ea850b0a2c0f5430cf4eb20a45c078706980f08407e,d24fbe3839599a6a097188bae8cd47ce8083f27deef1341ae3086bf0d5a45bd1,87f63c0590d05baea263cdc42c6e1df2d063fa2def309ecb0283f3036bf33d46,87f63c0590d05baea263cdc42c6e1df2d063fa2def309ecb0283f3036bf33d46,1787977909.5617938,36493.433,18246774,0,0.9584569931030273,1.0416193008422852,1.2239646911621094,0.00019073486328125,-0.00324249267578125,0.00476837158203125,-0.0073261260986328125,-0.0024423599243164062,-0.1831502914428711,-0.0659332275390625,0.0073261260986328125,-0.0073261260986328125,-0.08058643341064453,-1.6752128601074219,5.6820526123046875,-1.7557992935180664,0.10988998413085938,-0.10988998413085938,0.0,-1.9908071143934758,7.2527195921285195,-1.7142242146136697,0.0026964844921130594,-0.005886889551283908
44,2,heldout,3,-1,-0.3490658503988659,1.5442216439987533,3,s,af3726fcacd0ac1320a56ea850b0a2c0f5430cf4eb20a45c078706980f08407e,d24fbe3839599a6a097188bae8cd47ce8083f27deef1341ae3086bf0d5a45bd1,87f63c0590d05baea263cdc42c6e1df2d063fa2def309ecb0283f3036bf33d46,87f63c0590d05baea263cdc42c6e1df2d063fa2def309ecb0283f3036bf33d46,1787977909.5636806,36493.435,18246775,0,0.9584569931030273,1.0416193008422852,1.2232017517089844,0.00019073486328125,-0.00324249267578125,0.00476837158203125,-0.0073261260986328125,-0.0024423599243164062,-0.1831502914428711,-0.03663063049316406,-0.0073261260986328125,-0.0073261260986328125,-0.08058643341064453,-1.6752128601074219,5.6820526123046875,-1.7460317611694336,0.10988998413085938,-0.10988998413085938,0.0,-1.9937114115235697,7.255623889258613,-1.7147354042267717,0.0026853148999340286,-0.005887615338624956
44,2,heldout,3,-1,-0.3490658503988659,1.5461054500046885,3,s,af3726fcacd0ac1320a56ea850b0a2c0f5430cf4eb20a45c078706980f08407e,d24fbe3839599a6a097188bae8cd47ce8083f27deef1341ae3086bf0d5a45bd1,87f63c0590d05baea263cdc42c6e1df2d063fa2def309ecb0283f3036bf33d46,87f63c0590d05baea263cdc42c6e1df2d063fa2def309ecb0283f3036bf33d46,1787977909.5655758,36493.437,18246776,0,0.9584569931030273,1.0416193008422852,1.2228202819824219,0.00019073486328125,-0.00324249267578125,0.00476837158203125,0.0073261260986328125,-0.0024423599243164062,-0.1831502914428711,-0.03663063049316406,-0.0073261260986328125,-0.0073261260986328125,-0.08058643341064453,-1.6888885498046875,5.695728302001953,-1.7411479949951172,0.10988998413085938,-0.10988998413085938,0.0,-1.9951619764458974,7.257074454180943,-1.714990624761652,0.002679729517291037,-0.005887976947180679
44,2,heldout,3,-1,-0.3490658503988659,1.5480074470033287,3,s,af3726fcacd0ac1320a56ea850b0a2c0f5430cf4eb20a45c078706980f08407e,d24fbe3839599a6a097188bae8cd47ce8083f27deef1341ae3086bf0d5a45bd1,87f63c0590d05baea263cdc42c6e1df2d063fa2def309ecb0283f3036bf33d46,87f63c0590d05baea263cdc42c6e1df2d063fa2def309ecb0283f3036bf33d46,1787977909.5674767,36493.439,18246777,0,0.9584569931030273,1.0416193008422852,1.2220573425292969,0.00019073486328125,-0.00324249267578125,0.00476837158203125,-0.021978378295898438,-0.0024423599243164062,-0.1831502914428711,-0.03663063049316406,0.0073261260986328125,-0.0073261260986328125,-0.08058643341064453,-1.6888885498046875,5.8051300048828125,-1.7362632751464844,0.10988998413085938,-0.10988998413085938,0.0,-1.998059937949693,7.259972415684738,-1.7155003171023715,0.002668557582962,-0.005888697593799417
44,2,heldout,3,-1,-0.3490658503988659,1.5499040210052044,3,s,af3726fcacd0ac1320a56ea850b0a2c0f5430cf4eb20a45c078706980f08407e,d24fbe3839599a6a097188bae8cd47ce8083f27deef1341ae3086bf0d5a45bd1,87f63c0590d05baea263cdc42c6e1df2d063fa2def309ecb0283f3036bf33d46,87f63c0590d05baea263cdc42c6e1df2d063fa2def309ecb0283f3036bf33d46,1787977909.5693595,36493.441,18246778,0,0.9584569931030273,1.0416193008422852,1.2212944030761719,0.00019073486328125,-0.00324249267578125,0.00476837158203125,-0.0073261260986328125,-0.0024423599243164062,-0.1880340576171875,-0.0073261260986328125,-0.0073261260986328125,-0.0073261260986328125,-0.07570171356201172,-1.6888885498046875,5.723075866699219,-1.7362632751464844,0.10988998413085938,-0.10988998413085938,0.0,-2.0009536735935654,7.26286615132861,-1.7160090108905308,0.0026573840953280914,-0.005889414812745191
44,2,heldout,3,-1,-0.3490658503988659,1.5517872690033983,3,s,af3726fcacd0ac1320a56ea850b0a2c0f5430cf4eb20a45c078706980f08407e,d24fbe3839599a6a097188bae8cd47ce8083f27deef1341ae3086bf0d5a45bd1,87f63c0590d05baea263cdc42c6e1df2d063fa2def309ecb0283f3036bf33d46,87f63c0590d05baea263cdc42c6e1df2d063fa2def309ecb0283f3036bf33d46,1787977909.5712447,36493.443,18246779,0,0.9584569931030273,1.0416193008422852,1.2205314636230469,0.00019073486328125,-0.00324249267578125,0.00476837158203125,-0.0073261260986328125,-0.0024423599243164062,-0.1831502914428711,-0.021978378295898438,-0.0073261260986328125,-0.0073261260986328125,-0.07570171356201172,-1.6888885498046875,5.654701232910156,-1.7362632751464844,0.10988998413085938,-0.10988998413085938,0.0,-2.0038431816931435,7.265755659428187,-1.7165167058300346,0.0026462090608931313,-0.005890128603600533
44,2,heldout,3,-1,-0.3490658503988659,1.5536851030046819,3,s,af3726fcacd0ac1320a56ea850b0a2c0f5430cf4eb20a45c078706980f08407e,d24fbe3839599a6a097188bae8cd47ce8083f27deef1341ae3086bf0d5a45bd1,87f63c0590d05baea263cdc42c6e1df2d063fa2def309ecb0283f3036bf33d46,87f63c0590d05baea263cdc42c6e1df2d063fa2def309ecb0283f3036bf33d46,1787977909.5737495,36493.445,18246780,0,0.9584569931030273,1.0416193008422852,1.2197685241699219,0.00057220458984375,-0.00324249267578125,0.00476837158203125,-0.0073261260986328125,-0.0024423599243164062,-0.1782665252685547,0.0073261260986328125,-0.021978378295898438,-0.0073261260986328125,-0.08058643341064453,-1.7025642395019531,5.572650909423828,-1.7460317611694336,0.10988998413085938,-0.10988998413085938,0.0,-2.0069814336929146,7.268893911427959,-1.7172763747517692,0.002629443623218063,-0.00589119286130565
44,2,heldout,3,-1,-0.3490658503988659,1.556181038999057,3,s,af3726fcacd0ac1320a56ea850b0a2c0f5430cf4eb20a45c078706980f08407e,d24fbe3839599a6a097188bae8cd47ce8083f27deef1341ae3086bf0d5a45bd1,87f63c0590d05baea263cdc42c6e1df2d063fa2def309ecb0283f3036bf33d46,87f63c0590d05baea263cdc42c6e1df2d063fa2def309ecb0283f3036bf33d46,1787977909.5756466,36493.447,18246781,0,0.9584569931030273,1.0416193008422852,1.2190055847167969,0.00057220458984375,-0.00324249267578125,0.00476837158203125,-0.0073261260986328125,-0.0024423599243164062,-0.17338180541992188,0.021978378295898438,-0.0073261260986328125,-0.0073261260986328125,-0.08058643341064453,-1.7025642395019531,5.517948150634766,-1.7557992935180664,0.10988998413085938,-0.10988998413085938,0.0,-2.0098619818306402,7.271774459565685,-1.717781571278011,0.002618264750240621,-0.0058918980801215305
44,2,heldout,3,-1,-0.3490658503988659,1.5580711190050351,3,s,af3726fcacd0ac1320a56ea850b0a2c0f5430cf4eb20a45c078706980f08407e,d24fbe3839599a6a097188bae8cd47ce8083f27deef1341ae3086bf0d5a45bd1,87f63c0590d05baea263cdc42c6e1df2d063fa2def309ecb0283f3036bf33d46,87f63c0590d05baea263cdc42c6e1df2d063fa2def309ecb0283f3036bf33d46,1787977909.5775344,36493.449,18246782,0,0.9584569931030273,1.0416193008422852,1.218623161315918,0.00057220458984375,-0.00324249267578125,0.00476837158203125,-0.0073261260986328125,-0.0024423599243164062,-0.16361427307128906,0.021978378295898438,0.0073261260986328125,-0.0073261260986328125,-0.08058643341064453,-1.7025642395019531,5.5589752197265625,-1.7655677795410156,0.10988998413085938,-0.10988998413085938,0.0,-2.0113042641216334,7.273216741856678,-1.7180344248493704,0.0026126607663359185,-0.005892250280713033
44,2,heldout,3,-1,-0.3490658503988659,1.5599616559993592,3,s,af3726fcacd0ac1320a56ea850b0a2c0f5430cf4eb20a45c078706980f08407e,d24fbe3839599a6a097188bae8cd47ce8083f27deef1341ae3086bf0d5a45bd1,87f63c0590d05baea263cdc42c6e1df2d063fa2def309ecb0283f3036bf33d46,87f63c0590d05baea263cdc42c6e1df2d063fa2def309ecb0283f3036bf33d46,1787977909.579442,36493.451,18246783,0,0.9584569931030273,1.0416193008422852,1.217860221862793,0.00057220458984375,-0.00324249267578125,0.00476837158203125,-0.0073261260986328125,-0.0024423599243164062,-0.15873050689697266,0.021978378295898438,-0.021978378295898438,-0.0073261260986328125,-0.08058643341064453,-1.7025642395019531,5.599998474121094,-1.7802200317382812,0.10988998413085938,-0.10988998413085938,0.0,-2.0141784572439394,7.276090934978983,-1.7185381201946677,0.0026014796078560744,-0.005892950350784337
44,2,heldout,3,-1,-0.3490658503988659,1.5618766840052558,3,s,af3726fcacd0ac1320a56ea850b0a2c0f5430cf4eb20a45c078706980f08407e,d24fbe3839599a6a097188bae8cd47ce8083f27deef1341ae3086bf0d5a45bd1,87f63c0590d05baea263cdc42c6e1df2d063fa2def309ecb0283f3036bf33d46,87f63c0590d05baea263cdc42c6e1df2d063fa2def309ecb0283f3036bf33d46,1787977909.5814009,36493.453,18246784,0,0.9584569931030273,1.0416193008422852,1.217097282409668,0.00095367431640625,-0.00324249267578125,0.00476837158203125,-0.021978378295898438,-0.0024423599243164062,-0.15384578704833984,0.03663063049316406,-0.03663063049316406,-0.0073261260986328125,-0.08058643341064453,-1.7162399291992188,5.531623840332031,-1.7997560501098633,0.10988998413085938,-0.10988998413085938,0.0,-2.017299387424601,7.279211865159645,-1.7192917875196625,0.002584705032932225,-0.005893994024236264
44,2,heldout,3,-1,-0.3490658503988659,1.563843709998764,3,s,af3726fcacd0ac1320a56ea850b0a2c0f5430cf4eb20a45c078706980f08407e,d24fbe3839599a6a097188bae8cd47ce8083f27deef1341ae3086bf0d5a45bd1,87f63c0590d05baea263cdc42c6e1df2d063fa2def309ecb0283f3036bf33d46,87f63c0590d05baea263cdc42c6e1df2d063fa2def309ecb0283f3036bf33d46,1787977909.5833178,36493.455,18246785,0,0.9584569931030273,1.0416193008422852,1.2167158126831055,0.00095367431640625,-0.00324249267578125,0.00476837158203125,-0.0073261260986328125,-0.0024423599243164062,-0.15873050689697266,0.021978378295898438,-0.021978378295898438,-0.0073261260986328125,-0.08058643341064453,-1.7162399291992188,5.641025543212891,-1.8144073486328125,0.11477375030517578,-0.10988998413085938,0.0,-2.018732527436869,7.2806450051719125,-1.7195425096302748,0.0025791127546244924,-0.005894340200076275
44,2,heldout,3,-1,-0.3490658503988659,1.56575083899952,3,s,af3726fcacd0ac1320a56ea850b0a2c0f5430cf4eb20a45c078706980f08407e,d24fbe3839599a6a097188bae8cd47ce8083f27deef1341ae3086bf0d5a45bd1,87f63c0590d05baea263cdc42c6e1df2d063fa2def309ecb0283f3036bf33d46,87f63c0590d05baea263cdc42c6e1df2d063fa2def309ecb0283f3036bf33d46,1787977909.5852654,36493.456999999995,18246786,0,0.9584569931030273,1.0416193008422852,1.2159528732299805,0.00095367431640625,-0.00324249267578125,0.00476837158203125,0.0073261260986328125,-0.0024423599243164062,-0.16361427307128906,0.03663063049316406,-0.021978378295898438,-0.0073261260986328125,-0.07570171356201172,-1.7162399291992188,5.695728302001953,-1.8192920684814453,0.11477375030517578,-0.11477375030517578,0.0,-2.0215956288331776,7.283508106568222,-1.7200432031359538,0.0025679270728919735,-0.005895029978487907
44,2,heldout,3,-1,-0.3490658503988659,1.5676972790024593,3,s,af3726fcacd0ac1320a56ea850b0a2c0f5430cf4eb20a45c078706980f08407e,d24fbe3839599a6a097188bae8cd47ce8083f27deef1341ae3086bf0d5a45bd1,87f63c0590d05baea263cdc42c6e1df2d063fa2def309ecb0283f3036bf33d46,87f63c0590d05baea263cdc42c6e1df2d063fa2def309ecb0283f3036bf33d46,1787977909.5878122,36493.458999999995,18246787,0,0.9584569931030273,1.0416193008422852,1.2151899337768555,0.00095367431640625,-0.00324249267578125,0.00476837158203125,0.0073261260986328125,-0.0024423599243164062,-0.17338180541992188,0.05128288269042969,0.0073261260986328125,-0.0073261260986328125,-0.07570171356201172,-1.7162399291992188,5.6820526123046875,-1.8290596008300781,0.11477375030517578,-0.10988998413085938,0.0,-2.02445449066999,7.286366968405034,-1.720542895444766,0.002556739896429244,-0.005895716325540649
44,2,heldout,3,-1,-0.3490658503988659,1.5702440029999707,3,s,af3726fcacd0ac1320a56ea850b0a2c0f5430cf4eb20a45c078706980f08407e,d24fbe3839599a6a097188bae8cd47ce8083f27deef1341ae3086bf0d5a45bd1,87f63c0590d05baea263cdc42c6e1df2d063fa2def309ecb0283f3036bf33d46,87f63c0590d05baea263cdc42c6e1df2d063fa2def309ecb0283f3036bf33d46,1787977909.58976,36493.460999999996,18246788,0,0.9584569931030273,1.0416193008422852,1.2144269943237305,0.00095367431640625,-0.00324249267578125,0.00476837158203125,-0.0073261260986328125,-0.0024423599243164062,-0.1782665252685547,0.021978378295898438,-0.021978378295898438,-0.0073261260986328125,-0.08058643341064453,-1.7162399291992188,5.8051300048828125,-1.8388280868530273,0.10988998413085938,-0.11477375030517578,0.0,-2.02730911128323,7.289221589018275,-1.7210415862658521,0.002545551231748099,-0.005896399240834988
44,2,heldout,3,-1,-0.3490658503988659,1.5721981070018956,3,s,af3726fcacd0ac1320a56ea850b0a2c0f5430cf4eb20a45c078706980f08407e,d24fbe3839599a6a097188bae8cd47ce8083f27deef1341ae3086bf0d5a45bd1,87f63c0590d05baea263cdc42c6e1df2d063fa2def309ecb0283f3036bf33d46,87f63c0590d05baea263cdc42c6e1df2d063fa2def309ecb0283f3036bf33d46,1787977909.5917408,36493.462999999996,18246789,0,0.9584569931030273,1.0416193008422852,1.2136640548706055,0.00095367431640625,-0.00324249267578125,0.00476837158203125,-0.021978378295898438,-0.0024423599243164062,-0.1782665252685547,0.03663063049316406,-0.0073261260986328125,-0.0073261260986328125,-0.07570171356201172,-1.7162399291992188,5.8051300048828125,-1.8388280868530273,0.11477375030517578,-0.10988998413085938,0.0,-2.030159489011291,7.2920719667463345,-1.7215392753089358,0.002534361085361197,-0.005897078723973415
44,2,heldout,3,-1,-0.3490658503988659,1.574201350005751,3,s,af3726fcacd0ac1320a56ea850b0a2c0f5430cf4eb20a45c078706980f08407e,d24fbe3839599a6a097188bae8cd47ce8083f27deef1341ae3086bf0d5a45bd1,87f63c0590d05baea263cdc42c6e1df2d063fa2def309ecb0283f3036bf33d46,87f63c0590d05baea263cdc42c6e1df2d063fa2def309ecb0283f3036bf33d46,1787977909.593711,36493.465,18246790,0,0.9584569931030273,1.0416193008422852,1.2129011154174805,0.00095367431640625,-0.00324249267578125,0.00476837158203125,-0.0073261260986328125,-0.0024423599243164062,-0.1782665252685547,0.0073261260986328125,-0.0073261260986328125,-0.0073261260986328125,-0.07570171356201172,-1.7162399291992188,5.75042724609375,-1.8388280868530273,0.11477375030517578,-0.10988998413085938,0.0,-2.033005622195033,7.294918099930078,-1.7220359622843247,0.0025231694637820592,-0.005897754774560425
44,2,heldout,3,-1,-0.3490658503988659,1.5761451510043116,3,s,af3726fcacd0ac1320a56ea850b0a2c0f5430cf4eb20a45c078706980f08407e,d24fbe3839599a6a097188bae8cd47ce8083f27deef1341ae3086bf0d5a45bd1,87f63c0590d05baea263cdc42c6e1df2d063fa2def309ecb0283f3036bf33d46,87f63c0590d05baea263cdc42c6e1df2d063fa2def309ecb0283f3036bf33d46,1787977909.5956447,36493.467,18246791,0,0.9584569931030273,1.0416193008422852,1.212519645690918,0.00095367431640625,-0.00324249267578125,0.00476837158203125,-0.0073261260986328125,-0.0024423599243164062,-0.1831502914428711,-0.021978378295898438,-0.0073261260986328125,-0.0073261260986328125,-0.08058643341064453,-1.7025642395019531,5.764102935791016,-1.8339433670043945,0.11477375030517578,-0.10988998413085938,0.0,-2.0344270965649813,7.296339574300026,-1.7222839299062644,0.0025175731018311125,-0.005898091512524096
44,2,heldout,3,-1,-0.3490658503988659,1.5780779530032305,3,s,af3726fcacd0ac1320a56ea850b0a2c0f5430cf4eb20a45c078706980f08407e,d24fbe3839599a6a097188bae8cd47ce8083f27deef1341ae3086bf0d5a45bd1,87f63c0590d05baea263cdc42c6e1df2d063fa2def309ecb0283f3036bf33d46,87f63c0590d05baea263cdc42c6e1df2d063fa2def309ecb0283f3036bf33d46,1787977909.5975535,36493.469,18246792,0,0.9584569931030273,1.0416193008422852,1.211756706237793,0.00095367431640625,-0.00324249267578125,0.00476837158203125,0.0073261260986328125,-0.0024423599243164062,-0.1831502914428711,-0.03663063049316406,-0.0073261260986328125,-0.0073261260986328125,-0.08058643341064453,-1.7162399291992188,5.791454315185547,-1.8241758346557617,0.11477375030517578,-0.10988998413085938,0.0,-2.0372668598267674,7.299179337561812,-1.7227791132382118,0.002506379279678352,-0.00589876241354676
44,2,heldout,3,-1,-0.3490658503988659,1.57998535400111,3,s,af3726fcacd0ac1320a56ea850b0a2c0f5430cf4eb20a45c078706980f08407e,d24fbe3839599a6a097188bae8cd47ce8083f27deef1341ae3086bf0d5a45bd1,87f63c0590d05baea263cdc42c6e1df2d063fa2def309ecb0283f3036bf33d46,87f63c0590d05baea263cdc42c6e1df2d063fa2def309ecb0283f3036bf33d46,1787977909.5994601,36493.471,18246793,0,0.9584569931030273,1.0416193008422852,1.210993766784668,0.00057220458984375,-0.00324249267578125,0.00476837158203125,-0.0073261260986328125,-0.0024423599243164062,-0.1831502914428711,-0.03663063049316406,-0.021978378295898438,-0.0073261260986328125,-0.08058643341064453,-1.7162399291992188,5.859828948974609,-1.809523582458496,0.10988998413085938,-0.10988998413085938,0.0,-2.0398554095025783,7.301767887237622,-1.7230263288761605,0.002500781821105455,-0.005899096576508125
44,2,heldout,3,-1,-0.3490658503988659,1.581887801999983,3,s,af3726fcacd0ac1320a56ea850b0a2c0f5430cf4eb20a45c078706980f08407e,d24fbe3839599a6a097188bae8cd47ce8083f27deef1341ae3086bf0d5a45bd1,87f63c0590d05baea263cdc42c6e1df2d063fa2def309ecb0283f3036bf33d46,87f63c0590d05baea263cdc42c6e1df2d063fa2def309ecb0283f3036bf33d46,1787977909.6013381,36493.473,18246794,0,0.9584569931030273,1.0416193008422852,1.210230827331543,0.00057220458984375,-0.00324249267578125,0.00476837158203125,-0.0073261260986328125,-0.0024423599243164062,-0.1880340576171875,-0.05128288269042969,-0.021978378295898438,-0.0073261260986328125,-0.08058643341064453,-1.7162399291992188,5.832477569580078,-1.789987564086914,0.10988998413085938,-0.10988998413085938,0.0,-2.042687175325607,7.3045996530606505,-1.7235200079161388,0.0024895858130393102,-0.0058997623270877824
44,2,heldout,3,-1,-0.3490658503988659,1.5837618540026597,3,s,af3726fcacd0ac1320a56ea850b0a2c0f5430cf4eb20a45c078706980f08407e,d24fbe3839599a6a097188bae8cd47ce8083f27deef1341ae3086bf0d5a45bd1,87f63c0590d05baea263cdc42c6e1df2d063fa2def309ecb0283f3036bf33d46,87f63c0590d05baea263cdc42c6e1df2d063fa2def309ecb0283f3036bf33d46,1787977909.604283,36493.475,18246795,0,0.9584569931030273,1.0416193008422852,1.209467887878418,0.00057220458984375,-0.00324249267578125,0.00476837158203125,-0.0073261260986328125,-0.0024423599243164062,-0.1880340576171875,-0.08058547973632812,-0.021978378295898438,-0.0073261260986328125,-0.08058643341064453,-1.7299137115478516,5.777778625488281,-1.7753353118896484,0.10988998413085938,-0.10988998413085938,0.0,-2.045514689312246,7.30742716704729,-1.7240126837354834,0.002478388355843571,-0.00590042464355396
44,2,heldout,3,-1,-0.3490658503988659,1.586719639999501,3,s,af3726fcacd0ac1320a56ea850b0a2c0f5430cf4eb20a45c078706980f08407e,d24fbe3839599a6a097188bae8cd47ce8083f27deef1341ae3086bf0d5a45bd1,87f63c0590d05baea263cdc42c6e1df2d063fa2def309ecb0283f3036bf33d46,87f63c0590d05baea263cdc42c6e1df2d063fa2def309ecb0283f3036bf33d46,1787977909.6056411,36493.477,18246796,0,0.9584569931030273,1.0416193008422852,1.208704948425293,0.00019073486328125,-0.00324249267578125,0.00476837158203125,0.0073261260986328125,-0.0024423599243164062,-0.1880340576171875,-0.08058547973632812,-0.0073261260986328125,-0.0073261260986328125,-0.07570171356201172,-1.7299137115478516,5.8051300048828125,-1.7557992935180664,0.10988998413085938,-0.10988998413085938,0.0,-2.0480922391170213,7.310004716852065,-1.7242586453477782,0.0024727890858588734,-0.005900754513873938
44,2,heldout,3,-1,-0.3490658503988659,1.5880722040019464,3,s,af3726fcacd0ac1320a56ea850b0a2c0f5430cf4eb20a45c078706980f08407e,d24fbe3839599a6a097188bae8cd47ce8083f27deef1341ae3086bf0d5a45bd1,87f63c0590d05baea263cdc42c6e1df2d063fa2def309ecb0283f3036bf33d46,87f63c0590d05baea263cdc42c6e1df2d063fa2def309ecb0283f3036bf33d46,1787977909.6074915,36493.479,18246797,0,0.9584569931030273,1.0416193008422852,1.207942008972168,0.00019073486328125,-0.00324249267578125,0.00476837158203125,-0.0073261260986328125,-0.0024423599243164062,-0.1831502914428711,-0.0659332275390625,0.0073261260986328125,-0.0073261260986328125,-0.07570171356201172,-1.7299137115478516,5.8051300048828125,-1.7362632751464844,0.10988998413085938,-0.10988998413085938,0.0,-2.0509117464284006,7.312824224163444,-1.7247498157986518,0.002461589467189833,-0.005901411678447665
44,2,heldout,3,-1,-0.3490658503988659,1.5899231380026322,3,s,af3726fcacd0ac1320a56ea850b0a2c0f5430cf4eb20a45c078706980f08407e,d24fbe3839599a6a097188bae8cd47ce8083f27deef1341ae3086bf0d5a45bd1,87f63c0590d05baea263cdc42c6e1df2d063fa2def309ecb0283f3036bf33d46,87f63c0590d05baea263cdc42c6e1df2d063fa2def309ecb0283f3036bf33d46,1787977909.6093845,36493.481,18246798,0,0.9584569931030273,1.0416193008422852,1.207179069519043,0.00019073486328125,-0.00324249267578125,0.00476837158203125,-0.0073261260986328125,-0.0024423599243164062,-0.1880340576171875,-0.0659332275390625,-0.021978378295898438,-0.0073261260986328125,-0.07570171356201172,-1.7435894012451172,5.859828948974609,-1.7264957427978516,0.10988998413085938,-0.10988998413085938,0.0,-2.0537269971160597,7.315639474851104,-1.7252399823130509,0.002450388415687206,-0.005902065407947863
44,2,heldout,3,-1,-0.3490658503988659,1.5918091310013551,3,s,af3726fcacd0ac1320a56ea850b0a2c0f5430cf4eb20a45c078706980f08407e,d24fbe3839599a6a097188bae8cd47ce8083f27deef1341ae3086bf0d5a45bd1,87f63c0590d05baea263cdc42c6e1df2d063fa2def309ecb0283f3036bf33d46,87f63c0590d05baea263cdc42c6e1df2d063fa2def309ecb0283f3036bf33d46,1787977909.6112807,36493.483,18246799,0,0.9584569931030273,1.0416193008422852,1.206416130065918,0.00019073486328125,-0.00324249267578125,0.00476837158203125,-0.0073261260986328125,-0.0024423599243164062,-0.1831502914428711,-0.021978378295898438,0.0073261260986328125,-0.0073261260986328125,-0.07570171356201172,-1.7435894012451172,5.859828948974609,-1.7216119766235352,0.10988998413085938,-0.10988998413085938,0.0,-2.056537989541306,7.3184504672763495,-1.7257291446056584,0.0024391859378708703,-0.005902715701994004
44,2,heldout,3,-1,-0.3490658503988659,1.5937228640032117,3,s,af3726fcacd0ac1320a56ea850b0a2c0f5430cf4eb20a45c078706980f08407e,d24fbe3839599a6a097188bae8cd47ce8083f27deef1341ae3086bf0d5a45bd1,87f63c0590d05baea263cdc42c6e1df2d063fa2def309ecb0283f3036bf33d46,87f63c0590d05baea263cdc42c6e1df2d063fa2def309ecb0283f3036bf33d46,1787977909.6137452,36493.485,18246800,0,0.9584569931030273,1.0416193008422852,1.205653190612793,0.00019073486328125,-0.00324249267578125,0.00476837158203125,-0.021978378295898438,-0.0024423599243164062,-0.1831502914428711,-0.03663063049316406,-0.0073261260986328125,-0.0073261260986328125,-0.07570171356201172,-1.7572650909423828,5.723075866699219,-1.7216119766235352,0.10988998413085938,-0.11477375030517578,0.0,-2.0593447220679244,7.321257199802968,-1.7262173023917462,0.0024279820402615285,-0.005903362560207571
44,2,heldout,3,-1,-0.3490658503988659,1.5961731930001406,3,s,af3726fcacd0ac1320a56ea850b0a2c0f5430cf4eb20a45c078706980f08407e,d24fbe3839599a6a097188bae8cd47ce8083f27deef1341ae3086bf0d5a45bd1,87f63c0590d05baea263cdc42c6e1df2d063fa2def309ecb0283f3036bf33d46,87f63c0590d05baea263cdc42c6e1df2d063fa2def309ecb0283f3036bf33d46,1787977909.6156092,36493.487,18246801,0,0.9584569931030273,1.0416193008422852,1.2052717208862305,0.00019073486328125,-0.00324249267578125,0.00476837158203125,-0.0073261260986328125,-0.0024423599243164062,-0.17338180541992188,-0.021978378295898438,-0.0073261260986328125,-0.0073261260986328125,-0.07570171356201172,-1.7435894012451172,5.736751556396484,-1.7216119766235352,0.10500621795654297,-0.10988998413085938,0.0,-2.060746490358612,7.3226589680936565,-1.7264610045060276,0.0024223795610724226,-0.0059036847007594
44,2,heldout,3,-1,-0.3490658503988659,1.5980307930003619,3,s,af3726fcacd0ac1320a56ea850b0a2c0f5430cf4eb20a45c078706980f08407e,d24fbe3839599a6a097188bae8cd47ce8083f27deef1341ae3086bf0d5a45bd1,87f63c0590d05baea263cdc42c6e1df2d063fa2def309ecb0283f3036bf33d46,87f63c0590d05baea263cdc42c6e1df2d063fa2def309ecb0283f3036bf33d46,1787977909.6175392,36493.489,18246802,0,0.9584569931030273,1.0416193008422852,1.2045087814331055,0.00019073486328125,-0.00324249267578125,0.00476837158203125,-0.0073261260986328125,-0.0024423599243164062,-0.16849803924560547,-0.0073261260986328125,-0.0073261260986328125,-0.0073261260986328125,-0.07570171356201172,-1.7435894012451172,5.668376922607422,-1.731379508972168,0.10500621795654297,-0.11477375030517578,0.0,-2.0635468299748188,7.325459307709863,-1.7269476549997453,0.00241117354600168,-0.005904326404518756
44,2,heldout,3,-1,-0.3490658503988659,1.5999709800016717,3,s,af3726fcacd0ac1320a56ea850b0a2c0f5430cf4eb20a45c078706980f08407e,d24fbe3839599a6a097188bae8cd47ce8083f27deef1341ae3086bf0d5a45bd1,87f63c0590d05baea263cdc42c6e1df2d063fa2def309ecb0283f3036bf33d46,87f63c0590d05baea263cdc42c6e1df2d063fa2def309ecb0283f3036bf33d46,1787977909.619433,36493.491,18246803,0,0.9584569931030273,1.0416193008422852,1.2037458419799805,0.00019073486328125,-0.00324249267578125,0.00476837158203125,0.0073261260986328125,-0.0024423599243164062,-0.15873050689697266,-0.0073261260986328125,-0.0073261260986328125,-0.0073261260986328125,-0.07570171356201172,-1.7572650909423828,5.613674163818359,-1.7362632751464844,0.10500621795654297,-0.11477375030517578,0.0,-2.066342905612721,7.328255383347765,-1.7274333002776774,0.0023999661274432833,-0.005904964671507985
44,2,heldout,3,-1,-0.3490658503988659,1.6018603740012622,3,s,af3726fcacd0ac1320a56ea850b0a2c0f5430cf4eb20a45c078706980f08407e,d24fbe3839599a6a097188bae8cd47ce8083f27deef1341ae3086bf0d5a45bd1,87f63c0590d05baea263cdc42c6e1df2d063fa2def309ecb0283f3036bf33d46,87f63c0590d05baea263cdc42c6e1df2d063fa2def309ecb0283f3036bf33d46,1787977909.6213002,36493.492999999995,18246804,0,0.9584569931030273,1.0416193008422852,1.203364372253418,0.00019073486328125,-0.00324249267578125,0.00476837158203125,-0.0073261260986328125,-0.0024423599243164062,-0.15384578704833984,0.0073261260986328125,-0.021978378295898438,-0.0073261260986328125,-0.08058643341064453,-1.7572650909423828,5.695728302001953,-1.75091552734375,0.10500621795654297,-0.10988998413085938,0.0,-2.067739343931106,7.3296518216661495,-1.7276757458723628,0.0023943618938948004,-0.005905282516097625
44,2,heldout,3,-1,-0.3490658503988659,1.6037239430006593,3,s,af3726fcacd0ac1320a56ea850b0a2c0f5430cf4eb20a45c078706980f08407e,d24fbe3839599a6a097188bae8cd47ce8083f27deef1341ae3086bf0d5a45bd1,87f63c0590d05baea263cdc42c6e1df2d063fa2def309ecb0283f3036bf33d46,87f63c0590d05baea263cdc42c6e1df2d063fa2def309ecb0283f3036bf33d46,1787977909.6237257,36493.494999999995,18246805,0,0.9584569931030273,1.0416193008422852,1.202601432800293,0.00057220458984375,-0.00324249267578125,0.00476837158203125,-0.0073261260986328125,-0.0024423599243164062,-0.15384578704833984,0.021978378295898438,-0.0073261260986328125,-0.0073261260986328125,-0.08058643341064453,-1.7709407806396484,5.736751556396484,-1.7655677795410156,0.10988998413085938,-0.11477375030517578,0.0,-2.070770711809969,7.332683189545014,-1.728401574056037,0.002377547105958647,-0.005906230893691986
44,2,heldout,3,-1,-0.3490658503988659,1.6061513450040366,3,s,af3726fcacd0ac1320a56ea850b0a2c0f5430cf4eb20a45c078706980f08407e,d24fbe3839599a6a097188bae8cd47ce8083f27deef1341ae3086bf0d5a45bd1,87f63c0590d05baea263cdc42c6e1df2d063fa2def309ecb0283f3036bf33d46,87f63c0590d05baea263cdc42c6e1df2d063fa2def309ecb0283f3036bf33d46,1787977909.6255872,36493.496999999996,18246806,0,0.9584569931030273,1.0416193008422852,1.2022199630737305,0.00057220458984375,-0.00324249267578125,0.00476837158203125,-0.0073261260986328125,-0.0024423599243164062,-0.15384578704833984,0.021978378295898438,0.0073261260986328125,-0.0073261260986328125,-0.08058643341064453,-1.7572650909423828,5.764102935791016,-1.7802200317382812,0.10988998413085938,-0.11477375030517578,0.0,-2.0721636981897027,7.334076175924747,-1.7286430137997777,0.0023719414836017743,-0.005906545300678582
44,2,heldout,3,-1,-0.3490658503988659,1.6080112970012124,3,s,af3726fcacd0ac1320a56ea850b0a2c0f5430cf4eb20a45c078706980f08407e,d24fbe3839599a6a097188bae8cd47ce8083f27deef1341ae3086bf0d5a45bd1,87f63c0590d05baea263cdc42c6e1df2d063fa2def309ecb0283f3036bf33d46,87f63c0590d05baea263cdc42c6e1df2d063fa2def309ecb0283f3036bf33d46,1787977909.6274927,36493.498999999996,18246807,0,0.9584569931030273,1.0416193008422852,1.2014570236206055,0.00057220458984375,-0.00324249267578125,0.00476837158203125,-0.0073261260986328125,-0.0024423599243164062,-0.15384578704833984,0.03663063049316406,-0.0073261260986328125,-0.0073261260986328125,-0.08058643341064453,-1.7572650909423828,5.887180328369141,-1.7948713302612305,0.10988998413085938,-0.11477375030517578,0.0,-2.074946469001007,7.336858946736052,-1.7291251386001716,0.0023607292042150804,-0.0059071715360597766
44,2,heldout,3,-1,-0.3490658503988659,1.6099235200017574,3,s,af3726fcacd0ac1320a56ea850b0a2c0f5430cf4eb20a45c078706980f08407e,d24fbe3839599a6a097188bae8cd47ce8083f27deef1341ae3086bf0d5a45bd1,87f63c0590d05baea263cdc42c6e1df2d063fa2def309ecb0283f3036bf33d46,87f63c0590d05baea263cdc42c6e1df2d063fa2def309ecb0283f3036bf33d46,1787977909.6293826,36493.501,18246808,0,0.9584569931030273,1.0416193008422852,1.2006940841674805,0.00095367431640625,-0.00362396240234375,0.00476837158203125,-0.021978378295898438,-0.0024423599243164062,-0.16361427307128906,0.05128288269042969,-0.021978378295898438,-0.0073261260986328125,-0.08058643341064453,-1.7572650909423828,5.846153259277344,-1.8144073486328125,0.10500621795654297,-0.11477375030517578,0.0,-2.077959483697906,7.33987196143295,-1.7298407714166795,0.002393757970795665,-0.005910487315743267
44,2,heldout,3,-1,-0.3490658503988659,1.6118089680021512,3,s,af3726fcacd0ac1320a56ea850b0a2c0f5430cf4eb20a45c078706980f08407e,d24fbe3839599a6a097188bae8cd47ce8083f27deef1341ae3086bf0d5a45bd1,87f63c0590d05baea263cdc42c6e1df2d063fa2def309ecb0283f3036bf33d46,87f63c0590d05baea263cdc42c6e1df2d063fa2def309ecb0283f3036bf33d46,1787977909.631251,36493.503,18246809,0,0.9584569931030273,1.0416193008422852,1.1999311447143555,0.00095367431640625,-0.00324249267578125,0.00476837158203125,-0.0073261260986328125,-0.0024423599243164062,-0.16361427307128906,0.05128288269042969,-0.0073261260986328125,-0.0073261260986328125,-0.07570171356201172,-1.7709407806396484,5.8188018798828125,-1.8290596008300781,0.10500621795654297,-0.11477375030517578,0.0,-2.080738875318343,7.3426513530533875,-1.7303260466244998,0.002332692508229138,-0.005908722080605641
44,2,heldout,3,-1,-0.3490658503988659,1.6136946800033911,3,s,af3726fcacd0ac1320a56ea850b0a2c0f5430cf4eb20a45c078706980f08407e,d24fbe3839599a6a097188bae8cd47ce8083f27deef1341ae3086bf0d5a45bd1,87f63c0590d05baea263cdc42c6e1df2d063fa2def309ecb0283f3036bf33d46,87f63c0590d05baea263cdc42c6e1df2d063fa2def309ecb0283f3036bf33d46,1787977909.6343102,36493.505,18246810,0,0.9584569931030273,1.0416193008422852,1.199549674987793,0.00095367431640625,-0.00324249267578125,0.00476837158203125,-0.0073261260986328125,-0.0024423599243164062,-0.17338180541992188,0.05128288269042969,-0.0073261260986328125,-0.0073261260986328125,-0.07570171356201172,-1.7709407806396484,5.8051300048828125,-1.8388280868530273,0.10988998413085938,-0.11477375030517578,0.0,-2.0821241349146233,7.344036612649667,-1.7305654729822575,0.0023270841474135042,-0.005909029610198043
44,2,heldout,3,-1,-0.3490658503988659,1.616861783004424,3,s,af3726fcacd0ac1320a56ea850b0a2c0f5430cf4eb20a45c078706980f08407e,d24fbe3839599a6a097188bae8cd47ce8083f27deef1341ae3086bf0d5a45bd1,87f63c0590d05baea263cdc42c6e1df2d063fa2def309ecb0283f3036bf33d46,87f63c0590d05baea263cdc42c6e1df2d063fa2def309ecb0283f3036bf33d46,1787977909.6358018,36493.507,18246811,0,0.9584569931030273,1.0416193008422852,1.198786735534668,0.00095367431640625,-0.00324249267578125,0.00476837158203125,-0.0073261260986328125,-0.0024423599243164062,-0.16849803924560547,0.05128288269042969,0.0073261260986328125,-0.0073261260986328125,-0.07570171356201172,-1.7709407806396484,5.736751556396484,-1.8437118530273438,0.10988998413085938,-0.10988998413085938,0.0,-2.0848914478118457,7.346803925546889,-1.731043570171715,0.002315866410692484,-0.00590964208970731
44,2,heldout,3,-1,-0.3490658503988659,1.6182342570027686,3,s,af3726fcacd0ac1320a56ea850b0a2c0f5430cf4eb20a45c078706980f08407e,d24fbe3839599a6a097188bae8cd47ce8083f27deef1341ae3086bf0d5a45bd1,87f63c0590d05baea263cdc42c6e1df2d063fa2def309ecb0283f3036bf33d46,87f63c0590d05baea263cdc42c6e1df2d063fa2def309ecb0283f3036bf33d46,1787977909.6377153,36493.509,18246812,0,0.9584569931030273,1.0416193008422852,1.198023796081543,0.00095367431640625,-0.00324249267578125,0.00476837158203125,0.0073261260986328125,-0.0024423599243164062,-0.16361427307128906,0.0073261260986328125,-0.0073261260986328125,-0.0073261260986328125,-0.08058643341064453,-1.7846145629882812,5.736751556396484,-1.8534793853759766,0.10988998413085938,-0.10988998413085938,0.0,-2.0876544843065594,7.349566962041605,-1.7315206597612505,0.002304647325959861,-0.005910251129352316
44,2,heldout,3,-1,-0.3490658503988659,1.6201489369996125,3,s,af3726fcacd0ac1320a56ea850b0a2c0f5430cf4eb20a45c078706980f08407e,d24fbe3839599a6a097188bae8cd47ce8083f27deef1341ae3086bf0d5a45bd1,87f63c0590d05baea263cdc42c6e1df2d063fa2def309ecb0283f3036bf33d46,87f63c0590d05baea263cdc42c6e1df2d063fa2def309ecb0283f3036bf33d46,1787977909.63962,36493.511,18246813,0,0.9584569931030273,1.0416193008422852,1.197260856628418,0.00095367431640625,-0.00324249267578125,0.00476837158203125,-0.021978378295898438,-0.0024423599243164062,-0.16361427307128906,-0.0073261260986328125,-0.0073261260986328125,-0.0073261260986328125,-0.07570171356201172,-1.7982902526855469,5.709400177001953,-1.8485956192016602,0.10988998413085938,-0.10988998413085938,0.0,-2.090413242790467,7.352325720525512,-1.7319967414731603,0.0022934268997460054,-0.005910856728778553
44,2,heldout,3,-1,-0.3490658503988659,1.6220581210000091,3,s,af3726fcacd0ac1320a56ea850b0a2c0f5430cf4eb20a45c078706980f08407e,d24fbe3839599a6a097188bae8cd47ce8083f27deef1341ae3086bf0d5a45bd1,87f63c0590d05baea263cdc42c6e1df2d063fa2def309ecb0283f3036bf33d46,87f63c0590d05baea263cdc42c6e1df2d063fa2def309ecb0283f3036bf33d46,1787977909.6415129,36493.513,18246814,0,0.9584569931030273,1.0416193008422852,1.1968793869018555,0.00095367431640625,-0.00324249267578125,0.00476837158203125,0.0073261260986328125,-0.0024423599243164062,-0.16849803924560547,-0.0073261260986328125,-0.021978378295898438,-0.0073261260986328125,-0.07570171356201172,-1.7846145629882812,5.695728302001953,-1.8437118530273438,0.10500621795654297,-0.10988998413085938,0.0,-2.0917910172764533,7.353703495011496,-1.7322344042883833,0.002287816185624565,-0.0059111582382993955
44,2,heldout,3,-1,-0.3490658503988659,1.6239408580004238,3,s,af3726fcacd0ac1320a56ea850b0a2c0f5430cf4eb20a45c078706980f08407e,d24fbe3839599a6a097188bae8cd47ce8083f27deef1341ae3086bf0d5a45bd1,87f63c0590d05baea263cdc42c6e1df2d063fa2def309ecb0283f3036bf33d46,87f63c0590d05baea263cdc42c6e1df2d063fa2def309ecb0283f3036bf33d46,1787977909.6434104,36493.515,18246815,0,0.9584569931030273,1.0416193008422852,1.1961164474487305,0.00095367431640625,-0.00324249267578125,0.00476837158203125,-0.021978378295898438,-0.0024423599243164062,-0.16849803924560547,-0.0073261260986328125,0.0073261260986328125,-0.0073261260986328125,-0.08058643341064453,-1.7982902526855469,5.791454315185547,-1.8339433670043945,0.10500621795654297,-0.10988998413085938,0.0,-2.0945433557340336,7.356455833469077,-1.732708973664446,0.0022765937594349988,-0.005911758676737156
44,2,heldout,3,-1,-0.3490658503988659,1.6258362020016648,3,s,af3726fcacd0ac1320a56ea850b0a2c0f5430cf4eb20a45c078706980f08407e,d24fbe3839599a6a097188bae8cd47ce8083f27deef1341ae3086bf0d5a45bd1,87f63c0590d05baea263cdc42c6e1df2d063fa2def309ecb0283f3036bf33d46,87f63c0590d05baea263cdc42c6e1df2d063fa2def309ecb0283f3036bf33d46,1787977909.645326,36493.517,18246816,0,0.9584569931030273,1.0416193008422852,1.1953535079956055,0.00095367431640625,-0.00324249267578125,0.00476837158203125,-0.0073261260986328125,-0.0024423599243164062,-0.1782665252685547,-0.0073261260986328125,-0.0073261260986328125,-0.0073261260986328125,-0.08058643341064453,-1.7982902526855469,5.791454315185547,-1.8241758346557617,0.10500621795654297,-0.10988998413085938,0.0,-2.0972914121709567,7.359203889906001,-1.7331825344711937,0.002265370008093519,-0.00591235567407864
44,2,heldout,3,-1,-0.3490658503988659,1.6277612530029728,3,s,af3726fcacd0ac1320a56ea850b0a2c0f5430cf4eb20a45c078706980f08407e,d24fbe3839599a6a097188bae8cd47ce8083f27deef1341ae3086bf0d5a45bd1,87f63c0590d05baea263cdc42c6e1df2d063fa2def309ecb0283f3036bf33d46,87f63c0590d05baea263cdc42c6e1df2d063fa2def309ecb0283f3036bf33d46,1787977909.6472309,36493.519,18246817,0,0.9584569931030273,1.0416193008422852,1.1945905685424805,0.00095367431640625,-0.00324249267578125,0.00476837158203125,-0.0073261260986328125,-0.0024423599243164062,-0.1880340576171875,-0.021978378295898438,-0.0073261260986328125,-0.0073261260986328125,-0.07570171356201172,-1.7982902526855469,5.736751556396484,-1.809523582458496,0.10500621795654297,-0.11477375030517578,0.0,-2.100035184987641,7.3619476627226845,-1.7336550864329776,0.0022541449381332096,-0.005912949229976348
44,2,heldout,3,-1,-0.3490658503988659,1.6296638030034956,3,s,af3726fcacd0ac1320a56ea850b0a2c0f5430cf4eb20a45c078706980f08407e,d24fbe3839599a6a097188bae8cd47ce8083f27deef1341ae3086bf0d5a45bd1,87f63c0590d05baea263cdc42c6e1df2d063fa2def309ecb0283f3036bf33d46,87f63c0590d05baea263cdc42c6e1df2d063fa2def309ecb0283f3036bf33d46,1787977909.6497447,36493.521,18246818,0,0.9584569931030273,1.0416193008422852,1.1938276290893555,0.00057220458984375,-0.00324249267578125,0.00476837158203125,-0.0073261260986328125,-0.0024423599243164062,-0.1880340576171875,-0.05128288269042969,-0.021978378295898438,-0.0073261260986328125,-0.08058643341064453,-1.7982902526855469,5.764102935791016,-1.7997560501098633,0.10500621795654297,-0.10988998413085938,0.0,-2.102539027323292,7.364451505058337,-1.7338909840110288,0.0022485319107127966,-0.00591324471727574
44,2,heldout,3,-1,-0.3490658503988659,1.6321873490014696,3,s,af3726fcacd0ac1320a56ea850b0a2c0f5430cf4eb20a45c078706980f08407e,d24fbe3839599a6a097188bae8cd47ce8083f27deef1341ae3086bf0d5a45bd1,87f63c0590d05baea263cdc42c6e1df2d063fa2def309ecb0283f3036bf33d46,87f63c0590d05baea263cdc42c6e1df2d063fa2def309ecb0283f3036bf33d46,1787977909.6516914,36493.523,18246819,0,0.9584569931030273,1.0416193008422852,1.1930646896362305,0.00019073486328125,-0.00324249267578125,0.00476837158203125,-0.0073261260986328125,-0.0024423599243164062,-0.1880340576171875,-0.0659332275390625,-0.0073261260986328125,-0.0073261260986328125,-0.08058643341064453,-1.8119659423828125,5.736751556396484,-1.7851037979125977,0.10500621795654297,-0.11477375030517578,0.0,-2.1050393399271825,7.366951817662226,-1.7341266292747357,0.002242918556087924,-0.005913539344084784
44,2,heldout,3,-1,-0.3490658503988659,1.634142831004283,3,s,af3726fcacd0ac1320a56ea850b0a2c0f5430cf4eb20a45c078706980f08407e,d24fbe3839599a6a097188bae8cd47ce8083f27deef1341ae3086bf0d5a45bd1,87f63c0590d05baea263cdc42c6e1df2d063fa2def309ecb0283f3036bf33d46,87f63c0590d05baea263cdc42c6e1df2d063fa2def309ecb0283f3036bf33d46,1787977909.6536329,36493.525,18246820,0,0.9584569931030273,1.0416193008422852,1.192683219909668,0.00019073486328125,-0.00324249267578125,0.00476837158203125,-0.021978378295898438,-0.0024423599243164062,-0.1782665252685547,-0.08058547973632812,-0.021978378295898438,-0.0073261260986328125,-0.08058643341064453,-1.7982902526855469,5.6820526123046875,-1.7655677795410156,0.10500621795654297,-0.11477375030517578,0.0,-2.106405837068801,7.368318314803845,-1.7343620221898095,0.002237304875075451,-0.005913833110360605
44,2,heldout,3,-1,-0.3490658503988659,1.6360669780042372,3,s,af3726fcacd0ac1320a56ea850b0a2c0f5430cf4eb20a45c078706980f08407e,d24fbe3839599a6a097188bae8cd47ce8083f27deef1341ae3086bf0d5a45bd1,87f63c0590d05baea263cdc42c6e1df2d063fa2def309ecb0283f3036bf33d46,87f63c0590d05baea263cdc42c6e1df2d063fa2def309ecb0283f3036bf33d46,1787977909.6555579,36493.527,18246821,0,0.9584569931030273,1.0416193008422852,1.191920280456543,0.00019073486328125,-0.00324249267578125,0.00476837158203125,-0.0073261260986328125,-0.0024423599243164062,-0.17338180541992188,-0.08058547973632812,-0.021978378295898438,-0.0073261260986328125,-0.08058643341064453,-1.7982902526855469,5.695728302001953,-1.7460317611694336,0.10500621795654297,-0.11477375030517578,0.0,-2.109135614459079,7.371048092194123,-1.7348320508370745,0.002226076537155337,-0.005914418061141715
44,2,heldout,3,-1,-0.3490658503988659,1.6379920649997075,3,s,af3726fcacd0ac1320a56ea850b0a2c0f5430cf4eb20a45c078706980f08407e,d24fbe3839599a6a097188bae8cd47ce8083f27deef1341ae3086bf0d5a45bd1,87f63c0590d05baea263cdc42c6e1df2d063fa2def309ecb0283f3036bf33d46,87f63c0590d05baea263cdc42c6e1df2d063fa2def309ecb0283f3036bf33d46,1787977909.6574492,36493.528999999995,18246822,0,0.9584569931030273,1.0416193008422852,1.191157341003418,0.00019073486328125,-0.00324249267578125,0.00476837158203125,-0.0073261260986328125,-0.0024423599243164062,-0.16361427307128906,-0.0659332275390625,-0.0073261260986328125,-0.0073261260986328125,-0.08058643341064453,-1.8119659423828125,5.695728302001953,-1.731379508972168,0.10500621795654297,-0.10988998413085938,0.0,-2.1118611013348842,7.373773579069928,-1.7353010696792315,0.002214846903488202,-0.0059149995692785815
44,2,heldout,3,-1,-0.3490658503988659,1.6398760070005665,3,s,af3726fcacd0ac1320a56ea850b0a2c0f5430cf4eb20a45c078706980f08407e,d24fbe3839599a6a097188bae8cd47ce8083f27deef1341ae3086bf0d5a45bd1,87f63c0590d05baea263cdc42c6e1df2d063fa2def309ecb0283f3036bf33d46,87f63c0590d05baea263cdc42c6e1df2d063fa2def309ecb0283f3036bf33d46,1787977909.6593318,36493.530999999995,18246823,0,0.9584569931030273,1.0416193008422852,1.190394401550293,0.00019073486328125,-0.00324249267578125,0.00476837158203125,-0.0073261260986328125,-0.0024423599243164062,-0.16361427307128906,-0.05128288269042969,-0.0073261260986328125,-0.0073261260986328125,-0.08058643341064453,-1.8119659423828125,5.723075866699219,-1.7216119766235352,0.10500621795654297,-0.10988998413085938,0.0,-2.1145822961097784,7.376494773844822,-1.735769078443275,0.002203615980610555,-0.005915577634432723
44,2,heldout,3,-1,-0.3490658503988659,1.6417586730021867,3,s,af3726fcacd0ac1320a56ea850b0a2c0f5430cf4eb20a45c078706980f08407e,d24fbe3839599a6a097188bae8cd47ce8083f27deef1341ae3086bf0d5a45bd1,87f63c0590d05baea263cdc42c6e1df2d063fa2def309ecb0283f3036bf33d46,87f63c0590d05baea263cdc42c6e1df2d063fa2def309ecb0283f3036bf33d46,1787977909.6612518,36493.532999999996,18246824,0,0.9584569931030273,1.0416193008422852,1.1900129318237305,-0.00019073486328125,-0.00324249267578125,0.00476837158203125,-0.021978378295898438,-0.0024423599243164062,-0.16849803924560547,-0.021978378295898438,-0.0073261260986328125,-0.0073261260986328125,-0.08058643341064453,-1.8119659423828125,5.723075866699219,-1.7216119766235352,0.10500621795654297,-0.10988998413085938,0.0,-2.1157076579467264,7.377620135681769,-1.7357690784432749,0.002203615980610554,-0.005915577634432722
44,2,heldout,3,-1,-0.3490658503988659,1.6436814670014428,3,s,af3726fcacd0ac1320a56ea850b0a2c0f5430cf4eb20a45c078706980f08407e,d24fbe3839599a6a097188bae8cd47ce8083f27deef1341ae3086bf0d5a45bd1,87f63c0590d05baea263cdc42c6e1df2d063fa2def309ecb0283f3036bf33d46,87f63c0590d05baea263cdc42c6e1df2d063fa2def309ecb0283f3036bf33d46,1787977909.6637502,36493.534999999996,18246825,0,0.9584569931030273,1.0416193008422852,1.1892499923706055,0.00019073486328125,-0.00324249267578125,0.00476837158203125,0.0073261260986328125,-0.0024423599243164062,-0.16849803924560547,-0.03663063049316406,-0.0073261260986328125,-0.0073261260986328125,-0.08058643341064453,-1.8119659423828125,5.75042724609375,-1.7264957427978516,0.10500621795654297,-0.10988998413085938,0.0,-2.1186560371187126,7.380568514853757,-1.7364691970971262,0.002186767193324828,-0.005916438275835825
44,2,heldout,3,-1,-0.3490658503988659,1.6461787690059282,3,s,af3726fcacd0ac1320a56ea850b0a2c0f5430cf4eb20a45c078706980f08407e,d24fbe3839599a6a097188bae8cd47ce8083f27deef1341ae3086bf0d5a45bd1,87f63c0590d05baea263cdc42c6e1df2d063fa2def309ecb0283f3036bf33d46,87f63c0590d05baea263cdc42c6e1df2d063fa2def309ecb0283f3036bf33d46,1787977909.6656954,36493.537,18246826,0,0.9584569931030273,1.0416193008422852,1.1884870529174805,0.00019073486328125,-0.00324249267578125,0.00476837158203125,0.0073261260986328125,-0.0024423599243164062,-0.16849803924560547,-0.021978378295898438,0.0073261260986328125,-0.0073261260986328125,-0.07570171356201172,-1.8119659423828125,5.723075866699219,-1.731379508972168,0.10500621795654297,-0.10988998413085938,0.0,-2.121366494717034,7.3832789724520795,-1.7369346794753486,0.00217553307602303,-0.005917007732065447
44,2,heldout,3,-1,-0.3490658503988659,1.6481245370014221,3,s,af3726fcacd0ac1320a56ea850b0a2c0f5430cf4eb20a45c078706980f08407e,d24fbe3839599a6a097188bae8cd47ce8083f27deef1341ae3086bf0d5a45bd1,87f63c0590d05baea263cdc42c6e1df2d063fa2def309ecb0283f3036bf33d46,87f63c0590d05baea263cdc42c6e1df2d063fa2def309ecb0283f3036bf33d46,1787977909.6675992,36493.539,18246827,0,0.9584569931030273,1.0416193008422852,1.188105583190918,0.00019073486328125,-0.00324249267578125,0.00476837158203125,-0.0073261260986328125,-0.0024423599243164062,-0.17338180541992188,0.0073261260986328125,0.0073261260986328125,-0.0073261260986328125,-0.07570171356201172,-1.8119659423828125,5.709400177001953,-1.7362632751464844,0.10500621795654297,-0.10988998413085938,0.0,-2.122720112002036,7.38463258973708,-1.7371670415454958,0.002169915542090838,-0.0059172911686440335
44,2,heldout,3,-1,-0.3490658503988659,1.6500307210008032,3,s,af3726fcacd0ac1320a56ea850b0a2c0f5430cf4eb20a45c078706980f08407e,d24fbe3839599a6a097188bae8cd47ce8083f27deef1341ae3086bf0d5a45bd1,87f63c0590d05baea263cdc42c6e1df2d063fa2def309ecb0283f3036bf33d46,87f63c0590d05baea263cdc42c6e1df2d063fa2def309ecb0283f3036bf33d46,1787977909.669509,36493.541,18246828,0,0.9584569931030273,1.0416193008422852,1.187342643737793,0.00019073486328125,-0.00324249267578125,0.00476837158203125,-0.0073261260986328125,-0.0024423599243164062,-0.16361427307128906,0.0073261260986328125,-0.0073261260986328125,-0.0073261260986328125,-0.07570171356201172,-1.8119659423828125,5.654701232910156,-1.75091552734375,0.10500621795654297,-0.10988998413085938,0.0,-2.1254241225588344,7.387336600293878,-1.7376310072787966,0.0021586795277511606,-0.005917855458522534
44,2,heldout,3,-1,-0.3490658503988659,1.6519452200009255,3,s,af3726fcacd0ac1320a56ea850b0a2c0f5430cf4eb20a45c078706980f08407e,d24fbe3839599a6a097188bae8cd47ce8083f27deef1341ae3086bf0d5a45bd1,87f63c0590d05baea263cdc42c6e1df2d063fa2def309ecb0283f3036bf33d46,87f63c0590d05baea263cdc42c6e1df2d063fa2def309ecb0283f3036bf33d46,1787977909.6714206,36493.543,18246829,0,0.9584569931030273,1.0416193008422852,1.186579704284668,0.00019073486328125,-0.00324249267578125,0.00476837158203125,-0.0073261260986328125,-0.0024423599243164062,-0.15873050689697266,0.021978378295898438,-0.021978378295898438,-0.0073261260986328125,-0.07570171356201172,-1.8119659423828125,5.641025543212891,-1.7655677795410156,0.10500621795654297,-0.11477375030517578,0.0,-2.128123833120005,7.390036310855049,-1.7380939615777837,0.002147442256894682,-0.005918416303755964
44,2,heldout,3,-1,-0.3490658503988659,1.6539028120023431,3,s,af3726fcacd0ac1320a56ea850b0a2c0f5430cf4eb20a45c078706980f08407e,d24fbe3839599a6a097188bae8cd47ce8083f27deef1341ae3086bf0d5a45bd1,87f63c0590d05baea263cdc42c6e1df2d063fa2def309ecb0283f3036bf33d46,87f63c0590d05baea263cdc42c6e1df2d063fa2def309ecb0283f3036bf33d46,1787977909.6733608,36493.545,18246830,0,0.9584569931030273,1.0416193008422852,1.1861982345581055,0.00019073486328125,-0.00324249267578125,0.00476837158203125,-0.0073261260986328125,-0.0024423599243164062,-0.15384578704833984,0.021978378295898438,-0.0073261260986328125,-0.0073261260986328125,-0.07570171356201172,-1.8119659423828125,5.613674163818359,-1.7802200317382812,0.10500621795654297,-0.11477375030517578,0.0,-2.1294720754110563,7.3913845531461,-1.738325059355175,0.0021418231523166603,-0.005918695434528683
44,2,heldout,3,-1,-0.3490658503988659,1.6557895980004105,3,s,af3726fcacd0ac1320a56ea850b0a2c0f5430cf4eb20a45c078706980f08407e,d24fbe3839599a6a097188bae8cd47ce8083f27deef1341ae3086bf0d5a45bd1,87f63c0590d05baea263cdc42c6e1df2d063fa2def309ecb0283f3036bf33d46,87f63c0590d05baea263cdc42c6e1df2d063fa2def309ecb0283f3036bf33d46,1787977909.6752572,36493.547,18246831,0,0.9584569931030273,1.0416193008422852,1.1854352951049805,0.00057220458984375,-0.00324249267578125,0.00476837158203125,-0.0073261260986328125,-0.0024423599243164062,-0.14896202087402344,0.021978378295898438,-0.021978378295898438,-0.0073261260986328125,-0.07570171356201172,-1.8119659423828125,5.517948150634766,-1.789987564086914,0.10500621795654297,-0.11477375030517578,0.0,-2.1323956718310098,7.394308149566054,-1.739016834795499,0.0021249639717958635,-0.005919527658983796
44,2,heldout,3,-1,-0.3490658503988659,1.6576887170012924,3,s,af3726fcacd0ac1320a56ea850b0a2c0f5430cf4eb20a45c078706980f08407e,d24fbe3839599a6a097188bae8cd47ce8083f27deef1341ae3086bf0d5a45bd1,87f63c0590d05baea263cdc42c6e1df2d063fa2def309ecb0283f3036bf33d46,87f63c0590d05baea263cdc42c6e1df2d063fa2def309ecb0283f3036bf33d46,1787977909.6777613,36493.549,18246832,0,0.9584569931030273,1.0416193008422852,1.1846723556518555,0.00057220458984375,-0.00324249267578125,0.00476837158203125,0.0073261260986328125,-0.0024423599243164062,-0.14407825469970703,0.021978378295898438,-0.0073261260986328125,-0.0073261260986328125,-0.07081794738769531,-1.8119659423828125,5.599998474121094,-1.7997560501098633,0.10500621795654297,-0.11477375030517578,0.0,-2.1350841193795493,7.396996597114594,-1.7394767531770452,0.002113722970637611,-0.005920078168331304
44,2,heldout,3,-1,-0.3490658503988659,1.6601926639996236,3,s,af3726fcacd0ac1320a56ea850b0a2c0f5430cf4eb20a45c078706980f08407e,d24fbe3839599a6a097188bae8cd47ce8083f27deef1341ae3086bf0d5a45bd1,87f63c0590d05baea263cdc42c6e1df2d063fa2def309ecb0283f3036bf33d46,87f63c0590d05baea263cdc42c6e1df2d063fa2def309ecb0283f3036bf33d46,1787977909.679726,36493.551,18246833,0,0.9584569931030273,1.0416193008422852,1.184290885925293,0.00057220458984375,-0.00324249267578125,0.00476837158203125,-0.0073261260986328125,-0.0024423599243164062,-0.15384578704833984,0.021978378295898438,-0.0073261260986328125,-0.0073261260986328125,-0.07570171356201172,-1.8119659423828125,5.75042724609375,-1.8144073486328125,0.10500621795654297,-0.11477375030517578,0.0,-2.136426728644594,7.398339206379639,-1.7397063326937716,0.0021081020082687712,-0.005920352130797934
44,2,heldout,3,-1,-0.3490658503988659,1.662156729005801,3,s,af3726fcacd0ac1320a56ea850b0a2c0f5430cf4eb20a45c078706980f08407e,d24fbe3839599a6a097188bae8cd47ce8083f27deef1341ae3086bf0d5a45bd1,87f63c0590d05baea263cdc42c6e1df2d063fa2def309ecb0283f3036bf33d46,87f63c0590d05baea263cdc42c6e1df2d063fa2def309ecb0283f3036bf33d46,1787977909.681616,36493.553,18246834,0,0.9584569931030273,1.0416193008422852,1.183527946472168,0.00095367431640625,-0.00324249267578125,0.00476837158203125,-0.021978378295898438,-0.0024423599243164062,-0.16361427307128906,0.05128288269042969,-0.0073261260986328125,-0.0073261260986328125,-0.07570171356201172,-1.8256416320800781,5.709400177001953,-1.8241758346557617,0.10500621795654297,-0.11477375030517578,0.0,-2.139337537114242,7.401250014849287,-1.7403935521469762,0.002091237283819023,-0.005921168848891309
44,2,heldout,3,-1,-0.3490658503988659,1.664043197000865,3,s,af3726fcacd0ac1320a56ea850b0a2c0f5430cf4eb20a45c078706980f08407e,d24fbe3839599a6a097188bae8cd47ce8083f27deef1341ae3086bf0d5a45bd1,87f63c0590d05baea263cdc42c6e1df2d063fa2def309ecb0283f3036bf33d46,87f63c0590d05baea263cdc42c6e1df2d063fa2def309ecb0283f3036bf33d46,1787977909.6835172,36493.555,18246835,0,0.9584569931030273,1.0416193008422852,1.182765007019043,0.00057220458984375,-0.00324249267578125,0.00476837158203125,-0.0073261260986328125,-0.0024423599243164062,-0.17338180541992188,0.021978378295898438,-0.021978378295898438,-0.0073261260986328125,-0.07570171356201172,-1.8256416320800781,5.8051300048828125,-1.8388280868530273,0.10500621795654297,-0.11477375030517578,0.0,-2.141786397753006,7.40369887548805,-1.7406221188212712,0.0020856150992815212,-0.0059214393650215405
44,2,heldout,3,-1,-0.3490658503988659,1.6659552359997178,3,s,af3726fcacd0ac1320a56ea850b0a2c0f5430cf4eb20a45c078706980f08407e,d24fbe3839599a6a097188bae8cd47ce8083f27deef1341ae3086bf0d5a45bd1,87f63c0590d05baea263cdc42c6e1df2d063fa2def309ecb0283f3036bf33d46,87f63c0590d05baea263cdc42c6e1df2d063fa2def309ecb0283f3036bf33d46,1787977909.6854205,36493.557,18246836,0,0.9584569931030273,1.0416193008422852,1.182002067565918,0.00095367431640625,-0.00324249267578125,0.00476837158203125,-0.0073261260986328125,-0.0024423599243164062,-0.1782665252685547,0.021978378295898438,-0.0073261260986328125,-0.0073261260986328125,-0.08058643341064453,-1.839315414428711,5.846153259277344,-1.8437118530273438,0.10500621795654297,-0.11477375030517578,0.0,-2.1446875755000314,7.406600053235075,-1.741306298948183,0.0020687467279601507,-0.005922245743158445
44,2,heldout,3,-1,-0.3490658503988659,1.6678549960051896,3,s,af3726fcacd0ac1320a56ea850b0a2c0f5430cf4eb20a45c078706980f08407e,d24fbe3839599a6a097188bae8cd47ce8083f27deef1341ae3086bf0d5a45bd1,87f63c0590d05baea263cdc42c6e1df2d063fa2def309ecb0283f3036bf33d46,87f63c0590d05baea263cdc42c6e1df2d063fa2def309ecb0283f3036bf33d46,1787977909.687353,36493.559,18246837,0,0.9584569931030273,1.0416193008422852,1.1816205978393555,0.00095367431640625,-0.00324249267578125,0.00476837158203125,-0.0073261260986328125,-0.0024423599243164062,-0.1782665252685547,0.0073261260986328125,-0.0073261260986328125,-0.0073261260986328125,-0.08058643341064453,-1.839315414428711,5.8051300048828125,-1.8437118530273438,0.10500621795654297,-0.11477375030517578,0.0,-2.1460223910772993,7.407934868812343,-1.7415338522478732,0.002063123334344152,-0.005922512812322434
44,2,heldout,3,-1,-0.3490658503988659,1.6697891850053566,3,s,af3726fcacd0ac1320a56ea850b0a2c0f5430cf4eb20a45c078706980f08407e,d24fbe3839599a6a097188bae8cd47ce8083f27deef1341ae3086bf0d5a45bd1,87f63c0590d05baea263cdc42c6e1df2d063fa2def309ecb0283f3036bf33d46,87f63c0590d05baea263cdc42c6e1df2d063fa2def309ecb0283f3036bf33d46,1787977909.6893137,36493.561,18246838,0,0.9584569931030273,1.0416193008422852,1.1808576583862305,0.00057220458984375,-0.00324249267578125,0.00476837158203125,-0.0073261260986328125,-0.0024423599243164062,-0.1782665252685547,0.0073261260986328125,-0.0073261260986328125,-0.0073261260986328125,-0.08058643341064453,-1.8529911041259766,5.873504638671875,-1.8388280868530273,0.10500621795654297,-0.11477375030517578,0.0,-2.1484617416350233,7.410374219370068,-1.7417611521210365,0.0020574996405042,-0.005922779019647392
44,2,heldout,3,-1,-0.3490658503988659,1.6717518220029888,3,s,af3726fcacd0ac1320a56ea850b0a2c0f5430cf4eb20a45c078706980f08407e,d24fbe3839599a6a097188bae8cd47ce8083f27deef1341ae3086bf0d5a45bd1,87f63c0590d05baea263cdc42c6e1df2d063fa2def309ecb0283f3036bf33d46,87f63c0590d05baea263cdc42c6e1df2d063fa2def309ecb0283f3036bf33d46,1787977909.69127,36493.563,18246839,0,0.9584569931030273,1.0416193008422852,1.1800947189331055,0.00057220458984375,-0.00324249267578125,0.00476837158203125,-0.0073261260986328125,-0.0024423599243164062,-0.1782665252685547,-0.0073261260986328125,-0.0073261260986328125,-0.0073261260986328125,-0.08058643341064453,-1.8529911041259766,5.873504638671875,-1.8339433670043945,0.10500621795654297,-0.11477375030517578,0.0,-2.1511243320871505,7.413036809822195,-1.7422149914555134,0.0020462513554258908,-0.005923308848625375
44,2,heldout,3,-1,-0.3490658503988659,1.6737233390012989,3,s,af3726fcacd0ac1320a56ea850b0a2c0f5430cf4eb20a45c078706980f08407e,d24fbe3839599a6a097188bae8cd47ce8083f27deef1341ae3086bf0d5a45bd1,87f63c0590d05baea263cdc42c6e1df2d063fa2def309ecb0283f3036bf33d46,87f63c0590d05baea263cdc42c6e1df2d063fa2def309ecb0283f3036bf33d46,1787977909.6932561,36493.564999999995,18246840,0,0.9584569931030273,1.0416193008422852,1.1793317794799805,0.00057220458984375,-0.00324249267578125,0.00476837158203125,-0.0073261260986328125,-0.0024423599243164062,-0.17338180541992188,-0.021978378295898438,-0.0073261260986328125,-0.0073261260986328125,-0.08058643341064453,-1.839315414428711,5.928203582763672,-1.8241758346557617,0.10500621795654297,-0.10988998413085938,0.0,-2.1537826075841573,7.415695085319202,-1.7426678166874452,0.002035001879272591,-0.005923835229783997
44,2,heldout,3,-1,-0.3490658503988659,1.6756974320014706,3,s,af3726fcacd0ac1320a56ea850b0a2c0f5430cf4eb20a45c078706980f08407e,d24fbe3839599a6a097188bae8cd47ce8083f27deef1341ae3086bf0d5a45bd1,87f63c0590d05baea263cdc42c6e1df2d063fa2def309ecb0283f3036bf33d46,87f63c0590d05baea263cdc42c6e1df2d063fa2def309ecb0283f3036bf33d46,1787977909.6958013,36493.566999999995,18246841,0,0.9584569931030273,1.0416193008422852,1.1785688400268555,0.00057220458984375,-0.00324249267578125,0.00476837158203125,-0.0073261260986328125,-0.0024423599243164062,-0.1782665252685547,-0.021978378295898438,0.0073261260986328125,-0.0073261260986328125,-0.07570171356201172,-1.8529911041259766,5.982906341552734,-1.8144073486328125,0.10500621795654297,-0.10988998413085938,0.0,-2.1564365665787206,7.418349044313766,-1.7431196275532526,0.0020237512185923554,-0.005924358162816864
44,2,heldout,3,-1,-0.3490658503988659,1.6782426060017315,3,s,af3726fcacd0ac1320a56ea850b0a2c0f5430cf4eb20a45c078706980f08407e,d24fbe3839599a6a097188bae8cd47ce8083f27deef1341ae3086bf0d5a45bd1,87f63c0590d05baea263cdc42c6e1df2d063fa2def309ecb0283f3036bf33d46,87f63c0590d05baea263cdc42c6e1df2d063fa2def309ecb0283f3036bf33d46,1787977909.6977694,36493.568999999996,18246842,0,0.9584569931030273,1.0416193008422852,1.1778059005737305,0.00019073486328125,-0.00324249267578125,0.00476837158203125,-0.0073261260986328125,-0.0024423599243164062,-0.1782665252685547,-0.0659332275390625,-0.0073261260986328125,-0.0073261260986328125,-0.08058643341064453,-1.8529911041259766,5.928203582763672,-1.7997560501098633,0.10500621795654297,-0.10988998413085938,0.0,-2.158860936252744,7.420773413987788,-1.7433451525166521,0.002018125446101091,-0.005924618336190938
44,2,heldout,3,-1,-0.3490658503988659,1.6802157769998303,3,s,af3726fcacd0ac1320a56ea850b0a2c0f5430cf4eb20a45c078706980f08407e,d24fbe3839599a6a097188bae8cd47ce8083f27deef1341ae3086bf0d5a45bd1,87f63c0590d05baea263cdc42c6e1df2d063fa2def309ecb0283f3036bf33d46,87f63c0590d05baea263cdc42c6e1df2d063fa2def309ecb0283f3036bf33d46,1787977909.6997204,36493.570999999996,18246843,0,0.9584569931030273,1.0416193008422852,1.1770429611206055,0.00019073486328125,-0.00324249267578125,0.00476837158203125,-0.0073261260986328125,-0.0024423599243164062,-0.1880340576171875,-0.0659332275390625,-0.0073261260986328125,-0.0073261260986328125,-0.08058643341064453,-1.8666667938232422,5.955554962158203,-1.7851037979125977,0.10500621795654297,-0.10988998413085938,0.0,-2.161506765089039,7.423419242824083,-1.7437954413403538,0.0020068730209095633,-0.00592513609646507
44,2,heldout,3,-1,-0.3490658503988659,1.682166529004462,3,s,af3726fcacd0ac1320a56ea850b0a2c0f5430cf4eb20a45c078706980f08407e,d24fbe3839599a6a097188bae8cd47ce8083f27deef1341ae3086bf0d5a45bd1,87f63c0590d05baea263cdc42c6e1df2d063fa2def309ecb0283f3036bf33d46,87f63c0590d05baea263cdc42c6e1df2d063fa2def309ecb0283f3036bf33d46,1787977909.7016726,36493.573,18246844,0,0.9584569931030273,1.0416193008422852,1.1762800216674805,0.00019073486328125,-0.00324249267578125,0.00476837158203125,-0.021978378295898438,-0.0024423599243164062,-0.1929178237915039,-0.08058547973632812,-0.021978378295898438,-0.0073261260986328125,-0.08058643341064453,-1.8529911041259766,5.928203582763672,-1.7655677795410156,0.10500621795654297,-0.10988998413085938,0.0,-2.1641482729268406,7.426060750661884,-1.7442447151415674,0.00199561942756425,-0.005925650407856244
44,2,heldout,3,-1,-0.3490658503988659,1.6841058760037413,3,s,af3726fcacd0ac1320a56ea850b0a2c0f5430cf4eb20a45c078706980f08407e,d24fbe3839599a6a097188bae8cd47ce8083f27deef1341ae3086bf0d5a45bd1,87f63c0590d05baea263cdc42c6e1df2d063fa2def309ecb0283f3036bf33d46,87f63c0590d05baea263cdc42c6e1df2d063fa2def309ecb0283f3036bf33d46,1787977909.7035944,36493.575,18246845,0,0.9584569931030273,1.0416193008422852,1.1755170822143555,0.00019073486328125,-0.00324249267578125,0.00476837158203125,-0.0073261260986328125,-0.0024423599243164062,-0.1880340576171875,-0.0659332275390625,-0.0073261260986328125,-0.0073261260986328125,-0.08058643341064453,-1.8529911041259766,5.859828948974609,-1.75091552734375,0.10500621795654297,-0.10988998413085938,0.0,-2.166785458228594,7.428697935963638,-1.7446929736587813,0.001984364672615601,-0.005926161270065088
44,2,heldout,3,-1,-0.3490658503988659,1.6860255700012203,3,s,af3726fcacd0ac1320a56ea850b0a2c0f5430cf4eb20a45c078706980f08407e,d24fbe3839599a6a097188bae8cd47ce8083f27deef1341ae3086bf0d5a45bd1,87f63c0590d05baea263cdc42c6e1df2d063fa2def309ecb0283f3036bf33d46,87f63c0590d05baea263cdc42c6e1df2d063fa2def309ecb0283f3036bf33d46,1787977909.7055068,36493.577,18246846,0,0.9584569931030273,1.0416193008422852,1.175135612487793,-0.00019073486328125,-0.00324249267578125,0.00476837158203125,-0.021978378295898438,-0.0024423599243164062,-0.1831502914428711,-0.03663063049316406,-0.0073261260986328125,-0.0073261260986328125,-0.08058643341064453,-1.8666667938232422,5.846153259277344,-1.7362632751464844,0.10500621795654297,-0.10988998413085938,0.0,-2.167878681003103,7.429791158738148,-1.744692973658781,0.0019843646726156023,-0.005926161270065086
44,2,heldout,3,-1,-0.3490658503988659,1.687937413000327,3,s,af3726fcacd0ac1320a56ea850b0a2c0f5430cf4eb20a45c078706980f08407e,d24fbe3839599a6a097188bae8cd47ce8083f27deef1341ae3086bf0d5a45bd1,87f63c0590d05baea263cdc42c6e1df2d063fa2def309ecb0283f3036bf33d46,87f63c0590d05baea263cdc42c6e1df2d063fa2def309ecb0283f3036bf33d46,1787977909.707446,36493.579,18246847,0,0.9584569931030273,1.0416193008422852,1.174372673034668,-0.00019073486328125,-0.00324249267578125,0.00476837158203125,-0.021978378295898438,-0.0024423599243164062,-0.1782665252685547,-0.03663063049316406,-0.0073261260986328125,-0.0073261260986328125,-0.08058643341064453,-1.8666667938232422,5.791454315185547,-1.7362632751464844,0.10500621795654297,-0.10988998413085938,0.0,-2.170509887493479,7.432422365228524,-1.7451402166310732,0.001973108762614753,-0.00592666868279424
44,2,heldout,3,-1,-0.3490658503988659,1.689881668004091,3,s,af3726fcacd0ac1320a56ea850b0a2c0f5430cf4eb20a45c078706980f08407e,d24fbe3839599a6a097188bae8cd47ce8083f27deef1341ae3086bf0d5a45bd1,87f63c0590d05baea263cdc42c6e1df2d063fa2def309ecb0283f3036bf33d46,87f63c0590d05baea263cdc42c6e1df2d063fa2def309ecb0283f3036bf33d46,1787977909.7093742,36493.581,18246848,0,0.9584569931030273,1.0416193008422852,1.173609733581543,-0.00019073486328125,-0.00324249267578125,0.00476837158203125,-0.0073261260986328125,-0.0024423599243164062,-0.17338180541992188,-0.03663063049316406,-0.0073261260986328125,-0.0073261260986328125,-0.08058643341064453,-1.8666667938232422,5.709400177001953,-1.7362632751464844,0.10500621795654297,-0.10988998413085938,0.0,-2.173136767744856,7.4350492454799015,-1.745586443798116,0.0019618517041135003,-0.00592717264574835
44,2,heldout,3,-1,-0.3490658503988659,1.691810356998758,3,s,af3726fcacd0ac1320a56ea850b0a2c0f5430cf4eb20a45c078706980f08407e,d24fbe3839599a6a097188bae8cd47ce8083f27deef1341ae3086bf0d5a45bd1,87f63c0590d05baea263cdc42c6e1df2d063fa2def309ecb0283f3036bf33d46,87f63c0590d05baea263cdc42c6e1df2d063fa2def309ecb0283f3036bf33d46,1787977909.7113507,36493.583,18246849,0,0.9584569931030273,1.0416193008422852,1.172846794128418,-0.00019073486328125,-0.00324249267578125,0.00476837158203125,0.0073261260986328125,-0.0024423599243164062,-0.1782665252685547,-0.021978378295898438,-0.0073261260986328125,-0.0073261260986328125,-0.07570171356201172,-1.8803424835205078,5.695728302001953,-1.7362632751464844,0.10500621795654297,-0.10988998413085938,0.0,-2.175759320228187,7.437671797963231,-1.7460316549001682,0.0019505935036643138,-0.0059276731586340725
44,2,heldout,3,-1,-0.3490658503988659,1.6938060570028028,3,s,af3726fcacd0ac1320a56ea850b0a2c0f5430cf4eb20a45c078706980f08407e,d24fbe3839599a6a097188bae8cd47ce8083f27deef1341ae3086bf0d5a45bd1,87f63c0590d05baea263cdc42c6e1df2d063fa2def309ecb0283f3036bf33d46,87f63c0590d05baea263cdc42c6e1df2d063fa2def309ecb0283f3036bf33d46,1787977909.7133198,36493.585,18246850,0,0.9584569931030273,1.0416193008422852,1.1724653244018555,-0.00019073486328125,-0.00324249267578125,0.00476837158203125,0.0073261260986328125,-0.0024423599243164062,-0.16849803924560547,0.0073261260986328125,0.0073261260986328125,-0.0073261260986328125,-0.07570171356201172,-1.8529911041259766,5.627349853515625,-1.7411479949951172,0.10500621795654297,-0.10988998413085938,0.0,-2.177068973079702,7.438981450814746,-1.7462538793458182,0.0019449639772570757,-0.005927922121210169
44,2,heldout,3,-1,-0.3490658503988659,1.6957577420034795,3,s,af3726fcacd0ac1320a56ea850b0a2c0f5430cf4eb20a45c078706980f08407e,d24fbe3839599a6a097188bae8cd47ce8083f27deef1341ae3086bf0d5a45bd1,87f63c0590d05baea263cdc42c6e1df2d063fa2def309ecb0283f3036bf33d46,87f63c0590d05baea263cdc42c6e1df2d063fa2def309ecb0283f3036bf33d46,1787977909.715824,36493.587,18246851,0,0.9584569931030273,1.0416193008422852,1.1717023849487305,0.00019073486328125,-0.00324249267578125,0.00476837158203125,0.0073261260986328125,-0.0073261260986328125,-0.16361427307128906,-0.021978378295898438,-0.0073261260986328125,-0.0073261260986328125,-0.07570171356201172,-1.8666667938232422,5.709400177001953,-1.75091552734375,0.10012245178222656,-0.10988998413085938,0.0,-2.179906493058158,7.441818970793202,-1.7469190278733118,0.00192807370313535,-0.005928663833037013
44,2,heldout,3,-1,-0.3490658503988659,1.6982629240010283,3,s,af3726fcacd0ac1320a56ea850b0a2c0f5430cf4eb20a45c078706980f08407e,d24fbe3839599a6a097188bae8cd47ce8083f27deef1341ae3086bf0d5a45bd1,87f63c0590d05baea263cdc42c6e1df2d063fa2def309ecb0283f3036bf33d46,87f63c0590d05baea263cdc42c6e1df2d063fa2def309ecb0283f3036bf33d46,1787977909.7178013,36493.589,18246852,0,0.9584569931030273,1.0416193008422852,1.1709394454956055,0.00019073486328125,-0.00324249267578125,0.00476837158203125,-0.021978378295898438,-0.0024423599243164062,-0.16361427307128906,0.0073261260986328125,-0.0073261260986328125,-0.0073261260986328125,-0.07570171356201172,-1.8666667938232422,5.695728302001953,-1.7606840133666992,0.10500621795654297,-0.11477375030517578,0.0,-2.182517710995809,7.444430188730853,-1.7473611892278837,0.001916812116163815,-0.0059291539939775855
44,2,heldout,3,-1,-0.3490658503988659,1.7002402729995083,3,s,af3726fcacd0ac1320a56ea850b0a2c0f5430cf4eb20a45c078706980f08407e,d24fbe3839599a6a097188bae8cd47ce8083f27deef1341ae3086bf0d5a45bd1,87f63c0590d05baea263cdc42c6e1df2d063fa2def309ecb0283f3036bf33d46,87f63c0590d05baea263cdc42c6e1df2d063fa2def309ecb0283f3036bf33d46,1787977909.7197752,36493.591,18246853,0,0.9584569931030273,1.0416193008422852,1.170557975769043,0.00019073486328125,-0.00324249267578125,0.00476837158203125,-0.0073261260986328125,-0.0024423599243164062,-0.15873050689697266,0.0073261260986328125,0.0073261260986328125,-0.0073261260986328125,-0.07570171356201172,-1.8666667938232422,5.641025543212891,-1.770451545715332,0.10500621795654297,-0.10988998413085938,0.0,-2.18382169509885,7.445734172833895,-1.7475818885094716,0.0019111809038690388,-0.005929397780257492
44,2,heldout,3,-1,-0.3490658503988659,1.7022133819991723,3,s,af3726fcacd0ac1320a56ea850b0a2c0f5430cf4eb20a45c078706980f08407e,d24fbe3839599a6a097188bae8cd47ce8083f27deef1341ae3086bf0d5a45bd1,87f63c0590d05baea263cdc42c6e1df2d063fa2def309ecb0283f3036bf33d46,87f63c0590d05baea263cdc42c6e1df2d063fa2def309ecb0283f3036bf33d46,1787977909.721703,36493.593,18246854,0,0.9584569931030273,1.0416193008422852,1.169795036315918,0.00019073486328125,-0.00324249267578125,0.00476837158203125,-0.021978378295898438,-0.0024423599243164062,-0.15873050689697266,0.03663063049316406,-0.0073261260986328125,-0.0073261260986328125,-0.08058643341064453,-1.8803424835205078,5.6820526123046875,-1.7851037979125977,0.10500621795654297,-0.10988998413085938,0.0,-2.186426412624608,7.448338890359651,-1.7480225241206735,0.0018999176457587085,-0.0059298827642591725
44,2,heldout,3,-1,-0.3490658503988659,1.704137200002151,3,s,af3726fcacd0ac1320a56ea850b0a2c0f5430cf4eb20a45c078706980f08407e,d24fbe3839599a6a097188bae8cd47ce8083f27deef1341ae3086bf0d5a45bd1,87f63c0590d05baea263cdc42c6e1df2d063fa2def309ecb0283f3036bf33d46,87f63c0590d05baea263cdc42c6e1df2d063fa2def309ecb0283f3036bf33d46,1787977909.7236233,36493.595,18246855,0,0.9584569931030273,1.0416193008422852,1.169032096862793,0.00057220458984375,-0.00324249267578125,0.00476837158203125,-0.021978378295898438,-0.0024423599243164062,-0.15873050689697266,0.03663063049316406,-0.0073261260986328125,-0.0073261260986328125,-0.07570171356201172,-1.8803424835205078,5.736751556396484,-1.7997560501098633,0.10500621795654297,-0.10988998413085938,0.0,-2.18924622207474,7.451158699809784,-1.7486815696769107,0.0018830206870842261,-0.005930603768337992
44,2,heldout,3,-1,-0.3490658503988659,1.706056859002274,3,s,af3726fcacd0ac1320a56ea850b0a2c0f5430cf4eb20a45c078706980f08407e,d24fbe3839599a6a097188bae8cd47ce8083f27deef1341ae3086bf0d5a45bd1,87f63c0590d05baea263cdc42c6e1df2d063fa2def309ecb0283f3036bf33d46,87f63c0590d05baea263cdc42c6e1df2d063fa2def309ecb0283f3036bf33d46,1787977909.726418,36493.597,18246856,0,0.9584569931030273,1.0416193008422852,1.1686506271362305,0.00057220458984375,-0.00324249267578125,0.00476837158203125,-0.0073261260986328125,-0.0024423599243164062,-0.15873050689697266,0.03663063049316406,-0.0073261260986328125,-0.0073261260986328125,-0.07570171356201172,-1.8803424835205078,5.654701232910156,-1.8192920684814453,0.10500621795654297,-0.11477375030517578,0.0,-2.1905445323321744,7.452457010067219,-1.7489007426382637,0.001877387818402071,-0.005930842377044591
44,2,heldout,3,-1,-0.3490658503988659,1.7091224270043313,3,s,af3726fcacd0ac1320a56ea850b0a2c0f5430cf4eb20a45c078706980f08407e,d24fbe3839599a6a097188bae8cd47ce8083f27deef1341ae3086bf0d5a45bd1,87f63c0590d05baea263cdc42c6e1df2d063fa2def309ecb0283f3036bf33d46,87f63c0590d05baea263cdc42c6e1df2d063fa2def309ecb0283f3036bf33d46,1787977909.7276168,36493.599,18246857,0,0.9584569931030273,1.0416193008422852,1.1678876876831055,0.00057220458984375,-0.00324249267578125,0.00476837158203125,-0.0073261260986328125,-0.0024423599243164062,-0.15873050689697266,0.05128288269042969,-0.0073261260986328125,-0.0073261260986328125,-0.08058643341064453,-1.8803424835205078,5.8188018798828125,-1.8339433670043945,0.10500621795654297,-0.11477375030517578,0.0,-2.193137899232634,7.455050376967678,-1.7493383250334613,0.0018661212622698472,-0.0059313170052697605
44,2,heldout,3,-1,-0.3490658503988659,1.710050357003638,3,s,af3726fcacd0ac1320a56ea850b0a2c0f5430cf4eb20a45c078706980f08407e,d24fbe3839599a6a097188bae8cd47ce8083f27deef1341ae3086bf0d5a45bd1,87f63c0590d05baea263cdc42c6e1df2d063fa2def309ecb0283f3036bf33d46,87f63c0590d05baea263cdc42c6e1df2d063fa2def309ecb0283f3036bf33d46,1787977909.7295063,36493.600999999995,18246858,0,0.9584569931030273,1.0416193008422852,1.1671247482299805,0.00095367431640625,-0.00324249267578125,0.00476837158203125,-0.0073261260986328125,-0.0024423599243164062,-0.16849803924560547,0.05128288269042969,-0.0073261260986328125,-0.0073261260986328125,-0.08058643341064453,-1.8803424835205078,5.764102935791016,-1.8485956192016602,0.10500621795654297,-0.11477375030517578,0.0,-2.1959448268732626,7.457857304608306,-1.7499927893301903,0.0018492193934482764,-0.005932022474120375
44,2,heldout,3,-1,-0.3490658503988659,1.711935473002086,3,s,af3726fcacd0ac1320a56ea850b0a2c0f5430cf4eb20a45c078706980f08407e,d24fbe3839599a6a097188bae8cd47ce8083f27deef1341ae3086bf0d5a45bd1,87f63c0590d05baea263cdc42c6e1df2d063fa2def309ecb0283f3036bf33d46,87f63c0590d05baea263cdc42c6e1df2d063fa2def309ecb0283f3036bf33d46,1787977909.7314057,36493.602999999996,18246859,0,0.9584569931030273,1.0416193008422852,1.1663618087768555,0.00095367431640625,-0.00324249267578125,0.00476837158203125,-0.0073261260986328125,-0.0024423599243164062,-0.17338180541992188,0.021978378295898438,-0.021978378295898438,-0.0073261260986328125,-0.08058643341064453,-1.8803424835205078,5.75042724609375,-1.8583641052246094,0.10500621795654297,-0.11477375030517578,0.0,-2.198529004099647,7.460441481834691,-1.7504278256269323,0.0018379501340499728,-0.005932488470630129
44,2,heldout,3,-1,-0.3490658503988659,1.7138587000008556,3,s,af3726fcacd0ac1320a56ea850b0a2c0f5430cf4eb20a45c078706980f08407e,d24fbe3839599a6a097188bae8cd47ce8083f27deef1341ae3086bf0d5a45bd1,87f63c0590d05baea263cdc42c6e1df2d063fa2def309ecb0283f3036bf33d46,87f63c0590d05baea263cdc42c6e1df2d063fa2def309ecb0283f3036bf33d46,1787977909.7333174,36493.604999999996,18246860,0,0.9584569931030273,1.0416193008422852,1.165980339050293,0.00095367431640625,-0.00362396240234375,0.00476837158203125,-0.0073261260986328125,-0.0024423599243164062,-0.17338180541992188,0.021978378295898438,-0.0073261260986328125,-0.0073261260986328125,-0.08058643341064453,-1.8803424835205078,5.75042724609375,-1.8632478713989258,0.10500621795654297,-0.11477375030517578,0.0,-2.199813769262565,7.46172624699761,-1.750639266621382,0.0018712844053474357,-0.005934582949813748
44,2,heldout,3,-1,-0.3490658503988659,1.715746718000446,3,s,af3726fcacd0ac1320a56ea850b0a2c0f5430cf4eb20a45c078706980f08407e,d24fbe3839599a6a097188bae8cd47ce8083f27deef1341ae3086bf0d5a45bd1,87f63c0590d05baea263cdc42c6e1df2d063fa2def309ecb0283f3036bf33d46,87f63c0590d05baea263cdc42c6e1df2d063fa2def309ecb0283f3036bf33d46,1787977909.7357748,36493.606999999996,18246861,0,0.9584569931030273,1.0416193008422852,1.165217399597168,0.00095367431640625,-0.00324249267578125,0.00476837158203125,-0.0073261260986328125,-0.0024423599243164062,-0.16849803924560547,0.0073261260986328125,-0.0073261260986328125,-0.0073261260986328125,-0.08058643341064453,-1.8803424835205078,5.723075866699219,-1.8583641052246094,0.10500621795654297,-0.11477375030517578,0.0,-2.202397127191841,7.4643096049268856,-1.7510784695873673,0.0018210442410755618,-0.005933180990630658
44,2,heldout,3,-1,-0.3490658503988659,1.7182047349997447,3,s,af3726fcacd0ac1320a56ea850b0a2c0f5430cf4eb20a45c078706980f08407e,d24fbe3839599a6a097188bae8cd47ce8083f27deef1341ae3086bf0d5a45bd1,87f63c0590d05baea263cdc42c6e1df2d063fa2def309ecb0283f3036bf33d46,87f63c0590d05baea263cdc42c6e1df2d063fa2def309ecb0283f3036bf33d46,1787977909.7376711,36493.609,18246862,0,0.9584569931030273,1.0416193008422852,1.164454460144043,0.00095367431640625,-0.00324249267578125,0.00476837158203125,-0.0073261260986328125,-0.0024423599243164062,-0.16849803924560547,0.0073261260986328125,0.0073261260986328125,-0.0073261260986328125,-0.08058643341064453,-1.8940162658691406,5.723075866699219,-1.8583641052246094,0.10500621795654297,-0.11477375030517578,0.0,-2.2049704452327243,7.466882922967769,-1.7515109582030015,0.0018097723194084904,-0.005933638353729712
44,2,heldout,3,-1,-0.3490658503988659,1.7201015940008801,3,s,af3726fcacd0ac1320a56ea850b0a2c0f5430cf4eb20a45c078706980f08407e,d24fbe3839599a6a097188bae8cd47ce8083f27deef1341ae3086bf0d5a45bd1,87f63c0590d05baea263cdc42c6e1df2d063fa2def309ecb0283f3036bf33d46,87f63c0590d05baea263cdc42c6e1df2d063fa2def309ecb0283f3036bf33d46,1787977909.7395473,36493.611,18246863,0,0.9584569931030273,1.0416193008422852,1.163691520690918,0.00095367431640625,-0.00324249267578125,0.00476837158203125,-0.0073261260986328125,-0.0024423599243164062,-0.16849803924560547,-0.0073261260986328125,-0.0073261260986328125,-0.0073261260986328125,-0.08058643341064453,-1.8940162658691406,5.8188018798828125,-1.8534793853759766,0.10500621795654297,-0.11477375030517578,0.0,-2.207539416975926,7.46945189471097,-1.7519424273051258,0.0017984993443153343,-0.005934092262996836
44,2,heldout,3,-1,-0.3490658503988659,1.7219716520048678,3,s,af3726fcacd0ac1320a56ea850b0a2c0f5430cf4eb20a45c078706980f08407e,d24fbe3839599a6a097188bae8cd47ce8083f27deef1341ae3086bf0d5a45bd1,87f63c0590d05baea263cdc42c6e1df2d063fa2def309ecb0283f3036bf33d46,87f63c0590d05baea263cdc42c6e1df2d063fa2def309ecb0283f3036bf33d46,1787977909.74144,36493.613,18246864,0,0.9584569931030273,1.0416193008422852,1.162928581237793,0.00057220458984375,-0.00324249267578125,0.00476837158203125,-0.0073261260986328125,-0.0024423599243164062,-0.16849803924560547,-0.021978378295898438,-0.0073261260986328125,-0.0073261260986328125,-0.07570171356201172,-1.8940162658691406,5.8051300048828125,-1.8437118530273438,0.10500621795654297,-0.11477375030517578,0.0,-2.209888943743628,7.471801421478672,-1.7521577794601138,0.0017928624637844962,-0.005934317922360783
44,2,heldout,3,-1,-0.3490658503988659,1.7238679260044592,3,s,af3726fcacd0ac1320a56ea850b0a2c0f5430cf4eb20a45c078706980f08407e,d24fbe3839599a6a097188bae8cd47ce8083f27deef1341ae3086bf0d5a45bd1,87f63c0590d05baea263cdc42c6e1df2d063fa2def309ecb0283f3036bf33d46,87f63c0590d05baea263cdc42c6e1df2d063fa2def309ecb0283f3036bf33d46,1787977909.7433298,36493.615,18246865,0,0.9584569931030273,1.0416193008422852,1.1625471115112305,0.00057220458984375,-0.00324249267578125,0.00476837158203125,-0.0073261260986328125,-0.0024423599243164062,-0.17338180541992188,-0.021978378295898438,-0.0073261260986328125,-0.0073261260986328125,-0.07570171356201172,-1.9076919555664062,5.928203582763672,-1.8339433670043945,0.10988998413085938,-0.11477375030517578,0.0,-2.211169879833545,7.47308235756859,-1.752372876642591,0.0017872253223578318,-0.005934542718167828
44,2,heldout,3,-1,-0.3490658503988659,1.7257586859996081,3,s,af3726fcacd0ac1320a56ea850b0a2c0f5430cf4eb20a45c078706980f08407e,d24fbe3839599a6a097188bae8cd47ce8083f27deef1341ae3086bf0d5a45bd1,87f63c0590d05baea263cdc42c6e1df2d063fa2def309ecb0283f3036bf33d46,87f63c0590d05baea263cdc42c6e1df2d063fa2def309ecb0283f3036bf33d46,1787977909.7452116,36493.617,18246866,0,0.9584569931030273,1.0416193008422852,1.1617841720581055,0.00057220458984375,-0.00324249267578125,0.00476837158203125,-0.0073261260986328125,-0.0024423599243164062,-0.1831502914428711,-0.021978378295898438,-0.0073261260986328125,-0.0073261260986328125,-0.07570171356201172,-1.9076919555664062,6.010257720947266,-1.8241758346557617,0.10500621795654297,-0.11477375030517578,0.0,-2.2137284893973503,7.475640967132394,-1.7528023059648439,0.001775950260098326,-0.005934989718980481
44,2,heldout,3,-1,-0.3490658503988659,1.7276412280043587,3,s,af3726fcacd0ac1320a56ea850b0a2c0f5430cf4eb20a45c078706980f08407e,d24fbe3839599a6a097188bae8cd47ce8083f27deef1341ae3086bf0d5a45bd1,87f63c0590d05baea263cdc42c6e1df2d063fa2def309ecb0283f3036bf33d46,87f63c0590d05baea263cdc42c6e1df2d063fa2def309ecb0283f3036bf33d46,1787977909.7476492,36493.619,18246867,0,0.9584569931030273,1.0416193008422852,1.1610212326049805,0.00057220458984375,-0.00324249267578125,0.00476837158203125,-0.0073261260986328125,-0.0024423599243164062,-0.1880340576171875,-0.03663063049316406,-0.021978378295898438,-0.0073261260986328125,-0.07570171356201172,-1.9076919555664062,6.010257720947266,-1.8144073486328125,0.10500621795654297,-0.11477375030517578,0.0,-2.21628274756562,7.478195225300664,-1.7532307150219237,0.0017646741640997593,-0.005935433265174616
44,2,heldout,3,-1,-0.3490658503988659,1.7300742209990858,3,s,af3726fcacd0ac1320a56ea850b0a2c0f5430cf4eb20a45c078706980f08407e,d24fbe3839599a6a097188bae8cd47ce8083f27deef1341ae3086bf0d5a45bd1,87f63c0590d05baea263cdc42c6e1df2d063fa2def309ecb0283f3036bf33d46,87f63c0590d05baea263cdc42c6e1df2d063fa2def309ecb0283f3036bf33d46,1787977909.749531,36493.621,18246868,0,0.9584569931030273,1.0416193008422852,1.1602582931518555,0.00057220458984375,-0.00324249267578125,0.00476837158203125,0.0073261260986328125,-0.0024423599243164062,-0.1880340576171875,-0.03663063049316406,-0.0073261260986328125,-0.0073261260986328125,-0.07570171356201172,-1.9076919555664062,5.99658203125,-1.7997560501098633,0.10500621795654297,-0.11477375030517578,0.0,-2.218832652851584,7.480745130586629,-1.7536581035644647,0.0017533970409256937,-0.005935873356492049
44,2,heldout,3,-1,-0.3490658503988659,1.731962267003837,3,s,af3726fcacd0ac1320a56ea850b0a2c0f5430cf4eb20a45c078706980f08407e,d24fbe3839599a6a097188bae8cd47ce8083f27deef1341ae3086bf0d5a45bd1,87f63c0590d05baea263cdc42c6e1df2d063fa2def309ecb0283f3036bf33d46,87f63c0590d05baea263cdc42c6e1df2d063fa2def309ecb0283f3036bf33d46,1787977909.7514145,36493.623,18246869,0,0.9584569931030273,1.0416193008422852,1.1594953536987305,0.00019073486328125,-0.00324249267578125,0.00476837158203125,-0.0073261260986328125,-0.0024423599243164062,-0.1831502914428711,-0.0659332275390625,-0.021978378295898438,-0.0073261260986328125,-0.07570171356201172,-1.9076919555664062,5.859828948974609,-1.7851037979125977,0.10500621795654297,-0.11477375030517578,0.0,-2.2211651474923246,7.483077625227368,-1.7538714150650168,0.0017477580961991206,-0.0059360921064918705
44,2,heldout,3,-1,-0.3490658503988659,1.7338611180020962,3,s,af3726fcacd0ac1320a56ea850b0a2c0f5430cf4eb20a45c078706980f08407e,d24fbe3839599a6a097188bae8cd47ce8083f27deef1341ae3086bf0d5a45bd1,87f63c0590d05baea263cdc42c6e1df2d063fa2def309ecb0283f3036bf33d46,87f63c0590d05baea263cdc42c6e1df2d063fa2def309ecb0283f3036bf33d46,1787977909.753313,36493.625,18246870,0,0.9584569931030273,1.0416193008422852,1.159113883972168,0.00019073486328125,-0.00324249267578125,0.00476837158203125,-0.0073261260986328125,-0.0024423599243164062,-0.16849803924560547,-0.0659332275390625,-0.0073261260986328125,-0.0073261260986328125,-0.08058643341064453,-1.9213676452636719,5.764102935791016,-1.7753353118896484,0.10500621795654297,-0.11477375030517578,0.0,-2.2224365448543266,7.484349022589371,-1.7540844713436916,0.0017421188971402728,-0.005936309992676613
44,2,heldout,3,-1,-0.3490658503988659,1.7357376240033773,3,s,af3726fcacd0ac1320a56ea850b0a2c0f5430cf4eb20a45c078706980f08407e,d24fbe3839599a6a097188bae8cd47ce8083f27deef1341ae3086bf0d5a45bd1,87f63c0590d05baea263cdc42c6e1df2d063fa2def309ecb0283f3036bf33d46,87f63c0590d05baea263cdc42c6e1df2d063fa2def309ecb0283f3036bf33d46,1787977909.7560837,36493.627,18246871,0,0.9584569931030273,1.0416193008422852,1.158350944519043,0.00019073486328125,-0.00324249267578125,0.00476837158203125,-0.0073261260986328125,-0.0024423599243164062,-0.15873050689697266,-0.03663063049316406,-0.021978378295898438,-0.0073261260986328125,-0.07570171356201172,-1.9213676452636719,5.764102935791016,-1.7655677795410156,0.10500621795654297,-0.11477375030517578,0.0,-2.224976072045139,7.486888549780184,-1.7545098181114263,0.0017308397393082404,-0.005936743173474153
44,2,heldout,3,-1,-0.3490658503988659,1.738517205005337,3,s,af3726fcacd0ac1320a56ea850b0a2c0f5430cf4eb20a45c078706980f08407e,d24fbe3839599a6a097188bae8cd47ce8083f27deef1341ae3086bf0d5a45bd1,87f63c0590d05baea263cdc42c6e1df2d063fa2def309ecb0283f3036bf33d46,87f63c0590d05baea263cdc42c6e1df2d063fa2def309ecb0283f3036bf33d46,1787977909.7574372,36493.629,18246872,0,0.9584569931030273,1.0416193008422852,1.157588005065918,0.00019073486328125,-0.00324249267578125,0.00476837158203125,-0.0073261260986328125,-0.0024423599243164062,-0.15384578704833984,-0.021978378295898438,-0.0073261260986328125,-0.0073261260986328125,-0.07570171356201172,-1.9213676452636719,5.668376922607422,-1.7655677795410156,0.10500621795654297,-0.11477375030517578,0.0,-2.2275112412934663,7.48942371902851,-1.7549341436200852,0.0017195595739949283,-0.005937172898632524
44,2,heldout,3,-1,-0.3490658503988659,1.7398729910055408,3,s,af3726fcacd0ac1320a56ea850b0a2c0f5430cf4eb20a45c078706980f08407e,d24fbe3839599a6a097188bae8cd47ce8083f27deef1341ae3086bf0d5a45bd1,87f63c0590d05baea263cdc42c6e1df2d063fa2def309ecb0283f3036bf33d46,87f63c0590d05baea263cdc42c6e1df2d063fa2def309ecb0283f3036bf33d46,1787977909.7593195,36493.631,18246873,0,0.9584569931030273,1.0416193008422852,1.1572065353393555,0.00019073486328125,-0.00324249267578125,0.00476837158203125,-0.0073261260986328125,-0.0024423599243164062,-0.15384578704833984,-0.0073261260986328125,0.0073261260986328125,-0.0073261260986328125,-0.07570171356201172,-1.9213676452636719,5.627349853515625,-1.7655677795410156,0.10500621795654297,-0.11477375030517578,0.0,-2.228777191227953,7.490689668962997,-1.7551459233250544,0.0017139191155846221,-0.005937386465268777
44,2,heldout,3,-1,-0.3490658503988659,1.7417481439988478,3,s,af3726fcacd0ac1320a56ea850b0a2c0f5430cf4eb20a45c078706980f08407e,d24fbe3839599a6a097188bae8cd47ce8083f27deef1341ae3086bf0d5a45bd1,87f63c0590d05baea263cdc42c6e1df2d063fa2def309ecb0283f3036bf33d46,87f63c0590d05baea263cdc42c6e1df2d063fa2def309ecb0283f3036bf33d46,1787977909.7612302,36493.633,18246874,0,0.9584569931030273,1.0416193008422852,1.1564435958862305,0.00019073486328125,-0.00324249267578125,0.00476837158203125,-0.0073261260986328125,-0.0024423599243164062,-0.15873050689697266,-0.021978378295898438,-0.0073261260986328125,-0.0073261260986328125,-0.07570171356201172,-1.9213676452636719,5.764102935791016,-1.770451545715332,0.10012245178222656,-0.11477375030517578,0.0,-2.2313058207964693,7.493218298531514,-1.7555687164821787,0.0017026374513606749,-0.0059378110065000265
44,2,heldout,3,-1,-0.3490658503988659,1.7436609280048287,3,s,af3726fcacd0ac1320a56ea850b0a2c0f5430cf4eb20a45c078706980f08407e,d24fbe3839599a6a097188bae8cd47ce8083f27deef1341ae3086bf0d5a45bd1,87f63c0590d05baea263cdc42c6e1df2d063fa2def309ecb0283f3036bf33d46,87f63c0590d05baea263cdc42c6e1df2d063fa2def309ecb0283f3036bf33d46,1787977909.7636948,36493.634999999995,18246875,0,0.9584569931030273,1.0416193008422852,1.155679702758789,0.00019073486328125,-0.00324249267578125,0.00476837158203125,-0.0073261260986328125,-0.0024423599243164062,-0.16361427307128906,0.0073261260986328125,-0.0073261260986328125,-0.0073261260986328125,-0.07570171356201172,-1.9350433349609375,5.654701232910156,-1.770451545715332,0.10012245178222656,-0.11477375030517578,0.0,-2.2338332413429884,7.495745719078032,-1.7559910143383963,0.0016913406921347852,-0.005938232615663793
44,2,heldout,3,-1,-0.3490658503988659,1.7461275210007443,3,s,af3726fcacd0ac1320a56ea850b0a2c0f5430cf4eb20a45c078706980f08407e,d24fbe3839599a6a097188bae8cd47ce8083f27deef1341ae3086bf0d5a45bd1,87f63c0590d05baea263cdc42c6e1df2d063fa2def309ecb0283f3036bf33d46,87f63c0590d05baea263cdc42c6e1df2d063fa2def309ecb0283f3036bf33d46,1787977909.7656121,36493.636999999995,18246876,0,0.9584569931030273,1.0416193008422852,1.154916763305664,0.00019073486328125,-0.00324249267578125,0.00476837158203125,-0.0073261260986328125,-0.0024423599243164062,-0.16361427307128906,0.03663063049316406,-0.0073261260986328125,-0.0073261260986328125,-0.07570171356201172,-1.9213676452636719,5.668376922607422,-1.7851037979125977,0.10012245178222656,-0.11477375030517578,0.0,-2.2363531407336246,7.498265618468668,-1.7564117622213413,0.0016800570511209248,-0.005938650239807697
44,2,heldout,3,-1,-0.3490658503988659,1.7480405460009933,3,s,af3726fcacd0ac1320a56ea850b0a2c0f5430cf4eb20a45c078706980f08407e,d24fbe3839599a6a097188bae8cd47ce8083f27deef1341ae3086bf0d5a45bd1,87f63c0590d05baea263cdc42c6e1df2d063fa2def309ecb0283f3036bf33d46,87f63c0590d05baea263cdc42c6e1df2d063fa2def309ecb0283f3036bf33d46,1787977909.767487,36493.638999999996,18246877,0,0.9584569931030273,1.0416193008422852,1.1545352935791016,0.00057220458984375,-0.00324249267578125,0.00476837158203125,-0.0073261260986328125,-0.0024423599243164062,-0.16361427307128906,0.021978378295898438,-0.0073261260986328125,-0.0073261260986328125,-0.07570171356201172,-1.9213676452636719,5.75042724609375,-1.7948713302612305,0.10500621795654297,-0.11477375030517578,0.0,-2.237821188756056,7.4997336664911,-1.7568314877381328,0.0016687724321852028,-0.0059390644072023725
44,2,heldout,3,-1,-0.3490658503988659,1.7499197069992078,3,s,af3726fcacd0ac1320a56ea850b0a2c0f5430cf4eb20a45c078706980f08407e,d24fbe3839599a6a097188bae8cd47ce8083f27deef1341ae3086bf0d5a45bd1,87f63c0590d05baea263cdc42c6e1df2d063fa2def309ecb0283f3036bf33d46,87f63c0590d05baea263cdc42c6e1df2d063fa2def309ecb0283f3036bf33d46,1787977909.7694058,36493.640999999996,18246878,0,0.9584569931030273,1.0416193008422852,1.1537723541259766,0.00057220458984375,-0.00324249267578125,0.00476837158203125,0.0073261260986328125,-0.0024423599243164062,-0.15873050689697266,0.021978378295898438,-0.0073261260986328125,-0.0073261260986328125,-0.07570171356201172,-1.9076919555664062,5.668376922607422,-1.809523582458496,0.10500621795654297,-0.10988998413085938,0.0,-2.2403340294144924,7.502246507149536,-1.7572501906444593,0.0016574868418961271,-0.005939475117606747
44,2,heldout,3,-1,-0.3490658503988659,1.7518365270007052,3,s,af3726fcacd0ac1320a56ea850b0a2c0f5430cf4eb20a45c078706980f08407e,d24fbe3839599a6a097188bae8cd47ce8083f27deef1341ae3086bf0d5a45bd1,87f63c0590d05baea263cdc42c6e1df2d063fa2def309ecb0283f3036bf33d46,87f63c0590d05baea263cdc42c6e1df2d063fa2def309ecb0283f3036bf33d46,1787977909.7713752,36493.643,18246879,0,0.9584569931030273,1.0416193008422852,1.153390884399414,0.00057220458984375,-0.00362396240234375,0.00476837158203125,-0.0073261260986328125,-0.0024423599243164062,-0.14896202087402344,0.021978378295898438,-0.021978378295898438,-0.0073261260986328125,-0.07570171356201172,-1.9213676452636719,5.613674163818359,-1.8241758346557617,0.10500621795654297,-0.11477375030517578,0.0,-2.2415831089664997,7.503495586701543,-1.7574534552547325,0.0016869747579528892,-0.005941358480602189
44,2,heldout,3,-1,-0.3490658503988659,1.7538234560051933,3,s,af3726fcacd0ac1320a56ea850b0a2c0f5430cf4eb20a45c078706980f08407e,d24fbe3839599a6a097188bae8cd47ce8083f27deef1341ae3086bf0d5a45bd1,87f63c0590d05baea263cdc42c6e1df2d063fa2def309ecb0283f3036bf33d46,87f63c0590d05baea263cdc42c6e1df2d063fa2def309ecb0283f3036bf33d46,1787977909.7733338,36493.645,18246880,0,0.9584569931030273,1.0416193008422852,1.152627944946289,0.00057220458984375,-0.00324249267578125,0.00476837158203125,-0.0073261260986328125,-0.0024423599243164062,-0.14407825469970703,0.03663063049316406,-0.021978378295898438,-0.0073261260986328125,-0.07570171356201172,-1.9350433349609375,5.613674163818359,-1.8339433670043945,0.10500621795654297,-0.11477375030517578,0.0,-2.244095102042015,7.506007579777059,-1.7578763270763567,0.001640556649544991,-0.005940084700834081
44,2,heldout,3,-1,-0.3490658503988659,1.7557638130019768,3,s,af3726fcacd0ac1320a56ea850b0a2c0f5430cf4eb20a45c078706980f08407e,d24fbe3839599a6a097188bae8cd47ce8083f27deef1341ae3086bf0d5a45bd1,87f63c0590d05baea263cdc42c6e1df2d063fa2def309ecb0283f3036bf33d46,87f63c0590d05baea263cdc42c6e1df2d063fa2def309ecb0283f3036bf33d46,1787977909.7752602,36493.647,18246881,0,0.9584569931030273,1.0416193008422852,1.1522464752197266,0.00095367431640625,-0.00324249267578125,0.00476837158203125,0.0073261260986328125,-0.0024423599243164062,-0.1343097686767578,0.03663063049316406,-0.0073261260986328125,-0.0073261260986328125,-0.07570171356201172,-1.9350433349609375,5.586326599121094,-1.8485956192016602,0.10500621795654297,-0.11477375030517578,0.0,-2.2455545533653694,7.507467031100413,-1.7582924723915587,0.0016292686596134777,-0.005940486767721187
44,2,heldout,3,-1,-0.3490658503988659,1.7576925310058868,3,s,af3726fcacd0ac1320a56ea850b0a2c0f5430cf4eb20a45c078706980f08407e,d24fbe3839599a6a097188bae8cd47ce8083f27deef1341ae3086bf0d5a45bd1,87f63c0590d05baea263cdc42c6e1df2d063fa2def309ecb0283f3036bf33d46,87f63c0590d05baea263cdc42c6e1df2d063fa2def309ecb0283f3036bf33d46,1787977909.7778022,36493.649,18246882,0,0.9584569931030273,1.0416193008422852,1.1514835357666016,0.00095367431640625,-0.00324249267578125,0.00476837158203125,-0.021978378295898438,-0.0024423599243164062,-0.13919448852539062,0.03663063049316406,0.0073261260986328125,-0.0073261260986328125,-0.07570171356201172,-1.9487171173095703,5.6820526123046875,-1.8583641052246094,0.10500621795654297,-0.10988998413085938,0.0,-2.2480537772393103,7.509966254974354,-1.7587075942458896,0.001617979721322835,-0.005940885376790067
44,2,heldout,3,-1,-0.3490658503988659,1.7602438120011357,3,s,af3726fcacd0ac1320a56ea850b0a2c0f5430cf4eb20a45c078706980f08407e,d24fbe3839599a6a097188bae8cd47ce8083f27deef1341ae3086bf0d5a45bd1,87f63c0590d05baea263cdc42c6e1df2d063fa2def309ecb0283f3036bf33d46,87f63c0590d05baea263cdc42c6e1df2d063fa2def309ecb0283f3036bf33d46,1787977909.7797816,36493.651,18246883,0,0.9584569931030273,1.0416193008422852,1.151102066040039,0.00095367431640625,-0.00324249267578125,0.00476837158203125,-0.0073261260986328125,-0.0024423599243164062,-0.15384578704833984,0.03663063049316406,-0.021978378295898438,-0.0073261260986328125,-0.07570171356201172,-1.9350433349609375,5.777778625488281,-1.8681316375732422,0.10500621795654297,-0.10988998413085938,0.0,-2.249301750001298,7.5112142277363425,-1.7589147712996958,0.0016123348985962644,-0.0059410833845700865
44,2,heldout,3,-1,-0.3490658503988659,1.7622223930011387,3,s,af3726fcacd0ac1320a56ea850b0a2c0f5430cf4eb20a45c078706980f08407e,d24fbe3839599a6a097188bae8cd47ce8083f27deef1341ae3086bf0d5a45bd1,87f63c0590d05baea263cdc42c6e1df2d063fa2def309ecb0283f3036bf33d46,87f63c0590d05baea263cdc42c6e1df2d063fa2def309ecb0283f3036bf33d46,1787977909.7817574,36493.653,18246884,0,0.9584569931030273,1.0416193008422852,1.150339126586914,0.00095367431640625,-0.00324249267578125,0.00476837158203125,-0.0073261260986328125,-0.0024423599243164062,-0.16361427307128906,0.03663063049316406,-0.0073261260986328125,-0.0073261260986328125,-0.07570171356201172,-1.9350433349609375,5.8051300048828125,-1.8779001235961914,0.10500621795654297,-0.10988998413085938,0.0,-2.251794416267288,7.513706894002331,-1.759328357509846,0.0016010445500877705,-0.005941476806477214
44,2,heldout,3,-1,-0.3490658503988659,1.7641954280043137,3,s,af3726fcacd0ac1320a56ea850b0a2c0f5430cf4eb20a45c078706980f08407e,d24fbe3839599a6a097188bae8cd47ce8083f27deef1341ae3086bf0d5a45bd1,87f63c0590d05baea263cdc42c6e1df2d063fa2def309ecb0283f3036bf33d46,87f63c0590d05baea263cdc42c6e1df2d063fa2def309ecb0283f3036bf33d46,1787977909.7837002,36493.655,18246885,0,0.9584569931030273,1.0416193008422852,1.149576187133789,0.00095367431640625,-0.00324249267578125,0.00476837158203125,-0.021978378295898438,-0.0024423599243164062,-0.16849803924560547,0.021978378295898438,-0.0073261260986328125,-0.0073261260986328125,-0.07570171356201172,-1.9350433349609375,5.873504638671875,-1.8779001235961914,0.10988998413085938,-0.11477375030517578,0.0,-2.254282708980457,7.516195186715502,-1.7597409196561615,0.0015897532696487432,-0.00594186676998984
44,2,heldout,3,-1,-0.3490658503988659,1.7661375009993208,3,s,af3726fcacd0ac1320a56ea850b0a2c0f5430cf4eb20a45c078706980f08407e,d24fbe3839599a6a097188bae8cd47ce8083f27deef1341ae3086bf0d5a45bd1,87f63c0590d05baea263cdc42c6e1df2d063fa2def309ecb0283f3036bf33d46,87f63c0590d05baea263cdc42c6e1df2d063fa2def309ecb0283f3036bf33d46,1787977909.7856472,36493.657,18246886,0,0.9584569931030273,1.0416193008422852,1.148813247680664,0.00095367431640625,-0.00324249267578125,0.00476837158203125,0.0073261260986328125,-0.0024423599243164062,-0.1782665252685547,-0.0073261260986328125,-0.0073261260986328125,-0.0073261260986328125,-0.07570171356201172,-1.9350433349609375,5.887180328369141,-1.8827838897705078,0.10988998413085938,-0.11477375030517578,0.0,-2.2567666266924316,7.518679104427476,-1.760152457498499,0.0015784610638515657,-0.0059422532748809685
44,2,heldout,3,-1,-0.3490658503988659,1.768082245005644,3,s,af3726fcacd0ac1320a56ea850b0a2c0f5430cf4eb20a45c078706980f08407e,d24fbe3839599a6a097188bae8cd47ce8083f27deef1341ae3086bf0d5a45bd1,87f63c0590d05baea263cdc42c6e1df2d063fa2def309ecb0283f3036bf33d46,87f63c0590d05baea263cdc42c6e1df2d063fa2def309ecb0283f3036bf33d46,1787977909.7876043,36493.659,18246887,0,0.9584569931030273,1.0416193008422852,1.1484317779541016,0.00095367431640625,-0.00324249267578125,0.00476837158203125,-0.0073261260986328125,-0.0024423599243164062,-0.17338180541992188,-0.0073261260986328125,-0.0073261260986328125,-0.0073261260986328125,-0.07570171356201172,-1.9350433349609375,5.8051300048828125,-1.8730154037475586,0.10500621795654297,-0.11477375030517578,0.0,-2.258006944471051,7.5199194222060965,-1.7603578422307953,0.0015728146159976896,-0.0059424452302730925
44,2,heldout,3,-1,-0.3490658503988659,1.7700438280007802,3,s,af3726fcacd0ac1320a56ea850b0a2c0f5430cf4eb20a45c078706980f08407e,d24fbe3839599a6a097188bae8cd47ce8083f27deef1341ae3086bf0d5a45bd1,87f63c0590d05baea263cdc42c6e1df2d063fa2def309ecb0283f3036bf33d46,87f63c0590d05baea263cdc42c6e1df2d063fa2def309ecb0283f3036bf33d46,1787977909.7895427,36493.661,18246888,0,0.9584569931030273,1.0416193008422852,1.1476688385009766,0.00095367431640625,-0.00324249267578125,0.00476837158203125,-0.0073261260986328125,-0.0024423599243164062,-0.16361427307128906,-0.0073261260986328125,-0.0073261260986328125,-0.0073261260986328125,-0.07570171356201172,-1.9487171173095703,5.777778625488281,-1.8632478713989258,0.10500621795654297,-0.11477375030517578,0.0,-2.260484296971098,7.522396774706142,-1.7607678431682028,0.0015615210344876982,-0.005942826546810782
44,2,heldout,3,-1,-0.3490658503988659,1.7719767410017084,3,s,af3726fcacd0ac1320a56ea850b0a2c0f5430cf4eb20a45c078706980f08407e,d24fbe3839599a6a097188bae8cd47ce8083f27deef1341ae3086bf0d5a45bd1,87f63c0590d05baea263cdc42c6e1df2d063fa2def309ecb0283f3036bf33d46,87f63c0590d05baea263cdc42c6e1df2d063fa2def309ecb0283f3036bf33d46,1787977909.7914734,36493.663,18246889,0,0.9584569931030273,1.0416193008422852,1.1469058990478516,0.00095367431640625,-0.00324249267578125,0.00476837158203125,-0.0073261260986328125,-0.0024423599243164062,-0.16849803924560547,-0.021978378295898438,-0.0073261260986328125,-0.0073261260986328125,-0.07570171356201172,-1.962392807006836,5.832477569580078,-1.8534793853759766,0.10500621795654297,-0.10988998413085938,0.0,-2.262957270860149,7.524869748595194,-1.7611768192038841,0.0015502265440528813,-0.005943204404168315
44,2,heldout,3,-1,-0.3490658503988659,1.7739229569997406,3,s,af3726fcacd0ac1320a56ea850b0a2c0f5430cf4eb20a45c078706980f08407e,d24fbe3839599a6a097188bae8cd47ce8083f27deef1341ae3086bf0d5a45bd1,87f63c0590d05baea263cdc42c6e1df2d063fa2def309ecb0283f3036bf33d46,87f63c0590d05baea263cdc42c6e1df2d063fa2def309ecb0283f3036bf33d46,1787977909.7934356,36493.665,18246890,0,0.9584569931030273,1.0416193008422852,1.146524429321289,0.00057220458984375,-0.00324249267578125,0.00476837158203125,-0.0073261260986328125,-0.0024423599243164062,-0.16361427307128906,-0.03663063049316406,-0.0073261260986328125,-0.0073261260986328125,-0.07570171356201172,-1.962392807006836,5.75042724609375,-1.8388280868530273,0.10500621795654297,-0.10988998413085938,0.0,-2.2639880117703437,7.525900489505388,-1.7611768192038846,0.0015502265440528826,-0.005943204404168316
44,2,heldout,3,-1,-0.3490658503988659,1.7758732740039704,3,s,af3726fcacd0ac1320a56ea850b0a2c0f5430cf4eb20a45c078706980f08407e,d24fbe3839599a6a097188bae8cd47ce8083f27deef1341ae3086bf0d5a45bd1,87f63c0590d05baea263cdc42c6e1df2d063fa2def309ecb0283f3036bf33d46,87f63c0590d05baea263cdc42c6e1df2d063fa2def309ecb0283f3036bf33d46,1787977909.7953506,36493.667,18246891,0,0.9584569931030273,1.0416193008422852,1.145761489868164,0.00057220458984375,-0.00324249267578125,0.00476837158203125,-0.0073261260986328125,-0.0024423599243164062,-0.16361427307128906,-0.05128288269042969,0.0073261260986328125,-0.0073261260986328125,-0.07570171356201172,-1.9487171173095703,5.75042724609375,-1.8192920684814453,0.10500621795654297,-0.10988998413085938,0.0,-2.2664549277036836,7.528367405438727,-1.7615847700997844,0.0015389311512674986,-0.005943578802125749
44,2,heldout,3,-1,-0.3490658503988659,1.7777834119988256,3,s,af3726fcacd0ac1320a56ea850b0a2c0f5430cf4eb20a45c078706980f08407e,d24fbe3839599a6a097188bae8cd47ce8083f27deef1341ae3086bf0d5a45bd1,87f63c0590d05baea263cdc42c6e1df2d063fa2def309ecb0283f3036bf33d46,87f63c0590d05baea263cdc42c6e1df2d063fa2def309ecb0283f3036bf33d46,1787977909.7972772,36493.669,18246892,0,0.9584569931030273,1.0416193008422852,1.144998550415039,0.00057220458984375,-0.00324249267578125,0.00476837158203125,-0.021978378295898438,-0.0024423599243164062,-0.17338180541992188,-0.05128288269042969,-0.0073261260986328125,-0.0073261260986328125,-0.07570171356201172,-1.962392807006836,5.955554962158203,-1.8046398162841797,0.10500621795654297,-0.10988998413085938,0.0,-2.2689174615506675,7.530829939285711,-1.761991695618445,0.0015276348627063347,-0.005943949740465154
44,2,heldout,3,-1,-0.3490658503988659,1.7797142030030955,3,s,af3726fcacd0ac1320a56ea850b0a2c0f5430cf4eb20a45c078706980f08407e,d24fbe3839599a6a097188bae8cd47ce8083f27deef1341ae3086bf0d5a45bd1,87f63c0590d05baea263cdc42c6e1df2d063fa2def309ecb0283f3036bf33d46,87f63c0590d05baea263cdc42c6e1df2d063fa2def309ecb0283f3036bf33d46,1787977909.7997863,36493.670999999995,18246893,0,0.9584569931030273,1.0416193008422852,1.144235610961914,0.00019073486328125,-0.00324249267578125,0.00476837158203125,-0.0073261260986328125,-0.0024423599243164062,-0.1831502914428711,-0.08058547973632812,-0.0073261260986328125,-0.0073261260986328125,-0.07570171356201172,-1.962392807006836,5.928203582763672,-1.7948713302612305,0.10500621795654297,-0.10988998413085938,0.0,-2.2711727901421717,7.533085267877215,-1.7621947737872676,0.0015219863845645964,-0.005944133912210546
44,2,heldout,3,-1,-0.3490658503988659,1.7822205420015962,3,s,af3726fcacd0ac1320a56ea850b0a2c0f5430cf4eb20a45c078706980f08407e,d24fbe3839599a6a097188bae8cd47ce8083f27deef1341ae3086bf0d5a45bd1,87f63c0590d05baea263cdc42c6e1df2d063fa2def309ecb0283f3036bf33d46,87f63c0590d05baea263cdc42c6e1df2d063fa2def309ecb0283f3036bf33d46,1787977909.802356,36493.672999999995,18246894,0,0.9584569931030273,1.0416193008422852,1.143472671508789,0.00019073486328125,-0.00324249267578125,0.00476837158203125,-0.0073261260986328125,-0.0024423599243164062,-0.1831502914428711,-0.0659332275390625,0.0073261260986328125,-0.0073261260986328125,-0.07570171356201172,-1.962392807006836,5.9418792724609375,-1.7802200317382812,0.10012245178222656,-0.11477375030517578,0.0,-2.2736270684735165,7.535539546208561,-1.7626001607961386,0.0015106887646686175,-0.0059444996607187
44,2,heldout,3,-1,-0.3490658503988659,1.7847978409990901,3,s,af3726fcacd0ac1320a56ea850b0a2c0f5430cf4eb20a45c078706980f08407e,d24fbe3839599a6a097188bae8cd47ce8083f27deef1341ae3086bf0d5a45bd1,87f63c0590d05baea263cdc42c6e1df2d063fa2def309ecb0283f3036bf33d46,87f63c0590d05baea263cdc42c6e1df2d063fa2def309ecb0283f3036bf33d46,1787977909.8037355,36493.674999999996,18246895,0,0.9584569931030273,1.0416193008422852,1.142709732055664,0.00019073486328125,-0.00324249267578125,0.00476837158203125,-0.0073261260986328125,-0.0024423599243164062,-0.1831502914428711,-0.05128288269042969,0.0073261260986328125,-0.0073261260986328125,-0.07570171356201172,-1.962392807006836,5.859828948974609,-1.770451545715332,0.10500621795654297,-0.10988998413085938,0.0,-2.27607696054377,7.5379894382788155,-1.7630045218367352,0.001499390265436086,-0.005944861949072818
44,2,heldout,3,-1,-0.3490658503988659,1.7861699320055777,3,s,af3726fcacd0ac1320a56ea850b0a2c0f5430cf4eb20a45c078706980f08407e,d24fbe3839599a6a097188bae8cd47ce8083f27deef1341ae3086bf0d5a45bd1,87f63c0590d05baea263cdc42c6e1df2d063fa2def309ecb0283f3036bf33d46,87f63c0590d05baea263cdc42c6e1df2d063fa2def309ecb0283f3036bf33d46,1787977909.8056545,36493.676999999996,18246896,0,0.9584569931030273,1.0416193008422852,1.1423282623291016,0.00019073486328125,-0.00324249267578125,0.00476837158203125,-0.0073261260986328125,-0.0024423599243164062,-0.17338180541992188,-0.03663063049316406,-0.021978378295898438,-0.0073261260986328125,-0.08058643341064453,-1.962392807006836,5.736751556396484,-1.7606840133666992,0.10012245178222656,-0.11477375030517578,0.0,-2.277300261285253,7.5392127390202965,-1.7632063175453538,0.00149374068812378,-0.005945041795626134
44,2,heldout,3,-1,-0.3490658503988659,1.7880849030043464,3,s,af3726fcacd0ac1320a56ea850b0a2c0f5430cf4eb20a45c078706980f08407e,d24fbe3839599a6a097188bae8cd47ce8083f27deef1341ae3086bf0d5a45bd1,87f63c0590d05baea263cdc42c6e1df2d063fa2def309ecb0283f3036bf33d46,87f63c0590d05baea263cdc42c6e1df2d063fa2def309ecb0283f3036bf33d46,1787977909.807543,36493.679,18246897,0,0.9584569931030273,1.0416193008422852,1.1415653228759766,0.00019073486328125,-0.00324249267578125,0.00476837158203125,-0.021978378295898438,-0.0024423599243164062,-0.16361427307128906,-0.021978378295898438,-0.0073261260986328125,-0.0073261260986328125,-0.07570171356201172,-1.9760684967041016,5.777778625488281,-1.7606840133666992,0.10012245178222656,-0.11477375030517578,0.0,-2.279743571290863,7.541656049025907,-1.7636091391924062,0.0014824408822176887,-0.005945398893354424
44,2,heldout,3,-1,-0.3490658503988659,1.7899721060020966,3,s,af3726fcacd0ac1320a56ea850b0a2c0f5430cf4eb20a45c078706980f08407e,d24fbe3839599a6a097188bae8cd47ce8083f27deef1341ae3086bf0d5a45bd1,87f63c0590d05baea263cdc42c6e1df2d063fa2def309ecb0283f3036bf33d46,87f63c0590d05baea263cdc42c6e1df2d063fa2def309ecb0283f3036bf33d46,1787977909.8094249,36493.681,18246898,0,0.9584569931030273,1.0416193008422852,1.1408023834228516,0.00019073486328125,-0.00324249267578125,0.00476837158203125,-0.0073261260986328125,-0.0024423599243164062,-0.15873050689697266,-0.03663063049316406,0.0073261260986328125,-0.0073261260986328125,-0.08058643341064453,-1.9760684967041016,5.75042724609375,-1.7655677795410156,0.10012245178222656,-0.11477375030517578,0.0,-2.2821824914751088,7.544094969210153,-1.764010934283882,0.00147114021341748,-0.005945752530405254
44,2,heldout,3,-1,-0.3490658503988659,1.7918502600005013,3,s,af3726fcacd0ac1320a56ea850b0a2c0f5430cf4eb20a45c078706980f08407e,d24fbe3839599a6a097188bae8cd47ce8083f27deef1341ae3086bf0d5a45bd1,87f63c0590d05baea263cdc42c6e1df2d063fa2def309ecb0283f3036bf33d46,87f63c0590d05baea263cdc42c6e1df2d063fa2def309ecb0283f3036bf33d46,1787977909.8113515,36493.683,18246899,0,0.9584569931030273,1.0416193008422852,1.140420913696289,0.00019073486328125,-0.00324249267578125,0.00476837158203125,-0.0073261260986328125,-0.0024423599243164062,-0.15873050689697266,-0.0073261260986328125,-0.0073261260986328125,-0.0073261260986328125,-0.08058643341064453,-1.9760684967041016,5.599998474121094,-1.770451545715332,0.10500621795654297,-0.11477375030517578,0.0,-2.2834003049404825,7.545312782675526,-1.7642114467981684,0.00146548955748764,-0.005945928051112217
44,2,heldout,3,-1,-0.3490658503988659,1.793805102002807,3,s,af3726fcacd0ac1320a56ea850b0a2c0f5430cf4eb20a45c078706980f08407e,d24fbe3839599a6a097188bae8cd47ce8083f27deef1341ae3086bf0d5a45bd1,87f63c0590d05baea263cdc42c6e1df2d063fa2def309ecb0283f3036bf33d46,87f63c0590d05baea263cdc42c6e1df2d063fa2def309ecb0283f3036bf33d46,1787977909.813296,36493.685,18246900,0,0.9584569931030273,1.0416193008422852,1.139657974243164,0.00019073486328125,-0.00324249267578125,0.00476837158203125,-0.0073261260986328125,-0.0024423599243164062,-0.15873050689697266,-0.0073261260986328125,-0.0073261260986328125,-0.0073261260986328125,-0.08058643341064453,-1.9760684967041016,5.736751556396484,-1.7753353118896484,0.10500621795654297,-0.11477375030517578,0.0,-2.285832637731651,7.547745115466695,-1.764611701617947,0.0014541876066798843,-0.005946276496761531
44,2,heldout,3,-1,-0.3490658503988659,1.7957307040051091,3,s,af3726fcacd0ac1320a56ea850b0a2c0f5430cf4eb20a45c078706980f08407e,d24fbe3839599a6a097188bae8cd47ce8083f27deef1341ae3086bf0d5a45bd1,87f63c0590d05baea263cdc42c6e1df2d063fa2def309ecb0283f3036bf33d46,87f63c0590d05baea263cdc42c6e1df2d063fa2def309ecb0283f3036bf33d46,1787977909.815776,36493.687,18246901,0,0.9584569931030273,1.0416193008422852,1.138895034790039,0.00019073486328125,-0.00324249267578125,0.00476837158203125,-0.021978378295898438,-0.0024423599243164062,-0.15873050689697266,-0.0073261260986328125,-0.021978378295898438,-0.0073261260986328125,-0.08058643341064453,-1.9760684967041016,5.75042724609375,-1.7851037979125977,0.10500621795654297,-0.11477375030517578,0.0,-2.2882605771571503,7.550173054892194,-1.7650109292985798,0.0014428848094235787,-0.0059466214812225505
44,2,heldout,3,-1,-0.3490658503988659,1.7982054450039868,3,s,af3726fcacd0ac1320a56ea850b0a2c0f5430cf4eb20a45c078706980f08407e,d24fbe3839599a6a097188bae8cd47ce8083f27deef1341ae3086bf0d5a45bd1,87f63c0590d05baea263cdc42c6e1df2d063fa2def309ecb0283f3036bf33d46,87f63c0590d05baea263cdc42c6e1df2d063fa2def309ecb0283f3036bf33d46,1787977909.8177135,36493.689,18246902,0,0.9584569931030273,1.0416193008422852,1.1385135650634766,0.00019073486328125,-0.00324249267578125,0.00476837158203125,-0.0073261260986328125,-0.0024423599243164062,-0.16361427307128906,0.0073261260986328125,-0.0073261260986328125,-0.0073261260986328125,-0.07570171356201172,-1.962392807006836,5.709400177001953,-1.7948713302612305,0.10500621795654297,-0.11477375030517578,0.0,-2.2894728989160353,7.551385376651079,-1.7652101578890742,0.0014372330954331679,-0.0059467926754446215
44,2,heldout,3,-1,-0.3490658503988659,1.800150412003859,3,s,af3726fcacd0ac1320a56ea850b0a2c0f5430cf4eb20a45c078706980f08407e,d24fbe3839599a6a097188bae8cd47ce8083f27deef1341ae3086bf0d5a45bd1,87f63c0590d05baea263cdc42c6e1df2d063fa2def309ecb0283f3036bf33d46,87f63c0590d05baea263cdc42c6e1df2d063fa2def309ecb0283f3036bf33d46,1787977909.8196566,36493.691,18246903,0,0.9584569931030273,1.0416193008422852,1.1377506256103516,0.00019073486328125,-0.00324249267578125,0.00476837158203125,-0.0073261260986328125,-0.0024423599243164062,-0.16849803924560547,0.0073261260986328125,-0.0073261260986328125,-0.0073261260986328125,-0.08058643341064453,-1.9760684967041016,5.8051300048828125,-1.8046398162841797,0.10500621795654297,-0.11477375030517578,0.0,-2.291894245643992,7.5538067233790365,-1.7656078444254608,0.0014259290408399905,-0.00594713246774732
44,2,heldout,3,-1,-0.3490658503988659,1.802089832999627,3,s,af3726fcacd0ac1320a56ea850b0a2c0f5430cf4eb20a45c078706980f08407e,d24fbe3839599a6a097188bae8cd47ce8083f27deef1341ae3086bf0d5a45bd1,87f63c0590d05baea263cdc42c6e1df2d063fa2def309ecb0283f3036bf33d46,87f63c0590d05baea263cdc42c6e1df2d063fa2def309ecb0283f3036bf33d46,1787977909.821534,36493.693,18246904,0,0.9584569931030273,1.0416193008422852,1.1369876861572266,0.00019073486328125,-0.00324249267578125,0.00476837158203125,-0.021978378295898438,-0.0024423599243164062,-0.16361427307128906,0.021978378295898438,-0.0073261260986328125,-0.0073261260986328125,-0.08058643341064453,-1.9897441864013672,5.736751556396484,-1.8144073486328125,0.10500621795654297,-0.11477375030517578,0.0,-2.294311195477959,7.556223673213003,-1.7660045032428693,0.0014146241562469119,-0.005947468798363484
44,2,heldout,3,-1,-0.3490658503988659,1.8039597240058356,3,s,af3726fcacd0ac1320a56ea850b0a2c0f5430cf4eb20a45c078706980f08407e,d24fbe3839599a6a097188bae8cd47ce8083f27deef1341ae3086bf0d5a45bd1,87f63c0590d05baea263cdc42c6e1df2d063fa2def309ecb0283f3036bf33d46,87f63c0590d05baea263cdc42c6e1df2d063fa2def309ecb0283f3036bf33d46,1787977909.8233917,36493.695,18246905,0,0.9584569931030273,1.0416193008422852,1.136606216430664,0.00057220458984375,-0.00324249267578125,0.00476837158203125,-0.0073261260986328125,-0.0024423599243164062,-0.15873050689697266,0.03663063049316406,-0.0073261260986328125,-0.0073261260986328125,-0.08058643341064453,-1.9897441864013672,5.695728302001953,-1.8241758346557617,0.10500621795654297,-0.11477375030517578,0.0,-2.2957157080455866,7.557628185780631,-1.7664001341104154,0.0014033184482342403,-0.005947801667097348
44,2,heldout,3,-1,-0.3490658503988659,1.8058166440023342,3,s,af3726fcacd0ac1320a56ea850b0a2c0f5430cf4eb20a45c078706980f08407e,d24fbe3839599a6a097188bae8cd47ce8083f27deef1341ae3086bf0d5a45bd1,87f63c0590d05baea263cdc42c6e1df2d063fa2def309ecb0283f3036bf33d46,87f63c0590d05baea263cdc42c6e1df2d063fa2def309ecb0283f3036bf33d46,1787977909.8252661,36493.697,18246906,0,0.9584569931030273,1.0416193008422852,1.135843276977539,0.00057220458984375,-0.00324249267578125,0.00476837158203125,-0.0073261260986328125,-0.0024423599243164062,-0.15873050689697266,0.0073261260986328125,-0.021978378295898438,-0.0073261260986328125,-0.08058643341064453,-1.9897441864013672,5.6820526123046875,-1.8388280868530273,0.10500621795654297,-0.11477375030517578,0.0,-2.2981255457826992,7.560038023517743,-1.7667947367978112,0.0013920119233827677,-0.00594813107375515
44,2,heldout,3,-1,-0.3490658503988659,1.8076893530014786,3,s,af3726fcacd0ac1320a56ea850b0a2c0f5430cf4eb20a45c078706980f08407e,d24fbe3839599a6a097188bae8cd47ce8083f27deef1341ae3086bf0d5a45bd1,87f63c0590d05baea263cdc42c6e1df2d063fa2def309ecb0283f3036bf33d46,87f63c0590d05baea263cdc42c6e1df2d063fa2def309ecb0283f3036bf33d46,1787977909.8277512,36493.699,18246907,0,0.9584569931030273,1.0416193008422852,1.135080337524414,0.00057220458984375,-0.00324249267578125,0.00476837158203125,-0.0073261260986328125,-0.0024423599243164062,-0.15384578704833984,0.021978378295898438,-0.021978378295898438,-0.0073261260986328125,-0.08058643341064453,-1.9897441864013672,5.668376922607422,-1.8437118530273438,0.10500621795654297,-0.11477375030517578,0.0,-2.300530982998731,7.562443460733775,-1.767188311075367,0.0013807045882737504,-0.005948457018145156
44,2,heldout,3,-1,-0.3490658503988659,1.810177665000083,3,s,af3726fcacd0ac1320a56ea850b0a2c0f5430cf4eb20a45c078706980f08407e,d24fbe3839599a6a097188bae8cd47ce8083f27deef1341ae3086bf0d5a45bd1,87f63c0590d05baea263cdc42c6e1df2d063fa2def309ecb0283f3036bf33d46,87f63c0590d05baea263cdc42c6e1df2d063fa2def309ecb0283f3036bf33d46,1787977909.8296561,36493.701,18246908,0,0.9584569931030273,1.0416193008422852,1.1346988677978516,0.00057220458984375,-0.00324249267578125,0.00476837158203125,-0.0073261260986328125,-0.0024423599243164062,-0.15873050689697266,0.021978378295898438,-0.0073261260986328125,-0.0073261260986328125,-0.08058643341064453,-1.9897441864013672,5.75042724609375,-1.8485956192016602,0.10500621795654297,-0.11477375030517578,0.0,-2.301732050973691,7.5636445287087355,-1.7673847124888409,0.0013750506189294375,-0.005948618691930367
44,2,heldout,3,-1,-0.3490658503988659,1.8120887699988089,3,s,af3726fcacd0ac1320a56ea850b0a2c0f5430cf4eb20a45c078706980f08407e,d24fbe3839599a6a097188bae8cd47ce8083f27deef1341ae3086bf0d5a45bd1,87f63c0590d05baea263cdc42c6e1df2d063fa2def309ecb0283f3036bf33d46,87f63c0590d05baea263cdc42c6e1df2d063fa2def309ecb0283f3036bf33d46,1787977909.8315713,36493.703,18246909,0,0.9584569931030273,1.0416193008422852,1.1339359283447266,0.00057220458984375,-0.00324249267578125,0.00476837158203125,0.0073261260986328125,-0.0024423599243164062,-0.16849803924560547,0.0073261260986328125,-0.0073261260986328125,-0.0073261260986328125,-0.08058643341064453,-1.9897441864013672,5.8188018798828125,-1.8534793853759766,0.10500621795654297,-0.11477375030517578,0.0,-2.3041308847836155,7.566043362518659,-1.7677767437222804,0.0013637420807750093,-0.005948939442563571
44,2,heldout,3,-1,-0.3490658503988659,1.8140195810046862,3,s,af3726fcacd0ac1320a56ea850b0a2c0f5430cf4eb20a45c078706980f08407e,d24fbe3839599a6a097188bae8cd47ce8083f27deef1341ae3086bf0d5a45bd1,87f63c0590d05baea263cdc42c6e1df2d063fa2def309ecb0283f3036bf33d46,87f63c0590d05baea263cdc42c6e1df2d063fa2def309ecb0283f3036bf33d46,1787977909.8334734,36493.705,18246910,0,0.9584569931030273,1.0416193008422852,1.1331729888916016,0.00057220458984375,-0.00324249267578125,0.00476837158203125,-0.0073261260986328125,-0.0024423599243164062,-0.17338180541992188,0.0073261260986328125,-0.0073261260986328125,-0.0073261260986328125,-0.08058643341064453,-2.00341796875,5.723075866699219,-1.8583641052246094,0.10500621795654297,-0.11477375030517578,0.0,-2.30652531457689,7.568437792311934,-1.7681677459742768,0.0013524327488182537,-0.005949256730458446
44,2,heldout,3,-1,-0.3490658503988659,1.8158989010044024,3,s,af3726fcacd0ac1320a56ea850b0a2c0f5430cf4eb20a45c078706980f08407e,d24fbe3839599a6a097188bae8cd47ce8083f27deef1341ae3086bf0d5a45bd1,87f63c0590d05baea263cdc42c6e1df2d063fa2def309ecb0283f3036bf33d46,87f63c0590d05baea263cdc42c6e1df2d063fa2def309ecb0283f3036bf33d46,1787977909.8353434,36493.706999999995,18246911,0,0.9584569931030273,1.0416193008422852,1.1324100494384766,0.00057220458984375,-0.00324249267578125,0.00476837158203125,-0.0073261260986328125,-0.0024423599243164062,-0.17338180541992188,-0.0073261260986328125,-0.0073261260986328125,-0.0073261260986328125,-0.08058643341064453,-2.00341796875,5.764102935791016,-1.8534793853759766,0.10988998413085938,-0.11477375030517578,0.0,-2.308915338959768,7.570827816694813,-1.7685577190172368,0.0013411226296420693,-0.005949570555430304
44,2,heldout,3,-1,-0.3490658503988659,1.8177684440015582,3,s,af3726fcacd0ac1320a56ea850b0a2c0f5430cf4eb20a45c078706980f08407e,d24fbe3839599a6a097188bae8cd47ce8083f27deef1341ae3086bf0d5a45bd1,87f63c0590d05baea263cdc42c6e1df2d063fa2def309ecb0283f3036bf33d46,87f63c0590d05baea263cdc42c6e1df2d063fa2def309ecb0283f3036bf33d46,1787977909.8372574,36493.708999999995,18246912,0,0.9584569931030273,1.0416193008422852,1.1316471099853516,0.00057220458984375,-0.00324249267578125,0.00476837158203125,-0.0073261260986328125,-0.0073261260986328125,-0.1782665252685547,-0.0073261260986328125,-0.0073261260986328125,-0.0073261260986328125,-0.07570171356201172,-2.00341796875,5.8051300048828125,-1.8534793853759766,0.10988998413085938,-0.11477375030517578,0.0,-2.31130095654108,7.5732134342761235,-1.768946662624167,0.0013298117298298079,-0.0059498809172964726
44,2,heldout,3,-1,-0.3490658503988659,1.8196933650033316,3,s,af3726fcacd0ac1320a56ea850b0a2c0f5430cf4eb20a45c078706980f08407e,d24fbe3839599a6a097188bae8cd47ce8083f27deef1341ae3086bf0d5a45bd1,87f63c0590d05baea263cdc42c6e1df2d063fa2def309ecb0283f3036bf33d46,87f63c0590d05baea263cdc42c6e1df2d063fa2def309ecb0283f3036bf33d46,1787977909.8397412,36493.710999999996,18246913,0,0.9584569931030273,1.0416193008422852,1.131265640258789,0.00057220458984375,-0.00324249267578125,0.00476837158203125,-0.0073261260986328125,-0.0073261260986328125,-0.1782665252685547,-0.021978378295898438,-0.0073261260986328125,-0.0073261260986328125,-0.07570171356201172,-2.00341796875,5.75042724609375,-1.8437118530273438,0.10988998413085938,-0.11477375030517578,0.0,-2.312492112347105,7.574404590082149,-1.769140748318349,0.0013241559892425705,-0.005950034799508394
44,2,heldout,3,-1,-0.3490658503988659,1.8221792219992494,3,s,af3726fcacd0ac1320a56ea850b0a2c0f5430cf4eb20a45c078706980f08407e,d24fbe3839599a6a097188bae8cd47ce8083f27deef1341ae3086bf0d5a45bd1,87f63c0590d05baea263cdc42c6e1df2d063fa2def309ecb0283f3036bf33d46,87f63c0590d05baea263cdc42c6e1df2d063fa2def309ecb0283f3036bf33d46,1787977909.8416758,36493.712999999996,18246914,0,0.9584569931030273,1.0416193008422852,1.130502700805664,0.00057220458984375,-0.00324249267578125,0.00476837158203125,0.0073261260986328125,-0.0073261260986328125,-0.17338180541992188,-0.0073261260986328125,-0.021978378295898438,-0.0073261260986328125,-0.07570171356201172,-2.00341796875,5.75042724609375,-1.8339433670043945,0.10988998413085938,-0.10988998413085938,0.0,-2.314871117123213,7.576783594858257,-1.7695281473469306,0.0013128439308209847,-0.005950339966377937
44,2,heldout,3,-1,-0.3490658503988659,1.8241081570013193,3,s,af3726fcacd0ac1320a56ea850b0a2c0f5430cf4eb20a45c078706980f08407e,d24fbe3839599a6a097188bae8cd47ce8083f27deef1341ae3086bf0d5a45bd1,87f63c0590d05baea263cdc42c6e1df2d063fa2def309ecb0283f3036bf33d46,87f63c0590d05baea263cdc42c6e1df2d063fa2def309ecb0283f3036bf33d46,1787977909.843609,36493.715,18246915,0,0.9584569931030273,1.0416193008422852,1.129739761352539,0.00057220458984375,-0.00324249267578125,0.00476837158203125,-0.0073261260986328125,-0.0073261260986328125,-0.17338180541992188,-0.0073261260986328125,0.0073261260986328125,-0.0073261260986328125,-0.07570171356201172,-2.00341796875,5.8188018798828125,-1.8241758346557617,0.10500621795654297,-0.10988998413085938,0.0,-2.3172457116310317,7.579158189366075,-1.7699145163746184,0.0013015311082236907,-0.005950641669693937
44,2,heldout,3,-1,-0.3490658503988659,1.8260440029989695,3,s,af3726fcacd0ac1320a56ea850b0a2c0f5430cf4eb20a45c078706980f08407e,d24fbe3839599a6a097188bae8cd47ce8083f27deef1341ae3086bf0d5a45bd1,87f63c0590d05baea263cdc42c6e1df2d063fa2def309ecb0283f3036bf33d46,87f63c0590d05baea263cdc42c6e1df2d063fa2def309ecb0283f3036bf33d46,1787977909.8456168,36493.717,18246916,0,0.9584569931030273,1.0416193008422852,1.128976821899414,0.00019073486328125,-0.00324249267578125,0.00476837158203125,-0.021978378295898438,-0.0024423599243164062,-0.1782665252685547,-0.021978378295898438,-0.0073261260986328125,-0.0073261260986328125,-0.08058643341064453,-2.00341796875,5.859828948974609,-1.8192920684814453,0.10500621795654297,-0.10988998413085938,0.0,-2.319423353879676,7.58133583161472,-1.7701073145678239,0.0012958744124169253,-0.005950791222464402
44,2,heldout,3,-1,-0.3490658503988659,1.8280596360054915,3,s,af3726fcacd0ac1320a56ea850b0a2c0f5430cf4eb20a45c078706980f08407e,d24fbe3839599a6a097188bae8cd47ce8083f27deef1341ae3086bf0d5a45bd1,87f63c0590d05baea263cdc42c6e1df2d063fa2def309ecb0283f3036bf33d46,87f63c0590d05baea263cdc42c6e1df2d063fa2def309ecb0283f3036bf33d46,1787977909.8475351,36493.719,18246917,0,0.9584569931030273,1.0416193008422852,1.128213882446289,0.00019073486328125,-0.00324249267578125,0.00476837158203125,-0.0073261260986328125,-0.0024423599243164062,-0.1831502914428711,-0.03663063049316406,-0.0073261260986328125,-0.0073261260986328125,-0.07570171356201172,-2.00341796875,5.8188018798828125,-1.8046398162841797,0.10500621795654297,-0.11477375030517578,0.0,-2.3217896389599395,7.583702116694983,-1.7704921381726773,0.0012845604559029516,-0.00595108773012144
44,2,heldout,3,-1,-0.3490658503988659,1.8299696910034982,3,s,af3726fcacd0ac1320a56ea850b0a2c0f5430cf4eb20a45c078706980f08407e,d24fbe3839599a6a097188bae8cd47ce8083f27deef1341ae3086bf0d5a45bd1,87f63c0590d05baea263cdc42c6e1df2d063fa2def309ecb0283f3036bf33d46,87f63c0590d05baea263cdc42c6e1df2d063fa2def309ecb0283f3036bf33d46,1787977909.8494613,36493.721,18246918,0,0.9584569931030273,1.0416193008422852,1.127450942993164,0.00019073486328125,-0.00324249267578125,0.00476837158203125,-0.021978378295898438,-0.0024423599243164062,-0.1831502914428711,-0.0659332275390625,-0.0073261260986328125,-0.0073261260986328125,-0.08058643341064453,-2.00341796875,5.846153259277344,-1.789987564086914,0.10500621795654297,-0.10988998413085938,0.0,-2.3241515097448064,7.586063987479851,-1.7708759312155213,0.0012732457516764183,-0.005951380773789682
44,2,heldout,3,-1,-0.3490658503988659,1.8318866879999405,3,s,af3726fcacd0ac1320a56ea850b0a2c0f5430cf4eb20a45c078706980f08407e,d24fbe3839599a6a097188bae8cd47ce8083f27deef1341ae3086bf0d5a45bd1,87f63c0590d05baea263cdc42c6e1df2d063fa2def309ecb0283f3036bf33d46,87f63c0590d05baea263cdc42c6e1df2d063fa2def309ecb0283f3036bf33d46,1787977909.8513517,36493.723,18246919,0,0.9584569931030273,1.0416193008422852,1.1270694732666016,-0.00019073486328125,-0.00324249267578125,0.00476837158203125,0.0073261260986328125,-0.0024423599243164062,-0.1880340576171875,-0.08058547973632812,-0.0073261260986328125,-0.0073261260986328125,-0.08058643341064453,-2.00341796875,5.859828948974609,-1.7753353118896484,0.10500621795654297,-0.10988998413085938,0.0,-2.3251392793559096,7.587051757090953,-1.770875931215521,0.0012732457516764178,-0.005951380773789681
44,2,heldout,3,-1,-0.3490658503988659,1.833800787004293,3,s,af3726fcacd0ac1320a56ea850b0a2c0f5430cf4eb20a45c078706980f08407e,d24fbe3839599a6a097188bae8cd47ce8083f27deef1341ae3086bf0d5a45bd1,87f63c0590d05baea263cdc42c6e1df2d063fa2def309ecb0283f3036bf33d46,87f63c0590d05baea263cdc42c6e1df2d063fa2def309ecb0283f3036bf33d46,1787977909.8532472,36493.725,18246920,0,0.9584569931030273,1.0416193008422852,1.1263065338134766,-0.00019073486328125,-0.00324249267578125,0.00476837158203125,-0.0073261260986328125,-0.0024423599243164062,-0.1831502914428711,-0.08058547973632812,-0.03663063049316406,-0.0073261260986328125,-0.08058643341064453,-2.00341796875,5.8188018798828125,-1.7606840133666992,0.10500621795654297,-0.10988998413085938,0.0,-2.32749504159704,7.589407519332084,-1.7712586934729568,0.0012619303063233517,-0.005951670353298549
44,2,heldout,3,-1,-0.3490658503988659,1.8356731630046852,3,s,af3726fcacd0ac1320a56ea850b0a2c0f5430cf4eb20a45c078706980f08407e,d24fbe3839599a6a097188bae8cd47ce8083f27deef1341ae3086bf0d5a45bd1,87f63c0590d05baea263cdc42c6e1df2d063fa2def309ecb0283f3036bf33d46,87f63c0590d05baea263cdc42c6e1df2d063fa2def309ecb0283f3036bf33d46,1787977909.8557115,36493.727,18246921,0,0.9584569931030273,1.0416193008422852,1.1255435943603516,-0.00019073486328125,-0.00324249267578125,0.00476837158203125,-0.021978378295898438,-0.0024423599243164062,-0.17338180541992188,-0.0659332275390625,0.0073261260986328125,-0.0073261260986328125,-0.08058643341064453,-2.0170936584472656,5.75042724609375,-1.75091552734375,0.10500621795654297,-0.11477375030517578,0.0,-2.3298463862217935,7.591758863956837,-1.7716404247221893,0.0012506141264302063,-0.005951956468479488
44,2,heldout,3,-1,-0.3490658503988659,1.8381395320029696,3,s,af3726fcacd0ac1320a56ea850b0a2c0f5430cf4eb20a45c078706980f08407e,d24fbe3839599a6a097188bae8cd47ce8083f27deef1341ae3086bf0d5a45bd1,87f63c0590d05baea263cdc42c6e1df2d063fa2def309ecb0283f3036bf33d46,87f63c0590d05baea263cdc42c6e1df2d063fa2def309ecb0283f3036bf33d46,1787977909.8575988,36493.729,18246922,0,0.9584569931030273,1.0416193008422852,1.1247806549072266,-0.00019073486328125,-0.00324249267578125,0.00476837158203125,-0.0073261260986328125,-0.0024423599243164062,-0.16849803924560547,-0.05128288269042969,-0.021978378295898438,-0.0073261260986328125,-0.08058643341064453,-2.0170936584472656,5.764102935791016,-1.7460317611694336,0.10500621795654297,-0.10988998413085938,0.0,-2.3321933118615017,7.594105789596545,-1.7720211247410205,0.001239297218583868,-0.005952239119165957
44,2,heldout,3,-1,-0.3490658503988659,1.8400298350024968,3,s,af3726fcacd0ac1320a56ea850b0a2c0f5430cf4eb20a45c078706980f08407e,d24fbe3839599a6a097188bae8cd47ce8083f27deef1341ae3086bf0d5a45bd1,87f63c0590d05baea263cdc42c6e1df2d063fa2def309ecb0283f3036bf33d46,87f63c0590d05baea263cdc42c6e1df2d063fa2def309ecb0283f3036bf33d46,1787977909.8595138,36493.731,18246923,0,0.9584569931030273,1.0416193008422852,1.124399185180664,-0.00019073486328125,-0.00324249267578125,0.00476837158203125,-0.0073261260986328125,-0.0024423599243164062,-0.16849803924560547,-0.03663063049316406,-0.0073261260986328125,-0.0073261260986328125,-0.08058643341064453,-2.0307693481445312,5.791454315185547,-1.7460317611694336,0.10500621795654297,-0.10988998413085938,0.0,-2.3333651171349588,7.595277594870004,-1.7722110879697626,0.001233638493736769,-0.005952379145272271
44,2,heldout,3,-1,-0.3490658503988659,1.8419485980048194,3,s,af3726fcacd0ac1320a56ea850b0a2c0f5430cf4eb20a45c078706980f08407e,d24fbe3839599a6a097188bae8cd47ce8083f27deef1341ae3086bf0d5a45bd1,87f63c0590d05baea263cdc42c6e1df2d063fa2def309ecb0283f3036bf33d46,87f63c0590d05baea263cdc42c6e1df2d063fa2def309ecb0283f3036bf33d46,1787977909.8619874,36493.733,18246924,0,0.9584569931030273,1.0416193008422852,1.123636245727539,-0.00019073486328125,-0.00324249267578125,0.00476837158203125,-0.0073261260986328125,-0.0024423599243164062,-0.16849803924560547,-0.021978378295898438,-0.0073261260986328125,-0.0073261260986328125,-0.08058643341064453,-2.0307693481445312,5.777778625488281,-1.75091552734375,0.10012245178222656,-0.10988998413085938,0.0,-2.335705411736488,7.597617889471533,-1.7725902407276868,0.0012223205063119705,-0.005952656598909181
44,2,heldout,3,-1,-0.3490658503988659,1.8444186500055366,3,s,af3726fcacd0ac1320a56ea850b0a2c0f5430cf4eb20a45c078706980f08407e,d24fbe3839599a6a097188bae8cd47ce8083f27deef1341ae3086bf0d5a45bd1,87f63c0590d05baea263cdc42c6e1df2d063fa2def309ecb0283f3036bf33d46,87f63c0590d05baea263cdc42c6e1df2d063fa2def309ecb0283f3036bf33d46,1787977909.8633275,36493.735,18246925,0,0.9584569931030273,1.0416193008422852,1.122873306274414,-0.00019073486328125,-0.00324249267578125,0.00476837158203125,-0.021978378295898438,-0.0024423599243164062,-0.17338180541992188,-0.0073261260986328125,-0.021978378295898438,-0.0073261260986328125,-0.08058643341064453,-2.0307693481445312,5.873504638671875,-1.7557992935180664,0.10012245178222656,-0.10988998413085938,0.0,-2.3380412839425744,7.599953761677619,-1.7729683617023437,0.0012110018074030274,-0.005952930587644087
44,2,heldout,3,-1,-0.3490658503988659,1.845756380003877,3,s,af3726fcacd0ac1320a56ea850b0a2c0f5430cf4eb20a45c078706980f08407e,d24fbe3839599a6a097188bae8cd47ce8083f27deef1341ae3086bf0d5a45bd1,87f63c0590d05baea263cdc42c6e1df2d063fa2def309ecb0283f3036bf33d46,87f63c0590d05baea263cdc42c6e1df2d063fa2def309ecb0283f3036bf33d46,1787977909.865788,36493.737,18246926,0,0.9584569931030273,1.0416193008422852,1.122110366821289,-0.00019073486328125,-0.00324249267578125,0.00476837158203125,-0.0073261260986328125,-0.0024423599243164062,-0.1782665252685547,-0.0073261260986328125,-0.0073261260986328125,-0.0073261260986328125,-0.07570171356201172,-2.0307693481445312,5.777778625488281,-1.7655677795410156,0.10012245178222656,-0.10988998413085938,0.0,-2.340372732393558,7.602285210128601,-1.7733454506736384,0.0011996824035982977,-0.005953201111317513
44,2,heldout,3,-1,-0.3490658503988659,1.8482167520051007,3,s,af3726fcacd0ac1320a56ea850b0a2c0f5430cf4eb20a45c078706980f08407e,d24fbe3839599a6a097188bae8cd47ce8083f27deef1341ae3086bf0d5a45bd1,87f63c0590d05baea263cdc42c6e1df2d063fa2def309ecb0283f3036bf33d46,87f63c0590d05baea263cdc42c6e1df2d063fa2def309ecb0283f3036bf33d46,1787977909.8677442,36493.739,18246927,0,0.9584569931030273,1.0416193008422852,1.121347427368164,-0.00019073486328125,-0.00324249267578125,0.00476837158203125,-0.0073261260986328125,-0.0024423599243164062,-0.17338180541992188,0.0073261260986328125,-0.0073261260986328125,-0.0073261260986328125,-0.08058643341064453,-2.0307693481445312,5.75042724609375,-1.7753353118896484,0.10500621795654297,-0.10988998413085938,0.0,-2.342699755732362,7.604612233467406,-1.7737215074220767,0.0011883623014865316,-0.00595346816977199
44,2,heldout,3,-1,-0.3490658503988659,1.8501761080042343,3,s,af3726fcacd0ac1320a56ea850b0a2c0f5430cf4eb20a45c078706980f08407e,d24fbe3839599a6a097188bae8cd47ce8083f27deef1341ae3086bf0d5a45bd1,87f63c0590d05baea263cdc42c6e1df2d063fa2def309ecb0283f3036bf33d46,87f63c0590d05baea263cdc42c6e1df2d063fa2def309ecb0283f3036bf33d46,1787977909.8696568,36493.741,18246928,0,0.9584569931030273,1.0416193008422852,1.1209659576416016,-0.00019073486328125,-0.00324249267578125,0.00476837158203125,-0.0073261260986328125,-0.0024423599243164062,-0.17338180541992188,0.0073261260986328125,-0.0073261260986328125,-0.0073261260986328125,-0.07570171356201172,-2.044445037841797,5.75042724609375,-1.7851037979125977,0.10500621795654297,-0.11477375030517578,0.0,-2.3438616075613097,7.605774085296354,-1.7739091486442964,0.001182701990624614,-0.005953600399493468
44,2,heldout,3,-1,-0.3490658503988659,1.8520868720006547,3,s,af3726fcacd0ac1320a56ea850b0a2c0f5430cf4eb20a45c078706980f08407e,d24fbe3839599a6a097188bae8cd47ce8083f27deef1341ae3086bf0d5a45bd1,87f63c0590d05baea263cdc42c6e1df2d063fa2def309ecb0283f3036bf33d46,87f63c0590d05baea263cdc42c6e1df2d063fa2def309ecb0283f3036bf33d46,1787977909.8715787,36493.742999999995,18246929,0,0.9584569931030273,1.0416193008422852,1.1202030181884766,-0.00019073486328125,-0.00324249267578125,0.00476837158203125,-0.021978378295898438,-0.0024423599243164062,-0.16849803924560547,0.0073261260986328125,-0.0073261260986328125,-0.0073261260986328125,-0.07570171356201172,-2.0307693481445312,5.641025543212891,-1.7948713302612305,0.10500621795654297,-0.11477375030517578,0.0,-2.3461819906929446,7.608094468427988,-1.7742836566482112,0.0011713808534071155,-0.0059538622598286845
44,2,heldout,3,-1,-0.3490658503988659,1.8540310930038686,3,s,af3726fcacd0ac1320a56ea850b0a2c0f5430cf4eb20a45c078706980f08407e,d24fbe3839599a6a097188bae8cd47ce8083f27deef1341ae3086bf0d5a45bd1,87f63c0590d05baea263cdc42c6e1df2d063fa2def309ecb0283f3036bf33d46,87f63c0590d05baea263cdc42c6e1df2d063fa2def309ecb0283f3036bf33d46,1787977909.8735235,36493.744999999995,18246930,0,0.9584569931030273,1.0416193008422852,1.1194400787353516,0.00019073486328125,-0.00324249267578125,0.00476837158203125,-0.0073261260986328125,-0.0024423599243164062,-0.15384578704833984,0.0073261260986328125,-0.0073261260986328125,-0.0073261260986328125,-0.08058643341064453,-2.044445037841797,5.613674163818359,-1.8046398162841797,0.10500621795654297,-0.11477375030517578,0.0,-2.3486842955921197,7.610596773327163,-1.7748434821443169,0.0011543978712027247,-0.005954248552277331
44,2,heldout,3,-1,-0.3490658503988659,1.855954885999381,3,s,af3726fcacd0ac1320a56ea850b0a2c0f5430cf4eb20a45c078706980f08407e,d24fbe3839599a6a097188bae8cd47ce8083f27deef1341ae3086bf0d5a45bd1,87f63c0590d05baea263cdc42c6e1df2d063fa2def309ecb0283f3036bf33d46,87f63c0590d05baea263cdc42c6e1df2d063fa2def309ecb0283f3036bf33d46,1787977909.8754125,36493.746999999996,18246931,0,0.9584569931030273,1.0416193008422852,1.119058609008789,0.00019073486328125,-0.00324249267578125,0.00476837158203125,-0.0073261260986328125,-0.0024423599243164062,-0.15384578704833984,0.021978378295898438,-0.0073261260986328125,-0.0073261260986328125,-0.08058643341064453,-2.044445037841797,5.641025543212891,-1.8144073486328125,0.10500621795654297,-0.11477375030517578,0.0,-2.3498403535309396,7.611752831265983,-1.7750295741317572,0.0011487365400621981,-0.005954375583537355
44,2,heldout,3,-1,-0.3490658503988659,1.857843136000156,3,s,af3726fcacd0ac1320a56ea850b0a2c0f5430cf4eb20a45c078706980f08407e,d24fbe3839599a6a097188bae8cd47ce8083f27deef1341ae3086bf0d5a45bd1,87f63c0590d05baea263cdc42c6e1df2d063fa2def309ecb0283f3036bf33d46,87f63c0590d05baea263cdc42c6e1df2d063fa2def309ecb0283f3036bf33d46,1787977909.877572,36493.748999999996,18246932,0,0.9584569931030273,1.0416193008422852,1.118295669555664,0.00019073486328125,-0.00324249267578125,0.00476837158203125,-0.0073261260986328125,-0.0024423599243164062,-0.15873050689697266,0.021978378295898438,-0.0073261260986328125,-0.0073261260986328125,-0.08058643341064453,-2.0307693481445312,5.572650909423828,-1.8241758346557617,0.10500621795654297,-0.10988998413085938,0.0,-2.352149146273091,7.614061624008135,-1.775400983177207,0.0011374133771155034,-0.005954627046612016
44,2,heldout,3,-1,-0.3490658503988659,1.8600040360033745,3,s,af3726fcacd0ac1320a56ea850b0a2c0f5430cf4eb20a45c078706980f08407e,d24fbe3839599a6a097188bae8cd47ce8083f27deef1341ae3086bf0d5a45bd1,87f63c0590d05baea263cdc42c6e1df2d063fa2def309ecb0283f3036bf33d46,87f63c0590d05baea263cdc42c6e1df2d063fa2def309ecb0283f3036bf33d46,1787977909.8795114,36493.751,18246933,0,0.9584569931030273,1.0416193008422852,1.117532730102539,0.00019073486328125,-0.00324249267578125,0.00476837158203125,-0.0073261260986328125,-0.0024423599243164062,-0.16849803924560547,0.05128288269042969,-0.0073261260986328125,-0.0073261260986328125,-0.08058643341064453,-2.044445037841797,5.723075866699219,-1.8339433670043945,0.10500621795654297,-0.10988998413085938,0.0,-2.354453507048284,7.616365984783328,-1.7757713588033222,0.001126089552107119,-0.00595487504363772
44,2,heldout,3,-1,-0.3490658503988659,1.8619439239992062,3,s,af3726fcacd0ac1320a56ea850b0a2c0f5430cf4eb20a45c078706980f08407e,d24fbe3839599a6a097188bae8cd47ce8083f27deef1341ae3086bf0d5a45bd1,87f63c0590d05baea263cdc42c6e1df2d063fa2def309ecb0283f3036bf33d46,87f63c0590d05baea263cdc42c6e1df2d063fa2def309ecb0283f3036bf33d46,1787977909.8814502,36493.753,18246934,0,0.9584569931030273,1.0416193008422852,1.116769790649414,0.00019073486328125,-0.00324249267578125,0.00476837158203125,-0.021978378295898438,-0.0024423599243164062,-0.1831502914428711,-0.0073261260986328125,-0.0073261260986328125,-0.0073261260986328125,-0.08058643341064453,-2.044445037841797,5.832477569580078,-1.8437118530273438,0.10500621795654297,-0.11477375030517578,0.0,-2.3567534345152077,7.618665912250251,-1.7761407007945162,0.0011147650716283794,-0.005955119574470119
44,2,heldout,3,-1,-0.3490658503988659,1.863883933001489,3,s,af3726fcacd0ac1320a56ea850b0a2c0f5430cf4eb20a45c078706980f08407e,d24fbe3839599a6a097188bae8cd47ce8083f27deef1341ae3086bf0d5a45bd1,87f63c0590d05baea263cdc42c6e1df2d063fa2def309ecb0283f3036bf33d46,87f63c0590d05baea263cdc42c6e1df2d063fa2def309ecb0283f3036bf33d46,1787977909.8839371,36493.755,18246935,0,0.9584569931030273,1.0416193008422852,1.116006851196289,0.00057220458984375,-0.00324249267578125,0.00476837158203125,-0.0073261260986328125,-0.0024423599243164062,-0.1880340576171875,0.021978378295898438,-0.0073261260986328125,-0.0073261260986328125,-0.08058643341064453,-2.044445037841797,5.900856018066406,-1.8437118530273438,0.10500621795654297,-0.11477375030517578,0.0,-2.3592326936450365,7.621145171380081,-1.7766927752457158,0.0010977771363228314,-0.005955479871295468
44,2,heldout,3,-1,-0.3490658503988659,1.8663665920030326,3,s,af3726fcacd0ac1320a56ea850b0a2c0f5430cf4eb20a45c078706980f08407e,d24fbe3839599a6a097188bae8cd47ce8083f27deef1341ae3086bf0d5a45bd1,87f63c0590d05baea263cdc42c6e1df2d063fa2def309ecb0283f3036bf33d46,87f63c0590d05baea263cdc42c6e1df2d063fa2def309ecb0283f3036bf33d46,1787977909.8858552,36493.757,18246936,0,0.9584569931030273,1.0416193008422852,1.115243911743164,0.00019073486328125,-0.00324249267578125,0.00476837158203125,-0.021978378295898438,-0.0024423599243164062,-0.1929178237915039,0.021978378295898438,0.0073261260986328125,-0.0073261260986328125,-0.08058643341064453,-2.044445037841797,5.914531707763672,-1.8485956192016602,0.10500621795654297,-0.11477375030517578,0.0,-2.361339984171885,7.6232524619069295,-1.776876283012803,0.0010921141706270677,-0.005955598236987682
44,2,heldout,3,-1,-0.3490658503988659,1.8682844450013363,3,s,af3726fcacd0ac1320a56ea850b0a2c0f5430cf4eb20a45c078706980f08407e,d24fbe3839599a6a097188bae8cd47ce8083f27deef1341ae3086bf0d5a45bd1,87f63c0590d05baea263cdc42c6e1df2d063fa2def309ecb0283f3036bf33d46,87f63c0590d05baea263cdc42c6e1df2d063fa2def309ecb0283f3036bf33d46,1787977909.8877926,36493.759,18246937,0,0.9584569931030273,1.0416193008422852,1.114480972290039,0.00019073486328125,-0.00324249267578125,0.00476837158203125,-0.0073261260986328125,-0.0024423599243164062,-0.1929178237915039,-0.0073261260986328125,-0.0073261260986328125,-0.0073261260986328125,-0.08058643341064453,-2.0307693481445312,5.887180328369141,-1.8485956192016602,0.10500621795654297,-0.11477375030517578,0.0,-2.3636266036919156,7.625539081426959,-1.7772425228117297,0.0010807877632890556,-0.005955832368394223
44,2,heldout,3,-1,-0.3490658503988659,1.8702239850026672,3,s,af3726fcacd0ac1320a56ea850b0a2c0f5430cf4eb20a45c078706980f08407e,d24fbe3839599a6a097188bae8cd47ce8083f27deef1341ae3086bf0d5a45bd1,87f63c0590d05baea263cdc42c6e1df2d063fa2def309ecb0283f3036bf33d46,87f63c0590d05baea263cdc42c6e1df2d063fa2def309ecb0283f3036bf33d46,1787977909.8897061,36493.761,18246938,0,0.9584569931030273,1.0416193008422852,1.113718032836914,0.00019073486328125,-0.00324249267578125,0.00476837158203125,-0.0073261260986328125,-0.0024423599243164062,-0.1880340576171875,-0.0073261260986328125,-0.0073261260986328125,-0.0073261260986328125,-0.08058643341064453,-2.044445037841797,5.832477569580078,-1.8437118530273438,0.10500621795654297,-0.10988998413085938,0.0,-2.3659087845642337,7.627821262299278,-1.7776077281194063,0.0010694607268497967,-0.005956063033050225
44,2,heldout,3,-1,-0.3490658503988659,1.8721360130002722,3,s,af3726fcacd0ac1320a56ea850b0a2c0f5430cf4eb20a45c078706980f08407e,d24fbe3839599a6a097188bae8cd47ce8083f27deef1341ae3086bf0d5a45bd1,87f63c0590d05baea263cdc42c6e1df2d063fa2def309ecb0283f3036bf33d46,87f63c0590d05baea263cdc42c6e1df2d063fa2def309ecb0283f3036bf33d46,1787977909.89173,36493.763,18246939,0,0.9584569931030273,1.0416193008422852,1.1133365631103516,0.00019073486328125,-0.00324249267578125,0.00476837158203125,0.0073261260986328125,-0.0024423599243164062,-0.1831502914428711,-0.03663063049316406,-0.0073261260986328125,-0.0073261260986328125,-0.07570171356201172,-2.044445037841797,5.8051300048828125,-1.8339433670043945,0.10500621795654297,-0.10988998413085938,0.0,-2.3670482100922716,7.628960687827316,-1.7777899427725707,0.0010637969747775609,-0.0059561770653047364
44,2,heldout,3,-1,-0.3490658503988659,1.8742150149992085,3,s,af3726fcacd0ac1320a56ea850b0a2c0f5430cf4eb20a45c078706980f08407e,d24fbe3839599a6a097188bae8cd47ce8083f27deef1341ae3086bf0d5a45bd1,87f63c0590d05baea263cdc42c6e1df2d063fa2def309ecb0283f3036bf33d46,87f63c0590d05baea263cdc42c6e1df2d063fa2def309ecb0283f3036bf33d46,1787977909.893728,36493.765,18246940,0,0.9584569931030273,1.0416193008422852,1.1125736236572266,0.00019073486328125,-0.00324249267578125,0.00476837158203125,-0.0073261260986328125,-0.0024423599243164062,-0.1782665252685547,-0.03663063049316406,-0.03663063049316406,-0.0073261260986328125,-0.07570171356201172,-2.0581188201904297,5.736751556396484,-1.8192920684814453,0.10500621795654297,-0.10988998413085938,0.0,-2.3693237305030643,7.631236208238108,-1.7781535959449755,0.0010524690070488002,-0.00595640252958381
44,2,heldout,3,-1,-0.3490658503988659,1.876162710999779,3,s,af3726fcacd0ac1320a56ea850b0a2c0f5430cf4eb20a45c078706980f08407e,d24fbe3839599a6a097188bae8cd47ce8083f27deef1341ae3086bf0d5a45bd1,87f63c0590d05baea263cdc42c6e1df2d063fa2def309ecb0283f3036bf33d46,87f63c0590d05baea263cdc42c6e1df2d063fa2def309ecb0283f3036bf33d46,1787977909.8957083,36493.767,18246941,0,0.9584569931030273,1.0416193008422852,1.1118106842041016,-0.00019073486328125,-0.00324249267578125,0.00476837158203125,-0.0073261260986328125,-0.0024423599243164062,-0.1880340576171875,-0.05128288269042969,-0.0073261260986328125,-0.0073261260986328125,-0.07570171356201172,-2.0717945098876953,5.887180328369141,-1.8046398162841797,0.10500621795654297,-0.10988998413085938,0.0,-2.3714136292654566,7.633326107000499,-1.7783350344112965,0.0010468047930407148,-0.005956513961575562
44,2,heldout,3,-1,-0.3490658503988659,1.8781441899991478,3,s,af3726fcacd0ac1320a56ea850b0a2c0f5430cf4eb20a45c078706980f08407e,d24fbe3839599a6a097188bae8cd47ce8083f27deef1341ae3086bf0d5a45bd1,87f63c0590d05baea263cdc42c6e1df2d063fa2def309ecb0283f3036bf33d46,87f63c0590d05baea263cdc42c6e1df2d063fa2def309ecb0283f3036bf33d46,1787977909.897665,36493.769,18246942,0,0.9584569931030273,1.0416193008422852,1.1110477447509766,-0.00019073486328125,-0.00324249267578125,0.00476837158203125,-0.0073261260986328125,-0.0024423599243164062,-0.19780254364013672,-0.0659332275390625,0.0073261260986328125,-0.0073261260986328125,-0.07570171356201172,-2.0717945098876953,5.846153259277344,-1.789987564086914,0.10500621795654297,-0.10988998413085938,0.0,-2.373680782069209,7.635593259804254,-1.7786971349721634,0.0010354759088583786,-0.005956734225182425
44,2,heldout,3,-1,-0.3490658503988659,1.8800964420006494,3,s,af3726fcacd0ac1320a56ea850b0a2c0f5430cf4eb20a45c078706980f08407e,d24fbe3839599a6a097188bae8cd47ce8083f27deef1341ae3086bf0d5a45bd1,87f63c0590d05baea263cdc42c6e1df2d063fa2def309ecb0283f3036bf33d46,87f63c0590d05baea263cdc42c6e1df2d063fa2def309ecb0283f3036bf33d46,1787977909.8996136,36493.771,18246943,0,0.9584569931030273,1.0416193008422852,1.109903335571289,-0.00019073486328125,-0.00324249267578125,0.00476837158203125,0.0073261260986328125,-0.0024423599243164062,-0.20268630981445312,-0.05128288269042969,-0.0073261260986328125,-0.0073261260986328125,-0.07570171356201172,-2.0581188201904297,5.887180328369141,-1.770451545715332,0.10500621795654297,-0.10988998413085938,0.0,-2.377073177425624,7.638985655160668,-1.7792383444891124,0.0010184814545339165,-0.005957058119411659
44,2,heldout,3,-1,-0.3490658503988659,1.8820466160032083,3,s,af3726fcacd0ac1320a56ea850b0a2c0f5430cf4eb20a45c078706980f08407e,d24fbe3839599a6a097188bae8cd47ce8083f27deef1341ae3086bf0d5a45bd1,87f63c0590d05baea263cdc42c6e1df2d063fa2def309ecb0283f3036bf33d46,87f63c0590d05baea263cdc42c6e1df2d063fa2def309ecb0283f3036bf33d46,1787977909.901566,36493.773,18246944,0,0.9584569931030273,1.0416193008422852,1.109140396118164,-0.00057220458984375,-0.00324249267578125,0.00476837158203125,0.0073261260986328125,-0.0024423599243164062,-0.20757007598876953,-0.0659332275390625,-0.021978378295898438,-0.0073261260986328125,-0.08058643341064453,-2.0717945098876953,5.914531707763672,-1.7606840133666992,0.10500621795654297,-0.10988998413085938,0.0,-2.3791495900692916,7.641062067804335,-1.7794182298698897,0.001012816338909508,-0.005957164350443484
44,2,heldout,3,-1,-0.3490658503988659,1.8840069790021516,3,s,af3726fcacd0ac1320a56ea850b0a2c0f5430cf4eb20a45c078706980f08407e,d24fbe3839599a6a097188bae8cd47ce8083f27deef1341ae3086bf0d5a45bd1,87f63c0590d05baea263cdc42c6e1df2d063fa2def309ecb0283f3036bf33d46,87f63c0590d05baea263cdc42c6e1df2d063fa2def309ecb0283f3036bf33d46,1787977909.9035213,36493.775,18246945,0,0.9584569931030273,1.0416193008422852,1.108377456665039,-0.00057220458984375,-0.00324249267578125,0.00476837158203125,-0.0073261260986328125,-0.0024423599243164062,-0.20268630981445312,-0.0659332275390625,-0.0073261260986328125,-0.0073261260986328125,-0.08058643341064453,-2.0717945098876953,5.873504638671875,-1.75091552734375,0.10500621795654297,-0.10988998413085938,0.0,-2.381401699323701,7.643314177058746,-1.7797772237870157,0.0010014856663325762,-0.0059573742118473145
44,2,heldout,3,-1,-0.3490658503988659,1.8859533310023835,3,s,af3726fcacd0ac1320a56ea850b0a2c0f5430cf4eb20a45c078706980f08407e,d24fbe3839599a6a097188bae8cd47ce8083f27deef1341ae3086bf0d5a45bd1,87f63c0590d05baea263cdc42c6e1df2d063fa2def309ecb0283f3036bf33d46,87f63c0590d05baea263cdc42c6e1df2d063fa2def309ecb0283f3036bf33d46,1787977909.905466,36493.777,18246946,0,0.9584569931030273,1.0416193008422852,1.107614517211914,-0.00057220458984375,-0.00324249267578125,0.00476837158203125,-0.0073261260986328125,-0.0024423599243164062,-0.19780254364013672,-0.05128288269042969,-0.0073261260986328125,-0.0073261260986328125,-0.08058643341064453,-2.0581188201904297,5.914531707763672,-1.7460317611694336,0.10012245178222656,-0.11477375030517578,0.0,-2.383649359583933,7.645561837318977,-1.7801351817375015,0.0009901544108142926,-0.0059575806056031315
44,2,heldout,3,-1,-0.3490658503988659,1.8878991210003733,3,s,af3726fcacd0ac1320a56ea850b0a2c0f5430cf4eb20a45c078706980f08407e,d24fbe3839599a6a097188bae8cd47ce8083f27deef1341ae3086bf0d5a45bd1,87f63c0590d05baea263cdc42c6e1df2d063fa2def309ecb0283f3036bf33d46,87f63c0590d05baea263cdc42c6e1df2d063fa2def309ecb0283f3036bf33d46,1787977909.9080439,36493.778999999995,18246947,0,0.9584569931030273,1.0416193008422852,1.1072330474853516,-0.00057220458984375,-0.00324249267578125,0.00476837158203125,0.0073261260986328125,-0.0024423599243164062,-0.1880340576171875,-0.021978378295898438,0.0073261260986328125,-0.0073261260986328125,-0.07570171356201172,-2.0581188201904297,5.8188018798828125,-1.7411479949951172,0.10012245178222656,-0.11477375030517578,0.0,-2.384771520932279,7.6466839986673225,-1.7803137721601177,0.000984488566513273,-0.005957682502075415
44,2,heldout,3,-1,-0.3490658503988659,1.8904787460051011,3,s,af3726fcacd0ac1320a56ea850b0a2c0f5430cf4eb20a45c078706980f08407e,d24fbe3839599a6a097188bae8cd47ce8083f27deef1341ae3086bf0d5a45bd1,87f63c0590d05baea263cdc42c6e1df2d063fa2def309ecb0283f3036bf33d46,87f63c0590d05baea263cdc42c6e1df2d063fa2def309ecb0283f3036bf33d46,1787977909.9094276,36493.780999999995,18246948,0,0.9584569931030273,1.0416193008422852,1.1064701080322266,-0.00057220458984375,-0.00324249267578125,0.00476837158203125,-0.021978378295898438,-0.0024423599243164062,-0.1782665252685547,-0.021978378295898438,-0.021978378295898438,-0.0073261260986328125,-0.08058643341064453,-2.085470199584961,5.846153259277344,-1.7460317611694336,0.10012245178222656,-0.11477375030517578,0.0,-2.3870125052489626,7.648924982984007,-1.780670175770157,0.0009731564489499257,-0.005957883694134589
44,2,heldout,3,-1,-0.3490658503988659,1.8918597340016277,3,s,af3726fcacd0ac1320a56ea850b0a2c0f5430cf4eb20a45c078706980f08407e,d24fbe3839599a6a097188bae8cd47ce8083f27deef1341ae3086bf0d5a45bd1,87f63c0590d05baea263cdc42c6e1df2d063fa2def309ecb0283f3036bf33d46,87f63c0590d05baea263cdc42c6e1df2d063fa2def309ecb0283f3036bf33d46,1787977909.9119644,36493.782999999996,18246949,0,0.9584569931030273,1.0416193008422852,1.1057071685791016,-0.00057220458984375,-0.00324249267578125,0.00476837158203125,-0.0073261260986328125,-0.0024423599243164062,-0.1831502914428711,-0.021978378295898438,-0.0073261260986328125,-0.0073261260986328125,-0.08058643341064453,-2.085470199584961,5.9418792724609375,-1.75091552734375,0.10500621795654297,-0.10988998413085938,0.0,-2.3892490373055417,7.651161515040586,-1.781025542893788,0.0009618237649350012,-0.005958081418249193
44,2,heldout,3,-1,-0.3490658503988659,1.8944292810047045,3,s,af3726fcacd0ac1320a56ea850b0a2c0f5430cf4eb20a45c078706980f08407e,d24fbe3839599a6a097188bae8cd47ce8083f27deef1341ae3086bf0d5a45bd1,87f63c0590d05baea263cdc42c6e1df2d063fa2def309ecb0283f3036bf33d46,87f63c0590d05baea263cdc42c6e1df2d063fa2def309ecb0283f3036bf33d46,1787977909.9134169,36493.784999999996,18246950,0,0.9584569931030273,1.0416193008422852,1.1049442291259766,-0.00057220458984375,-0.00324249267578125,0.00476837158203125,0.0073261260986328125,-0.0024423599243164062,-0.1831502914428711,0.0073261260986328125,-0.0073261260986328125,-0.0073261260986328125,-0.07570171356201172,-2.085470199584961,5.969230651855469,-1.7557992935180664,0.10500621795654297,-0.10988998413085938,0.0,-2.3914811158001883,7.653393593535232,-1.7813798733241608,0.0009504905210649874,-0.005958275674304135
44,2,heldout,3,-1,-0.3490658503988659,1.8958538440056145,3,s,af3726fcacd0ac1320a56ea850b0a2c0f5430cf4eb20a45c078706980f08407e,d24fbe3839599a6a097188bae8cd47ce8083f27deef1341ae3086bf0d5a45bd1,87f63c0590d05baea263cdc42c6e1df2d063fa2def309ecb0283f3036bf33d46,87f63c0590d05baea263cdc42c6e1df2d063fa2def309ecb0283f3036bf33d46,1787977909.9153557,36493.787,18246951,0,0.9584569931030273,1.0416193008422852,1.1041812896728516,-0.00057220458984375,-0.00324249267578125,0.00476837158203125,-0.0073261260986328125,-0.0024423599243164062,-0.1831502914428711,0.021978378295898438,-0.0073261260986328125,-0.0073261260986328125,-0.08058643341064453,-2.085470199584961,5.99658203125,-1.7655677795410156,0.10500621795654297,-0.10988998413085938,0.0,-2.393708739433659,7.6556212171687035,-1.7817331668550276,0.0009391567239367015,-0.005958466462186346
44,2,heldout,3,-1,-0.3490658503988659,1.8977919460012345,3,s,af3726fcacd0ac1320a56ea850b0a2c0f5430cf4eb20a45c078706980f08407e,d24fbe3839599a6a097188bae8cd47ce8083f27deef1341ae3086bf0d5a45bd1,87f63c0590d05baea263cdc42c6e1df2d063fa2def309ecb0283f3036bf33d46,87f63c0590d05baea263cdc42c6e1df2d063fa2def309ecb0283f3036bf33d46,1787977909.9173064,36493.789,18246952,0,0.9584569931030273,1.0416193008422852,1.1034183502197266,-0.00019073486328125,-0.00324249267578125,0.00476837158203125,-0.0073261260986328125,-0.0024423599243164062,-0.1880340576171875,0.021978378295898438,-0.0073261260986328125,-0.0073261260986328125,-0.08058643341064453,-2.0991458892822266,5.955554962158203,-1.7802200317382812,0.10500621795654297,-0.10988998413085938,0.0,-2.396107646143635,7.6580201238786785,-1.7822611625150733,0.0009221550053163329,-0.00595874614094341
44,2,heldout,3,-1,-0.3490658503988659,1.8997496990050422,3,s,af3726fcacd0ac1320a56ea850b0a2c0f5430cf4eb20a45c078706980f08407e,d24fbe3839599a6a097188bae8cd47ce8083f27deef1341ae3086bf0d5a45bd1,87f63c0590d05baea263cdc42c6e1df2d063fa2def309ecb0283f3036bf33d46,87f63c0590d05baea263cdc42c6e1df2d063fa2def309ecb0283f3036bf33d46,1787977909.9193702,36493.791,18246953,0,0.9584569931030273,1.0416193008422852,1.1026554107666016,-0.00019073486328125,-0.00324249267578125,0.00476837158203125,-0.0073261260986328125,-0.0024423599243164062,-0.1880340576171875,0.0073261260986328125,0.0073261260986328125,-0.0073261260986328125,-0.08058643341064453,-2.085470199584961,5.928203582763672,-1.7948713302612305,0.10500621795654297,-0.11477375030517578,0.0,-2.3983258374356127,7.660238315170656,-1.7826118628988048,0.000910819853905536,-0.005958928257912349
44,2,heldout,3,-1,-0.3490658503988659,1.901808588001586,3,s,af3726fcacd0ac1320a56ea850b0a2c0f5430cf4eb20a45c078706980f08407e,d24fbe3839599a6a097188bae8cd47ce8083f27deef1341ae3086bf0d5a45bd1,87f63c0590d05baea263cdc42c6e1df2d063fa2def309ecb0283f3036bf33d46,87f63c0590d05baea263cdc42c6e1df2d063fa2def309ecb0283f3036bf33d46,1787977909.9213061,36493.793,18246954,0,0.9584569931030273,1.0416193008422852,1.1018924713134766,-0.00019073486328125,-0.00324249267578125,0.00476837158203125,-0.0073261260986328125,-0.0024423599243164062,-0.1880340576171875,0.03663063049316406,-0.0073261260986328125,-0.0073261260986328125,-0.08058643341064453,-2.0991458892822266,5.982906341552734,-1.8046398162841797,0.10500621795654297,-0.11477375030517578,0.0,-2.4005395698822585,7.662452047617302,-1.7829615256659168,0.0008994841723278349,-0.005959106906328699
44,2,heldout,3,-1,-0.3490658503988659,1.9037395100021968,3,s,af3726fcacd0ac1320a56ea850b0a2c0f5430cf4eb20a45c078706980f08407e,d24fbe3839599a6a097188bae8cd47ce8083f27deef1341ae3086bf0d5a45bd1,87f63c0590d05baea263cdc42c6e1df2d063fa2def309ecb0283f3036bf33d46,87f63c0590d05baea263cdc42c6e1df2d063fa2def309ecb0283f3036bf33d46,1787977909.9233809,36493.795,18246955,0,0.9584569931030273,1.0416193008422852,1.1011295318603516,0.00019073486328125,-0.00324249267578125,0.00476837158203125,-0.0073261260986328125,-0.0024423599243164062,-0.1880340576171875,0.03663063049316406,-0.0073261260986328125,-0.0073261260986328125,-0.08058643341064453,-2.0991458892822266,5.969230651855469,-1.8192920684814453,0.10500621795654297,-0.10988998413085938,0.0,-2.4029227654225065,7.664835243157551,-1.7834840738403688,0.0008824796703320536,-0.0059593683751902075
44,2,heldout,3,-1,-0.3490658503988659,1.905819337000139,3,s,af3726fcacd0ac1320a56ea850b0a2c0f5430cf4eb20a45c078706980f08407e,d24fbe3839599a6a097188bae8cd47ce8083f27deef1341ae3086bf0d5a45bd1,87f63c0590d05baea263cdc42c6e1df2d063fa2def309ecb0283f3036bf33d46,87f63c0590d05baea263cdc42c6e1df2d063fa2def309ecb0283f3036bf33d46,1787977909.9259195,36493.797,18246956,0,0.9584569931030273,1.0416193008422852,1.1003665924072266,0.00019073486328125,-0.00324249267578125,0.00476837158203125,-0.0073261260986328125,-0.0024423599243164062,-0.1929178237915039,0.05128288269042969,-0.0073261260986328125,-0.0073261260986328125,-0.07570171356201172,-2.0991458892822266,5.955554962158203,-1.8388280868530273,0.10500621795654297,-0.11477375030517578,0.0,-2.4051270572279626,7.667039534963006,-1.7838311416768107,0.0008711426922050302,-0.005959538351774566
44,2,heldout,3,-1,-0.3490658503988659,1.908353236001858,3,s,af3726fcacd0ac1320a56ea850b0a2c0f5430cf4eb20a45c078706980f08407e,d24fbe3839599a6a097188bae8cd47ce8083f27deef1341ae3086bf0d5a45bd1,87f63c0590d05baea263cdc42c6e1df2d063fa2def309ecb0283f3036bf33d46,87f63c0590d05baea263cdc42c6e1df2d063fa2def309ecb0283f3036bf33d46,1787977909.9272673,36493.799,18246957,0,0.9584569931030273,1.0416193008422852,1.0996036529541016,0.00019073486328125,-0.00324249267578125,0.00476837158203125,-0.021978378295898438,-0.0024423599243164062,-0.1929178237915039,0.021978378295898438,-0.0073261260986328125,-0.0073261260986328125,-0.07570171356201172,-2.0991458892822266,6.010257720947266,-1.8485956192016602,0.10500621795654297,-0.10988998413085938,0.0,-2.4073268862292614,7.669239363964305,-1.7841771711869203,0.0008598052070062463,-0.0059597048594512165
44,2,heldout,3,-1,-0.3490658503988659,1.9096928530052537,3,s,af3726fcacd0ac1320a56ea850b0a2c0f5430cf4eb20a45c078706980f08407e,d24fbe3839599a6a097188bae8cd47ce8083f27deef1341ae3086bf0d5a45bd1,87f63c0590d05baea263cdc42c6e1df2d063fa2def309ecb0283f3036bf33d46,87f63c0590d05baea263cdc42c6e1df2d063fa2def309ecb0283f3036bf33d46,1787977909.9293125,36493.801,18246958,0,0.9584569931030273,1.0416193008422852,1.0988407135009766,0.00019073486328125,-0.00324249267578125,0.00476837158203125,-0.0073261260986328125,-0.0024423599243164062,-0.19780254364013672,0.03663063049316406,-0.021978378295898438,-0.0073261260986328125,-0.08058643341064453,-2.1128196716308594,6.010257720947266,-1.8534793853759766,0.10500621795654297,-0.10988998413085938,0.0,-2.4095222511459355,7.67143472888098,-1.7845221621692844,0.0008484672213349848,-0.005959867898123242
44,2,heldout,3,-1,-0.3490658503988659,1.911750605002453,3,s,af3726fcacd0ac1320a56ea850b0a2c0f5430cf4eb20a45c078706980f08407e,d24fbe3839599a6a097188bae8cd47ce8083f27deef1341ae3086bf0d5a45bd1,87f63c0590d05baea263cdc42c6e1df2d063fa2def309ecb0283f3036bf33d46,87f63c0590d05baea263cdc42c6e1df2d063fa2def309ecb0283f3036bf33d46,1787977909.9318457,36493.803,18246959,0,0.9584569931030273,1.0416193008422852,1.0980777740478516,0.00019073486328125,-0.00324249267578125,0.00476837158203125,-0.0073261260986328125,-0.0024423599243164062,-0.20268630981445312,0.0073261260986328125,-0.0073261260986328125,-0.0073261260986328125,-0.07570171356201172,-2.0991458892822266,6.037605285644531,-1.8583641052246094,0.10500621795654297,-0.10988998413085938,0.0,-2.4117131507001095,7.673625628435152,-1.784866114423088,0.0008371287417908257,-0.005960027467695735
44,2,heldout,3,-1,-0.3490658503988659,1.914318891998846,3,s,af3726fcacd0ac1320a56ea850b0a2c0f5430cf4eb20a45c078706980f08407e,d24fbe3839599a6a097188bae8cd47ce8083f27deef1341ae3086bf0d5a45bd1,87f63c0590d05baea263cdc42c6e1df2d063fa2def309ecb0283f3036bf33d46,87f63c0590d05baea263cdc42c6e1df2d063fa2def309ecb0283f3036bf33d46,1787977909.933866,36493.805,18246960,0,0.9584569931030273,1.0416193008422852,1.0973148345947266,0.00019073486328125,-0.00324249267578125,0.00476837158203125,-0.0073261260986328125,-0.0024423599243164062,-0.20268630981445312,0.0073261260986328125,-0.021978378295898438,-0.0073261260986328125,-0.08058643341064453,-2.0991458892822266,6.037605285644531,-1.8583641052246094,0.10500621795654297,-0.10988998413085938,0.0,-2.4138995836165136,7.675812061351556,-1.7852090277481267,0.0008257897749736309,-0.005960183568075819
44,2,heldout,3,-1,-0.3490658503988659,1.9163001740016625,3,s,af3726fcacd0ac1320a56ea850b0a2c0f5430cf4eb20a45c078706980f08407e,d24fbe3839599a6a097188bae8cd47ce8083f27deef1341ae3086bf0d5a45bd1,87f63c0590d05baea263cdc42c6e1df2d063fa2def309ecb0283f3036bf33d46,87f63c0590d05baea263cdc42c6e1df2d063fa2def309ecb0283f3036bf33d46,1787977909.9358354,36493.807,18246961,0,0.9584569931030273,1.0416193008422852,1.0965518951416016,0.00019073486328125,-0.00324249267578125,0.00476837158203125,-0.021978378295898438,-0.0024423599243164062,-0.20757007598876953,-0.0073261260986328125,0.0073261260986328125,-0.0073261260986328125,-0.08058643341064453,-2.0991458892822266,6.119659423828125,-1.8534793853759766,0.10500621795654297,-0.10988998413085938,0.0,-2.4160815486224814,7.677994026357525,-1.785550901944799,0.0008144503274835458,-0.005960336199172632
44,2,heldout,3,-1,-0.3490658503988659,1.9182710850000149,3,s,af3726fcacd0ac1320a56ea850b0a2c0f5430cf4eb20a45c078706980f08407e,d24fbe3839599a6a097188bae8cd47ce8083f27deef1341ae3086bf0d5a45bd1,87f63c0590d05baea263cdc42c6e1df2d063fa2def309ecb0283f3036bf33d46,87f63c0590d05baea263cdc42c6e1df2d063fa2def309ecb0283f3036bf33d46,1787977909.9378345,36493.809,18246962,0,0.9584569931030273,1.0416193008422852,1.095407485961914,0.00019073486328125,-0.00324249267578125,0.00476837158203125,-0.0073261260986328125,-0.0024423599243164062,-0.20757007598876953,-0.0073261260986328125,-0.021978378295898438,-0.0073261260986328125,-0.08058643341064453,-2.0991458892822266,6.037605285644531,-1.8437118530273438,0.10500621795654297,-0.10988998413085938,0.0,-2.4193461160217846,7.681258593756828,-1.786061764438979,0.0007974402694252642,-0.005960558640717922
44,2,heldout,3,-1,-0.3490658503988659,1.920271135000803,3,s,af3726fcacd0ac1320a56ea850b0a2c0f5430cf4eb20a45c078706980f08407e,d24fbe3839599a6a097188bae8cd47ce8083f27deef1341ae3086bf0d5a45bd1,87f63c0590d05baea263cdc42c6e1df2d063fa2def309ecb0283f3036bf33d46,87f63c0590d05baea263cdc42c6e1df2d063fa2def309ecb0283f3036bf33d46,1787977909.9398062,36493.811,18246963,0,0.9584569931030273,1.0416193008422852,1.094644546508789,0.00019073486328125,-0.00324249267578125,0.00476837158203125,-0.0073261260986328125,-0.0024423599243164062,-0.20757007598876953,0.0073261260986328125,-0.0073261260986328125,-0.0073261260986328125,-0.08058643341064453,-2.0991458892822266,6.174358367919922,-1.8339433670043945,0.10500621795654297,-0.10988998413085938,0.0,-2.421516905700782,7.683429383435826,-1.7864010399454444,0.0007860996491304265,-0.00596070259822228
44,2,heldout,3,-1,-0.3490658503988659,1.9222406660046545,3,s,af3726fcacd0ac1320a56ea850b0a2c0f5430cf4eb20a45c078706980f08407e,d24fbe3839599a6a097188bae8cd47ce8083f27deef1341ae3086bf0d5a45bd1,87f63c0590d05baea263cdc42c6e1df2d063fa2def309ecb0283f3036bf33d46,87f63c0590d05baea263cdc42c6e1df2d063fa2def309ecb0283f3036bf33d46,1787977909.9417253,36493.813,18246964,0,0.9584569931030273,1.0416193008422852,1.093881607055664,-0.00019073486328125,-0.00324249267578125,0.00476837158203125,-0.0073261260986328125,-0.0024423599243164062,-0.21245384216308594,-0.021978378295898438,-0.0073261260986328125,-0.0073261260986328125,-0.07570171356201172,-2.1128196716308594,6.092308044433594,-1.8241758346557617,0.10500621795654297,-0.10988998413085938,0.0,-2.4235142351834393,7.685426712918482,-1.7865702877776677,0.0007804291669816066,-0.005960773275885096
44,2,heldout,3,-1,-0.3490658503988659,1.9241583870025352,3,s,af3726fcacd0ac1320a56ea850b0a2c0f5430cf4eb20a45c078706980f08407e,d24fbe3839599a6a097188bae8cd47ce8083f27deef1341ae3086bf0d5a45bd1,87f63c0590d05baea263cdc42c6e1df2d063fa2def309ecb0283f3036bf33d46,87f63c0590d05baea263cdc42c6e1df2d063fa2def309ecb0283f3036bf33d46,1787977909.9436817,36493.814999999995,18246965,0,0.9584569931030273,1.0416193008422852,1.0931177139282227,-0.00019073486328125,-0.00324249267578125,0.00476837158203125,-0.0073261260986328125,-0.0024423599243164062,-0.20757007598876953,-0.03663063049316406,-0.0073261260986328125,-0.0073261260986328125,-0.07570171356201172,-2.126495361328125,6.133335113525391,-1.8144073486328125,0.10500621795654297,-0.10988998413085938,0.0,-2.4256792991017204,7.687591776836763,-1.7869084249707312,0.0007690736858952398,-0.005960912200250689
44,2,heldout,3,-1,-0.3490658503988659,1.9261118409995106,3,s,af3726fcacd0ac1320a56ea850b0a2c0f5430cf4eb20a45c078706980f08407e,d24fbe3839599a6a097188bae8cd47ce8083f27deef1341ae3086bf0d5a45bd1,87f63c0590d05baea263cdc42c6e1df2d063fa2def309ecb0283f3036bf33d46,87f63c0590d05baea263cdc42c6e1df2d063fa2def309ecb0283f3036bf33d46,1787977909.9456441,36493.816999999995,18246966,0,0.9584569931030273,1.0416193008422852,1.0923547744750977,-0.00019073486328125,-0.00324249267578125,0.00476837158203125,-0.0073261260986328125,-0.0024423599243164062,-0.20268630981445312,-0.021978378295898438,-0.021978378295898438,-0.0073261260986328125,-0.07570171356201172,-2.1128196716308594,6.133335113525391,-1.8046398162841797,0.10500621795654297,-0.10988998413085938,0.0,-2.4278371825054523,7.689749660240496,-1.787245099252445,0.000757731933497121,-0.005961047479301699
44,2,heldout,3,-1,-0.3490658503988659,1.9280774860017118,3,s,af3726fcacd0ac1320a56ea850b0a2c0f5430cf4eb20a45c078706980f08407e,d24fbe3839599a6a097188bae8cd47ce8083f27deef1341ae3086bf0d5a45bd1,87f63c0590d05baea263cdc42c6e1df2d063fa2def309ecb0283f3036bf33d46,87f63c0590d05baea263cdc42c6e1df2d063fa2def309ecb0283f3036bf33d46,1787977909.947585,36493.818999999996,18246967,0,0.9584569931030273,1.0416193008422852,1.0915918350219727,-0.00019073486328125,-0.00324249267578125,0.00476837158203125,-0.0073261260986328125,-0.0024423599243164062,-0.20268630981445312,-0.03663063049316406,-0.0073261260986328125,-0.0073261260986328125,-0.07570171356201172,-2.1128196716308594,6.0649566650390625,-1.7997560501098633,0.10500621795654297,-0.10988998413085938,0.0,-2.429990589885993,7.691903067621038,-1.7875807332206421,0.0007463897400409884,-0.005961179288566573
44,2,heldout,3,-1,-0.3490658503988659,1.930019216000801,3,s,af3726fcacd0ac1320a56ea850b0a2c0f5430cf4eb20a45c078706980f08407e,d24fbe3839599a6a097188bae8cd47ce8083f27deef1341ae3086bf0d5a45bd1,87f63c0590d05baea263cdc42c6e1df2d063fa2def309ecb0283f3036bf33d46,87f63c0590d05baea263cdc42c6e1df2d063fa2def309ecb0283f3036bf33d46,1787977909.9494874,36493.820999999996,18246968,0,0.9584569931030273,1.0416193008422852,1.0908288955688477,-0.00019073486328125,-0.00324249267578125,0.00476837158203125,-0.0073261260986328125,-0.0024423599243164062,-0.19780254364013672,-0.021978378295898438,-0.0073261260986328125,-0.0073261260986328125,-0.07570171356201172,-2.126495361328125,6.078632354736328,-1.7948713302612305,0.10500621795654297,-0.10988998413085938,0.0,-2.4321395199898945,7.694051997724939,-1.7879153266799586,0.0007350471121288732,-0.005961307627968586
44,2,heldout,3,-1,-0.3490658503988659,1.9319195310017676,3,s,af3726fcacd0ac1320a56ea850b0a2c0f5430cf4eb20a45c078706980f08407e,d24fbe3839599a6a097188bae8cd47ce8083f27deef1341ae3086bf0d5a45bd1,87f63c0590d05baea263cdc42c6e1df2d063fa2def309ecb0283f3036bf33d46,87f63c0590d05baea263cdc42c6e1df2d063fa2def309ecb0283f3036bf33d46,1787977909.9514055,36493.823,18246969,0,0.9584569931030273,1.0416193008422852,1.0900659561157227,-0.00019073486328125,-0.00324249267578125,0.00476837158203125,-0.0073261260986328125,-0.0024423599243164062,-0.19780254364013672,-0.021978378295898438,-0.0073261260986328125,-0.0073261260986328125,-0.07570171356201172,-2.126495361328125,6.037605285644531,-1.7948713302612305,0.10500621795654297,-0.10988998413085938,0.0,-2.4342839715663174,7.696196449301361,-1.7882488794356337,0.0007237040563630439,-0.005961432497433038
44,2,heldout,3,-1,-0.3490658503988659,1.9338635520034586,3,s,af3726fcacd0ac1320a56ea850b0a2c0f5430cf4eb20a45c078706980f08407e,d24fbe3839599a6a097188bae8cd47ce8083f27deef1341ae3086bf0d5a45bd1,87f63c0590d05baea263cdc42c6e1df2d063fa2def309ecb0283f3036bf33d46,87f63c0590d05baea263cdc42c6e1df2d063fa2def309ecb0283f3036bf33d46,1787977909.9533858,36493.825,18246970,0,0.9584569931030273,1.0416193008422852,1.0893030166625977,-0.00019073486328125,-0.00324249267578125,0.00476837158203125,-0.0073261260986328125,-0.0024423599243164062,-0.1929178237915039,0.021978378295898438,-0.021978378295898438,-0.0073261260986328125,-0.07570171356201172,-2.126495361328125,6.160682678222656,-1.7948713302612305,0.10500621795654297,-0.10988998413085938,0.0,-2.4364239433670263,7.69833642110207,-1.7885813912935165,0.0007123605793460312,-0.005961553896887247
44,2,heldout,3,-1,-0.3490658503988659,1.9358189230042626,3,s,af3726fcacd0ac1320a56ea850b0a2c0f5430cf4eb20a45c078706980f08407e,d24fbe3839599a6a097188bae8cd47ce8083f27deef1341ae3086bf0d5a45bd1,87f63c0590d05baea263cdc42c6e1df2d063fa2def309ecb0283f3036bf33d46,87f63c0590d05baea263cdc42c6e1df2d063fa2def309ecb0283f3036bf33d46,1787977909.9554005,36493.827,18246971,0,0.9584569931030273,1.0416193008422852,1.0885400772094727,-0.00019073486328125,-0.00324249267578125,0.00476837158203125,-0.0073261260986328125,-0.0024423599243164062,-0.19780254364013672,0.021978378295898438,0.0073261260986328125,-0.0073261260986328125,-0.07570171356201172,-2.1401710510253906,6.037605285644531,-1.8046398162841797,0.10500621795654297,-0.10988998413085938,0.0,-2.43855943414639,7.700471911881435,-1.788912862060058,0.0007010166876806104,-0.005961671826260546
44,2,heldout,3,-1,-0.3490658503988659,1.9378330930048833,3,s,af3726fcacd0ac1320a56ea850b0a2c0f5430cf4eb20a45c078706980f08407e,d24fbe3839599a6a097188bae8cd47ce8083f27deef1341ae3086bf0d5a45bd1,87f63c0590d05baea263cdc42c6e1df2d063fa2def309ecb0283f3036bf33d46,87f63c0590d05baea263cdc42c6e1df2d063fa2def309ecb0283f3036bf33d46,1787977909.9573317,36493.829,18246972,0,0.9584569931030273,1.0416193008422852,1.0877771377563477,-0.00019073486328125,-0.00324249267578125,0.00476837158203125,-0.0073261260986328125,-0.0024423599243164062,-0.19780254364013672,0.0073261260986328125,-0.021978378295898438,-0.0073261260986328125,-0.08058643341064453,-2.126495361328125,6.010257720947266,-1.8144073486328125,0.10500621795654297,-0.10988998413085938,0.0,-2.4406904426613907,7.702602920396435,-1.7892432915423164,0.0006896723879697925,-0.00596178628548429
44,2,heldout,3,-1,-0.3490658503988659,1.9397641160030616,3,s,af3726fcacd0ac1320a56ea850b0a2c0f5430cf4eb20a45c078706980f08407e,d24fbe3839599a6a097188bae8cd47ce8083f27deef1341ae3086bf0d5a45bd1,87f63c0590d05baea263cdc42c6e1df2d063fa2def309ecb0283f3036bf33d46,87f63c0590d05baea263cdc42c6e1df2d063fa2def309ecb0283f3036bf33d46,1787977909.9598231,36493.831,18246973,0,0.9584569931030273,1.0416193008422852,1.0870141983032227,0.00019073486328125,-0.00324249267578125,0.00476837158203125,-0.0073261260986328125,-0.0024423599243164062,-0.1880340576171875,0.021978378295898438,-0.0073261260986328125,-0.0073261260986328125,-0.08058643341064453,-2.1401710510253906,5.982906341552734,-1.8241758346557617,0.10500621795654297,-0.10988998413085938,0.0,-2.442981271060775,7.704893748795819,-1.789736982937108,0.0006726551877631205,-0.005961951467644308
44,2,heldout,3,-1,-0.3490658503988659,1.942254382003739,3,s,af3726fcacd0ac1320a56ea850b0a2c0f5430cf4eb20a45c078706980f08407e,d24fbe3839599a6a097188bae8cd47ce8083f27deef1341ae3086bf0d5a45bd1,87f63c0590d05baea263cdc42c6e1df2d063fa2def309ecb0283f3036bf33d46,87f63c0590d05baea263cdc42c6e1df2d063fa2def309ecb0283f3036bf33d46,1787977909.96177,36493.833,18246974,0,0.9584569931030273,1.0416193008422852,1.0862512588500977,0.00019073486328125,-0.00324249267578125,0.00476837158203125,-0.021978378295898438,-0.0024423599243164062,-0.1782665252685547,0.021978378295898438,-0.0073261260986328125,-0.0073261260986328125,-0.07570171356201172,-2.126495361328125,5.914531707763672,-1.8339433670043945,0.10500621795654297,-0.10988998413085938,0.0,-2.4451027904225504,7.707015268157595,-1.790064808368521,0.0006613098968285454,-0.00596205725120711
44,2,heldout,3,-1,-0.3490658503988659,1.9442015470049228,3,s,af3726fcacd0ac1320a56ea850b0a2c0f5430cf4eb20a45c078706980f08407e,d24fbe3839599a6a097188bae8cd47ce8083f27deef1341ae3086bf0d5a45bd1,87f63c0590d05baea263cdc42c6e1df2d063fa2def309ecb0283f3036bf33d46,87f63c0590d05baea263cdc42c6e1df2d063fa2def309ecb0283f3036bf33d46,1787977909.9636939,36493.835,18246975,0,0.9584569931030273,1.0416193008422852,1.0854883193969727,0.00019073486328125,-0.00324249267578125,0.00476837158203125,0.0073261260986328125,-0.0024423599243164062,-0.17338180541992188,0.03663063049316406,-0.021978378295898438,-0.0073261260986328125,-0.07570171356201172,-2.1401710510253906,5.928203582763672,-1.8437118530273438,0.10500621795654297,-0.10988998413085938,0.0,-2.44721982371123,7.709132301446274,-1.7903915918451299,0.0006499642209609651,-0.00596215956439601
44,2,heldout,3,-1,-0.3490658503988659,1.9461260820025927,3,s,af3726fcacd0ac1320a56ea850b0a2c0f5430cf4eb20a45c078706980f08407e,d24fbe3839599a6a097188bae8cd47ce8083f27deef1341ae3086bf0d5a45bd1,87f63c0590d05baea263cdc42c6e1df2d063fa2def309ecb0283f3036bf33d46,87f63c0590d05baea263cdc42c6e1df2d063fa2def309ecb0283f3036bf33d46,1787977909.9656096,36493.837,18246976,0,0.9584569931030273,1.0416193008422852,1.0847253799438477,0.00057220458984375,-0.00324249267578125,0.00476837158203125,-0.0073261260986328125,-0.0024423599243164062,-0.17338180541992188,0.0659332275390625,0.0073261260986328125,-0.0073261260986328125,-0.07570171356201172,-2.1538467407226562,6.010257720947266,-1.8583641052246094,0.10500621795654297,-0.11477375030517578,0.0,-2.44949484949668,7.711407327231724,-1.790879812978863,0.0006329449998566356,-0.005962306527098577
44,2,heldout,3,-1,-0.3490658503988659,1.94804149200354,3,s,af3726fcacd0ac1320a56ea850b0a2c0f5430cf4eb20a45c078706980f08407e,d24fbe3839599a6a097188bae8cd47ce8083f27deef1341ae3086bf0d5a45bd1,87f63c0590d05baea263cdc42c6e1df2d063fa2def309ecb0283f3036bf33d46,87f63c0590d05baea263cdc42c6e1df2d063fa2def309ecb0283f3036bf33d46,1787977909.9674978,36493.839,18246977,0,0.9584569931030273,1.0416193008422852,1.0839624404907227,0.00057220458984375,-0.00362396240234375,0.00476837158203125,-0.0073261260986328125,-0.0024423599243164062,-0.1782665252685547,0.05128288269042969,-0.03663063049316406,-0.0073261260986328125,-0.08058643341064453,-2.1538467407226562,6.105983734130859,-1.8779001235961914,0.10500621795654297,-0.11477375030517578,0.0,-2.4515966519806915,7.713509129715734,-1.7911982570115723,0.0006348184178996427,-0.005963032096053734
44,2,heldout,3,-1,-0.3490658503988659,1.9499286810023477,3,s,af3726fcacd0ac1320a56ea850b0a2c0f5430cf4eb20a45c078706980f08407e,d24fbe3839599a6a097188bae8cd47ce8083f27deef1341ae3086bf0d5a45bd1,87f63c0590d05baea263cdc42c6e1df2d063fa2def309ecb0283f3036bf33d46,87f63c0590d05baea263cdc42c6e1df2d063fa2def309ecb0283f3036bf33d46,1787977909.969474,36493.841,18246978,0,0.9584569931030273,1.0416193008422852,1.0831995010375977,0.00095367431640625,-0.00324249267578125,0.00476837158203125,-0.0073261260986328125,-0.0024423599243164062,-0.1929178237915039,0.08058547973632812,-0.0073261260986328125,-0.0073261260986328125,-0.08058643341064453,-2.1538467407226562,6.215385437011719,-1.8925514221191406,0.10500621795654297,-0.11477375030517578,0.0,-2.453866608590331,7.715779086325375,-1.7916883024083745,0.0006045778002449324,-0.005962534112251835
44,2,heldout,3,-1,-0.3490658503988659,1.9519054270058405,3,s,af3726fcacd0ac1320a56ea850b0a2c0f5430cf4eb20a45c078706980f08407e,d24fbe3839599a6a097188bae8cd47ce8083f27deef1341ae3086bf0d5a45bd1,87f63c0590d05baea263cdc42c6e1df2d063fa2def309ecb0283f3036bf33d46,87f63c0590d05baea263cdc42c6e1df2d063fa2def309ecb0283f3036bf33d46,1787977909.971367,36493.843,18246979,0,0.9584569931030273,1.0416193008422852,1.0824365615844727,0.00095367431640625,-0.00324249267578125,0.00476837158203125,-0.021978378295898438,-0.0024423599243164062,-0.19780254364013672,0.05128288269042969,-0.0073261260986328125,-0.0073261260986328125,-0.08058643341064453,-2.1538467407226562,6.174358367919922,-1.9072036743164062,0.10500621795654297,-0.10988998413085938,0.0,-2.4559646423901946,7.717877120125239,-1.7920098732699072,0.0005932302987774636,-0.005962619072718327
44,2,heldout,3,-1,-0.3490658503988659,1.9538401320023695,3,s,af3726fcacd0ac1320a56ea850b0a2c0f5430cf4eb20a45c078706980f08407e,d24fbe3839599a6a097188bae8cd47ce8083f27deef1341ae3086bf0d5a45bd1,87f63c0590d05baea263cdc42c6e1df2d063fa2def309ecb0283f3036bf33d46,87f63c0590d05baea263cdc42c6e1df2d063fa2def309ecb0283f3036bf33d46,1787977909.9733057,36493.845,18246980,0,0.9584569931030273,1.0416193008422852,1.0816736221313477,0.00095367431640625,-0.00324249267578125,0.00476837158203125,0.0073261260986328125,0.0024423599243164062,-0.20268630981445312,0.021978378295898438,-0.0073261260986328125,-0.0073261260986328125,-0.08058643341064453,-2.1538467407226562,6.160682678222656,-1.9120874404907227,0.10500621795654297,-0.10988998413085938,0.0,-2.4580581837945297,7.719970661529573,-1.792330401044458,0.0005818824520045305,-0.005962700562483893
44,2,heldout,3,-1,-0.3490658503988659,1.9557371830014745,3,s,af3726fcacd0ac1320a56ea850b0a2c0f5430cf4eb20a45c078706980f08407e,d24fbe3839599a6a097188bae8cd47ce8083f27deef1341ae3086bf0d5a45bd1,87f63c0590d05baea263cdc42c6e1df2d063fa2def309ecb0283f3036bf33d46,87f63c0590d05baea263cdc42c6e1df2d063fa2def309ecb0283f3036bf33d46,1787977909.9757948,36493.847,18246981,0,0.9584569931030273,1.0416193008422852,1.0809106826782227,0.00057220458984375,-0.00324249267578125,0.00476837158203125,-0.0073261260986328125,-0.0024423599243164062,-0.19780254364013672,0.0073261260986328125,0.0073261260986328125,-0.0073261260986328125,-0.07570171356201172,-2.1401710510253906,6.119659423828125,-1.9169721603393555,0.10500621795654297,-0.10988998413085938,0.0,-2.4599876197550707,7.721900097490114,-1.7924902737157895,0.0005762084011926706,-0.005962740005838931
44,2,heldout,3,-1,-0.3490658503988659,1.9582252170002903,3,s,af3726fcacd0ac1320a56ea850b0a2c0f5430cf4eb20a45c078706980f08407e,d24fbe3839599a6a097188bae8cd47ce8083f27deef1341ae3086bf0d5a45bd1,87f63c0590d05baea263cdc42c6e1df2d063fa2def309ecb0283f3036bf33d46,87f63c0590d05baea263cdc42c6e1df2d063fa2def309ecb0283f3036bf33d46,1787977909.977743,36493.849,18246982,0,0.9584569931030273,1.0416193008422852,1.0801477432250977,0.00057220458984375,-0.00324249267578125,0.00476837158203125,-0.0073261260986328125,-0.0024423599243164062,-0.1880340576171875,-0.021978378295898438,-0.021978378295898438,-0.0073261260986328125,-0.08058643341064453,-2.1538467407226562,6.105983734130859,-1.9120874404907227,0.10500621795654297,-0.10988998413085938,0.0,-2.4620726944681333,7.723985172203178,-1.79280923651024,0.00056486004884657,-0.005962816289464809
44,2,heldout,3,-1,-0.3490658503988659,1.9601719130005222,3,s,af3726fcacd0ac1320a56ea850b0a2c0f5430cf4eb20a45c078706980f08407e,d24fbe3839599a6a097188bae8cd47ce8083f27deef1341ae3086bf0d5a45bd1,87f63c0590d05baea263cdc42c6e1df2d063fa2def309ecb0283f3036bf33d46,87f63c0590d05baea263cdc42c6e1df2d063fa2def309ecb0283f3036bf33d46,1787977909.9796503,36493.850999999995,18246983,0,0.9584569931030273,1.0416193008422852,1.0793848037719727,0.00057220458984375,-0.00324249267578125,0.00476837158203125,-0.0073261260986328125,-0.0024423599243164062,-0.1880340576171875,-0.0073261260986328125,0.0073261260986328125,-0.0073261260986328125,-0.08058643341064453,-2.1538467407226562,6.215385437011719,-1.8974361419677734,0.10500621795654297,-0.10988998413085938,0.0,-2.4641532732303157,7.726065750965359,-1.7931271557524184,0.0005535113677086663,-0.005962889102274967
44,2,heldout,3,-1,-0.3490658503988659,1.9620824180019554,3,s,af3726fcacd0ac1320a56ea850b0a2c0f5430cf4eb20a45c078706980f08407e,d24fbe3839599a6a097188bae8cd47ce8083f27deef1341ae3086bf0d5a45bd1,87f63c0590d05baea263cdc42c6e1df2d063fa2def309ecb0283f3036bf33d46,87f63c0590d05baea263cdc42c6e1df2d063fa2def309ecb0283f3036bf33d46,1787977909.9815814,36493.852999999996,18246984,0,0.9584569931030273,1.0416193008422852,1.0786218643188477,0.00057220458984375,-0.00324249267578125,0.00476837158203125,-0.0073261260986328125,-0.0024423599243164062,-0.1880340576171875,-0.021978378295898438,-0.0073261260986328125,-0.0073261260986328125,-0.08058643341064453,-2.1538467407226562,6.24273681640625,-1.8876676559448242,0.10500621795654297,-0.10988998413085938,0.0,-2.466229354830561,7.728141832565606,-1.793444031257274,0.0005421623643847551,-0.005962958444227026
44,2,heldout,3,-1,-0.3490658503988659,1.9640121210031793,3,s,af3726fcacd0ac1320a56ea850b0a2c0f5430cf4eb20a45c078706980f08407e,d24fbe3839599a6a097188bae8cd47ce8083f27deef1341ae3086bf0d5a45bd1,87f63c0590d05baea263cdc42c6e1df2d063fa2def309ecb0283f3036bf33d46,87f63c0590d05baea263cdc42c6e1df2d063fa2def309ecb0283f3036bf33d46,1787977909.9835165,36493.854999999996,18246985,0,0.9584569931030273,1.0416193008422852,1.0778589248657227,0.00057220458984375,-0.00324249267578125,0.00476837158203125,-0.0073261260986328125,-0.0024423599243164062,-0.1929178237915039,-0.03663063049316406,-0.0073261260986328125,-0.0073261260986328125,-0.08058643341064453,-2.1538467407226562,6.229061126708984,-1.8730154037475586,0.10500621795654297,-0.10988998413085938,0.0,-2.46830093806043,7.730213415795474,-1.793759862840359,0.0005308130454808319,-0.005963024315280621
44,2,heldout,3,-1,-0.3490658503988659,1.9659486099990318,3,s,af3726fcacd0ac1320a56ea850b0a2c0f5430cf4eb20a45c078706980f08407e,d24fbe3839599a6a097188bae8cd47ce8083f27deef1341ae3086bf0d5a45bd1,87f63c0590d05baea263cdc42c6e1df2d063fa2def309ecb0283f3036bf33d46,87f63c0590d05baea263cdc42c6e1df2d063fa2def309ecb0283f3036bf33d46,1787977909.9854147,36493.856999999996,18246986,0,0.9584569931030273,1.0416193008422852,1.0770959854125977,0.00057220458984375,-0.00324249267578125,0.00476837158203125,-0.0073261260986328125,-0.0024423599243164062,-0.20268630981445312,-0.021978378295898438,0.0073261260986328125,-0.0073261260986328125,-0.08058643341064453,-2.1538467407226562,6.24273681640625,-1.8583641052246094,0.10500621795654297,-0.11477375030517578,0.0,-2.470368021714107,7.732280499449152,-1.7940746503178369,0.0005194634176030638,-0.005963086715397411
44,2,heldout,3,-1,-0.3490658503988659,1.9678464509997866,3,s,af3726fcacd0ac1320a56ea850b0a2c0f5430cf4eb20a45c078706980f08407e,d24fbe3839599a6a097188bae8cd47ce8083f27deef1341ae3086bf0d5a45bd1,87f63c0590d05baea263cdc42c6e1df2d063fa2def309ecb0283f3036bf33d46,87f63c0590d05baea263cdc42c6e1df2d063fa2def309ecb0283f3036bf33d46,1787977909.9873042,36493.859,18246987,0,0.9584569931030273,1.0416193008422852,1.0763330459594727,0.00019073486328125,-0.00324249267578125,0.00476837158203125,-0.0073261260986328125,-0.0024423599243164062,-0.20757007598876953,-0.05128288269042969,-0.021978378295898438,-0.0073261260986328125,-0.08058643341064453,-2.167520523071289,6.229061126708984,-1.8437118530273438,0.10012245178222656,-0.10988998413085938,0.0,-2.4722738635416017,7.734186341276645,-1.7942316524596895,0.0005137884898634674,-0.005963116613843074
44,2,heldout,3,-1,-0.3490658503988659,1.9697308670001803,3,s,af3726fcacd0ac1320a56ea850b0a2c0f5430cf4eb20a45c078706980f08407e,d24fbe3839599a6a097188bae8cd47ce8083f27deef1341ae3086bf0d5a45bd1,87f63c0590d05baea263cdc42c6e1df2d063fa2def309ecb0283f3036bf33d46,87f63c0590d05baea263cdc42c6e1df2d063fa2def309ecb0283f3036bf33d46,1787977909.9891918,36493.861,18246988,0,0.9584569931030273,1.0416193008422852,1.0755701065063477,0.00019073486328125,-0.00324249267578125,0.00476837158203125,-0.0073261260986328125,-0.0024423599243164062,-0.20757007598876953,-0.05128288269042969,0.0073261260986328125,-0.0073261260986328125,-0.08058643341064453,-2.167520523071289,6.215385437011719,-1.8339433670043945,0.10012245178222656,-0.10988998413085938,0.0,-2.4743324666944253,7.736244944429469,-1.7945448734353877,0.000502438410911901,-0.005963173807487185
44,2,heldout,3,-1,-0.3490658503988659,1.971617644005164,3,s,af3726fcacd0ac1320a56ea850b0a2c0f5430cf4eb20a45c078706980f08407e,d24fbe3839599a6a097188bae8cd47ce8083f27deef1341ae3086bf0d5a45bd1,87f63c0590d05baea263cdc42c6e1df2d063fa2def309ecb0283f3036bf33d46,87f63c0590d05baea263cdc42c6e1df2d063fa2def309ecb0283f3036bf33d46,1787977909.991666,36493.863,18246989,0,0.9584569931030273,1.0416193008422852,1.0748071670532227,0.00019073486328125,-0.00324249267578125,0.00476837158203125,0.0073261260986328125,-0.0024423599243164062,-0.20268630981445312,-0.021978378295898438,-0.0073261260986328125,-0.0073261260986328125,-0.08058643341064453,-2.167520523071289,6.119659423828125,-1.8241758346557617,0.10012245178222656,-0.11477375030517578,0.0,-2.4763865667602425,7.738299044495286,-1.794857049848542,0.000491088039502703,-0.005963227530107473
44,2,heldout,3,-1,-0.3490658503988659,1.9741210600041086,3,s,af3726fcacd0ac1320a56ea850b0a2c0f5430cf4eb20a45c078706980f08407e,d24fbe3839599a6a097188bae8cd47ce8083f27deef1341ae3086bf0d5a45bd1,87f63c0590d05baea263cdc42c6e1df2d063fa2def309ecb0283f3036bf33d46,87f63c0590d05baea263cdc42c6e1df2d063fa2def309ecb0283f3036bf33d46,1787977909.99357,36493.865,18246990,0,0.9584569931030273,1.0416193008422852,1.0740442276000977,0.00019073486328125,-0.00324249267578125,0.00476837158203125,-0.021978378295898438,-0.0024423599243164062,-0.1929178237915039,-0.03663063049316406,-0.0073261260986328125,-0.0073261260986328125,-0.08058643341064453,-2.167520523071289,6.133335113525391,-1.8192920684814453,0.10012245178222656,-0.11477375030517578,0.0,-2.4784361625434115,7.740348640278456,-1.7951681815174423,0.000479737382242658,-0.005963277781672672
44,2,heldout,3,-1,-0.3490658503988659,1.9759997020009905,3,s,af3726fcacd0ac1320a56ea850b0a2c0f5430cf4eb20a45c078706980f08407e,d24fbe3839599a6a097188bae8cd47ce8083f27deef1341ae3086bf0d5a45bd1,87f63c0590d05baea263cdc42c6e1df2d063fa2def309ecb0283f3036bf33d46,87f63c0590d05baea263cdc42c6e1df2d063fa2def309ecb0283f3036bf33d46,1787977909.995514,36493.867,18246991,0,0.9584569931030273,1.0416193008422852,1.0732812881469727,0.00019073486328125,-0.00324249267578125,0.00476837158203125,-0.0073261260986328125,-0.0024423599243164062,-0.1782665252685547,-0.0073261260986328125,-0.0073261260986328125,-0.0073261260986328125,-0.08058643341064453,-2.167520523071289,6.051280975341797,-1.8192920684814453,0.10012245178222656,-0.11477375030517578,0.0,-2.480481252850907,7.742393730585952,-1.7954782682609842,0.0004683864457387186,-0.005963324562153528
44,2,heldout,3,-1,-0.3490658503988659,1.9779542660035077,3,s,af3726fcacd0ac1320a56ea850b0a2c0f5430cf4eb20a45c078706980f08407e,d24fbe3839599a6a097188bae8cd47ce8083f27deef1341ae3086bf0d5a45bd1,87f63c0590d05baea263cdc42c6e1df2d063fa2def309ecb0283f3036bf33d46,87f63c0590d05baea263cdc42c6e1df2d063fa2def309ecb0283f3036bf33d46,1787977909.9973984,36493.869,18246992,0,0.9584569931030273,1.0416193008422852,1.0725183486938477,0.00057220458984375,-0.00324249267578125,0.00476837158203125,-0.0073261260986328125,-0.0024423599243164062,-0.17338180541992188,0.021978378295898438,-0.0073261260986328125,-0.0073261260986328125,-0.07570171356201172,-2.1811962127685547,6.133335113525391,-1.8192920684814453,0.10500621795654297,-0.11477375030517578,0.0,-2.482675965340244,7.744588443075289,-1.7959414387465877,0.00045135953185361467,-0.005963388224532655
44,2,heldout,3,-1,-0.3490658503988659,1.9798290180042386,3,s,af3726fcacd0ac1320a56ea850b0a2c0f5430cf4eb20a45c078706980f08407e,d24fbe3839599a6a097188bae8cd47ce8083f27deef1341ae3086bf0d5a45bd1,87f63c0590d05baea263cdc42c6e1df2d063fa2def309ecb0283f3036bf33d46,87f63c0590d05baea263cdc42c6e1df2d063fa2def309ecb0283f3036bf33d46,1787977909.999324,36493.871,18246993,0,0.9584569931030273,1.0416193008422852,1.0717554092407227,0.00057220458984375,-0.00324249267578125,0.00476837158203125,0.0073261260986328125,-0.0024423599243164062,-0.1782665252685547,0.0073261260986328125,-0.0073261260986328125,-0.0073261260986328125,-0.07570171356201172,-2.167520523071289,6.1880340576171875,-1.8290596008300781,0.10500621795654297,-0.11477375030517578,0.0,-2.4847115184176896,7.746623996152733,-1.7962489123884058,0.0004400079261464065,-0.005963426327187944
44,2,heldout,3,-1,-0.3490658503988659,1.9817544850011473,3,s,af3726fcacd0ac1320a56ea850b0a2c0f5430cf4eb20a45c078706980f08407e,d24fbe3839599a6a097188bae8cd47ce8083f27deef1341ae3086bf0d5a45bd1,87f63c0590d05baea263cdc42c6e1df2d063fa2def309ecb0283f3036bf33d46,87f63c0590d05baea263cdc42c6e1df2d063fa2def309ecb0283f3036bf33d46,1787977910.001785,36493.873,18246994,0,0.9584569931030273,1.0416193008422852,1.0709924697875977,0.00057220458984375,-0.00324249267578125,0.00476837158203125,-0.0073261260986328125,-0.0024423599243164062,-0.1782665252685547,0.021978378295898438,-0.0073261260986328125,-0.0073261260986328125,-0.07570171356201172,-2.167520523071289,6.092308044433594,-1.8388280868530273,0.10500621795654297,-0.11477375030517578,0.0,-2.486742562366723,7.748655040101767,-1.7965553404757983,0.0004286560643208912,-0.0059634609586724265
44,2,heldout,3,-1,-0.3490658503988659,1.9842173920042114,3,s,af3726fcacd0ac1320a56ea850b0a2c0f5430cf4eb20a45c078706980f08407e,d24fbe3839599a6a097188bae8cd47ce8083f27deef1341ae3086bf0d5a45bd1,87f63c0590d05baea263cdc42c6e1df2d063fa2def309ecb0283f3036bf33d46,87f63c0590d05baea263cdc42c6e1df2d063fa2def309ecb0283f3036bf33d46,1787977910.003697,36493.875,18246995,0,0.9584569931030273,1.0416193008422852,1.0702295303344727,0.00057220458984375,-0.00324249267578125,0.00476837158203125,-0.0073261260986328125,-0.0024423599243164062,-0.1782665252685547,0.0073261260986328125,-0.0073261260986328125,-0.0073261260986328125,-0.07570171356201172,-2.167520523071289,6.105983734130859,-1.8534793853759766,0.10500621795654297,-0.11477375030517578,0.0,-2.488769096005124,7.750681573740168,-1.7968607228304003,0.00041730395298471864,-0.005963492118965943
44,2,heldout,3,-1,-0.3490658503988659,1.986120783003571,3,s,af3726fcacd0ac1320a56ea850b0a2c0f5430cf4eb20a45c078706980f08407e,d24fbe3839599a6a097188bae8cd47ce8083f27deef1341ae3086bf0d5a45bd1,87f63c0590d05baea263cdc42c6e1df2d063fa2def309ecb0283f3036bf33d46,87f63c0590d05baea263cdc42c6e1df2d063fa2def309ecb0283f3036bf33d46,1787977910.005579,36493.877,18246996,0,0.9584569931030273,1.0416193008422852,1.0698480606079102,0.00057220458984375,-0.00324249267578125,0.00476837158203125,-0.0073261260986328125,-0.0024423599243164062,-0.1782665252685547,0.0073261260986328125,-0.0073261260986328125,-0.0073261260986328125,-0.07570171356201172,-2.1811962127685547,6.092308044433594,-1.8632478713989258,0.10500621795654297,-0.11477375030517578,0.0,-2.4897806710891115,7.751693148824156,-1.797013021802333,0.00041162780581506715,-0.005963506397410343
44,2,heldout,3,-1,-0.3490658503988659,1.9880093630054034,3,s,af3726fcacd0ac1320a56ea850b0a2c0f5430cf4eb20a45c078706980f08407e,d24fbe3839599a6a097188bae8cd47ce8083f27deef1341ae3086bf0d5a45bd1,87f63c0590d05baea263cdc42c6e1df2d063fa2def309ecb0283f3036bf33d46,87f63c0590d05baea263cdc42c6e1df2d063fa2def309ecb0283f3036bf33d46,1787977910.007497,36493.879,18246997,0,0.9584569931030273,1.0416193008422852,1.0690851211547852,0.00057220458984375,-0.00324249267578125,0.00476837158203125,-0.021978378295898438,-0.0024423599243164062,-0.1782665252685547,0.021978378295898438,-0.0073261260986328125,-0.0073261260986328125,-0.07570171356201172,-2.1811962127685547,6.133335113525391,-1.8730154037475586,0.10500621795654297,-0.11477375030517578,0.0,-2.4918004370506392,7.753712914785684,-1.797316835224648,0.0004002753326025775,-0.005963532350884036
44,2,heldout,3,-1,-0.3490658503988659,1.989928050999879,3,s,af3726fcacd0ac1320a56ea850b0a2c0f5430cf4eb20a45c078706980f08407e,d24fbe3839599a6a097188bae8cd47ce8083f27deef1341ae3086bf0d5a45bd1,87f63c0590d05baea263cdc42c6e1df2d063fa2def309ecb0283f3036bf33d46,87f63c0590d05baea263cdc42c6e1df2d063fa2def309ecb0283f3036bf33d46,1787977910.009371,36493.881,18246998,0,0.9584569931030273,1.0416193008422852,1.0683221817016602,0.00095367431640625,-0.00324249267578125,0.00476837158203125,-0.0073261260986328125,-0.0024423599243164062,-0.1831502914428711,0.03663063049316406,-0.03663063049316406,-0.0073261260986328125,-0.07570171356201172,-2.1811962127685547,6.147006988525391,-1.8876676559448242,0.10500621795654297,-0.11477375030517578,0.0,-2.4939666810094923,7.755879158744536,-1.7977705937229531,0.00038324618799094894,-0.0059635647725294295
44,2,heldout,3,-1,-0.3490658503988659,1.99179618099879,3,s,af3726fcacd0ac1320a56ea850b0a2c0f5430cf4eb20a45c078706980f08407e,d24fbe3839599a6a097188bae8cd47ce8083f27deef1341ae3086bf0d5a45bd1,87f63c0590d05baea263cdc42c6e1df2d063fa2def309ecb0283f3036bf33d46,87f63c0590d05baea263cdc42c6e1df2d063fa2def309ecb0283f3036bf33d46,1787977910.0118628,36493.883,18246999,0,0.9584569931030273,1.0416193008422852,1.0675592422485352,0.00095367431640625,-0.00324249267578125,0.00476837158203125,0.0073261260986328125,-0.0024423599243164062,-0.1782665252685547,0.05128288269042969,0.0073261260986328125,-0.0073261260986328125,-0.08058643341064453,-2.1948719024658203,6.0649566650390625,-1.8925514221191406,0.10988998413085938,-0.11477375030517578,0.0,-2.49597689604655,7.757889373781593,-1.7980717913749245,0.0003718931446915259,-0.005963582047897915
44,2,heldout,3,-1,-0.3490658503988659,1.994314799005224,3,s,af3726fcacd0ac1320a56ea850b0a2c0f5430cf4eb20a45c078706980f08407e,d24fbe3839599a6a097188bae8cd47ce8083f27deef1341ae3086bf0d5a45bd1,87f63c0590d05baea263cdc42c6e1df2d063fa2def309ecb0283f3036bf33d46,87f63c0590d05baea263cdc42c6e1df2d063fa2def309ecb0283f3036bf33d46,1787977910.0132344,36493.884999999995,18247000,0,0.9584569931030273,1.0416193008422852,1.0667963027954102,0.00095367431640625,-0.00324249267578125,0.00476837158203125,-0.021978378295898438,-0.0024423599243164062,-0.1831502914428711,0.05128288269042969,-0.021978378295898438,-0.0073261260986328125,-0.08058643341064453,-2.1811962127685547,6.105983734130859,-1.9023199081420898,0.10500621795654297,-0.11477375030517578,0.0,-2.4979825953978874,7.759895073132931,-1.798371942411416,0.00036053988492181703,-0.00596359585200495
44,2,heldout,3,-1,-0.3490658503988659,1.9956629990047077,3,s,af3726fcacd0ac1320a56ea850b0a2c0f5430cf4eb20a45c078706980f08407e,d24fbe3839599a6a097188bae8cd47ce8083f27deef1341ae3086bf0d5a45bd1,87f63c0590d05baea263cdc42c6e1df2d063fa2def309ecb0283f3036bf33d46,87f63c0590d05baea263cdc42c6e1df2d063fa2def309ecb0283f3036bf33d46,1787977910.0157192,36493.886999999995,18247001,0,0.9584569931030273,1.0416193008422852,1.0660333633422852,0.00095367431640625,-0.00324249267578125,0.00476837158203125,-0.0073261260986328125,-0.0024423599243164062,-0.1831502914428711,0.021978378295898438,-0.0073261260986328125,-0.0073261260986328125,-0.08058643341064453,-2.1811962127685547,6.105983734130859,-1.9072036743164062,0.10500621795654297,-0.11477375030517578,0.0,-2.49998377789603,7.761896255631074,-1.7986710466577158,0.0003491864152902831,-0.005963606184842504
44,2,heldout,3,-1,-0.3490658503988659,1.998148338003375,3,s,af3726fcacd0ac1320a56ea850b0a2c0f5430cf4eb20a45c078706980f08407e,d24fbe3839599a6a097188bae8cd47ce8083f27deef1341ae3086bf0d5a45bd1,87f63c0590d05baea263cdc42c6e1df2d063fa2def309ecb0283f3036bf33d46,87f63c0590d05baea263cdc42c6e1df2d063fa2def309ecb0283f3036bf33d46,1787977910.0175931,36493.888999999996,18247002,0,0.9584569931030273,1.0416193008422852,1.0652704238891602,0.00095367431640625,-0.00324249267578125,0.00476837158203125,-0.0073261260986328125,-0.0024423599243164062,-0.1880340576171875,-0.0073261260986328125,0.0073261260986328125,-0.0073261260986328125,-0.08058643341064453,-2.1811962127685547,6.201709747314453,-1.9072036743164062,0.10500621795654297,-0.11477375030517578,0.0,-2.5019804423761394,7.763892920111184,-1.7989691039397224,0.000337832742405513,-0.005963613046404559
44,2,heldout,3,-1,-0.3490658503988659,2.000023651999072,3,s,af3726fcacd0ac1320a56ea850b0a2c0f5430cf4eb20a45c078706980f08407e,d24fbe3839599a6a097188bae8cd47ce8083f27deef1341ae3086bf0d5a45bd1,87f63c0590d05baea263cdc42c6e1df2d063fa2def309ecb0283f3036bf33d46,87f63c0590d05baea263cdc42c6e1df2d063fa2def309ecb0283f3036bf33d46,1787977910.0195134,36493.890999999996,18247003,0,0.9584569931030273,1.0416193008422852,1.0645074844360352,0.00095367431640625,-0.00324249267578125,0.00476837158203125,-0.0073261260986328125,-0.0024423599243164062,-0.19780254364013672,-0.021978378295898438,-0.0073261260986328125,-0.0073261260986328125,-0.08058643341064453,-2.1948719024658203,6.324787139892578,-1.9023199081420898,0.10500621795654297,-0.11477375030517578,0.0,-2.503972587676006,7.765885065411051,-1.799266114083944,0.0003264788728762158,-0.005963616436687122
44,2,heldout,3,-1,-0.3490658503988659,2.001944148003531,3,s,af3726fcacd0ac1320a56ea850b0a2c0f5430cf4eb20a45c078706980f08407e,d24fbe3839599a6a097188bae8cd47ce8083f27deef1341ae3086bf0d5a45bd1,87f63c0590d05baea263cdc42c6e1df2d063fa2def309ecb0283f3036bf33d46,87f63c0590d05baea263cdc42c6e1df2d063fa2def309ecb0283f3036bf33d46,1787977910.0214195,36493.893,18247004,0,0.9584569931030273,1.0416193008422852,1.0637445449829102,0.00095367431640625,-0.00324249267578125,0.00476837158203125,-0.0073261260986328125,-0.0024423599243164062,-0.19780254364013672,-0.021978378295898438,-0.0073261260986328125,-0.0073261260986328125,-0.07570171356201172,-2.1948719024658203,6.297435760498047,-1.8925514221191406,0.10500621795654297,-0.11477375030517578,0.0,-2.5059602126360425,7.767872690371087,-1.799562076917498,0.00031512481331121407,-0.00596361635568822
44,2,heldout,3,-1,-0.3490658503988659,2.003850944005535,3,s,af3726fcacd0ac1320a56ea850b0a2c0f5430cf4eb20a45c078706980f08407e,d24fbe3839599a6a097188bae8cd47ce8083f27deef1341ae3086bf0d5a45bd1,87f63c0590d05baea263cdc42c6e1df2d063fa2def309ecb0283f3036bf33d46,87f63c0590d05baea263cdc42c6e1df2d063fa2def309ecb0283f3036bf33d46,1787977910.0233164,36493.895,18247005,0,0.9584569931030273,1.0416193008422852,1.0629816055297852,0.00057220458984375,-0.00324249267578125,0.00476837158203125,-0.0073261260986328125,-0.0024423599243164062,-0.20268630981445312,-0.021978378295898438,-0.021978378295898438,-0.0073261260986328125,-0.07570171356201172,-2.1948719024658203,6.3111114501953125,-1.8827838897705078,0.10012245178222656,-0.11477375030517578,0.0,-2.5077959893701105,7.769708467105154,-1.7997096655389153,0.0003094477143306083,-0.005963615013458156
44,2,heldout,3,-1,-0.3490658503988659,2.005742105000536,3,s,af3726fcacd0ac1320a56ea850b0a2c0f5430cf4eb20a45c078706980f08407e,d24fbe3839599a6a097188bae8cd47ce8083f27deef1341ae3086bf0d5a45bd1,87f63c0590d05baea263cdc42c6e1df2d063fa2def309ecb0283f3036bf33d46,87f63c0590d05baea263cdc42c6e1df2d063fa2def309ecb0283f3036bf33d46,1787977910.025768,36493.897,18247006,0,0.9584569931030273,1.0416193008422852,1.0622186660766602,0.00057220458984375,-0.00324249267578125,0.00476837158203125,-0.0073261260986328125,-0.0024423599243164062,-0.20268630981445312,-0.021978378295898438,-0.0073261260986328125,-0.0073261260986328125,-0.07570171356201172,-2.1948719024658203,6.338462829589844,-1.8681316375732422,0.10500621795654297,-0.10988998413085938,0.0,-2.5097750940309997,7.771687571766044,-1.8000040570836466,0.00029809338210382713,-0.005963609725537776
44,2,heldout,3,-1,-0.3490658503988659,2.0081937569993897,3,s,af3726fcacd0ac1320a56ea850b0a2c0f5430cf4eb20a45c078706980f08407e,d24fbe3839599a6a097188bae8cd47ce8083f27deef1341ae3086bf0d5a45bd1,87f63c0590d05baea263cdc42c6e1df2d063fa2def309ecb0283f3036bf33d46,87f63c0590d05baea263cdc42c6e1df2d063fa2def309ecb0283f3036bf33d46,1787977910.02772,36493.899,18247007,0,0.9584569931030273,1.0416193008422852,1.0614557266235352,0.00057220458984375,-0.00324249267578125,0.00476837158203125,-0.0073261260986328125,-0.0024423599243164062,-0.20268630981445312,-0.05128288269042969,-0.0073261260986328125,-0.0073261260986328125,-0.07570171356201172,-2.208547592163086,6.379486083984375,-1.8534793853759766,0.10500621795654297,-0.10988998413085938,0.0,-2.5117496749745585,7.773662152709602,-1.8002974008881696,0.0002867388763638705,-0.005963600966339836
44,2,heldout,3,-1,-0.3490658503988659,2.010147330998734,3,s,af3726fcacd0ac1320a56ea850b0a2c0f5430cf4eb20a45c078706980f08407e,d24fbe3839599a6a097188bae8cd47ce8083f27deef1341ae3086bf0d5a45bd1,87f63c0590d05baea263cdc42c6e1df2d063fa2def309ecb0283f3036bf33d46,87f63c0590d05baea263cdc42c6e1df2d063fa2def309ecb0283f3036bf33d46,1787977910.0296295,36493.901,18247008,0,0.9584569931030273,1.0416193008422852,1.0606927871704102,0.00019073486328125,-0.00324249267578125,0.00476837158203125,-0.0073261260986328125,-0.0024423599243164062,-0.19780254364013672,-0.05128288269042969,-0.021978378295898438,-0.0073261260986328125,-0.07570171356201172,-2.1948719024658203,6.324787139892578,-1.8388280868530273,0.10500621795654297,-0.10988998413085938,0.0,-2.5135737141041656,7.77548619183921,-1.800443679834471,0.0002810615604918187,-0.005963595285013296
44,2,heldout,3,-1,-0.3490658503988659,2.0120563140008016,3,s,af3726fcacd0ac1320a56ea850b0a2c0f5430cf4eb20a45c078706980f08407e,d24fbe3839599a6a097188bae8cd47ce8083f27deef1341ae3086bf0d5a45bd1,87f63c0590d05baea263cdc42c6e1df2d063fa2def309ecb0283f3036bf33d46,87f63c0590d05baea263cdc42c6e1df2d063fa2def309ecb0283f3036bf33d46,1787977910.0315244,36493.903,18247009,0,0.9584569931030273,1.0416193008422852,1.0599298477172852,0.00019073486328125,-0.00324249267578125,0.00476837158203125,-0.0073261260986328125,-0.0024423599243164062,-0.1929178237915039,-0.05128288269042969,0.021978378295898438,-0.0073261260986328125,-0.08058643341064453,-2.1948719024658203,6.283760070800781,-1.8241758346557617,0.10500621795654297,-0.10988998413085938,0.0,-2.5155397682294027,7.777452245964447,-1.800735451708721,0.00026970680687436266,-0.0059635813189092115
44,2,heldout,3,-1,-0.3490658503988659,2.014012551000633,3,s,af3726fcacd0ac1320a56ea850b0a2c0f5430cf4eb20a45c078706980f08407e,d24fbe3839599a6a097188bae8cd47ce8083f27deef1341ae3086bf0d5a45bd1,87f63c0590d05baea263cdc42c6e1df2d063fa2def309ecb0283f3036bf33d46,87f63c0590d05baea263cdc42c6e1df2d063fa2def309ecb0283f3036bf33d46,1787977910.0334566,36493.905,18247010,0,0.9584569931030273,1.0416193008422852,1.0591669082641602,0.00019073486328125,-0.00324249267578125,0.00476837158203125,-0.0073261260986328125,-0.0024423599243164062,-0.1929178237915039,-0.0659332275390625,0.0073261260986328125,-0.0073261260986328125,-0.07570171356201172,-2.208547592163086,6.25640869140625,-1.8144073486328125,0.10012245178222656,-0.10988998413085938,0.0,-2.51750129528183,7.7794137730168735,-1.8010261754170358,0.0002583518962668885,-0.005963563881544098
44,2,heldout,3,-1,-0.3490658503988659,2.0158810680004535,3,s,af3726fcacd0ac1320a56ea850b0a2c0f5430cf4eb20a45c078706980f08407e,d24fbe3839599a6a097188bae8cd47ce8083f27deef1341ae3086bf0d5a45bd1,87f63c0590d05baea263cdc42c6e1df2d063fa2def309ecb0283f3036bf33d46,87f63c0590d05baea263cdc42c6e1df2d063fa2def309ecb0283f3036bf33d46,1787977910.035344,36493.907,18247011,0,0.9584569931030273,1.0416193008422852,1.0584039688110352,0.00019073486328125,-0.00324249267578125,0.00476837158203125,-0.021978378295898438,-0.0024423599243164062,-0.1880340576171875,-0.05128288269042969,-0.0073261260986328125,-0.0073261260986328125,-0.07570171356201172,-2.208547592163086,6.24273681640625,-1.809523582458496,0.10012245178222656,-0.10988998413085938,0.0,-2.5194582941196875,7.781370771854732,-1.8013158507901932,0.00024699683527882655,-0.005963542972928116
44,2,heldout,3,-1,-0.3490658503988659,2.0177732650045073,3,s,af3726fcacd0ac1320a56ea850b0a2c0f5430cf4eb20a45c078706980f08407e,d24fbe3839599a6a097188bae8cd47ce8083f27deef1341ae3086bf0d5a45bd1,87f63c0590d05baea263cdc42c6e1df2d063fa2def309ecb0283f3036bf33d46,87f63c0590d05baea263cdc42c6e1df2d063fa2def309ecb0283f3036bf33d46,1787977910.0372093,36493.909,18247012,0,0.9584569931030273,1.0416193008422852,1.0576410293579102,0.00019073486328125,-0.00324249267578125,0.00476837158203125,-0.0073261260986328125,-0.0024423599243164062,-0.1929178237915039,-0.021978378295898438,-0.0073261260986328125,-0.0073261260986328125,-0.07570171356201172,-2.208547592163086,6.25640869140625,-1.8046398162841797,0.10012245178222656,-0.10988998413085938,0.0,-2.521410763603852,7.783323241338896,-1.8016044776595785,0.00023564163051969277,-0.00596351859307343
44,2,heldout,3,-1,-0.3490658503988659,2.0196355970037985,3,s,af3726fcacd0ac1320a56ea850b0a2c0f5430cf4eb20a45c078706980f08407e,d24fbe3839599a6a097188bae8cd47ce8083f27deef1341ae3086bf0d5a45bd1,87f63c0590d05baea263cdc42c6e1df2d063fa2def309ecb0283f3036bf33d46,87f63c0590d05baea263cdc42c6e1df2d063fa2def309ecb0283f3036bf33d46,1787977910.039662,36493.911,18247013,0,0.9584569931030273,1.0416193008422852,1.0568780899047852,0.00019073486328125,-0.00324249267578125,0.00476837158203125,0.0073261260986328125,-0.0024423599243164062,-0.1880340576171875,-0.0073261260986328125,-0.021978378295898438,-0.0073261260986328125,-0.07570171356201172,-2.208547592163086,6.215385437011719,-1.809523582458496,0.10012245178222656,-0.10988998413085938,0.0,-2.5233587025978346,7.7852711803328765,-1.801892055857189,0.0002242862885990807,-0.005963490741994227
44,2,heldout,3,-1,-0.3490658503988659,2.022089476005931,3,s,af3726fcacd0ac1320a56ea850b0a2c0f5430cf4eb20a45c078706980f08407e,d24fbe3839599a6a097188bae8cd47ce8083f27deef1341ae3086bf0d5a45bd1,87f63c0590d05baea263cdc42c6e1df2d063fa2def309ecb0283f3036bf33d46,87f63c0590d05baea263cdc42c6e1df2d063fa2def309ecb0283f3036bf33d46,1787977910.04153,36493.913,18247014,0,0.9584569931030273,1.0416193008422852,1.0561151504516602,0.00019073486328125,-0.00324249267578125,0.00476837158203125,-0.0073261260986328125,-0.0024423599243164062,-0.1831502914428711,0.0073261260986328125,-0.0073261260986328125,-0.0073261260986328125,-0.08058643341064453,-2.2222213745117188,6.133335113525391,-1.8192920684814453,0.10012245178222656,-0.10988998413085938,0.0,-2.5253021099677855,7.787214587702831,-1.8021785852156325,0.0002129308161266764,-0.005963459419706725
44,2,heldout,3,-1,-0.3490658503988659,2.023953401003382,3,s,af3726fcacd0ac1320a56ea850b0a2c0f5430cf4eb20a45c078706980f08407e,d24fbe3839599a6a097188bae8cd47ce8083f27deef1341ae3086bf0d5a45bd1,87f63c0590d05baea263cdc42c6e1df2d063fa2def309ecb0283f3036bf33d46,87f63c0590d05baea263cdc42c6e1df2d063fa2def309ecb0283f3036bf33d46,1787977910.043406,36493.915,18247015,0,0.9584569931030273,1.0416193008422852,1.0553522109985352,0.00019073486328125,-0.00324249267578125,0.00476837158203125,-0.021978378295898438,-0.0024423599243164062,-0.1831502914428711,-0.0073261260986328125,-0.0073261260986328125,-0.0073261260986328125,-0.08058643341064453,-2.208547592163086,6.133335113525391,-1.8290596008300781,0.10500621795654297,-0.10988998413085938,0.0,-2.527240984582497,7.78915346231754,-1.802464065568127,0.00020157521971222878,-0.005963424626229153
44,2,heldout,3,-1,-0.3490658503988659,2.0258307170006447,3,s,af3726fcacd0ac1320a56ea850b0a2c0f5430cf4eb20a45c078706980f08407e,d24fbe3839599a6a097188bae8cd47ce8083f27deef1341ae3086bf0d5a45bd1,87f63c0590d05baea263cdc42c6e1df2d063fa2def309ecb0283f3036bf33d46,87f63c0590d05baea263cdc42c6e1df2d063fa2def309ecb0283f3036bf33d46,1787977910.0454004,36493.917,18247016,0,0.9584569931030273,1.0416193008422852,1.0545892715454102,0.00019073486328125,-0.00324249267578125,0.00476837158203125,-0.0073261260986328125,-0.0024423599243164062,-0.1782665252685547,0.021978378295898438,-0.0073261260986328125,-0.0073261260986328125,-0.08058643341064453,-2.2222213745117188,6.133335113525391,-1.8339433670043945,0.10500621795654297,-0.10988998413085938,0.0,-2.5291753253133904,7.791087803048436,-1.8027484967485015,0.00019021950596556913,-0.0059633863615817665
44,2,heldout,3,-1,-0.3490658503988659,2.027833042004204,3,s,af3726fcacd0ac1320a56ea850b0a2c0f5430cf4eb20a45c078706980f08407e,d24fbe3839599a6a097188bae8cd47ce8083f27deef1341ae3086bf0d5a45bd1,87f63c0590d05baea263cdc42c6e1df2d063fa2def309ecb0283f3036bf33d46,87f63c0590d05baea263cdc42c6e1df2d063fa2def309ecb0283f3036bf33d46,1787977910.047317,36493.919,18247017,0,0.9584569931030273,1.0416193008422852,1.0538263320922852,0.00019073486328125,-0.00324249267578125,0.00476837158203125,-0.021978378295898438,-0.0024423599243164062,-0.16849803924560547,-0.0073261260986328125,-0.021978378295898438,-0.0073261260986328125,-0.07570171356201172,-2.208547592163086,6.119659423828125,-1.8437118530273438,0.10500621795654297,-0.10988998413085938,0.0,-2.531105131034534,7.793017608769578,-1.8030318785911938,0.00017886368149658597,-0.005963344625786831
44,2,heldout,3,-1,-0.3490658503988659,2.0297484149996308,3,s,af3726fcacd0ac1320a56ea850b0a2c0f5430cf4eb20a45c078706980f08407e,d24fbe3839599a6a097188bae8cd47ce8083f27deef1341ae3086bf0d5a45bd1,87f63c0590d05baea263cdc42c6e1df2d063fa2def309ecb0283f3036bf33d46,87f63c0590d05baea263cdc42c6e1df2d063fa2def309ecb0283f3036bf33d46,1787977910.0497808,36493.920999999995,18247018,0,0.9584569931030273,1.0416193008422852,1.0534448623657227,0.00057220458984375,-0.00324249267578125,0.00476837158203125,0.0073261260986328125,-0.0024423599243164062,-0.16849803924560547,0.0073261260986328125,-0.0073261260986328125,-0.0073261260986328125,-0.07570171356201172,-2.2222213745117188,6.147006988525391,-1.8534793853759766,0.10500621795654297,-0.10988998413085938,0.0,-2.5322093678872375,7.794121845622281,-1.8033142109312563,0.00016750775291524524,-0.005963299418868651
44,2,heldout,3,-1,-0.3490658503988659,2.0322120170021662,3,s,af3726fcacd0ac1320a56ea850b0a2c0f5430cf4eb20a45c078706980f08407e,d24fbe3839599a6a097188bae8cd47ce8083f27deef1341ae3086bf0d5a45bd1,87f63c0590d05baea263cdc42c6e1df2d063fa2def309ecb0283f3036bf33d46,87f63c0590d05baea263cdc42c6e1df2d063fa2def309ecb0283f3036bf33d46,1787977910.0516894,36493.922999999995,18247019,0,0.9584569931030273,1.0416193008422852,1.0526819229125977,0.00057220458984375,-0.00324249267578125,0.00476837158203125,-0.0073261260986328125,-0.0024423599243164062,-0.16849803924560547,0.03663063049316406,-0.0073261260986328125,-0.0073261260986328125,-0.08058643341064453,-2.2222213745117188,6.133335113525391,-1.8632478713989258,0.10988998413085938,-0.11477375030517578,0.0,-2.5341318441344165,7.79604432186946,-1.8035954936043477,0.00015615172683156446,-0.00596325074085353
44,2,heldout,3,-1,-0.3490658503988659,2.034136791000492,3,s,af3726fcacd0ac1320a56ea850b0a2c0f5430cf4eb20a45c078706980f08407e,d24fbe3839599a6a097188bae8cd47ce8083f27deef1341ae3086bf0d5a45bd1,87f63c0590d05baea263cdc42c6e1df2d063fa2def309ecb0283f3036bf33d46,87f63c0590d05baea263cdc42c6e1df2d063fa2def309ecb0283f3036bf33d46,1787977910.0535886,36493.924999999996,18247020,0,0.9584569931030273,1.0416193008422852,1.0519189834594727,0.00057220458984375,-0.00324249267578125,0.00476837158203125,-0.0073261260986328125,-0.0024423599243164062,-0.16849803924560547,0.05128288269042969,-0.0073261260986328125,-0.0073261260986328125,-0.08058643341064453,-2.2222213745117188,6.1880340576171875,-1.8779001235961914,0.10988998413085938,-0.11477375030517578,0.0,-2.5360497824867694,7.797962260221814,-1.8038757264467409,0.0001447956098556171,-0.005963198591769809
44,2,heldout,3,-1,-0.3490658503988659,2.0360190640058136,3,s,af3726fcacd0ac1320a56ea850b0a2c0f5430cf4eb20a45c078706980f08407e,d24fbe3839599a6a097188bae8cd47ce8083f27deef1341ae3086bf0d5a45bd1,87f63c0590d05baea263cdc42c6e1df2d063fa2def309ecb0283f3036bf33d46,87f63c0590d05baea263cdc42c6e1df2d063fa2def309ecb0283f3036bf33d46,1787977910.055476,36493.926999999996,18247021,0,0.9584569931030273,1.0416193008422852,1.0511560440063477,0.00095367431640625,-0.00324249267578125,0.00476837158203125,-0.0073261260986328125,-0.0024423599243164062,-0.1782665252685547,0.03663063049316406,-0.0073261260986328125,-0.0073261260986328125,-0.08058643341064453,-2.2358970642089844,6.283760070800781,-1.8925514221191406,0.10988998413085938,-0.11477375030517578,0.0,-2.5381023794537163,7.800014857188761,-1.8042941069211207,0.00012776127842838083,-0.00596311385995755
44,2,heldout,3,-1,-0.3490658503988659,2.037906767000095,3,s,af3726fcacd0ac1320a56ea850b0a2c0f5430cf4eb20a45c078706980f08407e,d24fbe3839599a6a097188bae8cd47ce8083f27deef1341ae3086bf0d5a45bd1,87f63c0590d05baea263cdc42c6e1df2d063fa2def309ecb0283f3036bf33d46,87f63c0590d05baea263cdc42c6e1df2d063fa2def309ecb0283f3036bf33d46,1787977910.0573666,36493.929,18247022,0,0.9584569931030273,1.0416193008422852,1.0503931045532227,0.00095367431640625,-0.00324249267578125,0.00476837158203125,-0.0073261260986328125,-0.0024423599243164062,-0.1831502914428711,0.03663063049316406,-0.0073261260986328125,-0.0073261260986328125,-0.08058643341064453,-2.2222213745117188,6.25640869140625,-1.9023199081420898,0.10988998413085938,-0.11477375030517578,0.0,-2.5400107135309997,7.801923191266043,-1.8045717144744686,0.00011640496314119988,-0.005963053033339544
44,2,heldout,3,-1,-0.3490658503988659,2.039796650999051,3,s,af3726fcacd0ac1320a56ea850b0a2c0f5430cf4eb20a45c078706980f08407e,d24fbe3839599a6a097188bae8cd47ce8083f27deef1341ae3086bf0d5a45bd1,87f63c0590d05baea263cdc42c6e1df2d063fa2def309ecb0283f3036bf33d46,87f63c0590d05baea263cdc42c6e1df2d063fa2def309ecb0283f3036bf33d46,1787977910.0599074,36493.931,18247023,0,0.9584569931030273,1.0416193008422852,1.0496301651000977,0.00095367431640625,-0.00324249267578125,0.00476837158203125,-0.0073261260986328125,-0.0024423599243164062,-0.1880340576171875,0.021978378295898438,0.0073261260986328125,-0.0073261260986328125,-0.08058643341064453,-2.2222213745117188,6.4341888427734375,-1.9072036743164062,0.10500621795654297,-0.11477375030517578,0.0,-2.541914506291501,7.803826984026546,-1.8048482716288832,0.00010504858009742046,-0.005962988735768018
44,2,heldout,3,-1,-0.3490658503988659,2.0423402870001155,3,s,af3726fcacd0ac1320a56ea850b0a2c0f5430cf4eb20a45c078706980f08407e,d24fbe3839599a6a097188bae8cd47ce8083f27deef1341ae3086bf0d5a45bd1,87f63c0590d05baea263cdc42c6e1df2d063fa2def309ecb0283f3036bf33d46,87f63c0590d05baea263cdc42c6e1df2d063fa2def309ecb0283f3036bf33d46,1787977910.0612526,36493.933,18247024,0,0.9584569931030273,1.0416193008422852,1.0488672256469727,0.00095367431640625,-0.00324249267578125,0.00476837158203125,-0.021978378295898438,-0.0024423599243164062,-0.1929178237915039,0.0073261260986328125,-0.021978378295898438,-0.0073261260986328125,-0.08058643341064453,-2.2222213745117188,6.406837463378906,-1.9072036743164062,0.10500621795654297,-0.11477375030517578,0.0,-2.543813756627079,7.8057262343621225,-1.8051237782233867,9.369213590731962e-05,-0.0059629209672803956
44,2,heldout,3,-1,-0.3490658503988659,2.043684216005204,3,s,af3726fcacd0ac1320a56ea850b0a2c0f5430cf4eb20a45c078706980f08407e,d24fbe3839599a6a097188bae8cd47ce8083f27deef1341ae3086bf0d5a45bd1,87f63c0590d05baea263cdc42c6e1df2d063fa2def309ecb0283f3036bf33d46,87f63c0590d05baea263cdc42c6e1df2d063fa2def309ecb0283f3036bf33d46,1787977910.0637038,36493.935,18247025,0,0.9584569931030273,1.0416193008422852,1.0481042861938477,0.00057220458984375,-0.00362396240234375,0.00476837158203125,-0.0073261260986328125,-0.0024423599243164062,-0.1880340576171875,-0.0073261260986328125,-0.021978378295898438,-0.0073261260986328125,-0.07570171356201172,-2.2358970642089844,6.420513153076172,-1.9072036743164062,0.10500621795654297,-0.11477375030517578,0.0,-2.5455656282136423,7.807478105948686,-1.8052553988790392,8.988575440985506e-05,-0.005962975258507476
44,2,heldout,3,-1,-0.3490658503988659,2.04613995100226,3,s,af3726fcacd0ac1320a56ea850b0a2c0f5430cf4eb20a45c078706980f08407e,d24fbe3839599a6a097188bae8cd47ce8083f27deef1341ae3086bf0d5a45bd1,87f63c0590d05baea263cdc42c6e1df2d063fa2def309ecb0283f3036bf33d46,87f63c0590d05baea263cdc42c6e1df2d063fa2def309ecb0283f3036bf33d46,1787977910.0655785,36493.937,18247026,0,0.9584569931030273,1.0416193008422852,1.0473413467407227,0.00057220458984375,-0.00324249267578125,0.00476837158203125,0.0073261260986328125,-0.0024423599243164062,-0.1880340576171875,-0.0073261260986328125,0.0073261260986328125,-0.0073261260986328125,-0.07570171356201172,-2.2358970642089844,6.393161773681641,-1.9023199081420898,0.10988998413085938,-0.11477375030517578,0.0,-2.547462054476917,7.809374532211962,-1.8055350679646751,7.6657369432904e-05,-0.005962812806668125
44,2,heldout,3,-1,-0.3490658503988659,2.0480031100014457,3,s,af3726fcacd0ac1320a56ea850b0a2c0f5430cf4eb20a45c078706980f08407e,d24fbe3839599a6a097188bae8cd47ce8083f27deef1341ae3086bf0d5a45bd1,87f63c0590d05baea263cdc42c6e1df2d063fa2def309ecb0283f3036bf33d46,87f63c0590d05baea263cdc42c6e1df2d063fa2def309ecb0283f3036bf33d46,1787977910.0674698,36493.939,18247027,0,0.9584569931030273,1.0416193008422852,1.0469598770141602,0.00057220458984375,-0.00324249267578125,0.00476837158203125,-0.0073261260986328125,-0.0024423599243164062,-0.1831502914428711,-0.03663063049316406,0.0073261260986328125,-0.0073261260986328125,-0.07570171356201172,-2.24957275390625,6.338462829589844,-1.8925514221191406,0.10988998413085938,-0.11477375030517578,0.0,-2.548405693741229,7.810318171476275,-1.8056716390918084,7.097909052947648e-05,-0.005962775017716672
44,2,heldout,3,-1,-0.3490658503988659,2.0499066970005515,3,s,af3726fcacd0ac1320a56ea850b0a2c0f5430cf4eb20a45c078706980f08407e,d24fbe3839599a6a097188bae8cd47ce8083f27deef1341ae3086bf0d5a45bd1,87f63c0590d05baea263cdc42c6e1df2d063fa2def309ecb0283f3036bf33d46,87f63c0590d05baea263cdc42c6e1df2d063fa2def309ecb0283f3036bf33d46,1787977910.0693576,36493.941,18247028,0,0.9584569931030273,1.0416193008422852,1.0461969375610352,0.00057220458984375,-0.00324249267578125,0.00476837158203125,-0.0073261260986328125,-0.0024423599243164062,-0.1831502914428711,-0.03663063049316406,0.0073261260986328125,-0.0073261260986328125,-0.07570171356201172,-2.24957275390625,6.406837463378906,-1.8779001235961914,0.10500621795654297,-0.10988998413085938,0.0,-2.5502895624801014,7.812202040215144,-1.8059439930468297,5.962250256246283e-05,-0.005962696836725523
44,2,heldout,3,-1,-0.3490658503988659,2.051790968005662,3,s,af3726fcacd0ac1320a56ea850b0a2c0f5430cf4eb20a45c078706980f08407e,d24fbe3839599a6a097188bae8cd47ce8083f27deef1341ae3086bf0d5a45bd1,87f63c0590d05baea263cdc42c6e1df2d063fa2def309ecb0283f3036bf33d46,87f63c0590d05baea263cdc42c6e1df2d063fa2def309ecb0283f3036bf33d46,1787977910.07181,36493.943,18247029,0,0.9584569931030273,1.0416193008422852,1.0454339981079102,0.00057220458984375,-0.00324249267578125,0.00476837158203125,-0.0073261260986328125,-0.0024423599243164062,-0.1831502914428711,-0.05128288269042969,-0.0073261260986328125,-0.0073261260986328125,-0.07570171356201172,-2.24957275390625,6.461540222167969,-1.8632478713989258,0.10500621795654297,-0.11477375030517578,0.0,-2.5521688839191206,7.814081361654165,-1.8062152958041462,4.826587989059112e-05,-0.005962615184988188
44,2,heldout,3,-1,-0.3490658503988659,2.0542614639998646,3,s,af3726fcacd0ac1320a56ea850b0a2c0f5430cf4eb20a45c078706980f08407e,d24fbe3839599a6a097188bae8cd47ce8083f27deef1341ae3086bf0d5a45bd1,87f63c0590d05baea263cdc42c6e1df2d063fa2def309ecb0283f3036bf33d46,87f63c0590d05baea263cdc42c6e1df2d063fa2def309ecb0283f3036bf33d46,1787977910.0737245,36493.945,18247030,0,0.9584569931030273,1.0416193008422852,1.0446710586547852,0.00019073486328125,-0.00324249267578125,0.00476837158203125,-0.0073261260986328125,-0.0024423599243164062,-0.1880340576171875,-0.05128288269042969,-0.0073261260986328125,-0.0073261260986328125,-0.07570171356201172,-2.24957275390625,6.516239166259766,-1.8534793853759766,0.10012245178222656,-0.11477375030517578,0.0,-2.5539086626928307,7.815821140427875,-1.806350552934292,4.258755760608729e-05,-0.005962573057604473
44,2,heldout,3,-1,-0.3490658503988659,2.056158179002523,3,s,af3726fcacd0ac1320a56ea850b0a2c0f5430cf4eb20a45c078706980f08407e,d24fbe3839599a6a097188bae8cd47ce8083f27deef1341ae3086bf0d5a45bd1,87f63c0590d05baea263cdc42c6e1df2d063fa2def309ecb0283f3036bf33d46,87f63c0590d05baea263cdc42c6e1df2d063fa2def309ecb0283f3036bf33d46,1787977910.07569,36493.947,18247031,0,0.9584569931030273,1.0416193008422852,1.0439081192016602,0.00019073486328125,-0.00324249267578125,0.00476837158203125,-0.021978378295898438,-0.0024423599243164062,-0.19780254364013672,-0.03663063049316406,-0.0073261260986328125,-0.0073261260986328125,-0.07570171356201172,-2.2632484436035156,6.4341888427734375,-1.8339433670043945,0.10012245178222656,-0.10988998413085938,0.0,-2.5557794120291546,7.8176918897642,-1.8066202785991443,3.123089527147003e-05,-0.0059624861998376
44,2,heldout,3,-1,-0.3490658503988659,2.058126086005359,3,s,af3726fcacd0ac1320a56ea850b0a2c0f5430cf4eb20a45c078706980f08407e,d24fbe3839599a6a097188bae8cd47ce8083f27deef1341ae3086bf0d5a45bd1,87f63c0590d05baea263cdc42c6e1df2d063fa2def309ecb0283f3036bf33d46,87f63c0590d05baea263cdc42c6e1df2d063fa2def309ecb0283f3036bf33d46,1787977910.0775864,36493.949,18247032,0,0.9584569931030273,1.0416193008422852,1.0431451797485352,0.00019073486328125,-0.00324249267578125,0.00476837158203125,-0.0073261260986328125,-0.0024423599243164062,-0.20268630981445312,-0.05128288269042969,-0.0073261260986328125,-0.0073261260986328125,-0.07570171356201172,-2.2632484436035156,6.379486083984375,-1.8241758346557617,0.10012245178222656,-0.10988998413085938,0.0,-2.5576456108701158,7.819558088605159,-1.8068889526726426,1.9874214758081015e-05,-0.005962395871447148
44,2,heldout,3,-1,-0.3490658503988659,2.0600180649998947,3,s,af3726fcacd0ac1320a56ea850b0a2c0f5430cf4eb20a45c078706980f08407e,d24fbe3839599a6a097188bae8cd47ce8083f27deef1341ae3086bf0d5a45bd1,87f63c0590d05baea263cdc42c6e1df2d063fa2def309ecb0283f3036bf33d46,87f63c0590d05baea263cdc42c6e1df2d063fa2def309ecb0283f3036bf33d46,1787977910.0794864,36493.951,18247033,0,0.9584569931030273,1.0416193008422852,1.0423822402954102,0.00019073486328125,-0.00324249267578125,0.00476837158203125,-0.0073261260986328125,-0.0024423599243164062,-0.19780254364013672,-0.0659332275390625,-0.0073261260986328125,-0.0073261260986328125,-0.07570171356201172,-2.2632484436035156,6.365810394287109,-1.8144073486328125,0.10012245178222656,-0.10988998413085938,0.0,-2.5595072581294374,7.821419735864481,-1.8071565749983962,8.517522676376352e-06,-0.005962302072485691
44,2,heldout,3,-1,-0.3490658503988659,2.0619204550021095,3,s,af3726fcacd0ac1320a56ea850b0a2c0f5430cf4eb20a45c078706980f08407e,d24fbe3839599a6a097188bae8cd47ce8083f27deef1341ae3086bf0d5a45bd1,87f63c0590d05baea263cdc42c6e1df2d063fa2def309ecb0283f3036bf33d46,87f63c0590d05baea263cdc42c6e1df2d063fa2def309ecb0283f3036bf33d46,1787977910.0813632,36493.953,18247034,0,0.9584569931030273,1.0416193008422852,1.0416193008422852,0.00019073486328125,-0.00324249267578125,0.00476837158203125,-0.0073261260986328125,-0.0024423599243164062,-0.1880340576171875,-0.03663063049316406,-0.021978378295898438,-0.0073261260986328125,-0.07570171356201172,-2.2632484436035156,6.270084381103516,-1.809523582458496,0.10500621795654297,-0.11477375030517578,0.0,-2.5613643527235035,7.823276830458548,-1.8074231454206304,-2.8391743631782167e-06,-0.0059622048030078326
44,2,heldout,3,-1,-0.3490658503988659,2.0637948970033904,3,s,af3726fcacd0ac1320a56ea850b0a2c0f5430cf4eb20a45c078706980f08407e,d24fbe3839599a6a097188bae8cd47ce8083f27deef1341ae3086bf0d5a45bd1,87f63c0590d05baea263cdc42c6e1df2d063fa2def309ecb0283f3036bf33d46,87f63c0590d05baea263cdc42c6e1df2d063fa2def309ecb0283f3036bf33d46,1787977910.0838413,36493.955,18247035,0,0.9584569931030273,1.0416193008422852,1.0408563613891602,0.00019073486328125,-0.00324249267578125,0.00476837158203125,-0.0073261260986328125,-0.0024423599243164062,-0.1782665252685547,-0.021978378295898438,-0.0073261260986328125,-0.0073261260986328125,-0.07570171356201172,-2.2632484436035156,6.215385437011719,-1.809523582458496,0.10500621795654297,-0.11477375030517578,0.0,-2.563216893571337,7.825129371306381,-1.8076886637841787,-1.4195869750114759e-05,-0.005962104063070185
44,2,heldout,3,-1,-0.3490658503988659,2.066281662999245,3,s,af3726fcacd0ac1320a56ea850b0a2c0f5430cf4eb20a45c078706980f08407e,d24fbe3839599a6a097188bae8cd47ce8083f27deef1341ae3086bf0d5a45bd1,87f63c0590d05baea263cdc42c6e1df2d063fa2def309ecb0283f3036bf33d46,87f63c0590d05baea263cdc42c6e1df2d063fa2def309ecb0283f3036bf33d46,1787977910.0857863,36493.956999999995,18247036,0,0.9584569931030273,1.0416193008422852,1.0400934219360352,0.00019073486328125,-0.00324249267578125,0.00476837158203125,-0.0073261260986328125,-0.0024423599243164062,-0.16849803924560547,-0.021978378295898438,0.0073261260986328125,-0.0073261260986328125,-0.07570171356201172,-2.2632484436035156,6.270084381103516,-1.8144073486328125,0.10500621795654297,-0.11477375030517578,0.0,-2.565064879594624,7.8269773573296675,-1.8079531299344915,-2.555255687397141e-05,-0.005961999852731391
44,2,heldout,3,-1,-0.3490658503988659,2.0682183259996236,3,s,af3726fcacd0ac1320a56ea850b0a2c0f5430cf4eb20a45c078706980f08407e,d24fbe3839599a6a097188bae8cd47ce8083f27deef1341ae3086bf0d5a45bd1,87f63c0590d05baea263cdc42c6e1df2d063fa2def309ecb0283f3036bf33d46,87f63c0590d05baea263cdc42c6e1df2d063fa2def309ecb0283f3036bf33d46,1787977910.087736,36493.958999999995,18247037,0,0.9584569931030273,1.0416193008422852,1.0397119522094727,0.00019073486328125,-0.00324249267578125,0.00476837158203125,-0.0073261260986328125,-0.0024423599243164062,-0.16361427307128906,0.0073261260986328125,-0.0073261260986328125,-0.0073261260986328125,-0.07570171356201172,-2.24957275390625,6.215385437011719,-1.8192920684814453,0.10500621795654297,-0.10988998413085938,0.0,-2.5659871642108123,7.827899641945858,-1.8080849683815545,-3.1230895271472324e-05,-0.005961946446180441
44,2,heldout,3,-1,-0.3490658503988659,2.0701746870036004,3,s,af3726fcacd0ac1320a56ea850b0a2c0f5430cf4eb20a45c078706980f08407e,d24fbe3839599a6a097188bae8cd47ce8083f27deef1341ae3086bf0d5a45bd1,87f63c0590d05baea263cdc42c6e1df2d063fa2def309ecb0283f3036bf33d46,87f63c0590d05baea263cdc42c6e1df2d063fa2def309ecb0283f3036bf33d46,1787977910.0897012,36493.960999999996,18247038,0,0.9584569931030273,1.0416193008422852,1.0389490127563477,0.00019073486328125,-0.00324249267578125,0.00476837158203125,-0.0073261260986328125,-0.0024423599243164062,-0.16361427307128906,0.021978378295898438,0.0073261260986328125,-0.0073261260986328125,-0.07570171356201172,-2.24957275390625,6.3111114501953125,-1.8290596008300781,0.10500621795654297,-0.11477375030517578,0.0,-2.5678283159812216,7.829740793716264,-1.8083478559235653,-4.258755760608895e-05,-0.005961837030354289
44,2,heldout,3,-1,-0.3490658503988659,2.0721423639988643,3,s,af3726fcacd0ac1320a56ea850b0a2c0f5430cf4eb20a45c078706980f08407e,d24fbe3839599a6a097188bae8cd47ce8083f27deef1341ae3086bf0d5a45bd1,87f63c0590d05baea263cdc42c6e1df2d063fa2def309ecb0283f3036bf33d46,87f63c0590d05baea263cdc42c6e1df2d063fa2def309ecb0283f3036bf33d46,1787977910.0916877,36493.962999999996,18247039,0,0.9584569931030273,1.0416193008422852,1.0381860733032227,0.00019073486328125,-0.00324249267578125,0.00476837158203125,-0.021978378295898438,-0.0024423599243164062,-0.17338180541992188,0.0073261260986328125,-0.021978378295898438,-0.0073261260986328125,-0.07570171356201172,-2.24957275390625,6.3111114501953125,-1.8437118530273438,0.10012245178222656,-0.11477375030517578,0.0,-2.569664910242881,7.831577387977926,-1.8086096908686409,-5.394419515148377e-05,-0.0059617241442824235
44,2,heldout,3,-1,-0.3490658503988659,2.0741471750006895,3,s,af3726fcacd0ac1320a56ea850b0a2c0f5430cf4eb20a45c078706980f08407e,d24fbe3839599a6a097188bae8cd47ce8083f27deef1341ae3086bf0d5a45bd1,87f63c0590d05baea263cdc42c6e1df2d063fa2def309ecb0283f3036bf33d46,87f63c0590d05baea263cdc42c6e1df2d063fa2def309ecb0283f3036bf33d46,1787977910.093615,36493.965,18247040,0,0.9584569931030273,1.0416193008422852,1.0374231338500977,0.00057220458984375,-0.00324249267578125,0.00476837158203125,-0.0073261260986328125,-0.0024423599243164062,-0.17338180541992188,0.0073261260986328125,-0.0073261260986328125,-0.0073261260986328125,-0.07570171356201172,-2.24957275390625,6.338462829589844,-1.8534793853759766,0.10500621795654297,-0.11477375030517578,0.0,-2.5716269421961537,7.833539419931198,-1.8090004693337713,-7.097909052947642e-05,-0.005961548308608199
44,2,heldout,3,-1,-0.3490658503988659,2.0760468779990333,3,s,af3726fcacd0ac1320a56ea850b0a2c0f5430cf4eb20a45c078706980f08407e,d24fbe3839599a6a097188bae8cd47ce8083f27deef1341ae3086bf0d5a45bd1,87f63c0590d05baea263cdc42c6e1df2d063fa2def309ecb0283f3036bf33d46,87f63c0590d05baea263cdc42c6e1df2d063fa2def309ecb0283f3036bf33d46,1787977910.0955143,36493.967,18247041,0,0.9584569931030273,1.0416193008422852,1.0366601943969727,0.00057220458984375,-0.00324249267578125,0.00476837158203125,-0.0073261260986328125,-0.0024423599243164062,-0.1782665252685547,0.021978378295898438,-0.0073261260986328125,-0.0073261260986328125,-0.07570171356201172,-2.2632484436035156,6.379486083984375,-1.8632478713989258,0.10500621795654297,-0.10988998413085938,0.0,-2.57345389172855,7.835366369463595,-1.8092596721210599,-8.23356371812221e-05,-0.005961426747213942
44,2,heldout,3,-1,-0.3490658503988659,2.077952022002137,3,s,af3726fcacd0ac1320a56ea850b0a2c0f5430cf4eb20a45c078706980f08407e,d24fbe3839599a6a097188bae8cd47ce8083f27deef1341ae3086bf0d5a45bd1,87f63c0590d05baea263cdc42c6e1df2d063fa2def309ecb0283f3036bf33d46,87f63c0590d05baea263cdc42c6e1df2d063fa2def309ecb0283f3036bf33d46,1787977910.0974305,36493.969,18247042,0,0.9584569931030273,1.0416193008422852,1.0358972549438477,0.00057220458984375,-0.00324249267578125,0.00476837158203125,-0.0073261260986328125,-0.0024423599243164062,-0.1782665252685547,0.021978378295898438,0.0073261260986328125,-0.0073261260986328125,-0.07570171356201172,-2.2769222259521484,6.338462829589844,-1.8730154037475586,0.10500621795654297,-0.11477375030517578,0.0,-2.5752762804776768,7.837188758212721,-1.809517821780663,-9.36921359073194e-05,-0.005961301715812783
44,2,heldout,3,-1,-0.3490658503988659,2.079864143001032,3,s,af3726fcacd0ac1320a56ea850b0a2c0f5430cf4eb20a45c078706980f08407e,d24fbe3839599a6a097188bae8cd47ce8083f27deef1341ae3086bf0d5a45bd1,87f63c0590d05baea263cdc42c6e1df2d063fa2def309ecb0283f3036bf33d46,87f63c0590d05baea263cdc42c6e1df2d063fa2def309ecb0283f3036bf33d46,1787977910.0993426,36493.971,18247043,0,0.9584569931030273,1.0416193008422852,1.0351343154907227,0.00057220458984375,-0.00324249267578125,0.00476837158203125,-0.0073261260986328125,-0.0024423599243164062,-0.1782665252685547,0.03663063049316406,0.0073261260986328125,-0.0073261260986328125,-0.07570171356201172,-2.2632484436035156,6.3111114501953125,-1.8827838897705078,0.10500621795654297,-0.11477375030517578,0.0,-2.5770941073827704,7.839006585117814,-1.8097749181623202,-0.00010504858009742142,-0.005961173214477506
44,2,heldout,3,-1,-0.3490658503988659,2.081773682999483,3,s,af3726fcacd0ac1320a56ea850b0a2c0f5430cf4eb20a45c078706980f08407e,d24fbe3839599a6a097188bae8cd47ce8083f27deef1341ae3086bf0d5a45bd1,87f63c0590d05baea263cdc42c6e1df2d063fa2def309ecb0283f3036bf33d46,87f63c0590d05baea263cdc42c6e1df2d063fa2def309ecb0283f3036bf33d46,1787977910.101804,36493.973,18247044,0,0.9584569931030273,1.0416193008422852,1.0347528457641602,0.00057220458984375,-0.00324249267578125,0.00476837158203125,-0.0073261260986328125,-0.0024423599243164062,-0.1782665252685547,0.03663063049316406,0.0073261260986328125,-0.0073261260986328125,-0.08058643341064453,-2.2632484436035156,6.297435760498047,-1.8925514221191406,0.10500621795654297,-0.11477375030517578,0.0,-2.5780013098130374,7.839913787548081,-1.8099030713271285,-0.00011072677967574466,-0.0059611076626078655
44,2,heldout,3,-1,-0.3490658503988659,2.0842331610037945,3,s,af3726fcacd0ac1320a56ea850b0a2c0f5430cf4eb20a45c078706980f08407e,d24fbe3839599a6a097188bae8cd47ce8083f27deef1341ae3086bf0d5a45bd1,87f63c0590d05baea263cdc42c6e1df2d063fa2def309ecb0283f3036bf33d46,87f63c0590d05baea263cdc42c6e1df2d063fa2def309ecb0283f3036bf33d46,1787977910.1037505,36493.975,18247045,0,0.9584569931030273,1.0416193008422852,1.0339899063110352,0.00057220458984375,-0.00324249267578125,0.00476837158203125,-0.0073261260986328125,-0.0024423599243164062,-0.17338180541992188,0.021978378295898438,-0.0073261260986328125,-0.0073261260986328125,-0.08058643341064453,-2.2632484436035156,6.24273681640625,-1.8974361419677734,0.10500621795654297,-0.11477375030517578,0.0,-2.5798122919689415,7.841724769703985,-1.8101585875114643,-0.00012208312966750836,-0.005960973956512286
44,2,heldout,3,-1,-0.3490658503988659,2.0861911220054026,3,s,af3726fcacd0ac1320a56ea850b0a2c0f5430cf4eb20a45c078706980f08407e,d24fbe3839599a6a097188bae8cd47ce8083f27deef1341ae3086bf0d5a45bd1,87f63c0590d05baea263cdc42c6e1df2d063fa2def309ecb0283f3036bf33d46,87f63c0590d05baea263cdc42c6e1df2d063fa2def309ecb0283f3036bf33d46,1787977910.1058736,36493.977,18247046,0,0.9584569931030273,1.0416193008422852,1.0332269668579102,0.00057220458984375,-0.00324249267578125,0.00476837158203125,-0.021978378295898438,-0.0024423599243164062,-0.1782665252685547,0.0073261260986328125,-0.021978378295898438,-0.0073261260986328125,-0.08058643341064453,-2.2632484436035156,6.297435760498047,-1.9023199081420898,0.10500621795654297,-0.11477375030517578,0.0,-2.581618709640502,7.843531187375547,-1.8104130500448785,-0.000133439408597541,-0.005960836780673363
44,2,heldout,3,-1,-0.3490658503988659,2.0883097910045763,3,s,af3726fcacd0ac1320a56ea850b0a2c0f5430cf4eb20a45c078706980f08407e,d24fbe3839599a6a097188bae8cd47ce8083f27deef1341ae3086bf0d5a45bd1,87f63c0590d05baea263cdc42c6e1df2d063fa2def309ecb0283f3036bf33d46,87f63c0590d05baea263cdc42c6e1df2d063fa2def309ecb0283f3036bf33d46,1787977910.1078258,36493.979,18247047,0,0.9584569931030273,1.0416193008422852,1.0324640274047852,0.00057220458984375,-0.00324249267578125,0.00476837158203125,-0.0073261260986328125,-0.0024423599243164062,-0.1880340576171875,0.0073261260986328125,0.0073261260986328125,-0.0073261260986328125,-0.08058643341064453,-2.2769222259521484,6.324787139892578,-1.9023199081420898,0.10500621795654297,-0.11477375030517578,0.0,-2.5834205617762485,7.845333039511292,-1.8106664587792543,-0.00014479560985562116,-0.00596069613517095
44,2,heldout,3,-1,-0.3490658503988659,2.090256561001297,3,s,af3726fcacd0ac1320a56ea850b0a2c0f5430cf4eb20a45c078706980f08407e,d24fbe3839599a6a097188bae8cd47ce8083f27deef1341ae3086bf0d5a45bd1,87f63c0590d05baea263cdc42c6e1df2d063fa2def309ecb0283f3036bf33d46,87f63c0590d05baea263cdc42c6e1df2d063fa2def309ecb0283f3036bf33d46,1787977910.109716,36493.981,18247048,0,0.9584569931030273,1.0416193008422852,1.0317010879516602,0.00057220458984375,-0.00324249267578125,0.00476837158203125,-0.0073261260986328125,-0.0024423599243164062,-0.1929178237915039,-0.0073261260986328125,-0.0073261260986328125,-0.0073261260986328125,-0.08058643341064453,-2.2769222259521484,6.420513153076172,-1.8974361419677734,0.10500621795654297,-0.11477375030517578,0.0,-2.58521784732736,7.8471303250624045,-1.8109188135670877,-0.00015615172683156536,-0.005960552020086909
44,2,heldout,3,-1,-0.3490658503988659,2.0921464080020087,3,s,af3726fcacd0ac1320a56ea850b0a2c0f5430cf4eb20a45c078706980f08407e,d24fbe3839599a6a097188bae8cd47ce8083f27deef1341ae3086bf0d5a45bd1,87f63c0590d05baea263cdc42c6e1df2d063fa2def309ecb0283f3036bf33d46,87f63c0590d05baea263cdc42c6e1df2d063fa2def309ecb0283f3036bf33d46,1787977910.1116142,36493.983,18247049,0,0.9584569931030273,1.0416193008422852,1.0309371948242188,0.00057220458984375,-0.00324249267578125,0.00476837158203125,-0.0073261260986328125,-0.0024423599243164062,-0.20268630981445312,-0.0073261260986328125,-0.0073261260986328125,-0.0073261260986328125,-0.08058643341064453,-2.2769222259521484,6.475212097167969,-1.8925514221191406,0.10500621795654297,-0.11477375030517578,0.0,-2.587012803286313,7.848925281021358,-1.811170427727666,-0.00016752194788821249,-0.005960404248853291
44,2,heldout,3,-1,-0.3490658503988659,2.094059359005769,3,s,af3726fcacd0ac1320a56ea850b0a2c0f5430cf4eb20a45c078706980f08407e,d24fbe3839599a6a097188bae8cd47ce8083f27deef1341ae3086bf0d5a45bd1,87f63c0590d05baea263cdc42c6e1df2d063fa2def309ecb0283f3036bf33d46,87f63c0590d05baea263cdc42c6e1df2d063fa2def309ecb0283f3036bf33d46,1787977910.1135156,36493.985,18247050,0,0.9584569931030273,1.0416193008422852,1.0301742553710938,0.00057220458984375,-0.00324249267578125,0.00476837158203125,-0.0073261260986328125,-0.0024423599243164062,-0.20268630981445312,-0.021978378295898438,-0.0073261260986328125,-0.0073261260986328125,-0.08058643341064453,-2.2769222259521484,6.447864532470703,-1.8827838897705078,0.10500621795654297,-0.11477375030517578,0.0,-2.588800946820855,7.850713424555899,-1.81142067286447,-0.00017887787634353976,-0.005960253190522967
44,2,heldout,3,-1,-0.3490658503988659,2.095943525004259,3,s,af3726fcacd0ac1320a56ea850b0a2c0f5430cf4eb20a45c078706980f08407e,d24fbe3839599a6a097188bae8cd47ce8083f27deef1341ae3086bf0d5a45bd1,87f63c0590d05baea263cdc42c6e1df2d063fa2def309ecb0283f3036bf33d46,87f63c0590d05baea263cdc42c6e1df2d063fa2def309ecb0283f3036bf33d46,1787977910.115404,36493.987,18247051,0,0.9584569931030273,1.0416193008422852,1.0294113159179688,0.00057220458984375,-0.00324249267578125,0.00476837158203125,-0.0073261260986328125,-0.0024423599243164062,-0.20268630981445312,-0.03663063049316406,-0.0073261260986328125,-0.0073261260986328125,-0.08058643341064453,-2.2632484436035156,6.406837463378906,-1.8730154037475586,0.10500621795654297,-0.10988998413085938,0.0,-2.590584520638966,7.85249699837401,-1.8116698636157225,-0.0001902337006782448,-0.005960098662868842
44,2,heldout,3,-1,-0.3490658503988659,2.0978315399988787,3,s,af3726fcacd0ac1320a56ea850b0a2c0f5430cf4eb20a45c078706980f08407e,d24fbe3839599a6a097188bae8cd47ce8083f27deef1341ae3086bf0d5a45bd1,87f63c0590d05baea263cdc42c6e1df2d063fa2def309ecb0283f3036bf33d46,87f63c0590d05baea263cdc42c6e1df2d063fa2def309ecb0283f3036bf33d46,1787977910.1178772,36493.989,18247052,0,0.9584569931030273,1.0416193008422852,1.0286483764648438,0.00019073486328125,-0.00324249267578125,0.00476837158203125,-0.021978378295898438,-0.0024423599243164062,-0.1929178237915039,-0.03663063049316406,-0.0073261260986328125,-0.0073261260986328125,-0.07570171356201172,-2.2769222259521484,6.3111114501953125,-1.8632478713989258,0.10500621795654297,-0.10988998413085938,0.0,-2.5922395874175153,7.854152065152559,-1.8117940635514151,-0.00019591157173474898,-0.005960020098073386
44,2,heldout,3,-1,-0.3490658503988659,2.1003082230017753,3,s,af3726fcacd0ac1320a56ea850b0a2c0f5430cf4eb20a45c078706980f08407e,d24fbe3839599a6a097188bae8cd47ce8083f27deef1341ae3086bf0d5a45bd1,87f63c0590d05baea263cdc42c6e1df2d063fa2def309ecb0283f3036bf33d46,87f63c0590d05baea263cdc42c6e1df2d063fa2def309ecb0283f3036bf33d46,1787977910.1197896,36493.991,18247053,0,0.9584569931030273,1.0416193008422852,1.0278854370117188,0.00019073486328125,-0.00324249267578125,0.00476837158203125,0.0073261260986328125,-0.0024423599243164062,-0.1831502914428711,-0.08058547973632812,-0.0073261260986328125,-0.0073261260986328125,-0.07570171356201172,-2.2769222259521484,6.420513153076172,-1.8485956192016602,0.10012245178222656,-0.10988998413085938,0.0,-2.5940145460464383,7.855927023781484,-1.8120416724525672,-0.00020726722749486547,-0.005959860366602847
44,2,heldout,3,-1,-0.3490658503988659,2.1022213450050913,3,s,af3726fcacd0ac1320a56ea850b0a2c0f5430cf4eb20a45c078706980f08407e,d24fbe3839599a6a097188bae8cd47ce8083f27deef1341ae3086bf0d5a45bd1,87f63c0590d05baea263cdc42c6e1df2d063fa2def309ecb0283f3036bf33d46,87f63c0590d05baea263cdc42c6e1df2d063fa2def309ecb0283f3036bf33d46,1787977910.1217058,36493.992999999995,18247054,0,0.9584569931030273,1.0416193008422852,1.0271224975585938,0.00019073486328125,-0.00324249267578125,0.00476837158203125,-0.0073261260986328125,-0.0024423599243164062,-0.1831502914428711,-0.0659332275390625,-0.0073261260986328125,-0.0073261260986328125,-0.07570171356201172,-2.290597915649414,6.475212097167969,-1.8339433670043945,0.10500621795654297,-0.10988998413085938,0.0,-2.595784931924219,7.857697409659264,-1.8122882266066973,-0.00021862276260958556,-0.005959697166037164
44,2,heldout,3,-1,-0.3490658503988659,2.1041348650032887,3,s,af3726fcacd0ac1320a56ea850b0a2c0f5430cf4eb20a45c078706980f08407e,d24fbe3839599a6a097188bae8cd47ce8083f27deef1341ae3086bf0d5a45bd1,87f63c0590d05baea263cdc42c6e1df2d063fa2def309ecb0283f3036bf33d46,87f63c0590d05baea263cdc42c6e1df2d063fa2def309ecb0283f3036bf33d46,1787977910.1235814,36493.994999999995,18247055,0,0.9584569931030273,1.0416193008422852,1.0263595581054688,0.00019073486328125,-0.00324249267578125,0.00476837158203125,-0.0073261260986328125,-0.0024423599243164062,-0.1831502914428711,-0.03663063049316406,-0.0073261260986328125,-0.0073261260986328125,-0.08058643341064453,-2.290597915649414,6.4341888427734375,-1.8241758346557617,0.10500621795654297,-0.10988998413085938,0.0,-2.5975507440203542,7.859463221755399,-1.8125337258702925,-0.0002299781704691094,-0.005959530496471329
44,2,heldout,3,-1,-0.3490658503988659,2.106007053000212,3,s,af3726fcacd0ac1320a56ea850b0a2c0f5430cf4eb20a45c078706980f08407e,d24fbe3839599a6a097188bae8cd47ce8083f27deef1341ae3086bf0d5a45bd1,87f63c0590d05baea263cdc42c6e1df2d063fa2def309ecb0283f3036bf33d46,87f63c0590d05baea263cdc42c6e1df2d063fa2def309ecb0283f3036bf33d46,1787977910.125439,36493.996999999996,18247056,0,0.9584569931030273,1.0416193008422852,1.0255966186523438,0.00019073486328125,-0.00324249267578125,0.00476837158203125,0.0073261260986328125,-0.0024423599243164062,-0.1929178237915039,-0.021978378295898438,-0.0073261260986328125,-0.0073261260986328125,-0.08058643341064453,-2.290597915649414,6.447864532470703,-1.8192920684814453,0.10500621795654297,-0.11477375030517578,0.0,-2.599311981307013,7.861224459042057,-1.8127781701004546,-0.00024133344446373097,-0.00595936035800236
44,2,heldout,3,-1,-0.3490658503988659,2.107861133001279,3,s,af3726fcacd0ac1320a56ea850b0a2c0f5430cf4eb20a45c078706980f08407e,d24fbe3839599a6a097188bae8cd47ce8083f27deef1341ae3086bf0d5a45bd1,87f63c0590d05baea263cdc42c6e1df2d063fa2def309ecb0283f3036bf33d46,87f63c0590d05baea263cdc42c6e1df2d063fa2def309ecb0283f3036bf33d46,1787977910.1273208,36493.998999999996,18247057,0,0.9584569931030273,1.0416193008422852,1.0248336791992188,0.00019073486328125,-0.00324249267578125,0.00476837158203125,-0.0073261260986328125,-0.0024423599243164062,-0.1929178237915039,-0.021978378295898438,-0.021978378295898438,-0.0073261260986328125,-0.08058643341064453,-2.3042736053466797,6.379486083984375,-1.8192920684814453,0.10012245178222656,-0.11477375030517578,0.0,-2.601068642759017,7.862981120494062,-1.8130215591548975,-0.0002526885779838042,-0.005959186750729289
44,2,heldout,3,-1,-0.3490658503988659,2.1097563940056716,3,s,af3726fcacd0ac1320a56ea850b0a2c0f5430cf4eb20a45c078706980f08407e,d24fbe3839599a6a097188bae8cd47ce8083f27deef1341ae3086bf0d5a45bd1,87f63c0590d05baea263cdc42c6e1df2d063fa2def309ecb0283f3036bf33d46,87f63c0590d05baea263cdc42c6e1df2d063fa2def309ecb0283f3036bf33d46,1787977910.1297848,36494.001,18247058,0,0.9584569931030273,1.0416193008422852,1.0240707397460938,0.00019073486328125,-0.00324249267578125,0.00476837158203125,-0.0073261260986328125,-0.0024423599243164062,-0.1880340576171875,-0.0073261260986328125,0.0073261260986328125,-0.0073261260986328125,-0.07570171356201172,-2.3042736053466797,6.406837463378906,-1.8241758346557617,0.10012245178222656,-0.10988998413085938,0.0,-2.6028207273538517,7.864733205088896,-1.8132638928919491,-0.0002640435644197757,-0.0059590096747531695
44,2,heldout,3,-1,-0.3490658503988659,2.112217840003723,3,s,af3726fcacd0ac1320a56ea850b0a2c0f5430cf4eb20a45c078706980f08407e,d24fbe3839599a6a097188bae8cd47ce8083f27deef1341ae3086bf0d5a45bd1,87f63c0590d05baea263cdc42c6e1df2d063fa2def309ecb0283f3036bf33d46,87f63c0590d05baea263cdc42c6e1df2d063fa2def309ecb0283f3036bf33d46,1787977910.1316988,36494.003,18247059,0,0.9584569931030273,1.0416193008422852,1.0233078002929688,0.00019073486328125,-0.00324249267578125,0.00476837158203125,-0.0073261260986328125,-0.0024423599243164062,-0.1831502914428711,0.0073261260986328125,-0.0073261260986328125,-0.0073261260986328125,-0.08058643341064453,-2.3042736053466797,6.393161773681641,-1.8339433670043945,0.10012245178222656,-0.10988998413085938,0.0,-2.604568234071676,7.866480711806719,-1.8135051711705545,-0.00027539839716217,-0.005958829130177072
44,2,heldout,3,-1,-0.3490658503988659,2.114145899002324,3,s,af3726fcacd0ac1320a56ea850b0a2c0f5430cf4eb20a45c078706980f08407e,d24fbe3839599a6a097188bae8cd47ce8083f27deef1341ae3086bf0d5a45bd1,87f63c0590d05baea263cdc42c6e1df2d063fa2def309ecb0283f3036bf33d46,87f63c0590d05baea263cdc42c6e1df2d063fa2def309ecb0283f3036bf33d46,1787977910.1336179,36494.005,18247060,0,0.9584569931030273,1.0416193008422852,1.0229263305664062,0.00019073486328125,-0.00324249267578125,0.00476837158203125,0.0073261260986328125,-0.0024423599243164062,-0.17338180541992188,0.021978378295898438,-0.0073261260986328125,-0.0073261260986328125,-0.08058643341064453,-2.3042736053466797,6.297435760498047,-1.8437118530273438,0.10500621795654297,-0.10988998413085938,0.0,-2.605440270408732,7.867352748143777,-1.8136254144690274,-0.00028107575383284287,-0.005958737557196796
44,2,heldout,3,-1,-0.3490658503988659,2.1160493760035024,3,s,af3726fcacd0ac1320a56ea850b0a2c0f5430cf4eb20a45c078706980f08407e,d24fbe3839599a6a097188bae8cd47ce8083f27deef1341ae3086bf0d5a45bd1,87f63c0590d05baea263cdc42c6e1df2d063fa2def309ecb0283f3036bf33d46,87f63c0590d05baea263cdc42c6e1df2d063fa2def309ecb0283f3036bf33d46,1787977910.135762,36494.007,18247061,0,0.9584569931030273,1.0416193008422852,1.0221633911132812,0.00019073486328125,-0.00324249267578125,0.00476837158203125,-0.0073261260986328125,-0.0024423599243164062,-0.17338180541992188,0.0073261260986328125,-0.021978378295898438,-0.0073261260986328125,-0.08058643341064453,-2.3042736053466797,6.270084381103516,-1.8534793853759766,0.10500621795654297,-0.10988998413085938,0.0,-2.60718090840465,7.869093386139694,-1.8138651092968243,-0.0002924303436423111,-0.005958551809918408
44,2,heldout,3,-1,-0.3490658503988659,2.118195310998999,3,s,af3726fcacd0ac1320a56ea850b0a2c0f5430cf4eb20a45c078706980f08407e,d24fbe3839599a6a097188bae8cd47ce8083f27deef1341ae3086bf0d5a45bd1,87f63c0590d05baea263cdc42c6e1df2d063fa2def309ecb0283f3036bf33d46,87f63c0590d05baea263cdc42c6e1df2d063fa2def309ecb0283f3036bf33d46,1787977910.1377232,36494.009,18247062,0,0.9584569931030273,1.0416193008422852,1.0214004516601562,0.00057220458984375,-0.00324249267578125,0.00476837158203125,-0.0073261260986328125,-0.0024423599243164062,-0.15873050689697266,0.0073261260986328125,-0.0073261260986328125,-0.0073261260986328125,-0.08058643341064453,-2.3042736053466797,6.215385437011719,-1.8681316375732422,0.10988998413085938,-0.10988998413085938,0.0,-2.6090358895237116,7.870948367258755,-1.8142226718543364,-0.0003094619071345552,-0.005958266685909924
44,2,heldout,3,-1,-0.3490658503988659,2.120153569005197,3,s,af3726fcacd0ac1320a56ea850b0a2c0f5430cf4eb20a45c078706980f08407e,d24fbe3839599a6a097188bae8cd47ce8083f27deef1341ae3086bf0d5a45bd1,87f63c0590d05baea263cdc42c6e1df2d063fa2def309ecb0283f3036bf33d46,87f63c0590d05baea263cdc42c6e1df2d063fa2def309ecb0283f3036bf33d46,1787977910.139643,36494.011,18247063,0,0.9584569931030273,1.0416193008422852,1.0206375122070312,0.00057220458984375,-0.00324249267578125,0.00476837158203125,-0.021978378295898438,-0.0024423599243164062,-0.16361427307128906,0.05128288269042969,0.0073261260986328125,-0.0073261260986328125,-0.07570171356201172,-2.3042736053466797,6.297435760498047,-1.8730154037475586,0.10988998413085938,-0.10988998413085938,0.0,-2.6107668376536135,7.872679315388657,-1.814459726900873,-0.00032081605900977756,-0.005958072268005015
44,2,heldout,3,-1,-0.3490658503988659,2.1220742930017877,3,s,af3726fcacd0ac1320a56ea850b0a2c0f5430cf4eb20a45c078706980f08407e,d24fbe3839599a6a097188bae8cd47ce8083f27deef1341ae3086bf0d5a45bd1,87f63c0590d05baea263cdc42c6e1df2d063fa2def309ecb0283f3036bf33d46,87f63c0590d05baea263cdc42c6e1df2d063fa2def309ecb0283f3036bf33d46,1787977910.1416185,36494.013,18247064,0,0.9584569931030273,1.0416193008422852,1.0198745727539062,0.00057220458984375,-0.00324249267578125,0.00476837158203125,-0.021978378295898438,-0.0024423599243164062,-0.17338180541992188,0.03663063049316406,-0.021978378295898438,-0.0073261260986328125,-0.07570171356201172,-2.3042736053466797,6.406837463378906,-1.8876676559448242,0.10500621795654297,-0.10988998413085938,0.0,-2.612493203281256,7.874405681016301,-1.8146957257928973,-0.00033217002414548814,-0.005957874382045774
44,2,heldout,3,-1,-0.3490658503988659,2.124049563004519,3,s,af3726fcacd0ac1320a56ea850b0a2c0f5430cf4eb20a45c078706980f08407e,d24fbe3839599a6a097188bae8cd47ce8083f27deef1341ae3086bf0d5a45bd1,87f63c0590d05baea263cdc42c6e1df2d063fa2def309ecb0283f3036bf33d46,87f63c0590d05baea263cdc42c6e1df2d063fa2def309ecb0283f3036bf33d46,1787977910.1441698,36494.015,18247065,0,0.9584569931030273,1.0416193008422852,1.0194931030273438,0.00095367431640625,-0.00324249267578125,0.00476837158203125,-0.0073261260986328125,-0.0024423599243164062,-0.1782665252685547,0.05128288269042969,-0.0073261260986328125,-0.0073261260986328125,-0.07570171356201172,-2.3042736053466797,6.393161773681641,-1.9023199081420898,0.10500621795654297,-0.10988998413085938,0.0,-2.613472006597626,7.8753844843326695,-1.814930668393037,-0.00034352379593280673,-0.0059576730281473795
44,2,heldout,3,-1,-0.3490658503988659,2.1266026350058382,3,s,af3726fcacd0ac1320a56ea850b0a2c0f5430cf4eb20a45c078706980f08407e,d24fbe3839599a6a097188bae8cd47ce8083f27deef1341ae3086bf0d5a45bd1,87f63c0590d05baea263cdc42c6e1df2d063fa2def309ecb0283f3036bf33d46,87f63c0590d05baea263cdc42c6e1df2d063fa2def309ecb0283f3036bf33d46,1787977910.1455505,36494.017,18247066,0,0.9584569931030273,1.0416193008422852,1.0187301635742188,0.00095367431640625,-0.00324249267578125,0.00476837158203125,-0.0073261260986328125,-0.0024423599243164062,-0.1831502914428711,0.03663063049316406,-0.0073261260986328125,-0.0073261260986328125,-0.07570171356201172,-2.3042736053466797,6.475212097167969,-1.9120874404907227,0.10500621795654297,-0.10988998413085938,0.0,-2.6151909683571968,7.8771034460922404,-1.8151645545645396,-0.00035487736776296794,-0.005957468206427042
44,2,heldout,3,-1,-0.3490658503988659,2.127982726000482,3,s,af3726fcacd0ac1320a56ea850b0a2c0f5430cf4eb20a45c078706980f08407e,d24fbe3839599a6a097188bae8cd47ce8083f27deef1341ae3086bf0d5a45bd1,87f63c0590d05baea263cdc42c6e1df2d063fa2def309ecb0283f3036bf33d46,87f63c0590d05baea263cdc42c6e1df2d063fa2def309ecb0283f3036bf33d46,1787977910.147518,36494.019,18247067,0,0.9584569931030273,1.0416193008422852,1.0179672241210938,0.00095367431640625,-0.00324249267578125,0.00476837158203125,-0.021978378295898438,-0.0024423599243164062,-0.1831502914428711,0.021978378295898438,-0.0073261260986328125,-0.0073261260986328125,-0.07570171356201172,-2.3042736053466797,6.406837463378906,-1.9169721603393555,0.10500621795654297,-0.10988998413085938,0.0,-2.6169053450393256,7.878817822774369,-1.815397384171264,-0.0003662307330273242,-0.005957259917003979
44,2,heldout,3,-1,-0.3490658503988659,2.129949845999363,3,s,af3726fcacd0ac1320a56ea850b0a2c0f5430cf4eb20a45c078706980f08407e,d24fbe3839599a6a097188bae8cd47ce8083f27deef1341ae3086bf0d5a45bd1,87f63c0590d05baea263cdc42c6e1df2d063fa2def309ecb0283f3036bf33d46,87f63c0590d05baea263cdc42c6e1df2d063fa2def309ecb0283f3036bf33d46,1787977910.1494565,36494.021,18247068,0,0.9584569931030273,1.0416193008422852,1.0172042846679688,0.00095367431640625,-0.00324249267578125,0.00476837158203125,-0.0073261260986328125,-0.0024423599243164062,-0.1831502914428711,0.03663063049316406,-0.0073261260986328125,-0.0073261260986328125,-0.07570171356201172,-2.3042736053466797,6.393161773681641,-1.9218559265136719,0.10500621795654297,-0.10988998413085938,0.0,-2.6186151356461127,7.880527613381156,-1.8156291570776852,-0.00037758388511734744,-0.005957048159999431
44,2,heldout,3,-1,-0.3490658503988659,2.131887601004564,3,s,af3726fcacd0ac1320a56ea850b0a2c0f5430cf4eb20a45c078706980f08407e,d24fbe3839599a6a097188bae8cd47ce8083f27deef1341ae3086bf0d5a45bd1,87f63c0590d05baea263cdc42c6e1df2d063fa2def309ecb0283f3036bf33d46,87f63c0590d05baea263cdc42c6e1df2d063fa2def309ecb0283f3036bf33d46,1787977910.1514292,36494.023,18247069,0,0.9584569931030273,1.0416193008422852,1.0164413452148438,0.00095367431640625,-0.00324249267578125,0.00476837158203125,0.0073261260986328125,-0.0024423599243164062,-0.1880340576171875,0.021978378295898438,-0.0073261260986328125,-0.0073261260986328125,-0.07570171356201172,-2.3042736053466797,6.4341888427734375,-1.9267396926879883,0.10500621795654297,-0.10988998413085938,0.0,-2.6203203391823364,7.88223281691738,-1.815859873148896,-0.0003889368174246349,-0.00595683293553666
44,2,heldout,3,-1,-0.3490658503988659,2.133901348002837,3,s,af3726fcacd0ac1320a56ea850b0a2c0f5430cf4eb20a45c078706980f08407e,d24fbe3839599a6a097188bae8cd47ce8083f27deef1341ae3086bf0d5a45bd1,87f63c0590d05baea263cdc42c6e1df2d063fa2def309ecb0283f3036bf33d46,87f63c0590d05baea263cdc42c6e1df2d063fa2def309ecb0283f3036bf33d46,1787977910.1534085,36494.025,18247070,0,0.9584569931030273,1.0416193008422852,1.0156784057617188,0.00095367431640625,-0.00324249267578125,0.00476837158203125,-0.0073261260986328125,-0.0024423599243164062,-0.1880340576171875,0.0073261260986328125,-0.0073261260986328125,-0.0073261260986328125,-0.07570171356201172,-2.3179492950439453,6.461540222167969,-1.9267396926879883,0.10500621795654297,-0.11477375030517578,0.0,-2.6220209546554263,7.88393343239047,-1.816089532250599,-0.00040028952334090573,-0.005956614243740939
44,2,heldout,3,-1,-0.3490658503988659,2.1358388230000855,3,s,af3726fcacd0ac1320a56ea850b0a2c0f5430cf4eb20a45c078706980f08407e,d24fbe3839599a6a097188bae8cd47ce8083f27deef1341ae3086bf0d5a45bd1,87f63c0590d05baea263cdc42c6e1df2d063fa2def309ecb0283f3036bf33d46,87f63c0590d05baea263cdc42c6e1df2d063fa2def309ecb0283f3036bf33d46,1787977910.1559613,36494.027,18247071,0,0.9584569931030273,1.0416193008422852,1.0149154663085938,0.00095367431640625,-0.00324249267578125,0.00476837158203125,-0.0073261260986328125,-0.0024423599243164062,-0.1831502914428711,-0.021978378295898438,-0.0073261260986328125,-0.0073261260986328125,-0.07570171356201172,-2.3179492950439453,6.516239166259766,-1.9218559265136719,0.10500621795654297,-0.11477375030517578,0.0,-2.623716981075502,7.885629458810547,-1.8163181342491177,-0.00041164199625802456,-0.0059563920847395665
44,2,heldout,3,-1,-0.3490658503988659,2.1384153820035863,3,s,af3726fcacd0ac1320a56ea850b0a2c0f5430cf4eb20a45c078706980f08407e,d24fbe3839599a6a097188bae8cd47ce8083f27deef1341ae3086bf0d5a45bd1,87f63c0590d05baea263cdc42c6e1df2d063fa2def309ecb0283f3036bf33d46,87f63c0590d05baea263cdc42c6e1df2d063fa2def309ecb0283f3036bf33d46,1787977910.1574702,36494.028999999995,18247072,0,0.9584569931030273,1.0416193008422852,1.0141525268554688,0.00057220458984375,-0.00324249267578125,0.00476837158203125,-0.0073261260986328125,-0.0024423599243164062,-0.1831502914428711,-0.021978378295898438,-0.0073261260986328125,-0.0073261260986328125,-0.07570171356201172,-2.3179492950439453,6.543590545654297,-1.9120874404907227,0.10500621795654297,-0.11477375030517578,0.0,-2.6252947772370354,7.887207254972079,-1.816432038793076,-0.0004173181432768918,-0.005956279705077091
44,2,heldout,3,-1,-0.3490658503988659,2.1399043499986874,3,s,af3726fcacd0ac1320a56ea850b0a2c0f5430cf4eb20a45c078706980f08407e,d24fbe3839599a6a097188bae8cd47ce8083f27deef1341ae3086bf0d5a45bd1,87f63c0590d05baea263cdc42c6e1df2d063fa2def309ecb0283f3036bf33d46,87f63c0590d05baea263cdc42c6e1df2d063fa2def309ecb0283f3036bf33d46,1787977910.159415,36494.030999999995,18247073,0,0.9584569931030273,1.0416193008422852,1.0133895874023438,0.00057220458984375,-0.00324249267578125,0.00476837158203125,-0.0073261260986328125,-0.0024423599243164062,-0.1831502914428711,-0.021978378295898438,0.0073261260986328125,-0.0073261260986328125,-0.08058643341064453,-2.3179492950439453,6.488887786865234,-1.9023199081420898,0.10500621795654297,-0.10988998413085938,0.0,-2.626982151292965,7.888894629028009,-1.8166590548875132,-0.0004286702543053006,-0.005956052345510334
44,2,heldout,3,-1,-0.3490658503988659,2.141847068000061,3,s,af3726fcacd0ac1320a56ea850b0a2c0f5430cf4eb20a45c078706980f08407e,d24fbe3839599a6a097188bae8cd47ce8083f27deef1341ae3086bf0d5a45bd1,87f63c0590d05baea263cdc42c6e1df2d063fa2def309ecb0283f3036bf33d46,87f63c0590d05baea263cdc42c6e1df2d063fa2def309ecb0283f3036bf33d46,1787977910.1613696,36494.032999999996,18247074,0,0.9584569931030273,1.0416193008422852,1.0130081176757812,0.00057220458984375,-0.00324249267578125,0.00476837158203125,0.0073261260986328125,-0.0024423599243164062,-0.1831502914428711,-0.05128288269042969,-0.0073261260986328125,-0.0073261260986328125,-0.08058643341064453,-2.331623077392578,6.516239166259766,-1.8876676559448242,0.10500621795654297,-0.10988998413085938,0.0,-2.627824116404406,7.88973659413945,-1.8167721664049574,-0.0004343462166628918,-0.005955937365639133
44,2,heldout,3,-1,-0.3490658503988659,2.1438100550003583,3,s,af3726fcacd0ac1320a56ea850b0a2c0f5430cf4eb20a45c078706980f08407e,d24fbe3839599a6a097188bae8cd47ce8083f27deef1341ae3086bf0d5a45bd1,87f63c0590d05baea263cdc42c6e1df2d063fa2def309ecb0283f3036bf33d46,87f63c0590d05baea263cdc42c6e1df2d063fa2def309ecb0283f3036bf33d46,1787977910.1638758,36494.034999999996,18247075,0,0.9584569931030273,1.0416193008422852,1.0122451782226562,0.00057220458984375,-0.00324249267578125,0.00476837158203125,-0.0073261260986328125,-0.0024423599243164062,-0.1831502914428711,-0.03663063049316406,-0.0073261260986328125,-0.0073261260986328125,-0.08058643341064453,-2.3179492950439453,6.5025634765625,-1.8730154037475586,0.10500621795654297,-0.10988998413085938,0.0,-2.629504602181633,7.8914170799166765,-1.8169975962979974,-0.00044569795093504913,-0.005955704805804755
44,2,heldout,3,-1,-0.3490658503988659,2.1463083890048438,3,s,af3726fcacd0ac1320a56ea850b0a2c0f5430cf4eb20a45c078706980f08407e,d24fbe3839599a6a097188bae8cd47ce8083f27deef1341ae3086bf0d5a45bd1,87f63c0590d05baea263cdc42c6e1df2d063fa2def309ecb0283f3036bf33d46,87f63c0590d05baea263cdc42c6e1df2d063fa2def309ecb0283f3036bf33d46,1787977910.1661043,36494.037,18247076,0,0.9584569931030273,1.0416193008422852,1.0114822387695312,0.00057220458984375,-0.00324249267578125,0.00476837158203125,0.0073261260986328125,-0.0024423599243164062,-0.1831502914428711,-0.03663063049316406,-0.0073261260986328125,-0.0073261260986328125,-0.08058643341064453,-2.331623077392578,6.5025634765625,-1.8632478713989258,0.10500621795654297,-0.10988998413085938,0.0,-2.6311804945497905,7.893092972284833,-1.817221968559289,-0.0004570494257768641,-0.0059554687792940895
44,2,heldout,3,-1,-0.3490658503988659,2.1488069230035762,3,s,af3726fcacd0ac1320a56ea850b0a2c0f5430cf4eb20a45c078706980f08407e,d24fbe3839599a6a097188bae8cd47ce8083f27deef1341ae3086bf0d5a45bd1,87f63c0590d05baea263cdc42c6e1df2d063fa2def309ecb0283f3036bf33d46,87f63c0590d05baea263cdc42c6e1df2d063fa2def309ecb0283f3036bf33d46,1787977910.1678073,36494.039,18247077,0,0.9584569931030273,1.0416193008422852,1.0107192993164062,0.00057220458984375,-0.00324249267578125,0.00476837158203125,0.0073261260986328125,-0.0024423599243164062,-0.1831502914428711,-0.03663063049316406,-0.0073261260986328125,-0.0073261260986328125,-0.08058643341064453,-2.331623077392578,6.570941925048828,-1.8534793853759766,0.10012245178222656,-0.10988998413085938,0.0,-2.632851792533374,7.8947642702684195,-1.8174452830582306,-0.00046840063458091207,-0.005955229286244516
44,2,heldout,3,-1,-0.3490658503988659,2.1502486919998773,3,s,af3726fcacd0ac1320a56ea850b0a2c0f5430cf4eb20a45c078706980f08407e,d24fbe3839599a6a097188bae8cd47ce8083f27deef1341ae3086bf0d5a45bd1,87f63c0590d05baea263cdc42c6e1df2d063fa2def309ecb0283f3036bf33d46,87f63c0590d05baea263cdc42c6e1df2d063fa2def309ecb0283f3036bf33d46,1787977910.169806,36494.041,18247078,0,0.9584569931030273,1.0416193008422852,1.0099563598632812,0.00019073486328125,-0.00324249267578125,0.00476837158203125,-0.021978378295898438,-0.0024423599243164062,-0.1831502914428711,-0.03663063049316406,0.0073261260986328125,-0.0073261260986328125,-0.08058643341064453,-2.331623077392578,6.543590545654297,-1.8485956192016602,0.10012245178222656,-0.10988998413085938,0.0,-2.634407499100907,7.896319976835952,-1.8175565436061751,-0.0004740761371539952,-0.005955108239811125
44,2,heldout,3,-1,-0.3490658503988659,2.15223680499912,3,s,af3726fcacd0ac1320a56ea850b0a2c0f5430cf4eb20a45c078706980f08407e,d24fbe3839599a6a097188bae8cd47ce8083f27deef1341ae3086bf0d5a45bd1,87f63c0590d05baea263cdc42c6e1df2d063fa2def309ecb0283f3036bf33d46,87f63c0590d05baea263cdc42c6e1df2d063fa2def309ecb0283f3036bf33d46,1787977910.1717432,36494.043,18247079,0,0.9584569931030273,1.0416193008422852,1.0091934204101562,0.00019073486328125,-0.00324249267578125,0.00476837158203125,-0.0073261260986328125,-0.0024423599243164062,-0.1782665252685547,-0.0073261260986328125,-0.0073261260986328125,-0.0073261260986328125,-0.07570171356201172,-2.331623077392578,6.5025634765625,-1.8437118530273438,0.10012245178222656,-0.10988998413085938,0.0,-2.6360701344265425,7.897982612161586,-1.8177782712180592,-0.00048542693451280585,-0.005954863547215207
44,2,heldout,3,-1,-0.3490658503988659,2.1541947240039008,3,s,af3726fcacd0ac1320a56ea850b0a2c0f5430cf4eb20a45c078706980f08407e,d24fbe3839599a6a097188bae8cd47ce8083f27deef1341ae3086bf0d5a45bd1,87f63c0590d05baea263cdc42c6e1df2d063fa2def309ecb0283f3036bf33d46,87f63c0590d05baea263cdc42c6e1df2d063fa2def309ecb0283f3036bf33d46,1787977910.1737037,36494.045,18247080,0,0.9584569931030273,1.0416193008422852,1.0088119506835938,0.00057220458984375,-0.00324249267578125,0.00476837158203125,-0.0073261260986328125,-0.0024423599243164062,-0.16849803924560547,-0.0073261260986328125,-0.0073261260986328125,-0.0073261260986328125,-0.07570171356201172,-2.331623077392578,6.420513153076172,-1.8437118530273438,0.10500621795654297,-0.10988998413085938,0.0,-2.6370099306822747,7.898922408417319,-1.8179989407437835,-0.0004967774493159684,-0.005954615388432677
44,2,heldout,3,-1,-0.3490658503988659,2.156134959004703,3,s,af3726fcacd0ac1320a56ea850b0a2c0f5430cf4eb20a45c078706980f08407e,d24fbe3839599a6a097188bae8cd47ce8083f27deef1341ae3086bf0d5a45bd1,87f63c0590d05baea263cdc42c6e1df2d063fa2def309ecb0283f3036bf33d46,87f63c0590d05baea263cdc42c6e1df2d063fa2def309ecb0283f3036bf33d46,1787977910.1756344,36494.047,18247081,0,0.9584569931030273,1.0416193008422852,1.0080490112304688,0.00057220458984375,-0.00324249267578125,0.00476837158203125,-0.021978378295898438,-0.0024423599243164062,-0.15873050689697266,-0.0073261260986328125,-0.0073261260986328125,-0.0073261260986328125,-0.07570171356201172,-2.3452987670898438,6.338462829589844,-1.8534793853759766,0.10012245178222656,-0.10988998413085938,0.0,-2.638665140676436,7.90057761841148,-1.8182185520548995,-0.000508127674956609,-0.005954363763607978
44,2,heldout,3,-1,-0.3490658503988659,2.158066369003791,3,s,af3726fcacd0ac1320a56ea850b0a2c0f5430cf4eb20a45c078706980f08407e,d24fbe3839599a6a097188bae8cd47ce8083f27deef1341ae3086bf0d5a45bd1,87f63c0590d05baea263cdc42c6e1df2d063fa2def309ecb0283f3036bf33d46,87f63c0590d05baea263cdc42c6e1df2d063fa2def309ecb0283f3036bf33d46,1787977910.1775773,36494.049,18247082,0,0.9584569931030273,1.0416193008422852,1.0072860717773438,0.00057220458984375,-0.00324249267578125,0.00476837158203125,-0.021978378295898438,-0.0024423599243164062,-0.15384578704833984,-0.0073261260986328125,-0.0073261260986328125,-0.0073261260986328125,-0.07570171356201172,-2.3452987670898438,6.365810394287109,-1.8632478713989258,0.10012245178222656,-0.10988998413085938,0.0,-2.6403157519293905,7.902228229664434,-1.8184371050235775,-0.0005194776048280333,-0.005954108672887581
44,2,heldout,3,-1,-0.3490658503988659,2.1600076660033665,3,s,af3726fcacd0ac1320a56ea850b0a2c0f5430cf4eb20a45c078706980f08407e,d24fbe3839599a6a097188bae8cd47ce8083f27deef1341ae3086bf0d5a45bd1,87f63c0590d05baea263cdc42c6e1df2d063fa2def309ecb0283f3036bf33d46,87f63c0590d05baea263cdc42c6e1df2d063fa2def309ecb0283f3036bf33d46,1787977910.179544,36494.051,18247083,0,0.9584569931030273,1.0416193008422852,1.0069046020507812,0.00057220458984375,-0.00324249267578125,0.00476837158203125,-0.0073261260986328125,-0.0024423599243164062,-0.14896202087402344,0.021978378295898438,-0.0073261260986328125,-0.0073261260986328125,-0.07570171356201172,-2.3452987670898438,6.338462829589844,-1.8681316375732422,0.10012245178222656,-0.10988998413085938,0.0,-2.641139332727566,7.90305181046261,-1.8185459845897236,-0.0005251524567857396,-0.005953979827862817
44,2,heldout,3,-1,-0.3490658503988659,2.161981025004934,3,s,af3726fcacd0ac1320a56ea850b0a2c0f5430cf4eb20a45c078706980f08407e,d24fbe3839599a6a097188bae8cd47ce8083f27deef1341ae3086bf0d5a45bd1,87f63c0590d05baea263cdc42c6e1df2d063fa2def309ecb0283f3036bf33d46,87f63c0590d05baea263cdc42c6e1df2d063fa2def309ecb0283f3036bf33d46,1787977910.1815383,36494.053,18247084,0,0.9584569931030273,1.0416193008422852,1.0061416625976562,0.00057220458984375,-0.00324249267578125,0.00476837158203125,-0.0073261260986328125,-0.0024423599243164062,-0.15384578704833984,0.021978378295898438,-0.0073261260986328125,-0.0073261260986328125,-0.07570171356201172,-2.3452987670898438,6.24273681640625,-1.8779001235961914,0.10012245178222656,-0.10988998413085938,0.0,-2.642783044068078,7.904695521803123,-1.81876294980641,-0.000536501930616146,-0.005953719538577902
44,2,heldout,3,-1,-0.3490658503988659,2.163971730005869,3,s,af3726fcacd0ac1320a56ea850b0a2c0f5430cf4eb20a45c078706980f08407e,d24fbe3839599a6a097188bae8cd47ce8083f27deef1341ae3086bf0d5a45bd1,87f63c0590d05baea263cdc42c6e1df2d063fa2def309ecb0283f3036bf33d46,87f63c0590d05baea263cdc42c6e1df2d063fa2def309ecb0283f3036bf33d46,1787977910.1835198,36494.055,18247085,0,0.9584569931030273,1.0416193008422852,1.0053787231445312,0.00095367431640625,-0.00324249267578125,0.00476837158203125,-0.0073261260986328125,-0.0024423599243164062,-0.15384578704833984,0.03663063049316406,-0.0073261260986328125,-0.0073261260986328125,-0.07570171356201172,-2.3452987670898438,6.283760070800781,-1.8876676559448242,0.10500621795654297,-0.10988998413085938,0.0,-2.64452971051259,7.906442188247634,-1.8190864126059174,-0.0005535255537625812,-0.00595332260684709
44,2,heldout,3,-1,-0.3490658503988659,2.165954228999908,3,s,af3726fcacd0ac1320a56ea850b0a2c0f5430cf4eb20a45c078706980f08407e,d24fbe3839599a6a097188bae8cd47ce8083f27deef1341ae3086bf0d5a45bd1,87f63c0590d05baea263cdc42c6e1df2d063fa2def309ecb0283f3036bf33d46,87f63c0590d05baea263cdc42c6e1df2d063fa2def309ecb0283f3036bf33d46,1787977910.1854506,36494.057,18247086,0,0.9584569931030273,1.0416193008422852,1.0049972534179688,0.00095367431640625,-0.00324249267578125,0.00476837158203125,0.0073261260986328125,-0.0024423599243164062,-0.15873050689697266,0.021978378295898438,0.0073261260986328125,-0.0073261260986328125,-0.07570171356201172,-2.3589744567871094,6.297435760498047,-1.9023199081420898,0.10500621795654297,-0.10988998413085938,0.0,-2.6453472751768063,7.90725975291185,-1.8191937041361494,-0.0005591999348152472,-0.0059531885635994595
44,2,heldout,3,-1,-0.3490658503988659,2.167881387002126,3,s,af3726fcacd0ac1320a56ea850b0a2c0f5430cf4eb20a45c078706980f08407e,d24fbe3839599a6a097188bae8cd47ce8083f27deef1341ae3086bf0d5a45bd1,87f63c0590d05baea263cdc42c6e1df2d063fa2def309ecb0283f3036bf33d46,87f63c0590d05baea263cdc42c6e1df2d063fa2def309ecb0283f3036bf33d46,1787977910.187402,36494.059,18247087,0,0.9584569931030273,1.0416193008422852,1.0042343139648438,0.00095367431640625,-0.00324249267578125,0.00476837158203125,-0.0073261260986328125,-0.0024423599243164062,-0.16361427307128906,0.03663063049316406,-0.021978378295898438,-0.0073261260986328125,-0.07570171356201172,-2.3452987670898438,6.365810394287109,-1.9120874404907227,0.10500621795654297,-0.10988998413085938,0.0,-2.6469789524132676,7.90889143014831,-1.8194074929984714,-0.0005705484519719726,-0.005952917878214999
44,2,heldout,3,-1,-0.3490658503988659,2.1698344239994185,3,s,af3726fcacd0ac1320a56ea850b0a2c0f5430cf4eb20a45c078706980f08407e,d24fbe3839599a6a097188bae8cd47ce8083f27deef1341ae3086bf0d5a45bd1,87f63c0590d05baea263cdc42c6e1df2d063fa2def309ecb0283f3036bf33d46,87f63c0590d05baea263cdc42c6e1df2d063fa2def309ecb0283f3036bf33d46,1787977910.1893697,36494.061,18247088,0,0.9584569931030273,1.0416193008422852,1.0034713745117188,0.00095367431640625,-0.00324249267578125,0.00476837158203125,-0.0073261260986328125,-0.0024423599243164062,-0.16361427307128906,0.03663063049316406,-0.021978378295898438,-0.0073261260986328125,-0.08058643341064453,-2.3589744567871094,6.461540222167969,-1.9218559265136719,0.10500621795654297,-0.10988998413085938,0.0,-2.6486060260692468,7.9105185038042904,-1.8196202228263014,-0.0005818966370257997,-0.005952643727776458
44,2,heldout,3,-1,-0.3490658503988659,2.171801663003862,3,s,af3726fcacd0ac1320a56ea850b0a2c0f5430cf4eb20a45c078706980f08407e,d24fbe3839599a6a097188bae8cd47ce8083f27deef1341ae3086bf0d5a45bd1,87f63c0590d05baea263cdc42c6e1df2d063fa2def309ecb0283f3036bf33d46,87f63c0590d05baea263cdc42c6e1df2d063fa2def309ecb0283f3036bf33d46,1787977910.1918538,36494.063,18247089,0,0.9584569931030273,1.0416193008422852,1.0030899047851562,0.00133514404296875,-0.00324249267578125,0.00476837158203125,-0.0073261260986328125,-0.0024423599243164062,-0.16849803924560547,0.05128288269042969,-0.021978378295898438,-0.0073261260986328125,-0.08058643341064453,-2.3452987670898438,6.420513153076172,-1.9316234588623047,0.10500621795654297,-0.10988998413085938,0.0,-2.649523539190738,7.911436016925783,-1.8198318934958126,-0.0005932444833712237,-0.005952366112443405
44,2,heldout,3,-1,-0.3490658503988659,2.174311155002215,3,s,af3726fcacd0ac1320a56ea850b0a2c0f5430cf4eb20a45c078706980f08407e,d24fbe3839599a6a097188bae8cd47ce8083f27deef1341ae3086bf0d5a45bd1,87f63c0590d05baea263cdc42c6e1df2d063fa2def309ecb0283f3036bf33d46,87f63c0590d05baea263cdc42c6e1df2d063fa2def309ecb0283f3036bf33d46,1787977910.1937904,36494.064999999995,18247090,0,0.9584569931030273,1.0416193008422852,1.0023269653320312,0.00133514404296875,-0.00324249267578125,0.00476837158203125,0.0073261260986328125,-0.0024423599243164062,-0.15873050689697266,0.021978378295898438,-0.0073261260986328125,-0.0073261260986328125,-0.08058643341064453,-2.3452987670898438,6.365810394287109,-1.9365081787109375,0.10988998413085938,-0.10988998413085938,0.0,-2.651143176044925,7.913055653779971,-1.8200425048837974,-0.0006045919844029249,-0.005952085032377439
44,2,heldout,3,-1,-0.3490658503988659,2.1762223490004544,3,s,af3726fcacd0ac1320a56ea850b0a2c0f5430cf4eb20a45c078706980f08407e,d24fbe3839599a6a097188bae8cd47ce8083f27deef1341ae3086bf0d5a45bd1,87f63c0590d05baea263cdc42c6e1df2d063fa2def309ecb0283f3036bf33d46,87f63c0590d05baea263cdc42c6e1df2d063fa2def309ecb0283f3036bf33d46,1787977910.195717,36494.066999999995,18247091,0,0.9584569931030273,1.0416193008422852,1.0015640258789062,0.00095367431640625,-0.00324249267578125,0.00476837158203125,-0.0073261260986328125,-0.0024423599243164062,-0.15384578704833984,0.0073261260986328125,-0.0073261260986328125,-0.0073261260986328125,-0.08058643341064453,-2.3452987670898438,6.420513153076172,-1.941391944885254,0.10500621795654297,-0.10988998413085938,0.0,-2.6526535633359543,7.914566041070999,-1.8201474133088835,-0.0006102656033620283,-0.00595194319312066
44,2,heldout,3,-1,-0.3490658503988659,2.1781480770005146,3,s,af3726fcacd0ac1320a56ea850b0a2c0f5430cf4eb20a45c078706980f08407e,d24fbe3839599a6a097188bae8cd47ce8083f27deef1341ae3086bf0d5a45bd1,87f63c0590d05baea263cdc42c6e1df2d063fa2def309ecb0283f3036bf33d46,87f63c0590d05baea263cdc42c6e1df2d063fa2def309ecb0283f3036bf33d46,1787977910.1976407,36494.068999999996,18247092,0,0.9584569931030273,1.0416193008422852,1.0011825561523438,0.00095367431640625,-0.00324249267578125,0.00476837158203125,-0.0073261260986328125,-0.0024423599243164062,-0.15873050689697266,0.0073261260986328125,-0.021978378295898438,-0.0073261260986328125,-0.08058643341064453,-2.3452987670898438,6.420513153076172,-1.9365081787109375,0.10500621795654297,-0.10988998413085938,0.0,-2.6534596160968733,7.915372093831919,-1.8202520568676646,-0.0006159391335157934,-0.005951800487742166
44,2,heldout,3,-1,-0.3490658503988659,2.18007038700307,3,s,af3726fcacd0ac1320a56ea850b0a2c0f5430cf4eb20a45c078706980f08407e,d24fbe3839599a6a097188bae8cd47ce8083f27deef1341ae3086bf0d5a45bd1,87f63c0590d05baea263cdc42c6e1df2d063fa2def309ecb0283f3036bf33d46,87f63c0590d05baea263cdc42c6e1df2d063fa2def309ecb0283f3036bf33d46,1787977910.1995747,36494.070999999996,18247093,0,0.9584569931030273,1.0416193008422852,1.0004196166992188,0.00095367431640625,-0.00324249267578125,0.00476837158203125,-0.0073261260986328125,-0.0024423599243164062,-0.16361427307128906,-0.0073261260986328125,0.0073261260986328125,-0.0073261260986328125,-0.07570171356201172,-2.3589744567871094,6.338462829589844,-1.9316234588623047,0.10500621795654297,-0.10988998413085938,0.0,-2.655068265986911,7.916980743721956,-1.820460549325437,-0.0006272859241049149,-0.005951512478703215
44,2,heldout,3,-1,-0.3490658503988659,2.1820051380054792,3,s,af3726fcacd0ac1320a56ea850b0a2c0f5430cf4eb20a45c078706980f08407e,d24fbe3839599a6a097188bae8cd47ce8083f27deef1341ae3086bf0d5a45bd1,87f63c0590d05baea263cdc42c6e1df2d063fa2def309ecb0283f3036bf33d46,87f63c0590d05baea263cdc42c6e1df2d063fa2def309ecb0283f3036bf33d46,1787977910.2015324,36494.073,18247094,0,0.9584569931030273,1.0416193008422852,0.9996566772460938,0.00095367431640625,-0.00324249267578125,0.00476837158203125,-0.021978378295898438,-0.0024423599243164062,-0.16849803924560547,0.0073261260986328125,-0.0073261260986328125,-0.0073261260986328125,-0.08058643341064453,-2.3452987670898438,6.393161773681641,-1.9316234588623047,0.10500621795654297,-0.10988998413085938,0.0,-2.6566723075878653,7.918584785322911,-1.8206679821357576,-0.0006386323495655912,-0.0059512210054282295
44,2,heldout,3,-1,-0.3490658503988659,2.183963774004951,3,s,af3726fcacd0ac1320a56ea850b0a2c0f5430cf4eb20a45c078706980f08407e,d24fbe3839599a6a097188bae8cd47ce8083f27deef1341ae3086bf0d5a45bd1,87f63c0590d05baea263cdc42c6e1df2d063fa2def309ecb0283f3036bf33d46,87f63c0590d05baea263cdc42c6e1df2d063fa2def309ecb0283f3036bf33d46,1787977910.2034552,36494.075,18247095,0,0.9584569931030273,1.0416193008422852,0.9988937377929688,0.00095367431640625,-0.00324249267578125,0.00476837158203125,-0.0073261260986328125,-0.0024423599243164062,-0.17338180541992188,-0.021978378295898438,-0.021978378295898438,-0.0073261260986328125,-0.08058643341064453,-2.3452987670898438,6.475212097167969,-1.9267396926879883,0.10012245178222656,-0.10988998413085938,0.0,-2.6582717399660667,7.92018421770111,-1.820874355177885,-0.0006499784032933382,-0.005950926068086869
44,2,heldout,3,-1,-0.3490658503988659,2.185887437000929,3,s,af3726fcacd0ac1320a56ea850b0a2c0f5430cf4eb20a45c078706980f08407e,d24fbe3839599a6a097188bae8cd47ce8083f27deef1341ae3086bf0d5a45bd1,87f63c0590d05baea263cdc42c6e1df2d063fa2def309ecb0283f3036bf33d46,87f63c0590d05baea263cdc42c6e1df2d063fa2def309ecb0283f3036bf33d46,1787977910.205376,36494.077,18247096,0,0.9584569931030273,1.0416193008422852,0.9985122680664062,0.00095367431640625,-0.00324249267578125,0.00476837158203125,-0.0073261260986328125,-0.0024423599243164062,-0.1782665252685547,-0.05128288269042969,0.0073261260986328125,-0.0073261260986328125,-0.08058643341064453,-2.3452987670898438,6.4341888427734375,-1.9120874404907227,0.10500621795654297,-0.10988998413085938,0.0,-2.659069727405592,7.920982205140636,-1.8209771442483123,-0.0006556512886935131,-0.005950777300444868
44,2,heldout,3,-1,-0.3490658503988659,2.1878062850009883,3,s,af3726fcacd0ac1320a56ea850b0a2c0f5430cf4eb20a45c078706980f08407e,d24fbe3839599a6a097188bae8cd47ce8083f27deef1341ae3086bf0d5a45bd1,87f63c0590d05baea263cdc42c6e1df2d063fa2def309ecb0283f3036bf33d46,87f63c0590d05baea263cdc42c6e1df2d063fa2def309ecb0283f3036bf33d46,1787977910.2078476,36494.079,18247097,0,0.9584569931030273,1.0416193008422852,0.9977493286132812,0.00095367431640625,-0.00324249267578125,0.00476837158203125,-0.0073261260986328125,-0.0024423599243164062,-0.1831502914428711,-0.03663063049316406,-0.0073261260986328125,-0.0073261260986328125,-0.08058643341064453,-2.3452987670898438,6.461540222167969,-1.8974361419677734,0.10012245178222656,-0.10988998413085938,0.0,-2.660662244204882,7.922574721939926,-1.8211819274131062,-0.0006669967724389151,-0.005950477167326468
44,2,heldout,3,-1,-0.3490658503988659,2.1902781290045823,3,s,af3726fcacd0ac1320a56ea850b0a2c0f5430cf4eb20a45c078706980f08407e,d24fbe3839599a6a097188bae8cd47ce8083f27deef1341ae3086bf0d5a45bd1,87f63c0590d05baea263cdc42c6e1df2d063fa2def309ecb0283f3036bf33d46,87f63c0590d05baea263cdc42c6e1df2d063fa2def309ecb0283f3036bf33d46,1787977910.2098105,36494.081,18247098,0,0.9584569931030273,1.0416193008422852,0.9969863891601562,0.00057220458984375,-0.00324249267578125,0.00476837158203125,-0.0073261260986328125,-0.0024423599243164062,-0.1782665252685547,-0.05128288269042969,-0.0073261260986328125,-0.0073261260986328125,-0.08058643341064453,-2.3452987670898438,6.379486083984375,-1.8827838897705078,0.10012245178222656,-0.10988998413085938,0.0,-2.6621484204260892,7.924060898161134,-1.8212839214776737,-0.0006726693691331473,-0.005950325801893744
44,2,heldout,3,-1,-0.3490658503988659,2.192245270998683,3,s,af3726fcacd0ac1320a56ea850b0a2c0f5430cf4eb20a45c078706980f08407e,d24fbe3839599a6a097188bae8cd47ce8083f27deef1341ae3086bf0d5a45bd1,87f63c0590d05baea263cdc42c6e1df2d063fa2def309ecb0283f3036bf33d46,87f63c0590d05baea263cdc42c6e1df2d063fa2def309ecb0283f3036bf33d46,1787977910.2117527,36494.083,18247099,0,0.9584569931030273,1.0416193008422852,0.9962234497070312,0.00057220458984375,-0.00324249267578125,0.00476837158203125,-0.0073261260986328125,-0.0024423599243164062,-0.16849803924560547,-0.03663063049316406,-0.021978378295898438,-0.0073261260986328125,-0.08058643341064453,-2.3589744567871094,6.338462829589844,-1.8681316375732422,0.10012245178222656,-0.10988998413085938,0.0,-2.6637322433184365,7.92564472105348,-1.821487114496937,-0.0006840142680373406,-0.005950020473391381
44,2,heldout,3,-1,-0.3490658503988659,2.1942935469996883,3,s,af3726fcacd0ac1320a56ea850b0a2c0f5430cf4eb20a45c078706980f08407e,d24fbe3839599a6a097188bae8cd47ce8083f27deef1341ae3086bf0d5a45bd1,87f63c0590d05baea263cdc42c6e1df2d063fa2def309ecb0283f3036bf33d46,87f63c0590d05baea263cdc42c6e1df2d063fa2def309ecb0283f3036bf33d46,1787977910.2137892,36494.085,18247100,0,0.9584569931030273,1.0416193008422852,0.9958419799804688,0.00057220458984375,-0.00324249267578125,0.00476837158203125,-0.0073261260986328125,-0.0024423599243164062,-0.16361427307128906,-0.05128288269042969,0.0073261260986328125,-0.0073261260986328125,-0.08058643341064453,-2.3589744567871094,6.365810394287109,-1.8583641052246094,0.10012245178222656,-0.10988998413085938,0.0,-2.664522424822556,7.9264349025576015,-1.821588313422065,-0.000689686568596395,-0.005949866510366174
44,2,heldout,3,-1,-0.3490658503988659,2.196220734003873,3,s,af3726fcacd0ac1320a56ea850b0a2c0f5430cf4eb20a45c078706980f08407e,d24fbe3839599a6a097188bae8cd47ce8083f27deef1341ae3086bf0d5a45bd1,87f63c0590d05baea263cdc42c6e1df2d063fa2def309ecb0283f3036bf33d46,87f63c0590d05baea263cdc42c6e1df2d063fa2def309ecb0283f3036bf33d46,1787977910.2156925,36494.087,18247101,0,0.9584569931030273,1.0416193008422852,0.9950790405273438,0.00057220458984375,-0.00324249267578125,0.00476837158203125,-0.0073261260986328125,-0.0024423599243164062,-0.15384578704833984,-0.05128288269042969,0.0073261260986328125,-0.0073261260986328125,-0.07570171356201172,-2.3589744567871094,6.338462829589844,-1.8485956192016602,0.10500621795654297,-0.10988998413085938,0.0,-2.666099327371757,7.9280118051068005,-1.8217899160296804,-0.0007010308678012777,-0.005949555986879726
44,2,heldout,3,-1,-0.3490658503988659,2.198118833999615,3,s,af3726fcacd0ac1320a56ea850b0a2c0f5430cf4eb20a45c078706980f08407e,d24fbe3839599a6a097188bae8cd47ce8083f27deef1341ae3086bf0d5a45bd1,87f63c0590d05baea263cdc42c6e1df2d063fa2def309ecb0283f3036bf33d46,87f63c0590d05baea263cdc42c6e1df2d063fa2def309ecb0283f3036bf33d46,1787977910.2175884,36494.089,18247102,0,0.9584569931030273,1.0416193008422852,0.9943161010742188,0.00057220458984375,-0.00324249267578125,0.00476837158203125,0.0073261260986328125,-0.0024423599243164062,-0.15384578704833984,-0.021978378295898438,-0.0073261260986328125,-0.0073261260986328125,-0.07570171356201172,-2.3589744567871094,6.420513153076172,-1.8437118530273438,0.10012245178222656,-0.10988998413085938,0.0,-2.6676716152109514,7.929584092945996,-1.8219904582160502,-0.0007123747589525112,-0.005949242000296072
44,2,heldout,3,-1,-0.3490658503988659,2.2000281420041574,3,s,af3726fcacd0ac1320a56ea850b0a2c0f5430cf4eb20a45c078706980f08407e,d24fbe3839599a6a097188bae8cd47ce8083f27deef1341ae3086bf0d5a45bd1,87f63c0590d05baea263cdc42c6e1df2d063fa2def309ecb0283f3036bf33d46,87f63c0590d05baea263cdc42c6e1df2d063fa2def309ecb0283f3036bf33d46,1787977910.2194836,36494.091,18247103,0,0.9584569931030273,1.0416193008422852,0.9939346313476562,0.00057220458984375,-0.00324249267578125,0.00476837158203125,-0.0073261260986328125,-0.0024423599243164062,-0.16361427307128906,-0.021978378295898438,0.0073261260986328125,-0.0073261260986328125,-0.07570171356201172,-2.372650146484375,6.475212097167969,-1.8437118530273438,0.10012245178222656,-0.10988998413085938,0.0,-2.6684560283281935,7.930368506063239,-1.822090331614766,-0.0007180465494445567,-0.0059490837083998275
44,2,heldout,3,-1,-0.3490658503988659,2.2019128340034513,3,s,af3726fcacd0ac1320a56ea850b0a2c0f5430cf4eb20a45c078706980f08407e,d24fbe3839599a6a097188bae8cd47ce8083f27deef1341ae3086bf0d5a45bd1,87f63c0590d05baea263cdc42c6e1df2d063fa2def309ecb0283f3036bf33d46,87f63c0590d05baea263cdc42c6e1df2d063fa2def309ecb0283f3036bf33d46,1787977910.2213721,36494.093,18247104,0,0.9584569931030273,1.0416193008422852,0.9931716918945312,0.00057220458984375,-0.00324249267578125,0.00476837158203125,0.0073261260986328125,-0.0024423599243164062,-0.16361427307128906,-0.021978378295898438,-0.0073261260986328125,-0.0073261260986328125,-0.07570171356201172,-2.3589744567871094,6.475212097167969,-1.8485956192016602,0.10012245178222656,-0.10988998413085938,0.0,-2.6700213923872345,7.931933870122279,-1.82228928295059,-0.0007293898161347403,-0.005948764527513676
44,2,heldout,3,-1,-0.3490658503988659,2.2038028380047763,3,s,af3726fcacd0ac1320a56ea850b0a2c0f5430cf4eb20a45c078706980f08407e,d24fbe3839599a6a097188bae8cd47ce8083f27deef1341ae3086bf0d5a45bd1,87f63c0590d05baea263cdc42c6e1df2d063fa2def309ecb0283f3036bf33d46,87f63c0590d05baea263cdc42c6e1df2d063fa2def309ecb0283f3036bf33d46,1787977910.2238548,36494.095,18247105,0,0.9584569931030273,1.0416193008422852,0.9924087524414062,0.00057220458984375,-0.00324249267578125,0.00476837158203125,-0.0073261260986328125,-0.0024423599243164062,-0.16849803924560547,0.0073261260986328125,-0.03663063049316406,-0.0073261260986328125,-0.07570171356201172,-2.3589744567871094,6.447864532470703,-1.8534793853759766,0.10012245178222656,-0.10988998413085938,0.0,-2.671582139453332,7.9334946171883765,-1.8224871735744999,-0.0007407326582641945,-0.00594844188399101
44,2,heldout,3,-1,-0.3490658503988659,2.2062876700001652,3,s,af3726fcacd0ac1320a56ea850b0a2c0f5430cf4eb20a45c078706980f08407e,d24fbe3839599a6a097188bae8cd47ce8083f27deef1341ae3086bf0d5a45bd1,87f63c0590d05baea263cdc42c6e1df2d063fa2def309ecb0283f3036bf33d46,87f63c0590d05baea263cdc42c6e1df2d063fa2def309ecb0283f3036bf33d46,1787977910.2257426,36494.097,18247106,0,0.9584569931030273,1.0416193008422852,0.9920272827148438,0.00057220458984375,-0.00324249267578125,0.00476837158203125,-0.0073261260986328125,-0.0024423599243164062,-0.16849803924560547,0.0073261260986328125,-0.0073261260986328125,-0.0073261260986328125,-0.07570171356201172,-2.3589744567871094,6.365810394287109,-1.8583641052246094,0.10500621795654297,-0.10988998413085938,0.0,-2.672360781330021,7.934273259065064,-1.8225857210834655,-0.0007464039180553839,-0.005948279263799589
44,2,heldout,3,-1,-0.3490658503988659,2.2081677230016794,3,s,af3726fcacd0ac1320a56ea850b0a2c0f5430cf4eb20a45c078706980f08407e,d24fbe3839599a6a097188bae8cd47ce8083f27deef1341ae3086bf0d5a45bd1,87f63c0590d05baea263cdc42c6e1df2d063fa2def309ecb0283f3036bf33d46,87f63c0590d05baea263cdc42c6e1df2d063fa2def309ecb0283f3036bf33d46,1787977910.2276452,36494.099,18247107,0,0.9584569931030273,1.0416193008422852,0.9912643432617188,0.00057220458984375,-0.00324249267578125,0.00476837158203125,-0.0073261260986328125,-0.0024423599243164062,-0.15873050689697266,-0.021978378295898438,-0.0073261260986328125,-0.0073261260986328125,-0.07570171356201172,-2.372650146484375,6.3111114501953125,-1.8681316375732422,0.10500621795654297,-0.10988998413085938,0.0,-2.6739146012041473,7.935827078939191,-1.8227820204237182,-0.0007577461109643127,-0.005947951426674909
44,2,heldout,3,-1,-0.3490658503988659,2.2100765479990514,3,s,af3726fcacd0ac1320a56ea850b0a2c0f5430cf4eb20a45c078706980f08407e,d24fbe3839599a6a097188bae8cd47ce8083f27deef1341ae3086bf0d5a45bd1,87f63c0590d05baea263cdc42c6e1df2d063fa2def309ecb0283f3036bf33d46,87f63c0590d05baea263cdc42c6e1df2d063fa2def309ecb0283f3036bf33d46,1787977910.2295365,36494.100999999995,18247108,0,0.9584569931030273,1.0416193008422852,0.9905014038085938,0.00057220458984375,-0.00324249267578125,0.00476837158203125,-0.0073261260986328125,-0.0024423599243164062,-0.15384578704833984,-0.0073261260986328125,0.0073261260986328125,-0.0073261260986328125,-0.07570171356201172,-2.372650146484375,6.324787139892578,-1.8730154037475586,0.10500621795654297,-0.10988998413085938,0.0,-2.675463801819179,7.937376279554224,-1.8229772587652455,-0.0007690878628069762,-0.005947620127386997
44,2,heldout,3,-1,-0.3490658503988659,2.2119667119986843,3,s,af3726fcacd0ac1320a56ea850b0a2c0f5430cf4eb20a45c078706980f08407e,d24fbe3839599a6a097188bae8cd47ce8083f27deef1341ae3086bf0d5a45bd1,87f63c0590d05baea263cdc42c6e1df2d063fa2def309ecb0283f3036bf33d46,87f63c0590d05baea263cdc42c6e1df2d063fa2def309ecb0283f3036bf33d46,1787977910.2314217,36494.102999999996,18247109,0,0.9584569931030273,1.0416193008422852,0.9901199340820312,0.00057220458984375,-0.00324249267578125,0.00476837158203125,-0.0073261260986328125,-0.0024423599243164062,-0.15384578704833984,-0.0073261260986328125,-0.0073261260986328125,-0.0073261260986328125,-0.08058643341064453,-2.372650146484375,6.270084381103516,-1.8827838897705078,0.10500621795654297,-0.10988998413085938,0.0,-2.6762366696226345,7.938149147357678,-1.8230744800259489,-0.0007747585712653958,-0.005947453179492014
44,2,heldout,3,-1,-0.3490658503988659,2.213873639004305,3,s,af3726fcacd0ac1320a56ea850b0a2c0f5430cf4eb20a45c078706980f08407e,d24fbe3839599a6a097188bae8cd47ce8083f27deef1341ae3086bf0d5a45bd1,87f63c0590d05baea263cdc42c6e1df2d063fa2def309ecb0283f3036bf33d46,87f63c0590d05baea263cdc42c6e1df2d063fa2def309ecb0283f3036bf33d46,1787977910.2338915,36494.104999999996,18247110,0,0.9584569931030273,1.0416193008422852,0.9893569946289062,0.00057220458984375,-0.00324249267578125,0.00476837158203125,-0.0073261260986328125,-0.0024423599243164062,-0.14896202087402344,0.0073261260986328125,-0.0073261260986328125,-0.0073261260986328125,-0.08058643341064453,-2.3589744567871094,6.174358367919922,-1.8827838897705078,0.10500621795654297,-0.11477375030517578,0.0,-2.6777789396590808,7.939691417394124,-1.823268126656497,-0.0007860996491304285,-0.005947116687321466
44,2,heldout,3,-1,-0.3490658503988659,2.216322341002524,3,s,af3726fcacd0ac1320a56ea850b0a2c0f5430cf4eb20a45c078706980f08407e,d24fbe3839599a6a097188bae8cd47ce8083f27deef1341ae3086bf0d5a45bd1,87f63c0590d05baea263cdc42c6e1df2d063fa2def309ecb0283f3036bf33d46,87f63c0590d05baea263cdc42c6e1df2d063fa2def309ecb0283f3036bf33d46,1787977910.235792,36494.106999999996,18247111,0,0.9584569931030273,1.0416193008422852,0.9889755249023438,0.00057220458984375,-0.00324249267578125,0.00476837158203125,-0.0073261260986328125,-0.0024423599243164062,-0.14407825469970703,-0.0073261260986328125,-0.0073261260986328125,-0.0073261260986328125,-0.07570171356201172,-2.3589744567871094,6.174358367919922,-1.8876676559448242,0.10500621795654297,-0.11477375030517578,0.0,-2.678548341667644,7.940460819402688,-1.8233645519981636,-0.0007917700168866968,-0.005946947143094866
44,2,heldout,3,-1,-0.3490658503988659,2.2182192469990696,3,s,af3726fcacd0ac1320a56ea850b0a2c0f5430cf4eb20a45c078706980f08407e,d24fbe3839599a6a097188bae8cd47ce8083f27deef1341ae3086bf0d5a45bd1,87f63c0590d05baea263cdc42c6e1df2d063fa2def309ecb0283f3036bf33d46,87f63c0590d05baea263cdc42c6e1df2d063fa2def309ecb0283f3036bf33d46,1787977910.2376657,36494.109,18247112,0,0.9584569931030273,1.0416193008422852,0.9882125854492188,0.00057220458984375,-0.00324249267578125,0.00476837158203125,-0.0073261260986328125,-0.0024423599243164062,-0.15384578704833984,-0.0073261260986328125,-0.0073261260986328125,-0.0073261260986328125,-0.08058643341064453,-2.372650146484375,6.215385437011719,-1.8925514221191406,0.10500621795654297,-0.10988998413085938,0.0,-2.680083679105634,7.941996156840679,-1.8235566066641198,-0.0008031104059210006,-0.005946605458482374
44,2,heldout,3,-1,-0.3490658503988659,2.220095240001683,3,s,af3726fcacd0ac1320a56ea850b0a2c0f5430cf4eb20a45c078706980f08407e,d24fbe3839599a6a097188bae8cd47ce8083f27deef1341ae3086bf0d5a45bd1,87f63c0590d05baea263cdc42c6e1df2d063fa2def309ecb0283f3036bf33d46,87f63c0590d05baea263cdc42c6e1df2d063fa2def309ecb0283f3036bf33d46,1787977910.2395487,36494.111,18247113,0,0.9584569931030273,1.0416193008422852,0.9874496459960938,0.00057220458984375,-0.00324249267578125,0.00476837158203125,-0.0073261260986328125,-0.0024423599243164062,-0.16361427307128906,0.0073261260986328125,0.0073261260986328125,-0.0073261260986328125,-0.07570171356201172,-2.386323928833008,6.270084381103516,-1.8925514221191406,0.10500621795654297,-0.10988998413085938,0.0,-2.6816143936936583,7.943526871428702,-1.8237475998804822,-0.0008144503274835455,-0.0059462603124901085
44,2,heldout,3,-1,-0.3490658503988659,2.22197664900159,3,s,af3726fcacd0ac1320a56ea850b0a2c0f5430cf4eb20a45c078706980f08407e,d24fbe3839599a6a097188bae8cd47ce8083f27deef1341ae3086bf0d5a45bd1,87f63c0590d05baea263cdc42c6e1df2d063fa2def309ecb0283f3036bf33d46,87f63c0590d05baea263cdc42c6e1df2d063fa2def309ecb0283f3036bf33d46,1787977910.2414052,36494.113,18247114,0,0.9584569931030273,1.0416193008422852,0.9870681762695312,0.00057220458984375,-0.00324249267578125,0.00476837158203125,-0.0073261260986328125,-0.0024423599243164062,-0.16849803924560547,-0.0073261260986328125,-0.021978378295898438,-0.0073261260986328125,-0.07570171356201172,-2.372650146484375,6.297435760498047,-1.8974361419677734,0.10500621795654297,-0.11477375030517578,0.0,-2.682378017140391,7.944290494875435,-1.8238426984102998,-0.0008201201109001792,-0.005946086441539267
44,2,heldout,3,-1,-0.3490658503988659,2.2238356950037996,3,s,af3726fcacd0ac1320a56ea850b0a2c0f5430cf4eb20a45c078706980f08407e,d24fbe3839599a6a097188bae8cd47ce8083f27deef1341ae3086bf0d5a45bd1,87f63c0590d05baea263cdc42c6e1df2d063fa2def309ecb0283f3036bf33d46,87f63c0590d05baea263cdc42c6e1df2d063fa2def309ecb0283f3036bf33d46,1787977910.2439559,36494.115,18247115,0,0.9584569931030273,1.0416193008422852,0.9863052368164062,0.00095367431640625,-0.00324249267578125,0.00476837158203125,-0.0073261260986328125,-0.0024423599243164062,-0.17338180541992188,-0.0073261260986328125,0.0073261260986328125,-0.0073261260986328125,-0.07570171356201172,-2.386323928833008,6.338462829589844,-1.9023199081420898,0.10500621795654297,-0.10988998413085938,0.0,-2.683996098060027,7.945908575795071,-1.8241264015203498,-0.0008371287417908275,-0.00594555963717188
44,2,heldout,3,-1,-0.3490658503988659,2.226388301998668,3,s,af3726fcacd0ac1320a56ea850b0a2c0f5430cf4eb20a45c078706980f08407e,d24fbe3839599a6a097188bae8cd47ce8083f27deef1341ae3086bf0d5a45bd1,87f63c0590d05baea263cdc42c6e1df2d063fa2def309ecb0283f3036bf33d46,87f63c0590d05baea263cdc42c6e1df2d063fa2def309ecb0283f3036bf33d46,1787977910.2453258,36494.117,18247116,0,0.9584569931030273,1.0416193008422852,0.9855422973632812,0.00095367431640625,-0.00324249267578125,0.00476837158203125,-0.0073261260986328125,-0.0024423599243164062,-0.17338180541992188,0.0073261260986328125,-0.0073261260986328125,-0.0073261260986328125,-0.07570171356201172,-2.372650146484375,6.283760070800781,-1.9023199081420898,0.10500621795654297,-0.11477375030517578,0.0,-2.6855147207265904,7.947427198461634,-1.8243142097233631,-0.0008484672213349862,-0.0059452041082537635
44,2,heldout,3,-1,-0.3490658503988659,2.2277582040042034,3,s,af3726fcacd0ac1320a56ea850b0a2c0f5430cf4eb20a45c078706980f08407e,d24fbe3839599a6a097188bae8cd47ce8083f27deef1341ae3086bf0d5a45bd1,87f63c0590d05baea263cdc42c6e1df2d063fa2def309ecb0283f3036bf33d46,87f63c0590d05baea263cdc42c6e1df2d063fa2def309ecb0283f3036bf33d46,1787977910.2478132,36494.119,18247117,0,0.9584569931030273,1.0416193008422852,0.9851608276367188,0.00057220458984375,-0.00324249267578125,0.00476837158203125,0.0073261260986328125,-0.0024423599243164062,-0.16361427307128906,0.0073261260986328125,-0.021978378295898438,-0.0073261260986328125,-0.07570171356201172,-2.386323928833008,6.297435760498047,-1.9023199081420898,0.10500621795654297,-0.10988998413085938,0.0,-2.6861787914614434,7.948091269196487,-1.8243142097233631,-0.0008484672213349828,-0.005945204108253762
44,2,heldout,3,-1,-0.3490658503988659,2.230245762002596,3,s,af3726fcacd0ac1320a56ea850b0a2c0f5430cf4eb20a45c078706980f08407e,d24fbe3839599a6a097188bae8cd47ce8083f27deef1341ae3086bf0d5a45bd1,87f63c0590d05baea263cdc42c6e1df2d063fa2def309ecb0283f3036bf33d46,87f63c0590d05baea263cdc42c6e1df2d063fa2def309ecb0283f3036bf33d46,1787977910.2496982,36494.121,18247118,0,0.9584569931030273,1.0416193008422852,0.9843978881835938,0.00057220458984375,-0.00324249267578125,0.00476837158203125,-0.0073261260986328125,-0.0024423599243164062,-0.15873050689697266,0.0073261260986328125,0.0073261260986328125,-0.0073261260986328125,-0.07570171356201172,-2.3999996185302734,6.324787139892578,-1.8974361419677734,0.10500621795654297,-0.10988998413085938,0.0,-2.687691005766578,7.949603483501623,-1.8245009560357994,-0.0008598052070062467,-0.005944845118771565
44,2,heldout,3,-1,-0.3490658503988659,2.2321235600029468,3,s,af3726fcacd0ac1320a56ea850b0a2c0f5430cf4eb20a45c078706980f08407e,d24fbe3839599a6a097188bae8cd47ce8083f27deef1341ae3086bf0d5a45bd1,87f63c0590d05baea263cdc42c6e1df2d063fa2def309ecb0283f3036bf33d46,87f63c0590d05baea263cdc42c6e1df2d063fa2def309ecb0283f3036bf33d46,1787977910.2516077,36494.123,18247119,0,0.9584569931030273,1.0416193008422852,0.9836349487304688,0.00057220458984375,-0.00324249267578125,0.00476837158203125,-0.0073261260986328125,-0.0024423599243164062,-0.15873050689697266,-0.021978378295898438,-0.021978378295898438,-0.0073261260986328125,-0.07570171356201172,-2.386323928833008,6.324787139892578,-1.8974361419677734,0.10500621795654297,-0.10988998413085938,0.0,-2.689198592793699,7.951111070528743,-1.8246866403489568,-0.0008711426922050316,-0.0059444826689342475
44,2,heldout,3,-1,-0.3490658503988659,2.2340575710040866,3,s,af3726fcacd0ac1320a56ea850b0a2c0f5430cf4eb20a45c078706980f08407e,d24fbe3839599a6a097188bae8cd47ce8083f27deef1341ae3086bf0d5a45bd1,87f63c0590d05baea263cdc42c6e1df2d063fa2def309ecb0283f3036bf33d46,87f63c0590d05baea263cdc42c6e1df2d063fa2def309ecb0283f3036bf33d46,1787977910.253517,36494.125,18247120,0,0.9584569931030273,1.0416193008422852,0.9832534790039062,0.00057220458984375,-0.00324249267578125,0.00476837158203125,-0.0073261260986328125,-0.0024423599243164062,-0.15873050689697266,-0.021978378295898438,-0.0073261260986328125,-0.0073261260986328125,-0.08058643341064453,-2.372650146484375,6.406837463378906,-1.8925514221191406,0.10500621795654297,-0.11477375030517578,0.0,-2.689950650803669,7.951863128538713,-1.8247790842220064,-0.0008768112450649554,-0.005944300146448269
44,2,heldout,3,-1,-0.3490658503988659,2.23594600600336,3,s,af3726fcacd0ac1320a56ea850b0a2c0f5430cf4eb20a45c078706980f08407e,d24fbe3839599a6a097188bae8cd47ce8083f27deef1341ae3086bf0d5a45bd1,87f63c0590d05baea263cdc42c6e1df2d063fa2def309ecb0283f3036bf33d46,87f63c0590d05baea263cdc42c6e1df2d063fa2def309ecb0283f3036bf33d46,1787977910.2554152,36494.127,18247121,0,0.9584569931030273,1.0416193008422852,0.9824905395507812,0.00057220458984375,-0.00324249267578125,0.00476837158203125,0.0073261260986328125,-0.0024423599243164062,-0.16361427307128906,-0.021978378295898438,-0.0073261260986328125,-0.0073261260986328125,-0.07570171356201172,-2.386323928833008,6.461540222167969,-1.8876676559448242,0.10500621795654297,-0.11477375030517578,0.0,-2.691451295269237,7.953363773004281,-1.8249631753337856,-0.0008881479671814638,-0.005943932506474474
44,2,heldout,3,-1,-0.3490658503988659,2.2378438849991653,3,s,af3726fcacd0ac1320a56ea850b0a2c0f5430cf4eb20a45c078706980f08407e,d24fbe3839599a6a097188bae8cd47ce8083f27deef1341ae3086bf0d5a45bd1,87f63c0590d05baea263cdc42c6e1df2d063fa2def309ecb0283f3036bf33d46,87f63c0590d05baea263cdc42c6e1df2d063fa2def309ecb0283f3036bf33d46,1787977910.257966,36494.129,18247122,0,0.9584569931030273,1.0416193008422852,0.9817276000976562,0.00057220458984375,-0.00324249267578125,0.00476837158203125,-0.021978378295898438,-0.0024423599243164062,-0.16361427307128906,-0.021978378295898438,-0.0073261260986328125,-0.0073261260986328125,-0.08058643341064453,-2.386323928833008,6.461540222167969,-1.8827838897705078,0.10500621795654297,-0.11477375030517578,0.0,-2.692947310268013,7.954859788003058,-1.8251462041772386,-0.000899484172327836,-0.00594356140667677
44,2,heldout,3,-1,-0.3490658503988659,2.240396690001944,3,s,af3726fcacd0ac1320a56ea850b0a2c0f5430cf4eb20a45c078706980f08407e,d24fbe3839599a6a097188bae8cd47ce8083f27deef1341ae3086bf0d5a45bd1,87f63c0590d05baea263cdc42c6e1df2d063fa2def309ecb0283f3036bf33d46,87f63c0590d05baea263cdc42c6e1df2d063fa2def309ecb0283f3036bf33d46,1787977910.2593138,36494.131,18247123,0,0.9584569931030273,1.0416193008422852,0.9809646606445312,0.00057220458984375,-0.00324249267578125,0.00476837158203125,-0.021978378295898438,-0.0024423599243164062,-0.17338180541992188,-0.03663063049316406,-0.0073261260986328125,-0.0073261260986328125,-0.07570171356201172,-2.386323928833008,6.488887786865234,-1.8730154037475586,0.10500621795654297,-0.11477375030517578,0.0,-2.6944386949292016,7.956351172664246,-1.8253281706458298,-0.0009108198539055385,-0.0059431868472711626
44,2,heldout,3,-1,-0.3490658503988659,2.241745904000709,3,s,af3726fcacd0ac1320a56ea850b0a2c0f5430cf4eb20a45c078706980f08407e,d24fbe3839599a6a097188bae8cd47ce8083f27deef1341ae3086bf0d5a45bd1,87f63c0590d05baea263cdc42c6e1df2d063fa2def309ecb0283f3036bf33d46,87f63c0590d05baea263cdc42c6e1df2d063fa2def309ecb0283f3036bf33d46,1787977910.2617693,36494.133,18247124,0,0.9584569931030273,1.0416193008422852,0.9805831909179688,0.00057220458984375,-0.00324249267578125,0.00476837158203125,0.0073261260986328125,-0.0024423599243164062,-0.17338180541992188,-0.05128288269042969,-0.021978378295898438,-0.0073261260986328125,-0.07570171356201172,-2.386323928833008,6.406837463378906,-1.8632478713989258,0.10500621795654297,-0.11477375030517578,0.0,-2.6951826506118137,7.957095128346857,-1.825418755456428,-0.0009164874962941787,-0.005942998270283448
44,2,heldout,3,-1,-0.3490658503988659,2.244197729000007,3,s,af3726fcacd0ac1320a56ea850b0a2c0f5430cf4eb20a45c078706980f08407e,d24fbe3839599a6a097188bae8cd47ce8083f27deef1341ae3086bf0d5a45bd1,87f63c0590d05baea263cdc42c6e1df2d063fa2def309ecb0283f3036bf33d46,87f63c0590d05baea263cdc42c6e1df2d063fa2def309ecb0283f3036bf33d46,1787977910.2636611,36494.134999999995,18247125,0,0.9584569931030273,1.0416193008422852,0.9798202514648438,0.00057220458984375,-0.00324249267578125,0.00476837158203125,0.0073261260986328125,-0.0024423599243164062,-0.16849803924560547,-0.021978378295898438,-0.0073261260986328125,-0.0073261260986328125,-0.08058643341064453,-2.3999996185302734,6.352138519287109,-1.8534793853759766,0.10500621795654297,-0.11477375030517578,0.0,-2.6966670881397783,7.958579565874822,-1.825599128164322,-0.0009278223801472783,-0.005942618521875409
44,2,heldout,3,-1,-0.3490658503988659,2.2460879770005704,3,s,af3726fcacd0ac1320a56ea850b0a2c0f5430cf4eb20a45c078706980f08407e,d24fbe3839599a6a097188bae8cd47ce8083f27deef1341ae3086bf0d5a45bd1,87f63c0590d05baea263cdc42c6e1df2d063fa2def309ecb0283f3036bf33d46,87f63c0590d05baea263cdc42c6e1df2d063fa2def309ecb0283f3036bf33d46,1787977910.2655046,36494.136999999995,18247126,0,0.9584569931030273,1.0416193008422852,0.9790573120117188,0.00019073486328125,-0.00324249267578125,0.00476837158203125,-0.021978378295898438,-0.0024423599243164062,-0.16849803924560547,-0.05128288269042969,0.0073261260986328125,-0.0073261260986328125,-0.08058643341064453,-2.3999996185302734,6.365810394287109,-1.8534793853759766,0.10500621795654297,-0.11477375030517578,0.0,-2.698057370966612,7.959969848701656,-1.8256889160353704,-0.000933489619962297,-0.005942427350510345
44,2,heldout,3,-1,-0.3490658503988659,2.247925915005908,3,s,af3726fcacd0ac1320a56ea850b0a2c0f5430cf4eb20a45c078706980f08407e,d24fbe3839599a6a097188bae8cd47ce8083f27deef1341ae3086bf0d5a45bd1,87f63c0590d05baea263cdc42c6e1df2d063fa2def309ecb0283f3036bf33d46,87f63c0590d05baea263cdc42c6e1df2d063fa2def309ecb0283f3036bf33d46,1787977910.2673798,36494.138999999996,18247127,0,0.9584569931030273,1.0416193008422852,0.9786758422851562,0.00019073486328125,-0.00324249267578125,0.00476837158203125,-0.0073261260986328125,-0.0024423599243164062,-0.15873050689697266,-0.03663063049316406,0.0073261260986328125,-0.0073261260986328125,-0.08058643341064453,-2.3999996185302734,6.283760070800781,-1.8485956192016602,0.10500621795654297,-0.11477375030517578,0.0,-2.6987958017071043,7.960708279442148,-1.8257784382337177,-0.0009391567239367018,-0.0059422353144082994
44,2,heldout,3,-1,-0.3490658503988659,2.249811141999089,3,s,af3726fcacd0ac1320a56ea850b0a2c0f5430cf4eb20a45c078706980f08407e,d24fbe3839599a6a097188bae8cd47ce8083f27deef1341ae3086bf0d5a45bd1,87f63c0590d05baea263cdc42c6e1df2d063fa2def309ecb0283f3036bf33d46,87f63c0590d05baea263cdc42c6e1df2d063fa2def309ecb0283f3036bf33d46,1787977910.2698371,36494.140999999996,18247128,0,0.9584569931030273,1.0416193008422852,0.9779129028320312,0.00019073486328125,-0.00324249267578125,0.00476837158203125,-0.0073261260986328125,-0.0024423599243164062,-0.15873050689697266,-0.03663063049316406,0.0073261260986328125,-0.0073261260986328125,-0.08058643341064453,-2.3999996185302734,6.283760070800781,-1.8388280868530273,0.10500621795654297,-0.10988998413085938,0.0,-2.700269187774286,7.962181665509329,-1.825956685560242,-0.0009504905210649889,-0.005941848648105176
44,2,heldout,3,-1,-0.3490658503988659,2.252264134003781,3,s,af3726fcacd0ac1320a56ea850b0a2c0f5430cf4eb20a45c078706980f08407e,d24fbe3839599a6a097188bae8cd47ce8083f27deef1341ae3086bf0d5a45bd1,87f63c0590d05baea263cdc42c6e1df2d063fa2def309ecb0283f3036bf33d46,87f63c0590d05baea263cdc42c6e1df2d063fa2def309ecb0283f3036bf33d46,1787977910.2717297,36494.143,18247129,0,0.9584569931030273,1.0416193008422852,0.9771499633789062,0.00019073486328125,-0.00324249267578125,0.00476837158203125,-0.0073261260986328125,-0.0024423599243164062,-0.15873050689697266,-0.0073261260986328125,0.0073261260986328125,-0.0073261260986328125,-0.08058643341064453,-2.3999996185302734,6.283760070800781,-1.8339433670043945,0.10500621795654297,-0.10988998413085938,0.0,-2.7017379392419882,7.963650416977032,-1.8261338700401428,-0.0009618237649350035,-0.005941458523191106
44,2,heldout,3,-1,-0.3490658503988659,2.2541779480015975,3,s,af3726fcacd0ac1320a56ea850b0a2c0f5430cf4eb20a45c078706980f08407e,d24fbe3839599a6a097188bae8cd47ce8083f27deef1341ae3086bf0d5a45bd1,87f63c0590d05baea263cdc42c6e1df2d063fa2def309ecb0283f3036bf33d46,87f63c0590d05baea263cdc42c6e1df2d063fa2def309ecb0283f3036bf33d46,1787977910.27365,36494.145,18247130,0,0.9584569931030273,1.0416193008422852,0.9767684936523438,0.00019073486328125,-0.00324249267578125,0.00476837158203125,-0.021978378295898438,-0.0024423599243164062,-0.15873050689697266,-0.021978378295898438,-0.0073261260986328125,-0.0073261260986328125,-0.08058643341064453,-2.3999996185302734,6.215385437011719,-1.8388280868530273,0.10500621795654297,-0.11477375030517578,0.0,-2.7024705767337642,7.964383054468808,-1.8262220636803554,-0.0009674901773366418,-0.005941262163825853
44,2,heldout,3,-1,-0.3490658503988659,2.2560791130017606,3,s,af3726fcacd0ac1320a56ea850b0a2c0f5430cf4eb20a45c078706980f08407e,d24fbe3839599a6a097188bae8cd47ce8083f27deef1341ae3086bf0d5a45bd1,87f63c0590d05baea263cdc42c6e1df2d063fa2def309ecb0283f3036bf33d46,87f63c0590d05baea263cdc42c6e1df2d063fa2def309ecb0283f3036bf33d46,1787977910.2755556,36494.147,18247131,0,0.9584569931030273,1.0416193008422852,0.9760055541992188,0.00019073486328125,-0.00324249267578125,0.00476837158203125,-0.0073261260986328125,-0.0024423599243164062,-0.15873050689697266,-0.0073261260986328125,0.0073261260986328125,-0.0073261260986328125,-0.07570171356201172,-2.386323928833008,6.229061126708984,-1.8388280868530273,0.10500621795654297,-0.11477375030517578,0.0,-2.7039323747001025,7.965844852435147,-1.8263976536971345,-0.0009788225789503164,-0.005940866851421773
44,2,heldout,3,-1,-0.3490658503988659,2.2579821390027064,3,s,af3726fcacd0ac1320a56ea850b0a2c0f5430cf4eb20a45c078706980f08407e,d24fbe3839599a6a097188bae8cd47ce8083f27deef1341ae3086bf0d5a45bd1,87f63c0590d05baea263cdc42c6e1df2d063fa2def309ecb0283f3036bf33d46,87f63c0590d05baea263cdc42c6e1df2d063fa2def309ecb0283f3036bf33d46,1787977910.2774198,36494.149,18247132,0,0.9584569931030273,1.0416193008422852,0.9752426147460938,0.00019073486328125,-0.00324249267578125,0.00476837158203125,-0.0073261260986328125,-0.0024423599243164062,-0.15873050689697266,-0.0073261260986328125,-0.021978378295898438,-0.0073261260986328125,-0.07570171356201172,-2.3999996185302734,6.297435760498047,-1.8485956192016602,0.10500621795654297,-0.11477375030517578,0.0,-2.7053895359347044,7.967302013669749,-1.8265721806106117,-0.0009901544108142943,-0.005940468080978231
44,2,heldout,3,-1,-0.3490658503988659,2.2598462930036476,3,s,af3726fcacd0ac1320a56ea850b0a2c0f5430cf4eb20a45c078706980f08407e,d24fbe3839599a6a097188bae8cd47ce8083f27deef1341ae3086bf0d5a45bd1,87f63c0590d05baea263cdc42c6e1df2d063fa2def309ecb0283f3036bf33d46,87f63c0590d05baea263cdc42c6e1df2d063fa2def309ecb0283f3036bf33d46,1787977910.2793233,36494.151,18247133,0,0.9584569931030273,1.0416193008422852,0.9748611450195312,0.00019073486328125,-0.00324249267578125,0.00476837158203125,-0.0073261260986328125,-0.0024423599243164062,-0.15873050689697266,-0.0073261260986328125,0.0073261260986328125,-0.0073261260986328125,-0.07570171356201172,-2.3999996185302734,6.25640869140625,-1.8534793853759766,0.10500621795654297,-0.10988998413085938,0.0,-2.706116377512443,7.968028855247487,-1.826659045371842,-0.0009958201110288865,-0.005940267399064118
44,2,heldout,3,-1,-0.3490658503988659,2.261754268001823,3,s,af3726fcacd0ac1320a56ea850b0a2c0f5430cf4eb20a45c078706980f08407e,d24fbe3839599a6a097188bae8cd47ce8083f27deef1341ae3086bf0d5a45bd1,87f63c0590d05baea263cdc42c6e1df2d063fa2def309ecb0283f3036bf33d46,87f63c0590d05baea263cdc42c6e1df2d063fa2def309ecb0283f3036bf33d46,1787977910.2818062,36494.153,18247134,0,0.9584569931030273,1.0416193008422852,0.9740982055664062,0.00019073486328125,-0.00324249267578125,0.00476837158203125,-0.0073261260986328125,-0.0024423599243164062,-0.15873050689697266,-0.0073261260986328125,-0.0073261260986328125,-0.0073261260986328125,-0.07570171356201172,-2.3999996185302734,6.229061126708984,-1.8632478713989258,0.10500621795654297,-0.11477375030517578,0.0,-2.70756658205995,7.969479059794994,-1.8268319774400827,-0.0010071510759009285,-0.005939863441997222
44,2,heldout,3,-1,-0.3490658503988659,2.264238493000448,3,s,af3726fcacd0ac1320a56ea850b0a2c0f5430cf4eb20a45c078706980f08407e,d24fbe3839599a6a097188bae8cd47ce8083f27deef1341ae3086bf0d5a45bd1,87f63c0590d05baea263cdc42c6e1df2d063fa2def309ecb0283f3036bf33d46,87f63c0590d05baea263cdc42c6e1df2d063fa2def309ecb0283f3036bf33d46,1787977910.2837253,36494.155,18247135,0,0.9584569931030273,1.0416193008422852,0.9737167358398438,0.00019073486328125,-0.00324249267578125,0.00476837158203125,-0.0073261260986328125,-0.0024423599243164062,-0.15384578704833984,0.0073261260986328125,-0.0073261260986328125,-0.0073261260986328125,-0.07570171356201172,-2.3999996185302734,6.25640869140625,-1.8730154037475586,0.10500621795654297,-0.10988998413085938,0.0,-2.708289944818684,7.970202422553729,-1.8269180447219286,-0.0010128163389095072,-0.005939660166903224
44,2,heldout,3,-1,-0.3490658503988659,2.2661588430055417,3,s,af3726fcacd0ac1320a56ea850b0a2c0f5430cf4eb20a45c078706980f08407e,d24fbe3839599a6a097188bae8cd47ce8083f27deef1341ae3086bf0d5a45bd1,87f63c0590d05baea263cdc42c6e1df2d063fa2def309ecb0283f3036bf33d46,87f63c0590d05baea263cdc42c6e1df2d063fa2def309ecb0283f3036bf33d46,1787977910.2856205,36494.157,18247136,0,0.9584569931030273,1.0416193008422852,0.9729537963867188,0.00057220458984375,-0.00324249267578125,0.00476837158203125,0.0073261260986328125,-0.0024423599243164062,-0.15384578704833984,0.0073261260986328125,-0.0073261260986328125,-0.0073261260986328125,-0.07570171356201172,-2.413675308227539,6.25640869140625,-1.8779001235961914,0.10500621795654297,-0.10988998413085938,0.0,-2.7098184604695423,7.971730938204586,-1.8271746514081895,-0.001029811240332704,-0.005939045155734367
44,2,heldout,3,-1,-0.3490658503988659,2.2680494119995274,3,s,af3726fcacd0ac1320a56ea850b0a2c0f5430cf4eb20a45c078706980f08407e,d24fbe3839599a6a097188bae8cd47ce8083f27deef1341ae3086bf0d5a45bd1,87f63c0590d05baea263cdc42c6e1df2d063fa2def309ecb0283f3036bf33d46,87f63c0590d05baea263cdc42c6e1df2d063fa2def309ecb0283f3036bf33d46,1787977910.2875674,36494.159,18247137,0,0.9584569931030273,1.0416193008422852,0.9721908569335938,0.00019073486328125,-0.00324249267578125,0.00476837158203125,-0.0073261260986328125,-0.0024423599243164062,-0.14896202087402344,0.021978378295898438,0.0073261260986328125,-0.0073261260986328125,-0.07570171356201172,-2.3999996185302734,6.229061126708984,-1.8876676559448242,0.10500621795654297,-0.10988998413085938,0.0,-2.7111717966326627,7.973084274367706,-1.8272596552090274,-0.0010354759088583815,-0.0059388384234819016
44,2,heldout,3,-1,-0.3490658503988659,2.269996656003059,3,s,af3726fcacd0ac1320a56ea850b0a2c0f5430cf4eb20a45c078706980f08407e,d24fbe3839599a6a097188bae8cd47ce8083f27deef1341ae3086bf0d5a45bd1,87f63c0590d05baea263cdc42c6e1df2d063fa2def309ecb0283f3036bf33d46,87f63c0590d05baea263cdc42c6e1df2d063fa2def309ecb0283f3036bf33d46,1787977910.2894642,36494.161,18247138,0,0.9584569931030273,1.0416193008422852,0.9718093872070312,0.00057220458984375,-0.00324249267578125,0.00476837158203125,0.0073261260986328125,-0.0024423599243164062,-0.15873050689697266,0.03663063049316406,-0.0073261260986328125,-0.0073261260986328125,-0.07570171356201172,-2.3999996185302734,6.270084381103516,-1.8925514221191406,0.10500621795654297,-0.10988998413085938,0.0,-2.711973831242673,7.9738863089777166,-1.8274288650945547,-0.0010468047930407144,-0.0059384223663630125
44,2,heldout,3,-1,-0.3490658503988659,2.271895586003666,3,s,af3726fcacd0ac1320a56ea850b0a2c0f5430cf4eb20a45c078706980f08407e,d24fbe3839599a6a097188bae8cd47ce8083f27deef1341ae3086bf0d5a45bd1,87f63c0590d05baea263cdc42c6e1df2d063fa2def309ecb0283f3036bf33d46,87f63c0590d05baea263cdc42c6e1df2d063fa2def309ecb0283f3036bf33d46,1787977910.291341,36494.163,18247139,0,0.9584569931030273,1.0416193008422852,0.9710464477539062,0.00057220458984375,-0.00324249267578125,0.00476837158203125,0.0073261260986328125,-0.0024423599243164062,-0.16361427307128906,0.021978378295898438,-0.0073261260986328125,-0.0073261260986328125,-0.07570171356201172,-2.3999996185302734,6.24273681640625,-1.9023199081420898,0.10500621795654297,-0.10988998413085938,0.0,-2.7134049434998677,7.9753174212349105,-1.8275970112765356,-0.001058133067902495,-0.005938002852627536
44,2,heldout,3,-1,-0.3490658503988659,2.273781272000633,3,s,af3726fcacd0ac1320a56ea850b0a2c0f5430cf4eb20a45c078706980f08407e,d24fbe3839599a6a097188bae8cd47ce8083f27deef1341ae3086bf0d5a45bd1,87f63c0590d05baea263cdc42c6e1df2d063fa2def309ecb0283f3036bf33d46,87f63c0590d05baea263cdc42c6e1df2d063fa2def309ecb0283f3036bf33d46,1787977910.2938082,36494.165,18247140,0,0.9584569931030273,1.0416193008422852,0.9702835083007812,0.00057220458984375,-0.00324249267578125,0.00476837158203125,-0.0073261260986328125,-0.0024423599243164062,-0.16849803924560547,0.0073261260986328125,-0.0073261260986328125,-0.0073261260986328125,-0.08058643341064453,-2.3999996185302734,6.229061126708984,-1.9023199081420898,0.10500621795654297,-0.11477375030517578,0.0,-2.7148314135115634,7.976743891246608,-1.8277640936570978,-0.0010694607268497962,-0.005937579882519661
44,2,heldout,3,-1,-0.3490658503988659,2.2762380550047965,3,s,af3726fcacd0ac1320a56ea850b0a2c0f5430cf4eb20a45c078706980f08407e,d24fbe3839599a6a097188bae8cd47ce8083f27deef1341ae3086bf0d5a45bd1,87f63c0590d05baea263cdc42c6e1df2d063fa2def309ecb0283f3036bf33d46,87f63c0590d05baea263cdc42c6e1df2d063fa2def309ecb0283f3036bf33d46,1787977910.2957053,36494.167,18247141,0,0.9584569931030273,1.0416193008422852,0.9699020385742188,0.00057220458984375,-0.00324249267578125,0.00476837158203125,-0.0073261260986328125,-0.0024423599243164062,-0.16849803924560547,0.021978378295898438,-0.0073261260986328125,-0.0073261260986328125,-0.08058643341064453,-2.3999996185302734,6.3111114501953125,-1.9072036743164062,0.10500621795654297,-0.11477375030517578,0.0,-2.7155429074157706,7.977455385150815,-1.8278472358914302,-0.0010751243232950147,-0.0059373671014029345
44,2,heldout,3,-1,-0.3490658503988659,2.2781356609993964,3,s,af3726fcacd0ac1320a56ea850b0a2c0f5430cf4eb20a45c078706980f08407e,d24fbe3839599a6a097188bae8cd47ce8083f27deef1341ae3086bf0d5a45bd1,87f63c0590d05baea263cdc42c6e1df2d063fa2def309ecb0283f3036bf33d46,87f63c0590d05baea263cdc42c6e1df2d063fa2def309ecb0283f3036bf33d46,1787977910.2976,36494.169,18247142,0,0.9584569931030273,1.0416193008422852,0.9691390991210938,0.00057220458984375,-0.00324249267578125,0.00476837158203125,-0.0073261260986328125,-0.0024423599243164062,-0.16361427307128906,-0.0073261260986328125,-0.0073261260986328125,-0.0073261260986328125,-0.08058643341064453,-2.3999996185302734,6.283760070800781,-1.9072036743164062,0.10500621795654297,-0.11477375030517578,0.0,-2.71696241250323,7.978874890238274,-1.8280127223877038,-0.0010864510460077805,-0.005936938947198721
44,2,heldout,3,-1,-0.3490658503988659,2.2800290230006794,3,s,af3726fcacd0ac1320a56ea850b0a2c0f5430cf4eb20a45c078706980f08407e,d24fbe3839599a6a097188bae8cd47ce8083f27deef1341ae3086bf0d5a45bd1,87f63c0590d05baea263cdc42c6e1df2d063fa2def309ecb0283f3036bf33d46,87f63c0590d05baea263cdc42c6e1df2d063fa2def309ecb0283f3036bf33d46,1787977910.2994795,36494.170999999995,18247143,0,0.9584569931030273,1.0416193008422852,0.9683752059936523,0.00057220458984375,-0.00324249267578125,0.00476837158203125,-0.021978378295898438,-0.0024423599243164062,-0.16361427307128906,0.0073261260986328125,-0.0073261260986328125,-0.0073261260986328125,-0.08058643341064453,-2.3999996185302734,6.283760070800781,-1.9072036743164062,0.10500621795654297,-0.10988998413085938,0.0,-2.718379038943763,7.980291516678807,-1.8281773497027485,-0.0010977912935372287,-0.005936506795566491
44,2,heldout,3,-1,-0.3490658503988659,2.281907841002976,3,s,af3726fcacd0ac1320a56ea850b0a2c0f5430cf4eb20a45c078706980f08407e,d24fbe3839599a6a097188bae8cd47ce8083f27deef1341ae3086bf0d5a45bd1,87f63c0590d05baea263cdc42c6e1df2d063fa2def309ecb0283f3036bf33d46,87f63c0590d05baea263cdc42c6e1df2d063fa2def309ecb0283f3036bf33d46,1787977910.3014328,36494.172999999995,18247144,0,0.9584569931030273,1.0416193008422852,0.9676122665405273,0.00057220458984375,-0.00324249267578125,0.00476837158203125,-0.0073261260986328125,-0.0024423599243164062,-0.16849803924560547,-0.021978378295898438,-0.0073261260986328125,-0.0073261260986328125,-0.08058643341064453,-2.413675308227539,6.297435760498047,-1.9072036743164062,0.10500621795654297,-0.11477375030517578,0.0,-2.719789248768294,7.981701726503338,-1.8283407066862918,-0.0011091167440590592,-0.005936071725788043
44,2,heldout,3,-1,-0.3490658503988659,2.283865652003442,3,s,af3726fcacd0ac1320a56ea850b0a2c0f5430cf4eb20a45c078706980f08407e,d24fbe3839599a6a097188bae8cd47ce8083f27deef1341ae3086bf0d5a45bd1,87f63c0590d05baea263cdc42c6e1df2d063fa2def309ecb0283f3036bf33d46,87f63c0590d05baea263cdc42c6e1df2d063fa2def309ecb0283f3036bf33d46,1787977910.3033683,36494.174999999996,18247145,0,0.9584569931030273,1.0416193008422852,0.9672307968139648,0.00057220458984375,-0.00324249267578125,0.00476837158203125,-0.0073261260986328125,-0.0024423599243164062,-0.16361427307128906,-0.021978378295898438,0.0073261260986328125,-0.0073261260986328125,-0.08058643341064453,-2.413675308227539,6.324787139892578,-1.9023199081420898,0.10500621795654297,-0.10988998413085938,0.0,-2.720492611496138,7.9824050892311815,-1.828421986096117,-0.0011147792276353947,-0.0059358528951647845
44,2,heldout,3,-1,-0.3490658503988659,2.28580013300234,3,s,af3726fcacd0ac1320a56ea850b0a2c0f5430cf4eb20a45c078706980f08407e,d24fbe3839599a6a097188bae8cd47ce8083f27deef1341ae3086bf0d5a45bd1,87f63c0590d05baea263cdc42c6e1df2d063fa2def309ecb0283f3036bf33d46,87f63c0590d05baea263cdc42c6e1df2d063fa2def309ecb0283f3036bf33d46,1787977910.3058522,36494.176999999996,18247146,0,0.9584569931030273,1.0416193008422852,0.9664678573608398,0.00057220458984375,-0.00324249267578125,0.00476837158203125,-0.0073261260986328125,-0.0024423599243164062,-0.16849803924560547,-0.03663063049316406,-0.021978378295898438,-0.0073261260986328125,-0.08058643341064453,-2.413675308227539,6.352138519287109,-1.8925514221191406,0.10012245178222656,-0.10988998413085938,0.0,-2.7218958520712166,7.983808329806262,-1.8285837466927355,-0.0011261037072989107,-0.005935412642609428
44,2,heldout,3,-1,-0.3490658503988659,2.2882835179989343,3,s,af3726fcacd0ac1320a56ea850b0a2c0f5430cf4eb20a45c078706980f08407e,d24fbe3839599a6a097188bae8cd47ce8083f27deef1341ae3086bf0d5a45bd1,87f63c0590d05baea263cdc42c6e1df2d063fa2def309ecb0283f3036bf33d46,87f63c0590d05baea263cdc42c6e1df2d063fa2def309ecb0283f3036bf33d46,1787977910.3077624,36494.179,18247147,0,0.9584569931030273,1.0416193008422852,0.9657049179077148,0.00019073486328125,-0.00324249267578125,0.00476837158203125,-0.0073261260986328125,-0.0024423599243164062,-0.1831502914428711,-0.021978378295898438,-0.0073261260986328125,-0.0073261260986328125,-0.08058643341064453,-2.4273509979248047,6.393161773681641,-1.8827838897705078,0.10012245178222656,-0.10988998413085938,0.0,-2.723214230400852,7.985126708135898,-1.8286642278559895,-0.0011317657017381644,-0.005935191220741392
44,2,heldout,3,-1,-0.3490658503988659,2.290191585001594,3,s,af3726fcacd0ac1320a56ea850b0a2c0f5430cf4eb20a45c078706980f08407e,d24fbe3839599a6a097188bae8cd47ce8083f27deef1341ae3086bf0d5a45bd1,87f63c0590d05baea263cdc42c6e1df2d063fa2def309ecb0283f3036bf33d46,87f63c0590d05baea263cdc42c6e1df2d063fa2def309ecb0283f3036bf33d46,1787977910.3096468,36494.181,18247148,0,0.9584569931030273,1.0416193008422852,0.9649419784545898,0.00019073486328125,-0.00324249267578125,0.00476837158203125,-0.0073261260986328125,-0.0024423599243164062,-0.1831502914428711,-0.05128288269042969,-0.0073261260986328125,-0.0073261260986328125,-0.07570171356201172,-2.413675308227539,6.393161773681641,-1.8730154037475586,0.10500621795654297,-0.10988998413085938,0.0,-2.7246087080324437,7.986521185767487,-1.8288243918538294,-0.0011430891957120138,-0.005934745785985713
44,2,heldout,3,-1,-0.3490658503988659,2.292077452999365,3,s,af3726fcacd0ac1320a56ea850b0a2c0f5430cf4eb20a45c078706980f08407e,d24fbe3839599a6a097188bae8cd47ce8083f27deef1341ae3086bf0d5a45bd1,87f63c0590d05baea263cdc42c6e1df2d063fa2def309ecb0283f3036bf33d46,87f63c0590d05baea263cdc42c6e1df2d063fa2def309ecb0283f3036bf33d46,1787977910.311552,36494.183,18247149,0,0.9584569931030273,1.0416193008422852,0.9641790390014648,0.00019073486328125,-0.00324249267578125,0.00476837158203125,-0.0073261260986328125,-0.0024423599243164062,-0.1880340576171875,-0.03663063049316406,-0.0073261260986328125,-0.0073261260986328125,-0.07570171356201172,-2.413675308227539,6.447864532470703,-1.8583641052246094,0.10500621795654297,-0.11477375030517578,0.0,-2.7259985368970887,7.987911014632134,-1.82898349133582,-0.001154412024320413,-0.0059342968967535025
44,2,heldout,3,-1,-0.3490658503988659,2.2940080690023024,3,s,af3726fcacd0ac1320a56ea850b0a2c0f5430cf4eb20a45c078706980f08407e,d24fbe3839599a6a097188bae8cd47ce8083f27deef1341ae3086bf0d5a45bd1,87f63c0590d05baea263cdc42c6e1df2d063fa2def309ecb0283f3036bf33d46,87f63c0590d05baea263cdc42c6e1df2d063fa2def309ecb0283f3036bf33d46,1787977910.3134747,36494.185,18247150,0,0.9584569931030273,1.0416193008422852,0.9634160995483398,0.00019073486328125,-0.00324249267578125,0.00476837158203125,-0.0073261260986328125,-0.0024423599243164062,-0.1831502914428711,-0.05128288269042969,-0.0073261260986328125,-0.0073261260986328125,-0.08058643341064453,-2.413675308227539,6.365810394287109,-1.8485956192016602,0.10500621795654297,-0.11477375030517578,0.0,-2.727383716185803,7.989296193920848,-1.8291415262093542,-0.0011657341809726085,-0.005933844553306042
44,2,heldout,3,-1,-0.3490658503988659,2.2959045250026975,3,s,af3726fcacd0ac1320a56ea850b0a2c0f5430cf4eb20a45c078706980f08407e,d24fbe3839599a6a097188bae8cd47ce8083f27deef1341ae3086bf0d5a45bd1,87f63c0590d05baea263cdc42c6e1df2d063fa2def309ecb0283f3036bf33d46,87f63c0590d05baea263cdc42c6e1df2d063fa2def309ecb0283f3036bf33d46,1787977910.3153698,36494.187,18247151,0,0.9584569931030273,1.0416193008422852,0.9630346298217773,0.00019073486328125,-0.00324249267578125,0.00476837158203125,0.0073261260986328125,-0.0024423599243164062,-0.17338180541992188,-0.021978378295898438,-0.0073261260986328125,-0.0073261260986328125,-0.07570171356201172,-2.4273509979248047,6.283760070800781,-1.8388280868530273,0.10500621795654297,-0.11477375030517578,0.0,-2.728074561987117,7.989987039722161,-1.8292201443891785,-0.0011713950052556254,-0.005933617086333794
44,2,heldout,3,-1,-0.3490658503988659,2.2977989520004485,3,s,af3726fcacd0ac1320a56ea850b0a2c0f5430cf4eb20a45c078706980f08407e,d24fbe3839599a6a097188bae8cd47ce8083f27deef1341ae3086bf0d5a45bd1,87f63c0590d05baea263cdc42c6e1df2d063fa2def309ecb0283f3036bf33d46,87f63c0590d05baea263cdc42c6e1df2d063fa2def309ecb0283f3036bf33d46,1787977910.317264,36494.189,18247152,0,0.9584569931030273,1.0416193008422852,0.9622716903686523,-0.00019073486328125,-0.00324249267578125,0.00476837158203125,-0.0073261260986328125,-0.0024423599243164062,-0.16849803924560547,-0.0659332275390625,0.0073261260986328125,-0.0073261260986328125,-0.08058643341064453,-2.4273509979248047,6.229061126708984,-1.8290596008300781,0.10012245178222656,-0.11477375030517578,0.0,-2.729374679605702,7.9912871573407465,-1.8292984963824421,-0.001177055659078234,-0.005933388755906631
44,2,heldout,3,-1,-0.3490658503988659,2.2996955519993207,3,s,af3726fcacd0ac1320a56ea850b0a2c0f5430cf4eb20a45c078706980f08407e,d24fbe3839599a6a097188bae8cd47ce8083f27deef1341ae3086bf0d5a45bd1,87f63c0590d05baea263cdc42c6e1df2d063fa2def309ecb0283f3036bf33d46,87f63c0590d05baea263cdc42c6e1df2d063fa2def309ecb0283f3036bf33d46,1787977910.3197415,36494.191,18247153,0,0.9584569931030273,1.0416193008422852,0.9615087509155273,-0.00019073486328125,-0.00324249267578125,0.00476837158203125,-0.0073261260986328125,-0.0024423599243164062,-0.16361427307128906,-0.05128288269042969,-0.0073261260986328125,-0.0073261260986328125,-0.08058643341064453,-2.413675308227539,6.160682678222656,-1.8241758346557617,0.10012245178222656,-0.10988998413085938,0.0,-2.730748763863009,7.992661241598053,-1.8294544017637164,-0.001188376452047331,-0.005932929504820582
44,2,heldout,3,-1,-0.3490658503988659,2.3021714860005886,3,s,af3726fcacd0ac1320a56ea850b0a2c0f5430cf4eb20a45c078706980f08407e,d24fbe3839599a6a097188bae8cd47ce8083f27deef1341ae3086bf0d5a45bd1,87f63c0590d05baea263cdc42c6e1df2d063fa2def309ecb0283f3036bf33d46,87f63c0590d05baea263cdc42c6e1df2d063fa2def309ecb0283f3036bf33d46,1787977910.3216398,36494.193,18247154,0,0.9584569931030273,1.0416193008422852,0.9611272811889648,-0.00019073486328125,-0.00324249267578125,0.00476837158203125,-0.021978378295898438,-0.0024423599243164062,-0.16361427307128906,-0.021978378295898438,-0.0073261260986328125,-0.0073261260986328125,-0.08058643341064453,-2.4273509979248047,6.160682678222656,-1.8192920684814453,0.10012245178222656,-0.10988998413085938,0.0,-2.731434061413696,7.993346539148741,-1.8295319551290399,-0.0011940365895464215,-0.005932698584228525
44,2,heldout,3,-1,-0.3490658503988659,2.3040704730010475,3,s,af3726fcacd0ac1320a56ea850b0a2c0f5430cf4eb20a45c078706980f08407e,d24fbe3839599a6a097188bae8cd47ce8083f27deef1341ae3086bf0d5a45bd1,87f63c0590d05baea263cdc42c6e1df2d063fa2def309ecb0283f3036bf33d46,87f63c0590d05baea263cdc42c6e1df2d063fa2def309ecb0283f3036bf33d46,1787977910.3234997,36494.195,18247155,0,0.9584569931030273,1.0416193008422852,0.9603643417358398,-0.00019073486328125,-0.00324249267578125,0.00476837158203125,-0.0073261260986328125,-0.0024423599243164062,-0.17338180541992188,-0.0073261260986328125,-0.0073261260986328125,-0.0073261260986328125,-0.08058643341064453,-2.4273509979248047,6.324787139892578,-1.8241758346557617,0.10012245178222656,-0.10988998413085938,0.0,-2.7328011668605217,7.994713644595565,-1.8296862631526323,-0.0012053563424553999,-0.0059322341531143664
44,2,heldout,3,-1,-0.3490658503988659,2.305930366004759,3,s,af3726fcacd0ac1320a56ea850b0a2c0f5430cf4eb20a45c078706980f08407e,d24fbe3839599a6a097188bae8cd47ce8083f27deef1341ae3086bf0d5a45bd1,87f63c0590d05baea263cdc42c6e1df2d063fa2def309ecb0283f3036bf33d46,87f63c0590d05baea263cdc42c6e1df2d063fa2def309ecb0283f3036bf33d46,1787977910.3253658,36494.197,18247156,0,0.9584569931030273,1.0416193008422852,0.9596014022827148,-0.00019073486328125,-0.00324249267578125,0.00476837158203125,-0.0073261260986328125,-0.0024423599243164062,-0.1782665252685547,-0.021978378295898438,-0.0073261260986328125,-0.0073261260986328125,-0.08058643341064453,-2.4273509979248047,6.365810394287109,-1.8339433670043945,0.10012245178222656,-0.10988998413085938,0.0,-2.7341636187717646,7.996076096506809,-1.8298395061586998,-0.0012166753937546794,-0.005931766268985634
44,2,heldout,3,-1,-0.3490658503988659,2.3077890570057207,3,s,af3726fcacd0ac1320a56ea850b0a2c0f5430cf4eb20a45c078706980f08407e,d24fbe3839599a6a097188bae8cd47ce8083f27deef1341ae3086bf0d5a45bd1,87f63c0590d05baea263cdc42c6e1df2d063fa2def309ecb0283f3036bf33d46,87f63c0590d05baea263cdc42c6e1df2d063fa2def309ecb0283f3036bf33d46,1787977910.3278046,36494.199,18247157,0,0.9584569931030273,1.0416193008422852,0.9588384628295898,0.00019073486328125,-0.00324249267578125,0.00476837158203125,-0.0073261260986328125,-0.0024423599243164062,-0.1782665252685547,-0.0073261260986328125,0.0073261260986328125,-0.0073261260986328125,-0.08058643341064453,-2.4273509979248047,6.352138519287109,-1.8388280868530273,0.10012245178222656,-0.10988998413085938,0.0,-2.7355971058613187,7.997509583596363,-1.8300673735649908,-0.0012336526407730674,-0.005931057968986516
44,2,heldout,3,-1,-0.3490658503988659,2.310240844002692,3,s,af3726fcacd0ac1320a56ea850b0a2c0f5430cf4eb20a45c078706980f08407e,d24fbe3839599a6a097188bae8cd47ce8083f27deef1341ae3086bf0d5a45bd1,87f63c0590d05baea263cdc42c6e1df2d063fa2def309ecb0283f3036bf33d46,87f63c0590d05baea263cdc42c6e1df2d063fa2def309ecb0283f3036bf33d46,1787977910.3297238,36494.201,18247158,0,0.9584569931030273,1.0416193008422852,0.9580755233764648,-0.00019073486328125,-0.00324249267578125,0.00476837158203125,-0.0073261260986328125,-0.0024423599243164062,-0.1782665252685547,0.0073261260986328125,-0.0073261260986328125,-0.0073261260986328125,-0.08058643341064453,-2.4273509979248047,6.379486083984375,-1.8485956192016602,0.10012245178222656,-0.10988998413085938,0.0,-2.736874558818004,7.998787036553048,-1.830142796762087,-0.0012393113651703422,-0.0059308201427758405
44,2,heldout,3,-1,-0.3490658503988659,2.3121600580052473,3,s,af3726fcacd0ac1320a56ea850b0a2c0f5430cf4eb20a45c078706980f08407e,d24fbe3839599a6a097188bae8cd47ce8083f27deef1341ae3086bf0d5a45bd1,87f63c0590d05baea263cdc42c6e1df2d063fa2def309ecb0283f3036bf33d46,87f63c0590d05baea263cdc42c6e1df2d063fa2def309ecb0283f3036bf33d46,1787977910.3316476,36494.203,18247159,0,0.9584569931030273,1.0416193008422852,0.9573125839233398,-0.00019073486328125,-0.00324249267578125,0.00476837158203125,-0.0073261260986328125,-0.0024423599243164062,-0.1782665252685547,-0.0073261260986328125,-0.021978378295898438,-0.0073261260986328125,-0.08058643341064453,-2.413675308227539,6.297435760498047,-1.8534793853759766,0.10012245178222656,-0.10988998413085938,0.0,-2.7382230453750256,8.00013552311007,-1.8302928441828672,-0.0012506282721108496,-0.005930341901245496
44,2,heldout,3,-1,-0.3490658503988659,2.3140999160023057,3,s,af3726fcacd0ac1320a56ea850b0a2c0f5430cf4eb20a45c078706980f08407e,d24fbe3839599a6a097188bae8cd47ce8083f27deef1341ae3086bf0d5a45bd1,87f63c0590d05baea263cdc42c6e1df2d063fa2def309ecb0283f3036bf33d46,87f63c0590d05baea263cdc42c6e1df2d063fa2def309ecb0283f3036bf33d46,1787977910.3335912,36494.205,18247160,0,0.9584569931030273,1.0416193008422852,0.9569311141967773,0.00019073486328125,-0.00324249267578125,0.00476837158203125,-0.0073261260986328125,-0.0024423599243164062,-0.16849803924560547,0.0073261260986328125,-0.021978378295898438,-0.0073261260986328125,-0.07570171356201172,-2.4410247802734375,6.25640869140625,-1.8632478713989258,0.10012245178222656,-0.10988998413085938,0.0,-2.7389699002914925,8.000882378026535,-1.830441826233047,-0.0012619444510899311,-0.005929860207802012
44,2,heldout,3,-1,-0.3490658503988659,2.316023593004502,3,s,af3726fcacd0ac1320a56ea850b0a2c0f5430cf4eb20a45c078706980f08407e,d24fbe3839599a6a097188bae8cd47ce8083f27deef1341ae3086bf0d5a45bd1,87f63c0590d05baea263cdc42c6e1df2d063fa2def309ecb0283f3036bf33d46,87f63c0590d05baea263cdc42c6e1df2d063fa2def309ecb0283f3036bf33d46,1787977910.3354995,36494.206999999995,18247161,0,0.9584569931030273,1.0416193008422852,0.9561681747436523,0.00019073486328125,-0.00324249267578125,0.00476837158203125,-0.0073261260986328125,-0.0024423599243164062,-0.16361427307128906,0.021978378295898438,-0.0073261260986328125,-0.0073261260986328125,-0.07570171356201172,-2.4273509979248047,6.160682678222656,-1.8681316375732422,0.10500621795654297,-0.10988998413085938,0.0,-2.740310868778255,8.0022233465133,-1.8305897428259066,-0.0012732598955206996,-0.005929375062725776
44,2,heldout,3,-1,-0.3490658503988659,2.317930889003037,3,s,af3726fcacd0ac1320a56ea850b0a2c0f5430cf4eb20a45c078706980f08407e,d24fbe3839599a6a097188bae8cd47ce8083f27deef1341ae3086bf0d5a45bd1,87f63c0590d05baea263cdc42c6e1df2d063fa2def309ecb0283f3036bf33d46,87f63c0590d05baea263cdc42c6e1df2d063fa2def309ecb0283f3036bf33d46,1787977910.3374398,36494.208999999995,18247162,0,0.9584569931030273,1.0416193008422852,0.9554052352905273,0.00019073486328125,-0.00324249267578125,0.00476837158203125,-0.0073261260986328125,-0.0024423599243164062,-0.15873050689697266,0.0073261260986328125,-0.0073261260986328125,-0.0073261260986328125,-0.08058643341064453,-2.4410247802734375,6.147006988525391,-1.8779001235961914,0.10500621795654297,-0.10988998413085938,0.0,-2.7416471793582144,8.003559657093257,-1.8307365938753484,-0.0012845745988167006,-0.005928886466299174
44,2,heldout,3,-1,-0.3490658503988659,2.3198693279991858,3,s,af3726fcacd0ac1320a56ea850b0a2c0f5430cf4eb20a45c078706980f08407e,d24fbe3839599a6a097188bae8cd47ce8083f27deef1341ae3086bf0d5a45bd1,87f63c0590d05baea263cdc42c6e1df2d063fa2def309ecb0283f3036bf33d46,87f63c0590d05baea263cdc42c6e1df2d063fa2def309ecb0283f3036bf33d46,1787977910.3393257,36494.210999999996,18247163,0,0.9584569931030273,1.0416193008422852,0.9546422958374023,0.00019073486328125,-0.00324249267578125,0.00476837158203125,-0.021978378295898438,-0.0024423599243164062,-0.16849803924560547,0.03663063049316406,-0.0073261260986328125,-0.0073261260986328125,-0.08058643341064453,-2.4273509979248047,6.283760070800781,-1.8827838897705078,0.10500621795654297,-0.10988998413085938,0.0,-2.742978831253532,8.004891308988576,-1.8308823792958926,-0.0012958885543919159,-0.005928394418806609
44,2,heldout,3,-1,-0.3490658503988659,2.3217571720015258,3,s,af3726fcacd0ac1320a56ea850b0a2c0f5430cf4eb20a45c078706980f08407e,d24fbe3839599a6a097188bae8cd47ce8083f27deef1341ae3086bf0d5a45bd1,87f63c0590d05baea263cdc42c6e1df2d063fa2def309ecb0283f3036bf33d46,87f63c0590d05baea263cdc42c6e1df2d063fa2def309ecb0283f3036bf33d46,1787977910.341769,36494.212999999996,18247164,0,0.9584569931030273,1.0416193008422852,0.9542608261108398,0.00019073486328125,-0.00324249267578125,0.00476837158203125,0.0073261260986328125,-0.0024423599243164062,-0.1782665252685547,0.03663063049316406,-0.0073261260986328125,-0.0073261260986328125,-0.07570171356201172,-2.4410247802734375,6.365810394287109,-1.8876676559448242,0.10500621795654297,-0.10988998413085938,0.0,-2.74364290995212,8.005555387687163,-1.8309548723687863,-0.0013015452497262129,-0.005928147101000018
44,2,heldout,3,-1,-0.3490658503988659,2.324199586000759,3,s,af3726fcacd0ac1320a56ea850b0a2c0f5430cf4eb20a45c078706980f08407e,d24fbe3839599a6a097188bae8cd47ce8083f27deef1341ae3086bf0d5a45bd1,87f63c0590d05baea263cdc42c6e1df2d063fa2def309ecb0283f3036bf33d46,87f63c0590d05baea263cdc42c6e1df2d063fa2def309ecb0283f3036bf33d46,1787977910.3436618,36494.215,18247165,0,0.9584569931030273,1.0416193008422852,0.9534978866577148,0.00019073486328125,-0.00324249267578125,0.00476837158203125,0.0073261260986328125,-0.0024423599243164062,-0.1880340576171875,0.0073261260986328125,-0.021978378295898438,-0.0073261260986328125,-0.08058643341064453,-2.4273509979248047,6.461540222167969,-1.8974361419677734,0.10500621795654297,-0.10988998413085938,0.0,-2.7449675723679694,8.006880050103014,-1.8310990591870695,-0.0013128580713723968,-0.005927649877446156
44,2,heldout,3,-1,-0.3490658503988659,2.3260916210056166,3,s,af3726fcacd0ac1320a56ea850b0a2c0f5430cf4eb20a45c078706980f08407e,d24fbe3839599a6a097188bae8cd47ce8083f27deef1341ae3086bf0d5a45bd1,87f63c0590d05baea263cdc42c6e1df2d063fa2def309ecb0283f3036bf33d46,87f63c0590d05baea263cdc42c6e1df2d063fa2def309ecb0283f3036bf33d46,1787977910.3455772,36494.217,18247166,0,0.9584569931030273,1.0416193008422852,0.9527349472045898,0.00019073486328125,-0.00324249267578125,0.00476837158203125,-0.0073261260986328125,-0.0024423599243164062,-0.19780254364013672,0.021978378295898438,-0.0073261260986328125,-0.0073261260986328125,-0.08058643341064453,-2.4410247802734375,6.461540222167969,-1.8974361419677734,0.10500621795654297,-0.10988998413085938,0.0,-2.746287574166454,8.008200051901497,-1.831242180165473,-0.0013241701288346447,-0.005927149203546117
44,2,heldout,3,-1,-0.3490658503988659,2.3280062490011915,3,s,af3726fcacd0ac1320a56ea850b0a2c0f5430cf4eb20a45c078706980f08407e,d24fbe3839599a6a097188bae8cd47ce8083f27deef1341ae3086bf0d5a45bd1,87f63c0590d05baea263cdc42c6e1df2d063fa2def309ecb0283f3036bf33d46,87f63c0590d05baea263cdc42c6e1df2d063fa2def309ecb0283f3036bf33d46,1787977910.3474925,36494.219,18247167,0,0.9584569931030273,1.0416193008422852,0.9519720077514648,0.00019073486328125,-0.00324249267578125,0.00476837158203125,-0.021978378295898438,-0.0024423599243164062,-0.19780254364013672,-0.0073261260986328125,-0.0073261260986328125,-0.0073261260986328125,-0.08058643341064453,-2.4273509979248047,6.406837463378906,-1.9023199081420898,0.10500621795654297,-0.10988998413085938,0.0,-2.7476029145792347,8.00951539231428,-1.83138423522069,-0.001335481415528473,-0.005926645079591341
44,2,heldout,3,-1,-0.3490658503988659,2.329924192999897,3,s,af3726fcacd0ac1320a56ea850b0a2c0f5430cf4eb20a45c078706980f08407e,d24fbe3839599a6a097188bae8cd47ce8083f27deef1341ae3086bf0d5a45bd1,87f63c0590d05baea263cdc42c6e1df2d063fa2def309ecb0283f3036bf33d46,87f63c0590d05baea263cdc42c6e1df2d063fa2def309ecb0283f3036bf33d46,1787977910.349799,36494.221,18247168,0,0.9584569931030273,1.0416193008422852,0.9512090682983398,0.00019073486328125,-0.00324249267578125,0.00476837158203125,-0.0073261260986328125,-0.0024423599243164062,-0.1929178237915039,0.0073261260986328125,-0.0073261260986328125,-0.0073261260986328125,-0.08058643341064453,-2.4410247802734375,6.393161773681641,-1.8974361419677734,0.10500621795654297,-0.11477375030517578,0.0,-2.748913592840682,8.010826070575726,-1.8315252242700333,-0.0013467919248698445,-0.00592613750587526
44,2,heldout,3,-1,-0.3490658503988659,2.3322318530044868,3,s,af3726fcacd0ac1320a56ea850b0a2c0f5430cf4eb20a45c078706980f08407e,d24fbe3839599a6a097188bae8cd47ce8083f27deef1341ae3086bf0d5a45bd1,87f63c0590d05baea263cdc42c6e1df2d063fa2def309ecb0283f3036bf33d46,87f63c0590d05baea263cdc42c6e1df2d063fa2def309ecb0283f3036bf33d46,1787977910.3517396,36494.223,18247169,0,0.9584569931030273,1.0416193008422852,0.9504461288452148,0.00019073486328125,-0.00324249267578125,0.00476837158203125,-0.0073261260986328125,-0.0024423599243164062,-0.1880340576171875,-0.021978378295898438,-0.0073261260986328125,-0.0073261260986328125,-0.08058643341064453,-2.4273509979248047,6.24273681640625,-1.8974361419677734,0.10500621795654297,-0.11477375030517578,0.0,-2.750219608187875,8.01213208592292,-1.8316651472314345,-0.0013581016502751749,-0.0059256264826933166
44,2,heldout,3,-1,-0.3490658503988659,2.3341880830048467,3,s,af3726fcacd0ac1320a56ea850b0a2c0f5430cf4eb20a45c078706980f08407e,d24fbe3839599a6a097188bae8cd47ce8083f27deef1341ae3086bf0d5a45bd1,87f63c0590d05baea263cdc42c6e1df2d063fa2def309ecb0283f3036bf33d46,87f63c0590d05baea263cdc42c6e1df2d063fa2def309ecb0283f3036bf33d46,1787977910.353659,36494.225,18247170,0,0.9584569931030273,1.0416193008422852,0.9496831893920898,0.00019073486328125,-0.00324249267578125,0.00476837158203125,-0.021978378295898438,-0.0024423599243164062,-0.1782665252685547,-0.021978378295898438,-0.0073261260986328125,-0.0073261260986328125,-0.07570171356201172,-2.4410247802734375,6.324787139892578,-1.8876676559448242,0.10500621795654297,-0.11477375030517578,0.0,-2.7515209598606254,8.013433437595669,-1.831804004023451,-0.0013694105851613432,-0.0059251120103429745
44,2,heldout,3,-1,-0.3490658503988659,2.3360870230026194,3,s,af3726fcacd0ac1320a56ea850b0a2c0f5430cf4eb20a45c078706980f08407e,d24fbe3839599a6a097188bae8cd47ce8083f27deef1341ae3086bf0d5a45bd1,87f63c0590d05baea263cdc42c6e1df2d063fa2def309ecb0283f3036bf33d46,87f63c0590d05baea263cdc42c6e1df2d063fa2def309ecb0283f3036bf33d46,1787977910.3556771,36494.227,18247171,0,0.9584569931030273,1.0416193008422852,0.9489202499389648,0.00019073486328125,-0.00362396240234375,0.00476837158203125,0.0073261260986328125,-0.0024423599243164062,-0.1831502914428711,-0.021978378295898438,-0.021978378295898438,-0.0073261260986328125,-0.07570171356201172,-2.4410247802734375,6.447864532470703,-1.8779001235961914,0.10500621795654297,-0.11477375030517578,0.0,-2.7528119331101863,8.01472441084523,-1.8319360805740068,-0.0014100835661585145,-0.005923190417077379
