trial_id,repeat,support_posture,joint,direction,target_speed_rad_s,elapsed_s,schema_version,device_time_unit,urdf_sha256,protocol_sha256,collector_script_sha256,base_collector_script_sha256,host_time_s,device_time,seq,errors,q1_rad,q2_rad,q3_rad,q4_rad,q5_rad,q6_rad,dq1_rad_s,dq2_rad_s,dq3_rad_s,dq4_rad_s,dq5_rad_s,dq6_rad_s,tau1_nm,tau2_nm,tau3_nm,tau4_nm,tau5_nm,tau6_nm,gravity1_nm,gravity2_nm,gravity3_nm,gravity4_nm,gravity5_nm,gravity6_nm
91,1,train,5,-1,-0.3490658503988659,0.1516532620007638,3,s,af3726fcacd0ac1320a56ea850b0a2c0f5430cf4eb20a45c078706980f08407e,d24fbe3839599a6a097188bae8cd47ce8083f27deef1341ae3086bf0d5a45bd1,87f63c0590d05baea263cdc42c6e1df2d063fa2def309ecb0283f3036bf33d46,87f63c0590d05baea263cdc42c6e1df2d063fa2def309ecb0283f3036bf33d46,1787978717.3092902,37301.145,18650624,0,0.9584569931030273,1.2136640548706055,1.556992530822754,-0.00133514404296875,0.12455177307128906,0.00476837158203125,0.021978378295898438,-0.0024423599243164062,-0.0024423599243164062,0.0073261260986328125,-0.3150177001953125,-0.021978378295898438,-0.08058643341064453,-2.4410247802734375,7.350425720214844,-1.540903091430664,-0.09523773193359375,-0.10988998413085938,0.0,-2.898878764573117,6.542310419597351,-1.5785419305653383,-0.030748434872308404,-0.0039464333894471985
91,1,train,5,-1,-0.3490658503988659,0.15359942999930354,3,s,af3726fcacd0ac1320a56ea850b0a2c0f5430cf4eb20a45c078706980f08407e,d24fbe3839599a6a097188bae8cd47ce8083f27deef1341ae3086bf0d5a45bd1,87f63c0590d05baea263cdc42c6e1df2d063fa2def309ecb0283f3036bf33d46,87f63c0590d05baea263cdc42c6e1df2d063fa2def309ecb0283f3036bf33d46,1787978717.3111832,37301.147,18650625,0,0.9584569931030273,1.2136640548706055,1.556992530822754,-0.00133514404296875,0.12417030334472656,0.00476837158203125,-0.0073261260986328125,-0.0024423599243164062,-0.0024423599243164062,-0.0073261260986328125,-0.3150177001953125,-0.0073261260986328125,-0.08058643341064453,-2.4410247802734375,7.350425720214844,-1.5457878112792969,-0.10988998413085938,-0.10988998413085938,0.0,-2.898911381704639,6.542343036728873,-1.578574547696861,-0.03064209369437796,-0.003951507040272365
91,1,train,5,-1,-0.3490658503988659,0.15546911700221244,3,s,af3726fcacd0ac1320a56ea850b0a2c0f5430cf4eb20a45c078706980f08407e,d24fbe3839599a6a097188bae8cd47ce8083f27deef1341ae3086bf0d5a45bd1,87f63c0590d05baea263cdc42c6e1df2d063fa2def309ecb0283f3036bf33d46,87f63c0590d05baea263cdc42c6e1df2d063fa2def309ecb0283f3036bf33d46,1787978717.3131359,37301.149,18650626,0,0.9584569931030273,1.2136640548706055,1.556992530822754,-0.00133514404296875,0.12340736389160156,0.00476837158203125,0.0073261260986328125,-0.0024423599243164062,-0.0024423599243164062,-0.0073261260986328125,-0.3296699523925781,-0.0073261260986328125,-0.08058643341064453,-2.454700469970703,7.364101409912109,-1.5457878112792969,-0.1294260025024414,-0.10988998413085938,0.0,-2.898976276957869,6.542407931982103,-1.578639442950091,-0.030429397976958063,-0.003961655065904076
91,1,train,5,-1,-0.3490658503988659,0.15743145900341915,3,s,af3726fcacd0ac1320a56ea850b0a2c0f5430cf4eb20a45c078706980f08407e,d24fbe3839599a6a097188bae8cd47ce8083f27deef1341ae3086bf0d5a45bd1,87f63c0590d05baea263cdc42c6e1df2d063fa2def309ecb0283f3036bf33d46,87f63c0590d05baea263cdc42c6e1df2d063fa2def309ecb0283f3036bf33d46,1787978717.3155618,37301.151,18650627,0,0.9584569931030273,1.2136640548706055,1.556992530822754,-0.00133514404296875,0.12264442443847656,0.00476837158203125,0.0073261260986328125,-0.0024423599243164062,-0.0024423599243164062,-0.0073261260986328125,-0.3150177001953125,-0.0073261260986328125,-0.07570171356201172,-2.454700469970703,7.391452789306641,-1.5457878112792969,-0.13919448852539062,-0.10988998413085938,0.0,-2.89904072016656,6.542472375190794,-1.5787038861587808,-0.030216684547298242,-0.003971804051921791
91,1,train,5,-1,-0.3490658503988659,0.15984510599810164,3,s,af3726fcacd0ac1320a56ea850b0a2c0f5430cf4eb20a45c078706980f08407e,d24fbe3839599a6a097188bae8cd47ce8083f27deef1341ae3086bf0d5a45bd1,87f63c0590d05baea263cdc42c6e1df2d063fa2def309ecb0283f3036bf33d46,87f63c0590d05baea263cdc42c6e1df2d063fa2def309ecb0283f3036bf33d46,1787978717.3174071,37301.153,18650628,0,0.9584569931030273,1.2136640548706055,1.556992530822754,-0.00133514404296875,0.12226295471191406,0.00476837158203125,-0.0073261260986328125,-0.0024423599243164062,-0.0024423599243164062,-0.0073261260986328125,-0.28571510314941406,-0.0073261260986328125,-0.07570171356201172,-2.454700469970703,7.323078155517578,-1.5457878112792969,-0.14407825469970703,-0.10988998413085938,0.0,-2.899072772242469,6.542504427266703,-1.578735938234691,-0.030110321229070296,-0.003976878903229331
91,1,train,5,-1,-0.3490658503988659,0.16169057400111342,3,s,af3726fcacd0ac1320a56ea850b0a2c0f5430cf4eb20a45c078706980f08407e,d24fbe3839599a6a097188bae8cd47ce8083f27deef1341ae3086bf0d5a45bd1,87f63c0590d05baea263cdc42c6e1df2d063fa2def309ecb0283f3036bf33d46,87f63c0590d05baea263cdc42c6e1df2d063fa2def309ecb0283f3036bf33d46,1787978717.3192515,37301.155,18650629,0,0.9584569931030273,1.2136640548706055,1.556992530822754,-0.00133514404296875,0.12188148498535156,0.00476837158203125,-0.021978378295898438,-0.0024423599243164062,-0.0024423599243164062,-0.0073261260986328125,-0.28571510314941406,-0.0073261260986328125,-0.07570171356201172,-2.454700469970703,7.323078155517578,-1.5457878112792969,-0.14896202087402344,-0.10988998413085938,0.0,-2.8991047112931994,6.542536366317433,-1.5787678772854203,-0.03000395352921397,-0.003981953992418021
91,1,train,5,-1,-0.3490658503988659,0.16353409200382885,3,s,af3726fcacd0ac1320a56ea850b0a2c0f5430cf4eb20a45c078706980f08407e,d24fbe3839599a6a097188bae8cd47ce8083f27deef1341ae3086bf0d5a45bd1,87f63c0590d05baea263cdc42c6e1df2d063fa2def309ecb0283f3036bf33d46,87f63c0590d05baea263cdc42c6e1df2d063fa2def309ecb0283f3036bf33d46,1787978717.3216581,37301.157,18650630,0,0.9584569931030273,1.2136640548706055,1.556992530822754,-0.00133514404296875,0.12073707580566406,0.00476837158203125,-0.0073261260986328125,-0.0024423599243164062,-0.0024423599243164062,-0.0073261260986328125,-0.373626708984375,-0.021978378295898438,-0.07570171356201172,-2.454700469970703,7.377777099609375,-1.5506715774536133,-0.15384578704833984,-0.10988998413085938,0.0,-2.8991998502479066,6.542631505272141,-1.5788630162401278,-0.029684824294663383,-0.003997180679885587
91,1,train,5,-1,-0.3490658503988659,0.165939755999716,3,s,af3726fcacd0ac1320a56ea850b0a2c0f5430cf4eb20a45c078706980f08407e,d24fbe3839599a6a097188bae8cd47ce8083f27deef1341ae3086bf0d5a45bd1,87f63c0590d05baea263cdc42c6e1df2d063fa2def309ecb0283f3036bf33d46,87f63c0590d05baea263cdc42c6e1df2d063fa2def309ecb0283f3036bf33d46,1787978717.323526,37301.159,18650631,0,0.9584569931030273,1.2136640548706055,1.556992530822754,-0.00133514404296875,0.11997413635253906,0.00476837158203125,-0.0073261260986328125,-0.0024423599243164062,-0.0024423599243164062,-0.0073261260986328125,-0.373626708984375,-0.0073261260986328125,-0.07570171356201172,-2.4410247802734375,7.350425720214844,-1.5506715774536133,-0.15384578704833984,-0.10988998413085938,0.0,-2.899262711007036,6.54269436603127,-1.5789258769992582,-0.029472049847277915,-0.004007332980729212
91,1,train,5,-1,-0.3490658503988659,0.167808457998035,3,s,af3726fcacd0ac1320a56ea850b0a2c0f5430cf4eb20a45c078706980f08407e,d24fbe3839599a6a097188bae8cd47ce8083f27deef1341ae3086bf0d5a45bd1,87f63c0590d05baea263cdc42c6e1df2d063fa2def309ecb0283f3036bf33d46,87f63c0590d05baea263cdc42c6e1df2d063fa2def309ecb0283f3036bf33d46,1787978717.32538,37301.161,18650632,0,0.9584569931030273,1.2136640548706055,1.556992530822754,-0.00133514404296875,0.11959266662597656,0.00476837158203125,-0.021978378295898438,-0.0024423599243164062,-0.0024423599243164062,-0.0073261260986328125,-0.3296699523925781,0.0073261260986328125,-0.07570171356201172,-2.4410247802734375,7.295726776123047,-1.5457878112792969,-0.15384578704833984,-0.10500621795654297,0.0,-2.8992939718096546,6.542725626833889,-1.5789571378018759,-0.029365656182722844,-0.00401240948169462
91,1,train,5,-1,-0.3490658503988659,0.169661559004453,3,s,af3726fcacd0ac1320a56ea850b0a2c0f5430cf4eb20a45c078706980f08407e,d24fbe3839599a6a097188bae8cd47ce8083f27deef1341ae3086bf0d5a45bd1,87f63c0590d05baea263cdc42c6e1df2d063fa2def309ecb0283f3036bf33d46,87f63c0590d05baea263cdc42c6e1df2d063fa2def309ecb0283f3036bf33d46,1787978717.3272314,37301.163,18650633,0,0.9584569931030273,1.2136640548706055,1.556992530822754,-0.00133514404296875,0.11882972717285156,0.00476837158203125,-0.0073261260986328125,-0.0024423599243164062,-0.0024423599243164062,-0.0073261260986328125,-0.3296699523925781,0.0073261260986328125,-0.07570171356201172,-2.4410247802734375,7.268375396728516,-1.5457878112792969,-0.15873050689697266,-0.10500621795654297,0.0,-2.8993561542382458,6.54278780926248,-1.579019320230468,-0.0291528560492996,-0.004022563181018981
91,1,train,5,-1,-0.3490658503988659,0.17156138500286033,3,s,af3726fcacd0ac1320a56ea850b0a2c0f5430cf4eb20a45c078706980f08407e,d24fbe3839599a6a097188bae8cd47ce8083f27deef1341ae3086bf0d5a45bd1,87f63c0590d05baea263cdc42c6e1df2d063fa2def309ecb0283f3036bf33d46,87f63c0590d05baea263cdc42c6e1df2d063fa2def309ecb0283f3036bf33d46,1787978717.329227,37301.165,18650634,0,0.9584569931030273,1.2136640548706055,1.556992530822754,-0.00133514404296875,0.11806678771972656,0.00476837158203125,-0.0073261260986328125,-0.0024423599243164062,-0.0024423599243164062,-0.0073261260986328125,-0.3589744567871094,-0.0073261260986328125,-0.07570171356201172,-2.4273509979248047,7.282051086425781,-1.5506715774536133,-0.15384578704833984,-0.10500621795654297,0.0,-2.8994178844011826,6.542849539425417,-1.5790810503934034,-0.028940038946681595,-0.00403271780527616
91,1,train,5,-1,-0.3490658503988659,0.1735101410013158,3,s,af3726fcacd0ac1320a56ea850b0a2c0f5430cf4eb20a45c078706980f08407e,d24fbe3839599a6a097188bae8cd47ce8083f27deef1341ae3086bf0d5a45bd1,87f63c0590d05baea263cdc42c6e1df2d063fa2def309ecb0283f3036bf33d46,87f63c0590d05baea263cdc42c6e1df2d063fa2def309ecb0283f3036bf33d46,1787978717.3311152,37301.167,18650635,0,0.9584569931030273,1.2136640548706055,1.556992530822754,-0.00133514404296875,0.11730384826660156,0.00476837158203125,-0.0073261260986328125,-0.0024423599243164062,-0.0024423599243164062,-0.0073261260986328125,-0.34432220458984375,-0.021978378295898438,-0.07570171356201172,-2.4410247802734375,7.295726776123047,-1.5457878112792969,-0.14407825469970703,-0.10988998413085938,0.0,-2.899479162262531,6.542910817286765,-1.5791423282547512,-0.028727204998744652,-0.004042873348555384
91,1,train,5,-1,-0.3490658503988659,0.17540877900319174,3,s,af3726fcacd0ac1320a56ea850b0a2c0f5430cf4eb20a45c078706980f08407e,d24fbe3839599a6a097188bae8cd47ce8083f27deef1341ae3086bf0d5a45bd1,87f63c0590d05baea263cdc42c6e1df2d063fa2def309ecb0283f3036bf33d46,87f63c0590d05baea263cdc42c6e1df2d063fa2def309ecb0283f3036bf33d46,1787978717.3335898,37301.169,18650636,0,0.9584569931030273,1.2136640548706055,1.556992530822754,-0.00133514404296875,0.11654090881347656,0.00476837158203125,-0.021978378295898438,-0.0024423599243164062,-0.0024423599243164062,0.0073261260986328125,-0.34432220458984375,-0.021978378295898438,-0.07570171356201172,-2.4410247802734375,7.336753845214844,-1.5457878112792969,-0.13919448852539062,-0.10988998413085938,0.0,-2.899539987786619,6.542971642810853,-1.5792031537788407,-0.02851435432937446,-0.00405302980494535
91,1,train,5,-1,-0.3490658503988659,0.17787452199991094,3,s,af3726fcacd0ac1320a56ea850b0a2c0f5430cf4eb20a45c078706980f08407e,d24fbe3839599a6a097188bae8cd47ce8083f27deef1341ae3086bf0d5a45bd1,87f63c0590d05baea263cdc42c6e1df2d063fa2def309ecb0283f3036bf33d46,87f63c0590d05baea263cdc42c6e1df2d063fa2def309ecb0283f3036bf33d46,1787978717.3354864,37301.170999999995,18650637,0,0.9584569931030273,1.2136640548706055,1.556992530822754,-0.00133514404296875,0.11577796936035156,0.00476837158203125,-0.0073261260986328125,-0.0024423599243164062,-0.0024423599243164062,-0.0073261260986328125,-0.40293121337890625,-0.0073261260986328125,-0.08058643341064453,-2.4410247802734375,7.3094024658203125,-1.5457878112792969,-0.13919448852539062,-0.10988998413085938,0.0,-2.8996003609380465,6.543032015962281,-1.5792635269302673,-0.02830148706246641,-0.004063187168534222
91,1,train,5,-1,-0.3490658503988659,0.17978302000119584,3,s,af3726fcacd0ac1320a56ea850b0a2c0f5430cf4eb20a45c078706980f08407e,d24fbe3839599a6a097188bae8cd47ce8083f27deef1341ae3086bf0d5a45bd1,87f63c0590d05baea263cdc42c6e1df2d063fa2def309ecb0283f3036bf33d46,87f63c0590d05baea263cdc42c6e1df2d063fa2def309ecb0283f3036bf33d46,1787978717.3374946,37301.172999999995,18650638,0,0.9584569931030273,1.2136640548706055,1.556992530822754,-0.00133514404296875,0.11501502990722656,0.00476837158203125,-0.0073261260986328125,-0.0024423599243164062,-0.0024423599243164062,-0.0073261260986328125,-0.3589744567871094,-0.0073261260986328125,-0.08058643341064453,-2.4273509979248047,7.336753845214844,-1.5457878112792969,-0.1343097686767578,-0.10988998413085938,0.0,-2.8996602816816703,6.543091936705904,-1.5793234476738915,-0.028088603321925518,-0.004073345433409641
91,1,train,5,-1,-0.3490658503988659,0.18178746400371892,3,s,af3726fcacd0ac1320a56ea850b0a2c0f5430cf4eb20a45c078706980f08407e,d24fbe3839599a6a097188bae8cd47ce8083f27deef1341ae3086bf0d5a45bd1,87f63c0590d05baea263cdc42c6e1df2d063fa2def309ecb0283f3036bf33d46,87f63c0590d05baea263cdc42c6e1df2d063fa2def309ecb0283f3036bf33d46,1787978717.339395,37301.174999999996,18650639,0,0.9584569931030273,1.2136640548706055,1.556992530822754,-0.00133514404296875,0.11501502990722656,0.00476837158203125,0.021978378295898438,-0.0024423599243164062,-0.0024423599243164062,-0.0073261260986328125,-0.3003654479980469,0.0073261260986328125,-0.08058643341064453,-2.4410247802734375,7.323078155517578,-1.540903091430664,-0.1343097686767578,-0.10988998413085938,0.0,-2.8996602816816703,6.543091936705904,-1.5793234476738915,-0.028088603321925518,-0.004073345433409641
91,1,train,5,-1,-0.3490658503988659,0.18367992200364824,3,s,af3726fcacd0ac1320a56ea850b0a2c0f5430cf4eb20a45c078706980f08407e,d24fbe3839599a6a097188bae8cd47ce8083f27deef1341ae3086bf0d5a45bd1,87f63c0590d05baea263cdc42c6e1df2d063fa2def309ecb0283f3036bf33d46,87f63c0590d05baea263cdc42c6e1df2d063fa2def309ecb0283f3036bf33d46,1787978717.3412943,37301.176999999996,18650640,0,0.9584569931030273,1.2136640548706055,1.556992530822754,-0.00133514404296875,0.11425209045410156,0.00476837158203125,-0.0073261260986328125,-0.0024423599243164062,-0.0024423599243164062,0.0073261260986328125,-0.3296699523925781,-0.0073261260986328125,-0.08058643341064453,-2.454700469970703,7.295726776123047,-1.5457878112792969,-0.1343097686767578,-0.10500621795654297,0.0,-2.89971974998261,6.543151405006844,-1.5793829159748312,-0.02787570323166643,-0.004083504593658713
91,1,train,5,-1,-0.3490658503988659,0.18558879799820716,3,s,af3726fcacd0ac1320a56ea850b0a2c0f5430cf4eb20a45c078706980f08407e,d24fbe3839599a6a097188bae8cd47ce8083f27deef1341ae3086bf0d5a45bd1,87f63c0590d05baea263cdc42c6e1df2d063fa2def309ecb0283f3036bf33d46,87f63c0590d05baea263cdc42c6e1df2d063fa2def309ecb0283f3036bf33d46,1787978717.3437538,37301.179,18650641,0,0.9584569931030273,1.2136640548706055,1.556992530822754,-0.00133514404296875,0.11310768127441406,0.00476837158203125,-0.021978378295898438,-0.0024423599243164062,-0.0024423599243164062,-0.0073261260986328125,-0.373626708984375,-0.0073261260986328125,-0.07570171356201172,-2.4410247802734375,7.336753845214844,-1.5457878112792969,-0.1294260025024414,-0.10500621795654297,0.0,-2.899808104028343,6.543239759052577,-1.5794712700205642,-0.027556322711642912,-0.004098744999922204
91,1,train,5,-1,-0.3490658503988659,0.18803849200048717,3,s,af3726fcacd0ac1320a56ea850b0a2c0f5430cf4eb20a45c078706980f08407e,d24fbe3839599a6a097188bae8cd47ce8083f27deef1341ae3086bf0d5a45bd1,87f63c0590d05baea263cdc42c6e1df2d063fa2def309ecb0283f3036bf33d46,87f63c0590d05baea263cdc42c6e1df2d063fa2def309ecb0283f3036bf33d46,1787978717.345636,37301.181,18650642,0,0.9584569931030273,1.2136640548706055,1.556992530822754,-0.00133514404296875,0.11234474182128906,0.00476837158203125,-0.0073261260986328125,-0.0024423599243164062,-0.0024423599243164062,0.0073261260986328125,-0.3882789611816406,-0.0073261260986328125,-0.08058643341064453,-2.4410247802734375,7.336753845214844,-1.5457878112792969,-0.124542236328125,-0.10988998413085938,0.0,-2.8998664410717114,6.5432980960959455,-1.5795296070639333,-0.0273433822892772,-0.004108906372733118
91,1,train,5,-1,-0.3490658503988659,0.18992849600181216,3,s,af3726fcacd0ac1320a56ea850b0a2c0f5430cf4eb20a45c078706980f08407e,d24fbe3839599a6a097188bae8cd47ce8083f27deef1341ae3086bf0d5a45bd1,87f63c0590d05baea263cdc42c6e1df2d063fa2def309ecb0283f3036bf33d46,87f63c0590d05baea263cdc42c6e1df2d063fa2def309ecb0283f3036bf33d46,1787978717.3474514,37301.183,18650643,0,0.9584569931030273,1.2136640548706055,1.556992530822754,-0.00133514404296875,0.11196327209472656,0.00476837158203125,0.0073261260986328125,-0.0024423599243164062,-0.0024423599243164062,-0.021978378295898438,-0.34432220458984375,-0.0073261260986328125,-0.08058643341064453,-2.4410247802734375,7.377777099609375,-1.5457878112792969,-0.1294260025024414,-0.10988998413085938,0.0,-2.8998954398845043,6.543327094908738,-1.5795586058767241,-0.027236906101868824,-0.0041139873875111884
91,1,train,5,-1,-0.3490658503988659,0.19175567400088767,3,s,af3726fcacd0ac1320a56ea850b0a2c0f5430cf4eb20a45c078706980f08407e,d24fbe3839599a6a097188bae8cd47ce8083f27deef1341ae3086bf0d5a45bd1,87f63c0590d05baea263cdc42c6e1df2d063fa2def309ecb0283f3036bf33d46,87f63c0590d05baea263cdc42c6e1df2d063fa2def309ecb0283f3036bf33d46,1787978717.3493395,37301.185,18650644,0,0.9584569931030273,1.2136640548706055,1.556992530822754,-0.00133514404296875,0.11081886291503906,0.00476837158203125,0.0073261260986328125,-0.0024423599243164062,-0.0024423599243164062,-0.0073261260986328125,-0.373626708984375,0.0073261260986328125,-0.08058643341064453,-2.4410247802734375,7.364101409912109,-1.540903091430664,-0.1294260025024414,-0.10988998413085938,0.0,-2.899981757436707,6.543413412460941,-1.5796449234289291,-0.02691745382067525,-0.0041292317364631384
91,1,train,5,-1,-0.3490658503988659,0.19362122000165982,3,s,af3726fcacd0ac1320a56ea850b0a2c0f5430cf4eb20a45c078706980f08407e,d24fbe3839599a6a097188bae8cd47ce8083f27deef1341ae3086bf0d5a45bd1,87f63c0590d05baea263cdc42c6e1df2d063fa2def309ecb0283f3036bf33d46,87f63c0590d05baea263cdc42c6e1df2d063fa2def309ecb0283f3036bf33d46,1787978717.351865,37301.187,18650645,0,0.9584569931030273,1.2136640548706055,1.556992530822754,-0.00133514404296875,0.11005592346191406,0.00476837158203125,0.0073261260986328125,-0.0024423599243164062,-0.0024423599243164062,-0.0073261260986328125,-0.3882789611816406,-0.0073261260986328125,-0.08058643341064453,-2.4410247802734375,7.364101409912109,-1.540903091430664,-0.124542236328125,-0.10988998413085938,0.0,-2.900038736691211,6.543470391715445,-1.5797019026834327,-0.02670446602236201,-0.0041393957155513245
91,1,train,5,-1,-0.3490658503988659,0.19615838100435212,3,s,af3726fcacd0ac1320a56ea850b0a2c0f5430cf4eb20a45c078706980f08407e,d24fbe3839599a6a097188bae8cd47ce8083f27deef1341ae3086bf0d5a45bd1,87f63c0590d05baea263cdc42c6e1df2d063fa2def309ecb0283f3036bf33d46,87f63c0590d05baea263cdc42c6e1df2d063fa2def309ecb0283f3036bf33d46,1787978717.3537629,37301.189,18650646,0,0.9584569931030273,1.2136640548706055,1.556992530822754,-0.00133514404296875,0.10929298400878906,0.00476837158203125,-0.0073261260986328125,-0.0024423599243164062,-0.0024423599243164062,0.0073261260986328125,-0.3882789611816406,-0.0073261260986328125,-0.07570171356201172,-2.4410247802734375,7.377777099609375,-1.540903091430664,-0.10988998413085938,-0.10988998413085938,0.0,-2.900095263282743,6.543526918306977,-1.5797584292749642,-0.026491462680004504,-0.004149560551566846
91,1,train,5,-1,-0.3490658503988659,0.19805263400485273,3,s,af3726fcacd0ac1320a56ea850b0a2c0f5430cf4eb20a45c078706980f08407e,d24fbe3839599a6a097188bae8cd47ce8083f27deef1341ae3086bf0d5a45bd1,87f63c0590d05baea263cdc42c6e1df2d063fa2def309ecb0283f3036bf33d46,87f63c0590d05baea263cdc42c6e1df2d063fa2def309ecb0283f3036bf33d46,1787978717.3550951,37301.191,18650647,0,0.9584569931030273,1.2136640548706055,1.556992530822754,-0.00133514404296875,0.10814857482910156,0.00476837158203125,-0.021978378295898438,-0.0024423599243164062,-0.0024423599243164062,0.0073261260986328125,-0.46153831481933594,-0.0073261260986328125,-0.07570171356201172,-2.454700469970703,7.391452789306641,-1.540903091430664,-0.10012245178222656,-0.10988998413085938,0.0,-2.9001792043550654,6.543610859379299,-1.5798423703472857,-0.026171928792603213,-0.0041648093993859325
91,1,train,5,-1,-0.3490658503988659,0.19937876800395316,3,s,af3726fcacd0ac1320a56ea850b0a2c0f5430cf4eb20a45c078706980f08407e,d24fbe3839599a6a097188bae8cd47ce8083f27deef1341ae3086bf0d5a45bd1,87f63c0590d05baea263cdc42c6e1df2d063fa2def309ecb0283f3036bf33d46,87f63c0590d05baea263cdc42c6e1df2d063fa2def309ecb0283f3036bf33d46,1787978717.3575225,37301.193,18650648,0,0.9584569931030273,1.2136640548706055,1.556992530822754,-0.00133514404296875,0.10776710510253906,0.00476837158203125,-0.021978378295898438,-0.0024423599243164062,-0.0024423599243164062,-0.021978378295898438,-0.40293121337890625,-0.0073261260986328125,-0.07570171356201172,-2.454700469970703,7.350425720214844,-1.540903091430664,-0.09523773193359375,-0.10988998413085938,0.0,-2.90020695834554,6.543638613369774,-1.5798701243377622,-0.026065409859102627,-0.0041698927707125395
91,1,train,5,-1,-0.3490658503988659,0.20180692100257147,3,s,af3726fcacd0ac1320a56ea850b0a2c0f5430cf4eb20a45c078706980f08407e,d24fbe3839599a6a097188bae8cd47ce8083f27deef1341ae3086bf0d5a45bd1,87f63c0590d05baea263cdc42c6e1df2d063fa2def309ecb0283f3036bf33d46,87f63c0590d05baea263cdc42c6e1df2d063fa2def309ecb0283f3036bf33d46,1787978717.359419,37301.195,18650649,0,0.9584569931030273,1.2136640548706055,1.556992530822754,-0.00133514404296875,0.10700416564941406,0.00476837158203125,-0.0073261260986328125,-0.0024423599243164062,-0.0024423599243164062,-0.0073261260986328125,-0.3589744567871094,-0.0073261260986328125,-0.07570171356201172,-2.454700469970703,7.350425720214844,-1.540903091430664,-0.08547019958496094,-0.10988998413085938,0.0,-2.9002621267517923,6.543693781776026,-1.5799252927440133,-0.025852360628553644,-0.004180060142007804
91,1,train,5,-1,-0.3490658503988659,0.20370218199968804,3,s,af3726fcacd0ac1320a56ea850b0a2c0f5430cf4eb20a45c078706980f08407e,d24fbe3839599a6a097188bae8cd47ce8083f27deef1341ae3086bf0d5a45bd1,87f63c0590d05baea263cdc42c6e1df2d063fa2def309ecb0283f3036bf33d46,87f63c0590d05baea263cdc42c6e1df2d063fa2def309ecb0283f3036bf33d46,1787978717.3613596,37301.197,18650650,0,0.9584569931030273,1.2136640548706055,1.556992530822754,-0.00133514404296875,0.10624122619628906,0.00476837158203125,-0.021978378295898438,-0.0024423599243164062,-0.0024423599243164062,-0.0073261260986328125,-0.41758155822753906,-0.0073261260986328125,-0.07570171356201172,-2.454700469970703,7.336753845214844,-1.5457878112792969,-0.07570171356201172,-0.10988998413085938,0.0,-2.9003168423650414,6.543748497389275,-1.5799800083572626,-0.025639296349950987,-0.004190228346560592
91,1,train,5,-1,-0.3490658503988659,0.20565979200182483,3,s,af3726fcacd0ac1320a56ea850b0a2c0f5430cf4eb20a45c078706980f08407e,d24fbe3839599a6a097188bae8cd47ce8083f27deef1341ae3086bf0d5a45bd1,87f63c0590d05baea263cdc42c6e1df2d063fa2def309ecb0283f3036bf33d46,87f63c0590d05baea263cdc42c6e1df2d063fa2def309ecb0283f3036bf33d46,1787978717.3632956,37301.199,18650651,0,0.9584569931030273,1.2136640548706055,1.556992530822754,-0.00133514404296875,0.10509681701660156,0.00476837158203125,0.0073261260986328125,-0.0024423599243164062,-0.0024423599243164062,0.0073261260986328125,-0.41758155822753906,-0.0073261260986328125,-0.07570171356201172,-2.4410247802734375,7.3094024658203125,-1.5457878112792969,-0.0659341812133789,-0.10988998413085938,0.0,-2.9003980667284366,6.543829721752671,-1.5800612327206587,-0.02531967198824187,-0.004205482202800396
91,1,train,5,-1,-0.3490658503988659,0.2075884810037678,3,s,af3726fcacd0ac1320a56ea850b0a2c0f5430cf4eb20a45c078706980f08407e,d24fbe3839599a6a097188bae8cd47ce8083f27deef1341ae3086bf0d5a45bd1,87f63c0590d05baea263cdc42c6e1df2d063fa2def309ecb0283f3036bf33d46,87f63c0590d05baea263cdc42c6e1df2d063fa2def309ecb0283f3036bf33d46,1787978717.3657303,37301.201,18650652,0,0.9584569931030273,1.2136640548706055,1.556992530822754,-0.00133514404296875,0.10433387756347656,0.00476837158203125,-0.0073261260986328125,-0.0024423599243164062,-0.0024423599243164062,0.0073261260986328125,-0.40293121337890625,-0.0073261260986328125,-0.07570171356201172,-2.4410247802734375,7.3094024658203125,-1.5457878112792969,-0.0610504150390625,-0.10988998413085938,0.0,-2.9004516502204196,6.543883305244654,-1.5801148162126404,-0.02510657063211029,-0.004215652464601741
91,1,train,5,-1,-0.3490658503988659,0.2100184650043957,3,s,af3726fcacd0ac1320a56ea850b0a2c0f5430cf4eb20a45c078706980f08407e,d24fbe3839599a6a097188bae8cd47ce8083f27deef1341ae3086bf0d5a45bd1,87f63c0590d05baea263cdc42c6e1df2d063fa2def309ecb0283f3036bf33d46,87f63c0590d05baea263cdc42c6e1df2d063fa2def309ecb0283f3036bf33d46,1787978717.368115,37301.203,18650653,0,0.9584569931030273,1.2136640548706055,1.556992530822754,-0.00133514404296875,0.10357093811035156,0.00476837158203125,-0.0073261260986328125,-0.0024423599243164062,-0.0024423599243164062,-0.0073261260986328125,-0.40293121337890625,-0.0073261260986328125,-0.08058643341064453,-2.4410247802734375,7.350425720214844,-1.5457878112792969,-0.0610504150390625,-0.10988998413085938,0.0,-2.9005047808090825,6.5439364358333165,-1.5801679468013023,-0.024893454662031918,-0.0042258235389431515
91,1,train,5,-1,-0.3490658503988659,0.21262166999804322,3,s,af3726fcacd0ac1320a56ea850b0a2c0f5430cf4eb20a45c078706980f08407e,d24fbe3839599a6a097188bae8cd47ce8083f27deef1341ae3086bf0d5a45bd1,87f63c0590d05baea263cdc42c6e1df2d063fa2def309ecb0283f3036bf33d46,87f63c0590d05baea263cdc42c6e1df2d063fa2def309ecb0283f3036bf33d46,1787978717.3692818,37301.205,18650654,0,0.9584569931030273,1.2136640548706055,1.556992530822754,-0.00133514404296875,0.10318946838378906,0.00476837158203125,-0.021978378295898438,-0.0024423599243164062,-0.0024423599243164062,-0.021978378295898438,-0.3589744567871094,0.0073261260986328125,-0.08058643341064453,-2.4410247802734375,7.323078155517578,-1.5506715774536133,-0.0610504150390625,-0.10500621795654297,0.0,-2.9005311762549915,6.5439628312792255,-1.5801943422472131,-0.024786891235527908,-0.00423090937896629
91,1,train,5,-1,-0.3490658503988659,0.21357644900126616,3,s,af3726fcacd0ac1320a56ea850b0a2c0f5430cf4eb20a45c078706980f08407e,d24fbe3839599a6a097188bae8cd47ce8083f27deef1341ae3086bf0d5a45bd1,87f63c0590d05baea263cdc42c6e1df2d063fa2def309ecb0283f3036bf33d46,87f63c0590d05baea263cdc42c6e1df2d063fa2def309ecb0283f3036bf33d46,1787978717.371173,37301.206999999995,18650655,0,0.9584569931030273,1.2136640548706055,1.556992530822754,-0.00133514404296875,0.10242652893066406,0.00476837158203125,-0.0073261260986328125,-0.0024423599243164062,-0.0024423599243164062,-0.0073261260986328125,-0.34432220458984375,-0.0073261260986328125,-0.08058643341064453,-2.4410247802734375,7.350425720214844,-1.5506715774536133,-0.05616569519042969,-0.10500621795654297,0.0,-2.9005836274307693,6.544015282455003,-1.5802467934229913,-0.024573753577125403,-0.0042410816610170075
91,1,train,5,-1,-0.3490658503988659,0.21546781600045506,3,s,af3726fcacd0ac1320a56ea850b0a2c0f5430cf4eb20a45c078706980f08407e,d24fbe3839599a6a097188bae8cd47ce8083f27deef1341ae3086bf0d5a45bd1,87f63c0590d05baea263cdc42c6e1df2d063fa2def309ecb0283f3036bf33d46,87f63c0590d05baea263cdc42c6e1df2d063fa2def309ecb0283f3036bf33d46,1787978717.3731186,37301.208999999995,18650656,0,0.9584569931030273,1.2136640548706055,1.556992530822754,-0.00133514404296875,0.10166358947753906,0.00476837158203125,-0.021978378295898438,-0.0024423599243164062,-0.0024423599243164062,-0.0073261260986328125,-0.373626708984375,-0.0073261260986328125,-0.07570171356201172,-2.4273509979248047,7.364101409912109,-1.5506715774536133,-0.05616569519042969,-0.10988998413085938,0.0,-2.9006356256264065,6.544067280650641,-1.5802987916186286,-0.024360601614916426,-0.004251254740806048
91,1,train,5,-1,-0.3490658503988659,0.2174133740045363,3,s,af3726fcacd0ac1320a56ea850b0a2c0f5430cf4eb20a45c078706980f08407e,d24fbe3839599a6a097188bae8cd47ce8083f27deef1341ae3086bf0d5a45bd1,87f63c0590d05baea263cdc42c6e1df2d063fa2def309ecb0283f3036bf33d46,87f63c0590d05baea263cdc42c6e1df2d063fa2def309ecb0283f3036bf33d46,1787978717.3756137,37301.210999999996,18650657,0,0.9584569931030273,1.2136640548706055,1.556992530822754,-0.00133514404296875,0.10090065002441406,0.00476837158203125,-0.0073261260986328125,-0.0024423599243164062,-0.0024423599243164062,0.021978378295898438,-0.373626708984375,-0.0073261260986328125,-0.07570171356201172,-2.4410247802734375,7.3094024658203125,-1.5457878112792969,-0.0659341812133789,-0.10988998413085938,0.0,-2.9006871708116373,6.544118825835872,-1.5803503368038592,-0.02414743547297173,-0.0042614286124119044
91,1,train,5,-1,-0.3490658503988659,0.21990863700193586,3,s,af3726fcacd0ac1320a56ea850b0a2c0f5430cf4eb20a45c078706980f08407e,d24fbe3839599a6a097188bae8cd47ce8083f27deef1341ae3086bf0d5a45bd1,87f63c0590d05baea263cdc42c6e1df2d063fa2def309ecb0283f3036bf33d46,87f63c0590d05baea263cdc42c6e1df2d063fa2def309ecb0283f3036bf33d46,1787978717.3775396,37301.212999999996,18650658,0,0.9584569931030273,1.2136640548706055,1.556992530822754,-0.00133514404296875,0.10051918029785156,0.00476837158203125,-0.0073261260986328125,-0.0024423599243164062,-0.0024423599243164062,-0.0073261260986328125,-0.3296699523925781,-0.0073261260986328125,-0.07570171356201172,-2.4410247802734375,7.295726776123047,-1.5506715774536133,-0.07570171356201172,-0.10988998413085938,0.0,-2.900712773515964,6.544144428540198,-1.580375939508185,-0.024040847123372892,-0.0042665158432955395
91,1,train,5,-1,-0.3490658503988659,0.22183327499806182,3,s,af3726fcacd0ac1320a56ea850b0a2c0f5430cf4eb20a45c078706980f08407e,d24fbe3839599a6a097188bae8cd47ce8083f27deef1341ae3086bf0d5a45bd1,87f63c0590d05baea263cdc42c6e1df2d063fa2def309ecb0283f3036bf33d46,87f63c0590d05baea263cdc42c6e1df2d063fa2def309ecb0283f3036bf33d46,1787978717.3794293,37301.215,18650659,0,0.9584569931030273,1.2136640548706055,1.556992530822754,-0.00133514404296875,0.10013771057128906,0.00476837158203125,0.0073261260986328125,-0.0024423599243164062,-0.0024423599243164062,-0.021978378295898438,-0.28571510314941406,-0.0073261260986328125,-0.07570171356201172,-2.4410247802734375,7.323078155517578,-1.5506715774536133,-0.08547019958496094,-0.10988998413085938,0.0,-2.9007382629564566,6.544169917980691,-1.5804014289486787,-0.023934255275370388,-0.004271603269912602
91,1,train,5,-1,-0.3490658503988659,0.22371745399868814,3,s,af3726fcacd0ac1320a56ea850b0a2c0f5430cf4eb20a45c078706980f08407e,d24fbe3839599a6a097188bae8cd47ce8083f27deef1341ae3086bf0d5a45bd1,87f63c0590d05baea263cdc42c6e1df2d063fa2def309ecb0283f3036bf33d46,87f63c0590d05baea263cdc42c6e1df2d063fa2def309ecb0283f3036bf33d46,1787978717.381316,37301.217,18650660,0,0.9584569931030273,1.2136640548706055,1.556992530822754,-0.00133514404296875,0.09975624084472656,0.00476837158203125,-0.0073261260986328125,-0.0024423599243164062,-0.0024423599243164062,-0.0073261260986328125,-0.2564105987548828,-0.0073261260986328125,-0.07570171356201172,-2.454700469970703,7.3094024658203125,-1.5506715774536133,-0.10012245178222656,-0.10988998413085938,0.0,-2.900763639129408,6.544195294153642,-1.58042680512163,-0.02382765994447538,-0.0042766908915227745
91,1,train,5,-1,-0.3490658503988659,0.22560774400335504,3,s,af3726fcacd0ac1320a56ea850b0a2c0f5430cf4eb20a45c078706980f08407e,d24fbe3839599a6a097188bae8cd47ce8083f27deef1341ae3086bf0d5a45bd1,87f63c0590d05baea263cdc42c6e1df2d063fa2def309ecb0283f3036bf33d46,87f63c0590d05baea263cdc42c6e1df2d063fa2def309ecb0283f3036bf33d46,1787978717.3832238,37301.219,18650661,0,0.9584569931030273,1.2136640548706055,1.556992530822754,-0.00133514404296875,0.09899330139160156,0.00476837158203125,-0.021978378295898438,-0.0024423599243164062,-0.0024423599243164062,-0.0073261260986328125,-0.27106285095214844,-0.0073261260986328125,-0.07570171356201172,-2.4410247802734375,7.268375396728516,-1.5506715774536133,-0.11477375030517578,-0.11477375030517578,0.0,-2.900814051657933,6.544245706682167,-1.5804772176501547,-0.023614458896055065,-0.004286866716761038
91,1,train,5,-1,-0.3490658503988659,0.22751348200108623,3,s,af3726fcacd0ac1320a56ea850b0a2c0f5430cf4eb20a45c078706980f08407e,d24fbe3839599a6a097188bae8cd47ce8083f27deef1341ae3086bf0d5a45bd1,87f63c0590d05baea263cdc42c6e1df2d063fa2def309ecb0283f3036bf33d46,87f63c0590d05baea263cdc42c6e1df2d063fa2def309ecb0283f3036bf33d46,1787978717.385095,37301.221,18650662,0,0.9584569931030273,1.2136640548706055,1.556992530822754,-0.00133514404296875,0.09823036193847656,0.00476837158203125,-0.021978378295898438,-0.0024423599243164062,-0.0024423599243164062,-0.0073261260986328125,-0.3003654479980469,-0.0073261260986328125,-0.08058643341064453,-2.4410247802734375,7.323078155517578,-1.5506715774536133,-0.124542236328125,-0.11477375030517578,0.0,-2.900864011072192,6.544295666096426,-1.5805271770644136,-0.023401244102211227,-0.004297043313087217
91,1,train,5,-1,-0.3490658503988659,0.22937957099929918,3,s,af3726fcacd0ac1320a56ea850b0a2c0f5430cf4eb20a45c078706980f08407e,d24fbe3839599a6a097188bae8cd47ce8083f27deef1341ae3086bf0d5a45bd1,87f63c0590d05baea263cdc42c6e1df2d063fa2def309ecb0283f3036bf33d46,87f63c0590d05baea263cdc42c6e1df2d063fa2def309ecb0283f3036bf33d46,1787978717.3875072,37301.223,18650663,0,0.9584569931030273,1.2136640548706055,1.556992530822754,-0.00133514404296875,0.09784889221191406,0.00476837158203125,-0.0073261260986328125,-0.0024423599243164062,-0.0024423599243164062,-0.0073261260986328125,-0.3003654479980469,-0.0073261260986328125,-0.08058643341064453,-2.4410247802734375,7.3094024658203125,-1.5506715774536133,-0.13919448852539062,-0.11477375030517578,0.0,-2.900888820852374,6.544320475876608,-1.5805519868445959,-0.023294631589538744,-0.004302131898557182
91,1,train,5,-1,-0.3490658503988659,0.23181923700030893,3,s,af3726fcacd0ac1320a56ea850b0a2c0f5430cf4eb20a45c078706980f08407e,d24fbe3839599a6a097188bae8cd47ce8083f27deef1341ae3086bf0d5a45bd1,87f63c0590d05baea263cdc42c6e1df2d063fa2def309ecb0283f3036bf33d46,87f63c0590d05baea263cdc42c6e1df2d063fa2def309ecb0283f3036bf33d46,1787978717.3894157,37301.225,18650664,0,0.9584569931030273,1.2136640548706055,1.556992530822754,-0.00133514404296875,0.09708595275878906,0.00476837158203125,0.0073261260986328125,-0.0024423599243164062,-0.0024423599243164062,-0.0073261260986328125,-0.3003654479980469,0.0073261260986328125,-0.07570171356201172,-2.4410247802734375,7.364101409912109,-1.5506715774536133,-0.15873050689697266,-0.10988998413085938,0.0,-2.900938100540793,6.544369755565027,-1.5806012665330145,-0.023081396410263418,-0.004312309640408425
91,1,train,5,-1,-0.3490658503988659,0.23370965500362217,3,s,af3726fcacd0ac1320a56ea850b0a2c0f5430cf4eb20a45c078706980f08407e,d24fbe3839599a6a097188bae8cd47ce8083f27deef1341ae3086bf0d5a45bd1,87f63c0590d05baea263cdc42c6e1df2d063fa2def309ecb0283f3036bf33d46,87f63c0590d05baea263cdc42c6e1df2d063fa2def309ecb0283f3036bf33d46,1787978717.3913083,37301.227,18650665,0,0.9584569931030273,1.2136640548706055,1.556992530822754,-0.00133514404296875,0.09670448303222656,0.00476837158203125,-0.0073261260986328125,-0.0024423599243164062,-0.0024423599243164062,-0.021978378295898438,-0.27106285095214844,0.0073261260986328125,-0.08058643341064453,-2.454700469970703,7.391452789306641,-1.5506715774536133,-0.17338180541992188,-0.10500621795654297,0.0,-2.9009625704418585,6.5443942254660925,-1.5806257364340792,-0.022974773774690375,-0.004317398795308649
91,1,train,5,-1,-0.3490658503988659,0.23560135799925774,3,s,af3726fcacd0ac1320a56ea850b0a2c0f5430cf4eb20a45c078706980f08407e,d24fbe3839599a6a097188bae8cd47ce8083f27deef1341ae3086bf0d5a45bd1,87f63c0590d05baea263cdc42c6e1df2d063fa2def309ecb0283f3036bf33d46,87f63c0590d05baea263cdc42c6e1df2d063fa2def309ecb0283f3036bf33d46,1787978717.393194,37301.229,18650666,0,0.9584569931030273,1.2136640548706055,1.556992530822754,-0.00133514404296875,0.09594154357910156,0.00476837158203125,-0.0073261260986328125,-0.0024423599243164062,-0.0024423599243164062,-0.0073261260986328125,-0.3003654479980469,-0.0073261260986328125,-0.07570171356201172,-2.4410247802734375,7.336753845214844,-1.5506715774536133,-0.1782665252685547,-0.10988998413085938,0.0,-2.901011170339897,6.544442825364131,-1.5806743363321176,-0.022761518489251734,-0.004327577669355451
91,1,train,5,-1,-0.3490658503988659,0.23748121099924902,3,s,af3726fcacd0ac1320a56ea850b0a2c0f5430cf4eb20a45c078706980f08407e,d24fbe3839599a6a097188bae8cd47ce8083f27deef1341ae3086bf0d5a45bd1,87f63c0590d05baea263cdc42c6e1df2d063fa2def309ecb0283f3036bf33d46,87f63c0590d05baea263cdc42c6e1df2d063fa2def309ecb0283f3036bf33d46,1787978717.3951092,37301.231,18650667,0,0.9584569931030273,1.2136640548706055,1.556992530822754,-0.00133514404296875,0.09556007385253906,0.00476837158203125,-0.0073261260986328125,-0.0024423599243164062,-0.0024423599243164062,-0.0073261260986328125,-0.3150177001953125,-0.021978378295898438,-0.07570171356201172,-2.4410247802734375,7.336753845214844,-1.5506715774536133,-0.1782665252685547,-0.10988998413085938,0.0,-2.9010353003297964,6.5444669553540304,-1.5806984663220176,-0.022654885870418855,-0.004332667387020808
91,1,train,5,-1,-0.3490658503988659,0.23940178599877981,3,s,af3726fcacd0ac1320a56ea850b0a2c0f5430cf4eb20a45c078706980f08407e,d24fbe3839599a6a097188bae8cd47ce8083f27deef1341ae3086bf0d5a45bd1,87f63c0590d05baea263cdc42c6e1df2d063fa2def309ecb0283f3036bf33d46,87f63c0590d05baea263cdc42c6e1df2d063fa2def309ecb0283f3036bf33d46,1787978717.3976061,37301.233,18650668,0,0.9584569931030273,1.2136640548706055,1.556992530822754,-0.00133514404296875,0.09479713439941406,0.00476837158203125,-0.0073261260986328125,-0.0024423599243164062,-0.0024423599243164062,0.0073261260986328125,-0.3296699523925781,-0.021978378295898438,-0.07570171356201172,-2.4410247802734375,7.377777099609375,-1.5457878112792969,-0.16849803924560547,-0.10988998413085938,0.0,-2.901083220373804,6.544514875398038,-1.5807463863660252,-0.022441610758111435,-0.004342847379932181
91,1,train,5,-1,-0.3490658503988659,0.24189780199958477,3,s,af3726fcacd0ac1320a56ea850b0a2c0f5430cf4eb20a45c078706980f08407e,d24fbe3839599a6a097188bae8cd47ce8083f27deef1341ae3086bf0d5a45bd1,87f63c0590d05baea263cdc42c6e1df2d063fa2def309ecb0283f3036bf33d46,87f63c0590d05baea263cdc42c6e1df2d063fa2def309ecb0283f3036bf33d46,1787978717.3994846,37301.235,18650669,0,0.9584569931030273,1.2136640548706055,1.556992530822754,-0.00133514404296875,0.09365177154541016,0.00476837158203125,0.0073261260986328125,-0.0024423599243164062,-0.0024423599243164062,-0.021978378295898438,-0.40293121337890625,-0.0073261260986328125,-0.07570171356201172,-2.4410247802734375,7.391452789306641,-1.5457878112792969,-0.16361427307128906,-0.10988998413085938,0.0,-2.9011543093146446,6.544585964338879,-1.5808174753068656,-0.022121407009408223,-0.004358131478971167
91,1,train,5,-1,-0.3490658503988659,0.243775134003954,3,s,af3726fcacd0ac1320a56ea850b0a2c0f5430cf4eb20a45c078706980f08407e,d24fbe3839599a6a097188bae8cd47ce8083f27deef1341ae3086bf0d5a45bd1,87f63c0590d05baea263cdc42c6e1df2d063fa2def309ecb0283f3036bf33d46,87f63c0590d05baea263cdc42c6e1df2d063fa2def309ecb0283f3036bf33d46,1787978717.401373,37301.237,18650670,0,0.9584569931030273,1.2136640548706055,1.556992530822754,-0.00133514404296875,0.09288883209228516,0.00476837158203125,-0.0073261260986328125,-0.0024423599243164062,-0.0024423599243164062,-0.0073261260986328125,-0.3589744567871094,0.0073261260986328125,-0.07570171356201172,-2.4410247802734375,7.377777099609375,-1.5457878112792969,-0.15873050689697266,-0.10500621795654297,0.0,-2.901201095562917,6.5446327505871515,-1.5808642615551383,-0.021908099457026427,-0.004368313307936738
91,1,train,5,-1,-0.3490658503988659,0.24566864700318547,3,s,af3726fcacd0ac1320a56ea850b0a2c0f5430cf4eb20a45c078706980f08407e,d24fbe3839599a6a097188bae8cd47ce8083f27deef1341ae3086bf0d5a45bd1,87f63c0590d05baea263cdc42c6e1df2d063fa2def309ecb0283f3036bf33d46,87f63c0590d05baea263cdc42c6e1df2d063fa2def309ecb0283f3036bf33d46,1787978717.403261,37301.239,18650671,0,0.9584569931030273,1.2136640548706055,1.556992530822754,-0.00133514404296875,0.09250736236572266,0.00476837158203125,-0.021978378295898438,-0.0024423599243164062,-0.0024423599243164062,-0.0073261260986328125,-0.3150177001953125,0.0073261260986328125,-0.07570171356201172,-2.4410247802734375,7.377777099609375,-1.5457878112792969,-0.15873050689697266,-0.10500621795654297,0.0,-2.901224318686411,6.544655973710645,-1.5808874846786327,-0.021801440891003287,-0.004373404494169866
91,1,train,5,-1,-0.3490658503988659,0.24754509400372626,3,s,af3726fcacd0ac1320a56ea850b0a2c0f5430cf4eb20a45c078706980f08407e,d24fbe3839599a6a097188bae8cd47ce8083f27deef1341ae3086bf0d5a45bd1,87f63c0590d05baea263cdc42c6e1df2d063fa2def309ecb0283f3036bf33d46,87f63c0590d05baea263cdc42c6e1df2d063fa2def309ecb0283f3036bf33d46,1787978717.4051082,37301.241,18650672,0,0.9584569931030273,1.2136640548706055,1.556992530822754,-0.00133514404296875,0.09212589263916016,0.00476837158203125,0.0073261260986328125,-0.0024423599243164062,-0.0024423599243164062,0.0073261260986328125,-0.3003654479980469,-0.0073261260986328125,-0.07570171356201172,-2.4410247802734375,7.350425720214844,-1.5457878112792969,-0.16361427307128906,-0.10500621795654297,0.0,-2.9012474284716343,6.544679083495868,-1.5809105944638562,-0.02169477915245299,-0.004378495860582076
91,1,train,5,-1,-0.3490658503988659,0.24939056300354423,3,s,af3726fcacd0ac1320a56ea850b0a2c0f5430cf4eb20a45c078706980f08407e,d24fbe3839599a6a097188bae8cd47ce8083f27deef1341ae3086bf0d5a45bd1,87f63c0590d05baea263cdc42c6e1df2d063fa2def309ecb0283f3036bf33d46,87f63c0590d05baea263cdc42c6e1df2d063fa2def309ecb0283f3036bf33d46,1787978717.4075422,37301.242999999995,18650673,0,0.9584569931030273,1.2136640548706055,1.556992530822754,-0.00133514404296875,0.09136295318603516,0.00476837158203125,-0.0073261260986328125,-0.0024423599243164062,-0.0024423599243164062,-0.0073261260986328125,-0.3589744567871094,-0.0073261260986328125,-0.08058643341064453,-2.4410247802734375,7.3094024658203125,-1.5457878112792969,-0.15873050689697266,-0.10500621795654297,0.0,-2.90129330801383,6.544724963038064,-1.5809564740060509,-0.02148144621985668,-0.00438867913098015
91,1,train,5,-1,-0.3490658503988659,0.25185509600123623,3,s,af3726fcacd0ac1320a56ea850b0a2c0f5430cf4eb20a45c078706980f08407e,d24fbe3839599a6a097188bae8cd47ce8083f27deef1341ae3086bf0d5a45bd1,87f63c0590d05baea263cdc42c6e1df2d063fa2def309ecb0283f3036bf33d46,87f63c0590d05baea263cdc42c6e1df2d063fa2def309ecb0283f3036bf33d46,1787978717.4094722,37301.244999999995,18650674,0,0.9584569931030273,1.2136640548706055,1.556992530822754,-0.00133514404296875,0.09060001373291016,0.00476837158203125,-0.0073261260986328125,-0.0024423599243164062,-0.0024423599243164062,-0.0073261260986328125,-0.3589744567871094,-0.021978378295898438,-0.08058643341064453,-2.4410247802734375,7.364101409912109,-1.5506715774536133,-0.14896202087402344,-0.10988998413085938,0.0,-2.901338734162795,6.544770389187029,-1.5810019001550166,-0.021268100783413603,-0.004398863113203518
91,1,train,5,-1,-0.3490658503988659,0.25376498400146374,3,s,af3726fcacd0ac1320a56ea850b0a2c0f5430cf4eb20a45c078706980f08407e,d24fbe3839599a6a097188bae8cd47ce8083f27deef1341ae3086bf0d5a45bd1,87f63c0590d05baea263cdc42c6e1df2d063fa2def309ecb0283f3036bf33d46,87f63c0590d05baea263cdc42c6e1df2d063fa2def309ecb0283f3036bf33d46,1787978717.4113607,37301.246999999996,18650675,0,0.9584569931030273,1.2136640548706055,1.556992530822754,-0.00133514404296875,0.08983707427978516,0.00476837158203125,-0.0073261260986328125,-0.0024423599243164062,-0.0024423599243164062,0.0073261260986328125,-0.3589744567871094,-0.021978378295898438,-0.08058643341064453,-2.454700469970703,7.391452789306641,-1.5457878112792969,-0.14896202087402344,-0.10988998413085938,0.0,-2.9013837068920902,6.544815361916324,-1.5810468728843114,-0.021054742967307145,-0.004409047801324325
91,1,train,5,-1,-0.3490658503988659,0.2556489060007152,3,s,af3726fcacd0ac1320a56ea850b0a2c0f5430cf4eb20a45c078706980f08407e,d24fbe3839599a6a097188bae8cd47ce8083f27deef1341ae3086bf0d5a45bd1,87f63c0590d05baea263cdc42c6e1df2d063fa2def309ecb0283f3036bf33d46,87f63c0590d05baea263cdc42c6e1df2d063fa2def309ecb0283f3036bf33d46,1787978717.4132764,37301.248999999996,18650676,0,0.9584569931030273,1.2136640548706055,1.556992530822754,-0.00133514404296875,0.08907413482666016,0.00476837158203125,-0.021978378295898438,-0.0024423599243164062,-0.0024423599243164062,-0.021978378295898438,-0.373626708984375,-0.0073261260986328125,-0.08058643341064453,-2.4410247802734375,7.350425720214844,-1.5506715774536133,-0.15384578704833984,-0.10988998413085938,0.0,-2.9014282261755375,6.544859881199772,-1.5810913921677587,-0.020841372895727885,-0.004419233189414302
91,1,train,5,-1,-0.3490658503988659,0.2575667010023608,3,s,af3726fcacd0ac1320a56ea850b0a2c0f5430cf4eb20a45c078706980f08407e,d24fbe3839599a6a097188bae8cd47ce8083f27deef1341ae3086bf0d5a45bd1,87f63c0590d05baea263cdc42c6e1df2d063fa2def309ecb0283f3036bf33d46,87f63c0590d05baea263cdc42c6e1df2d063fa2def309ecb0283f3036bf33d46,1787978717.4152303,37301.251,18650677,0,0.9584569931030273,1.2136640548706055,1.556992530822754,-0.00133514404296875,0.08831119537353516,0.00476837158203125,-0.0073261260986328125,-0.0024423599243164062,-0.0024423599243164062,-0.0073261260986328125,-0.34432220458984375,0.0073261260986328125,-0.07570171356201172,-2.4410247802734375,7.323078155517578,-1.5506715774536133,-0.15384578704833984,-0.10500621795654297,0.0,-2.9014722919872233,6.544903947011457,-1.581135457979444,-0.020627990692873556,-0.0044294192715447715
91,1,train,5,-1,-0.3490658503988659,0.2595227569981944,3,s,af3726fcacd0ac1320a56ea850b0a2c0f5430cf4eb20a45c078706980f08407e,d24fbe3839599a6a097188bae8cd47ce8083f27deef1341ae3086bf0d5a45bd1,87f63c0590d05baea263cdc42c6e1df2d063fa2def309ecb0283f3036bf33d46,87f63c0590d05baea263cdc42c6e1df2d063fa2def309ecb0283f3036bf33d46,1787978717.4172194,37301.253,18650678,0,0.9584569931030273,1.2136640548706055,1.556992530822754,-0.00133514404296875,0.08792972564697266,0.00476837158203125,-0.0073261260986328125,-0.0024423599243164062,-0.0024423599243164062,-0.0073261260986328125,-0.3150177001953125,-0.0073261260986328125,-0.07570171356201172,-2.4410247802734375,7.295726776123047,-1.5457878112792969,-0.14896202087402344,-0.10500621795654297,0.0,-2.9014941548331303,6.544925809857364,-1.581157320825351,-0.020521295081031943,-0.00443451257102237
91,1,train,5,-1,-0.3490658503988659,0.2615127700046287,3,s,af3726fcacd0ac1320a56ea850b0a2c0f5430cf4eb20a45c078706980f08407e,d24fbe3839599a6a097188bae8cd47ce8083f27deef1341ae3086bf0d5a45bd1,87f63c0590d05baea263cdc42c6e1df2d063fa2def309ecb0283f3036bf33d46,87f63c0590d05baea263cdc42c6e1df2d063fa2def309ecb0283f3036bf33d46,1787978717.4191287,37301.255,18650679,0,0.9584569931030273,1.2136640548706055,1.556992530822754,-0.00133514404296875,0.08716678619384766,0.00476837158203125,-0.0073261260986328125,-0.0024423599243164062,-0.0024423599243164062,-0.0073261260986328125,-0.34432220458984375,-0.0073261260986328125,-0.07570171356201172,-2.454700469970703,7.350425720214844,-1.5457878112792969,-0.14896202087402344,-0.10500621795654297,0.0,-2.9015375403891634,6.5449691954133975,-1.5812007063813838,-0.020307894914151157,-0.004444699683096428
91,1,train,5,-1,-0.3490658503988659,0.2634195120044751,3,s,af3726fcacd0ac1320a56ea850b0a2c0f5430cf4eb20a45c078706980f08407e,d24fbe3839599a6a097188bae8cd47ce8083f27deef1341ae3086bf0d5a45bd1,87f63c0590d05baea263cdc42c6e1df2d063fa2def309ecb0283f3036bf33d46,87f63c0590d05baea263cdc42c6e1df2d063fa2def309ecb0283f3036bf33d46,1787978717.4210703,37301.257,18650680,0,0.9584569931030273,1.2136640548706055,1.556992530822754,-0.00133514404296875,0.08602237701416016,0.00476837158203125,-0.0073261260986328125,-0.0024423599243164062,-0.0024423599243164062,-0.0073261260986328125,-0.41758155822753906,-0.021978378295898438,-0.07570171356201172,-2.454700469970703,7.3094024658203125,-1.5457878112792969,-0.13919448852539062,-0.10500621795654297,0.0,-2.901601768336533,6.545033423360767,-1.5812649343287541,-0.019987772538742787,-0.0044599816228863415
91,1,train,5,-1,-0.3490658503988659,0.2653601179990801,3,s,af3726fcacd0ac1320a56ea850b0a2c0f5430cf4eb20a45c078706980f08407e,d24fbe3839599a6a097188bae8cd47ce8083f27deef1341ae3086bf0d5a45bd1,87f63c0590d05baea263cdc42c6e1df2d063fa2def309ecb0283f3036bf33d46,87f63c0590d05baea263cdc42c6e1df2d063fa2def309ecb0283f3036bf33d46,1787978717.4234638,37301.259,18650681,0,0.9584569931030273,1.2136640548706055,1.556992530822754,-0.00133514404296875,0.08564090728759766,0.00476837158203125,-0.0073261260986328125,-0.0024423599243164062,-0.0024423599243164062,-0.0073261260986328125,-0.373626708984375,-0.0073261260986328125,-0.07570171356201172,-2.4410247802734375,7.323078155517578,-1.5506715774536133,-0.1343097686767578,-0.10500621795654297,0.0,-2.9016229508700646,6.545054605894299,-1.5812861168622856,-0.019881059242361575,-0.004465075938965603
91,1,train,5,-1,-0.3490658503988659,0.26775121800164925,3,s,af3726fcacd0ac1320a56ea850b0a2c0f5430cf4eb20a45c078706980f08407e,d24fbe3839599a6a097188bae8cd47ce8083f27deef1341ae3086bf0d5a45bd1,87f63c0590d05baea263cdc42c6e1df2d063fa2def309ecb0283f3036bf33d46,87f63c0590d05baea263cdc42c6e1df2d063fa2def309ecb0283f3036bf33d46,1787978717.4253373,37301.261,18650682,0,0.9584569931030273,1.2136640548706055,1.556992530822754,-0.00133514404296875,0.08487796783447266,0.00476837158203125,0.0073261260986328125,-0.0024423599243164062,-0.0024423599243164062,-0.0073261260986328125,-0.34432220458984375,-0.0073261260986328125,-0.07570171356201172,-2.4410247802734375,7.282051086425781,-1.5506715774536133,-0.13919448852539062,-0.10500621795654297,0.0,-2.9016649757452195,6.545096630769454,-1.5813281417374403,-0.019667623985903843,-0.004475265070900177
91,1,train,5,-1,-0.3490658503988659,0.26962395499867853,3,s,af3726fcacd0ac1320a56ea850b0a2c0f5430cf4eb20a45c078706980f08407e,d24fbe3839599a6a097188bae8cd47ce8083f27deef1341ae3086bf0d5a45bd1,87f63c0590d05baea263cdc42c6e1df2d063fa2def309ecb0283f3036bf33d46,87f63c0590d05baea263cdc42c6e1df2d063fa2def309ecb0283f3036bf33d46,1787978717.4278502,37301.263,18650683,0,0.9584569931030273,1.2136640548706055,1.556992530822754,-0.00133514404296875,0.08449649810791016,0.00476837158203125,-0.0073261260986328125,-0.0024423599243164062,-0.0024423599243164062,-0.0073261260986328125,-0.3296699523925781,-0.0073261260986328125,-0.08058643341064453,-2.4410247802734375,7.3094024658203125,-1.5506715774536133,-0.13919448852539062,-0.10500621795654297,0.0,-2.901685818080727,6.545117473104961,-1.581348984072948,-0.019560902056886237,-0.004480359885272776
91,1,train,5,-1,-0.3490658503988659,0.27216386000509374,3,s,af3726fcacd0ac1320a56ea850b0a2c0f5430cf4eb20a45c078706980f08407e,d24fbe3839599a6a097188bae8cd47ce8083f27deef1341ae3086bf0d5a45bd1,87f63c0590d05baea263cdc42c6e1df2d063fa2def309ecb0283f3036bf33d46,87f63c0590d05baea263cdc42c6e1df2d063fa2def309ecb0283f3036bf33d46,1787978717.4292045,37301.265,18650684,0,0.9584569931030273,1.2136640548706055,1.556992530822754,-0.00133514404296875,0.08373355865478516,0.00476837158203125,-0.021978378295898438,-0.0024423599243164062,-0.0024423599243164062,0.0073261260986328125,-0.3589744567871094,-0.0073261260986328125,-0.07570171356201172,-2.4410247802734375,7.364101409912109,-1.5506715774536133,-0.1343097686767578,-0.10500621795654297,0.0,-2.9017271625324397,6.545158817556674,-1.58139032852466,-0.01934744967492397,-0.00449055000712163
91,1,train,5,-1,-0.3490658503988659,0.2734958720029681,3,s,af3726fcacd0ac1320a56ea850b0a2c0f5430cf4eb20a45c078706980f08407e,d24fbe3839599a6a097188bae8cd47ce8083f27deef1341ae3086bf0d5a45bd1,87f63c0590d05baea263cdc42c6e1df2d063fa2def309ecb0283f3036bf33d46,87f63c0590d05baea263cdc42c6e1df2d063fa2def309ecb0283f3036bf33d46,1787978717.431667,37301.267,18650685,0,0.9584569931030273,1.2136640548706055,1.556992530822754,-0.00133514404296875,0.08297061920166016,0.00476837158203125,-0.0073261260986328125,-0.0024423599243164062,-0.0024423599243164062,0.0073261260986328125,-0.3589744567871094,-0.0073261260986328125,-0.07570171356201172,-2.4410247802734375,7.364101409912109,-1.5555553436279297,-0.1294260025024414,-0.10500621795654297,0.0,-2.9017680533383845,6.5451997083626186,-1.5814312193306062,-0.01913398603126435,-0.004500740781499127
91,1,train,5,-1,-0.3490658503988659,0.27596151000034297,3,s,af3726fcacd0ac1320a56ea850b0a2c0f5430cf4eb20a45c078706980f08407e,d24fbe3839599a6a097188bae8cd47ce8083f27deef1341ae3086bf0d5a45bd1,87f63c0590d05baea263cdc42c6e1df2d063fa2def309ecb0283f3036bf33d46,87f63c0590d05baea263cdc42c6e1df2d063fa2def309ecb0283f3036bf33d46,1787978717.4335713,37301.269,18650686,0,0.9584569931030273,1.2136640548706055,1.556992530822754,-0.00133514404296875,0.08220767974853516,0.00476837158203125,-0.0073261260986328125,-0.0024423599243164062,-0.0024423599243164062,0.0073261260986328125,-0.373626708984375,-0.0073261260986328125,-0.07570171356201172,-2.4410247802734375,7.336753845214844,-1.5555553436279297,-0.1343097686767578,-0.10500621795654297,0.0,-2.9018084904747634,6.5452401454989975,-1.5814716564669853,-0.01892051125015956,-0.004510932202473458
91,1,train,5,-1,-0.3490658503988659,0.27786210700287484,3,s,af3726fcacd0ac1320a56ea850b0a2c0f5430cf4eb20a45c078706980f08407e,d24fbe3839599a6a097188bae8cd47ce8083f27deef1341ae3086bf0d5a45bd1,87f63c0590d05baea263cdc42c6e1df2d063fa2def309ecb0283f3036bf33d46,87f63c0590d05baea263cdc42c6e1df2d063fa2def309ecb0283f3036bf33d46,1787978717.4354658,37301.271,18650687,0,0.9584569931030273,1.2136640548706055,1.556992530822754,-0.00133514404296875,0.08144474029541016,0.00476837158203125,-0.0073261260986328125,-0.0024423599243164062,-0.0024423599243164062,-0.0073261260986328125,-0.373626708984375,-0.0073261260986328125,-0.07570171356201172,-2.4410247802734375,7.336753845214844,-1.5506715774536133,-0.13919448852539062,-0.10500621795654297,0.0,-2.901848473918038,6.545280128942272,-1.5815116399102596,-0.01870702545586827,-0.004521124264112432
91,1,train,5,-1,-0.3490658503988659,0.2797542410044116,3,s,af3726fcacd0ac1320a56ea850b0a2c0f5430cf4eb20a45c078706980f08407e,d24fbe3839599a6a097188bae8cd47ce8083f27deef1341ae3086bf0d5a45bd1,87f63c0590d05baea263cdc42c6e1df2d063fa2def309ecb0283f3036bf33d46,87f63c0590d05baea263cdc42c6e1df2d063fa2def309ecb0283f3036bf33d46,1787978717.4373248,37301.273,18650688,0,0.9584569931030273,1.2136640548706055,1.556992530822754,-0.00133514404296875,0.08068180084228516,0.00476837158203125,-0.0073261260986328125,-0.0024423599243164062,-0.0024423599243164062,-0.021978378295898438,-0.34432220458984375,0.0073261260986328125,-0.08058643341064453,-2.4410247802734375,7.3094024658203125,-1.5506715774536133,-0.13919448852539062,-0.10500621795654297,0.0,-2.9018880036449355,6.54531965866917,-1.5815511696371567,-0.01849352877265557,-0.004531316960483493
91,1,train,5,-1,-0.3490658503988659,0.2816072960049496,3,s,af3726fcacd0ac1320a56ea850b0a2c0f5430cf4eb20a45c078706980f08407e,d24fbe3839599a6a097188bae8cd47ce8083f27deef1341ae3086bf0d5a45bd1,87f63c0590d05baea263cdc42c6e1df2d063fa2def309ecb0283f3036bf33d46,87f63c0590d05baea263cdc42c6e1df2d063fa2def309ecb0283f3036bf33d46,1787978717.439216,37301.275,18650689,0,0.9584569931030273,1.2136640548706055,1.556992530822754,-0.00133514404296875,0.08030033111572266,0.00476837158203125,-0.0073261260986328125,-0.0024423599243164062,-0.0024423599243164062,-0.0073261260986328125,-0.3296699523925781,-0.0073261260986328125,-0.08058643341064453,-2.4410247802734375,7.295726776123047,-1.5506715774536133,-0.1343097686767578,-0.10500621795654297,0.0,-2.9019075983575404,6.5453392533817745,-1.581570764349762,-0.018386776386538267,-0.004536413544839527
91,1,train,5,-1,-0.3490658503988659,0.28350318699813215,3,s,af3726fcacd0ac1320a56ea850b0a2c0f5430cf4eb20a45c078706980f08407e,d24fbe3839599a6a097188bae8cd47ce8083f27deef1341ae3086bf0d5a45bd1,87f63c0590d05baea263cdc42c6e1df2d063fa2def309ecb0283f3036bf33d46,87f63c0590d05baea263cdc42c6e1df2d063fa2def309ecb0283f3036bf33d46,1787978717.4411051,37301.277,18650690,0,0.9584569931030273,1.2136640548706055,1.556992530822754,-0.00133514404296875,0.07915592193603516,0.00476837158203125,-0.0073261260986328125,-0.0024423599243164062,-0.0024423599243164062,0.0073261260986328125,-0.40293121337890625,-0.0073261260986328125,-0.08058643341064453,-2.454700469970703,7.323078155517578,-1.5457878112792969,-0.124542236328125,-0.10988998413085938,0.0,-2.90196570185782,6.545397356882054,-1.581628867850042,-0.01806650323655787,-0.004551704233689783
91,1,train,5,-1,-0.3490658503988659,0.2853988630013191,3,s,af3726fcacd0ac1320a56ea850b0a2c0f5430cf4eb20a45c078706980f08407e,d24fbe3839599a6a097188bae8cd47ce8083f27deef1341ae3086bf0d5a45bd1,87f63c0590d05baea263cdc42c6e1df2d063fa2def309ecb0283f3036bf33d46,87f63c0590d05baea263cdc42c6e1df2d063fa2def309ecb0283f3036bf33d46,1787978717.4436204,37301.278999999995,18650691,0,0.9584569931030273,1.2136640548706055,1.556992530822754,-0.00133514404296875,0.07839298248291016,0.00476837158203125,-0.0073261260986328125,-0.0024423599243164062,-0.0024423599243164062,-0.0073261260986328125,-0.4322338104248047,-0.021978378295898438,-0.08058643341064453,-2.4410247802734375,7.364101409912109,-1.5506715774536133,-0.11477375030517578,-0.10988998413085938,0.0,-2.9020038702985835,6.545435525322818,-1.5816670362908052,-0.017852974632234425,-0.004561898798658058
91,1,train,5,-1,-0.3490658503988659,0.28791285699844593,3,s,af3726fcacd0ac1320a56ea850b0a2c0f5430cf4eb20a45c078706980f08407e,d24fbe3839599a6a097188bae8cd47ce8083f27deef1341ae3086bf0d5a45bd1,87f63c0590d05baea263cdc42c6e1df2d063fa2def309ecb0283f3036bf33d46,87f63c0590d05baea263cdc42c6e1df2d063fa2def309ecb0283f3036bf33d46,1787978717.4455228,37301.280999999995,18650692,0,0.9584569931030273,1.2136640548706055,1.556992530822754,-0.00133514404296875,0.07763004302978516,0.00476837158203125,-0.021978378295898438,-0.0024423599243164062,-0.0024423599243164062,0.0073261260986328125,-0.3882789611816406,-0.0073261260986328125,-0.08058643341064453,-2.4410247802734375,7.295726776123047,-1.5506715774536133,-0.10988998413085938,-0.10988998413085938,0.0,-2.9020415849325167,6.545473239956751,-1.5817047509247375,-0.017639435636112543,-0.004572093974624517
91,1,train,5,-1,-0.3490658503988659,0.28981531700264895,3,s,af3726fcacd0ac1320a56ea850b0a2c0f5430cf4eb20a45c078706980f08407e,d24fbe3839599a6a097188bae8cd47ce8083f27deef1341ae3086bf0d5a45bd1,87f63c0590d05baea263cdc42c6e1df2d063fa2def309ecb0283f3036bf33d46,87f63c0590d05baea263cdc42c6e1df2d063fa2def309ecb0283f3036bf33d46,1787978717.4474459,37301.282999999996,18650693,0,0.9584569931030273,1.2136640548706055,1.556992530822754,-0.00133514404296875,0.07686710357666016,0.00476837158203125,-0.021978378295898438,-0.0024423599243164062,-0.0024423599243164062,-0.0073261260986328125,-0.3882789611816406,-0.0073261260986328125,-0.08058643341064453,-2.4410247802734375,7.295726776123047,-1.5555553436279297,-0.10012245178222656,-0.10500621795654297,0.0,-2.9020788457376656,6.5455105007619,-1.5817420117298868,-0.0174258863724883,-0.004582289755654785
91,1,train,5,-1,-0.3490658503988659,0.2917582560039591,3,s,af3726fcacd0ac1320a56ea850b0a2c0f5430cf4eb20a45c078706980f08407e,d24fbe3839599a6a097188bae8cd47ce8083f27deef1341ae3086bf0d5a45bd1,87f63c0590d05baea263cdc42c6e1df2d063fa2def309ecb0283f3036bf33d46,87f63c0590d05baea263cdc42c6e1df2d063fa2def309ecb0283f3036bf33d46,1787978717.4493365,37301.284999999996,18650694,0,0.9584569931030273,1.2136640548706055,1.556992530822754,-0.00133514404296875,0.07610416412353516,0.00476837158203125,-0.0073261260986328125,-0.0024423599243164062,-0.0024423599243164062,-0.021978378295898438,-0.41758155822753906,-0.0073261260986328125,-0.07570171356201172,-2.4410247802734375,7.323078155517578,-1.5506715774536133,-0.09035396575927734,-0.10988998413085938,0.0,-2.9021156526923426,6.545547307716577,-1.5817788186845634,-0.017212326965663664,-0.004592486135814138
91,1,train,5,-1,-0.3490658503988659,0.293622477001918,3,s,af3726fcacd0ac1320a56ea850b0a2c0f5430cf4eb20a45c078706980f08407e,d24fbe3839599a6a097188bae8cd47ce8083f27deef1341ae3086bf0d5a45bd1,87f63c0590d05baea263cdc42c6e1df2d063fa2def309ecb0283f3036bf33d46,87f63c0590d05baea263cdc42c6e1df2d063fa2def309ecb0283f3036bf33d46,1787978717.4512057,37301.287,18650695,0,0.9584569931030273,1.2136640548706055,1.556992530822754,-0.00133514404296875,0.07495975494384766,0.00476837158203125,-0.021978378295898438,-0.0024423599243164062,-0.0024423599243164062,-0.0073261260986328125,-0.41758155822753906,-0.0073261260986328125,-0.07570171356201172,-2.4410247802734375,7.323078155517578,-1.5506715774536133,-0.08058643341064453,-0.10988998413085938,0.0,-2.9021700121079284,6.545601667132162,-1.5818331781001491,-0.016891969108851258,-0.0046077818164371315
91,1,train,5,-1,-0.3490658503988659,0.2954904380021617,3,s,af3726fcacd0ac1320a56ea850b0a2c0f5430cf4eb20a45c078706980f08407e,d24fbe3839599a6a097188bae8cd47ce8083f27deef1341ae3086bf0d5a45bd1,87f63c0590d05baea263cdc42c6e1df2d063fa2def309ecb0283f3036bf33d46,87f63c0590d05baea263cdc42c6e1df2d063fa2def309ecb0283f3036bf33d46,1787978717.4530861,37301.289,18650696,0,0.9584569931030273,1.2136640548706055,1.556992530822754,-0.00133514404296875,0.07419681549072266,0.00476837158203125,0.0073261260986328125,-0.0024423599243164062,-0.0024423599243164062,-0.021978378295898438,-0.4322338104248047,-0.0073261260986328125,-0.07570171356201172,-2.4410247802734375,7.364101409912109,-1.5506715774536133,-0.08058643341064453,-0.10988998413085938,0.0,-2.9022056843432718,6.545637339367506,-1.5818688503354925,-0.01667838488788568,-0.004617979668452493
91,1,train,5,-1,-0.3490658503988659,0.2973692730010953,3,s,af3726fcacd0ac1320a56ea850b0a2c0f5430cf4eb20a45c078706980f08407e,d24fbe3839599a6a097188bae8cd47ce8083f27deef1341ae3086bf0d5a45bd1,87f63c0590d05baea263cdc42c6e1df2d063fa2def309ecb0283f3036bf33d46,87f63c0590d05baea263cdc42c6e1df2d063fa2def309ecb0283f3036bf33d46,1787978717.455512,37301.291,18650697,0,0.9584569931030273,1.2136640548706055,1.556992530822754,-0.00133514404296875,0.07343387603759766,0.00476837158203125,-0.0073261260986328125,-0.0024423599243164062,-0.0024423599243164062,-0.021978378295898438,-0.40293121337890625,-0.0073261260986328125,-0.07570171356201172,-2.4410247802734375,7.405128479003906,-1.5506715774536133,-0.07570171356201172,-0.10988998413085938,0.0,-2.902240902654311,6.545672557678545,-1.5819040686465329,-0.016464790958822837,-0.004628178098822677
91,1,train,5,-1,-0.3490658503988659,0.2997968320050859,3,s,af3726fcacd0ac1320a56ea850b0a2c0f5430cf4eb20a45c078706980f08407e,d24fbe3839599a6a097188bae8cd47ce8083f27deef1341ae3086bf0d5a45bd1,87f63c0590d05baea263cdc42c6e1df2d063fa2def309ecb0283f3036bf33d46,87f63c0590d05baea263cdc42c6e1df2d063fa2def309ecb0283f3036bf33d46,1787978717.4574933,37301.293,18650698,0,0.9584569931030273,1.2136640548706055,1.556992530822754,-0.00133514404296875,0.07305240631103516,0.00476837158203125,0.0073261260986328125,-0.0024423599243164062,-0.0024423599243164062,-0.021978378295898438,-0.34432220458984375,-0.0073261260986328125,-0.07570171356201172,-2.4410247802734375,7.377777099609375,-1.5457878112792969,-0.07081794738769531,-0.10988998413085938,0.0,-2.902258341581802,6.545689996606036,-1.5819215075740236,-0.016357990392607227,-0.004633277529035756
91,1,train,5,-1,-0.3490658503988659,0.30179474699980346,3,s,af3726fcacd0ac1320a56ea850b0a2c0f5430cf4eb20a45c078706980f08407e,d24fbe3839599a6a097188bae8cd47ce8083f27deef1341ae3086bf0d5a45bd1,87f63c0590d05baea263cdc42c6e1df2d063fa2def309ecb0283f3036bf33d46,87f63c0590d05baea263cdc42c6e1df2d063fa2def309ecb0283f3036bf33d46,1787978717.4594915,37301.295,18650699,0,0.9584569931030273,1.2136640548706055,1.556992530822754,-0.00133514404296875,0.07228946685791016,0.00476837158203125,-0.0073261260986328125,-0.0024423599243164062,-0.0024423599243164062,-0.0073261260986328125,-0.3589744567871094,-0.0073261260986328125,-0.07570171356201172,-2.454700469970703,7.405128479003906,-1.5457878112792969,-0.07081794738769531,-0.10988998413085938,0.0,-2.9022928789680367,6.545724533992271,-1.5819560449602572,-0.016144382134515325,-0.004643476815807568
91,1,train,5,-1,-0.3490658503988659,0.3037910990024102,3,s,af3726fcacd0ac1320a56ea850b0a2c0f5430cf4eb20a45c078706980f08407e,d24fbe3839599a6a097188bae8cd47ce8083f27deef1341ae3086bf0d5a45bd1,87f63c0590d05baea263cdc42c6e1df2d063fa2def309ecb0283f3036bf33d46,87f63c0590d05baea263cdc42c6e1df2d063fa2def309ecb0283f3036bf33d46,1787978717.4614148,37301.297,18650700,0,0.9584569931030273,1.2136640548706055,1.556992530822754,-0.00133514404296875,0.07152652740478516,0.00476837158203125,-0.0073261260986328125,-0.0024423599243164062,-0.0024423599243164062,0.0073261260986328125,-0.3882789611816406,-0.0073261260986328125,-0.07570171356201172,-2.4410247802734375,7.405128479003906,-1.5457878112792969,-0.07081794738769531,-0.10988998413085938,0.0,-2.9023269623792127,6.545758617403447,-1.5819901283714344,-0.015930764479156645,-0.004653676666092908
91,1,train,5,-1,-0.3490658503988659,0.30570974099828163,3,s,af3726fcacd0ac1320a56ea850b0a2c0f5430cf4eb20a45c078706980f08407e,d24fbe3839599a6a097188bae8cd47ce8083f27deef1341ae3086bf0d5a45bd1,87f63c0590d05baea263cdc42c6e1df2d063fa2def309ecb0283f3036bf33d46,87f63c0590d05baea263cdc42c6e1df2d063fa2def309ecb0283f3036bf33d46,1787978717.46332,37301.299,18650701,0,0.9584569931030273,1.2136640548706055,1.556992530822754,-0.00133514404296875,0.07076358795166016,0.00476837158203125,-0.0073261260986328125,-0.0024423599243164062,-0.0024423599243164062,0.0073261260986328125,-0.373626708984375,-0.0073261260986328125,-0.07570171356201172,-2.4410247802734375,7.405128479003906,-1.5457878112792969,-0.07570171356201172,-0.10988998413085938,0.0,-2.9023605917954973,6.545792246819731,-1.5820237577877176,-0.015717137550873055,-0.0046638770739546856
91,1,train,5,-1,-0.3490658503988659,0.3076101609985926,3,s,af3726fcacd0ac1320a56ea850b0a2c0f5430cf4eb20a45c078706980f08407e,d24fbe3839599a6a097188bae8cd47ce8083f27deef1341ae3086bf0d5a45bd1,87f63c0590d05baea263cdc42c6e1df2d063fa2def309ecb0283f3036bf33d46,87f63c0590d05baea263cdc42c6e1df2d063fa2def309ecb0283f3036bf33d46,1787978717.465191,37301.301,18650702,0,0.9584569931030273,1.2136640548706055,1.556992530822754,-0.00133514404296875,0.07038211822509766,0.00476837158203125,-0.0073261260986328125,-0.0024423599243164062,-0.0024423599243164062,-0.0073261260986328125,-0.3003654479980469,-0.0073261260986328125,-0.07570171356201172,-2.454700469970703,7.336753845214844,-1.5506715774536133,-0.08547019958496094,-0.10988998413085938,0.0,-2.9023772362494245,6.5458088912736585,-1.5820404022416454,-0.015610320648242706,-0.004668977485121307
91,1,train,5,-1,-0.3490658503988659,0.3094776810030453,3,s,af3726fcacd0ac1320a56ea850b0a2c0f5430cf4eb20a45c078706980f08407e,d24fbe3839599a6a097188bae8cd47ce8083f27deef1341ae3086bf0d5a45bd1,87f63c0590d05baea263cdc42c6e1df2d063fa2def309ecb0283f3036bf33d46,87f63c0590d05baea263cdc42c6e1df2d063fa2def309ecb0283f3036bf33d46,1787978717.4676206,37301.303,18650703,0,0.9584569931030273,1.2136640548706055,1.556992530822754,-0.00133514404296875,0.07000064849853516,0.00476837158203125,0.0073261260986328125,-0.0024423599243164062,-0.0024423599243164062,-0.021978378295898438,-0.28571510314941406,-0.0073261260986328125,-0.07570171356201172,-2.4410247802734375,7.268375396728516,-1.5555553436279297,-0.09523773193359375,-0.10500621795654297,0.0,-2.902393767197308,6.545825422221542,-1.5820569331895302,-0.01550350147401177,-0.00467407803345548
91,1,train,5,-1,-0.3490658503988659,0.3119213870013482,3,s,af3726fcacd0ac1320a56ea850b0a2c0f5430cf4eb20a45c078706980f08407e,d24fbe3839599a6a097188bae8cd47ce8083f27deef1341ae3086bf0d5a45bd1,87f63c0590d05baea263cdc42c6e1df2d063fa2def309ecb0283f3036bf33d46,87f63c0590d05baea263cdc42c6e1df2d063fa2def309ecb0283f3036bf33d46,1787978717.4695442,37301.305,18650704,0,0.9584569931030273,1.2136640548706055,1.556992530822754,-0.00133514404296875,0.06923770904541016,0.00476837158203125,-0.0073261260986328125,-0.0024423599243164062,-0.0024423599243164062,-0.0073261260986328125,-0.3003654479980469,-0.0073261260986328125,-0.07570171356201172,-2.4410247802734375,7.268375396728516,-1.5555553436279297,-0.10988998413085938,-0.10500621795654297,0.0,-2.902426488565341,6.545858143589575,-1.5820896545575625,-0.015289856372925346,-0.004684279538657552
91,1,train,5,-1,-0.3490658503988659,0.3138328850036487,3,s,af3726fcacd0ac1320a56ea850b0a2c0f5430cf4eb20a45c078706980f08407e,d24fbe3839599a6a097188bae8cd47ce8083f27deef1341ae3086bf0d5a45bd1,87f63c0590d05baea263cdc42c6e1df2d063fa2def309ecb0283f3036bf33d46,87f63c0590d05baea263cdc42c6e1df2d063fa2def309ecb0283f3036bf33d46,1787978717.4714336,37301.307,18650705,0,0.9584569931030273,1.2136640548706055,1.556992530822754,-0.00133514404296875,0.06847476959228516,0.00476837158203125,-0.021978378295898438,-0.0024423599243164062,-0.0024423599243164062,0.0073261260986328125,-0.3150177001953125,-0.0073261260986328125,-0.07570171356201172,-2.4410247802734375,7.3094024658203125,-1.5506715774536133,-0.1196584701538086,-0.10988998413085938,0.0,-2.9024587558805464,6.54589041090478,-1.5821219218727676,-0.015076202371971614,-0.004694481583622844
91,1,train,5,-1,-0.3490658503988659,0.31572143400262576,3,s,af3726fcacd0ac1320a56ea850b0a2c0f5430cf4eb20a45c078706980f08407e,d24fbe3839599a6a097188bae8cd47ce8083f27deef1341ae3086bf0d5a45bd1,87f63c0590d05baea263cdc42c6e1df2d063fa2def309ecb0283f3036bf33d46,87f63c0590d05baea263cdc42c6e1df2d063fa2def309ecb0283f3036bf33d46,1787978717.4739504,37301.309,18650706,0,0.9584569931030273,1.2136640548706055,1.556992530822754,-0.00133514404296875,0.06809329986572266,0.00476837158203125,0.0073261260986328125,-0.0024423599243164062,-0.0024423599243164062,-0.0073261260986328125,-0.3003654479980469,-0.0073261260986328125,-0.08058643341064453,-2.4410247802734375,7.350425720214844,-1.5506715774536133,-0.1294260025024414,-0.10988998413085938,0.0,-2.9024747192624587,6.545906374286693,-1.5821378852546808,-0.014969372072907747,-0.004699582806660969
91,1,train,5,-1,-0.3490658503988659,0.3182415050032432,3,s,af3726fcacd0ac1320a56ea850b0a2c0f5430cf4eb20a45c078706980f08407e,d24fbe3839599a6a097188bae8cd47ce8083f27deef1341ae3086bf0d5a45bd1,87f63c0590d05baea263cdc42c6e1df2d063fa2def309ecb0283f3036bf33d46,87f63c0590d05baea263cdc42c6e1df2d063fa2def309ecb0283f3036bf33d46,1787978717.4752812,37301.311,18650707,0,0.9584569931030273,1.2136640548706055,1.556992530822754,-0.00133514404296875,0.06733036041259766,0.00476837158203125,0.0073261260986328125,-0.0024423599243164062,-0.0024423599243164062,-0.0073261260986328125,-0.3150177001953125,-0.0073261260986328125,-0.07570171356201172,-2.4410247802734375,7.377777099609375,-1.5506715774536133,-0.14407825469970703,-0.10500621795654297,0.0,-2.9025063054632905,6.5459379604875245,-1.5821694714555123,-0.014755704955335236,-0.004709785650136548
91,1,train,5,-1,-0.3490658503988659,0.31956771000113804,3,s,af3726fcacd0ac1320a56ea850b0a2c0f5430cf4eb20a45c078706980f08407e,d24fbe3839599a6a097188bae8cd47ce8083f27deef1341ae3086bf0d5a45bd1,87f63c0590d05baea263cdc42c6e1df2d063fa2def309ecb0283f3036bf33d46,87f63c0590d05baea263cdc42c6e1df2d063fa2def309ecb0283f3036bf33d46,1787978717.4771824,37301.313,18650708,0,0.9584569931030273,1.2136640548706055,1.556992530822754,-0.00133514404296875,0.06656742095947266,0.00476837158203125,-0.021978378295898438,-0.0024423599243164062,-0.0024423599243164062,-0.0073261260986328125,-0.3296699523925781,0.0073261260986328125,-0.08058643341064453,-2.454700469970703,7.3094024658203125,-1.5506715774536133,-0.16361427307128906,-0.10500621795654297,0.0,-2.902537437564836,6.54596909258907,-1.5822006035570577,-0.014542029248812436,-0.004719989018528838
91,1,train,5,-1,-0.3490658503988659,0.3214781490023597,3,s,af3726fcacd0ac1320a56ea850b0a2c0f5430cf4eb20a45c078706980f08407e,d24fbe3839599a6a097188bae8cd47ce8083f27deef1341ae3086bf0d5a45bd1,87f63c0590d05baea263cdc42c6e1df2d063fa2def309ecb0283f3036bf33d46,87f63c0590d05baea263cdc42c6e1df2d063fa2def309ecb0283f3036bf33d46,1787978717.4790947,37301.314999999995,18650709,0,0.9584569931030273,1.2136640548706055,1.556992530822754,-0.00133514404296875,0.06618595123291016,0.00476837158203125,-0.0073261260986328125,-0.0024423599243164062,-0.0024423599243164062,-0.021978378295898438,-0.28571510314941406,-0.0073261260986328125,-0.07570171356201172,-2.4410247802734375,7.350425720214844,-1.5506715774536133,-0.16849803924560547,-0.10500621795654297,0.0,-2.902552833322703,6.545984488346937,-1.5822159993149245,-0.014435188213561873,-0.004725090897712779
91,1,train,5,-1,-0.3490658503988659,0.3233872380005778,3,s,af3726fcacd0ac1320a56ea850b0a2c0f5430cf4eb20a45c078706980f08407e,d24fbe3839599a6a097188bae8cd47ce8083f27deef1341ae3086bf0d5a45bd1,87f63c0590d05baea263cdc42c6e1df2d063fa2def309ecb0283f3036bf33d46,87f63c0590d05baea263cdc42c6e1df2d063fa2def309ecb0283f3036bf33d46,1787978717.4815638,37301.316999999995,18650710,0,0.9584569931030273,1.2136640548706055,1.556992530822754,-0.00133514404296875,0.06580448150634766,0.00476837158203125,-0.0073261260986328125,-0.0024423599243164062,-0.0024423599243164062,-0.0073261260986328125,-0.27106285095214844,-0.0073261260986328125,-0.07570171356201172,-2.4410247802734375,7.364101409912109,-1.5506715774536133,-0.1782665252685547,-0.10500621795654297,0.0,-2.902568115548973,6.545999770573207,-1.5822312815411947,-0.014328345077714983,-0.004730192905898697
91,1,train,5,-1,-0.3490658503988659,0.32585121400188655,3,s,af3726fcacd0ac1320a56ea850b0a2c0f5430cf4eb20a45c078706980f08407e,d24fbe3839599a6a097188bae8cd47ce8083f27deef1341ae3086bf0d5a45bd1,87f63c0590d05baea263cdc42c6e1df2d063fa2def309ecb0283f3036bf33d46,87f63c0590d05baea263cdc42c6e1df2d063fa2def309ecb0283f3036bf33d46,1787978717.4834802,37301.318999999996,18650711,0,0.9584569931030273,1.2136640548706055,1.556992530822754,-0.00133514404296875,0.06504154205322266,0.00476837158203125,-0.0073261260986328125,-0.0024423599243164062,-0.0024423599243164062,-0.0073261260986328125,-0.3003654479980469,-0.021978378295898438,-0.07570171356201172,-2.4410247802734375,7.405128479003906,-1.5506715774536133,-0.1831502914428711,-0.10988998413085938,0.0,-2.9025983393978474,6.546029994422081,-1.5822615053900682,-0.014114652566423412,-0.00474039730630668
91,1,train,5,-1,-0.3490658503988659,0.32776810900395503,3,s,af3726fcacd0ac1320a56ea850b0a2c0f5430cf4eb20a45c078706980f08407e,d24fbe3839599a6a097188bae8cd47ce8083f27deef1341ae3086bf0d5a45bd1,87f63c0590d05baea263cdc42c6e1df2d063fa2def309ecb0283f3036bf33d46,87f63c0590d05baea263cdc42c6e1df2d063fa2def309ecb0283f3036bf33d46,1787978717.485358,37301.320999999996,18650712,0,0.9584569931030273,1.2136640548706055,1.556992530822754,-0.00133514404296875,0.06427860260009766,0.00476837158203125,-0.0073261260986328125,-0.0024423599243164062,-0.0024423599243164062,-0.0073261260986328125,-0.373626708984375,-0.021978378295898438,-0.07570171356201172,-2.4410247802734375,7.336753845214844,-1.5506715774536133,-0.17338180541992188,-0.10988998413085938,0.0,-2.9026281090938624,6.546059764118096,-1.5822912750860836,-0.013900951839323121,-0.004750602213813045
91,1,train,5,-1,-0.3490658503988659,0.3296445660016616,3,s,af3726fcacd0ac1320a56ea850b0a2c0f5430cf4eb20a45c078706980f08407e,d24fbe3839599a6a097188bae8cd47ce8083f27deef1341ae3086bf0d5a45bd1,87f63c0590d05baea263cdc42c6e1df2d063fa2def309ecb0283f3036bf33d46,87f63c0590d05baea263cdc42c6e1df2d063fa2def309ecb0283f3036bf33d46,1787978717.4872534,37301.323,18650713,0,0.9584569931030273,1.2136640548706055,1.556992530822754,-0.00133514404296875,0.06351566314697266,0.00476837158203125,-0.021978378295898438,-0.0024423599243164062,-0.0024423599243164062,0.0073261260986328125,-0.373626708984375,-0.0073261260986328125,-0.08058643341064453,-2.4410247802734375,7.323078155517578,-1.5506715774536133,-0.16361427307128906,-0.10988998413085938,0.0,-2.9026574246196932,6.546089079643927,-1.5823205906119142,-0.013687243020804325,-0.004760807622477754
91,1,train,5,-1,-0.3490658503988659,0.33155881499988027,3,s,af3726fcacd0ac1320a56ea850b0a2c0f5430cf4eb20a45c078706980f08407e,d24fbe3839599a6a097188bae8cd47ce8083f27deef1341ae3086bf0d5a45bd1,87f63c0590d05baea263cdc42c6e1df2d063fa2def309ecb0283f3036bf33d46,87f63c0590d05baea263cdc42c6e1df2d063fa2def309ecb0283f3036bf33d46,1787978717.4892154,37301.325,18650714,0,0.9584569931030273,1.2136640548706055,1.556992530822754,-0.00133514404296875,0.06275272369384766,0.00476837158203125,-0.0073261260986328125,-0.0024423599243164062,-0.0024423599243164062,-0.0073261260986328125,-0.34432220458984375,0.0073261260986328125,-0.08058643341064453,-2.4410247802734375,7.377777099609375,-1.5555553436279297,-0.16361427307128906,-0.10500621795654297,0.0,-2.9026862859582745,6.5461179409825085,-1.5823494519504953,-0.013473526235261914,-0.004771013526360479
91,1,train,5,-1,-0.3490658503988659,0.33351416399818845,3,s,af3726fcacd0ac1320a56ea850b0a2c0f5430cf4eb20a45c078706980f08407e,d24fbe3839599a6a097188bae8cd47ce8083f27deef1341ae3086bf0d5a45bd1,87f63c0590d05baea263cdc42c6e1df2d063fa2def309ecb0283f3036bf33d46,87f63c0590d05baea263cdc42c6e1df2d063fa2def309ecb0283f3036bf33d46,1787978717.4911296,37301.327,18650715,0,0.9584569931030273,1.2136640548706055,1.556992530822754,-0.00133514404296875,0.061989784240722656,0.00476837158203125,-0.0073261260986328125,-0.0024423599243164062,-0.0024423599243164062,-0.0073261260986328125,-0.34432220458984375,0.0073261260986328125,-0.08058643341064453,-2.4410247802734375,7.391452789306641,-1.5506715774536133,-0.16361427307128906,-0.10500621795654297,0.0,-2.9027146930928054,6.546146348117039,-1.582377859085027,-0.01325980160709541,-0.004781219919520601
91,1,train,5,-1,-0.3490658503988659,0.33542470099928323,3,s,af3726fcacd0ac1320a56ea850b0a2c0f5430cf4eb20a45c078706980f08407e,d24fbe3839599a6a097188bae8cd47ce8083f27deef1341ae3086bf0d5a45bd1,87f63c0590d05baea263cdc42c6e1df2d063fa2def309ecb0283f3036bf33d46,87f63c0590d05baea263cdc42c6e1df2d063fa2def309ecb0283f3036bf33d46,1787978717.4930558,37301.329,18650716,0,0.9584569931030273,1.2136640548706055,1.556992530822754,-0.00133514404296875,0.061608314514160156,0.00476837158203125,-0.0073261260986328125,-0.0024423599243164062,-0.0024423599243164062,-0.0073261260986328125,-0.34432220458984375,-0.0073261260986328125,-0.07570171356201172,-2.4410247802734375,7.391452789306641,-1.5506715774536133,-0.15873050689697266,-0.10500621795654297,0.0,-2.9027287263283763,6.54616038135261,-1.5823918923205977,-0.013152936390904237,-0.004786323297723166
91,1,train,5,-1,-0.3490658503988659,0.3373511700046947,3,s,af3726fcacd0ac1320a56ea850b0a2c0f5430cf4eb20a45c078706980f08407e,d24fbe3839599a6a097188bae8cd47ce8083f27deef1341ae3086bf0d5a45bd1,87f63c0590d05baea263cdc42c6e1df2d063fa2def309ecb0283f3036bf33d46,87f63c0590d05baea263cdc42c6e1df2d063fa2def309ecb0283f3036bf33d46,1787978717.4956586,37301.331,18650717,0,0.9584569931030273,1.2136640548706055,1.556992530822754,-0.00133514404296875,0.060845375061035156,0.00476837158203125,-0.0073261260986328125,-0.0024423599243164062,-0.0024423599243164062,-0.0073261260986328125,-0.3150177001953125,-0.0073261260986328125,-0.07570171356201172,-2.4410247802734375,7.405128479003906,-1.5555553436279297,-0.14896202087402344,-0.10500621795654297,0.0,-2.902756452125915,6.546188107150149,-1.5824196181181363,-0.012939200232060712,-0.004796530413660104
91,1,train,5,-1,-0.3490658503988659,0.3399571929985541,3,s,af3726fcacd0ac1320a56ea850b0a2c0f5430cf4eb20a45c078706980f08407e,d24fbe3839599a6a097188bae8cd47ce8083f27deef1341ae3086bf0d5a45bd1,87f63c0590d05baea263cdc42c6e1df2d063fa2def309ecb0283f3036bf33d46,87f63c0590d05baea263cdc42c6e1df2d063fa2def309ecb0283f3036bf33d46,1787978717.4977543,37301.333,18650718,0,0.9584569931030273,1.2136640548706055,1.556992530822754,-0.00133514404296875,0.060082435607910156,0.00476837158203125,-0.0073261260986328125,-0.0024423599243164062,-0.0024423599243164062,-0.021978378295898438,-0.3589744567871094,-0.021978378295898438,-0.08058643341064453,-2.4410247802734375,7.391452789306641,-1.5506715774536133,-0.14407825469970703,-0.10500621795654297,0.0,-2.9027837236785614,6.5462153787027955,-1.5824468896707835,-0.01272545654161175,-0.004806738004021657
91,1,train,5,-1,-0.3490658503988659,0.3420559010046418,3,s,af3726fcacd0ac1320a56ea850b0a2c0f5430cf4eb20a45c078706980f08407e,d24fbe3839599a6a097188bae8cd47ce8083f27deef1341ae3086bf0d5a45bd1,87f63c0590d05baea263cdc42c6e1df2d063fa2def309ecb0283f3036bf33d46,87f63c0590d05baea263cdc42c6e1df2d063fa2def309ecb0283f3036bf33d46,1787978717.499687,37301.335,18650719,0,0.9584569931030273,1.2136640548706055,1.556992530822754,-0.00133514404296875,0.059319496154785156,0.00476837158203125,-0.0073261260986328125,-0.0024423599243164062,-0.0024423599243164062,-0.0073261260986328125,-0.40293121337890625,-0.021978378295898438,-0.07570171356201172,-2.4410247802734375,7.3094024658203125,-1.5506715774536133,-0.14896202087402344,-0.10988998413085938,0.0,-2.9028105409704437,6.546242195994678,-1.582473706962666,-0.012511705443972555,-0.004816946062866226
91,1,train,5,-1,-0.3490658503988659,0.3439794529986102,3,s,af3726fcacd0ac1320a56ea850b0a2c0f5430cf4eb20a45c078706980f08407e,d24fbe3839599a6a097188bae8cd47ce8083f27deef1341ae3086bf0d5a45bd1,87f63c0590d05baea263cdc42c6e1df2d063fa2def309ecb0283f3036bf33d46,87f63c0590d05baea263cdc42c6e1df2d063fa2def309ecb0283f3036bf33d46,1787978717.5015814,37301.337,18650720,0,0.9584569931030273,1.2136640548706055,1.556992530822754,-0.00133514404296875,0.058556556701660156,0.00476837158203125,-0.021978378295898438,-0.0024423599243164062,-0.0024423599243164062,-0.0073261260986328125,-0.3589744567871094,-0.0073261260986328125,-0.07570171356201172,-2.4410247802734375,7.364101409912109,-1.5457878112792969,-0.14896202087402344,-0.10988998413085938,0.0,-2.902836903985953,6.546268559010187,-1.5825000699781742,-0.01229794706356263,-0.004827154584251939
91,1,train,5,-1,-0.3490658503988659,0.34587044500221964,3,s,af3726fcacd0ac1320a56ea850b0a2c0f5430cf4eb20a45c078706980f08407e,d24fbe3839599a6a097188bae8cd47ce8083f27deef1341ae3086bf0d5a45bd1,87f63c0590d05baea263cdc42c6e1df2d063fa2def309ecb0283f3036bf33d46,87f63c0590d05baea263cdc42c6e1df2d063fa2def309ecb0283f3036bf33d46,1787978717.503543,37301.339,18650721,0,0.9584569931030273,1.2136640548706055,1.556992530822754,-0.00133514404296875,0.058175086975097656,0.00476837158203125,0.0073261260986328125,-0.0024423599243164062,-0.0024423599243164062,0.0073261260986328125,-0.3150177001953125,0.0073261260986328125,-0.07570171356201172,-2.4410247802734375,7.377777099609375,-1.5457878112792969,-0.14896202087402344,-0.10500621795654297,0.0,-2.9028499151352594,6.546281570159493,-1.582513081127481,-0.012191065181200906,-0.004832259016540814
91,1,train,5,-1,-0.3490658503988659,0.347835448999831,3,s,af3726fcacd0ac1320a56ea850b0a2c0f5430cf4eb20a45c078706980f08407e,d24fbe3839599a6a097188bae8cd47ce8083f27deef1341ae3086bf0d5a45bd1,87f63c0590d05baea263cdc42c6e1df2d063fa2def309ecb0283f3036bf33d46,87f63c0590d05baea263cdc42c6e1df2d063fa2def309ecb0283f3036bf33d46,1787978717.5054364,37301.341,18650722,0,0.9584569931030273,1.2136640548706055,1.556992530822754,-0.00133514404296875,0.057412147521972656,0.00476837158203125,-0.0073261260986328125,-0.0024423599243164062,-0.0024423599243164062,0.0073261260986328125,-0.3589744567871094,-0.0073261260986328125,-0.07570171356201172,-2.4410247802734375,7.405128479003906,-1.5506715774536133,-0.14407825469970703,-0.10988998413085938,0.0,-2.9028755967075166,6.546307251731751,-1.5825387626997374,-0.011977296109930726,-0.004842468220596645
91,1,train,5,-1,-0.3490658503988659,0.34972607400413835,3,s,af3726fcacd0ac1320a56ea850b0a2c0f5430cf4eb20a45c078706980f08407e,d24fbe3839599a6a097188bae8cd47ce8083f27deef1341ae3086bf0d5a45bd1,87f63c0590d05baea263cdc42c6e1df2d063fa2def309ecb0283f3036bf33d46,87f63c0590d05baea263cdc42c6e1df2d063fa2def309ecb0283f3036bf33d46,1787978717.5073516,37301.343,18650723,0,0.9584569931030273,1.2136640548706055,1.556992530822754,-0.00133514404296875,0.056267738342285156,0.00476837158203125,-0.0073261260986328125,-0.0024423599243164062,-0.0024423599243164062,-0.0073261260986328125,-0.3882789611816406,-0.0073261260986328125,-0.07570171356201172,-2.4410247802734375,7.405128479003906,-1.5555553436279297,-0.13919448852539062,-0.10988998413085938,0.0,-2.9029132672220963,6.54634492224633,-1.582576433214318,-0.01165662946996675,-0.0048577828642332
91,1,train,5,-1,-0.3490658503988659,0.35167484400153626,3,s,af3726fcacd0ac1320a56ea850b0a2c0f5430cf4eb20a45c078706980f08407e,d24fbe3839599a6a097188bae8cd47ce8083f27deef1341ae3086bf0d5a45bd1,87f63c0590d05baea263cdc42c6e1df2d063fa2def309ecb0283f3036bf33d46,87f63c0590d05baea263cdc42c6e1df2d063fa2def309ecb0283f3036bf33d46,1787978717.509273,37301.345,18650724,0,0.9584569931030273,1.2136640548706055,1.556992530822754,-0.00133514404296875,0.055504798889160156,0.00476837158203125,-0.021978378295898438,-0.0024423599243164062,-0.0024423599243164062,-0.021978378295898438,-0.40293121337890625,-0.021978378295898438,-0.08058643341064453,-2.4410247802734375,7.418804168701172,-1.5555553436279297,-0.1294260025024414,-0.10988998413085938,0.0,-2.9029378129812957,6.54636946800553,-1.5826009789735178,-0.011442843202752701,-0.004867993176359435
91,1,train,5,-1,-0.3490658503988659,0.35356562300148653,3,s,af3726fcacd0ac1320a56ea850b0a2c0f5430cf4eb20a45c078706980f08407e,d24fbe3839599a6a097188bae8cd47ce8083f27deef1341ae3086bf0d5a45bd1,87f63c0590d05baea263cdc42c6e1df2d063fa2def309ecb0283f3036bf33d46,87f63c0590d05baea263cdc42c6e1df2d063fa2def309ecb0283f3036bf33d46,1787978717.5117583,37301.347,18650725,0,0.9584569931030273,1.2136640548706055,1.556992530822754,-0.00133514404296875,0.054741859436035156,0.00476837158203125,-0.0073261260986328125,-0.0024423599243164062,-0.0024423599243164062,-0.03663063049316406,-0.3882789611816406,-0.0073261260986328125,-0.08058643341064453,-2.4410247802734375,7.405128479003906,-1.5506715774536133,-0.124542236328125,-0.10988998413085938,0.0,-2.902961904390039,6.546393559414273,-1.5826250703822613,-0.011229050274927602,-0.004878203921313484
91,1,train,5,-1,-0.3490658503988659,0.35605106499860995,3,s,af3726fcacd0ac1320a56ea850b0a2c0f5430cf4eb20a45c078706980f08407e,d24fbe3839599a6a097188bae8cd47ce8083f27deef1341ae3086bf0d5a45bd1,87f63c0590d05baea263cdc42c6e1df2d063fa2def309ecb0283f3036bf33d46,87f63c0590d05baea263cdc42c6e1df2d063fa2def309ecb0283f3036bf33d46,1787978717.5131598,37301.348999999995,18650726,0,0.9584569931030273,1.2136640548706055,1.556992530822754,-0.00133514404296875,0.053978919982910156,0.00476837158203125,-0.0073261260986328125,-0.0024423599243164062,-0.0024423599243164062,-0.021978378295898438,-0.40293121337890625,-0.0073261260986328125,-0.07570171356201172,-2.4410247802734375,7.391452789306641,-1.5506715774536133,-0.1196584701538086,-0.10500621795654297,0.0,-2.902985541434302,6.5464171964585365,-1.5826487074265247,-0.011015250810935314,-0.004888415093151912
91,1,train,5,-1,-0.3490658503988659,0.3574527599994326,3,s,af3726fcacd0ac1320a56ea850b0a2c0f5430cf4eb20a45c078706980f08407e,d24fbe3839599a6a097188bae8cd47ce8083f27deef1341ae3086bf0d5a45bd1,87f63c0590d05baea263cdc42c6e1df2d063fa2def309ecb0283f3036bf33d46,87f63c0590d05baea263cdc42c6e1df2d063fa2def309ecb0283f3036bf33d46,1787978717.5150528,37301.350999999995,18650727,0,0.9584569931030273,1.2136640548706055,1.556992530822754,-0.00133514404296875,0.053597450256347656,0.00476837158203125,-0.0073261260986328125,-0.0024423599243164062,-0.0024423599243164062,-0.0073261260986328125,-0.3589744567871094,-0.0073261260986328125,-0.07570171356201172,-2.4410247802734375,7.418804168701172,-1.5457878112792969,-0.10500621795654297,-0.10500621795654297,0.0,-2.9029971895654447,6.546428844589679,-1.5826603555576668,-0.01090834866676622,-0.0048935208372953756
91,1,train,5,-1,-0.3490658503988659,0.35934029100462794,3,s,af3726fcacd0ac1320a56ea850b0a2c0f5430cf4eb20a45c078706980f08407e,d24fbe3839599a6a097188bae8cd47ce8083f27deef1341ae3086bf0d5a45bd1,87f63c0590d05baea263cdc42c6e1df2d063fa2def309ecb0283f3036bf33d46,87f63c0590d05baea263cdc42c6e1df2d063fa2def309ecb0283f3036bf33d46,1787978717.5174804,37301.352999999996,18650728,0,0.9584569931030273,1.2136640548706055,1.556992530822754,-0.00133514404296875,0.052453041076660156,0.00476837158203125,-0.0073261260986328125,-0.0024423599243164062,-0.0024423599243164062,0.0073261260986328125,-0.4322338104248047,-0.0073261260986328125,-0.07570171356201172,-2.4410247802734375,7.391452789306641,-1.5457878112792969,-0.09035396575927734,-0.10988998413085938,0.0,-2.9030314523746226,6.546463107398857,-1.582694618366843,-0.010587632772243543,-0.004908838693706923
91,1,train,5,-1,-0.3490658503988659,0.3617652140019345,3,s,af3726fcacd0ac1320a56ea850b0a2c0f5430cf4eb20a45c078706980f08407e,d24fbe3839599a6a097188bae8cd47ce8083f27deef1341ae3086bf0d5a45bd1,87f63c0590d05baea263cdc42c6e1df2d063fa2def309ecb0283f3036bf33d46,87f63c0590d05baea263cdc42c6e1df2d063fa2def309ecb0283f3036bf33d46,1787978717.5193934,37301.354999999996,18650729,0,0.9584569931030273,1.2136640548706055,1.556992530822754,-0.00133514404296875,0.051308631896972656,0.00476837158203125,-0.0073261260986328125,-0.0024423599243164062,-0.0024423599243164062,-0.0073261260986328125,-0.46153831481933594,-0.0073261260986328125,-0.07570171356201172,-2.4410247802734375,7.350425720214844,-1.5457878112792969,-0.08058643341064453,-0.10988998413085938,0.0,-2.9030646927726944,6.5464963477969285,-1.582727858764916,-0.010266903011392273,-0.004924157470486753
91,1,train,5,-1,-0.3490658503988659,0.36368551300256513,3,s,af3726fcacd0ac1320a56ea850b0a2c0f5430cf4eb20a45c078706980f08407e,d24fbe3839599a6a097188bae8cd47ce8083f27deef1341ae3086bf0d5a45bd1,87f63c0590d05baea263cdc42c6e1df2d063fa2def309ecb0283f3036bf33d46,87f63c0590d05baea263cdc42c6e1df2d063fa2def309ecb0283f3036bf33d46,1787978717.5212536,37301.356999999996,18650730,0,0.9584569931030273,1.2136640548706055,1.556992530822754,-0.00133514404296875,0.050927162170410156,0.00476837158203125,-0.0073261260986328125,-0.0024423599243164062,-0.0024423599243164062,-0.0073261260986328125,-0.40293121337890625,-0.0073261260986328125,-0.07570171356201172,-2.4410247802734375,7.377777099609375,-1.5457878112792969,-0.07570171356201172,-0.10988998413085938,0.0,-2.9030755456953563,6.54650720071959,-1.582738711687577,-0.01015999008230303,-0.0049292639304720776
91,1,train,5,-1,-0.3490658503988659,0.3655381760036107,3,s,af3726fcacd0ac1320a56ea850b0a2c0f5430cf4eb20a45c078706980f08407e,d24fbe3839599a6a097188bae8cd47ce8083f27deef1341ae3086bf0d5a45bd1,87f63c0590d05baea263cdc42c6e1df2d063fa2def309ecb0283f3036bf33d46,87f63c0590d05baea263cdc42c6e1df2d063fa2def309ecb0283f3036bf33d46,1787978717.52315,37301.359,18650731,0,0.9584569931030273,1.2136640548706055,1.556992530822754,-0.00133514404296875,0.049782752990722656,0.00476837158203125,-0.0073261260986328125,-0.0024423599243164062,-0.0024423599243164062,-0.021978378295898438,-0.4322338104248047,0.0073261260986328125,-0.07570171356201172,-2.4410247802734375,7.350425720214844,-1.5506715774536133,-0.0610504150390625,-0.10500621795654297,0.0,-2.903107422811137,6.546539077835371,-1.5827705888033583,-0.009839242486429138,-0.004944583903200962
91,1,train,5,-1,-0.3490658503988659,0.36744112399901496,3,s,af3726fcacd0ac1320a56ea850b0a2c0f5430cf4eb20a45c078706980f08407e,d24fbe3839599a6a097188bae8cd47ce8083f27deef1341ae3086bf0d5a45bd1,87f63c0590d05baea263cdc42c6e1df2d063fa2def309ecb0283f3036bf33d46,87f63c0590d05baea263cdc42c6e1df2d063fa2def309ecb0283f3036bf33d46,1787978717.5250385,37301.361,18650732,0,0.9584569931030273,1.2136640548706055,1.556992530822754,-0.00133514404296875,0.049019813537597656,0.00476837158203125,-0.0073261260986328125,-0.0024423599243164062,-0.0024423599243164062,-0.0073261260986328125,-0.4468860626220703,-0.0073261260986328125,-0.07570171356201172,-2.4410247802734375,7.377777099609375,-1.5506715774536133,-0.05128192901611328,-0.10500621795654297,0.0,-2.9031281061627374,6.5465597611869715,-1.5827912721549577,-0.009625403570924985,-0.004954797704899781
91,1,train,5,-1,-0.3490658503988659,0.3693314219999593,3,s,af3726fcacd0ac1320a56ea850b0a2c0f5430cf4eb20a45c078706980f08407e,d24fbe3839599a6a097188bae8cd47ce8083f27deef1341ae3086bf0d5a45bd1,87f63c0590d05baea263cdc42c6e1df2d063fa2def309ecb0283f3036bf33d46,87f63c0590d05baea263cdc42c6e1df2d063fa2def309ecb0283f3036bf33d46,1787978717.5274866,37301.363,18650733,0,0.9584569931030273,1.2136640548706055,1.556992530822754,-0.00133514404296875,0.048256874084472656,0.00476837158203125,-0.0073261260986328125,-0.0024423599243164062,-0.0024423599243164062,-0.0073261260986328125,-0.4322338104248047,-0.0073261260986328125,-0.07570171356201172,-2.454700469970703,7.336753845214844,-1.5506715774536133,-0.046398162841796875,-0.10988998413085938,0.0,-2.9031483350531118,6.546579990077346,-1.5828115010453339,-0.009411559052698824,-0.004965011888899529
91,1,train,5,-1,-0.3490658503988659,0.3717902950011194,3,s,af3726fcacd0ac1320a56ea850b0a2c0f5430cf4eb20a45c078706980f08407e,d24fbe3839599a6a097188bae8cd47ce8083f27deef1341ae3086bf0d5a45bd1,87f63c0590d05baea263cdc42c6e1df2d063fa2def309ecb0283f3036bf33d46,87f63c0590d05baea263cdc42c6e1df2d063fa2def309ecb0283f3036bf33d46,1787978717.5294714,37301.365,18650734,0,0.9584569931030273,1.2136640548706055,1.556992530822754,-0.00133514404296875,0.047112464904785156,0.00476837158203125,-0.0073261260986328125,-0.0024423599243164062,-0.0024423599243164062,-0.0073261260986328125,-0.4322338104248047,-0.0073261260986328125,-0.07570171356201172,-2.4410247802734375,7.323078155517578,-1.5506715774536133,-0.04151439666748047,-0.10988998413085938,0.0,-2.9031778262482013,6.546609481272435,-1.5828409922404234,-0.009090782042543353,-0.004980333868707695
91,1,train,5,-1,-0.3490658503988659,0.3737641400002758,3,s,af3726fcacd0ac1320a56ea850b0a2c0f5430cf4eb20a45c078706980f08407e,d24fbe3839599a6a097188bae8cd47ce8083f27deef1341ae3086bf0d5a45bd1,87f63c0590d05baea263cdc42c6e1df2d063fa2def309ecb0283f3036bf33d46,87f63c0590d05baea263cdc42c6e1df2d063fa2def309ecb0283f3036bf33d46,1787978717.531991,37301.367,18650735,0,0.9584569931030273,1.2136640548706055,1.556992530822754,-0.00133514404296875,0.046730995178222656,0.00476837158203125,-0.021978378295898438,-0.0024423599243164062,-0.0024423599243164062,-0.0073261260986328125,-0.40293121337890625,-0.0073261260986328125,-0.08058643341064453,-2.4410247802734375,7.350425720214844,-1.5506715774536133,-0.036629676818847656,-0.10988998413085938,0.0,-2.9031874294033666,6.546619084427601,-1.5828505953955878,-0.00898385370597925,-0.004985441380019853
91,1,train,5,-1,-0.3490658503988659,0.3762856239991379,3,s,af3726fcacd0ac1320a56ea850b0a2c0f5430cf4eb20a45c078706980f08407e,d24fbe3839599a6a097188bae8cd47ce8083f27deef1341ae3086bf0d5a45bd1,87f63c0590d05baea263cdc42c6e1df2d063fa2def309ecb0283f3036bf33d46,87f63c0590d05baea263cdc42c6e1df2d063fa2def309ecb0283f3036bf33d46,1787978717.533352,37301.369,18650736,0,0.9584569931030273,1.2136640548706055,1.556992530822754,-0.00133514404296875,0.045968055725097656,0.00476837158203125,-0.0073261260986328125,-0.0024423599243164062,-0.0024423599243164062,-0.021978378295898438,-0.34432220458984375,-0.0073261260986328125,-0.08058643341064453,-2.4410247802734375,7.350425720214844,-1.5555553436279297,-0.036629676818847656,-0.10988998413085938,0.0,-2.9032062948404866,6.546637949864721,-1.5828694608327083,-0.008769993126443096,-0.004995656675248899
91,1,train,5,-1,-0.3490658503988659,0.37764536699978635,3,s,af3726fcacd0ac1320a56ea850b0a2c0f5430cf4eb20a45c078706980f08407e,d24fbe3839599a6a097188bae8cd47ce8083f27deef1341ae3086bf0d5a45bd1,87f63c0590d05baea263cdc42c6e1df2d063fa2def309ecb0283f3036bf33d46,87f63c0590d05baea263cdc42c6e1df2d063fa2def309ecb0283f3036bf33d46,1787978717.5352588,37301.371,18650737,0,0.9584569931030273,1.2136640548706055,1.556992530822754,-0.00133514404296875,0.045205116271972656,0.00476837158203125,0.0073261260986328125,-0.0024423599243164062,-0.0024423599243164062,0.0073261260986328125,-0.3589744567871094,-0.0073261260986328125,-0.08058643341064453,-2.454700469970703,7.323078155517578,-1.5506715774536133,-0.036629676818847656,-0.10988998413085938,0.0,-2.903224705770872,6.546656360795106,-1.5828878717630945,-0.008556127442099324,-0.005005872328995825
91,1,train,5,-1,-0.3490658503988659,0.37954925800295314,3,s,af3726fcacd0ac1320a56ea850b0a2c0f5430cf4eb20a45c078706980f08407e,d24fbe3839599a6a097188bae8cd47ce8083f27deef1341ae3086bf0d5a45bd1,87f63c0590d05baea263cdc42c6e1df2d063fa2def309ecb0283f3036bf33d46,87f63c0590d05baea263cdc42c6e1df2d063fa2def309ecb0283f3036bf33d46,1787978717.5371566,37301.373,18650738,0,0.9584569931030273,1.2136640548706055,1.556992530822754,-0.00133514404296875,0.044442176818847656,0.00476837158203125,-0.0073261260986328125,-0.0024423599243164062,-0.0024423599243164062,0.0073261260986328125,-0.3882789611816406,-0.0073261260986328125,-0.08058643341064453,-2.4410247802734375,7.268375396728516,-1.5506715774536133,-0.036629676818847656,-0.10988998413085938,0.0,-2.90324266218381,6.546674317208044,-1.5829058281760309,-0.008342256777434153,-0.0050160883353143415
91,1,train,5,-1,-0.3490658503988659,0.38144976000330644,3,s,af3726fcacd0ac1320a56ea850b0a2c0f5430cf4eb20a45c078706980f08407e,d24fbe3839599a6a097188bae8cd47ce8083f27deef1341ae3086bf0d5a45bd1,87f63c0590d05baea263cdc42c6e1df2d063fa2def309ecb0283f3036bf33d46,87f63c0590d05baea263cdc42c6e1df2d063fa2def309ecb0283f3036bf33d46,1787978717.5390658,37301.375,18650739,0,0.9584569931030273,1.2136640548706055,1.556992530822754,-0.00133514404296875,0.044060707092285156,0.00476837158203125,0.0073261260986328125,-0.0024423599243164062,-0.0024423599243164062,-0.0073261260986328125,-0.3296699523925781,-0.0073261260986328125,-0.07570171356201172,-2.4410247802734375,7.336753845214844,-1.5506715774536133,-0.046398162841796875,-0.10988998413085938,0.0,-2.9032514699429597,6.546683124967194,-1.5829146359351796,-0.008235319616383772,-0.005021196468829674
91,1,train,5,-1,-0.3490658503988659,0.3833582639999804,3,s,af3726fcacd0ac1320a56ea850b0a2c0f5430cf4eb20a45c078706980f08407e,d24fbe3839599a6a097188bae8cd47ce8083f27deef1341ae3086bf0d5a45bd1,87f63c0590d05baea263cdc42c6e1df2d063fa2def309ecb0283f3036bf33d46,87f63c0590d05baea263cdc42c6e1df2d063fa2def309ecb0283f3036bf33d46,1787978717.5415208,37301.377,18650740,0,0.9584569931030273,1.2136640548706055,1.556992530822754,-0.00133514404296875,0.043679237365722656,0.00476837158203125,-0.021978378295898438,-0.0024423599243164062,-0.0024423599243164062,-0.021978378295898438,-0.2564105987548828,0.0073261260986328125,-0.07570171356201172,-2.4273509979248047,7.364101409912109,-1.5506715774536133,-0.0610504150390625,-0.10500621795654297,0.0,-2.903260164068843,6.546691819093077,-1.582923330061065,-0.008128381256936674,-0.0050263046882579486
91,1,train,5,-1,-0.3490658503988659,0.3858123290046933,3,s,af3726fcacd0ac1320a56ea850b0a2c0f5430cf4eb20a45c078706980f08407e,d24fbe3839599a6a097188bae8cd47ce8083f27deef1341ae3086bf0d5a45bd1,87f63c0590d05baea263cdc42c6e1df2d063fa2def309ecb0283f3036bf33d46,87f63c0590d05baea263cdc42c6e1df2d063fa2def309ecb0283f3036bf33d46,1787978717.5434198,37301.379,18650741,0,0.9584569931030273,1.2136640548706055,1.556992530822754,-0.00133514404296875,0.043297767639160156,0.00476837158203125,-0.0073261260986328125,-0.0024423599243164062,-0.0024423599243164062,-0.021978378295898438,-0.2417583465576172,-0.0073261260986328125,-0.07570171356201172,-2.4410247802734375,7.364101409912109,-1.5457878112792969,-0.08058643341064453,-0.10988998413085938,0.0,-2.903268744560204,6.546700399584438,-1.582931910552425,-0.00802144171465444,-0.005031412992855826
91,1,train,5,-1,-0.3490658503988659,0.38771105400519446,3,s,af3726fcacd0ac1320a56ea850b0a2c0f5430cf4eb20a45c078706980f08407e,d24fbe3839599a6a097188bae8cd47ce8083f27deef1341ae3086bf0d5a45bd1,87f63c0590d05baea263cdc42c6e1df2d063fa2def309ecb0283f3036bf33d46,87f63c0590d05baea263cdc42c6e1df2d063fa2def309ecb0283f3036bf33d46,1787978717.545313,37301.381,18650742,0,0.9584569931030273,1.2136640548706055,1.556992530822754,-0.00133514404296875,0.042534828186035156,0.00476837158203125,-0.0073261260986328125,-0.0024423599243164062,-0.0024423599243164062,0.0073261260986328125,-0.3003654479980469,-0.0073261260986328125,-0.07570171356201172,-2.4410247802734375,7.295726776123047,-1.5506715774536133,-0.10012245178222656,-0.10988998413085938,0.0,-2.903285564634366,6.5467172196586,-1.5829487306265866,-0.007807559143831749,-0.0050416298545869435
91,1,train,5,-1,-0.3490658503988659,0.38960324200161267,3,s,af3726fcacd0ac1320a56ea850b0a2c0f5430cf4eb20a45c078706980f08407e,d24fbe3839599a6a097188bae8cd47ce8083f27deef1341ae3086bf0d5a45bd1,87f63c0590d05baea263cdc42c6e1df2d063fa2def309ecb0283f3036bf33d46,87f63c0590d05baea263cdc42c6e1df2d063fa2def309ecb0283f3036bf33d46,1787978717.5471976,37301.383,18650743,0,0.9584569931030273,1.2136640548706055,1.556992530822754,-0.00133514404296875,0.042153358459472656,0.00476837158203125,0.0073261260986328125,-0.0024423599243164062,-0.0024423599243164062,-0.0073261260986328125,-0.3003654479980469,-0.021978378295898438,-0.07570171356201172,-2.4410247802734375,7.350425720214844,-1.5506715774536133,-0.10988998413085938,-0.10988998413085938,0.0,-2.9032938042147207,6.546725459238955,-1.582956970206942,-0.007700616146415292,-0.005046738410233437
91,1,train,5,-1,-0.3490658503988659,0.39151124100317247,3,s,af3726fcacd0ac1320a56ea850b0a2c0f5430cf4eb20a45c078706980f08407e,d24fbe3839599a6a097188bae8cd47ce8083f27deef1341ae3086bf0d5a45bd1,87f63c0590d05baea263cdc42c6e1df2d063fa2def309ecb0283f3036bf33d46,87f63c0590d05baea263cdc42c6e1df2d063fa2def309ecb0283f3036bf33d46,1787978717.549139,37301.384999999995,18650744,0,0.9584569931030273,1.2136640548706055,1.556992530822754,-0.00133514404296875,0.041390419006347656,0.00476837158203125,-0.0073261260986328125,-0.0024423599243164062,-0.0024423599243164062,-0.0073261260986328125,-0.3003654479980469,-0.0073261260986328125,-0.07570171356201172,-2.454700469970703,7.377777099609375,-1.5506715774536133,-0.124542236328125,-0.10988998413085938,0.0,-2.9033099424559796,6.546741597480214,-1.5829731084482017,-0.007486726805383445,-0.0050569557673713255
91,1,train,5,-1,-0.3490658503988659,0.39343100100086303,3,s,af3726fcacd0ac1320a56ea850b0a2c0f5430cf4eb20a45c078706980f08407e,d24fbe3839599a6a097188bae8cd47ce8083f27deef1341ae3086bf0d5a45bd1,87f63c0590d05baea263cdc42c6e1df2d063fa2def309ecb0283f3036bf33d46,87f63c0590d05baea263cdc42c6e1df2d063fa2def309ecb0283f3036bf33d46,1787978717.551682,37301.386999999995,18650745,0,0.9584569931030273,1.2136640548706055,1.556992530822754,-0.00133514404296875,0.040627479553222656,0.00476837158203125,-0.0073261260986328125,-0.0024423599243164062,-0.0024423599243164062,0.0073261260986328125,-0.3003654479980469,-0.0073261260986328125,-0.07570171356201172,-2.4410247802734375,7.295726776123047,-1.5506715774536133,-0.14407825469970703,-0.10988998413085938,0.0,-2.9033256261301754,6.5467572811544095,-1.5829887921223975,-0.007272833106503248,-0.005067173447346331
91,1,train,5,-1,-0.3490658503988659,0.39597408400004497,3,s,af3726fcacd0ac1320a56ea850b0a2c0f5430cf4eb20a45c078706980f08407e,d24fbe3839599a6a097188bae8cd47ce8083f27deef1341ae3086bf0d5a45bd1,87f63c0590d05baea263cdc42c6e1df2d063fa2def309ecb0283f3036bf33d46,87f63c0590d05baea263cdc42c6e1df2d063fa2def309ecb0283f3036bf33d46,1787978717.5530307,37301.388999999996,18650746,0,0.9584569931030273,1.2136640548706055,1.556992530822754,-0.00133514404296875,0.040246009826660156,0.00476837158203125,-0.021978378295898438,-0.0024423599243164062,-0.0024423599243164062,-0.021978378295898438,-0.3003654479980469,0.0073261260986328125,-0.07570171356201172,-2.4410247802734375,7.25469970703125,-1.5555553436279297,-0.15873050689697266,-0.10988998413085938,0.0,-2.9033332975017614,6.546764952525995,-1.5829964634939835,-0.007165884661776962,-0.005072282406539176
91,1,train,5,-1,-0.3490658503988659,0.39732034600456245,3,s,af3726fcacd0ac1320a56ea850b0a2c0f5430cf4eb20a45c078706980f08407e,d24fbe3839599a6a097188bae8cd47ce8083f27deef1341ae3086bf0d5a45bd1,87f63c0590d05baea263cdc42c6e1df2d063fa2def309ecb0283f3036bf33d46,87f63c0590d05baea263cdc42c6e1df2d063fa2def309ecb0283f3036bf33d46,1787978717.5554433,37301.390999999996,18650747,0,0.9584569931030273,1.2136640548706055,1.556992530822754,-0.00133514404296875,0.039864540100097656,0.00476837158203125,-0.0073261260986328125,-0.0024423599243164062,-0.0024423599243164062,-0.0073261260986328125,-0.28571510314941406,-0.0073261260986328125,-0.08058643341064453,-2.4410247802734375,7.25469970703125,-1.5555553436279297,-0.16849803924560547,-0.10988998413085938,0.0,-2.9033408552281794,6.5467725102524135,-1.5830040212204002,-0.007058935174277237,-0.005077391444210981
91,1,train,5,-1,-0.3490658503988659,0.3997298590038554,3,s,af3726fcacd0ac1320a56ea850b0a2c0f5430cf4eb20a45c078706980f08407e,d24fbe3839599a6a097188bae8cd47ce8083f27deef1341ae3086bf0d5a45bd1,87f63c0590d05baea263cdc42c6e1df2d063fa2def309ecb0283f3036bf33d46,87f63c0590d05baea263cdc42c6e1df2d063fa2def309ecb0283f3036bf33d46,1787978717.5572956,37301.393,18650748,0,0.9584569931030273,1.2136640548706055,1.556992530822754,-0.00133514404296875,0.039101600646972656,0.00476837158203125,-0.0073261260986328125,-0.0024423599243164062,-0.0024423599243164062,-0.021978378295898438,-0.2564105987548828,-0.0073261260986328125,-0.07570171356201172,-2.4410247802734375,7.227352142333984,-1.5506715774536133,-0.17338180541992188,-0.11477375030517578,0.0,-2.903355629741122,6.546787284765356,-1.5830187957333444,-0.006845033133210359,-0.0050876097520176165
91,1,train,5,-1,-0.3490658503988659,0.4015780660047312,3,s,af3726fcacd0ac1320a56ea850b0a2c0f5430cf4eb20a45c078706980f08407e,d24fbe3839599a6a097188bae8cd47ce8083f27deef1341ae3086bf0d5a45bd1,87f63c0590d05baea263cdc42c6e1df2d063fa2def309ecb0283f3036bf33d46,87f63c0590d05baea263cdc42c6e1df2d063fa2def309ecb0283f3036bf33d46,1787978717.5597098,37301.395,18650749,0,0.9584569931030273,1.2136640548706055,1.556992530822754,-0.00133514404296875,0.038720130920410156,0.00476837158203125,-0.0073261260986328125,-0.0024423599243164062,-0.0024423599243164062,-0.0073261260986328125,-0.3003654479980469,-0.021978378295898438,-0.07570171356201172,-2.4410247802734375,7.295726776123047,-1.5506715774536133,-0.17338180541992188,-0.11477375030517578,0.0,-2.9033628465254995,6.5467945015497335,-1.5830260125177216,-0.006738080610770074,-0.005092719020665487
91,1,train,5,-1,-0.3490658503988659,0.4039962690003449,3,s,af3726fcacd0ac1320a56ea850b0a2c0f5430cf4eb20a45c078706980f08407e,d24fbe3839599a6a097188bae8cd47ce8083f27deef1341ae3086bf0d5a45bd1,87f63c0590d05baea263cdc42c6e1df2d063fa2def309ecb0283f3036bf33d46,87f63c0590d05baea263cdc42c6e1df2d063fa2def309ecb0283f3036bf33d46,1787978717.5616236,37301.397,18650750,0,0.9584569931030273,1.2136640548706055,1.556992530822754,-0.00133514404296875,0.037575721740722656,0.00476837158203125,-0.021978378295898438,-0.0024423599243164062,-0.0024423599243164062,-0.0073261260986328125,-0.34432220458984375,-0.0073261260986328125,-0.08058643341064453,-2.4410247802734375,7.323078155517578,-1.5506715774536133,-0.1782665252685547,-0.11477375030517578,0.0,-2.9033838149777007,6.546815470001935,-1.5830469809699224,-0.006417217222585864,-0.005108047276665319
91,1,train,5,-1,-0.3490658503988659,0.4059206239980995,3,s,af3726fcacd0ac1320a56ea850b0a2c0f5430cf4eb20a45c078706980f08407e,d24fbe3839599a6a097188bae8cd47ce8083f27deef1341ae3086bf0d5a45bd1,87f63c0590d05baea263cdc42c6e1df2d063fa2def309ecb0283f3036bf33d46,87f63c0590d05baea263cdc42c6e1df2d063fa2def309ecb0283f3036bf33d46,1787978717.5635695,37301.399,18650751,0,0.9584569931030273,1.2136640548706055,1.556992530822754,-0.00133514404296875,0.037194252014160156,0.00476837158203125,-0.0073261260986328125,-0.0024423599243164062,-0.0024423599243164062,-0.0073261260986328125,-0.34432220458984375,0.0073261260986328125,-0.08058643341064453,-2.4410247802734375,7.336753845214844,-1.5506715774536133,-0.1782665252685547,-0.11477375030517578,0.0,-2.9033905771580666,6.546822232182301,-1.5830537431502887,-0.006310260871449758,-0.005113156842872276
91,1,train,5,-1,-0.3490658503988659,0.4078604340029415,3,s,af3726fcacd0ac1320a56ea850b0a2c0f5430cf4eb20a45c078706980f08407e,d24fbe3839599a6a097188bae8cd47ce8083f27deef1341ae3086bf0d5a45bd1,87f63c0590d05baea263cdc42c6e1df2d063fa2def309ecb0283f3036bf33d46,87f63c0590d05baea263cdc42c6e1df2d063fa2def309ecb0283f3036bf33d46,1787978717.565502,37301.401,18650752,0,0.9584569931030273,1.2136640548706055,1.556992530822754,-0.00133514404296875,0.036431312561035156,0.00476837158203125,0.0073261260986328125,-0.0024423599243164062,-0.0024423599243164062,-0.0073261260986328125,-0.3150177001953125,0.0073261260986328125,-0.08058643341064453,-2.454700469970703,7.323078155517578,-1.5506715774536133,-0.1831502914428711,-0.10988998413085938,0.0,-2.9034037605573206,6.546835415581555,-1.5830669265495414,-0.0060963454299504845,-0.005123376192135487
91,1,train,5,-1,-0.3490658503988659,0.40979511399928015,3,s,af3726fcacd0ac1320a56ea850b0a2c0f5430cf4eb20a45c078706980f08407e,d24fbe3839599a6a097188bae8cd47ce8083f27deef1341ae3086bf0d5a45bd1,87f63c0590d05baea263cdc42c6e1df2d063fa2def309ecb0283f3036bf33d46,87f63c0590d05baea263cdc42c6e1df2d063fa2def309ecb0283f3036bf33d46,1787978717.5674686,37301.403,18650753,0,0.9584569931030273,1.2136640548706055,1.556992530822754,-0.00133514404296875,0.036049842834472656,0.00476837158203125,0.0073261260986328125,-0.0024423599243164062,-0.0024423599243164062,-0.0073261260986328125,-0.28571510314941406,0.0073261260986328125,-0.07570171356201172,-2.4273509979248047,7.295726776123047,-1.5506715774536133,-0.1831502914428711,-0.10988998413085938,0.0,-2.9034101817742886,6.546841836798523,-1.5830733477665093,-0.005989386370716098,-0.005128485973704628
91,1,train,5,-1,-0.3490658503988659,0.41196717000275385,3,s,af3726fcacd0ac1320a56ea850b0a2c0f5430cf4eb20a45c078706980f08407e,d24fbe3839599a6a097188bae8cd47ce8083f27deef1341ae3086bf0d5a45bd1,87f63c0590d05baea263cdc42c6e1df2d063fa2def309ecb0283f3036bf33d46,87f63c0590d05baea263cdc42c6e1df2d063fa2def309ecb0283f3036bf33d46,1787978717.5696354,37301.405,18650754,0,0.9584569931030273,1.2136640548706055,1.556992530822754,-0.00133514404296875,0.035286903381347656,0.00476837158203125,-0.0073261260986328125,-0.0024423599243164062,-0.0024423599243164062,-0.021978378295898438,-0.3296699523925781,-0.0073261260986328125,-0.07570171356201172,-2.4410247802734375,7.241024017333984,-1.5506715774536133,-0.1831502914428711,-0.10988998413085938,0.0,-2.9034226832382344,6.546854338262468,-1.5830858492304556,-0.005775465653100799,-0.005138705747000132
91,1,train,5,-1,-0.3490658503988659,0.4139298020018032,3,s,af3726fcacd0ac1320a56ea850b0a2c0f5430cf4eb20a45c078706980f08407e,d24fbe3839599a6a097188bae8cd47ce8083f27deef1341ae3086bf0d5a45bd1,87f63c0590d05baea263cdc42c6e1df2d063fa2def309ecb0283f3036bf33d46,87f63c0590d05baea263cdc42c6e1df2d063fa2def309ecb0283f3036bf33d46,1787978717.5715625,37301.407,18650755,0,0.9584569931030273,1.2136640548706055,1.556992530822754,-0.00133514404296875,0.034523963928222656,0.00476837158203125,-0.021978378295898438,-0.0024423599243164062,-0.0024423599243164062,-0.0073261260986328125,-0.34432220458984375,-0.03663063049316406,-0.07570171356201172,-2.4410247802734375,7.227352142333984,-1.5457878112792969,-0.16849803924560547,-0.10988998413085938,0.0,-2.9034347300694914,6.546866385093725,-1.5830978960617135,-0.0055615415737222,-0.005148925795548005
91,1,train,5,-1,-0.3490658503988659,0.41586261900374666,3,s,af3726fcacd0ac1320a56ea850b0a2c0f5430cf4eb20a45c078706980f08407e,d24fbe3839599a6a097188bae8cd47ce8083f27deef1341ae3086bf0d5a45bd1,87f63c0590d05baea263cdc42c6e1df2d063fa2def309ecb0283f3036bf33d46,87f63c0590d05baea263cdc42c6e1df2d063fa2def309ecb0283f3036bf33d46,1787978717.5734773,37301.409,18650756,0,0.9584569931030273,1.2136640548706055,1.556992530822754,-0.00133514404296875,0.033761024475097656,0.00476837158203125,-0.0073261260986328125,-0.0024423599243164062,-0.0024423599243164062,0.0073261260986328125,-0.3589744567871094,-0.021978378295898438,-0.08058643341064453,-2.4410247802734375,7.3094024658203125,-1.5457878112792969,-0.15873050689697266,-0.10988998413085938,0.0,-2.90344632226105,6.546877977285284,-1.5831094882532708,-0.0053476142571004925,-0.005159146113399391
91,1,train,5,-1,-0.3490658503988659,0.41777451999951154,3,s,af3726fcacd0ac1320a56ea850b0a2c0f5430cf4eb20a45c078706980f08407e,d24fbe3839599a6a097188bae8cd47ce8083f27deef1341ae3086bf0d5a45bd1,87f63c0590d05baea263cdc42c6e1df2d063fa2def309ecb0283f3036bf33d46,87f63c0590d05baea263cdc42c6e1df2d063fa2def309ecb0283f3036bf33d46,1787978717.5754066,37301.411,18650757,0,0.9584569931030273,1.2136640548706055,1.556992530822754,-0.00133514404296875,0.032998085021972656,0.00476837158203125,-0.0073261260986328125,-0.0024423599243164062,-0.0024423599243164062,-0.0073261260986328125,-0.40293121337890625,-0.0073261260986328125,-0.07570171356201172,-2.4410247802734375,7.350425720214844,-1.5506715774536133,-0.15384578704833984,-0.10988998413085938,0.0,-2.90345745980616,6.546889114830394,-1.583120625798381,-0.00513368382775777,-0.005169366694605287
91,1,train,5,-1,-0.3490658503988659,0.4197038300044369,3,s,af3726fcacd0ac1320a56ea850b0a2c0f5430cf4eb20a45c078706980f08407e,d24fbe3839599a6a097188bae8cd47ce8083f27deef1341ae3086bf0d5a45bd1,87f63c0590d05baea263cdc42c6e1df2d063fa2def309ecb0283f3036bf33d46,87f63c0590d05baea263cdc42c6e1df2d063fa2def309ecb0283f3036bf33d46,1787978717.5773337,37301.413,18650758,0,0.9584569931030273,1.2136640548706055,1.556992530822754,-0.00133514404296875,0.032235145568847656,0.00476837158203125,0.0073261260986328125,-0.0024423599243164062,-0.0024423599243164062,-0.0073261260986328125,-0.3882789611816406,0.0073261260986328125,-0.07570171356201172,-2.4410247802734375,7.377777099609375,-1.5506715774536133,-0.14896202087402344,-0.10988998413085938,0.0,-2.903468142698338,6.546899797722572,-1.5831313086905594,-0.00491975041021792,-0.00517958753321653
91,1,train,5,-1,-0.3490658503988659,0.421631447999971,3,s,af3726fcacd0ac1320a56ea850b0a2c0f5430cf4eb20a45c078706980f08407e,d24fbe3839599a6a097188bae8cd47ce8083f27deef1341ae3086bf0d5a45bd1,87f63c0590d05baea263cdc42c6e1df2d063fa2def309ecb0283f3036bf33d46,87f63c0590d05baea263cdc42c6e1df2d063fa2def309ecb0283f3036bf33d46,1787978717.5793324,37301.415,18650759,0,0.9584569931030273,1.2136640548706055,1.556992530822754,-0.00133514404296875,0.031472206115722656,0.00476837158203125,-0.0073261260986328125,-0.0024423599243164062,-0.0024423599243164062,-0.03663063049316406,-0.34432220458984375,0.0073261260986328125,-0.07570171356201172,-2.4410247802734375,7.405128479003906,-1.5506715774536133,-0.13919448852539062,-0.10500621795654297,0.0,-2.9034783709313667,6.546910025955601,-1.5831415369235884,-0.004705814129006563,-0.00518980862328381
91,1,train,5,-1,-0.3490658503988659,0.4236321130010765,3,s,af3726fcacd0ac1320a56ea850b0a2c0f5430cf4eb20a45c078706980f08407e,d24fbe3839599a6a097188bae8cd47ce8083f27deef1341ae3086bf0d5a45bd1,87f63c0590d05baea263cdc42c6e1df2d063fa2def309ecb0283f3036bf33d46,87f63c0590d05baea263cdc42c6e1df2d063fa2def309ecb0283f3036bf33d46,1787978717.5812511,37301.417,18650760,0,0.9584569931030273,1.2136640548706055,1.556992530822754,-0.00133514404296875,0.03070831298828125,0.00476837158203125,-0.0073261260986328125,-0.0024423599243164062,-0.0024423599243164062,-0.021978378295898438,-0.373626708984375,-0.0073261260986328125,-0.07570171356201172,-2.4410247802734375,7.391452789306641,-1.5457878112792969,-0.1294260025024414,-0.10500621795654297,0.0,-2.9034881564317305,6.546919811455965,-1.5831513224239513,-0.004491607683213444,-0.005200042735678286
91,1,train,5,-1,-0.3490658503988659,0.42554407400166383,3,s,af3726fcacd0ac1320a56ea850b0a2c0f5430cf4eb20a45c078706980f08407e,d24fbe3839599a6a097188bae8cd47ce8083f27deef1341ae3086bf0d5a45bd1,87f63c0590d05baea263cdc42c6e1df2d063fa2def309ecb0283f3036bf33d46,87f63c0590d05baea263cdc42c6e1df2d063fa2def309ecb0283f3036bf33d46,1787978717.5831525,37301.419,18650761,0,0.9584569931030273,1.2136640548706055,1.556992530822754,-0.00133514404296875,0.02994537353515625,0.00476837158203125,-0.0073261260986328125,-0.0024423599243164062,-0.0024423599243164062,0.0073261260986328125,-0.40293121337890625,-0.0073261260986328125,-0.07570171356201172,-2.4410247802734375,7.377777099609375,-1.5457878112792969,-0.11477375030517578,-0.10500621795654297,0.0,-2.903497474760522,6.546929129784756,-1.5831606407527434,-0.00427766604505225,-0.005210264311104847
91,1,train,5,-1,-0.3490658503988659,0.42744598800345557,3,s,af3726fcacd0ac1320a56ea850b0a2c0f5430cf4eb20a45c078706980f08407e,d24fbe3839599a6a097188bae8cd47ce8083f27deef1341ae3086bf0d5a45bd1,87f63c0590d05baea263cdc42c6e1df2d063fa2def309ecb0283f3036bf33d46,87f63c0590d05baea263cdc42c6e1df2d063fa2def309ecb0283f3036bf33d46,1787978717.5856233,37301.420999999995,18650762,0,0.9584569931030273,1.2136640548706055,1.556992530822754,-0.00133514404296875,0.02880096435546875,0.00476837158203125,0.0073261260986328125,-0.0024423599243164062,-0.0024423599243164062,0.0073261260986328125,-0.4468860626220703,-0.021978378295898438,-0.08058643341064453,-2.4273509979248047,7.391452789306641,-1.540903091430664,-0.10988998413085938,-0.10988998413085938,0.0,-2.903510599734172,6.546942254758406,-1.583173765726392,-0.003956748958109314,-0.005225597110384988
91,1,train,5,-1,-0.3490658503988659,0.42991417799930787,3,s,af3726fcacd0ac1320a56ea850b0a2c0f5430cf4eb20a45c078706980f08407e,d24fbe3839599a6a097188bae8cd47ce8083f27deef1341ae3086bf0d5a45bd1,87f63c0590d05baea263cdc42c6e1df2d063fa2def309ecb0283f3036bf33d46,87f63c0590d05baea263cdc42c6e1df2d063fa2def309ecb0283f3036bf33d46,1787978717.58752,37301.422999999995,18650763,0,0.9584569931030273,1.2136640548706055,1.556992530822754,-0.00133514404296875,0.02841949462890625,0.00476837158203125,-0.0073261260986328125,-0.0024423599243164062,-0.0024423599243164062,-0.021978378295898438,-0.40293121337890625,-0.0073261260986328125,-0.08058643341064453,-2.4410247802734375,7.323078155517578,-1.540903091430664,-0.10500621795654297,-0.10988998413085938,0.0,-2.9035147473842797,6.546946402408514,-1.5831779133765007,-0.003849775423474045,-0.0052307081568075025
91,1,train,5,-1,-0.3490658503988659,0.43183522400067886,3,s,af3726fcacd0ac1320a56ea850b0a2c0f5430cf4eb20a45c078706980f08407e,d24fbe3839599a6a097188bae8cd47ce8083f27deef1341ae3086bf0d5a45bd1,87f63c0590d05baea263cdc42c6e1df2d063fa2def309ecb0283f3036bf33d46,87f63c0590d05baea263cdc42c6e1df2d063fa2def309ecb0283f3036bf33d46,1787978717.5894766,37301.424999999996,18650764,0,0.9584569931030273,1.2136640548706055,1.556992530822754,-0.00133514404296875,0.02727508544921875,0.00476837158203125,-0.0073261260986328125,-0.0024423599243164062,-0.0024423599243164062,-0.0073261260986328125,-0.41758155822753906,0.0073261260986328125,-0.08058643341064453,-2.4410247802734375,7.350425720214844,-1.5457878112792969,-0.09523773193359375,-0.10500621795654297,0.0,-2.903526508302833,6.5469581633270675,-1.583189674295055,-0.0035288515205391504,-0.00524604162564987
91,1,train,5,-1,-0.3490658503988659,0.4337786930045695,3,s,af3726fcacd0ac1320a56ea850b0a2c0f5430cf4eb20a45c078706980f08407e,d24fbe3839599a6a097188bae8cd47ce8083f27deef1341ae3086bf0d5a45bd1,87f63c0590d05baea263cdc42c6e1df2d063fa2def309ecb0283f3036bf33d46,87f63c0590d05baea263cdc42c6e1df2d063fa2def309ecb0283f3036bf33d46,1787978717.5914056,37301.426999999996,18650765,0,0.9584569931030273,1.2136640548706055,1.556992530822754,-0.00133514404296875,0.02651214599609375,0.00476837158203125,-0.0073261260986328125,-0.0024423599243164062,-0.0024423599243164062,-0.0073261260986328125,-0.4322338104248047,-0.0073261260986328125,-0.08058643341064453,-2.454700469970703,7.336753845214844,-1.5506715774536133,-0.08058643341064453,-0.10500621795654297,0.0,-2.9035337805497305,6.546965435573965,-1.5831969465419524,-0.0033148996583937476,-0.0052562642054194125
91,1,train,5,-1,-0.3490658503988659,0.4357009189989185,3,s,af3726fcacd0ac1320a56ea850b0a2c0f5430cf4eb20a45c078706980f08407e,d24fbe3839599a6a097188bae8cd47ce8083f27deef1341ae3086bf0d5a45bd1,87f63c0590d05baea263cdc42c6e1df2d063fa2def309ecb0283f3036bf33d46,87f63c0590d05baea263cdc42c6e1df2d063fa2def309ecb0283f3036bf33d46,1787978717.5933712,37301.429,18650766,0,0.9584569931030273,1.2136640548706055,1.556992530822754,-0.00133514404296875,0.02536773681640625,0.00476837158203125,-0.0073261260986328125,-0.0024423599243164062,-0.0024423599243164062,-0.0073261260986328125,-0.4468860626220703,-0.0073261260986328125,-0.07570171356201172,-2.454700469970703,7.377777099609375,-1.5555553436279297,-0.07081794738769531,-0.10500621795654297,0.0,-2.9035438363612847,6.546975491385519,-1.5832070023535054,-0.00299396828623332,-0.005271598461009855
91,1,train,5,-1,-0.3490658503988659,0.4376705899994704,3,s,af3726fcacd0ac1320a56ea850b0a2c0f5430cf4eb20a45c078706980f08407e,d24fbe3839599a6a097188bae8cd47ce8083f27deef1341ae3086bf0d5a45bd1,87f63c0590d05baea263cdc42c6e1df2d063fa2def309ecb0283f3036bf33d46,87f63c0590d05baea263cdc42c6e1df2d063fa2def309ecb0283f3036bf33d46,1787978717.5953324,37301.431,18650767,0,0.9584569931030273,1.2136640548706055,1.556992530822754,-0.00133514404296875,0.02460479736328125,0.00476837158203125,-0.0073261260986328125,-0.0024423599243164062,-0.0024423599243164062,-0.0073261260986328125,-0.4468860626220703,-0.0073261260986328125,-0.07570171356201172,-2.4410247802734375,7.405128479003906,-1.5506715774536133,-0.0610504150390625,-0.10988998413085938,0.0,-2.903549971857433,6.546981626881667,-1.5832131378496552,-0.002780011833782399,-0.005281821546683127
91,1,train,5,-1,-0.3490658503988659,0.4396317659993656,3,s,af3726fcacd0ac1320a56ea850b0a2c0f5430cf4eb20a45c078706980f08407e,d24fbe3839599a6a097188bae8cd47ce8083f27deef1341ae3086bf0d5a45bd1,87f63c0590d05baea263cdc42c6e1df2d063fa2def309ecb0283f3036bf33d46,87f63c0590d05baea263cdc42c6e1df2d063fa2def309ecb0283f3036bf33d46,1787978717.5972576,37301.433,18650768,0,0.9584569931030273,1.2136640548706055,1.556992530822754,-0.00133514404296875,0.02384185791015625,0.00476837158203125,-0.0073261260986328125,-0.0024423599243164062,-0.0024423599243164062,-0.021978378295898438,-0.41758155822753906,-0.0073261260986328125,-0.08058643341064453,-2.454700469970703,7.418804168701172,-1.5506715774536133,-0.05616569519042969,-0.10988998413085938,0.0,-2.9035556526468045,6.5469873076710385,-1.5832188186390257,-0.0025660537631516903,-0.005292044824304413
91,1,train,5,-1,-0.3490658503988659,0.4415531140039093,3,s,af3726fcacd0ac1320a56ea850b0a2c0f5430cf4eb20a45c078706980f08407e,d24fbe3839599a6a097188bae8cd47ce8083f27deef1341ae3086bf0d5a45bd1,87f63c0590d05baea263cdc42c6e1df2d063fa2def309ecb0283f3036bf33d46,87f63c0590d05baea263cdc42c6e1df2d063fa2def309ecb0283f3036bf33d46,1787978717.5992372,37301.435,18650769,0,0.9584569931030273,1.2136640548706055,1.556992530822754,-0.00133514404296875,0.02307891845703125,0.00476837158203125,0.0073261260986328125,-0.0024423599243164062,-0.0024423599243164062,-0.0073261260986328125,-0.4322338104248047,-0.0073261260986328125,-0.08058643341064453,-2.4410247802734375,7.418804168701172,-1.5506715774536133,-0.046398162841796875,-0.10500621795654297,0.0,-2.9035608787260876,6.546992533750322,-1.5832240447183086,-0.002352094198881177,-0.0053022682879229795
91,1,train,5,-1,-0.3490658503988659,0.4435351990032359,3,s,af3726fcacd0ac1320a56ea850b0a2c0f5430cf4eb20a45c078706980f08407e,d24fbe3839599a6a097188bae8cd47ce8083f27deef1341ae3086bf0d5a45bd1,87f63c0590d05baea263cdc42c6e1df2d063fa2def309ecb0283f3036bf33d46,87f63c0590d05baea263cdc42c6e1df2d063fa2def309ecb0283f3036bf33d46,1787978717.6011767,37301.437,18650770,0,0.9584569931030273,1.2136640548706055,1.556992530822754,-0.00133514404296875,0.02193450927734375,0.00476837158203125,-0.0073261260986328125,-0.0024423599243164062,-0.0024423599243164062,-0.0073261260986328125,-0.46153831481933594,-0.0073261260986328125,-0.08058643341064453,-2.454700469970703,7.391452789306641,-1.5506715774536133,-0.036629676818847656,-0.10988998413085938,0.0,-2.9035678652570165,6.5469995202812505,-1.5832310312492386,-0.0020311523243341156,-0.005317603819078242
91,1,train,5,-1,-0.3490658503988659,0.44547445000353036,3,s,af3726fcacd0ac1320a56ea850b0a2c0f5430cf4eb20a45c078706980f08407e,d24fbe3839599a6a097188bae8cd47ce8083f27deef1341ae3086bf0d5a45bd1,87f63c0590d05baea263cdc42c6e1df2d063fa2def309ecb0283f3036bf33d46,87f63c0590d05baea263cdc42c6e1df2d063fa2def309ecb0283f3036bf33d46,1787978717.6036842,37301.439,18650771,0,0.9584569931030273,1.2136640548706055,1.556992530822754,-0.00133514404296875,0.02117156982421875,0.00476837158203125,-0.021978378295898438,-0.0024423599243164062,-0.0024423599243164062,-0.021978378295898438,-0.4468860626220703,-0.0073261260986328125,-0.08058643341064453,-2.4410247802734375,7.391452789306641,-1.5506715774536133,-0.03174591064453125,-0.10988998413085938,0.0,-2.903571954548354,6.547003609572588,-1.5832351205405748,-0.0018171895708320508,-0.005327827721654862
91,1,train,5,-1,-0.3490658503988659,0.44798522000201046,3,s,af3726fcacd0ac1320a56ea850b0a2c0f5430cf4eb20a45c078706980f08407e,d24fbe3839599a6a097188bae8cd47ce8083f27deef1341ae3086bf0d5a45bd1,87f63c0590d05baea263cdc42c6e1df2d063fa2def309ecb0283f3036bf33d46,87f63c0590d05baea263cdc42c6e1df2d063fa2def309ecb0283f3036bf33d46,1787978717.605622,37301.441,18650772,0,0.9584569931030273,1.2136640548706055,1.556992530822754,-0.00133514404296875,0.02079010009765625,0.00476837158203125,-0.021978378295898438,-0.0024423599243164062,-0.0024423599243164062,-0.021978378295898438,-0.3882789611816406,-0.0073261260986328125,-0.08058643341064453,-2.4410247802734375,7.377777099609375,-1.5457878112792969,-0.03174591064453125,-0.10988998413085938,0.0,-2.9035738286743196,6.547005483698554,-1.5832369946665408,-0.0017102077896432649,-0.0053329397352534546
91,1,train,5,-1,-0.3490658503988659,0.4499163979999139,3,s,af3726fcacd0ac1320a56ea850b0a2c0f5430cf4eb20a45c078706980f08407e,d24fbe3839599a6a097188bae8cd47ce8083f27deef1341ae3086bf0d5a45bd1,87f63c0590d05baea263cdc42c6e1df2d063fa2def309ecb0283f3036bf33d46,87f63c0590d05baea263cdc42c6e1df2d063fa2def309ecb0283f3036bf33d46,1787978717.6074836,37301.443,18650773,0,0.9584569931030273,1.2136640548706055,1.556992530822754,-0.00133514404296875,0.02002716064453125,0.00476837158203125,-0.0073261260986328125,-0.0024423599243164062,-0.0024423599243164062,-0.0073261260986328125,-0.34432220458984375,-0.0073261260986328125,-0.07570171356201172,-2.4410247802734375,7.391452789306641,-1.5457878112792969,-0.026862144470214844,-0.10500621795654297,0.0,-2.9035772358854817,6.547008890909716,-1.5832404018777035,-0.0014962434962296775,-0.005343163883351727
91,1,train,5,-1,-0.3490658503988659,0.45179143700079294,3,s,af3726fcacd0ac1320a56ea850b0a2c0f5430cf4eb20a45c078706980f08407e,d24fbe3839599a6a097188bae8cd47ce8083f27deef1341ae3086bf0d5a45bd1,87f63c0590d05baea263cdc42c6e1df2d063fa2def309ecb0283f3036bf33d46,87f63c0590d05baea263cdc42c6e1df2d063fa2def309ecb0283f3036bf33d46,1787978717.6095626,37301.445,18650774,0,0.9584569931030273,1.2136640548706055,1.556992530822754,-0.00133514404296875,0.01926422119140625,0.00476837158203125,-0.0073261260986328125,-0.0024423599243164062,-0.0024423599243164062,-0.0073261260986328125,-0.3589744567871094,-0.0073261260986328125,-0.07570171356201172,-2.4410247802734375,7.282051086425781,-1.5457878112792969,-0.026862144470214844,-0.10988998413085938,0.0,-2.9035801883739967,6.547011843398231,-1.5832433543662177,-0.0012822783318877863,-0.005353388187692074
91,1,train,5,-1,-0.3490658503988659,0.4538625260029221,3,s,af3726fcacd0ac1320a56ea850b0a2c0f5430cf4eb20a45c078706980f08407e,d24fbe3839599a6a097188bae8cd47ce8083f27deef1341ae3086bf0d5a45bd1,87f63c0590d05baea263cdc42c6e1df2d063fa2def309ecb0283f3036bf33d46,87f63c0590d05baea263cdc42c6e1df2d063fa2def309ecb0283f3036bf33d46,1787978717.6114926,37301.447,18650775,0,0.9584569931030273,1.2136640548706055,1.556992530822754,-0.00133514404296875,0.01850128173828125,0.00476837158203125,-0.0073261260986328125,-0.0024423599243164062,-0.0024423599243164062,-0.0073261260986328125,-0.3589744567871094,-0.0073261260986328125,-0.08058643341064453,-2.4410247802734375,7.3094024658203125,-1.5506715774536133,-0.026862144470214844,-0.10500621795654297,0.0,-2.9035826861381397,6.547014341162374,-1.5832458521303618,-0.001068312421161711,-0.005363612642323166
91,1,train,5,-1,-0.3490658503988659,0.4557857010004227,3,s,af3726fcacd0ac1320a56ea850b0a2c0f5430cf4eb20a45c078706980f08407e,d24fbe3839599a6a097188bae8cd47ce8083f27deef1341ae3086bf0d5a45bd1,87f63c0590d05baea263cdc42c6e1df2d063fa2def309ecb0283f3036bf33d46,87f63c0590d05baea263cdc42c6e1df2d063fa2def309ecb0283f3036bf33d46,1787978717.6134474,37301.449,18650776,0,0.9584569931030273,1.2136640548706055,1.556992530822754,-0.00133514404296875,0.01811981201171875,0.00476837158203125,-0.0073261260986328125,-0.0024423599243164062,-0.0024423599243164062,0.0073261260986328125,-0.34432220458984375,-0.0073261260986328125,-0.07570171356201172,-2.454700469970703,7.268375396728516,-1.5555553436279297,-0.03174591064453125,-0.10988998413085938,0.0,-2.90358376449811,6.547015419522344,-1.5832469304903316,-0.0009613292248247581,-0.005368724924137927
91,1,train,5,-1,-0.3490658503988659,0.45774017400253797,3,s,af3726fcacd0ac1320a56ea850b0a2c0f5430cf4eb20a45c078706980f08407e,d24fbe3839599a6a097188bae8cd47ce8083f27deef1341ae3086bf0d5a45bd1,87f63c0590d05baea263cdc42c6e1df2d063fa2def309ecb0283f3036bf33d46,87f63c0590d05baea263cdc42c6e1df2d063fa2def309ecb0283f3036bf33d46,1787978717.6153624,37301.451,18650777,0,0.9584569931030273,1.2136640548706055,1.556992530822754,-0.00133514404296875,0.01773834228515625,0.00476837158203125,0.0073261260986328125,-0.0024423599243164062,-0.0024423599243164062,0.0073261260986328125,-0.28571510314941406,-0.0073261260986328125,-0.08058643341064453,-2.454700469970703,7.227352142333984,-1.5555553436279297,-0.046398162841796875,-0.10988998413085938,0.0,-2.903584729176463,6.547016384200697,-1.583247895168684,-0.0008543458885959905,-0.005373837241293588
91,1,train,5,-1,-0.3490658503988659,0.4596536340031889,3,s,af3726fcacd0ac1320a56ea850b0a2c0f5430cf4eb20a45c078706980f08407e,d24fbe3839599a6a097188bae8cd47ce8083f27deef1341ae3086bf0d5a45bd1,87f63c0590d05baea263cdc42c6e1df2d063fa2def309ecb0283f3036bf33d46,87f63c0590d05baea263cdc42c6e1df2d063fa2def309ecb0283f3036bf33d46,1787978717.617252,37301.453,18650778,0,0.9584569931030273,1.2136640548706055,1.556992530822754,-0.00133514404296875,0.01735687255859375,0.00476837158203125,-0.0073261260986328125,-0.0024423599243164062,-0.0024423599243164062,-0.021978378295898438,-0.22710609436035156,-0.0073261260986328125,-0.08058643341064453,-2.4410247802734375,7.241024017333984,-1.5555553436279297,-0.0659341812133789,-0.10500621795654297,0.0,-2.9035855801730586,6.547017235197293,-1.58324874616528,-0.0007473624280435361,-0.005378949593046207
91,1,train,5,-1,-0.3490658503988659,0.4615455160019337,3,s,af3726fcacd0ac1320a56ea850b0a2c0f5430cf4eb20a45c078706980f08407e,d24fbe3839599a6a097188bae8cd47ce8083f27deef1341ae3086bf0d5a45bd1,87f63c0590d05baea263cdc42c6e1df2d063fa2def309ecb0283f3036bf33d46,87f63c0590d05baea263cdc42c6e1df2d063fa2def309ecb0283f3036bf33d46,1787978717.6191225,37301.455,18650779,0,0.9584569931030273,1.2136640548706055,1.556992530822754,-0.00133514404296875,0.01697540283203125,0.00476837158203125,-0.0073261260986328125,-0.0024423599243164062,-0.0024423599243164062,-0.0073261260986328125,-0.1978015899658203,-0.0073261260986328125,-0.08058643341064453,-2.4410247802734375,7.323078155517578,-1.5506715774536133,-0.09523773193359375,-0.10500621795654297,0.0,-2.903586317487773,6.547017972512007,-1.5832494834799953,-0.0006403788587355393,-0.005384061978651839
91,1,train,5,-1,-0.3490658503988659,0.4634101510018809,3,s,af3726fcacd0ac1320a56ea850b0a2c0f5430cf4eb20a45c078706980f08407e,d24fbe3839599a6a097188bae8cd47ce8083f27deef1341ae3086bf0d5a45bd1,87f63c0590d05baea263cdc42c6e1df2d063fa2def309ecb0283f3036bf33d46,87f63c0590d05baea263cdc42c6e1df2d063fa2def309ecb0283f3036bf33d46,1787978717.6215665,37301.456999999995,18650780,0,0.9584569931030273,1.2136640548706055,1.556992530822754,-0.00133514404296875,0.01659393310546875,0.00476837158203125,-0.021978378295898438,-0.0024423599243164062,-0.0024423599243164062,0.0073261260986328125,-0.21245384216308594,-0.0073261260986328125,-0.08058643341064453,-2.4410247802734375,7.364101409912109,-1.5506715774536133,-0.124542236328125,-0.10500621795654297,0.0,-2.903586941120499,6.547018596144733,-1.5832501071127214,-0.0005333951962401538,-0.005389174397366536
91,1,train,5,-1,-0.3490658503988659,0.4658571039981325,3,s,af3726fcacd0ac1320a56ea850b0a2c0f5430cf4eb20a45c078706980f08407e,d24fbe3839599a6a097188bae8cd47ce8083f27deef1341ae3086bf0d5a45bd1,87f63c0590d05baea263cdc42c6e1df2d063fa2def309ecb0283f3036bf33d46,87f63c0590d05baea263cdc42c6e1df2d063fa2def309ecb0283f3036bf33d46,1787978717.6235452,37301.458999999995,18650781,0,0.9584569931030273,1.2136640548706055,1.556992530822754,-0.00133514404296875,0.01621246337890625,0.00476837158203125,0.0073261260986328125,-0.0024423599243164062,-0.0024423599243164062,0.0073261260986328125,-0.22710609436035156,-0.0073261260986328125,-0.08058643341064453,-2.4410247802734375,7.295726776123047,-1.5506715774536133,-0.15384578704833984,-0.10988998413085938,0.0,-2.903587451071148,6.547019106095382,-1.5832506170633693,-0.0004264114561255499,-0.005394286848446342
91,1,train,5,-1,-0.3490658503988659,0.46783742000116035,3,s,af3726fcacd0ac1320a56ea850b0a2c0f5430cf4eb20a45c078706980f08407e,d24fbe3839599a6a097188bae8cd47ce8083f27deef1341ae3086bf0d5a45bd1,87f63c0590d05baea263cdc42c6e1df2d063fa2def309ecb0283f3036bf33d46,87f63c0590d05baea263cdc42c6e1df2d063fa2def309ecb0283f3036bf33d46,1787978717.6254337,37301.460999999996,18650782,0,0.9584569931030273,1.2136640548706055,1.556992530822754,-0.00133514404296875,0.01583099365234375,0.00476837158203125,-0.0073261260986328125,-0.0024423599243164062,-0.0024423599243164062,0.0073261260986328125,-0.2417583465576172,-0.0073261260986328125,-0.08058643341064453,-2.4410247802734375,7.350425720214844,-1.5555553436279297,-0.17338180541992188,-0.10988998413085938,0.0,-2.9035878473396433,6.547019502363877,-1.5832510133318645,-0.00031942765395991633,-0.005399399331147299
91,1,train,5,-1,-0.3490658503988659,0.4697266490038601,3,s,af3726fcacd0ac1320a56ea850b0a2c0f5430cf4eb20a45c078706980f08407e,d24fbe3839599a6a097188bae8cd47ce8083f27deef1341ae3086bf0d5a45bd1,87f63c0590d05baea263cdc42c6e1df2d063fa2def309ecb0283f3036bf33d46,87f63c0590d05baea263cdc42c6e1df2d063fa2def309ecb0283f3036bf33d46,1787978717.6273305,37301.462999999996,18650783,0,0.9584569931030273,1.2136640548706055,1.556992530822754,-0.00133514404296875,0.01506805419921875,0.00476837158203125,-0.0073261260986328125,-0.0024423599243164062,-0.0024423599243164062,-0.021978378295898438,-0.27106285095214844,0.0073261260986328125,-0.07570171356201172,-2.4410247802734375,7.350425720214844,-1.5555553436279297,-0.19780254364013672,-0.10988998413085938,0.0,-2.9035882988299586,6.547019953854193,-1.5832514648221807,-0.00010545992574832307,-0.005409624388436797
91,1,train,5,-1,-0.3490658503988659,0.47164579100353876,3,s,af3726fcacd0ac1320a56ea850b0a2c0f5430cf4eb20a45c078706980f08407e,d24fbe3839599a6a097188bae8cd47ce8083f27deef1341ae3086bf0d5a45bd1,87f63c0590d05baea263cdc42c6e1df2d063fa2def309ecb0283f3036bf33d46,87f63c0590d05baea263cdc42c6e1df2d063fa2def309ecb0283f3036bf33d46,1787978717.6292737,37301.465,18650784,0,0.9584569931030273,1.2136640548706055,1.556992530822754,-0.00133514404296875,0.01430511474609375,0.00476837158203125,-0.0073261260986328125,-0.0024423599243164062,-0.0024423599243164062,-0.021978378295898438,-0.27106285095214844,0.0073261260986328125,-0.07570171356201172,-2.4410247802734375,7.350425720214844,-1.5555553436279297,-0.21733856201171875,-0.10500621795654297,0.0,-2.903588295591186,6.54701995061542,-1.5832514615834072,0.00010850786384902691,-0.005419849563283265
91,1,train,5,-1,-0.3490658503988659,0.4735665090047405,3,s,af3726fcacd0ac1320a56ea850b0a2c0f5430cf4eb20a45c078706980f08407e,d24fbe3839599a6a097188bae8cd47ce8083f27deef1341ae3086bf0d5a45bd1,87f63c0590d05baea263cdc42c6e1df2d063fa2def309ecb0283f3036bf33d46,87f63c0590d05baea263cdc42c6e1df2d063fa2def309ecb0283f3036bf33d46,1787978717.6311746,37301.467,18650785,0,0.9584569931030273,1.2136640548706055,1.556992530822754,-0.00133514404296875,0.01392364501953125,0.00476837158203125,-0.0073261260986328125,-0.0024423599243164062,-0.0024423599243164062,0.0073261260986328125,-0.27106285095214844,-0.0073261260986328125,-0.07570171356201172,-2.454700469970703,7.336753845214844,-1.5506715774536133,-0.23198986053466797,-0.10988998413085938,0.0,-2.903588123448381,6.547019778472615,-1.5832512894406026,0.00021549174274684314,-0.0054249621929304175
91,1,train,5,-1,-0.3490658503988659,0.4754650140021113,3,s,af3726fcacd0ac1320a56ea850b0a2c0f5430cf4eb20a45c078706980f08407e,d24fbe3839599a6a097188bae8cd47ce8083f27deef1341ae3086bf0d5a45bd1,87f63c0590d05baea263cdc42c6e1df2d063fa2def309ecb0283f3036bf33d46,87f63c0590d05baea263cdc42c6e1df2d063fa2def309ecb0283f3036bf33d46,1787978717.6330578,37301.469,18650786,0,0.9584569931030273,1.2136640548706055,1.556992530822754,-0.00133514404296875,0.01354217529296875,0.00476837158203125,-0.0073261260986328125,-0.0024423599243164062,-0.0024423599243164062,-0.021978378295898438,-0.27106285095214844,-0.0073261260986328125,-0.07570171356201172,-2.4410247802734375,7.25469970703125,-1.5555553436279297,-0.23687458038330078,-0.10500621795654297,0.0,-2.903587837623325,6.547019492647559,-1.5832510036155465,0.0003224755902864855,-0.005430074849734869
91,1,train,5,-1,-0.3490658503988659,0.4773439650016371,3,s,af3726fcacd0ac1320a56ea850b0a2c0f5430cf4eb20a45c078706980f08407e,d24fbe3839599a6a097188bae8cd47ce8083f27deef1341ae3086bf0d5a45bd1,87f63c0590d05baea263cdc42c6e1df2d063fa2def309ecb0283f3036bf33d46,87f63c0590d05baea263cdc42c6e1df2d063fa2def309ecb0283f3036bf33d46,1787978717.6354735,37301.471,18650787,0,0.9584569931030273,1.2136640548706055,1.556992530822754,-0.00133514404296875,0.01277923583984375,0.00476837158203125,-0.021978378295898438,-0.0024423599243164062,-0.0024423599243164062,-0.021978378295898438,-0.28571510314941406,-0.021978378295898438,-0.07570171356201172,-2.4410247802734375,7.25469970703125,-1.5506715774536133,-0.23198986053466797,-0.10500621795654297,0.0,-2.903586924926642,6.547018579950876,-1.5832500909188645,0.0005364431290184575,-0.005440300241839709
91,1,train,5,-1,-0.3490658503988659,0.4797689460028778,3,s,af3726fcacd0ac1320a56ea850b0a2c0f5430cf4eb20a45c078706980f08407e,d24fbe3839599a6a097188bae8cd47ce8083f27deef1341ae3086bf0d5a45bd1,87f63c0590d05baea263cdc42c6e1df2d063fa2def309ecb0283f3036bf33d46,87f63c0590d05baea263cdc42c6e1df2d063fa2def309ecb0283f3036bf33d46,1787978717.6373615,37301.473,18650788,0,0.9584569931030273,1.2136640548706055,1.556992530822754,-0.00133514404296875,0.01201629638671875,0.00476837158203125,-0.0073261260986328125,-0.0024423599243164062,-0.0024423599243164062,-0.0073261260986328125,-0.28571510314941406,-0.021978378295898438,-0.07570171356201172,-2.4410247802734375,7.323078155517578,-1.5506715774536133,-0.22222232818603516,-0.10988998413085938,0.0,-2.9035855575016725,6.5470172125259065,-1.5832487234938932,0.0007504103554994463,-0.005450525733645823
91,1,train,5,-1,-0.3490658503988659,0.48165290799806826,3,s,af3726fcacd0ac1320a56ea850b0a2c0f5430cf4eb20a45c078706980f08407e,d24fbe3839599a6a097188bae8cd47ce8083f27deef1341ae3086bf0d5a45bd1,87f63c0590d05baea263cdc42c6e1df2d063fa2def309ecb0283f3036bf33d46,87f63c0590d05baea263cdc42c6e1df2d063fa2def309ecb0283f3036bf33d46,1787978717.6392844,37301.475,18650789,0,0.9584569931030273,1.2136640548706055,1.556992530822754,-0.00133514404296875,0.01087188720703125,0.00476837158203125,-0.0073261260986328125,-0.0024423599243164062,-0.0024423599243164062,0.0073261260986328125,-0.40293121337890625,-0.0073261260986328125,-0.07570171356201172,-2.4410247802734375,7.336753845214844,-1.5457878112792969,-0.20757007598876953,-0.10988998413085938,0.0,-2.903582653750486,6.54701430877472,-1.583245819742707,0.0010713603373075364,-0.005465864145274827
91,1,train,5,-1,-0.3490658503988659,0.483581149004749,3,s,af3726fcacd0ac1320a56ea850b0a2c0f5430cf4eb20a45c078706980f08407e,d24fbe3839599a6a097188bae8cd47ce8083f27deef1341ae3086bf0d5a45bd1,87f63c0590d05baea263cdc42c6e1df2d063fa2def309ecb0283f3036bf33d46,87f63c0590d05baea263cdc42c6e1df2d063fa2def309ecb0283f3036bf33d46,1787978717.641211,37301.477,18650790,0,0.9584569931030273,1.2136640548706055,1.556992530822754,-0.00133514404296875,0.01010894775390625,0.00476837158203125,-0.0073261260986328125,-0.0024423599243164062,-0.0024423599243164062,-0.0073261260986328125,-0.40293121337890625,0.0073261260986328125,-0.07570171356201172,-2.454700469970703,7.295726776123047,-1.5457878112792969,-0.1929178237915039,-0.10988998413085938,0.0,-2.903580149508851,6.547011804533085,-1.5832433155010726,0.0012853262382759075,-0.0054760898602939255
91,1,train,5,-1,-0.3490658503988659,0.48550560400326503,3,s,af3726fcacd0ac1320a56ea850b0a2c0f5430cf4eb20a45c078706980f08407e,d24fbe3839599a6a097188bae8cd47ce8083f27deef1341ae3086bf0d5a45bd1,87f63c0590d05baea263cdc42c6e1df2d063fa2def309ecb0283f3036bf33d46,87f63c0590d05baea263cdc42c6e1df2d063fa2def309ecb0283f3036bf33d46,1787978717.643132,37301.479,18650791,0,0.9584569931030273,1.2136640548706055,1.556992530822754,-0.00133514404296875,0.00934600830078125,0.00476837158203125,-0.0073261260986328125,-0.0024423599243164062,-0.0024423599243164062,-0.0073261260986328125,-0.3882789611816406,0.021978378295898438,-0.07570171356201172,-2.454700469970703,7.336753845214844,-1.5457878112792969,-0.1782665252685547,-0.10988998413085938,0.0,-2.903577190542872,6.547008845567106,-1.5832403565350932,0.001499291391085976,-0.005486315654181999
91,1,train,5,-1,-0.3490658503988659,0.4874255760005326,3,s,af3726fcacd0ac1320a56ea850b0a2c0f5430cf4eb20a45c078706980f08407e,d24fbe3839599a6a097188bae8cd47ce8083f27deef1341ae3086bf0d5a45bd1,87f63c0590d05baea263cdc42c6e1df2d063fa2def309ecb0283f3036bf33d46,87f63c0590d05baea263cdc42c6e1df2d063fa2def309ecb0283f3036bf33d46,1787978717.6450498,37301.481,18650792,0,0.9584569931030273,1.2136640548706055,1.556992530822754,-0.00133514404296875,0.00896453857421875,0.00476837158203125,-0.0073261260986328125,-0.0024423599243164062,-0.0024423599243164062,-0.0073261260986328125,-0.373626708984375,0.0073261260986328125,-0.07570171356201172,-2.4410247802734375,7.336753845214844,-1.5506715774536133,-0.16361427307128906,-0.10500621795654297,0.0,-2.9035755405387795,6.547007195563014,-1.5832387065310003,0.0016062736480115958,-0.005491428578841841
91,1,train,5,-1,-0.3490658503988659,0.48933999099972425,3,s,af3726fcacd0ac1320a56ea850b0a2c0f5430cf4eb20a45c078706980f08407e,d24fbe3839599a6a097188bae8cd47ce8083f27deef1341ae3086bf0d5a45bd1,87f63c0590d05baea263cdc42c6e1df2d063fa2def309ecb0283f3036bf33d46,87f63c0590d05baea263cdc42c6e1df2d063fa2def309ecb0283f3036bf33d46,1787978717.6475108,37301.483,18650793,0,0.9584569931030273,1.2136640548706055,1.556992530822754,-0.00133514404296875,0.00820159912109375,0.00476837158203125,-0.0073261260986328125,-0.0024423599243164062,-0.0024423599243164062,-0.0073261260986328125,-0.373626708984375,-0.0073261260986328125,-0.07570171356201172,-2.4410247802734375,7.377777099609375,-1.5457878112792969,-0.14896202087402344,-0.10988998413085938,0.0,-2.9035718994895947,6.547003554513829,-1.5832350654818146,0.001820237445064171,-0.005501654479873001
91,1,train,5,-1,-0.3490658503988659,0.49181949400372105,3,s,af3726fcacd0ac1320a56ea850b0a2c0f5430cf4eb20a45c078706980f08407e,d24fbe3839599a6a097188bae8cd47ce8083f27deef1341ae3086bf0d5a45bd1,87f63c0590d05baea263cdc42c6e1df2d063fa2def309ecb0283f3036bf33d46,87f63c0590d05baea263cdc42c6e1df2d063fa2def309ecb0283f3036bf33d46,1787978717.6494071,37301.485,18650794,0,0.9584569931030273,1.2136640548706055,1.556992530822754,-0.00133514404296875,0.00743865966796875,0.00476837158203125,-0.0073261260986328125,-0.0024423599243164062,-0.0024423599243164062,-0.021978378295898438,-0.3882789611816406,-0.03663063049316406,-0.07570171356201172,-2.4410247802734375,7.391452789306641,-1.5506715774536133,-0.1343097686767578,-0.10988998413085938,0.0,-2.9035678037208625,6.546999458745097,-1.5832309697130837,0.0020342001825991566,-0.0055118804448925675
91,1,train,5,-1,-0.3490658503988659,0.49369713100168156,3,s,af3726fcacd0ac1320a56ea850b0a2c0f5430cf4eb20a45c078706980f08407e,d24fbe3839599a6a097188bae8cd47ce8083f27deef1341ae3086bf0d5a45bd1,87f63c0590d05baea263cdc42c6e1df2d063fa2def309ecb0283f3036bf33d46,87f63c0590d05baea263cdc42c6e1df2d063fa2def309ecb0283f3036bf33d46,1787978717.6513197,37301.487,18650795,0,0.9584569931030273,1.2136640548706055,1.556992530822754,-0.00133514404296875,0.00629425048828125,0.00476837158203125,-0.0073261260986328125,-0.0024423599243164062,-0.0024423599243164062,0.0073261260986328125,-0.4468860626220703,-0.021978378295898438,-0.08058643341064453,-2.4410247802734375,7.364101409912109,-1.5506715774536133,-0.124542236328125,-0.10988998413085938,0.0,-2.90356080747391,6.546992462498144,-1.5832239734661315,0.002355142029869193,-0.0055272194993795315
91,1,train,5,-1,-0.3490658503988659,0.49561669299873756,3,s,af3726fcacd0ac1320a56ea850b0a2c0f5430cf4eb20a45c078706980f08407e,d24fbe3839599a6a097188bae8cd47ce8083f27deef1341ae3086bf0d5a45bd1,87f63c0590d05baea263cdc42c6e1df2d063fa2def309ecb0283f3036bf33d46,87f63c0590d05baea263cdc42c6e1df2d063fa2def309ecb0283f3036bf33d46,1787978717.653229,37301.489,18650796,0,0.9584569931030273,1.2136640548706055,1.556992530822754,-0.00133514404296875,0.00553131103515625,0.00476837158203125,-0.0073261260986328125,-0.0024423599243164062,-0.0024423599243164062,-0.021978378295898438,-0.3882789611816406,-0.0073261260986328125,-0.08058643341064453,-2.4410247802734375,7.391452789306641,-1.5457878112792969,-0.11477375030517578,-0.10988998413085938,0.0,-2.90355557491733,6.546987229941564,-1.583218740909551,0.0025691015737374285,-0.005537445598328759
91,1,train,5,-1,-0.3490658503988659,0.4975211070050136,3,s,af3726fcacd0ac1320a56ea850b0a2c0f5430cf4eb20a45c078706980f08407e,d24fbe3839599a6a097188bae8cd47ce8083f27deef1341ae3086bf0d5a45bd1,87f63c0590d05baea263cdc42c6e1df2d063fa2def309ecb0283f3036bf33d46,87f63c0590d05baea263cdc42c6e1df2d063fa2def309ecb0283f3036bf33d46,1787978717.6557353,37301.491,18650797,0,0.9584569931030273,1.2136640548706055,1.556992530822754,-0.00133514404296875,0.00514984130859375,0.00476837158203125,0.0073261260986328125,-0.0024423599243164062,-0.0024423599243164062,0.0073261260986328125,-0.373626708984375,0.0073261260986328125,-0.08058643341064453,-2.4410247802734375,7.405128479003906,-1.5457878112792969,-0.10500621795654297,-0.10500621795654297,0.0,-2.9035527881225724,6.5469844431468065,-1.5832159541147945,0.0026760807926751195,-0.005542558664358612
91,1,train,5,-1,-0.3490658503988659,0.500027948000934,3,s,af3726fcacd0ac1320a56ea850b0a2c0f5430cf4eb20a45c078706980f08407e,d24fbe3839599a6a097188bae8cd47ce8083f27deef1341ae3086bf0d5a45bd1,87f63c0590d05baea263cdc42c6e1df2d063fa2def309ecb0283f3036bf33d46,87f63c0590d05baea263cdc42c6e1df2d063fa2def309ecb0283f3036bf33d46,1787978717.65764,37301.492999999995,18650798,0,0.9584569931030273,1.2136640548706055,1.556992530822754,-0.00133514404296875,0.00400543212890625,0.00476837158203125,-0.0073261260986328125,-0.0024423599243164062,-0.0024423599243164062,-0.0073261260986328125,-0.40293121337890625,0.0073261260986328125,-0.07570171356201172,-2.4410247802734375,7.364101409912109,-1.5506715774536133,-0.09523773193359375,-0.10500621795654297,0.0,-2.903543745677355,6.546975400701589,-1.5832069116695757,0.0029970160506923547,-0.005557897919740529
91,1,train,5,-1,-0.3490658503988659,0.5019293130026199,3,s,af3726fcacd0ac1320a56ea850b0a2c0f5430cf4eb20a45c078706980f08407e,d24fbe3839599a6a097188bae8cd47ce8083f27deef1341ae3086bf0d5a45bd1,87f63c0590d05baea263cdc42c6e1df2d063fa2def309ecb0283f3036bf33d46,87f63c0590d05baea263cdc42c6e1df2d063fa2def309ecb0283f3036bf33d46,1787978717.659575,37301.494999999995,18650799,0,0.9584569931030273,1.2136640548706055,1.556992530822754,-0.00133514404296875,0.00324249267578125,0.00476837158203125,-0.0073261260986328125,-0.0024423599243164062,-0.0024423599243164062,0.0073261260986328125,-0.41758155822753906,-0.0073261260986328125,-0.07570171356201172,-2.4410247802734375,7.391452789306641,-1.5506715774536133,-0.08058643341064453,-0.10500621795654297,0.0,-2.903537149000845,6.546968804025079,-1.583200314993067,0.003210970734700044,-0.005568124130298255
91,1,train,5,-1,-0.3490658503988659,0.5038758070004405,3,s,af3726fcacd0ac1320a56ea850b0a2c0f5430cf4eb20a45c078706980f08407e,d24fbe3839599a6a097188bae8cd47ce8083f27deef1341ae3086bf0d5a45bd1,87f63c0590d05baea263cdc42c6e1df2d063fa2def309ecb0283f3036bf33d46,87f63c0590d05baea263cdc42c6e1df2d063fa2def309ecb0283f3036bf33d46,1787978717.6615129,37301.496999999996,18650800,0,0.9584569931030273,1.2136640548706055,1.556992530822754,-0.00133514404296875,0.00247955322265625,0.00476837158203125,-0.0073261260986328125,-0.0024423599243164062,-0.0024423599243164062,0.0073261260986328125,-0.3882789611816406,-0.0073261260986328125,-0.07570171356201172,-2.4410247802734375,7.418804168701172,-1.5506715774536133,-0.08058643341064453,-0.10500621795654297,0.0,-2.9035300976250205,6.5469617526492545,-1.5831932636172412,0.00342492354967687,-0.005578350366153962
91,1,train,5,-1,-0.3490658503988659,0.5058130270044785,3,s,af3726fcacd0ac1320a56ea850b0a2c0f5430cf4eb20a45c078706980f08407e,d24fbe3839599a6a097188bae8cd47ce8083f27deef1341ae3086bf0d5a45bd1,87f63c0590d05baea263cdc42c6e1df2d063fa2def309ecb0283f3036bf33d46,87f63c0590d05baea263cdc42c6e1df2d063fa2def309ecb0283f3036bf33d46,1787978717.6635723,37301.498999999996,18650801,0,0.9584569931030273,1.2136640548706055,1.556992530822754,-0.00133514404296875,0.00171661376953125,0.00476837158203125,0.0073261260986328125,-0.0024423599243164062,-0.0024423599243164062,-0.021978378295898438,-0.3882789611816406,-0.0073261260986328125,-0.08058643341064453,-2.4410247802734375,7.364101409912109,-1.5457878112792969,-0.08058643341064453,-0.10988998413085938,0.0,-2.903522591553983,6.546954246578217,-1.5831857575462045,0.003638874371085903,-0.005588576621355201
91,1,train,5,-1,-0.3490658503988659,0.5080084569999599,3,s,af3726fcacd0ac1320a56ea850b0a2c0f5430cf4eb20a45c078706980f08407e,d24fbe3839599a6a097188bae8cd47ce8083f27deef1341ae3086bf0d5a45bd1,87f63c0590d05baea263cdc42c6e1df2d063fa2def309ecb0283f3036bf33d46,87f63c0590d05baea263cdc42c6e1df2d063fa2def309ecb0283f3036bf33d46,1787978717.6651926,37301.501,18650802,0,0.9584569931030273,1.2136640548706055,1.556992530822754,-0.00133514404296875,0.00095367431640625,0.00476837158203125,-0.021978378295898438,-0.0024423599243164062,-0.0024423599243164062,-0.0073261260986328125,-0.3882789611816406,-0.0073261260986328125,-0.08058643341064453,-2.4410247802734375,7.377777099609375,-1.5457878112792969,-0.07570171356201172,-0.10988998413085938,0.0,-2.903514630792102,6.546946285816336,-1.5831777967843241,0.0038528230743913863,-0.0055988028899495055
91,1,train,5,-1,-0.3490658503988659,0.5094914299988886,3,s,af3726fcacd0ac1320a56ea850b0a2c0f5430cf4eb20a45c078706980f08407e,d24fbe3839599a6a097188bae8cd47ce8083f27deef1341ae3086bf0d5a45bd1,87f63c0590d05baea263cdc42c6e1df2d063fa2def309ecb0283f3036bf33d46,87f63c0590d05baea263cdc42c6e1df2d063fa2def309ecb0283f3036bf33d46,1787978717.667156,37301.503,18650803,0,0.9584569931030273,1.2136640548706055,1.556992530822754,-0.00133514404296875,0.00019073486328125,0.00476837158203125,-0.0073261260986328125,-0.0024423599243164062,-0.0024423599243164062,-0.0073261260986328125,-0.3882789611816406,-0.0073261260986328125,-0.07570171356201172,-2.4410247802734375,7.3094024658203125,-1.5506715774536133,-0.0659341812133789,-0.10988998413085938,0.0,-2.9035062153440143,6.546937870368248,-1.583169381336236,0.004066769535058788,-0.005609029165984405
91,1,train,5,-1,-0.3490658503988659,0.5114754380047088,3,s,af3726fcacd0ac1320a56ea850b0a2c0f5430cf4eb20a45c078706980f08407e,d24fbe3839599a6a097188bae8cd47ce8083f27deef1341ae3086bf0d5a45bd1,87f63c0590d05baea263cdc42c6e1df2d063fa2def309ecb0283f3036bf33d46,87f63c0590d05baea263cdc42c6e1df2d063fa2def309ecb0283f3036bf33d46,1787978717.6696632,37301.505,18650804,0,0.9584569931030273,1.2136640548706055,1.556992530822754,-0.00133514404296875,-0.00095367431640625,0.00476837158203125,-0.0073261260986328125,-0.0024423599243164062,-0.0024423599243164062,-0.0073261260986328125,-0.47619056701660156,-0.0073261260986328125,-0.07570171356201172,-2.4410247802734375,7.295726776123047,-1.5506715774536133,-0.0610504150390625,-0.10988998413085938,0.0,-2.9034927396460275,6.5469243946702615,-1.5831559056382487,0.004387684748697433,-0.00562436858096683
91,1,train,5,-1,-0.3490658503988659,0.5139582129995688,3,s,af3726fcacd0ac1320a56ea850b0a2c0f5430cf4eb20a45c078706980f08407e,d24fbe3839599a6a097188bae8cd47ce8083f27deef1341ae3086bf0d5a45bd1,87f63c0590d05baea263cdc42c6e1df2d063fa2def309ecb0283f3036bf33d46,87f63c0590d05baea263cdc42c6e1df2d063fa2def309ecb0283f3036bf33d46,1787978717.6716077,37301.507,18650805,0,0.9584569931030273,1.2136640548706055,1.556992530822754,-0.00133514404296875,-0.00171661376953125,0.00476837158203125,-0.021978378295898438,-0.0024423599243164062,-0.0024423599243164062,0.0073261260986328125,-0.4468860626220703,-0.0073261260986328125,-0.08058643341064453,-2.4410247802734375,7.3094024658203125,-1.5506715774536133,-0.05616569519042969,-0.10988998413085938,0.0,-2.9034831875044254,6.546914842528659,-1.5831463534966472,0.004601625057939806,-0.005634594849561133
91,1,train,5,-1,-0.3490658503988659,0.5158999690029304,3,s,af3726fcacd0ac1320a56ea850b0a2c0f5430cf4eb20a45c078706980f08407e,d24fbe3839599a6a097188bae8cd47ce8083f27deef1341ae3086bf0d5a45bd1,87f63c0590d05baea263cdc42c6e1df2d063fa2def309ecb0283f3036bf33d46,87f63c0590d05baea263cdc42c6e1df2d063fa2def309ecb0283f3036bf33d46,1787978717.6735182,37301.509,18650806,0,0.9584569931030273,1.2136640548706055,1.556992530822754,-0.00133514404296875,-0.00247955322265625,0.00476837158203125,-0.0073261260986328125,-0.0024423599243164062,-0.0024423599243164062,-0.0073261260986328125,-0.40293121337890625,-0.0073261260986328125,-0.07570171356201172,-2.4410247802734375,7.350425720214844,-1.5506715774536133,-0.05128192901611328,-0.10988998413085938,0.0,-2.903473180694918,6.546904835719152,-1.5831363466871389,0.004815562688683999,-0.005644821104762373
91,1,train,5,-1,-0.3490658503988659,0.5178096550007467,3,s,af3726fcacd0ac1320a56ea850b0a2c0f5430cf4eb20a45c078706980f08407e,d24fbe3839599a6a097188bae8cd47ce8083f27deef1341ae3086bf0d5a45bd1,87f63c0590d05baea263cdc42c6e1df2d063fa2def309ecb0283f3036bf33d46,87f63c0590d05baea263cdc42c6e1df2d063fa2def309ecb0283f3036bf33d46,1787978717.67541,37301.511,18650807,0,0.9584569931030273,1.2136640548706055,1.556992530822754,-0.00133514404296875,-0.00324249267578125,0.00476837158203125,0.0073261260986328125,-0.0024423599243164062,-0.0024423599243164062,-0.0073261260986328125,-0.41758155822753906,0.0073261260986328125,-0.08058643341064453,-2.4410247802734375,7.377777099609375,-1.5506715774536133,-0.04151439666748047,-0.10500621795654297,0.0,-2.9034627192233287,6.546894374247563,-1.5831258852155494,0.005029497516401928,-0.0056550473406180805
91,1,train,5,-1,-0.3490658503988659,0.519700812001247,3,s,af3726fcacd0ac1320a56ea850b0a2c0f5430cf4eb20a45c078706980f08407e,d24fbe3839599a6a097188bae8cd47ce8083f27deef1341ae3086bf0d5a45bd1,87f63c0590d05baea263cdc42c6e1df2d063fa2def309ecb0283f3036bf33d46,87f63c0590d05baea263cdc42c6e1df2d063fa2def309ecb0283f3036bf33d46,1787978717.6773257,37301.513,18650808,0,0.9584569931030273,1.2136640548706055,1.556992530822754,-0.00133514404296875,-0.00438690185546875,0.00476837158203125,-0.021978378295898438,-0.0024423599243164062,-0.0024423599243164062,-0.0073261260986328125,-0.4322338104248047,-0.0073261260986328125,-0.07570171356201172,-2.4410247802734375,7.336753845214844,-1.5555553436279297,-0.036629676818847656,-0.10988998413085938,0.0,-2.9034461745379327,6.546877829562167,-1.5831093405301537,0.005350394229903421,-0.005670386645107788
91,1,train,5,-1,-0.3490658503988659,0.521624746004818,3,s,af3726fcacd0ac1320a56ea850b0a2c0f5430cf4eb20a45c078706980f08407e,d24fbe3839599a6a097188bae8cd47ce8083f27deef1341ae3086bf0d5a45bd1,87f63c0590d05baea263cdc42c6e1df2d063fa2def309ecb0283f3036bf33d46,87f63c0590d05baea263cdc42c6e1df2d063fa2def309ecb0283f3036bf33d46,1787978717.679264,37301.515,18650809,0,0.9584569931030273,1.2136640548706055,1.556992530822754,-0.00133514404296875,-0.00476837158203125,0.00476837158203125,-0.0073261260986328125,-0.0024423599243164062,-0.0024423599243164062,-0.0073261260986328125,-0.41758155822753906,-0.0073261260986328125,-0.08058643341064453,-2.4410247802734375,7.364101409912109,-1.5506715774536133,-0.036629676818847656,-0.10988998413085938,0.0,-2.903440432318525,6.546872087342759,-1.5831035983107464,0.005457358264654882,-0.00567549973048311
91,1,train,5,-1,-0.3490658503988659,0.5235595260019181,3,s,af3726fcacd0ac1320a56ea850b0a2c0f5430cf4eb20a45c078706980f08407e,d24fbe3839599a6a097188bae8cd47ce8083f27deef1341ae3086bf0d5a45bd1,87f63c0590d05baea263cdc42c6e1df2d063fa2def309ecb0283f3036bf33d46,87f63c0590d05baea263cdc42c6e1df2d063fa2def309ecb0283f3036bf33d46,1787978717.6811903,37301.517,18650810,0,0.9584569931030273,1.2136640548706055,1.556992530822754,-0.00133514404296875,-0.00553131103515625,0.00476837158203125,0.0073261260986328125,-0.0024423599243164062,-0.0024423599243164062,-0.0073261260986328125,-0.3882789611816406,-0.0073261260986328125,-0.08058643341064453,-2.4410247802734375,7.391452789306641,-1.5506715774536133,-0.036629676818847656,-0.10988998413085938,0.0,-2.903428606898284,6.546860261922518,-1.5830917728905058,0.005671283936142186,-0.005685725872587576
91,1,train,5,-1,-0.3490658503988659,0.5254877830011537,3,s,af3726fcacd0ac1320a56ea850b0a2c0f5430cf4eb20a45c078706980f08407e,d24fbe3839599a6a097188bae8cd47ce8083f27deef1341ae3086bf0d5a45bd1,87f63c0590d05baea263cdc42c6e1df2d063fa2def309ecb0283f3036bf33d46,87f63c0590d05baea263cdc42c6e1df2d063fa2def309ecb0283f3036bf33d46,1787978717.6831126,37301.519,18650811,0,0.9584569931030273,1.2136640548706055,1.556992530822754,-0.00133514404296875,-0.00629425048828125,0.00476837158203125,-0.021978378295898438,-0.0024423599243164062,-0.0024423599243164062,-0.0073261260986328125,-0.3589744567871094,-0.0073261260986328125,-0.08058643341064453,-2.4410247802734375,7.4324798583984375,-1.5457878112792969,-0.036629676818847656,-0.10988998413085938,0.0,-2.9034163268419078,6.546847981866142,-1.583079492834129,0.005885206306507928,-0.005695951971536804
91,1,train,5,-1,-0.3490658503988659,0.5274063620017841,3,s,af3726fcacd0ac1320a56ea850b0a2c0f5430cf4eb20a45c078706980f08407e,d24fbe3839599a6a097188bae8cd47ce8083f27deef1341ae3086bf0d5a45bd1,87f63c0590d05baea263cdc42c6e1df2d063fa2def309ecb0283f3036bf33d46,87f63c0590d05baea263cdc42c6e1df2d063fa2def309ecb0283f3036bf33d46,1787978717.685149,37301.521,18650812,0,0.9584569931030273,1.2136640548706055,1.556992530822754,-0.00133514404296875,-0.00667572021484375,0.00476837158203125,-0.0073261260986328125,-0.0024423599243164062,-0.0024423599243164062,0.0073261260986328125,-0.3150177001953125,-0.0073261260986328125,-0.08058643341064453,-2.4410247802734375,7.4324798583984375,-1.5457878112792969,-0.04151439666748047,-0.10500621795654297,0.0,-2.9034100163273915,6.5468416713516255,-1.583073182319613,0.005992166214857884,-0.0057010650029680875
91,1,train,5,-1,-0.3490658503988659,0.5294481220043963,3,s,af3726fcacd0ac1320a56ea850b0a2c0f5430cf4eb20a45c078706980f08407e,d24fbe3839599a6a097188bae8cd47ce8083f27deef1341ae3086bf0d5a45bd1,87f63c0590d05baea263cdc42c6e1df2d063fa2def309ecb0283f3036bf33d46,87f63c0590d05baea263cdc42c6e1df2d063fa2def309ecb0283f3036bf33d46,1787978717.6871028,37301.523,18650813,0,0.9584569931030273,1.2136640548706055,1.556992530822754,-0.00133514404296875,-0.00743865966796875,0.00476837158203125,-0.0073261260986328125,-0.0024423599243164062,-0.0024423599243164062,-0.0073261260986328125,-0.3150177001953125,-0.0073261260986328125,-0.08058643341064453,-2.4410247802734375,7.4324798583984375,-1.5506715774536133,-0.046398162841796875,-0.10988998413085938,0.0,-2.9033970543302945,6.5468287093545285,-1.5830602203225168,0.006206083400068396,-0.005711291026023768
91,1,train,5,-1,-0.3490658503988659,0.5314151420025155,3,s,af3726fcacd0ac1320a56ea850b0a2c0f5430cf4eb20a45c078706980f08407e,d24fbe3839599a6a097188bae8cd47ce8083f27deef1341ae3086bf0d5a45bd1,87f63c0590d05baea263cdc42c6e1df2d063fa2def309ecb0283f3036bf33d46,87f63c0590d05baea263cdc42c6e1df2d063fa2def309ecb0283f3036bf33d46,1787978717.6896026,37301.525,18650814,0,0.9584569931030273,1.2136640548706055,1.556992530822754,-0.00133514404296875,-0.00782012939453125,0.00476837158203125,0.0073261260986328125,-0.0024423599243164062,-0.0024423599243164062,-0.021978378295898438,-0.3003654479980469,-0.0073261260986328125,-0.08058643341064453,-2.4410247802734375,7.405128479003906,-1.5457878112792969,-0.05616569519042969,-0.10988998413085938,0.0,-2.9033904028496003,6.546822057873834,-1.5830535688418226,0.0063130406457999055,-0.005716404016160086
91,1,train,5,-1,-0.3490658503988659,0.5338963500034879,3,s,af3726fcacd0ac1320a56ea850b0a2c0f5430cf4eb20a45c078706980f08407e,d24fbe3839599a6a097188bae8cd47ce8083f27deef1341ae3086bf0d5a45bd1,87f63c0590d05baea263cdc42c6e1df2d063fa2def309ecb0283f3036bf33d46,87f63c0590d05baea263cdc42c6e1df2d063fa2def309ecb0283f3036bf33d46,1787978717.691485,37301.527,18650815,0,0.9584569931030273,1.2136640548706055,1.556992530822754,-0.00133514404296875,-0.00820159912109375,0.00476837158203125,-0.0073261260986328125,-0.0024423599243164062,-0.0024423599243164062,-0.0073261260986328125,-0.28571510314941406,-0.0073261260986328125,-0.08058643341064453,-2.4410247802734375,7.418804168701172,-1.5457878112792969,-0.07570171356201172,-0.10988998413085938,0.0,-2.9033836377154283,6.546815292739662,-1.5830468037076495,0.006419996972863103,-0.0057215169910433345
91,1,train,5,-1,-0.3490658503988659,0.5357747070011101,3,s,af3726fcacd0ac1320a56ea850b0a2c0f5430cf4eb20a45c078706980f08407e,d24fbe3839599a6a097188bae8cd47ce8083f27deef1341ae3086bf0d5a45bd1,87f63c0590d05baea263cdc42c6e1df2d063fa2def309ecb0283f3036bf33d46,87f63c0590d05baea263cdc42c6e1df2d063fa2def309ecb0283f3036bf33d46,1787978717.6933813,37301.528999999995,18650816,0,0.9584569931030273,1.2136640548706055,1.556992530822754,-0.00133514404296875,-0.00858306884765625,0.00476837158203125,-0.0073261260986328125,-0.0024423599243164062,-0.0024423599243164062,0.0073261260986328125,-0.2417583465576172,0.0073261260986328125,-0.08058643341064453,-2.4410247802734375,7.405128479003906,-1.5457878112792969,-0.10012245178222656,-0.10500621795654297,0.0,-2.903376758928761,6.546808413952995,-1.5830399249209826,0.0065269523656937955,-0.005726629949929482
91,1,train,5,-1,-0.3490658503988659,0.5376762360028806,3,s,af3726fcacd0ac1320a56ea850b0a2c0f5430cf4eb20a45c078706980f08407e,d24fbe3839599a6a097188bae8cd47ce8083f27deef1341ae3086bf0d5a45bd1,87f63c0590d05baea263cdc42c6e1df2d063fa2def309ecb0283f3036bf33d46,87f63c0590d05baea263cdc42c6e1df2d063fa2def309ecb0283f3036bf33d46,1787978717.6959066,37301.530999999995,18650817,0,0.9584569931030273,1.2136640548706055,1.556992530822754,-0.00133514404296875,-0.00896453857421875,0.00476837158203125,-0.0073261260986328125,-0.0024423599243164062,-0.0024423599243164062,-0.021978378295898438,-0.1978015899658203,-0.0073261260986328125,-0.08058643341064453,-2.4410247802734375,7.323078155517578,-1.5506715774536133,-0.124542236328125,-0.10500621795654297,0.0,-2.9033697664906,6.546801421514834,-1.583032932482822,0.006633906808727923,-0.005731742892074494
91,1,train,5,-1,-0.3490658503988659,0.5402063450019341,3,s,af3726fcacd0ac1320a56ea850b0a2c0f5430cf4eb20a45c078706980f08407e,d24fbe3839599a6a097188bae8cd47ce8083f27deef1341ae3086bf0d5a45bd1,87f63c0590d05baea263cdc42c6e1df2d063fa2def309ecb0283f3036bf33d46,87f63c0590d05baea263cdc42c6e1df2d063fa2def309ecb0283f3036bf33d46,1787978717.6972928,37301.532999999996,18650818,0,0.9584569931030273,1.2136640548706055,1.556992530822754,-0.00133514404296875,-0.00934600830078125,0.00476837158203125,-0.0073261260986328125,-0.0024423599243164062,-0.0024423599243164062,0.0073261260986328125,-0.21245384216308594,-0.0073261260986328125,-0.08058643341064453,-2.4410247802734375,7.295726776123047,-1.5506715774536133,-0.15873050689697266,-0.10500621795654297,0.0,-2.9033626604019633,6.546794315426197,-1.5830258263941854,0.006740860286401568,-0.005736855816734336
91,1,train,5,-1,-0.3490658503988659,0.5415904740002588,3,s,af3726fcacd0ac1320a56ea850b0a2c0f5430cf4eb20a45c078706980f08407e,d24fbe3839599a6a097188bae8cd47ce8083f27deef1341ae3086bf0d5a45bd1,87f63c0590d05baea263cdc42c6e1df2d063fa2def309ecb0283f3036bf33d46,87f63c0590d05baea263cdc42c6e1df2d063fa2def309ecb0283f3036bf33d46,1787978717.699531,37301.534999999996,18650819,0,0.9584569931030273,1.2136640548706055,1.556992530822754,-0.00133514404296875,-0.00972747802734375,0.00476837158203125,-0.0073261260986328125,-0.0024423599243164062,-0.0024423599243164062,-0.0073261260986328125,-0.22710609436035156,-0.021978378295898438,-0.08058643341064453,-2.4410247802734375,7.323078155517578,-1.5555553436279297,-0.1782665252685547,-0.10988998413085938,0.0,-2.9033554406638866,6.546787095688121,-1.5830186066561076,0.00684781278315095,-0.0057419687231649846
91,1,train,5,-1,-0.3490658503988659,0.5438313420017948,3,s,af3726fcacd0ac1320a56ea850b0a2c0f5430cf4eb20a45c078706980f08407e,d24fbe3839599a6a097188bae8cd47ce8083f27deef1341ae3086bf0d5a45bd1,87f63c0590d05baea263cdc42c6e1df2d063fa2def309ecb0283f3036bf33d46,87f63c0590d05baea263cdc42c6e1df2d063fa2def309ecb0283f3036bf33d46,1787978717.7014763,37301.537,18650820,0,0.9584569931030273,1.2136640548706055,1.556992530822754,-0.00133514404296875,-0.01087188720703125,0.00476837158203125,0.0073261260986328125,-0.0024423599243164062,-0.0024423599243164062,0.0073261260986328125,-0.3150177001953125,-0.0073261260986328125,-0.08058643341064453,-2.4410247802734375,7.377777099609375,-1.5555553436279297,-0.1929178237915039,-0.10988998413085938,0.0,-2.90333309956359,6.546764754587825,-1.5829962655558114,0.007168664232217885,-0.005757307325641507
91,1,train,5,-1,-0.3490658503988659,0.5457727160028298,3,s,af3726fcacd0ac1320a56ea850b0a2c0f5430cf4eb20a45c078706980f08407e,d24fbe3839599a6a097188bae8cd47ce8083f27deef1341ae3086bf0d5a45bd1,87f63c0590d05baea263cdc42c6e1df2d063fa2def309ecb0283f3036bf33d46,87f63c0590d05baea263cdc42c6e1df2d063fa2def309ecb0283f3036bf33d46,1787978717.703386,37301.539,18650821,0,0.9584569931030273,1.2136640548706055,1.556992530822754,-0.00133514404296875,-0.01163482666015625,0.00476837158203125,0.0073261260986328125,-0.0024423599243164062,-0.0024423599243164062,-0.0073261260986328125,-0.3296699523925781,-0.0073261260986328125,-0.07570171356201172,-2.4410247802734375,7.391452789306641,-1.5555553436279297,-0.1929178237915039,-0.10988998413085938,0.0,-2.9033176372692195,6.546749292293454,-1.5829808032614405,0.007382560008311767,-0.00576753295583948
91,1,train,5,-1,-0.3490658503988659,0.5476985780042014,3,s,af3726fcacd0ac1320a56ea850b0a2c0f5430cf4eb20a45c078706980f08407e,d24fbe3839599a6a097188bae8cd47ce8083f27deef1341ae3086bf0d5a45bd1,87f63c0590d05baea263cdc42c6e1df2d063fa2def309ecb0283f3036bf33d46,87f63c0590d05baea263cdc42c6e1df2d063fa2def309ecb0283f3036bf33d46,1787978717.7052906,37301.541,18650822,0,0.9584569931030273,1.2136640548706055,1.556992530822754,-0.00133514404296875,-0.01201629638671875,0.00476837158203125,-0.0073261260986328125,-0.0024423599243164062,-0.0024423599243164062,-0.021978378295898438,-0.3150177001953125,0.0073261260986328125,-0.07570171356201172,-2.4410247802734375,7.391452789306641,-1.5555553436279297,-0.19780254364013672,-0.10500621795654297,0.0,-2.9033097356571314,6.546741390681365,-1.5829729016493532,0.007489506292684359,-0.005772645737270512
91,1,train,5,-1,-0.3490658503988659,0.5495811630025855,3,s,af3726fcacd0ac1320a56ea850b0a2c0f5430cf4eb20a45c078706980f08407e,d24fbe3839599a6a097188bae8cd47ce8083f27deef1341ae3086bf0d5a45bd1,87f63c0590d05baea263cdc42c6e1df2d063fa2def309ecb0283f3036bf33d46,87f63c0590d05baea263cdc42c6e1df2d063fa2def309ecb0283f3036bf33d46,1787978717.70716,37301.543,18650823,0,0.9584569931030273,1.2136640548706055,1.556992530822754,-0.00133514404296875,-0.01277923583984375,0.00476837158203125,-0.021978378295898438,-0.0024423599243164062,-0.0024423599243164062,-0.0073261260986328125,-0.3150177001953125,0.0073261260986328125,-0.07570171356201172,-2.4410247802734375,7.377777099609375,-1.5506715774536133,-0.20268630981445312,-0.10500621795654297,0.0,-2.903293591508905,6.546725246533139,-1.5829567575011252,0.0077033955762671955,-0.005782871229076626
91,1,train,5,-1,-0.3490658503988659,0.551467990000674,3,s,af3726fcacd0ac1320a56ea850b0a2c0f5430cf4eb20a45c078706980f08407e,d24fbe3839599a6a097188bae8cd47ce8083f27deef1341ae3086bf0d5a45bd1,87f63c0590d05baea263cdc42c6e1df2d063fa2def309ecb0283f3036bf33d46,87f63c0590d05baea263cdc42c6e1df2d063fa2def309ecb0283f3036bf33d46,1787978717.7090664,37301.545,18650824,0,0.9584569931030273,1.2136640548706055,1.556992530822754,-0.00133514404296875,-0.01316070556640625,0.00476837158203125,-0.021978378295898438,-0.0024423599243164062,-0.0024423599243164062,-0.03663063049316406,-0.3003654479980469,-0.0073261260986328125,-0.07570171356201172,-2.4410247802734375,7.336753845214844,-1.5506715774536133,-0.19780254364013672,-0.10500621795654297,0.0,-2.903285348975112,6.546717003999346,-1.5829485149673326,0.00781033854435245,-0.005787983937963703
91,1,train,5,-1,-0.3490658503988659,0.5533597350004129,3,s,af3726fcacd0ac1320a56ea850b0a2c0f5430cf4eb20a45c078706980f08407e,d24fbe3839599a6a097188bae8cd47ce8083f27deef1341ae3086bf0d5a45bd1,87f63c0590d05baea263cdc42c6e1df2d063fa2def309ecb0283f3036bf33d46,87f63c0590d05baea263cdc42c6e1df2d063fa2def309ecb0283f3036bf33d46,1787978717.7115736,37301.547,18650825,0,0.9584569931030273,1.2136640548706055,1.556992530822754,-0.00133514404296875,-0.01392364501953125,0.00476837158203125,-0.0073261260986328125,-0.0024423599243164062,-0.0024423599243164062,-0.0073261260986328125,-0.3150177001953125,-0.021978378295898438,-0.07570171356201172,-2.4410247802734375,7.336753845214844,-1.5457878112792969,-0.1831502914428711,-0.10988998413085938,0.0,-2.903268522994169,6.546700178018403,-1.5829316889863903,0.008024221055299381,-0.0057982092779859185
91,1,train,5,-1,-0.3490658503988659,0.5558670450045611,3,s,af3726fcacd0ac1320a56ea850b0a2c0f5430cf4eb20a45c078706980f08407e,d24fbe3839599a6a097188bae8cd47ce8083f27deef1341ae3086bf0d5a45bd1,87f63c0590d05baea263cdc42c6e1df2d063fa2def309ecb0283f3036bf33d46,87f63c0590d05baea263cdc42c6e1df2d063fa2def309ecb0283f3036bf33d46,1787978717.7135563,37301.549,18650826,0,0.9584569931030273,1.2136640548706055,1.556992530822754,-0.00133514404296875,-0.01468658447265625,0.00476837158203125,-0.0073261260986328125,-0.0024423599243164062,-0.0024423599243164062,-0.0073261260986328125,-0.3589744567871094,-0.021978378295898438,-0.07570171356201172,-2.4410247802734375,7.364101409912109,-1.5457878112792969,-0.16849803924560547,-0.10988998413085938,0.0,-2.903251242470272,6.546682897494506,-1.5829144084624927,0.008238098895535157,-0.005808434509378937
91,1,train,5,-1,-0.3490658503988659,0.5578478739989805,3,s,af3726fcacd0ac1320a56ea850b0a2c0f5430cf4eb20a45c078706980f08407e,d24fbe3839599a6a097188bae8cd47ce8083f27deef1341ae3086bf0d5a45bd1,87f63c0590d05baea263cdc42c6e1df2d063fa2def309ecb0283f3036bf33d46,87f63c0590d05baea263cdc42c6e1df2d063fa2def309ecb0283f3036bf33d46,1787978717.7154803,37301.551,18650827,0,0.9584569931030273,1.2136640548706055,1.556992530822754,-0.00133514404296875,-0.01583099365234375,0.00476837158203125,-0.0073261260986328125,-0.0024423599243164062,-0.0024423599243164062,0.0073261260986328125,-0.41758155822753906,-0.0073261260986328125,-0.07570171356201172,-2.4273509979248047,7.391452789306641,-1.5457878112792969,-0.16361427307128906,-0.10988998413085938,0.0,-2.9032244694384572,6.546656124462691,-1.5828876354306793,0.008558906625977112,-0.005823772139769036
91,1,train,5,-1,-0.3490658503988659,0.5597731360030593,3,s,af3726fcacd0ac1320a56ea850b0a2c0f5430cf4eb20a45c078706980f08407e,d24fbe3839599a6a097188bae8cd47ce8083f27deef1341ae3086bf0d5a45bd1,87f63c0590d05baea263cdc42c6e1df2d063fa2def309ecb0283f3036bf33d46,87f63c0590d05baea263cdc42c6e1df2d063fa2def309ecb0283f3036bf33d46,1787978717.7173805,37301.553,18650828,0,0.9584569931030273,1.2136640548706055,1.556992530822754,-0.00133514404296875,-0.01659393310546875,0.00476837158203125,0.0073261260986328125,-0.0024423599243164062,-0.0024423599243164062,-0.03663063049316406,-0.3882789611816406,0.021978378295898438,-0.07570171356201172,-2.4273509979248047,7.377777099609375,-1.5457878112792969,-0.15384578704833984,-0.10988998413085938,0.0,-2.9032060526017562,6.54663770762599,-1.5828692185939783,0.008772772244783011,-0.005833997073549797
91,1,train,5,-1,-0.3490658503988659,0.5616684030028409,3,s,af3726fcacd0ac1320a56ea850b0a2c0f5430cf4eb20a45c078706980f08407e,d24fbe3839599a6a097188bae8cd47ce8083f27deef1341ae3086bf0d5a45bd1,87f63c0590d05baea263cdc42c6e1df2d063fa2def309ecb0283f3036bf33d46,87f63c0590d05baea263cdc42c6e1df2d063fa2def309ecb0283f3036bf33d46,1787978717.7193227,37301.555,18650829,0,0.9584569931030273,1.2136640548706055,1.556992530822754,-0.00133514404296875,-0.01697540283203125,0.00476837158203125,0.0073261260986328125,-0.0024423599243164062,-0.0024423599243164062,-0.0073261260986328125,-0.34432220458984375,0.0073261260986328125,-0.07570171356201172,-2.4410247802734375,7.350425720214844,-1.5457878112792969,-0.14407825469970703,-0.10500621795654297,0.0,-2.903196673742755,6.546628328766989,-1.5828598397349756,0.008879703147056755,-0.005839109492264495
91,1,train,5,-1,-0.3490658503988659,0.5636154040039401,3,s,af3726fcacd0ac1320a56ea850b0a2c0f5430cf4eb20a45c078706980f08407e,d24fbe3839599a6a097188bae8cd47ce8083f27deef1341ae3086bf0d5a45bd1,87f63c0590d05baea263cdc42c6e1df2d063fa2def309ecb0283f3036bf33d46,87f63c0590d05baea263cdc42c6e1df2d063fa2def309ecb0283f3036bf33d46,1787978717.721791,37301.557,18650830,0,0.9584569931030273,1.2136640548706055,1.556992530822754,-0.00133514404296875,-0.01773834228515625,0.00476837158203125,-0.0073261260986328125,-0.0024423599243164062,-0.0024423599243164062,-0.0073261260986328125,-0.3589744567871094,-0.0073261260986328125,-0.07570171356201172,-2.4410247802734375,7.350425720214844,-1.5457878112792969,-0.13919448852539062,-0.10500621795654297,0.0,-2.903177575150266,6.5466092301745,-1.5828407411424876,0.00909356105954336,-0.005849334229622747
91,1,train,5,-1,-0.3490658503988659,0.5660839330012095,3,s,af3726fcacd0ac1320a56ea850b0a2c0f5430cf4eb20a45c078706980f08407e,d24fbe3839599a6a097188bae8cd47ce8083f27deef1341ae3086bf0d5a45bd1,87f63c0590d05baea263cdc42c6e1df2d063fa2def309ecb0283f3036bf33d46,87f63c0590d05baea263cdc42c6e1df2d063fa2def309ecb0283f3036bf33d46,1787978717.7231371,37301.559,18650831,0,0.9584569931030273,1.2136640548706055,1.556992530822754,-0.00133514404296875,-0.01888275146484375,0.00476837158203125,-0.021978378295898438,-0.0024423599243164062,-0.0024423599243164062,0.0073261260986328125,-0.40293121337890625,-0.021978378295898438,-0.08058643341064453,-2.4410247802734375,7.391452789306641,-1.5457878112792969,-0.124542236328125,-0.10988998413085938,0.0,-2.9031480750963,6.546579730120534,-1.582811241088521,0.009414337964719336,-0.005864671074323098
91,1,train,5,-1,-0.3490658503988659,0.5674297860023216,3,s,af3726fcacd0ac1320a56ea850b0a2c0f5430cf4eb20a45c078706980f08407e,d24fbe3839599a6a097188bae8cd47ce8083f27deef1341ae3086bf0d5a45bd1,87f63c0590d05baea263cdc42c6e1df2d063fa2def309ecb0283f3036bf33d46,87f63c0590d05baea263cdc42c6e1df2d063fa2def309ecb0283f3036bf33d46,1787978717.72561,37301.561,18650832,0,0.9584569931030273,1.2136640548706055,1.556992530822754,-0.00133514404296875,-0.01926422119140625,0.00476837158203125,-0.021978378295898438,-0.0024423599243164062,-0.0024423599243164062,-0.0073261260986328125,-0.3882789611816406,-0.03663063049316406,-0.07570171356201172,-2.4410247802734375,7.377777099609375,-1.5506715774536133,-0.10988998413085938,-0.10988998413085938,0.0,-2.9031380145066215,6.5465696695308555,-1.582801180498843,0.009521260880591178,-0.005869783283224262
91,1,train,5,-1,-0.3490658503988659,0.5698998320003739,3,s,af3726fcacd0ac1320a56ea850b0a2c0f5430cf4eb20a45c078706980f08407e,d24fbe3839599a6a097188bae8cd47ce8083f27deef1341ae3086bf0d5a45bd1,87f63c0590d05baea263cdc42c6e1df2d063fa2def309ecb0283f3036bf33d46,87f63c0590d05baea263cdc42c6e1df2d063fa2def309ecb0283f3036bf33d46,1787978717.7275467,37301.563,18650833,0,0.9584569931030273,1.2136640548706055,1.556992530822754,-0.00133514404296875,-0.02040863037109375,0.00476837158203125,-0.0073261260986328125,-0.0024423599243164062,-0.0024423599243164062,0.0073261260986328125,-0.41758155822753906,-0.021978378295898438,-0.07570171356201172,-2.4410247802734375,7.405128479003906,-1.5457878112792969,-0.10500621795654297,-0.10988998413085938,0.0,-2.9031071510430198,6.546538806067254,-1.5827703170352405,0.009842021252815612,-0.005885119681515958
91,1,train,5,-1,-0.3490658503988659,0.5718627599999309,3,s,af3726fcacd0ac1320a56ea850b0a2c0f5430cf4eb20a45c078706980f08407e,d24fbe3839599a6a097188bae8cd47ce8083f27deef1341ae3086bf0d5a45bd1,87f63c0590d05baea263cdc42c6e1df2d063fa2def309ecb0283f3036bf33d46,87f63c0590d05baea263cdc42c6e1df2d063fa2def309ecb0283f3036bf33d46,1787978717.7295728,37301.564999999995,18650834,0,0.9584569931030273,1.2136640548706055,1.556992530822754,-0.00133514404296875,-0.02117156982421875,0.00476837158203125,-0.0073261260986328125,-0.0024423599243164062,-0.0024423599243164062,-0.021978378295898438,-0.40293121337890625,-0.0073261260986328125,-0.08058643341064453,-2.4410247802734375,7.350425720214844,-1.5457878112792969,-0.10012245178222656,-0.10500621795654297,0.0,-2.9030860073368205,6.546517662361055,-1.5827491733290417,0.010055854365883915,-0.005895343749261473
91,1,train,5,-1,-0.3490658503988659,0.5738699860012275,3,s,af3726fcacd0ac1320a56ea850b0a2c0f5430cf4eb20a45c078706980f08407e,d24fbe3839599a6a097188bae8cd47ce8083f27deef1341ae3086bf0d5a45bd1,87f63c0590d05baea263cdc42c6e1df2d063fa2def309ecb0283f3036bf33d46,87f63c0590d05baea263cdc42c6e1df2d063fa2def309ecb0283f3036bf33d46,1787978717.7315671,37301.566999999995,18650835,0,0.9584569931030273,1.2136640548706055,1.556992530822754,-0.00133514404296875,-0.02155303955078125,0.00476837158203125,-0.0073261260986328125,-0.0024423599243164062,-0.0024423599243164062,-0.0073261260986328125,-0.373626708984375,0.0073261260986328125,-0.08058643341064453,-2.4410247802734375,7.282051086425781,-1.5506715774536133,-0.09035396575927734,-0.10500621795654297,0.0,-2.9030752650691727,6.546506920093407,-1.5827384310613941,0.01016276873521814,-0.00590045572156784
91,1,train,5,-1,-0.3490658503988659,0.5758610000048066,3,s,af3726fcacd0ac1320a56ea850b0a2c0f5430cf4eb20a45c078706980f08407e,d24fbe3839599a6a097188bae8cd47ce8083f27deef1341ae3086bf0d5a45bd1,87f63c0590d05baea263cdc42c6e1df2d063fa2def309ecb0283f3036bf33d46,87f63c0590d05baea263cdc42c6e1df2d063fa2def309ecb0283f3036bf33d46,1787978717.7334738,37301.568999999996,18650836,0,0.9584569931030273,1.2136640548706055,1.556992530822754,-0.00133514404296875,-0.02231597900390625,0.00476837158203125,-0.0073261260986328125,-0.0024423599243164062,-0.0024423599243164062,-0.0073261260986328125,-0.373626708984375,-0.0073261260986328125,-0.08058643341064453,-2.4410247802734375,7.282051086425781,-1.5506715774536133,-0.08547019958496094,-0.10500621795654297,0.0,-2.903053439712596,6.5464850947368305,-1.5827166057048176,0.010376593021696308,-0.005910679539328348
91,1,train,5,-1,-0.3490658503988659,0.5777655310012051,3,s,af3726fcacd0ac1320a56ea850b0a2c0f5430cf4eb20a45c078706980f08407e,d24fbe3839599a6a097188bae8cd47ce8083f27deef1341ae3086bf0d5a45bd1,87f63c0590d05baea263cdc42c6e1df2d063fa2def309ecb0283f3036bf33d46,87f63c0590d05baea263cdc42c6e1df2d063fa2def309ecb0283f3036bf33d46,1787978717.735404,37301.570999999996,18650837,0,0.9584569931030273,1.2136640548706055,1.556992530822754,-0.00133514404296875,-0.02346038818359375,0.00476837158203125,0.0073261260986328125,-0.0024423599243164062,-0.0024423599243164062,0.021978378295898438,-0.4322338104248047,-0.0073261260986328125,-0.07570171356201172,-2.4410247802734375,7.336753845214844,-1.5506715774536133,-0.08058643341064453,-0.10500621795654297,0.0,-2.9030198496484725,6.5464515046727065,-1.5826830156406946,0.010697318087572993,-0.005926014937680375
91,1,train,5,-1,-0.3490658503988659,0.5796974080003565,3,s,af3726fcacd0ac1320a56ea850b0a2c0f5430cf4eb20a45c078706980f08407e,d24fbe3839599a6a097188bae8cd47ce8083f27deef1341ae3086bf0d5a45bd1,87f63c0590d05baea263cdc42c6e1df2d063fa2def309ecb0283f3036bf33d46,87f63c0590d05baea263cdc42c6e1df2d063fa2def309ecb0283f3036bf33d46,1787978717.7373333,37301.573,18650838,0,0.9584569931030273,1.2136640548706055,1.556992530822754,-0.00133514404296875,-0.02422332763671875,0.00476837158203125,-0.0073261260986328125,-0.0024423599243164062,-0.0024423599243164062,-0.0073261260986328125,-0.3882789611816406,-0.0073261260986328125,-0.07570171356201172,-2.4410247802734375,7.364101409912109,-1.5555553436279297,-0.08058643341064453,-0.10500621795654297,0.0,-2.902996888271894,6.546428543296129,-1.5826600542641158,0.010911127040762941,-0.005936238309044148
91,1,train,5,-1,-0.3490658503988659,0.5816263680026168,3,s,af3726fcacd0ac1320a56ea850b0a2c0f5430cf4eb20a45c078706980f08407e,d24fbe3839599a6a097188bae8cd47ce8083f27deef1341ae3086bf0d5a45bd1,87f63c0590d05baea263cdc42c6e1df2d063fa2def309ecb0283f3036bf33d46,87f63c0590d05baea263cdc42c6e1df2d063fa2def309ecb0283f3036bf33d46,1787978717.7392545,37301.575,18650839,0,0.9584569931030273,1.2136640548706055,1.556992530822754,-0.00133514404296875,-0.02460479736328125,0.00476837158203125,-0.0073261260986328125,-0.0024423599243164062,-0.0024423599243164062,-0.03663063049316406,-0.373626708984375,-0.0073261260986328125,-0.07570171356201172,-2.4410247802734375,7.350425720214844,-1.5506715774536133,-0.07570171356201172,-0.10500621795654297,0.0,-2.902985237188442,6.546416892212676,-1.5826484031806642,0.011018029143469273,-0.0059413499242332085
91,1,train,5,-1,-0.3490658503988659,0.5835476380016189,3,s,af3726fcacd0ac1320a56ea850b0a2c0f5430cf4eb20a45c078706980f08407e,d24fbe3839599a6a097188bae8cd47ce8083f27deef1341ae3086bf0d5a45bd1,87f63c0590d05baea263cdc42c6e1df2d063fa2def309ecb0283f3036bf33d46,87f63c0590d05baea263cdc42c6e1df2d063fa2def309ecb0283f3036bf33d46,1787978717.7411528,37301.577,18650840,0,0.9584569931030273,1.2136640548706055,1.556992530822754,-0.00133514404296875,-0.02574920654296875,0.00476837158203125,-0.0073261260986328125,-0.0024423599243164062,-0.0024423599243164062,0.0073261260986328125,-0.41758155822753906,-0.0073261260986328125,-0.07570171356201172,-2.4410247802734375,7.323078155517578,-1.5506715774536133,-0.0659341812133789,-0.10500621795654297,0.0,-2.9029496023778374,6.546381257402071,-1.5826127683700582,0.011338725769358779,-0.005956684478903042
91,1,train,5,-1,-0.3490658503988659,0.5854455230000895,3,s,af3726fcacd0ac1320a56ea850b0a2c0f5430cf4eb20a45c078706980f08407e,d24fbe3839599a6a097188bae8cd47ce8083f27deef1341ae3086bf0d5a45bd1,87f63c0590d05baea263cdc42c6e1df2d063fa2def309ecb0283f3036bf33d46,87f63c0590d05baea263cdc42c6e1df2d063fa2def309ecb0283f3036bf33d46,1787978717.7436109,37301.579,18650841,0,0.9584569931030273,1.2136640548706055,1.556992530822754,-0.00133514404296875,-0.02651214599609375,0.00476837158203125,0.0073261260986328125,-0.0024423599243164062,-0.0024423599243164062,-0.0073261260986328125,-0.4322338104248047,-0.0073261260986328125,-0.07570171356201172,-2.4410247802734375,7.25469970703125,-1.5506715774536133,-0.05616569519042969,-0.10988998413085938,0.0,-2.9029252778878827,6.546356932912117,-1.582588443880104,0.011552515295869469,-0.005966907265496923
91,1,train,5,-1,-0.3490658503988659,0.5878994840022642,3,s,af3726fcacd0ac1320a56ea850b0a2c0f5430cf4eb20a45c078706980f08407e,d24fbe3839599a6a097188bae8cd47ce8083f27deef1341ae3086bf0d5a45bd1,87f63c0590d05baea263cdc42c6e1df2d063fa2def309ecb0283f3036bf33d46,87f63c0590d05baea263cdc42c6e1df2d063fa2def309ecb0283f3036bf33d46,1787978717.745521,37301.581,18650842,0,0.9584569931030273,1.2136640548706055,1.556992530822754,-0.00133514404296875,-0.02765655517578125,0.00476837158203125,-0.0073261260986328125,-0.0024423599243164062,-0.0024423599243164062,0.0073261260986328125,-0.4322338104248047,-0.0073261260986328125,-0.08058643341064453,-2.4410247802734375,7.213676452636719,-1.5506715774536133,-0.05616569519042969,-0.10500621795654297,0.0,-2.9028879392640223,6.546319594288256,-1.5825511052562435,0.011873186938407356,-0.005982241055732624
91,1,train,5,-1,-0.3490658503988659,0.5898140159988543,3,s,af3726fcacd0ac1320a56ea850b0a2c0f5430cf4eb20a45c078706980f08407e,d24fbe3839599a6a097188bae8cd47ce8083f27deef1341ae3086bf0d5a45bd1,87f63c0590d05baea263cdc42c6e1df2d063fa2def309ecb0283f3036bf33d46,87f63c0590d05baea263cdc42c6e1df2d063fa2def309ecb0283f3036bf33d46,1787978717.7474601,37301.583,18650843,0,0.9584569931030273,1.2136640548706055,1.556992530822754,-0.00133514404296875,-0.02841949462890625,0.00476837158203125,0.0073261260986328125,-0.0024423599243164062,-0.0024423599243164062,-0.0073261260986328125,-0.41758155822753906,-0.0073261260986328125,-0.08058643341064453,-2.4410247802734375,7.241024017333984,-1.5506715774536133,-0.05128192901611328,-0.10500621795654297,0.0,-2.9028624789432924,6.5462941339675265,-1.5825256449355136,0.012086959420476592,-0.005992463314108833
91,1,train,5,-1,-0.3490658503988659,0.5917770460000611,3,s,af3726fcacd0ac1320a56ea850b0a2c0f5430cf4eb20a45c078706980f08407e,d24fbe3839599a6a097188bae8cd47ce8083f27deef1341ae3086bf0d5a45bd1,87f63c0590d05baea263cdc42c6e1df2d063fa2def309ecb0283f3036bf33d46,87f63c0590d05baea263cdc42c6e1df2d063fa2def309ecb0283f3036bf33d46,1787978717.7493775,37301.585,18650844,0,0.9584569931030273,1.2136640548706055,1.556992530822754,-0.00133514404296875,-0.02880096435546875,0.00476837158203125,-0.0073261260986328125,-0.0024423599243164062,-0.0024423599243164062,-0.021978378295898438,-0.373626708984375,-0.0073261260986328125,-0.08058643341064453,-2.4410247802734375,7.213676452636719,-1.5506715774536133,-0.04151439666748047,-0.10500621795654297,0.0,-2.902849578417013,6.546281233441247,-1.5825127444092348,0.012193843030962052,-0.005997574360531348
91,1,train,5,-1,-0.3490658503988659,0.5936656570047489,3,s,af3726fcacd0ac1320a56ea850b0a2c0f5430cf4eb20a45c078706980f08407e,d24fbe3839599a6a097188bae8cd47ce8083f27deef1341ae3086bf0d5a45bd1,87f63c0590d05baea263cdc42c6e1df2d063fa2def309ecb0283f3036bf33d46,87f63c0590d05baea263cdc42c6e1df2d063fa2def309ecb0283f3036bf33d46,1787978717.7512548,37301.587,18650845,0,0.9584569931030273,1.2136640548706055,1.556992530822754,-0.00133514404296875,-0.02956390380859375,0.00476837158203125,-0.0073261260986328125,-0.0024423599243164062,-0.0024423599243164062,-0.0073261260986328125,-0.3882789611816406,-0.0073261260986328125,-0.08058643341064453,-2.4410247802734375,7.200000762939453,-1.5506715774536133,-0.036629676818847656,-0.10988998413085938,0.0,-2.9028234366420143,6.546255091666248,-1.5824866026342357,0.012407604913066559,-0.006007796284126418
91,1,train,5,-1,-0.3490658503988659,0.5955437290031114,3,s,af3726fcacd0ac1320a56ea850b0a2c0f5430cf4eb20a45c078706980f08407e,d24fbe3839599a6a097188bae8cd47ce8083f27deef1341ae3086bf0d5a45bd1,87f63c0590d05baea263cdc42c6e1df2d063fa2def309ecb0283f3036bf33d46,87f63c0590d05baea263cdc42c6e1df2d063fa2def309ecb0283f3036bf33d46,1787978717.753158,37301.589,18650846,0,0.9584569931030273,1.2136640548706055,1.556992530822754,-0.00133514404296875,-0.03070831298828125,0.00476837158203125,-0.0073261260986328125,-0.0024423599243164062,-0.0024423599243164062,0.0073261260986328125,-0.4468860626220703,-0.0073261260986328125,-0.07570171356201172,-2.4410247802734375,7.213676452636719,-1.5506715774536133,-0.036629676818847656,-0.10988998413085938,0.0,-2.9027833722020673,6.546215027226301,-1.582446538194288,0.01272823415576096,-0.006023128735238049
91,1,train,5,-1,-0.3490658503988659,0.5974447410044377,3,s,af3726fcacd0ac1320a56ea850b0a2c0f5430cf4eb20a45c078706980f08407e,d24fbe3839599a6a097188bae8cd47ce8083f27deef1341ae3086bf0d5a45bd1,87f63c0590d05baea263cdc42c6e1df2d063fa2def309ecb0283f3036bf33d46,87f63c0590d05baea263cdc42c6e1df2d063fa2def309ecb0283f3036bf33d46,1787978717.7556093,37301.591,18650847,0,0.9584569931030273,1.2136640548706055,1.556992530822754,-0.00133514404296875,-0.031472206115722656,0.00476837158203125,-0.0073261260986328125,-0.0024423599243164062,-0.0024423599243164062,-0.021978378295898438,-0.3882789611816406,-0.0073261260986328125,-0.08058643341064453,-2.4410247802734375,7.227352142333984,-1.5506715774536133,-0.03174591064453125,-0.10988998413085938,0.0,-2.9027560603653924,6.546187715389626,-1.5824192263576142,0.012942244923939222,-0.006033362847632525
91,1,train,5,-1,-0.3490658503988659,0.5999014289991464,3,s,af3726fcacd0ac1320a56ea850b0a2c0f5430cf4eb20a45c078706980f08407e,d24fbe3839599a6a097188bae8cd47ce8083f27deef1341ae3086bf0d5a45bd1,87f63c0590d05baea263cdc42c6e1df2d063fa2def309ecb0283f3036bf33d46,87f63c0590d05baea263cdc42c6e1df2d063fa2def309ecb0283f3036bf33d46,1787978717.7575095,37301.593,18650848,0,0.9584569931030273,1.2136640548706055,1.556992530822754,-0.00133514404296875,-0.031853675842285156,0.00476837158203125,0.0073261260986328125,-0.0024423599243164062,-0.0024423599243164062,-0.0073261260986328125,-0.3589744567871094,-0.0073261260986328125,-0.08058643341064453,-2.4410247802734375,7.295726776123047,-1.5457878112792969,-0.036629676818847656,-0.10988998413085938,0.0,-2.9027422510109395,6.546173906035174,-1.5824054170031598,0.013049113898716321,-0.006038473423726333
91,1,train,5,-1,-0.3490658503988659,0.6018003560020588,3,s,af3726fcacd0ac1320a56ea850b0a2c0f5430cf4eb20a45c078706980f08407e,d24fbe3839599a6a097188bae8cd47ce8083f27deef1341ae3086bf0d5a45bd1,87f63c0590d05baea263cdc42c6e1df2d063fa2def309ecb0283f3036bf33d46,87f63c0590d05baea263cdc42c6e1df2d063fa2def309ecb0283f3036bf33d46,1787978717.7594607,37301.595,18650849,0,0.9584569931030273,1.2136640548706055,1.556992530822754,-0.00133514404296875,-0.032235145568847656,0.00476837158203125,-0.021978378295898438,-0.0024423599243164062,-0.0024423599243164062,-0.0073261260986328125,-0.3150177001953125,-0.0073261260986328125,-0.08058643341064453,-2.4410247802734375,7.268375396728516,-1.5457878112792969,-0.04151439666748047,-0.10500621795654297,0.0,-2.902728328097323,6.546159983121557,-1.582391494089544,0.013155980974597456,-0.006043583937699805
91,1,train,5,-1,-0.3490658503988659,0.6037500200036447,3,s,af3726fcacd0ac1320a56ea850b0a2c0f5430cf4eb20a45c078706980f08407e,d24fbe3839599a6a097188bae8cd47ce8083f27deef1341ae3086bf0d5a45bd1,87f63c0590d05baea263cdc42c6e1df2d063fa2def309ecb0283f3036bf33d46,87f63c0590d05baea263cdc42c6e1df2d063fa2def309ecb0283f3036bf33d46,1787978717.7613616,37301.597,18650850,0,0.9584569931030273,1.2136640548706055,1.556992530822754,-0.00133514404296875,-0.032998085021972656,0.00476837158203125,-0.0073261260986328125,-0.0024423599243164062,-0.0024423599243164062,-0.0073261260986328125,-0.34432220458984375,-0.0073261260986328125,-0.08058643341064453,-2.4410247802734375,7.323078155517578,-1.5457878112792969,-0.04151439666748047,-0.10500621795654297,0.0,-2.90270014160073,6.546131796624964,-1.5823633075929524,0.013369709367467255,-0.006053804776311048
91,1,train,5,-1,-0.3490658503988659,0.6056521860009525,3,s,af3726fcacd0ac1320a56ea850b0a2c0f5430cf4eb20a45c078706980f08407e,d24fbe3839599a6a097188bae8cd47ce8083f27deef1341ae3086bf0d5a45bd1,87f63c0590d05baea263cdc42c6e1df2d063fa2def309ecb0283f3036bf33d46,87f63c0590d05baea263cdc42c6e1df2d063fa2def309ecb0283f3036bf33d46,1787978717.7633255,37301.598999999995,18650851,0,0.9584569931030273,1.2136640548706055,1.556992530822754,-0.00133514404296875,-0.033761024475097656,0.00476837158203125,-0.0073261260986328125,-0.0024423599243164062,-0.0024423599243164062,-0.0073261260986328125,-0.3296699523925781,-0.0073261260986328125,-0.08058643341064453,-2.4410247802734375,7.350425720214844,-1.5506715774536133,-0.046398162841796875,-0.10988998413085938,0.0,-2.9026715008920276,6.546103155916262,-1.5823346668842475,0.013583429978142346,-0.006064025357516944
91,1,train,5,-1,-0.3490658503988659,0.6076185650017578,3,s,af3726fcacd0ac1320a56ea850b0a2c0f5430cf4eb20a45c078706980f08407e,d24fbe3839599a6a097188bae8cd47ce8083f27deef1341ae3086bf0d5a45bd1,87f63c0590d05baea263cdc42c6e1df2d063fa2def309ecb0283f3036bf33d46,87f63c0590d05baea263cdc42c6e1df2d063fa2def309ecb0283f3036bf33d46,1787978717.7652173,37301.600999999995,18650852,0,0.9584569931030273,1.2136640548706055,1.556992530822754,-0.00133514404296875,-0.034142494201660156,0.00476837158203125,0.0073261260986328125,-0.0024423599243164062,-0.0024423599243164062,0.0073261260986328125,-0.3003654479980469,-0.0073261260986328125,-0.08058643341064453,-2.4410247802734375,7.377777099609375,-1.5506715774536133,-0.0610504150390625,-0.10988998413085938,0.0,-2.90265701021333,6.546088665237564,-1.5823201762055508,0.013690287326281152,-0.006069135549733766
91,1,train,5,-1,-0.3490658503988659,0.6095100950042251,3,s,af3726fcacd0ac1320a56ea850b0a2c0f5430cf4eb20a45c078706980f08407e,d24fbe3839599a6a097188bae8cd47ce8083f27deef1341ae3086bf0d5a45bd1,87f63c0590d05baea263cdc42c6e1df2d063fa2def309ecb0283f3036bf33d46,87f63c0590d05baea263cdc42c6e1df2d063fa2def309ecb0283f3036bf33d46,1787978717.7671728,37301.602999999996,18650853,0,0.9584569931030273,1.2136640548706055,1.556992530822754,-0.00133514404296875,-0.034905433654785156,0.00476837158203125,0.0073261260986328125,-0.0024423599243164062,-0.0024423599243164062,-0.021978378295898438,-0.3003654479980469,-0.0073261260986328125,-0.07570171356201172,-2.4410247802734375,7.391452789306641,-1.5506715774536133,-0.07570171356201172,-0.10988998413085938,0.0,-2.902627688217794,6.546059343242028,-1.5822908542100158,0.013903996030412293,-0.006079355733677012
91,1,train,5,-1,-0.3490658503988659,0.6114867990036146,3,s,af3726fcacd0ac1320a56ea850b0a2c0f5430cf4eb20a45c078706980f08407e,d24fbe3839599a6a097188bae8cd47ce8083f27deef1341ae3086bf0d5a45bd1,87f63c0590d05baea263cdc42c6e1df2d063fa2def309ecb0283f3036bf33d46,87f63c0590d05baea263cdc42c6e1df2d063fa2def309ecb0283f3036bf33d46,1787978717.7713299,37301.604999999996,18650854,0,0.9584569931030273,1.2136640548706055,1.556992530822754,-0.00133514404296875,-0.035286903381347656,0.00476837158203125,-0.0073261260986328125,-0.0024423599243164062,-0.0024423599243164062,-0.0073261260986328125,-0.27106285095214844,-0.0073261260986328125,-0.08058643341064453,-2.4410247802734375,7.323078155517578,-1.5506715774536133,-0.10012245178222656,-0.10500621795654297,0.0,-2.9026128569052214,6.5460445119294555,-1.5822760228974435,0.014010847355305934,-0.006084465723916203
91,1,train,5,-1,-0.3490658503988659,0.6156197710006381,3,s,af3726fcacd0ac1320a56ea850b0a2c0f5430cf4eb20a45c078706980f08407e,d24fbe3839599a6a097188bae8cd47ce8083f27deef1341ae3086bf0d5a45bd1,87f63c0590d05baea263cdc42c6e1df2d063fa2def309ecb0283f3036bf33d46,87f63c0590d05baea263cdc42c6e1df2d063fa2def309ecb0283f3036bf33d46,1787978717.771509,37301.606999999996,18650855,0,0.9584569931030273,1.2136640548706055,1.556992530822754,-0.00133514404296875,-0.035668373107910156,0.00476837158203125,-0.0073261260986328125,-0.0024423599243164062,-0.0024423599243164062,-0.021978378295898438,-0.2417583465576172,-0.0073261260986328125,-0.08058643341064453,-2.4410247802734375,7.282051086425781,-1.5506715774536133,-0.11477375030517578,-0.10988998413085938,0.0,-2.9025979120523178,6.546029567076552,-1.5822610780445399,0.014117696641352963,-0.006089575645342298
91,1,train,5,-1,-0.3490658503988659,0.615804080000089,3,s,af3726fcacd0ac1320a56ea850b0a2c0f5430cf4eb20a45c078706980f08407e,d24fbe3839599a6a097188bae8cd47ce8083f27deef1341ae3086bf0d5a45bd1,87f63c0590d05baea263cdc42c6e1df2d063fa2def309ecb0283f3036bf33d46,87f63c0590d05baea263cdc42c6e1df2d063fa2def309ecb0283f3036bf33d46,1787978717.7733757,37301.609,18650856,0,0.9584569931030273,1.2136640548706055,1.556992530822754,-0.00133514404296875,-0.036049842834472656,0.00476837158203125,-0.0073261260986328125,-0.0024423599243164062,-0.0024423599243164062,0.0073261260986328125,-0.22710609436035156,-0.0073261260986328125,-0.08058643341064453,-2.4410247802734375,7.350425720214844,-1.5506715774536133,-0.1294260025024414,-0.10500621795654297,0.0,-2.9025828536612592,6.546014508685493,-1.5822460196534807,0.01422454387300478,-0.0060946854972117066
91,1,train,5,-1,-0.3490658503988659,0.6176616349985125,3,s,af3726fcacd0ac1320a56ea850b0a2c0f5430cf4eb20a45c078706980f08407e,d24fbe3839599a6a097188bae8cd47ce8083f27deef1341ae3086bf0d5a45bd1,87f63c0590d05baea263cdc42c6e1df2d063fa2def309ecb0283f3036bf33d46,87f63c0590d05baea263cdc42c6e1df2d063fa2def309ecb0283f3036bf33d46,1787978717.7752829,37301.611,18650857,0,0.9584569931030273,1.2136640548706055,1.556992530822754,-0.00133514404296875,-0.036431312561035156,0.00476837158203125,0.0073261260986328125,-0.0024423599243164062,-0.0024423599243164062,0.0073261260986328125,-0.2417583465576172,-0.0073261260986328125,-0.08058643341064453,-2.4410247802734375,7.364101409912109,-1.5506715774536133,-0.14407825469970703,-0.10500621795654297,0.0,-2.9025676817342343,6.545999336758468,-1.5822308477264562,0.01433138903471305,-0.006099795278780849
91,1,train,5,-1,-0.3490658503988659,0.6195751660052338,3,s,af3726fcacd0ac1320a56ea850b0a2c0f5430cf4eb20a45c078706980f08407e,d24fbe3839599a6a097188bae8cd47ce8083f27deef1341ae3086bf0d5a45bd1,87f63c0590d05baea263cdc42c6e1df2d063fa2def309ecb0283f3036bf33d46,87f63c0590d05baea263cdc42c6e1df2d063fa2def309ecb0283f3036bf33d46,1787978717.7771873,37301.613,18650858,0,0.9584569931030273,1.2136640548706055,1.556992530822754,-0.00133514404296875,-0.037194252014160156,0.00476837158203125,-0.0073261260986328125,-0.0024423599243164062,-0.0024423599243164062,0.0073261260986328125,-0.3003654479980469,-0.0073261260986328125,-0.08058643341064453,-2.4410247802734375,7.391452789306641,-1.5506715774536133,-0.15873050689697266,-0.10500621795654297,0.0,-2.9025369972811386,6.545968652305373,-1.58220016327336,0.014545073086107212,-0.006110014628044059
91,1,train,5,-1,-0.3490658503988659,0.6214792160026263,3,s,af3726fcacd0ac1320a56ea850b0a2c0f5430cf4eb20a45c078706980f08407e,d24fbe3839599a6a097188bae8cd47ce8083f27deef1341ae3086bf0d5a45bd1,87f63c0590d05baea263cdc42c6e1df2d063fa2def309ecb0283f3036bf33d46,87f63c0590d05baea263cdc42c6e1df2d063fa2def309ecb0283f3036bf33d46,1787978717.7791257,37301.615,18650859,0,0.9584569931030273,1.2136640548706055,1.556992530822754,-0.00133514404296875,-0.038338661193847656,0.00476837158203125,-0.0073261260986328125,-0.0024423599243164062,-0.0024423599243164062,-0.0073261260986328125,-0.3589744567871094,-0.0073261260986328125,-0.08058643341064453,-2.4410247802734375,7.405128479003906,-1.5506715774536133,-0.16849803924560547,-0.10500621795654297,0.0,-2.902490119137489,6.545921774161723,-1.5821532851297102,0.014865583249931365,-0.0061253431060979335
91,1,train,5,-1,-0.3490658503988659,0.623428873004741,3,s,af3726fcacd0ac1320a56ea850b0a2c0f5430cf4eb20a45c078706980f08407e,d24fbe3839599a6a097188bae8cd47ce8083f27deef1341ae3086bf0d5a45bd1,87f63c0590d05baea263cdc42c6e1df2d063fa2def309ecb0283f3036bf33d46,87f63c0590d05baea263cdc42c6e1df2d063fa2def309ecb0283f3036bf33d46,1787978717.7816443,37301.617,18650860,0,0.9584569931030273,1.2136640548706055,1.556992530822754,-0.00133514404296875,-0.038720130920410156,0.00476837158203125,-0.021978378295898438,-0.0024423599243164062,-0.0024423599243164062,-0.021978378295898438,-0.3296699523925781,-0.0073261260986328125,-0.08058643341064453,-2.4410247802734375,7.377777099609375,-1.5506715774536133,-0.17338180541992188,-0.10500621795654297,0.0,-2.9024742660416165,6.545905921065851,-1.5821374320338382,0.014972415665480738,-0.006130452450250848
91,1,train,5,-1,-0.3490658503988659,0.625937196004088,3,s,af3726fcacd0ac1320a56ea850b0a2c0f5430cf4eb20a45c078706980f08407e,d24fbe3839599a6a097188bae8cd47ce8083f27deef1341ae3086bf0d5a45bd1,87f63c0590d05baea263cdc42c6e1df2d063fa2def309ecb0283f3036bf33d46,87f63c0590d05baea263cdc42c6e1df2d063fa2def309ecb0283f3036bf33d46,1787978717.783555,37301.619,18650861,0,0.9584569931030273,1.2136640548706055,1.556992530822754,-0.00133514404296875,-0.039101600646972656,0.00476837158203125,-0.0073261260986328125,-0.0024423599243164062,-0.0024423599243164062,-0.0073261260986328125,-0.3003654479980469,-0.0073261260986328125,-0.08058643341064453,-2.4410247802734375,7.295726776123047,-1.5457878112792969,-0.17338180541992188,-0.10500621795654297,0.0,-2.9024582994255814,6.545889954449816,-1.5821214654178033,0.015079245902256892,-0.0061355617188987195
91,1,train,5,-1,-0.3490658503988659,0.6278468079981394,3,s,af3726fcacd0ac1320a56ea850b0a2c0f5430cf4eb20a45c078706980f08407e,d24fbe3839599a6a097188bae8cd47ce8083f27deef1341ae3086bf0d5a45bd1,87f63c0590d05baea263cdc42c6e1df2d063fa2def309ecb0283f3036bf33d46,87f63c0590d05baea263cdc42c6e1df2d063fa2def309ecb0283f3036bf33d46,1787978717.785423,37301.621,18650862,0,0.9584569931030273,1.2136640548706055,1.556992530822754,-0.00133514404296875,-0.039864540100097656,0.00476837158203125,0.0073261260986328125,-0.0024423599243164062,-0.0024423599243164062,-0.0073261260986328125,-0.34432220458984375,-0.0073261260986328125,-0.07570171356201172,-2.4410247802734375,7.336753845214844,-1.5506715774536133,-0.16849803924560547,-0.10500621795654297,0.0,-2.9024260256423307,6.545857680666565,-1.5820891916345527,0.015292899777306525,-0.006145780026705354
91,1,train,5,-1,-0.3490658503988659,0.6297093980028876,3,s,af3726fcacd0ac1320a56ea850b0a2c0f5430cf4eb20a45c078706980f08407e,d24fbe3839599a6a097188bae8cd47ce8083f27deef1341ae3086bf0d5a45bd1,87f63c0590d05baea263cdc42c6e1df2d063fa2def309ecb0283f3036bf33d46,87f63c0590d05baea263cdc42c6e1df2d063fa2def309ecb0283f3036bf33d46,1787978717.7872918,37301.623,18650863,0,0.9584569931030273,1.2136640548706055,1.556992530822754,-0.00133514404296875,-0.040627479553222656,0.00476837158203125,-0.0073261260986328125,-0.0024423599243164062,-0.0024423599243164062,-0.0073261260986328125,-0.3589744567871094,-0.0073261260986328125,-0.07570171356201172,-2.4410247802734375,7.377777099609375,-1.5506715774536133,-0.15384578704833984,-0.10500621795654297,0.0,-2.902393297806524,6.545824952830758,-1.5820564637987446,0.01550654475071733,-0.006155998023570004
91,1,train,5,-1,-0.3490658503988659,0.6315964950044872,3,s,af3726fcacd0ac1320a56ea850b0a2c0f5430cf4eb20a45c078706980f08407e,d24fbe3839599a6a097188bae8cd47ce8083f27deef1341ae3086bf0d5a45bd1,87f63c0590d05baea263cdc42c6e1df2d063fa2def309ecb0283f3036bf33d46,87f63c0590d05baea263cdc42c6e1df2d063fa2def309ecb0283f3036bf33d46,1787978717.7891948,37301.625,18650864,0,0.9584569931030273,1.2136640548706055,1.556992530822754,-0.00133514404296875,-0.041390419006347656,0.00476837158203125,-0.0073261260986328125,-0.0024423599243164062,-0.0024423599243164062,-0.0073261260986328125,-0.3589744567871094,-0.021978378295898438,-0.07570171356201172,-2.4410247802734375,7.3094024658203125,-1.5506715774536133,-0.13919448852539062,-0.10988998413085938,0.0,-2.9023601159372077,6.545791770961442,-1.582023281929429,0.015720180698131598,-0.00616621570354501
91,1,train,5,-1,-0.3490658503988659,0.633486463004374,3,s,af3726fcacd0ac1320a56ea850b0a2c0f5430cf4eb20a45c078706980f08407e,d24fbe3839599a6a097188bae8cd47ce8083f27deef1341ae3086bf0d5a45bd1,87f63c0590d05baea263cdc42c6e1df2d063fa2def309ecb0283f3036bf33d46,87f63c0590d05baea263cdc42c6e1df2d063fa2def309ecb0283f3036bf33d46,1787978717.7911007,37301.627,18650865,0,0.9584569931030273,1.2136640548706055,1.556992530822754,-0.00133514404296875,-0.042534828186035156,0.00476837158203125,-0.0073261260986328125,-0.0024423599243164062,-0.0024423599243164062,0.0073261260986328125,-0.40293121337890625,-0.0073261260986328125,-0.07570171356201172,-2.4410247802734375,7.25469970703125,-1.5506715774536133,-0.1294260025024414,-0.10988998413085938,0.0,-2.9023094918627304,6.545741146886964,-1.5819726578549524,0.01604061742348986,-0.006181541616329391
91,1,train,5,-1,-0.3490658503988659,0.6353893790001166,3,s,af3726fcacd0ac1320a56ea850b0a2c0f5430cf4eb20a45c078706980f08407e,d24fbe3839599a6a097188bae8cd47ce8083f27deef1341ae3086bf0d5a45bd1,87f63c0590d05baea263cdc42c6e1df2d063fa2def309ecb0283f3036bf33d46,87f63c0590d05baea263cdc42c6e1df2d063fa2def309ecb0283f3036bf33d46,1787978717.7935414,37301.629,18650866,0,0.9584569931030273,1.2136640548706055,1.556992530822754,-0.00133514404296875,-0.043297767639160156,0.00476837158203125,-0.0073261260986328125,-0.0024423599243164062,-0.0024423599243164062,-0.021978378295898438,-0.40293121337890625,-0.0073261260986328125,-0.07570171356201172,-2.4410247802734375,7.268375396728516,-1.5506715774536133,-0.124542236328125,-0.10988998413085938,0.0,-2.9022751749947253,6.545706830018959,-1.5819383409869472,0.01625423026188231,-0.006191758478060509
91,1,train,5,-1,-0.3490658503988659,0.6378286430044682,3,s,af3726fcacd0ac1320a56ea850b0a2c0f5430cf4eb20a45c078706980f08407e,d24fbe3839599a6a097188bae8cd47ce8083f27deef1341ae3086bf0d5a45bd1,87f63c0590d05baea263cdc42c6e1df2d063fa2def309ecb0283f3036bf33d46,87f63c0590d05baea263cdc42c6e1df2d063fa2def309ecb0283f3036bf33d46,1787978717.7954354,37301.631,18650867,0,0.9584569931030273,1.2136640548706055,1.556992530822754,-0.00133514404296875,-0.043679237365722656,0.00476837158203125,-0.021978378295898438,-0.0024423599243164062,-0.0024423599243164062,-0.021978378295898438,-0.3589744567871094,0.0073261260986328125,-0.07570171356201172,-2.4410247802734375,7.323078155517578,-1.5506715774536133,-0.11477375030517578,-0.10500621795654297,0.0,-2.902257846322685,6.545689501346919,-1.5819210123149052,0.016361033140896965,-0.006196866782658387
91,1,train,5,-1,-0.3490658503988659,0.6397266970016062,3,s,af3726fcacd0ac1320a56ea850b0a2c0f5430cf4eb20a45c078706980f08407e,d24fbe3839599a6a097188bae8cd47ce8083f27deef1341ae3086bf0d5a45bd1,87f63c0590d05baea263cdc42c6e1df2d063fa2def309ecb0283f3036bf33d46,87f63c0590d05baea263cdc42c6e1df2d063fa2def309ecb0283f3036bf33d46,1787978717.7973397,37301.633,18650868,0,0.9584569931030273,1.2136640548706055,1.556992530822754,-0.00133514404296875,-0.044442176818847656,0.00476837158203125,-0.0073261260986328125,-0.0024423599243164062,-0.0024423599243164062,-0.021978378295898438,-0.3589744567871094,-0.0073261260986328125,-0.07570171356201172,-2.4410247802734375,7.295726776123047,-1.5506715774536133,-0.10012245178222656,-0.10988998413085938,0.0,-2.9022228485151262,6.54565450353936,-1.5818860145073474,0.016574631740853833,-0.006207083135601994
91,1,train,5,-1,-0.3490658503988659,0.6416317530020024,3,s,af3726fcacd0ac1320a56ea850b0a2c0f5430cf4eb20a45c078706980f08407e,d24fbe3839599a6a097188bae8cd47ce8083f27deef1341ae3086bf0d5a45bd1,87f63c0590d05baea263cdc42c6e1df2d063fa2def309ecb0283f3036bf33d46,87f63c0590d05baea263cdc42c6e1df2d063fa2def309ecb0283f3036bf33d46,1787978717.7992156,37301.634999999995,18650869,0,0.9584569931030273,1.2136640548706055,1.556992530822754,-0.00133514404296875,-0.045586585998535156,0.00476837158203125,-0.0073261260986328125,-0.0024423599243164062,-0.0024423599243164062,-0.021978378295898438,-0.4322338104248047,-0.0073261260986328125,-0.07570171356201172,-2.4410247802734375,7.350425720214844,-1.5457878112792969,-0.09523773193359375,-0.10988998413085938,0.0,-2.902169500683429,6.545601155707663,-1.58183266667565,0.016895011512490486,-0.00622240701323707
91,1,train,5,-1,-0.3490658503988659,0.6435022599980584,3,s,af3726fcacd0ac1320a56ea850b0a2c0f5430cf4eb20a45c078706980f08407e,d24fbe3839599a6a097188bae8cd47ce8083f27deef1341ae3086bf0d5a45bd1,87f63c0590d05baea263cdc42c6e1df2d063fa2def309ecb0283f3036bf33d46,87f63c0590d05baea263cdc42c6e1df2d063fa2def309ecb0283f3036bf33d46,1787978717.8011193,37301.636999999995,18650870,0,0.9584569931030273,1.2136640548706055,1.556992530822754,-0.00133514404296875,-0.046349525451660156,0.00476837158203125,-0.0073261260986328125,-0.0024423599243164062,-0.0024423599243164062,0.0073261260986328125,-0.40293121337890625,-0.021978378295898438,-0.07570171356201172,-2.4410247802734375,7.364101409912109,-1.5457878112792969,-0.09035396575927734,-0.10988998413085938,0.0,-2.9021333680789136,6.545565023103148,-1.5817965340711344,0.017108585760077087,-0.006232622488468329
91,1,train,5,-1,-0.3490658503988659,0.6454093970023678,3,s,af3726fcacd0ac1320a56ea850b0a2c0f5430cf4eb20a45c078706980f08407e,d24fbe3839599a6a097188bae8cd47ce8083f27deef1341ae3086bf0d5a45bd1,87f63c0590d05baea263cdc42c6e1df2d063fa2def309ecb0283f3036bf33d46,87f63c0590d05baea263cdc42c6e1df2d063fa2def309ecb0283f3036bf33d46,1787978717.8035595,37301.638999999996,18650871,0,0.9584569931030273,1.2136640548706055,1.556992530822754,-0.00133514404296875,-0.046730995178222656,0.00476837158203125,0.0073261260986328125,-0.0024423599243164062,-0.0024423599243164062,-0.0073261260986328125,-0.3589744567871094,-0.0073261260986328125,-0.07570171356201172,-2.4410247802734375,7.323078155517578,-1.5457878112792969,-0.09035396575927734,-0.10988998413085938,0.0,-2.9021151315695035,6.545546786593738,-1.5817782975617243,0.017215369157199782,-0.006237730090896483
91,1,train,5,-1,-0.3490658503988659,0.6478487909989781,3,s,af3726fcacd0ac1320a56ea850b0a2c0f5430cf4eb20a45c078706980f08407e,d24fbe3839599a6a097188bae8cd47ce8083f27deef1341ae3086bf0d5a45bd1,87f63c0590d05baea263cdc42c6e1df2d063fa2def309ecb0283f3036bf33d46,87f63c0590d05baea263cdc42c6e1df2d063fa2def309ecb0283f3036bf33d46,1787978717.8054972,37301.640999999996,18650872,0,0.9584569931030273,1.2136640548706055,1.556992530822754,-0.00133514404296875,-0.047875404357910156,0.00476837158203125,-0.0073261260986328125,-0.0024423599243164062,-0.0024423599243164062,-0.021978378295898438,-0.40293121337890625,-0.0073261260986328125,-0.07570171356201172,-2.4410247802734375,7.364101409912109,-1.5506715774536133,-0.08547019958496094,-0.10988998413085938,0.0,-2.902059741244554,6.545491396268789,-1.5817229072367758,0.0175357042554182,-0.006253052348512023
91,1,train,5,-1,-0.3490658503988659,0.649790112998744,3,s,af3726fcacd0ac1320a56ea850b0a2c0f5430cf4eb20a45c078706980f08407e,d24fbe3839599a6a097188bae8cd47ce8083f27deef1341ae3086bf0d5a45bd1,87f63c0590d05baea263cdc42c6e1df2d063fa2def309ecb0283f3036bf33d46,87f63c0590d05baea263cdc42c6e1df2d063fa2def309ecb0283f3036bf33d46,1787978717.8073983,37301.643,18650873,0,0.9584569931030273,1.2136640548706055,1.556992530822754,-0.00133514404296875,-0.048638343811035156,0.00476837158203125,-0.0073261260986328125,-0.0024423599243164062,-0.0024423599243164062,-0.0073261260986328125,-0.3882789611816406,-0.0073261260986328125,-0.07570171356201172,-2.4410247802734375,7.377777099609375,-1.5506715774536133,-0.07570171356201172,-0.10500621795654297,0.0,-2.9020222470575674,6.5454539020818014,-1.5816854130497882,0.017749248254557037,-0.006263266721432713
91,1,train,5,-1,-0.3490658503988659,0.6517112330038799,3,s,af3726fcacd0ac1320a56ea850b0a2c0f5430cf4eb20a45c078706980f08407e,d24fbe3839599a6a097188bae8cd47ce8083f27deef1341ae3086bf0d5a45bd1,87f63c0590d05baea263cdc42c6e1df2d063fa2def309ecb0283f3036bf33d46,87f63c0590d05baea263cdc42c6e1df2d063fa2def309ecb0283f3036bf33d46,1787978717.809304,37301.645,18650874,0,0.9584569931030273,1.2136640548706055,1.556992530822754,-0.00133514404296875,-0.049401283264160156,0.00476837158203125,-0.0073261260986328125,-0.0024423599243164062,-0.0024423599243164062,0.0073261260986328125,-0.40293121337890625,-0.0073261260986328125,-0.07570171356201172,-2.4410247802734375,7.295726776123047,-1.5506715774536133,-0.07081794738769531,-0.10500621795654297,0.0,-2.9019842990530527,6.545415954077287,-1.5816474650452734,0.017962781922274143,-0.00627348071502516
91,1,train,5,-1,-0.3490658503988659,0.6535929880046751,3,s,af3726fcacd0ac1320a56ea850b0a2c0f5430cf4eb20a45c078706980f08407e,d24fbe3839599a6a097188bae8cd47ce8083f27deef1341ae3086bf0d5a45bd1,87f63c0590d05baea263cdc42c6e1df2d063fa2def309ecb0283f3036bf33d46,87f63c0590d05baea263cdc42c6e1df2d063fa2def309ecb0283f3036bf33d46,1787978717.8111963,37301.647,18650875,0,0.9584569931030273,1.2136640548706055,1.556992530822754,-0.00133514404296875,-0.050164222717285156,0.00476837158203125,-0.0073261260986328125,-0.0024423599243164062,-0.0024423599243164062,-0.0073261260986328125,-0.40293121337890625,-0.0073261260986328125,-0.07570171356201172,-2.4410247802734375,7.295726776123047,-1.5555553436279297,-0.07081794738769531,-0.10500621795654297,0.0,-2.9019458972530994,6.545377552277333,-1.5816090632453201,0.01817630513427656,-0.006283694323344045
91,1,train,5,-1,-0.3490658503988659,0.6554912670035264,3,s,af3726fcacd0ac1320a56ea850b0a2c0f5430cf4eb20a45c078706980f08407e,d24fbe3839599a6a097188bae8cd47ce8083f27deef1341ae3086bf0d5a45bd1,87f63c0590d05baea263cdc42c6e1df2d063fa2def309ecb0283f3036bf33d46,87f63c0590d05baea263cdc42c6e1df2d063fa2def309ecb0283f3036bf33d46,1787978717.813169,37301.649,18650876,0,0.9584569931030273,1.2136640548706055,1.556992530822754,-0.00133514404296875,-0.050927162170410156,0.00476837158203125,-0.0073261260986328125,-0.0024423599243164062,-0.0024423599243164062,0.0073261260986328125,-0.373626708984375,-0.0073261260986328125,-0.08058643341064453,-2.4410247802734375,7.323078155517578,-1.5506715774536133,-0.07081794738769531,-0.10500621795654297,0.0,-2.9019070416800594,6.5453386967042935,-1.5815702076722808,0.018389817766277433,-0.0062939075404442575
91,1,train,5,-1,-0.3490658503988659,0.6574658149984316,3,s,af3726fcacd0ac1320a56ea850b0a2c0f5430cf4eb20a45c078706980f08407e,d24fbe3839599a6a097188bae8cd47ce8083f27deef1341ae3086bf0d5a45bd1,87f63c0590d05baea263cdc42c6e1df2d063fa2def309ecb0283f3036bf33d46,87f63c0590d05baea263cdc42c6e1df2d063fa2def309ecb0283f3036bf33d46,1787978717.8151007,37301.651,18650877,0,0.9584569931030273,1.2136640548706055,1.556992530822754,-0.00133514404296875,-0.051308631896972656,0.00476837158203125,-0.0073261260986328125,-0.0024423599243164062,-0.0024423599243164062,-0.021978378295898438,-0.34432220458984375,-0.0073261260986328125,-0.08058643341064453,-2.4410247802734375,7.377777099609375,-1.5506715774536133,-0.0659341812133789,-0.10500621795654297,0.0,-2.90188744373569,6.545319098759924,-1.581550609727911,0.018496570075939335,-0.006299014000429582
91,1,train,5,-1,-0.3490658503988659,0.6594011100023636,3,s,af3726fcacd0ac1320a56ea850b0a2c0f5430cf4eb20a45c078706980f08407e,d24fbe3839599a6a097188bae8cd47ce8083f27deef1341ae3086bf0d5a45bd1,87f63c0590d05baea263cdc42c6e1df2d063fa2def309ecb0283f3036bf33d46,87f63c0590d05baea263cdc42c6e1df2d063fa2def309ecb0283f3036bf33d46,1787978717.817645,37301.653,18650878,0,0.9584569931030273,1.2136640548706055,1.556992530822754,-0.00133514404296875,-0.052071571350097656,0.00476837158203125,-0.0073261260986328125,-0.0024423599243164062,-0.0024423599243164062,-0.021978378295898438,-0.34432220458984375,-0.0073261260986328125,-0.08058643341064453,-2.4410247802734375,7.405128479003906,-1.5506715774536133,-0.0659341812133789,-0.10500621795654297,0.0,-2.901847907545512,6.545279562569746,-1.581511073537733,0.018710066604913513,-0.006309226619555226
91,1,train,5,-1,-0.3490658503988659,0.6619350190012483,3,s,af3726fcacd0ac1320a56ea850b0a2c0f5430cf4eb20a45c078706980f08407e,d24fbe3839599a6a097188bae8cd47ce8083f27deef1341ae3086bf0d5a45bd1,87f63c0590d05baea263cdc42c6e1df2d063fa2def309ecb0283f3036bf33d46,87f63c0590d05baea263cdc42c6e1df2d063fa2def309ecb0283f3036bf33d46,1787978717.8195865,37301.655,18650879,0,0.9584569931030273,1.2136640548706055,1.556992530822754,-0.00133514404296875,-0.053215980529785156,0.00476837158203125,0.0073261260986328125,-0.0024423599243164062,-0.0024423599243164062,0.0073261260986328125,-0.40293121337890625,-0.0073261260986328125,-0.08058643341064453,-2.4410247802734375,7.405128479003906,-1.5506715774536133,-0.0610504150390625,-0.10500621795654297,0.0,-2.901787752549917,6.545219407574152,-1.5814509185421384,0.019030290939494987,-0.006324544784985302
91,1,train,5,-1,-0.3490658503988659,0.6638901000042097,3,s,af3726fcacd0ac1320a56ea850b0a2c0f5430cf4eb20a45c078706980f08407e,d24fbe3839599a6a097188bae8cd47ce8083f27deef1341ae3086bf0d5a45bd1,87f63c0590d05baea263cdc42c6e1df2d063fa2def309ecb0283f3036bf33d46,87f63c0590d05baea263cdc42c6e1df2d063fa2def309ecb0283f3036bf33d46,1787978717.8215811,37301.657,18650880,0,0.9584569931030273,1.2136640548706055,1.556992530822754,-0.00133514404296875,-0.053978919982910156,0.00476837158203125,-0.0073261260986328125,-0.0024423599243164062,-0.0024423599243164062,-0.0073261260986328125,-0.3882789611816406,-0.0073261260986328125,-0.08058643341064453,-2.4410247802734375,7.405128479003906,-1.5506715774536133,-0.05616569519042969,-0.10988998413085938,0.0,-2.901747082113343,6.545178737137578,-1.5814102481055656,0.019243760008745316,-0.0063347563777644235
91,1,train,5,-1,-0.3490658503988659,0.6658817300049122,3,s,af3726fcacd0ac1320a56ea850b0a2c0f5430cf4eb20a45c078706980f08407e,d24fbe3839599a6a097188bae8cd47ce8083f27deef1341ae3086bf0d5a45bd1,87f63c0590d05baea263cdc42c6e1df2d063fa2def309ecb0283f3036bf33d46,87f63c0590d05baea263cdc42c6e1df2d063fa2def309ecb0283f3036bf33d46,1787978717.82354,37301.659,18650881,0,0.9584569931030273,1.2136640548706055,1.556992530822754,-0.00133514404296875,-0.054741859436035156,0.00476837158203125,-0.0073261260986328125,-0.0024423599243164062,-0.0024423599243164062,0.0073261260986328125,-0.40293121337890625,-0.0073261260986328125,-0.08058643341064453,-2.4410247802734375,7.377777099609375,-1.5457878112792969,-0.05616569519042969,-0.10988998413085938,0.0,-2.9017059580194107,6.545137613043645,-1.581369124011633,0.01945721787665362,-0.006344967549602851
91,1,train,5,-1,-0.3490658503988659,0.6678365890038549,3,s,af3726fcacd0ac1320a56ea850b0a2c0f5430cf4eb20a45c078706980f08407e,d24fbe3839599a6a097188bae8cd47ce8083f27deef1341ae3086bf0d5a45bd1,87f63c0590d05baea263cdc42c6e1df2d063fa2def309ecb0283f3036bf33d46,87f63c0590d05baea263cdc42c6e1df2d063fa2def309ecb0283f3036bf33d46,1787978717.8254619,37301.661,18650882,0,0.9584569931030273,1.2136640548706055,1.556992530822754,-0.00133514404296875,-0.055504798889160156,0.00476837158203125,-0.0073261260986328125,-0.0024423599243164062,-0.0024423599243164062,-0.0073261260986328125,-0.40293121337890625,0.0073261260986328125,-0.07570171356201172,-2.4410247802734375,7.323078155517578,-1.5457878112792969,-0.05128192901611328,-0.10500621795654297,0.0,-2.9016643802920554,6.5450960353162895,-1.5813275462842775,0.019670664418971053,-0.0063551782945569
91,1,train,5,-1,-0.3490658503988659,0.6697540590030258,3,s,af3726fcacd0ac1320a56ea850b0a2c0f5430cf4eb20a45c078706980f08407e,d24fbe3839599a6a097188bae8cd47ce8083f27deef1341ae3086bf0d5a45bd1,87f63c0590d05baea263cdc42c6e1df2d063fa2def309ecb0283f3036bf33d46,87f63c0590d05baea263cdc42c6e1df2d063fa2def309ecb0283f3036bf33d46,1787978717.8273783,37301.663,18650883,0,0.9584569931030273,1.2136640548706055,1.556992530822754,-0.00133514404296875,-0.056267738342285156,0.00476837158203125,0.0073261260986328125,-0.0024423599243164062,-0.0024423599243164062,-0.0073261260986328125,-0.3882789611816406,-0.0073261260986328125,-0.07570171356201172,-2.4410247802734375,7.350425720214844,-1.5506715774536133,-0.046398162841796875,-0.10500621795654297,0.0,-2.901622348955479,6.545054003979713,-1.5812855149477008,0.01988409951145541,-0.006365388606683135
91,1,train,5,-1,-0.3490658503988659,0.6716858690051595,3,s,af3726fcacd0ac1320a56ea850b0a2c0f5430cf4eb20a45c078706980f08407e,d24fbe3839599a6a097188bae8cd47ce8083f27deef1341ae3086bf0d5a45bd1,87f63c0590d05baea263cdc42c6e1df2d063fa2def309ecb0283f3036bf33d46,87f63c0590d05baea263cdc42c6e1df2d063fa2def309ecb0283f3036bf33d46,1787978717.8293142,37301.665,18650884,0,0.9584569931030273,1.2136640548706055,1.556992530822754,-0.00133514404296875,-0.057030677795410156,0.00476837158203125,-0.021978378295898438,-0.0024423599243164062,-0.0024423599243164062,-0.021978378295898438,-0.3882789611816406,-0.0073261260986328125,-0.07570171356201172,-2.4410247802734375,7.350425720214844,-1.5506715774536133,-0.046398162841796875,-0.10500621795654297,0.0,-2.9015798640341464,6.545011519058381,-1.5812430300263676,0.02009752302987111,-0.0063755984800383724
91,1,train,5,-1,-0.3490658503988659,0.6736064760043519,3,s,af3726fcacd0ac1320a56ea850b0a2c0f5430cf4eb20a45c078706980f08407e,d24fbe3839599a6a097188bae8cd47ce8083f27deef1341ae3086bf0d5a45bd1,87f63c0590d05baea263cdc42c6e1df2d063fa2def309ecb0283f3036bf33d46,87f63c0590d05baea263cdc42c6e1df2d063fa2def309ecb0283f3036bf33d46,1787978717.831226,37301.667,18650885,0,0.9584569931030273,1.2136640548706055,1.556992530822754,-0.00133514404296875,-0.057793617248535156,0.00476837158203125,0.0073261260986328125,-0.0024423599243164062,-0.0024423599243164062,0.0073261260986328125,-0.3882789611816406,-0.021978378295898438,-0.08058643341064453,-2.4410247802734375,7.25469970703125,-1.5457878112792969,-0.046398162841796875,-0.10500621795654297,0.0,-2.901536925552786,6.54496858057702,-1.5812000915450082,0.020310934849989318,-0.006385807908679682
91,1,train,5,-1,-0.3490658503988659,0.6755159120002645,3,s,af3726fcacd0ac1320a56ea850b0a2c0f5430cf4eb20a45c078706980f08407e,d24fbe3839599a6a097188bae8cd47ce8083f27deef1341ae3086bf0d5a45bd1,87f63c0590d05baea263cdc42c6e1df2d063fa2def309ecb0283f3036bf33d46,87f63c0590d05baea263cdc42c6e1df2d063fa2def309ecb0283f3036bf33d46,1787978717.8331215,37301.669,18650886,0,0.9584569931030273,1.2136640548706055,1.556992530822754,-0.00133514404296875,-0.058175086975097656,0.00476837158203125,-0.021978378295898438,-0.0024423599243164062,-0.0024423599243164062,0.0073261260986328125,-0.3296699523925781,-0.0073261260986328125,-0.07570171356201172,-2.4410247802734375,7.268375396728516,-1.5457878112792969,-0.05616569519042969,-0.10500621795654297,0.0,-2.9015152862348965,6.544946941259131,-1.5811784522271186,0.020417636334367214,-0.006390912454375521
91,1,train,5,-1,-0.3490658503988659,0.6774147460018867,3,s,af3726fcacd0ac1320a56ea850b0a2c0f5430cf4eb20a45c078706980f08407e,d24fbe3839599a6a097188bae8cd47ce8083f27deef1341ae3086bf0d5a45bd1,87f63c0590d05baea263cdc42c6e1df2d063fa2def309ecb0283f3036bf33d46,87f63c0590d05baea263cdc42c6e1df2d063fa2def309ecb0283f3036bf33d46,1787978717.83567,37301.670999999995,18650887,0,0.9584569931030273,1.2136640548706055,1.556992530822754,-0.00133514404296875,-0.058556556701660156,0.00476837158203125,0.0073261260986328125,-0.0024423599243164062,-0.0024423599243164062,-0.0073261260986328125,-0.28571510314941406,-0.0073261260986328125,-0.07570171356201172,-2.454700469970703,7.241024017333984,-1.5506715774536133,-0.05616569519042969,-0.10500621795654297,0.0,-2.9014935335363936,6.544925188560628,-1.5811566995286157,0.02052433484758802,-0.0063960168866643964
91,1,train,5,-1,-0.3490658503988659,0.6799646049985313,3,s,af3726fcacd0ac1320a56ea850b0a2c0f5430cf4eb20a45c078706980f08407e,d24fbe3839599a6a097188bae8cd47ce8083f27deef1341ae3086bf0d5a45bd1,87f63c0590d05baea263cdc42c6e1df2d063fa2def309ecb0283f3036bf33d46,87f63c0590d05baea263cdc42c6e1df2d063fa2def309ecb0283f3036bf33d46,1787978717.8376245,37301.672999999995,18650888,0,0.9584569931030273,1.2136640548706055,1.556992530822754,-0.00133514404296875,-0.058938026428222656,0.00476837158203125,-0.0073261260986328125,-0.0024423599243164062,-0.0024423599243164062,-0.0073261260986328125,-0.3003654479980469,-0.0073261260986328125,-0.07570171356201172,-2.4410247802734375,7.3094024658203125,-1.5506715774536133,-0.0610504150390625,-0.10500621795654297,0.0,-2.901471667460443,6.544903322484677,-1.5811348334526643,0.020631030374125052,-0.006401121204803519
91,1,train,5,-1,-0.3490658503988659,0.6819179049998638,3,s,af3726fcacd0ac1320a56ea850b0a2c0f5430cf4eb20a45c078706980f08407e,d24fbe3839599a6a097188bae8cd47ce8083f27deef1341ae3086bf0d5a45bd1,87f63c0590d05baea263cdc42c6e1df2d063fa2def309ecb0283f3036bf33d46,87f63c0590d05baea263cdc42c6e1df2d063fa2def309ecb0283f3036bf33d46,1787978717.8395233,37301.674999999996,18650889,0,0.9584569931030273,1.2136640548706055,1.556992530822754,-0.00133514404296875,-0.060082435607910156,0.00476837158203125,-0.021978378295898438,-0.0024423599243164062,-0.0024423599243164062,-0.0073261260986328125,-0.3589744567871094,-0.0073261260986328125,-0.07570171356201172,-2.4410247802734375,7.323078155517578,-1.5506715774536133,-0.0659341812133789,-0.10500621795654297,0.0,-2.901405388999805,6.544837044024039,-1.5810685549920256,0.020951098878373264,-0.006416433466894678
91,1,train,5,-1,-0.3490658503988659,0.6838172019997728,3,s,af3726fcacd0ac1320a56ea850b0a2c0f5430cf4eb20a45c078706980f08407e,d24fbe3839599a6a097188bae8cd47ce8083f27deef1341ae3086bf0d5a45bd1,87f63c0590d05baea263cdc42c6e1df2d063fa2def309ecb0283f3036bf33d46,87f63c0590d05baea263cdc42c6e1df2d063fa2def309ecb0283f3036bf33d46,1787978717.8414075,37301.676999999996,18650890,0,0.9584569931030273,1.2136640548706055,1.556992530822754,-0.00133514404296875,-0.060845375061035156,0.00476837158203125,0.0073261260986328125,-0.0024423599243164062,-0.0024423599243164062,-0.0073261260986328125,-0.373626708984375,-0.0073261260986328125,-0.07570171356201172,-2.4410247802734375,7.350425720214844,-1.5506715774536133,-0.07570171356201172,-0.10500621795654297,0.0,-2.9013606365309133,6.544792291555147,-1.5810238025231342,0.021164462663150464,-0.006426641057256231
91,1,train,5,-1,-0.3490658503988659,0.6856978270006948,3,s,af3726fcacd0ac1320a56ea850b0a2c0f5430cf4eb20a45c078706980f08407e,d24fbe3839599a6a097188bae8cd47ce8083f27deef1341ae3086bf0d5a45bd1,87f63c0590d05baea263cdc42c6e1df2d063fa2def309ecb0283f3036bf33d46,87f63c0590d05baea263cdc42c6e1df2d063fa2def309ecb0283f3036bf33d46,1787978717.843286,37301.679,18650891,0,0.9584569931030273,1.2136640548706055,1.556992530822754,-0.00133514404296875,-0.061226844787597656,0.00476837158203125,-0.021978378295898438,-0.0024423599243164062,-0.0024423599243164062,-0.021978378295898438,-0.3150177001953125,0.0073261260986328125,-0.07570171356201172,-2.4410247802734375,7.3094024658203125,-1.5506715774536133,-0.08547019958496094,-0.10500621795654297,0.0,-2.901338090257672,6.544769745281906,-1.5810012562498938,0.021271139943549146,-0.006431744674899116
91,1,train,5,-1,-0.3490658503988659,0.6875772159983171,3,s,af3726fcacd0ac1320a56ea850b0a2c0f5430cf4eb20a45c078706980f08407e,d24fbe3839599a6a097188bae8cd47ce8083f27deef1341ae3086bf0d5a45bd1,87f63c0590d05baea263cdc42c6e1df2d063fa2def309ecb0283f3036bf33d46,87f63c0590d05baea263cdc42c6e1df2d063fa2def309ecb0283f3036bf33d46,1787978717.8451684,37301.681,18650892,0,0.9584569931030273,1.2136640548706055,1.556992530822754,-0.00133514404296875,-0.061608314514160156,0.00476837158203125,-0.0073261260986328125,-0.0024423599243164062,-0.0024423599243164062,-0.0073261260986328125,-0.28571510314941406,0.0073261260986328125,-0.07570171356201172,-2.4410247802734375,7.3094024658203125,-1.5457878112792969,-0.10500621795654297,-0.10500621795654297,0.0,-2.901315430629603,6.544747085653837,-1.5809785966218244,0.021377814128589606,-0.006436848173193169
91,1,train,5,-1,-0.3490658503988659,0.6894607709982665,3,s,af3726fcacd0ac1320a56ea850b0a2c0f5430cf4eb20a45c078706980f08407e,d24fbe3839599a6a097188bae8cd47ce8083f27deef1341ae3086bf0d5a45bd1,87f63c0590d05baea263cdc42c6e1df2d063fa2def309ecb0283f3036bf33d46,87f63c0590d05baea263cdc42c6e1df2d063fa2def309ecb0283f3036bf33d46,1787978717.847673,37301.683,18650893,0,0.9584569931030273,1.2136640548706055,1.556992530822754,-0.00133514404296875,-0.061989784240722656,0.00476837158203125,-0.0073261260986328125,-0.0024423599243164062,-0.0024423599243164062,-0.0073261260986328125,-0.27106285095214844,-0.0073261260986328125,-0.07570171356201172,-2.454700469970703,7.336753845214844,-1.5506715774536133,-0.11477375030517578,-0.10500621795654297,0.0,-2.901292657650003,6.544724312674237,-1.580955823642225,0.021484485202748718,-0.006441951551395734
91,1,train,5,-1,-0.3490658503988659,0.691982716001803,3,s,af3726fcacd0ac1320a56ea850b0a2c0f5430cf4eb20a45c078706980f08407e,d24fbe3839599a6a097188bae8cd47ce8083f27deef1341ae3086bf0d5a45bd1,87f63c0590d05baea263cdc42c6e1df2d063fa2def309ecb0283f3036bf33d46,87f63c0590d05baea263cdc42c6e1df2d063fa2def309ecb0283f3036bf33d46,1787978717.8495846,37301.685,18650894,0,0.9584569931030273,1.2136640548706055,1.556992530822754,-0.00133514404296875,-0.06275272369384766,0.00476837158203125,-0.0073261260986328125,-0.0024423599243164062,-0.0024423599243164062,-0.0073261260986328125,-0.3150177001953125,-0.0073261260986328125,-0.07570171356201172,-2.4410247802734375,7.391452789306641,-1.5506715774536133,-0.124542236328125,-0.10988998413085938,0.0,-2.901246771649484,6.544678426673718,-1.5809099376417055,0.021697817956332605,-0.006452157944555856
91,1,train,5,-1,-0.3490658503988659,0.6938742130005267,3,s,af3726fcacd0ac1320a56ea850b0a2c0f5430cf4eb20a45c078706980f08407e,d24fbe3839599a6a097188bae8cd47ce8083f27deef1341ae3086bf0d5a45bd1,87f63c0590d05baea263cdc42c6e1df2d063fa2def309ecb0283f3036bf33d46,87f63c0590d05baea263cdc42c6e1df2d063fa2def309ecb0283f3036bf33d46,1787978717.8515239,37301.687,18650895,0,0.9584569931030273,1.2136640548706055,1.556992530822754,-0.00133514404296875,-0.06351566314697266,0.00476837158203125,-0.0073261260986328125,-0.0024423599243164062,-0.0024423599243164062,0.021978378295898438,-0.3150177001953125,-0.021978378295898438,-0.07570171356201172,-2.4410247802734375,7.405128479003906,-1.5506715774536133,-0.1196584701538086,-0.10988998413085938,0.0,-2.9012004322828235,6.544632087307058,-1.5808635982750456,0.021911138080124785,-0.006462363848438581
91,1,train,5,-1,-0.3490658503988659,0.6958166910044383,3,s,af3726fcacd0ac1320a56ea850b0a2c0f5430cf4eb20a45c078706980f08407e,d24fbe3839599a6a097188bae8cd47ce8083f27deef1341ae3086bf0d5a45bd1,87f63c0590d05baea263cdc42c6e1df2d063fa2def309ecb0283f3036bf33d46,87f63c0590d05baea263cdc42c6e1df2d063fa2def309ecb0283f3036bf33d46,1787978717.8534284,37301.689,18650896,0,0.9584569931030273,1.2136640548706055,1.556992530822754,-0.00133514404296875,-0.06427860260009766,0.00476837158203125,-0.0073261260986328125,-0.0024423599243164062,-0.0024423599243164062,-0.0073261260986328125,-0.3589744567871094,-0.021978378295898438,-0.07570171356201172,-2.454700469970703,7.391452789306641,-1.5506715774536133,-0.124542236328125,-0.11477375030517578,0.0,-2.901153639576996,6.54458529460123,-1.5808168055692169,0.02212444544995664,-0.00647256925710329
91,1,train,5,-1,-0.3490658503988659,0.6977193190032267,3,s,af3726fcacd0ac1320a56ea850b0a2c0f5430cf4eb20a45c078706980f08407e,d24fbe3839599a6a097188bae8cd47ce8083f27deef1341ae3086bf0d5a45bd1,87f63c0590d05baea263cdc42c6e1df2d063fa2def309ecb0283f3036bf33d46,87f63c0590d05baea263cdc42c6e1df2d063fa2def309ecb0283f3036bf33d46,1787978717.855312,37301.691,18650897,0,0.9584569931030273,1.2136640548706055,1.556992530822754,-0.00133514404296875,-0.06504154205322266,0.00476837158203125,-0.0073261260986328125,-0.0024423599243164062,-0.0024423599243164062,-0.021978378295898438,-0.3589744567871094,-0.0073261260986328125,-0.07570171356201172,-2.454700469970703,7.391452789306641,-1.5506715774536133,-0.1294260025024414,-0.10988998413085938,0.0,-2.901106393559235,6.544538048583469,-1.5807695595514573,0.022337739941666934,-0.006482774164609656
91,1,train,5,-1,-0.3490658503988659,0.6996017929996015,3,s,af3726fcacd0ac1320a56ea850b0a2c0f5430cf4eb20a45c078706980f08407e,d24fbe3839599a6a097188bae8cd47ce8083f27deef1341ae3086bf0d5a45bd1,87f63c0590d05baea263cdc42c6e1df2d063fa2def309ecb0283f3036bf33d46,87f63c0590d05baea263cdc42c6e1df2d063fa2def309ecb0283f3036bf33d46,1787978717.8571892,37301.693,18650898,0,0.9584569931030273,1.2136640548706055,1.556992530822754,-0.00133514404296875,-0.06542301177978516,0.00476837158203125,-0.0073261260986328125,-0.0024423599243164062,-0.0024423599243164062,-0.021978378295898438,-0.3150177001953125,0.0073261260986328125,-0.08058643341064453,-2.4410247802734375,7.350425720214844,-1.5457878112792969,-0.1343097686767578,-0.10500621795654297,0.0,-2.901082600566967,6.544514255591201,-1.5807457665591869,0.022444382319428156,-0.0064878764285721865
91,1,train,5,-1,-0.3490658503988659,0.7014814830035903,3,s,af3726fcacd0ac1320a56ea850b0a2c0f5430cf4eb20a45c078706980f08407e,d24fbe3839599a6a097188bae8cd47ce8083f27deef1341ae3086bf0d5a45bd1,87f63c0590d05baea263cdc42c6e1df2d063fa2def309ecb0283f3036bf33d46,87f63c0590d05baea263cdc42c6e1df2d063fa2def309ecb0283f3036bf33d46,1787978717.859065,37301.695,18650899,0,0.9584569931030273,1.2136640548706055,1.556992530822754,-0.00133514404296875,-0.06580448150634766,0.00476837158203125,-0.0073261260986328125,-0.0024423599243164062,-0.0024423599243164062,-0.0073261260986328125,-0.27106285095214844,-0.0073261260986328125,-0.08058643341064453,-2.4410247802734375,7.364101409912109,-1.5506715774536133,-0.1343097686767578,-0.10500621795654297,0.0,-2.901058694257045,6.544490349281279,-1.5807218602492665,0.02255102143110194,-0.0064929785650176385
91,1,train,5,-1,-0.3490658503988659,0.7033527759995195,3,s,af3726fcacd0ac1320a56ea850b0a2c0f5430cf4eb20a45c078706980f08407e,d24fbe3839599a6a097188bae8cd47ce8083f27deef1341ae3086bf0d5a45bd1,87f63c0590d05baea263cdc42c6e1df2d063fa2def309ecb0283f3036bf33d46,87f63c0590d05baea263cdc42c6e1df2d063fa2def309ecb0283f3036bf33d46,1787978717.8615048,37301.697,18650900,0,0.9584569931030273,1.2136640548706055,1.556992530822754,-0.00133514404296875,-0.06656742095947266,0.00476837158203125,-0.0073261260986328125,-0.0024423599243164062,-0.0024423599243164062,-0.021978378295898438,-0.28571510314941406,-0.0073261260986328125,-0.08058643341064453,-2.4410247802734375,7.377777099609375,-1.5506715774536133,-0.13919448852539062,-0.10500621795654297,0.0,-2.9010105416981893,6.544442196722423,-1.580673707690411,0.022764289794115492,-0.006503182452387497
91,1,train,5,-1,-0.3490658503988659,0.7057970969981398,3,s,af3726fcacd0ac1320a56ea850b0a2c0f5430cf4eb20a45c078706980f08407e,d24fbe3839599a6a097188bae8cd47ce8083f27deef1341ae3086bf0d5a45bd1,87f63c0590d05baea263cdc42c6e1df2d063fa2def309ecb0283f3036bf33d46,87f63c0590d05baea263cdc42c6e1df2d063fa2def309ecb0283f3036bf33d46,1787978717.8634148,37301.699,18650901,0,0.9584569931030273,1.2136640548706055,1.556992530822754,-0.00133514404296875,-0.06733036041259766,0.00476837158203125,0.0073261260986328125,-0.0024423599243164062,-0.0024423599243164062,0.021978378295898438,-0.3589744567871094,-0.0073261260986328125,-0.08058643341064453,-2.4410247802734375,7.391452789306641,-1.5457878112792969,-0.13919448852539062,-0.10988998413085938,0.0,-2.900961935910695,6.544393590934929,-1.580625101902917,0.022977544906569072,-0.006513385820779786
91,1,train,5,-1,-0.3490658503988659,0.7077052090025973,3,s,af3726fcacd0ac1320a56ea850b0a2c0f5430cf4eb20a45c078706980f08407e,d24fbe3839599a6a097188bae8cd47ce8083f27deef1341ae3086bf0d5a45bd1,87f63c0590d05baea263cdc42c6e1df2d063fa2def309ecb0283f3036bf33d46,87f63c0590d05baea263cdc42c6e1df2d063fa2def309ecb0283f3036bf33d46,1787978717.8652914,37301.701,18650902,0,0.9584569931030273,1.2136640548706055,1.556992530822754,-0.00133514404296875,-0.06847476959228516,0.00476837158203125,-0.0073261260986328125,-0.0024423599243164062,-0.0024423599243164062,0.0073261260986328125,-0.3882789611816406,-0.0073261260986328125,-0.08058643341064453,-2.4410247802734375,7.364101409912109,-1.5457878112792969,-0.13919448852539062,-0.10988998413085938,0.0,-2.900888177487722,6.544319832511956,-1.5805513434799434,0.023297402458915487,-0.006528689887293491
91,1,train,5,-1,-0.3490658503988659,0.7095809960010229,3,s,af3726fcacd0ac1320a56ea850b0a2c0f5430cf4eb20a45c078706980f08407e,d24fbe3839599a6a097188bae8cd47ce8083f27deef1341ae3086bf0d5a45bd1,87f63c0590d05baea263cdc42c6e1df2d063fa2def309ecb0283f3036bf33d46,87f63c0590d05baea263cdc42c6e1df2d063fa2def309ecb0283f3036bf33d46,1787978717.867187,37301.703,18650903,0,0.9584569931030273,1.2136640548706055,1.556992530822754,-0.00133514404296875,-0.06885623931884766,0.00476837158203125,-0.0073261260986328125,-0.0024423599243164062,-0.0024423599243164062,-0.021978378295898438,-0.3589744567871094,-0.0073261260986328125,-0.08058643341064453,-2.4410247802734375,7.350425720214844,-1.5457878112792969,-0.13919448852539062,-0.10500621795654297,0.0,-2.90086336476323,6.544295019787464,-1.5805265307554512,0.023404014883280887,-0.0065337909768753985
91,1,train,5,-1,-0.3490658503988659,0.7114955680008279,3,s,af3726fcacd0ac1320a56ea850b0a2c0f5430cf4eb20a45c078706980f08407e,d24fbe3839599a6a097188bae8cd47ce8083f27deef1341ae3086bf0d5a45bd1,87f63c0590d05baea263cdc42c6e1df2d063fa2def309ecb0283f3036bf33d46,87f63c0590d05baea263cdc42c6e1df2d063fa2def309ecb0283f3036bf33d46,1787978717.8690562,37301.705,18650904,0,0.9584569931030273,1.2136640548706055,1.556992530822754,-0.00133514404296875,-0.06961917877197266,0.00476837158203125,-0.0073261260986328125,-0.0024423599243164062,-0.0024423599243164062,-0.021978378295898438,-0.34432220458984375,0.0073261260986328125,-0.07570171356201172,-2.454700469970703,7.377777099609375,-1.5457878112792969,-0.1343097686767578,-0.10500621795654297,0.0,-2.900813399460634,6.544245054484868,-1.5804765654528556,0.023617229499300927,-0.006543992752701359
91,1,train,5,-1,-0.3490658503988659,0.7133411850008997,3,s,af3726fcacd0ac1320a56ea850b0a2c0f5430cf4eb20a45c078706980f08407e,d24fbe3839599a6a097188bae8cd47ce8083f27deef1341ae3086bf0d5a45bd1,87f63c0590d05baea263cdc42c6e1df2d063fa2def309ecb0283f3036bf33d46,87f63c0590d05baea263cdc42c6e1df2d063fa2def309ecb0283f3036bf33d46,1787978717.8714728,37301.706999999995,18650905,0,0.9584569931030273,1.2136640548706055,1.556992530822754,-0.00133514404296875,-0.07038211822509766,0.00476837158203125,0.0073261260986328125,-0.0024423599243164062,-0.0024423599243164062,0.0073261260986328125,-0.3589744567871094,-0.0073261260986328125,-0.07570171356201172,-2.454700469970703,7.391452789306641,-1.5457878112792969,-0.124542236328125,-0.10500621795654297,0.0,-2.9007629810441524,6.5441946360683865,-1.5804261470363736,0.023830430368284774,-0.006554193985795029
91,1,train,5,-1,-0.3490658503988659,0.7157623239982058,3,s,af3726fcacd0ac1320a56ea850b0a2c0f5430cf4eb20a45c078706980f08407e,d24fbe3839599a6a097188bae8cd47ce8083f27deef1341ae3086bf0d5a45bd1,87f63c0590d05baea263cdc42c6e1df2d063fa2def309ecb0283f3036bf33d46,87f63c0590d05baea263cdc42c6e1df2d063fa2def309ecb0283f3036bf33d46,1787978717.8733277,37301.708999999995,18650906,0,0.9584569931030273,1.2136640548706055,1.556992530822754,-0.00133514404296875,-0.07076358795166016,0.00476837158203125,-0.0073261260986328125,-0.0024423599243164062,-0.0024423599243164062,-0.0073261260986328125,-0.3589744567871094,-0.0073261260986328125,-0.08058643341064453,-2.454700469970703,7.418804168701172,-1.5506715774536133,-0.11477375030517578,-0.10988998413085938,0.0,-2.900737601927364,6.544169256951598,-1.5804007679195857,0.0239370256088568,-0.0065592943969616496
91,1,train,5,-1,-0.3490658503988659,0.717612332002318,3,s,af3726fcacd0ac1320a56ea850b0a2c0f5430cf4eb20a45c078706980f08407e,d24fbe3839599a6a097188bae8cd47ce8083f27deef1341ae3086bf0d5a45bd1,87f63c0590d05baea263cdc42c6e1df2d063fa2def309ecb0283f3036bf33d46,87f63c0590d05baea263cdc42c6e1df2d063fa2def309ecb0283f3036bf33d46,1787978717.8752296,37301.710999999996,18650907,0,0.9584569931030273,1.2136640548706055,1.556992530822754,-0.00133514404296875,-0.07190799713134766,0.00476837158203125,-0.0073261260986328125,-0.0024423599243164062,-0.0024423599243164062,-0.0073261260986328125,-0.373626708984375,-0.021978378295898438,-0.08058643341064453,-2.4410247802734375,7.4324798583984375,-1.5506715774536133,-0.10988998413085938,-0.10988998413085938,0.0,-2.900660784987186,6.54409244001142,-1.580323950979407,0.02425679036875502,-0.006574594800034228
91,1,train,5,-1,-0.3490658503988659,0.7195222320005996,3,s,af3726fcacd0ac1320a56ea850b0a2c0f5430cf4eb20a45c078706980f08407e,d24fbe3839599a6a097188bae8cd47ce8083f27deef1341ae3086bf0d5a45bd1,87f63c0590d05baea263cdc42c6e1df2d063fa2def309ecb0283f3036bf33d46,87f63c0590d05baea263cdc42c6e1df2d063fa2def309ecb0283f3036bf33d46,1787978717.8772483,37301.712999999996,18650908,0,0.9584569931030273,1.2136640548706055,1.556992530822754,-0.00133514404296875,-0.07267093658447266,0.00476837158203125,-0.0073261260986328125,-0.0024423599243164062,-0.0024423599243164062,-0.0073261260986328125,-0.41758155822753906,-0.0073261260986328125,-0.08058643341064453,-2.4410247802734375,7.4324798583984375,-1.5506715774536133,-0.10500621795654297,-0.10988998413085938,0.0,-2.9006090074061865,6.544040662430421,-1.5802721733984073,0.024469949252067247,-0.00658479436930492
91,1,train,5,-1,-0.3490658503988659,0.7215401010034839,3,s,af3726fcacd0ac1320a56ea850b0a2c0f5430cf4eb20a45c078706980f08407e,d24fbe3839599a6a097188bae8cd47ce8083f27deef1341ae3086bf0d5a45bd1,87f63c0590d05baea263cdc42c6e1df2d063fa2def309ecb0283f3036bf33d46,87f63c0590d05baea263cdc42c6e1df2d063fa2def309ecb0283f3036bf33d46,1787978717.879147,37301.715,18650909,0,0.9584569931030273,1.2136640548706055,1.556992530822754,-0.00133514404296875,-0.07343387603759766,0.00476837158203125,-0.0073261260986328125,-0.0024423599243164062,-0.0024423599243164062,-0.0073261260986328125,-0.373626708984375,-0.0073261260986328125,-0.07570171356201172,-2.4410247802734375,7.336753845214844,-1.5506715774536133,-0.10012245178222656,-0.10988998413085938,0.0,-2.9005567768302742,6.543988431854508,-1.580219942822495,0.024683093891995075,-0.0065949933720936575
91,1,train,5,-1,-0.3490658503988659,0.72344548899855,3,s,af3726fcacd0ac1320a56ea850b0a2c0f5430cf4eb20a45c078706980f08407e,d24fbe3839599a6a097188bae8cd47ce8083f27deef1341ae3086bf0d5a45bd1,87f63c0590d05baea263cdc42c6e1df2d063fa2def309ecb0283f3036bf33d46,87f63c0590d05baea263cdc42c6e1df2d063fa2def309ecb0283f3036bf33d46,1787978717.8816557,37301.717,18650910,0,0.9584569931030273,1.2136640548706055,1.556992530822754,-0.00133514404296875,-0.07381534576416016,0.00476837158203125,-0.021978378295898438,-0.0024423599243164062,-0.0024423599243164062,-0.021978378295898438,-0.3296699523925781,-0.0073261260986328125,-0.07570171356201172,-2.4410247802734375,7.377777099609375,-1.5506715774536133,-0.09523773193359375,-0.10988998413085938,0.0,-2.9005304916787145,6.543962146702949,-1.580193657670937,0.02478966083191875,-0.006600092659202094
91,1,train,5,-1,-0.3490658503988659,0.7259489040006883,3,s,af3726fcacd0ac1320a56ea850b0a2c0f5430cf4eb20a45c078706980f08407e,d24fbe3839599a6a097188bae8cd47ce8083f27deef1341ae3086bf0d5a45bd1,87f63c0590d05baea263cdc42c6e1df2d063fa2def309ecb0283f3036bf33d46,87f63c0590d05baea263cdc42c6e1df2d063fa2def309ecb0283f3036bf33d46,1787978717.8835766,37301.719,18650911,0,0.9584569931030273,1.2136640548706055,1.556992530822754,-0.00133514404296875,-0.07457828521728516,0.00476837158203125,-0.0073261260986328125,-0.0024423599243164062,-0.0024423599243164062,-0.0073261260986328125,-0.373626708984375,-0.0073261260986328125,-0.07570171356201172,-2.4273509979248047,7.391452789306641,-1.5506715774536133,-0.09035396575927734,-0.10988998413085938,0.0,-2.9004775816675195,6.5439092366917535,-1.5801407476597407,0.0250027838741479,-0.006610290801136879
91,1,train,5,-1,-0.3490658503988659,0.7278660830052104,3,s,af3726fcacd0ac1320a56ea850b0a2c0f5430cf4eb20a45c078706980f08407e,d24fbe3839599a6a097188bae8cd47ce8083f27deef1341ae3086bf0d5a45bd1,87f63c0590d05baea263cdc42c6e1df2d063fa2def309ecb0283f3036bf33d46,87f63c0590d05baea263cdc42c6e1df2d063fa2def309ecb0283f3036bf33d46,1787978717.8854632,37301.721,18650912,0,0.9584569931030273,1.2136640548706055,1.556992530822754,-0.00133514404296875,-0.07572269439697266,0.00476837158203125,-0.0073261260986328125,-0.0024423599243164062,-0.0024423599243164062,-0.0073261260986328125,-0.40293121337890625,-0.0073261260986328125,-0.08058643341064453,-2.4410247802734375,7.391452789306641,-1.5506715774536133,-0.08547019958496094,-0.10988998413085938,0.0,-2.9003973674383956,6.54382902246263,-1.5800605334306164,0.025322441110849057,-0.006625586922203811
91,1,train,5,-1,-0.3490658503988659,0.7297472460049903,3,s,af3726fcacd0ac1320a56ea850b0a2c0f5430cf4eb20a45c078706980f08407e,d24fbe3839599a6a097188bae8cd47ce8083f27deef1341ae3086bf0d5a45bd1,87f63c0590d05baea263cdc42c6e1df2d063fa2def309ecb0283f3036bf33d46,87f63c0590d05baea263cdc42c6e1df2d063fa2def309ecb0283f3036bf33d46,1787978717.8873558,37301.723,18650913,0,0.9584569931030273,1.2136640548706055,1.556992530822754,-0.00133514404296875,-0.07610416412353516,0.00476837158203125,0.0073261260986328125,-0.0024423599243164062,-0.0024423599243164062,-0.0073261260986328125,-0.373626708984375,-0.0073261260986328125,-0.08058643341064453,-2.4410247802734375,7.391452789306641,-1.5457878112792969,-0.09035396575927734,-0.10988998413085938,0.0,-2.9003704029209465,6.5438020579451806,-1.5800335689131677,0.0254289861739559,-0.006630685335102197
91,1,train,5,-1,-0.3490658503988659,0.7316693690008833,3,s,af3726fcacd0ac1320a56ea850b0a2c0f5430cf4eb20a45c078706980f08407e,d24fbe3839599a6a097188bae8cd47ce8083f27deef1341ae3086bf0d5a45bd1,87f63c0590d05baea263cdc42c6e1df2d063fa2def309ecb0283f3036bf33d46,87f63c0590d05baea263cdc42c6e1df2d063fa2def309ecb0283f3036bf33d46,1787978717.8892634,37301.725,18650914,0,0.9584569931030273,1.2136640548706055,1.556992530822754,-0.00133514404296875,-0.07686710357666016,0.00476837158203125,-0.021978378295898438,-0.0024423599243164062,-0.0024423599243164062,0.0073261260986328125,-0.3296699523925781,-0.0073261260986328125,-0.08058643341064453,-2.4410247802734375,7.350425720214844,-1.5457878112792969,-0.09035396575927734,-0.10500621795654297,0.0,-2.9003161342479564,6.5437477892721905,-1.5799793002401776,0.025642065183452373,-0.006640881715261551
91,1,train,5,-1,-0.3490658503988659,0.7335511040000711,3,s,af3726fcacd0ac1320a56ea850b0a2c0f5430cf4eb20a45c078706980f08407e,d24fbe3839599a6a097188bae8cd47ce8083f27deef1341ae3086bf0d5a45bd1,87f63c0590d05baea263cdc42c6e1df2d063fa2def309ecb0283f3036bf33d46,87f63c0590d05baea263cdc42c6e1df2d063fa2def309ecb0283f3036bf33d46,1787978717.8911457,37301.727,18650915,0,0.9584569931030273,1.2136640548706055,1.556992530822754,-0.00133514404296875,-0.07763004302978516,0.00476837158203125,-0.0073261260986328125,-0.0024423599243164062,-0.0024423599243164062,-0.0073261260986328125,-0.373626708984375,-0.0073261260986328125,-0.08058643341064453,-2.4273509979248047,7.391452789306641,-1.5457878112792969,-0.09035396575927734,-0.10500621795654297,0.0,-2.900261412750527,6.543693067774761,-1.5799245787427487,0.025855129267303194,-0.0066510774962918184
91,1,train,5,-1,-0.3490658503988659,0.7354355600036797,3,s,af3726fcacd0ac1320a56ea850b0a2c0f5430cf4eb20a45c078706980f08407e,d24fbe3839599a6a097188bae8cd47ce8083f27deef1341ae3086bf0d5a45bd1,87f63c0590d05baea263cdc42c6e1df2d063fa2def309ecb0283f3036bf33d46,87f63c0590d05baea263cdc42c6e1df2d063fa2def309ecb0283f3036bf33d46,1787978717.8936074,37301.729,18650916,0,0.9584569931030273,1.2136640548706055,1.556992530822754,-0.00133514404296875,-0.07839298248291016,0.00476837158203125,0.0073261260986328125,-0.0024423599243164062,-0.0024423599243164062,-0.0073261260986328125,-0.373626708984375,-0.0073261260986328125,-0.08058643341064453,-2.4273509979248047,7.364101409912109,-1.5506715774536133,-0.08547019958496094,-0.10500621795654297,0.0,-2.9002062384605103,6.543637893484744,-1.5798694044527324,0.0260681783014888,-0.006661272672258277
91,1,train,5,-1,-0.3490658503988659,0.7378988530035713,3,s,af3726fcacd0ac1320a56ea850b0a2c0f5430cf4eb20a45c078706980f08407e,d24fbe3839599a6a097188bae8cd47ce8083f27deef1341ae3086bf0d5a45bd1,87f63c0590d05baea263cdc42c6e1df2d063fa2def309ecb0283f3036bf33d46,87f63c0590d05baea263cdc42c6e1df2d063fa2def309ecb0283f3036bf33d46,1787978717.8954911,37301.731,18650917,0,0.9584569931030273,1.2136640548706055,1.556992530822754,-0.00133514404296875,-0.07915592193603516,0.00476837158203125,-0.0073261260986328125,-0.0024423599243164062,-0.0024423599243164062,0.0073261260986328125,-0.40293121337890625,-0.0073261260986328125,-0.08058643341064453,-2.4273509979248047,7.364101409912109,-1.5506715774536133,-0.07570171356201172,-0.10988998413085938,0.0,-2.9001506114100244,6.543582266434258,-1.5798137774022452,0.026281212161998295,-0.006671467237226552
91,1,train,5,-1,-0.3490658503988659,0.7397870240019984,3,s,af3726fcacd0ac1320a56ea850b0a2c0f5430cf4eb20a45c078706980f08407e,d24fbe3839599a6a097188bae8cd47ce8083f27deef1341ae3086bf0d5a45bd1,87f63c0590d05baea263cdc42c6e1df2d063fa2def309ecb0283f3036bf33d46,87f63c0590d05baea263cdc42c6e1df2d063fa2def309ecb0283f3036bf33d46,1787978717.8974323,37301.733,18650918,0,0.9584569931030273,1.2136640548706055,1.556992530822754,-0.00133514404296875,-0.08030033111572266,0.00476837158203125,-0.0073261260986328125,-0.0024423599243164062,-0.0024423599243164062,0.0073261260986328125,-0.4322338104248047,-0.0073261260986328125,-0.08058643341064453,-2.4273509979248047,7.350425720214844,-1.5506715774536133,-0.07570171356201172,-0.10988998413085938,0.0,-2.900066321979313,6.543497977003547,-1.5797294879715327,0.026600734230867867,-0.006686757926076808
91,1,train,5,-1,-0.3490658503988659,0.7417267290002201,3,s,af3726fcacd0ac1320a56ea850b0a2c0f5430cf4eb20a45c078706980f08407e,d24fbe3839599a6a097188bae8cd47ce8083f27deef1341ae3086bf0d5a45bd1,87f63c0590d05baea263cdc42c6e1df2d063fa2def309ecb0283f3036bf33d46,87f63c0590d05baea263cdc42c6e1df2d063fa2def309ecb0283f3036bf33d46,1787978717.8994,37301.735,18650919,0,0.9584569931030273,1.2136640548706055,1.556992530822754,-0.00133514404296875,-0.08068180084228516,0.00476837158203125,-0.021978378295898438,-0.0024423599243164062,-0.0024423599243164062,-0.0073261260986328125,-0.40293121337890625,-0.0073261260986328125,-0.07570171356201172,-2.4410247802734375,7.377777099609375,-1.5506715774536133,-0.0659341812133789,-0.10988998413085938,0.0,-2.900037999157415,6.543469654181649,-1.5797011651496375,0.026707233865989825,-0.006691854510432842
91,1,train,5,-1,-0.3490658503988659,0.7436890660028439,3,s,af3726fcacd0ac1320a56ea850b0a2c0f5430cf4eb20a45c078706980f08407e,d24fbe3839599a6a097188bae8cd47ce8083f27deef1341ae3086bf0d5a45bd1,87f63c0590d05baea263cdc42c6e1df2d063fa2def309ecb0283f3036bf33d46,87f63c0590d05baea263cdc42c6e1df2d063fa2def309ecb0283f3036bf33d46,1787978717.9012895,37301.737,18650920,0,0.9584569931030273,1.2136640548706055,1.556992530822754,-0.00133514404296875,-0.08144474029541016,0.00476837158203125,-0.0073261260986328125,-0.0024423599243164062,-0.0024423599243164062,-0.021978378295898438,-0.40293121337890625,-0.0073261260986328125,-0.07570171356201172,-2.4410247802734375,7.295726776123047,-1.5506715774536133,-0.0610504150390625,-0.10500621795654297,0.0,-2.899981014020845,6.543412669045079,-1.5796441800130656,0.0269202214614946,-0.006702047206803903
91,1,train,5,-1,-0.3490658503988659,0.7455828370002564,3,s,af3726fcacd0ac1320a56ea850b0a2c0f5430cf4eb20a45c078706980f08407e,d24fbe3839599a6a097188bae8cd47ce8083f27deef1341ae3086bf0d5a45bd1,87f63c0590d05baea263cdc42c6e1df2d063fa2def309ecb0283f3036bf33d46,87f63c0590d05baea263cdc42c6e1df2d063fa2def309ecb0283f3036bf33d46,1787978717.9037542,37301.739,18650921,0,0.9584569931030273,1.2136640548706055,1.556992530822754,-0.00133514404296875,-0.08258914947509766,0.00476837158203125,-0.0073261260986328125,-0.0024423599243164062,-0.0024423599243164062,-0.0073261260986328125,-0.4322338104248047,-0.0073261260986328125,-0.07570171356201172,-2.4410247802734375,7.3094024658203125,-1.5506715774536133,-0.05128192901611328,-0.10500621795654297,0.0,-2.89989468764635,6.543326342670584,-1.5795578536385708,0.027239673435454907,-0.006717335059383895
91,1,train,5,-1,-0.3490658503988659,0.748045546002686,3,s,af3726fcacd0ac1320a56ea850b0a2c0f5430cf4eb20a45c078706980f08407e,d24fbe3839599a6a097188bae8cd47ce8083f27deef1341ae3086bf0d5a45bd1,87f63c0590d05baea263cdc42c6e1df2d063fa2def309ecb0283f3036bf33d46,87f63c0590d05baea263cdc42c6e1df2d063fa2def309ecb0283f3036bf33d46,1787978717.9050753,37301.741,18650922,0,0.9584569931030273,1.2136640548706055,1.556992530822754,-0.00133514404296875,-0.08335208892822266,0.00476837158203125,-0.0073261260986328125,-0.0024423599243164062,-0.0024423599243164062,-0.0073261260986328125,-0.4468860626220703,-0.0073261260986328125,-0.08058643341064453,-2.4410247802734375,7.377777099609375,-1.5506715774536133,-0.04151439666748047,-0.10988998413085938,0.0,-2.899836570999113,6.543268226023347,-1.579499736991335,0.027452621624450207,-0.006727526157801309
91,1,train,5,-1,-0.3490658503988659,0.7493636750004953,3,s,af3726fcacd0ac1320a56ea850b0a2c0f5430cf4eb20a45c078706980f08407e,d24fbe3839599a6a097188bae8cd47ce8083f27deef1341ae3086bf0d5a45bd1,87f63c0590d05baea263cdc42c6e1df2d063fa2def309ecb0283f3036bf33d46,87f63c0590d05baea263cdc42c6e1df2d063fa2def309ecb0283f3036bf33d46,1787978717.907463,37301.742999999995,18650923,0,0.9584569931030273,1.2136640548706055,1.556992530822754,-0.00133514404296875,-0.08411502838134766,0.00476837158203125,-0.0073261260986328125,-0.0024423599243164062,-0.0024423599243164062,-0.0073261260986328125,-0.4322338104248047,-0.0073261260986328125,-0.07570171356201172,-2.4410247802734375,7.405128479003906,-1.5457878112792969,-0.036629676818847656,-0.10988998413085938,0.0,-2.8997780018065824,6.5432096568308165,-1.5794411677988032,0.02766555383391735,-0.006737716606655937
91,1,train,5,-1,-0.3490658503988659,0.7517734409993864,3,s,af3726fcacd0ac1320a56ea850b0a2c0f5430cf4eb20a45c078706980f08407e,d24fbe3839599a6a097188bae8cd47ce8083f27deef1341ae3086bf0d5a45bd1,87f63c0590d05baea263cdc42c6e1df2d063fa2def309ecb0283f3036bf33d46,87f63c0590d05baea263cdc42c6e1df2d063fa2def309ecb0283f3036bf33d46,1787978717.909371,37301.744999999995,18650924,0,0.9584569931030273,1.2136640548706055,1.556992530822754,-0.00133514404296875,-0.08487796783447266,0.00476837158203125,-0.0073261260986328125,-0.0024423599243164062,-0.0024423599243164062,-0.0073261260986328125,-0.40293121337890625,-0.0073261260986328125,-0.07570171356201172,-2.4410247802734375,7.405128479003906,-1.540903091430664,-0.03174591064453125,-0.10500621795654297,0.0,-2.8997189801028447,6.543150635127079,-1.5793821460950663,0.027878469939913515,-0.006747906400016158
91,1,train,5,-1,-0.3490658503988659,0.7536631230032071,3,s,af3726fcacd0ac1320a56ea850b0a2c0f5430cf4eb20a45c078706980f08407e,d24fbe3839599a6a097188bae8cd47ce8083f27deef1341ae3086bf0d5a45bd1,87f63c0590d05baea263cdc42c6e1df2d063fa2def309ecb0283f3036bf33d46,87f63c0590d05baea263cdc42c6e1df2d063fa2def309ecb0283f3036bf33d46,1787978717.9113264,37301.746999999996,18650925,0,0.9584569931030273,1.2136640548706055,1.556992530822754,-0.00133514404296875,-0.08564090728759766,0.00476837158203125,-0.0073261260986328125,-0.0024423599243164062,-0.0024423599243164062,-0.0073261260986328125,-0.3589744567871094,-0.0073261260986328125,-0.07570171356201172,-2.4410247802734375,7.405128479003906,-1.5457878112792969,-0.026862144470214844,-0.10500621795654297,0.0,-2.899659505922258,6.543091160946492,-1.5793226719144804,0.028091369818505227,-0.006758095531950732
91,1,train,5,-1,-0.3490658503988659,0.7556193190030172,3,s,af3726fcacd0ac1320a56ea850b0a2c0f5430cf4eb20a45c078706980f08407e,d24fbe3839599a6a097188bae8cd47ce8083f27deef1341ae3086bf0d5a45bd1,87f63c0590d05baea263cdc42c6e1df2d063fa2def309ecb0283f3036bf33d46,87f63c0590d05baea263cdc42c6e1df2d063fa2def309ecb0283f3036bf33d46,1787978717.913244,37301.748999999996,18650926,0,0.9584569931030273,1.2136640548706055,1.556992530822754,-0.00133514404296875,-0.08602237701416016,0.00476837158203125,-0.021978378295898438,-0.0024423599243164062,-0.0024423599243164062,-0.0073261260986328125,-0.3589744567871094,-0.0073261260986328125,-0.08058643341064453,-2.4410247802734375,7.405128479003906,-1.5457878112792969,-0.026862144470214844,-0.10500621795654297,0.0,-2.8996295991639545,6.5430612541881885,-1.5792927651561761,0.028197813633797777,-0.006763189848029994
91,1,train,5,-1,-0.3490658503988659,0.7575373240033514,3,s,af3726fcacd0ac1320a56ea850b0a2c0f5430cf4eb20a45c078706980f08407e,d24fbe3839599a6a097188bae8cd47ce8083f27deef1341ae3086bf0d5a45bd1,87f63c0590d05baea263cdc42c6e1df2d063fa2def309ecb0283f3036bf33d46,87f63c0590d05baea263cdc42c6e1df2d063fa2def309ecb0283f3036bf33d46,1787978717.9151385,37301.751,18650927,0,0.9584569931030273,1.2136640548706055,1.556992530822754,-0.00133514404296875,-0.08716678619384766,0.00476837158203125,-0.0073261260986328125,-0.0024423599243164062,-0.0024423599243164062,-0.0073261260986328125,-0.40293121337890625,-0.0073261260986328125,-0.08058643341064453,-2.4273509979248047,7.418804168701172,-1.5457878112792969,-0.026862144470214844,-0.10988998413085938,0.0,-2.8995392002692753,6.542970855293509,-1.5792023662614965,0.028517120397788635,-0.006778471787819907
91,1,train,5,-1,-0.3490658503988659,0.759428568999283,3,s,af3726fcacd0ac1320a56ea850b0a2c0f5430cf4eb20a45c078706980f08407e,d24fbe3839599a6a097188bae8cd47ce8083f27deef1341ae3086bf0d5a45bd1,87f63c0590d05baea263cdc42c6e1df2d063fa2def309ecb0283f3036bf33d46,87f63c0590d05baea263cdc42c6e1df2d063fa2def309ecb0283f3036bf33d46,1787978717.9176052,37301.753,18650928,0,0.9584569931030273,1.2136640548706055,1.556992530822754,-0.00133514404296875,-0.08792972564697266,0.00476837158203125,-0.0073261260986328125,-0.0024423599243164062,-0.0024423599243164062,-0.0073261260986328125,-0.373626708984375,-0.0073261260986328125,-0.08058643341064453,-2.4410247802734375,7.405128479003906,-1.540903091430664,-0.03174591064453125,-0.10988998413085938,0.0,-2.899478368866905,6.542910023891139,-1.579141534859126,0.028729970850660883,-0.006788658899893965
91,1,train,5,-1,-0.3490658503988659,0.7618959130049916,3,s,af3726fcacd0ac1320a56ea850b0a2c0f5430cf4eb20a45c078706980f08407e,d24fbe3839599a6a097188bae8cd47ce8083f27deef1341ae3086bf0d5a45bd1,87f63c0590d05baea263cdc42c6e1df2d063fa2def309ecb0283f3036bf33d46,87f63c0590d05baea263cdc42c6e1df2d063fa2def309ecb0283f3036bf33d46,1787978717.9194393,37301.755,18650929,0,0.9584569931030273,1.2136640548706055,1.556992530822754,-0.00133514404296875,-0.08792972564697266,0.00476837158203125,-0.0073261260986328125,-0.0024423599243164062,-0.0024423599243164062,-0.0073261260986328125,-0.28571510314941406,-0.0073261260986328125,-0.08058643341064453,-2.4410247802734375,7.391452789306641,-1.540903091430664,-0.036629676818847656,-0.10988998413085938,0.0,-2.899478368866905,6.542910023891139,-1.579141534859126,0.028729970850660883,-0.006788658899893965
91,1,train,5,-1,-0.3490658503988659,0.7637237180024385,3,s,af3726fcacd0ac1320a56ea850b0a2c0f5430cf4eb20a45c078706980f08407e,d24fbe3839599a6a097188bae8cd47ce8083f27deef1341ae3086bf0d5a45bd1,87f63c0590d05baea263cdc42c6e1df2d063fa2def309ecb0283f3036bf33d46,87f63c0590d05baea263cdc42c6e1df2d063fa2def309ecb0283f3036bf33d46,1787978717.9212894,37301.757,18650930,0,0.9584569931030273,1.2136640548706055,1.556992530822754,-0.00133514404296875,-0.08831119537353516,0.00476837158203125,0.0073261260986328125,-0.0024423599243164062,-0.0024423599243164062,-0.021978378295898438,-0.27106285095214844,-0.0073261260986328125,-0.07570171356201172,-2.454700469970703,7.336753845214844,-1.540903091430664,-0.046398162841796875,-0.10988998413085938,0.0,-2.8994477835371977,6.542879438561432,-1.5791109495294198,0.028836389813698876,-0.006793752199371564
91,1,train,5,-1,-0.3490658503988659,0.7655722790004802,3,s,af3726fcacd0ac1320a56ea850b0a2c0f5430cf4eb20a45c078706980f08407e,d24fbe3839599a6a097188bae8cd47ce8083f27deef1341ae3086bf0d5a45bd1,87f63c0590d05baea263cdc42c6e1df2d063fa2def309ecb0283f3036bf33d46,87f63c0590d05baea263cdc42c6e1df2d063fa2def309ecb0283f3036bf33d46,1787978717.9231374,37301.759,18650931,0,0.9584569931030273,1.2136640548706055,1.556992530822754,-0.00133514404296875,-0.08907413482666016,0.00476837158203125,-0.0073261260986328125,-0.0024423599243164062,-0.0024423599243164062,-0.0073261260986328125,-0.27106285095214844,-0.0073261260986328125,-0.07570171356201172,-2.454700469970703,7.350425720214844,-1.5457878112792969,-0.05616569519042969,-0.10988998413085938,0.0,-2.8993862736429956,6.54281792866723,-1.5790494396352168,0.02904921513554867,-0.006803938281502033
91,1,train,5,-1,-0.3490658503988659,0.7674205990042537,3,s,af3726fcacd0ac1320a56ea850b0a2c0f5430cf4eb20a45c078706980f08407e,d24fbe3839599a6a097188bae8cd47ce8083f27deef1341ae3086bf0d5a45bd1,87f63c0590d05baea263cdc42c6e1df2d063fa2def309ecb0283f3036bf33d46,87f63c0590d05baea263cdc42c6e1df2d063fa2def309ecb0283f3036bf33d46,1787978717.9255543,37301.761,18650932,0,0.9584569931030273,1.2136640548706055,1.556992530822754,-0.00133514404296875,-0.08983707427978516,0.00476837158203125,-0.021978378295898438,-0.0024423599243164062,-0.0024423599243164062,-0.0073261260986328125,-0.3003654479980469,-0.0073261260986328125,-0.07570171356201172,-2.4410247802734375,7.364101409912109,-1.540903091430664,-0.0610504150390625,-0.10988998413085938,0.0,-2.899324311465603,6.542755966489837,-1.5789874774578248,0.02926202354853061,-0.0068141236695920095
91,1,train,5,-1,-0.3490658503988659,0.7698358449997613,3,s,af3726fcacd0ac1320a56ea850b0a2c0f5430cf4eb20a45c078706980f08407e,d24fbe3839599a6a097188bae8cd47ce8083f27deef1341ae3086bf0d5a45bd1,87f63c0590d05baea263cdc42c6e1df2d063fa2def309ecb0283f3036bf33d46,87f63c0590d05baea263cdc42c6e1df2d063fa2def309ecb0283f3036bf33d46,1787978717.927469,37301.763,18650933,0,0.9584569931030273,1.2136640548706055,1.556992530822754,-0.00133514404296875,-0.09021854400634766,0.00476837158203125,0.0073261260986328125,-0.0024423599243164062,-0.0024423599243164062,0.0073261260986328125,-0.3003654479980469,-0.0073261260986328125,-0.08058643341064453,-2.4410247802734375,7.391452789306641,-1.540903091430664,-0.07570171356201172,-0.10988998413085938,0.0,-2.8992931607819723,6.542724815806206,-1.5789563267741937,0.02936842137548613,-0.006819216101519085
91,1,train,5,-1,-0.3490658503988659,0.77178448199993,3,s,af3726fcacd0ac1320a56ea850b0a2c0f5430cf4eb20a45c078706980f08407e,d24fbe3839599a6a097188bae8cd47ce8083f27deef1341ae3086bf0d5a45bd1,87f63c0590d05baea263cdc42c6e1df2d063fa2def309ecb0283f3036bf33d46,87f63c0590d05baea263cdc42c6e1df2d063fa2def309ecb0283f3036bf33d46,1787978717.9294035,37301.765,18650934,0,0.9584569931030273,1.2136640548706055,1.556992530822754,-0.00133514404296875,-0.09098148345947266,0.00476837158203125,-0.0073261260986328125,-0.0024423599243164062,-0.0024423599243164062,0.0073261260986328125,-0.3150177001953125,-0.0073261260986328125,-0.08058643341064453,-2.4410247802734375,7.364101409912109,-1.5457878112792969,-0.10012245178222656,-0.10988998413085938,0.0,-2.8992305202475044,6.542662175271738,-1.578893686239726,0.02958120419291171,-0.006829400437432182
91,1,train,5,-1,-0.3490658503988659,0.7736906690042815,3,s,af3726fcacd0ac1320a56ea850b0a2c0f5430cf4eb20a45c078706980f08407e,d24fbe3839599a6a097188bae8cd47ce8083f27deef1341ae3086bf0d5a45bd1,87f63c0590d05baea263cdc42c6e1df2d063fa2def309ecb0283f3036bf33d46,87f63c0590d05baea263cdc42c6e1df2d063fa2def309ecb0283f3036bf33d46,1787978717.931319,37301.767,18650935,0,0.9584569931030273,1.2136640548706055,1.556992530822754,-0.00133514404296875,-0.09136295318603516,0.00476837158203125,-0.0073261260986328125,-0.0024423599243164062,-0.0024423599243164062,-0.0073261260986328125,-0.27106285095214844,0.0073261260986328125,-0.08058643341064453,-2.4410247802734375,7.295726776123047,-1.5506715774536133,-0.1196584701538086,-0.10988998413085938,0.0,-2.8991990304057835,6.542630685430018,-1.5788621963980043,0.029687589152417766,-0.006834492339936185
91,1,train,5,-1,-0.3490658503988659,0.775613832003728,3,s,af3726fcacd0ac1320a56ea850b0a2c0f5430cf4eb20a45c078706980f08407e,d24fbe3839599a6a097188bae8cd47ce8083f27deef1341ae3086bf0d5a45bd1,87f63c0590d05baea263cdc42c6e1df2d063fa2def309ecb0283f3036bf33d46,87f63c0590d05baea263cdc42c6e1df2d063fa2def309ecb0283f3036bf33d46,1787978717.9331996,37301.769,18650936,0,0.9584569931030273,1.2136640548706055,1.556992530822754,-0.00133514404296875,-0.09174442291259766,0.00476837158203125,0.0073261260986328125,-0.0024423599243164062,-0.0024423599243164062,-0.021978378295898438,-0.27106285095214844,-0.0073261260986328125,-0.08058643341064453,-2.454700469970703,7.323078155517578,-1.5506715774536133,-0.1343097686767578,-0.10500621795654297,0.0,-2.8991674275205077,6.542599082544742,-1.5788305935127294,0.029793969791811075,-0.00683958406448386
91,1,train,5,-1,-0.3490658503988659,0.7774932180036558,3,s,af3726fcacd0ac1320a56ea850b0a2c0f5430cf4eb20a45c078706980f08407e,d24fbe3839599a6a097188bae8cd47ce8083f27deef1341ae3086bf0d5a45bd1,87f63c0590d05baea263cdc42c6e1df2d063fa2def309ecb0283f3036bf33d46,87f63c0590d05baea263cdc42c6e1df2d063fa2def309ecb0283f3036bf33d46,1787978717.9350958,37301.771,18650937,0,0.9584569931030273,1.2136640548706055,1.556992530822754,-0.00133514404296875,-0.09250736236572266,0.00476837158203125,-0.0073261260986328125,-0.0024423599243164062,-0.0024423599243164062,-0.021978378295898438,-0.27106285095214844,-0.0073261260986328125,-0.08058643341064453,-2.454700469970703,7.350425720214844,-1.5506715774536133,-0.14407825469970703,-0.10500621795654297,0.0,-2.8991038826377085,6.5425355376619425,-1.5787670486299292,0.030006718048338387,-0.0068497669767464695
91,1,train,5,-1,-0.3490658503988659,0.7793879079981707,3,s,af3726fcacd0ac1320a56ea850b0a2c0f5430cf4eb20a45c078706980f08407e,d24fbe3839599a6a097188bae8cd47ce8083f27deef1341ae3086bf0d5a45bd1,87f63c0590d05baea263cdc42c6e1df2d063fa2def309ecb0283f3036bf33d46,87f63c0590d05baea263cdc42c6e1df2d063fa2def309ecb0283f3036bf33d46,1787978717.9375887,37301.773,18650938,0,0.9584569931030273,1.2136640548706055,1.556992530822754,-0.00133514404296875,-0.09288883209228516,0.00476837158203125,-0.0073261260986328125,-0.0024423599243164062,-0.0024423599243164062,-0.0073261260986328125,-0.28571510314941406,-0.021978378295898438,-0.07570171356201172,-2.4410247802734375,7.364101409912109,-1.5457878112792969,-0.14407825469970703,-0.10988998413085938,0.0,-2.8990719406494287,6.542503595673663,-1.5787351066416515,0.030113085634513443,-0.006854858162979597
91,1,train,5,-1,-0.3490658503988659,0.7818844200010062,3,s,af3726fcacd0ac1320a56ea850b0a2c0f5430cf4eb20a45c078706980f08407e,d24fbe3839599a6a097188bae8cd47ce8083f27deef1341ae3086bf0d5a45bd1,87f63c0590d05baea263cdc42c6e1df2d063fa2def309ecb0283f3036bf33d46,87f63c0590d05baea263cdc42c6e1df2d063fa2def309ecb0283f3036bf33d46,1787978717.9394796,37301.775,18650939,0,0.9584569931030273,1.2136640548706055,1.556992530822754,-0.00133514404296875,-0.09403419494628906,0.00476837158203125,-0.0073261260986328125,-0.0024423599243164062,-0.0024423599243164062,-0.0073261260986328125,-0.34432220458984375,-0.0073261260986328125,-0.08058643341064453,-2.4410247802734375,7.350425720214844,-1.5457878112792969,-0.14407825469970703,-0.10988998413085938,0.0,-2.8989753557086693,6.542407010732903,-1.578638521700891,0.030432427919385004,-0.006870143359569899
91,1,train,5,-1,-0.3490658503988659,0.7837719270028174,3,s,af3726fcacd0ac1320a56ea850b0a2c0f5430cf4eb20a45c078706980f08407e,d24fbe3839599a6a097188bae8cd47ce8083f27deef1341ae3086bf0d5a45bd1,87f63c0590d05baea263cdc42c6e1df2d063fa2def309ecb0283f3036bf33d46,87f63c0590d05baea263cdc42c6e1df2d063fa2def309ecb0283f3036bf33d46,1787978717.9413602,37301.777,18650940,0,0.9584569931030273,1.2136640548706055,1.556992530822754,-0.00133514404296875,-0.09479713439941406,0.00476837158203125,-0.0073261260986328125,-0.0024423599243164062,-0.0024423599243164062,-0.0073261260986328125,-0.373626708984375,-0.0073261260986328125,-0.08058643341064453,-2.4410247802734375,7.336753845214844,-1.540903091430664,-0.13919448852539062,-0.10988998413085938,0.0,-2.898910454016407,6.542342109040641,-1.5785736200086289,0.030645123383602375,-0.006880324090984154
91,1,train,5,-1,-0.3490658503988659,0.7856502450013068,3,s,af3726fcacd0ac1320a56ea850b0a2c0f5430cf4eb20a45c078706980f08407e,d24fbe3839599a6a097188bae8cd47ce8083f27deef1341ae3086bf0d5a45bd1,87f63c0590d05baea263cdc42c6e1df2d063fa2def309ecb0283f3036bf33d46,87f63c0590d05baea263cdc42c6e1df2d063fa2def309ecb0283f3036bf33d46,1787978717.9432783,37301.778999999995,18650941,0,0.9584569931030273,1.2136640548706055,1.556992530822754,-0.00133514404296875,-0.09556007385253906,0.00476837158203125,-0.021978378295898438,-0.0024423599243164062,-0.0024423599243164062,-0.0073261260986328125,-0.3589744567871094,-0.0073261260986328125,-0.07570171356201172,-2.4410247802734375,7.323078155517578,-1.540903091430664,-0.13919448852539062,-0.10988998413085938,0.0,-2.8988451003179203,6.542276755342154,-1.5785082663101415,0.030857801010011125,-0.006890504083895528
91,1,train,5,-1,-0.3490658503988659,0.787572255001578,3,s,af3726fcacd0ac1320a56ea850b0a2c0f5430cf4eb20a45c078706980f08407e,d24fbe3839599a6a097188bae8cd47ce8083f27deef1341ae3086bf0d5a45bd1,87f63c0590d05baea263cdc42c6e1df2d063fa2def309ecb0283f3036bf33d46,87f63c0590d05baea263cdc42c6e1df2d063fa2def309ecb0283f3036bf33d46,1787978717.9451845,37301.780999999995,18650942,0,0.9584569931030273,1.2136640548706055,1.556992530822754,-0.00133514404296875,-0.09594154357910156,0.00476837158203125,-0.021978378295898438,-0.0024423599243164062,-0.0024423599243164062,-0.021978378295898438,-0.3150177001953125,0.0073261260986328125,-0.07570171356201172,-2.4410247802734375,7.350425720214844,-1.540903091430664,-0.13919448852539062,-0.10988998413085938,0.0,-2.898812253978219,6.542243909002453,-1.57847541997044,0.030964133095351017,-0.006895593801560883
91,1,train,5,-1,-0.3490658503988659,0.7894778340050834,3,s,af3726fcacd0ac1320a56ea850b0a2c0f5430cf4eb20a45c078706980f08407e,d24fbe3839599a6a097188bae8cd47ce8083f27deef1341ae3086bf0d5a45bd1,87f63c0590d05baea263cdc42c6e1df2d063fa2def309ecb0283f3036bf33d46,87f63c0590d05baea263cdc42c6e1df2d063fa2def309ecb0283f3036bf33d46,1787978717.9477375,37301.782999999996,18650943,0,0.9584569931030273,1.2136640548706055,1.556992530822754,-0.00133514404296875,-0.09670448303222656,0.00476837158203125,-0.0073261260986328125,-0.0024423599243164062,-0.0024423599243164062,-0.0073261260986328125,-0.34432220458984375,-0.0073261260986328125,-0.07570171356201172,-2.454700469970703,7.350425720214844,-1.540903091430664,-0.1343097686767578,-0.10988998413085938,0.0,-2.8987462223418023,6.542177877366036,-1.5784093883340238,0.031176783732935066,-0.006905772675607687
91,1,train,5,-1,-0.3490658503988659,0.7920521720006946,3,s,af3726fcacd0ac1320a56ea850b0a2c0f5430cf4eb20a45c078706980f08407e,d24fbe3839599a6a097188bae8cd47ce8083f27deef1341ae3086bf0d5a45bd1,87f63c0590d05baea263cdc42c6e1df2d063fa2def309ecb0283f3036bf33d46,87f63c0590d05baea263cdc42c6e1df2d063fa2def309ecb0283f3036bf33d46,1787978717.9490893,37301.784999999996,18650944,0,0.9584569931030273,1.2136640548706055,1.556992530822754,-0.00133514404296875,-0.09746742248535156,0.00476837158203125,0.0073261260986328125,-0.0024423599243164062,-0.0024423599243164062,0.0073261260986328125,-0.373626708984375,-0.0073261260986328125,-0.08058643341064453,-2.454700469970703,7.323078155517578,-1.540903091430664,-0.1294260025024414,-0.10988998413085938,0.0,-2.8986797387947543,6.542111393818988,-1.5783429047869766,0.03138941622324345,-0.006915950796338581
91,1,train,5,-1,-0.3490658503988659,0.7933803370033274,3,s,af3726fcacd0ac1320a56ea850b0a2c0f5430cf4eb20a45c078706980f08407e,d24fbe3839599a6a097188bae8cd47ce8083f27deef1341ae3086bf0d5a45bd1,87f63c0590d05baea263cdc42c6e1df2d063fa2def309ecb0283f3036bf33d46,87f63c0590d05baea263cdc42c6e1df2d063fa2def309ecb0283f3036bf33d46,1787978717.9515712,37301.787,18650945,0,0.9584569931030273,1.2136640548706055,1.556992530822754,-0.00133514404296875,-0.09823036193847656,0.00476837158203125,-0.0073261260986328125,-0.0024423599243164062,-0.0024423599243164062,0.0073261260986328125,-0.373626708984375,-0.021978378295898438,-0.08058643341064453,-2.454700469970703,7.336753845214844,-1.540903091430664,-0.1196584701538086,-0.10988998413085938,0.0,-2.898612803375776,6.54204445840001,-1.5782759693679982,0.03160203044250774,-0.006926128157829118
91,1,train,5,-1,-0.3490658503988659,0.795862835002481,3,s,af3726fcacd0ac1320a56ea850b0a2c0f5430cf4eb20a45c078706980f08407e,d24fbe3839599a6a097188bae8cd47ce8083f27deef1341ae3086bf0d5a45bd1,87f63c0590d05baea263cdc42c6e1df2d063fa2def309ecb0283f3036bf33d46,87f63c0590d05baea263cdc42c6e1df2d063fa2def309ecb0283f3036bf33d46,1787978717.9534447,37301.789,18650946,0,0.9584569931030273,1.2136640548706055,1.556992530822754,-0.00133514404296875,-0.09899330139160156,0.00476837158203125,0.0073261260986328125,-0.0024423599243164062,-0.0024423599243164062,-0.0073261260986328125,-0.373626708984375,-0.0073261260986328125,-0.08058643341064453,-2.4410247802734375,7.377777099609375,-1.5457878112792969,-0.1196584701538086,-0.10988998413085938,0.0,-2.8985454161238287,6.541977071148063,-1.5782085821160499,0.031814626266970215,-0.006936304754155298
91,1,train,5,-1,-0.3490658503988659,0.7977319249985158,3,s,af3726fcacd0ac1320a56ea850b0a2c0f5430cf4eb20a45c078706980f08407e,d24fbe3839599a6a097188bae8cd47ce8083f27deef1341ae3086bf0d5a45bd1,87f63c0590d05baea263cdc42c6e1df2d063fa2def309ecb0283f3036bf33d46,87f63c0590d05baea263cdc42c6e1df2d063fa2def309ecb0283f3036bf33d46,1787978717.9553485,37301.791,18650947,0,0.9584569931030273,1.2136640548706055,1.556992530822754,-0.00133514404296875,-0.09937477111816406,0.00476837158203125,-0.021978378295898438,-0.0024423599243164062,-0.0024423599243164062,-0.021978378295898438,-0.3589744567871094,-0.0073261260986328125,-0.08058643341064453,-2.4410247802734375,7.364101409912109,-1.5457878112792969,-0.11477375030517578,-0.10988998413085938,0.0,-2.8985115530727383,6.541943208096972,-1.578174719064959,0.03192091724247939,-0.0069413927635306235
91,1,train,5,-1,-0.3490658503988659,0.7996404450022965,3,s,af3726fcacd0ac1320a56ea850b0a2c0f5430cf4eb20a45c078706980f08407e,d24fbe3839599a6a097188bae8cd47ce8083f27deef1341ae3086bf0d5a45bd1,87f63c0590d05baea263cdc42c6e1df2d063fa2def309ecb0283f3036bf33d46,87f63c0590d05baea263cdc42c6e1df2d063fa2def309ecb0283f3036bf33d46,1787978717.9572673,37301.793,18650948,0,0.9584569931030273,1.2136640548706055,1.556992530822754,-0.00133514404296875,-0.10051918029785156,0.00476837158203125,-0.0073261260986328125,-0.0024423599243164062,-0.0024423599243164062,-0.021978378295898438,-0.373626708984375,-0.0073261260986328125,-0.08058643341064453,-2.4410247802734375,7.364101409912109,-1.5457878112792969,-0.10500621795654297,-0.10500621795654297,0.0,-2.898409286278182,6.541840941302416,-1.578072452270404,0.03223976223651224,-0.006956655627620796
91,1,train,5,-1,-0.3490658503988659,0.8015596460027155,3,s,af3726fcacd0ac1320a56ea850b0a2c0f5430cf4eb20a45c078706980f08407e,d24fbe3839599a6a097188bae8cd47ce8083f27deef1341ae3086bf0d5a45bd1,87f63c0590d05baea263cdc42c6e1df2d063fa2def309ecb0283f3036bf33d46,87f63c0590d05baea263cdc42c6e1df2d063fa2def309ecb0283f3036bf33d46,1787978717.9591806,37301.795,18650949,0,0.9584569931030273,1.2136640548706055,1.556992530822754,-0.00133514404296875,-0.10128211975097656,0.00476837158203125,-0.0073261260986328125,-0.0024423599243164062,-0.0024423599243164062,-0.0073261260986328125,-0.3882789611816406,-0.0073261260986328125,-0.08058643341064453,-2.454700469970703,7.350425720214844,-1.5457878112792969,-0.09523773193359375,-0.10988998413085938,0.0,-2.8983405437637244,6.5417721987879585,-1.5780037097559447,0.032452302134130126,-0.006966829892914349
91,1,train,5,-1,-0.3490658503988659,0.8034740270013572,3,s,af3726fcacd0ac1320a56ea850b0a2c0f5430cf4eb20a45c078706980f08407e,d24fbe3839599a6a097188bae8cd47ce8083f27deef1341ae3086bf0d5a45bd1,87f63c0590d05baea263cdc42c6e1df2d063fa2def309ecb0283f3036bf33d46,87f63c0590d05baea263cdc42c6e1df2d063fa2def309ecb0283f3036bf33d46,1787978717.961094,37301.797,18650950,0,0.9584569931030273,1.2136640548706055,1.556992530822754,-0.00133514404296875,-0.10204505920410156,0.00476837158203125,-0.0073261260986328125,-0.0024423599243164062,-0.0024423599243164062,-0.0073261260986328125,-0.41758155822753906,-0.0073261260986328125,-0.08058643341064453,-2.454700469970703,7.364101409912109,-1.5457878112792969,-0.08547019958496094,-0.10988998413085938,0.0,-2.8982713495747716,6.541703004599006,-1.5779345155669917,0.03266482314202292,-0.006977003369352015
91,1,train,5,-1,-0.3490658503988659,0.8053883559987298,3,s,af3726fcacd0ac1320a56ea850b0a2c0f5430cf4eb20a45c078706980f08407e,d24fbe3839599a6a097188bae8cd47ce8083f27deef1341ae3086bf0d5a45bd1,87f63c0590d05baea263cdc42c6e1df2d063fa2def309ecb0283f3036bf33d46,87f63c0590d05baea263cdc42c6e1df2d063fa2def309ecb0283f3036bf33d46,1787978717.9636042,37301.799,18650951,0,0.9584569931030273,1.2136640548706055,1.556992530822754,-0.00133514404296875,-0.10280799865722656,0.00476837158203125,-0.0073261260986328125,-0.0024423599243164062,-0.0024423599243164062,-0.0073261260986328125,-0.40293121337890625,-0.0073261260986328125,-0.08058643341064453,-2.454700469970703,7.391452789306641,-1.5457878112792969,-0.08058643341064453,-0.10988998413085938,0.0,-2.898201703751599,6.541633358775833,-1.5778648697438198,0.03287732513648714,-0.0069871760510120525
91,1,train,5,-1,-0.3490658503988659,0.8078996399999596,3,s,af3726fcacd0ac1320a56ea850b0a2c0f5430cf4eb20a45c078706980f08407e,d24fbe3839599a6a097188bae8cd47ce8083f27deef1341ae3086bf0d5a45bd1,87f63c0590d05baea263cdc42c6e1df2d063fa2def309ecb0283f3036bf33d46,87f63c0590d05baea263cdc42c6e1df2d063fa2def309ecb0283f3036bf33d46,1787978717.965519,37301.801,18650952,0,0.9584569931030273,1.2136640548706055,1.556992530822754,-0.00133514404296875,-0.10318946838378906,0.00476837158203125,-0.0073261260986328125,-0.0024423599243164062,-0.0024423599243164062,-0.0073261260986328125,-0.3589744567871094,-0.0073261260986328125,-0.08058643341064453,-2.4410247802734375,7.405128479003906,-1.5457878112792969,-0.07570171356201172,-0.10988998413085938,0.0,-2.8981667114898406,6.541598366514075,-1.5778298774820618,0.03298356896502921,-0.006992262091950045
91,1,train,5,-1,-0.3490658503988659,0.8098129240024718,3,s,af3726fcacd0ac1320a56ea850b0a2c0f5430cf4eb20a45c078706980f08407e,d24fbe3839599a6a097188bae8cd47ce8083f27deef1341ae3086bf0d5a45bd1,87f63c0590d05baea263cdc42c6e1df2d063fa2def309ecb0283f3036bf33d46,87f63c0590d05baea263cdc42c6e1df2d063fa2def309ecb0283f3036bf33d46,1787978717.9674306,37301.803,18650953,0,0.9584569931030273,1.2136640548706055,1.556992530822754,-0.00133514404296875,-0.10395240783691406,0.00476837158203125,-0.0073261260986328125,-0.0024423599243164062,-0.0024423599243164062,-0.0073261260986328125,-0.3589744567871094,-0.0073261260986328125,-0.08058643341064453,-2.4410247802734375,7.405128479003906,-1.5457878112792969,-0.07081794738769531,-0.10988998413085938,0.0,-2.898096388291435,6.541528043315669,-1.5777595542836569,0.03319604220743076,-0.007002433570341388
91,1,train,5,-1,-0.3490658503988659,0.8117412490028073,3,s,af3726fcacd0ac1320a56ea850b0a2c0f5430cf4eb20a45c078706980f08407e,d24fbe3839599a6a097188bae8cd47ce8083f27deef1341ae3086bf0d5a45bd1,87f63c0590d05baea263cdc42c6e1df2d063fa2def309ecb0283f3036bf33d46,87f63c0590d05baea263cdc42c6e1df2d063fa2def309ecb0283f3036bf33d46,1787978717.9693465,37301.805,18650954,0,0.9584569931030273,1.2136640548706055,1.556992530822754,-0.00133514404296875,-0.10509681701660156,0.00476837158203125,-0.0073261260986328125,-0.0024423599243164062,-0.0024423599243164062,-0.021978378295898438,-0.40293121337890625,-0.0073261260986328125,-0.08058643341064453,-2.4410247802734375,7.3094024658203125,-1.5506715774536133,-0.0610504150390625,-0.10988998413085938,0.0,-2.897990056883486,6.54142171190772,-1.5776532228757072,0.03351471580243983,-0.007017689268115938
91,1,train,5,-1,-0.3490658503988659,0.8136390910003684,3,s,af3726fcacd0ac1320a56ea850b0a2c0f5430cf4eb20a45c078706980f08407e,d24fbe3839599a6a097188bae8cd47ce8083f27deef1341ae3086bf0d5a45bd1,87f63c0590d05baea263cdc42c6e1df2d063fa2def309ecb0283f3036bf33d46,87f63c0590d05baea263cdc42c6e1df2d063fa2def309ecb0283f3036bf33d46,1787978717.9712198,37301.807,18650955,0,0.9584569931030273,1.2136640548706055,1.556992530822754,-0.00133514404296875,-0.10585975646972656,0.00476837158203125,-0.021978378295898438,-0.0024423599243164062,-0.0024423599243164062,-0.0073261260986328125,-0.4322338104248047,-0.0073261260986328125,-0.07570171356201172,-2.4410247802734375,7.336753845214844,-1.5457878112792969,-0.05128192901611328,-0.10988998413085938,0.0,-2.8979186049314634,6.541350259955697,-1.5775817709236855,0.0337271405063772,-0.007027858711457346
91,1,train,5,-1,-0.3490658503988659,0.8155080190044828,3,s,af3726fcacd0ac1320a56ea850b0a2c0f5430cf4eb20a45c078706980f08407e,d24fbe3839599a6a097188bae8cd47ce8083f27deef1341ae3086bf0d5a45bd1,87f63c0590d05baea263cdc42c6e1df2d063fa2def309ecb0283f3036bf33d46,87f63c0590d05baea263cdc42c6e1df2d063fa2def309ecb0283f3036bf33d46,1787978717.9731433,37301.809,18650956,0,0.9584569931030273,1.2136640548706055,1.556992530822754,-0.00133514404296875,-0.10700416564941406,0.00476837158203125,-0.0073261260986328125,-0.0024423599243164062,-0.0024423599243164062,0.0073261260986328125,-0.46153831481933594,-0.0073261260986328125,-0.07570171356201172,-2.4410247802734375,7.323078155517578,-1.5457878112792969,-0.05128192901611328,-0.10988998413085938,0.0,-2.897810580587325,6.541242235611559,-1.5774737465795474,0.03404574071406159,-0.007043111328908532
91,1,train,5,-1,-0.3490658503988659,0.8174363660000381,3,s,af3726fcacd0ac1320a56ea850b0a2c0f5430cf4eb20a45c078706980f08407e,d24fbe3839599a6a097188bae8cd47ce8083f27deef1341ae3086bf0d5a45bd1,87f63c0590d05baea263cdc42c6e1df2d063fa2def309ecb0283f3036bf33d46,87f63c0590d05baea263cdc42c6e1df2d063fa2def309ecb0283f3036bf33d46,1787978717.9755788,37301.811,18650957,0,0.9584569931030273,1.2136640548706055,1.556992530822754,-0.00133514404296875,-0.10776710510253906,0.00476837158203125,0.0073261260986328125,-0.0024423599243164062,-0.0024423599243164062,-0.0073261260986328125,-0.4322338104248047,-0.0073261260986328125,-0.08058643341064453,-2.4410247802734375,7.350425720214844,-1.5457878112792969,-0.04151439666748047,-0.10988998413085938,0.0,-2.897738000141629,6.541169655165863,-1.5774011661338496,0.03425811610673843,-0.007053278700203794
91,1,train,5,-1,-0.3490658503988659,0.8198642370043672,3,s,af3726fcacd0ac1320a56ea850b0a2c0f5430cf4eb20a45c078706980f08407e,d24fbe3839599a6a097188bae8cd47ce8083f27deef1341ae3086bf0d5a45bd1,87f63c0590d05baea263cdc42c6e1df2d063fa2def309ecb0283f3036bf33d46,87f63c0590d05baea263cdc42c6e1df2d063fa2def309ecb0283f3036bf33d46,1787978717.9774694,37301.813,18650958,0,0.9584569931030273,1.2136640548706055,1.556992530822754,-0.00133514404296875,-0.10853004455566406,0.00476837158203125,-0.0073261260986328125,-0.0024423599243164062,-0.0024423599243164062,-0.021978378295898438,-0.4322338104248047,-0.0073261260986328125,-0.08058643341064453,-2.4410247802734375,7.377777099609375,-1.5457878112792969,-0.03174591064453125,-0.10500621795654297,0.0,-2.897664968372163,6.541096623396397,-1.5773281343643846,0.03447047155856818,-0.007063445232323348
91,1,train,5,-1,-0.3490658503988659,0.8217568740001298,3,s,af3726fcacd0ac1320a56ea850b0a2c0f5430cf4eb20a45c078706980f08407e,d24fbe3839599a6a097188bae8cd47ce8083f27deef1341ae3086bf0d5a45bd1,87f63c0590d05baea263cdc42c6e1df2d063fa2def309ecb0283f3036bf33d46,87f63c0590d05baea263cdc42c6e1df2d063fa2def309ecb0283f3036bf33d46,1787978717.9793556,37301.814999999995,18650959,0,0.9584569931030273,1.2136640548706055,1.556992530822754,-0.00133514404296875,-0.10967445373535156,0.00476837158203125,-0.0073261260986328125,-0.0024423599243164062,-0.0024423599243164062,-0.0073261260986328125,-0.46153831481933594,-0.0073261260986328125,-0.08058643341064453,-2.4410247802734375,7.405128479003906,-1.5457878112792969,-0.021978378295898438,-0.10988998413085938,0.0,-2.897554574578963,6.540986229603197,-1.5772177405711847,0.034788967076837096,-0.007078693444103383
91,1,train,5,-1,-0.3490658503988659,0.8236467090027872,3,s,af3726fcacd0ac1320a56ea850b0a2c0f5430cf4eb20a45c078706980f08407e,d24fbe3839599a6a097188bae8cd47ce8083f27deef1341ae3086bf0d5a45bd1,87f63c0590d05baea263cdc42c6e1df2d063fa2def309ecb0283f3036bf33d46,87f63c0590d05baea263cdc42c6e1df2d063fa2def309ecb0283f3036bf33d46,1787978717.9812896,37301.816999999995,18650960,0,0.9584569931030273,1.2136640548706055,1.556992530822754,-0.00133514404296875,-0.11005592346191406,0.00476837158203125,-0.0073261260986328125,-0.0024423599243164062,-0.0024423599243164062,-0.0073261260986328125,-0.40293121337890625,-0.0073261260986328125,-0.07570171356201172,-2.4410247802734375,7.391452789306641,-1.5457878112792969,-0.021978378295898438,-0.10988998413085938,0.0,-2.8975175510322333,6.540949206056467,-1.5771807170244545,0.03489512214526955,-0.00708377575536501
91,1,train,5,-1,-0.3490658503988659,0.8255815770025947,3,s,af3726fcacd0ac1320a56ea850b0a2c0f5430cf4eb20a45c078706980f08407e,d24fbe3839599a6a097188bae8cd47ce8083f27deef1341ae3086bf0d5a45bd1,87f63c0590d05baea263cdc42c6e1df2d063fa2def309ecb0283f3036bf33d46,87f63c0590d05baea263cdc42c6e1df2d063fa2def309ecb0283f3036bf33d46,1787978717.9831896,37301.818999999996,18650961,0,0.9584569931030273,1.2136640548706055,1.556992530822754,-0.00133514404296875,-0.11081886291503906,0.00476837158203125,-0.0073261260986328125,-0.0024423599243164062,-0.0024423599243164062,-0.021978378295898438,-0.373626708984375,-0.0073261260986328125,-0.07570171356201172,-2.4410247802734375,7.405128479003906,-1.5457878112792969,-0.021978378295898438,-0.10988998413085938,0.0,-2.897443165547576,6.54087482057181,-1.577106331539798,0.03510741703296199,-0.007093939734453196
91,1,train,5,-1,-0.3490658503988659,0.8274831550006638,3,s,af3726fcacd0ac1320a56ea850b0a2c0f5430cf4eb20a45c078706980f08407e,d24fbe3839599a6a097188bae8cd47ce8083f27deef1341ae3086bf0d5a45bd1,87f63c0590d05baea263cdc42c6e1df2d063fa2def309ecb0283f3036bf33d46,87f63c0590d05baea263cdc42c6e1df2d063fa2def309ecb0283f3036bf33d46,1787978717.9851003,37301.820999999996,18650962,0,0.9584569931030273,1.2136640548706055,1.556992530822754,-0.00133514404296875,-0.11120033264160156,0.00476837158203125,-0.0073261260986328125,-0.0024423599243164062,-0.0024423599243164062,-0.021978378295898438,-0.3150177001953125,-0.0073261260986328125,-0.07570171356201172,-2.4410247802734375,7.418804168701172,-1.5457878112792969,-0.021978378295898438,-0.10988998413085938,0.0,-2.897405803620475,6.54083745864471,-1.5770689696126967,0.03521355682132901,-0.007099021400800704
91,1,train,5,-1,-0.3490658503988659,0.8293904700040002,3,s,af3726fcacd0ac1320a56ea850b0a2c0f5430cf4eb20a45c078706980f08407e,d24fbe3839599a6a097188bae8cd47ce8083f27deef1341ae3086bf0d5a45bd1,87f63c0590d05baea263cdc42c6e1df2d063fa2def309ecb0283f3036bf33d46,87f63c0590d05baea263cdc42c6e1df2d063fa2def309ecb0283f3036bf33d46,1787978717.9876559,37301.823,18650963,0,0.9584569931030273,1.2136640548706055,1.556992530822754,-0.00133514404296875,-0.11234474182128906,0.00476837158203125,-0.0073261260986328125,-0.0024423599243164062,-0.0024423599243164062,-0.0073261260986328125,-0.3882789611816406,-0.0073261260986328125,-0.07570171356201172,-2.4410247802734375,7.4324798583984375,-1.5457878112792969,-0.017093658447265625,-0.10988998413085938,0.0,-2.8972930411653706,6.540724696189605,-1.5769562071575913,0.03553194537917109,-0.0071142650981832175
91,1,train,5,-1,-0.3490658503988659,0.8319700290012406,3,s,af3726fcacd0ac1320a56ea850b0a2c0f5430cf4eb20a45c078706980f08407e,d24fbe3839599a6a097188bae8cd47ce8083f27deef1341ae3086bf0d5a45bd1,87f63c0590d05baea263cdc42c6e1df2d063fa2def309ecb0283f3036bf33d46,87f63c0590d05baea263cdc42c6e1df2d063fa2def309ecb0283f3036bf33d46,1787978717.9895759,37301.825,18650964,0,0.9584569931030273,1.2136640548706055,1.556992530822754,-0.00133514404296875,-0.11310768127441406,0.00476837158203125,-0.0073261260986328125,-0.0024423599243164062,-0.0024423599243164062,0.0073261260986328125,-0.40293121337890625,-0.0073261260986328125,-0.07570171356201172,-2.4410247802734375,7.350425720214844,-1.5457878112792969,-0.017093658447265625,-0.10988998413085938,0.0,-2.897217302355205,6.540648957379439,-1.5768804683474265,0.03574417859057972,-0.007124426470994132
91,1,train,5,-1,-0.3490658503988659,0.8338627880002605,3,s,af3726fcacd0ac1320a56ea850b0a2c0f5430cf4eb20a45c078706980f08407e,d24fbe3839599a6a097188bae8cd47ce8083f27deef1341ae3086bf0d5a45bd1,87f63c0590d05baea263cdc42c6e1df2d063fa2def309ecb0283f3036bf33d46,87f63c0590d05baea263cdc42c6e1df2d063fa2def309ecb0283f3036bf33d46,1787978717.9914613,37301.827,18650965,0,0.9584569931030273,1.2136640548706055,1.556992530822754,-0.00133514404296875,-0.11348915100097656,0.00476837158203125,0.0073261260986328125,-0.0024423599243164062,-0.0024423599243164062,-0.021978378295898438,-0.3589744567871094,-0.0073261260986328125,-0.08058643341064453,-2.4410247802734375,7.282051086425781,-1.5506715774536133,-0.017093658447265625,-0.10988998413085938,0.0,-2.8971792638146012,6.540610918838835,-1.576842429806822,0.0358502874018111,-0.007129506827548302
91,1,train,5,-1,-0.3490658503988659,0.8357475939992582,3,s,af3726fcacd0ac1320a56ea850b0a2c0f5430cf4eb20a45c078706980f08407e,d24fbe3839599a6a097188bae8cd47ce8083f27deef1341ae3086bf0d5a45bd1,87f63c0590d05baea263cdc42c6e1df2d063fa2def309ecb0283f3036bf33d46,87f63c0590d05baea263cdc42c6e1df2d063fa2def309ecb0283f3036bf33d46,1787978717.9933472,37301.829,18650966,0,0.9584569931030273,1.2136640548706055,1.556992530822754,-0.00133514404296875,-0.11425209045410156,0.00476837158203125,-0.0073261260986328125,-0.0024423599243164062,-0.0024423599243164062,0.0073261260986328125,-0.3150177001953125,0.0073261260986328125,-0.08058643341064453,-2.4410247802734375,7.227352142333984,-1.5457878112792969,-0.021978378295898438,-0.10500621795654297,0.0,-2.8971028484900283,6.540534503514262,-1.5767660144822486,0.03606248935812363,-0.007139666877257623
91,1,train,5,-1,-0.3490658503988659,0.837640363999526,3,s,af3726fcacd0ac1320a56ea850b0a2c0f5430cf4eb20a45c078706980f08407e,d24fbe3839599a6a097188bae8cd47ce8083f27deef1341ae3086bf0d5a45bd1,87f63c0590d05baea263cdc42c6e1df2d063fa2def309ecb0283f3036bf33d46,87f63c0590d05baea263cdc42c6e1df2d063fa2def309ecb0283f3036bf33d46,1787978717.9952366,37301.831,18650967,0,0.9584569931030273,1.2136640548706055,1.556992530822754,-0.00133514404296875,-0.11425209045410156,0.00476837158203125,-0.0073261260986328125,-0.0024423599243164062,-0.0024423599243164062,-0.0073261260986328125,-0.28571510314941406,0.0073261260986328125,-0.08058643341064453,-2.4410247802734375,7.295726776123047,-1.5457878112792969,-0.03174591064453125,-0.10500621795654297,0.0,-2.8971028484900283,6.540534503514262,-1.5767660144822486,0.03606248935812363,-0.007139666877257623
91,1,train,5,-1,-0.3490658503988659,0.8395269969987567,3,s,af3726fcacd0ac1320a56ea850b0a2c0f5430cf4eb20a45c078706980f08407e,d24fbe3839599a6a097188bae8cd47ce8083f27deef1341ae3086bf0d5a45bd1,87f63c0590d05baea263cdc42c6e1df2d063fa2def309ecb0283f3036bf33d46,87f63c0590d05baea263cdc42c6e1df2d063fa2def309ecb0283f3036bf33d46,1787978717.997213,37301.833,18650968,0,0.9584569931030273,1.2136640548706055,1.556992530822754,-0.00133514404296875,-0.11501502990722656,0.00476837158203125,-0.0073261260986328125,-0.0024423599243164062,-0.0024423599243164062,-0.021978378295898438,-0.27106285095214844,-0.0073261260986328125,-0.08058643341064453,-2.4410247802734375,7.323078155517578,-1.5506715774536133,-0.04151439666748047,-0.10500621795654297,0.0,-2.897025982211392,6.540457637235626,-1.576689148203614,0.03627467032330566,-0.007149826037506694
91,1,train,5,-1,-0.3490658503988659,0.8415082179999445,3,s,af3726fcacd0ac1320a56ea850b0a2c0f5430cf4eb20a45c078706980f08407e,d24fbe3839599a6a097188bae8cd47ce8083f27deef1341ae3086bf0d5a45bd1,87f63c0590d05baea263cdc42c6e1df2d063fa2def309ecb0283f3036bf33d46,87f63c0590d05baea263cdc42c6e1df2d063fa2def309ecb0283f3036bf33d46,1787978717.999116,37301.835,18650969,0,0.9584569931030273,1.2136640548706055,1.556992530822754,-0.00133514404296875,-0.11539649963378906,0.00476837158203125,-0.0073261260986328125,-0.0024423599243164062,-0.0024423599243164062,-0.0073261260986328125,-0.2564105987548828,-0.021978378295898438,-0.08058643341064453,-2.4410247802734375,7.364101409912109,-1.5457878112792969,-0.05128192901611328,-0.10988998413085938,0.0,-2.8969873799782753,6.540419035002509,-1.576650545970496,0.036380752895626776,-0.007154905282235678
91,1,train,5,-1,-0.3490658503988659,0.8434039420026238,3,s,af3726fcacd0ac1320a56ea850b0a2c0f5430cf4eb20a45c078706980f08407e,d24fbe3839599a6a097188bae8cd47ce8083f27deef1341ae3086bf0d5a45bd1,87f63c0590d05baea263cdc42c6e1df2d063fa2def309ecb0283f3036bf33d46,87f63c0590d05baea263cdc42c6e1df2d063fa2def309ecb0283f3036bf33d46,1787978718.0016675,37301.837,18650970,0,0.9584569931030273,1.2136640548706055,1.556992530822754,-0.00133514404296875,-0.11615943908691406,0.00476837158203125,0.0073261260986328125,-0.0024423599243164062,-0.0024423599243164062,0.021978378295898438,-0.3003654479980469,-0.021978378295898438,-0.08058643341064453,-2.4410247802734375,7.364101409912109,-1.5457878112792969,-0.0659341812133789,-0.10988998413085938,0.0,-2.896909837352522,6.540341492376756,-1.576573003344744,0.03659290214254394,-0.0071650630972069015
91,1,train,5,-1,-0.3490658503988659,0.8459604750023573,3,s,af3726fcacd0ac1320a56ea850b0a2c0f5430cf4eb20a45c078706980f08407e,d24fbe3839599a6a097188bae8cd47ce8083f27deef1341ae3086bf0d5a45bd1,87f63c0590d05baea263cdc42c6e1df2d063fa2def309ecb0283f3036bf33d46,87f63c0590d05baea263cdc42c6e1df2d063fa2def309ecb0283f3036bf33d46,1787978718.0035753,37301.839,18650971,0,0.9584569931030273,1.2136640548706055,1.556992530822754,-0.00133514404296875,-0.11692237854003906,0.00476837158203125,0.0073261260986328125,-0.0024423599243164062,-0.0024423599243164062,-0.0073261260986328125,-0.3296699523925781,-0.021978378295898438,-0.08058643341064453,-2.4410247802734375,7.364101409912109,-1.5457878112792969,-0.08058643341064453,-0.10988998413085938,0.0,-2.896831843885058,6.540263498909292,-1.576495009877279,0.03680503008958975,-0.007175220007935334
91,1,train,5,-1,-0.3490658503988659,0.8478711019997718,3,s,af3726fcacd0ac1320a56ea850b0a2c0f5430cf4eb20a45c078706980f08407e,d24fbe3839599a6a097188bae8cd47ce8083f27deef1341ae3086bf0d5a45bd1,87f63c0590d05baea263cdc42c6e1df2d063fa2def309ecb0283f3036bf33d46,87f63c0590d05baea263cdc42c6e1df2d063fa2def309ecb0283f3036bf33d46,1787978718.0054924,37301.841,18650972,0,0.9584569931030273,1.2136640548706055,1.556992530822754,-0.00133514404296875,-0.11730384826660156,0.00476837158203125,-0.0073261260986328125,-0.0024423599243164062,-0.0024423599243164062,-0.021978378295898438,-0.28571510314941406,-0.0073261260986328125,-0.08058643341064453,-2.4410247802734375,7.350425720214844,-1.5457878112792969,-0.10500621795654297,-0.10500621795654297,0.0,-2.8967926780998576,6.540224333124092,-1.5764558440920802,0.036911086037074575,-0.007180298122360951
91,1,train,5,-1,-0.3490658503988659,0.8497858260016073,3,s,af3726fcacd0ac1320a56ea850b0a2c0f5430cf4eb20a45c078706980f08407e,d24fbe3839599a6a097188bae8cd47ce8083f27deef1341ae3086bf0d5a45bd1,87f63c0590d05baea263cdc42c6e1df2d063fa2def309ecb0283f3036bf33d46,87f63c0590d05baea263cdc42c6e1df2d063fa2def309ecb0283f3036bf33d46,1787978718.0073743,37301.843,18650973,0,0.9584569931030273,1.2136640548706055,1.556992530822754,-0.00133514404296875,-0.11768531799316406,0.00476837158203125,0.0073261260986328125,-0.0024423599243164062,-0.0024423599243164062,-0.0073261260986328125,-0.22710609436035156,0.0073261260986328125,-0.08058643341064453,-2.4410247802734375,7.364101409912109,-1.5457878112792969,-0.124542236328125,-0.10500621795654297,0.0,-2.8967533996212764,6.5401850546455105,-1.5764165656134985,0.037017136613289495,-0.007185376008508876
