trial_id,repeat,support_posture,joint,direction,target_speed_rad_s,elapsed_s,schema_version,device_time_unit,urdf_sha256,protocol_sha256,collector_script_sha256,base_collector_script_sha256,host_time_s,device_time,seq,errors,q1_rad,q2_rad,q3_rad,q4_rad,q5_rad,q6_rad,dq1_rad_s,dq2_rad_s,dq3_rad_s,dq4_rad_s,dq5_rad_s,dq6_rad_s,tau1_nm,tau2_nm,tau3_nm,tau4_nm,tau5_nm,tau6_nm,gravity1_nm,gravity2_nm,gravity3_nm,gravity4_nm,gravity5_nm,gravity6_nm
87,0,train,5,1,0.17453292519943295,0.3013912679962232,3,s,af3726fcacd0ac1320a56ea850b0a2c0f5430cf4eb20a45c078706980f08407e,d24fbe3839599a6a097188bae8cd47ce8083f27deef1341ae3086bf0d5a45bd1,87f63c0590d05baea263cdc42c6e1df2d063fa2def309ecb0283f3036bf33d46,87f63c0590d05baea263cdc42c6e1df2d063fa2def309ecb0283f3036bf33d46,1787978720.0518653,37303.886999999995,18651995,0,0.9584569931030273,1.2136640548706055,1.556992530822754,-0.00133514404296875,-0.12645912170410156,0.00438690185546875,-0.0073261260986328125,-0.0024423599243164062,-0.0024423599243164062,-0.0073261260986328125,0.1831493377685547,-0.0073261260986328125,-0.08058643341064453,-2.4273509979248047,7.336753845214844,-1.5457878112792969,0.15873050689697266,-0.10988998413085938,0.0,-2.8958199335047605,6.539251588528995,-1.5754830994969813,0.03944970945699455,-0.007287956063406759
87,0,train,5,1,0.17453292519943295,0.3039585509977769,3,s,af3726fcacd0ac1320a56ea850b0a2c0f5430cf4eb20a45c078706980f08407e,d24fbe3839599a6a097188bae8cd47ce8083f27deef1341ae3086bf0d5a45bd1,87f63c0590d05baea263cdc42c6e1df2d063fa2def309ecb0283f3036bf33d46,87f63c0590d05baea263cdc42c6e1df2d063fa2def309ecb0283f3036bf33d46,1787978720.0532587,37303.888999999996,18651996,0,0.9584569931030273,1.2136640548706055,1.556992530822754,-0.00133514404296875,-0.12607765197753906,0.00438690185546875,-0.021978378295898438,-0.0024423599243164062,-0.0024423599243164062,-0.0073261260986328125,0.16849899291992188,-0.0073261260986328125,-0.08058643341064453,-2.4410247802734375,7.336753845214844,-1.5457878112792969,0.15384578704833984,-0.10988998413085938,0.0,-2.895861796930251,6.539293451954485,-1.5755249629224732,0.03934378643207556,-0.007282883341073672
87,0,train,5,1,0.17453292519943295,0.3053352069982793,3,s,af3726fcacd0ac1320a56ea850b0a2c0f5430cf4eb20a45c078706980f08407e,d24fbe3839599a6a097188bae8cd47ce8083f27deef1341ae3086bf0d5a45bd1,87f63c0590d05baea263cdc42c6e1df2d063fa2def309ecb0283f3036bf33d46,87f63c0590d05baea263cdc42c6e1df2d063fa2def309ecb0283f3036bf33d46,1787978720.055808,37303.890999999996,18651997,0,0.9584569931030273,1.2136640548706055,1.556992530822754,-0.00133514404296875,-0.12569618225097656,0.00438690185546875,-0.0073261260986328125,-0.0024423599243164062,-0.0024423599243164062,-0.0073261260986328125,0.1978015899658203,-0.0073261260986328125,-0.08058643341064453,-2.4410247802734375,7.3094024658203125,-1.5457878112792969,0.15384578704833984,-0.10988998413085938,0.0,-2.8959035477977095,6.539335202821944,-1.5755667137899314,0.039237857681882225,-0.0072778103734620885
87,0,train,5,1,0.17453292519943295,0.3078837860011845,3,s,af3726fcacd0ac1320a56ea850b0a2c0f5430cf4eb20a45c078706980f08407e,d24fbe3839599a6a097188bae8cd47ce8083f27deef1341ae3086bf0d5a45bd1,87f63c0590d05baea263cdc42c6e1df2d063fa2def309ecb0283f3036bf33d46,87f63c0590d05baea263cdc42c6e1df2d063fa2def309ecb0283f3036bf33d46,1787978720.0577545,37303.893,18651998,0,0.9584569931030273,1.2136640548706055,1.556992530822754,-0.00133514404296875,-0.12531471252441406,0.00438690185546875,-0.021978378295898438,-0.0024423599243164062,-0.0024423599243164062,-0.0073261260986328125,0.1831493377685547,-0.0073261260986328125,-0.08058643341064453,-2.4410247802734375,7.323078155517578,-1.5457878112792969,0.14407825469970703,-0.10988998413085938,0.0,-2.895945186101057,6.539376841125291,-1.575608352093279,0.03913192322182917,-0.007272737161310218
87,0,train,5,1,0.17453292519943295,0.3098238599995966,3,s,af3726fcacd0ac1320a56ea850b0a2c0f5430cf4eb20a45c078706980f08407e,d24fbe3839599a6a097188bae8cd47ce8083f27deef1341ae3086bf0d5a45bd1,87f63c0590d05baea263cdc42c6e1df2d063fa2def309ecb0283f3036bf33d46,87f63c0590d05baea263cdc42c6e1df2d063fa2def309ecb0283f3036bf33d46,1787978720.0596695,37303.895,18651999,0,0.9584569931030273,1.2136640548706055,1.556992530822754,-0.00133514404296875,-0.12455177307128906,0.00438690185546875,-0.0073261260986328125,-0.0024423599243164062,-0.0024423599243164062,0.0073261260986328125,0.21245384216308594,-0.0073261260986328125,-0.08058643341064453,-2.454700469970703,7.364101409912109,-1.5457878112792969,0.13919448852539062,-0.10500621795654297,0.0,-2.896028124991204,6.539459780015438,-1.5756912909834262,0.038920037233806666,-0.0072625900063386616
87,0,train,5,1,0.17453292519943295,0.31173599699832266,3,s,af3726fcacd0ac1320a56ea850b0a2c0f5430cf4eb20a45c078706980f08407e,d24fbe3839599a6a097188bae8cd47ce8083f27deef1341ae3086bf0d5a45bd1,87f63c0590d05baea263cdc42c6e1df2d063fa2def309ecb0283f3036bf33d46,87f63c0590d05baea263cdc42c6e1df2d063fa2def309ecb0283f3036bf33d46,1787978720.0615819,37303.897,18652000,0,0.9584569931030273,1.2136640548706055,1.556992530822754,-0.00133514404296875,-0.12417030334472656,0.00438690185546875,0.0073261260986328125,-0.0024423599243164062,-0.0024423599243164062,-0.021978378295898438,0.2564105987548828,-0.0073261260986328125,-0.07570171356201172,-2.454700469970703,7.323078155517578,-1.5457878112792969,0.1294260025024414,-0.10988998413085938,0.0,-2.896069425565933,6.539501080590167,-1.575732591558155,0.03881408573667072,-0.007257516064995577
87,0,train,5,1,0.17453292519943295,0.31365652899694396,3,s,af3726fcacd0ac1320a56ea850b0a2c0f5430cf4eb20a45c078706980f08407e,d24fbe3839599a6a097188bae8cd47ce8083f27deef1341ae3086bf0d5a45bd1,87f63c0590d05baea263cdc42c6e1df2d063fa2def309ecb0283f3036bf33d46,87f63c0590d05baea263cdc42c6e1df2d063fa2def309ecb0283f3036bf33d46,1787978720.0634892,37303.899,18652001,0,0.9584569931030273,1.2136640548706055,1.556992530822754,-0.00133514404296875,-0.12340736389160156,0.00438690185546875,-0.0073261260986328125,-0.0024423599243164062,-0.0024423599243164062,0.0073261260986328125,0.2417583465576172,-0.0073261260986328125,-0.07570171356201172,-2.4410247802734375,7.295726776123047,-1.540903091430664,0.11477375030517578,-0.10500621795654297,0.0,-2.8961516889446535,6.5395833439688875,-1.5758148549368756,0.03860216581323926,-0.007247367458286578
87,0,train,5,1,0.17453292519943295,0.3155608699962613,3,s,af3726fcacd0ac1320a56ea850b0a2c0f5430cf4eb20a45c078706980f08407e,d24fbe3839599a6a097188bae8cd47ce8083f27deef1341ae3086bf0d5a45bd1,87f63c0590d05baea263cdc42c6e1df2d063fa2def309ecb0283f3036bf33d46,87f63c0590d05baea263cdc42c6e1df2d063fa2def309ecb0283f3036bf33d46,1787978720.065457,37303.901,18652002,0,0.9584569931030273,1.2136640548706055,1.556992530822754,-0.00133514404296875,-0.12302589416503906,0.00438690185546875,0.0073261260986328125,-0.0024423599243164062,-0.0024423599243164062,-0.021978378295898438,0.22710609436035156,-0.0073261260986328125,-0.08058643341064453,-2.4410247802734375,7.282051086425781,-1.540903091430664,0.10500621795654297,-0.10500621795654297,0.0,-2.896192651736676,6.53962430676091,-1.5758558177288966,0.038496197417782145,-0.00724229279439748
87,0,train,5,1,0.17453292519943295,0.31752925199543824,3,s,af3726fcacd0ac1320a56ea850b0a2c0f5430cf4eb20a45c078706980f08407e,d24fbe3839599a6a097188bae8cd47ce8083f27deef1341ae3086bf0d5a45bd1,87f63c0590d05baea263cdc42c6e1df2d063fa2def309ecb0283f3036bf33d46,87f63c0590d05baea263cdc42c6e1df2d063fa2def309ecb0283f3036bf33d46,1787978720.0673826,37303.903,18652003,0,0.9584569931030273,1.2136640548706055,1.556992530822754,-0.00133514404296875,-0.12264442443847656,0.00438690185546875,-0.0073261260986328125,-0.0024423599243164062,-0.0024423599243164062,0.0073261260986328125,0.22710609436035156,-0.0073261260986328125,-0.07570171356201172,-2.4410247802734375,7.336753845214844,-1.540903091430664,0.10012245178222656,-0.10500621795654297,0.0,-2.896233501922516,6.53966515694675,-1.5758966679147368,0.038390223420391105,-0.007237217891136585
87,0,train,5,1,0.17453292519943295,0.31944847499835305,3,s,af3726fcacd0ac1320a56ea850b0a2c0f5430cf4eb20a45c078706980f08407e,d24fbe3839599a6a097188bae8cd47ce8083f27deef1341ae3086bf0d5a45bd1,87f63c0590d05baea263cdc42c6e1df2d063fa2def309ecb0283f3036bf33d46,87f63c0590d05baea263cdc42c6e1df2d063fa2def309ecb0283f3036bf33d46,1787978720.069279,37303.905,18652004,0,0.9584569931030273,1.2136640548706055,1.556992530822754,-0.00133514404296875,-0.12264442443847656,0.00438690185546875,-0.0073261260986328125,-0.0024423599243164062,-0.0024423599243164062,0.0073261260986328125,0.1831493377685547,-0.0073261260986328125,-0.08058643341064453,-2.4410247802734375,7.350425720214844,-1.540903091430664,0.09523773193359375,-0.10500621795654297,0.0,-2.896233501922516,6.53966515694675,-1.5758966679147368,0.038390223420391105,-0.007237217891136585
87,0,train,5,1,0.17453292519943295,0.3213992320015677,3,s,af3726fcacd0ac1320a56ea850b0a2c0f5430cf4eb20a45c078706980f08407e,d24fbe3839599a6a097188bae8cd47ce8083f27deef1341ae3086bf0d5a45bd1,87f63c0590d05baea263cdc42c6e1df2d063fa2def309ecb0283f3036bf33d46,87f63c0590d05baea263cdc42c6e1df2d063fa2def309ecb0283f3036bf33d46,1787978720.071848,37303.907,18652005,0,0.9584569931030273,1.2136640548706055,1.556992530822754,-0.00133514404296875,-0.12226295471191406,0.00438690185546875,0.0073261260986328125,-0.0024423599243164062,-0.0024423599243164062,-0.021978378295898438,0.16849899291992188,-0.0073261260986328125,-0.08058643341064453,-2.4410247802734375,7.350425720214844,-1.5457878112792969,0.09523773193359375,-0.10500621795654297,0.0,-2.896274239496232,6.539705894520466,-1.5759374054884534,0.03828424383648734,-0.007232142749242389
87,0,train,5,1,0.17453292519943295,0.32391900999937207,3,s,af3726fcacd0ac1320a56ea850b0a2c0f5430cf4eb20a45c078706980f08407e,d24fbe3839599a6a097188bae8cd47ce8083f27deef1341ae3086bf0d5a45bd1,87f63c0590d05baea263cdc42c6e1df2d063fa2def309ecb0283f3036bf33d46,87f63c0590d05baea263cdc42c6e1df2d063fa2def309ecb0283f3036bf33d46,1787978720.0737555,37303.909,18652006,0,0.9584569931030273,1.2136640548706055,1.556992530822754,-0.00133514404296875,-0.12188148498535156,0.00438690185546875,0.0073261260986328125,-0.0024423599243164062,-0.0024423599243164062,-0.0073261260986328125,0.15384674072265625,-0.0073261260986328125,-0.08058643341064453,-2.4410247802734375,7.391452789306641,-1.5457878112792969,0.10012245178222656,-0.10500621795654297,0.0,-2.896314864451895,6.539746519476129,-1.575978030444117,0.03817825868149295,-0.007227067369453423
87,0,train,5,1,0.17453292519943295,0.3258251349980128,3,s,af3726fcacd0ac1320a56ea850b0a2c0f5430cf4eb20a45c078706980f08407e,d24fbe3839599a6a097188bae8cd47ce8083f27deef1341ae3086bf0d5a45bd1,87f63c0590d05baea263cdc42c6e1df2d063fa2def309ecb0283f3036bf33d46,87f63c0590d05baea263cdc42c6e1df2d063fa2def309ecb0283f3036bf33d46,1787978720.0756586,37303.911,18652007,0,0.9584569931030273,1.2136640548706055,1.556992530822754,-0.00133514404296875,-0.12150001525878906,0.00438690185546875,-0.021978378295898438,-0.0024423599243164062,-0.0024423599243164062,-0.0073261260986328125,0.16849899291992188,-0.0073261260986328125,-0.07570171356201172,-2.4410247802734375,7.391452789306641,-1.5457878112792969,0.10012245178222656,-0.10500621795654297,0.0,-2.8963553767835957,6.53978703180783,-1.5760185427758164,0.03807226797083079,-0.007221991752508251
87,0,train,5,1,0.17453292519943295,0.3277269249956589,3,s,af3726fcacd0ac1320a56ea850b0a2c0f5430cf4eb20a45c078706980f08407e,d24fbe3839599a6a097188bae8cd47ce8083f27deef1341ae3086bf0d5a45bd1,87f63c0590d05baea263cdc42c6e1df2d063fa2def309ecb0283f3036bf33d46,87f63c0590d05baea263cdc42c6e1df2d063fa2def309ecb0283f3036bf33d46,1787978720.0775445,37303.913,18652008,0,0.9584569931030273,1.2136640548706055,1.556992530822754,-0.00133514404296875,-0.12073707580566406,0.00438690185546875,-0.021978378295898438,-0.0024423599243164062,-0.0024423599243164062,-0.0073261260986328125,0.21245384216308594,-0.0073261260986328125,-0.07570171356201172,-2.4273509979248047,7.405128479003906,-1.5457878112792969,0.10012245178222656,-0.10988998413085938,0.0,-2.8964360635515365,6.5398677185757705,-1.5760992295437586,0.03786026994419868,-0.0072118398101037205
87,0,train,5,1,0.17453292519943295,0.3296133240000927,3,s,af3726fcacd0ac1320a56ea850b0a2c0f5430cf4eb20a45c078706980f08407e,d24fbe3839599a6a097188bae8cd47ce8083f27deef1341ae3086bf0d5a45bd1,87f63c0590d05baea263cdc42c6e1df2d063fa2def309ecb0283f3036bf33d46,87f63c0590d05baea263cdc42c6e1df2d063fa2def309ecb0283f3036bf33d46,1787978720.0794346,37303.915,18652009,0,0.9584569931030273,1.2136640548706055,1.556992530822754,-0.00133514404296875,-0.12035560607910156,0.00438690185546875,-0.0073261260986328125,-0.0024423599243164062,-0.0024423599243164062,-0.021978378295898438,0.21245384216308594,-0.0073261260986328125,-0.07570171356201172,-2.4410247802734375,7.405128479003906,-1.5457878112792969,0.09523773193359375,-0.10988998413085938,0.0,-2.8964762379760383,6.539907893000272,-1.5761394039682597,0.03775426265907848,-0.007206763486121665
87,0,train,5,1,0.17453292519943295,0.3315028529978008,3,s,af3726fcacd0ac1320a56ea850b0a2c0f5430cf4eb20a45c078706980f08407e,d24fbe3839599a6a097188bae8cd47ce8083f27deef1341ae3086bf0d5a45bd1,87f63c0590d05baea263cdc42c6e1df2d063fa2def309ecb0283f3036bf33d46,87f63c0590d05baea263cdc42c6e1df2d063fa2def309ecb0283f3036bf33d46,1787978720.0813086,37303.917,18652010,0,0.9584569931030273,1.2136640548706055,1.556992530822754,-0.00133514404296875,-0.11997413635253906,0.00438690185546875,-0.021978378295898438,-0.0024423599243164062,-0.0024423599243164062,-0.0073261260986328125,0.1978015899658203,-0.0073261260986328125,-0.07570171356201172,-2.4410247802734375,7.295726776123047,-1.540903091430664,0.09523773193359375,-0.10988998413085938,0.0,-2.8965162997530913,6.539947954777325,-1.5761794657453134,0.03764824987999007,-0.007201686927938007
87,0,train,5,1,0.17453292519943295,0.3333702029995038,3,s,af3726fcacd0ac1320a56ea850b0a2c0f5430cf4eb20a45c078706980f08407e,d24fbe3839599a6a097188bae8cd47ce8083f27deef1341ae3086bf0d5a45bd1,87f63c0590d05baea263cdc42c6e1df2d063fa2def309ecb0283f3036bf33d46,87f63c0590d05baea263cdc42c6e1df2d063fa2def309ecb0283f3036bf33d46,1787978720.0832124,37303.919,18652011,0,0.9584569931030273,1.2136640548706055,1.556992530822754,-0.00133514404296875,-0.11959266662597656,0.00438690185546875,-0.0073261260986328125,-0.0024423599243164062,-0.0024423599243164062,0.0073261260986328125,0.16849899291992188,-0.0073261260986328125,-0.07570171356201172,-2.4410247802734375,7.25469970703125,-1.540903091430664,0.09523773193359375,-0.10988998413085938,0.0,-2.8965562488768675,6.5399879039011015,-1.5762194148690898,0.03754223162236031,-0.007196610136291485
87,0,train,5,1,0.17453292519943295,0.3352777350010001,3,s,af3726fcacd0ac1320a56ea850b0a2c0f5430cf4eb20a45c078706980f08407e,d24fbe3839599a6a097188bae8cd47ce8083f27deef1341ae3086bf0d5a45bd1,87f63c0590d05baea263cdc42c6e1df2d063fa2def309ecb0283f3036bf33d46,87f63c0590d05baea263cdc42c6e1df2d063fa2def309ecb0283f3036bf33d46,1787978720.0857778,37303.920999999995,18652012,0,0.9584569931030273,1.2136640548706055,1.556992530822754,-0.00133514404296875,-0.11921119689941406,0.00438690185546875,-0.0073261260986328125,-0.0024423599243164062,-0.0024423599243164062,-0.021978378295898438,0.1978015899658203,-0.0073261260986328125,-0.07570171356201172,-2.4410247802734375,7.295726776123047,-1.540903091430664,0.09523773193359375,-0.10988998413085938,0.0,-2.8965960853415544,6.5400277403657885,-1.576259251333776,0.03743620790161689,-0.007191533111920867
87,0,train,5,1,0.17453292519943295,0.3378580169955967,3,s,af3726fcacd0ac1320a56ea850b0a2c0f5430cf4eb20a45c078706980f08407e,d24fbe3839599a6a097188bae8cd47ce8083f27deef1341ae3086bf0d5a45bd1,87f63c0590d05baea263cdc42c6e1df2d063fa2def309ecb0283f3036bf33d46,87f63c0590d05baea263cdc42c6e1df2d063fa2def309ecb0283f3036bf33d46,1787978720.0877008,37303.922999999995,18652013,0,0.9584569931030273,1.2136640548706055,1.556992530822754,-0.00133514404296875,-0.11882972717285156,0.00438690185546875,-0.0073261260986328125,-0.0024423599243164062,-0.0024423599243164062,-0.021978378295898438,0.1831493377685547,-0.0073261260986328125,-0.08058643341064453,-2.4410247802734375,7.323078155517578,-1.540903091430664,0.09035396575927734,-0.10988998413085938,0.0,-2.896635809141354,6.540067464165588,-1.5762989751335759,0.03733017873318831,-0.007186455855564959
87,0,train,5,1,0.17453292519943295,0.3397673509971355,3,s,af3726fcacd0ac1320a56ea850b0a2c0f5430cf4eb20a45c078706980f08407e,d24fbe3839599a6a097188bae8cd47ce8083f27deef1341ae3086bf0d5a45bd1,87f63c0590d05baea263cdc42c6e1df2d063fa2def309ecb0283f3036bf33d46,87f63c0590d05baea263cdc42c6e1df2d063fa2def309ecb0283f3036bf33d46,1787978720.0895844,37303.924999999996,18652014,0,0.9584569931030273,1.2136640548706055,1.556992530822754,-0.00133514404296875,-0.11844825744628906,0.00438690185546875,-0.0073261260986328125,-0.0024423599243164062,-0.0024423599243164062,-0.021978378295898438,0.1978015899658203,0.0073261260986328125,-0.08058643341064453,-2.4410247802734375,7.323078155517578,-1.5457878112792969,0.08547019958496094,-0.10988998413085938,0.0,-2.8966754202704847,6.540107075294719,-1.576338586262707,0.03722414413250382,-0.007181378367962598
87,0,train,5,1,0.17453292519943295,0.341666353000619,3,s,af3726fcacd0ac1320a56ea850b0a2c0f5430cf4eb20a45c078706980f08407e,d24fbe3839599a6a097188bae8cd47ce8083f27deef1341ae3086bf0d5a45bd1,87f63c0590d05baea263cdc42c6e1df2d063fa2def309ecb0283f3036bf33d46,87f63c0590d05baea263cdc42c6e1df2d063fa2def309ecb0283f3036bf33d46,1787978720.091486,37303.926999999996,18652015,0,0.9584569931030273,1.2136640548706055,1.556992530822754,-0.00133514404296875,-0.11806678771972656,0.00438690185546875,-0.0073261260986328125,-0.0024423599243164062,-0.0024423599243164062,0.0073261260986328125,0.21245384216308594,-0.0073261260986328125,-0.08058643341064453,-2.4410247802734375,7.268375396728516,-1.5457878112792969,0.08058643341064453,-0.10988998413085938,0.0,-2.8967149187231853,6.540146573747419,-1.576378084715407,0.03711810411499349,-0.007176300649852655
87,0,train,5,1,0.17453292519943295,0.3435526920002303,3,s,af3726fcacd0ac1320a56ea850b0a2c0f5430cf4eb20a45c078706980f08407e,d24fbe3839599a6a097188bae8cd47ce8083f27deef1341ae3086bf0d5a45bd1,87f63c0590d05baea263cdc42c6e1df2d063fa2def309ecb0283f3036bf33d46,87f63c0590d05baea263cdc42c6e1df2d063fa2def309ecb0283f3036bf33d46,1787978720.0933669,37303.929,18652016,0,0.9584569931030273,1.2136640548706055,1.556992530822754,-0.00133514404296875,-0.11730384826660156,0.00438690185546875,0.021978378295898438,-0.0024423599243164062,-0.0024423599243164062,-0.021978378295898438,0.22710609436035156,-0.0073261260986328125,-0.08058643341064453,-2.4273509979248047,7.268375396728516,-1.5457878112792969,0.07081794738769531,-0.10988998413085938,0.0,-2.8967935775763136,6.540225232600548,-1.5764567435685362,0.036906007891219596,-0.007166144525065683
87,0,train,5,1,0.17453292519943295,0.34543666299578035,3,s,af3726fcacd0ac1320a56ea850b0a2c0f5430cf4eb20a45c078706980f08407e,d24fbe3839599a6a097188bae8cd47ce8083f27deef1341ae3086bf0d5a45bd1,87f63c0590d05baea263cdc42c6e1df2d063fa2def309ecb0283f3036bf33d46,87f63c0590d05baea263cdc42c6e1df2d063fa2def309ecb0283f3036bf33d46,1787978720.0952587,37303.931,18652017,0,0.9584569931030273,1.2136640548706055,1.556992530822754,-0.00133514404296875,-0.11654090881347656,0.00438690185546875,-0.0073261260986328125,-0.0024423599243164062,-0.0024423599243164062,-0.0073261260986328125,0.2564105987548828,-0.0073261260986328125,-0.07570171356201172,-2.4273509979248047,7.336753845214844,-1.540903091430664,0.0610504150390625,-0.10988998413085938,0.0,-2.896871785654955,6.540303440679189,-1.5765349516471765,0.036693890185322736,-0.007155987487115682
87,0,train,5,1,0.17453292519943295,0.3473265069987974,3,s,af3726fcacd0ac1320a56ea850b0a2c0f5430cf4eb20a45c078706980f08407e,d24fbe3839599a6a097188bae8cd47ce8083f27deef1341ae3086bf0d5a45bd1,87f63c0590d05baea263cdc42c6e1df2d063fa2def309ecb0283f3036bf33d46,87f63c0590d05baea263cdc42c6e1df2d063fa2def309ecb0283f3036bf33d46,1787978720.0977108,37303.933,18652018,0,0.9584569931030273,1.2136640548706055,1.556992530822754,-0.00133514404296875,-0.11615943908691406,0.00438690185546875,-0.0073261260986328125,-0.0024423599243164062,-0.0024423599243164062,0.0073261260986328125,0.3003654479980469,-0.0073261260986328125,-0.08058643341064453,-2.4273509979248047,7.282051086425781,-1.540903091430664,0.05128192901611328,-0.10988998413085938,0.0,-2.8969107206396063,6.54034237566384,-1.576573886631827,0.03658782331516175,-0.007150908627552081
87,0,train,5,1,0.17453292519943295,0.34977696999703767,3,s,af3726fcacd0ac1320a56ea850b0a2c0f5430cf4eb20a45c078706980f08407e,d24fbe3839599a6a097188bae8cd47ce8083f27deef1341ae3086bf0d5a45bd1,87f63c0590d05baea263cdc42c6e1df2d063fa2def309ecb0283f3036bf33d46,87f63c0590d05baea263cdc42c6e1df2d063fa2def309ecb0283f3036bf33d46,1787978720.0996099,37303.935,18652019,0,0.9584569931030273,1.2136640548706055,1.556992530822754,-0.00133514404296875,-0.11577796936035156,0.00438690185546875,-0.0073261260986328125,-0.0024423599243164062,-0.0024423599243164062,-0.0073261260986328125,0.27106285095214844,-0.0073261260986328125,-0.08058643341064453,-2.4273509979248047,7.336753845214844,-1.5457878112792969,0.046398162841796875,-0.10988998413085938,0.0,-2.896949542913585,6.540381197937819,-1.5766127089058057,0.036481751120771795,-0.007145829541914828
87,0,train,5,1,0.17453292519943295,0.35167821800132515,3,s,af3726fcacd0ac1320a56ea850b0a2c0f5430cf4eb20a45c078706980f08407e,d24fbe3839599a6a097188bae8cd47ce8083f27deef1341ae3086bf0d5a45bd1,87f63c0590d05baea263cdc42c6e1df2d063fa2def309ecb0283f3036bf33d46,87f63c0590d05baea263cdc42c6e1df2d063fa2def309ecb0283f3036bf33d46,1787978720.1016512,37303.937,18652020,0,0.9584569931030273,1.2136640548706055,1.556992530822754,-0.00133514404296875,-0.11539649963378906,0.00438690185546875,-0.0073261260986328125,-0.0024423599243164062,-0.0024423599243164062,0.021978378295898438,0.22710609436035156,-0.0073261260986328125,-0.08547019958496094,-2.4410247802734375,7.336753845214844,-1.5457878112792969,0.036629676818847656,-0.10988998413085938,0.0,-2.896988252471242,6.540419907495476,-1.5766514184634628,0.03637567361758839,-0.00714075023094303
87,0,train,5,1,0.17453292519943295,0.35372433900192846,3,s,af3726fcacd0ac1320a56ea850b0a2c0f5430cf4eb20a45c078706980f08407e,d24fbe3839599a6a097188bae8cd47ce8083f27deef1341ae3086bf0d5a45bd1,87f63c0590d05baea263cdc42c6e1df2d063fa2def309ecb0283f3036bf33d46,87f63c0590d05baea263cdc42c6e1df2d063fa2def309ecb0283f3036bf33d46,1787978720.1035755,37303.939,18652021,0,0.9584569931030273,1.2136640548706055,1.556992530822754,-0.00133514404296875,-0.11501502990722656,0.00476837158203125,0.0073261260986328125,-0.0024423599243164062,-0.0024423599243164062,-0.0073261260986328125,0.1831493377685547,0.0073261260986328125,-0.08058643341064453,-2.4410247802734375,7.364101409912109,-1.5457878112792969,0.036629676818847656,-0.10988998413085938,0.0,-2.897025982211392,6.540457637235626,-1.576689148203614,0.03627467032330566,-0.007149826037506694
87,0,train,5,1,0.17453292519943295,0.35564798599807546,3,s,af3726fcacd0ac1320a56ea850b0a2c0f5430cf4eb20a45c078706980f08407e,d24fbe3839599a6a097188bae8cd47ce8083f27deef1341ae3086bf0d5a45bd1,87f63c0590d05baea263cdc42c6e1df2d063fa2def309ecb0283f3036bf33d46,87f63c0590d05baea263cdc42c6e1df2d063fa2def309ecb0283f3036bf33d46,1787978720.1054668,37303.941,18652022,0,0.9584569931030273,1.2136640548706055,1.556992530822754,-0.00133514404296875,-0.11501502990722656,0.00476837158203125,0.0073261260986328125,-0.0024423599243164062,-0.0024423599243164062,-0.0073261260986328125,0.13919448852539062,0.021978378295898438,-0.08058643341064453,-2.4410247802734375,7.377777099609375,-1.5457878112792969,0.036629676818847656,-0.10988998413085938,0.0,-2.897025982211392,6.540457637235626,-1.576689148203614,0.03627467032330566,-0.007149826037506694
87,0,train,5,1,0.17453292519943295,0.35753573900001356,3,s,af3726fcacd0ac1320a56ea850b0a2c0f5430cf4eb20a45c078706980f08407e,d24fbe3839599a6a097188bae8cd47ce8083f27deef1341ae3086bf0d5a45bd1,87f63c0590d05baea263cdc42c6e1df2d063fa2def309ecb0283f3036bf33d46,87f63c0590d05baea263cdc42c6e1df2d063fa2def309ecb0283f3036bf33d46,1787978720.107351,37303.943,18652023,0,0.9584569931030273,1.2136640548706055,1.556992530822754,-0.00133514404296875,-0.11463356018066406,0.00476837158203125,-0.0073261260986328125,-0.0024423599243164062,-0.0024423599243164062,-0.0073261260986328125,0.124542236328125,0.0073261260986328125,-0.07570171356201172,-2.4410247802734375,7.405128479003906,-1.5457878112792969,0.04151439666748047,-0.10988998413085938,0.0,-2.897064471717177,6.540496126741411,-1.5767276377093988,0.03616858247232536,-0.007144746568934289
87,0,train,5,1,0.17453292519943295,0.35941825199552113,3,s,af3726fcacd0ac1320a56ea850b0a2c0f5430cf4eb20a45c078706980f08407e,d24fbe3839599a6a097188bae8cd47ce8083f27deef1341ae3086bf0d5a45bd1,87f63c0590d05baea263cdc42c6e1df2d063fa2def309ecb0283f3036bf33d46,87f63c0590d05baea263cdc42c6e1df2d063fa2def309ecb0283f3036bf33d46,1787978720.1092308,37303.945,18652024,0,0.9584569931030273,1.2136640548706055,1.556992530822754,-0.00133514404296875,-0.11425209045410156,0.00476837158203125,-0.0073261260986328125,-0.0024423599243164062,-0.0024423599243164062,-0.0073261260986328125,0.124542236328125,-0.0073261260986328125,-0.07570171356201172,-2.4410247802734375,7.405128479003906,-1.5457878112792969,0.046398162841796875,-0.10988998413085938,0.0,-2.8971028484900283,6.540534503514262,-1.5767660144822486,0.03606248935812363,-0.007139666877257623
87,0,train,5,1,0.17453292519943295,0.36131247199955396,3,s,af3726fcacd0ac1320a56ea850b0a2c0f5430cf4eb20a45c078706980f08407e,d24fbe3839599a6a097188bae8cd47ce8083f27deef1341ae3086bf0d5a45bd1,87f63c0590d05baea263cdc42c6e1df2d063fa2def309ecb0283f3036bf33d46,87f63c0590d05baea263cdc42c6e1df2d063fa2def309ecb0283f3036bf33d46,1787978720.1117167,37303.947,18652025,0,0.9584569931030273,1.2136640548706055,1.556992530822754,-0.00133514404296875,-0.11425209045410156,0.00438690185546875,-0.021978378295898438,-0.0024423599243164062,-0.0024423599243164062,-0.021978378295898438,0.124542236328125,-0.05128288269042969,-0.07570171356201172,-2.454700469970703,7.295726776123047,-1.5457878112792969,0.05616569519042969,-0.10988998413085938,0.0,-2.89710370479003,6.540535359814264,-1.5767668707822515,0.03605740940964453,-0.007125510953411892
87,0,train,5,1,0.17453292519943295,0.3637834519977332,3,s,af3726fcacd0ac1320a56ea850b0a2c0f5430cf4eb20a45c078706980f08407e,d24fbe3839599a6a097188bae8cd47ce8083f27deef1341ae3086bf0d5a45bd1,87f63c0590d05baea263cdc42c6e1df2d063fa2def309ecb0283f3036bf33d46,87f63c0590d05baea263cdc42c6e1df2d063fa2def309ecb0283f3036bf33d46,1787978720.1136043,37303.949,18652026,0,0.9584569931030273,1.2136640548706055,1.556992530822754,-0.00133514404296875,-0.11425209045410156,0.00438690185546875,-0.021978378295898438,-0.0024423599243164062,-0.0024423599243164062,-0.0073261260986328125,0.09523773193359375,-0.03663063049316406,-0.07570171356201172,-2.4410247802734375,7.350425720214844,-1.5457878112792969,0.07081794738769531,-0.10988998413085938,0.0,-2.89710370479003,6.540535359814264,-1.5767668707822515,0.03605740940964453,-0.007125510953411892
87,0,train,5,1,0.17453292519943295,0.3656697799960966,3,s,af3726fcacd0ac1320a56ea850b0a2c0f5430cf4eb20a45c078706980f08407e,d24fbe3839599a6a097188bae8cd47ce8083f27deef1341ae3086bf0d5a45bd1,87f63c0590d05baea263cdc42c6e1df2d063fa2def309ecb0283f3036bf33d46,87f63c0590d05baea263cdc42c6e1df2d063fa2def309ecb0283f3036bf33d46,1787978720.1155155,37303.951,18652027,0,0.9584569931030273,1.2136640548706055,1.556992530822754,-0.00133514404296875,-0.11387062072753906,0.00438690185546875,-0.0073261260986328125,-0.0024423599243164062,-0.0024423599243164062,-0.021978378295898438,0.08058547973632812,-0.0073261260986328125,-0.07570171356201172,-2.4410247802734375,7.3094024658203125,-1.540903091430664,0.09035396575927734,-0.10988998413085938,0.0,-2.897141963426232,6.540573618450466,-1.5768051294184542,0.035951310825658195,-0.007120430748493606
87,0,train,5,1,0.17453292519943295,0.3675814509988413,3,s,af3726fcacd0ac1320a56ea850b0a2c0f5430cf4eb20a45c078706980f08407e,d24fbe3839599a6a097188bae8cd47ce8083f27deef1341ae3086bf0d5a45bd1,87f63c0590d05baea263cdc42c6e1df2d063fa2def309ecb0283f3036bf33d46,87f63c0590d05baea263cdc42c6e1df2d063fa2def309ecb0283f3036bf33d46,1787978720.1174417,37303.953,18652028,0,0.9584569931030273,1.2136640548706055,1.556992530822754,-0.00133514404296875,-0.11387062072753906,0.00438690185546875,-0.0073261260986328125,-0.0024423599243164062,-0.0024423599243164062,-0.0073261260986328125,0.0659332275390625,-0.0073261260986328125,-0.07570171356201172,-2.4410247802734375,7.350425720214844,-1.540903091430664,0.11477375030517578,-0.10988998413085938,0.0,-2.897141963426232,6.540573618450466,-1.5768051294184542,0.035951310825658195,-0.007120430748493606
87,0,train,5,1,0.17453292519943295,0.3695089699976961,3,s,af3726fcacd0ac1320a56ea850b0a2c0f5430cf4eb20a45c078706980f08407e,d24fbe3839599a6a097188bae8cd47ce8083f27deef1341ae3086bf0d5a45bd1,87f63c0590d05baea263cdc42c6e1df2d063fa2def309ecb0283f3036bf33d46,87f63c0590d05baea263cdc42c6e1df2d063fa2def309ecb0283f3036bf33d46,1787978720.1193497,37303.955,18652029,0,0.9584569931030273,1.2136640548706055,1.556992530822754,-0.00133514404296875,-0.11348915100097656,0.00438690185546875,-0.0073261260986328125,-0.0024423599243164062,-0.0024423599243164062,-0.0073261260986328125,0.08058547973632812,0.0073261260986328125,-0.07570171356201172,-2.4410247802734375,7.377777099609375,-1.540903091430664,0.13919448852539062,-0.10500621795654297,0.0,-2.897180109318112,6.540611764342346,-1.5768432753103336,0.03584520701006762,-0.007115350321936784
87,0,train,5,1,0.17453292519943295,0.37141908000194235,3,s,af3726fcacd0ac1320a56ea850b0a2c0f5430cf4eb20a45c078706980f08407e,d24fbe3839599a6a097188bae8cd47ce8083f27deef1341ae3086bf0d5a45bd1,87f63c0590d05baea263cdc42c6e1df2d063fa2def309ecb0283f3036bf33d46,87f63c0590d05baea263cdc42c6e1df2d063fa2def309ecb0283f3036bf33d46,1787978720.1212387,37303.956999999995,18652030,0,0.9584569931030273,1.2136640548706055,1.556992530822754,-0.00133514404296875,-0.11310768127441406,0.00438690185546875,-0.0073261260986328125,-0.0024423599243164062,-0.0024423599243164062,-0.0073261260986328125,0.10988998413085938,0.0073261260986328125,-0.07570171356201172,-2.454700469970703,7.336753845214844,-1.5360193252563477,0.14896202087402344,-0.10500621795654297,0.0,-2.8972181424601167,6.540649797484351,-1.576881308452339,0.03573909797831299,-0.007110269674480727
87,0,train,5,1,0.17453292519943295,0.3733050840019132,3,s,af3726fcacd0ac1320a56ea850b0a2c0f5430cf4eb20a45c078706980f08407e,d24fbe3839599a6a097188bae8cd47ce8083f27deef1341ae3086bf0d5a45bd1,87f63c0590d05baea263cdc42c6e1df2d063fa2def309ecb0283f3036bf33d46,87f63c0590d05baea263cdc42c6e1df2d063fa2def309ecb0283f3036bf33d46,1787978720.1236856,37303.958999999995,18652031,0,0.9584569931030273,1.2136640548706055,1.556992530822754,-0.00133514404296875,-0.11310768127441406,0.00438690185546875,-0.0073261260986328125,-0.0024423599243164062,-0.0024423599243164062,-0.0073261260986328125,0.10988998413085938,-0.0073261260986328125,-0.07570171356201172,-2.4410247802734375,7.377777099609375,-1.5360193252563477,0.15384578704833984,-0.10500621795654297,0.0,-2.8972181424601167,6.540649797484351,-1.576881308452339,0.03573909797831299,-0.007110269674480727
87,0,train,5,1,0.17453292519943295,0.3757519049977418,3,s,af3726fcacd0ac1320a56ea850b0a2c0f5430cf4eb20a45c078706980f08407e,d24fbe3839599a6a097188bae8cd47ce8083f27deef1341ae3086bf0d5a45bd1,87f63c0590d05baea263cdc42c6e1df2d063fa2def309ecb0283f3036bf33d46,87f63c0590d05baea263cdc42c6e1df2d063fa2def309ecb0283f3036bf33d46,1787978720.1255553,37303.960999999996,18652032,0,0.9584569931030273,1.2136640548706055,1.556992530822754,-0.00133514404296875,-0.11272621154785156,0.00438690185546875,-0.0073261260986328125,-0.0024423599243164062,-0.0024423599243164062,-0.0073261260986328125,0.124542236328125,-0.0073261260986328125,-0.07570171356201172,-2.4410247802734375,7.391452789306641,-1.540903091430664,0.15384578704833984,-0.10500621795654297,0.0,-2.8972560628467146,6.540687717870949,-1.5769192288389366,0.035632983745835164,-0.007105188806864766
87,0,train,5,1,0.17453292519943295,0.37762040500092553,3,s,af3726fcacd0ac1320a56ea850b0a2c0f5430cf4eb20a45c078706980f08407e,d24fbe3839599a6a097188bae8cd47ce8083f27deef1341ae3086bf0d5a45bd1,87f63c0590d05baea263cdc42c6e1df2d063fa2def309ecb0283f3036bf33d46,87f63c0590d05baea263cdc42c6e1df2d063fa2def309ecb0283f3036bf33d46,1787978720.127437,37303.962999999996,18652033,0,0.9584569931030273,1.2136640548706055,1.556992530822754,-0.00133514404296875,-0.11234474182128906,0.00438690185546875,-0.0073261260986328125,-0.0024423599243164062,-0.0024423599243164062,0.0073261260986328125,0.16849899291992188,-0.0073261260986328125,-0.07570171356201172,-2.4410247802734375,7.350425720214844,-1.540903091430664,0.15384578704833984,-0.10500621795654297,0.0,-2.8972938704723847,6.540725525496619,-1.5769570364646068,0.035526864328075836,-0.007100107719828264
87,0,train,5,1,0.17453292519943295,0.37950735799677204,3,s,af3726fcacd0ac1320a56ea850b0a2c0f5430cf4eb20a45c078706980f08407e,d24fbe3839599a6a097188bae8cd47ce8083f27deef1341ae3086bf0d5a45bd1,87f63c0590d05baea263cdc42c6e1df2d063fa2def309ecb0283f3036bf33d46,87f63c0590d05baea263cdc42c6e1df2d063fa2def309ecb0283f3036bf33d46,1787978720.1293125,37303.965,18652034,0,0.9584569931030273,1.2136640548706055,1.556992530822754,-0.00133514404296875,-0.11196327209472656,0.00438690185546875,0.0073261260986328125,-0.0024423599243164062,-0.0024423599243164062,-0.0073261260986328125,0.1978015899658203,-0.0073261260986328125,-0.07570171356201172,-2.4410247802734375,7.268375396728516,-1.5457878112792969,0.14896202087402344,-0.10500621795654297,0.0,-2.8973315653316276,6.540763220355862,-1.5769947313238497,0.03542073974047736,-0.007095026414110616
87,0,train,5,1,0.17453292519943295,0.38139443299587583,3,s,af3726fcacd0ac1320a56ea850b0a2c0f5430cf4eb20a45c078706980f08407e,d24fbe3839599a6a097188bae8cd47ce8083f27deef1341ae3086bf0d5a45bd1,87f63c0590d05baea263cdc42c6e1df2d063fa2def309ecb0283f3036bf33d46,87f63c0590d05baea263cdc42c6e1df2d063fa2def309ecb0283f3036bf33d46,1787978720.1318026,37303.967,18652035,0,0.9584569931030273,1.2136640548706055,1.556992530822754,-0.00133514404296875,-0.11120033264160156,0.00438690185546875,0.0073261260986328125,-0.0024423599243164062,-0.0024423599243164062,-0.0073261260986328125,0.1978015899658203,-0.0073261260986328125,-0.07570171356201172,-2.454700469970703,7.268375396728516,-1.5457878112792969,0.13919448852539062,-0.10500621795654297,0.0,-2.8974066167289036,6.540838271753138,-1.5770697827211249,0.03520847511753648,-0.007084863149589625
87,0,train,5,1,0.17453292519943295,0.3838691279961495,3,s,af3726fcacd0ac1320a56ea850b0a2c0f5430cf4eb20a45c078706980f08407e,d24fbe3839599a6a097188bae8cd47ce8083f27deef1341ae3086bf0d5a45bd1,87f63c0590d05baea263cdc42c6e1df2d063fa2def309ecb0283f3036bf33d46,87f63c0590d05baea263cdc42c6e1df2d063fa2def309ecb0283f3036bf33d46,1787978720.1336896,37303.969,18652036,0,0.9584569931030273,1.2136640548706055,1.556992530822754,-0.00133514404296875,-0.11081886291503906,0.00438690185546875,-0.0073261260986328125,-0.0024423599243164062,-0.0024423599243164062,-0.0073261260986328125,0.1831493377685547,-0.0073261260986328125,-0.08058643341064453,-2.4410247802734375,7.323078155517578,-1.5506715774536133,0.124542236328125,-0.10988998413085938,0.0,-2.897443973256015,6.540875628280249,-1.5771071392482359,0.03510233511308264,-0.007079781192265232
87,0,train,5,1,0.17453292519943295,0.38575534200208494,3,s,af3726fcacd0ac1320a56ea850b0a2c0f5430cf4eb20a45c078706980f08407e,d24fbe3839599a6a097188bae8cd47ce8083f27deef1341ae3086bf0d5a45bd1,87f63c0590d05baea263cdc42c6e1df2d063fa2def309ecb0283f3036bf33d46,87f63c0590d05baea263cdc42c6e1df2d063fa2def309ecb0283f3036bf33d46,1787978720.1356153,37303.971,18652037,0,0.9584569931030273,1.2136640548706055,1.556992530822754,-0.00133514404296875,-0.11043739318847656,0.00438690185546875,0.0073261260986328125,-0.0024423599243164062,-0.0024423599243164062,-0.0073261260986328125,0.21245384216308594,-0.0073261260986328125,-0.07570171356201172,-2.4410247802734375,7.336753845214844,-1.5506715774536133,0.10988998413085938,-0.10500621795654297,0.0,-2.8974812169948545,6.5409128720190886,-1.5771443829870757,0.034996190000566786,-0.007074699019217592
87,0,train,5,1,0.17453292519943295,0.3876889940002002,3,s,af3726fcacd0ac1320a56ea850b0a2c0f5430cf4eb20a45c078706980f08407e,d24fbe3839599a6a097188bae8cd47ce8083f27deef1341ae3086bf0d5a45bd1,87f63c0590d05baea263cdc42c6e1df2d063fa2def309ecb0283f3036bf33d46,87f63c0590d05baea263cdc42c6e1df2d063fa2def309ecb0283f3036bf33d46,1787978720.1375065,37303.973,18652038,0,0.9584569931030273,1.2136640548706055,1.556992530822754,-0.00133514404296875,-0.11005592346191406,0.00438690185546875,0.0073261260986328125,-0.0024423599243164062,-0.0024423599243164062,-0.0073261260986328125,0.1978015899658203,-0.0073261260986328125,-0.07570171356201172,-2.4410247802734375,7.336753845214844,-1.5457878112792969,0.10012245178222656,-0.10500621795654297,0.0,-2.8975183479400033,6.540950002964237,-1.577181513932225,0.03489003979543509,-0.00706961663118626
87,0,train,5,1,0.17453292519943295,0.38957683299668133,3,s,af3726fcacd0ac1320a56ea850b0a2c0f5430cf4eb20a45c078706980f08407e,d24fbe3839599a6a097188bae8cd47ce8083f27deef1341ae3086bf0d5a45bd1,87f63c0590d05baea263cdc42c6e1df2d063fa2def309ecb0283f3036bf33d46,87f63c0590d05baea263cdc42c6e1df2d063fa2def309ecb0283f3036bf33d46,1787978720.1393952,37303.975,18652039,0,0.9584569931030273,1.2136640548706055,1.556992530822754,-0.00133514404296875,-0.10967445373535156,0.00438690185546875,-0.0073261260986328125,-0.0024423599243164062,-0.0024423599243164062,-0.0073261260986328125,0.21245384216308594,-0.0073261260986328125,-0.07570171356201172,-2.4410247802734375,7.350425720214844,-1.5457878112792969,0.08547019958496094,-0.10500621795654297,0.0,-2.8975553660860593,6.540987021110293,-1.5772185320782806,0.03478388451313448,-0.00706453402891082
87,0,train,5,1,0.17453292519943295,0.39145942899631336,3,s,af3726fcacd0ac1320a56ea850b0a2c0f5430cf4eb20a45c078706980f08407e,d24fbe3839599a6a097188bae8cd47ce8083f27deef1341ae3086bf0d5a45bd1,87f63c0590d05baea263cdc42c6e1df2d063fa2def309ecb0283f3036bf33d46,87f63c0590d05baea263cdc42c6e1df2d063fa2def309ecb0283f3036bf33d46,1787978720.1412506,37303.977,18652040,0,0.9584569931030273,1.2136640548706055,1.556992530822754,-0.00133514404296875,-0.10891151428222656,0.00438690185546875,-0.0073261260986328125,-0.0024423599243164062,-0.0024423599243164062,0.0073261260986328125,0.2564105987548828,-0.0073261260986328125,-0.08058643341064453,-2.4410247802734375,7.391452789306641,-1.5457878112792969,0.07570171356201172,-0.10500621795654297,0.0,-2.8976290639593567,6.541060718983591,-1.577292229951578,0.034571558778817575,-0.007054368184586109
87,0,train,5,1,0.17453292519943295,0.3933119520006585,3,s,af3726fcacd0ac1320a56ea850b0a2c0f5430cf4eb20a45c078706980f08407e,d24fbe3839599a6a097188bae8cd47ce8083f27deef1341ae3086bf0d5a45bd1,87f63c0590d05baea263cdc42c6e1df2d063fa2def309ecb0283f3036bf33d46,87f63c0590d05baea263cdc42c6e1df2d063fa2def309ecb0283f3036bf33d46,1787978720.1437306,37303.979,18652041,0,0.9584569931030273,1.2136640548706055,1.556992530822754,-0.00133514404296875,-0.10853004455566406,0.00438690185546875,-0.0073261260986328125,-0.0024423599243164062,-0.0024423599243164062,0.0073261260986328125,0.27106285095214844,-0.0073261260986328125,-0.08058643341064453,-2.454700469970703,7.391452789306641,-1.5457878112792969,0.07081794738769531,-0.10500621795654297,0.0,-2.897665743675874,6.541097398700108,-1.5773289096680954,0.034465388357698794,-0.007049284944016164
87,0,train,5,1,0.17453292519943295,0.3958068150022882,3,s,af3726fcacd0ac1320a56ea850b0a2c0f5430cf4eb20a45c078706980f08407e,d24fbe3839599a6a097188bae8cd47ce8083f27deef1341ae3086bf0d5a45bd1,87f63c0590d05baea263cdc42c6e1df2d063fa2def309ecb0283f3036bf33d46,87f63c0590d05baea263cdc42c6e1df2d063fa2def309ecb0283f3036bf33d46,1787978720.1456406,37303.981,18652042,0,0.9584569931030273,1.2136640548706055,1.556992530822754,-0.00133514404296875,-0.10814857482910156,0.00438690185546875,-0.0073261260986328125,-0.0024423599243164062,-0.0024423599243164062,-0.0073261260986328125,0.21245384216308594,-0.0073261260986328125,-0.08058643341064453,-2.454700469970703,7.405128479003906,-1.5506715774536133,0.0659341812133789,-0.10500621795654297,0.0,-2.8977023105718493,6.541133965596083,-1.5773654765640701,0.03435921292120596,-0.007044201492160763
87,0,train,5,1,0.17453292519943295,0.3977160880021984,3,s,af3726fcacd0ac1320a56ea850b0a2c0f5430cf4eb20a45c078706980f08407e,d24fbe3839599a6a097188bae8cd47ce8083f27deef1341ae3086bf0d5a45bd1,87f63c0590d05baea263cdc42c6e1df2d063fa2def309ecb0283f3036bf33d46,87f63c0590d05baea263cdc42c6e1df2d063fa2def309ecb0283f3036bf33d46,1787978720.1475787,37303.983,18652043,0,0.9584569931030273,1.2136640548706055,1.556992530822754,-0.00133514404296875,-0.10814857482910156,0.00438690185546875,-0.0073261260986328125,-0.0024423599243164062,-0.0024423599243164062,-0.0073261260986328125,0.15384674072265625,-0.0073261260986328125,-0.08058643341064453,-2.4410247802734375,7.405128479003906,-1.5506715774536133,0.0659341812133789,-0.10988998413085938,0.0,-2.8977023105718493,6.541133965596083,-1.5773654765640701,0.03435921292120596,-0.007044201492160763
87,0,train,5,1,0.17453292519943295,0.39965414800099097,3,s,af3726fcacd0ac1320a56ea850b0a2c0f5430cf4eb20a45c078706980f08407e,d24fbe3839599a6a097188bae8cd47ce8083f27deef1341ae3086bf0d5a45bd1,87f63c0590d05baea263cdc42c6e1df2d063fa2def309ecb0283f3036bf33d46,87f63c0590d05baea263cdc42c6e1df2d063fa2def309ecb0283f3036bf33d46,1787978720.1494765,37303.985,18652044,0,0.9584569931030273,1.2136640548706055,1.556992530822754,-0.00133514404296875,-0.10814857482910156,0.00476837158203125,-0.0073261260986328125,-0.0024423599243164062,-0.0024423599243164062,-0.0073261260986328125,0.10988998413085938,-0.0073261260986328125,-0.08058643341064453,-2.4410247802734375,7.391452789306641,-1.5506715774536133,0.07570171356201172,-0.10500621795654297,0.0,-2.897701540669716,6.54113319569395,-1.577364706661937,0.0343642963329849,-0.007058362071530403
87,0,train,5,1,0.17453292519943295,0.4015596850003931,3,s,af3726fcacd0ac1320a56ea850b0a2c0f5430cf4eb20a45c078706980f08407e,d24fbe3839599a6a097188bae8cd47ce8083f27deef1341ae3086bf0d5a45bd1,87f63c0590d05baea263cdc42c6e1df2d063fa2def309ecb0283f3036bf33d46,87f63c0590d05baea263cdc42c6e1df2d063fa2def309ecb0283f3036bf33d46,1787978720.1514142,37303.987,18652045,0,0.9584569931030273,1.2136640548706055,1.556992530822754,-0.00133514404296875,-0.10776710510253906,0.00476837158203125,-0.0073261260986328125,-0.0024423599243164062,-0.0024423599243164062,-0.021978378295898438,0.09523773193359375,0.0073261260986328125,-0.07570171356201172,-2.4410247802734375,7.405128479003906,-1.5457878112792969,0.08547019958496094,-0.10500621795654297,0.0,-2.897738000141629,6.541169655165863,-1.5774011661338496,0.03425811610673843,-0.007053278700203794
87,0,train,5,1,0.17453292519943295,0.40348571299546165,3,s,af3726fcacd0ac1320a56ea850b0a2c0f5430cf4eb20a45c078706980f08407e,d24fbe3839599a6a097188bae8cd47ce8083f27deef1341ae3086bf0d5a45bd1,87f63c0590d05baea263cdc42c6e1df2d063fa2def309ecb0283f3036bf33d46,87f63c0590d05baea263cdc42c6e1df2d063fa2def309ecb0283f3036bf33d46,1787978720.1533217,37303.989,18652046,0,0.9584569931030273,1.2136640548706055,1.556992530822754,-0.00133514404296875,-0.10776710510253906,0.00476837158203125,-0.0073261260986328125,-0.0024423599243164062,-0.0024423599243164062,0.0073261260986328125,0.08058547973632812,0.0073261260986328125,-0.08058643341064453,-2.4410247802734375,7.418804168701172,-1.5457878112792969,0.09523773193359375,-0.10500621795654297,0.0,-2.897738000141629,6.541169655165863,-1.5774011661338496,0.03425811610673843,-0.007053278700203794
87,0,train,5,1,0.17453292519943295,0.405392770000617,3,s,af3726fcacd0ac1320a56ea850b0a2c0f5430cf4eb20a45c078706980f08407e,d24fbe3839599a6a097188bae8cd47ce8083f27deef1341ae3086bf0d5a45bd1,87f63c0590d05baea263cdc42c6e1df2d063fa2def309ecb0283f3036bf33d46,87f63c0590d05baea263cdc42c6e1df2d063fa2def309ecb0283f3036bf33d46,1787978720.1552129,37303.991,18652047,0,0.9584569931030273,1.2136640548706055,1.556992530822754,-0.00133514404296875,-0.10738563537597656,0.00476837158203125,0.0073261260986328125,-0.0024423599243164062,-0.0024423599243164062,-0.021978378295898438,0.08058547973632812,-0.0073261260986328125,-0.08058643341064453,-2.4410247802734375,7.350425720214844,-1.5457878112792969,0.11477375030517578,-0.10500621795654297,0.0,-2.897774346782595,6.541206001806829,-1.577437512774816,0.03415193089527999,-0.007048195119083251
87,0,train,5,1,0.17453292519943295,0.407279514001857,3,s,af3726fcacd0ac1320a56ea850b0a2c0f5430cf4eb20a45c078706980f08407e,d24fbe3839599a6a097188bae8cd47ce8083f27deef1341ae3086bf0d5a45bd1,87f63c0590d05baea263cdc42c6e1df2d063fa2def309ecb0283f3036bf33d46,87f63c0590d05baea263cdc42c6e1df2d063fa2def309ecb0283f3036bf33d46,1787978720.1576855,37303.992999999995,18652048,0,0.9584569931030273,1.2136640548706055,1.556992530822754,-0.00133514404296875,-0.10738563537597656,0.00438690185546875,-0.021978378295898438,-0.0024423599243164062,-0.0024423599243164062,-0.021978378295898438,0.08058547973632812,-0.021978378295898438,-0.08058643341064453,-2.454700469970703,7.268375396728516,-1.540903091430664,0.13919448852539062,-0.10500621795654297,0.0,-2.897775105880901,6.541206760905135,-1.5774382718731224,0.03414684706390116,-0.0070340339575525705
87,0,train,5,1,0.17453292519943295,0.4097542559975409,3,s,af3726fcacd0ac1320a56ea850b0a2c0f5430cf4eb20a45c078706980f08407e,d24fbe3839599a6a097188bae8cd47ce8083f27deef1341ae3086bf0d5a45bd1,87f63c0590d05baea263cdc42c6e1df2d063fa2def309ecb0283f3036bf33d46,87f63c0590d05baea263cdc42c6e1df2d063fa2def309ecb0283f3036bf33d46,1787978720.1595764,37303.994999999995,18652049,0,0.9584569931030273,1.2136640548706055,1.556992530822754,-0.00133514404296875,-0.10700416564941406,0.00438690185546875,-0.021978378295898438,-0.0024423599243164062,-0.0024423599243164062,0.0073261260986328125,0.09523773193359375,-0.021978378295898438,-0.08058643341064453,-2.4410247802734375,7.3094024658203125,-1.5360193252563477,0.15873050689697266,-0.10988998413085938,0.0,-2.897811334283387,6.541242989307621,-1.577474500275607,0.03404065667399248,-0.007028949876279354
87,0,train,5,1,0.17453292519943295,0.4116422169972793,3,s,af3726fcacd0ac1320a56ea850b0a2c0f5430cf4eb20a45c078706980f08407e,d24fbe3839599a6a097188bae8cd47ce8083f27deef1341ae3086bf0d5a45bd1,87f63c0590d05baea263cdc42c6e1df2d063fa2def309ecb0283f3036bf33d46,87f63c0590d05baea263cdc42c6e1df2d063fa2def309ecb0283f3036bf33d46,1787978720.1615658,37303.996999999996,18652050,0,0.9584569931030273,1.2136640548706055,1.556992530822754,-0.00133514404296875,-0.10700416564941406,0.00438690185546875,-0.0073261260986328125,-0.0024423599243164062,-0.0024423599243164062,-0.0073261260986328125,0.08058547973632812,-0.0073261260986328125,-0.08058643341064453,-2.4410247802734375,7.350425720214844,-1.5360193252563477,0.1782665252685547,-0.10988998413085938,0.0,-2.897811334283387,6.541242989307621,-1.577474500275607,0.03404065667399248,-0.007028949876279354
87,0,train,5,1,0.17453292519943295,0.4136402099975385,3,s,af3726fcacd0ac1320a56ea850b0a2c0f5430cf4eb20a45c078706980f08407e,d24fbe3839599a6a097188bae8cd47ce8083f27deef1341ae3086bf0d5a45bd1,87f63c0590d05baea263cdc42c6e1df2d063fa2def309ecb0283f3036bf33d46,87f63c0590d05baea263cdc42c6e1df2d063fa2def309ecb0283f3036bf33d46,1787978720.163525,37303.998999999996,18652051,0,0.9584569931030273,1.2136640548706055,1.556992530822754,-0.00133514404296875,-0.10662269592285156,0.00438690185546875,-0.0073261260986328125,-0.0024423599243164062,-0.0024423599243164062,-0.0073261260986328125,0.09523773193359375,-0.0073261260986328125,-0.08058643341064453,-2.4410247802734375,7.364101409912109,-1.5360193252563477,0.19780254364013672,-0.10988998413085938,0.0,-2.8978474498441407,6.541279104868375,-1.5775106158363614,0.033934461330516384,-0.00702386558667982
87,0,train,5,1,0.17453292519943295,0.4156013030005852,3,s,af3726fcacd0ac1320a56ea850b0a2c0f5430cf4eb20a45c078706980f08407e,d24fbe3839599a6a097188bae8cd47ce8083f27deef1341ae3086bf0d5a45bd1,87f63c0590d05baea263cdc42c6e1df2d063fa2def309ecb0283f3036bf33d46,87f63c0590d05baea263cdc42c6e1df2d063fa2def309ecb0283f3036bf33d46,1787978720.165506,37304.001,18652052,0,0.9584569931030273,1.2136640548706055,1.556992530822754,-0.00133514404296875,-0.10662269592285156,0.00438690185546875,-0.0073261260986328125,-0.0024423599243164062,-0.0024423599243164062,-0.0073261260986328125,0.05128288269042969,-0.0073261260986328125,-0.08058643341064453,-2.4273509979248047,7.377777099609375,-1.5360193252563477,0.21245384216308594,-0.10988998413085938,0.0,-2.8978474498441407,6.541279104868375,-1.5775106158363614,0.033934461330516384,-0.00702386558667982
87,0,train,5,1,0.17453292519943295,0.4175710799972876,3,s,af3726fcacd0ac1320a56ea850b0a2c0f5430cf4eb20a45c078706980f08407e,d24fbe3839599a6a097188bae8cd47ce8083f27deef1341ae3086bf0d5a45bd1,87f63c0590d05baea263cdc42c6e1df2d063fa2def309ecb0283f3036bf33d46,87f63c0590d05baea263cdc42c6e1df2d063fa2def309ecb0283f3036bf33d46,1787978720.167395,37304.003,18652053,0,0.9584569931030273,1.2136640548706055,1.556992530822754,-0.00133514404296875,-0.10624122619628906,0.00438690185546875,-0.0073261260986328125,-0.0024423599243164062,-0.0024423599243164062,0.0073261260986328125,0.08058547973632812,-0.0073261260986328125,-0.08058643341064453,-2.4273509979248047,7.323078155517578,-1.5360193252563477,0.21733856201171875,-0.10500621795654297,0.0,-2.897883452557911,6.541315107582145,-1.5775466185501321,0.03382826104892627,-0.007018781089493832
87,0,train,5,1,0.17453292519943295,0.4194662160007283,3,s,af3726fcacd0ac1320a56ea850b0a2c0f5430cf4eb20a45c078706980f08407e,d24fbe3839599a6a097188bae8cd47ce8083f27deef1341ae3086bf0d5a45bd1,87f63c0590d05baea263cdc42c6e1df2d063fa2def309ecb0283f3036bf33d46,87f63c0590d05baea263cdc42c6e1df2d063fa2def309ecb0283f3036bf33d46,1787978720.1692822,37304.005,18652054,0,0.9584569931030273,1.2136640548706055,1.556992530822754,-0.00133514404296875,-0.10624122619628906,0.00438690185546875,-0.0073261260986328125,-0.0024423599243164062,-0.0024423599243164062,-0.0073261260986328125,0.08058547973632812,-0.0073261260986328125,-0.07570171356201172,-2.4273509979248047,7.25469970703125,-1.5360193252563477,0.22222232818603516,-0.10500621795654297,0.0,-2.897883452557911,6.541315107582145,-1.5775466185501321,0.03382826104892627,-0.007018781089493832
87,0,train,5,1,0.17453292519943295,0.4213997609986109,3,s,af3726fcacd0ac1320a56ea850b0a2c0f5430cf4eb20a45c078706980f08407e,d24fbe3839599a6a097188bae8cd47ce8083f27deef1341ae3086bf0d5a45bd1,87f63c0590d05baea263cdc42c6e1df2d063fa2def309ecb0283f3036bf33d46,87f63c0590d05baea263cdc42c6e1df2d063fa2def309ecb0283f3036bf33d46,1787978720.1712189,37304.007,18652055,0,0.9584569931030273,1.2136640548706055,1.556992530822754,-0.00133514404296875,-0.10585975646972656,0.00438690185546875,-0.0073261260986328125,-0.0024423599243164062,-0.0024423599243164062,-0.0073261260986328125,0.10988998413085938,-0.0073261260986328125,-0.07570171356201172,-2.4273509979248047,7.336753845214844,-1.540903091430664,0.22222232818603516,-0.10500621795654297,0.0,-2.8979193424194576,6.541350997443692,-1.5775825084116784,0.03372205584467637,-0.007013696385461279
87,0,train,5,1,0.17453292519943295,0.42328558699955465,3,s,af3726fcacd0ac1320a56ea850b0a2c0f5430cf4eb20a45c078706980f08407e,d24fbe3839599a6a097188bae8cd47ce8083f27deef1341ae3086bf0d5a45bd1,87f63c0590d05baea263cdc42c6e1df2d063fa2def309ecb0283f3036bf33d46,87f63c0590d05baea263cdc42c6e1df2d063fa2def309ecb0283f3036bf33d46,1787978720.1736746,37304.009,18652056,0,0.9584569931030273,1.2136640548706055,1.556992530822754,-0.00133514404296875,-0.10547828674316406,0.00438690185546875,-0.0073261260986328125,-0.0024423599243164062,-0.0024423599243164062,-0.0073261260986328125,0.13919448852539062,-0.0073261260986328125,-0.07570171356201172,-2.4273509979248047,7.364101409912109,-1.540903091430664,0.21733856201171875,-0.10988998413085938,0.0,-2.8979551194235564,6.5413867744477905,-1.5776182854157785,0.033615845733221524,-0.007008611475322087
87,0,train,5,1,0.17453292519943295,0.42574516099557513,3,s,af3726fcacd0ac1320a56ea850b0a2c0f5430cf4eb20a45c078706980f08407e,d24fbe3839599a6a097188bae8cd47ce8083f27deef1341ae3086bf0d5a45bd1,87f63c0590d05baea263cdc42c6e1df2d063fa2def309ecb0283f3036bf33d46,87f63c0590d05baea263cdc42c6e1df2d063fa2def309ecb0283f3036bf33d46,1787978720.1755662,37304.011,18652057,0,0.9584569931030273,1.2136640548706055,1.556992530822754,-0.00133514404296875,-0.10509681701660156,0.00438690185546875,-0.0073261260986328125,-0.0024423599243164062,-0.0024423599243164062,-0.0073261260986328125,0.16849899291992188,-0.0073261260986328125,-0.07570171356201172,-2.4410247802734375,7.350425720214844,-1.540903091430664,0.20757007598876953,-0.10988998413085938,0.0,-2.8979907835650027,6.541422438589237,-1.5776539495572257,0.03350963073001739,-0.0070035263598162015
87,0,train,5,1,0.17453292519943295,0.42763351499888813,3,s,af3726fcacd0ac1320a56ea850b0a2c0f5430cf4eb20a45c078706980f08407e,d24fbe3839599a6a097188bae8cd47ce8083f27deef1341ae3086bf0d5a45bd1,87f63c0590d05baea263cdc42c6e1df2d063fa2def309ecb0283f3036bf33d46,87f63c0590d05baea263cdc42c6e1df2d063fa2def309ecb0283f3036bf33d46,1787978720.1774642,37304.013,18652058,0,0.9584569931030273,1.2136640548706055,1.556992530822754,-0.00133514404296875,-0.10471534729003906,0.00438690185546875,-0.0073261260986328125,-0.0024423599243164062,-0.0024423599243164062,0.0073261260986328125,0.1831493377685547,-0.0073261260986328125,-0.08058643341064453,-2.4410247802734375,7.377777099609375,-1.540903091430664,0.19780254364013672,-0.10988998413085938,0.0,-2.8980263348386095,6.5414579898628435,-1.5776895008308316,0.03340341085052026,-0.006998441039683612
87,0,train,5,1,0.17453292519943295,0.4295357840019278,3,s,af3726fcacd0ac1320a56ea850b0a2c0f5430cf4eb20a45c078706980f08407e,d24fbe3839599a6a097188bae8cd47ce8083f27deef1341ae3086bf0d5a45bd1,87f63c0590d05baea263cdc42c6e1df2d063fa2def309ecb0283f3036bf33d46,87f63c0590d05baea263cdc42c6e1df2d063fa2def309ecb0283f3036bf33d46,1787978720.1793573,37304.015,18652059,0,0.9584569931030273,1.2136640548706055,1.556992530822754,-0.00133514404296875,-0.10433387756347656,0.00438690185546875,-0.0073261260986328125,-0.0024423599243164062,-0.0024423599243164062,-0.0073261260986328125,0.16849899291992188,-0.0073261260986328125,-0.07570171356201172,-2.4410247802734375,7.282051086425781,-1.5457878112792969,0.1880340576171875,-0.10988998413085938,0.0,-2.8980617732391987,6.541493428263433,-1.5777249392314199,0.03329718611018713,-0.006993355515664324
87,0,train,5,1,0.17453292519943295,0.43142537499807077,3,s,af3726fcacd0ac1320a56ea850b0a2c0f5430cf4eb20a45c078706980f08407e,d24fbe3839599a6a097188bae8cd47ce8083f27deef1341ae3086bf0d5a45bd1,87f63c0590d05baea263cdc42c6e1df2d063fa2def309ecb0283f3036bf33d46,87f63c0590d05baea263cdc42c6e1df2d063fa2def309ecb0283f3036bf33d46,1787978720.1812313,37304.017,18652060,0,0.9584569931030273,1.2136640548706055,1.556992530822754,-0.00133514404296875,-0.10395240783691406,0.00438690185546875,0.0073261260986328125,-0.0024423599243164062,-0.0024423599243164062,0.0073261260986328125,0.1831493377685547,-0.0073261260986328125,-0.08058643341064453,-2.4273509979248047,7.25469970703125,-1.5506715774536133,0.1782665252685547,-0.10988998413085938,0.0,-2.8980970987616153,6.541528753785849,-1.577760264753837,0.03319095652447576,-0.006988269788498382
87,0,train,5,1,0.17453292519943295,0.4332973909986322,3,s,af3726fcacd0ac1320a56ea850b0a2c0f5430cf4eb20a45c078706980f08407e,d24fbe3839599a6a097188bae8cd47ce8083f27deef1341ae3086bf0d5a45bd1,87f63c0590d05baea263cdc42c6e1df2d063fa2def309ecb0283f3036bf33d46,87f63c0590d05baea263cdc42c6e1df2d063fa2def309ecb0283f3036bf33d46,1787978720.1836905,37304.019,18652061,0,0.9584569931030273,1.2136640548706055,1.556992530822754,-0.00133514404296875,-0.10357093811035156,0.00438690185546875,-0.0073261260986328125,-0.0024423599243164062,-0.0024423599243164062,0.0073261260986328125,0.16849899291992188,-0.0073261260986328125,-0.08058643341064453,-2.4273509979248047,7.323078155517578,-1.5506715774536133,0.17338180541992188,-0.10988998413085938,0.0,-2.8981323114007185,6.5415639664249525,-1.5777954773929395,0.03308472210884463,-0.0069831838589258545
87,0,train,5,1,0.17453292519943295,0.4357570790016325,3,s,af3726fcacd0ac1320a56ea850b0a2c0f5430cf4eb20a45c078706980f08407e,d24fbe3839599a6a097188bae8cd47ce8083f27deef1341ae3086bf0d5a45bd1,87f63c0590d05baea263cdc42c6e1df2d063fa2def309ecb0283f3036bf33d46,87f63c0590d05baea263cdc42c6e1df2d063fa2def309ecb0283f3036bf33d46,1787978720.1855679,37304.021,18652062,0,0.9584569931030273,1.2136640548706055,1.556992530822754,-0.00133514404296875,-0.10318946838378906,0.00438690185546875,-0.021978378295898438,-0.0024423599243164062,-0.0024423599243164062,-0.0073261260986328125,0.15384674072265625,-0.0073261260986328125,-0.08058643341064453,-2.4410247802734375,7.350425720214844,-1.5506715774536133,0.16849803924560547,-0.10988998413085938,0.0,-2.8981674111513835,6.541599066175618,-1.577830577143605,0.032978482878752796,-0.006978097727686844
87,0,train,5,1,0.17453292519943295,0.43763655799557455,3,s,af3726fcacd0ac1320a56ea850b0a2c0f5430cf4eb20a45c078706980f08407e,d24fbe3839599a6a097188bae8cd47ce8083f27deef1341ae3086bf0d5a45bd1,87f63c0590d05baea263cdc42c6e1df2d063fa2def309ecb0283f3036bf33d46,87f63c0590d05baea263cdc42c6e1df2d063fa2def309ecb0283f3036bf33d46,1787978720.1874883,37304.023,18652063,0,0.9584569931030273,1.2136640548706055,1.556992530822754,-0.00133514404296875,-0.10280799865722656,0.00438690185546875,-0.0073261260986328125,-0.0024423599243164062,-0.0024423599243164062,-0.0073261260986328125,0.13919448852539062,-0.0073261260986328125,-0.07570171356201172,-2.4410247802734375,7.391452789306641,-1.5506715774536133,0.16361427307128906,-0.10500621795654297,0.0,-2.8982023980085017,6.541634053032736,-1.5778655640007242,0.0328722388496602,-0.006973011395521476
87,0,train,5,1,0.17453292519943295,0.4395566129969666,3,s,af3726fcacd0ac1320a56ea850b0a2c0f5430cf4eb20a45c078706980f08407e,d24fbe3839599a6a097188bae8cd47ce8083f27deef1341ae3086bf0d5a45bd1,87f63c0590d05baea263cdc42c6e1df2d063fa2def309ecb0283f3036bf33d46,87f63c0590d05baea263cdc42c6e1df2d063fa2def309ecb0283f3036bf33d46,1787978720.1893709,37304.025,18652064,0,0.9584569931030273,1.2136640548706055,1.556992530822754,-0.00133514404296875,-0.10242652893066406,0.00438690185546875,-0.0073261260986328125,-0.0024423599243164062,-0.0024423599243164062,0.0073261260986328125,0.13919448852539062,-0.0073261260986328125,-0.07570171356201172,-2.4410247802734375,7.336753845214844,-1.5506715774536133,0.16361427307128906,-0.10500621795654297,0.0,-2.898237271966987,6.541668926991221,-1.577900437959208,0.0327659900370273,-0.006967924863169914
87,0,train,5,1,0.17453292519943295,0.4414511529976153,3,s,af3726fcacd0ac1320a56ea850b0a2c0f5430cf4eb20a45c078706980f08407e,d24fbe3839599a6a097188bae8cd47ce8083f27deef1341ae3086bf0d5a45bd1,87f63c0590d05baea263cdc42c6e1df2d063fa2def309ecb0283f3036bf33d46,87f63c0590d05baea263cdc42c6e1df2d063fa2def309ecb0283f3036bf33d46,1787978720.191279,37304.027,18652065,0,0.9584569931030273,1.2136640548706055,1.556992530822754,-0.00133514404296875,-0.10204505920410156,0.00438690185546875,-0.021978378295898438,-0.0024423599243164062,-0.0024423599243164062,-0.021978378295898438,0.15384674072265625,-0.0073261260986328125,-0.07570171356201172,-2.4410247802734375,7.364101409912109,-1.5506715774536133,0.15873050689697266,-0.10500621795654297,0.0,-2.8982720330217595,6.541703688045994,-1.5779351990139807,0.032659736456315376,-0.0069628381313723425
87,0,train,5,1,0.17453292519943295,0.44334751200221945,3,s,af3726fcacd0ac1320a56ea850b0a2c0f5430cf4eb20a45c078706980f08407e,d24fbe3839599a6a097188bae8cd47ce8083f27deef1341ae3086bf0d5a45bd1,87f63c0590d05baea263cdc42c6e1df2d063fa2def309ecb0283f3036bf33d46,87f63c0590d05baea263cdc42c6e1df2d063fa2def309ecb0283f3036bf33d46,1787978720.1936548,37304.028999999995,18652066,0,0.9584569931030273,1.2136640548706055,1.556992530822754,-0.00133514404296875,-0.10166358947753906,0.00438690185546875,-0.0073261260986328125,-0.0024423599243164062,-0.0024423599243164062,-0.021978378295898438,0.22710609436035156,-0.0073261260986328125,-0.07570171356201172,-2.4410247802734375,7.282051086425781,-1.5457878112792969,0.15384578704833984,-0.10500621795654297,0.0,-2.8983066811677634,6.541738336191997,-1.5779698471599841,0.03255347812298632,-0.006957751200868981
87,0,train,5,1,0.17453292519943295,0.44573011699685594,3,s,af3726fcacd0ac1320a56ea850b0a2c0f5430cf4eb20a45c078706980f08407e,d24fbe3839599a6a097188bae8cd47ce8083f27deef1341ae3086bf0d5a45bd1,87f63c0590d05baea263cdc42c6e1df2d063fa2def309ecb0283f3036bf33d46,87f63c0590d05baea263cdc42c6e1df2d063fa2def309ecb0283f3036bf33d46,1787978720.1955812,37304.030999999995,18652067,0,0.9584569931030273,1.2136640548706055,1.556992530822754,-0.00133514404296875,-0.10090065002441406,0.00438690185546875,-0.0073261260986328125,-0.0024423599243164062,-0.0024423599243164062,-0.0073261260986328125,0.22710609436035156,-0.0073261260986328125,-0.07570171356201172,-2.4410247802734375,7.295726776123047,-1.5457878112792969,0.15384578704833984,-0.10500621795654297,0.0,-2.898375638713307,6.541807293737541,-1.5780388047055285,0.032340947260328115,-0.006947576746705893
87,0,train,5,1,0.17453292519943295,0.4476605230011046,3,s,af3726fcacd0ac1320a56ea850b0a2c0f5430cf4eb20a45c078706980f08407e,d24fbe3839599a6a097188bae8cd47ce8083f27deef1341ae3086bf0d5a45bd1,87f63c0590d05baea263cdc42c6e1df2d063fa2def309ecb0283f3036bf33d46,87f63c0590d05baea263cdc42c6e1df2d063fa2def309ecb0283f3036bf33d46,1787978720.1974576,37304.032999999996,18652068,0,0.9584569931030273,1.2136640548706055,1.556992530822754,-0.00133514404296875,-0.10090065002441406,0.00438690185546875,-0.0073261260986328125,-0.0024423599243164062,-0.0024423599243164062,-0.0073261260986328125,0.21245384216308594,-0.0073261260986328125,-0.07570171356201172,-2.4410247802734375,7.323078155517578,-1.5457878112792969,0.14407825469970703,-0.10988998413085938,0.0,-2.898375638713307,6.541807293737541,-1.5780388047055285,0.032340947260328115,-0.006947576746705893
87,0,train,5,1,0.17453292519943295,0.44953089999762597,3,s,af3726fcacd0ac1320a56ea850b0a2c0f5430cf4eb20a45c078706980f08407e,d24fbe3839599a6a097188bae8cd47ce8083f27deef1341ae3086bf0d5a45bd1,87f63c0590d05baea263cdc42c6e1df2d063fa2def309ecb0283f3036bf33d46,87f63c0590d05baea263cdc42c6e1df2d063fa2def309ecb0283f3036bf33d46,1787978720.199432,37304.034999999996,18652069,0,0.9584569931030273,1.2136640548706055,1.556992530822754,-0.00133514404296875,-0.10051918029785156,0.00438690185546875,-0.0073261260986328125,-0.0024423599243164062,-0.0024423599243164062,-0.0073261260986328125,0.1831493377685547,-0.0073261260986328125,-0.07570171356201172,-2.4410247802734375,7.350425720214844,-1.5506715774536133,0.1343097686767578,-0.10988998413085938,0.0,-2.8984099481028145,6.5418416031270485,-1.5780731140950366,0.032234674761926256,-0.006942489224526746
87,0,train,5,1,0.17453292519943295,0.45151609199820086,3,s,af3726fcacd0ac1320a56ea850b0a2c0f5430cf4eb20a45c078706980f08407e,d24fbe3839599a6a097188bae8cd47ce8083f27deef1341ae3086bf0d5a45bd1,87f63c0590d05baea263cdc42c6e1df2d063fa2def309ecb0283f3036bf33d46,87f63c0590d05baea263cdc42c6e1df2d063fa2def309ecb0283f3036bf33d46,1787978720.2013414,37304.037,18652070,0,0.9584569931030273,1.2136640548706055,1.556992530822754,-0.00133514404296875,-0.10013771057128906,0.00476837158203125,-0.0073261260986328125,-0.0024423599243164062,-0.0024423599243164062,-0.0073261260986328125,0.16849899291992188,0.0073261260986328125,-0.07570171356201172,-2.4273509979248047,7.295726776123047,-1.5457878112792969,0.1343097686767578,-0.10988998413085938,0.0,-2.8984434881449626,6.541875143169197,-1.5781066541371833,0.03213348524271676,-0.006951568201003732
87,0,train,5,1,0.17453292519943295,0.4534107639992726,3,s,af3726fcacd0ac1320a56ea850b0a2c0f5430cf4eb20a45c078706980f08407e,d24fbe3839599a6a097188bae8cd47ce8083f27deef1341ae3086bf0d5a45bd1,87f63c0590d05baea263cdc42c6e1df2d063fa2def309ecb0283f3036bf33d46,87f63c0590d05baea263cdc42c6e1df2d063fa2def309ecb0283f3036bf33d46,1787978720.2032902,37304.039,18652071,0,0.9584569931030273,1.2136640548706055,1.556992530822754,-0.00133514404296875,-0.09975624084472656,0.00476837158203125,-0.0073261260986328125,-0.0024423599243164062,-0.0024423599243164062,0.021978378295898438,0.16849899291992188,0.0073261260986328125,-0.07570171356201172,-2.4273509979248047,7.3094024658203125,-1.540903091430664,0.1294260025024414,-0.10988998413085938,0.0,-2.898477577078134,6.541909232102368,-1.5781407430703558,0.03202720357288381,-0.006946480579393561
87,0,train,5,1,0.17453292519943295,0.4553673659975175,3,s,af3726fcacd0ac1320a56ea850b0a2c0f5430cf4eb20a45c078706980f08407e,d24fbe3839599a6a097188bae8cd47ce8083f27deef1341ae3086bf0d5a45bd1,87f63c0590d05baea263cdc42c6e1df2d063fa2def309ecb0283f3036bf33d46,87f63c0590d05baea263cdc42c6e1df2d063fa2def309ecb0283f3036bf33d46,1787978720.205215,37304.041,18652072,0,0.9584569931030273,1.2136640548706055,1.556992530822754,-0.00133514404296875,-0.09937477111816406,0.00476837158203125,-0.0073261260986328125,-0.0024423599243164062,-0.0024423599243164062,-0.021978378295898438,0.16849899291992188,0.0073261260986328125,-0.07570171356201172,-2.4273509979248047,7.268375396728516,-1.5457878112792969,0.1294260025024414,-0.10500621795654297,0.0,-2.8985115530727383,6.541943208096972,-1.578174719064959,0.03192091724247939,-0.0069413927635306235
87,0,train,5,1,0.17453292519943295,0.4572968779975781,3,s,af3726fcacd0ac1320a56ea850b0a2c0f5430cf4eb20a45c078706980f08407e,d24fbe3839599a6a097188bae8cd47ce8083f27deef1341ae3086bf0d5a45bd1,87f63c0590d05baea263cdc42c6e1df2d063fa2def309ecb0283f3036bf33d46,87f63c0590d05baea263cdc42c6e1df2d063fa2def309ecb0283f3036bf33d46,1787978720.208027,37304.043,18652073,0,0.9584569931030273,1.2136640548706055,1.556992530822754,-0.00133514404296875,-0.09899330139160156,0.00438690185546875,-0.0073261260986328125,-0.0024423599243164062,-0.0024423599243164062,-0.021978378295898438,0.1978015899658203,-0.0073261260986328125,-0.07570171356201172,-2.4410247802734375,7.241024017333984,-1.540903091430664,0.124542236328125,-0.10988998413085938,0.0,-2.898546056322775,6.541977711347009,-1.578209222314997,0.03180953801535098,-0.0069221371857675455
87,0,train,5,1,0.17453292519943295,0.4601028050019522,3,s,af3726fcacd0ac1320a56ea850b0a2c0f5430cf4eb20a45c078706980f08407e,d24fbe3839599a6a097188bae8cd47ce8083f27deef1341ae3086bf0d5a45bd1,87f63c0590d05baea263cdc42c6e1df2d063fa2def309ecb0283f3036bf33d46,87f63c0590d05baea263cdc42c6e1df2d063fa2def309ecb0283f3036bf33d46,1787978720.2093832,37304.045,18652074,0,0.9584569931030273,1.2136640548706055,1.556992530822754,-0.00133514404296875,-0.09823036193847656,0.00438690185546875,-0.0073261260986328125,-0.0024423599243164062,-0.0024423599243164062,-0.0073261260986328125,0.22710609436035156,-0.03663063049316406,-0.07570171356201172,-2.454700469970703,7.323078155517578,-1.540903091430664,0.11477375030517578,-0.10988998413085938,0.0,-2.898613432760649,6.542045087784883,-1.5782765987528709,0.0315969418068144,-0.006911960006728116
87,0,train,5,1,0.17453292519943295,0.4614684030020726,3,s,af3726fcacd0ac1320a56ea850b0a2c0f5430cf4eb20a45c078706980f08407e,d24fbe3839599a6a097188bae8cd47ce8083f27deef1341ae3086bf0d5a45bd1,87f63c0590d05baea263cdc42c6e1df2d063fa2def309ecb0283f3036bf33d46,87f63c0590d05baea263cdc42c6e1df2d063fa2def309ecb0283f3036bf33d46,1787978720.2112935,37304.047,18652075,0,0.9584569931030273,1.2136640548706055,1.556992530822754,-0.00133514404296875,-0.09746742248535156,0.00438690185546875,-0.021978378295898438,-0.0024423599243164062,-0.0024423599243164062,-0.021978378295898438,0.2564105987548828,-0.021978378295898438,-0.07570171356201172,-2.4410247802734375,7.364101409912109,-1.540903091430664,0.10012245178222656,-0.10988998413085938,0.0,-2.898680357364739,6.542112012388973,-1.578343523356961,0.03138432720643798,-0.006901782062480515
87,0,train,5,1,0.17453292519943295,0.46336287199665094,3,s,af3726fcacd0ac1320a56ea850b0a2c0f5430cf4eb20a45c078706980f08407e,d24fbe3839599a6a097188bae8cd47ce8083f27deef1341ae3086bf0d5a45bd1,87f63c0590d05baea263cdc42c6e1df2d063fa2def309ecb0283f3036bf33d46,87f63c0590d05baea263cdc42c6e1df2d063fa2def309ecb0283f3036bf33d46,1787978720.213253,37304.049,18652076,0,0.9584569931030273,1.2136640548706055,1.556992530822754,-0.00133514404296875,-0.09708595275878906,0.00438690185546875,-0.0073261260986328125,-0.0024423599243164062,-0.0024423599243164062,-0.021978378295898438,0.2564105987548828,-0.0073261260986328125,-0.07570171356201172,-2.4410247802734375,7.377777099609375,-1.540903091430664,0.09035396575927734,-0.10988998413085938,0.0,-2.898713650216933,6.542145305241167,-1.5783768162091538,0.031278013047983756,-0.0068966928052549906
87,0,train,5,1,0.17453292519943295,0.4653394900014973,3,s,af3726fcacd0ac1320a56ea850b0a2c0f5430cf4eb20a45c078706980f08407e,d24fbe3839599a6a097188bae8cd47ce8083f27deef1341ae3086bf0d5a45bd1,87f63c0590d05baea263cdc42c6e1df2d063fa2def309ecb0283f3036bf33d46,87f63c0590d05baea263cdc42c6e1df2d063fa2def309ecb0283f3036bf33d46,1787978720.2157896,37304.051,18652077,0,0.9584569931030273,1.2136640548706055,1.556992530822754,-0.00133514404296875,-0.09670448303222656,0.00438690185546875,-0.0073261260986328125,-0.0024423599243164062,-0.0024423599243164062,-0.021978378295898438,0.2417583465576172,-0.0073261260986328125,-0.07570171356201172,-2.4410247802734375,7.391452789306641,-1.540903091430664,0.08547019958496094,-0.10500621795654297,0.0,-2.898746830096092,6.542178485120326,-1.5784099960883131,0.031171694337979672,-0.006891603358949085
87,0,train,5,1,0.17453292519943295,0.4678638810000848,3,s,af3726fcacd0ac1320a56ea850b0a2c0f5430cf4eb20a45c078706980f08407e,d24fbe3839599a6a097188bae8cd47ce8083f27deef1341ae3086bf0d5a45bd1,87f63c0590d05baea263cdc42c6e1df2d063fa2def309ecb0283f3036bf33d46,87f63c0590d05baea263cdc42c6e1df2d063fa2def309ecb0283f3036bf33d46,1787978720.2177138,37304.053,18652078,0,0.9584569931030273,1.2136640548706055,1.556992530822754,-0.00133514404296875,-0.09632301330566406,0.00438690185546875,-0.0073261260986328125,-0.0024423599243164062,-0.0024423599243164062,-0.0073261260986328125,0.21245384216308594,-0.0073261260986328125,-0.07570171356201172,-2.4410247802734375,7.377777099609375,-1.540903091430664,0.08058643341064453,-0.10500621795654297,0.0,-2.898779896997389,6.542211552021623,-1.5784430629896111,0.03106537109189709,-0.006886513724303413
87,0,train,5,1,0.17453292519943295,0.4697817339983885,3,s,af3726fcacd0ac1320a56ea850b0a2c0f5430cf4eb20a45c078706980f08407e,d24fbe3839599a6a097188bae8cd47ce8083f27deef1341ae3086bf0d5a45bd1,87f63c0590d05baea263cdc42c6e1df2d063fa2def309ecb0283f3036bf33d46,87f63c0590d05baea263cdc42c6e1df2d063fa2def309ecb0283f3036bf33d46,1787978720.2196858,37304.055,18652079,0,0.9584569931030273,1.2136640548706055,1.556992530822754,-0.00133514404296875,-0.09594154357910156,0.00476837158203125,-0.0073261260986328125,-0.0024423599243164062,-0.0024423599243164062,-0.0073261260986328125,0.1978015899658203,0.0073261260986328125,-0.07570171356201172,-2.4410247802734375,7.350425720214844,-1.540903091430664,0.07570171356201172,-0.10500621795654297,0.0,-2.898812253978219,6.542243909002453,-1.57847541997044,0.030964133095351017,-0.006895593801560883
87,0,train,5,1,0.17453292519943295,0.47176795700215735,3,s,af3726fcacd0ac1320a56ea850b0a2c0f5430cf4eb20a45c078706980f08407e,d24fbe3839599a6a097188bae8cd47ce8083f27deef1341ae3086bf0d5a45bd1,87f63c0590d05baea263cdc42c6e1df2d063fa2def309ecb0283f3036bf33d46,87f63c0590d05baea263cdc42c6e1df2d063fa2def309ecb0283f3036bf33d46,1787978720.2221413,37304.057,18652080,0,0.9584569931030273,1.2136640548706055,1.556992530822754,-0.00133514404296875,-0.09556007385253906,0.00476837158203125,-0.0073261260986328125,-0.0024423599243164062,-0.0024423599243164062,-0.021978378295898438,0.1978015899658203,0.0073261260986328125,-0.07570171356201172,-2.4410247802734375,7.364101409912109,-1.5457878112792969,0.07081794738769531,-0.10500621795654297,0.0,-2.8988451003179203,6.542276755342154,-1.5785082663101415,0.030857801010011125,-0.006890504083895528
87,0,train,5,1,0.17453292519943295,0.4742286129985587,3,s,af3726fcacd0ac1320a56ea850b0a2c0f5430cf4eb20a45c078706980f08407e,d24fbe3839599a6a097188bae8cd47ce8083f27deef1341ae3086bf0d5a45bd1,87f63c0590d05baea263cdc42c6e1df2d063fa2def309ecb0283f3036bf33d46,87f63c0590d05baea263cdc42c6e1df2d063fa2def309ecb0283f3036bf33d46,1787978720.223553,37304.059,18652081,0,0.9584569931030273,1.2136640548706055,1.556992530822754,-0.00133514404296875,-0.09517860412597656,0.00476837158203125,-0.0073261260986328125,-0.0024423599243164062,-0.0024423599243164062,-0.0073261260986328125,0.1831493377685547,-0.0073261260986328125,-0.07570171356201172,-2.454700469970703,7.391452789306641,-1.540903091430664,0.07081794738769531,-0.10500621795654297,0.0,-2.8988778336655705,6.5423094886898046,-1.5785409996577917,0.030751464434270254,-0.006885414180123057
87,0,train,5,1,0.17453292519943295,0.47563557000103174,3,s,af3726fcacd0ac1320a56ea850b0a2c0f5430cf4eb20a45c078706980f08407e,d24fbe3839599a6a097188bae8cd47ce8083f27deef1341ae3086bf0d5a45bd1,87f63c0590d05baea263cdc42c6e1df2d063fa2def309ecb0283f3036bf33d46,87f63c0590d05baea263cdc42c6e1df2d063fa2def309ecb0283f3036bf33d46,1787978720.2255063,37304.061,18652082,0,0.9584569931030273,1.2136640548706055,1.556992530822754,-0.00133514404296875,-0.09479713439941406,0.00438690185546875,-0.0073261260986328125,-0.0024423599243164062,-0.0024423599243164062,-0.021978378295898438,0.1978015899658203,-0.021978378295898438,-0.07570171356201172,-2.454700469970703,7.391452789306641,-1.540903091430664,0.0659341812133789,-0.10500621795654297,0.0,-2.898911034727971,6.542342689752205,-1.5785742007201933,0.030640033056233213,-0.006866153317136236
87,0,train,5,1,0.17453292519943295,0.47758680200058734,3,s,af3726fcacd0ac1320a56ea850b0a2c0f5430cf4eb20a45c078706980f08407e,d24fbe3839599a6a097188bae8cd47ce8083f27deef1341ae3086bf0d5a45bd1,87f63c0590d05baea263cdc42c6e1df2d063fa2def309ecb0283f3036bf33d46,87f63c0590d05baea263cdc42c6e1df2d063fa2def309ecb0283f3036bf33d46,1787978720.2274523,37304.063,18652083,0,0.9584569931030273,1.2136640548706055,1.556992530822754,-0.00133514404296875,-0.09441566467285156,0.00438690185546875,-0.021978378295898438,-0.0024423599243164062,-0.0024423599243164062,-0.0073261260986328125,0.1978015899658203,-0.03663063049316406,-0.07570171356201172,-2.454700469970703,7.336753845214844,-1.540903091430664,0.0610504150390625,-0.10500621795654297,0.0,-2.8989435366681113,6.542375191692345,-1.578606702660333,0.030533687361852357,-0.006861062751901858
87,0,train,5,1,0.17453292519943295,0.47954228399612475,3,s,af3726fcacd0ac1320a56ea850b0a2c0f5430cf4eb20a45c078706980f08407e,d24fbe3839599a6a097188bae8cd47ce8083f27deef1341ae3086bf0d5a45bd1,87f63c0590d05baea263cdc42c6e1df2d063fa2def309ecb0283f3036bf33d46,87f63c0590d05baea263cdc42c6e1df2d063fa2def309ecb0283f3036bf33d46,1787978720.2293901,37304.064999999995,18652084,0,0.9584569931030273,1.2136640548706055,1.556992530822754,-0.00133514404296875,-0.09365177154541016,0.00438690185546875,-0.0073261260986328125,-0.0024423599243164062,-0.0024423599243164062,0.0073261260986328125,0.2564105987548828,-0.021978378295898438,-0.07570171356201172,-2.4410247802734375,7.364101409912109,-1.540903091430664,0.05616569519042969,-0.10500621795654297,0.0,-2.8990082820724044,6.542439937096638,-1.578671448064626,0.03032071676690893,-0.006850868342927722
87,0,train,5,1,0.17453292519943295,0.4814764490001835,3,s,af3726fcacd0ac1320a56ea850b0a2c0f5430cf4eb20a45c078706980f08407e,d24fbe3839599a6a097188bae8cd47ce8083f27deef1341ae3086bf0d5a45bd1,87f63c0590d05baea263cdc42c6e1df2d063fa2def309ecb0283f3036bf33d46,87f63c0590d05baea263cdc42c6e1df2d063fa2def309ecb0283f3036bf33d46,1787978720.231343,37304.066999999995,18652085,0,0.9584569931030273,1.2136640548706055,1.556992530822754,-0.00133514404296875,-0.09327030181884766,0.00438690185546875,-0.0073261260986328125,-0.0024423599243164062,-0.0024423599243164062,-0.021978378295898438,0.2564105987548828,-0.0073261260986328125,-0.07570171356201172,-2.4410247802734375,7.377777099609375,-1.540903091430664,0.05616569519042969,-0.10500621795654297,0.0,-2.8990404446964155,6.54247209972065,-1.5787036106886374,0.030214357778236625,-0.006845777227774094
87,0,train,5,1,0.17453292519943295,0.48341436599730514,3,s,af3726fcacd0ac1320a56ea850b0a2c0f5430cf4eb20a45c078706980f08407e,d24fbe3839599a6a097188bae8cd47ce8083f27deef1341ae3086bf0d5a45bd1,87f63c0590d05baea263cdc42c6e1df2d063fa2def309ecb0283f3036bf33d46,87f63c0590d05baea263cdc42c6e1df2d063fa2def309ecb0283f3036bf33d46,1787978720.2332933,37304.068999999996,18652086,0,0.9584569931030273,1.2136640548706055,1.556992530822754,-0.00133514404296875,-0.09288883209228516,0.00438690185546875,-0.0073261260986328125,-0.0024423599243164062,-0.0024423599243164062,-0.0073261260986328125,0.21245384216308594,-0.0073261260986328125,-0.07570171356201172,-2.454700469970703,7.295726776123047,-1.5457878112792969,0.05616569519042969,-0.10500621795654297,0.0,-2.8990724942998396,6.542504149324074,-1.5787356602920615,0.030107994392796666,-0.006840685930949279
87,0,train,5,1,0.17453292519943295,0.4853694049961632,3,s,af3726fcacd0ac1320a56ea850b0a2c0f5430cf4eb20a45c078706980f08407e,d24fbe3839599a6a097188bae8cd47ce8083f27deef1341ae3086bf0d5a45bd1,87f63c0590d05baea263cdc42c6e1df2d063fa2def309ecb0283f3036bf33d46,87f63c0590d05baea263cdc42c6e1df2d063fa2def309ecb0283f3036bf33d46,1787978720.2357996,37304.070999999996,18652087,0,0.9584569931030273,1.2136640548706055,1.556992530822754,-0.00133514404296875,-0.09288883209228516,0.00476837158203125,0.0073261260986328125,-0.0024423599243164062,-0.0024423599243164062,0.0073261260986328125,0.16849899291992188,0.0073261260986328125,-0.07570171356201172,-2.454700469970703,7.295726776123047,-1.5457878112792969,0.05616569519042969,-0.10500621795654297,0.0,-2.8990719406494287,6.542503595673663,-1.5787351066416515,0.030113085634513443,-0.006854858162979597
87,0,train,5,1,0.17453292519943295,0.4878811379967374,3,s,af3726fcacd0ac1320a56ea850b0a2c0f5430cf4eb20a45c078706980f08407e,d24fbe3839599a6a097188bae8cd47ce8083f27deef1341ae3086bf0d5a45bd1,87f63c0590d05baea263cdc42c6e1df2d063fa2def309ecb0283f3036bf33d46,87f63c0590d05baea263cdc42c6e1df2d063fa2def309ecb0283f3036bf33d46,1787978720.2377727,37304.073,18652088,0,0.9584569931030273,1.2136640548706055,1.556992530822754,-0.00133514404296875,-0.09250736236572266,0.00476837158203125,-0.0073261260986328125,-0.0024423599243164062,-0.0024423599243164062,0.0073261260986328125,0.124542236328125,0.021978378295898438,-0.07570171356201172,-2.454700469970703,7.323078155517578,-1.5506715774536133,0.0610504150390625,-0.10988998413085938,0.0,-2.8991038826377085,6.5425355376619425,-1.5787670486299292,0.030006718048338387,-0.0068497669767464695
87,0,train,5,1,0.17453292519943295,0.4898513570005889,3,s,af3726fcacd0ac1320a56ea850b0a2c0f5430cf4eb20a45c078706980f08407e,d24fbe3839599a6a097188bae8cd47ce8083f27deef1341ae3086bf0d5a45bd1,87f63c0590d05baea263cdc42c6e1df2d063fa2def309ecb0283f3036bf33d46,87f63c0590d05baea263cdc42c6e1df2d063fa2def309ecb0283f3036bf33d46,1787978720.2397208,37304.075,18652089,0,0.9584569931030273,1.2136640548706055,1.556992530822754,-0.00133514404296875,-0.09250736236572266,0.00476837158203125,-0.0073261260986328125,-0.0024423599243164062,-0.0024423599243164062,-0.0073261260986328125,0.10988998413085938,0.0073261260986328125,-0.08058643341064453,-2.454700469970703,7.350425720214844,-1.5506715774536133,0.0659341812133789,-0.10500621795654297,0.0,-2.8991038826377085,6.5425355376619425,-1.5787670486299292,0.030006718048338387,-0.0068497669767464695
87,0,train,5,1,0.17453292519943295,0.49179154799639946,3,s,af3726fcacd0ac1320a56ea850b0a2c0f5430cf4eb20a45c078706980f08407e,d24fbe3839599a6a097188bae8cd47ce8083f27deef1341ae3086bf0d5a45bd1,87f63c0590d05baea263cdc42c6e1df2d063fa2def309ecb0283f3036bf33d46,87f63c0590d05baea263cdc42c6e1df2d063fa2def309ecb0283f3036bf33d46,1787978720.2416382,37304.077,18652090,0,0.9584569931030273,1.2136640548706055,1.556992530822754,-0.00133514404296875,-0.09212589263916016,0.00476837158203125,-0.0073261260986328125,-0.0024423599243164062,-0.0024423599243164062,0.0073261260986328125,0.10988998413085938,-0.0073261260986328125,-0.08058643341064453,-2.454700469970703,7.377777099609375,-1.5506715774536133,0.07570171356201172,-0.10988998413085938,0.0,-2.8991357115962777,6.542567366620512,-1.578798877588499,0.029900346095611208,-0.00684467561033426
87,0,train,5,1,0.17453292519943295,0.49371099299605703,3,s,af3726fcacd0ac1320a56ea850b0a2c0f5430cf4eb20a45c078706980f08407e,d24fbe3839599a6a097188bae8cd47ce8083f27deef1341ae3086bf0d5a45bd1,87f63c0590d05baea263cdc42c6e1df2d063fa2def309ecb0283f3036bf33d46,87f63c0590d05baea263cdc42c6e1df2d063fa2def309ecb0283f3036bf33d46,1787978720.2435122,37304.079,18652091,0,0.9584569931030273,1.2136640548706055,1.556992530822754,-0.00133514404296875,-0.09174442291259766,0.00438690185546875,-0.0073261260986328125,-0.0024423599243164062,-0.0024423599243164062,-0.021978378295898438,0.124542236328125,-0.03663063049316406,-0.07570171356201172,-2.4410247802734375,7.391452789306641,-1.5506715774536133,0.09035396575927734,-0.10988998413085938,0.0,-2.8991679649400246,6.542599619964259,-1.5788311309322463,0.02978887801065295,-0.006825410957856645
87,0,train,5,1,0.17453292519943295,0.49558476799575146,3,s,af3726fcacd0ac1320a56ea850b0a2c0f5430cf4eb20a45c078706980f08407e,d24fbe3839599a6a097188bae8cd47ce8083f27deef1341ae3086bf0d5a45bd1,87f63c0590d05baea263cdc42c6e1df2d063fa2def309ecb0283f3036bf33d46,87f63c0590d05baea263cdc42c6e1df2d063fa2def309ecb0283f3036bf33d46,1787978720.2454312,37304.081,18652092,0,0.9584569931030273,1.2136640548706055,1.556992530822754,-0.00133514404296875,-0.09136295318603516,0.00438690185546875,-0.0073261260986328125,-0.0024423599243164062,-0.0024423599243164062,-0.0073261260986328125,0.15384674072265625,-0.03663063049316406,-0.07570171356201172,-2.4410247802734375,7.350425720214844,-1.5457878112792969,0.09523773193359375,-0.10988998413085938,0.0,-2.8991995624146205,6.542631217438855,-1.5788627284068428,0.029682497192927725,-0.006820318941756152
87,0,train,5,1,0.17453292519943295,0.4975020689962548,3,s,af3726fcacd0ac1320a56ea850b0a2c0f5430cf4eb20a45c078706980f08407e,d24fbe3839599a6a097188bae8cd47ce8083f27deef1341ae3086bf0d5a45bd1,87f63c0590d05baea263cdc42c6e1df2d063fa2def309ecb0283f3036bf33d46,87f63c0590d05baea263cdc42c6e1df2d063fa2def309ecb0283f3036bf33d46,1787978720.2473507,37304.083,18652093,0,0.9584569931030273,1.2136640548706055,1.556992530822754,-0.00133514404296875,-0.09098148345947266,0.00438690185546875,-0.0073261260986328125,-0.0024423599243164062,-0.0024423599243164062,-0.0073261260986328125,0.16849899291992188,-0.021978378295898438,-0.07570171356201172,-2.4410247802734375,7.336753845214844,-1.5457878112792969,0.09523773193359375,-0.10988998413085938,0.0,-2.899231046845475,6.542662701869709,-1.5788942128376968,0.02957611205583073,-0.006815226747689137
87,0,train,5,1,0.17453292519943295,0.49941992799722357,3,s,af3726fcacd0ac1320a56ea850b0a2c0f5430cf4eb20a45c078706980f08407e,d24fbe3839599a6a097188bae8cd47ce8083f27deef1341ae3086bf0d5a45bd1,87f63c0590d05baea263cdc42c6e1df2d063fa2def309ecb0283f3036bf33d46,87f63c0590d05baea263cdc42c6e1df2d063fa2def309ecb0283f3036bf33d46,1787978720.2493024,37304.085,18652094,0,0.9584569931030273,1.2136640548706055,1.556992530822754,-0.00133514404296875,-0.09060001373291016,0.00438690185546875,-0.0073261260986328125,-0.0024423599243164062,-0.0024423599243164062,-0.03663063049316406,0.1978015899658203,-0.0073261260986328125,-0.07570171356201172,-2.4410247802734375,7.3094024658203125,-1.5457878112792969,0.10012245178222656,-0.10500621795654297,0.0,-2.899262418228005,6.542694073252239,-1.578925584220226,0.029469722614843027,-0.006810134376396614
87,0,train,5,1,0.17453292519943295,0.5013918949989602,3,s,af3726fcacd0ac1320a56ea850b0a2c0f5430cf4eb20a45c078706980f08407e,d24fbe3839599a6a097188bae8cd47ce8083f27deef1341ae3086bf0d5a45bd1,87f63c0590d05baea263cdc42c6e1df2d063fa2def309ecb0283f3036bf33d46,87f63c0590d05baea263cdc42c6e1df2d063fa2def309ecb0283f3036bf33d46,1787978720.2512674,37304.087,18652095,0,0.9584569931030273,1.2136640548706055,1.556992530822754,-0.00133514404296875,-0.09021854400634766,0.00438690185546875,-0.0073261260986328125,-0.0024423599243164062,-0.0024423599243164062,-0.0073261260986328125,0.16849899291992188,-0.0073261260986328125,-0.07570171356201172,-2.4410247802734375,7.3094024658203125,-1.5457878112792969,0.09523773193359375,-0.10500621795654297,0.0,-2.8992936765576434,6.542725331581877,-1.5789568425498652,0.029363328885446332,-0.006805041828619622
87,0,train,5,1,0.17453292519943295,0.5033414709978388,3,s,af3726fcacd0ac1320a56ea850b0a2c0f5430cf4eb20a45c078706980f08407e,d24fbe3839599a6a097188bae8cd47ce8083f27deef1341ae3086bf0d5a45bd1,87f63c0590d05baea263cdc42c6e1df2d063fa2def309ecb0283f3036bf33d46,87f63c0590d05baea263cdc42c6e1df2d063fa2def309ecb0283f3036bf33d46,1787978720.2541091,37304.089,18652096,0,0.9584569931030273,1.2136640548706055,1.556992530822754,-0.00133514404296875,-0.08983707427978516,0.00438690185546875,-0.0073261260986328125,-0.0024423599243164062,-0.0024423599243164062,-0.0073261260986328125,0.16849899291992188,0.0073261260986328125,-0.07570171356201172,-2.4410247802734375,7.25469970703125,-1.5457878112792969,0.09523773193359375,-0.10500621795654297,0.0,-2.8993248218298446,6.542756476854079,-1.5789879878220663,0.029256930883122943,-0.006799949105099221
87,0,train,5,1,0.17453292519943295,0.5061899819993414,3,s,af3726fcacd0ac1320a56ea850b0a2c0f5430cf4eb20a45c078706980f08407e,d24fbe3839599a6a097188bae8cd47ce8083f27deef1341ae3086bf0d5a45bd1,87f63c0590d05baea263cdc42c6e1df2d063fa2def309ecb0283f3036bf33d46,87f63c0590d05baea263cdc42c6e1df2d063fa2def309ecb0283f3036bf33d46,1787978720.2555444,37304.091,18652097,0,0.9584569931030273,1.2136640548706055,1.556992530822754,-0.00133514404296875,-0.08945560455322266,0.00476837158203125,0.0073261260986328125,-0.0024423599243164062,-0.0024423599243164062,-0.0073261260986328125,0.16849899291992188,0.0073261260986328125,-0.07570171356201172,-2.4410247802734375,7.323078155517578,-1.540903091430664,0.09035396575927734,-0.10988998413085938,0.0,-2.89935534908745,6.542787004111684,-1.5790185150796714,0.029155621463390263,-0.0068090310626726346
87,0,train,5,1,0.17453292519943295,0.5076229729966144,3,s,af3726fcacd0ac1320a56ea850b0a2c0f5430cf4eb20a45c078706980f08407e,d24fbe3839599a6a097188bae8cd47ce8083f27deef1341ae3086bf0d5a45bd1,87f63c0590d05baea263cdc42c6e1df2d063fa2def309ecb0283f3036bf33d46,87f63c0590d05baea263cdc42c6e1df2d063fa2def309ecb0283f3036bf33d46,1787978720.257459,37304.093,18652098,0,0.9584569931030273,1.2136640548706055,1.556992530822754,-0.00133514404296875,-0.08907413482666016,0.00476837158203125,-0.0073261260986328125,-0.0024423599243164062,-0.0024423599243164062,0.0073261260986328125,0.1831493377685547,0.0073261260986328125,-0.08058643341064453,-2.4273509979248047,7.350425720214844,-1.540903091430664,0.09035396575927734,-0.10988998413085938,0.0,-2.8993862736429956,6.54281792866723,-1.5790494396352168,0.02904921513554867,-0.006803938281502033
87,0,train,5,1,0.17453292519943295,0.5095288640004583,3,s,af3726fcacd0ac1320a56ea850b0a2c0f5430cf4eb20a45c078706980f08407e,d24fbe3839599a6a097188bae8cd47ce8083f27deef1341ae3086bf0d5a45bd1,87f63c0590d05baea263cdc42c6e1df2d063fa2def309ecb0283f3036bf33d46,87f63c0590d05baea263cdc42c6e1df2d063fa2def309ecb0283f3036bf33d46,1787978720.2593887,37304.095,18652099,0,0.9584569931030273,1.2136640548706055,1.556992530822754,-0.00133514404296875,-0.08869266510009766,0.00476837158203125,0.0073261260986328125,-0.0024423599243164062,-0.0024423599243164062,-0.0073261260986328125,0.1831493377685547,-0.0073261260986328125,-0.08058643341064453,-2.4410247802734375,7.350425720214844,-1.5457878112792969,0.08547019958496094,-0.10988998413085938,0.0,-2.8994170851277388,6.542848740151973,-1.5790802511199604,0.028942804580489936,-0.006798845326821302
87,0,train,5,1,0.17453292519943295,0.5114581859961618,3,s,af3726fcacd0ac1320a56ea850b0a2c0f5430cf4eb20a45c078706980f08407e,d24fbe3839599a6a097188bae8cd47ce8083f27deef1341ae3086bf0d5a45bd1,87f63c0590d05baea263cdc42c6e1df2d063fa2def309ecb0283f3036bf33d46,87f63c0590d05baea263cdc42c6e1df2d063fa2def309ecb0283f3036bf33d46,1787978720.261461,37304.097,18652100,0,0.9584569931030273,1.2136640548706055,1.556992530822754,-0.00133514404296875,-0.08831119537353516,0.00476837158203125,-0.0073261260986328125,-0.0024423599243164062,-0.0024423599243164062,0.0073261260986328125,0.16849899291992188,-0.0073261260986328125,-0.08058643341064453,-2.4410247802734375,7.268375396728516,-1.5457878112792969,0.08547019958496094,-0.10988998413085938,0.0,-2.8994477835371977,6.542879438561432,-1.5791109495294198,0.028836389813698876,-0.006793752199371564
87,0,train,5,1,0.17453292519943295,0.5135328879987355,3,s,af3726fcacd0ac1320a56ea850b0a2c0f5430cf4eb20a45c078706980f08407e,d24fbe3839599a6a097188bae8cd47ce8083f27deef1341ae3086bf0d5a45bd1,87f63c0590d05baea263cdc42c6e1df2d063fa2def309ecb0283f3036bf33d46,87f63c0590d05baea263cdc42c6e1df2d063fa2def309ecb0283f3036bf33d46,1787978720.2633684,37304.098999999995,18652101,0,0.9584569931030273,1.2136640548706055,1.556992530822754,-0.00133514404296875,-0.08792972564697266,0.00476837158203125,0.0073261260986328125,-0.0024423599243164062,-0.0024423599243164062,-0.0073261260986328125,0.13919448852539062,-0.0073261260986328125,-0.08058643341064453,-2.4410247802734375,7.241024017333984,-1.5457878112792969,0.09035396575927734,-0.10988998413085938,0.0,-2.899478368866905,6.542910023891139,-1.579141534859126,0.028729970850660883,-0.006788658899893965
87,0,train,5,1,0.17453292519943295,0.515438025999174,3,s,af3726fcacd0ac1320a56ea850b0a2c0f5430cf4eb20a45c078706980f08407e,d24fbe3839599a6a097188bae8cd47ce8083f27deef1341ae3086bf0d5a45bd1,87f63c0590d05baea263cdc42c6e1df2d063fa2def309ecb0283f3036bf33d46,87f63c0590d05baea263cdc42c6e1df2d063fa2def309ecb0283f3036bf33d46,1787978720.2661657,37304.100999999995,18652102,0,0.9584569931030273,1.2136640548706055,1.556992530822754,-0.00133514404296875,-0.08792972564697266,0.00476837158203125,0.0073261260986328125,-0.0024423599243164062,-0.0024423599243164062,-0.0073261260986328125,0.124542236328125,-0.021978378295898438,-0.08058643341064453,-2.4410247802734375,7.213676452636719,-1.5457878112792969,0.09523773193359375,-0.10988998413085938,0.0,-2.899478368866905,6.542910023891139,-1.579141534859126,0.028729970850660883,-0.006788658899893965
87,0,train,5,1,0.17453292519943295,0.5182339219973073,3,s,af3726fcacd0ac1320a56ea850b0a2c0f5430cf4eb20a45c078706980f08407e,d24fbe3839599a6a097188bae8cd47ce8083f27deef1341ae3086bf0d5a45bd1,87f63c0590d05baea263cdc42c6e1df2d063fa2def309ecb0283f3036bf33d46,87f63c0590d05baea263cdc42c6e1df2d063fa2def309ecb0283f3036bf33d46,1787978720.2676206,37304.102999999996,18652103,0,0.9584569931030273,1.2136640548706055,1.556992530822754,-0.00133514404296875,-0.08754825592041016,0.00476837158203125,-0.0073261260986328125,-0.0024423599243164062,-0.0024423599243164062,-0.0073261260986328125,0.124542236328125,-0.0073261260986328125,-0.07570171356201172,-2.4410247802734375,7.282051086425781,-1.540903091430664,0.10012245178222656,-0.10988998413085938,0.0,-2.8995088411124086,6.542940496136643,-1.5791720071046298,0.02862354770686193,-0.006783565429129681
87,0,train,5,1,0.17453292519943295,0.5196925709969946,3,s,af3726fcacd0ac1320a56ea850b0a2c0f5430cf4eb20a45c078706980f08407e,d24fbe3839599a6a097188bae8cd47ce8083f27deef1341ae3086bf0d5a45bd1,87f63c0590d05baea263cdc42c6e1df2d063fa2def309ecb0283f3036bf33d46,87f63c0590d05baea263cdc42c6e1df2d063fa2def309ecb0283f3036bf33d46,1787978720.2695308,37304.104999999996,18652104,0,0.9584569931030273,1.2136640548706055,1.556992530822754,-0.00133514404296875,-0.08716678619384766,0.00476837158203125,-0.021978378295898438,-0.0024423599243164062,-0.0024423599243164062,-0.0073261260986328125,0.13919448852539062,-0.0073261260986328125,-0.07570171356201172,-2.454700469970703,7.25469970703125,-1.540903091430664,0.10500621795654297,-0.10988998413085938,0.0,-2.8995392002692753,6.542970855293509,-1.5792023662614965,0.028517120397788635,-0.006778471787819907
87,0,train,5,1,0.17453292519943295,0.521636582998326,3,s,af3726fcacd0ac1320a56ea850b0a2c0f5430cf4eb20a45c078706980f08407e,d24fbe3839599a6a097188bae8cd47ce8083f27deef1341ae3086bf0d5a45bd1,87f63c0590d05baea263cdc42c6e1df2d063fa2def309ecb0283f3036bf33d46,87f63c0590d05baea263cdc42c6e1df2d063fa2def309ecb0283f3036bf33d46,1787978720.2714915,37304.106999999996,18652105,0,0.9584569931030273,1.2136640548706055,1.556992530822754,-0.00133514404296875,-0.08678531646728516,0.00476837158203125,-0.0073261260986328125,-0.0024423599243164062,-0.0024423599243164062,-0.0073261260986328125,0.13919448852539062,-0.0073261260986328125,-0.07570171356201172,-2.4410247802734375,7.295726776123047,-1.540903091430664,0.10500621795654297,-0.10988998413085938,0.0,-2.899569446333085,6.543001101357319,-1.5792326123253075,0.028410688938928202,-0.006773377976705865
87,0,train,5,1,0.17453292519943295,0.523559627996292,3,s,af3726fcacd0ac1320a56ea850b0a2c0f5430cf4eb20a45c078706980f08407e,d24fbe3839599a6a097188bae8cd47ce8083f27deef1341ae3086bf0d5a45bd1,87f63c0590d05baea263cdc42c6e1df2d063fa2def309ecb0283f3036bf33d46,87f63c0590d05baea263cdc42c6e1df2d063fa2def309ecb0283f3036bf33d46,1787978720.2733877,37304.109,18652106,0,0.9584569931030273,1.2136640548706055,1.556992530822754,-0.00133514404296875,-0.08640384674072266,0.00476837158203125,-0.0073261260986328125,-0.0024423599243164062,-0.0024423599243164062,-0.021978378295898438,0.15384674072265625,-0.0073261260986328125,-0.07570171356201172,-2.4410247802734375,7.336753845214844,-1.5457878112792969,0.10988998413085938,-0.10500621795654297,0.0,-2.899599579299442,6.543031234323676,-1.579262745291663,0.028304253345768422,-0.006768283996528805
87,0,train,5,1,0.17453292519943295,0.5254539160014247,3,s,af3726fcacd0ac1320a56ea850b0a2c0f5430cf4eb20a45c078706980f08407e,d24fbe3839599a6a097188bae8cd47ce8083f27deef1341ae3086bf0d5a45bd1,87f63c0590d05baea263cdc42c6e1df2d063fa2def309ecb0283f3036bf33d46,87f63c0590d05baea263cdc42c6e1df2d063fa2def309ecb0283f3036bf33d46,1787978720.2752738,37304.111,18652107,0,0.9584569931030273,1.2136640548706055,1.556992530822754,-0.00133514404296875,-0.08602237701416016,0.00476837158203125,-0.0073261260986328125,-0.0024423599243164062,-0.0024423599243164062,-0.021978378295898438,0.16849899291992188,-0.0073261260986328125,-0.08058643341064453,-2.4410247802734375,7.282051086425781,-1.5457878112792969,0.11477375030517578,-0.10988998413085938,0.0,-2.8996295991639545,6.5430612541881885,-1.5792927651561761,0.028197813633797777,-0.006763189848029994
87,0,train,5,1,0.17453292519943295,0.5273414789990056,3,s,af3726fcacd0ac1320a56ea850b0a2c0f5430cf4eb20a45c078706980f08407e,d24fbe3839599a6a097188bae8cd47ce8083f27deef1341ae3086bf0d5a45bd1,87f63c0590d05baea263cdc42c6e1df2d063fa2def309ecb0283f3036bf33d46,87f63c0590d05baea263cdc42c6e1df2d063fa2def309ecb0283f3036bf33d46,1787978720.2777138,37304.113,18652108,0,0.9584569931030273,1.2136640548706055,1.556992530822754,-0.00133514404296875,-0.08564090728759766,0.00476837158203125,-0.021978378295898438,-0.0024423599243164062,-0.0024423599243164062,0.0073261260986328125,0.1831493377685547,-0.0073261260986328125,-0.08058643341064453,-2.4410247802734375,7.323078155517578,-1.5457878112792969,0.10988998413085938,-0.10988998413085938,0.0,-2.899659505922258,6.543091160946492,-1.5793226719144804,0.028091369818505227,-0.006758095531950732
87,0,train,5,1,0.17453292519943295,0.5297837109974353,3,s,af3726fcacd0ac1320a56ea850b0a2c0f5430cf4eb20a45c078706980f08407e,d24fbe3839599a6a097188bae8cd47ce8083f27deef1341ae3086bf0d5a45bd1,87f63c0590d05baea263cdc42c6e1df2d063fa2def309ecb0283f3036bf33d46,87f63c0590d05baea263cdc42c6e1df2d063fa2def309ecb0283f3036bf33d46,1787978720.2795925,37304.115,18652109,0,0.9584569931030273,1.2136640548706055,1.556992530822754,-0.00133514404296875,-0.08564090728759766,0.00476837158203125,0.0073261260986328125,-0.0024423599243164062,-0.0024423599243164062,0.0073261260986328125,0.15384674072265625,-0.0073261260986328125,-0.07570171356201172,-2.4410247802734375,7.350425720214844,-1.5457878112792969,0.10988998413085938,-0.10988998413085938,0.0,-2.899659505922258,6.543091160946492,-1.5793226719144804,0.028091369818505227,-0.006758095531950732
87,0,train,5,1,0.17453292519943295,0.5316611359958188,3,s,af3726fcacd0ac1320a56ea850b0a2c0f5430cf4eb20a45c078706980f08407e,d24fbe3839599a6a097188bae8cd47ce8083f27deef1341ae3086bf0d5a45bd1,87f63c0590d05baea263cdc42c6e1df2d063fa2def309ecb0283f3036bf33d46,87f63c0590d05baea263cdc42c6e1df2d063fa2def309ecb0283f3036bf33d46,1787978720.2814555,37304.117,18652110,0,0.9584569931030273,1.2136640548706055,1.556992530822754,-0.00133514404296875,-0.08525943756103516,0.00476837158203125,-0.0073261260986328125,-0.0024423599243164062,-0.0024423599243164062,-0.0073261260986328125,0.13919448852539062,-0.0073261260986328125,-0.07570171356201172,-2.4410247802734375,7.282051086425781,-1.5506715774536133,0.11477375030517578,-0.10500621795654297,0.0,-2.8996892995700008,6.543120954594235,-1.579352465562222,0.02798492191538041,-0.006753001049032339
87,0,train,5,1,0.17453292519943295,0.5335242469955119,3,s,af3726fcacd0ac1320a56ea850b0a2c0f5430cf4eb20a45c078706980f08407e,d24fbe3839599a6a097188bae8cd47ce8083f27deef1341ae3086bf0d5a45bd1,87f63c0590d05baea263cdc42c6e1df2d063fa2def309ecb0283f3036bf33d46,87f63c0590d05baea263cdc42c6e1df2d063fa2def309ecb0283f3036bf33d46,1787978720.283533,37304.119,18652111,0,0.9584569931030273,1.2136640548706055,1.556992530822754,-0.00133514404296875,-0.08487796783447266,0.00476837158203125,-0.0073261260986328125,-0.0024423599243164062,-0.0024423599243164062,-0.0073261260986328125,0.15384674072265625,-0.0073261260986328125,-0.07570171356201172,-2.4273509979248047,7.268375396728516,-1.5457878112792969,0.11477375030517578,-0.10500621795654297,0.0,-2.8997189801028447,6.543150635127079,-1.5793821460950663,0.027878469939913515,-0.006747906400016158
87,0,train,5,1,0.17453292519943295,0.5356045869993977,3,s,af3726fcacd0ac1320a56ea850b0a2c0f5430cf4eb20a45c078706980f08407e,d24fbe3839599a6a097188bae8cd47ce8083f27deef1341ae3086bf0d5a45bd1,87f63c0590d05baea263cdc42c6e1df2d063fa2def309ecb0283f3036bf33d46,87f63c0590d05baea263cdc42c6e1df2d063fa2def309ecb0283f3036bf33d46,1787978720.2854295,37304.121,18652112,0,0.9584569931030273,1.2136640548706055,1.556992530822754,-0.00133514404296875,-0.08449649810791016,0.00476837158203125,-0.0073261260986328125,-0.0024423599243164062,-0.0024423599243164062,-0.0073261260986328125,0.15384674072265625,-0.0073261260986328125,-0.07570171356201172,-2.4410247802734375,7.241024017333984,-1.5457878112792969,0.1196584701538086,-0.10500621795654297,0.0,-2.8997485475164733,6.543180202540707,-1.579411713508695,0.02777201390759537,-0.006742811585643559
87,0,train,5,1,0.17453292519943295,0.5374990589989466,3,s,af3726fcacd0ac1320a56ea850b0a2c0f5430cf4eb20a45c078706980f08407e,d24fbe3839599a6a097188bae8cd47ce8083f27deef1341ae3086bf0d5a45bd1,87f63c0590d05baea263cdc42c6e1df2d063fa2def309ecb0283f3036bf33d46,87f63c0590d05baea263cdc42c6e1df2d063fa2def309ecb0283f3036bf33d46,1787978720.28735,37304.123,18652113,0,0.9584569931030273,1.2136640548706055,1.556992530822754,-0.00133514404296875,-0.08411502838134766,0.00476837158203125,-0.0073261260986328125,-0.0024423599243164062,-0.0024423599243164062,-0.0073261260986328125,0.15384674072265625,-0.0073261260986328125,-0.07570171356201172,-2.4410247802734375,7.3094024658203125,-1.5457878112792969,0.1196584701538086,-0.10500621795654297,0.0,-2.8997780018065824,6.5432096568308165,-1.5794411677988032,0.02766555383391735,-0.006737716606655937
87,0,train,5,1,0.17453292519943295,0.5394228989971452,3,s,af3726fcacd0ac1320a56ea850b0a2c0f5430cf4eb20a45c078706980f08407e,d24fbe3839599a6a097188bae8cd47ce8083f27deef1341ae3086bf0d5a45bd1,87f63c0590d05baea263cdc42c6e1df2d063fa2def309ecb0283f3036bf33d46,87f63c0590d05baea263cdc42c6e1df2d063fa2def309ecb0283f3036bf33d46,1787978720.2892475,37304.125,18652114,0,0.9584569931030273,1.2136640548706055,1.556992530822754,-0.00133514404296875,-0.08373355865478516,0.00476837158203125,0.0073261260986328125,-0.0024423599243164062,-0.0024423599243164062,-0.0073261260986328125,0.16849899291992188,-0.0073261260986328125,-0.08058643341064453,-2.4410247802734375,7.364101409912109,-1.5457878112792969,0.1196584701538086,-0.10500621795654297,0.0,-2.899807342968884,6.543238997993118,-1.5794705089611063,0.02755908973437144,-0.006732621463794705
87,0,train,5,1,0.17453292519943295,0.5413377410004614,3,s,af3726fcacd0ac1320a56ea850b0a2c0f5430cf4eb20a45c078706980f08407e,d24fbe3839599a6a097188bae8cd47ce8083f27deef1341ae3086bf0d5a45bd1,87f63c0590d05baea263cdc42c6e1df2d063fa2def309ecb0283f3036bf33d46,87f63c0590d05baea263cdc42c6e1df2d063fa2def309ecb0283f3036bf33d46,1787978720.2911792,37304.127,18652115,0,0.9584569931030273,1.2136640548706055,1.556992530822754,-0.00133514404296875,-0.08335208892822266,0.00476837158203125,-0.0073261260986328125,-0.0024423599243164062,-0.0024423599243164062,0.0073261260986328125,0.1831493377685547,-0.0073261260986328125,-0.08058643341064453,-2.4410247802734375,7.377777099609375,-1.540903091430664,0.11477375030517578,-0.10500621795654297,0.0,-2.899836570999113,6.543268226023347,-1.579499736991335,0.027452621624450207,-0.006727526157801309
87,0,train,5,1,0.17453292519943295,0.5432467569989967,3,s,af3726fcacd0ac1320a56ea850b0a2c0f5430cf4eb20a45c078706980f08407e,d24fbe3839599a6a097188bae8cd47ce8083f27deef1341ae3086bf0d5a45bd1,87f63c0590d05baea263cdc42c6e1df2d063fa2def309ecb0283f3036bf33d46,87f63c0590d05baea263cdc42c6e1df2d063fa2def309ecb0283f3036bf33d46,1787978720.2936301,37304.129,18652116,0,0.9584569931030273,1.2136640548706055,1.556992530822754,-0.00133514404296875,-0.08297061920166016,0.00476837158203125,-0.0073261260986328125,-0.0024423599243164062,-0.0024423599243164062,-0.0073261260986328125,0.16849899291992188,-0.0073261260986328125,-0.08058643341064453,-2.4410247802734375,7.3094024658203125,-1.540903091430664,0.11477375030517578,-0.10500621795654297,0.0,-2.899865685893013,6.543297340917247,-1.5795288518852353,0.02734614951964677,-0.006722430689417208
87,0,train,5,1,0.17453292519943295,0.545695656001044,3,s,af3726fcacd0ac1320a56ea850b0a2c0f5430cf4eb20a45c078706980f08407e,d24fbe3839599a6a097188bae8cd47ce8083f27deef1341ae3086bf0d5a45bd1,87f63c0590d05baea263cdc42c6e1df2d063fa2def309ecb0283f3036bf33d46,87f63c0590d05baea263cdc42c6e1df2d063fa2def309ecb0283f3036bf33d46,1787978720.2954636,37304.131,18652117,0,0.9584569931030273,1.2136640548706055,1.556992530822754,-0.00133514404296875,-0.08297061920166016,0.00476837158203125,-0.021978378295898438,-0.0024423599243164062,-0.0024423599243164062,-0.0073261260986328125,0.16849899291992188,-0.0073261260986328125,-0.08058643341064453,-2.4410247802734375,7.350425720214844,-1.540903091430664,0.10988998413085938,-0.10500621795654297,0.0,-2.899865685893013,6.543297340917247,-1.5795288518852353,0.02734614951964677,-0.006722430689417208
87,0,train,5,1,0.17453292519943295,0.54752748899773,3,s,af3726fcacd0ac1320a56ea850b0a2c0f5430cf4eb20a45c078706980f08407e,d24fbe3839599a6a097188bae8cd47ce8083f27deef1341ae3086bf0d5a45bd1,87f63c0590d05baea263cdc42c6e1df2d063fa2def309ecb0283f3036bf33d46,87f63c0590d05baea263cdc42c6e1df2d063fa2def309ecb0283f3036bf33d46,1787978720.2973182,37304.133,18652118,0,0.9584569931030273,1.2136640548706055,1.556992530822754,-0.00133514404296875,-0.08258914947509766,0.00476837158203125,0.0073261260986328125,-0.0024423599243164062,-0.0024423599243164062,-0.0073261260986328125,0.16849899291992188,-0.0073261260986328125,-0.07570171356201172,-2.4410247802734375,7.3094024658203125,-1.5457878112792969,0.10988998413085938,-0.10500621795654297,0.0,-2.89989468764635,6.543326342670584,-1.5795578536385708,0.027239673435454907,-0.006717335059383895
87,0,train,5,1,0.17453292519943295,0.5493797579983948,3,s,af3726fcacd0ac1320a56ea850b0a2c0f5430cf4eb20a45c078706980f08407e,d24fbe3839599a6a097188bae8cd47ce8083f27deef1341ae3086bf0d5a45bd1,87f63c0590d05baea263cdc42c6e1df2d063fa2def309ecb0283f3036bf33d46,87f63c0590d05baea263cdc42c6e1df2d063fa2def309ecb0283f3036bf33d46,1787978720.2992396,37304.134999999995,18652119,0,0.9584569931030273,1.2136640548706055,1.556992530822754,-0.00133514404296875,-0.08220767974853516,0.00476837158203125,-0.0073261260986328125,-0.0024423599243164062,-0.0024423599243164062,-0.0073261260986328125,0.15384674072265625,-0.0073261260986328125,-0.08058643341064453,-2.454700469970703,7.3094024658203125,-1.5457878112792969,0.10500621795654297,-0.10500621795654297,0.0,-2.8999235762548987,6.543355231279133,-1.5795867422471204,0.027133193387368908,-0.006712239268442878
87,0,train,5,1,0.17453292519943295,0.55131196599541,3,s,af3726fcacd0ac1320a56ea850b0a2c0f5430cf4eb20a45c078706980f08407e,d24fbe3839599a6a097188bae8cd47ce8083f27deef1341ae3086bf0d5a45bd1,87f63c0590d05baea263cdc42c6e1df2d063fa2def309ecb0283f3036bf33d46,87f63c0590d05baea263cdc42c6e1df2d063fa2def309ecb0283f3036bf33d46,1787978720.3016922,37304.136999999995,18652120,0,0.9584569931030273,1.2136640548706055,1.556992530822754,-0.00133514404296875,-0.08182621002197266,0.00476837158203125,-0.021978378295898438,-0.0024423599243164062,-0.0024423599243164062,-0.0073261260986328125,0.1831493377685547,-0.0073261260986328125,-0.08058643341064453,-2.454700469970703,7.323078155517578,-1.5457878112792969,0.10500621795654297,-0.10500621795654297,0.0,-2.8999523517144605,6.543384006738695,-1.5796155177066813,0.027026709390883655,-0.006707143317335695
87,0,train,5,1,0.17453292519943295,0.553760921000503,3,s,af3726fcacd0ac1320a56ea850b0a2c0f5430cf4eb20a45c078706980f08407e,d24fbe3839599a6a097188bae8cd47ce8083f27deef1341ae3086bf0d5a45bd1,87f63c0590d05baea263cdc42c6e1df2d063fa2def309ecb0283f3036bf33d46,87f63c0590d05baea263cdc42c6e1df2d063fa2def309ecb0283f3036bf33d46,1787978720.3035967,37304.138999999996,18652121,0,0.9584569931030273,1.2136640548706055,1.556992530822754,-0.00133514404296875,-0.08144474029541016,0.00476837158203125,-0.0073261260986328125,-0.0024423599243164062,-0.0024423599243164062,-0.0073261260986328125,0.15384674072265625,-0.0073261260986328125,-0.08058643341064453,-2.454700469970703,7.336753845214844,-1.5457878112792969,0.10988998413085938,-0.10500621795654297,0.0,-2.899981014020845,6.543412669045079,-1.5796441800130656,0.0269202214614946,-0.006702047206803903
87,0,train,5,1,0.17453292519943295,0.5556687240023166,3,s,af3726fcacd0ac1320a56ea850b0a2c0f5430cf4eb20a45c078706980f08407e,d24fbe3839599a6a097188bae8cd47ce8083f27deef1341ae3086bf0d5a45bd1,87f63c0590d05baea263cdc42c6e1df2d063fa2def309ecb0283f3036bf33d46,87f63c0590d05baea263cdc42c6e1df2d063fa2def309ecb0283f3036bf33d46,1787978720.305501,37304.140999999996,18652122,0,0.9584569931030273,1.2136640548706055,1.556992530822754,-0.00133514404296875,-0.08106327056884766,0.00476837158203125,-0.0073261260986328125,-0.0024423599243164062,-0.0024423599243164062,-0.0073261260986328125,0.15384674072265625,-0.0073261260986328125,-0.07570171356201172,-2.4410247802734375,7.364101409912109,-1.5457878112792969,0.11477375030517578,-0.10500621795654297,0.0,-2.900009563169881,6.543441218194115,-1.5796727291621024,0.026813729614697798,-0.006696950937589083
87,0,train,5,1,0.17453292519943295,0.5575709249969805,3,s,af3726fcacd0ac1320a56ea850b0a2c0f5430cf4eb20a45c078706980f08407e,d24fbe3839599a6a097188bae8cd47ce8083f27deef1341ae3086bf0d5a45bd1,87f63c0590d05baea263cdc42c6e1df2d063fa2def309ecb0283f3036bf33d46,87f63c0590d05baea263cdc42c6e1df2d063fa2def309ecb0283f3036bf33d46,1787978720.3074007,37304.143,18652123,0,0.9584569931030273,1.2136640548706055,1.556992530822754,-0.00133514404296875,-0.08106327056884766,0.00476837158203125,-0.0073261260986328125,-0.0024423599243164062,-0.0024423599243164062,-0.0073261260986328125,0.13919448852539062,-0.0073261260986328125,-0.07570171356201172,-2.454700469970703,7.295726776123047,-1.5457878112792969,0.1196584701538086,-0.10500621795654297,0.0,-2.900009563169881,6.543441218194115,-1.5796727291621024,0.026813729614697798,-0.006696950937589083
87,0,train,5,1,0.17453292519943295,0.5594696529951761,3,s,af3726fcacd0ac1320a56ea850b0a2c0f5430cf4eb20a45c078706980f08407e,d24fbe3839599a6a097188bae8cd47ce8083f27deef1341ae3086bf0d5a45bd1,87f63c0590d05baea263cdc42c6e1df2d063fa2def309ecb0283f3036bf33d46,87f63c0590d05baea263cdc42c6e1df2d063fa2def309ecb0283f3036bf33d46,1787978720.309311,37304.145,18652124,0,0.9584569931030273,1.2136640548706055,1.556992530822754,-0.00133514404296875,-0.08068180084228516,0.00476837158203125,0.0073261260986328125,-0.0024423599243164062,-0.0024423599243164062,-0.0073261260986328125,0.13919448852539062,-0.0073261260986328125,-0.07570171356201172,-2.4410247802734375,7.282051086425781,-1.5457878112792969,0.124542236328125,-0.10500621795654297,0.0,-2.900037999157415,6.543469654181649,-1.5797011651496375,0.026707233865989825,-0.006691854510432842
87,0,train,5,1,0.17453292519943295,0.5614021709989174,3,s,af3726fcacd0ac1320a56ea850b0a2c0f5430cf4eb20a45c078706980f08407e,d24fbe3839599a6a097188bae8cd47ce8083f27deef1341ae3086bf0d5a45bd1,87f63c0590d05baea263cdc42c6e1df2d063fa2def309ecb0283f3036bf33d46,87f63c0590d05baea263cdc42c6e1df2d063fa2def309ecb0283f3036bf33d46,1787978720.311203,37304.147,18652125,0,0.9584569931030273,1.2136640548706055,1.556992530822754,-0.00133514404296875,-0.08068180084228516,0.00476837158203125,-0.0073261260986328125,-0.0024423599243164062,-0.0024423599243164062,-0.0073261260986328125,0.10988998413085938,-0.0073261260986328125,-0.07570171356201172,-2.4410247802734375,7.323078155517578,-1.5457878112792969,0.1343097686767578,-0.10500621795654297,0.0,-2.900037999157415,6.543469654181649,-1.5797011651496375,0.026707233865989825,-0.006691854510432842
87,0,train,5,1,0.17453292519943295,0.563268040001276,3,s,af3726fcacd0ac1320a56ea850b0a2c0f5430cf4eb20a45c078706980f08407e,d24fbe3839599a6a097188bae8cd47ce8083f27deef1341ae3086bf0d5a45bd1,87f63c0590d05baea263cdc42c6e1df2d063fa2def309ecb0283f3036bf33d46,87f63c0590d05baea263cdc42c6e1df2d063fa2def309ecb0283f3036bf33d46,1787978720.3142486,37304.149,18652126,0,0.9584569931030273,1.2136640548706055,1.556992530822754,-0.00133514404296875,-0.08030033111572266,0.00476837158203125,-0.021978378295898438,-0.0024423599243164062,-0.0024423599243164062,-0.0073261260986328125,0.09523773193359375,-0.0073261260986328125,-0.07570171356201172,-2.454700469970703,7.282051086425781,-1.5457878112792969,0.14896202087402344,-0.10500621795654297,0.0,-2.900066321979313,6.543497977003547,-1.5797294879715327,0.026600734230867867,-0.006686757926076808
87,0,train,5,1,0.17453292519943295,0.5665895019992604,3,s,af3726fcacd0ac1320a56ea850b0a2c0f5430cf4eb20a45c078706980f08407e,d24fbe3839599a6a097188bae8cd47ce8083f27deef1341ae3086bf0d5a45bd1,87f63c0590d05baea263cdc42c6e1df2d063fa2def309ecb0283f3036bf33d46,87f63c0590d05baea263cdc42c6e1df2d063fa2def309ecb0283f3036bf33d46,1787978720.3153565,37304.151,18652127,0,0.9584569931030273,1.2136640548706055,1.556992530822754,-0.00133514404296875,-0.08030033111572266,0.00476837158203125,-0.0073261260986328125,-0.0024423599243164062,-0.0024423599243164062,-0.021978378295898438,0.08058547973632812,-0.0073261260986328125,-0.08058643341064453,-2.454700469970703,7.268375396728516,-1.5457878112792969,0.15873050689697266,-0.10500621795654297,0.0,-2.900066321979313,6.543497977003547,-1.5797294879715327,0.026600734230867867,-0.006686757926076808
87,0,train,5,1,0.17453292519943295,0.5674244219990214,3,s,af3726fcacd0ac1320a56ea850b0a2c0f5430cf4eb20a45c078706980f08407e,d24fbe3839599a6a097188bae8cd47ce8083f27deef1341ae3086bf0d5a45bd1,87f63c0590d05baea263cdc42c6e1df2d063fa2def309ecb0283f3036bf33d46,87f63c0590d05baea263cdc42c6e1df2d063fa2def309ecb0283f3036bf33d46,1787978720.317239,37304.153,18652128,0,0.9584569931030273,1.2136640548706055,1.556992530822754,-0.00133514404296875,-0.07991886138916016,0.00476837158203125,-0.0073261260986328125,-0.0024423599243164062,-0.0024423599243164062,-0.0073261260986328125,0.09523773193359375,-0.0073261260986328125,-0.08058643341064453,-2.454700469970703,7.336753845214844,-1.540903091430664,0.17338180541992188,-0.10500621795654297,0.0,-2.9000945316314453,6.543526186655679,-1.579757697623666,0.02649423072482968,-0.006681661185262627
87,0,train,5,1,0.17453292519943295,0.5693190579986549,3,s,af3726fcacd0ac1320a56ea850b0a2c0f5430cf4eb20a45c078706980f08407e,d24fbe3839599a6a097188bae8cd47ce8083f27deef1341ae3086bf0d5a45bd1,87f63c0590d05baea263cdc42c6e1df2d063fa2def309ecb0283f3036bf33d46,87f63c0590d05baea263cdc42c6e1df2d063fa2def309ecb0283f3036bf33d46,1787978720.3197205,37304.155,18652129,0,0.9584569931030273,1.2136640548706055,1.556992530822754,-0.00133514404296875,-0.07991886138916016,0.00476837158203125,-0.0073261260986328125,-0.0024423599243164062,-0.0024423599243164062,-0.0073261260986328125,0.09523773193359375,-0.0073261260986328125,-0.08058643341064453,-2.4410247802734375,7.350425720214844,-1.540903091430664,0.1880340576171875,-0.10500621795654297,0.0,-2.9000945316314453,6.543526186655679,-1.579757697623666,0.02649423072482968,-0.006681661185262627
87,0,train,5,1,0.17453292519943295,0.5717923769989284,3,s,af3726fcacd0ac1320a56ea850b0a2c0f5430cf4eb20a45c078706980f08407e,d24fbe3839599a6a097188bae8cd47ce8083f27deef1341ae3086bf0d5a45bd1,87f63c0590d05baea263cdc42c6e1df2d063fa2def309ecb0283f3036bf33d46,87f63c0590d05baea263cdc42c6e1df2d063fa2def309ecb0283f3036bf33d46,1787978720.321619,37304.157,18652130,0,0.9584569931030273,1.2136640548706055,1.556992530822754,-0.00133514404296875,-0.07953739166259766,0.00476837158203125,-0.021978378295898438,-0.0024423599243164062,-0.0024423599243164062,-0.021978378295898438,0.09523773193359375,-0.0073261260986328125,-0.08058643341064453,-2.4410247802734375,7.282051086425781,-1.5457878112792969,0.1929178237915039,-0.10500621795654297,0.0,-2.900122628109711,6.543554283133945,-1.5797857941019333,0.026387723363373528,-0.006676564288731977
87,0,train,5,1,0.17453292519943295,0.5736875750008039,3,s,af3726fcacd0ac1320a56ea850b0a2c0f5430cf4eb20a45c078706980f08407e,d24fbe3839599a6a097188bae8cd47ce8083f27deef1341ae3086bf0d5a45bd1,87f63c0590d05baea263cdc42c6e1df2d063fa2def309ecb0283f3036bf33d46,87f63c0590d05baea263cdc42c6e1df2d063fa2def309ecb0283f3036bf33d46,1787978720.3235114,37304.159,18652131,0,0.9584569931030273,1.2136640548706055,1.556992530822754,-0.00133514404296875,-0.07915592193603516,0.00476837158203125,-0.021978378295898438,-0.0024423599243164062,-0.0024423599243164062,-0.0073261260986328125,0.13919448852539062,-0.0073261260986328125,-0.08058643341064453,-2.454700469970703,7.350425720214844,-1.540903091430664,0.19780254364013672,-0.10500621795654297,0.0,-2.9001506114100244,6.543582266434258,-1.5798137774022452,0.026281212161998295,-0.006671467237226552
87,0,train,5,1,0.17453292519943295,0.5755844369996339,3,s,af3726fcacd0ac1320a56ea850b0a2c0f5430cf4eb20a45c078706980f08407e,d24fbe3839599a6a097188bae8cd47ce8083f27deef1341ae3086bf0d5a45bd1,87f63c0590d05baea263cdc42c6e1df2d063fa2def309ecb0283f3036bf33d46,87f63c0590d05baea263cdc42c6e1df2d063fa2def309ecb0283f3036bf33d46,1787978720.3254259,37304.161,18652132,0,0.9584569931030273,1.2136640548706055,1.556992530822754,-0.00133514404296875,-0.07877445220947266,0.00476837158203125,-0.0073261260986328125,-0.0024423599243164062,-0.0024423599243164062,-0.021978378295898438,0.15384674072265625,-0.0073261260986328125,-0.08058643341064453,-2.4410247802734375,7.336753845214844,-1.540903091430664,0.1929178237915039,-0.10500621795654297,0.0,-2.9001784815283087,6.543610136552543,-1.5798416475205301,0.026174697136203393,-0.006666370031488073
87,0,train,5,1,0.17453292519943295,0.577497719998064,3,s,af3726fcacd0ac1320a56ea850b0a2c0f5430cf4eb20a45c078706980f08407e,d24fbe3839599a6a097188bae8cd47ce8083f27deef1341ae3086bf0d5a45bd1,87f63c0590d05baea263cdc42c6e1df2d063fa2def309ecb0283f3036bf33d46,87f63c0590d05baea263cdc42c6e1df2d063fa2def309ecb0283f3036bf33d46,1787978720.3273306,37304.163,18652133,0,0.9584569931030273,1.2136640548706055,1.556992530822754,-0.00133514404296875,-0.07839298248291016,0.00476837158203125,-0.0073261260986328125,-0.0024423599243164062,-0.0024423599243164062,-0.0073261260986328125,0.16849899291992188,-0.0073261260986328125,-0.08058643341064453,-2.454700469970703,7.350425720214844,-1.5457878112792969,0.1831502914428711,-0.10500621795654297,0.0,-2.9002062384605103,6.543637893484744,-1.5798694044527324,0.0260681783014888,-0.006661272672258277
87,0,train,5,1,0.17453292519943295,0.5794000259993481,3,s,af3726fcacd0ac1320a56ea850b0a2c0f5430cf4eb20a45c078706980f08407e,d24fbe3839599a6a097188bae8cd47ce8083f27deef1341ae3086bf0d5a45bd1,87f63c0590d05baea263cdc42c6e1df2d063fa2def309ecb0283f3036bf33d46,87f63c0590d05baea263cdc42c6e1df2d063fa2def309ecb0283f3036bf33d46,1787978720.3292878,37304.165,18652134,0,0.9584569931030273,1.2136640548706055,1.556992530822754,-0.00133514404296875,-0.07801151275634766,0.00476837158203125,-0.0073261260986328125,-0.0024423599243164062,-0.0024423599243164062,-0.0073261260986328125,0.1831493377685547,-0.0073261260986328125,-0.08058643341064453,-2.4410247802734375,7.364101409912109,-1.5457878112792969,0.1782665252685547,-0.10988998413085938,0.0,-2.9002338822025915,6.5436655372268255,-1.5798970481948127,0.02596165567335504,-0.006656175160278931
87,0,train,5,1,0.17453292519943295,0.5813820859984844,3,s,af3726fcacd0ac1320a56ea850b0a2c0f5430cf4eb20a45c078706980f08407e,d24fbe3839599a6a097188bae8cd47ce8083f27deef1341ae3086bf0d5a45bd1,87f63c0590d05baea263cdc42c6e1df2d063fa2def309ecb0283f3036bf33d46,87f63c0590d05baea263cdc42c6e1df2d063fa2def309ecb0283f3036bf33d46,1787978720.331228,37304.167,18652135,0,0.9584569931030273,1.2136640548706055,1.556992530822754,-0.00133514404296875,-0.07763004302978516,0.00476837158203125,0.0073261260986328125,-0.0024423599243164062,-0.0024423599243164062,0.0073261260986328125,0.16849899291992188,-0.0073261260986328125,-0.07570171356201172,-2.4410247802734375,7.377777099609375,-1.5457878112792969,0.17338180541992188,-0.10988998413085938,0.0,-2.900261412750527,6.543693067774761,-1.5799245787427487,0.025855129267303194,-0.0066510774962918184
87,0,train,5,1,0.17453292519943295,0.5832991369970841,3,s,af3726fcacd0ac1320a56ea850b0a2c0f5430cf4eb20a45c078706980f08407e,d24fbe3839599a6a097188bae8cd47ce8083f27deef1341ae3086bf0d5a45bd1,87f63c0590d05baea263cdc42c6e1df2d063fa2def309ecb0283f3036bf33d46,87f63c0590d05baea263cdc42c6e1df2d063fa2def309ecb0283f3036bf33d46,1787978720.3337128,37304.169,18652136,0,0.9584569931030273,1.2136640548706055,1.556992530822754,-0.00133514404296875,-0.07724857330322266,0.00476837158203125,-0.0073261260986328125,-0.0024423599243164062,-0.0024423599243164062,0.0073261260986328125,0.16849899291992188,-0.0073261260986328125,-0.08058643341064453,-2.4410247802734375,7.323078155517578,-1.5457878112792969,0.16361427307128906,-0.10988998413085938,0.0,-2.900288830100311,6.543720485124545,-1.579951996092533,0.025748599098834913,-0.006645979681038748
87,0,train,5,1,0.17453292519943295,0.5857849120002356,3,s,af3726fcacd0ac1320a56ea850b0a2c0f5430cf4eb20a45c078706980f08407e,d24fbe3839599a6a097188bae8cd47ce8083f27deef1341ae3086bf0d5a45bd1,87f63c0590d05baea263cdc42c6e1df2d063fa2def309ecb0283f3036bf33d46,87f63c0590d05baea263cdc42c6e1df2d063fa2def309ecb0283f3036bf33d46,1787978720.3356187,37304.170999999995,18652137,0,0.9584569931030273,1.2136640548706055,1.556992530822754,-0.00133514404296875,-0.07686710357666016,0.00476837158203125,-0.0073261260986328125,-0.0024423599243164062,-0.0024423599243164062,-0.0073261260986328125,0.1831493377685547,-0.0073261260986328125,-0.08058643341064453,-2.4273509979248047,7.295726776123047,-1.5506715774536133,0.15873050689697266,-0.10988998413085938,0.0,-2.9003161342479564,6.5437477892721905,-1.5799793002401776,0.025642065183452373,-0.006640881715261551
87,0,train,5,1,0.17453292519943295,0.5876854939997429,3,s,af3726fcacd0ac1320a56ea850b0a2c0f5430cf4eb20a45c078706980f08407e,d24fbe3839599a6a097188bae8cd47ce8083f27deef1341ae3086bf0d5a45bd1,87f63c0590d05baea263cdc42c6e1df2d063fa2def309ecb0283f3036bf33d46,87f63c0590d05baea263cdc42c6e1df2d063fa2def309ecb0283f3036bf33d46,1787978720.337523,37304.172999999995,18652138,0,0.9584569931030273,1.2136640548706055,1.556992530822754,-0.00133514404296875,-0.07648563385009766,0.00476837158203125,-0.021978378295898438,-0.0024423599243164062,-0.0024423599243164062,-0.0073261260986328125,0.1831493377685547,-0.0073261260986328125,-0.08058643341064453,-2.4410247802734375,7.282051086425781,-1.5506715774536133,0.15384578704833984,-0.10988998413085938,0.0,-2.900343325189487,6.543774980213721,-1.580006491181708,0.025535527536658283,-0.006635783599702076
87,0,train,5,1,0.17453292519943295,0.5895919319955283,3,s,af3726fcacd0ac1320a56ea850b0a2c0f5430cf4eb20a45c078706980f08407e,d24fbe3839599a6a097188bae8cd47ce8083f27deef1341ae3086bf0d5a45bd1,87f63c0590d05baea263cdc42c6e1df2d063fa2def309ecb0283f3036bf33d46,87f63c0590d05baea263cdc42c6e1df2d063fa2def309ecb0283f3036bf33d46,1787978720.3394318,37304.174999999996,18652139,0,0.9584569931030273,1.2136640548706055,1.556992530822754,-0.00133514404296875,-0.07610416412353516,0.00476837158203125,-0.0073261260986328125,-0.0024423599243164062,-0.0024423599243164062,-0.021978378295898438,0.1831493377685547,-0.0073261260986328125,-0.07570171356201172,-2.4410247802734375,7.350425720214844,-1.5506715774536133,0.14407825469970703,-0.10988998413085938,0.0,-2.9003704029209465,6.5438020579451806,-1.5800335689131677,0.0254289861739559,-0.006630685335102197
87,0,train,5,1,0.17453292519943295,0.5915002670008107,3,s,af3726fcacd0ac1320a56ea850b0a2c0f5430cf4eb20a45c078706980f08407e,d24fbe3839599a6a097188bae8cd47ce8083f27deef1341ae3086bf0d5a45bd1,87f63c0590d05baea263cdc42c6e1df2d063fa2def309ecb0283f3036bf33d46,87f63c0590d05baea263cdc42c6e1df2d063fa2def309ecb0283f3036bf33d46,1787978720.341364,37304.176999999996,18652140,0,0.9584569931030273,1.2136640548706055,1.556992530822754,-0.00133514404296875,-0.07572269439697266,0.00476837158203125,-0.0073261260986328125,-0.0024423599243164062,-0.0024423599243164062,-0.0073261260986328125,0.16849899291992188,-0.0073261260986328125,-0.08058643341064453,-2.4410247802734375,7.323078155517578,-1.5506715774536133,0.1343097686767578,-0.10988998413085938,0.0,-2.9003973674383956,6.54382902246263,-1.5800605334306164,0.025322441110849057,-0.006625586922203811
87,0,train,5,1,0.17453292519943295,0.5934583269990981,3,s,af3726fcacd0ac1320a56ea850b0a2c0f5430cf4eb20a45c078706980f08407e,d24fbe3839599a6a097188bae8cd47ce8083f27deef1341ae3086bf0d5a45bd1,87f63c0590d05baea263cdc42c6e1df2d063fa2def309ecb0283f3036bf33d46,87f63c0590d05baea263cdc42c6e1df2d063fa2def309ecb0283f3036bf33d46,1787978720.3432965,37304.179,18652141,0,0.9584569931030273,1.2136640548706055,1.556992530822754,-0.00133514404296875,-0.07534122467041016,0.00476837158203125,0.0073261260986328125,-0.0024423599243164062,-0.0024423599243164062,-0.0073261260986328125,0.16849899291992188,-0.0073261260986328125,-0.08058643341064453,-2.4410247802734375,7.3094024658203125,-1.5506715774536133,0.1294260025024414,-0.10988998413085938,0.0,-2.90042421873791,6.543855873762144,-1.5800873847301304,0.025215892362842097,-0.006620488361748835
87,0,train,5,1,0.17453292519943295,0.5953673199983314,3,s,af3726fcacd0ac1320a56ea850b0a2c0f5430cf4eb20a45c078706980f08407e,d24fbe3839599a6a097188bae8cd47ce8083f27deef1341ae3086bf0d5a45bd1,87f63c0590d05baea263cdc42c6e1df2d063fa2def309ecb0283f3036bf33d46,87f63c0590d05baea263cdc42c6e1df2d063fa2def309ecb0283f3036bf33d46,1787978720.3452353,37304.181,18652142,0,0.9584569931030273,1.2136640548706055,1.556992530822754,-0.00133514404296875,-0.07495975494384766,0.00476837158203125,-0.021978378295898438,-0.0024423599243164062,-0.0024423599243164062,-0.0073261260986328125,0.16849899291992188,-0.0073261260986328125,-0.07570171356201172,-2.4410247802734375,7.364101409912109,-1.5506715774536133,0.1294260025024414,-0.10988998413085938,0.0,-2.900450956815582,6.543882611839816,-1.5801141228078024,0.02510933994543991,-0.006615389654479203
87,0,train,5,1,0.17453292519943295,0.5973082589989644,3,s,af3726fcacd0ac1320a56ea850b0a2c0f5430cf4eb20a45c078706980f08407e,d24fbe3839599a6a097188bae8cd47ce8083f27deef1341ae3086bf0d5a45bd1,87f63c0590d05baea263cdc42c6e1df2d063fa2def309ecb0283f3036bf33d46,87f63c0590d05baea263cdc42c6e1df2d063fa2def309ecb0283f3036bf33d46,1787978720.3477166,37304.183,18652143,0,0.9584569931030273,1.2136640548706055,1.556992530822754,-0.00133514404296875,-0.07457828521728516,0.00476837158203125,-0.0073261260986328125,-0.0024423599243164062,-0.0024423599243164062,-0.0073261260986328125,0.1831493377685547,-0.0073261260986328125,-0.07570171356201172,-2.4410247802734375,7.282051086425781,-1.5506715774536133,0.124542236328125,-0.10988998413085938,0.0,-2.9004775816675195,6.5439092366917535,-1.5801407476597407,0.0250027838741479,-0.006610290801136879
87,0,train,5,1,0.17453292519943295,0.5997860579955159,3,s,af3726fcacd0ac1320a56ea850b0a2c0f5430cf4eb20a45c078706980f08407e,d24fbe3839599a6a097188bae8cd47ce8083f27deef1341ae3086bf0d5a45bd1,87f63c0590d05baea263cdc42c6e1df2d063fa2def309ecb0283f3036bf33d46,87f63c0590d05baea263cdc42c6e1df2d063fa2def309ecb0283f3036bf33d46,1787978720.3496542,37304.185,18652144,0,0.9584569931030273,1.2136640548706055,1.556992530822754,-0.00133514404296875,-0.07419681549072266,0.00476837158203125,-0.0073261260986328125,-0.0024423599243164062,-0.0024423599243164062,-0.0073261260986328125,0.1978015899658203,-0.0073261260986328125,-0.07570171356201172,-2.4410247802734375,7.3094024658203125,-1.5506715774536133,0.124542236328125,-0.10988998413085938,0.0,-2.90050409328985,6.543935748314084,-1.5801672592820715,0.024896224164472017,-0.006605191802463842
87,0,train,5,1,0.17453292519943295,0.6017514279956231,3,s,af3726fcacd0ac1320a56ea850b0a2c0f5430cf4eb20a45c078706980f08407e,d24fbe3839599a6a097188bae8cd47ce8083f27deef1341ae3086bf0d5a45bd1,87f63c0590d05baea263cdc42c6e1df2d063fa2def309ecb0283f3036bf33d46,87f63c0590d05baea263cdc42c6e1df2d063fa2def309ecb0283f3036bf33d46,1787978720.3516018,37304.187,18652145,0,0.9584569931030273,1.2136640548706055,1.556992530822754,-0.00133514404296875,-0.07381534576416016,0.00476837158203125,-0.0073261260986328125,-0.0024423599243164062,-0.0024423599243164062,-0.0073261260986328125,0.21245384216308594,-0.0073261260986328125,-0.07570171356201172,-2.4410247802734375,7.241024017333984,-1.5506715774536133,0.1196584701538086,-0.10988998413085938,0.0,-2.9005304916787145,6.543962146702949,-1.580193657670937,0.02478966083191875,-0.006600092659202094
87,0,train,5,1,0.17453292519943295,0.6037059180016513,3,s,af3726fcacd0ac1320a56ea850b0a2c0f5430cf4eb20a45c078706980f08407e,d24fbe3839599a6a097188bae8cd47ce8083f27deef1341ae3086bf0d5a45bd1,87f63c0590d05baea263cdc42c6e1df2d063fa2def309ecb0283f3036bf33d46,87f63c0590d05baea263cdc42c6e1df2d063fa2def309ecb0283f3036bf33d46,1787978720.3535454,37304.189,18652146,0,0.9584569931030273,1.2136640548706055,1.556992530822754,-0.00133514404296875,-0.07305240631103516,0.00476837158203125,-0.0073261260986328125,-0.0024423599243164062,-0.0024423599243164062,-0.0073261260986328125,0.21245384216308594,-0.0073261260986328125,-0.07570171356201172,-2.4410247802734375,7.268375396728516,-1.5506715774536133,0.10988998413085938,-0.10988998413085938,0.0,-2.9005829487406998,6.544014603764934,-1.5802461147329214,0.02457652336020857,-0.006589893941880579
87,0,train,5,1,0.17453292519943295,0.6056184339977335,3,s,af3726fcacd0ac1320a56ea850b0a2c0f5430cf4eb20a45c078706980f08407e,d24fbe3839599a6a097188bae8cd47ce8083f27deef1341ae3086bf0d5a45bd1,87f63c0590d05baea263cdc42c6e1df2d063fa2def309ecb0283f3036bf33d46,87f63c0590d05baea263cdc42c6e1df2d063fa2def309ecb0283f3036bf33d46,1787978720.3554442,37304.191,18652147,0,0.9584569931030273,1.2136640548706055,1.556992530822754,-0.00133514404296875,-0.07267093658447266,0.00476837158203125,-0.0073261260986328125,-0.0024423599243164062,-0.0024423599243164062,-0.021978378295898438,0.1978015899658203,-0.0073261260986328125,-0.07570171356201172,-2.4410247802734375,7.268375396728516,-1.5506715774536133,0.10012245178222656,-0.10500621795654297,0.0,-2.9006090074061865,6.544040662430421,-1.5802721733984073,0.024469949252067247,-0.00658479436930492
87,0,train,5,1,0.17453292519943295,0.6075101609967533,3,s,af3726fcacd0ac1320a56ea850b0a2c0f5430cf4eb20a45c078706980f08407e,d24fbe3839599a6a097188bae8cd47ce8083f27deef1341ae3086bf0d5a45bd1,87f63c0590d05baea263cdc42c6e1df2d063fa2def309ecb0283f3036bf33d46,87f63c0590d05baea263cdc42c6e1df2d063fa2def309ecb0283f3036bf33d46,1787978720.3573232,37304.193,18652148,0,0.9584569931030273,1.2136640548706055,1.556992530822754,-0.00133514404296875,-0.07228946685791016,0.00476837158203125,-0.0073261260986328125,-0.0024423599243164062,-0.0024423599243164062,-0.021978378295898438,0.1978015899658203,-0.0073261260986328125,-0.07570171356201172,-2.4410247802734375,7.323078155517578,-1.5457878112792969,0.09523773193359375,-0.10500621795654297,0.0,-2.9006349528229403,6.544066607847174,-1.5802981188151615,0.024363371583079708,-0.006579694655108768
87,0,train,5,1,0.17453292519943295,0.609388881995983,3,s,af3726fcacd0ac1320a56ea850b0a2c0f5430cf4eb20a45c078706980f08407e,d24fbe3839599a6a097188bae8cd47ce8083f27deef1341ae3086bf0d5a45bd1,87f63c0590d05baea263cdc42c6e1df2d063fa2def309ecb0283f3036bf33d46,87f63c0590d05baea263cdc42c6e1df2d063fa2def309ecb0283f3036bf33d46,1787978720.3592403,37304.195,18652149,0,0.9584569931030273,1.2136640548706055,1.556992530822754,-0.00133514404296875,-0.07152652740478516,0.00476837158203125,-0.0073261260986328125,-0.0024423599243164062,-0.0024423599243164062,-0.0073261260986328125,0.2417583465576172,-0.0073261260986328125,-0.07570171356201172,-2.4410247802734375,7.364101409912109,-1.5457878112792969,0.08547019958496094,-0.10500621795654297,0.0,-2.9006865038951637,6.544118158919398,-1.5803496698873853,0.02415020562460282,-0.006569494804823427
87,0,train,5,1,0.17453292519943295,0.6113145220006118,3,s,af3726fcacd0ac1320a56ea850b0a2c0f5430cf4eb20a45c078706980f08407e,d24fbe3839599a6a097188bae8cd47ce8083f27deef1341ae3086bf0d5a45bd1,87f63c0590d05baea263cdc42c6e1df2d063fa2def309ecb0283f3036bf33d46,87f63c0590d05baea263cdc42c6e1df2d063fa2def309ecb0283f3036bf33d46,1787978720.3615646,37304.197,18652150,0,0.9584569931030273,1.2136640548706055,1.556992530822754,-0.00133514404296875,-0.07114505767822266,0.00476837158203125,-0.0073261260986328125,-0.0024423599243164062,-0.0024423599243164062,-0.021978378295898438,0.2564105987548828,-0.0073261260986328125,-0.07570171356201172,-2.4410247802734375,7.323078155517578,-1.5457878112792969,0.07570171356201172,-0.10988998413085938,0.0,-2.900712109543132,6.544143764567366,-1.5803752755353535,0.024043617366133203,-0.006564394670218512
87,0,train,5,1,0.17453292519943295,0.6136462489957921,3,s,af3726fcacd0ac1320a56ea850b0a2c0f5430cf4eb20a45c078706980f08407e,d24fbe3839599a6a097188bae8cd47ce8083f27deef1341ae3086bf0d5a45bd1,87f63c0590d05baea263cdc42c6e1df2d063fa2def309ecb0283f3036bf33d46,87f63c0590d05baea263cdc42c6e1df2d063fa2def309ecb0283f3036bf33d46,1787978720.3635607,37304.199,18652151,0,0.9584569931030273,1.2136640548706055,1.556992530822754,-0.00133514404296875,-0.07038211822509766,0.00476837158203125,-0.0073261260986328125,-0.0024423599243164062,-0.0024423599243164062,-0.0073261260986328125,0.27106285095214844,-0.0073261260986328125,-0.07570171356201172,-2.4410247802734375,7.268375396728516,-1.540903091430664,0.0659341812133789,-0.10988998413085938,0.0,-2.9007629810441524,6.5441946360683865,-1.5804261470363736,0.023830430368284774,-0.006554193985795029
87,0,train,5,1,0.17453292519943295,0.61563668299641,3,s,af3726fcacd0ac1320a56ea850b0a2c0f5430cf4eb20a45c078706980f08407e,d24fbe3839599a6a097188bae8cd47ce8083f27deef1341ae3086bf0d5a45bd1,87f63c0590d05baea263cdc42c6e1df2d063fa2def309ecb0283f3036bf33d46,87f63c0590d05baea263cdc42c6e1df2d063fa2def309ecb0283f3036bf33d46,1787978720.365508,37304.201,18652152,0,0.9584569931030273,1.2136640548706055,1.556992530822754,-0.00133514404296875,-0.07000064849853516,0.00476837158203125,0.0073261260986328125,-0.0024423599243164062,-0.0024423599243164062,-0.0073261260986328125,0.2417583465576172,-0.0073261260986328125,-0.07570171356201172,-2.4410247802734375,7.25469970703125,-1.5457878112792969,0.0610504150390625,-0.10988998413085938,0.0,-2.900788246889801,6.544219901914035,-1.5804514128820222,0.023723831659928772,-0.006549093437460856
87,0,train,5,1,0.17453292519943295,0.6175820009957533,3,s,af3726fcacd0ac1320a56ea850b0a2c0f5430cf4eb20a45c078706980f08407e,d24fbe3839599a6a097188bae8cd47ce8083f27deef1341ae3086bf0d5a45bd1,87f63c0590d05baea263cdc42c6e1df2d063fa2def309ecb0283f3036bf33d46,87f63c0590d05baea263cdc42c6e1df2d063fa2def309ecb0283f3036bf33d46,1787978720.3674552,37304.203,18652153,0,0.9584569931030273,1.2136640548706055,1.556992530822754,-0.00133514404296875,-0.07000064849853516,0.00476837158203125,0.0073261260986328125,-0.0024423599243164062,-0.0024423599243164062,0.0073261260986328125,0.1831493377685547,-0.0073261260986328125,-0.07570171356201172,-2.4410247802734375,7.323078155517578,-1.5457878112792969,0.05616569519042969,-0.10988998413085938,0.0,-2.900788246889801,6.544219901914035,-1.5804514128820222,0.023723831659928772,-0.006549093437460856
87,0,train,5,1,0.17453292519943295,0.6195291499971063,3,s,af3726fcacd0ac1320a56ea850b0a2c0f5430cf4eb20a45c078706980f08407e,d24fbe3839599a6a097188bae8cd47ce8083f27deef1341ae3086bf0d5a45bd1,87f63c0590d05baea263cdc42c6e1df2d063fa2def309ecb0283f3036bf33d46,87f63c0590d05baea263cdc42c6e1df2d063fa2def309ecb0283f3036bf33d46,1787978720.369395,37304.205,18652154,0,0.9584569931030273,1.2136640548706055,1.556992530822754,-0.00133514404296875,-0.06961917877197266,0.00476837158203125,-0.0073261260986328125,-0.0024423599243164062,-0.0024423599243164062,-0.0073261260986328125,0.1831493377685547,-0.0073261260986328125,-0.07570171356201172,-2.4410247802734375,7.323078155517578,-1.5506715774536133,0.05616569519042969,-0.10500621795654297,0.0,-2.900813399460634,6.544245054484868,-1.5804765654528556,0.023617229499300927,-0.006543992752701359
87,0,train,5,1,0.17453292519943295,0.6215016119967913,3,s,af3726fcacd0ac1320a56ea850b0a2c0f5430cf4eb20a45c078706980f08407e,d24fbe3839599a6a097188bae8cd47ce8083f27deef1341ae3086bf0d5a45bd1,87f63c0590d05baea263cdc42c6e1df2d063fa2def309ecb0283f3036bf33d46,87f63c0590d05baea263cdc42c6e1df2d063fa2def309ecb0283f3036bf33d46,1787978720.3713756,37304.206999999995,18652155,0,0.9584569931030273,1.2136640548706055,1.556992530822754,-0.00133514404296875,-0.06923770904541016,0.00476837158203125,-0.0073261260986328125,-0.0024423599243164062,-0.0024423599243164062,-0.021978378295898438,0.15384674072265625,0.0073261260986328125,-0.07570171356201172,-2.4410247802734375,7.323078155517578,-1.5506715774536133,0.05616569519042969,-0.10500621795654297,0.0,-2.900838438752991,6.544270093777225,-1.580501604745213,0.023510623901913913,-0.006538891932258783
87,0,train,5,1,0.17453292519943295,0.6234504169988213,3,s,af3726fcacd0ac1320a56ea850b0a2c0f5430cf4eb20a45c078706980f08407e,d24fbe3839599a6a097188bae8cd47ce8083f27deef1341ae3086bf0d5a45bd1,87f63c0590d05baea263cdc42c6e1df2d063fa2def309ecb0283f3036bf33d46,87f63c0590d05baea263cdc42c6e1df2d063fa2def309ecb0283f3036bf33d46,1787978720.3733265,37304.208999999995,18652156,0,0.9584569931030273,1.2136640548706055,1.556992530822754,-0.00133514404296875,-0.06885623931884766,0.00476837158203125,0.0073261260986328125,-0.0024423599243164062,-0.0024423599243164062,-0.021978378295898438,0.16849899291992188,-0.0073261260986328125,-0.07570171356201172,-2.454700469970703,7.268375396728516,-1.5457878112792969,0.0610504150390625,-0.10500621795654297,0.0,-2.90086336476323,6.544295019787464,-1.5805265307554512,0.023404014883280887,-0.0065337909768753985
87,0,train,5,1,0.17453292519943295,0.6254006800008938,3,s,af3726fcacd0ac1320a56ea850b0a2c0f5430cf4eb20a45c078706980f08407e,d24fbe3839599a6a097188bae8cd47ce8083f27deef1341ae3086bf0d5a45bd1,87f63c0590d05baea263cdc42c6e1df2d063fa2def309ecb0283f3036bf33d46,87f63c0590d05baea263cdc42c6e1df2d063fa2def309ecb0283f3036bf33d46,1787978720.3758976,37304.210999999996,18652157,0,0.9584569931030273,1.2136640548706055,1.556992530822754,-0.00133514404296875,-0.06885623931884766,0.00438690185546875,-0.021978378295898438,-0.0024423599243164062,-0.0024423599243164062,-0.021978378295898438,0.15384674072265625,-0.0073261260986328125,-0.07570171356201172,-2.4410247802734375,7.25469970703125,-1.5457878112792969,0.0659341812133789,-0.10500621795654297,0.0,-2.900863577234286,6.54429523225852,-1.5805267432265067,0.023398913714570053,-0.006519600360495608
87,0,train,5,1,0.17453292519943295,0.6279851979998057,3,s,af3726fcacd0ac1320a56ea850b0a2c0f5430cf4eb20a45c078706980f08407e,d24fbe3839599a6a097188bae8cd47ce8083f27deef1341ae3086bf0d5a45bd1,87f63c0590d05baea263cdc42c6e1df2d063fa2def309ecb0283f3036bf33d46,87f63c0590d05baea263cdc42c6e1df2d063fa2def309ecb0283f3036bf33d46,1787978720.3772793,37304.212999999996,18652158,0,0.9584569931030273,1.2136640548706055,1.556992530822754,-0.00133514404296875,-0.06847476959228516,0.00438690185546875,-0.0073261260986328125,-0.0024423599243164062,-0.0024423599243164062,0.0073261260986328125,0.13919448852539062,-0.03663063049316406,-0.08058643341064453,-2.454700469970703,7.282051086425781,-1.5457878112792969,0.07570171356201172,-0.10500621795654297,0.0,-2.900888384538147,6.544320039562381,-1.5805515505303689,0.023292301156373447,-0.0065144989788246364
87,0,train,5,1,0.17453292519943295,0.629355958000815,3,s,af3726fcacd0ac1320a56ea850b0a2c0f5430cf4eb20a45c078706980f08407e,d24fbe3839599a6a097188bae8cd47ce8083f27deef1341ae3086bf0d5a45bd1,87f63c0590d05baea263cdc42c6e1df2d063fa2def309ecb0283f3036bf33d46,87f63c0590d05baea263cdc42c6e1df2d063fa2def309ecb0283f3036bf33d46,1787978720.3792381,37304.215,18652159,0,0.9584569931030273,1.2136640548706055,1.556992530822754,-0.00133514404296875,-0.06847476959228516,0.00438690185546875,-0.0073261260986328125,-0.0024423599243164062,-0.0024423599243164062,-0.0073261260986328125,0.09523773193359375,-0.021978378295898438,-0.07570171356201172,-2.454700469970703,7.25469970703125,-1.5457878112792969,0.09035396575927734,-0.10500621795654297,0.0,-2.900888384538147,6.544320039562381,-1.5805515505303689,0.023292301156373447,-0.0065144989788246364
87,0,train,5,1,0.17453292519943295,0.631312250996416,3,s,af3726fcacd0ac1320a56ea850b0a2c0f5430cf4eb20a45c078706980f08407e,d24fbe3839599a6a097188bae8cd47ce8083f27deef1341ae3086bf0d5a45bd1,87f63c0590d05baea263cdc42c6e1df2d063fa2def309ecb0283f3036bf33d46,87f63c0590d05baea263cdc42c6e1df2d063fa2def309ecb0283f3036bf33d46,1787978720.3818817,37304.217,18652160,0,0.9584569931030273,1.2136640548706055,1.556992530822754,-0.00133514404296875,-0.06809329986572266,0.00438690185546875,-0.021978378295898438,-0.0024423599243164062,-0.0024423599243164062,-0.03663063049316406,0.09523773193359375,-0.0073261260986328125,-0.07570171356201172,-2.4410247802734375,7.323078155517578,-1.5457878112792969,0.10500621795654297,-0.10500621795654297,0.0,-2.900913078552511,6.544344733576745,-1.5805762445447322,0.023185685208700964,-0.006509397463689808
87,0,train,5,1,0.17453292519943295,0.6339569389965618,3,s,af3726fcacd0ac1320a56ea850b0a2c0f5430cf4eb20a45c078706980f08407e,d24fbe3839599a6a097188bae8cd47ce8083f27deef1341ae3086bf0d5a45bd1,87f63c0590d05baea263cdc42c6e1df2d063fa2def309ecb0283f3036bf33d46,87f63c0590d05baea263cdc42c6e1df2d063fa2def309ecb0283f3036bf33d46,1787978720.3832858,37304.219,18652161,0,0.9584569931030273,1.2136640548706055,1.556992530822754,-0.00133514404296875,-0.06809329986572266,0.00438690185546875,-0.0073261260986328125,-0.0024423599243164062,-0.0024423599243164062,-0.0073261260986328125,0.09523773193359375,0.0073261260986328125,-0.07570171356201172,-2.4410247802734375,7.364101409912109,-1.5457878112792969,0.1196584701538086,-0.10012245178222656,0.0,-2.900913078552511,6.544344733576745,-1.5805762445447322,0.023185685208700964,-0.006509397463689808
87,0,train,5,1,0.17453292519943295,0.6353591329971096,3,s,af3726fcacd0ac1320a56ea850b0a2c0f5430cf4eb20a45c078706980f08407e,d24fbe3839599a6a097188bae8cd47ce8083f27deef1341ae3086bf0d5a45bd1,87f63c0590d05baea263cdc42c6e1df2d063fa2def309ecb0283f3036bf33d46,87f63c0590d05baea263cdc42c6e1df2d063fa2def309ecb0283f3036bf33d46,1787978720.385269,37304.221,18652162,0,0.9584569931030273,1.2136640548706055,1.556992530822754,-0.00133514404296875,-0.06771183013916016,0.00438690185546875,-0.0073261260986328125,-0.0024423599243164062,-0.0024423599243164062,-0.0073261260986328125,0.10988998413085938,0.0073261260986328125,-0.07570171356201172,-2.4410247802734375,7.364101409912109,-1.5457878112792969,0.1294260025024414,-0.10500621795654297,0.0,-2.9009376592737808,6.544369314298015,-1.5806008252660024,0.023079065887067263,-0.006504295815833486
87,0,train,5,1,0.17453292519943295,0.6373442190015339,3,s,af3726fcacd0ac1320a56ea850b0a2c0f5430cf4eb20a45c078706980f08407e,d24fbe3839599a6a097188bae8cd47ce8083f27deef1341ae3086bf0d5a45bd1,87f63c0590d05baea263cdc42c6e1df2d063fa2def309ecb0283f3036bf33d46,87f63c0590d05baea263cdc42c6e1df2d063fa2def309ecb0283f3036bf33d46,1787978720.387238,37304.223,18652163,0,0.9584569931030273,1.2136640548706055,1.556992530822754,-0.00133514404296875,-0.06733036041259766,0.00438690185546875,-0.0073261260986328125,-0.0024423599243164062,-0.0024423599243164062,-0.0073261260986328125,0.13919448852539062,-0.0073261260986328125,-0.07570171356201172,-2.4410247802734375,7.295726776123047,-1.5457878112792969,0.1343097686767578,-0.10500621795654297,0.0,-2.900962126698381,6.544393781722615,-1.580625292690604,0.022972443206987513,-0.006499194035998062
87,0,train,5,1,0.17453292519943295,0.6393117999978131,3,s,af3726fcacd0ac1320a56ea850b0a2c0f5430cf4eb20a45c078706980f08407e,d24fbe3839599a6a097188bae8cd47ce8083f27deef1341ae3086bf0d5a45bd1,87f63c0590d05baea263cdc42c6e1df2d063fa2def309ecb0283f3036bf33d46,87f63c0590d05baea263cdc42c6e1df2d063fa2def309ecb0283f3036bf33d46,1787978720.3897743,37304.225,18652164,0,0.9584569931030273,1.2136640548706055,1.556992530822754,-0.00133514404296875,-0.06656742095947266,0.00438690185546875,-0.0073261260986328125,-0.0024423599243164062,-0.0024423599243164062,0.0073261260986328125,0.21245384216308594,-0.0073261260986328125,-0.07570171356201172,-2.4410247802734375,7.241024017333984,-1.5457878112792969,0.1343097686767578,-0.10500621795654297,0.0,-2.901010721643352,6.544442376667586,-1.5806738876355737,0.022759187833552862,-0.006488990083359552
87,0,train,5,1,0.17453292519943295,0.6418770689997473,3,s,af3726fcacd0ac1320a56ea850b0a2c0f5430cf4eb20a45c078706980f08407e,d24fbe3839599a6a097188bae8cd47ce8083f27deef1341ae3086bf0d5a45bd1,87f63c0590d05baea263cdc42c6e1df2d063fa2def309ecb0283f3036bf33d46,87f63c0590d05baea263cdc42c6e1df2d063fa2def309ecb0283f3036bf33d46,1787978720.3917637,37304.227,18652165,0,0.9584569931030273,1.2136640548706055,1.556992530822754,-0.00133514404296875,-0.06618595123291016,0.00438690185546875,-0.0073261260986328125,-0.0024423599243164062,-0.0024423599243164062,0.0073261260986328125,0.1978015899658203,-0.0073261260986328125,-0.07570171356201172,-2.4410247802734375,7.3094024658203125,-1.5457878112792969,0.124542236328125,-0.10500621795654297,0.0,-2.9010348491566496,6.544466504180884,-1.5806980151488703,0.022652555171230708,-0.006483887912041335
87,0,train,5,1,0.17453292519943295,0.6438372609991347,3,s,af3726fcacd0ac1320a56ea850b0a2c0f5430cf4eb20a45c078706980f08407e,d24fbe3839599a6a097188bae8cd47ce8083f27deef1341ae3086bf0d5a45bd1,87f63c0590d05baea263cdc42c6e1df2d063fa2def309ecb0283f3036bf33d46,87f63c0590d05baea263cdc42c6e1df2d063fa2def309ecb0283f3036bf33d46,1787978720.393708,37304.229,18652166,0,0.9584569931030273,1.2136640548706055,1.556992530822754,-0.00133514404296875,-0.06580448150634766,0.00438690185546875,0.0073261260986328125,-0.0024423599243164062,-0.0024423599243164062,-0.0073261260986328125,0.1978015899658203,-0.0073261260986328125,-0.07570171356201172,-2.454700469970703,7.336753845214844,-1.5506715774536133,0.1196584701538086,-0.10500621795654297,0.0,-2.901058863359132,6.544490518383366,-1.580722029351354,0.022545919212527965,-0.006478785611713755
87,0,train,5,1,0.17453292519943295,0.6457815760004451,3,s,af3726fcacd0ac1320a56ea850b0a2c0f5430cf4eb20a45c078706980f08407e,d24fbe3839599a6a097188bae8cd47ce8083f27deef1341ae3086bf0d5a45bd1,87f63c0590d05baea263cdc42c6e1df2d063fa2def309ecb0283f3036bf33d46,87f63c0590d05baea263cdc42c6e1df2d063fa2def309ecb0283f3036bf33d46,1787978720.3956475,37304.231,18652167,0,0.9584569931030273,1.2136640548706055,1.556992530822754,-0.00133514404296875,-0.06542301177978516,0.00438690185546875,-0.0073261260986328125,-0.0024423599243164062,-0.0024423599243164062,0.0073261260986328125,0.1831493377685547,-0.0073261260986328125,-0.07570171356201172,-2.4410247802734375,7.3094024658203125,-1.5506715774536133,0.10988998413085938,-0.10500621795654297,0.0,-2.901082764247309,6.544514419271543,-1.5807459302395312,0.022439279972962224,-0.006473683183119295
87,0,train,5,1,0.17453292519943295,0.6477190660007182,3,s,af3726fcacd0ac1320a56ea850b0a2c0f5430cf4eb20a45c078706980f08407e,d24fbe3839599a6a097188bae8cd47ce8083f27deef1341ae3086bf0d5a45bd1,87f63c0590d05baea263cdc42c6e1df2d063fa2def309ecb0283f3036bf33d46,87f63c0590d05baea263cdc42c6e1df2d063fa2def309ecb0283f3036bf33d46,1787978720.3975646,37304.233,18652168,0,0.9584569931030273,1.2136640548706055,1.556992530822754,-0.00133514404296875,-0.06504154205322266,0.00438690185546875,0.0073261260986328125,-0.0024423599243164062,-0.0024423599243164062,-0.0073261260986328125,0.1978015899658203,-0.0073261260986328125,-0.07570171356201172,-2.4410247802734375,7.350425720214844,-1.5506715774536133,0.09523773193359375,-0.10500621795654297,0.0,-2.9011065518177026,6.544538206841937,-1.5807697178099238,0.02233263746805151,-0.006468580627000457
87,0,train,5,1,0.17453292519943295,0.6496350929955952,3,s,af3726fcacd0ac1320a56ea850b0a2c0f5430cf4eb20a45c078706980f08407e,d24fbe3839599a6a097188bae8cd47ce8083f27deef1341ae3086bf0d5a45bd1,87f63c0590d05baea263cdc42c6e1df2d063fa2def309ecb0283f3036bf33d46,87f63c0590d05baea263cdc42c6e1df2d063fa2def309ecb0283f3036bf33d46,1787978720.3995967,37304.235,18652169,0,0.9584569931030273,1.2136640548706055,1.556992530822754,-0.00133514404296875,-0.06427860260009766,0.00438690185546875,-0.0073261260986328125,-0.0024423599243164062,-0.0024423599243164062,0.0073261260986328125,0.2417583465576172,-0.0073261260986328125,-0.07570171356201172,-2.4410247802734375,7.3094024658203125,-1.5555553436279297,0.08547019958496094,-0.10500621795654297,0.0,-2.9011537869913027,6.544585442015537,-1.5808169529835243,0.02211934272426979,-0.00645837513515974
87,0,train,5,1,0.17453292519943295,0.651689008998801,3,s,af3726fcacd0ac1320a56ea850b0a2c0f5430cf4eb20a45c078706980f08407e,d24fbe3839599a6a097188bae8cd47ce8083f27deef1341ae3086bf0d5a45bd1,87f63c0590d05baea263cdc42c6e1df2d063fa2def309ecb0283f3036bf33d46,87f63c0590d05baea263cdc42c6e1df2d063fa2def309ecb0283f3036bf33d46,1787978720.4015458,37304.237,18652170,0,0.9584569931030273,1.2136640548706055,1.556992530822754,-0.00133514404296875,-0.06351566314697266,0.00438690185546875,-0.0073261260986328125,-0.0024423599243164062,-0.0024423599243164062,-0.0073261260986328125,0.27106285095214844,-0.0073261260986328125,-0.07570171356201172,-2.4410247802734375,7.350425720214844,-1.5555553436279297,0.07081794738769531,-0.10500621795654297,0.0,-2.9012005688524396,6.544632223876674,-1.5808637348446613,0.021906035105336688,-0.006448169142131984
87,0,train,5,1,0.17453292519943295,0.6536200909977197,3,s,af3726fcacd0ac1320a56ea850b0a2c0f5430cf4eb20a45c078706980f08407e,d24fbe3839599a6a097188bae8cd47ce8083f27deef1341ae3086bf0d5a45bd1,87f63c0590d05baea263cdc42c6e1df2d063fa2def309ecb0283f3036bf33d46,87f63c0590d05baea263cdc42c6e1df2d063fa2def309ecb0283f3036bf33d46,1787978720.4035633,37304.239,18652171,0,0.9584569931030273,1.2136640548706055,1.556992530822754,-0.00133514404296875,-0.06313419342041016,0.00438690185546875,-0.021978378295898438,-0.0024423599243164062,-0.0024423599243164062,0.0073261260986328125,0.27106285095214844,-0.0073261260986328125,-0.07570171356201172,-2.4410247802734375,7.377777099609375,-1.5555553436279297,0.05616569519042969,-0.10988998413085938,0.0,-2.9012237897823137,6.544655444806548,-1.580886955774535,0.02179937650648851,-0.006443065959529412
87,0,train,5,1,0.17453292519943295,0.6556348039957811,3,s,af3726fcacd0ac1320a56ea850b0a2c0f5430cf4eb20a45c078706980f08407e,d24fbe3839599a6a097188bae8cd47ce8083f27deef1341ae3086bf0d5a45bd1,87f63c0590d05baea263cdc42c6e1df2d063fa2def309ecb0283f3036bf33d46,87f63c0590d05baea263cdc42c6e1df2d063fa2def309ecb0283f3036bf33d46,1787978720.4054945,37304.241,18652172,0,0.9584569931030273,1.2136640548706055,1.556992530822754,-0.00133514404296875,-0.06275272369384766,0.00438690185546875,0.0073261260986328125,-0.0024423599243164062,-0.0024423599243164062,0.0073261260986328125,0.22710609436035156,-0.0073261260986328125,-0.08058643341064453,-2.4273509979248047,7.391452789306641,-1.5555553436279297,0.05128192901611328,-0.10500621795654297,0.0,-2.901246897373882,6.544678552398116,-1.580910063366103,0.021692714735413572,-0.006437962653857854
87,0,train,5,1,0.17453292519943295,0.6575659360023565,3,s,af3726fcacd0ac1320a56ea850b0a2c0f5430cf4eb20a45c078706980f08407e,d24fbe3839599a6a097188bae8cd47ce8083f27deef1341ae3086bf0d5a45bd1,87f63c0590d05baea263cdc42c6e1df2d063fa2def309ecb0283f3036bf33d46,87f63c0590d05baea263cdc42c6e1df2d063fa2def309ecb0283f3036bf33d46,1787978720.4074404,37304.242999999995,18652173,0,0.9584569931030273,1.2136640548706055,1.556992530822754,-0.00133514404296875,-0.06275272369384766,0.00438690185546875,-0.0073261260986328125,-0.0024423599243164062,-0.0024423599243164062,-0.021978378295898438,0.1831493377685547,-0.0073261260986328125,-0.08058643341064453,-2.4273509979248047,7.3094024658203125,-1.5555553436279297,0.05128192901611328,-0.10988998413085938,0.0,-2.901246897373882,6.544678552398116,-1.580910063366103,0.021692714735413572,-0.006437962653857854
87,0,train,5,1,0.17453292519943295,0.6595222350006225,3,s,af3726fcacd0ac1320a56ea850b0a2c0f5430cf4eb20a45c078706980f08407e,d24fbe3839599a6a097188bae8cd47ce8083f27deef1341ae3086bf0d5a45bd1,87f63c0590d05baea263cdc42c6e1df2d063fa2def309ecb0283f3036bf33d46,87f63c0590d05baea263cdc42c6e1df2d063fa2def309ecb0283f3036bf33d46,1787978720.4093785,37304.244999999995,18652174,0,0.9584569931030273,1.2136640548706055,1.556992530822754,-0.00133514404296875,-0.062371253967285156,0.00476837158203125,-0.0073261260986328125,-0.0024423599243164062,-0.0024423599243164062,-0.0073261260986328125,0.16849899291992188,0.021978378295898438,-0.07570171356201172,-2.4410247802734375,7.364101409912109,-1.5506715774536133,0.05128192901611328,-0.10988998413085938,0.0,-2.901269771322187,6.544701426346421,-1.580932937314408,0.021591153150503792,-0.00644705480876417
87,0,train,5,1,0.17453292519943295,0.661478559995885,3,s,af3726fcacd0ac1320a56ea850b0a2c0f5430cf4eb20a45c078706980f08407e,d24fbe3839599a6a097188bae8cd47ce8083f27deef1341ae3086bf0d5a45bd1,87f63c0590d05baea263cdc42c6e1df2d063fa2def309ecb0283f3036bf33d46,87f63c0590d05baea263cdc42c6e1df2d063fa2def309ecb0283f3036bf33d46,1787978720.4113362,37304.246999999996,18652175,0,0.9584569931030273,1.2136640548706055,1.556992530822754,-0.00133514404296875,-0.061989784240722656,0.00476837158203125,-0.0073261260986328125,-0.0024423599243164062,-0.0024423599243164062,-0.0073261260986328125,0.13919448852539062,0.021978378295898438,-0.07570171356201172,-2.4410247802734375,7.377777099609375,-1.5506715774536133,0.05616569519042969,-0.10988998413085938,0.0,-2.901292657650003,6.544724312674237,-1.580955823642225,0.021484485202748718,-0.006441951551395734
87,0,train,5,1,0.17453292519943295,0.6634088079954381,3,s,af3726fcacd0ac1320a56ea850b0a2c0f5430cf4eb20a45c078706980f08407e,d24fbe3839599a6a097188bae8cd47ce8083f27deef1341ae3086bf0d5a45bd1,87f63c0590d05baea263cdc42c6e1df2d063fa2def309ecb0283f3036bf33d46,87f63c0590d05baea263cdc42c6e1df2d063fa2def309ecb0283f3036bf33d46,1787978720.4132488,37304.248999999996,18652176,0,0.9584569931030273,1.2136640548706055,1.556992530822754,-0.00133514404296875,-0.061608314514160156,0.00476837158203125,-0.021978378295898438,-0.0024423599243164062,-0.0024423599243164062,-0.021978378295898438,0.13919448852539062,0.0073261260986328125,-0.07570171356201172,-2.4410247802734375,7.336753845214844,-1.5506715774536133,0.05616569519042969,-0.10988998413085938,0.0,-2.901315430629603,6.544747085653837,-1.5809785966218244,0.021377814128589606,-0.006436848173193169
87,0,train,5,1,0.17453292519943295,0.6653160209971247,3,s,af3726fcacd0ac1320a56ea850b0a2c0f5430cf4eb20a45c078706980f08407e,d24fbe3839599a6a097188bae8cd47ce8083f27deef1341ae3086bf0d5a45bd1,87f63c0590d05baea263cdc42c6e1df2d063fa2def309ecb0283f3036bf33d46,87f63c0590d05baea263cdc42c6e1df2d063fa2def309ecb0283f3036bf33d46,1787978720.4157696,37304.251,18652177,0,0.9584569931030273,1.2136640548706055,1.556992530822754,-0.00133514404296875,-0.061608314514160156,0.00438690185546875,-0.0073261260986328125,-0.0024423599243164062,-0.0024423599243164062,-0.021978378295898438,0.13919448852539062,-0.021978378295898438,-0.07570171356201172,-2.4273509979248047,7.391452789306641,-1.5457878112792969,0.0659341812133789,-0.10988998413085938,0.0,-2.9013155400852013,6.544747195109435,-1.580978706077422,0.021372710544043855,-0.006422652005855639
87,0,train,5,1,0.17453292519943295,0.667845108997426,3,s,af3726fcacd0ac1320a56ea850b0a2c0f5430cf4eb20a45c078706980f08407e,d24fbe3839599a6a097188bae8cd47ce8083f27deef1341ae3086bf0d5a45bd1,87f63c0590d05baea263cdc42c6e1df2d063fa2def309ecb0283f3036bf33d46,87f63c0590d05baea263cdc42c6e1df2d063fa2def309ecb0283f3036bf33d46,1787978720.4176736,37304.253,18652178,0,0.9584569931030273,1.2136640548706055,1.556992530822754,-0.00133514404296875,-0.061226844787597656,0.00438690185546875,-0.021978378295898438,-0.0024423599243164062,-0.0024423599243164062,-0.021978378295898438,0.124542236328125,-0.05128288269042969,-0.07570171356201172,-2.4273509979248047,7.391452789306641,-1.5506715774536133,0.07570171356201172,-0.10988998413085938,0.0,-2.9013381942900796,6.544769849314314,-1.5810013602823016,0.021266036239279796,-0.0064175482153345995
87,0,train,5,1,0.17453292519943295,0.6697583349960041,3,s,af3726fcacd0ac1320a56ea850b0a2c0f5430cf4eb20a45c078706980f08407e,d24fbe3839599a6a097188bae8cd47ce8083f27deef1341ae3086bf0d5a45bd1,87f63c0590d05baea263cdc42c6e1df2d063fa2def309ecb0283f3036bf33d46,87f63c0590d05baea263cdc42c6e1df2d063fa2def309ecb0283f3036bf33d46,1787978720.419605,37304.255,18652179,0,0.9584569931030273,1.2136640548706055,1.556992530822754,-0.00133514404296875,-0.061226844787597656,0.00438690185546875,-0.0073261260986328125,-0.0024423599243164062,-0.0024423599243164062,-0.021978378295898438,0.09523773193359375,-0.03663063049316406,-0.08058643341064453,-2.4273509979248047,7.350425720214844,-1.5457878112792969,0.09035396575927734,-0.10988998413085938,0.0,-2.9013381942900796,6.544769849314314,-1.5810013602823016,0.021266036239279796,-0.0064175482153345995
87,0,train,5,1,0.17453292519943295,0.6716788400008227,3,s,af3726fcacd0ac1320a56ea850b0a2c0f5430cf4eb20a45c078706980f08407e,d24fbe3839599a6a097188bae8cd47ce8083f27deef1341ae3086bf0d5a45bd1,87f63c0590d05baea263cdc42c6e1df2d063fa2def309ecb0283f3036bf33d46,87f63c0590d05baea263cdc42c6e1df2d063fa2def309ecb0283f3036bf33d46,1787978720.4215271,37304.257,18652180,0,0.9584569931030273,1.2136640548706055,1.556992530822754,-0.00133514404296875,-0.060845375061035156,0.00438690185546875,-0.0073261260986328125,-0.0024423599243164062,-0.0024423599243164062,-0.0073261260986328125,0.09523773193359375,-0.0073261260986328125,-0.07570171356201172,-2.4273509979248047,7.364101409912109,-1.540903091430664,0.10988998413085938,-0.10500621795654297,0.0,-2.901360735140004,6.544792390164238,-1.581023901132226,0.021159358839900215,-0.006412444305457893
87,0,train,5,1,0.17453292519943295,0.6735968639986822,3,s,af3726fcacd0ac1320a56ea850b0a2c0f5430cf4eb20a45c078706980f08407e,d24fbe3839599a6a097188bae8cd47ce8083f27deef1341ae3086bf0d5a45bd1,87f63c0590d05baea263cdc42c6e1df2d063fa2def309ecb0283f3036bf33d46,87f63c0590d05baea263cdc42c6e1df2d063fa2def309ecb0283f3036bf33d46,1787978720.4234228,37304.259,18652181,0,0.9584569931030273,1.2136640548706055,1.556992530822754,-0.00133514404296875,-0.060845375061035156,0.00438690185546875,-0.021978378295898438,-0.0024423599243164062,-0.0024423599243164062,-0.0073261260986328125,0.0659332275390625,0.0073261260986328125,-0.08058643341064453,-2.4410247802734375,7.405128479003906,-1.540903091430664,0.1294260025024414,-0.10500621795654297,0.0,-2.901360735140004,6.544792390164238,-1.581023901132226,0.021159358839900215,-0.006412444305457893
87,0,train,5,1,0.17453292519943295,0.6754939699967508,3,s,af3726fcacd0ac1320a56ea850b0a2c0f5430cf4eb20a45c078706980f08407e,d24fbe3839599a6a097188bae8cd47ce8083f27deef1341ae3086bf0d5a45bd1,87f63c0590d05baea263cdc42c6e1df2d063fa2def309ecb0283f3036bf33d46,87f63c0590d05baea263cdc42c6e1df2d063fa2def309ecb0283f3036bf33d46,1787978720.425303,37304.261,18652182,0,0.9584569931030273,1.2136640548706055,1.556992530822754,-0.00133514404296875,-0.060845375061035156,0.00438690185546875,-0.0073261260986328125,-0.0024423599243164062,-0.0024423599243164062,-0.0073261260986328125,0.08058547973632812,0.021978378295898438,-0.07570171356201172,-2.4410247802734375,7.391452789306641,-1.5457878112792969,0.14407825469970703,-0.10012245178222656,0.0,-2.901360735140004,6.544792390164238,-1.581023901132226,0.021159358839900215,-0.006412444305457893
87,0,train,5,1,0.17453292519943295,0.6773676680022618,3,s,af3726fcacd0ac1320a56ea850b0a2c0f5430cf4eb20a45c078706980f08407e,d24fbe3839599a6a097188bae8cd47ce8083f27deef1341ae3086bf0d5a45bd1,87f63c0590d05baea263cdc42c6e1df2d063fa2def309ecb0283f3036bf33d46,87f63c0590d05baea263cdc42c6e1df2d063fa2def309ecb0283f3036bf33d46,1787978720.42718,37304.263,18652183,0,0.9584569931030273,1.2136640548706055,1.556992530822754,-0.00133514404296875,-0.060463905334472656,0.00438690185546875,-0.0073261260986328125,-0.0024423599243164062,-0.0024423599243164062,-0.0073261260986328125,0.08058547973632812,0.0073261260986328125,-0.07570171356201172,-2.4410247802734375,7.3094024658203125,-1.5457878112792969,0.15384578704833984,-0.10500621795654297,0.0,-2.9013831626316935,6.5448148176559275,-1.5810463286239156,0.02105267836142871,-0.006407340276968238
87,0,train,5,1,0.17453292519943295,0.6792427760010469,3,s,af3726fcacd0ac1320a56ea850b0a2c0f5430cf4eb20a45c078706980f08407e,d24fbe3839599a6a097188bae8cd47ce8083f27deef1341ae3086bf0d5a45bd1,87f63c0590d05baea263cdc42c6e1df2d063fa2def309ecb0283f3036bf33d46,87f63c0590d05baea263cdc42c6e1df2d063fa2def309ecb0283f3036bf33d46,1787978720.4296043,37304.265,18652184,0,0.9584569931030273,1.2136640548706055,1.556992530822754,-0.00133514404296875,-0.060082435607910156,0.00438690185546875,0.0073261260986328125,-0.0024423599243164062,-0.0024423599243164062,-0.0073261260986328125,0.13919448852539062,-0.0073261260986328125,-0.08058643341064453,-2.4410247802734375,7.227352142333984,-1.540903091430664,0.16361427307128906,-0.10500621795654297,0.0,-2.901405476761885,6.544837131786119,-1.5810686427541059,0.020945994819389333,-0.006402236130608368
87,0,train,5,1,0.17453292519943295,0.6816942899968126,3,s,af3726fcacd0ac1320a56ea850b0a2c0f5430cf4eb20a45c078706980f08407e,d24fbe3839599a6a097188bae8cd47ce8083f27deef1341ae3086bf0d5a45bd1,87f63c0590d05baea263cdc42c6e1df2d063fa2def309ecb0283f3036bf33d46,87f63c0590d05baea263cdc42c6e1df2d063fa2def309ecb0283f3036bf33d46,1787978720.4314892,37304.267,18652185,0,0.9584569931030273,1.2136640548706055,1.556992530822754,-0.00133514404296875,-0.059700965881347656,0.00438690185546875,-0.0073261260986328125,-0.0024423599243164062,-0.0024423599243164062,-0.0073261260986328125,0.1831493377685547,-0.0073261260986328125,-0.07570171356201172,-2.4410247802734375,7.282051086425781,-1.540903091430664,0.15873050689697266,-0.10500621795654297,0.0,-2.9014276775273298,6.544859332551564,-1.581090843519551,0.02083930822930659,-0.006397131867121033
87,0,train,5,1,0.17453292519943295,0.6835686199992779,3,s,af3726fcacd0ac1320a56ea850b0a2c0f5430cf4eb20a45c078706980f08407e,d24fbe3839599a6a097188bae8cd47ce8083f27deef1341ae3086bf0d5a45bd1,87f63c0590d05baea263cdc42c6e1df2d063fa2def309ecb0283f3036bf33d46,87f63c0590d05baea263cdc42c6e1df2d063fa2def309ecb0283f3036bf33d46,1787978720.4334075,37304.269,18652186,0,0.9584569931030273,1.2136640548706055,1.556992530822754,-0.00133514404296875,-0.058938026428222656,0.00438690185546875,0.0073261260986328125,-0.0024423599243164062,-0.0024423599243164062,-0.0073261260986328125,0.22710609436035156,-0.0073261260986328125,-0.07570171356201172,-2.4410247802734375,7.336753845214844,-1.540903091430664,0.14896202087402344,-0.10500621795654297,0.0,-2.9014717389510767,6.544903393975311,-1.5811349049432986,0.020625925967111176,-0.006386922991735059
87,0,train,5,1,0.17453292519943295,0.6854783779999707,3,s,af3726fcacd0ac1320a56ea850b0a2c0f5430cf4eb20a45c078706980f08407e,d24fbe3839599a6a097188bae8cd47ce8083f27deef1341ae3086bf0d5a45bd1,87f63c0590d05baea263cdc42c6e1df2d063fa2def309ecb0283f3036bf33d46,87f63c0590d05baea263cdc42c6e1df2d063fa2def309ecb0283f3036bf33d46,1787978720.4359353,37304.271,18652187,0,0.9584569931030273,1.2136640548706055,1.556992530822754,-0.00133514404296875,-0.058556556701660156,0.00438690185546875,-0.021978378295898438,-0.0024423599243164062,-0.0024423599243164062,-0.0073261260986328125,0.21245384216308594,-0.0073261260986328125,-0.07570171356201172,-2.4410247802734375,7.336753845214844,-1.5457878112792969,0.1343097686767578,-0.10988998413085938,0.0,-2.9014935996029663,6.5449252546272,-1.5811567655951884,0.020519230326049725,-0.006381818381322005
87,0,train,5,1,0.17453292519943295,0.688008519995492,3,s,af3726fcacd0ac1320a56ea850b0a2c0f5430cf4eb20a45c078706980f08407e,d24fbe3839599a6a097188bae8cd47ce8083f27deef1341ae3086bf0d5a45bd1,87f63c0590d05baea263cdc42c6e1df2d063fa2def309ecb0283f3036bf33d46,87f63c0590d05baea263cdc42c6e1df2d063fa2def309ecb0283f3036bf33d46,1787978720.4373262,37304.273,18652188,0,0.9584569931030273,1.2136640548706055,1.556992530822754,-0.00133514404296875,-0.058175086975097656,0.00438690185546875,0.0073261260986328125,-0.0024423599243164062,-0.0024423599243164062,-0.0073261260986328125,0.16849899291992188,-0.0073261260986328125,-0.08058643341064453,-2.4410247802734375,7.364101409912109,-1.5506715774536133,0.1196584701538086,-0.10988998413085938,0.0,-2.901515346877287,6.544947001901521,-1.5811785128695088,0.020412531699047297,-0.0063767136567526635
87,0,train,5,1,0.17453292519943295,0.6893980089953402,3,s,af3726fcacd0ac1320a56ea850b0a2c0f5430cf4eb20a45c078706980f08407e,d24fbe3839599a6a097188bae8cd47ce8083f27deef1341ae3086bf0d5a45bd1,87f63c0590d05baea263cdc42c6e1df2d063fa2def309ecb0283f3036bf33d46,87f63c0590d05baea263cdc42c6e1df2d063fa2def309ecb0283f3036bf33d46,1787978720.4392142,37304.275,18652189,0,0.9584569931030273,1.2136640548706055,1.556992530822754,-0.00133514404296875,-0.057793617248535156,0.00438690185546875,-0.0073261260986328125,-0.0024423599243164062,-0.0024423599243164062,-0.0073261260986328125,0.1831493377685547,-0.0073261260986328125,-0.07570171356201172,-2.4410247802734375,7.364101409912109,-1.5506715774536133,0.10988998413085938,-0.10500621795654297,0.0,-2.901536980770874,6.544968635795108,-1.581200146763096,0.02030583010163061,-0.0063716088187698635
87,0,train,5,1,0.17453292519943295,0.69129194800189,3,s,af3726fcacd0ac1320a56ea850b0a2c0f5430cf4eb20a45c078706980f08407e,d24fbe3839599a6a097188bae8cd47ce8083f27deef1341ae3086bf0d5a45bd1,87f63c0590d05baea263cdc42c6e1df2d063fa2def309ecb0283f3036bf33d46,87f63c0590d05baea263cdc42c6e1df2d063fa2def309ecb0283f3036bf33d46,1787978720.4416518,37304.277,18652190,0,0.9584569931030273,1.2136640548706055,1.556992530822754,-0.00133514404296875,-0.057412147521972656,0.00438690185546875,-0.0073261260986328125,-0.0024423599243164062,-0.0024423599243164062,0.0073261260986328125,0.16849899291992188,-0.0073261260986328125,-0.07570171356201172,-2.4410247802734375,7.3094024658203125,-1.5506715774536133,0.10012245178222656,-0.10500621795654297,0.0,-2.901558501280579,6.544990156304813,-1.5812216672728006,0.020199125549326766,-0.006366503868116461
87,0,train,5,1,0.17453292519943295,0.693716540998139,3,s,af3726fcacd0ac1320a56ea850b0a2c0f5430cf4eb20a45c078706980f08407e,d24fbe3839599a6a097188bae8cd47ce8083f27deef1341ae3086bf0d5a45bd1,87f63c0590d05baea263cdc42c6e1df2d063fa2def309ecb0283f3036bf33d46,87f63c0590d05baea263cdc42c6e1df2d063fa2def309ecb0283f3036bf33d46,1787978720.4435434,37304.278999999995,18652191,0,0.9584569931030273,1.2136640548706055,1.556992530822754,-0.00133514404296875,-0.056649208068847656,0.00438690185546875,0.0073261260986328125,-0.0024423599243164062,-0.0024423599243164062,0.0073261260986328125,0.21245384216308594,-0.0073261260986328125,-0.08058643341064453,-2.4410247802734375,7.241024017333984,-1.5506715774536133,0.08547019958496094,-0.10500621795654297,0.0,-2.9016012021358324,6.545032857160066,-1.5812643681280536,0.01998570764216829,-0.00635629363176933
87,0,train,5,1,0.17453292519943295,0.6956156239975826,3,s,af3726fcacd0ac1320a56ea850b0a2c0f5430cf4eb20a45c078706980f08407e,d24fbe3839599a6a097188bae8cd47ce8083f27deef1341ae3086bf0d5a45bd1,87f63c0590d05baea263cdc42c6e1df2d063fa2def309ecb0283f3036bf33d46,87f63c0590d05baea263cdc42c6e1df2d063fa2def309ecb0283f3036bf33d46,1787978720.4454532,37304.280999999995,18652192,0,0.9584569931030273,1.2136640548706055,1.556992530822754,-0.00133514404296875,-0.056267738342285156,0.00438690185546875,-0.0073261260986328125,-0.0024423599243164062,-0.0024423599243164062,0.0073261260986328125,0.27106285095214844,-0.0073261260986328125,-0.08058643341064453,-2.454700469970703,7.323078155517578,-1.5506715774536133,0.07570171356201172,-0.10500621795654297,0.0,-2.9016223824751672,6.545054037499401,-1.581285548467388,0.019878994318370057,-0.006351188347561388
87,0,train,5,1,0.17453292519943295,0.6975223319968791,3,s,af3726fcacd0ac1320a56ea850b0a2c0f5430cf4eb20a45c078706980f08407e,d24fbe3839599a6a097188bae8cd47ce8083f27deef1341ae3086bf0d5a45bd1,87f63c0590d05baea263cdc42c6e1df2d063fa2def309ecb0283f3036bf33d46,87f63c0590d05baea263cdc42c6e1df2d063fa2def309ecb0283f3036bf33d46,1787978720.4475198,37304.282999999996,18652193,0,0.9584569931030273,1.2136640548706055,1.556992530822754,-0.00133514404296875,-0.055504798889160156,0.00438690185546875,-0.021978378295898438,-0.0024423599243164062,-0.0024423599243164062,-0.021978378295898438,0.27106285095214844,-0.0073261260986328125,-0.08058643341064453,-2.454700469970703,7.364101409912109,-1.5555553436279297,0.0659341812133789,-0.10500621795654297,0.0,-2.9016644029618415,6.5450960579860755,-1.5813275689540622,0.019665559007979727,-0.0063409774507913325
87,0,train,5,1,0.17453292519943295,0.6995915590014192,3,s,af3726fcacd0ac1320a56ea850b0a2c0f5430cf4eb20a45c078706980f08407e,d24fbe3839599a6a097188bae8cd47ce8083f27deef1341ae3086bf0d5a45bd1,87f63c0590d05baea263cdc42c6e1df2d063fa2def309ecb0283f3036bf33d46,87f63c0590d05baea263cdc42c6e1df2d063fa2def309ecb0283f3036bf33d46,1787978720.4494011,37304.284999999996,18652194,0,0.9584569931030273,1.2136640548706055,1.556992530822754,-0.00133514404296875,-0.055504798889160156,0.00438690185546875,-0.0073261260986328125,-0.0024423599243164062,-0.0024423599243164062,-0.0073261260986328125,0.21245384216308594,-0.0073261260986328125,-0.08058643341064453,-2.4410247802734375,7.364101409912109,-1.5555553436279297,0.0610504150390625,-0.10988998413085938,0.0,-2.9016644029618415,6.5450960579860755,-1.5813275689540622,0.019665559007979727,-0.0063409774507913325
87,0,train,5,1,0.17453292519943295,0.7014977439976064,3,s,af3726fcacd0ac1320a56ea850b0a2c0f5430cf4eb20a45c078706980f08407e,d24fbe3839599a6a097188bae8cd47ce8083f27deef1341ae3086bf0d5a45bd1,87f63c0590d05baea263cdc42c6e1df2d063fa2def309ecb0283f3036bf33d46,87f63c0590d05baea263cdc42c6e1df2d063fa2def309ecb0283f3036bf33d46,1787978720.452046,37304.287,18652195,0,0.9584569931030273,1.2136640548706055,1.556992530822754,-0.00133514404296875,-0.055123329162597656,0.00438690185546875,-0.0073261260986328125,-0.0024423599243164062,-0.0024423599243164062,-0.0073261260986328125,0.16849899291992188,-0.0073261260986328125,-0.07570171356201172,-2.4410247802734375,7.405128479003906,-1.5555553436279297,0.0610504150390625,-0.10500621795654297,0.0,-2.9016852431030666,6.545116898127301,-1.5813484090952878,0.01955883705244657,-0.006335871839715101
87,0,train,5,1,0.17453292519943295,0.7041199689992936,3,s,af3726fcacd0ac1320a56ea850b0a2c0f5430cf4eb20a45c078706980f08407e,d24fbe3839599a6a097188bae8cd47ce8083f27deef1341ae3086bf0d5a45bd1,87f63c0590d05baea263cdc42c6e1df2d063fa2def309ecb0283f3036bf33d46,87f63c0590d05baea263cdc42c6e1df2d063fa2def309ecb0283f3036bf33d46,1787978720.453385,37304.289,18652196,0,0.9584569931030273,1.2136640548706055,1.556992530822754,-0.00133514404296875,-0.055123329162597656,0.00438690185546875,0.0073261260986328125,-0.0024423599243164062,-0.0024423599243164062,0.0073261260986328125,0.124542236328125,-0.0073261260986328125,-0.08058643341064453,-2.4410247802734375,7.364101409912109,-1.5506715774536133,0.07081794738769531,-0.10500621795654297,0.0,-2.9016852431030666,6.545116898127301,-1.5813484090952878,0.01955883705244657,-0.006335871839715101
87,0,train,5,1,0.17453292519943295,0.7054570580003201,3,s,af3726fcacd0ac1320a56ea850b0a2c0f5430cf4eb20a45c078706980f08407e,d24fbe3839599a6a097188bae8cd47ce8083f27deef1341ae3086bf0d5a45bd1,87f63c0590d05baea263cdc42c6e1df2d063fa2def309ecb0283f3036bf33d46,87f63c0590d05baea263cdc42c6e1df2d063fa2def309ecb0283f3036bf33d46,1787978720.4553025,37304.291,18652197,0,0.9584569931030273,1.2136640548706055,1.556992530822754,-0.00133514404296875,-0.055123329162597656,0.00476837158203125,-0.0073261260986328125,-0.0024423599243164062,-0.0024423599243164062,-0.0073261260986328125,0.10988998413085938,0.0073261260986328125,-0.07570171356201172,-2.4273509979248047,7.3094024658203125,-1.5506715774536133,0.07570171356201172,-0.10012245178222656,0.0,-2.901685225858406,6.54511688088264,-1.5813483918506266,0.019563942571276485,-0.006350072975811894
87,0,train,5,1,0.17453292519943295,0.7073730720003368,3,s,af3726fcacd0ac1320a56ea850b0a2c0f5430cf4eb20a45c078706980f08407e,d24fbe3839599a6a097188bae8cd47ce8083f27deef1341ae3086bf0d5a45bd1,87f63c0590d05baea263cdc42c6e1df2d063fa2def309ecb0283f3036bf33d46,87f63c0590d05baea263cdc42c6e1df2d063fa2def309ecb0283f3036bf33d46,1787978720.4571888,37304.293,18652198,0,0.9584569931030273,1.2136640548706055,1.556992530822754,-0.00133514404296875,-0.054741859436035156,0.00476837158203125,-0.0073261260986328125,-0.0024423599243164062,-0.0024423599243164062,0.0073261260986328125,0.10988998413085938,0.0073261260986328125,-0.07570171356201172,-2.4273509979248047,7.295726776123047,-1.5506715774536133,0.09035396575927734,-0.10012245178222656,0.0,-2.9017059580194107,6.545137613043645,-1.581369124011633,0.01945721787665362,-0.006344967549602851
87,0,train,5,1,0.17453292519943295,0.7092547189968172,3,s,af3726fcacd0ac1320a56ea850b0a2c0f5430cf4eb20a45c078706980f08407e,d24fbe3839599a6a097188bae8cd47ce8083f27deef1341ae3086bf0d5a45bd1,87f63c0590d05baea263cdc42c6e1df2d063fa2def309ecb0283f3036bf33d46,87f63c0590d05baea263cdc42c6e1df2d063fa2def309ecb0283f3036bf33d46,1787978720.4597023,37304.295,18652199,0,0.9584569931030273,1.2136640548706055,1.556992530822754,-0.00133514404296875,-0.054360389709472656,0.00438690185546875,-0.0073261260986328125,-0.0024423599243164062,-0.0024423599243164062,-0.021978378295898438,0.13919448852539062,-0.0073261260986328125,-0.07570171356201172,-2.4410247802734375,7.282051086425781,-1.5506715774536133,0.10500621795654297,-0.10500621795654297,0.0,-2.9017265831661283,6.545158238190362,-1.5813897491583502,0.019345384618354694,-0.006325660295895049
87,0,train,5,1,0.17453292519943295,0.7117740140020032,3,s,af3726fcacd0ac1320a56ea850b0a2c0f5430cf4eb20a45c078706980f08407e,d24fbe3839599a6a097188bae8cd47ce8083f27deef1341ae3086bf0d5a45bd1,87f63c0590d05baea263cdc42c6e1df2d063fa2def309ecb0283f3036bf33d46,87f63c0590d05baea263cdc42c6e1df2d063fa2def309ecb0283f3036bf33d46,1787978720.4616065,37304.297,18652200,0,0.9584569931030273,1.2136640548706055,1.556992530822754,-0.00133514404296875,-0.054360389709472656,0.00438690185546875,0.0073261260986328125,-0.0024423599243164062,-0.0024423599243164062,-0.03663063049316406,0.10988998413085938,-0.03663063049316406,-0.07570171356201172,-2.4410247802734375,7.336753845214844,-1.5506715774536133,0.11477375030517578,-0.10500621795654297,0.0,-2.9017265831661283,6.545158238190362,-1.5813897491583502,0.019345384618354694,-0.006325660295895049
87,0,train,5,1,0.17453292519943295,0.7136782379966462,3,s,af3726fcacd0ac1320a56ea850b0a2c0f5430cf4eb20a45c078706980f08407e,d24fbe3839599a6a097188bae8cd47ce8083f27deef1341ae3086bf0d5a45bd1,87f63c0590d05baea263cdc42c6e1df2d063fa2def309ecb0283f3036bf33d46,87f63c0590d05baea263cdc42c6e1df2d063fa2def309ecb0283f3036bf33d46,1787978720.4634538,37304.299,18652201,0,0.9584569931030273,1.2136640548706055,1.556992530822754,-0.00133514404296875,-0.053978919982910156,0.00438690185546875,-0.021978378295898438,-0.0024423599243164062,-0.0024423599243164062,0.0073261260986328125,0.10988998413085938,-0.021978378295898438,-0.08058643341064453,-2.4410247802734375,7.25469970703125,-1.5457878112792969,0.1294260025024414,-0.10500621795654297,0.0,-2.9017470830819496,6.545178738106184,-1.5814102490741717,0.019238654170857402,-0.006320554364637204
87,0,train,5,1,0.17453292519943295,0.715522886996041,3,s,af3726fcacd0ac1320a56ea850b0a2c0f5430cf4eb20a45c078706980f08407e,d24fbe3839599a6a097188bae8cd47ce8083f27deef1341ae3086bf0d5a45bd1,87f63c0590d05baea263cdc42c6e1df2d063fa2def309ecb0283f3036bf33d46,87f63c0590d05baea263cdc42c6e1df2d063fa2def309ecb0283f3036bf33d46,1787978720.465345,37304.301,18652202,0,0.9584569931030273,1.2136640548706055,1.556992530822754,-0.00133514404296875,-0.053978919982910156,0.00438690185546875,-0.0073261260986328125,-0.0024423599243164062,-0.0024423599243164062,-0.0073261260986328125,0.08058547973632812,-0.0073261260986328125,-0.07570171356201172,-2.4273509979248047,7.3094024658203125,-1.5457878112792969,0.14896202087402344,-0.10500621795654297,0.0,-2.9017470830819496,6.545178738106184,-1.5814102490741717,0.019238654170857402,-0.006320554364637204
87,0,train,5,1,0.17453292519943295,0.7174156659966684,3,s,af3726fcacd0ac1320a56ea850b0a2c0f5430cf4eb20a45c078706980f08407e,d24fbe3839599a6a097188bae8cd47ce8083f27deef1341ae3086bf0d5a45bd1,87f63c0590d05baea263cdc42c6e1df2d063fa2def309ecb0283f3036bf33d46,87f63c0590d05baea263cdc42c6e1df2d063fa2def309ecb0283f3036bf33d46,1787978720.4672608,37304.303,18652203,0,0.9584569931030273,1.2136640548706055,1.556992530822754,-0.00133514404296875,-0.053978919982910156,0.00438690185546875,-0.0073261260986328125,-0.0024423599243164062,-0.0024423599243164062,0.0073261260986328125,0.0659332275390625,-0.0073261260986328125,-0.08058643341064453,-2.4273509979248047,7.336753845214844,-1.5457878112792969,0.16361427307128906,-0.10500621795654297,0.0,-2.9017470830819496,6.545178738106184,-1.5814102490741717,0.019238654170857402,-0.006320554364637204
87,0,train,5,1,0.17453292519943295,0.719333059998462,3,s,af3726fcacd0ac1320a56ea850b0a2c0f5430cf4eb20a45c078706980f08407e,d24fbe3839599a6a097188bae8cd47ce8083f27deef1341ae3086bf0d5a45bd1,87f63c0590d05baea263cdc42c6e1df2d063fa2def309ecb0283f3036bf33d46,87f63c0590d05baea263cdc42c6e1df2d063fa2def309ecb0283f3036bf33d46,1787978720.4697611,37304.305,18652204,0,0.9584569931030273,1.2136640548706055,1.556992530822754,-0.00133514404296875,-0.053597450256347656,0.00438690185546875,-0.0073261260986328125,-0.0024423599243164062,-0.0024423599243164062,-0.021978378295898438,0.0659332275390625,0.0073261260986328125,-0.07570171356201172,-2.4410247802734375,7.377777099609375,-1.5457878112792969,0.1782665252685547,-0.10500621795654297,0.0,-2.9017674695833153,6.545199124607549,-1.5814306355755374,0.01913192092376749,-0.006315448328138156
87,0,train,5,1,0.17453292519943295,0.7218602639986784,3,s,af3726fcacd0ac1320a56ea850b0a2c0f5430cf4eb20a45c078706980f08407e,d24fbe3839599a6a097188bae8cd47ce8083f27deef1341ae3086bf0d5a45bd1,87f63c0590d05baea263cdc42c6e1df2d063fa2def309ecb0283f3036bf33d46,87f63c0590d05baea263cdc42c6e1df2d063fa2def309ecb0283f3036bf33d46,1787978720.4717855,37304.307,18652205,0,0.9584569931030273,1.2136640548706055,1.556992530822754,-0.00133514404296875,-0.053597450256347656,0.00438690185546875,-0.0073261260986328125,-0.0024423599243164062,-0.0024423599243164062,-0.0073261260986328125,0.08058547973632812,0.0073261260986328125,-0.07570171356201172,-2.4410247802734375,7.377777099609375,-1.5457878112792969,0.1929178237915039,-0.10500621795654297,0.0,-2.9017674695833153,6.545199124607549,-1.5814306355755374,0.01913192092376749,-0.006315448328138156
87,0,train,5,1,0.17453292519943295,0.7238562839993392,3,s,af3726fcacd0ac1320a56ea850b0a2c0f5430cf4eb20a45c078706980f08407e,d24fbe3839599a6a097188bae8cd47ce8083f27deef1341ae3086bf0d5a45bd1,87f63c0590d05baea263cdc42c6e1df2d063fa2def309ecb0283f3036bf33d46,87f63c0590d05baea263cdc42c6e1df2d063fa2def309ecb0283f3036bf33d46,1787978720.4737003,37304.309,18652206,0,0.9584569931030273,1.2136640548706055,1.556992530822754,-0.00133514404296875,-0.053215980529785156,0.00438690185546875,-0.0073261260986328125,-0.0024423599243164062,-0.0024423599243164062,0.0073261260986328125,0.09523773193359375,-0.0073261260986328125,-0.07570171356201172,-2.4410247802734375,7.295726776123047,-1.5457878112792969,0.1929178237915039,-0.10012245178222656,0.0,-2.901787742667259,6.545219397691493,-1.5814509086594806,0.0190251848926167,-0.0063103421871409295
87,0,train,5,1,0.17453292519943295,0.7257681909977691,3,s,af3726fcacd0ac1320a56ea850b0a2c0f5430cf4eb20a45c078706980f08407e,d24fbe3839599a6a097188bae8cd47ce8083f27deef1341ae3086bf0d5a45bd1,87f63c0590d05baea263cdc42c6e1df2d063fa2def309ecb0283f3036bf33d46,87f63c0590d05baea263cdc42c6e1df2d063fa2def309ecb0283f3036bf33d46,1787978720.4756093,37304.311,18652207,0,0.9584569931030273,1.2136640548706055,1.556992530822754,-0.00133514404296875,-0.052834510803222656,0.00438690185546875,0.0073261260986328125,-0.0024423599243164062,-0.0024423599243164062,-0.0073261260986328125,0.124542236328125,-0.0073261260986328125,-0.07570171356201172,-2.4410247802734375,7.295726776123047,-1.5457878112792969,0.19780254364013672,-0.10500621795654297,0.0,-2.90180790233083,6.545239557355064,-1.5814710683230515,0.018918446092937156,-0.00630523594238857
87,0,train,5,1,0.17453292519943295,0.7276832869974896,3,s,af3726fcacd0ac1320a56ea850b0a2c0f5430cf4eb20a45c078706980f08407e,d24fbe3839599a6a097188bae8cd47ce8083f27deef1341ae3086bf0d5a45bd1,87f63c0590d05baea263cdc42c6e1df2d063fa2def309ecb0283f3036bf33d46,87f63c0590d05baea263cdc42c6e1df2d063fa2def309ecb0283f3036bf33d46,1787978720.47748,37304.313,18652208,0,0.9584569931030273,1.2136640548706055,1.556992530822754,-0.00133514404296875,-0.052071571350097656,0.00438690185546875,-0.0073261260986328125,-0.0024423599243164062,-0.0024423599243164062,0.0073261260986328125,0.15384674072265625,-0.0073261260986328125,-0.08058643341064453,-2.4410247802734375,7.241024017333984,-1.5457878112792969,0.1929178237915039,-0.10500621795654297,0.0,-2.9018478813851334,6.545279536409367,-1.5815110473773553,0.01870496025012242,-0.006295023144590679
87,0,train,5,1,0.17453292519943295,0.7295430230005877,3,s,af3726fcacd0ac1320a56ea850b0a2c0f5430cf4eb20a45c078706980f08407e,d24fbe3839599a6a097188bae8cd47ce8083f27deef1341ae3086bf0d5a45bd1,87f63c0590d05baea263cdc42c6e1df2d063fa2def309ecb0283f3036bf33d46,87f63c0590d05baea263cdc42c6e1df2d063fa2def309ecb0283f3036bf33d46,1787978720.4793391,37304.314999999995,18652209,0,0.9584569931030273,1.2136640548706055,1.556992530822754,-0.00133514404296875,-0.051690101623535156,0.00438690185546875,0.0073261260986328125,-0.0024423599243164062,-0.0024423599243164062,-0.0073261260986328125,0.1978015899658203,-0.0073261260986328125,-0.07570171356201172,-2.4410247802734375,7.25469970703125,-1.5506715774536133,0.1880340576171875,-0.10988998413085938,0.0,-2.9018677007700506,6.545299355794285,-1.5815308667622723,0.018598213238053492,-0.0062899165930313085
87,0,train,5,1,0.17453292519943295,0.7314010229965788,3,s,af3726fcacd0ac1320a56ea850b0a2c0f5430cf4eb20a45c078706980f08407e,d24fbe3839599a6a097188bae8cd47ce8083f27deef1341ae3086bf0d5a45bd1,87f63c0590d05baea263cdc42c6e1df2d063fa2def309ecb0283f3036bf33d46,87f63c0590d05baea263cdc42c6e1df2d063fa2def309ecb0283f3036bf33d46,1787978720.4818041,37304.316999999995,18652210,0,0.9584569931030273,1.2136640548706055,1.556992530822754,-0.00133514404296875,-0.051308631896972656,0.00438690185546875,-0.0073261260986328125,-0.0024423599243164062,-0.0024423599243164062,-0.0073261260986328125,0.21245384216308594,-0.0073261260986328125,-0.07570171356201172,-2.4410247802734375,7.268375396728516,-1.5506715774536133,0.17338180541992188,-0.10500621795654297,0.0,-2.901887406722959,6.545319061747193,-1.5815505727151802,0.018491463519588358,-0.006284809940689117
87,0,train,5,1,0.17453292519943295,0.7338744020016748,3,s,af3726fcacd0ac1320a56ea850b0a2c0f5430cf4eb20a45c078706980f08407e,d24fbe3839599a6a097188bae8cd47ce8083f27deef1341ae3086bf0d5a45bd1,87f63c0590d05baea263cdc42c6e1df2d063fa2def309ecb0283f3036bf33d46,87f63c0590d05baea263cdc42c6e1df2d063fa2def309ecb0283f3036bf33d46,1787978720.4837317,37304.318999999996,18652211,0,0.9584569931030273,1.2136640548706055,1.556992530822754,-0.00133514404296875,-0.050927162170410156,0.00438690185546875,-0.0073261260986328125,-0.0024423599243164062,-0.0024423599243164062,0.0073261260986328125,0.1831493377685547,-0.0073261260986328125,-0.08058643341064453,-2.4410247802734375,7.336753845214844,-1.5506715774536133,0.15873050689697266,-0.10500621795654297,0.0,-2.901906999240992,6.545338654265226,-1.581570165233213,0.018384711110261187,-0.00627970318830722
87,0,train,5,1,0.17453292519943295,0.7358032949996414,3,s,af3726fcacd0ac1320a56ea850b0a2c0f5430cf4eb20a45c078706980f08407e,d24fbe3839599a6a097188bae8cd47ce8083f27deef1341ae3086bf0d5a45bd1,87f63c0590d05baea263cdc42c6e1df2d063fa2def309ecb0283f3036bf33d46,87f63c0590d05baea263cdc42c6e1df2d063fa2def309ecb0283f3036bf33d46,1787978720.4856322,37304.320999999996,18652212,0,0.9584569931030273,1.2136640548706055,1.556992530822754,-0.00133514404296875,-0.050545692443847656,0.00438690185546875,-0.0073261260986328125,-0.0024423599243164062,-0.0024423599243164062,-0.0073261260986328125,0.16849899291992188,-0.0073261260986328125,-0.08058643341064453,-2.4410247802734375,7.364101409912109,-1.5555553436279297,0.14896202087402344,-0.10500621795654297,0.0,-2.9019264783212964,6.54535813334553,-1.581589644313518,0.018277956025606452,-0.006274596336628748
87,0,train,5,1,0.17453292519943295,0.7377011130010942,3,s,af3726fcacd0ac1320a56ea850b0a2c0f5430cf4eb20a45c078706980f08407e,d24fbe3839599a6a097188bae8cd47ce8083f27deef1341ae3086bf0d5a45bd1,87f63c0590d05baea263cdc42c6e1df2d063fa2def309ecb0283f3036bf33d46,87f63c0590d05baea263cdc42c6e1df2d063fa2def309ecb0283f3036bf33d46,1787978720.4875124,37304.323,18652213,0,0.9584569931030273,1.2136640548706055,1.556992530822754,-0.00133514404296875,-0.050164222717285156,0.00438690185546875,-0.0073261260986328125,-0.0024423599243164062,-0.0024423599243164062,-0.0073261260986328125,0.16849899291992188,-0.0073261260986328125,-0.08058643341064453,-2.4410247802734375,7.350425720214844,-1.5506715774536133,0.13919448852539062,-0.10500621795654297,0.0,-2.9019458439610406,6.545377498985275,-1.5816090099532627,0.018171198281159096,-0.006269489386396846
87,0,train,5,1,0.17453292519943295,0.7395836869982304,3,s,af3726fcacd0ac1320a56ea850b0a2c0f5430cf4eb20a45c078706980f08407e,d24fbe3839599a6a097188bae8cd47ce8083f27deef1341ae3086bf0d5a45bd1,87f63c0590d05baea263cdc42c6e1df2d063fa2def309ecb0283f3036bf33d46,87f63c0590d05baea263cdc42c6e1df2d063fa2def309ecb0283f3036bf33d46,1787978720.4894073,37304.325,18652214,0,0.9584569931030273,1.2136640548706055,1.556992530822754,-0.00133514404296875,-0.049782752990722656,0.00438690185546875,-0.0073261260986328125,-0.0024423599243164062,-0.0024423599243164062,-0.021978378295898438,0.1978015899658203,-0.0073261260986328125,-0.08058643341064453,-2.4410247802734375,7.377777099609375,-1.5506715774536133,0.1294260025024414,-0.10500621795654297,0.0,-2.9019650961574057,6.54539675118164,-1.581628262149627,0.018064437892454387,-0.006264382338354673
87,0,train,5,1,0.17453292519943295,0.7414965810021386,3,s,af3726fcacd0ac1320a56ea850b0a2c0f5430cf4eb20a45c078706980f08407e,d24fbe3839599a6a097188bae8cd47ce8083f27deef1341ae3086bf0d5a45bd1,87f63c0590d05baea263cdc42c6e1df2d063fa2def309ecb0283f3036bf33d46,87f63c0590d05baea263cdc42c6e1df2d063fa2def309ecb0283f3036bf33d46,1787978720.4913247,37304.327,18652215,0,0.9584569931030273,1.2136640548706055,1.556992530822754,-0.00133514404296875,-0.049019813537597656,0.00438690185546875,-0.0073261260986328125,-0.0024423599243164062,-0.0024423599243164062,-0.0073261260986328125,0.2417583465576172,-0.0073261260986328125,-0.08058643341064453,-2.4410247802734375,7.391452789306641,-1.5506715774536133,0.1196584701538086,-0.10500621795654297,0.0,-2.9020032602088057,6.54543491523304,-1.5816664262010278,0.017850909244416083,-0.006254167951812221
87,0,train,5,1,0.17453292519943295,0.7433958769979654,3,s,af3726fcacd0ac1320a56ea850b0a2c0f5430cf4eb20a45c078706980f08407e,d24fbe3839599a6a097188bae8cd47ce8083f27deef1341ae3086bf0d5a45bd1,87f63c0590d05baea263cdc42c6e1df2d063fa2def309ecb0283f3036bf33d46,87f63c0590d05baea263cdc42c6e1df2d063fa2def309ecb0283f3036bf33d46,1787978720.493779,37304.329,18652216,0,0.9584569931030273,1.2136640548706055,1.556992530822754,-0.00133514404296875,-0.048256874084472656,0.00438690185546875,-0.021978378295898438,-0.0024423599243164062,-0.0024423599243164062,-0.0073261260986328125,0.2564105987548828,-0.0073261260986328125,-0.07570171356201172,-2.4410247802734375,7.336753845214844,-1.5506715774536133,0.10500621795654297,-0.10988998413085938,0.0,-2.902040970453285,6.545472625477519,-1.5817041364455062,0.017637370205781558,-0.0062439531829469475
87,0,train,5,1,0.17453292519943295,0.7458500560023822,3,s,af3726fcacd0ac1320a56ea850b0a2c0f5430cf4eb20a45c078706980f08407e,d24fbe3839599a6a097188bae8cd47ce8083f27deef1341ae3086bf0d5a45bd1,87f63c0590d05baea263cdc42c6e1df2d063fa2def309ecb0283f3036bf33d46,87f63c0590d05baea263cdc42c6e1df2d063fa2def309ecb0283f3036bf33d46,1787978720.4957032,37304.331,18652217,0,0.9584569931030273,1.2136640548706055,1.556992530822754,-0.00133514404296875,-0.048256874084472656,0.00438690185546875,-0.0073261260986328125,-0.0024423599243164062,-0.0024423599243164062,-0.0073261260986328125,0.2417583465576172,-0.0073261260986328125,-0.08058643341064453,-2.4410247802734375,7.295726776123047,-1.5506715774536133,0.09523773193359375,-0.10988998413085938,0.0,-2.902040970453285,6.545472625477519,-1.5817041364455062,0.017637370205781558,-0.0062439531829469475
87,0,train,5,1,0.17453292519943295,0.7477721460018074,3,s,af3726fcacd0ac1320a56ea850b0a2c0f5430cf4eb20a45c078706980f08407e,d24fbe3839599a6a097188bae8cd47ce8083f27deef1341ae3086bf0d5a45bd1,87f63c0590d05baea263cdc42c6e1df2d063fa2def309ecb0283f3036bf33d46,87f63c0590d05baea263cdc42c6e1df2d063fa2def309ecb0283f3036bf33d46,1787978720.4976015,37304.333,18652218,0,0.9584569931030273,1.2136640548706055,1.556992530822754,-0.00133514404296875,-0.047875404357910156,0.00438690185546875,-0.021978378295898438,-0.0024423599243164062,-0.0024423599243164062,-0.0073261260986328125,0.1831493377685547,-0.0073261260986328125,-0.08058643341064453,-2.4410247802734375,7.364101409912109,-1.5555553436279297,0.09035396575927734,-0.10988998413085938,0.0,-2.9020596553910574,6.545491310415292,-1.5817228213832797,0.017530596828832994,-0.0062388456570013
87,0,train,5,1,0.17453292519943295,0.7496699690018431,3,s,af3726fcacd0ac1320a56ea850b0a2c0f5430cf4eb20a45c078706980f08407e,d24fbe3839599a6a097188bae8cd47ce8083f27deef1341ae3086bf0d5a45bd1,87f63c0590d05baea263cdc42c6e1df2d063fa2def309ecb0283f3036bf33d46,87f63c0590d05baea263cdc42c6e1df2d063fa2def309ecb0283f3036bf33d46,1787978720.4994707,37304.335,18652219,0,0.9584569931030273,1.2136640548706055,1.556992530822754,-0.00133514404296875,-0.047493934631347656,0.00438690185546875,0.0073261260986328125,-0.0024423599243164062,-0.0024423599243164062,0.0073261260986328125,0.1831493377685547,-0.0073261260986328125,-0.07570171356201172,-2.4410247802734375,7.3094024658203125,-1.5555553436279297,0.09035396575927734,-0.10988998413085938,0.0,-2.9020782268688907,6.545509881893125,-1.581741392861112,0.01742382090084689,-0.006233738037704629
87,0,train,5,1,0.17453292519943295,0.7515383389982162,3,s,af3726fcacd0ac1320a56ea850b0a2c0f5430cf4eb20a45c078706980f08407e,d24fbe3839599a6a097188bae8cd47ce8083f27deef1341ae3086bf0d5a45bd1,87f63c0590d05baea263cdc42c6e1df2d063fa2def309ecb0283f3036bf33d46,87f63c0590d05baea263cdc42c6e1df2d063fa2def309ecb0283f3036bf33d46,1787978720.501327,37304.337,18652220,0,0.9584569931030273,1.2136640548706055,1.556992530822754,-0.00133514404296875,-0.047493934631347656,0.00438690185546875,-0.0073261260986328125,-0.0024423599243164062,-0.0024423599243164062,-0.0073261260986328125,0.15384674072265625,0.0073261260986328125,-0.08058643341064453,-2.454700469970703,7.323078155517578,-1.5555553436279297,0.09035396575927734,-0.10500621795654297,0.0,-2.9020782268688907,6.545509881893125,-1.581741392861112,0.01742382090084689,-0.006233738037704629
87,0,train,5,1,0.17453292519943295,0.7533892369974637,3,s,af3726fcacd0ac1320a56ea850b0a2c0f5430cf4eb20a45c078706980f08407e,d24fbe3839599a6a097188bae8cd47ce8083f27deef1341ae3086bf0d5a45bd1,87f63c0590d05baea263cdc42c6e1df2d063fa2def309ecb0283f3036bf33d46,87f63c0590d05baea263cdc42c6e1df2d063fa2def309ecb0283f3036bf33d46,1787978720.503769,37304.339,18652221,0,0.9584569931030273,1.2136640548706055,1.556992530822754,-0.00133514404296875,-0.047112464904785156,0.00438690185546875,0.0073261260986328125,-0.0024423599243164062,-0.0024423599243164062,0.0073261260986328125,0.13919448852539062,0.0073261260986328125,-0.08058643341064453,-2.4410247802734375,7.364101409912109,-1.5555553436279297,0.09523773193359375,-0.10500621795654297,0.0,-2.90209668488408,6.545528339908314,-1.5817598508763009,0.017317042437361155,-0.006228630325800195
87,0,train,5,1,0.17453292519943295,0.7558388199977344,3,s,af3726fcacd0ac1320a56ea850b0a2c0f5430cf4eb20a45c078706980f08407e,d24fbe3839599a6a097188bae8cd47ce8083f27deef1341ae3086bf0d5a45bd1,87f63c0590d05baea263cdc42c6e1df2d063fa2def309ecb0283f3036bf33d46,87f63c0590d05baea263cdc42c6e1df2d063fa2def309ecb0283f3036bf33d46,1787978720.5073588,37304.341,18652222,0,0.9584569931030273,1.2136640548706055,1.556992530822754,-0.00133514404296875,-0.046730995178222656,0.00438690185546875,-0.0073261260986328125,-0.0024423599243164062,-0.0024423599243164062,-0.0073261260986328125,0.16849899291992188,-0.0073261260986328125,-0.07570171356201172,-2.4410247802734375,7.391452789306641,-1.5555553436279297,0.10012245178222656,-0.10500621795654297,0.0,-2.9021150294339377,6.545546684458172,-1.5817781954261594,0.01721026145391412,-0.006223522522031264
87,0,train,5,1,0.17453292519943295,0.7594260830010171,3,s,af3726fcacd0ac1320a56ea850b0a2c0f5430cf4eb20a45c078706980f08407e,d24fbe3839599a6a097188bae8cd47ce8083f27deef1341ae3086bf0d5a45bd1,87f63c0590d05baea263cdc42c6e1df2d063fa2def309ecb0283f3036bf33d46,87f63c0590d05baea263cdc42c6e1df2d063fa2def309ecb0283f3036bf33d46,1787978720.5075457,37304.343,18652223,0,0.9584569931030273,1.2136640548706055,1.556992530822754,-0.00133514404296875,-0.046349525451660156,0.00438690185546875,-0.0073261260986328125,-0.0024423599243164062,-0.0024423599243164062,-0.0073261260986328125,0.16849899291992188,-0.0073261260986328125,-0.07570171356201172,-2.4410247802734375,7.405128479003906,-1.5555553436279297,0.10500621795654297,-0.10500621795654297,0.0,-2.902133260515798,6.545564915540032,-1.5817964265080193,0.01710347796604445,-0.006218414627141123
87,0,train,5,1,0.17453292519943295,0.7596172369958367,3,s,af3726fcacd0ac1320a56ea850b0a2c0f5430cf4eb20a45c078706980f08407e,d24fbe3839599a6a097188bae8cd47ce8083f27deef1341ae3086bf0d5a45bd1,87f63c0590d05baea263cdc42c6e1df2d063fa2def309ecb0283f3036bf33d46,87f63c0590d05baea263cdc42c6e1df2d063fa2def309ecb0283f3036bf33d46,1787978720.5112894,37304.345,18652224,0,0.9584569931030273,1.2136640548706055,1.556992530822754,-0.00133514404296875,-0.045968055725097656,0.00438690185546875,-0.0073261260986328125,-0.0024423599243164062,-0.0024423599243164062,0.0073261260986328125,0.15384674072265625,-0.03663063049316406,-0.07570171356201172,-2.4410247802734375,7.391452789306641,-1.5506715774536133,0.10500621795654297,-0.10500621795654297,0.0,-2.9021513781270065,6.545583033151241,-1.5818145441192273,0.016996691989291206,-0.006213306641873066
87,0,train,5,1,0.17453292519943295,0.7633827480021864,3,s,af3726fcacd0ac1320a56ea850b0a2c0f5430cf4eb20a45c078706980f08407e,d24fbe3839599a6a097188bae8cd47ce8083f27deef1341ae3086bf0d5a45bd1,87f63c0590d05baea263cdc42c6e1df2d063fa2def309ecb0283f3036bf33d46,87f63c0590d05baea263cdc42c6e1df2d063fa2def309ecb0283f3036bf33d46,1787978720.5114887,37304.347,18652225,0,0.9584569931030273,1.2136640548706055,1.556992530822754,-0.00133514404296875,-0.045586585998535156,0.00438690185546875,0.0073261260986328125,-0.0024423599243164062,-0.0024423599243164062,-0.021978378295898438,0.16849899291992188,-0.021978378295898438,-0.07570171356201172,-2.4410247802734375,7.350425720214844,-1.5555553436279297,0.10988998413085938,-0.10500621795654297,0.0,-2.902169382264924,6.545601037289158,-1.5818325482571454,0.016889903539193785,-0.006208198566970401
87,0,train,5,1,0.17453292519943295,0.763553905999288,3,s,af3726fcacd0ac1320a56ea850b0a2c0f5430cf4eb20a45c078706980f08407e,d24fbe3839599a6a097188bae8cd47ce8083f27deef1341ae3086bf0d5a45bd1,87f63c0590d05baea263cdc42c6e1df2d063fa2def309ecb0283f3036bf33d46,87f63c0590d05baea263cdc42c6e1df2d063fa2def309ecb0283f3036bf33d46,1787978720.5133889,37304.348999999995,18652226,0,0.9584569931030273,1.2136640548706055,1.556992530822754,-0.00133514404296875,-0.045586585998535156,0.00438690185546875,-0.021978378295898438,-0.0024423599243164062,-0.0024423599243164062,-0.03663063049316406,0.13919448852539062,-0.0073261260986328125,-0.07570171356201172,-2.4410247802734375,7.350425720214844,-1.5506715774536133,0.11477375030517578,-0.10500621795654297,0.0,-2.902169382264924,6.545601037289158,-1.5818325482571454,0.016889903539193785,-0.006208198566970401
87,0,train,5,1,0.17453292519943295,0.7654621319961734,3,s,af3726fcacd0ac1320a56ea850b0a2c0f5430cf4eb20a45c078706980f08407e,d24fbe3839599a6a097188bae8cd47ce8083f27deef1341ae3086bf0d5a45bd1,87f63c0590d05baea263cdc42c6e1df2d063fa2def309ecb0283f3036bf33d46,87f63c0590d05baea263cdc42c6e1df2d063fa2def309ecb0283f3036bf33d46,1787978720.5152953,37304.350999999995,18652227,0,0.9584569931030273,1.2136640548706055,1.556992530822754,-0.00133514404296875,-0.045205116271972656,0.00438690185546875,-0.0073261260986328125,-0.0024423599243164062,-0.0024423599243164062,-0.0073261260986328125,0.15384674072265625,-0.0073261260986328125,-0.07570171356201172,-2.454700469970703,7.336753845214844,-1.5457878112792969,0.1196584701538086,-0.10500621795654297,0.0,-2.9021872729269336,6.545618927951168,-1.5818504389191554,0.016783112631291935,-0.0062030904031764545
87,0,train,5,1,0.17453292519943295,0.7673662390006939,3,s,af3726fcacd0ac1320a56ea850b0a2c0f5430cf4eb20a45c078706980f08407e,d24fbe3839599a6a097188bae8cd47ce8083f27deef1341ae3086bf0d5a45bd1,87f63c0590d05baea263cdc42c6e1df2d063fa2def309ecb0283f3036bf33d46,87f63c0590d05baea263cdc42c6e1df2d063fa2def309ecb0283f3036bf33d46,1787978720.5172038,37304.352999999996,18652228,0,0.9584569931030273,1.2136640548706055,1.556992530822754,-0.00133514404296875,-0.044442176818847656,0.00438690185546875,-0.0073261260986328125,-0.0024423599243164062,-0.0024423599243164062,-0.0073261260986328125,0.16849899291992188,-0.0073261260986328125,-0.07570171356201172,-2.454700469970703,7.323078155517578,-1.5457878112792969,0.124542236328125,-0.10500621795654297,0.0,-2.9022227138128307,6.545654368837065,-1.5818858798050526,0.016569523504235843,-0.006192873811888068
87,0,train,5,1,0.17453292519943295,0.7692696800004342,3,s,af3726fcacd0ac1320a56ea850b0a2c0f5430cf4eb20a45c078706980f08407e,d24fbe3839599a6a097188bae8cd47ce8083f27deef1341ae3086bf0d5a45bd1,87f63c0590d05baea263cdc42c6e1df2d063fa2def309ecb0283f3036bf33d46,87f63c0590d05baea263cdc42c6e1df2d063fa2def309ecb0283f3036bf33d46,1787978720.51967,37304.354999999996,18652229,0,0.9584569931030273,1.2136640548706055,1.556992530822754,-0.00133514404296875,-0.044060707092285156,0.00438690185546875,-0.0073261260986328125,-0.0024423599243164062,-0.0024423599243164062,-0.0073261260986328125,0.1831493377685547,0.0073261260986328125,-0.08058643341064453,-2.4410247802734375,7.364101409912109,-1.5457878112792969,0.1196584701538086,-0.10500621795654297,0.0,-2.9022402640315614,6.5456719190557955,-1.5819034300237822,0.01646272531616291,-0.006187765385880338
87,0,train,5,1,0.17453292519943295,0.7717376029977459,3,s,af3726fcacd0ac1320a56ea850b0a2c0f5430cf4eb20a45c078706980f08407e,d24fbe3839599a6a097188bae8cd47ce8083f27deef1341ae3086bf0d5a45bd1,87f63c0590d05baea263cdc42c6e1df2d063fa2def309ecb0283f3036bf33d46,87f63c0590d05baea263cdc42c6e1df2d063fa2def309ecb0283f3036bf33d46,1787978720.5215921,37304.356999999996,18652230,0,0.9584569931030273,1.2136640548706055,1.556992530822754,-0.00133514404296875,-0.043679237365722656,0.00438690185546875,0.0073261260986328125,-0.0024423599243164062,-0.0024423599243164062,-0.0073261260986328125,0.1978015899658203,-0.0073261260986328125,-0.08058643341064453,-2.4410247802734375,7.391452789306641,-1.540903091430664,0.11477375030517578,-0.10500621795654297,0.0,-2.9022577007640673,6.545689355788301,-1.5819208667562885,0.016355924732448172,-0.0061826568739547436
87,0,train,5,1,0.17453292519943295,0.773671381000895,3,s,af3726fcacd0ac1320a56ea850b0a2c0f5430cf4eb20a45c078706980f08407e,d24fbe3839599a6a097188bae8cd47ce8083f27deef1341ae3086bf0d5a45bd1,87f63c0590d05baea263cdc42c6e1df2d063fa2def309ecb0283f3036bf33d46,87f63c0590d05baea263cdc42c6e1df2d063fa2def309ecb0283f3036bf33d46,1787978720.52352,37304.359,18652231,0,0.9584569931030273,1.2136640548706055,1.556992530822754,-0.00133514404296875,-0.043297767639160156,0.00438690185546875,-0.0073261260986328125,-0.0024423599243164062,-0.0024423599243164062,-0.0073261260986328125,0.1831493377685547,-0.0073261260986328125,-0.08058643341064453,-2.4410247802734375,7.391452789306641,-1.5457878112792969,0.10988998413085938,-0.10500621795654297,0.0,-2.9022750240078135,6.5457066790320475,-1.5819381900000342,0.01624912176863316,-0.00617754827685467
87,0,train,5,1,0.17453292519943295,0.775591917001293,3,s,af3726fcacd0ac1320a56ea850b0a2c0f5430cf4eb20a45c078706980f08407e,d24fbe3839599a6a097188bae8cd47ce8083f27deef1341ae3086bf0d5a45bd1,87f63c0590d05baea263cdc42c6e1df2d063fa2def309ecb0283f3036bf33d46,87f63c0590d05baea263cdc42c6e1df2d063fa2def309ecb0283f3036bf33d46,1787978720.5254364,37304.361,18652232,0,0.9584569931030273,1.2136640548706055,1.556992530822754,-0.00133514404296875,-0.043297767639160156,0.00438690185546875,0.0073261260986328125,-0.0024423599243164062,-0.0024423599243164062,-0.0073261260986328125,0.16849899291992188,-0.0073261260986328125,-0.08058643341064453,-2.4273509979248047,7.391452789306641,-1.5457878112792969,0.10988998413085938,-0.10500621795654297,0.0,-2.9022750240078135,6.5457066790320475,-1.5819381900000342,0.01624912176863316,-0.00617754827685467
87,0,train,5,1,0.17453292519943295,0.7775022009955137,3,s,af3726fcacd0ac1320a56ea850b0a2c0f5430cf4eb20a45c078706980f08407e,d24fbe3839599a6a097188bae8cd47ce8083f27deef1341ae3086bf0d5a45bd1,87f63c0590d05baea263cdc42c6e1df2d063fa2def309ecb0283f3036bf33d46,87f63c0590d05baea263cdc42c6e1df2d063fa2def309ecb0283f3036bf33d46,1787978720.527384,37304.363,18652233,0,0.9584569931030273,1.2136640548706055,1.556992530822754,-0.00133514404296875,-0.042916297912597656,0.00438690185546875,-0.0073261260986328125,-0.0024423599243164062,-0.0024423599243164062,-0.021978378295898438,0.13919448852539062,-0.0073261260986328125,-0.08058643341064453,-2.4410247802734375,7.350425720214844,-1.5457878112792969,0.10500621795654297,-0.10500621795654297,0.0,-2.9022922337602775,6.5457238887845115,-1.5819553997524982,0.016142316440259746,-0.00617243959532352
87,0,train,5,1,0.17453292519943295,0.7794623719964875,3,s,af3726fcacd0ac1320a56ea850b0a2c0f5430cf4eb20a45c078706980f08407e,d24fbe3839599a6a097188bae8cd47ce8083f27deef1341ae3086bf0d5a45bd1,87f63c0590d05baea263cdc42c6e1df2d063fa2def309ecb0283f3036bf33d46,87f63c0590d05baea263cdc42c6e1df2d063fa2def309ecb0283f3036bf33d46,1787978720.5293167,37304.365,18652234,0,0.9584569931030273,1.2136640548706055,1.556992530822754,-0.00133514404296875,-0.042534828186035156,0.00438690185546875,-0.0073261260986328125,-0.0024423599243164062,-0.0024423599243164062,-0.021978378295898438,0.15384674072265625,-0.0073261260986328125,-0.08058643341064453,-2.4410247802734375,7.268375396728516,-1.5457878112792969,0.10500621795654297,-0.10500621795654297,0.0,-2.9023093300189546,6.545740985043189,-1.5819724960111767,0.016035508762870167,-0.0061673308301047015
87,0,train,5,1,0.17453292519943295,0.7814134239961277,3,s,af3726fcacd0ac1320a56ea850b0a2c0f5430cf4eb20a45c078706980f08407e,d24fbe3839599a6a097188bae8cd47ce8083f27deef1341ae3086bf0d5a45bd1,87f63c0590d05baea263cdc42c6e1df2d063fa2def309ecb0283f3036bf33d46,87f63c0590d05baea263cdc42c6e1df2d063fa2def309ecb0283f3036bf33d46,1787978720.5312605,37304.367,18652235,0,0.9584569931030273,1.2136640548706055,1.556992530822754,-0.00133514404296875,-0.041771888732910156,0.00438690185546875,-0.0073261260986328125,-0.0024423599243164062,-0.0024423599243164062,0.0073261260986328125,0.1978015899658203,-0.0073261260986328125,-0.08058643341064453,-2.4410247802734375,7.295726776123047,-1.540903091430664,0.10500621795654297,-0.10500621795654297,0.0,-2.9023431820450187,6.545774837069253,-1.5820063480372408,0.015821886423213055,-0.0061571130515777625
87,0,train,5,1,0.17453292519943295,0.783334959000058,3,s,af3726fcacd0ac1320a56ea850b0a2c0f5430cf4eb20a45c078706980f08407e,d24fbe3839599a6a097188bae8cd47ce8083f27deef1341ae3086bf0d5a45bd1,87f63c0590d05baea263cdc42c6e1df2d063fa2def309ecb0283f3036bf33d46,87f63c0590d05baea263cdc42c6e1df2d063fa2def309ecb0283f3036bf33d46,1787978720.53385,37304.369,18652236,0,0.9584569931030273,1.2136640548706055,1.556992530822754,-0.00133514404296875,-0.041390419006347656,0.00438690185546875,-0.0073261260986328125,-0.0024423599243164062,-0.0024423599243164062,-0.0073261260986328125,0.22710609436035156,-0.0073261260986328125,-0.07570171356201172,-2.4273509979248047,7.323078155517578,-1.5457878112792969,0.09523773193359375,-0.10500621795654297,0.0,-2.90235993780748,6.545791592831714,-1.5820231037997008,0.015715071792031673,-0.006152004039756528
87,0,train,5,1,0.17453292519943295,0.7859332169973641,3,s,af3726fcacd0ac1320a56ea850b0a2c0f5430cf4eb20a45c078706980f08407e,d24fbe3839599a6a097188bae8cd47ce8083f27deef1341ae3086bf0d5a45bd1,87f63c0590d05baea263cdc42c6e1df2d063fa2def309ecb0283f3036bf33d46,87f63c0590d05baea263cdc42c6e1df2d063fa2def309ecb0283f3036bf33d46,1787978720.5353022,37304.371,18652237,0,0.9584569931030273,1.2136640548706055,1.556992530822754,-0.00133514404296875,-0.041008949279785156,0.00438690185546875,-0.0073261260986328125,-0.0024423599243164062,-0.0024423599243164062,-0.0073261260986328125,0.21245384216308594,-0.0073261260986328125,-0.08058643341064453,-2.4410247802734375,7.350425720214844,-1.5506715774536133,0.09035396575927734,-0.10500621795654297,0.0,-2.9023765800663006,6.545808235090535,-1.5820397460585218,0.01560825487400639,-0.006146894947221389
87,0,train,5,1,0.17453292519943295,0.7873864290013444,3,s,af3726fcacd0ac1320a56ea850b0a2c0f5430cf4eb20a45c078706980f08407e,d24fbe3839599a6a097188bae8cd47ce8083f27deef1341ae3086bf0d5a45bd1,87f63c0590d05baea263cdc42c6e1df2d063fa2def309ecb0283f3036bf33d46,87f63c0590d05baea263cdc42c6e1df2d063fa2def309ecb0283f3036bf33d46,1787978720.5373065,37304.373,18652238,0,0.9584569931030273,1.2136640548706055,1.556992530822754,-0.00133514404296875,-0.040627479553222656,0.00438690185546875,-0.0073261260986328125,-0.0024423599243164062,-0.0024423599243164062,-0.0073261260986328125,0.1831493377685547,-0.0073261260986328125,-0.08058643341064453,-2.4410247802734375,7.377777099609375,-1.5506715774536133,0.08547019958496094,-0.10500621795654297,0.0,-2.9023931088190618,6.545824763843296,-1.5820562748112834,0.015501435684681122,-0.006141785774715818
87,0,train,5,1,0.17453292519943295,0.7893872829954489,3,s,af3726fcacd0ac1320a56ea850b0a2c0f5430cf4eb20a45c078706980f08407e,d24fbe3839599a6a097188bae8cd47ce8083f27deef1341ae3086bf0d5a45bd1,87f63c0590d05baea263cdc42c6e1df2d063fa2def309ecb0283f3036bf33d46,87f63c0590d05baea263cdc42c6e1df2d063fa2def309ecb0283f3036bf33d46,1787978720.5398352,37304.375,18652239,0,0.9584569931030273,1.2136640548706055,1.556992530822754,-0.00133514404296875,-0.040246009826660156,0.00438690185546875,-0.0073261260986328125,-0.0024423599243164062,-0.0024423599243164062,-0.0073261260986328125,0.16849899291992188,-0.0073261260986328125,-0.08058643341064453,-2.4410247802734375,7.391452789306641,-1.5506715774536133,0.08547019958496094,-0.10500621795654297,0.0,-2.902409524063358,6.545841179087592,-1.58207269005558,0.015394614239600105,-0.006136676522983296
87,0,train,5,1,0.17453292519943295,0.7919111759983934,3,s,af3726fcacd0ac1320a56ea850b0a2c0f5430cf4eb20a45c078706980f08407e,d24fbe3839599a6a097188bae8cd47ce8083f27deef1341ae3086bf0d5a45bd1,87f63c0590d05baea263cdc42c6e1df2d063fa2def309ecb0283f3036bf33d46,87f63c0590d05baea263cdc42c6e1df2d063fa2def309ecb0283f3036bf33d46,1787978720.5418096,37304.377,18652240,0,0.9584569931030273,1.2136640548706055,1.556992530822754,-0.00133514404296875,-0.040246009826660156,0.00438690185546875,-0.0073261260986328125,-0.0024423599243164062,-0.0024423599243164062,-0.0073261260986328125,0.16849899291992188,-0.0073261260986328125,-0.08058643341064453,-2.4410247802734375,7.377777099609375,-1.5506715774536133,0.09035396575927734,-0.10500621795654297,0.0,-2.902409524063358,6.545841179087592,-1.58207269005558,0.015394614239600105,-0.006136676522983296
87,0,train,5,1,0.17453292519943295,0.793886305000342,3,s,af3726fcacd0ac1320a56ea850b0a2c0f5430cf4eb20a45c078706980f08407e,d24fbe3839599a6a097188bae8cd47ce8083f27deef1341ae3086bf0d5a45bd1,87f63c0590d05baea263cdc42c6e1df2d063fa2def309ecb0283f3036bf33d46,87f63c0590d05baea263cdc42c6e1df2d063fa2def309ecb0283f3036bf33d46,1787978720.5437613,37304.379,18652241,0,0.9584569931030273,1.2136640548706055,1.556992530822754,-0.00133514404296875,-0.039483070373535156,0.00438690185546875,-0.0073261260986328125,-0.0024423599243164062,-0.0024423599243164062,-0.0073261260986328125,0.16849899291992188,-0.0073261260986328125,-0.08058643341064453,-2.4410247802734375,7.405128479003906,-1.5457878112792969,0.09035396575927734,-0.10500621795654297,0.0,-2.902442014017019,6.545873669041253,-1.5821051800092398,0.015180964644349391,-0.006126457784811391
87,0,train,5,1,0.17453292519943295,0.7958351349952864,3,s,af3726fcacd0ac1320a56ea850b0a2c0f5430cf4eb20a45c078706980f08407e,d24fbe3839599a6a097188bae8cd47ce8083f27deef1341ae3086bf0d5a45bd1,87f63c0590d05baea263cdc42c6e1df2d063fa2def309ecb0283f3036bf33d46,87f63c0590d05baea263cdc42c6e1df2d063fa2def309ecb0283f3036bf33d46,1787978720.545711,37304.381,18652242,0,0.9584569931030273,1.2136640548706055,1.556992530822754,-0.00133514404296875,-0.039483070373535156,0.00438690185546875,0.0073261260986328125,-0.0024423599243164062,-0.0024423599243164062,-0.021978378295898438,0.1831493377685547,-0.0073261260986328125,-0.07570171356201172,-2.4410247802734375,7.4324798583984375,-1.5506715774536133,0.09035396575927734,-0.10500621795654297,0.0,-2.902442014017019,6.545873669041253,-1.5821051800092398,0.015180964644349391,-0.006126457784811391
87,0,train,5,1,0.17453292519943295,0.7977873290001298,3,s,af3726fcacd0ac1320a56ea850b0a2c0f5430cf4eb20a45c078706980f08407e,d24fbe3839599a6a097188bae8cd47ce8083f27deef1341ae3086bf0d5a45bd1,87f63c0590d05baea263cdc42c6e1df2d063fa2def309ecb0283f3036bf33d46,87f63c0590d05baea263cdc42c6e1df2d063fa2def309ecb0283f3036bf33d46,1787978720.547652,37304.383,18652243,0,0.9584569931030273,1.2136640548706055,1.556992530822754,-0.00133514404296875,-0.039101600646972656,0.00438690185546875,-0.0073261260986328125,-0.0024423599243164062,-0.0024423599243164062,0.0073261260986328125,0.1831493377685547,-0.0073261260986328125,-0.07570171356201172,-2.4410247802734375,7.4324798583984375,-1.5457878112792969,0.09523773193359375,-0.10500621795654297,0.0,-2.9024580887216507,6.545889743745885,-1.582121254713874,0.015074136525269802,-0.006121348299859029
87,0,train,5,1,0.17453292519943295,0.7997289510021801,3,s,af3726fcacd0ac1320a56ea850b0a2c0f5430cf4eb20a45c078706980f08407e,d24fbe3839599a6a097188bae8cd47ce8083f27deef1341ae3086bf0d5a45bd1,87f63c0590d05baea263cdc42c6e1df2d063fa2def309ecb0283f3036bf33d46,87f63c0590d05baea263cdc42c6e1df2d063fa2def309ecb0283f3036bf33d46,1787978720.5496058,37304.384999999995,18652244,0,0.9584569931030273,1.2136640548706055,1.556992530822754,-0.00133514404296875,-0.038720130920410156,0.00438690185546875,-0.0073261260986328125,-0.0024423599243164062,-0.0024423599243164062,-0.021978378295898438,0.16849899291992188,-0.0073261260986328125,-0.07570171356201172,-2.4410247802734375,7.418804168701172,-1.5506715774536133,0.09035396575927734,-0.10988998413085938,0.0,-2.9024740499083665,6.545905704932601,-1.5821372159005882,0.014967306212614677,-0.006116238738653761
87,0,train,5,1,0.17453292519943295,0.8016999009996653,3,s,af3726fcacd0ac1320a56ea850b0a2c0f5430cf4eb20a45c078706980f08407e,d24fbe3839599a6a097188bae8cd47ce8083f27deef1341ae3086bf0d5a45bd1,87f63c0590d05baea263cdc42c6e1df2d063fa2def309ecb0283f3036bf33d46,87f63c0590d05baea263cdc42c6e1df2d063fa2def309ecb0283f3036bf33d46,1787978720.5515156,37304.386999999995,18652245,0,0.9584569931030273,1.2136640548706055,1.556992530822754,-0.00133514404296875,-0.038338661193847656,0.00438690185546875,-0.0073261260986328125,-0.0024423599243164062,-0.0024423599243164062,0.0073261260986328125,0.16849899291992188,-0.0073261260986328125,-0.07570171356201172,-2.454700469970703,7.350425720214844,-1.5555553436279297,0.09035396575927734,-0.10988998413085938,0.0,-2.902489897574838,6.545921552599072,-1.5821530635670589,0.01486047372192987,-0.006111129101939125
87,0,train,5,1,0.17453292519943295,0.8035901319963159,3,s,af3726fcacd0ac1320a56ea850b0a2c0f5430cf4eb20a45c078706980f08407e,d24fbe3839599a6a097188bae8cd47ce8083f27deef1341ae3086bf0d5a45bd1,87f63c0590d05baea263cdc42c6e1df2d063fa2def309ecb0283f3036bf33d46,87f63c0590d05baea263cdc42c6e1df2d063fa2def309ecb0283f3036bf33d46,1787978720.5534365,37304.388999999996,18652246,0,0.9584569931030273,1.2136640548706055,1.556992530822754,-0.00133514404296875,-0.037957191467285156,0.00438690185546875,-0.021978378295898438,-0.0024423599243164062,-0.0024423599243164062,-0.021978378295898438,0.16849899291992188,-0.0073261260986328125,-0.07570171356201172,-2.454700469970703,7.377777099609375,-1.5506715774536133,0.09035396575927734,-0.10988998413085938,0.0,-2.9025056317187583,6.545937286742992,-1.5821687977109795,0.014753639068761547,-0.006106019390458675
87,0,train,5,1,0.17453292519943295,0.8055084709994844,3,s,af3726fcacd0ac1320a56ea850b0a2c0f5430cf4eb20a45c078706980f08407e,d24fbe3839599a6a097188bae8cd47ce8083f27deef1341ae3086bf0d5a45bd1,87f63c0590d05baea263cdc42c6e1df2d063fa2def309ecb0283f3036bf33d46,87f63c0590d05baea263cdc42c6e1df2d063fa2def309ecb0283f3036bf33d46,1787978720.5553527,37304.390999999996,18652247,0,0.9584569931030273,1.2136640548706055,1.556992530822754,-0.00133514404296875,-0.037575721740722656,0.00438690185546875,-0.021978378295898438,-0.0024423599243164062,-0.0024423599243164062,-0.0073261260986328125,0.1978015899658203,-0.0073261260986328125,-0.08058643341064453,-2.4410247802734375,7.391452789306641,-1.5506715774536133,0.09035396575927734,-0.10500621795654297,0.0,-2.902521252337839,6.545952907362073,-1.5821844183300608,0.014646802268656195,-0.006100909604955967
87,0,train,5,1,0.17453292519943295,0.8074296650011092,3,s,af3726fcacd0ac1320a56ea850b0a2c0f5430cf4eb20a45c078706980f08407e,d24fbe3839599a6a097188bae8cd47ce8083f27deef1341ae3086bf0d5a45bd1,87f63c0590d05baea263cdc42c6e1df2d063fa2def309ecb0283f3036bf33d46,87f63c0590d05baea263cdc42c6e1df2d063fa2def309ecb0283f3036bf33d46,1787978720.55737,37304.393,18652248,0,0.9584569931030273,1.2136640548706055,1.556992530822754,-0.00133514404296875,-0.037194252014160156,0.00438690185546875,-0.0073261260986328125,-0.0024423599243164062,-0.0024423599243164062,-0.0073261260986328125,0.1831493377685547,-0.0073261260986328125,-0.08058643341064453,-2.4410247802734375,7.350425720214844,-1.5506715774536133,0.08547019958496094,-0.10500621795654297,0.0,-2.902536759429807,6.545968414454041,-1.5821999254220287,0.014539963337160632,-0.006095799746174573
87,0,train,5,1,0.17453292519943295,0.8094423079965054,3,s,af3726fcacd0ac1320a56ea850b0a2c0f5430cf4eb20a45c078706980f08407e,d24fbe3839599a6a097188bae8cd47ce8083f27deef1341ae3086bf0d5a45bd1,87f63c0590d05baea263cdc42c6e1df2d063fa2def309ecb0283f3036bf33d46,87f63c0590d05baea263cdc42c6e1df2d063fa2def309ecb0283f3036bf33d46,1787978720.5592644,37304.395,18652249,0,0.9584569931030273,1.2136640548706055,1.556992530822754,-0.00133514404296875,-0.036431312561035156,0.00438690185546875,-0.0073261260986328125,-0.0024423599243164062,-0.0024423599243164062,0.0073261260986328125,0.21245384216308594,-0.0073261260986328125,-0.07570171356201172,-2.4410247802734375,7.391452789306641,-1.5457878112792969,0.08058643341064453,-0.10500621795654297,0.0,-2.9025674330233975,6.5459990880476315,-1.5822305990156196,0.014326279142187565,-0.006085579811750077
87,0,train,5,1,0.17453292519943295,0.8113322829958634,3,s,af3726fcacd0ac1320a56ea850b0a2c0f5430cf4eb20a45c078706980f08407e,d24fbe3839599a6a097188bae8cd47ce8083f27deef1341ae3086bf0d5a45bd1,87f63c0590d05baea263cdc42c6e1df2d063fa2def309ecb0283f3036bf33d46,87f63c0590d05baea263cdc42c6e1df2d063fa2def309ecb0283f3036bf33d46,1787978720.5617652,37304.397,18652250,0,0.9584569931030273,1.2136640548706055,1.556992530822754,-0.00133514404296875,-0.036049842834472656,0.00438690185546875,-0.0073261260986328125,-0.0024423599243164062,-0.0024423599243164062,0.0073261260986328125,0.21245384216308594,-0.0073261260986328125,-0.07570171356201172,-2.454700469970703,7.323078155517578,-1.5506715774536133,0.07570171356201172,-0.10500621795654297,0.0,-2.902582599520556,6.54601425454479,-1.5822457655127773,0.014219433909805219,-0.006080469737594166
87,0,train,5,1,0.17453292519943295,0.8138386909995461,3,s,af3726fcacd0ac1320a56ea850b0a2c0f5430cf4eb20a45c078706980f08407e,d24fbe3839599a6a097188bae8cd47ce8083f27deef1341ae3086bf0d5a45bd1,87f63c0590d05baea263cdc42c6e1df2d063fa2def309ecb0283f3036bf33d46,87f63c0590d05baea263cdc42c6e1df2d063fa2def309ecb0283f3036bf33d46,1787978720.5637157,37304.399,18652251,0,0.9584569931030273,1.2136640548706055,1.556992530822754,-0.00133514404296875,-0.035668373107910156,0.00438690185546875,0.0073261260986328125,-0.0024423599243164062,-0.0024423599243164062,-0.021978378295898438,0.1831493377685547,-0.0073261260986328125,-0.08058643341064453,-2.4410247802734375,7.295726776123047,-1.5506715774536133,0.07081794738769531,-0.10500621795654297,0.0,-2.9025976524816737,6.546029307505908,-1.5822608184738955,0.014112586608222922,-0.006075359593133964
87,0,train,5,1,0.17453292519943295,0.81579606699961,3,s,af3726fcacd0ac1320a56ea850b0a2c0f5430cf4eb20a45c078706980f08407e,d24fbe3839599a6a097188bae8cd47ce8083f27deef1341ae3086bf0d5a45bd1,87f63c0590d05baea263cdc42c6e1df2d063fa2def309ecb0283f3036bf33d46,87f63c0590d05baea263cdc42c6e1df2d063fa2def309ecb0283f3036bf33d46,1787978720.5656586,37304.401,18652252,0,0.9584569931030273,1.2136640548706055,1.556992530822754,-0.00133514404296875,-0.035668373107910156,0.00438690185546875,0.0073261260986328125,-0.0024423599243164062,-0.0024423599243164062,-0.021978378295898438,0.15384674072265625,-0.0073261260986328125,-0.07570171356201172,-2.4273509979248047,7.336753845214844,-1.5506715774536133,0.07081794738769531,-0.10500621795654297,0.0,-2.9025976524816737,6.546029307505908,-1.5822608184738955,0.014112586608222922,-0.006075359593133964
87,0,train,5,1,0.17453292519943295,0.8177383329966688,3,s,af3726fcacd0ac1320a56ea850b0a2c0f5430cf4eb20a45c078706980f08407e,d24fbe3839599a6a097188bae8cd47ce8083f27deef1341ae3086bf0d5a45bd1,87f63c0590d05baea263cdc42c6e1df2d063fa2def309ecb0283f3036bf33d46,87f63c0590d05baea263cdc42c6e1df2d063fa2def309ecb0283f3036bf33d46,1787978720.5675995,37304.403,18652253,0,0.9584569931030273,1.2136640548706055,1.556992530822754,-0.00133514404296875,-0.035286903381347656,0.00438690185546875,0.0073261260986328125,-0.0024423599243164062,-0.0024423599243164062,-0.021978378295898438,0.16849899291992188,-0.0073261260986328125,-0.08058643341064453,-2.4410247802734375,7.377777099609375,-1.5506715774536133,0.07570171356201172,-0.10500621795654297,0.0,-2.9026125919045636,6.546044246928798,-1.5822757578967843,0.014005737252989012,-0.006070249379113093
87,0,train,5,1,0.17453292519943295,0.8196773279996705,3,s,af3726fcacd0ac1320a56ea850b0a2c0f5430cf4eb20a45c078706980f08407e,d24fbe3839599a6a097188bae8cd47ce8083f27deef1341ae3086bf0d5a45bd1,87f63c0590d05baea263cdc42c6e1df2d063fa2def309ecb0283f3036bf33d46,87f63c0590d05baea263cdc42c6e1df2d063fa2def309ecb0283f3036bf33d46,1787978720.5695188,37304.405,18652254,0,0.9584569931030273,1.2136640548706055,1.556992530822754,-0.00133514404296875,-0.034905433654785156,0.00438690185546875,-0.0073261260986328125,-0.0024423599243164062,-0.0024423599243164062,-0.0073261260986328125,0.16849899291992188,-0.0073261260986328125,-0.07570171356201172,-2.4410247802734375,7.336753845214844,-1.5457878112792969,0.07570171356201172,-0.10500621795654297,0.0,-2.902627417787046,6.54605907281128,-1.5822905837792682,0.013898885859652115,-0.006065139096275188
87,0,train,5,1,0.17453292519943295,0.8216111379952054,3,s,af3726fcacd0ac1320a56ea850b0a2c0f5430cf4eb20a45c078706980f08407e,d24fbe3839599a6a097188bae8cd47ce8083f27deef1341ae3086bf0d5a45bd1,87f63c0590d05baea263cdc42c6e1df2d063fa2def309ecb0283f3036bf33d46,87f63c0590d05baea263cdc42c6e1df2d063fa2def309ecb0283f3036bf33d46,1787978720.572085,37304.407,18652255,0,0.9584569931030273,1.2136640548706055,1.556992530822754,-0.00133514404296875,-0.034523963928222656,0.00438690185546875,-0.021978378295898438,-0.0024423599243164062,-0.0024423599243164062,-0.0073261260986328125,0.1831493377685547,-0.0073261260986328125,-0.07570171356201172,-2.4410247802734375,7.377777099609375,-1.5457878112792969,0.07570171356201172,-0.10500621795654297,0.0,-2.9026421301269685,6.5460737851512025,-1.5823052961191901,0.013792032443761156,-0.0060600287453638916
87,0,train,5,1,0.17453292519943295,0.824169569001242,3,s,af3726fcacd0ac1320a56ea850b0a2c0f5430cf4eb20a45c078706980f08407e,d24fbe3839599a6a097188bae8cd47ce8083f27deef1341ae3086bf0d5a45bd1,87f63c0590d05baea263cdc42c6e1df2d063fa2def309ecb0283f3036bf33d46,87f63c0590d05baea263cdc42c6e1df2d063fa2def309ecb0283f3036bf33d46,1787978720.5735059,37304.409,18652256,0,0.9584569931030273,1.2136640548706055,1.556992530822754,-0.00133514404296875,-0.033761024475097656,0.00438690185546875,-0.0073261260986328125,-0.0024423599243164062,-0.0024423599243164062,-0.021978378295898438,0.21245384216308594,-0.0073261260986328125,-0.07570171356201172,-2.4410247802734375,7.364101409912109,-1.5457878112792969,0.07570171356201172,-0.10500621795654297,0.0,-2.902671214170581,6.546102869194815,-1.5823343801628034,0.013578319606514214,-0.006049807842295755
87,0,train,5,1,0.17453292519943295,0.82558959400194,3,s,af3726fcacd0ac1320a56ea850b0a2c0f5430cf4eb20a45c078706980f08407e,d24fbe3839599a6a097188bae8cd47ce8083f27deef1341ae3086bf0d5a45bd1,87f63c0590d05baea263cdc42c6e1df2d063fa2def309ecb0283f3036bf33d46,87f63c0590d05baea263cdc42c6e1df2d063fa2def309ecb0283f3036bf33d46,1787978720.5754743,37304.411,18652257,0,0.9584569931030273,1.2136640548706055,1.556992530822754,-0.00133514404296875,-0.033761024475097656,0.00438690185546875,-0.0073261260986328125,-0.0024423599243164062,-0.0024423599243164062,-0.0073261260986328125,0.1831493377685547,-0.0073261260986328125,-0.07570171356201172,-2.4410247802734375,7.377777099609375,-1.5457878112792969,0.07570171356201172,-0.10500621795654297,0.0,-2.902671214170581,6.546102869194815,-1.5823343801628034,0.013578319606514214,-0.006049807842295755
87,0,train,5,1,0.17453292519943295,0.8275536399960401,3,s,af3726fcacd0ac1320a56ea850b0a2c0f5430cf4eb20a45c078706980f08407e,d24fbe3839599a6a097188bae8cd47ce8083f27deef1341ae3086bf0d5a45bd1,87f63c0590d05baea263cdc42c6e1df2d063fa2def309ecb0283f3036bf33d46,87f63c0590d05baea263cdc42c6e1df2d063fa2def309ecb0283f3036bf33d46,1787978720.5774462,37304.413,18652258,0,0.9584569931030273,1.2136640548706055,1.556992530822754,-0.00133514404296875,-0.033379554748535156,0.00438690185546875,-0.021978378295898438,-0.0024423599243164062,-0.0024423599243164062,-0.0073261260986328125,0.15384674072265625,-0.0073261260986328125,-0.07570171356201172,-2.454700469970703,7.391452789306641,-1.5457878112792969,0.07570171356201172,-0.10500621795654297,0.0,-2.90268558587004,6.546117240894274,-1.5823487518622619,0.01347146021625754,-0.006044697291626252
87,0,train,5,1,0.17453292519943295,0.8295316889998503,3,s,af3726fcacd0ac1320a56ea850b0a2c0f5430cf4eb20a45c078706980f08407e,d24fbe3839599a6a097188bae8cd47ce8083f27deef1341ae3086bf0d5a45bd1,87f63c0590d05baea263cdc42c6e1df2d063fa2def309ecb0283f3036bf33d46,87f63c0590d05baea263cdc42c6e1df2d063fa2def309ecb0283f3036bf33d46,1787978720.57941,37304.415,18652259,0,0.9584569931030273,1.2136640548706055,1.556992530822754,-0.00133514404296875,-0.032998085021972656,0.00438690185546875,0.0073261260986328125,-0.0024423599243164062,-0.0024423599243164062,-0.0073261260986328125,0.13919448852539062,-0.0073261260986328125,-0.07570171356201172,-2.4410247802734375,7.295726776123047,-1.5506715774536133,0.08058643341064453,-0.10500621795654297,0.0,-2.9026998440184726,6.546131499042707,-1.5823630100106942,0.013364598865645417,-0.006039586675858029
87,0,train,5,1,0.17453292519943295,0.831488392999745,3,s,af3726fcacd0ac1320a56ea850b0a2c0f5430cf4eb20a45c078706980f08407e,d24fbe3839599a6a097188bae8cd47ce8083f27deef1341ae3086bf0d5a45bd1,87f63c0590d05baea263cdc42c6e1df2d063fa2def309ecb0283f3036bf33d46,87f63c0590d05baea263cdc42c6e1df2d063fa2def309ecb0283f3036bf33d46,1787978720.5813456,37304.417,18652260,0,0.9584569931030273,1.2136640548706055,1.556992530822754,-0.00133514404296875,-0.032998085021972656,0.00438690185546875,-0.021978378295898438,-0.0024423599243164062,-0.0024423599243164062,-0.0073261260986328125,0.15384674072265625,-0.0073261260986328125,-0.07570171356201172,-2.4410247802734375,7.323078155517578,-1.5457878112792969,0.08547019958496094,-0.10500621795654297,0.0,-2.9026998440184726,6.546131499042707,-1.5823630100106942,0.013364598865645417,-0.006039586675858029
87,0,train,5,1,0.17453292519943295,0.8334203260019422,3,s,af3726fcacd0ac1320a56ea850b0a2c0f5430cf4eb20a45c078706980f08407e,d24fbe3839599a6a097188bae8cd47ce8083f27deef1341ae3086bf0d5a45bd1,87f63c0590d05baea263cdc42c6e1df2d063fa2def309ecb0283f3036bf33d46,87f63c0590d05baea263cdc42c6e1df2d063fa2def309ecb0283f3036bf33d46,1787978720.5832896,37304.419,18652261,0,0.9584569931030273,1.2136640548706055,1.556992530822754,-0.00133514404296875,-0.032616615295410156,0.00438690185546875,-0.0073261260986328125,-0.0024423599243164062,-0.0024423599243164062,-0.0073261260986328125,0.13919448852539062,-0.0073261260986328125,-0.08058643341064453,-2.4410247802734375,7.282051086425781,-1.5506715774536133,0.08547019958496094,-0.10500621795654297,0.0,-2.902713988613804,6.546145643638038,-1.5823771546060252,0.013257735570228222,-0.006034475995734785
87,0,train,5,1,0.17453292519943295,0.8353641470021103,3,s,af3726fcacd0ac1320a56ea850b0a2c0f5430cf4eb20a45c078706980f08407e,d24fbe3839599a6a097188bae8cd47ce8083f27deef1341ae3086bf0d5a45bd1,87f63c0590d05baea263cdc42c6e1df2d063fa2def309ecb0283f3036bf33d46,87f63c0590d05baea263cdc42c6e1df2d063fa2def309ecb0283f3036bf33d46,1787978720.5852344,37304.420999999995,18652262,0,0.9584569931030273,1.2136640548706055,1.556992530822754,-0.00133514404296875,-0.031853675842285156,0.00438690185546875,-0.0073261260986328125,-0.0024423599243164062,-0.0024423599243164062,-0.021978378295898438,0.1831493377685547,-0.0073261260986328125,-0.08058643341064453,-2.4410247802734375,7.350425720214844,-1.5555553436279297,0.09035396575927734,-0.10500621795654297,0.0,-2.902741937136946,6.54617359216118,-1.5824051031291682,0.013044003207181517,-0.006024254445398041
87,0,train,5,1,0.17453292519943295,0.8373186129974783,3,s,af3726fcacd0ac1320a56ea850b0a2c0f5430cf4eb20a45c078706980f08407e,d24fbe3839599a6a097188bae8cd47ce8083f27deef1341ae3086bf0d5a45bd1,87f63c0590d05baea263cdc42c6e1df2d063fa2def309ecb0283f3036bf33d46,87f63c0590d05baea263cdc42c6e1df2d063fa2def309ecb0283f3036bf33d46,1787978720.5877972,37304.422999999995,18652263,0,0.9584569931030273,1.2136640548706055,1.556992530822754,-0.00133514404296875,-0.031853675842285156,0.00438690185546875,0.0073261260986328125,-0.0024423599243164062,-0.0024423599243164062,-0.0073261260986328125,0.1831493377685547,-0.0073261260986328125,-0.08058643341064453,-2.4410247802734375,7.377777099609375,-1.5506715774536133,0.09035396575927734,-0.10500621795654297,0.0,-2.902741937136946,6.54617359216118,-1.5824051031291682,0.013044003207181517,-0.006024254445398041
87,0,train,5,1,0.17453292519943295,0.8398774189990945,3,s,af3726fcacd0ac1320a56ea850b0a2c0f5430cf4eb20a45c078706980f08407e,d24fbe3839599a6a097188bae8cd47ce8083f27deef1341ae3086bf0d5a45bd1,87f63c0590d05baea263cdc42c6e1df2d063fa2def309ecb0283f3036bf33d46,87f63c0590d05baea263cdc42c6e1df2d063fa2def309ecb0283f3036bf33d46,1787978720.589801,37304.424999999996,18652264,0,0.9584569931030273,1.2136640548706055,1.556992530822754,-0.00133514404296875,-0.031472206115722656,0.00438690185546875,-0.0073261260986328125,-0.0024423599243164062,-0.0024423599243164062,0.0073261260986328125,0.16849899291992188,-0.0073261260986328125,-0.08058643341064453,-2.4410247802734375,7.336753845214844,-1.5555553436279297,0.09035396575927734,-0.10500621795654297,0.0,-2.9027557410606906,6.546187396084925,-1.5824189070529127,0.012937134170654159,-0.006019143576671972
87,0,train,5,1,0.17453292519943295,0.8419001980000758,3,s,af3726fcacd0ac1320a56ea850b0a2c0f5430cf4eb20a45c078706980f08407e,d24fbe3839599a6a097188bae8cd47ce8083f27deef1341ae3086bf0d5a45bd1,87f63c0590d05baea263cdc42c6e1df2d063fa2def309ecb0283f3036bf33d46,87f63c0590d05baea263cdc42c6e1df2d063fa2def309ecb0283f3036bf33d46,1787978720.5918038,37304.426999999996,18652265,0,0.9584569931030273,1.2136640548706055,1.556992530822754,-0.00133514404296875,-0.03108978271484375,0.00438690185546875,-0.0073261260986328125,-0.0024423599243164062,-0.0024423599243164062,-0.0073261260986328125,0.15384674072265625,-0.0073261260986328125,-0.08058643341064453,-2.4410247802734375,7.268375396728516,-1.5555553436279297,0.08547019958496094,-0.10500621795654297,0.0,-2.902769465506798,6.546201120531032,-1.58243263149902,0.012829996071882076,-0.0060140198691641805
87,0,train,5,1,0.17453292519943295,0.8438830500017502,3,s,af3726fcacd0ac1320a56ea850b0a2c0f5430cf4eb20a45c078706980f08407e,d24fbe3839599a6a097188bae8cd47ce8083f27deef1341ae3086bf0d5a45bd1,87f63c0590d05baea263cdc42c6e1df2d063fa2def309ecb0283f3036bf33d46,87f63c0590d05baea263cdc42c6e1df2d063fa2def309ecb0283f3036bf33d46,1787978720.593767,37304.429,18652266,0,0.9584569931030273,1.2136640548706055,1.556992530822754,-0.00133514404296875,-0.03070831298828125,0.00438690185546875,-0.0073261260986328125,-0.0024423599243164062,-0.0024423599243164062,-0.0073261260986328125,0.15384674072265625,-0.0073261260986328125,-0.07570171356201172,-2.4410247802734375,7.282051086425781,-1.5506715774536133,0.08547019958496094,-0.10988998413085938,0.0,-2.9027830420221696,6.546214697046404,-1.5824462080143913,0.012723123281056799,-0.006008908878270869
87,0,train,5,1,0.17453292519943295,0.8458403319964418,3,s,af3726fcacd0ac1320a56ea850b0a2c0f5430cf4eb20a45c078706980f08407e,d24fbe3839599a6a097188bae8cd47ce8083f27deef1341ae3086bf0d5a45bd1,87f63c0590d05baea263cdc42c6e1df2d063fa2def309ecb0283f3036bf33d46,87f63c0590d05baea263cdc42c6e1df2d063fa2def309ecb0283f3036bf33d46,1787978720.5957222,37304.431,18652267,0,0.9584569931030273,1.2136640548706055,1.556992530822754,-0.00133514404296875,-0.03032684326171875,0.00438690185546875,-0.0073261260986328125,-0.0024423599243164062,-0.0024423599243164062,-0.021978378295898438,0.15384674072265625,-0.0073261260986328125,-0.07570171356201172,-2.4410247802734375,7.295726776123047,-1.5506715774536133,0.09035396575927734,-0.10988998413085938,0.0,-2.902796504972334,6.546228159996568,-1.5824596709645549,0.012616248638773427,-0.006003797827486739
87,0,train,5,1,0.17453292519943295,0.8478095879981993,3,s,af3726fcacd0ac1320a56ea850b0a2c0f5430cf4eb20a45c078706980f08407e,d24fbe3839599a6a097188bae8cd47ce8083f27deef1341ae3086bf0d5a45bd1,87f63c0590d05baea263cdc42c6e1df2d063fa2def309ecb0283f3036bf33d46,87f63c0590d05baea263cdc42c6e1df2d063fa2def309ecb0283f3036bf33d46,1787978720.5977147,37304.433,18652268,0,0.9584569931030273,1.2136640548706055,1.556992530822754,-0.00133514404296875,-0.02994537353515625,0.00438690185546875,-0.0073261260986328125,-0.0024423599243164062,-0.0024423599243164062,-0.0073261260986328125,0.1978015899658203,-0.0073261260986328125,-0.08058643341064453,-2.4410247802734375,7.350425720214844,-1.5506715774536133,0.09035396575927734,-0.10500621795654297,0.0,-2.9028098543553305,6.5462415093795645,-1.5824730203475517,0.012509372160584273,-0.0059986867175555484
87,0,train,5,1,0.17453292519943295,0.8497894109968911,3,s,af3726fcacd0ac1320a56ea850b0a2c0f5430cf4eb20a45c078706980f08407e,d24fbe3839599a6a097188bae8cd47ce8083f27deef1341ae3086bf0d5a45bd1,87f63c0590d05baea263cdc42c6e1df2d063fa2def309ecb0283f3036bf33d46,87f63c0590d05baea263cdc42c6e1df2d063fa2def309ecb0283f3036bf33d46,1787978720.5996957,37304.435,18652269,0,0.9584569931030273,1.2136640548706055,1.556992530822754,-0.00133514404296875,-0.02918243408203125,0.00438690185546875,-0.0073261260986328125,-0.0024423599243164062,-0.0024423599243164062,-0.0073261260986328125,0.21245384216308594,-0.0073261260986328125,-0.08058643341064453,-2.454700469970703,7.391452789306641,-1.5506715774536133,0.08547019958496094,-0.10500621795654297,0.0,-2.9028362124120686,6.546267867436303,-1.58249937840429,0.012295613758699166,-0.005988464323227051
87,0,train,5,1,0.17453292519943295,0.8517750210012309,3,s,af3726fcacd0ac1320a56ea850b0a2c0f5430cf4eb20a45c078706980f08407e,d24fbe3839599a6a097188bae8cd47ce8083f27deef1341ae3086bf0d5a45bd1,87f63c0590d05baea263cdc42c6e1df2d063fa2def309ecb0283f3036bf33d46,87f63c0590d05baea263cdc42c6e1df2d063fa2def309ecb0283f3036bf33d46,1787978720.601986,37304.437,18652270,0,0.9584569931030273,1.2136640548706055,1.556992530822754,-0.00133514404296875,-0.02880096435546875,0.00438690185546875,-0.0073261260986328125,-0.0024423599243164062,-0.0024423599243164062,0.0073261260986328125,0.1978015899658203,-0.0073261260986328125,-0.08058643341064453,-2.4410247802734375,7.377777099609375,-1.5506715774536133,0.08058643341064453,-0.10988998413085938,0.0,-2.902849221081975,6.546280876106209,-1.5825123870741964,0.012188731866109161,-0.005983353040317296
87,0,train,5,1,0.17453292519943295,0.8540646219989867,3,s,af3726fcacd0ac1320a56ea850b0a2c0f5430cf4eb20a45c078706980f08407e,d24fbe3839599a6a097188bae8cd47ce8083f27deef1341ae3086bf0d5a45bd1,87f63c0590d05baea263cdc42c6e1df2d063fa2def309ecb0283f3036bf33d46,87f63c0590d05baea263cdc42c6e1df2d063fa2def309ecb0283f3036bf33d46,1787978720.6033978,37304.439,18652271,0,0.9584569931030273,1.2136640548706055,1.556992530822754,-0.00133514404296875,-0.02880096435546875,0.00438690185546875,-0.0073261260986328125,-0.0024423599243164062,-0.0024423599243164062,-0.0073261260986328125,0.16849899291992188,-0.0073261260986328125,-0.08058643341064453,-2.4410247802734375,7.405128479003906,-1.5555553436279297,0.07570171356201172,-0.10500621795654297,0.0,-2.902849221081975,6.546280876106209,-1.5825123870741964,0.012188731866109161,-0.005983353040317296
87,0,train,5,1,0.17453292519943295,0.8554804649975267,3,s,af3726fcacd0ac1320a56ea850b0a2c0f5430cf4eb20a45c078706980f08407e,d24fbe3839599a6a097188bae8cd47ce8083f27deef1341ae3086bf0d5a45bd1,87f63c0590d05baea263cdc42c6e1df2d063fa2def309ecb0283f3036bf33d46,87f63c0590d05baea263cdc42c6e1df2d063fa2def309ecb0283f3036bf33d46,1787978720.6053214,37304.441,18652272,0,0.9584569931030273,1.2136640548706055,1.556992530822754,-0.00133514404296875,-0.02841949462890625,0.00438690185546875,-0.021978378295898438,-0.0024423599243164062,-0.0024423599243164062,0.0073261260986328125,0.13919448852539062,-0.0073261260986328125,-0.08058643341064453,-2.454700469970703,7.405128479003906,-1.5555553436279297,0.07570171356201172,-0.10500621795654297,0.0,-2.9028621161770434,6.546293771201277,-1.5825252821692646,0.012081848199825258,-0.005978241701235589
87,0,train,5,1,0.17453292519943295,0.8573935690001235,3,s,af3726fcacd0ac1320a56ea850b0a2c0f5430cf4eb20a45c078706980f08407e,d24fbe3839599a6a097188bae8cd47ce8083f27deef1341ae3086bf0d5a45bd1,87f63c0590d05baea263cdc42c6e1df2d063fa2def309ecb0283f3036bf33d46,87f63c0590d05baea263cdc42c6e1df2d063fa2def309ecb0283f3036bf33d46,1787978720.6072276,37304.443,18652273,0,0.9584569931030273,1.2136640548706055,1.556992530822754,-0.00133514404296875,-0.02841949462890625,0.00438690185546875,-0.021978378295898438,-0.0024423599243164062,-0.0024423599243164062,-0.021978378295898438,0.124542236328125,-0.0073261260986328125,-0.08058643341064453,-2.454700469970703,7.350425720214844,-1.5555553436279297,0.07570171356201172,-0.10500621795654297,0.0,-2.9028621161770434,6.546293771201277,-1.5825252821692646,0.012081848199825258,-0.005978241701235589
87,0,train,5,1,0.17453292519943295,0.8592952129984042,3,s,af3726fcacd0ac1320a56ea850b0a2c0f5430cf4eb20a45c078706980f08407e,d24fbe3839599a6a097188bae8cd47ce8083f27deef1341ae3086bf0d5a45bd1,87f63c0590d05baea263cdc42c6e1df2d063fa2def309ecb0283f3036bf33d46,87f63c0590d05baea263cdc42c6e1df2d063fa2def309ecb0283f3036bf33d46,1787978720.6096916,37304.445,18652274,0,0.9584569931030273,1.2136640548706055,1.556992530822754,-0.00133514404296875,-0.02803802490234375,0.00438690185546875,-0.0073261260986328125,-0.0024423599243164062,-0.0024423599243164062,-0.021978378295898438,0.15384674072265625,-0.0073261260986328125,-0.07570171356201172,-2.4410247802734375,7.391452789306641,-1.5555553436279297,0.08058643341064453,-0.10500621795654297,0.0,-2.9028748976953973,6.546306552719631,-1.582538063687618,0.01197496277540105,-0.005973130306725727
87,0,train,5,1,0.17453292519943295,0.8617767319956329,3,s,af3726fcacd0ac1320a56ea850b0a2c0f5430cf4eb20a45c078706980f08407e,d24fbe3839599a6a097188bae8cd47ce8083f27deef1341ae3086bf0d5a45bd1,87f63c0590d05baea263cdc42c6e1df2d063fa2def309ecb0283f3036bf33d46,87f63c0590d05baea263cdc42c6e1df2d063fa2def309ecb0283f3036bf33d46,1787978720.6115975,37304.447,18652275,0,0.9584569931030273,1.2136640548706055,1.556992530822754,-0.00133514404296875,-0.02765655517578125,0.00438690185546875,-0.0073261260986328125,-0.0024423599243164062,-0.0024423599243164062,-0.0073261260986328125,0.13919448852539062,-0.0073261260986328125,-0.07570171356201172,-2.4410247802734375,7.295726776123047,-1.5555553436279297,0.08547019958496094,-0.10500621795654297,0.0,-2.9028875656351754,6.546319220659409,-1.5825507316273966,0.011868075608390444,-0.0059680188575315166
87,0,train,5,1,0.17453292519943295,0.8636641199991573,3,s,af3726fcacd0ac1320a56ea850b0a2c0f5430cf4eb20a45c078706980f08407e,d24fbe3839599a6a097188bae8cd47ce8083f27deef1341ae3086bf0d5a45bd1,87f63c0590d05baea263cdc42c6e1df2d063fa2def309ecb0283f3036bf33d46,87f63c0590d05baea263cdc42c6e1df2d063fa2def309ecb0283f3036bf33d46,1787978720.6134787,37304.449,18652276,0,0.9584569931030273,1.2136640548706055,1.556992530822754,-0.00133514404296875,-0.02727508544921875,0.00438690185546875,-0.021978378295898438,-0.0024423599243164062,-0.0024423599243164062,-0.0073261260986328125,0.13919448852539062,-0.0073261260986328125,-0.07570171356201172,-2.4410247802734375,7.350425720214844,-1.5506715774536133,0.09035396575927734,-0.10500621795654297,0.0,-2.902900119994535,6.5463317750187695,-1.582563285986757,0.011761186714347553,-0.005962907354396769
87,0,train,5,1,0.17453292519943295,0.8655473069957225,3,s,af3726fcacd0ac1320a56ea850b0a2c0f5430cf4eb20a45c078706980f08407e,d24fbe3839599a6a097188bae8cd47ce8083f27deef1341ae3086bf0d5a45bd1,87f63c0590d05baea263cdc42c6e1df2d063fa2def309ecb0283f3036bf33d46,87f63c0590d05baea263cdc42c6e1df2d063fa2def309ecb0283f3036bf33d46,1787978720.6154711,37304.451,18652277,0,0.9584569931030273,1.2136640548706055,1.556992530822754,-0.00133514404296875,-0.02689361572265625,0.00438690185546875,-0.0073261260986328125,-0.0024423599243164062,-0.0024423599243164062,-0.0073261260986328125,0.13919448852539062,-0.0073261260986328125,-0.07570171356201172,-2.4410247802734375,7.391452789306641,-1.5506715774536133,0.10012245178222656,-0.10500621795654297,0.0,-2.9029125607716515,6.5463442157958855,-1.5825757267638731,0.011654296108826765,-0.005957795798065307
87,0,train,5,1,0.17453292519943295,0.8675572689971887,3,s,af3726fcacd0ac1320a56ea850b0a2c0f5430cf4eb20a45c078706980f08407e,d24fbe3839599a6a097188bae8cd47ce8083f27deef1341ae3086bf0d5a45bd1,87f63c0590d05baea263cdc42c6e1df2d063fa2def309ecb0283f3036bf33d46,87f63c0590d05baea263cdc42c6e1df2d063fa2def309ecb0283f3036bf33d46,1787978720.6174514,37304.453,18652278,0,0.9584569931030273,1.2136640548706055,1.556992530822754,-0.00133514404296875,-0.02689361572265625,0.00438690185546875,-0.0073261260986328125,-0.0024423599243164062,-0.0024423599243164062,-0.021978378295898438,0.13919448852539062,-0.0073261260986328125,-0.07570171356201172,-2.4410247802734375,7.3094024658203125,-1.5457878112792969,0.10500621795654297,-0.10500621795654297,0.0,-2.9029125607716515,6.5463442157958855,-1.5825757267638731,0.011654296108826765,-0.005957795798065307
87,0,train,5,1,0.17453292519943295,0.8695299050014,3,s,af3726fcacd0ac1320a56ea850b0a2c0f5430cf4eb20a45c078706980f08407e,d24fbe3839599a6a097188bae8cd47ce8083f27deef1341ae3086bf0d5a45bd1,87f63c0590d05baea263cdc42c6e1df2d063fa2def309ecb0283f3036bf33d46,87f63c0590d05baea263cdc42c6e1df2d063fa2def309ecb0283f3036bf33d46,1787978720.6193595,37304.455,18652279,0,0.9584569931030273,1.2136640548706055,1.556992530822754,-0.00133514404296875,-0.02651214599609375,0.00438690185546875,-0.021978378295898438,-0.0024423599243164062,-0.0024423599243164062,0.0073261260986328125,0.124542236328125,-0.0073261260986328125,-0.07570171356201172,-2.4410247802734375,7.3094024658203125,-1.5506715774536133,0.11477375030517578,-0.10500621795654297,0.0,-2.9029248879647134,6.546356542988947,-1.5825880539569341,0.011547403807382702,-0.0059526841892809605
87,0,train,5,1,0.17453292519943295,0.871424382996338,3,s,af3726fcacd0ac1320a56ea850b0a2c0f5430cf4eb20a45c078706980f08407e,d24fbe3839599a6a097188bae8cd47ce8083f27deef1341ae3086bf0d5a45bd1,87f63c0590d05baea263cdc42c6e1df2d063fa2def309ecb0283f3036bf33d46,87f63c0590d05baea263cdc42c6e1df2d063fa2def309ecb0283f3036bf33d46,1787978720.621272,37304.456999999995,18652280,0,0.9584569931030273,1.2136640548706055,1.556992530822754,-0.00133514404296875,-0.02651214599609375,0.00438690185546875,-0.0073261260986328125,-0.0024423599243164062,-0.0024423599243164062,-0.0073261260986328125,0.09523773193359375,-0.0073261260986328125,-0.07570171356201172,-2.4410247802734375,7.350425720214844,-1.5506715774536133,0.1196584701538086,-0.10500621795654297,0.0,-2.9029248879647134,6.546356542988947,-1.5825880539569341,0.011547403807382702,-0.0059526841892809605
87,0,train,5,1,0.17453292519943295,0.8733464929973707,3,s,af3726fcacd0ac1320a56ea850b0a2c0f5430cf4eb20a45c078706980f08407e,d24fbe3839599a6a097188bae8cd47ce8083f27deef1341ae3086bf0d5a45bd1,87f63c0590d05baea263cdc42c6e1df2d063fa2def309ecb0283f3036bf33d46,87f63c0590d05baea263cdc42c6e1df2d063fa2def309ecb0283f3036bf33d46,1787978720.6237621,37304.458999999995,18652281,0,0.9584569931030273,1.2136640548706055,1.556992530822754,-0.00133514404296875,-0.02613067626953125,0.00438690185546875,0.0073261260986328125,-0.0024423599243164062,-0.0024423599243164062,-0.021978378295898438,0.10988998413085938,-0.0073261260986328125,-0.07570171356201172,-2.4410247802734375,7.377777099609375,-1.5506715774536133,0.124542236328125,-0.10500621795654297,0.0,-2.9029371015719234,6.5463687565961575,-1.582600267564145,0.011440509825570249,-0.005947572528787566
87,0,train,5,1,0.17453292519943295,0.8758341560023837,3,s,af3726fcacd0ac1320a56ea850b0a2c0f5430cf4eb20a45c078706980f08407e,d24fbe3839599a6a097188bae8cd47ce8083f27deef1341ae3086bf0d5a45bd1,87f63c0590d05baea263cdc42c6e1df2d063fa2def309ecb0283f3036bf33d46,87f63c0590d05baea263cdc42c6e1df2d063fa2def309ecb0283f3036bf33d46,1787978720.625684,37304.460999999996,18652282,0,0.9584569931030273,1.2136640548706055,1.556992530822754,-0.00133514404296875,-0.02574920654296875,0.00438690185546875,-0.0073261260986328125,-0.0024423599243164062,-0.0024423599243164062,-0.0073261260986328125,0.124542236328125,-0.0073261260986328125,-0.07570171356201172,-2.4410247802734375,7.350425720214844,-1.5457878112792969,0.1294260025024414,-0.10500621795654297,0.0,-2.902949201591509,6.546380856615743,-1.5826123675837296,0.011333614178944528,-0.005942460817328968
87,0,train,5,1,0.17453292519943295,0.8777551089951885,3,s,af3726fcacd0ac1320a56ea850b0a2c0f5430cf4eb20a45c078706980f08407e,d24fbe3839599a6a097188bae8cd47ce8083f27deef1341ae3086bf0d5a45bd1,87f63c0590d05baea263cdc42c6e1df2d063fa2def309ecb0283f3036bf33d46,87f63c0590d05baea263cdc42c6e1df2d063fa2def309ecb0283f3036bf33d46,1787978720.6276171,37304.462999999996,18652283,0,0.9584569931030273,1.2136640548706055,1.556992530822754,-0.00133514404296875,-0.02536773681640625,0.00438690185546875,-0.0073261260986328125,-0.0024423599243164062,-0.0024423599243164062,0.0073261260986328125,0.13919448852539062,-0.0073261260986328125,-0.08058643341064453,-2.4273509979248047,7.377777099609375,-1.5457878112792969,0.1343097686767578,-0.10500621795654297,0.0,-2.9029611880217057,6.54639284304594,-1.582624354013927,0.011226716883060895,-0.005937349055649017
87,0,train,5,1,0.17453292519943295,0.879696445997979,3,s,af3726fcacd0ac1320a56ea850b0a2c0f5430cf4eb20a45c078706980f08407e,d24fbe3839599a6a097188bae8cd47ce8083f27deef1341ae3086bf0d5a45bd1,87f63c0590d05baea263cdc42c6e1df2d063fa2def309ecb0283f3036bf33d46,87f63c0590d05baea263cdc42c6e1df2d063fa2def309ecb0283f3036bf33d46,1787978720.6295497,37304.465,18652284,0,0.9584569931030273,1.2136640548706055,1.556992530822754,-0.00133514404296875,-0.02498626708984375,0.00438690185546875,-0.0073261260986328125,-0.0024423599243164062,-0.0024423599243164062,-0.0073261260986328125,0.15384674072265625,-0.0073261260986328125,-0.07570171356201172,-2.4273509979248047,7.391452789306641,-1.5457878112792969,0.13919448852539062,-0.10500621795654297,0.0,-2.9029730608607713,6.546404715885005,-1.582636226852993,0.01111981795347496,-0.005932237244491576
87,0,train,5,1,0.17453292519943295,0.8816451169986976,3,s,af3726fcacd0ac1320a56ea850b0a2c0f5430cf4eb20a45c078706980f08407e,d24fbe3839599a6a097188bae8cd47ce8083f27deef1341ae3086bf0d5a45bd1,87f63c0590d05baea263cdc42c6e1df2d063fa2def309ecb0283f3036bf33d46,87f63c0590d05baea263cdc42c6e1df2d063fa2def309ecb0283f3036bf33d46,1787978720.6321793,37304.467,18652285,0,0.9584569931030273,1.2136640548706055,1.556992530822754,-0.00133514404296875,-0.02460479736328125,0.00438690185546875,-0.0073261260986328125,-0.0024423599243164062,-0.0024423599243164062,-0.0073261260986328125,0.15384674072265625,-0.0073261260986328125,-0.07570171356201172,-2.4410247802734375,7.323078155517578,-1.5457878112792969,0.14407825469970703,-0.10988998413085938,0.0,-2.9029848201069774,6.5464164751312115,-1.5826479860991995,0.011012917405742562,-0.005927125384600509
87,0,train,5,1,0.17453292519943295,0.8842633699969156,3,s,af3726fcacd0ac1320a56ea850b0a2c0f5430cf4eb20a45c078706980f08407e,d24fbe3839599a6a097188bae8cd47ce8083f27deef1341ae3086bf0d5a45bd1,87f63c0590d05baea263cdc42c6e1df2d063fa2def309ecb0283f3036bf33d46,87f63c0590d05baea263cdc42c6e1df2d063fa2def309ecb0283f3036bf33d46,1787978720.633572,37304.469,18652286,0,0.9584569931030273,1.2136640548706055,1.556992530822754,-0.00133514404296875,-0.02460479736328125,0.00438690185546875,-0.0073261260986328125,-0.0024423599243164062,-0.0024423599243164062,-0.0073261260986328125,0.15384674072265625,-0.0073261260986328125,-0.07570171356201172,-2.4410247802734375,7.364101409912109,-1.5506715774536133,0.14407825469970703,-0.10988998413085938,0.0,-2.9029848201069774,6.5464164751312115,-1.5826479860991995,0.011012917405742562,-0.005927125384600509
87,0,train,5,1,0.17453292519943295,0.8856466279976303,3,s,af3726fcacd0ac1320a56ea850b0a2c0f5430cf4eb20a45c078706980f08407e,d24fbe3839599a6a097188bae8cd47ce8083f27deef1341ae3086bf0d5a45bd1,87f63c0590d05baea263cdc42c6e1df2d063fa2def309ecb0283f3036bf33d46,87f63c0590d05baea263cdc42c6e1df2d063fa2def309ecb0283f3036bf33d46,1787978720.6355171,37304.471,18652287,0,0.9584569931030273,1.2136640548706055,1.556992530822754,-0.00133514404296875,-0.02422332763671875,0.00438690185546875,-0.0073261260986328125,-0.0024423599243164062,-0.0024423599243164062,-0.0073261260986328125,0.13919448852539062,-0.0073261260986328125,-0.07570171356201172,-2.4410247802734375,7.295726776123047,-1.5506715774536133,0.14407825469970703,-0.10988998413085938,0.0,-2.9029964657586147,6.546428120782849,-1.5826596317508366,0.01090601525541978,-0.005922013476719689
87,0,train,5,1,0.17453292519943295,0.8875884009976289,3,s,af3726fcacd0ac1320a56ea850b0a2c0f5430cf4eb20a45c078706980f08407e,d24fbe3839599a6a097188bae8cd47ce8083f27deef1341ae3086bf0d5a45bd1,87f63c0590d05baea263cdc42c6e1df2d063fa2def309ecb0283f3036bf33d46,87f63c0590d05baea263cdc42c6e1df2d063fa2def309ecb0283f3036bf33d46,1787978720.6374047,37304.473,18652288,0,0.9584569931030273,1.2136640548706055,1.556992530822754,-0.00133514404296875,-0.02384185791015625,0.00438690185546875,0.0073261260986328125,-0.0024423599243164062,-0.0024423599243164062,0.0073261260986328125,0.124542236328125,-0.0073261260986328125,-0.07570171356201172,-2.4410247802734375,7.295726776123047,-1.5506715774536133,0.14896202087402344,-0.10500621795654297,0.0,-2.903007997813986,6.54643965283822,-1.582671163806207,0.010799111518062917,-0.0059169015215929975
87,0,train,5,1,0.17453292519943295,0.8894768800018937,3,s,af3726fcacd0ac1320a56ea850b0a2c0f5430cf4eb20a45c078706980f08407e,d24fbe3839599a6a097188bae8cd47ce8083f27deef1341ae3086bf0d5a45bd1,87f63c0590d05baea263cdc42c6e1df2d063fa2def309ecb0283f3036bf33d46,87f63c0590d05baea263cdc42c6e1df2d063fa2def309ecb0283f3036bf33d46,1787978720.6393209,37304.475,18652289,0,0.9584569931030273,1.2136640548706055,1.556992530822754,-0.00133514404296875,-0.02384185791015625,0.00438690185546875,-0.0073261260986328125,-0.0024423599243164062,-0.0024423599243164062,-0.0073261260986328125,0.124542236328125,-0.0073261260986328125,-0.07570171356201172,-2.4410247802734375,7.350425720214844,-1.5555553436279297,0.15384578704833984,-0.10500621795654297,0.0,-2.903007997813986,6.54643965283822,-1.582671163806207,0.010799111518062917,-0.0059169015215929975
87,0,train,5,1,0.17453292519943295,0.8913917929967283,3,s,af3726fcacd0ac1320a56ea850b0a2c0f5430cf4eb20a45c078706980f08407e,d24fbe3839599a6a097188bae8cd47ce8083f27deef1341ae3086bf0d5a45bd1,87f63c0590d05baea263cdc42c6e1df2d063fa2def309ecb0283f3036bf33d46,87f63c0590d05baea263cdc42c6e1df2d063fa2def309ecb0283f3036bf33d46,1787978720.6412487,37304.477,18652290,0,0.9584569931030273,1.2136640548706055,1.556992530822754,-0.00133514404296875,-0.02384185791015625,0.00438690185546875,-0.0073261260986328125,-0.0024423599243164062,-0.0024423599243164062,0.0073261260986328125,0.09523773193359375,-0.0073261260986328125,-0.07570171356201172,-2.4273509979248047,7.364101409912109,-1.5555553436279297,0.16361427307128906,-0.10500621795654297,0.0,-2.903007997813986,6.54643965283822,-1.582671163806207,0.010799111518062917,-0.0059169015215929975
87,0,train,5,1,0.17453292519943295,0.893339014997764,3,s,af3726fcacd0ac1320a56ea850b0a2c0f5430cf4eb20a45c078706980f08407e,d24fbe3839599a6a097188bae8cd47ce8083f27deef1341ae3086bf0d5a45bd1,87f63c0590d05baea263cdc42c6e1df2d063fa2def309ecb0283f3036bf33d46,87f63c0590d05baea263cdc42c6e1df2d063fa2def309ecb0283f3036bf33d46,1787978720.6437786,37304.479,18652291,0,0.9584569931030273,1.2136640548706055,1.556992530822754,-0.00133514404296875,-0.02346038818359375,0.00438690185546875,-0.0073261260986328125,-0.0024423599243164062,-0.0024423599243164062,-0.0073261260986328125,0.09523773193359375,-0.0073261260986328125,-0.07570171356201172,-2.4410247802734375,7.391452789306641,-1.5555553436279297,0.17338180541992188,-0.10500621795654297,0.0,-2.903019416271414,6.546451071295648,-1.582682582263635,0.010692206209228526,-0.0059117895199643205
87,0,train,5,1,0.17453292519943295,0.8958531659955042,3,s,af3726fcacd0ac1320a56ea850b0a2c0f5430cf4eb20a45c078706980f08407e,d24fbe3839599a6a097188bae8cd47ce8083f27deef1341ae3086bf0d5a45bd1,87f63c0590d05baea263cdc42c6e1df2d063fa2def309ecb0283f3036bf33d46,87f63c0590d05baea263cdc42c6e1df2d063fa2def309ecb0283f3036bf33d46,1787978720.645702,37304.481,18652292,0,0.9584569931030273,1.2136640548706055,1.556992530822754,-0.00133514404296875,-0.02346038818359375,0.00438690185546875,-0.0073261260986328125,-0.0024423599243164062,-0.0024423599243164062,-0.0073261260986328125,0.09523773193359375,-0.0073261260986328125,-0.07570171356201172,-2.4273509979248047,7.391452789306641,-1.5555553436279297,0.1782665252685547,-0.10500621795654297,0.0,-2.903019416271414,6.546451071295648,-1.582682582263635,0.010692206209228526,-0.0059117895199643205
87,0,train,5,1,0.17453292519943295,0.8977706559962826,3,s,af3726fcacd0ac1320a56ea850b0a2c0f5430cf4eb20a45c078706980f08407e,d24fbe3839599a6a097188bae8cd47ce8083f27deef1341ae3086bf0d5a45bd1,87f63c0590d05baea263cdc42c6e1df2d063fa2def309ecb0283f3036bf33d46,87f63c0590d05baea263cdc42c6e1df2d063fa2def309ecb0283f3036bf33d46,1787978720.6476665,37304.483,18652293,0,0.9584569931030273,1.2136640548706055,1.556992530822754,-0.00133514404296875,-0.02307891845703125,0.00438690185546875,0.0073261260986328125,-0.0024423599243164062,-0.0024423599243164062,-0.0073261260986328125,0.10988998413085938,-0.0073261260986328125,-0.07570171356201172,-2.4410247802734375,7.323078155517578,-1.5555553436279297,0.1831502914428711,-0.10500621795654297,0.0,-2.903030721129235,6.546462376153469,-1.5826938871214573,0.010585299344473366,-0.005906677472577554
87,0,train,5,1,0.17453292519943295,0.8997481089973007,3,s,af3726fcacd0ac1320a56ea850b0a2c0f5430cf4eb20a45c078706980f08407e,d24fbe3839599a6a097188bae8cd47ce8083f27deef1341ae3086bf0d5a45bd1,87f63c0590d05baea263cdc42c6e1df2d063fa2def309ecb0283f3036bf33d46,87f63c0590d05baea263cdc42c6e1df2d063fa2def309ecb0283f3036bf33d46,1787978720.649614,37304.485,18652294,0,0.9584569931030273,1.2136640548706055,1.556992530822754,-0.00133514404296875,-0.02231597900390625,0.00438690185546875,-0.0073261260986328125,-0.0024423599243164062,-0.0024423599243164062,-0.0073261260986328125,0.13919448852539062,-0.0073261260986328125,-0.07570171356201172,-2.4410247802734375,7.282051086425781,-1.5555553436279297,0.1831502914428711,-0.10500621795654297,0.0,-2.9030529900395026,6.546484645063737,-1.582716156031725,0.010371481009428963,-0.00589645324350536
87,0,train,5,1,0.17453292519943295,0.9017076160016586,3,s,af3726fcacd0ac1320a56ea850b0a2c0f5430cf4eb20a45c078706980f08407e,d24fbe3839599a6a097188bae8cd47ce8083f27deef1341ae3086bf0d5a45bd1,87f63c0590d05baea263cdc42c6e1df2d063fa2def309ecb0283f3036bf33d46,87f63c0590d05baea263cdc42c6e1df2d063fa2def309ecb0283f3036bf33d46,1787978720.6515715,37304.487,18652295,0,0.9584569931030273,1.2136640548706055,1.556992530822754,-0.00133514404296875,-0.02193450927734375,0.00438690185546875,-0.0073261260986328125,-0.0024423599243164062,-0.0024423599243164062,-0.021978378295898438,0.1978015899658203,-0.0073261260986328125,-0.07570171356201172,-2.4410247802734375,7.350425720214844,-1.5506715774536133,0.17338180541992188,-0.10500621795654297,0.0,-2.9030639540887075,6.546495609112942,-1.5827271200809292,0.010264569570254383,-0.005891341063307753
87,0,train,5,1,0.17453292519943295,0.9036508470016997,3,s,af3726fcacd0ac1320a56ea850b0a2c0f5430cf4eb20a45c078706980f08407e,d24fbe3839599a6a097188bae8cd47ce8083f27deef1341ae3086bf0d5a45bd1,87f63c0590d05baea263cdc42c6e1df2d063fa2def309ecb0283f3036bf33d46,87f63c0590d05baea263cdc42c6e1df2d063fa2def309ecb0283f3036bf33d46,1787978720.6535294,37304.489,18652296,0,0.9584569931030273,1.2136640548706055,1.556992530822754,-0.00133514404296875,-0.02155303955078125,0.00438690185546875,-0.0073261260986328125,-0.0024423599243164062,-0.0024423599243164062,0.0073261260986328125,0.1978015899658203,-0.0073261260986328125,-0.07570171356201172,-2.4410247802734375,7.364101409912109,-1.5506715774536133,0.15873050689697266,-0.10500621795654297,0.0,-2.9030748045318258,6.54650645955606,-1.5827379705240476,0.010157656637388355,-0.0058862288403276975
87,0,train,5,1,0.17453292519943295,0.9056145849972381,3,s,af3726fcacd0ac1320a56ea850b0a2c0f5430cf4eb20a45c078706980f08407e,d24fbe3839599a6a097188bae8cd47ce8083f27deef1341ae3086bf0d5a45bd1,87f63c0590d05baea263cdc42c6e1df2d063fa2def309ecb0283f3036bf33d46,87f63c0590d05baea263cdc42c6e1df2d063fa2def309ecb0283f3036bf33d46,1787978720.6554751,37304.491,18652297,0,0.9584569931030273,1.2136640548706055,1.556992530822754,-0.00133514404296875,-0.02117156982421875,0.00438690185546875,0.0073261260986328125,-0.0024423599243164062,-0.0024423599243164062,0.0073261260986328125,0.1978015899658203,-0.0073261260986328125,-0.07570171356201172,-2.4410247802734375,7.268375396728516,-1.5555553436279297,0.14896202087402344,-0.10500621795654297,0.0,-2.9030855413672785,6.5465171963915125,-1.5827487073595006,0.010050742226388763,-0.00588111657530912
87,0,train,5,1,0.17453292519943295,0.9075516160010011,3,s,af3726fcacd0ac1320a56ea850b0a2c0f5430cf4eb20a45c078706980f08407e,d24fbe3839599a6a097188bae8cd47ce8083f27deef1341ae3086bf0d5a45bd1,87f63c0590d05baea263cdc42c6e1df2d063fa2def309ecb0283f3036bf33d46,87f63c0590d05baea263cdc42c6e1df2d063fa2def309ecb0283f3036bf33d46,1787978720.657385,37304.492999999995,18652298,0,0.9584569931030273,1.2136640548706055,1.556992530822754,-0.00133514404296875,-0.02079010009765625,0.00438690185546875,0.0073261260986328125,-0.0024423599243164062,-0.0024423599243164062,-0.021978378295898438,0.1831493377685547,-0.0073261260986328125,-0.07570171356201172,-2.454700469970703,7.336753845214844,-1.5555553436279297,0.13919448852539062,-0.10500621795654297,0.0,-2.9030961645935043,6.546527819617738,-1.5827593305857266,0.009943826352813703,-0.005876004268995954
87,0,train,5,1,0.17453292519943295,0.9094537099954323,3,s,af3726fcacd0ac1320a56ea850b0a2c0f5430cf4eb20a45c078706980f08407e,d24fbe3839599a6a097188bae8cd47ce8083f27deef1341ae3086bf0d5a45bd1,87f63c0590d05baea263cdc42c6e1df2d063fa2def309ecb0283f3036bf33d46,87f63c0590d05baea263cdc42c6e1df2d063fa2def309ecb0283f3036bf33d46,1787978720.6592903,37304.494999999995,18652299,0,0.9584569931030273,1.2136640548706055,1.556992530822754,-0.00133514404296875,-0.02040863037109375,0.00438690185546875,-0.0073261260986328125,-0.0024423599243164062,-0.0024423599243164062,0.0073261260986328125,0.1978015899658203,-0.0073261260986328125,-0.07570171356201172,-2.4410247802734375,7.364101409912109,-1.5555553436279297,0.1294260025024414,-0.10500621795654297,0.0,-2.9031066742089577,6.546538329233192,-1.5827698402011794,0.009836909032221477,-0.005870891922132136
87,0,train,5,1,0.17453292519943295,0.9113596949973726,3,s,af3726fcacd0ac1320a56ea850b0a2c0f5430cf4eb20a45c078706980f08407e,d24fbe3839599a6a097188bae8cd47ce8083f27deef1341ae3086bf0d5a45bd1,87f63c0590d05baea263cdc42c6e1df2d063fa2def309ecb0283f3036bf33d46,87f63c0590d05baea263cdc42c6e1df2d063fa2def309ecb0283f3036bf33d46,1787978720.6620066,37304.496999999996,18652300,0,0.9584569931030273,1.2136640548706055,1.556992530822754,-0.00133514404296875,-0.01964569091796875,0.00438690185546875,-0.021978378295898438,-0.0024423599243164062,-0.0024423599243164062,-0.021978378295898438,0.21245384216308594,-0.0073261260986328125,-0.08058643341064453,-2.4410247802734375,7.364101409912109,-1.5555553436279297,0.1196584701538086,-0.10500621795654297,0.0,-2.9031273526014423,6.546559007625676,-1.5827905185936642,0.009623070112219814,-0.0058606671097283305
87,0,train,5,1,0.17453292519943295,0.914085074000468,3,s,af3726fcacd0ac1320a56ea850b0a2c0f5430cf4eb20a45c078706980f08407e,d24fbe3839599a6a097188bae8cd47ce8083f27deef1341ae3086bf0d5a45bd1,87f63c0590d05baea263cdc42c6e1df2d063fa2def309ecb0283f3036bf33d46,87f63c0590d05baea263cdc42c6e1df2d063fa2def309ecb0283f3036bf33d46,1787978720.663453,37304.498999999996,18652301,0,0.9584569931030273,1.2136640548706055,1.556992530822754,-0.00133514404296875,-0.01926422119140625,0.00438690185546875,0.0073261260986328125,-0.0024423599243164062,-0.0024423599243164062,-0.0073261260986328125,0.22710609436035156,-0.0073261260986328125,-0.08058643341064453,-2.4410247802734375,7.350425720214844,-1.5506715774536133,0.10988998413085938,-0.10500621795654297,0.0,-2.903137521375466,6.5465691763997,-1.5828006873676876,0.009516148543928031,-0.0058555546456762475
87,0,train,5,1,0.17453292519943295,0.915528623998398,3,s,af3726fcacd0ac1320a56ea850b0a2c0f5430cf4eb20a45c078706980f08407e,d24fbe3839599a6a097188bae8cd47ce8083f27deef1341ae3086bf0d5a45bd1,87f63c0590d05baea263cdc42c6e1df2d063fa2def309ecb0283f3036bf33d46,87f63c0590d05baea263cdc42c6e1df2d063fa2def309ecb0283f3036bf33d46,1787978720.665446,37304.501,18652302,0,0.9584569931030273,1.2136640548706055,1.556992530822754,-0.00133514404296875,-0.01888275146484375,0.00438690185546875,-0.0073261260986328125,-0.0024423599243164062,-0.0024423599243164062,-0.0073261260986328125,0.2417583465576172,-0.0073261260986328125,-0.07570171356201172,-2.4410247802734375,7.364101409912109,-1.5506715774536133,0.09523773193359375,-0.10500621795654297,0.0,-2.9031475765326973,6.546579231556931,-1.582810742524919,0.009409225590854402,-0.005850442144049327
87,0,train,5,1,0.17453292519943295,0.9175209029999678,3,s,af3726fcacd0ac1320a56ea850b0a2c0f5430cf4eb20a45c078706980f08407e,d24fbe3839599a6a097188bae8cd47ce8083f27deef1341ae3086bf0d5a45bd1,87f63c0590d05baea263cdc42c6e1df2d063fa2def309ecb0283f3036bf33d46,87f63c0590d05baea263cdc42c6e1df2d063fa2def309ecb0283f3036bf33d46,1787978720.667355,37304.503,18652303,0,0.9584569931030273,1.2136640548706055,1.556992530822754,-0.00133514404296875,-0.01811981201171875,0.00438690185546875,-0.0073261260986328125,-0.0024423599243164062,-0.0024423599243164062,-0.0073261260986328125,0.22710609436035156,-0.0073261260986328125,-0.07570171356201172,-2.454700469970703,7.323078155517578,-1.5506715774536133,0.08547019958496094,-0.10500621795654297,0.0,-2.903167345990951,6.546599001015185,-1.582830511983172,0.009195375592599126,-0.00584021703104684
87,0,train,5,1,0.17453292519943295,0.9194243699967046,3,s,af3726fcacd0ac1320a56ea850b0a2c0f5430cf4eb20a45c078706980f08407e,d24fbe3839599a6a097188bae8cd47ce8083f27deef1341ae3086bf0d5a45bd1,87f63c0590d05baea263cdc42c6e1df2d063fa2def309ecb0283f3036bf33d46,87f63c0590d05baea263cdc42c6e1df2d063fa2def309ecb0283f3036bf33d46,1787978720.6692219,37304.505,18652304,0,0.9584569931030273,1.2136640548706055,1.556992530822754,-0.00133514404296875,-0.01811981201171875,0.00438690185546875,-0.021978378295898438,-0.0024423599243164062,-0.0024423599243164062,-0.021978378295898438,0.21245384216308594,-0.0073261260986328125,-0.07570171356201172,-2.4410247802734375,7.323078155517578,-1.5506715774536133,0.08058643341064453,-0.10988998413085938,0.0,-2.903167345990951,6.546599001015185,-1.582830511983172,0.009195375592599126,-0.00584021703104684
87,0,train,5,1,0.17453292519943295,0.9213034610002069,3,s,af3726fcacd0ac1320a56ea850b0a2c0f5430cf4eb20a45c078706980f08407e,d24fbe3839599a6a097188bae8cd47ce8083f27deef1341ae3086bf0d5a45bd1,87f63c0590d05baea263cdc42c6e1df2d063fa2def309ecb0283f3036bf33d46,87f63c0590d05baea263cdc42c6e1df2d063fa2def309ecb0283f3036bf33d46,1787978720.6716828,37304.507,18652305,0,0.9584569931030273,1.2136640548706055,1.556992530822754,-0.00133514404296875,-0.01735687255859375,0.00438690185546875,-0.0073261260986328125,-0.0024423599243164062,-0.0024423599243164062,-0.0073261260986328125,0.22710609436035156,-0.0073261260986328125,-0.07570171356201172,-2.454700469970703,7.377777099609375,-1.5457878112792969,0.07570171356201172,-0.10988998413085938,0.0,-2.9031866609646935,6.546618315988928,-1.5828498269569151,0.00898152024193107,-0.0058299917766726685
87,0,train,5,1,0.17453292519943295,0.9237479419971351,3,s,af3726fcacd0ac1320a56ea850b0a2c0f5430cf4eb20a45c078706980f08407e,d24fbe3839599a6a097188bae8cd47ce8083f27deef1341ae3086bf0d5a45bd1,87f63c0590d05baea263cdc42c6e1df2d063fa2def309ecb0283f3036bf33d46,87f63c0590d05baea263cdc42c6e1df2d063fa2def309ecb0283f3036bf33d46,1787978720.6736016,37304.509,18652306,0,0.9584569931030273,1.2136640548706055,1.556992530822754,-0.00133514404296875,-0.01697540283203125,0.00438690185546875,-0.0073261260986328125,-0.0024423599243164062,-0.0024423599243164062,0.0073261260986328125,0.21245384216308594,-0.0073261260986328125,-0.07570171356201172,-2.4410247802734375,7.336753845214844,-1.5457878112792969,0.07081794738769531,-0.10500621795654297,0.0,-2.90319614801635,6.546627803040584,-1.5828593140085725,0.008874590598342186,-0.005824879098331161
87,0,train,5,1,0.17453292519943295,0.9256804159958847,3,s,af3726fcacd0ac1320a56ea850b0a2c0f5430cf4eb20a45c078706980f08407e,d24fbe3839599a6a097188bae8cd47ce8083f27deef1341ae3086bf0d5a45bd1,87f63c0590d05baea263cdc42c6e1df2d063fa2def309ecb0283f3036bf33d46,87f63c0590d05baea263cdc42c6e1df2d063fa2def309ecb0283f3036bf33d46,1787978720.6754928,37304.511,18652307,0,0.9584569931030273,1.2136640548706055,1.556992530822754,-0.00133514404296875,-0.01659393310546875,0.00438690185546875,-0.0073261260986328125,-0.0024423599243164062,-0.0024423599243164062,0.0073261260986328125,0.21245384216308594,0.0073261260986328125,-0.08058643341064453,-2.4410247802734375,7.323078155517578,-1.5457878112792969,0.07081794738769531,-0.10500621795654297,0.0,-2.9032055214426857,6.54663717646692,-1.5828686874349067,0.008767659663330417,-0.005819766386878693
87,0,train,5,1,0.17453292519943295,0.9275655079982243,3,s,af3726fcacd0ac1320a56ea850b0a2c0f5430cf4eb20a45c078706980f08407e,d24fbe3839599a6a097188bae8cd47ce8083f27deef1341ae3086bf0d5a45bd1,87f63c0590d05baea263cdc42c6e1df2d063fa2def309ecb0283f3036bf33d46,87f63c0590d05baea263cdc42c6e1df2d063fa2def309ecb0283f3036bf33d46,1787978720.677446,37304.513,18652308,0,0.9584569931030273,1.2136640548706055,1.556992530822754,-0.00133514404296875,-0.01659393310546875,0.00438690185546875,-0.021978378295898438,-0.0024423599243164062,-0.0024423599243164062,-0.0073261260986328125,0.16849899291992188,-0.0073261260986328125,-0.07570171356201172,-2.4410247802734375,7.323078155517578,-1.5457878112792969,0.07081794738769531,-0.10500621795654297,0.0,-2.9032055214426857,6.54663717646692,-1.5828686874349067,0.008767659663330417,-0.005819766386878693
87,0,train,5,1,0.17453292519943295,0.9295183180001914,3,s,af3726fcacd0ac1320a56ea850b0a2c0f5430cf4eb20a45c078706980f08407e,d24fbe3839599a6a097188bae8cd47ce8083f27deef1341ae3086bf0d5a45bd1,87f63c0590d05baea263cdc42c6e1df2d063fa2def309ecb0283f3036bf33d46,87f63c0590d05baea263cdc42c6e1df2d063fa2def309ecb0283f3036bf33d46,1787978720.6793587,37304.515,18652309,0,0.9584569931030273,1.2136640548706055,1.556992530822754,-0.00133514404296875,-0.01621246337890625,0.00438690185546875,-0.0073261260986328125,-0.0024423599243164062,-0.0024423599243164062,-0.021978378295898438,0.15384674072265625,-0.0073261260986328125,-0.07570171356201172,-2.4410247802734375,7.268375396728516,-1.5506715774536133,0.07081794738769531,-0.10500621795654297,0.0,-2.903214781242333,6.546646436266567,-1.5828779472345544,0.008660727452456262,-0.0058146536430592624
87,0,train,5,1,0.17453292519943295,0.9314267099980498,3,s,af3726fcacd0ac1320a56ea850b0a2c0f5430cf4eb20a45c078706980f08407e,d24fbe3839599a6a097188bae8cd47ce8083f27deef1341ae3086bf0d5a45bd1,87f63c0590d05baea263cdc42c6e1df2d063fa2def309ecb0283f3036bf33d46,87f63c0590d05baea263cdc42c6e1df2d063fa2def309ecb0283f3036bf33d46,1787978720.681227,37304.517,18652310,0,0.9584569931030273,1.2136640548706055,1.556992530822754,-0.00133514404296875,-0.01583099365234375,0.00438690185546875,-0.021978378295898438,-0.0024423599243164062,-0.0024423599243164062,-0.021978378295898438,0.124542236328125,-0.0073261260986328125,-0.08058643341064453,-2.4410247802734375,7.295726776123047,-1.5457878112792969,0.08058643341064453,-0.10500621795654297,0.0,-2.9032239274139466,6.546655582438181,-1.5828870934061678,0.008553793981280408,-0.0058095408676168735
87,0,train,5,1,0.17453292519943295,0.933288451997214,3,s,af3726fcacd0ac1320a56ea850b0a2c0f5430cf4eb20a45c078706980f08407e,d24fbe3839599a6a097188bae8cd47ce8083f27deef1341ae3086bf0d5a45bd1,87f63c0590d05baea263cdc42c6e1df2d063fa2def309ecb0283f3036bf33d46,87f63c0590d05baea263cdc42c6e1df2d063fa2def309ecb0283f3036bf33d46,1787978720.683717,37304.519,18652311,0,0.9584569931030273,1.2136640548706055,1.556992530822754,-0.00133514404296875,-0.01583099365234375,0.00438690185546875,-0.021978378295898438,-0.0024423599243164062,-0.0024423599243164062,-0.0073261260986328125,0.10988998413085938,-0.021978378295898438,-0.07570171356201172,-2.4410247802734375,7.350425720214844,-1.540903091430664,0.09523773193359375,-0.10988998413085938,0.0,-2.9032239274139466,6.546655582438181,-1.5828870934061678,0.008553793981280408,-0.0058095408676168735
87,0,train,5,1,0.17453292519943295,0.9357895040011499,3,s,af3726fcacd0ac1320a56ea850b0a2c0f5430cf4eb20a45c078706980f08407e,d24fbe3839599a6a097188bae8cd47ce8083f27deef1341ae3086bf0d5a45bd1,87f63c0590d05baea263cdc42c6e1df2d063fa2def309ecb0283f3036bf33d46,87f63c0590d05baea263cdc42c6e1df2d063fa2def309ecb0283f3036bf33d46,1787978720.6856036,37304.521,18652312,0,0.9584569931030273,1.2136640548706055,1.556992530822754,-0.00133514404296875,-0.01544952392578125,0.00438690185546875,-0.0073261260986328125,-0.0024423599243164062,-0.0024423599243164062,0.0073261260986328125,0.13919448852539062,-0.0073261260986328125,-0.07570171356201172,-2.4410247802734375,7.391452789306641,-1.540903091430664,0.10500621795654297,-0.10988998413085938,0.0,-2.903232959956195,6.546664614980429,-1.5828961259484158,0.008446859265363715,-0.00580442806129553
87,0,train,5,1,0.17453292519943295,0.9376744100009091,3,s,af3726fcacd0ac1320a56ea850b0a2c0f5430cf4eb20a45c078706980f08407e,d24fbe3839599a6a097188bae8cd47ce8083f27deef1341ae3086bf0d5a45bd1,87f63c0590d05baea263cdc42c6e1df2d063fa2def309ecb0283f3036bf33d46,87f63c0590d05baea263cdc42c6e1df2d063fa2def309ecb0283f3036bf33d46,1787978720.6884923,37304.523,18652313,0,0.9584569931030273,1.2136640548706055,1.556992530822754,-0.00133514404296875,-0.01506805419921875,0.00438690185546875,-0.0073261260986328125,-0.0024423599243164062,-0.0024423599243164062,-0.0073261260986328125,0.13919448852539062,-0.0073261260986328125,-0.07570171356201172,-2.454700469970703,7.405128479003906,-1.5457878112792969,0.11477375030517578,-0.10988998413085938,0.0,-2.9032418788677634,6.5466735338919975,-1.5829050448599846,0.008339923320267237,-0.0057993152248392455
87,0,train,5,1,0.17453292519943295,0.9405699389972142,3,s,af3726fcacd0ac1320a56ea850b0a2c0f5430cf4eb20a45c078706980f08407e,d24fbe3839599a6a097188bae8cd47ce8083f27deef1341ae3086bf0d5a45bd1,87f63c0590d05baea263cdc42c6e1df2d063fa2def309ecb0283f3036bf33d46,87f63c0590d05baea263cdc42c6e1df2d063fa2def309ecb0283f3036bf33d46,1787978720.6911483,37304.525,18652314,0,0.9584569931030273,1.2136640548706055,1.556992530822754,-0.00133514404296875,-0.01468658447265625,0.00438690185546875,0.0073261260986328125,-0.0024423599243164062,-0.0024423599243164062,-0.021978378295898438,0.15384674072265625,-0.0073261260986328125,-0.08058643341064453,-2.4410247802734375,7.391452789306641,-1.5457878112792969,0.1196584701538086,-0.10988998413085938,0.0,-2.903250684147355,6.546682339171589,-1.5829138501395759,0.008232986161552209,-0.005794202358992032
87,0,train,5,1,0.17453292519943295,0.943394210000406,3,s,af3726fcacd0ac1320a56ea850b0a2c0f5430cf4eb20a45c078706980f08407e,d24fbe3839599a6a097188bae8cd47ce8083f27deef1341ae3086bf0d5a45bd1,87f63c0590d05baea263cdc42c6e1df2d063fa2def309ecb0283f3036bf33d46,87f63c0590d05baea263cdc42c6e1df2d063fa2def309ecb0283f3036bf33d46,1787978720.692965,37304.527,18652315,0,0.9584569931030273,1.2136640548706055,1.556992530822754,-0.00133514404296875,-0.01430511474609375,0.00438690185546875,-0.0073261260986328125,-0.0024423599243164062,-0.0024423599243164062,0.0073261260986328125,0.1978015899658203,-0.0073261260986328125,-0.08058643341064453,-2.454700469970703,7.295726776123047,-1.5457878112792969,0.11477375030517578,-0.10988998413085938,0.0,-2.9032593757936875,6.546691030817922,-1.5829225417859083,0.008126047804780025,-0.005789089464497914
87,0,train,5,1,0.17453292519943295,0.9451226769961067,3,s,af3726fcacd0ac1320a56ea850b0a2c0f5430cf4eb20a45c078706980f08407e,d24fbe3839599a6a097188bae8cd47ce8083f27deef1341ae3086bf0d5a45bd1,87f63c0590d05baea263cdc42c6e1df2d063fa2def309ecb0283f3036bf33d46,87f63c0590d05baea263cdc42c6e1df2d063fa2def309ecb0283f3036bf33d46,1787978720.695043,37304.528999999995,18652316,0,0.9584569931030273,1.2136640548706055,1.556992530822754,-0.00133514404296875,-0.01392364501953125,0.00438690185546875,-0.0073261260986328125,-0.0024423599243164062,-0.0024423599243164062,-0.0073261260986328125,0.1831493377685547,-0.0073261260986328125,-0.08058643341064453,-2.454700469970703,7.295726776123047,-1.5506715774536133,0.10988998413085938,-0.10500621795654297,0.0,-2.903267953805496,6.54669960882973,-1.5829311197977172,0.008019108265512267,-0.0057839765421009125
87,0,train,5,1,0.17453292519943295,0.9472759049967863,3,s,af3726fcacd0ac1320a56ea850b0a2c0f5430cf4eb20a45c078706980f08407e,d24fbe3839599a6a097188bae8cd47ce8083f27deef1341ae3086bf0d5a45bd1,87f63c0590d05baea263cdc42c6e1df2d063fa2def309ecb0283f3036bf33d46,87f63c0590d05baea263cdc42c6e1df2d063fa2def309ecb0283f3036bf33d46,1787978720.6961112,37304.530999999995,18652317,0,0.9584569931030273,1.2136640548706055,1.556992530822754,-0.00133514404296875,-0.01354217529296875,0.00438690185546875,-0.0073261260986328125,-0.0024423599243164062,-0.0024423599243164062,-0.0073261260986328125,0.1831493377685547,-0.0073261260986328125,-0.08058643341064453,-2.4410247802734375,7.268375396728516,-1.5506715774536133,0.10012245178222656,-0.10988998413085938,0.0,-2.9032764181815334,6.546708073205767,-1.5829395841737544,0.007912167559310682,-0.005778863592545058
87,0,train,5,1,0.17453292519943295,0.9481818319982267,3,s,af3726fcacd0ac1320a56ea850b0a2c0f5430cf4eb20a45c078706980f08407e,d24fbe3839599a6a097188bae8cd47ce8083f27deef1341ae3086bf0d5a45bd1,87f63c0590d05baea263cdc42c6e1df2d063fa2def309ecb0283f3036bf33d46,87f63c0590d05baea263cdc42c6e1df2d063fa2def309ecb0283f3036bf33d46,1787978720.697542,37304.532999999996,18652318,0,0.9584569931030273,1.2136640548706055,1.556992530822754,-0.00133514404296875,-0.01277923583984375,0.00438690185546875,-0.0073261260986328125,-0.0024423599243164062,-0.0024423599243164062,0.0073261260986328125,0.1831493377685547,-0.0073261260986328125,-0.08058643341064453,-2.454700469970703,7.336753845214844,-1.5506715774536133,0.09523773193359375,-0.10500621795654297,0.0,-2.9032930060213817,6.546724661045616,-1.582956172013603,0.007698282708353904,-0.005768637614932915
87,0,train,5,1,0.17453292519943295,0.9496130100014852,3,s,af3726fcacd0ac1320a56ea850b0a2c0f5430cf4eb20a45c078706980f08407e,d24fbe3839599a6a097188bae8cd47ce8083f27deef1341ae3086bf0d5a45bd1,87f63c0590d05baea263cdc42c6e1df2d063fa2def309ecb0283f3036bf33d46,87f63c0590d05baea263cdc42c6e1df2d063fa2def309ecb0283f3036bf33d46,1787978720.6994736,37304.534999999996,18652319,0,0.9584569931030273,1.2136640548706055,1.556992530822754,-0.00133514404296875,-0.01239776611328125,0.00438690185546875,0.021978378295898438,-0.0024423599243164062,-0.0024423599243164062,-0.021978378295898438,0.21245384216308594,-0.0073261260986328125,-0.08058643341064453,-2.4410247802734375,7.350425720214844,-1.5506715774536133,0.09035396575927734,-0.10500621795654297,0.0,-2.9033011294827786,6.546732784507013,-1.5829642954750007,0.007591338594723046,-0.005763524588364705
87,0,train,5,1,0.17453292519943295,0.9515448370002559,3,s,af3726fcacd0ac1320a56ea850b0a2c0f5430cf4eb20a45c078706980f08407e,d24fbe3839599a6a097188bae8cd47ce8083f27deef1341ae3086bf0d5a45bd1,87f63c0590d05baea263cdc42c6e1df2d063fa2def309ecb0283f3036bf33d46,87f63c0590d05baea263cdc42c6e1df2d063fa2def309ecb0283f3036bf33d46,1787978720.7013733,37304.537,18652320,0,0.9584569931030273,1.2136640548706055,1.556992530822754,-0.00133514404296875,-0.01201629638671875,0.00438690185546875,0.0073261260986328125,-0.0024423599243164062,-0.0024423599243164062,-0.0073261260986328125,0.2417583465576172,-0.0073261260986328125,-0.08058643341064453,-2.4410247802734375,7.336753845214844,-1.5506715774536133,0.08058643341064453,-0.10500621795654297,0.0,-2.9033091393035764,6.54674079432781,-1.582972305295798,0.007484393376407043,-0.00575841153761379
87,0,train,5,1,0.17453292519943295,0.9534446280013071,3,s,af3726fcacd0ac1320a56ea850b0a2c0f5430cf4eb20a45c078706980f08407e,d24fbe3839599a6a097188bae8cd47ce8083f27deef1341ae3086bf0d5a45bd1,87f63c0590d05baea263cdc42c6e1df2d063fa2def309ecb0283f3036bf33d46,87f63c0590d05baea263cdc42c6e1df2d063fa2def309ecb0283f3036bf33d46,1787978720.703341,37304.539,18652321,0,0.9584569931030273,1.2136640548706055,1.556992530822754,-0.00133514404296875,-0.01125335693359375,0.00438690185546875,-0.0073261260986328125,-0.0024423599243164062,-0.0024423599243164062,-0.0073261260986328125,0.27106285095214844,-0.0073261260986328125,-0.08058643341064453,-2.4410247802734375,7.377777099609375,-1.5506715774536133,0.07081794738769531,-0.10500621795654297,0.0,-2.9033248180187274,6.5467564730429615,-1.5829879840109495,0.007270499687970083,-0.005748185366540042
87,0,train,5,1,0.17453292519943295,0.9554116389990668,3,s,af3726fcacd0ac1320a56ea850b0a2c0f5430cf4eb20a45c078706980f08407e,d24fbe3839599a6a097188bae8cd47ce8083f27deef1341ae3086bf0d5a45bd1,87f63c0590d05baea263cdc42c6e1df2d063fa2def309ecb0283f3036bf33d46,87f63c0590d05baea263cdc42c6e1df2d063fa2def309ecb0283f3036bf33d46,1787978720.7052882,37304.541,18652322,0,0.9584569931030273,1.2136640548706055,1.556992530822754,-0.00133514404296875,-0.01087188720703125,0.00438690185546875,-0.0073261260986328125,-0.0024423599243164062,-0.0024423599243164062,0.0073261260986328125,0.2417583465576172,-0.0073261260986328125,-0.08058643341064453,-2.4410247802734375,7.336753845214844,-1.5506715774536133,0.0610504150390625,-0.10988998413085938,0.0,-2.9033324869107995,6.546764141935034,-1.5829956529030216,0.007163551248974747,-0.00574307224770531
87,0,train,5,1,0.17453292519943295,0.9573517409953638,3,s,af3726fcacd0ac1320a56ea850b0a2c0f5430cf4eb20a45c078706980f08407e,d24fbe3839599a6a097188bae8cd47ce8083f27deef1341ae3086bf0d5a45bd1,87f63c0590d05baea263cdc42c6e1df2d063fa2def309ecb0283f3036bf33d46,87f63c0590d05baea263cdc42c6e1df2d063fa2def309ecb0283f3036bf33d46,1787978720.7077742,37304.543,18652323,0,0.9584569931030273,1.2136640548706055,1.556992530822754,-0.00133514404296875,-0.01049041748046875,0.00438690185546875,0.0073261260986328125,-0.0024423599243164062,-0.0024423599243164062,-0.021978378295898438,0.2564105987548828,-0.0073261260986328125,-0.07570171356201172,-2.454700469970703,7.323078155517578,-1.5555553436279297,0.05128192901611328,-0.10988998413085938,0.0,-2.90334004215771,6.546771697181944,-1.5830032081499306,0.007056601767545519,-0.005737959107664083
87,0,train,5,1,0.17453292519943295,0.9598454169972683,3,s,af3726fcacd0ac1320a56ea850b0a2c0f5430cf4eb20a45c078706980f08407e,d24fbe3839599a6a097188bae8cd47ce8083f27deef1341ae3086bf0d5a45bd1,87f63c0590d05baea263cdc42c6e1df2d063fa2def309ecb0283f3036bf33d46,87f63c0590d05baea263cdc42c6e1df2d063fa2def309ecb0283f3036bf33d46,1787978720.7096808,37304.545,18652324,0,0.9584569931030273,1.2136640548706055,1.556992530822754,-0.00133514404296875,-0.00972747802734375,0.00438690185546875,0.0073261260986328125,-0.0024423599243164062,-0.0024423599243164062,-0.0073261260986328125,0.2564105987548828,-0.0073261260986328125,-0.07570171356201172,-2.4410247802734375,7.336753845214844,-1.5555553436279297,0.046398162841796875,-0.10988998413085938,0.0,-2.9033548117116594,6.5467864667358935,-1.5830179777038802,0.006842699739638326,-0.0057277327669383845
87,0,train,5,1,0.17453292519943295,0.9617816550016869,3,s,af3726fcacd0ac1320a56ea850b0a2c0f5430cf4eb20a45c078706980f08407e,d24fbe3839599a6a097188bae8cd47ce8083f27deef1341ae3086bf0d5a45bd1,87f63c0590d05baea263cdc42c6e1df2d063fa2def309ecb0283f3036bf33d46,87f63c0590d05baea263cdc42c6e1df2d063fa2def309ecb0283f3036bf33d46,1787978720.7116234,37304.547,18652325,0,0.9584569931030273,1.2136640548706055,1.556992530822754,-0.00133514404296875,-0.00934600830078125,0.00438690185546875,0.0073261260986328125,-0.0024423599243164062,-0.0024423599243164062,0.0073261260986328125,0.2417583465576172,-0.0073261260986328125,-0.08058643341064453,-2.4410247802734375,7.295726776123047,-1.5506715774536133,0.04151439666748047,-0.10988998413085938,0.0,-2.90336202601655,6.546793681040784,-1.5830251920087717,0.006735747224287203,-0.00572261956774204
87,0,train,5,1,0.17453292519943295,0.9636950359999901,3,s,af3726fcacd0ac1320a56ea850b0a2c0f5430cf4eb20a45c078706980f08407e,d24fbe3839599a6a097188bae8cd47ce8083f27deef1341ae3086bf0d5a45bd1,87f63c0590d05baea263cdc42c6e1df2d063fa2def309ecb0283f3036bf33d46,87f63c0590d05baea263cdc42c6e1df2d063fa2def309ecb0283f3036bf33d46,1787978720.715186,37304.549,18652326,0,0.9584569931030273,1.2136640548706055,1.556992530822754,-0.00133514404296875,-0.00896453857421875,0.00438690185546875,0.0073261260986328125,-0.0024423599243164062,-0.0024423599243164062,0.0073261260986328125,0.21245384216308594,0.0073261260986328125,-0.08058643341064453,-2.4410247802734375,7.364101409912109,-1.5555553436279297,0.036629676818847656,-0.10988998413085938,0.0,-2.9033691266719805,6.546800781696215,-1.5830322926642013,0.0066287937287558656,-0.005717506350315455
87,0,train,5,1,0.17453292519943295,0.9672532299955492,3,s,af3726fcacd0ac1320a56ea850b0a2c0f5430cf4eb20a45c078706980f08407e,d24fbe3839599a6a097188bae8cd47ce8083f27deef1341ae3086bf0d5a45bd1,87f63c0590d05baea263cdc42c6e1df2d063fa2def309ecb0283f3036bf33d46,87f63c0590d05baea263cdc42c6e1df2d063fa2def309ecb0283f3036bf33d46,1787978720.7153416,37304.551,18652327,0,0.9584569931030273,1.2136640548706055,1.556992530822754,-0.00133514404296875,-0.00896453857421875,0.00438690185546875,0.0073261260986328125,-0.0024423599243164062,-0.0024423599243164062,-0.021978378295898438,0.16849899291992188,0.0073261260986328125,-0.07570171356201172,-2.454700469970703,7.364101409912109,-1.5555553436279297,0.03174591064453125,-0.10500621795654297,0.0,-2.9033691266719805,6.546800781696215,-1.5830322926642013,0.0066287937287558656,-0.005717506350315455
87,0,train,5,1,0.17453292519943295,0.96741334899707,3,s,af3726fcacd0ac1320a56ea850b0a2c0f5430cf4eb20a45c078706980f08407e,d24fbe3839599a6a097188bae8cd47ce8083f27deef1341ae3086bf0d5a45bd1,87f63c0590d05baea263cdc42c6e1df2d063fa2def309ecb0283f3036bf33d46,87f63c0590d05baea263cdc42c6e1df2d063fa2def309ecb0283f3036bf33d46,1787978720.7172546,37304.553,18652328,0,0.9584569931030273,1.2136640548706055,1.556992530822754,-0.00133514404296875,-0.00858306884765625,0.00438690185546875,-0.0073261260986328125,-0.0024423599243164062,-0.0024423599243164062,-0.0073261260986328125,0.124542236328125,-0.0073261260986328125,-0.07570171356201172,-2.454700469970703,7.3094024658203125,-1.5555553436279297,0.03174591064453125,-0.10500621795654297,0.0,-2.9033761136769143,6.546807768701148,-1.5830392796691364,0.006521839268608091,-0.005712393115402702
87,0,train,5,1,0.17453292519943295,0.9693277019978268,3,s,af3726fcacd0ac1320a56ea850b0a2c0f5430cf4eb20a45c078706980f08407e,d24fbe3839599a6a097188bae8cd47ce8083f27deef1341ae3086bf0d5a45bd1,87f63c0590d05baea263cdc42c6e1df2d063fa2def309ecb0283f3036bf33d46,87f63c0590d05baea263cdc42c6e1df2d063fa2def309ecb0283f3036bf33d46,1787978720.7197034,37304.555,18652329,0,0.9584569931030273,1.2136640548706055,1.556992530822754,-0.00133514404296875,-0.00858306884765625,0.00438690185546875,-0.021978378295898438,-0.0024423599243164062,-0.0024423599243164062,-0.0073261260986328125,0.10988998413085938,-0.021978378295898438,-0.07570171356201172,-2.4410247802734375,7.295726776123047,-1.560439109802246,0.04151439666748047,-0.10500621795654297,0.0,-2.9033761136769143,6.546807768701148,-1.5830392796691364,0.006521839268608091,-0.005712393115402702
87,0,train,5,1,0.17453292519943295,0.9717679339955794,3,s,af3726fcacd0ac1320a56ea850b0a2c0f5430cf4eb20a45c078706980f08407e,d24fbe3839599a6a097188bae8cd47ce8083f27deef1341ae3086bf0d5a45bd1,87f63c0590d05baea263cdc42c6e1df2d063fa2def309ecb0283f3036bf33d46,87f63c0590d05baea263cdc42c6e1df2d063fa2def309ecb0283f3036bf33d46,1787978720.7215524,37304.557,18652330,0,0.9584569931030273,1.2136640548706055,1.556992530822754,-0.00133514404296875,-0.00858306884765625,0.00438690185546875,-0.021978378295898438,-0.0024423599243164062,-0.0024423599243164062,-0.021978378295898438,0.08058547973632812,-0.021978378295898438,-0.07570171356201172,-2.4410247802734375,7.25469970703125,-1.5555553436279297,0.05128192901611328,-0.10988998413085938,0.0,-2.9033761136769143,6.546807768701148,-1.5830392796691364,0.006521839268608091,-0.005712393115402702
87,0,train,5,1,0.17453292519943295,0.9736149279997335,3,s,af3726fcacd0ac1320a56ea850b0a2c0f5430cf4eb20a45c078706980f08407e,d24fbe3839599a6a097188bae8cd47ce8083f27deef1341ae3086bf0d5a45bd1,87f63c0590d05baea263cdc42c6e1df2d063fa2def309ecb0283f3036bf33d46,87f63c0590d05baea263cdc42c6e1df2d063fa2def309ecb0283f3036bf33d46,1787978720.7234704,37304.559,18652331,0,0.9584569931030273,1.2136640548706055,1.556992530822754,-0.00133514404296875,-0.00820159912109375,0.00438690185546875,-0.021978378295898438,-0.0024423599243164062,-0.0024423599243164062,-0.0073261260986328125,0.08058547973632812,-0.021978378295898438,-0.07081794738769531,-2.454700469970703,7.3094024658203125,-1.5457878112792969,0.07081794738769531,-0.10988998413085938,0.0,-2.9033829870303403,6.546814642054574,-1.583046153022561,0.006414883859407812,-0.005707279863747854
87,0,train,5,1,0.17453292519943295,0.9755423999959021,3,s,af3726fcacd0ac1320a56ea850b0a2c0f5430cf4eb20a45c078706980f08407e,d24fbe3839599a6a097188bae8cd47ce8083f27deef1341ae3086bf0d5a45bd1,87f63c0590d05baea263cdc42c6e1df2d063fa2def309ecb0283f3036bf33d46,87f63c0590d05baea263cdc42c6e1df2d063fa2def309ecb0283f3036bf33d46,1787978720.7253501,37304.561,18652332,0,0.9584569931030273,1.2136640548706055,1.556992530822754,-0.00133514404296875,-0.00820159912109375,0.00438690185546875,-0.0073261260986328125,-0.0024423599243164062,-0.0024423599243164062,-0.0073261260986328125,0.08058547973632812,-0.0073261260986328125,-0.07081794738769531,-2.4410247802734375,7.364101409912109,-1.5457878112792969,0.09035396575927734,-0.10988998413085938,0.0,-2.9033829870303403,6.546814642054574,-1.583046153022561,0.006414883859407812,-0.005707279863747854
87,0,train,5,1,0.17453292519943295,0.977420830000483,3,s,af3726fcacd0ac1320a56ea850b0a2c0f5430cf4eb20a45c078706980f08407e,d24fbe3839599a6a097188bae8cd47ce8083f27deef1341ae3086bf0d5a45bd1,87f63c0590d05baea263cdc42c6e1df2d063fa2def309ecb0283f3036bf33d46,87f63c0590d05baea263cdc42c6e1df2d063fa2def309ecb0283f3036bf33d46,1787978720.7272208,37304.563,18652333,0,0.9584569931030273,1.2136640548706055,1.556992530822754,-0.00133514404296875,-0.00782012939453125,0.00438690185546875,-0.0073261260986328125,-0.0024423599243164062,-0.0024423599243164062,-0.0073261260986328125,0.09523773193359375,-0.0073261260986328125,-0.07570171356201172,-2.4410247802734375,7.323078155517578,-1.5457878112792969,0.10988998413085938,-0.10500621795654297,0.0,-2.903389746731253,6.546821401755487,-1.5830529127234743,0.006307927516719082,-0.0057021665960949874
87,0,train,5,1,0.17453292519943295,0.9792890829994576,3,s,af3726fcacd0ac1320a56ea850b0a2c0f5430cf4eb20a45c078706980f08407e,d24fbe3839599a6a097188bae8cd47ce8083f27deef1341ae3086bf0d5a45bd1,87f63c0590d05baea263cdc42c6e1df2d063fa2def309ecb0283f3036bf33d46,87f63c0590d05baea263cdc42c6e1df2d063fa2def309ecb0283f3036bf33d46,1787978720.7296717,37304.564999999995,18652334,0,0.9584569931030273,1.2136640548706055,1.556992530822754,-0.00133514404296875,-0.00743865966796875,0.00438690185546875,-0.021978378295898438,-0.0024423599243164062,-0.0024423599243164062,-0.021978378295898438,0.124542236328125,-0.0073261260986328125,-0.07570171356201172,-2.4410247802734375,7.323078155517578,-1.5457878112792969,0.1196584701538086,-0.10500621795654297,0.0,-2.9033963927786703,6.546828047802904,-1.5830595587708918,0.006200970256106098,-0.005697053313188179
87,0,train,5,1,0.17453292519943295,0.9817622779955855,3,s,af3726fcacd0ac1320a56ea850b0a2c0f5430cf4eb20a45c078706980f08407e,d24fbe3839599a6a097188bae8cd47ce8083f27deef1341ae3086bf0d5a45bd1,87f63c0590d05baea263cdc42c6e1df2d063fa2def309ecb0283f3036bf33d46,87f63c0590d05baea263cdc42c6e1df2d063fa2def309ecb0283f3036bf33d46,1787978720.7315774,37304.566999999995,18652335,0,0.9584569931030273,1.2136640548706055,1.556992530822754,-0.00133514404296875,-0.00705718994140625,0.00438690185546875,-0.0073261260986328125,-0.0024423599243164062,-0.0024423599243164062,-0.0073261260986328125,0.1831493377685547,-0.0073261260986328125,-0.07570171356201172,-2.4410247802734375,7.3094024658203125,-1.5457878112792969,0.11477375030517578,-0.10500621795654297,0.0,-2.903402925171626,6.54683458019586,-1.5830660911638472,0.006094012093133188,-0.005691940015771512
87,0,train,5,1,0.17453292519943295,0.9836543749988778,3,s,af3726fcacd0ac1320a56ea850b0a2c0f5430cf4eb20a45c078706980f08407e,d24fbe3839599a6a097188bae8cd47ce8083f27deef1341ae3086bf0d5a45bd1,87f63c0590d05baea263cdc42c6e1df2d063fa2def309ecb0283f3036bf33d46,87f63c0590d05baea263cdc42c6e1df2d063fa2def309ecb0283f3036bf33d46,1787978720.7334907,37304.568999999996,18652336,0,0.9584569931030273,1.2136640548706055,1.556992530822754,-0.00133514404296875,-0.00667572021484375,0.00438690185546875,-0.0073261260986328125,-0.0024423599243164062,-0.0024423599243164062,-0.0073261260986328125,0.1831493377685547,-0.0073261260986328125,-0.07570171356201172,-2.4410247802734375,7.350425720214844,-1.540903091430664,0.10988998413085938,-0.10500621795654297,0.0,-2.903409343909169,6.546840998933403,-1.5830725099013907,0.005987053043364819,-0.005686826704589067
87,0,train,5,1,0.17453292519943295,0.9855674939972232,3,s,af3726fcacd0ac1320a56ea850b0a2c0f5430cf4eb20a45c078706980f08407e,d24fbe3839599a6a097188bae8cd47ce8083f27deef1341ae3086bf0d5a45bd1,87f63c0590d05baea263cdc42c6e1df2d063fa2def309ecb0283f3036bf33d46,87f63c0590d05baea263cdc42c6e1df2d063fa2def309ecb0283f3036bf33d46,1787978720.7353873,37304.570999999996,18652337,0,0.9584569931030273,1.2136640548706055,1.556992530822754,-0.00133514404296875,-0.00629425048828125,0.00438690185546875,-0.0073261260986328125,-0.0024423599243164062,-0.0024423599243164062,-0.021978378295898438,0.1831493377685547,-0.0073261260986328125,-0.07570171356201172,-2.4273509979248047,7.364101409912109,-1.5457878112792969,0.10500621795654297,-0.10500621795654297,0.0,-2.9034156489903657,6.5468473040146,-1.583078814982587,0.005880093122365573,-0.005681713380384931
87,0,train,5,1,0.17453292519943295,0.9874599019967718,3,s,af3726fcacd0ac1320a56ea850b0a2c0f5430cf4eb20a45c078706980f08407e,d24fbe3839599a6a097188bae8cd47ce8083f27deef1341ae3086bf0d5a45bd1,87f63c0590d05baea263cdc42c6e1df2d063fa2def309ecb0283f3036bf33d46,87f63c0590d05baea263cdc42c6e1df2d063fa2def309ecb0283f3036bf33d46,1787978720.7372959,37304.573,18652338,0,0.9584569931030273,1.2136640548706055,1.556992530822754,-0.00133514404296875,-0.00591278076171875,0.00438690185546875,0.0073261260986328125,-0.0024423599243164062,-0.0024423599243164062,0.0073261260986328125,0.1978015899658203,-0.0073261260986328125,-0.07570171356201172,-2.4273509979248047,7.350425720214844,-1.5457878112792969,0.10012245178222656,-0.10500621795654297,0.0,-2.9034218404142975,6.546853495438532,-1.5830850064065185,0.005773132345700174,-0.005676600043903185
87,0,train,5,1,0.17453292519943295,0.9893677579966607,3,s,af3726fcacd0ac1320a56ea850b0a2c0f5430cf4eb20a45c078706980f08407e,d24fbe3839599a6a097188bae8cd47ce8083f27deef1341ae3086bf0d5a45bd1,87f63c0590d05baea263cdc42c6e1df2d063fa2def309ecb0283f3036bf33d46,87f63c0590d05baea263cdc42c6e1df2d063fa2def309ecb0283f3036bf33d46,1787978720.739733,37304.575,18652339,0,0.9584569931030273,1.2136640548706055,1.556992530822754,-0.00133514404296875,-0.00514984130859375,0.00438690185546875,0.0073261260986328125,-0.0024423599243164062,-0.0024423599243164062,-0.0073261260986328125,0.21245384216308594,-0.0073261260986328125,-0.07570171356201172,-2.4273509979248047,7.3094024658203125,-1.5457878112792969,0.09035396575927734,-0.10500621795654297,0.0,-2.90343388228678,6.546865537311014,-1.5830970482790019,0.005559208287630391,-0.005666373337083237
87,0,train,5,1,0.17453292519943295,0.9917975130010745,3,s,af3726fcacd0ac1320a56ea850b0a2c0f5430cf4eb20a45c078706980f08407e,d24fbe3839599a6a097188bae8cd47ce8083f27deef1341ae3086bf0d5a45bd1,87f63c0590d05baea263cdc42c6e1df2d063fa2def309ecb0283f3036bf33d46,87f63c0590d05baea263cdc42c6e1df2d063fa2def309ecb0283f3036bf33d46,1787978720.7415833,37304.577,18652340,0,0.9584569931030273,1.2136640548706055,1.556992530822754,-0.00133514404296875,-0.00438690185546875,0.00438690185546875,-0.0073261260986328125,-0.0024423599243164062,-0.0024423599243164062,-0.021978378295898438,0.2564105987548828,-0.0073261260986328125,-0.07570171356201172,-2.4410247802734375,7.364101409912109,-1.5457878112792969,0.07570171356201172,-0.10500621795654297,0.0,-2.90344546951961,6.546877124543844,-1.5831086355118311,0.0053452809936756565,-0.005656146590081945
87,0,train,5,1,0.17453292519943295,0.9936438559961971,3,s,af3726fcacd0ac1320a56ea850b0a2c0f5430cf4eb20a45c078706980f08407e,d24fbe3839599a6a097188bae8cd47ce8083f27deef1341ae3086bf0d5a45bd1,87f63c0590d05baea263cdc42c6e1df2d063fa2def309ecb0283f3036bf33d46,87f63c0590d05baea263cdc42c6e1df2d063fa2def309ecb0283f3036bf33d46,1787978720.7434626,37304.579,18652341,0,0.9584569931030273,1.2136640548706055,1.556992530822754,-0.00133514404296875,-0.00400543212890625,0.00438690185546875,-0.0073261260986328125,-0.0024423599243164062,-0.0024423599243164062,-0.0073261260986328125,0.27106285095214844,-0.0073261260986328125,-0.07570171356201172,-2.4410247802734375,7.336753845214844,-1.5457878112792969,0.0610504150390625,-0.10500621795654297,0.0,-2.9034510926440364,6.5468827476682705,-1.583114258636258,0.0052383161721545075,-0.00565103320337353
87,0,train,5,1,0.17453292519943295,0.9955261229988537,3,s,af3726fcacd0ac1320a56ea850b0a2c0f5430cf4eb20a45c078706980f08407e,d24fbe3839599a6a097188bae8cd47ce8083f27deef1341ae3086bf0d5a45bd1,87f63c0590d05baea263cdc42c6e1df2d063fa2def309ecb0283f3036bf33d46,87f63c0590d05baea263cdc42c6e1df2d063fa2def309ecb0283f3036bf33d46,1787978720.7453303,37304.581,18652342,0,0.9584569931030273,1.2136640548706055,1.556992530822754,-0.00133514404296875,-0.00324249267578125,0.00438690185546875,-0.021978378295898438,-0.0024423599243164062,-0.0024423599243164062,0.0073261260986328125,0.2564105987548828,-0.0073261260986328125,-0.08058643341064453,-2.4410247802734375,7.3094024658203125,-1.5506715774536133,0.046398162841796875,-0.10500621795654297,0.0,-2.9034619979048215,6.546893652929056,-1.5831251638970436,0.00502438425785179,-0.0056408064072616376
87,0,train,5,1,0.17453292519943295,0.9973947149992455,3,s,af3726fcacd0ac1320a56ea850b0a2c0f5430cf4eb20a45c078706980f08407e,d24fbe3839599a6a097188bae8cd47ce8083f27deef1341ae3086bf0d5a45bd1,87f63c0590d05baea263cdc42c6e1df2d063fa2def309ecb0283f3036bf33d46,87f63c0590d05baea263cdc42c6e1df2d063fa2def309ecb0283f3036bf33d46,1787978720.7472146,37304.583,18652343,0,0.9584569931030273,1.2136640548706055,1.556992530822754,-0.00133514404296875,-0.00286102294921875,0.00438690185546875,-0.0073261260986328125,-0.0024423599243164062,-0.0024423599243164062,-0.0073261260986328125,0.27106285095214844,-0.0073261260986328125,-0.08058643341064453,-2.454700469970703,7.364101409912109,-1.5555553436279297,0.036629676818847656,-0.10988998413085938,0.0,-2.9034672800395938,6.546898935063828,-1.5831304460318154,0.004917417196201412,-0.005635692999346356
87,0,train,5,1,0.17453292519943295,0.9992791729964665,3,s,af3726fcacd0ac1320a56ea850b0a2c0f5430cf4eb20a45c078706980f08407e,d24fbe3839599a6a097188bae8cd47ce8083f27deef1341ae3086bf0d5a45bd1,87f63c0590d05baea263cdc42c6e1df2d063fa2def309ecb0283f3036bf33d46,87f63c0590d05baea263cdc42c6e1df2d063fa2def309ecb0283f3036bf33d46,1787978720.749622,37304.585,18652344,0,0.9584569931030273,1.2136640548706055,1.556992530822754,-0.00133514404296875,-0.00247955322265625,0.00438690185546875,-0.0073261260986328125,-0.0024423599243164062,-0.0024423599243164062,0.0073261260986328125,0.2564105987548828,-0.0073261260986328125,-0.07570171356201172,-2.4410247802734375,7.350425720214844,-1.5555553436279297,0.03174591064453125,-0.10988998413085938,0.0,-2.903472448509587,6.546904103533821,-1.5831356145018092,0.004810449418972662,-0.005630579585850314
87,0,train,5,1,0.17453292519943295,1.0017013519973261,3,s,af3726fcacd0ac1320a56ea850b0a2c0f5430cf4eb20a45c078706980f08407e,d24fbe3839599a6a097188bae8cd47ce8083f27deef1341ae3086bf0d5a45bd1,87f63c0590d05baea263cdc42c6e1df2d063fa2def309ecb0283f3036bf33d46,87f63c0590d05baea263cdc42c6e1df2d063fa2def309ecb0283f3036bf33d46,1787978720.75144,37304.587,18652345,0,0.9584569931030273,1.2136640548706055,1.556992530822754,-0.00133514404296875,-0.00209808349609375,0.00438690185546875,-0.0073261260986328125,-0.0024423599243164062,-0.0024423599243164062,-0.0073261260986328125,0.21245384216308594,0.0073261260986328125,-0.07570171356201172,-2.4410247802734375,7.364101409912109,-1.560439109802246,0.026862144470214844,-0.10988998413085938,0.0,-2.9034775033140536,6.546909158338288,-1.5831406693062744,0.004703480941731399,-0.0056254661675176135
87,0,train,5,1,0.17453292519943295,1.003499787999317,3,s,af3726fcacd0ac1320a56ea850b0a2c0f5430cf4eb20a45c078706980f08407e,d24fbe3839599a6a097188bae8cd47ce8083f27deef1341ae3086bf0d5a45bd1,87f63c0590d05baea263cdc42c6e1df2d063fa2def309ecb0283f3036bf33d46,87f63c0590d05baea263cdc42c6e1df2d063fa2def309ecb0283f3036bf33d46,1787978720.7533731,37304.589,18652346,0,0.9584569931030273,1.2136640548706055,1.556992530822754,-0.00133514404296875,-0.00209808349609375,0.00476837158203125,-0.0073261260986328125,-0.0024423599243164062,-0.0024423599243164062,-0.0073261260986328125,0.13919448852539062,0.0073261260986328125,-0.08058643341064453,-2.4410247802734375,7.377777099609375,-1.560439109802246,0.026862144470214844,-0.10988998413085938,0.0,-2.9034782409328037,6.546909895957038,-1.583141406925024,0.004708594215907217,-0.005639707979207917
87,0,train,5,1,0.17453292519943295,1.005464691996167,3,s,af3726fcacd0ac1320a56ea850b0a2c0f5430cf4eb20a45c078706980f08407e,d24fbe3839599a6a097188bae8cd47ce8083f27deef1341ae3086bf0d5a45bd1,87f63c0590d05baea263cdc42c6e1df2d063fa2def309ecb0283f3036bf33d46,87f63c0590d05baea263cdc42c6e1df2d063fa2def309ecb0283f3036bf33d46,1787978720.7552857,37304.591,18652347,0,0.9584569931030273,1.2136640548706055,1.556992530822754,-0.00133514404296875,-0.00209808349609375,0.00476837158203125,0.0073261260986328125,-0.0024423599243164062,-0.0024423599243164062,0.0073261260986328125,0.09523773193359375,0.0073261260986328125,-0.07570171356201172,-2.4410247802734375,7.323078155517578,-1.560439109802246,0.03174591064453125,-0.10988998413085938,0.0,-2.9034782409328037,6.546909895957038,-1.583141406925024,0.004708594215907217,-0.005639707979207917
87,0,train,5,1,0.17453292519943295,1.00735550999525,3,s,af3726fcacd0ac1320a56ea850b0a2c0f5430cf4eb20a45c078706980f08407e,d24fbe3839599a6a097188bae8cd47ce8083f27deef1341ae3086bf0d5a45bd1,87f63c0590d05baea263cdc42c6e1df2d063fa2def309ecb0283f3036bf33d46,87f63c0590d05baea263cdc42c6e1df2d063fa2def309ecb0283f3036bf33d46,1787978720.7578268,37304.593,18652348,0,0.9584569931030273,1.2136640548706055,1.556992530822754,-0.00133514404296875,-0.00209808349609375,0.00476837158203125,-0.021978378295898438,-0.0024423599243164062,-0.0024423599243164062,-0.021978378295898438,0.0659332275390625,-0.0073261260986328125,-0.07570171356201172,-2.4410247802734375,7.268375396728516,-1.560439109802246,0.04151439666748047,-0.10988998413085938,0.0,-2.9034782409328037,6.546909895957038,-1.583141406925024,0.004708594215907217,-0.005639707979207917
87,0,train,5,1,0.17453292519943295,1.0099194459980936,3,s,af3726fcacd0ac1320a56ea850b0a2c0f5430cf4eb20a45c078706980f08407e,d24fbe3839599a6a097188bae8cd47ce8083f27deef1341ae3086bf0d5a45bd1,87f63c0590d05baea263cdc42c6e1df2d063fa2def309ecb0283f3036bf33d46,87f63c0590d05baea263cdc42c6e1df2d063fa2def309ecb0283f3036bf33d46,1787978720.7598023,37304.595,18652349,0,0.9584569931030273,1.2136640548706055,1.556992530822754,-0.00133514404296875,-0.00209808349609375,0.00438690185546875,-0.0073261260986328125,-0.0024423599243164062,-0.0024423599243164062,-0.0073261260986328125,0.03663063049316406,-0.021978378295898438,-0.07570171356201172,-2.4410247802734375,7.336753845214844,-1.5555553436279297,0.0610504150390625,-0.10988998413085938,0.0,-2.9034775033140536,6.546909158338288,-1.5831406693062744,0.004703480941731399,-0.0056254661675176135
87,0,train,5,1,0.17453292519943295,1.0118761449994054,3,s,af3726fcacd0ac1320a56ea850b0a2c0f5430cf4eb20a45c078706980f08407e,d24fbe3839599a6a097188bae8cd47ce8083f27deef1341ae3086bf0d5a45bd1,87f63c0590d05baea263cdc42c6e1df2d063fa2def309ecb0283f3036bf33d46,87f63c0590d05baea263cdc42c6e1df2d063fa2def309ecb0283f3036bf33d46,1787978720.7617276,37304.597,18652350,0,0.9584569931030273,1.2136640548706055,1.556992530822754,-0.00133514404296875,-0.00209808349609375,0.00438690185546875,-0.021978378295898438,-0.0024423599243164062,-0.0024423599243164062,-0.0073261260986328125,-0.0073261260986328125,-0.03663063049316406,-0.07570171356201172,-2.4410247802734375,7.364101409912109,-1.5555553436279297,0.09523773193359375,-0.10988998413085938,0.0,-2.9034775033140536,6.546909158338288,-1.5831406693062744,0.004703480941731399,-0.0056254661675176135
87,0,train,5,1,0.17453292519943295,1.0137961329965037,3,s,af3726fcacd0ac1320a56ea850b0a2c0f5430cf4eb20a45c078706980f08407e,d24fbe3839599a6a097188bae8cd47ce8083f27deef1341ae3086bf0d5a45bd1,87f63c0590d05baea263cdc42c6e1df2d063fa2def309ecb0283f3036bf33d46,87f63c0590d05baea263cdc42c6e1df2d063fa2def309ecb0283f3036bf33d46,1787978720.7636263,37304.598999999995,18652351,0,0.9584569931030273,1.2136640548706055,1.556992530822754,-0.00133514404296875,-0.00209808349609375,0.00438690185546875,-0.021978378295898438,-0.0024423599243164062,-0.0024423599243164062,0.0073261260986328125,-0.0073261260986328125,-0.0073261260986328125,-0.07570171356201172,-2.4410247802734375,7.391452789306641,-1.5506715774536133,0.1343097686767578,-0.10988998413085938,0.0,-2.9034775033140536,6.546909158338288,-1.5831406693062744,0.004703480941731399,-0.0056254661675176135
87,0,train,5,1,0.17453292519943295,1.0156954709964339,3,s,af3726fcacd0ac1320a56ea850b0a2c0f5430cf4eb20a45c078706980f08407e,d24fbe3839599a6a097188bae8cd47ce8083f27deef1341ae3086bf0d5a45bd1,87f63c0590d05baea263cdc42c6e1df2d063fa2def309ecb0283f3036bf33d46,87f63c0590d05baea263cdc42c6e1df2d063fa2def309ecb0283f3036bf33d46,1787978720.7657075,37304.600999999995,18652352,0,0.9584569931030273,1.2136640548706055,1.556992530822754,-0.00133514404296875,-0.00209808349609375,0.00438690185546875,-0.021978378295898438,-0.0024423599243164062,-0.0024423599243164062,-0.021978378295898438,-0.03663063049316406,-0.0073261260986328125,-0.07570171356201172,-2.4410247802734375,7.391452789306641,-1.5457878112792969,0.1782665252685547,-0.10988998413085938,0.0,-2.9034775033140536,6.546909158338288,-1.5831406693062744,0.004703480941731399,-0.0056254661675176135
87,0,train,5,1,0.17453292519943295,1.0177882139978465,3,s,af3726fcacd0ac1320a56ea850b0a2c0f5430cf4eb20a45c078706980f08407e,d24fbe3839599a6a097188bae8cd47ce8083f27deef1341ae3086bf0d5a45bd1,87f63c0590d05baea263cdc42c6e1df2d063fa2def309ecb0283f3036bf33d46,87f63c0590d05baea263cdc42c6e1df2d063fa2def309ecb0283f3036bf33d46,1787978720.7678487,37304.602999999996,18652353,0,0.9584569931030273,1.2136640548706055,1.556992530822754,-0.00133514404296875,-0.00209808349609375,0.00438690185546875,-0.0073261260986328125,-0.0024423599243164062,-0.0024423599243164062,-0.021978378295898438,-0.0073261260986328125,0.0073261260986328125,-0.07570171356201172,-2.4410247802734375,7.336753845214844,-1.5457878112792969,0.21245384216308594,-0.10500621795654297,0.0,-2.9034775033140536,6.546909158338288,-1.5831406693062744,0.004703480941731399,-0.0056254661675176135
87,0,train,5,1,0.17453292519943295,1.019935185999202,3,s,af3726fcacd0ac1320a56ea850b0a2c0f5430cf4eb20a45c078706980f08407e,d24fbe3839599a6a097188bae8cd47ce8083f27deef1341ae3086bf0d5a45bd1,87f63c0590d05baea263cdc42c6e1df2d063fa2def309ecb0283f3036bf33d46,87f63c0590d05baea263cdc42c6e1df2d063fa2def309ecb0283f3036bf33d46,1787978720.7693567,37304.604999999996,18652354,0,0.9584569931030273,1.2136640548706055,1.556992530822754,-0.00133514404296875,-0.00209808349609375,0.00438690185546875,-0.0073261260986328125,-0.0024423599243164062,-0.0024423599243164062,-0.0073261260986328125,0.021978378295898438,0.0073261260986328125,-0.08058643341064453,-2.4273509979248047,7.282051086425781,-1.5457878112792969,0.2417583465576172,-0.10500621795654297,0.0,-2.9034775033140536,6.546909158338288,-1.5831406693062744,0.004703480941731399,-0.0056254661675176135
87,0,train,5,1,0.17453292519943295,1.0214681630022824,3,s,af3726fcacd0ac1320a56ea850b0a2c0f5430cf4eb20a45c078706980f08407e,d24fbe3839599a6a097188bae8cd47ce8083f27deef1341ae3086bf0d5a45bd1,87f63c0590d05baea263cdc42c6e1df2d063fa2def309ecb0283f3036bf33d46,87f63c0590d05baea263cdc42c6e1df2d063fa2def309ecb0283f3036bf33d46,1787978720.7712834,37304.606999999996,18652355,0,0.9584569931030273,1.2136640548706055,1.556992530822754,-0.00133514404296875,-0.00171661376953125,0.00438690185546875,0.0073261260986328125,-0.0024423599243164062,-0.0024423599243164062,-0.0073261260986328125,0.03663063049316406,-0.0073261260986328125,-0.08058643341064453,-2.4410247802734375,7.25469970703125,-1.5457878112792969,0.2564105987548828,-0.10500621795654297,0.0,-2.903482444452251,6.546914099476485,-1.583145610444473,0.004596511780043586,-0.005620352745092352
87,0,train,5,1,0.17453292519943295,1.0233465589990374,3,s,af3726fcacd0ac1320a56ea850b0a2c0f5430cf4eb20a45c078706980f08407e,d24fbe3839599a6a097188bae8cd47ce8083f27deef1341ae3086bf0d5a45bd1,87f63c0590d05baea263cdc42c6e1df2d063fa2def309ecb0283f3036bf33d46,87f63c0590d05baea263cdc42c6e1df2d063fa2def309ecb0283f3036bf33d46,1787978720.773713,37304.609,18652356,0,0.9584569931030273,1.2136640548706055,1.556992530822754,-0.00133514404296875,-0.00171661376953125,0.00438690185546875,-0.0073261260986328125,-0.0024423599243164062,-0.0024423599243164062,-0.0073261260986328125,0.0659332275390625,-0.0073261260986328125,-0.08058643341064453,-2.4273509979248047,7.3094024658203125,-1.5457878112792969,0.2661781311035156,-0.10500621795654297,0.0,-2.903482444452251,6.546914099476485,-1.583145610444473,0.004596511780043586,-0.005620352745092352
87,0,train,5,1,0.17453292519943295,1.025773584995477,3,s,af3726fcacd0ac1320a56ea850b0a2c0f5430cf4eb20a45c078706980f08407e,d24fbe3839599a6a097188bae8cd47ce8083f27deef1341ae3086bf0d5a45bd1,87f63c0590d05baea263cdc42c6e1df2d063fa2def309ecb0283f3036bf33d46,87f63c0590d05baea263cdc42c6e1df2d063fa2def309ecb0283f3036bf33d46,1787978720.775566,37304.611,18652357,0,0.9584569931030273,1.2136640548706055,1.556992530822754,-0.00133514404296875,-0.00133514404296875,0.00438690185546875,-0.0073261260986328125,-0.0024423599243164062,-0.0024423599243164062,-0.0073261260986328125,0.09523773193359375,-0.0073261260986328125,-0.07570171356201172,-2.4273509979248047,7.336753845214844,-1.5457878112792969,0.27106189727783203,-0.10500621795654297,0.0,-2.9034872719234666,6.546918926947701,-1.5831504379156884,0.004489541949475281,-0.005615239319318635
87,0,train,5,1,0.17453292519943295,1.0276266250002664,3,s,af3726fcacd0ac1320a56ea850b0a2c0f5430cf4eb20a45c078706980f08407e,d24fbe3839599a6a097188bae8cd47ce8083f27deef1341ae3086bf0d5a45bd1,87f63c0590d05baea263cdc42c6e1df2d063fa2def309ecb0283f3036bf33d46,87f63c0590d05baea263cdc42c6e1df2d063fa2def309ecb0283f3036bf33d46,1787978720.7774043,37304.613,18652358,0,0.9584569931030273,1.2136640548706055,1.556992530822754,-0.00133514404296875,-0.00095367431640625,0.00438690185546875,0.0073261260986328125,-0.0024423599243164062,-0.0024423599243164062,-0.0073261260986328125,0.124542236328125,-0.0073261260986328125,-0.07570171356201172,-2.4410247802734375,7.282051086425781,-1.5457878112792969,0.2612943649291992,-0.10500621795654297,0.0,-2.9034919857269936,6.546923640751228,-1.583155151719216,0.004382571465592646,-0.005610125890940557
87,0,train,5,1,0.17453292519943295,1.0294653609962552,3,s,af3726fcacd0ac1320a56ea850b0a2c0f5430cf4eb20a45c078706980f08407e,d24fbe3839599a6a097188bae8cd47ce8083f27deef1341ae3086bf0d5a45bd1,87f63c0590d05baea263cdc42c6e1df2d063fa2def309ecb0283f3036bf33d46,87f63c0590d05baea263cdc42c6e1df2d063fa2def309ecb0283f3036bf33d46,1787978720.7792642,37304.615,18652359,0,0.9584569931030273,1.2136640548706055,1.556992530822754,-0.00133514404296875,-0.00019073486328125,0.00438690185546875,-0.021978378295898438,-0.0024423599243164062,-0.0024423599243164062,-0.021978378295898438,0.1831493377685547,-0.0073261260986328125,-0.07570171356201172,-2.4410247802734375,7.350425720214844,-1.5506715774536133,0.2417583465576172,-0.10500621795654297,0.0,-2.9035010723282624,6.546932727352496,-1.5831642383204845,0.004168628600149493,-0.0055998990293477414
87,0,train,5,1,0.17453292519943295,1.0313258989990572,3,s,af3726fcacd0ac1320a56ea850b0a2c0f5430cf4eb20a45c078706980f08407e,d24fbe3839599a6a097188bae8cd47ce8083f27deef1341ae3086bf0d5a45bd1,87f63c0590d05baea263cdc42c6e1df2d063fa2def309ecb0283f3036bf33d46,87f63c0590d05baea263cdc42c6e1df2d063fa2def309ecb0283f3036bf33d46,1787978720.781687,37304.617,18652360,0,0.9584569931030273,1.2136640548706055,1.556992530822754,-0.00133514404296875,0.00019073486328125,0.00438690185546875,-0.0073261260986328125,-0.0024423599243164062,-0.0024423599243164062,-0.021978378295898438,0.22710609436035156,-0.0073261260986328125,-0.07570171356201172,-2.4410247802734375,7.364101409912109,-1.5506715774536133,0.21733856201171875,-0.10500621795654297,0.0,-2.9035054451246807,6.546937100148915,-1.5831686111169023,0.004061656249721758,-0.0055947855976212066
87,0,train,5,1,0.17453292519943295,1.0337511309990077,3,s,af3726fcacd0ac1320a56ea850b0a2c0f5430cf4eb20a45c078706980f08407e,d24fbe3839599a6a097188bae8cd47ce8083f27deef1341ae3086bf0d5a45bd1,87f63c0590d05baea263cdc42c6e1df2d063fa2def309ecb0283f3036bf33d46,87f63c0590d05baea263cdc42c6e1df2d063fa2def309ecb0283f3036bf33d46,1787978720.783732,37304.619,18652361,0,0.9584569931030273,1.2136640548706055,1.556992530822754,-0.00133514404296875,0.00095367431640625,0.00438690185546875,0.0073261260986328125,-0.0024423599243164062,-0.0024423599243164062,-0.021978378295898438,0.2417583465576172,-0.0073261260986328125,-0.07570171356201172,-2.4410247802734375,7.336753845214844,-1.5506715774536133,0.1880340576171875,-0.10500621795654297,0.0,-2.9035138497059036,6.546945504730138,-1.5831770156981246,0.0038477097912866017,-0.005584558736028391
87,0,train,5,1,0.17453292519943295,1.0358087829954457,3,s,af3726fcacd0ac1320a56ea850b0a2c0f5430cf4eb20a45c078706980f08407e,d24fbe3839599a6a097188bae8cd47ce8083f27deef1341ae3086bf0d5a45bd1,87f63c0590d05baea263cdc42c6e1df2d063fa2def309ecb0283f3036bf33d46,87f63c0590d05baea263cdc42c6e1df2d063fa2def309ecb0283f3036bf33d46,1787978720.7856066,37304.621,18652362,0,0.9584569931030273,1.2136640548706055,1.556992530822754,-0.00133514404296875,0.00133514404296875,0.00438690185546875,-0.0073261260986328125,-0.0024423599243164062,-0.0024423599243164062,-0.0073261260986328125,0.2417583465576172,-0.0073261260986328125,-0.08058643341064453,-2.4410247802734375,7.377777099609375,-1.5457878112792969,0.16361427307128906,-0.10500621795654297,0.0,-2.9035178814894844,6.5469495365137185,-1.5831810474817058,0.0037407357144124843,-0.005579445307650315
87,0,train,5,1,0.17453292519943295,1.0376692069985438,3,s,af3726fcacd0ac1320a56ea850b0a2c0f5430cf4eb20a45c078706980f08407e,d24fbe3839599a6a097188bae8cd47ce8083f27deef1341ae3086bf0d5a45bd1,87f63c0590d05baea263cdc42c6e1df2d063fa2def309ecb0283f3036bf33d46,87f63c0590d05baea263cdc42c6e1df2d063fa2def309ecb0283f3036bf33d46,1787978720.7875087,37304.623,18652363,0,0.9584569931030273,1.2136640548706055,1.556992530822754,-0.00133514404296875,0.00133514404296875,0.00438690185546875,-0.0073261260986328125,-0.0024423599243164062,-0.0024423599243164062,0.0073261260986328125,0.1831493377685547,-0.0073261260986328125,-0.07570171356201172,-2.4410247802734375,7.405128479003906,-1.5457878112792969,0.14407825469970703,-0.10988998413085938,0.0,-2.9035178814894844,6.5469495365137185,-1.5831810474817058,0.0037407357144124843,-0.005579445307650315
87,0,train,5,1,0.17453292519943295,1.0395794680007384,3,s,af3726fcacd0ac1320a56ea850b0a2c0f5430cf4eb20a45c078706980f08407e,d24fbe3839599a6a097188bae8cd47ce8083f27deef1341ae3086bf0d5a45bd1,87f63c0590d05baea263cdc42c6e1df2d063fa2def309ecb0283f3036bf33d46,87f63c0590d05baea263cdc42c6e1df2d063fa2def309ecb0283f3036bf33d46,1787978720.7893991,37304.625,18652364,0,0.9584569931030273,1.2136640548706055,1.556992530822754,-0.00133514404296875,0.00209808349609375,0.00438690185546875,0.0073261260986328125,-0.0024423599243164062,-0.0024423599243164062,0.0073261260986328125,0.1978015899658203,-0.0073261260986328125,-0.08058643341064453,-2.4410247802734375,7.350425720214844,-1.5506715774536133,0.13919448852539062,-0.10500621795654297,0.0,-2.9035256040396535,6.546957259063888,-1.5831887700318745,0.0035267859431850554,-0.005569218459451335
87,0,train,5,1,0.17453292519943295,1.041489327995805,3,s,af3726fcacd0ac1320a56ea850b0a2c0f5430cf4eb20a45c078706980f08407e,d24fbe3839599a6a097188bae8cd47ce8083f27deef1341ae3086bf0d5a45bd1,87f63c0590d05baea263cdc42c6e1df2d063fa2def309ecb0283f3036bf33d46,87f63c0590d05baea263cdc42c6e1df2d063fa2def309ecb0283f3036bf33d46,1787978720.791415,37304.627,18652365,0,0.9584569931030273,1.2136640548706055,1.556992530822754,-0.00133514404296875,0.00247955322265625,0.00438690185546875,-0.0073261260986328125,-0.0024423599243164062,-0.0024423599243164062,0.0073261260986328125,0.1978015899658203,0.0073261260986328125,-0.07570171356201172,-2.4410247802734375,7.282051086425781,-1.5506715774536133,0.1294260025024414,-0.10500621795654297,0.0,-2.9035292948051175,6.5469609498293515,-1.5831924607973387,0.0034198102799655322,-0.005564105041118635
87,0,train,5,1,0.17453292519943295,1.0435170749988174,3,s,af3726fcacd0ac1320a56ea850b0a2c0f5430cf4eb20a45c078706980f08407e,d24fbe3839599a6a097188bae8cd47ce8083f27deef1341ae3086bf0d5a45bd1,87f63c0590d05baea263cdc42c6e1df2d063fa2def309ecb0283f3036bf33d46,87f63c0590d05baea263cdc42c6e1df2d063fa2def309ecb0283f3036bf33d46,1787978720.7934566,37304.629,18652366,0,0.9584569931030273,1.2136640548706055,1.556992530822754,-0.00133514404296875,0.00286102294921875,0.00438690185546875,-0.021978378295898438,-0.0024423599243164062,-0.0024423599243164062,-0.0073261260986328125,0.1831493377685547,-0.0073261260986328125,-0.07570171356201172,-2.4410247802734375,7.336753845214844,-1.5555553436279297,0.124542236328125,-0.10500621795654297,0.0,-2.9035328718967786,6.546964526921013,-1.5831960378890002,0.0033128341190981235,-0.005558991627622594
87,0,train,5,1,0.17453292519943295,1.0455512309999904,3,s,af3726fcacd0ac1320a56ea850b0a2c0f5430cf4eb20a45c078706980f08407e,d24fbe3839599a6a097188bae8cd47ce8083f27deef1341ae3086bf0d5a45bd1,87f63c0590d05baea263cdc42c6e1df2d063fa2def309ecb0283f3036bf33d46,87f63c0590d05baea263cdc42c6e1df2d063fa2def309ecb0283f3036bf33d46,1787978720.7955172,37304.631,18652367,0,0.9584569931030273,1.2136640548706055,1.556992530822754,-0.00133514404296875,0.00324249267578125,0.00438690185546875,-0.021978378295898438,-0.0024423599243164062,-0.0024423599243164062,-0.021978378295898438,0.1831493377685547,-0.0073261260986328125,-0.07570171356201172,-2.4410247802734375,7.295726776123047,-1.5555553436279297,0.1196584701538086,-0.10500621795654297,0.0,-2.903536335314118,6.546967990338352,-1.5831995013063398,0.003205857476149906,-0.005553878219707311
87,0,train,5,1,0.17453292519943295,1.0476321169990115,3,s,af3726fcacd0ac1320a56ea850b0a2c0f5430cf4eb20a45c078706980f08407e,d24fbe3839599a6a097188bae8cd47ce8083f27deef1341ae3086bf0d5a45bd1,87f63c0590d05baea263cdc42c6e1df2d063fa2def309ecb0283f3036bf33d46,87f63c0590d05baea263cdc42c6e1df2d063fa2def309ecb0283f3036bf33d46,1787978720.7975423,37304.633,18652368,0,0.9584569931030273,1.2136640548706055,1.556992530822754,-0.00133514404296875,0.00324249267578125,0.00438690185546875,-0.0073261260986328125,-0.0024423599243164062,-0.0024423599243164062,-0.0073261260986328125,0.16849899291992188,-0.0073261260986328125,-0.08058643341064453,-2.4410247802734375,7.350425720214844,-1.5506715774536133,0.1196584701538086,-0.10500621795654297,0.0,-2.903536335314118,6.546967990338352,-1.5831995013063398,0.003205857476149906,-0.005553878219707311
87,0,train,5,1,0.17453292519943295,1.0496121169999242,3,s,af3726fcacd0ac1320a56ea850b0a2c0f5430cf4eb20a45c078706980f08407e,d24fbe3839599a6a097188bae8cd47ce8083f27deef1341ae3086bf0d5a45bd1,87f63c0590d05baea263cdc42c6e1df2d063fa2def309ecb0283f3036bf33d46,87f63c0590d05baea263cdc42c6e1df2d063fa2def309ecb0283f3036bf33d46,1787978720.799447,37304.634999999995,18652369,0,0.9584569931030273,1.2136640548706055,1.556992530822754,-0.00133514404296875,0.00362396240234375,0.00438690185546875,-0.0073261260986328125,-0.0024423599243164062,-0.0024423599243164062,-0.0073261260986328125,0.16849899291992188,-0.0073261260986328125,-0.07570171356201172,-2.4410247802734375,7.377777099609375,-1.5506715774536133,0.124542236328125,-0.10988998413085938,0.0,-2.9035396850566317,6.546971340080866,-1.583202851048853,0.003098880366688033,-0.005548764818116886
87,0,train,5,1,0.17453292519943295,1.0515165399992839,3,s,af3726fcacd0ac1320a56ea850b0a2c0f5430cf4eb20a45c078706980f08407e,d24fbe3839599a6a097188bae8cd47ce8083f27deef1341ae3086bf0d5a45bd1,87f63c0590d05baea263cdc42c6e1df2d063fa2def309ecb0283f3036bf33d46,87f63c0590d05baea263cdc42c6e1df2d063fa2def309ecb0283f3036bf33d46,1787978720.8013182,37304.636999999995,18652370,0,0.9584569931030273,1.2136640548706055,1.556992530822754,-0.00133514404296875,0.00400543212890625,0.00438690185546875,-0.0073261260986328125,-0.0024423599243164062,-0.0024423599243164062,-0.021978378295898438,0.15384674072265625,-0.0073261260986328125,-0.08058643341064453,-2.4410247802734375,7.350425720214844,-1.5506715774536133,0.124542236328125,-0.10500621795654297,0.0,-2.903542921123831,6.546974576148065,-1.5832060871160525,0.0029919028062797225,-0.005543651423595418
87,0,train,5,1,0.17453292519943295,1.0533812399953604,3,s,af3726fcacd0ac1320a56ea850b0a2c0f5430cf4eb20a45c078706980f08407e,d24fbe3839599a6a097188bae8cd47ce8083f27deef1341ae3086bf0d5a45bd1,87f63c0590d05baea263cdc42c6e1df2d063fa2def309ecb0283f3036bf33d46,87f63c0590d05baea263cdc42c6e1df2d063fa2def309ecb0283f3036bf33d46,1787978720.803283,37304.638999999996,18652371,0,0.9584569931030273,1.2136640548706055,1.556992530822754,-0.00133514404296875,0.00438690185546875,0.00438690185546875,-0.0073261260986328125,-0.0024423599243164062,-0.0024423599243164062,-0.021978378295898438,0.1831493377685547,-0.0073261260986328125,-0.07570171356201172,-2.4410247802734375,7.350425720214844,-1.5506715774536133,0.1343097686767578,-0.10500621795654297,0.0,-2.9035460435152447,6.546977698539479,-1.5832092095074664,0.002884924810492256,-0.005538538036887003
87,0,train,5,1,0.17453292519943295,1.0553537079977104,3,s,af3726fcacd0ac1320a56ea850b0a2c0f5430cf4eb20a45c078706980f08407e,d24fbe3839599a6a097188bae8cd47ce8083f27deef1341ae3086bf0d5a45bd1,87f63c0590d05baea263cdc42c6e1df2d063fa2def309ecb0283f3036bf33d46,87f63c0590d05baea263cdc42c6e1df2d063fa2def309ecb0283f3036bf33d46,1787978720.8051696,37304.640999999996,18652372,0,0.9584569931030273,1.2136640548706055,1.556992530822754,-0.00133514404296875,0.00476837158203125,0.00438690185546875,-0.0073261260986328125,-0.0024423599243164062,-0.0024423599243164062,0.0073261260986328125,0.1831493377685547,-0.0073261260986328125,-0.07570171356201172,-2.4410247802734375,7.268375396728516,-1.5457878112792969,0.1343097686767578,-0.10500621795654297,0.0,-2.9035490522304204,6.546980707254654,-1.5832122182226416,0.0027779463948929824,-0.0055334246587357356
87,0,train,5,1,0.17453292519943295,1.057239492998633,3,s,af3726fcacd0ac1320a56ea850b0a2c0f5430cf4eb20a45c078706980f08407e,d24fbe3839599a6a097188bae8cd47ce8083f27deef1341ae3086bf0d5a45bd1,87f63c0590d05baea263cdc42c6e1df2d063fa2def309ecb0283f3036bf33d46,87f63c0590d05baea263cdc42c6e1df2d063fa2def309ecb0283f3036bf33d46,1787978720.8076065,37304.643,18652373,0,0.9584569931030273,1.2136640548706055,1.556992530822754,-0.00133514404296875,0.00514984130859375,0.00438690185546875,-0.0073261260986328125,-0.0024423599243164062,-0.0024423599243164062,0.0073261260986328125,0.1978015899658203,-0.0073261260986328125,-0.07570171356201172,-2.4410247802734375,7.25469970703125,-1.5506715774536133,0.1294260025024414,-0.10500621795654297,0.0,-2.903551947268919,6.546983602293153,-1.5832151132611398,0.0026709675750493074,-0.005528311289885712
87,0,train,5,1,0.17453292519943295,1.0596778889957932,3,s,af3726fcacd0ac1320a56ea850b0a2c0f5430cf4eb20a45c078706980f08407e,d24fbe3839599a6a097188bae8cd47ce8083f27deef1341ae3086bf0d5a45bd1,87f63c0590d05baea263cdc42c6e1df2d063fa2def309ecb0283f3036bf33d46,87f63c0590d05baea263cdc42c6e1df2d063fa2def309ecb0283f3036bf33d46,1787978720.8094764,37304.645,18652374,0,0.9584569931030273,1.2136640548706055,1.556992530822754,-0.00133514404296875,0.00553131103515625,0.00438690185546875,-0.0073261260986328125,-0.0024423599243164062,-0.0024423599243164062,-0.0073261260986328125,0.1978015899658203,-0.0073261260986328125,-0.08058643341064453,-2.4410247802734375,7.25469970703125,-1.5506715774536133,0.1294260025024414,-0.10500621795654297,0.0,-2.903554728630318,6.546986383654552,-1.5832178946225397,0.0025639883665287016,-0.005523197931081024
87,0,train,5,1,0.17453292519943295,1.0615571180023835,3,s,af3726fcacd0ac1320a56ea850b0a2c0f5430cf4eb20a45c078706980f08407e,d24fbe3839599a6a097188bae8cd47ce8083f27deef1341ae3086bf0d5a45bd1,87f63c0590d05baea263cdc42c6e1df2d063fa2def309ecb0283f3036bf33d46,87f63c0590d05baea263cdc42c6e1df2d063fa2def309ecb0283f3036bf33d46,1787978720.811366,37304.647,18652375,0,0.9584569931030273,1.2136640548706055,1.556992530822754,-0.00133514404296875,0.00591278076171875,0.00438690185546875,-0.021978378295898438,-0.0024423599243164062,-0.0024423599243164062,-0.0073261260986328125,0.1831493377685547,-0.0073261260986328125,-0.07570171356201172,-2.4410247802734375,7.323078155517578,-1.5506715774536133,0.124542236328125,-0.10500621795654297,0.0,-2.903557396314214,6.546989051338448,-1.583220562306436,0.0024570087848986857,-0.005518084583065763
87,0,train,5,1,0.17453292519943295,1.0634333689959021,3,s,af3726fcacd0ac1320a56ea850b0a2c0f5430cf4eb20a45c078706980f08407e,d24fbe3839599a6a097188bae8cd47ce8083f27deef1341ae3086bf0d5a45bd1,87f63c0590d05baea263cdc42c6e1df2d063fa2def309ecb0283f3036bf33d46,87f63c0590d05baea263cdc42c6e1df2d063fa2def309ecb0283f3036bf33d46,1787978720.8132675,37304.649,18652376,0,0.9584569931030273,1.2136640548706055,1.556992530822754,-0.00133514404296875,0.00629425048828125,0.00438690185546875,-0.0073261260986328125,-0.0024423599243164062,-0.0024423599243164062,-0.0073261260986328125,0.1831493377685547,-0.0073261260986328125,-0.07570171356201172,-2.4410247802734375,7.364101409912109,-1.5506715774536133,0.1196584701538086,-0.10500621795654297,0.0,-2.90355995032022,6.546991605344454,-1.5832231163124413,0.00235002884572684,-0.005512971246584019
87,0,train,5,1,0.17453292519943295,1.0653388089995133,3,s,af3726fcacd0ac1320a56ea850b0a2c0f5430cf4eb20a45c078706980f08407e,d24fbe3839599a6a097188bae8cd47ce8083f27deef1341ae3086bf0d5a45bd1,87f63c0590d05baea263cdc42c6e1df2d063fa2def309ecb0283f3036bf33d46,87f63c0590d05baea263cdc42c6e1df2d063fa2def309ecb0283f3036bf33d46,1787978720.81575,37304.651,18652377,0,0.9584569931030273,1.2136640548706055,1.556992530822754,-0.00133514404296875,0.00667572021484375,0.00438690185546875,-0.021978378295898438,-0.0024423599243164062,-0.0024423599243164062,-0.0073261260986328125,0.16849899291992188,-0.0073261260986328125,-0.07570171356201172,-2.4410247802734375,7.364101409912109,-1.5506715774536133,0.11477375030517578,-0.10500621795654297,0.0,-2.9035623906479606,6.546994045672195,-1.5832255566401834,0.0022430485645807924,-0.0055078579223798805
87,0,train,5,1,0.17453292519943295,1.0678193579951767,3,s,af3726fcacd0ac1320a56ea850b0a2c0f5430cf4eb20a45c078706980f08407e,d24fbe3839599a6a097188bae8cd47ce8083f27deef1341ae3086bf0d5a45bd1,87f63c0590d05baea263cdc42c6e1df2d063fa2def309ecb0283f3036bf33d46,87f63c0590d05baea263cdc42c6e1df2d063fa2def309ecb0283f3036bf33d46,1787978720.8176434,37304.653,18652378,0,0.9584569931030273,1.2136640548706055,1.556992530822754,-0.00133514404296875,0.00743865966796875,0.00438690185546875,-0.0073261260986328125,-0.0024423599243164062,-0.0024423599243164062,-0.0073261260986328125,0.21245384216308594,-0.0073261260986328125,-0.07570171356201172,-2.4410247802734375,7.391452789306641,-1.5506715774536133,0.10988998413085938,-0.10500621795654297,0.0,-2.9035669302672544,6.5469985852914885,-1.583230096259476,0.0020290870386368586,-0.005497631313780769
87,0,train,5,1,0.17453292519943295,1.0697100300021702,3,s,af3726fcacd0ac1320a56ea850b0a2c0f5430cf4eb20a45c078706980f08407e,d24fbe3839599a6a097188bae8cd47ce8083f27deef1341ae3086bf0d5a45bd1,87f63c0590d05baea263cdc42c6e1df2d063fa2def309ecb0283f3036bf33d46,87f63c0590d05baea263cdc42c6e1df2d063fa2def309ecb0283f3036bf33d46,1787978720.8195086,37304.655,18652379,0,0.9584569931030273,1.2136640548706055,1.556992530822754,-0.00133514404296875,0.00782012939453125,0.00438690185546875,-0.0073261260986328125,-0.0024423599243164062,-0.0024423599243164062,-0.021978378295898438,0.22710609436035156,-0.0073261260986328125,-0.07570171356201172,-2.4410247802734375,7.323078155517578,-1.5506715774536133,0.10012245178222656,-0.10500621795654297,0.0,-2.903569029558143,6.547000684582377,-1.583232195550365,0.0019221058249744728,-0.005492518030873962
87,0,train,5,1,0.17453292519943295,1.071579950999876,3,s,af3726fcacd0ac1320a56ea850b0a2c0f5430cf4eb20a45c078706980f08407e,d24fbe3839599a6a097188bae8cd47ce8083f27deef1341ae3086bf0d5a45bd1,87f63c0590d05baea263cdc42c6e1df2d063fa2def309ecb0283f3036bf33d46,87f63c0590d05baea263cdc42c6e1df2d063fa2def309ecb0283f3036bf33d46,1787978720.8213923,37304.657,18652380,0,0.9584569931030273,1.2136640548706055,1.556992530822754,-0.00133514404296875,0.00820159912109375,0.00438690185546875,-0.0073261260986328125,-0.0024423599243164062,-0.0024423599243164062,-0.0073261260986328125,0.22710609436035156,-0.0073261260986328125,-0.07570171356201172,-2.4410247802734375,7.377777099609375,-1.5457878112792969,0.09035396575927734,-0.10988998413085938,0.0,-2.9035710151694487,6.547002670193683,-1.5832341811616704,0.0018151243316088797,-0.005487404763221094
87,0,train,5,1,0.17453292519943295,1.0734629200014751,3,s,af3726fcacd0ac1320a56ea850b0a2c0f5430cf4eb20a45c078706980f08407e,d24fbe3839599a6a097188bae8cd47ce8083f27deef1341ae3086bf0d5a45bd1,87f63c0590d05baea263cdc42c6e1df2d063fa2def309ecb0283f3036bf33d46,87f63c0590d05baea263cdc42c6e1df2d063fa2def309ecb0283f3036bf33d46,1787978720.8232858,37304.659,18652381,0,0.9584569931030273,1.2136640548706055,1.556992530822754,-0.00133514404296875,0.00858306884765625,0.00438690185546875,-0.021978378295898438,-0.0024423599243164062,-0.0024423599243164062,-0.0073261260986328125,0.1978015899658203,-0.0073261260986328125,-0.07570171356201172,-2.4410247802734375,7.295726776123047,-1.5457878112792969,0.08547019958496094,-0.10500621795654297,0.0,-2.9035728871008817,6.547004542125116,-1.5832360530931024,0.0017081425741079358,-0.005482291511566246
87,0,train,5,1,0.17453292519943295,1.0753537729979143,3,s,af3726fcacd0ac1320a56ea850b0a2c0f5430cf4eb20a45c078706980f08407e,d24fbe3839599a6a097188bae8cd47ce8083f27deef1341ae3086bf0d5a45bd1,87f63c0590d05baea263cdc42c6e1df2d063fa2def309ecb0283f3036bf33d46,87f63c0590d05baea263cdc42c6e1df2d063fa2def309ecb0283f3036bf33d46,1787978720.825734,37304.661,18652382,0,0.9584569931030273,1.2136640548706055,1.556992530822754,-0.00133514404296875,0.00896453857421875,0.00438690185546875,-0.021978378295898438,-0.0024423599243164062,-0.0024423599243164062,0.0073261260986328125,0.1831493377685547,-0.0073261260986328125,-0.08058643341064453,-2.4410247802734375,7.350425720214844,-1.5506715774536133,0.08547019958496094,-0.10500621795654297,0.0,-2.9035746453521667,6.547006300376401,-1.5832378113443888,0.0016011605680395346,-0.0054771782766534945
87,0,train,5,1,0.17453292519943295,1.0778050969965989,3,s,af3726fcacd0ac1320a56ea850b0a2c0f5430cf4eb20a45c078706980f08407e,d24fbe3839599a6a097188bae8cd47ce8083f27deef1341ae3086bf0d5a45bd1,87f63c0590d05baea263cdc42c6e1df2d063fa2def309ecb0283f3036bf33d46,87f63c0590d05baea263cdc42c6e1df2d063fa2def309ecb0283f3036bf33d46,1787978720.8276296,37304.663,18652383,0,0.9584569931030273,1.2136640548706055,1.556992530822754,-0.00133514404296875,0.00934600830078125,0.00438690185546875,-0.0073261260986328125,-0.0024423599243164062,-0.0024423599243164062,-0.0073261260986328125,0.16849899291992188,-0.0073261260986328125,-0.08058643341064453,-2.4273509979248047,7.391452789306641,-1.5506715774536133,0.08547019958496094,-0.10500621795654297,0.0,-2.9035762899230533,6.547007944947287,-1.5832394559152743,0.0014941783289716092,-0.005472065059226909
87,0,train,5,1,0.17453292519943295,1.079698964000272,3,s,af3726fcacd0ac1320a56ea850b0a2c0f5430cf4eb20a45c078706980f08407e,d24fbe3839599a6a097188bae8cd47ce8083f27deef1341ae3086bf0d5a45bd1,87f63c0590d05baea263cdc42c6e1df2d063fa2def309ecb0283f3036bf33d46,87f63c0590d05baea263cdc42c6e1df2d063fa2def309ecb0283f3036bf33d46,1787978720.829528,37304.665,18652384,0,0.9584569931030273,1.2136640548706055,1.556992530822754,-0.00133514404296875,0.00972747802734375,0.00438690185546875,0.0073261260986328125,-0.0024423599243164062,-0.0024423599243164062,-0.0073261260986328125,0.1978015899658203,-0.0073261260986328125,-0.08058643341064453,-2.4273509979248047,7.364101409912109,-1.5506715774536133,0.08547019958496094,-0.10500621795654297,0.0,-2.903577820813298,6.547009475837532,-1.5832409868055193,0.0013871958724721222,-0.005466951860030564
87,0,train,5,1,0.17453292519943295,1.0816152179977507,3,s,af3726fcacd0ac1320a56ea850b0a2c0f5430cf4eb20a45c078706980f08407e,d24fbe3839599a6a097188bae8cd47ce8083f27deef1341ae3086bf0d5a45bd1,87f63c0590d05baea263cdc42c6e1df2d063fa2def309ecb0283f3036bf33d46,87f63c0590d05baea263cdc42c6e1df2d063fa2def309ecb0283f3036bf33d46,1787978720.8314245,37304.667,18652385,0,0.9584569931030273,1.2136640548706055,1.556992530822754,-0.00133514404296875,0.01010894775390625,0.00438690185546875,-0.0073261260986328125,-0.0024423599243164062,-0.0024423599243164062,-0.0073261260986328125,0.1978015899658203,-0.0073261260986328125,-0.08058643341064453,-2.4410247802734375,7.295726776123047,-1.5506715774536133,0.08058643341064453,-0.10500621795654297,0.0,-2.903579238022679,6.547010893046913,-1.5832424040149,0.0012802132141090713,-0.005461838679808526
87,0,train,5,1,0.17453292519943295,1.0834901299967896,3,s,af3726fcacd0ac1320a56ea850b0a2c0f5430cf4eb20a45c078706980f08407e,d24fbe3839599a6a097188bae8cd47ce8083f27deef1341ae3086bf0d5a45bd1,87f63c0590d05baea263cdc42c6e1df2d063fa2def309ecb0283f3036bf33d46,87f63c0590d05baea263cdc42c6e1df2d063fa2def309ecb0283f3036bf33d46,1787978720.833316,37304.669,18652386,0,0.9584569931030273,1.2136640548706055,1.556992530822754,-0.00133514404296875,0.01049041748046875,0.00438690185546875,-0.0073261260986328125,-0.0024423599243164062,-0.0024423599243164062,-0.0073261260986328125,0.1978015899658203,-0.0073261260986328125,-0.08058643341064453,-2.4410247802734375,7.3094024658203125,-1.5506715774536133,0.08058643341064453,-0.10500621795654297,0.0,-2.90358054155099,6.547012196575224,-1.583243707543212,0.0011732303694504784,-0.005456725519304865
87,0,train,5,1,0.17453292519943295,1.085388346997206,3,s,af3726fcacd0ac1320a56ea850b0a2c0f5430cf4eb20a45c078706980f08407e,d24fbe3839599a6a097188bae8cd47ce8083f27deef1341ae3086bf0d5a45bd1,87f63c0590d05baea263cdc42c6e1df2d063fa2def309ecb0283f3036bf33d46,87f63c0590d05baea263cdc42c6e1df2d063fa2def309ecb0283f3036bf33d46,1787978720.835211,37304.670999999995,18652387,0,0.9584569931030273,1.2136640548706055,1.556992530822754,-0.00133514404296875,0.01087188720703125,0.00438690185546875,-0.0073261260986328125,-0.0024423599243164062,-0.0024423599243164062,-0.0073261260986328125,0.1978015899658203,-0.0073261260986328125,-0.07570171356201172,-2.4410247802734375,7.364101409912109,-1.5457878112792969,0.07570171356201172,-0.10988998413085938,0.0,-2.9035817313980425,6.547013386422277,-1.5832448973902638,0.0010662473540644021,-0.005451612379263638
87,0,train,5,1,0.17453292519943295,1.0872856739952113,3,s,af3726fcacd0ac1320a56ea850b0a2c0f5430cf4eb20a45c078706980f08407e,d24fbe3839599a6a097188bae8cd47ce8083f27deef1341ae3086bf0d5a45bd1,87f63c0590d05baea263cdc42c6e1df2d063fa2def309ecb0283f3036bf33d46,87f63c0590d05baea263cdc42c6e1df2d063fa2def309ecb0283f3036bf33d46,1787978720.8376715,37304.672999999995,18652388,0,0.9584569931030273,1.2136640548706055,1.556992530822754,-0.00133514404296875,0.01125335693359375,0.00438690185546875,0.0073261260986328125,-0.0024423599243164062,-0.0024423599243164062,-0.0073261260986328125,0.1978015899658203,-0.0073261260986328125,-0.08058643341064453,-2.4410247802734375,7.3094024658203125,-1.5506715774536133,0.07081794738769531,-0.10988998413085938,0.0,-2.903582807563662,6.547014462587896,-1.5832459735558837,0.0009592641835189154,-0.005446499260428906
87,0,train,5,1,0.17453292519943295,1.0897417189989937,3,s,af3726fcacd0ac1320a56ea850b0a2c0f5430cf4eb20a45c078706980f08407e,d24fbe3839599a6a097188bae8cd47ce8083f27deef1341ae3086bf0d5a45bd1,87f63c0590d05baea263cdc42c6e1df2d063fa2def309ecb0283f3036bf33d46,87f63c0590d05baea263cdc42c6e1df2d063fa2def309ecb0283f3036bf33d46,1787978720.839609,37304.674999999996,18652389,0,0.9584569931030273,1.2136640548706055,1.556992530822754,-0.00133514404296875,0.01163482666015625,0.00438690185546875,-0.021978378295898438,-0.0024423599243164062,-0.0024423599243164062,-0.0073261260986328125,0.1978015899658203,-0.0073261260986328125,-0.08058643341064453,-2.4410247802734375,7.323078155517578,-1.5555553436279297,0.07081794738769531,-0.10988998413085938,0.0,-2.903583770047692,6.547015425071926,-1.5832469360399144,0.0008522808733821188,-0.005441386163544729
87,0,train,5,1,0.17453292519943295,1.091688536995207,3,s,af3726fcacd0ac1320a56ea850b0a2c0f5430cf4eb20a45c078706980f08407e,d24fbe3839599a6a097188bae8cd47ce8083f27deef1341ae3086bf0d5a45bd1,87f63c0590d05baea263cdc42c6e1df2d063fa2def309ecb0283f3036bf33d46,87f63c0590d05baea263cdc42c6e1df2d063fa2def309ecb0283f3036bf33d46,1787978720.8415267,37304.676999999996,18652390,0,0.9584569931030273,1.2136640548706055,1.556992530822754,-0.00133514404296875,0.01239776611328125,0.00438690185546875,-0.0073261260986328125,-0.0024423599243164062,-0.0024423599243164062,0.0073261260986328125,0.1978015899658203,-0.0073261260986328125,-0.08058643341064453,-2.4410247802734375,7.364101409912109,-1.5506715774536133,0.07081794738769531,-0.10988998413085938,0.0,-2.9035853539704433,6.547017008994677,-1.583248519962665,0.0006383138966070956,-0.005431160038604244
87,0,train,5,1,0.17453292519943295,1.0936069570016116,3,s,af3726fcacd0ac1320a56ea850b0a2c0f5430cf4eb20a45c078706980f08407e,d24fbe3839599a6a097188bae8cd47ce8083f27deef1341ae3086bf0d5a45bd1,87f63c0590d05baea263cdc42c6e1df2d063fa2def309ecb0283f3036bf33d46,87f63c0590d05baea263cdc42c6e1df2d063fa2def309ecb0283f3036bf33d46,1787978720.8434875,37304.679,18652391,0,0.9584569931030273,1.2136640548706055,1.556992530822754,-0.00133514404296875,0.01239776611328125,0.00438690185546875,0.0073261260986328125,-0.0024423599243164062,-0.0024423599243164062,-0.021978378295898438,0.21245384216308594,-0.0073261260986328125,-0.07570171356201172,-2.4410247802734375,7.377777099609375,-1.5506715774536133,0.0659341812133789,-0.10988998413085938,0.0,-2.9035853539704433,6.547017008994677,-1.583248519962665,0.0006383138966070956,-0.005431160038604244
87,0,train,5,1,0.17453292519943295,1.0955658300008508,3,s,af3726fcacd0ac1320a56ea850b0a2c0f5430cf4eb20a45c078706980f08407e,d24fbe3839599a6a097188bae8cd47ce8083f27deef1341ae3086bf0d5a45bd1,87f63c0590d05baea263cdc42c6e1df2d063fa2def309ecb0283f3036bf33d46,87f63c0590d05baea263cdc42c6e1df2d063fa2def309ecb0283f3036bf33d46,1787978720.8454418,37304.681,18652392,0,0.9584569931030273,1.2136640548706055,1.556992530822754,-0.00133514404296875,0.01316070556640625,0.00438690185546875,-0.0073261260986328125,-0.0024423599243164062,-0.0024423599243164062,-0.021978378295898438,0.1978015899658203,0.0073261260986328125,-0.07570171356201172,-2.4410247802734375,7.336753845214844,-1.5506715774536133,0.0659341812133789,-0.10988998413085938,0.0,-2.903586483165373,6.547018138189607,-1.5832496491575936,0.00042434654828450583,-0.0054209340103945685
87,0,train,5,1,0.17453292519943295,1.0975176049978472,3,s,af3726fcacd0ac1320a56ea850b0a2c0f5430cf4eb20a45c078706980f08407e,d24fbe3839599a6a097188bae8cd47ce8083f27deef1341ae3086bf0d5a45bd1,87f63c0590d05baea263cdc42c6e1df2d063fa2def309ecb0283f3036bf33d46,87f63c0590d05baea263cdc42c6e1df2d063fa2def309ecb0283f3036bf33d46,1787978720.8473635,37304.683,18652393,0,0.9584569931030273,1.2136640548706055,1.556992530822754,-0.00133514404296875,0.01354217529296875,0.00438690185546875,-0.021978378295898438,-0.0024423599243164062,-0.0024423599243164062,-0.021978378295898438,0.1831493377685547,0.0073261260986328125,-0.07570171356201172,-2.4410247802734375,7.377777099609375,-1.5506715774536133,0.0610504150390625,-0.10500621795654297,0.0,-2.9035868772396873,6.547018532263921,-1.583250043231909,0.0003173627737132947,-0.005415821034423891
87,0,train,5,1,0.17453292519943295,1.0994300070015015,3,s,af3726fcacd0ac1320a56ea850b0a2c0f5430cf4eb20a45c078706980f08407e,d24fbe3839599a6a097188bae8cd47ce8083f27deef1341ae3086bf0d5a45bd1,87f63c0590d05baea263cdc42c6e1df2d063fa2def309ecb0283f3036bf33d46,87f63c0590d05baea263cdc42c6e1df2d063fa2def309ecb0283f3036bf33d46,1787978720.8492439,37304.685,18652394,0,0.9584569931030273,1.2136640548706055,1.556992530822754,-0.00133514404296875,0.01392364501953125,0.00438690185546875,-0.0073261260986328125,-0.0024423599243164062,-0.0024423599243164062,0.0073261260986328125,0.1831493377685547,-0.0073261260986328125,-0.07570171356201172,-2.4410247802734375,7.364101409912109,-1.5506715774536133,0.0610504150390625,-0.10500621795654297,0.0,-2.90358715763182,6.547018812656054,-1.5832503236240423,0.00021037895295972567,-0.0054107080848680355
87,0,train,5,1,0.17453292519943295,1.1013292520001414,3,s,af3726fcacd0ac1320a56ea850b0a2c0f5430cf4eb20a45c078706980f08407e,d24fbe3839599a6a097188bae8cd47ce8083f27deef1341ae3086bf0d5a45bd1,87f63c0590d05baea263cdc42c6e1df2d063fa2def309ecb0283f3036bf33d46,87f63c0590d05baea263cdc42c6e1df2d063fa2def309ecb0283f3036bf33d46,1787978720.8516803,37304.687,18652395,0,0.9584569931030273,1.2136640548706055,1.556992530822754,-0.00133514404296875,0.01430511474609375,0.00438690185546875,-0.0073261260986328125,-0.0024423599243164062,-0.0024423599243164062,0.021978378295898438,0.21245384216308594,-0.0073261260986328125,-0.07570171356201172,-2.4410247802734375,7.364101409912109,-1.560439109802246,0.05616569519042969,-0.10500621795654297,0.0,-2.9035873243417334,6.547018979365967,-1.5832504903339546,0.00010339510159199008,-0.005405595162471035
87,0,train,5,1,0.17453292519943295,1.1037484699991182,3,s,af3726fcacd0ac1320a56ea850b0a2c0f5430cf4eb20a45c078706980f08407e,d24fbe3839599a6a097188bae8cd47ce8083f27deef1341ae3086bf0d5a45bd1,87f63c0590d05baea263cdc42c6e1df2d063fa2def309ecb0283f3036bf33d46,87f63c0590d05baea263cdc42c6e1df2d063fa2def309ecb0283f3036bf33d46,1787978720.8535833,37304.689,18652396,0,0.9584569931030273,1.2136640548706055,1.556992530822754,-0.00095367431640625,0.01506805419921875,0.00438690185546875,-0.0073261260986328125,-0.0024423599243164062,-0.0024423599243164062,0.021978378295898438,0.22710609436035156,-0.021978378295898438,-0.07570171356201172,-2.4410247802734375,7.295726776123047,-1.560439109802246,0.05128192901611328,-0.10500621795654297,0.0,-2.903945494378078,6.547377149402312,-1.5836086603703001,-0.00011045512695676126,-0.005396350155540631
87,0,train,5,1,0.17453292519943295,1.1056576629998744,3,s,af3726fcacd0ac1320a56ea850b0a2c0f5430cf4eb20a45c078706980f08407e,d24fbe3839599a6a097188bae8cd47ce8083f27deef1341ae3086bf0d5a45bd1,87f63c0590d05baea263cdc42c6e1df2d063fa2def309ecb0283f3036bf33d46,87f63c0590d05baea263cdc42c6e1df2d063fa2def309ecb0283f3036bf33d46,1787978720.8554776,37304.691,18652397,0,0.9584569931030273,1.2136640548706055,1.556992530822754,-0.00133514404296875,0.01544952392578125,0.00438690185546875,0.0073261260986328125,-0.0024423599243164062,-0.0024423599243164062,-0.021978378295898438,0.2417583465576172,-0.021978378295898438,-0.08058643341064453,-2.4410247802734375,7.336753845214844,-1.560439109802246,0.046398162841796875,-0.10988998413085938,0.0,-2.9035871423779755,6.54701879740221,-1.5832503083701972,-0.00021755648051421939,-0.005390256565673417
87,0,train,5,1,0.17453292519943295,1.1075454489982803,3,s,af3726fcacd0ac1320a56ea850b0a2c0f5430cf4eb20a45c078706980f08407e,d24fbe3839599a6a097188bae8cd47ce8083f27deef1341ae3086bf0d5a45bd1,87f63c0590d05baea263cdc42c6e1df2d063fa2def309ecb0283f3036bf33d46,87f63c0590d05baea263cdc42c6e1df2d063fa2def309ecb0283f3036bf33d46,1787978720.857342,37304.693,18652398,0,0.9584569931030273,1.2136640548706055,1.556992530822754,-0.00133514404296875,0.01583099365234375,0.00438690185546875,0.0073261260986328125,-0.0024423599243164062,-0.0024423599243164062,-0.021978378295898438,0.22710609436035156,-0.0073261260986328125,-0.07570171356201172,-2.4410247802734375,7.282051086425781,-1.5555553436279297,0.04151439666748047,-0.10500621795654297,0.0,-2.9035868543589216,6.547018509383156,-1.5832500203511437,-0.0003245402986566193,-0.005385143759352075
87,0,train,5,1,0.17453292519943295,1.1094103180003003,3,s,af3726fcacd0ac1320a56ea850b0a2c0f5430cf4eb20a45c078706980f08407e,d24fbe3839599a6a097188bae8cd47ce8083f27deef1341ae3086bf0d5a45bd1,87f63c0590d05baea263cdc42c6e1df2d063fa2def309ecb0283f3036bf33d46,87f63c0590d05baea263cdc42c6e1df2d063fa2def309ecb0283f3036bf33d46,1787978720.8592634,37304.695,18652399,0,0.9584569931030273,1.2136640548706055,1.556992530822754,-0.00133514404296875,0.01621246337890625,0.00438690185546875,0.0073261260986328125,-0.0024423599243164062,-0.0024423599243164062,-0.03663063049316406,0.21245384216308594,-0.0073261260986328125,-0.07570171356201172,-2.4410247802734375,7.295726776123047,-1.560439109802246,0.04151439666748047,-0.10988998413085938,0.0,-2.903586452657691,6.547018107681925,-1.5832496186499123,-0.0004315240695721913,-0.005380030983909686
87,0,train,5,1,0.17453292519943295,1.1113403389972518,3,s,af3726fcacd0ac1320a56ea850b0a2c0f5430cf4eb20a45c078706980f08407e,d24fbe3839599a6a097188bae8cd47ce8083f27deef1341ae3086bf0d5a45bd1,87f63c0590d05baea263cdc42c6e1df2d063fa2def309ecb0283f3036bf33d46,87f63c0590d05baea263cdc42c6e1df2d063fa2def309ecb0283f3036bf33d46,1787978720.861744,37304.697,18652400,0,0.9584569931030273,1.2136640548706055,1.556992530822754,-0.00133514404296875,0.01659393310546875,0.00476837158203125,-0.021978378295898438,-0.0024423599243164062,-0.0024423599243164062,-0.0073261260986328125,0.1978015899658203,0.0073261260986328125,-0.08058643341064453,-2.4410247802734375,7.336753845214844,-1.5555553436279297,0.036629676818847656,-0.10988998413085938,0.0,-2.903586941120499,6.547018596144733,-1.5832501071127214,-0.0005333951962401538,-0.005389174397366536
87,0,train,5,1,0.17453292519943295,1.113822496998182,3,s,af3726fcacd0ac1320a56ea850b0a2c0f5430cf4eb20a45c078706980f08407e,d24fbe3839599a6a097188bae8cd47ce8083f27deef1341ae3086bf0d5a45bd1,87f63c0590d05baea263cdc42c6e1df2d063fa2def309ecb0283f3036bf33d46,87f63c0590d05baea263cdc42c6e1df2d063fa2def309ecb0283f3036bf33d46,1787978720.8636973,37304.699,18652401,0,0.9584569931030273,1.2136640548706055,1.556992530822754,-0.00133514404296875,0.01697540283203125,0.00476837158203125,-0.0073261260986328125,-0.0024423599243164062,-0.0024423599243164062,0.0073261260986328125,0.1831493377685547,0.021978378295898438,-0.07570171356201172,-2.4410247802734375,7.336753845214844,-1.560439109802246,0.036629676818847656,-0.10500621795654297,0.0,-2.903586317487773,6.547017972512007,-1.5832494834799953,-0.0006403788587355393,-0.005384061978651839
87,0,train,5,1,0.17453292519943295,1.1157733369982452,3,s,af3726fcacd0ac1320a56ea850b0a2c0f5430cf4eb20a45c078706980f08407e,d24fbe3839599a6a097188bae8cd47ce8083f27deef1341ae3086bf0d5a45bd1,87f63c0590d05baea263cdc42c6e1df2d063fa2def309ecb0283f3036bf33d46,87f63c0590d05baea263cdc42c6e1df2d063fa2def309ecb0283f3036bf33d46,1787978720.8656538,37304.701,18652402,0,0.9584569931030273,1.2136640548706055,1.556992530822754,-0.00095367431640625,0.01735687255859375,0.00476837158203125,0.0073261260986328125,-0.0024423599243164062,-0.0024423599243164062,0.021978378295898438,0.1978015899658203,0.0073261260986328125,-0.07570171356201172,-2.4410247802734375,7.295726776123047,-1.560439109802246,0.03174591064453125,-0.10500621795654297,0.0,-2.903943756677982,6.547375411702216,-1.5836069226702028,-0.0007465682180103862,-0.005379964881306851
87,0,train,5,1,0.17453292519943295,1.1177387860007002,3,s,af3726fcacd0ac1320a56ea850b0a2c0f5430cf4eb20a45c078706980f08407e,d24fbe3839599a6a097188bae8cd47ce8083f27deef1341ae3086bf0d5a45bd1,87f63c0590d05baea263cdc42c6e1df2d063fa2def309ecb0283f3036bf33d46,87f63c0590d05baea263cdc42c6e1df2d063fa2def309ecb0283f3036bf33d46,1787978720.8676157,37304.703,18652403,0,0.9584569931030273,1.2136640548706055,1.556992530822754,-0.00133514404296875,0.01773834228515625,0.00438690185546875,-0.021978378295898438,-0.0024423599243164062,-0.0024423599243164062,0.021978378295898438,0.16849899291992188,-0.0073261260986328125,-0.07570171356201172,-2.4410247802734375,7.282051086425781,-1.565323829650879,0.03174591064453125,-0.10988998413085938,0.0,-2.9035837090324015,6.5470153640566355,-1.583246875024623,-0.0008594583696025938,-0.005359580205809723
87,0,train,5,1,0.17453292519943295,1.1196965709968936,3,s,af3726fcacd0ac1320a56ea850b0a2c0f5430cf4eb20a45c078706980f08407e,d24fbe3839599a6a097188bae8cd47ce8083f27deef1341ae3086bf0d5a45bd1,87f63c0590d05baea263cdc42c6e1df2d063fa2def309ecb0283f3036bf33d46,87f63c0590d05baea263cdc42c6e1df2d063fa2def309ecb0283f3036bf33d46,1787978720.8695824,37304.705,18652404,0,0.9584569931030273,1.2136640548706055,1.556992530822754,-0.00133514404296875,0.01811981201171875,0.00438690185546875,-0.0073261260986328125,-0.0024423599243164062,-0.0024423599243164062,-0.021978378295898438,0.1978015899658203,-0.03663063049316406,-0.07570171356201172,-2.4410247802734375,7.323078155517578,-1.565323829650879,0.026862144470214844,-0.10988998413085938,0.0,-2.903582738921489,6.547014393945723,-1.5832459049137098,-0.0009664416708614282,-0.0053544675959221084
87,0,train,5,1,0.17453292519943295,1.1216909809954814,3,s,af3726fcacd0ac1320a56ea850b0a2c0f5430cf4eb20a45c078706980f08407e,d24fbe3839599a6a097188bae8cd47ce8083f27deef1341ae3086bf0d5a45bd1,87f63c0590d05baea263cdc42c6e1df2d063fa2def309ecb0283f3036bf33d46,87f63c0590d05baea263cdc42c6e1df2d063fa2def309ecb0283f3036bf33d46,1787978720.8715186,37304.706999999995,18652405,0,0.9584569931030273,1.2136640548706055,1.556992530822754,-0.00133514404296875,0.01811981201171875,0.00438690185546875,-0.03663063049316406,-0.0024423599243164062,-0.0024423599243164062,-0.021978378295898438,0.16849899291992188,-0.021978378295898438,-0.07570171356201172,-2.4410247802734375,7.336753845214844,-1.565323829650879,0.026862144470214844,-0.10988998413085938,0.0,-2.903582738921489,6.547014393945723,-1.5832459049137098,-0.0009664416708614282,-0.0053544675959221084
87,0,train,5,1,0.17453292519943295,1.1235969999979716,3,s,af3726fcacd0ac1320a56ea850b0a2c0f5430cf4eb20a45c078706980f08407e,d24fbe3839599a6a097188bae8cd47ce8083f27deef1341ae3086bf0d5a45bd1,87f63c0590d05baea263cdc42c6e1df2d063fa2def309ecb0283f3036bf33d46,87f63c0590d05baea263cdc42c6e1df2d063fa2def309ecb0283f3036bf33d46,1787978720.8740973,37304.708999999995,18652406,0,0.9584569931030273,1.2136640548706055,1.556992530822754,-0.00133514404296875,0.01888275146484375,0.00438690185546875,-0.021978378295898438,-0.0024423599243164062,-0.0024423599243164062,-0.0073261260986328125,0.16849899291992188,-0.0073261260986328125,-0.07570171356201172,-2.454700469970703,7.350425720214844,-1.565323829650879,0.03174591064453125,-0.10988998413085938,0.0,-2.9035804576550794,6.5470121126793135,-1.5832436236473015,-0.001180407835903684,-0.005344242482919621
87,0,train,5,1,0.17453292519943295,1.1261881249956787,3,s,af3726fcacd0ac1320a56ea850b0a2c0f5430cf4eb20a45c078706980f08407e,d24fbe3839599a6a097188bae8cd47ce8083f27deef1341ae3086bf0d5a45bd1,87f63c0590d05baea263cdc42c6e1df2d063fa2def309ecb0283f3036bf33d46,87f63c0590d05baea263cdc42c6e1df2d063fa2def309ecb0283f3036bf33d46,1787978720.875584,37304.710999999996,18652407,0,0.9584569931030273,1.2136640548706055,1.556992530822754,-0.00133514404296875,0.01888275146484375,0.00438690185546875,-0.0073261260986328125,-0.0024423599243164062,-0.0024423599243164062,0.0073261260986328125,0.13919448852539062,-0.0073261260986328125,-0.07570171356201172,-2.454700469970703,7.295726776123047,-1.5702075958251953,0.03174591064453125,-0.10500621795654297,0.0,-2.9035804576550794,6.5470121126793135,-1.5832436236473015,-0.001180407835903684,-0.005344242482919621
87,0,train,5,1,0.17453292519943295,1.1276681989984354,3,s,af3726fcacd0ac1320a56ea850b0a2c0f5430cf4eb20a45c078706980f08407e,d24fbe3839599a6a097188bae8cd47ce8083f27deef1341ae3086bf0d5a45bd1,87f63c0590d05baea263cdc42c6e1df2d063fa2def309ecb0283f3036bf33d46,87f63c0590d05baea263cdc42c6e1df2d063fa2def309ecb0283f3036bf33d46,1787978720.8775988,37304.712999999996,18652408,0,0.9584569931030273,1.2136640548706055,1.556992530822754,-0.00095367431640625,0.01926422119140625,0.00438690185546875,-0.0073261260986328125,-0.0024423599243164062,-0.0024423599243164062,0.0073261260986328125,0.15384674072265625,-0.0073261260986328125,-0.07570171356201172,-2.4410247802734375,7.25469970703125,-1.565323829650879,0.036629676818847656,-0.10500621795654297,0.0,-2.903937323044914,6.547368978069148,-1.5836004890371354,-0.001286022579191364,-0.005340170499431704
87,0,train,5,1,0.17453292519943295,1.1296904089977033,3,s,af3726fcacd0ac1320a56ea850b0a2c0f5430cf4eb20a45c078706980f08407e,d24fbe3839599a6a097188bae8cd47ce8083f27deef1341ae3086bf0d5a45bd1,87f63c0590d05baea263cdc42c6e1df2d063fa2def309ecb0283f3036bf33d46,87f63c0590d05baea263cdc42c6e1df2d063fa2def309ecb0283f3036bf33d46,1787978720.8795753,37304.715,18652409,0,0.9584569931030273,1.2136640548706055,1.556992530822754,-0.00133514404296875,0.01964569091796875,0.00438690185546875,-0.0073261260986328125,-0.0024423599243164062,-0.0024423599243164062,0.0073261260986328125,0.16849899291992188,-0.0073261260986328125,-0.07570171356201172,-2.4410247802734375,7.323078155517578,-1.565323829650879,0.036629676818847656,-0.10500621795654297,0.0,-2.903577721663701,6.547009376687935,-1.5832408876559232,-0.001394373313858182,-0.005334017517240618
87,0,train,5,1,0.17453292519943295,1.1316685799974948,3,s,af3726fcacd0ac1320a56ea850b0a2c0f5430cf4eb20a45c078706980f08407e,d24fbe3839599a6a097188bae8cd47ce8083f27deef1341ae3086bf0d5a45bd1,87f63c0590d05baea263cdc42c6e1df2d063fa2def309ecb0283f3036bf33d46,87f63c0590d05baea263cdc42c6e1df2d063fa2def309ecb0283f3036bf33d46,1787978720.8815954,37304.717,18652410,0,0.9584569931030273,1.2136640548706055,1.556992530822754,-0.00133514404296875,0.02002716064453125,0.00438690185546875,-0.0073261260986328125,-0.0024423599243164062,-0.0024423599243164062,-0.0073261260986328125,0.16849899291992188,-0.0073261260986328125,-0.07570171356201172,-2.454700469970703,7.377777099609375,-1.560439109802246,0.04151439666748047,-0.10500621795654297,0.0,-2.9035761831466345,6.5470078381708685,-1.5832393491388561,-0.0015013557562574163,-0.005328905091507338
87,0,train,5,1,0.17453292519943295,1.1336851009982638,3,s,af3726fcacd0ac1320a56ea850b0a2c0f5430cf4eb20a45c078706980f08407e,d24fbe3839599a6a097188bae8cd47ce8083f27deef1341ae3086bf0d5a45bd1,87f63c0590d05baea263cdc42c6e1df2d063fa2def309ecb0283f3036bf33d46,87f63c0590d05baea263cdc42c6e1df2d063fa2def309ecb0283f3036bf33d46,1787978720.883587,37304.719,18652411,0,0.9584569931030273,1.2136640548706055,1.556992530822754,-0.00133514404296875,0.02040863037109375,0.00438690185546875,-0.0073261260986328125,-0.0024423599243164062,-0.0024423599243164062,-0.0073261260986328125,0.15384674072265625,-0.0073261260986328125,-0.07570171356201172,-2.4410247802734375,7.323078155517578,-1.560439109802246,0.046398162841796875,-0.10500621795654297,0.0,-2.903574530948942,6.547006185973176,-1.5832376969411641,-0.0016083379801806316,-0.005323792704836812
87,0,train,5,1,0.17453292519943295,1.1356706129954546,3,s,af3726fcacd0ac1320a56ea850b0a2c0f5430cf4eb20a45c078706980f08407e,d24fbe3839599a6a097188bae8cd47ce8083f27deef1341ae3086bf0d5a45bd1,87f63c0590d05baea263cdc42c6e1df2d063fa2def309ecb0283f3036bf33d46,87f63c0590d05baea263cdc42c6e1df2d063fa2def309ecb0283f3036bf33d46,1787978720.8855739,37304.721,18652412,0,0.9584569931030273,1.2136640548706055,1.556992530822754,-0.00133514404296875,0.02040863037109375,0.00438690185546875,-0.0073261260986328125,-0.0024423599243164062,-0.0024423599243164062,-0.021978378295898438,0.15384674072265625,-0.0073261260986328125,-0.07570171356201172,-2.4410247802734375,7.323078155517578,-1.560439109802246,0.05128192901611328,-0.10500621795654297,0.0,-2.903574530948942,6.547006185973176,-1.5832376969411641,-0.0016083379801806316,-0.005323792704836812
87,0,train,5,1,0.17453292519943295,1.1376557889961987,3,s,af3726fcacd0ac1320a56ea850b0a2c0f5430cf4eb20a45c078706980f08407e,d24fbe3839599a6a097188bae8cd47ce8083f27deef1341ae3086bf0d5a45bd1,87f63c0590d05baea263cdc42c6e1df2d063fa2def309ecb0283f3036bf33d46,87f63c0590d05baea263cdc42c6e1df2d063fa2def309ecb0283f3036bf33d46,1787978720.8875823,37304.723,18652413,0,0.9584569931030273,1.2136640548706055,1.556992530822754,-0.00133514404296875,0.02079010009765625,0.00438690185546875,-0.021978378295898438,-0.0024423599243164062,-0.0024423599243164062,-0.0073261260986328125,0.13919448852539062,-0.0073261260986328125,-0.07570171356201172,-2.4410247802734375,7.282051086425781,-1.5555553436279297,0.05616569519042969,-0.10500621795654297,0.0,-2.9035727650708654,6.547004420095099,-1.5832359310630875,-0.00171531997005987,-0.005318680357972995
87,0,train,5,1,0.17453292519943295,1.1396725149970734,3,s,af3726fcacd0ac1320a56ea850b0a2c0f5430cf4eb20a45c078706980f08407e,d24fbe3839599a6a097188bae8cd47ce8083f27deef1341ae3086bf0d5a45bd1,87f63c0590d05baea263cdc42c6e1df2d063fa2def309ecb0283f3036bf33d46,87f63c0590d05baea263cdc42c6e1df2d063fa2def309ecb0283f3036bf33d46,1787978720.8896763,37304.725,18652414,0,0.9584569931030273,1.2136640548706055,1.556992530822754,-0.00133514404296875,0.02117156982421875,0.00438690185546875,0.0073261260986328125,-0.0024423599243164062,-0.0024423599243164062,-0.0073261260986328125,0.124542236328125,-0.0073261260986328125,-0.07570171356201172,-2.4410247802734375,7.323078155517578,-1.5555553436279297,0.0610504150390625,-0.10500621795654297,0.0,-2.903570885512662,6.547002540536896,-1.5832340515048837,-0.0018223017103272056,-0.005313568051659828
87,0,train,5,1,0.17453292519943295,1.1417894379992504,3,s,af3726fcacd0ac1320a56ea850b0a2c0f5430cf4eb20a45c078706980f08407e,d24fbe3839599a6a097188bae8cd47ce8083f27deef1341ae3086bf0d5a45bd1,87f63c0590d05baea263cdc42c6e1df2d063fa2def309ecb0283f3036bf33d46,87f63c0590d05baea263cdc42c6e1df2d063fa2def309ecb0283f3036bf33d46,1787978720.891738,37304.727,18652415,0,0.9584569931030273,1.2136640548706055,1.556992530822754,-0.00095367431640625,0.02117156982421875,0.00438690185546875,-0.0073261260986328125,-0.0024423599243164062,-0.0024423599243164062,0.0073261260986328125,0.124542236328125,-0.0073261260986328125,-0.08058643341064453,-2.4410247802734375,7.323078155517578,-1.5506715774536133,0.07081794738769531,-0.10500621795654297,0.0,-2.903929060926957,6.547360715951191,-1.5835922269191793,-0.0018203651796060184,-0.005314635734050365
87,0,train,5,1,0.17453292519943295,1.143816074996721,3,s,af3726fcacd0ac1320a56ea850b0a2c0f5430cf4eb20a45c078706980f08407e,d24fbe3839599a6a097188bae8cd47ce8083f27deef1341ae3086bf0d5a45bd1,87f63c0590d05baea263cdc42c6e1df2d063fa2def309ecb0283f3036bf33d46,87f63c0590d05baea263cdc42c6e1df2d063fa2def309ecb0283f3036bf33d46,1787978720.893683,37304.729,18652416,0,0.9584569931030273,1.2136640548706055,1.556992530822754,-0.00133514404296875,0.02155303955078125,0.00438690185546875,0.0073261260986328125,-0.0024423599243164062,-0.0024423599243164062,-0.021978378295898438,0.124542236328125,-0.0073261260986328125,-0.07570171356201172,-2.4410247802734375,7.323078155517578,-1.5555553436279297,0.07570171356201172,-0.10500621795654297,0.0,-2.903568892274604,6.547000547298838,-1.583232058266825,-0.0019292831854147456,-0.005308455786641252
87,0,train,5,1,0.17453292519943295,1.145756680998602,3,s,af3726fcacd0ac1320a56ea850b0a2c0f5430cf4eb20a45c078706980f08407e,d24fbe3839599a6a097188bae8cd47ce8083f27deef1341ae3086bf0d5a45bd1,87f63c0590d05baea263cdc42c6e1df2d063fa2def309ecb0283f3036bf33d46,87f63c0590d05baea263cdc42c6e1df2d063fa2def309ecb0283f3036bf33d46,1787978720.8955746,37304.731,18652417,0,0.9584569931030273,1.2136640548706055,1.556992530822754,-0.00133514404296875,0.02193450927734375,0.00438690185546875,-0.021978378295898438,-0.0024423599243164062,-0.0024423599243164062,-0.0073261260986328125,0.13919448852539062,-0.0073261260986328125,-0.08058643341064453,-2.4410247802734375,7.3094024658203125,-1.5555553436279297,0.09035396575927734,-0.10500621795654297,0.0,-2.9035667853569804,6.5469984403812145,-1.5832299513492023,-0.0020362643797546343,-0.005303343563661195
87,0,train,5,1,0.17453292519943295,1.1476422010018723,3,s,af3726fcacd0ac1320a56ea850b0a2c0f5430cf4eb20a45c078706980f08407e,d24fbe3839599a6a097188bae8cd47ce8083f27deef1341ae3086bf0d5a45bd1,87f63c0590d05baea263cdc42c6e1df2d063fa2def309ecb0283f3036bf33d46,87f63c0590d05baea263cdc42c6e1df2d063fa2def309ecb0283f3036bf33d46,1787978720.8974383,37304.733,18652418,0,0.9584569931030273,1.2136640548706055,1.556992530822754,-0.00133514404296875,0.02193450927734375,0.00438690185546875,0.0073261260986328125,-0.0024423599243164062,-0.0024423599243164062,-0.03663063049316406,0.124542236328125,-0.0073261260986328125,-0.08058643341064453,-2.4410247802734375,7.350425720214844,-1.5506715774536133,0.10012245178222656,-0.10500621795654297,0.0,-2.9035667853569804,6.5469984403812145,-1.5832299513492023,-0.0020362643797546343,-0.005303343563661195
87,0,train,5,1,0.17453292519943295,1.1495031349986675,3,s,af3726fcacd0ac1320a56ea850b0a2c0f5430cf4eb20a45c078706980f08407e,d24fbe3839599a6a097188bae8cd47ce8083f27deef1341ae3086bf0d5a45bd1,87f63c0590d05baea263cdc42c6e1df2d063fa2def309ecb0283f3036bf33d46,87f63c0590d05baea263cdc42c6e1df2d063fa2def309ecb0283f3036bf33d46,1787978720.899343,37304.735,18652419,0,0.9584569931030273,1.2136640548706055,1.556992530822754,-0.00133514404296875,0.02231597900390625,0.00438690185546875,-0.0073261260986328125,-0.0024423599243164062,-0.0024423599243164062,-0.021978378295898438,0.124542236328125,-0.0073261260986328125,-0.08058643341064453,-2.4410247802734375,7.323078155517578,-1.5457878112792969,0.10500621795654297,-0.10500621795654297,0.0,-2.9035645647601003,6.546996219784335,-1.5832277307523228,-0.002143245277779059,-0.0052982313834635895
87,0,train,5,1,0.17453292519943295,1.1514174309995724,3,s,af3726fcacd0ac1320a56ea850b0a2c0f5430cf4eb20a45c078706980f08407e,d24fbe3839599a6a097188bae8cd47ce8083f27deef1341ae3086bf0d5a45bd1,87f63c0590d05baea263cdc42c6e1df2d063fa2def309ecb0283f3036bf33d46,87f63c0590d05baea263cdc42c6e1df2d063fa2def309ecb0283f3036bf33d46,1787978720.9012523,37304.737,18652420,0,0.9584569931030273,1.2136640548706055,1.556992530822754,-0.00133514404296875,0.02269744873046875,0.00438690185546875,-0.0073261260986328125,-0.0024423599243164062,-0.0024423599243164062,-0.0073261260986328125,0.13919448852539062,-0.0073261260986328125,-0.08058643341064453,-2.4410247802734375,7.350425720214844,-1.5457878112792969,0.10988998413085938,-0.10500621795654297,0.0,-2.9035622304842863,6.54699388550852,-1.5832253964765082,-0.0022502258639202546,-0.005293119246792351
87,0,train,5,1,0.17453292519943295,1.1533249400017667,3,s,af3726fcacd0ac1320a56ea850b0a2c0f5430cf4eb20a45c078706980f08407e,d24fbe3839599a6a097188bae8cd47ce8083f27deef1341ae3086bf0d5a45bd1,87f63c0590d05baea263cdc42c6e1df2d063fa2def309ecb0283f3036bf33d46,87f63c0590d05baea263cdc42c6e1df2d063fa2def309ecb0283f3036bf33d46,1787978720.903758,37304.739,18652421,0,0.9584569931030273,1.2136640548706055,1.556992530822754,-0.00133514404296875,0.02307891845703125,0.00438690185546875,-0.0073261260986328125,-0.0024423599243164062,-0.0024423599243164062,0.0073261260986328125,0.15384674072265625,-0.0073261260986328125,-0.08058643341064453,-2.454700469970703,7.3094024658203125,-1.5457878112792969,0.10988998413085938,-0.10500621795654297,0.0,-2.9035597825298782,6.546991437554112,-1.5832229485220992,-0.002357206122610491,-0.005288007154391395
87,0,train,5,1,0.17453292519943295,1.1558992069985834,3,s,af3726fcacd0ac1320a56ea850b0a2c0f5430cf4eb20a45c078706980f08407e,d24fbe3839599a6a097188bae8cd47ce8083f27deef1341ae3086bf0d5a45bd1,87f63c0590d05baea263cdc42c6e1df2d063fa2def309ecb0283f3036bf33d46,87f63c0590d05baea263cdc42c6e1df2d063fa2def309ecb0283f3036bf33d46,1787978720.905755,37304.741,18652422,0,0.9584569931030273,1.2136640548706055,1.556992530822754,-0.00133514404296875,0.02346038818359375,0.00438690185546875,-0.0073261260986328125,-0.0024423599243164062,-0.0024423599243164062,-0.0073261260986328125,0.16849899291992188,-0.0073261260986328125,-0.08058643341064453,-2.4410247802734375,7.350425720214844,-1.5506715774536133,0.10988998413085938,-0.10500621795654297,0.0,-2.90355722089723,6.546988875921464,-1.5832203868894512,-0.002464186038282093,-0.0052828951070046275
87,0,train,5,1,0.17453292519943295,1.1578291469995747,3,s,af3726fcacd0ac1320a56ea850b0a2c0f5430cf4eb20a45c078706980f08407e,d24fbe3839599a6a097188bae8cd47ce8083f27deef1341ae3086bf0d5a45bd1,87f63c0590d05baea263cdc42c6e1df2d063fa2def309ecb0283f3036bf33d46,87f63c0590d05baea263cdc42c6e1df2d063fa2def309ecb0283f3036bf33d46,1787978720.9076529,37304.742999999995,18652423,0,0.9584569931030273,1.2136640548706055,1.556992530822754,-0.00133514404296875,0.02384185791015625,0.00438690185546875,0.0073261260986328125,-0.0024423599243164062,-0.0024423599243164062,-0.0073261260986328125,0.16849899291992188,-0.0073261260986328125,-0.08058643341064453,-2.4410247802734375,7.377777099609375,-1.5506715774536133,0.10988998413085938,-0.10500621795654297,0.0,-2.9035545455867164,6.5469862006109505,-1.583217711578938,-0.00257116559536744,-0.0052777831053759505
87,0,train,5,1,0.17453292519943295,1.159719914998277,3,s,af3726fcacd0ac1320a56ea850b0a2c0f5430cf4eb20a45c078706980f08407e,d24fbe3839599a6a097188bae8cd47ce8083f27deef1341ae3086bf0d5a45bd1,87f63c0590d05baea263cdc42c6e1df2d063fa2def309ecb0283f3036bf33d46,87f63c0590d05baea263cdc42c6e1df2d063fa2def309ecb0283f3036bf33d46,1787978720.909553,37304.744999999995,18652424,0,0.9584569931030273,1.2136640548706055,1.556992530822754,-0.00133514404296875,0.02422332763671875,0.00438690185546875,-0.0073261260986328125,-0.0024423599243164062,-0.0024423599243164062,-0.0073261260986328125,0.16849899291992188,-0.0073261260986328125,-0.07570171356201172,-2.4410247802734375,7.405128479003906,-1.5506715774536133,0.10988998413085938,-0.10500621795654297,0.0,-2.903551756598726,6.546983411622961,-1.5832149225909478,-0.0026781447782989534,-0.0052726711502492606
87,0,train,5,1,0.17453292519943295,1.161643619001552,3,s,af3726fcacd0ac1320a56ea850b0a2c0f5430cf4eb20a45c078706980f08407e,d24fbe3839599a6a097188bae8cd47ce8083f27deef1341ae3086bf0d5a45bd1,87f63c0590d05baea263cdc42c6e1df2d063fa2def309ecb0283f3036bf33d46,87f63c0590d05baea263cdc42c6e1df2d063fa2def309ecb0283f3036bf33d46,1787978720.9114935,37304.746999999996,18652425,0,0.9584569931030273,1.2136640548706055,1.556992530822754,-0.00133514404296875,0.02422332763671875,0.00438690185546875,-0.0073261260986328125,-0.0024423599243164062,-0.0024423599243164062,-0.0073261260986328125,0.16849899291992188,-0.0073261260986328125,-0.08058643341064453,-2.4410247802734375,7.377777099609375,-1.5506715774536133,0.10500621795654297,-0.10500621795654297,0.0,-2.903551756598726,6.546983411622961,-1.5832149225909478,-0.0026781447782989534,-0.0052726711502492606
87,0,train,5,1,0.17453292519943295,1.163564051996218,3,s,af3726fcacd0ac1320a56ea850b0a2c0f5430cf4eb20a45c078706980f08407e,d24fbe3839599a6a097188bae8cd47ce8083f27deef1341ae3086bf0d5a45bd1,87f63c0590d05baea263cdc42c6e1df2d063fa2def309ecb0283f3036bf33d46,87f63c0590d05baea263cdc42c6e1df2d063fa2def309ecb0283f3036bf33d46,1787978720.9133987,37304.748999999996,18652426,0,0.9584569931030273,1.2136640548706055,1.556992530822754,-0.00133514404296875,0.02460479736328125,0.00438690185546875,-0.0073261260986328125,-0.0024423599243164062,-0.0024423599243164062,-0.03663063049316406,0.124542236328125,-0.0073261260986328125,-0.07570171356201172,-2.4410247802734375,7.405128479003906,-1.5506715774536133,0.10500621795654297,-0.10500621795654297,0.0,-2.903548853933667,6.546980508957901,-1.583212019925888,-0.002785123571509112,-0.00526755924236844
87,0,train,5,1,0.17453292519943295,1.1654726369961281,3,s,af3726fcacd0ac1320a56ea850b0a2c0f5430cf4eb20a45c078706980f08407e,d24fbe3839599a6a097188bae8cd47ce8083f27deef1341ae3086bf0d5a45bd1,87f63c0590d05baea263cdc42c6e1df2d063fa2def309ecb0283f3036bf33d46,87f63c0590d05baea263cdc42c6e1df2d063fa2def309ecb0283f3036bf33d46,1787978720.9152982,37304.751,18652427,0,0.9584569931030273,1.2136640548706055,1.556992530822754,-0.00133514404296875,0.02498626708984375,0.00438690185546875,-0.0073261260986328125,-0.0024423599243164062,-0.0024423599243164062,-0.021978378295898438,0.124542236328125,-0.0073261260986328125,-0.07570171356201172,-2.4410247802734375,7.405128479003906,-1.5506715774536133,0.10988998413085938,-0.10500621795654297,0.0,-2.9035458375919574,6.546977492616191,-1.583209003584179,-0.002892101959430452,-0.005262447382477372
87,0,train,5,1,0.17453292519943295,1.1673692170006689,3,s,af3726fcacd0ac1320a56ea850b0a2c0f5430cf4eb20a45c078706980f08407e,d24fbe3839599a6a097188bae8cd47ce8083f27deef1341ae3086bf0d5a45bd1,87f63c0590d05baea263cdc42c6e1df2d063fa2def309ecb0283f3036bf33d46,87f63c0590d05baea263cdc42c6e1df2d063fa2def309ecb0283f3036bf33d46,1787978720.9172196,37304.753,18652428,0,0.9584569931030273,1.2136640548706055,1.556992530822754,-0.00133514404296875,0.02498626708984375,0.00438690185546875,-0.021978378295898438,-0.0024423599243164062,-0.0024423599243164062,-0.021978378295898438,0.10988998413085938,-0.0073261260986328125,-0.07570171356201172,-2.4410247802734375,7.405128479003906,-1.5506715774536133,0.1196584701538086,-0.10500621795654297,0.0,-2.9035458375919574,6.546977492616191,-1.583209003584179,-0.002892101959430452,-0.005262447382477372
87,0,train,5,1,0.17453292519943295,1.1692994030017871,3,s,af3726fcacd0ac1320a56ea850b0a2c0f5430cf4eb20a45c078706980f08407e,d24fbe3839599a6a097188bae8cd47ce8083f27deef1341ae3086bf0d5a45bd1,87f63c0590d05baea263cdc42c6e1df2d063fa2def309ecb0283f3036bf33d46,87f63c0590d05baea263cdc42c6e1df2d063fa2def309ecb0283f3036bf33d46,1787978720.9197369,37304.755,18652429,0,0.9584569931030273,1.2136640548706055,1.556992530822754,-0.00133514404296875,0.02498626708984375,0.00438690185546875,-0.0073261260986328125,-0.0024423599243164062,-0.0024423599243164062,-0.0073261260986328125,0.09523773193359375,-0.0073261260986328125,-0.07570171356201172,-2.4410247802734375,7.418804168701172,-1.5506715774536133,0.1294260025024414,-0.10500621795654297,0.0,-2.9035458375919574,6.546977492616191,-1.583209003584179,-0.002892101959430452,-0.005262447382477372
87,0,train,5,1,0.17453292519943295,1.1718183670018334,3,s,af3726fcacd0ac1320a56ea850b0a2c0f5430cf4eb20a45c078706980f08407e,d24fbe3839599a6a097188bae8cd47ce8083f27deef1341ae3086bf0d5a45bd1,87f63c0590d05baea263cdc42c6e1df2d063fa2def309ecb0283f3036bf33d46,87f63c0590d05baea263cdc42c6e1df2d063fa2def309ecb0283f3036bf33d46,1787978720.921693,37304.757,18652430,0,0.9584569931030273,1.2136640548706055,1.556992530822754,-0.00133514404296875,0.02536773681640625,0.00438690185546875,-0.0073261260986328125,-0.0024423599243164062,-0.0024423599243164062,-0.021978378295898438,0.0659332275390625,-0.0073261260986328125,-0.07570171356201172,-2.4410247802734375,7.418804168701172,-1.5506715774536133,0.14407825469970703,-0.10500621795654297,0.0,-2.9035427075740396,6.546974362598274,-1.5832058735662609,-0.0029990799264955734,-0.005257335571319931
87,0,train,5,1,0.17453292519943295,1.1737899469953845,3,s,af3726fcacd0ac1320a56ea850b0a2c0f5430cf4eb20a45c078706980f08407e,d24fbe3839599a6a097188bae8cd47ce8083f27deef1341ae3086bf0d5a45bd1,87f63c0590d05baea263cdc42c6e1df2d063fa2def309ecb0283f3036bf33d46,87f63c0590d05baea263cdc42c6e1df2d063fa2def309ecb0283f3036bf33d46,1787978720.9236476,37304.759,18652431,0,0.9584569931030273,1.2136640548706055,1.556992530822754,-0.00133514404296875,0.02536773681640625,0.00438690185546875,-0.021978378295898438,-0.0024423599243164062,-0.0024423599243164062,0.0073261260986328125,0.09523773193359375,-0.0073261260986328125,-0.07570171356201172,-2.4410247802734375,7.391452789306641,-1.5506715774536133,0.15873050689697266,-0.10500621795654297,0.0,-2.9035427075740396,6.546974362598274,-1.5832058735662609,-0.0029990799264955734,-0.005257335571319931
87,0,train,5,1,0.17453292519943295,1.1757197010010714,3,s,af3726fcacd0ac1320a56ea850b0a2c0f5430cf4eb20a45c078706980f08407e,d24fbe3839599a6a097188bae8cd47ce8083f27deef1341ae3086bf0d5a45bd1,87f63c0590d05baea263cdc42c6e1df2d063fa2def309ecb0283f3036bf33d46,87f63c0590d05baea263cdc42c6e1df2d063fa2def309ecb0283f3036bf33d46,1787978720.925551,37304.761,18652432,0,0.9584569931030273,1.2136640548706055,1.556992530822754,-0.00133514404296875,0.02574920654296875,0.00438690185546875,-0.0073261260986328125,-0.0024423599243164062,-0.0024423599243164062,-0.0073261260986328125,0.09523773193359375,-0.0073261260986328125,-0.08058643341064453,-2.4410247802734375,7.405128479003906,-1.5506715774536133,0.16849803924560547,-0.10500621795654297,0.0,-2.9035394638803687,6.546971118904603,-1.5832026298725899,-0.0031060574571371326,-0.005252223809639981
87,0,train,5,1,0.17453292519943295,1.1776243829954183,3,s,af3726fcacd0ac1320a56ea850b0a2c0f5430cf4eb20a45c078706980f08407e,d24fbe3839599a6a097188bae8cd47ce8083f27deef1341ae3086bf0d5a45bd1,87f63c0590d05baea263cdc42c6e1df2d063fa2def309ecb0283f3036bf33d46,87f63c0590d05baea263cdc42c6e1df2d063fa2def309ecb0283f3036bf33d46,1787978720.9275036,37304.763,18652433,0,0.9584569931030273,1.2136640548706055,1.556992530822754,-0.00133514404296875,0.02613067626953125,0.00438690185546875,-0.0073261260986328125,-0.0024423599243164062,-0.0024423599243164062,-0.0073261260986328125,0.10988998413085938,-0.0073261260986328125,-0.08058643341064453,-2.4410247802734375,7.350425720214844,-1.5506715774536133,0.17338180541992188,-0.10500621795654297,0.0,-2.9035361065114134,6.546967761535647,-1.5831992725036357,-0.0032130345357878477,-0.005247112098181382
87,0,train,5,1,0.17453292519943295,1.1795842400024412,3,s,af3726fcacd0ac1320a56ea850b0a2c0f5430cf4eb20a45c078706980f08407e,d24fbe3839599a6a097188bae8cd47ce8083f27deef1341ae3086bf0d5a45bd1,87f63c0590d05baea263cdc42c6e1df2d063fa2def309ecb0283f3036bf33d46,87f63c0590d05baea263cdc42c6e1df2d063fa2def309ecb0283f3036bf33d46,1787978720.9294398,37304.765,18652434,0,0.9584569931030273,1.2136640548706055,1.556992530822754,-0.00133514404296875,0.02651214599609375,0.00438690185546875,-0.0073261260986328125,-0.0024423599243164062,-0.0024423599243164062,-0.021978378295898438,0.13919448852539062,-0.0073261260986328125,-0.08058643341064453,-2.4410247802734375,7.377777099609375,-1.5555553436279297,0.1782665252685547,-0.10500621795654297,0.0,-2.9035326354676676,6.546964290491902,-1.5831958014598895,-0.0033200111468805094,-0.0052420004376879875
87,0,train,5,1,0.17453292519943295,1.1815348609961802,3,s,af3726fcacd0ac1320a56ea850b0a2c0f5430cf4eb20a45c078706980f08407e,d24fbe3839599a6a097188bae8cd47ce8083f27deef1341ae3086bf0d5a45bd1,87f63c0590d05baea263cdc42c6e1df2d063fa2def309ecb0283f3036bf33d46,87f63c0590d05baea263cdc42c6e1df2d063fa2def309ecb0283f3036bf33d46,1787978720.9313962,37304.767,18652435,0,0.9584569931030273,1.2136640548706055,1.556992530822754,-0.00133514404296875,0.02689361572265625,0.00438690185546875,-0.0073261260986328125,-0.0024423599243164062,-0.0024423599243164062,-0.0073261260986328125,0.15384674072265625,-0.0073261260986328125,-0.07570171356201172,-2.4410247802734375,7.405128479003906,-1.5506715774536133,0.17338180541992188,-0.10500621795654297,0.0,-2.903529050749634,6.546960705773868,-1.5831922167418553,-0.0034269872748479693,-0.005236888828903642
87,0,train,5,1,0.17453292519943295,1.1834702529959031,3,s,af3726fcacd0ac1320a56ea850b0a2c0f5430cf4eb20a45c078706980f08407e,d24fbe3839599a6a097188bae8cd47ce8083f27deef1341ae3086bf0d5a45bd1,87f63c0590d05baea263cdc42c6e1df2d063fa2def309ecb0283f3036bf33d46,87f63c0590d05baea263cdc42c6e1df2d063fa2def309ecb0283f3036bf33d46,1787978720.9333522,37304.769,18652436,0,0.9584569931030273,1.2136640548706055,1.556992530822754,-0.00133514404296875,0.02727508544921875,0.00438690185546875,0.0073261260986328125,-0.0024423599243164062,-0.0024423599243164062,-0.0073261260986328125,0.1831493377685547,-0.0073261260986328125,-0.07570171356201172,-2.4410247802734375,7.418804168701172,-1.5506715774536133,0.16849803924560547,-0.10500621795654297,0.0,-2.903525352357833,6.546957007382067,-1.583188518350054,-0.0035339629041231486,-0.005231777272572181
87,0,train,5,1,0.17453292519943295,1.185433786995418,3,s,af3726fcacd0ac1320a56ea850b0a2c0f5430cf4eb20a45c078706980f08407e,d24fbe3839599a6a097188bae8cd47ce8083f27deef1341ae3086bf0d5a45bd1,87f63c0590d05baea263cdc42c6e1df2d063fa2def309ecb0283f3036bf33d46,87f63c0590d05baea263cdc42c6e1df2d063fa2def309ecb0283f3036bf33d46,1787978720.9359348,37304.771,18652437,0,0.9584569931030273,1.2136640548706055,1.556992530822754,-0.00133514404296875,0.02765655517578125,0.00438690185546875,-0.0073261260986328125,-0.0024423599243164062,-0.0024423599243164062,-0.0073261260986328125,0.15384674072265625,-0.0073261260986328125,-0.08058643341064453,-2.4410247802734375,7.350425720214844,-1.5555553436279297,0.16361427307128906,-0.10500621795654297,0.0,-2.9035215402928034,6.5469531953170375,-1.5831847062850246,-0.0036409380191390543,-0.005226665769437432
87,0,train,5,1,0.17453292519943295,1.1880213499971433,3,s,af3726fcacd0ac1320a56ea850b0a2c0f5430cf4eb20a45c078706980f08407e,d24fbe3839599a6a097188bae8cd47ce8083f27deef1341ae3086bf0d5a45bd1,87f63c0590d05baea263cdc42c6e1df2d063fa2def309ecb0283f3036bf33d46,87f63c0590d05baea263cdc42c6e1df2d063fa2def309ecb0283f3036bf33d46,1787978720.937346,37304.773,18652438,0,0.9584569931030273,1.2136640548706055,1.556992530822754,-0.00133514404296875,0.02803802490234375,0.00438690185546875,0.0073261260986328125,-0.0024423599243164062,-0.0024423599243164062,-0.0073261260986328125,0.16849899291992188,-0.0073261260986328125,-0.08058643341064453,-2.4410247802734375,7.350425720214844,-1.5555553436279297,0.15873050689697266,-0.10500621795654297,0.0,-2.9035176145551005,6.5469492695793345,-1.5831807805473224,-0.003747912604328746,-0.0052215543202432215
87,0,train,5,1,0.17453292519943295,1.1894278219988337,3,s,af3726fcacd0ac1320a56ea850b0a2c0f5430cf4eb20a45c078706980f08407e,d24fbe3839599a6a097188bae8cd47ce8083f27deef1341ae3086bf0d5a45bd1,87f63c0590d05baea263cdc42c6e1df2d063fa2def309ecb0283f3036bf33d46,87f63c0590d05baea263cdc42c6e1df2d063fa2def309ecb0283f3036bf33d46,1787978720.9393315,37304.775,18652439,0,0.9584569931030273,1.2136640548706055,1.556992530822754,-0.00133514404296875,0.02841949462890625,0.00438690185546875,-0.0073261260986328125,-0.0024423599243164062,-0.0024423599243164062,-0.0073261260986328125,0.16849899291992188,-0.0073261260986328125,-0.08058643341064453,-2.454700469970703,7.3094024658203125,-1.5555553436279297,0.15384578704833984,-0.10500621795654297,0.0,-2.9035135751452965,6.546945230169531,-1.5831767411375173,-0.003854886644125383,-0.005216442925733359
87,0,train,5,1,0.17453292519943295,1.191412152002158,3,s,af3726fcacd0ac1320a56ea850b0a2c0f5430cf4eb20a45c078706980f08407e,d24fbe3839599a6a097188bae8cd47ce8083f27deef1341ae3086bf0d5a45bd1,87f63c0590d05baea263cdc42c6e1df2d063fa2def309ecb0283f3036bf33d46,87f63c0590d05baea263cdc42c6e1df2d063fa2def309ecb0283f3036bf33d46,1787978720.9413242,37304.777,18652440,0,0.9584569931030273,1.2136640548706055,1.556992530822754,-0.00133514404296875,0.02880096435546875,0.00438690185546875,-0.0073261260986328125,-0.0024423599243164062,-0.0024423599243164062,-0.0073261260986328125,0.1831493377685547,-0.0073261260986328125,-0.08058643341064453,-2.4410247802734375,7.336753845214844,-1.5506715774536133,0.14407825469970703,-0.10012245178222656,0.0,-2.903509422063976,6.54694107708821,-1.5831725880561975,-0.003961860122962188,-0.005211331586651652
87,0,train,5,1,0.17453292519943295,1.1934065030000056,3,s,af3726fcacd0ac1320a56ea850b0a2c0f5430cf4eb20a45c078706980f08407e,d24fbe3839599a6a097188bae8cd47ce8083f27deef1341ae3086bf0d5a45bd1,87f63c0590d05baea263cdc42c6e1df2d063fa2def309ecb0283f3036bf33d46,87f63c0590d05baea263cdc42c6e1df2d063fa2def309ecb0283f3036bf33d46,1787978720.9432986,37304.778999999995,18652441,0,0.9584569931030273,1.2136640548706055,1.556992530822754,-0.00133514404296875,0.02880096435546875,0.00438690185546875,-0.0073261260986328125,-0.0024423599243164062,-0.0024423599243164062,0.0073261260986328125,0.15384674072265625,-0.0073261260986328125,-0.08058643341064453,-2.4410247802734375,7.336753845214844,-1.5506715774536133,0.13919448852539062,-0.10012245178222656,0.0,-2.903509422063976,6.54694107708821,-1.5831725880561975,-0.003961860122962188,-0.005211331586651652
87,0,train,5,1,0.17453292519943295,1.1953833360021235,3,s,af3726fcacd0ac1320a56ea850b0a2c0f5430cf4eb20a45c078706980f08407e,d24fbe3839599a6a097188bae8cd47ce8083f27deef1341ae3086bf0d5a45bd1,87f63c0590d05baea263cdc42c6e1df2d063fa2def309ecb0283f3036bf33d46,87f63c0590d05baea263cdc42c6e1df2d063fa2def309ecb0283f3036bf33d46,1787978720.9453802,37304.780999999995,18652442,0,0.9584569931030273,1.2136640548706055,1.556992530822754,-0.00133514404296875,0.02918243408203125,0.00438690185546875,-0.0073261260986328125,-0.0024423599243164062,-0.0024423599243164062,-0.0073261260986328125,0.15384674072265625,-0.0073261260986328125,-0.08058643341064453,-2.4410247802734375,7.282051086425781,-1.5555553436279297,0.13919448852539062,-0.10500621795654297,0.0,-2.903505155311746,6.54693681033598,-1.5831683213039682,-0.004068833025272473,-0.005206220303741899
87,0,train,5,1,0.17453292519943295,1.1974715190008283,3,s,af3726fcacd0ac1320a56ea850b0a2c0f5430cf4eb20a45c078706980f08407e,d24fbe3839599a6a097188bae8cd47ce8083f27deef1341ae3086bf0d5a45bd1,87f63c0590d05baea263cdc42c6e1df2d063fa2def309ecb0283f3036bf33d46,87f63c0590d05baea263cdc42c6e1df2d063fa2def309ecb0283f3036bf33d46,1787978720.9480166,37304.782999999996,18652443,0,0.9584569931030273,1.2136640548706055,1.556992530822754,-0.00133514404296875,0.02956390380859375,0.00438690185546875,-0.0073261260986328125,-0.0024423599243164062,-0.0024423599243164062,-0.0073261260986328125,0.15384674072265625,-0.0073261260986328125,-0.08058643341064453,-2.4410247802734375,7.323078155517578,-1.5555553436279297,0.13919448852539062,-0.10500621795654297,0.0,-2.903500774889227,6.546932429913461,-1.5831639408814493,-0.0041758053354896355,-0.005201109077747887
87,0,train,5,1,0.17453292519943295,1.200116911000805,3,s,af3726fcacd0ac1320a56ea850b0a2c0f5430cf4eb20a45c078706980f08407e,d24fbe3839599a6a097188bae8cd47ce8083f27deef1341ae3086bf0d5a45bd1,87f63c0590d05baea263cdc42c6e1df2d063fa2def309ecb0283f3036bf33d46,87f63c0590d05baea263cdc42c6e1df2d063fa2def309ecb0283f3036bf33d46,1787978720.9495585,37304.784999999996,18652444,0,0.9584569931030273,1.2136640548706055,1.556992530822754,-0.00133514404296875,0.02994537353515625,0.00438690185546875,-0.0073261260986328125,-0.0024423599243164062,-0.0024423599243164062,0.0073261260986328125,0.16849899291992188,-0.0073261260986328125,-0.07570171356201172,-2.4410247802734375,7.25469970703125,-1.5506715774536133,0.13919448852539062,-0.10500621795654297,0.0,-2.903496280797057,6.546927935821291,-1.5831594467892791,-0.004282777038047153,-0.0051959979094134
87,0,train,5,1,0.17453292519943295,1.201702562000719,3,s,af3726fcacd0ac1320a56ea850b0a2c0f5430cf4eb20a45c078706980f08407e,d24fbe3839599a6a097188bae8cd47ce8083f27deef1341ae3086bf0d5a45bd1,87f63c0590d05baea263cdc42c6e1df2d063fa2def309ecb0283f3036bf33d46,87f63c0590d05baea263cdc42c6e1df2d063fa2def309ecb0283f3036bf33d46,1787978720.9516866,37304.787,18652445,0,0.9584569931030273,1.2136640548706055,1.556992530822754,-0.00133514404296875,0.03032684326171875,0.00438690185546875,-0.0073261260986328125,-0.0024423599243164062,-0.0024423599243164062,-0.021978378295898438,0.15384674072265625,-0.0073261260986328125,-0.08058643341064453,-2.4410247802734375,7.3094024658203125,-1.5555553436279297,0.13919448852539062,-0.10500621795654297,0.0,-2.9034916730358886,6.546923328060123,-1.5831548390281103,-0.004389748117378591,-0.005190886799482209
87,0,train,5,1,0.17453292519943295,1.2037953929975629,3,s,af3726fcacd0ac1320a56ea850b0a2c0f5430cf4eb20a45c078706980f08407e,d24fbe3839599a6a097188bae8cd47ce8083f27deef1341ae3086bf0d5a45bd1,87f63c0590d05baea263cdc42c6e1df2d063fa2def309ecb0283f3036bf33d46,87f63c0590d05baea263cdc42c6e1df2d063fa2def309ecb0283f3036bf33d46,1787978720.9537323,37304.789,18652446,0,0.9584569931030273,1.2136640548706055,1.556992530822754,-0.00133514404296875,0.03070831298828125,0.00438690185546875,-0.0073261260986328125,-0.0024423599243164062,-0.0024423599243164062,-0.021978378295898438,0.15384674072265625,-0.0073261260986328125,-0.08058643341064453,-2.4410247802734375,7.350425720214844,-1.5506715774536133,0.1343097686767578,-0.10500621795654297,0.0,-2.903486951606394,6.546918606630628,-1.583150117598615,-0.004496718557917612,-0.005185775748698079
87,0,train,5,1,0.17453292519943295,1.2058234389987774,3,s,af3726fcacd0ac1320a56ea850b0a2c0f5430cf4eb20a45c078706980f08407e,d24fbe3839599a6a097188bae8cd47ce8083f27deef1341ae3086bf0d5a45bd1,87f63c0590d05baea263cdc42c6e1df2d063fa2def309ecb0283f3036bf33d46,87f63c0590d05baea263cdc42c6e1df2d063fa2def309ecb0283f3036bf33d46,1787978720.9557478,37304.791,18652447,0,0.9584569931030273,1.2136640548706055,1.556992530822754,-0.00133514404296875,0.03108978271484375,0.00438690185546875,-0.0073261260986328125,-0.0024423599243164062,-0.0024423599243164062,-0.0073261260986328125,0.16849899291992188,-0.0073261260986328125,-0.07570171356201172,-2.4410247802734375,7.295726776123047,-1.5506715774536133,0.1343097686767578,-0.10500621795654297,0.0,-2.9034821165092572,6.546913771533491,-1.583145282501479,-0.004603688344097972,-0.005180664757804768
87,0,train,5,1,0.17453292519943295,1.2078319749998627,3,s,af3726fcacd0ac1320a56ea850b0a2c0f5430cf4eb20a45c078706980f08407e,d24fbe3839599a6a097188bae8cd47ce8083f27deef1341ae3086bf0d5a45bd1,87f63c0590d05baea263cdc42c6e1df2d063fa2def309ecb0283f3036bf33d46,87f63c0590d05baea263cdc42c6e1df2d063fa2def309ecb0283f3036bf33d46,1787978720.9577272,37304.793,18652448,0,0.9584569931030273,1.2136640548706055,1.556992530822754,-0.00133514404296875,0.031472206115722656,0.00438690185546875,-0.0073261260986328125,-0.0024423599243164062,-0.0024423599243164062,0.0073261260986328125,0.1831493377685547,-0.0073261260986328125,-0.07570171356201172,-2.454700469970703,7.364101409912109,-1.5457878112792969,0.1294260025024414,-0.10500621795654297,0.0,-2.9034771552308363,6.54690881025507,-1.583140321223058,-0.004710924882291625,-0.005175541050296977
87,0,train,5,1,0.17453292519943295,1.2098418370005675,3,s,af3726fcacd0ac1320a56ea850b0a2c0f5430cf4eb20a45c078706980f08407e,d24fbe3839599a6a097188bae8cd47ce8083f27deef1341ae3086bf0d5a45bd1,87f63c0590d05baea263cdc42c6e1df2d063fa2def309ecb0283f3036bf33d46,87f63c0590d05baea263cdc42c6e1df2d063fa2def309ecb0283f3036bf33d46,1787978720.9597425,37304.795,18652449,0,0.9584569931030273,1.2136640548706055,1.556992530822754,-0.00133514404296875,0.031853675842285156,0.00438690185546875,-0.0073261260986328125,-0.0024423599243164062,-0.0024423599243164062,-0.021978378295898438,0.1831493377685547,-0.0073261260986328125,-0.08058643341064453,-2.4410247802734375,7.377777099609375,-1.5506715774536133,0.124542236328125,-0.10500621795654297,0.0,-2.903472092516384,6.546903747540618,-1.583135258508605,-0.0048178933113230665,-0.005170430181570909
87,0,train,5,1,0.17453292519943295,1.211841653996089,3,s,af3726fcacd0ac1320a56ea850b0a2c0f5430cf4eb20a45c078706980f08407e,d24fbe3839599a6a097188bae8cd47ce8083f27deef1341ae3086bf0d5a45bd1,87f63c0590d05baea263cdc42c6e1df2d063fa2def309ecb0283f3036bf33d46,87f63c0590d05baea263cdc42c6e1df2d063fa2def309ecb0283f3036bf33d46,1787978720.9617622,37304.797,18652450,0,0.9584569931030273,1.2136640548706055,1.556992530822754,-0.00133514404296875,0.032235145568847656,0.00438690185546875,-0.0073261260986328125,-0.0024423599243164062,-0.0024423599243164062,-0.0073261260986328125,0.1831493377685547,-0.0073261260986328125,-0.07570171356201172,-2.4410247802734375,7.391452789306641,-1.5506715774536133,0.1196584701538086,-0.10988998413085938,0.0,-2.9034669161364532,6.546898571160687,-1.583130082128674,-0.004924861039258761,-0.005165319374968731
87,0,train,5,1,0.17453292519943295,1.2138576659999671,3,s,af3726fcacd0ac1320a56ea850b0a2c0f5430cf4eb20a45c078706980f08407e,d24fbe3839599a6a097188bae8cd47ce8083f27deef1341ae3086bf0d5a45bd1,87f63c0590d05baea263cdc42c6e1df2d063fa2def309ecb0283f3036bf33d46,87f63c0590d05baea263cdc42c6e1df2d063fa2def309ecb0283f3036bf33d46,1787978720.9637802,37304.799,18652451,0,0.9584569931030273,1.2136640548706055,1.556992530822754,-0.00133514404296875,0.032616615295410156,0.00438690185546875,-0.021978378295898438,-0.0024423599243164062,-0.0024423599243164062,-0.0073261260986328125,0.16849899291992188,-0.0073261260986328125,-0.07570171356201172,-2.4410247802734375,7.405128479003906,-1.5506715774536133,0.11477375030517578,-0.10988998413085938,0.0,-2.903461626091795,6.546893281116029,-1.583124792084017,-0.005031828050532858,-0.0051602086312341625
87,0,train,5,1,0.17453292519943295,1.2158661049979855,3,s,af3726fcacd0ac1320a56ea850b0a2c0f5430cf4eb20a45c078706980f08407e,d24fbe3839599a6a097188bae8cd47ce8083f27deef1341ae3086bf0d5a45bd1,87f63c0590d05baea263cdc42c6e1df2d063fa2def309ecb0283f3036bf33d46,87f63c0590d05baea263cdc42c6e1df2d063fa2def309ecb0283f3036bf33d46,1787978720.966504,37304.801,18652452,0,0.9584569931030273,1.2136640548706055,1.556992530822754,-0.00133514404296875,0.032998085021972656,0.00438690185546875,-0.0073261260986328125,-0.0024423599243164062,-0.0024423599243164062,-0.021978378295898438,0.1831493377685547,-0.0073261260986328125,-0.07570171356201172,-2.4410247802734375,7.336753845214844,-1.5506715774536133,0.10988998413085938,-0.10500621795654297,0.0,-2.9034562223831837,6.546887877407418,-1.5831193883754062,-0.005138794329579612,-0.005155097951110919
87,0,train,5,1,0.17453292519943295,1.2185959839989664,3,s,af3726fcacd0ac1320a56ea850b0a2c0f5430cf4eb20a45c078706980f08407e,d24fbe3839599a6a097188bae8cd47ce8083f27deef1341ae3086bf0d5a45bd1,87f63c0590d05baea263cdc42c6e1df2d063fa2def309ecb0283f3036bf33d46,87f63c0590d05baea263cdc42c6e1df2d063fa2def309ecb0283f3036bf33d46,1787978720.9673653,37304.803,18652453,0,0.9584569931030273,1.2136640548706055,1.556992530822754,-0.00133514404296875,0.033379554748535156,0.00438690185546875,-0.0073261260986328125,-0.0024423599243164062,-0.0024423599243164062,-0.0073261260986328125,0.21245384216308594,-0.0073261260986328125,-0.07570171356201172,-2.4410247802734375,7.25469970703125,-1.5506715774536133,0.10500621795654297,-0.10500621795654297,0.0,-2.9034507050114047,6.546882360035639,-1.583113871003627,-0.005245759860833378,-0.005149987335342698
87,0,train,5,1,0.17453292519943295,1.219447798001056,3,s,af3726fcacd0ac1320a56ea850b0a2c0f5430cf4eb20a45c078706980f08407e,d24fbe3839599a6a097188bae8cd47ce8083f27deef1341ae3086bf0d5a45bd1,87f63c0590d05baea263cdc42c6e1df2d063fa2def309ecb0283f3036bf33d46,87f63c0590d05baea263cdc42c6e1df2d063fa2def309ecb0283f3036bf33d46,1787978720.9693146,37304.805,18652454,0,0.9584569931030273,1.2136640548706055,1.556992530822754,-0.00133514404296875,0.034142494201660156,0.00438690185546875,-0.0073261260986328125,-0.0024423599243164062,-0.0024423599243164062,-0.0073261260986328125,0.2564105987548828,-0.0073261260986328125,-0.07570171356201172,-2.4410247802734375,7.282051086425781,-1.5555553436279297,0.09523773193359375,-0.10500621795654297,0.0,-2.9034393292815692,6.546870984305803,-1.5831024952737913,-0.0054596886176999405,-0.005139766299846089
87,0,train,5,1,0.17453292519943295,1.2214667340012966,3,s,af3726fcacd0ac1320a56ea850b0a2c0f5430cf4eb20a45c078706980f08407e,d24fbe3839599a6a097188bae8cd47ce8083f27deef1341ae3086bf0d5a45bd1,87f63c0590d05baea263cdc42c6e1df2d063fa2def309ecb0283f3036bf33d46,87f63c0590d05baea263cdc42c6e1df2d063fa2def309ecb0283f3036bf33d46,1787978720.9713454,37304.807,18652455,0,0.9584569931030273,1.2136640548706055,1.556992530822754,-0.00133514404296875,0.034523963928222656,0.00438690185546875,-0.021978378295898438,-0.0024423599243164062,-0.0024423599243164062,-0.0073261260986328125,0.22710609436035156,-0.0073261260986328125,-0.07570171356201172,-2.4410247802734375,7.3094024658203125,-1.5555553436279297,0.08547019958496094,-0.10500621795654297,0.0,-2.9034334709251683,6.546865125949402,-1.583096636917389,-0.005566651812181999,-0.0051346558816050564
87,0,train,5,1,0.17453292519943295,1.2234238759992877,3,s,af3726fcacd0ac1320a56ea850b0a2c0f5430cf4eb20a45c078706980f08407e,d24fbe3839599a6a097188bae8cd47ce8083f27deef1341ae3086bf0d5a45bd1,87f63c0590d05baea263cdc42c6e1df2d063fa2def309ecb0283f3036bf33d46,87f63c0590d05baea263cdc42c6e1df2d063fa2def309ecb0283f3036bf33d46,1787978720.9738784,37304.809,18652456,0,0.9584569931030273,1.2136640548706055,1.556992530822754,-0.00133514404296875,0.034905433654785156,0.00438690185546875,-0.0073261260986328125,-0.0024423599243164062,-0.0024423599243164062,-0.021978378295898438,0.22710609436035156,-0.0073261260986328125,-0.07570171356201172,-2.4410247802734375,7.268375396728516,-1.560439109802246,0.07570171356201172,-0.10500621795654297,0.0,-2.903427498908909,6.546859153933143,-1.5830906649011303,-0.005673614196609621,-0.005129545530693762
87,0,train,5,1,0.17453292519943295,1.225960629999463,3,s,af3726fcacd0ac1320a56ea850b0a2c0f5430cf4eb20a45c078706980f08407e,d24fbe3839599a6a097188bae8cd47ce8083f27deef1341ae3086bf0d5a45bd1,87f63c0590d05baea263cdc42c6e1df2d063fa2def309ecb0283f3036bf33d46,87f63c0590d05baea263cdc42c6e1df2d063fa2def309ecb0283f3036bf33d46,1787978720.9758577,37304.811,18652457,0,0.9584569931030273,1.2136640548706055,1.556992530822754,-0.00133514404296875,0.035286903381347656,0.00438690185546875,0.0073261260986328125,-0.0024423599243164062,-0.0024423599243164062,0.0073261260986328125,0.22710609436035156,-0.0073261260986328125,-0.07570171356201172,-2.4273509979248047,7.213676452636719,-1.5555553436279297,0.07081794738769531,-0.10500621795654297,0.0,-2.90342141323366,6.546853068257894,-1.583084579225882,-0.005780575755417717,-0.005124435247855857
87,0,train,5,1,0.17453292519943295,1.2279439039994031,3,s,af3726fcacd0ac1320a56ea850b0a2c0f5430cf4eb20a45c078706980f08407e,d24fbe3839599a6a097188bae8cd47ce8083f27deef1341ae3086bf0d5a45bd1,87f63c0590d05baea263cdc42c6e1df2d063fa2def309ecb0283f3036bf33d46,87f63c0590d05baea263cdc42c6e1df2d063fa2def309ecb0283f3036bf33d46,1787978720.9778683,37304.813,18652458,0,0.9584569931030273,1.2136640548706055,1.556992530822754,-0.00133514404296875,0.035668373107910156,0.00438690185546875,-0.021978378295898438,-0.0024423599243164062,-0.0024423599243164062,-0.021978378295898438,0.21245384216308594,-0.0073261260986328125,-0.07570171356201172,-2.4410247802734375,7.200000762939453,-1.560439109802246,0.0659341812133789,-0.10500621795654297,0.0,-2.9034152139003093,6.546846868924543,-1.5830783798925314,-0.0058875364730413444,-0.005119325033834984
87,0,train,5,1,0.17453292519943295,1.22994992799795,3,s,af3726fcacd0ac1320a56ea850b0a2c0f5430cf4eb20a45c078706980f08407e,d24fbe3839599a6a097188bae8cd47ce8083f27deef1341ae3086bf0d5a45bd1,87f63c0590d05baea263cdc42c6e1df2d063fa2def309ecb0283f3036bf33d46,87f63c0590d05baea263cdc42c6e1df2d063fa2def309ecb0283f3036bf33d46,1787978720.9798431,37304.814999999995,18652459,0,0.9584569931030273,1.2136640548706055,1.556992530822754,-0.00133514404296875,0.036049842834472656,0.00438690185546875,-0.0073261260986328125,-0.0024423599243164062,-0.0024423599243164062,-0.0073261260986328125,0.1978015899658203,-0.0073261260986328125,-0.07570171356201172,-2.4410247802734375,7.268375396728516,-1.5555553436279297,0.0610504150390625,-0.10500621795654297,0.0,-2.9034089009097577,6.546840555933992,-1.5830720669019798,-0.005994496333915659,-0.005114214889374784
87,0,train,5,1,0.17453292519943295,1.2319262410019292,3,s,af3726fcacd0ac1320a56ea850b0a2c0f5430cf4eb20a45c078706980f08407e,d24fbe3839599a6a097188bae8cd47ce8083f27deef1341ae3086bf0d5a45bd1,87f63c0590d05baea263cdc42c6e1df2d063fa2def309ecb0283f3036bf33d46,87f63c0590d05baea263cdc42c6e1df2d063fa2def309ecb0283f3036bf33d46,1787978720.98189,37304.816999999995,18652460,0,0.9584569931030273,1.2136640548706055,1.556992530822754,-0.00133514404296875,0.036431312561035156,0.00438690185546875,-0.0073261260986328125,-0.0024423599243164062,-0.0024423599243164062,0.0073261260986328125,0.1978015899658203,-0.0073261260986328125,-0.07570171356201172,-2.4273509979248047,7.213676452636719,-1.5555553436279297,0.05616569519042969,-0.10500621795654297,0.0,-2.9034024742629234,6.5468341292871575,-1.583065640255145,-0.006101455322475965,-0.005109104815218873
87,0,train,5,1,0.17453292519943295,1.2339750769970124,3,s,af3726fcacd0ac1320a56ea850b0a2c0f5430cf4eb20a45c078706980f08407e,d24fbe3839599a6a097188bae8cd47ce8083f27deef1341ae3086bf0d5a45bd1,87f63c0590d05baea263cdc42c6e1df2d063fa2def309ecb0283f3036bf33d46,87f63c0590d05baea263cdc42c6e1df2d063fa2def309ecb0283f3036bf33d46,1787978720.9833133,37304.818999999996,18652461,0,0.9584569931030273,1.2136640548706055,1.556992530822754,-0.00133514404296875,0.037194252014160156,0.00438690185546875,-0.0073261260986328125,-0.0024423599243164062,-0.0024423599243164062,-0.0073261260986328125,0.1978015899658203,-0.0073261260986328125,-0.07570171356201172,-2.4273509979248047,7.241024017333984,-1.5555553436279297,0.05128192901611328,-0.10500621795654297,0.0,-2.903389280004166,6.5468209350284,-1.583052445996387,-0.006315370620396336,-0.005098884880794375
87,0,train,5,1,0.17453292519943295,1.2353870599981747,3,s,af3726fcacd0ac1320a56ea850b0a2c0f5430cf4eb20a45c078706980f08407e,d24fbe3839599a6a097188bae8cd47ce8083f27deef1341ae3086bf0d5a45bd1,87f63c0590d05baea263cdc42c6e1df2d063fa2def309ecb0283f3036bf33d46,87f63c0590d05baea263cdc42c6e1df2d063fa2def309ecb0283f3036bf33d46,1787978720.9858165,37304.820999999996,18652462,0,0.9584569931030273,1.2136640548706055,1.556992530822754,-0.00133514404296875,0.037575721740722656,0.00438690185546875,-0.021978378295898438,-0.0024423599243164062,-0.0024423599243164062,-0.0073261260986328125,0.1978015899658203,-0.0073261260986328125,-0.07570171356201172,-2.4273509979248047,7.227352142333984,-1.560439109802246,0.05128192901611328,-0.10500621795654297,0.0,-2.903382512394161,6.546814167418395,-1.5830456783863827,-0.006422326898627631,-0.005093775022012983
87,0,train,5,1,0.17453292519943295,1.2378851909961668,3,s,af3726fcacd0ac1320a56ea850b0a2c0f5430cf4eb20a45c078706980f08407e,d24fbe3839599a6a097188bae8cd47ce8083f27deef1341ae3086bf0d5a45bd1,87f63c0590d05baea263cdc42c6e1df2d063fa2def309ecb0283f3036bf33d46,87f63c0590d05baea263cdc42c6e1df2d063fa2def309ecb0283f3036bf33d46,1787978720.9877608,37304.823,18652463,0,0.9584569931030273,1.2136640548706055,1.556992530822754,-0.00133514404296875,0.037957191467285156,0.00438690185546875,-0.0073261260986328125,-0.0024423599243164062,-0.0024423599243164062,-0.0073261260986328125,0.1978015899658203,-0.0073261260986328125,-0.08058643341064453,-2.4273509979248047,7.282051086425781,-1.560439109802246,0.05128192901611328,-0.10988998413085938,0.0,-2.903375631131716,6.54680728615595,-1.5830387971239366,-0.006529282242287372,-0.005088665236510275
87,0,train,5,1,0.17453292519943295,1.2398348299975623,3,s,af3726fcacd0ac1320a56ea850b0a2c0f5430cf4eb20a45c078706980f08407e,d24fbe3839599a6a097188bae8cd47ce8083f27deef1341ae3086bf0d5a45bd1,87f63c0590d05baea263cdc42c6e1df2d063fa2def309ecb0283f3036bf33d46,87f63c0590d05baea263cdc42c6e1df2d063fa2def309ecb0283f3036bf33d46,1787978720.9897046,37304.825,18652464,0,0.9584569931030273,1.2136640548706055,1.556992530822754,-0.00133514404296875,0.038338661193847656,0.00438690185546875,-0.0073261260986328125,-0.0024423599243164062,-0.0024423599243164062,-0.0073261260986328125,0.1831493377685547,-0.0073261260986328125,-0.08058643341064453,-2.4273509979248047,7.336753845214844,-1.560439109802246,0.05128192901611328,-0.10988998413085938,0.0,-2.9033686362178286,6.546800291242063,-1.5830318022100494,-0.006636236635811507,-0.005083555525029823
87,0,train,5,1,0.17453292519943295,1.241803675002302,3,s,af3726fcacd0ac1320a56ea850b0a2c0f5430cf4eb20a45c078706980f08407e,d24fbe3839599a6a097188bae8cd47ce8083f27deef1341ae3086bf0d5a45bd1,87f63c0590d05baea263cdc42c6e1df2d063fa2def309ecb0283f3036bf33d46,87f63c0590d05baea263cdc42c6e1df2d063fa2def309ecb0283f3036bf33d46,1787978720.9916773,37304.827,18652465,0,0.9584569931030273,1.2136640548706055,1.556992530822754,-0.00133514404296875,0.038720130920410156,0.00438690185546875,-0.0073261260986328125,-0.0024423599243164062,-0.0024423599243164062,0.0073261260986328125,0.1978015899658203,-0.0073261260986328125,-0.08058643341064453,-2.4273509979248047,7.3094024658203125,-1.5555553436279297,0.05128192901611328,-0.10988998413085938,0.0,-2.903361527653517,6.546793182677751,-1.5830246936457393,-0.006743190063636127,-0.005078445888315188
87,0,train,5,1,0.17453292519943295,1.2437615009985166,3,s,af3726fcacd0ac1320a56ea850b0a2c0f5430cf4eb20a45c078706980f08407e,d24fbe3839599a6a097188bae8cd47ce8083f27deef1341ae3086bf0d5a45bd1,87f63c0590d05baea263cdc42c6e1df2d063fa2def309ecb0283f3036bf33d46,87f63c0590d05baea263cdc42c6e1df2d063fa2def309ecb0283f3036bf33d46,1787978720.9936051,37304.829,18652466,0,0.9584569931030273,1.2136640548706055,1.556992530822754,-0.00133514404296875,0.039101600646972656,0.00438690185546875,-0.021978378295898438,-0.0024423599243164062,-0.0024423599243164062,-0.0073261260986328125,0.1831493377685547,0.0073261260986328125,-0.08058643341064453,-2.4410247802734375,7.323078155517578,-1.5555553436279297,0.05128192901611328,-0.10500621795654297,0.0,-2.9033543054398185,6.546785960464053,-1.5830174714320406,-0.006850142510197444,-0.005073336327109919
87,0,train,5,1,0.17453292519943295,1.2456823449974763,3,s,af3726fcacd0ac1320a56ea850b0a2c0f5430cf4eb20a45c078706980f08407e,d24fbe3839599a6a097188bae8cd47ce8083f27deef1341ae3086bf0d5a45bd1,87f63c0590d05baea263cdc42c6e1df2d063fa2def309ecb0283f3036bf33d46,87f63c0590d05baea263cdc42c6e1df2d063fa2def309ecb0283f3036bf33d46,1787978720.9962294,37304.831,18652467,0,0.9584569931030273,1.2136640548706055,1.556992530822754,-0.00133514404296875,0.039483070373535156,0.00438690185546875,-0.0073261260986328125,-0.0024423599243164062,-0.0024423599243164062,0.0073261260986328125,0.1978015899658203,0.0073261260986328125,-0.08058643341064453,-2.4273509979248047,7.295726776123047,-1.5555553436279297,0.05128192901611328,-0.10500621795654297,0.0,-2.903346969577782,6.546778624602016,-1.5830101355700037,-0.006957093959931857,-0.0050682268421575576
87,0,train,5,1,0.17453292519943295,1.2483156839953153,3,s,af3726fcacd0ac1320a56ea850b0a2c0f5430cf4eb20a45c078706980f08407e,d24fbe3839599a6a097188bae8cd47ce8083f27deef1341ae3086bf0d5a45bd1,87f63c0590d05baea263cdc42c6e1df2d063fa2def309ecb0283f3036bf33d46,87f63c0590d05baea263cdc42c6e1df2d063fa2def309ecb0283f3036bf33d46,1787978720.997649,37304.833,18652468,0,0.9584569931030273,1.2136640548706055,1.556992530822754,-0.00133514404296875,0.039864540100097656,0.00438690185546875,-0.0073261260986328125,-0.0024423599243164062,-0.0024423599243164062,-0.0073261260986328125,0.1978015899658203,-0.0073261260986328125,-0.08058643341064453,-2.4410247802734375,7.282051086425781,-1.560439109802246,0.05128192901611328,-0.10500621795654297,0.0,-2.9033395200684757,6.54677117509271,-1.5830026860606974,-0.00706404439727586,-0.00506311743420163
87,0,train,5,1,0.17453292519943295,1.249729101997218,3,s,af3726fcacd0ac1320a56ea850b0a2c0f5430cf4eb20a45c078706980f08407e,d24fbe3839599a6a097188bae8cd47ce8083f27deef1341ae3086bf0d5a45bd1,87f63c0590d05baea263cdc42c6e1df2d063fa2def309ecb0283f3036bf33d46,87f63c0590d05baea263cdc42c6e1df2d063fa2def309ecb0283f3036bf33d46,1787978720.9996195,37304.835,18652469,0,0.9584569931030273,1.2136640548706055,1.556992530822754,-0.00133514404296875,0.040246009826660156,0.00438690185546875,0.0073261260986328125,-0.0024423599243164062,-0.0024423599243164062,0.021978378295898438,0.22710609436035156,-0.0073261260986328125,-0.08058643341064453,-2.4410247802734375,7.295726776123047,-1.560439109802246,0.046398162841796875,-0.10988998413085938,0.0,-2.9033319569129836,6.546763611937218,-1.5829951229052046,-0.007170993806666118,-0.0050580081039856535
87,0,train,5,1,0.17453292519943295,1.2516981219960144,3,s,af3726fcacd0ac1320a56ea850b0a2c0f5430cf4eb20a45c078706980f08407e,d24fbe3839599a6a097188bae8cd47ce8083f27deef1341ae3086bf0d5a45bd1,87f63c0590d05baea263cdc42c6e1df2d063fa2def309ecb0283f3036bf33d46,87f63c0590d05baea263cdc42c6e1df2d063fa2def309ecb0283f3036bf33d46,1787978721.0015612,37304.837,18652470,0,0.9584569931030273,1.2136640548706055,1.556992530822754,-0.00133514404296875,0.041008949279785156,0.00438690185546875,0.0073261260986328125,-0.0024423599243164062,-0.0024423599243164062,-0.021978378295898438,0.2564105987548828,-0.0073261260986328125,-0.08058643341064453,-2.4410247802734375,7.295726776123047,-1.565323829650879,0.04151439666748047,-0.10988998413085938,0.0,-2.903316489667858,6.546748144692092,-1.5829796556600797,-0.007384889479332838,-0.005047789679747561
87,0,train,5,1,0.17453292519943295,1.2536410019965842,3,s,af3726fcacd0ac1320a56ea850b0a2c0f5430cf4eb20a45c078706980f08407e,d24fbe3839599a6a097188bae8cd47ce8083f27deef1341ae3086bf0d5a45bd1,87f63c0590d05baea263cdc42c6e1df2d063fa2def309ecb0283f3036bf33d46,87f63c0590d05baea263cdc42c6e1df2d063fa2def309ecb0283f3036bf33d46,1787978721.0035641,37304.839,18652471,0,0.9584569931030273,1.2136640548706055,1.556992530822754,-0.00133514404296875,0.041390419006347656,0.00438690185546875,0.0073261260986328125,-0.0024423599243164062,-0.0024423599243164062,-0.0073261260986328125,0.2564105987548828,-0.0073261260986328125,-0.08058643341064453,-2.4410247802734375,7.336753845214844,-1.560439109802246,0.036629676818847656,-0.10988998413085938,0.0,-2.903308585580477,6.546740240604711,-1.5829717515726982,-0.007491835711483364,-0.005042680587212422
87,0,train,5,1,0.17453292519943295,1.2556458479957655,3,s,af3726fcacd0ac1320a56ea850b0a2c0f5430cf4eb20a45c078706980f08407e,d24fbe3839599a6a097188bae8cd47ce8083f27deef1341ae3086bf0d5a45bd1,87f63c0590d05baea263cdc42c6e1df2d063fa2def309ecb0283f3036bf33d46,87f63c0590d05baea263cdc42c6e1df2d063fa2def309ecb0283f3036bf33d46,1787978721.0055401,37304.841,18652472,0,0.9584569931030273,1.2136640548706055,1.556992530822754,-0.00133514404296875,0.042153358459472656,0.00438690185546875,0.0073261260986328125,-0.0024423599243164062,-0.0024423599243164062,-0.0073261260986328125,0.2564105987548828,-0.0073261260986328125,-0.07570171356201172,-2.4410247802734375,7.377777099609375,-1.560439109802246,0.026862144470214844,-0.10988998413085938,0.0,-2.9032924364818267,6.546724091506061,-1.5829556024740483,-0.007705724889605152,-0.0050324626450273125
87,0,train,5,1,0.17453292519943295,1.257624666999618,3,s,af3726fcacd0ac1320a56ea850b0a2c0f5430cf4eb20a45c078706980f08407e,d24fbe3839599a6a097188bae8cd47ce8083f27deef1341ae3086bf0d5a45bd1,87f63c0590d05baea263cdc42c6e1df2d063fa2def309ecb0283f3036bf33d46,87f63c0590d05baea263cdc42c6e1df2d063fa2def309ecb0283f3036bf33d46,1787978721.0075426,37304.843,18652473,0,0.9584569931030273,1.2136640548706055,1.556992530822754,-0.00133514404296875,0.042534828186035156,0.00438690185546875,-0.021978378295898438,-0.0024423599243164062,-0.0024423599243164062,-0.0073261260986328125,0.2417583465576172,-0.0073261260986328125,-0.07570171356201172,-2.4273509979248047,7.377777099609375,-1.560439109802246,0.017093658447265625,-0.10988998413085938,0.0,-2.9032841914729093,6.546715846497143,-1.58294735746513,-0.007812667804451445,-0.005027353796864248
87,0,train,5,1,0.17453292519943295,1.259627694998926,3,s,af3726fcacd0ac1320a56ea850b0a2c0f5430cf4eb20a45c078706980f08407e,d24fbe3839599a6a097188bae8cd47ce8083f27deef1341ae3086bf0d5a45bd1,87f63c0590d05baea263cdc42c6e1df2d063fa2def309ecb0283f3036bf33d46,87f63c0590d05baea263cdc42c6e1df2d063fa2def309ecb0283f3036bf33d46,1787978721.0095224,37304.845,18652474,0,0.9584569931030273,1.2136640548706055,1.556992530822754,-0.00095367431640625,0.042916297912597656,0.00438690185546875,0.0073261260986328125,-0.0024423599243164062,-0.0024423599243164062,0.0073261260986328125,0.21245384216308594,-0.0073261260986328125,-0.08058643341064453,-2.4410247802734375,7.391452789306641,-1.560439109802246,0.012209892272949219,-0.10988998413085938,0.0,-2.9036339678556664,6.5470656228799005,-1.5832971338478894,-0.007911193540665398,-0.0050236222983242595
87,0,train,5,1,0.17453292519943295,1.261622639001871,3,s,af3726fcacd0ac1320a56ea850b0a2c0f5430cf4eb20a45c078706980f08407e,d24fbe3839599a6a097188bae8cd47ce8083f27deef1341ae3086bf0d5a45bd1,87f63c0590d05baea263cdc42c6e1df2d063fa2def309ecb0283f3036bf33d46,87f63c0590d05baea263cdc42c6e1df2d063fa2def309ecb0283f3036bf33d46,1787978721.0115435,37304.847,18652475,0,0.9584569931030273,1.2136640548706055,1.556992530822754,-0.00133514404296875,0.043297767639160156,0.00438690185546875,0.0073261260986328125,-0.0024423599243164062,-0.0024423599243164062,-0.0073261260986328125,0.21245384216308594,-0.0073261260986328125,-0.08058643341064453,-2.413675308227539,7.364101409912109,-1.565323829650879,0.0073261260986328125,-0.10988998413085938,0.0,-2.9032673605418835,6.5466990155661176,-1.5829305265341058,-0.00802655020790359,-0.005017136350114278
87,0,train,5,1,0.17453292519943295,1.2636259930004599,3,s,af3726fcacd0ac1320a56ea850b0a2c0f5430cf4eb20a45c078706980f08407e,d24fbe3839599a6a097188bae8cd47ce8083f27deef1341ae3086bf0d5a45bd1,87f63c0590d05baea263cdc42c6e1df2d063fa2def309ecb0283f3036bf33d46,87f63c0590d05baea263cdc42c6e1df2d063fa2def309ecb0283f3036bf33d46,1787978721.013495,37304.848999999995,18652476,0,0.9584569931030273,1.2136640548706055,1.556992530822754,-0.00133514404296875,0.043297767639160156,0.00438690185546875,0.0073261260986328125,-0.0024423599243164062,-0.0024423599243164062,-0.0073261260986328125,0.1831493377685547,0.0073261260986328125,-0.07570171356201172,-2.4273509979248047,7.391452789306641,-1.560439109802246,0.0073261260986328125,-0.10500621795654297,0.0,-2.9032673605418835,6.5466990155661176,-1.5829305265341058,-0.00802655020790359,-0.005017136350114278
87,0,train,5,1,0.17453292519943295,1.2655716869994649,3,s,af3726fcacd0ac1320a56ea850b0a2c0f5430cf4eb20a45c078706980f08407e,d24fbe3839599a6a097188bae8cd47ce8083f27deef1341ae3086bf0d5a45bd1,87f63c0590d05baea263cdc42c6e1df2d063fa2def309ecb0283f3036bf33d46,87f63c0590d05baea263cdc42c6e1df2d063fa2def309ecb0283f3036bf33d46,1787978721.0154376,37304.850999999995,18652477,0,0.9584569931030273,1.2136640548706055,1.556992530822754,-0.00133514404296875,0.043679237365722656,0.00438690185546875,-0.0073261260986328125,-0.0024423599243164062,-0.0024423599243164062,-0.0073261260986328125,0.15384674072265625,-0.0073261260986328125,-0.08058643341064453,-2.4273509979248047,7.350425720214844,-1.560439109802246,0.0073261260986328125,-0.10500621795654297,0.0,-2.9032587746222283,6.546690429646462,-1.582921940614449,-0.00813348966538547,-0.0050120277530142044
87,0,train,5,1,0.17453292519943295,1.2675153179952758,3,s,af3726fcacd0ac1320a56ea850b0a2c0f5430cf4eb20a45c078706980f08407e,d24fbe3839599a6a097188bae8cd47ce8083f27deef1341ae3086bf0d5a45bd1,87f63c0590d05baea263cdc42c6e1df2d063fa2def309ecb0283f3036bf33d46,87f63c0590d05baea263cdc42c6e1df2d063fa2def309ecb0283f3036bf33d46,1787978721.0173926,37304.852999999996,18652478,0,0.9584569931030273,1.2136640548706055,1.556992530822754,-0.00133514404296875,0.043679237365722656,0.00438690185546875,-0.0073261260986328125,-0.0024423599243164062,-0.0024423599243164062,-0.021978378295898438,0.10988998413085938,-0.0073261260986328125,-0.07570171356201172,-2.4273509979248047,7.377777099609375,-1.560439109802246,0.017093658447265625,-0.10500621795654297,0.0,-2.9032587746222283,6.546690429646462,-1.582921940614449,-0.00813348966538547,-0.0050120277530142044
87,0,train,5,1,0.17453292519943295,1.269472580999718,3,s,af3726fcacd0ac1320a56ea850b0a2c0f5430cf4eb20a45c078706980f08407e,d24fbe3839599a6a097188bae8cd47ce8083f27deef1341ae3086bf0d5a45bd1,87f63c0590d05baea263cdc42c6e1df2d063fa2def309ecb0283f3036bf33d46,87f63c0590d05baea263cdc42c6e1df2d063fa2def309ecb0283f3036bf33d46,1787978721.0199654,37304.854999999996,18652479,0,0.9584569931030273,1.2136640548706055,1.556992530822754,-0.00133514404296875,0.044060707092285156,0.00438690185546875,-0.0073261260986328125,-0.0024423599243164062,-0.0024423599243164062,-0.021978378295898438,0.09523773193359375,-0.021978378295898438,-0.07570171356201172,-2.4273509979248047,7.336753845214844,-1.5555553436279297,0.026862144470214844,-0.10988998413085938,0.0,-2.9032500750681343,6.546681730092368,-1.5829132410603564,-0.008240427939288846,-0.005006919241088611
87,0,train,5,1,0.17453292519943295,1.2720495870016748,3,s,af3726fcacd0ac1320a56ea850b0a2c0f5430cf4eb20a45c078706980f08407e,d24fbe3839599a6a097188bae8cd47ce8083f27deef1341ae3086bf0d5a45bd1,87f63c0590d05baea263cdc42c6e1df2d063fa2def309ecb0283f3036bf33d46,87f63c0590d05baea263cdc42c6e1df2d063fa2def309ecb0283f3036bf33d46,1787978721.0214229,37304.856999999996,18652480,0,0.9584569931030273,1.2136640548706055,1.556992530822754,-0.00133514404296875,0.044060707092285156,0.00438690185546875,-0.0073261260986328125,-0.0024423599243164062,-0.0024423599243164062,-0.0073261260986328125,0.05128288269042969,-0.021978378295898438,-0.07570171356201172,-2.4273509979248047,7.3094024658203125,-1.5555553436279297,0.046398162841796875,-0.10988998413085938,0.0,-2.9032500750681343,6.546681730092368,-1.5829132410603564,-0.008240427939288846,-0.005006919241088611
87,0,train,5,1,0.17453292519943295,1.273510327002441,3,s,af3726fcacd0ac1320a56ea850b0a2c0f5430cf4eb20a45c078706980f08407e,d24fbe3839599a6a097188bae8cd47ce8083f27deef1341ae3086bf0d5a45bd1,87f63c0590d05baea263cdc42c6e1df2d063fa2def309ecb0283f3036bf33d46,87f63c0590d05baea263cdc42c6e1df2d063fa2def309ecb0283f3036bf33d46,1787978721.0234082,37304.859,18652481,0,0.9584569931030273,1.2136640548706055,1.556992530822754,-0.00133514404296875,0.043679237365722656,0.00438690185546875,-0.021978378295898438,-0.0024423599243164062,-0.0024423599243164062,-0.0073261260986328125,0.021978378295898438,-0.0073261260986328125,-0.07570171356201172,-2.4273509979248047,7.295726776123047,-1.5555553436279297,0.0659341812133789,-0.10988998413085938,0.0,-2.9032587746222283,6.546690429646462,-1.582921940614449,-0.00813348966538547,-0.0050120277530142044
87,0,train,5,1,0.17453292519943295,1.275487325998256,3,s,af3726fcacd0ac1320a56ea850b0a2c0f5430cf4eb20a45c078706980f08407e,d24fbe3839599a6a097188bae8cd47ce8083f27deef1341ae3086bf0d5a45bd1,87f63c0590d05baea263cdc42c6e1df2d063fa2def309ecb0283f3036bf33d46,87f63c0590d05baea263cdc42c6e1df2d063fa2def309ecb0283f3036bf33d46,1787978721.0253832,37304.861,18652482,0,0.9584569931030273,1.2136640548706055,1.556992530822754,-0.00133514404296875,0.043679237365722656,0.00438690185546875,-0.021978378295898438,-0.0024423599243164062,-0.0024423599243164062,-0.021978378295898438,0.021978378295898438,-0.0073261260986328125,-0.07570171356201172,-2.4410247802734375,7.336753845214844,-1.5555553436279297,0.09523773193359375,-0.10988998413085938,0.0,-2.9032587746222283,6.546690429646462,-1.582921940614449,-0.00813348966538547,-0.0050120277530142044
87,0,train,5,1,0.17453292519943295,1.2774577910022344,3,s,af3726fcacd0ac1320a56ea850b0a2c0f5430cf4eb20a45c078706980f08407e,d24fbe3839599a6a097188bae8cd47ce8083f27deef1341ae3086bf0d5a45bd1,87f63c0590d05baea263cdc42c6e1df2d063fa2def309ecb0283f3036bf33d46,87f63c0590d05baea263cdc42c6e1df2d063fa2def309ecb0283f3036bf33d46,1787978721.0274851,37304.863,18652483,0,0.9584569931030273,1.2136640548706055,1.556992530822754,-0.00133514404296875,0.044060707092285156,0.00438690185546875,0.0073261260986328125,-0.0024423599243164062,-0.0024423599243164062,-0.021978378295898438,0.021978378295898438,-0.0073261260986328125,-0.07570171356201172,-2.4410247802734375,7.336753845214844,-1.5555553436279297,0.124542236328125,-0.10500621795654297,0.0,-2.9032500750681343,6.546681730092368,-1.5829132410603564,-0.008240427939288846,-0.005006919241088611
87,0,train,5,1,0.17453292519943295,1.2795728049968602,3,s,af3726fcacd0ac1320a56ea850b0a2c0f5430cf4eb20a45c078706980f08407e,d24fbe3839599a6a097188bae8cd47ce8083f27deef1341ae3086bf0d5a45bd1,87f63c0590d05baea263cdc42c6e1df2d063fa2def309ecb0283f3036bf33d46,87f63c0590d05baea263cdc42c6e1df2d063fa2def309ecb0283f3036bf33d46,1787978721.029446,37304.865,18652484,0,0.9584569931030273,1.2136640548706055,1.556992530822754,-0.00133514404296875,0.044060707092285156,0.00438690185546875,-0.0073261260986328125,-0.0024423599243164062,-0.0024423599243164062,-0.0073261260986328125,0.03663063049316406,-0.0073261260986328125,-0.07570171356201172,-2.4410247802734375,7.364101409912109,-1.5506715774536133,0.15384578704833984,-0.10500621795654297,0.0,-2.9032500750681343,6.546681730092368,-1.5829132410603564,-0.008240427939288846,-0.005006919241088611
87,0,train,5,1,0.17453292519943295,1.2815396270016208,3,s,af3726fcacd0ac1320a56ea850b0a2c0f5430cf4eb20a45c078706980f08407e,d24fbe3839599a6a097188bae8cd47ce8083f27deef1341ae3086bf0d5a45bd1,87f63c0590d05baea263cdc42c6e1df2d063fa2def309ecb0283f3036bf33d46,87f63c0590d05baea263cdc42c6e1df2d063fa2def309ecb0283f3036bf33d46,1787978721.0314069,37304.867,18652485,0,0.9584569931030273,1.2136640548706055,1.556992530822754,-0.00133514404296875,0.044442176818847656,0.00438690185546875,-0.0073261260986328125,-0.0024423599243164062,-0.0024423599243164062,-0.021978378295898438,0.05128288269042969,-0.0073261260986328125,-0.07570171356201172,-2.4410247802734375,7.364101409912109,-1.5506715774536133,0.16849803924560547,-0.10988998413085938,0.0,-2.9032412618808716,6.546672916905106,-1.5829044278730933,-0.008347365014052142,-0.00500181081508088
87,0,train,5,1,0.17453292519943295,1.283488180997665,3,s,af3726fcacd0ac1320a56ea850b0a2c0f5430cf4eb20a45c078706980f08407e,d24fbe3839599a6a097188bae8cd47ce8083f27deef1341ae3086bf0d5a45bd1,87f63c0590d05baea263cdc42c6e1df2d063fa2def309ecb0283f3036bf33d46,87f63c0590d05baea263cdc42c6e1df2d063fa2def309ecb0283f3036bf33d46,1787978721.0333927,37304.869,18652486,0,0.9584569931030273,1.2136640548706055,1.556992530822754,-0.00133514404296875,0.044442176818847656,0.00438690185546875,-0.0073261260986328125,-0.0024423599243164062,-0.0024423599243164062,0.0073261260986328125,0.09523773193359375,-0.0073261260986328125,-0.07570171356201172,-2.454700469970703,7.391452789306641,-1.5457878112792969,0.1831502914428711,-0.10988998413085938,0.0,-2.9032412618808716,6.546672916905106,-1.5829044278730933,-0.008347365014052142,-0.00500181081508088
87,0,train,5,1,0.17453292519943295,1.285475951997796,3,s,af3726fcacd0ac1320a56ea850b0a2c0f5430cf4eb20a45c078706980f08407e,d24fbe3839599a6a097188bae8cd47ce8083f27deef1341ae3086bf0d5a45bd1,87f63c0590d05baea263cdc42c6e1df2d063fa2def309ecb0283f3036bf33d46,87f63c0590d05baea263cdc42c6e1df2d063fa2def309ecb0283f3036bf33d46,1787978721.0353882,37304.871,18652487,0,0.9584569931030273,1.2136640548706055,1.556992530822754,-0.00133514404296875,0.045205116271972656,0.00438690185546875,-0.0073261260986328125,-0.0024423599243164062,-0.0024423599243164062,-0.0073261260986328125,0.13919448852539062,-0.0073261260986328125,-0.08058643341064453,-2.4410247802734375,7.364101409912109,-1.5457878112792969,0.1831502914428711,-0.10988998413085938,0.0,-2.903223294611981,6.546654949636215,-1.5828864606042028,-0.008561235503913127,-0.0049915942237924935
87,0,train,5,1,0.17453292519943295,1.28746737199981,3,s,af3726fcacd0ac1320a56ea850b0a2c0f5430cf4eb20a45c078706980f08407e,d24fbe3839599a6a097188bae8cd47ce8083f27deef1341ae3086bf0d5a45bd1,87f63c0590d05baea263cdc42c6e1df2d063fa2def309ecb0283f3036bf33d46,87f63c0590d05baea263cdc42c6e1df2d063fa2def309ecb0283f3036bf33d46,1787978721.0373657,37304.873,18652488,0,0.9584569931030273,1.2136640548706055,1.556992530822754,-0.00133514404296875,0.045586585998535156,0.00438690185546875,-0.021978378295898438,-0.0024423599243164062,-0.0024423599243164062,-0.0073261260986328125,0.21245384216308594,-0.0073261260986328125,-0.08058643341064453,-2.4410247802734375,7.336753845214844,-1.5457878112792969,0.17338180541992188,-0.10988998413085938,0.0,-2.90321414053297,6.546645795557204,-1.5828773065251909,-0.00866816888788856,-0.004986486059998547
87,0,train,5,1,0.17453292519943295,1.2894440410018433,3,s,af3726fcacd0ac1320a56ea850b0a2c0f5430cf4eb20a45c078706980f08407e,d24fbe3839599a6a097188bae8cd47ce8083f27deef1341ae3086bf0d5a45bd1,87f63c0590d05baea263cdc42c6e1df2d063fa2def309ecb0283f3036bf33d46,87f63c0590d05baea263cdc42c6e1df2d063fa2def309ecb0283f3036bf33d46,1787978721.0399227,37304.875,18652489,0,0.9584569931030273,1.2136640548706055,1.556992530822754,-0.00133514404296875,0.046349525451660156,0.00438690185546875,-0.0073261260986328125,-0.0024423599243164062,-0.0024423599243164062,-0.021978378295898438,0.2417583465576172,-0.0073261260986328125,-0.07570171356201172,-2.4410247802734375,7.364101409912109,-1.5457878112792969,0.14896202087402344,-0.10988998413085938,0.0,-2.9031954914924714,6.546627146516705,-1.5828586574846921,-0.008882031856125032,-0.004976269999827827
87,0,train,5,1,0.17453292519943295,1.2920043039994198,3,s,af3726fcacd0ac1320a56ea850b0a2c0f5430cf4eb20a45c078706980f08407e,d24fbe3839599a6a097188bae8cd47ce8083f27deef1341ae3086bf0d5a45bd1,87f63c0590d05baea263cdc42c6e1df2d063fa2def309ecb0283f3036bf33d46,87f63c0590d05baea263cdc42c6e1df2d063fa2def309ecb0283f3036bf33d46,1787978721.0425377,37304.877,18652490,0,0.9584569931030273,1.2136640548706055,1.556992530822754,-0.00133514404296875,0.046730995178222656,0.00438690185546875,-0.0073261260986328125,-0.0024423599243164062,-0.0024423599243164062,-0.0073261260986328125,0.22710609436035156,-0.0073261260986328125,-0.08058643341064453,-2.4273509979248047,7.350425720214844,-1.5506715774536133,0.1294260025024414,-0.10988998413085938,0.0,-2.9031859965336984,6.546617651557932,-1.5828491625259196,-0.008988961409264914,-0.004971162104937684
87,0,train,5,1,0.17453292519943295,1.2946211480011698,3,s,af3726fcacd0ac1320a56ea850b0a2c0f5430cf4eb20a45c078706980f08407e,d24fbe3839599a6a097188bae8cd47ce8083f27deef1341ae3086bf0d5a45bd1,87f63c0590d05baea263cdc42c6e1df2d063fa2def309ecb0283f3036bf33d46,87f63c0590d05baea263cdc42c6e1df2d063fa2def309ecb0283f3036bf33d46,1787978721.0434186,37304.879,18652491,0,0.9584569931030273,1.2136640548706055,1.556992530822754,-0.00133514404296875,0.047112464904785156,0.00438690185546875,-0.0073261260986328125,-0.0024423599243164062,-0.0024423599243164062,-0.0073261260986328125,0.21245384216308594,-0.0073261260986328125,-0.07570171356201172,-2.4410247802734375,7.377777099609375,-1.5506715774536133,0.10988998413085938,-0.10988998413085938,0.0,-2.903176387951079,6.546608042975313,-1.5828395539433011,-0.00909588965433877,-0.004966054301168753
87,0,train,5,1,0.17453292519943295,1.2955017279964522,3,s,af3726fcacd0ac1320a56ea850b0a2c0f5430cf4eb20a45c078706980f08407e,d24fbe3839599a6a097188bae8cd47ce8083f27deef1341ae3086bf0d5a45bd1,87f63c0590d05baea263cdc42c6e1df2d063fa2def309ecb0283f3036bf33d46,87f63c0590d05baea263cdc42c6e1df2d063fa2def309ecb0283f3036bf33d46,1787978721.045386,37304.881,18652492,0,0.9584569931030273,1.2136640548706055,1.556992530822754,-0.00133514404296875,0.047875404357910156,0.00438690185546875,-0.021978378295898438,-0.0024423599243164062,-0.0024423599243164062,-0.0073261260986328125,0.2417583465576172,-0.0073261260986328125,-0.08058643341064453,-2.4410247802734375,7.336753845214844,-1.5506715774536133,0.09523773193359375,-0.10988998413085938,0.0,-2.903156829919916,6.5465884849441505,-1.5828199959121378,-0.009309742158048159,-0.004955838969967649
87,0,train,5,1,0.17453292519943295,1.2974607829964953,3,s,af3726fcacd0ac1320a56ea850b0a2c0f5430cf4eb20a45c078706980f08407e,d24fbe3839599a6a097188bae8cd47ce8083f27deef1341ae3086bf0d5a45bd1,87f63c0590d05baea263cdc42c6e1df2d063fa2def309ecb0283f3036bf33d46,87f63c0590d05baea263cdc42c6e1df2d063fa2def309ecb0283f3036bf33d46,1787978721.0473456,37304.883,18652493,0,0.9584569931030273,1.2136640548706055,1.556992530822754,-0.00133514404296875,0.048638343811035156,0.00438690185546875,-0.0073261260986328125,-0.0024423599243164062,-0.0024423599243164062,-0.0073261260986328125,0.27106285095214844,-0.0073261260986328125,-0.07570171356201172,-2.4410247802734375,7.323078155517578,-1.5555553436279297,0.07570171356201172,-0.10500621795654297,0.0,-2.903136817410363,6.546568472434597,-1.5827999834025854,-0.009523589242774666,-0.004945624012170617
87,0,train,5,1,0.17453292519943295,1.299425044999225,3,s,af3726fcacd0ac1320a56ea850b0a2c0f5430cf4eb20a45c078706980f08407e,d24fbe3839599a6a097188bae8cd47ce8083f27deef1341ae3086bf0d5a45bd1,87f63c0590d05baea263cdc42c6e1df2d063fa2def309ecb0283f3036bf33d46,87f63c0590d05baea263cdc42c6e1df2d063fa2def309ecb0283f3036bf33d46,1787978721.0498924,37304.884999999995,18652494,0,0.9584569931030273,1.2136640548706055,1.556992530822754,-0.00133514404296875,0.049019813537597656,0.00438690185546875,-0.0073261260986328125,-0.0024423599243164062,-0.0024423599243164062,-0.0073261260986328125,0.27106285095214844,-0.0073261260986328125,-0.07570171356201172,-2.4410247802734375,7.3094024658203125,-1.5506715774536133,0.0610504150390625,-0.10500621795654297,0.0,-2.903126640729823,6.546558295754057,-1.5827898067220445,-0.009630510714120657,-0.004940516675156727
87,0,train,5,1,0.17453292519943295,1.3019859949999955,3,s,af3726fcacd0ac1320a56ea850b0a2c0f5430cf4eb20a45c078706980f08407e,d24fbe3839599a6a097188bae8cd47ce8083f27deef1341ae3086bf0d5a45bd1,87f63c0590d05baea263cdc42c6e1df2d063fa2def309ecb0283f3036bf33d46,87f63c0590d05baea263cdc42c6e1df2d063fa2def309ecb0283f3036bf33d46,1787978721.051865,37304.886999999995,18652495,0,0.9584569931030273,1.2136640548706055,1.556992530822754,-0.00133514404296875,0.049401283264160156,0.00438690185546875,-0.021978378295898438,-0.0024423599243164062,-0.0024423599243164062,-0.0073261260986328125,0.2564105987548828,-0.0073261260986328125,-0.07570171356201172,-2.4410247802734375,7.350425720214844,-1.5555553436279297,0.05128192901611328,-0.10500621795654297,0.0,-2.903116350434073,6.546548005458307,-1.582779516426295,-0.009737430784042912,-0.004935409433723547
87,0,train,5,1,0.17453292519943295,1.3039450770011172,3,s,af3726fcacd0ac1320a56ea850b0a2c0f5430cf4eb20a45c078706980f08407e,d24fbe3839599a6a097188bae8cd47ce8083f27deef1341ae3086bf0d5a45bd1,87f63c0590d05baea263cdc42c6e1df2d063fa2def309ecb0283f3036bf33d46,87f63c0590d05baea263cdc42c6e1df2d063fa2def309ecb0283f3036bf33d46,1787978721.0538309,37304.888999999996,18652496,0,0.9584569931030273,1.2136640548706055,1.556992530822754,-0.00133514404296875,0.049782752990722656,0.00438690185546875,-0.0073261260986328125,-0.0024423599243164062,-0.0024423599243164062,-0.0073261260986328125,0.22710609436035156,-0.0073261260986328125,-0.08058643341064453,-2.4410247802734375,7.336753845214844,-1.5555553436279297,0.04151439666748047,-0.10988998413085938,0.0,-2.903105946524613,6.546537601548847,-1.5827691125168346,-0.009844349436982501,-0.004930302288614275
87,0,train,5,1,0.17453292519943295,1.3059055900012027,3,s,af3726fcacd0ac1320a56ea850b0a2c0f5430cf4eb20a45c078706980f08407e,d24fbe3839599a6a097188bae8cd47ce8083f27deef1341ae3086bf0d5a45bd1,87f63c0590d05baea263cdc42c6e1df2d063fa2def309ecb0283f3036bf33d46,87f63c0590d05baea263cdc42c6e1df2d063fa2def309ecb0283f3036bf33d46,1787978721.0558145,37304.890999999996,18652497,0,0.9584569931030273,1.2136640548706055,1.556992530822754,-0.00133514404296875,0.050164222717285156,0.00438690185546875,-0.0073261260986328125,-0.0024423599243164062,-0.0024423599243164062,-0.0073261260986328125,0.1978015899658203,-0.0073261260986328125,-0.07570171356201172,-2.4273509979248047,7.377777099609375,-1.5555553436279297,0.04151439666748047,-0.10988998413085938,0.0,-2.903095429002956,6.54652708402719,-1.5827585949951775,-0.009951266657380732,-0.0049251952405721024
87,0,train,5,1,0.17453292519943295,1.307896136000636,3,s,af3726fcacd0ac1320a56ea850b0a2c0f5430cf4eb20a45c078706980f08407e,d24fbe3839599a6a097188bae8cd47ce8083f27deef1341ae3086bf0d5a45bd1,87f63c0590d05baea263cdc42c6e1df2d063fa2def309ecb0283f3036bf33d46,87f63c0590d05baea263cdc42c6e1df2d063fa2def309ecb0283f3036bf33d46,1787978721.0578563,37304.893,18652498,0,0.9584569931030273,1.2136640548706055,1.556992530822754,-0.00133514404296875,0.050164222717285156,0.00438690185546875,-0.0073261260986328125,-0.0024423599243164062,-0.0024423599243164062,-0.0073261260986328125,0.15384674072265625,0.0073261260986328125,-0.08058643341064453,-2.4410247802734375,7.405128479003906,-1.5555553436279297,0.04151439666748047,-0.10500621795654297,0.0,-2.903095429002956,6.54652708402719,-1.5827585949951775,-0.009951266657380732,-0.0049251952405721024
87,0,train,5,1,0.17453292519943295,1.3099398519989336,3,s,af3726fcacd0ac1320a56ea850b0a2c0f5430cf4eb20a45c078706980f08407e,d24fbe3839599a6a097188bae8cd47ce8083f27deef1341ae3086bf0d5a45bd1,87f63c0590d05baea263cdc42c6e1df2d063fa2def309ecb0283f3036bf33d46,87f63c0590d05baea263cdc42c6e1df2d063fa2def309ecb0283f3036bf33d46,1787978721.059832,37304.895,18652499,0,0.9584569931030273,1.2136640548706055,1.556992530822754,-0.00133514404296875,0.050545692443847656,0.00438690185546875,-0.0073261260986328125,-0.0024423599243164062,-0.0024423599243164062,-0.0073261260986328125,0.124542236328125,0.0073261260986328125,-0.07570171356201172,-2.4410247802734375,7.336753845214844,-1.5555553436279297,0.04151439666748047,-0.10500621795654297,0.0,-2.903084797870633,6.546516452894867,-1.582747963862855,-0.010058182429679093,-0.004920088290340201
87,0,train,5,1,0.17453292519943295,1.3119066750005004,3,s,af3726fcacd0ac1320a56ea850b0a2c0f5430cf4eb20a45c078706980f08407e,d24fbe3839599a6a097188bae8cd47ce8083f27deef1341ae3086bf0d5a45bd1,87f63c0590d05baea263cdc42c6e1df2d063fa2def309ecb0283f3036bf33d46,87f63c0590d05baea263cdc42c6e1df2d063fa2def309ecb0283f3036bf33d46,1787978721.06177,37304.897,18652500,0,0.9584569931030273,1.2136640548706055,1.556992530822754,-0.00133514404296875,0.050545692443847656,0.00438690185546875,-0.0073261260986328125,-0.0024423599243164062,-0.0024423599243164062,-0.021978378295898438,0.09523773193359375,-0.0073261260986328125,-0.07570171356201172,-2.4410247802734375,7.336753845214844,-1.5555553436279297,0.05128192901611328,-0.10500621795654297,0.0,-2.903084797870633,6.546516452894867,-1.582747963862855,-0.010058182429679093,-0.004920088290340201
87,0,train,5,1,0.17453292519943295,1.3138452599960146,3,s,af3726fcacd0ac1320a56ea850b0a2c0f5430cf4eb20a45c078706980f08407e,d24fbe3839599a6a097188bae8cd47ce8083f27deef1341ae3086bf0d5a45bd1,87f63c0590d05baea263cdc42c6e1df2d063fa2def309ecb0283f3036bf33d46,87f63c0590d05baea263cdc42c6e1df2d063fa2def309ecb0283f3036bf33d46,1787978721.0637243,37304.899,18652501,0,0.9584569931030273,1.2136640548706055,1.556992530822754,-0.00133514404296875,0.050545692443847656,0.00438690185546875,-0.021978378295898438,-0.0024423599243164062,-0.0024423599243164062,-0.0073261260986328125,0.08058547973632812,-0.0073261260986328125,-0.07570171356201172,-2.4410247802734375,7.323078155517578,-1.5506715774536133,0.0659341812133789,-0.10500621795654297,0.0,-2.903084797870633,6.546516452894867,-1.582747963862855,-0.010058182429679093,-0.004920088290340201
87,0,train,5,1,0.17453292519943295,1.3158001909978339,3,s,af3726fcacd0ac1320a56ea850b0a2c0f5430cf4eb20a45c078706980f08407e,d24fbe3839599a6a097188bae8cd47ce8083f27deef1341ae3086bf0d5a45bd1,87f63c0590d05baea263cdc42c6e1df2d063fa2def309ecb0283f3036bf33d46,87f63c0590d05baea263cdc42c6e1df2d063fa2def309ecb0283f3036bf33d46,1787978721.0656722,37304.901,18652502,0,0.9584569931030273,1.2136640548706055,1.556992530822754,-0.00133514404296875,0.050545692443847656,0.00438690185546875,-0.0073261260986328125,-0.0024423599243164062,-0.0024423599243164062,-0.021978378295898438,0.05128288269042969,-0.021978378295898438,-0.07570171356201172,-2.4410247802734375,7.295726776123047,-1.5506715774536133,0.09035396575927734,-0.10500621795654297,0.0,-2.903084797870633,6.546516452894867,-1.582747963862855,-0.010058182429679093,-0.004920088290340201
87,0,train,5,1,0.17453292519943295,1.3177541379991453,3,s,af3726fcacd0ac1320a56ea850b0a2c0f5430cf4eb20a45c078706980f08407e,d24fbe3839599a6a097188bae8cd47ce8083f27deef1341ae3086bf0d5a45bd1,87f63c0590d05baea263cdc42c6e1df2d063fa2def309ecb0283f3036bf33d46,87f63c0590d05baea263cdc42c6e1df2d063fa2def309ecb0283f3036bf33d46,1787978721.0676494,37304.903,18652503,0,0.9584569931030273,1.2136640548706055,1.556992530822754,-0.00133514404296875,0.050545692443847656,0.00438690185546875,-0.0073261260986328125,-0.0024423599243164062,-0.0024423599243164062,-0.0073261260986328125,0.021978378295898438,-0.021978378295898438,-0.07570171356201172,-2.4410247802734375,7.268375396728516,-1.5457878112792969,0.124542236328125,-0.10500621795654297,0.0,-2.903084797870633,6.546516452894867,-1.582747963862855,-0.010058182429679093,-0.004920088290340201
87,0,train,5,1,0.17453292519943295,1.3197311109979637,3,s,af3726fcacd0ac1320a56ea850b0a2c0f5430cf4eb20a45c078706980f08407e,d24fbe3839599a6a097188bae8cd47ce8083f27deef1341ae3086bf0d5a45bd1,87f63c0590d05baea263cdc42c6e1df2d063fa2def309ecb0283f3036bf33d46,87f63c0590d05baea263cdc42c6e1df2d063fa2def309ecb0283f3036bf33d46,1787978721.0696025,37304.905,18652504,0,0.9584569931030273,1.2136640548706055,1.556992530822754,-0.00133514404296875,0.050545692443847656,0.00438690185546875,-0.0073261260986328125,-0.0024423599243164062,-0.0024423599243164062,-0.0073261260986328125,-0.0073261260986328125,-0.0073261260986328125,-0.07570171356201172,-2.4410247802734375,7.268375396728516,-1.5457878112792969,0.16361427307128906,-0.10500621795654297,0.0,-2.903084797870633,6.546516452894867,-1.582747963862855,-0.010058182429679093,-0.004920088290340201
87,0,train,5,1,0.17453292519943295,1.3216969619970769,3,s,af3726fcacd0ac1320a56ea850b0a2c0f5430cf4eb20a45c078706980f08407e,d24fbe3839599a6a097188bae8cd47ce8083f27deef1341ae3086bf0d5a45bd1,87f63c0590d05baea263cdc42c6e1df2d063fa2def309ecb0283f3036bf33d46,87f63c0590d05baea263cdc42c6e1df2d063fa2def309ecb0283f3036bf33d46,1787978721.0715547,37304.907,18652505,0,0.9584569931030273,1.2136640548706055,1.556992530822754,-0.00133514404296875,0.050545692443847656,0.00438690185546875,-0.0073261260986328125,-0.0024423599243164062,-0.0024423599243164062,-0.021978378295898438,0.0073261260986328125,-0.0073261260986328125,-0.08058643341064453,-2.4410247802734375,7.282051086425781,-1.5506715774536133,0.20268630981445312,-0.10500621795654297,0.0,-2.903084797870633,6.546516452894867,-1.582747963862855,-0.010058182429679093,-0.004920088290340201
87,0,train,5,1,0.17453292519943295,1.3236320009964402,3,s,af3726fcacd0ac1320a56ea850b0a2c0f5430cf4eb20a45c078706980f08407e,d24fbe3839599a6a097188bae8cd47ce8083f27deef1341ae3086bf0d5a45bd1,87f63c0590d05baea263cdc42c6e1df2d063fa2def309ecb0283f3036bf33d46,87f63c0590d05baea263cdc42c6e1df2d063fa2def309ecb0283f3036bf33d46,1787978721.0735393,37304.909,18652506,0,0.9584569931030273,1.2136640548706055,1.556992530822754,-0.00133514404296875,0.050545692443847656,0.00438690185546875,-0.021978378295898438,-0.0024423599243164062,-0.0024423599243164062,-0.0073261260986328125,0.021978378295898438,-0.0073261260986328125,-0.08058643341064453,-2.4410247802734375,7.336753845214844,-1.5457878112792969,0.22710609436035156,-0.10012245178222656,0.0,-2.903084797870633,6.546516452894867,-1.582747963862855,-0.010058182429679093,-0.004920088290340201
87,0,train,5,1,0.17453292519943295,1.3256234820000827,3,s,af3726fcacd0ac1320a56ea850b0a2c0f5430cf4eb20a45c078706980f08407e,d24fbe3839599a6a097188bae8cd47ce8083f27deef1341ae3086bf0d5a45bd1,87f63c0590d05baea263cdc42c6e1df2d063fa2def309ecb0283f3036bf33d46,87f63c0590d05baea263cdc42c6e1df2d063fa2def309ecb0283f3036bf33d46,1787978721.0755036,37304.911,18652507,0,0.9584569931030273,1.2136640548706055,1.556992530822754,-0.00133514404296875,0.050927162170410156,0.00438690185546875,-0.0073261260986328125,-0.0024423599243164062,-0.0024423599243164062,-0.021978378295898438,0.05128288269042969,-0.0073261260986328125,-0.08058643341064453,-2.4410247802734375,7.364101409912109,-1.5457878112792969,0.2466421127319336,-0.10500621795654297,0.0,-2.9030740531291914,6.5465057081534255,-1.5827372191214122,-0.010165096738319286,-0.004914981438661729
87,0,train,5,1,0.17453292519943295,1.3275780569965718,3,s,af3726fcacd0ac1320a56ea850b0a2c0f5430cf4eb20a45c078706980f08407e,d24fbe3839599a6a097188bae8cd47ce8083f27deef1341ae3086bf0d5a45bd1,87f63c0590d05baea263cdc42c6e1df2d063fa2def309ecb0283f3036bf33d46,87f63c0590d05baea263cdc42c6e1df2d063fa2def309ecb0283f3036bf33d46,1787978721.077441,37304.913,18652508,0,0.9584569931030273,1.2136640548706055,1.556992530822754,-0.00133514404296875,0.050927162170410156,0.00438690185546875,0.0073261260986328125,-0.0024423599243164062,-0.0024423599243164062,0.0073261260986328125,0.0659332275390625,-0.0073261260986328125,-0.08058643341064453,-2.4410247802734375,7.295726776123047,-1.5457878112792969,0.2612943649291992,-0.10012245178222656,0.0,-2.9030740531291914,6.5465057081534255,-1.5827372191214122,-0.010165096738319286,-0.004914981438661729
87,0,train,5,1,0.17453292519943295,1.3295222209999338,3,s,af3726fcacd0ac1320a56ea850b0a2c0f5430cf4eb20a45c078706980f08407e,d24fbe3839599a6a097188bae8cd47ce8083f27deef1341ae3086bf0d5a45bd1,87f63c0590d05baea263cdc42c6e1df2d063fa2def309ecb0283f3036bf33d46,87f63c0590d05baea263cdc42c6e1df2d063fa2def309ecb0283f3036bf33d46,1787978721.0793843,37304.915,18652509,0,0.9584569931030273,1.2136640548706055,1.556992530822754,-0.00133514404296875,0.051308631896972656,0.00438690185546875,-0.0073261260986328125,-0.0024423599243164062,-0.0024423599243164062,-0.0073261260986328125,0.09523773193359375,-0.0073261260986328125,-0.08058643341064453,-2.454700469970703,7.3094024658203125,-1.5457878112792969,0.2612943649291992,-0.10500621795654297,0.0,-2.903063194780193,6.546494849804427,-1.5827263607724151,-0.010272009567743233,-0.004909874686279832
87,0,train,5,1,0.17453292519943295,1.3314623170008417,3,s,af3726fcacd0ac1320a56ea850b0a2c0f5430cf4eb20a45c078706980f08407e,d24fbe3839599a6a097188bae8cd47ce8083f27deef1341ae3086bf0d5a45bd1,87f63c0590d05baea263cdc42c6e1df2d063fa2def309ecb0283f3036bf33d46,87f63c0590d05baea263cdc42c6e1df2d063fa2def309ecb0283f3036bf33d46,1787978721.081348,37304.917,18652510,0,0.9584569931030273,1.2136640548706055,1.556992530822754,-0.00133514404296875,0.051690101623535156,0.00438690185546875,-0.0073261260986328125,-0.0024423599243164062,-0.0024423599243164062,0.0073261260986328125,0.10988998413085938,-0.0073261260986328125,-0.08058643341064453,-2.4410247802734375,7.3094024658203125,-1.5506715774536133,0.2564105987548828,-0.10500621795654297,0.0,-2.90305222282522,6.546483877849454,-1.5827153888174414,-0.010378920902393082,-0.0049047680339376395
87,0,train,5,1,0.17453292519943295,1.3334212769987062,3,s,af3726fcacd0ac1320a56ea850b0a2c0f5430cf4eb20a45c078706980f08407e,d24fbe3839599a6a097188bae8cd47ce8083f27deef1341ae3086bf0d5a45bd1,87f63c0590d05baea263cdc42c6e1df2d063fa2def309ecb0283f3036bf33d46,87f63c0590d05baea263cdc42c6e1df2d063fa2def309ecb0283f3036bf33d46,1787978721.0833755,37304.919,18652511,0,0.9584569931030273,1.2136640548706055,1.556992530822754,-0.00133514404296875,0.052071571350097656,0.00438690185546875,-0.0073261260986328125,-0.0024423599243164062,-0.0024423599243164062,-0.021978378295898438,0.13919448852539062,-0.0073261260986328125,-0.08058643341064453,-2.4410247802734375,7.295726776123047,-1.5555553436279297,0.2417583465576172,-0.10500621795654297,0.0,-2.9030411372658675,6.546472792290102,-1.5827043032580899,-0.010485830726711174,-0.004899661482378269
87,0,train,5,1,0.17453292519943295,1.335461545997532,3,s,af3726fcacd0ac1320a56ea850b0a2c0f5430cf4eb20a45c078706980f08407e,d24fbe3839599a6a097188bae8cd47ce8083f27deef1341ae3086bf0d5a45bd1,87f63c0590d05baea263cdc42c6e1df2d063fa2def309ecb0283f3036bf33d46,87f63c0590d05baea263cdc42c6e1df2d063fa2def309ecb0283f3036bf33d46,1787978721.0853395,37304.920999999995,18652512,0,0.9584569931030273,1.2136640548706055,1.556992530822754,-0.00133514404296875,0.052834510803222656,0.00438690185546875,-0.0073261260986328125,-0.0024423599243164062,-0.0024423599243164062,-0.021978378295898438,0.1831493377685547,-0.0073261260986328125,-0.08058643341064453,-2.454700469970703,7.241024017333984,-1.5506715774536133,0.22222232818603516,-0.10500621795654297,0.0,-2.9030186253404966,6.546450280364731,-1.5826817913327182,-0.010699645782122617,-0.00488944868458038
87,0,train,5,1,0.17453292519943295,1.3374181059989496,3,s,af3726fcacd0ac1320a56ea850b0a2c0f5430cf4eb20a45c078706980f08407e,d24fbe3839599a6a097188bae8cd47ce8083f27deef1341ae3086bf0d5a45bd1,87f63c0590d05baea263cdc42c6e1df2d063fa2def309ecb0283f3036bf33d46,87f63c0590d05baea263cdc42c6e1df2d063fa2def309ecb0283f3036bf33d46,1787978721.0879116,37304.922999999995,18652513,0,0.9584569931030273,1.2136640548706055,1.556992530822754,-0.00133514404296875,0.053215980529785156,0.00438690185546875,-0.0073261260986328125,-0.0024423599243164062,-0.0024423599243164062,0.0073261260986328125,0.22710609436035156,-0.0073261260986328125,-0.08058643341064453,-2.454700469970703,7.213676452636719,-1.5506715774536133,0.20268630981445312,-0.10500621795654297,0.0,-2.903007198977753,6.5464388540019876,-1.5826703649699745,-0.010806550982101776,-0.0048843424398280185
87,0,train,5,1,0.17453292519943295,1.3399944150005467,3,s,af3726fcacd0ac1320a56ea850b0a2c0f5430cf4eb20a45c078706980f08407e,d24fbe3839599a6a097188bae8cd47ce8083f27deef1341ae3086bf0d5a45bd1,87f63c0590d05baea263cdc42c6e1df2d063fa2def309ecb0283f3036bf33d46,87f63c0590d05baea263cdc42c6e1df2d063fa2def309ecb0283f3036bf33d46,1787978721.0893366,37304.924999999996,18652514,0,0.9584569931030273,1.2136640548706055,1.556992530822754,-0.00133514404296875,0.053978919982910156,0.00438690185546875,-0.0073261260986328125,-0.0024423599243164062,-0.0024423599243164062,-0.0073261260986328125,0.2417583465576172,-0.0073261260986328125,-0.07570171356201172,-2.4410247802734375,7.295726776123047,-1.5506715774536133,0.1782665252685547,-0.10500621795654297,0.0,-2.902984005460465,6.5464156604846995,-1.5826471714526862,-0.011020356648823228,-0.004874130262331744
87,0,train,5,1,0.17453292519943295,1.3414339250011835,3,s,af3726fcacd0ac1320a56ea850b0a2c0f5430cf4eb20a45c078706980f08407e,d24fbe3839599a6a097188bae8cd47ce8083f27deef1341ae3086bf0d5a45bd1,87f63c0590d05baea263cdc42c6e1df2d063fa2def309ecb0283f3036bf33d46,87f63c0590d05baea263cdc42c6e1df2d063fa2def309ecb0283f3036bf33d46,1787978721.0918975,37304.926999999996,18652515,0,0.9584569931030273,1.2136640548706055,1.556992530822754,-0.00133514404296875,0.054360389709472656,0.00438690185546875,-0.0073261260986328125,-0.0024423599243164062,-0.0024423599243164062,0.0073261260986328125,0.22710609436035156,-0.0073261260986328125,-0.08058643341064453,-2.4410247802734375,7.3094024658203125,-1.5506715774536133,0.15873050689697266,-0.10500621795654297,0.0,-2.9029722383092937,6.546403893333528,-1.5826354043015158,-0.011127257084452695,-0.004869024331073899
87,0,train,5,1,0.17453292519943295,1.3439780350017827,3,s,af3726fcacd0ac1320a56ea850b0a2c0f5430cf4eb20a45c078706980f08407e,d24fbe3839599a6a097188bae8cd47ce8083f27deef1341ae3086bf0d5a45bd1,87f63c0590d05baea263cdc42c6e1df2d063fa2def309ecb0283f3036bf33d46,87f63c0590d05baea263cdc42c6e1df2d063fa2def309ecb0283f3036bf33d46,1787978721.0938497,37304.929,18652516,0,0.9584569931030273,1.2136640548706055,1.556992530822754,-0.00133514404296875,0.054360389709472656,0.00438690185546875,-0.0073261260986328125,-0.0024423599243164062,-0.0024423599243164062,-0.0073261260986328125,0.1978015899658203,-0.0073261260986328125,-0.08058643341064453,-2.4410247802734375,7.3094024658203125,-1.560439109802246,0.13919448852539062,-0.10012245178222656,0.0,-2.9029722383092937,6.546403893333528,-1.5826354043015158,-0.011127257084452695,-0.004869024331073899
87,0,train,5,1,0.17453292519943295,1.3459243760007666,3,s,af3726fcacd0ac1320a56ea850b0a2c0f5430cf4eb20a45c078706980f08407e,d24fbe3839599a6a097188bae8cd47ce8083f27deef1341ae3086bf0d5a45bd1,87f63c0590d05baea263cdc42c6e1df2d063fa2def309ecb0283f3036bf33d46,87f63c0590d05baea263cdc42c6e1df2d063fa2def309ecb0283f3036bf33d46,1787978721.0958176,37304.931,18652517,0,0.9584569931030273,1.2136640548706055,1.556992530822754,-0.00133514404296875,0.055123329162597656,0.00438690185546875,-0.0073261260986328125,-0.0024423599243164062,-0.0024423599243164062,-0.0073261260986328125,0.1978015899658203,-0.0073261260986328125,-0.08058643341064453,-2.4410247802734375,7.3094024658203125,-1.560439109802246,0.1294260025024414,-0.10500621795654297,0.0,-2.9029483632304625,6.5463800182546965,-1.5826115292226854,-0.011341053082468792,-0.004858812787253847
87,0,train,5,1,0.17453292519943295,1.3478992669988656,3,s,af3726fcacd0ac1320a56ea850b0a2c0f5430cf4eb20a45c078706980f08407e,d24fbe3839599a6a097188bae8cd47ce8083f27deef1341ae3086bf0d5a45bd1,87f63c0590d05baea263cdc42c6e1df2d063fa2def309ecb0283f3036bf33d46,87f63c0590d05baea263cdc42c6e1df2d063fa2def309ecb0283f3036bf33d46,1787978721.0977836,37304.933,18652518,0,0.9584569931030273,1.2136640548706055,1.556992530822754,-0.00133514404296875,0.055504798889160156,0.00438690185546875,-0.021978378295898438,-0.0024423599243164062,-0.0024423599243164062,-0.0073261260986328125,0.22710609436035156,-0.0073261260986328125,-0.07570171356201172,-2.4410247802734375,7.323078155517578,-1.560439109802246,0.1196584701538086,-0.10012245178222656,0.0,-2.902936255306279,6.546367910330513,-1.5825994212985,-0.01144794861374402,-0.004853707176177615
87,0,train,5,1,0.17453292519943295,1.349858082998253,3,s,af3726fcacd0ac1320a56ea850b0a2c0f5430cf4eb20a45c078706980f08407e,d24fbe3839599a6a097188bae8cd47ce8083f27deef1341ae3086bf0d5a45bd1,87f63c0590d05baea263cdc42c6e1df2d063fa2def309ecb0283f3036bf33d46,87f63c0590d05baea263cdc42c6e1df2d063fa2def309ecb0283f3036bf33d46,1787978721.0997577,37304.935,18652519,0,0.9584569931030273,1.2136640548706055,1.556992530822754,-0.00133514404296875,0.055886268615722656,0.00438690185546875,-0.0073261260986328125,-0.0024423599243164062,-0.0024423599243164062,-0.0073261260986328125,0.22710609436035156,-0.0073261260986328125,-0.07570171356201172,-2.4410247802734375,7.241024017333984,-1.560439109802246,0.10988998413085938,-0.10012245178222656,0.0,-2.9029240337945903,6.546355688818824,-1.582587199786811,-0.011554842479123497,-0.004848601673314536
87,0,train,5,1,0.17453292519943295,1.3518394119964796,3,s,af3726fcacd0ac1320a56ea850b0a2c0f5430cf4eb20a45c078706980f08407e,d24fbe3839599a6a097188bae8cd47ce8083f27deef1341ae3086bf0d5a45bd1,87f63c0590d05baea263cdc42c6e1df2d063fa2def309ecb0283f3036bf33d46,87f63c0590d05baea263cdc42c6e1df2d063fa2def309ecb0283f3036bf33d46,1787978721.1017315,37304.937,18652520,0,0.9584569931030273,1.2136640548706055,1.556992530822754,-0.00133514404296875,0.056649208068847656,0.00438690185546875,0.0073261260986328125,-0.0024423599243164062,-0.0024423599243164062,-0.0073261260986328125,0.22710609436035156,-0.0073261260986328125,-0.07570171356201172,-2.4410247802734375,7.295726776123047,-1.560439109802246,0.09523773193359375,-0.10500621795654297,0.0,-2.9028992500158313,6.546330905040065,-1.5825624160080534,-0.011768625149974989,-0.004838390995199617
87,0,train,5,1,0.17453292519943295,1.3538179169991054,3,s,af3726fcacd0ac1320a56ea850b0a2c0f5430cf4eb20a45c078706980f08407e,d24fbe3839599a6a097188bae8cd47ce8083f27deef1341ae3086bf0d5a45bd1,87f63c0590d05baea263cdc42c6e1df2d063fa2def309ecb0283f3036bf33d46,87f63c0590d05baea263cdc42c6e1df2d063fa2def309ecb0283f3036bf33d46,1787978721.1038232,37304.939,18652521,0,0.9584569931030273,1.2136640548706055,1.556992530822754,-0.00133514404296875,0.056649208068847656,0.00438690185546875,-0.0073261260986328125,-0.0024423599243164062,-0.0024423599243164062,-0.0073261260986328125,0.1978015899658203,-0.021978378295898438,-0.07570171356201172,-2.454700469970703,7.3094024658203125,-1.5555553436279297,0.09035396575927734,-0.10500621795654297,0.0,-2.9028992500158313,6.546330905040065,-1.5825624160080534,-0.011768625149974989,-0.004838390995199617
87,0,train,5,1,0.17453292519943295,1.3559087780013215,3,s,af3726fcacd0ac1320a56ea850b0a2c0f5430cf4eb20a45c078706980f08407e,d24fbe3839599a6a097188bae8cd47ce8083f27deef1341ae3086bf0d5a45bd1,87f63c0590d05baea263cdc42c6e1df2d063fa2def309ecb0283f3036bf33d46,87f63c0590d05baea263cdc42c6e1df2d063fa2def309ecb0283f3036bf33d46,1787978721.1057892,37304.941,18652522,0,0.9584569931030273,1.2136640548706055,1.556992530822754,-0.00133514404296875,0.057030677795410156,0.00438690185546875,-0.0073261260986328125,-0.0024423599243164062,-0.0024423599243164062,-0.0073261260986328125,0.21245384216308594,-0.0073261260986328125,-0.07570171356201172,-2.454700469970703,7.295726776123047,-1.5555553436279297,0.09035396575927734,-0.10500621795654297,0.0,-2.9028866877523702,6.546318342776605,-1.582549853744592,-0.011875513924337548,-0.004833285821433627
87,0,train,5,1,0.17453292519943295,1.3578656569952727,3,s,af3726fcacd0ac1320a56ea850b0a2c0f5430cf4eb20a45c078706980f08407e,d24fbe3839599a6a097188bae8cd47ce8083f27deef1341ae3086bf0d5a45bd1,87f63c0590d05baea263cdc42c6e1df2d063fa2def309ecb0283f3036bf33d46,87f63c0590d05baea263cdc42c6e1df2d063fa2def309ecb0283f3036bf33d46,1787978721.1077373,37304.943,18652523,0,0.9584569931030273,1.2136640548706055,1.556992530822754,-0.00133514404296875,0.057793617248535156,0.00438690185546875,-0.0073261260986328125,-0.0024423599243164062,-0.0024423599243164062,0.0073261260986328125,0.1978015899658203,-0.0073261260986328125,-0.08058643341064453,-2.4410247802734375,7.3094024658203125,-1.5555553436279297,0.09035396575927734,-0.10500621795654297,0.0,-2.9028612224864196,6.546292877510654,-1.5825243884786409,-0.012089286273164447,-0.0048230758081990845
87,0,train,5,1,0.17453292519943295,1.3598143529961817,3,s,af3726fcacd0ac1320a56ea850b0a2c0f5430cf4eb20a45c078706980f08407e,d24fbe3839599a6a097188bae8cd47ce8083f27deef1341ae3086bf0d5a45bd1,87f63c0590d05baea263cdc42c6e1df2d063fa2def309ecb0283f3036bf33d46,87f63c0590d05baea263cdc42c6e1df2d063fa2def309ecb0283f3036bf33d46,1787978721.1096542,37304.945,18652524,0,0.9584569931030273,1.2136640548706055,1.556992530822754,-0.00133514404296875,0.058175086975097656,0.00438690185546875,-0.0073261260986328125,-0.0024423599243164062,-0.0024423599243164062,-0.0073261260986328125,0.1978015899658203,0.021978378295898438,-0.07570171356201172,-2.4273509979248047,7.350425720214844,-1.5555553436279297,0.09035396575927734,-0.10500621795654297,0.0,-2.9028483194876364,6.5462799745118705,-1.5825114854798585,-0.01219616981652083,-0.004817970970216285
87,0,train,5,1,0.17453292519943295,1.361742905995925,3,s,af3726fcacd0ac1320a56ea850b0a2c0f5430cf4eb20a45c078706980f08407e,d24fbe3839599a6a097188bae8cd47ce8083f27deef1341ae3086bf0d5a45bd1,87f63c0590d05baea263cdc42c6e1df2d063fa2def309ecb0283f3036bf33d46,87f63c0590d05baea263cdc42c6e1df2d063fa2def309ecb0283f3036bf33d46,1787978721.1116176,37304.947,18652525,0,0.9584569931030273,1.2136640548706055,1.556992530822754,-0.00133514404296875,0.058556556701660156,0.00438690185546875,0.0073261260986328125,-0.0024423599243164062,-0.0024423599243164062,0.0073261260986328125,0.21245384216308594,0.0073261260986328125,-0.07570171356201172,-2.4273509979248047,7.350425720214844,-1.5506715774536133,0.08547019958496094,-0.10500621795654297,0.0,-2.9028353029141463,6.54626695793838,-1.5824984689063684,-0.012303051585100927,-0.004812866245646943
87,0,train,5,1,0.17453292519943295,1.3636916569957975,3,s,af3726fcacd0ac1320a56ea850b0a2c0f5430cf4eb20a45c078706980f08407e,d24fbe3839599a6a097188bae8cd47ce8083f27deef1341ae3086bf0d5a45bd1,87f63c0590d05baea263cdc42c6e1df2d063fa2def309ecb0283f3036bf33d46,87f63c0590d05baea263cdc42c6e1df2d063fa2def309ecb0283f3036bf33d46,1787978721.1135175,37304.949,18652526,0,0.9584569931030273,1.2136640548706055,1.556992530822754,-0.00133514404296875,0.058938026428222656,0.00438690185546875,-0.0073261260986328125,-0.0024423599243164062,-0.0024423599243164062,-0.0073261260986328125,0.21245384216308594,-0.0073261260986328125,-0.07570171356201172,-2.4273509979248047,7.282051086425781,-1.5555553436279297,0.08547019958496094,-0.10988998413085938,0.0,-2.9028221727678445,6.5462538277920785,-1.5824853387600657,-0.012409931563351429,-0.004807761635233889
87,0,train,5,1,0.17453292519943295,1.3655940829994506,3,s,af3726fcacd0ac1320a56ea850b0a2c0f5430cf4eb20a45c078706980f08407e,d24fbe3839599a6a097188bae8cd47ce8083f27deef1341ae3086bf0d5a45bd1,87f63c0590d05baea263cdc42c6e1df2d063fa2def309ecb0283f3036bf33d46,87f63c0590d05baea263cdc42c6e1df2d063fa2def309ecb0283f3036bf33d46,1787978721.1154366,37304.951,18652527,0,0.9584569931030273,1.2136640548706055,1.556992530822754,-0.00133514404296875,0.059319496154785156,0.00438690185546875,-0.0073261260986328125,-0.0024423599243164062,-0.0024423599243164062,-0.0073261260986328125,0.16849899291992188,-0.021978378295898438,-0.07570171356201172,-2.4410247802734375,7.282051086425781,-1.5555553436279297,0.08058643341064453,-0.10988998413085938,0.0,-2.902808929050639,6.546240584074873,-1.582472095042861,-0.012516809735719208,-0.004802657139719947
87,0,train,5,1,0.17453292519943295,1.3675199279969092,3,s,af3726fcacd0ac1320a56ea850b0a2c0f5430cf4eb20a45c078706980f08407e,d24fbe3839599a6a097188bae8cd47ce8083f27deef1341ae3086bf0d5a45bd1,87f63c0590d05baea263cdc42c6e1df2d063fa2def309ecb0283f3036bf33d46,87f63c0590d05baea263cdc42c6e1df2d063fa2def309ecb0283f3036bf33d46,1787978721.118324,37304.953,18652528,0,0.9584569931030273,1.2136640548706055,1.556992530822754,-0.00133514404296875,0.059700965881347656,0.00438690185546875,-0.021978378295898438,-0.0024423599243164062,-0.0024423599243164062,-0.021978378295898438,0.1831493377685547,-0.03663063049316406,-0.07570171356201172,-2.4410247802734375,7.336753845214844,-1.5555553436279297,0.08058643341064453,-0.10988998413085938,0.0,-2.9027955717644587,6.546227226788693,-1.582458737756681,-0.012623686086651473,-0.004797552759847915
87,0,train,5,1,0.17453292519943295,1.3704068219958572,3,s,af3726fcacd0ac1320a56ea850b0a2c0f5430cf4eb20a45c078706980f08407e,d24fbe3839599a6a097188bae8cd47ce8083f27deef1341ae3086bf0d5a45bd1,87f63c0590d05baea263cdc42c6e1df2d063fa2def309ecb0283f3036bf33d46,87f63c0590d05baea263cdc42c6e1df2d063fa2def309ecb0283f3036bf33d46,1787978721.1196997,37304.955,18652529,0,0.9584569931030273,1.2136640548706055,1.556992530822754,-0.00133514404296875,0.060082435607910156,0.00438690185546875,-0.0073261260986328125,-0.0024423599243164062,-0.0024423599243164062,-0.0073261260986328125,0.22710609436035156,-0.021978378295898438,-0.07570171356201172,-2.4410247802734375,7.295726776123047,-1.5506715774536133,0.08058643341064453,-0.10988998413085938,0.0,-2.902782100911249,6.546213755935483,-1.58244526690347,-0.012730560600595677,-0.00479244849636058
87,0,train,5,1,0.17453292519943295,1.371774685998389,3,s,af3726fcacd0ac1320a56ea850b0a2c0f5430cf4eb20a45c078706980f08407e,d24fbe3839599a6a097188bae8cd47ce8083f27deef1341ae3086bf0d5a45bd1,87f63c0590d05baea263cdc42c6e1df2d063fa2def309ecb0283f3036bf33d46,87f63c0590d05baea263cdc42c6e1df2d063fa2def309ecb0283f3036bf33d46,1787978721.1216035,37304.956999999995,18652530,0,0.9584569931030273,1.2136640548706055,1.556992530822754,-0.00133514404296875,0.060845375061035156,0.00438690185546875,-0.0073261260986328125,-0.0024423599243164062,-0.0024423599243164062,-0.0073261260986328125,0.2417583465576172,-0.0073261260986328125,-0.08058643341064453,-2.4410247802734375,7.3094024658203125,-1.5506715774536133,0.07570171356201172,-0.10988998413085938,0.0,-2.9027548185115903,6.546186473535824,-1.582417984503812,-0.012944304055310954,-0.004782240321511056
87,0,train,5,1,0.17453292519943295,1.3736740419990383,3,s,af3726fcacd0ac1320a56ea850b0a2c0f5430cf4eb20a45c078706980f08407e,d24fbe3839599a6a097188bae8cd47ce8083f27deef1341ae3086bf0d5a45bd1,87f63c0590d05baea263cdc42c6e1df2d063fa2def309ecb0283f3036bf33d46,87f63c0590d05baea263cdc42c6e1df2d063fa2def309ecb0283f3036bf33d46,1787978721.1234918,37304.958999999995,18652531,0,0.9584569931030273,1.2136640548706055,1.556992530822754,-0.00133514404296875,0.061226844787597656,0.00438690185546875,-0.0073261260986328125,-0.0024423599243164062,-0.0024423599243164062,-0.0073261260986328125,0.22710609436035156,-0.0073261260986328125,-0.08058643341064453,-2.4410247802734375,7.295726776123047,-1.5506715774536133,0.07081794738769531,-0.10988998413085938,0.0,-2.9027410069691135,6.546172661993348,-1.5824041729613356,-0.013051172964978278,-0.00477713641163435
87,0,train,5,1,0.17453292519943295,1.3755604780017165,3,s,af3726fcacd0ac1320a56ea850b0a2c0f5430cf4eb20a45c078706980f08407e,d24fbe3839599a6a097188bae8cd47ce8083f27deef1341ae3086bf0d5a45bd1,87f63c0590d05baea263cdc42c6e1df2d063fa2def309ecb0283f3036bf33d46,87f63c0590d05baea263cdc42c6e1df2d063fa2def309ecb0283f3036bf33d46,1787978721.1253877,37304.960999999996,18652532,0,0.9584569931030273,1.2136640548706055,1.556992530822754,-0.00133514404296875,0.061608314514160156,0.00438690185546875,-0.0073261260986328125,-0.0024423599243164062,-0.0024423599243164062,0.0073261260986328125,0.1978015899658203,-0.0073261260986328125,-0.07570171356201172,-2.4273509979248047,7.295726776123047,-1.5555553436279297,0.0610504150390625,-0.10988998413085938,0.0,-2.9027270818675457,6.54615873689178,-1.5823902478597678,-0.013158039975449988,-0.004772032621113311
87,0,train,5,1,0.17453292519943295,1.377463478995196,3,s,af3726fcacd0ac1320a56ea850b0a2c0f5430cf4eb20a45c078706980f08407e,d24fbe3839599a6a097188bae8cd47ce8083f27deef1341ae3086bf0d5a45bd1,87f63c0590d05baea263cdc42c6e1df2d063fa2def309ecb0283f3036bf33d46,87f63c0590d05baea263cdc42c6e1df2d063fa2def309ecb0283f3036bf33d46,1787978721.1273491,37304.962999999996,18652533,0,0.9584569931030273,1.2136640548706055,1.556992530822754,-0.00133514404296875,0.061989784240722656,0.00438690185546875,-0.021978378295898438,-0.0024423599243164062,-0.0024423599243164062,-0.0073261260986328125,0.21245384216308594,0.0073261260986328125,-0.07570171356201172,-2.4410247802734375,7.323078155517578,-1.5555553436279297,0.05616569519042969,-0.10500621795654297,0.0,-2.9027130432089137,6.546144698233148,-1.5823762092011355,-0.013264905071174903,-0.004766928950690637
87,0,train,5,1,0.17453292519943295,1.3794293009996181,3,s,af3726fcacd0ac1320a56ea850b0a2c0f5430cf4eb20a45c078706980f08407e,d24fbe3839599a6a097188bae8cd47ce8083f27deef1341ae3086bf0d5a45bd1,87f63c0590d05baea263cdc42c6e1df2d063fa2def309ecb0283f3036bf33d46,87f63c0590d05baea263cdc42c6e1df2d063fa2def309ecb0283f3036bf33d46,1787978721.1298714,37304.965,18652534,0,0.9584569931030273,1.2136640548706055,1.556992530822754,-0.00133514404296875,0.062371253967285156,0.00438690185546875,-0.0073261260986328125,-0.0024423599243164062,-0.0024423599243164062,-0.021978378295898438,0.22710609436035156,0.0073261260986328125,-0.08058643341064453,-2.4410247802734375,7.323078155517578,-1.5555553436279297,0.05128192901611328,-0.10500621795654297,0.0,-2.9026988909952602,6.546130546019494,-1.5823620569874814,-0.013371768236602103,-0.00476182540110901
87,0,train,5,1,0.17453292519943295,1.381963703999645,3,s,af3726fcacd0ac1320a56ea850b0a2c0f5430cf4eb20a45c078706980f08407e,d24fbe3839599a6a097188bae8cd47ce8083f27deef1341ae3086bf0d5a45bd1,87f63c0590d05baea263cdc42c6e1df2d063fa2def309ecb0283f3036bf33d46,87f63c0590d05baea263cdc42c6e1df2d063fa2def309ecb0283f3036bf33d46,1787978721.1313546,37304.967,18652535,0,0.9584569931030273,1.2136640548706055,1.556992530822754,-0.00133514404296875,0.06313419342041016,0.00438690185546875,-0.0073261260986328125,-0.0024423599243164062,-0.0024423599243164062,-0.021978378295898438,0.2417583465576172,-0.0073261260986328125,-0.08058643341064453,-2.4410247802734375,7.350425720214844,-1.5555553436279297,0.046398162841796875,-0.10500621795654297,0.0,-2.9026702459111404,6.5461019009353745,-1.582333411903362,-0.01358548871436107,-0.004751618667439537
87,0,train,5,1,0.17453292519943295,1.3834305420023156,3,s,af3726fcacd0ac1320a56ea850b0a2c0f5430cf4eb20a45c078706980f08407e,d24fbe3839599a6a097188bae8cd47ce8083f27deef1341ae3086bf0d5a45bd1,87f63c0590d05baea263cdc42c6e1df2d063fa2def309ecb0283f3036bf33d46,87f63c0590d05baea263cdc42c6e1df2d063fa2def309ecb0283f3036bf33d46,1787978721.1339047,37304.969,18652536,0,0.9584569931030273,1.2136640548706055,1.556992530822754,-0.00133514404296875,0.06351566314697266,0.00438690185546875,0.0073261260986328125,-0.0024423599243164062,-0.0024423599243164062,-0.0073261260986328125,0.2564105987548828,-0.0073261260986328125,-0.07570171356201172,-2.4410247802734375,7.391452789306641,-1.5555553436279297,0.04151439666748047,-0.10500621795654297,0.0,-2.902655753044845,6.546087408069079,-1.5823189190370657,-0.013692345995592426,-0.0047465154848369655
87,0,train,5,1,0.17453292519943295,1.3859823279999546,3,s,af3726fcacd0ac1320a56ea850b0a2c0f5430cf4eb20a45c078706980f08407e,d24fbe3839599a6a097188bae8cd47ce8083f27deef1341ae3086bf0d5a45bd1,87f63c0590d05baea263cdc42c6e1df2d063fa2def309ecb0283f3036bf33d46,87f63c0590d05baea263cdc42c6e1df2d063fa2def309ecb0283f3036bf33d46,1787978721.1358905,37304.971,18652537,0,0.9584569931030273,1.2136640548706055,1.556992530822754,-0.00133514404296875,0.06427860260009766,0.00438690185546875,0.0073261260986328125,-0.0024423599243164062,-0.0024423599243164062,-0.0073261260986328125,0.2417583465576172,-0.0073261260986328125,-0.07570171356201172,-2.4410247802734375,7.418804168701172,-1.5506715774536133,0.03174591064453125,-0.10500621795654297,0.0,-2.902626426674322,6.546058081698556,-1.5822895926665435,-0.013906054565009979,-0.004736309491809207
87,0,train,5,1,0.17453292519943295,1.3879701949990704,3,s,af3726fcacd0ac1320a56ea850b0a2c0f5430cf4eb20a45c078706980f08407e,d24fbe3839599a6a097188bae8cd47ce8083f27deef1341ae3086bf0d5a45bd1,87f63c0590d05baea263cdc42c6e1df2d063fa2def309ecb0283f3036bf33d46,87f63c0590d05baea263cdc42c6e1df2d063fa2def309ecb0283f3036bf33d46,1787978721.137859,37304.973,18652538,0,0.9584569931030273,1.2136640548706055,1.556992530822754,-0.00133514404296875,0.06466007232666016,0.00438690185546875,-0.0073261260986328125,-0.0024423599243164062,-0.0024423599243164062,0.0073261260986328125,0.2417583465576172,-0.021978378295898438,-0.08058643341064453,-2.4410247802734375,7.418804168701172,-1.5506715774536133,0.026862144470214844,-0.10500621795654297,0.0,-2.9026115931743646,6.546043248198599,-1.5822747591665853,-0.014012905822097481,-0.00473120668286919
87,0,train,5,1,0.17453292519943295,1.38993827199738,3,s,af3726fcacd0ac1320a56ea850b0a2c0f5430cf4eb20a45c078706980f08407e,d24fbe3839599a6a097188bae8cd47ce8083f27deef1341ae3086bf0d5a45bd1,87f63c0590d05baea263cdc42c6e1df2d063fa2def309ecb0283f3036bf33d46,87f63c0590d05baea263cdc42c6e1df2d063fa2def309ecb0283f3036bf33d46,1787978721.1398478,37304.975,18652539,0,0.9584569931030273,1.2136640548706055,1.556992530822754,-0.00133514404296875,0.06504154205322266,0.00438690185546875,-0.021978378295898438,-0.0024423599243164062,-0.0024423599243164062,-0.0073261260986328125,0.22710609436035156,-0.0073261260986328125,-0.07570171356201172,-2.4410247802734375,7.377777099609375,-1.5555553436279297,0.021978378295898438,-0.10500621795654297,0.0,-2.9025966461341475,6.5460283011583815,-1.5822598121263687,-0.01411975504003884,-0.004726103999968492
87,0,train,5,1,0.17453292519943295,1.3919285619995208,3,s,af3726fcacd0ac1320a56ea850b0a2c0f5430cf4eb20a45c078706980f08407e,d24fbe3839599a6a097188bae8cd47ce8083f27deef1341ae3086bf0d5a45bd1,87f63c0590d05baea263cdc42c6e1df2d063fa2def309ecb0283f3036bf33d46,87f63c0590d05baea263cdc42c6e1df2d063fa2def309ecb0283f3036bf33d46,1787978721.141808,37304.977,18652540,0,0.9584569931030273,1.2136640548706055,1.556992530822754,-0.00133514404296875,0.06542301177978516,0.00438690185546875,0.0073261260986328125,-0.0024423599243164062,-0.0024423599243164062,-0.021978378295898438,0.2417583465576172,-0.0073261260986328125,-0.07570171356201172,-2.454700469970703,7.391452789306641,-1.5555553436279297,0.017093658447265625,-0.10988998413085938,0.0,-2.9025815855558466,6.546013240580081,-1.5822447515480678,-0.014226602203285428,-0.004721001443849654
87,0,train,5,1,0.17453292519943295,1.3938842869974906,3,s,af3726fcacd0ac1320a56ea850b0a2c0f5430cf4eb20a45c078706980f08407e,d24fbe3839599a6a097188bae8cd47ce8083f27deef1341ae3086bf0d5a45bd1,87f63c0590d05baea263cdc42c6e1df2d063fa2def309ecb0283f3036bf33d46,87f63c0590d05baea263cdc42c6e1df2d063fa2def309ecb0283f3036bf33d46,1787978721.1437702,37304.979,18652541,0,0.9584569931030273,1.2136640548706055,1.556992530822754,-0.00133514404296875,0.06580448150634766,0.00438690185546875,-0.0073261260986328125,-0.0024423599243164062,-0.0024423599243164062,0.0073261260986328125,0.21245384216308594,0.0073261260986328125,-0.08058643341064453,-2.4410247802734375,7.418804168701172,-1.5555553436279297,0.012209892272949219,-0.10500621795654297,0.0,-2.902566411441654,6.545998066465888,-1.582229577433875,-0.014333447296288958,-0.004715899015255195
87,0,train,5,1,0.17453292519943295,1.3958470590005163,3,s,af3726fcacd0ac1320a56ea850b0a2c0f5430cf4eb20a45c078706980f08407e,d24fbe3839599a6a097188bae8cd47ce8083f27deef1341ae3086bf0d5a45bd1,87f63c0590d05baea263cdc42c6e1df2d063fa2def309ecb0283f3036bf33d46,87f63c0590d05baea263cdc42c6e1df2d063fa2def309ecb0283f3036bf33d46,1787978721.1457639,37304.981,18652542,0,0.9584569931030273,1.2136640548706055,1.556992530822754,-0.00133514404296875,0.06618595123291016,0.00438690185546875,-0.0073261260986328125,-0.0024423599243164062,-0.0024423599243164062,-0.0073261260986328125,0.16849899291992188,0.0073261260986328125,-0.08058643341064453,-2.4410247802734375,7.4324798583984375,-1.560439109802246,0.0073261260986328125,-0.10500621795654297,0.0,-2.9025511237937756,6.54598277881801,-1.5822142897859977,-0.014440290303501404,-0.004710796714927615
87,0,train,5,1,0.17453292519943295,1.3978489809960593,3,s,af3726fcacd0ac1320a56ea850b0a2c0f5430cf4eb20a45c078706980f08407e,d24fbe3839599a6a097188bae8cd47ce8083f27deef1341ae3086bf0d5a45bd1,87f63c0590d05baea263cdc42c6e1df2d063fa2def309ecb0283f3036bf33d46,87f63c0590d05baea263cdc42c6e1df2d063fa2def309ecb0283f3036bf33d46,1787978721.147836,37304.983,18652543,0,0.9584569931030273,1.2136640548706055,1.556992530822754,-0.00133514404296875,0.06618595123291016,0.00438690185546875,-0.0073261260986328125,-0.0024423599243164062,-0.0024423599243164062,0.0073261260986328125,0.15384674072265625,0.0073261260986328125,-0.08058643341064453,-2.4410247802734375,7.4324798583984375,-1.560439109802246,0.012209892272949219,-0.10500621795654297,0.0,-2.9025511237937756,6.54598277881801,-1.5822142897859977,-0.014440290303501404,-0.004710796714927615
87,0,train,5,1,0.17453292519943295,1.3999180729952059,3,s,af3726fcacd0ac1320a56ea850b0a2c0f5430cf4eb20a45c078706980f08407e,d24fbe3839599a6a097188bae8cd47ce8083f27deef1341ae3086bf0d5a45bd1,87f63c0590d05baea263cdc42c6e1df2d063fa2def309ecb0283f3036bf33d46,87f63c0590d05baea263cdc42c6e1df2d063fa2def309ecb0283f3036bf33d46,1787978721.149867,37304.985,18652544,0,0.9584569931030273,1.2136640548706055,1.556992530822754,-0.00133514404296875,0.06656742095947266,0.00438690185546875,-0.0073261260986328125,-0.0024423599243164062,-0.0024423599243164062,-0.0073261260986328125,0.15384674072265625,-0.0073261260986328125,-0.07570171356201172,-2.4410247802734375,7.418804168701172,-1.560439109802246,0.012209892272949219,-0.10500621795654297,0.0,-2.902535722614441,6.545967377638675,-1.5821988886066618,-0.014547131209375072,-0.004705694543609397
87,0,train,5,1,0.17453292519943295,1.4019800099995336,3,s,af3726fcacd0ac1320a56ea850b0a2c0f5430cf4eb20a45c078706980f08407e,d24fbe3839599a6a097188bae8cd47ce8083f27deef1341ae3086bf0d5a45bd1,87f63c0590d05baea263cdc42c6e1df2d063fa2def309ecb0283f3036bf33d46,87f63c0590d05baea263cdc42c6e1df2d063fa2def309ecb0283f3036bf33d46,1787978721.1518593,37304.987,18652545,0,0.9584569931030273,1.2136640548706055,1.556992530822754,-0.00133514404296875,0.06656742095947266,0.00438690185546875,-0.021978378295898438,-0.0024423599243164062,-0.0024423599243164062,-0.0073261260986328125,0.13919448852539062,-0.021978378295898438,-0.07570171356201172,-2.4273509979248047,7.391452789306641,-1.560439109802246,0.017093658447265625,-0.10500621795654297,0.0,-2.902535722614441,6.545967377638675,-1.5821988886066618,-0.014547131209375072,-0.004705694543609397
87,0,train,5,1,0.17453292519943295,1.403938848998223,3,s,af3726fcacd0ac1320a56ea850b0a2c0f5430cf4eb20a45c078706980f08407e,d24fbe3839599a6a097188bae8cd47ce8083f27deef1341ae3086bf0d5a45bd1,87f63c0590d05baea263cdc42c6e1df2d063fa2def309ecb0283f3036bf33d46,87f63c0590d05baea263cdc42c6e1df2d063fa2def309ecb0283f3036bf33d46,1787978721.1538396,37304.989,18652546,0,0.9584569931030273,1.2136640548706055,1.556992530822754,-0.00133514404296875,0.06694889068603516,0.00438690185546875,-0.0073261260986328125,-0.0024423599243164062,-0.0024423599243164062,0.0073261260986328125,0.124542236328125,-0.021978378295898438,-0.07570171356201172,-2.4410247802734375,7.350425720214844,-1.560439109802246,0.026862144470214844,-0.10500621795654297,0.0,-2.9025202079058867,6.545951862930121,-1.5821833738981075,-0.014653969998362569,-0.004700592502043005
87,0,train,5,1,0.17453292519943295,1.4059278849963448,3,s,af3726fcacd0ac1320a56ea850b0a2c0f5430cf4eb20a45c078706980f08407e,d24fbe3839599a6a097188bae8cd47ce8083f27deef1341ae3086bf0d5a45bd1,87f63c0590d05baea263cdc42c6e1df2d063fa2def309ecb0283f3036bf33d46,87f63c0590d05baea263cdc42c6e1df2d063fa2def309ecb0283f3036bf33d46,1787978721.1558394,37304.991,18652547,0,0.9584569931030273,1.2136640548706055,1.556992530822754,-0.00133514404296875,0.06733036041259766,0.00438690185546875,-0.0073261260986328125,-0.0024423599243164062,-0.0024423599243164062,-0.021978378295898438,0.124542236328125,-0.0073261260986328125,-0.07570171356201172,-2.4410247802734375,7.350425720214844,-1.560439109802246,0.036629676818847656,-0.10500621795654297,0.0,-2.902504579670372,6.545936234694606,-1.5821677456625933,-0.014760806654916792,-0.004695490590970886
87,0,train,5,1,0.17453292519943295,1.407919512996159,3,s,af3726fcacd0ac1320a56ea850b0a2c0f5430cf4eb20a45c078706980f08407e,d24fbe3839599a6a097188bae8cd47ce8083f27deef1341ae3086bf0d5a45bd1,87f63c0590d05baea263cdc42c6e1df2d063fa2def309ecb0283f3036bf33d46,87f63c0590d05baea263cdc42c6e1df2d063fa2def309ecb0283f3036bf33d46,1787978721.1577914,37304.992999999995,18652548,0,0.9584569931030273,1.2136640548706055,1.556992530822754,-0.00133514404296875,0.06771183013916016,0.00438690185546875,-0.0073261260986328125,-0.0024423599243164062,-0.0024423599243164062,-0.021978378295898438,0.124542236328125,-0.0073261260986328125,-0.07570171356201172,-2.4273509979248047,7.323078155517578,-1.560439109802246,0.04151439666748047,-0.10500621795654297,0.0,-2.902488837910169,6.545920492934403,-1.5821520039023915,-0.014867641163490982,-0.004690388811135463
87,0,train,5,1,0.17453292519943295,1.4098688579979353,3,s,af3726fcacd0ac1320a56ea850b0a2c0f5430cf4eb20a45c078706980f08407e,d24fbe3839599a6a097188bae8cd47ce8083f27deef1341ae3086bf0d5a45bd1,87f63c0590d05baea263cdc42c6e1df2d063fa2def309ecb0283f3036bf33d46,87f63c0590d05baea263cdc42c6e1df2d063fa2def309ecb0283f3036bf33d46,1787978721.1597524,37304.994999999995,18652549,0,0.9584569931030273,1.2136640548706055,1.556992530822754,-0.00133514404296875,0.06809329986572266,0.00438690185546875,-0.0073261260986328125,-0.0024423599243164062,-0.0024423599243164062,-0.0073261260986328125,0.16849899291992188,-0.0073261260986328125,-0.07570171356201172,-2.4273509979248047,7.295726776123047,-1.5555553436279297,0.046398162841796875,-0.10500621795654297,0.0,-2.902472982627573,6.545904637651807,-1.5821361486197951,-0.01497447350853865,-0.004685287163279141
87,0,train,5,1,0.17453292519943295,1.4118295890002628,3,s,af3726fcacd0ac1320a56ea850b0a2c0f5430cf4eb20a45c078706980f08407e,d24fbe3839599a6a097188bae8cd47ce8083f27deef1341ae3086bf0d5a45bd1,87f63c0590d05baea263cdc42c6e1df2d063fa2def309ecb0283f3036bf33d46,87f63c0590d05baea263cdc42c6e1df2d063fa2def309ecb0283f3036bf33d46,1787978721.1616793,37304.996999999996,18652550,0,0.9584569931030273,1.2136640548706055,1.556992530822754,-0.00133514404296875,0.06847476959228516,0.00438690185546875,-0.0073261260986328125,-0.0024423599243164062,-0.0024423599243164062,-0.021978378295898438,0.1831493377685547,-0.0073261260986328125,-0.07570171356201172,-2.4273509979248047,7.25469970703125,-1.5555553436279297,0.05128192901611328,-0.10500621795654297,0.0,-2.9024570138248875,6.545888668849122,-1.5821201798171096,-0.015081303674513661,-0.004680185648144311
87,0,train,5,1,0.17453292519943295,1.413757321999583,3,s,af3726fcacd0ac1320a56ea850b0a2c0f5430cf4eb20a45c078706980f08407e,d24fbe3839599a6a097188bae8cd47ce8083f27deef1341ae3086bf0d5a45bd1,87f63c0590d05baea263cdc42c6e1df2d063fa2def309ecb0283f3036bf33d46,87f63c0590d05baea263cdc42c6e1df2d063fa2def309ecb0283f3036bf33d46,1787978721.1636593,37304.998999999996,18652551,0,0.9584569931030273,1.2136640548706055,1.556992530822754,-0.00133514404296875,0.06885623931884766,0.00438690185546875,0.0073261260986328125,-0.0024423599243164062,-0.0024423599243164062,0.0073261260986328125,0.16849899291992188,-0.0073261260986328125,-0.07570171356201172,-2.4410247802734375,7.282051086425781,-1.5555553436279297,0.05128192901611328,-0.10500621795654297,0.0,-2.9024409315044397,6.545872586528674,-1.582104097496661,-0.015188131645870169,-0.004675084266473341
87,0,train,5,1,0.17453292519943295,1.41574315699836,3,s,af3726fcacd0ac1320a56ea850b0a2c0f5430cf4eb20a45c078706980f08407e,d24fbe3839599a6a097188bae8cd47ce8083f27deef1341ae3086bf0d5a45bd1,87f63c0590d05baea263cdc42c6e1df2d063fa2def309ecb0283f3036bf33d46,87f63c0590d05baea263cdc42c6e1df2d063fa2def309ecb0283f3036bf33d46,1787978721.165636,37305.001,18652552,0,0.9584569931030273,1.2136640548706055,1.556992530822754,-0.00133514404296875,0.06885623931884766,0.00438690185546875,0.0073261260986328125,-0.0024423599243164062,-0.0024423599243164062,-0.0073261260986328125,0.15384674072265625,-0.0073261260986328125,-0.08058643341064453,-2.4273509979248047,7.295726776123047,-1.5555553436279297,0.05616569519042969,-0.10500621795654297,0.0,-2.9024409315044397,6.545872586528674,-1.582104097496661,-0.015188131645870169,-0.004675084266473341
87,0,train,5,1,0.17453292519943295,1.4177119849991868,3,s,af3726fcacd0ac1320a56ea850b0a2c0f5430cf4eb20a45c078706980f08407e,d24fbe3839599a6a097188bae8cd47ce8083f27deef1341ae3086bf0d5a45bd1,87f63c0590d05baea263cdc42c6e1df2d063fa2def309ecb0283f3036bf33d46,87f63c0590d05baea263cdc42c6e1df2d063fa2def309ecb0283f3036bf33d46,1787978721.1675816,37305.003,18652553,0,0.9584569931030273,1.2136640548706055,1.556992530822754,-0.00133514404296875,0.06961917877197266,0.00438690185546875,-0.0073261260986328125,-0.0024423599243164062,-0.0024423599243164062,-0.0073261260986328125,0.15384674072265625,-0.0073261260986328125,-0.08058643341064453,-2.4410247802734375,7.295726776123047,-1.5555553436279297,0.0610504150390625,-0.10500621795654297,0.0,-2.902408426319624,6.545840081343858,-1.5820715923118458,-0.01540178094254595,-0.00466488190649235
87,0,train,5,1,0.17453292519943295,1.419658922997769,3,s,af3726fcacd0ac1320a56ea850b0a2c0f5430cf4eb20a45c078706980f08407e,d24fbe3839599a6a097188bae8cd47ce8083f27deef1341ae3086bf0d5a45bd1,87f63c0590d05baea263cdc42c6e1df2d063fa2def309ecb0283f3036bf33d46,87f63c0590d05baea263cdc42c6e1df2d063fa2def309ecb0283f3036bf33d46,1787978721.1694846,37305.005,18652554,0,0.9584569931030273,1.2136640548706055,1.556992530822754,-0.00133514404296875,0.06961917877197266,0.00438690185546875,0.0073261260986328125,-0.0024423599243164062,-0.0024423599243164062,-0.0073261260986328125,0.15384674072265625,-0.0073261260986328125,-0.08058643341064453,-2.4410247802734375,7.282051086425781,-1.5555553436279297,0.0659341812133789,-0.10500621795654297,0.0,-2.902408426319624,6.545840081343858,-1.5820715923118458,-0.01540178094254595,-0.00466488190649235
87,0,train,5,1,0.17453292519943295,1.4215715669997735,3,s,af3726fcacd0ac1320a56ea850b0a2c0f5430cf4eb20a45c078706980f08407e,d24fbe3839599a6a097188bae8cd47ce8083f27deef1341ae3086bf0d5a45bd1,87f63c0590d05baea263cdc42c6e1df2d063fa2def309ecb0283f3036bf33d46,87f63c0590d05baea263cdc42c6e1df2d063fa2def309ecb0283f3036bf33d46,1787978721.1714447,37305.007,18652555,0,0.9584569931030273,1.2136640548706055,1.556992530822754,-0.00133514404296875,0.07000064849853516,0.00438690185546875,0.0073261260986328125,-0.0024423599243164062,-0.0024423599243164062,-0.021978378295898438,0.16849899291992188,-0.0073261260986328125,-0.08058643341064453,-2.4410247802734375,7.350425720214844,-1.5555553436279297,0.0659341812133789,-0.10500621795654297,0.0,-2.90239200345999,6.545823658484224,-1.5820551694522107,-0.015508602236775158,-0.004659780929666971
87,0,train,5,1,0.17453292519943295,1.4235305339971092,3,s,af3726fcacd0ac1320a56ea850b0a2c0f5430cf4eb20a45c078706980f08407e,d24fbe3839599a6a097188bae8cd47ce8083f27deef1341ae3086bf0d5a45bd1,87f63c0590d05baea263cdc42c6e1df2d063fa2def309ecb0283f3036bf33d46,87f63c0590d05baea263cdc42c6e1df2d063fa2def309ecb0283f3036bf33d46,1787978721.1733944,37305.009,18652556,0,0.9584569931030273,1.2136640548706055,1.556992530822754,-0.00133514404296875,0.07038211822509766,0.00438690185546875,-0.0073261260986328125,-0.0024423599243164062,-0.0024423599243164062,-0.0073261260986328125,0.15384674072265625,-0.0073261260986328125,-0.07570171356201172,-2.4410247802734375,7.377777099609375,-1.5555553436279297,0.0659341812133789,-0.10500621795654297,0.0,-2.902375467092049,6.545807122116283,-1.5820386330842713,-0.015615421274205728,-0.004654680089274726
87,0,train,5,1,0.17453292519943295,1.4254708430016763,3,s,af3726fcacd0ac1320a56ea850b0a2c0f5430cf4eb20a45c078706980f08407e,d24fbe3839599a6a097188bae8cd47ce8083f27deef1341ae3086bf0d5a45bd1,87f63c0590d05baea263cdc42c6e1df2d063fa2def309ecb0283f3036bf33d46,87f63c0590d05baea263cdc42c6e1df2d063fa2def309ecb0283f3036bf33d46,1787978721.175344,37305.011,18652557,0,0.9584569931030273,1.2136640548706055,1.556992530822754,-0.00133514404296875,0.07076358795166016,0.00438690185546875,0.0073261260986328125,-0.0024423599243164062,-0.0024423599243164062,-0.0073261260986328125,0.13919448852539062,-0.0073261260986328125,-0.07570171356201172,-2.4410247802734375,7.391452789306641,-1.5506715774536133,0.07081794738769531,-0.10500621795654297,0.0,-2.902358817218212,6.545790472242446,-1.582021983210434,-0.01572223803929348,-0.00464957938605789
87,0,train,5,1,0.17453292519943295,1.4274230020018877,3,s,af3726fcacd0ac1320a56ea850b0a2c0f5430cf4eb20a45c078706980f08407e,d24fbe3839599a6a097188bae8cd47ce8083f27deef1341ae3086bf0d5a45bd1,87f63c0590d05baea263cdc42c6e1df2d063fa2def309ecb0283f3036bf33d46,87f63c0590d05baea263cdc42c6e1df2d063fa2def309ecb0283f3036bf33d46,1787978721.1773422,37305.013,18652558,0,0.9584569931030273,1.2136640548706055,1.556992530822754,-0.00133514404296875,0.07114505767822266,0.00438690185546875,-0.0073261260986328125,-0.0024423599243164062,-0.0024423599243164062,-0.0073261260986328125,0.13919448852539062,-0.0073261260986328125,-0.07570171356201172,-2.4410247802734375,7.336753845214844,-1.5506715774536133,0.07570171356201172,-0.10500621795654297,0.0,-2.9023420538409,6.545773708865134,-1.5820052198331214,-0.01582905251649449,-0.004644478820758707
87,0,train,5,1,0.17453292519943295,1.4294385269968188,3,s,af3726fcacd0ac1320a56ea850b0a2c0f5430cf4eb20a45c078706980f08407e,d24fbe3839599a6a097188bae8cd47ce8083f27deef1341ae3086bf0d5a45bd1,87f63c0590d05baea263cdc42c6e1df2d063fa2def309ecb0283f3036bf33d46,87f63c0590d05baea263cdc42c6e1df2d063fa2def309ecb0283f3036bf33d46,1787978721.1799397,37305.015,18652559,0,0.9584569931030273,1.2136640548706055,1.556992530822754,-0.00133514404296875,0.07114505767822266,0.00438690185546875,-0.0073261260986328125,-0.0024423599243164062,-0.0024423599243164062,-0.021978378295898438,0.13919448852539062,-0.0073261260986328125,-0.07570171356201172,-2.4410247802734375,7.3094024658203125,-1.5506715774536133,0.08058643341064453,-0.10500621795654297,0.0,-2.9023420538409,6.545773708865134,-1.5820052198331214,-0.01582905251649449,-0.004644478820758707
87,0,train,5,1,0.17453292519943295,1.4320217099957517,3,s,af3726fcacd0ac1320a56ea850b0a2c0f5430cf4eb20a45c078706980f08407e,d24fbe3839599a6a097188bae8cd47ce8083f27deef1341ae3086bf0d5a45bd1,87f63c0590d05baea263cdc42c6e1df2d063fa2def309ecb0283f3036bf33d46,87f63c0590d05baea263cdc42c6e1df2d063fa2def309ecb0283f3036bf33d46,1787978721.1819,37305.017,18652560,0,0.9584569931030273,1.2136640548706055,1.556992530822754,-0.00133514404296875,0.07152652740478516,0.00438690185546875,-0.0073261260986328125,-0.0024423599243164062,-0.0024423599243164062,0.0073261260986328125,0.124542236328125,-0.0073261260986328125,-0.07570171356201172,-2.4410247802734375,7.3094024658203125,-1.5506715774536133,0.08058643341064453,-0.10500621795654297,0.0,-2.902325176962552,6.545756831986786,-1.5819883429547732,-0.015935864690265245,-0.00463937839411941
87,0,train,5,1,0.17453292519943295,1.433974419000151,3,s,af3726fcacd0ac1320a56ea850b0a2c0f5430cf4eb20a45c078706980f08407e,d24fbe3839599a6a097188bae8cd47ce8083f27deef1341ae3086bf0d5a45bd1,87f63c0590d05baea263cdc42c6e1df2d063fa2def309ecb0283f3036bf33d46,87f63c0590d05baea263cdc42c6e1df2d063fa2def309ecb0283f3036bf33d46,1787978721.183298,37305.019,18652561,0,0.9584569931030273,1.2136640548706055,1.556992530822754,-0.00133514404296875,0.07190799713134766,0.00438690185546875,-0.0073261260986328125,-0.0024423599243164062,-0.0024423599243164062,-0.021978378295898438,0.15384674072265625,-0.0073261260986328125,-0.07570171356201172,-2.4410247802734375,7.268375396728516,-1.5506715774536133,0.08547019958496094,-0.10500621795654297,0.0,-2.9023081865856244,6.5457398416098584,-1.581971352577846,-0.016042674545062495,-0.004634278106882211
87,0,train,5,1,0.17453292519943295,1.4353770169982454,3,s,af3726fcacd0ac1320a56ea850b0a2c0f5430cf4eb20a45c078706980f08407e,d24fbe3839599a6a097188bae8cd47ce8083f27deef1341ae3086bf0d5a45bd1,87f63c0590d05baea263cdc42c6e1df2d063fa2def309ecb0283f3036bf33d46,87f63c0590d05baea263cdc42c6e1df2d063fa2def309ecb0283f3036bf33d46,1787978721.185803,37305.021,18652562,0,0.9584569931030273,1.2136640548706055,1.556992530822754,-0.00133514404296875,0.07228946685791016,0.00438690185546875,-0.021978378295898438,-0.0024423599243164062,-0.0024423599243164062,-0.0073261260986328125,0.16849899291992188,-0.0073261260986328125,-0.07570171356201172,-2.4410247802734375,7.3094024658203125,-1.5457878112792969,0.09035396575927734,-0.10500621795654297,0.0,-2.9022910827125883,6.545722737736822,-1.5819542487048104,-0.01614948206534337,-0.004629177959789295
87,0,train,5,1,0.17453292519943295,1.4378769190007006,3,s,af3726fcacd0ac1320a56ea850b0a2c0f5430cf4eb20a45c078706980f08407e,d24fbe3839599a6a097188bae8cd47ce8083f27deef1341ae3086bf0d5a45bd1,87f63c0590d05baea263cdc42c6e1df2d063fa2def309ecb0283f3036bf33d46,87f63c0590d05baea263cdc42c6e1df2d063fa2def309ecb0283f3036bf33d46,1787978721.1877465,37305.023,18652563,0,0.9584569931030273,1.2136640548706055,1.556992530822754,-0.00133514404296875,0.07267093658447266,0.00438690185546875,-0.0073261260986328125,-0.0024423599243164062,-0.0024423599243164062,0.021978378295898438,0.1978015899658203,-0.0073261260986328125,-0.07570171356201172,-2.4410247802734375,7.295726776123047,-1.5506715774536133,0.08547019958496094,-0.10500621795654297,0.0,-2.902273865345934,6.545705520370168,-1.5819370313381564,-0.016256287235565343,-0.004624077953582834
87,0,train,5,1,0.17453292519943295,1.4398232660023496,3,s,af3726fcacd0ac1320a56ea850b0a2c0f5430cf4eb20a45c078706980f08407e,d24fbe3839599a6a097188bae8cd47ce8083f27deef1341ae3086bf0d5a45bd1,87f63c0590d05baea263cdc42c6e1df2d063fa2def309ecb0283f3036bf33d46,87f63c0590d05baea263cdc42c6e1df2d063fa2def309ecb0283f3036bf33d46,1787978721.1896892,37305.025,18652564,0,0.9584569931030273,1.2136640548706055,1.556992530822754,-0.00133514404296875,0.07305240631103516,0.00438690185546875,-0.0073261260986328125,-0.0024423599243164062,-0.0024423599243164062,-0.0073261260986328125,0.1978015899658203,-0.0073261260986328125,-0.07570171356201172,-2.4410247802734375,7.295726776123047,-1.5506715774536133,0.08058643341064453,-0.10500621795654297,0.0,-2.9022565344881683,6.545688189512402,-1.5819197004803902,-0.01636309004018619,-0.004618978089004976
87,0,train,5,1,0.17453292519943295,1.441791054996429,3,s,af3726fcacd0ac1320a56ea850b0a2c0f5430cf4eb20a45c078706980f08407e,d24fbe3839599a6a097188bae8cd47ce8083f27deef1341ae3086bf0d5a45bd1,87f63c0590d05baea263cdc42c6e1df2d063fa2def309ecb0283f3036bf33d46,87f63c0590d05baea263cdc42c6e1df2d063fa2def309ecb0283f3036bf33d46,1787978721.1916842,37305.027,18652565,0,0.9584569931030273,1.2136640548706055,1.556992530822754,-0.00133514404296875,0.07343387603759766,0.00438690185546875,-0.0073261260986328125,-0.0024423599243164062,-0.0024423599243164062,-0.0073261260986328125,0.1831493377685547,-0.0073261260986328125,-0.07570171356201172,-2.4410247802734375,7.336753845214844,-1.5555553436279297,0.07570171356201172,-0.10500621795654297,0.0,-2.9022390901418116,6.545670745166046,-1.5819022561340328,-0.016469890463664087,-0.004613878366797849
87,0,train,5,1,0.17453292519943295,1.4437631859982503,3,s,af3726fcacd0ac1320a56ea850b0a2c0f5430cf4eb20a45c078706980f08407e,d24fbe3839599a6a097188bae8cd47ce8083f27deef1341ae3086bf0d5a45bd1,87f63c0590d05baea263cdc42c6e1df2d063fa2def309ecb0283f3036bf33d46,87f63c0590d05baea263cdc42c6e1df2d063fa2def309ecb0283f3036bf33d46,1787978721.1936681,37305.028999999995,18652566,0,0.9584569931030273,1.2136640548706055,1.556992530822754,-0.00133514404296875,0.07381534576416016,0.00438690185546875,-0.0073261260986328125,-0.0024423599243164062,-0.0024423599243164062,-0.0073261260986328125,0.13919448852539062,-0.0073261260986328125,-0.07570171356201172,-2.4410247802734375,7.377777099609375,-1.5506715774536133,0.07570171356201172,-0.10500621795654297,0.0,-2.9022215323094,6.5456531873336345,-1.5818846983016226,-0.016576688490457514,-0.004608778787703561
87,0,train,5,1,0.17453292519943295,1.4457560299997567,3,s,af3726fcacd0ac1320a56ea850b0a2c0f5430cf4eb20a45c078706980f08407e,d24fbe3839599a6a097188bae8cd47ce8083f27deef1341ae3086bf0d5a45bd1,87f63c0590d05baea263cdc42c6e1df2d063fa2def309ecb0283f3036bf33d46,87f63c0590d05baea263cdc42c6e1df2d063fa2def309ecb0283f3036bf33d46,1787978721.1956658,37305.030999999995,18652567,0,0.9584569931030273,1.2136640548706055,1.556992530822754,-0.00133514404296875,0.07419681549072266,0.00438690185546875,-0.0073261260986328125,-0.0024423599243164062,-0.0024423599243164062,-0.0073261260986328125,0.15384674072265625,-0.0073261260986328125,-0.07570171356201172,-2.4410247802734375,7.377777099609375,-1.5506715774536133,0.07570171356201172,-0.10500621795654297,0.0,-2.902203860993495,6.545635516017729,-1.5818670269857156,-0.01668348410502532,-0.004603679352464197
87,0,train,5,1,0.17453292519943295,1.4477485539973713,3,s,af3726fcacd0ac1320a56ea850b0a2c0f5430cf4eb20a45c078706980f08407e,d24fbe3839599a6a097188bae8cd47ce8083f27deef1341ae3086bf0d5a45bd1,87f63c0590d05baea263cdc42c6e1df2d063fa2def309ecb0283f3036bf33d46,87f63c0590d05baea263cdc42c6e1df2d063fa2def309ecb0283f3036bf33d46,1787978721.1975942,37305.032999999996,18652568,0,0.9584569931030273,1.2136640548706055,1.556992530822754,-0.00133514404296875,0.07457828521728516,0.00438690185546875,-0.0073261260986328125,-0.0024423599243164062,-0.0024423599243164062,-0.0073261260986328125,0.15384674072265625,-0.0073261260986328125,-0.07570171356201172,-2.4410247802734375,7.364101409912109,-1.5457878112792969,0.07570171356201172,-0.10500621795654297,0.0,-2.9021860761966596,6.545617731220894,-1.5818492421888817,-0.016790277291826684,-0.004598580061821822
87,0,train,5,1,0.17453292519943295,1.4496717820002232,3,s,af3726fcacd0ac1320a56ea850b0a2c0f5430cf4eb20a45c078706980f08407e,d24fbe3839599a6a097188bae8cd47ce8083f27deef1341ae3086bf0d5a45bd1,87f63c0590d05baea263cdc42c6e1df2d063fa2def309ecb0283f3036bf33d46,87f63c0590d05baea263cdc42c6e1df2d063fa2def309ecb0283f3036bf33d46,1787978721.1995425,37305.034999999996,18652569,0,0.9584569931030273,1.2136640548706055,1.556992530822754,-0.00133514404296875,0.07495975494384766,0.00438690185546875,-0.0073261260986328125,-0.0024423599243164062,-0.0024423599243164062,-0.0073261260986328125,0.1831493377685547,-0.0073261260986328125,-0.07570171356201172,-2.4410247802734375,7.364101409912109,-1.5506715774536133,0.07570171356201172,-0.10500621795654297,0.0,-2.90216817792149,6.545599832945724,-1.5818313439137115,-0.016897068035321157,-0.004593480916518483
87,0,train,5,1,0.17453292519943295,1.4516228770007729,3,s,af3726fcacd0ac1320a56ea850b0a2c0f5430cf4eb20a45c078706980f08407e,d24fbe3839599a6a097188bae8cd47ce8083f27deef1341ae3086bf0d5a45bd1,87f63c0590d05baea263cdc42c6e1df2d063fa2def309ecb0283f3036bf33d46,87f63c0590d05baea263cdc42c6e1df2d063fa2def309ecb0283f3036bf33d46,1787978721.2014775,37305.037,18652570,0,0.9584569931030273,1.2136640548706055,1.556992530822754,-0.00133514404296875,0.07534122467041016,0.00438690185546875,-0.0073261260986328125,-0.0024423599243164062,-0.0024423599243164062,-0.0073261260986328125,0.1978015899658203,-0.0073261260986328125,-0.07570171356201172,-2.4410247802734375,7.364101409912109,-1.5506715774536133,0.07081794738769531,-0.10500621795654297,0.0,-2.902150166170585,6.545581821194819,-1.5818133321628063,-0.017003856319968647,-0.004588381917296201
87,0,train,5,1,0.17453292519943295,1.4535569559957366,3,s,af3726fcacd0ac1320a56ea850b0a2c0f5430cf4eb20a45c078706980f08407e,d24fbe3839599a6a097188bae8cd47ce8083f27deef1341ae3086bf0d5a45bd1,87f63c0590d05baea263cdc42c6e1df2d063fa2def309ecb0283f3036bf33d46,87f63c0590d05baea263cdc42c6e1df2d063fa2def309ecb0283f3036bf33d46,1787978721.2034242,37305.039,18652571,0,0.9584569931030273,1.2136640548706055,1.556992530822754,-0.00133514404296875,0.07572269439697266,0.00438690185546875,-0.0073261260986328125,-0.0024423599243164062,-0.0024423599243164062,-0.0073261260986328125,0.1831493377685547,-0.0073261260986328125,-0.07570171356201172,-2.4410247802734375,7.336753845214844,-1.5506715774536133,0.07081794738769531,-0.10500621795654297,0.0,-2.9021320409465683,6.545563695970802,-1.5817952069387895,-0.017110642130229413,-0.004583283064896979
87,0,train,5,1,0.17453292519943295,1.455504771998676,3,s,af3726fcacd0ac1320a56ea850b0a2c0f5430cf4eb20a45c078706980f08407e,d24fbe3839599a6a097188bae8cd47ce8083f27deef1341ae3086bf0d5a45bd1,87f63c0590d05baea263cdc42c6e1df2d063fa2def309ecb0283f3036bf33d46,87f63c0590d05baea263cdc42c6e1df2d063fa2def309ecb0283f3036bf33d46,1787978721.2053645,37305.041,18652572,0,0.9584569931030273,1.2136640548706055,1.556992530822754,-0.00133514404296875,0.07610416412353516,0.00438690185546875,-0.0073261260986328125,-0.0024423599243164062,-0.0024423599243164062,0.0073261260986328125,0.16849899291992188,-0.0073261260986328125,-0.07570171356201172,-2.4410247802734375,7.336753845214844,-1.5555553436279297,0.0659341812133789,-0.10500621795654297,0.0,-2.902113802252076,6.54554545727631,-1.5817769682442977,-0.017217425450564056,-0.004578184360062796
87,0,train,5,1,0.17453292519943295,1.4574447350023547,3,s,af3726fcacd0ac1320a56ea850b0a2c0f5430cf4eb20a45c078706980f08407e,d24fbe3839599a6a097188bae8cd47ce8083f27deef1341ae3086bf0d5a45bd1,87f63c0590d05baea263cdc42c6e1df2d063fa2def309ecb0283f3036bf33d46,87f63c0590d05baea263cdc42c6e1df2d063fa2def309ecb0283f3036bf33d46,1787978721.2078853,37305.043,18652573,0,0.9584569931030273,1.2136640548706055,1.556992530822754,-0.00133514404296875,0.07610416412353516,0.00438690185546875,-0.0073261260986328125,-0.0024423599243164062,-0.0024423599243164062,-0.0073261260986328125,0.124542236328125,-0.0073261260986328125,-0.08058643341064453,-2.4410247802734375,7.3094024658203125,-1.5555553436279297,0.07081794738769531,-0.10500621795654297,0.0,-2.902113802252076,6.54554545727631,-1.5817769682442977,-0.017217425450564056,-0.004578184360062796
87,0,train,5,1,0.17453292519943295,1.4599642539978959,3,s,af3726fcacd0ac1320a56ea850b0a2c0f5430cf4eb20a45c078706980f08407e,d24fbe3839599a6a097188bae8cd47ce8083f27deef1341ae3086bf0d5a45bd1,87f63c0590d05baea263cdc42c6e1df2d063fa2def309ecb0283f3036bf33d46,87f63c0590d05baea263cdc42c6e1df2d063fa2def309ecb0283f3036bf33d46,1787978721.209432,37305.045,18652574,0,0.9584569931030273,1.2136640548706055,1.556992530822754,-0.00133514404296875,0.07648563385009766,0.00438690185546875,0.0073261260986328125,-0.0024423599243164062,-0.0024423599243164062,-0.0073261260986328125,0.13919448852539062,-0.0073261260986328125,-0.07570171356201172,-2.4410247802734375,7.323078155517578,-1.5555553436279297,0.07081794738769531,-0.10500621795654297,0.0,-2.9020954500897633,6.545527105113997,-1.5817586160819854,-0.017324206265433593,-0.004573085803535613
87,0,train,5,1,0.17453292519943295,1.4615318659998593,3,s,af3726fcacd0ac1320a56ea850b0a2c0f5430cf4eb20a45c078706980f08407e,d24fbe3839599a6a097188bae8cd47ce8083f27deef1341ae3086bf0d5a45bd1,87f63c0590d05baea263cdc42c6e1df2d063fa2def309ecb0283f3036bf33d46,87f63c0590d05baea263cdc42c6e1df2d063fa2def309ecb0283f3036bf33d46,1787978721.2114174,37305.047,18652575,0,0.9584569931030273,1.2136640548706055,1.556992530822754,-0.00133514404296875,0.07686710357666016,0.00438690185546875,-0.0073261260986328125,-0.0024423599243164062,-0.0024423599243164062,-0.0073261260986328125,0.124542236328125,-0.0073261260986328125,-0.07570171356201172,-2.4410247802734375,7.282051086425781,-1.5555553436279297,0.07570171356201172,-0.10500621795654297,0.0,-2.9020769844623024,6.5455086394865365,-1.5817401504545234,-0.017430984559299346,-0.004567987396057369
87,0,train,5,1,0.17453292519943295,1.463492368995503,3,s,af3726fcacd0ac1320a56ea850b0a2c0f5430cf4eb20a45c078706980f08407e,d24fbe3839599a6a097188bae8cd47ce8083f27deef1341ae3086bf0d5a45bd1,87f63c0590d05baea263cdc42c6e1df2d063fa2def309ecb0283f3036bf33d46,87f63c0590d05baea263cdc42c6e1df2d063fa2def309ecb0283f3036bf33d46,1787978721.2133198,37305.049,18652576,0,0.9584569931030273,1.2136640548706055,1.556992530822754,-0.00133514404296875,0.07686710357666016,0.00438690185546875,-0.0073261260986328125,-0.0024423599243164062,-0.0024423599243164062,-0.0073261260986328125,0.13919448852539062,-0.0073261260986328125,-0.08058643341064453,-2.4410247802734375,7.282051086425781,-1.5555553436279297,0.08547019958496094,-0.10500621795654297,0.0,-2.9020769844623024,6.5455086394865365,-1.5817401504545234,-0.017430984559299346,-0.004567987396057369
87,0,train,5,1,0.17453292519943295,1.4653895719966386,3,s,af3726fcacd0ac1320a56ea850b0a2c0f5430cf4eb20a45c078706980f08407e,d24fbe3839599a6a097188bae8cd47ce8083f27deef1341ae3086bf0d5a45bd1,87f63c0590d05baea263cdc42c6e1df2d063fa2def309ecb0283f3036bf33d46,87f63c0590d05baea263cdc42c6e1df2d063fa2def309ecb0283f3036bf33d46,1787978721.2157805,37305.051,18652577,0,0.9584569931030273,1.2136640548706055,1.556992530822754,-0.00133514404296875,0.07724857330322266,0.00438690185546875,-0.0073261260986328125,-0.0024423599243164062,-0.0024423599243164062,-0.0073261260986328125,0.15384674072265625,-0.0073261260986328125,-0.07570171356201172,-2.4410247802734375,7.227352142333984,-1.5555553436279297,0.08547019958496094,-0.10500621795654297,0.0,-2.902058405372377,6.545490060396611,-1.5817215713645982,-0.01753776031662302,-0.004562889138369977
87,0,train,5,1,0.17453292519943295,1.4678519110020716,3,s,af3726fcacd0ac1320a56ea850b0a2c0f5430cf4eb20a45c078706980f08407e,d24fbe3839599a6a097188bae8cd47ce8083f27deef1341ae3086bf0d5a45bd1,87f63c0590d05baea263cdc42c6e1df2d063fa2def309ecb0283f3036bf33d46,87f63c0590d05baea263cdc42c6e1df2d063fa2def309ecb0283f3036bf33d46,1787978721.217707,37305.053,18652578,0,0.9584569931030273,1.2136640548706055,1.556992530822754,-0.00133514404296875,0.07724857330322266,0.00438690185546875,0.0073261260986328125,-0.0024423599243164062,-0.0024423599243164062,-0.0073261260986328125,0.10988998413085938,-0.0073261260986328125,-0.07570171356201172,-2.4410247802734375,7.323078155517578,-1.5555553436279297,0.09523773193359375,-0.10500621795654297,0.0,-2.902058405372377,6.545490060396611,-1.5817215713645982,-0.01753776031662302,-0.004562889138369977
87,0,train,5,1,0.17453292519943295,1.4697853079997003,3,s,af3726fcacd0ac1320a56ea850b0a2c0f5430cf4eb20a45c078706980f08407e,d24fbe3839599a6a097188bae8cd47ce8083f27deef1341ae3086bf0d5a45bd1,87f63c0590d05baea263cdc42c6e1df2d063fa2def309ecb0283f3036bf33d46,87f63c0590d05baea263cdc42c6e1df2d063fa2def309ecb0283f3036bf33d46,1787978721.219647,37305.055,18652579,0,0.9584569931030273,1.2136640548706055,1.556992530822754,-0.00133514404296875,0.07763004302978516,0.00438690185546875,-0.021978378295898438,-0.0024423599243164062,-0.0024423599243164062,0.0073261260986328125,0.10988998413085938,-0.0073261260986328125,-0.08058643341064453,-2.4410247802734375,7.295726776123047,-1.5555553436279297,0.10500621795654297,-0.10500621795654297,0.0,-2.9020397128226914,6.545471367846925,-1.5817028788149134,-0.01764453352186672,-0.004557791031215332
87,0,train,5,1,0.17453292519943295,1.4717243170016445,3,s,af3726fcacd0ac1320a56ea850b0a2c0f5430cf4eb20a45c078706980f08407e,d24fbe3839599a6a097188bae8cd47ce8083f27deef1341ae3086bf0d5a45bd1,87f63c0590d05baea263cdc42c6e1df2d063fa2def309ecb0283f3036bf33d46,87f63c0590d05baea263cdc42c6e1df2d063fa2def309ecb0283f3036bf33d46,1787978721.2215693,37305.057,18652580,0,0.9584569931030273,1.2136640548706055,1.556992530822754,-0.00133514404296875,0.07763004302978516,0.00438690185546875,-0.0073261260986328125,-0.0024423599243164062,-0.0024423599243164062,-0.0073261260986328125,0.09523773193359375,-0.0073261260986328125,-0.07570171356201172,-2.4410247802734375,7.336753845214844,-1.5555553436279297,0.11477375030517578,-0.10500621795654297,0.0,-2.9020397128226914,6.545471367846925,-1.5817028788149134,-0.01764453352186672,-0.004557791031215332
87,0,train,5,1,0.17453292519943295,1.473642580996966,3,s,af3726fcacd0ac1320a56ea850b0a2c0f5430cf4eb20a45c078706980f08407e,d24fbe3839599a6a097188bae8cd47ce8083f27deef1341ae3086bf0d5a45bd1,87f63c0590d05baea263cdc42c6e1df2d063fa2def309ecb0283f3036bf33d46,87f63c0590d05baea263cdc42c6e1df2d063fa2def309ecb0283f3036bf33d46,1787978721.2234921,37305.059,18652581,0,0.9584569931030273,1.2136640548706055,1.556992530822754,-0.00133514404296875,0.07801151275634766,0.00438690185546875,-0.0073261260986328125,-0.0024423599243164062,-0.0024423599243164062,-0.0073261260986328125,0.09523773193359375,-0.0073261260986328125,-0.08058643341064453,-2.4410247802734375,7.377777099609375,-1.5555553436279297,0.1294260025024414,-0.10500621795654297,0.0,-2.902020906815968,6.545452561840202,-1.5816840728081887,-0.017751304159492894,-0.004552693075335306
87,0,train,5,1,0.17453292519943295,1.475562813000579,3,s,af3726fcacd0ac1320a56ea850b0a2c0f5430cf4eb20a45c078706980f08407e,d24fbe3839599a6a097188bae8cd47ce8083f27deef1341ae3086bf0d5a45bd1,87f63c0590d05baea263cdc42c6e1df2d063fa2def309ecb0283f3036bf33d46,87f63c0590d05baea263cdc42c6e1df2d063fa2def309ecb0283f3036bf33d46,1787978721.226336,37305.061,18652582,0,0.9584569931030273,1.2136640548706055,1.556992530822754,-0.00133514404296875,0.07801151275634766,0.00438690185546875,-0.021978378295898438,-0.0024423599243164062,-0.0024423599243164062,-0.021978378295898438,0.08058547973632812,-0.0073261260986328125,-0.07570171356201172,-2.4410247802734375,7.350425720214844,-1.5506715774536133,0.13919448852539062,-0.10988998413085938,0.0,-2.902020906815968,6.545452561840202,-1.5816840728081887,-0.017751304159492894,-0.004552693075335306
87,0,train,5,1,0.17453292519943295,1.4784144239965826,3,s,af3726fcacd0ac1320a56ea850b0a2c0f5430cf4eb20a45c078706980f08407e,d24fbe3839599a6a097188bae8cd47ce8083f27deef1341ae3086bf0d5a45bd1,87f63c0590d05baea263cdc42c6e1df2d063fa2def309ecb0283f3036bf33d46,87f63c0590d05baea263cdc42c6e1df2d063fa2def309ecb0283f3036bf33d46,1787978721.2277348,37305.063,18652583,0,0.9584569931030273,1.2136640548706055,1.556992530822754,-0.00133514404296875,0.07839298248291016,0.00438690185546875,-0.0073261260986328125,-0.0024423599243164062,-0.0024423599243164062,-0.021978378295898438,0.08058547973632812,-0.0073261260986328125,-0.07570171356201172,-2.4410247802734375,7.323078155517578,-1.5506715774536133,0.15384578704833984,-0.10988998413085938,0.0,-2.9020019873549407,6.545433642379175,-1.5816651533471624,-0.01785807221396436,-0.004547595271471751
87,0,train,5,1,0.17453292519943295,1.479806880997785,3,s,af3726fcacd0ac1320a56ea850b0a2c0f5430cf4eb20a45c078706980f08407e,d24fbe3839599a6a097188bae8cd47ce8083f27deef1341ae3086bf0d5a45bd1,87f63c0590d05baea263cdc42c6e1df2d063fa2def309ecb0283f3036bf33d46,87f63c0590d05baea263cdc42c6e1df2d063fa2def309ecb0283f3036bf33d46,1787978721.2296498,37305.064999999995,18652584,0,0.9584569931030273,1.2136640548706055,1.556992530822754,-0.00133514404296875,0.07839298248291016,0.00438690185546875,-0.0073261260986328125,-0.0024423599243164062,-0.0024423599243164062,0.0073261260986328125,0.10988998413085938,-0.0073261260986328125,-0.07570171356201172,-2.4410247802734375,7.268375396728516,-1.5506715774536133,0.16361427307128906,-0.10988998413085938,0.0,-2.9020019873549407,6.545433642379175,-1.5816651533471624,-0.01785807221396436,-0.004547595271471751
87,0,train,5,1,0.17453292519943295,1.4817395150021184,3,s,af3726fcacd0ac1320a56ea850b0a2c0f5430cf4eb20a45c078706980f08407e,d24fbe3839599a6a097188bae8cd47ce8083f27deef1341ae3086bf0d5a45bd1,87f63c0590d05baea263cdc42c6e1df2d063fa2def309ecb0283f3036bf33d46,87f63c0590d05baea263cdc42c6e1df2d063fa2def309ecb0283f3036bf33d46,1787978721.2315845,37305.066999999995,18652585,0,0.9584569931030273,1.2136640548706055,1.556992530822754,-0.00133514404296875,0.07877445220947266,0.00438690185546875,-0.0073261260986328125,-0.0024423599243164062,-0.0024423599243164062,-0.0073261260986328125,0.124542236328125,-0.0073261260986328125,-0.07570171356201172,-2.454700469970703,7.336753845214844,-1.5506715774536133,0.16849803924560547,-0.10988998413085938,0.0,-2.901982954442365,6.545414609466599,-1.581646120434586,-0.017964837669744334,-0.004542497620366494
87,0,train,5,1,0.17453292519943295,1.4836584570002742,3,s,af3726fcacd0ac1320a56ea850b0a2c0f5430cf4eb20a45c078706980f08407e,d24fbe3839599a6a097188bae8cd47ce8083f27deef1341ae3086bf0d5a45bd1,87f63c0590d05baea263cdc42c6e1df2d063fa2def309ecb0283f3036bf33d46,87f63c0590d05baea263cdc42c6e1df2d063fa2def309ecb0283f3036bf33d46,1787978721.2334964,37305.068999999996,18652586,0,0.9584569931030273,1.2136640548706055,1.556992530822754,-0.00133514404296875,0.07953739166259766,0.00438690185546875,-0.021978378295898438,-0.0024423599243164062,-0.0024423599243164062,-0.021978378295898438,0.1831493377685547,-0.0073261260986328125,-0.07570171356201172,-2.454700469970703,7.364101409912109,-1.5506715774536133,0.17338180541992188,-0.10988998413085938,0.0,-2.901944548273659,6.545376203297893,-1.5816077142658809,-0.018178360723084486,-0.004532302779398073
87,0,train,5,1,0.17453292519943295,1.485568329000671,3,s,af3726fcacd0ac1320a56ea850b0a2c0f5430cf4eb20a45c078706980f08407e,d24fbe3839599a6a097188bae8cd47ce8083f27deef1341ae3086bf0d5a45bd1,87f63c0590d05baea263cdc42c6e1df2d063fa2def309ecb0283f3036bf33d46,87f63c0590d05baea263cdc42c6e1df2d063fa2def309ecb0283f3036bf33d46,1787978721.235422,37305.070999999996,18652587,0,0.9584569931030273,1.2136640548706055,1.556992530822754,-0.00133514404296875,0.07991886138916016,0.00438690185546875,0.0073261260986328125,-0.0024423599243164062,-0.0024423599243164062,-0.0073261260986328125,0.1978015899658203,-0.0073261260986328125,-0.07570171356201172,-2.454700469970703,7.323078155517578,-1.5506715774536133,0.16361427307128906,-0.10988998413085938,0.0,-2.9019251750231194,6.5453568300473535,-1.5815883410153406,-0.018285118289572976,-0.004527205591018455
87,0,train,5,1,0.17453292519943295,1.4874950320008793,3,s,af3726fcacd0ac1320a56ea850b0a2c0f5430cf4eb20a45c078706980f08407e,d24fbe3839599a6a097188bae8cd47ce8083f27deef1341ae3086bf0d5a45bd1,87f63c0590d05baea263cdc42c6e1df2d063fa2def309ecb0283f3036bf33d46,87f63c0590d05baea263cdc42c6e1df2d063fa2def309ecb0283f3036bf33d46,1787978721.2373512,37305.073,18652588,0,0.9584569931030273,1.2136640548706055,1.556992530822754,-0.00133514404296875,0.08030033111572266,0.00438690185546875,-0.0073261260986328125,-0.0024423599243164062,-0.0024423599243164062,-0.0073261260986328125,0.22710609436035156,-0.0073261260986328125,-0.08058643341064453,-2.4410247802734375,7.3094024658203125,-1.5555553436279297,0.14896202087402344,-0.10988998413085938,0.0,-2.901905688332206,6.54533734335644,-1.5815688543244282,-0.018391873195226578,-0.004522108558364224
87,0,train,5,1,0.17453292519943295,1.4894211829960113,3,s,af3726fcacd0ac1320a56ea850b0a2c0f5430cf4eb20a45c078706980f08407e,d24fbe3839599a6a097188bae8cd47ce8083f27deef1341ae3086bf0d5a45bd1,87f63c0590d05baea263cdc42c6e1df2d063fa2def309ecb0283f3036bf33d46,87f63c0590d05baea263cdc42c6e1df2d063fa2def309ecb0283f3036bf33d46,1787978721.239824,37305.075,18652589,0,0.9584569931030273,1.2136640548706055,1.556992530822754,-0.00133514404296875,0.08068180084228516,0.00438690185546875,-0.0073261260986328125,-0.0024423599243164062,-0.0024423599243164062,0.0073261260986328125,0.1831493377685547,-0.0073261260986328125,-0.08058643341064453,-2.4410247802734375,7.323078155517578,-1.5555553436279297,0.1343097686767578,-0.10988998413085938,0.0,-2.9018860882037574,6.545317743227992,-1.5815492541959795,-0.018498625424510418,-0.004517011682177094
87,0,train,5,1,0.17453292519943295,1.4918945760000497,3,s,af3726fcacd0ac1320a56ea850b0a2c0f5430cf4eb20a45c078706980f08407e,d24fbe3839599a6a097188bae8cd47ce8083f27deef1341ae3086bf0d5a45bd1,87f63c0590d05baea263cdc42c6e1df2d063fa2def309ecb0283f3036bf33d46,87f63c0590d05baea263cdc42c6e1df2d063fa2def309ecb0283f3036bf33d46,1787978721.2417333,37305.077,18652590,0,0.9584569931030273,1.2136640548706055,1.556992530822754,-0.00133514404296875,0.08106327056884766,0.00438690185546875,-0.0073261260986328125,-0.0024423599243164062,-0.0024423599243164062,0.0073261260986328125,0.15384674072265625,-0.0073261260986328125,-0.08058643341064453,-2.4410247802734375,7.350425720214844,-1.5555553436279297,0.1196584701538086,-0.10500621795654297,0.0,-2.9018663746406257,6.54529802966486,-1.5815295406328473,-0.018605374961890006,-0.004511914963198761
87,0,train,5,1,0.17453292519943295,1.4938020769986906,3,s,af3726fcacd0ac1320a56ea850b0a2c0f5430cf4eb20a45c078706980f08407e,d24fbe3839599a6a097188bae8cd47ce8083f27deef1341ae3086bf0d5a45bd1,87f63c0590d05baea263cdc42c6e1df2d063fa2def309ecb0283f3036bf33d46,87f63c0590d05baea263cdc42c6e1df2d063fa2def309ecb0283f3036bf33d46,1787978721.2435963,37305.079,18652591,0,0.9584569931030273,1.2136640548706055,1.556992530822754,-0.00133514404296875,0.08144474029541016,0.00438690185546875,0.0073261260986328125,-0.0024423599243164062,-0.0024423599243164062,-0.0073261260986328125,0.15384674072265625,-0.0073261260986328125,-0.08058643341064453,-2.454700469970703,7.391452789306641,-1.5555553436279297,0.11477375030517578,-0.10500621795654297,0.0,-2.9018465476456785,6.545278202669913,-1.5815097136378997,-0.018712121791831238,-0.004506818402170893
87,0,train,5,1,0.17453292519943295,1.495662249995803,3,s,af3726fcacd0ac1320a56ea850b0a2c0f5430cf4eb20a45c078706980f08407e,d24fbe3839599a6a097188bae8cd47ce8083f27deef1341ae3086bf0d5a45bd1,87f63c0590d05baea263cdc42c6e1df2d063fa2def309ecb0283f3036bf33d46,87f63c0590d05baea263cdc42c6e1df2d063fa2def309ecb0283f3036bf33d46,1787978721.245475,37305.081,18652592,0,0.9584569931030273,1.2136640548706055,1.556992530822754,-0.00133514404296875,0.08182621002197266,0.00438690185546875,-0.0073261260986328125,-0.0024423599243164062,-0.0024423599243164062,0.0073261260986328125,0.1831493377685547,-0.0073261260986328125,-0.08058643341064453,-2.4410247802734375,7.364101409912109,-1.560439109802246,0.10500621795654297,-0.10500621795654297,0.0,-2.901826607221801,6.545258262246035,-1.5814897732140218,-0.0188188658988004,-0.004501721999835139
87,0,train,5,1,0.17453292519943295,1.4975429690020974,3,s,af3726fcacd0ac1320a56ea850b0a2c0f5430cf4eb20a45c078706980f08407e,d24fbe3839599a6a097188bae8cd47ce8083f27deef1341ae3086bf0d5a45bd1,87f63c0590d05baea263cdc42c6e1df2d063fa2def309ecb0283f3036bf33d46,87f63c0590d05baea263cdc42c6e1df2d063fa2def309ecb0283f3036bf33d46,1787978721.247382,37305.083,18652593,0,0.9584569931030273,1.2136640548706055,1.556992530822754,-0.00133514404296875,0.08258914947509766,0.00438690185546875,-0.0073261260986328125,-0.0024423599243164062,-0.0024423599243164062,-0.03663063049316406,0.22710609436035156,-0.0073261260986328125,-0.08058643341064453,-2.4410247802734375,7.391452789306641,-1.5555553436279297,0.10012245178222656,-0.10988998413085938,0.0,-2.901786386098878,6.545218041123112,-1.5814495520910998,-0.01903234588168967,-0.0044915296742064435
87,0,train,5,1,0.17453292519943295,1.4994588350018603,3,s,af3726fcacd0ac1320a56ea850b0a2c0f5430cf4eb20a45c078706980f08407e,d24fbe3839599a6a097188bae8cd47ce8083f27deef1341ae3086bf0d5a45bd1,87f63c0590d05baea263cdc42c6e1df2d063fa2def309ecb0283f3036bf33d46,87f63c0590d05baea263cdc42c6e1df2d063fa2def309ecb0283f3036bf33d46,1787978721.2498903,37305.085,18652594,0,0.9584569931030273,1.2136640548706055,1.556992530822754,-0.00133514404296875,0.08297061920166016,0.00438690185546875,-0.021978378295898438,-0.0024423599243164062,-0.0024423599243164062,-0.0073261260986328125,0.22710609436035156,-0.0073261260986328125,-0.08058643341064453,-2.4410247802734375,7.336753845214844,-1.5506715774536133,0.09035396575927734,-0.10988998413085938,0.0,-2.9017661054056876,6.545197760429922,-1.5814292713979088,-0.01913908172654435,-0.004486433752396681
87,0,train,5,1,0.17453292519943295,1.5019822260001092,3,s,af3726fcacd0ac1320a56ea850b0a2c0f5430cf4eb20a45c078706980f08407e,d24fbe3839599a6a097188bae8cd47ce8083f27deef1341ae3086bf0d5a45bd1,87f63c0590d05baea263cdc42c6e1df2d063fa2def309ecb0283f3036bf33d46,87f63c0590d05baea263cdc42c6e1df2d063fa2def309ecb0283f3036bf33d46,1787978721.2518473,37305.087,18652595,0,0.9584569931030273,1.2136640548706055,1.556992530822754,-0.00133514404296875,0.08335208892822266,0.00438690185546875,-0.0073261260986328125,-0.0024423599243164062,-0.0024423599243164062,-0.0073261260986328125,0.1978015899658203,-0.0073261260986328125,-0.07570171356201172,-2.4410247802734375,7.282051086425781,-1.5506715774536133,0.08058643341064453,-0.10988998413085938,0.0,-2.901745711295271,6.545177366319505,-1.5814088772874932,-0.01924581478629611,-0.0044813379922453885
87,0,train,5,1,0.17453292519943295,1.5039222839986905,3,s,af3726fcacd0ac1320a56ea850b0a2c0f5430cf4eb20a45c078706980f08407e,d24fbe3839599a6a097188bae8cd47ce8083f27deef1341ae3086bf0d5a45bd1,87f63c0590d05baea263cdc42c6e1df2d063fa2def309ecb0283f3036bf33d46,87f63c0590d05baea263cdc42c6e1df2d063fa2def309ecb0283f3036bf33d46,1787978721.2537572,37305.089,18652596,0,0.9584569931030273,1.2136640548706055,1.556992530822754,-0.00133514404296875,0.08335208892822266,0.00438690185546875,-0.0073261260986328125,-0.0024423599243164062,-0.0024423599243164062,-0.0073261260986328125,0.16849899291992188,-0.0073261260986328125,-0.07570171356201172,-2.454700469970703,7.295726776123047,-1.5506715774536133,0.07570171356201172,-0.10988998413085938,0.0,-2.901745711295271,6.545177366319505,-1.5814088772874932,-0.01924581478629611,-0.0044813379922453885
87,0,train,5,1,0.17453292519943295,1.5058289360022172,3,s,af3726fcacd0ac1320a56ea850b0a2c0f5430cf4eb20a45c078706980f08407e,d24fbe3839599a6a097188bae8cd47ce8083f27deef1341ae3086bf0d5a45bd1,87f63c0590d05baea263cdc42c6e1df2d063fa2def309ecb0283f3036bf33d46,87f63c0590d05baea263cdc42c6e1df2d063fa2def309ecb0283f3036bf33d46,1787978721.256338,37305.091,18652597,0,0.9584569931030273,1.2136640548706055,1.556992530822754,-0.00133514404296875,0.08373355865478516,0.00438690185546875,-0.0073261260986328125,-0.0024423599243164062,-0.0024423599243164062,0.0073261260986328125,0.1831493377685547,-0.0073261260986328125,-0.07570171356201172,-2.4410247802734375,7.350425720214844,-1.5506715774536133,0.07570171356201172,-0.10988998413085938,0.0,-2.901725203770599,6.545156858794833,-1.5813883697628213,-0.01935254504541327,-0.004476242394494097
87,0,train,5,1,0.17453292519943295,1.5084218819974922,3,s,af3726fcacd0ac1320a56ea850b0a2c0f5430cf4eb20a45c078706980f08407e,d24fbe3839599a6a097188bae8cd47ce8083f27deef1341ae3086bf0d5a45bd1,87f63c0590d05baea263cdc42c6e1df2d063fa2def309ecb0283f3036bf33d46,87f63c0590d05baea263cdc42c6e1df2d063fa2def309ecb0283f3036bf33d46,1787978721.2577503,37305.093,18652598,0,0.9584569931030273,1.2136640548706055,1.556992530822754,-0.00133514404296875,0.08449649810791016,0.00438690185546875,-0.0073261260986328125,-0.0024423599243164062,-0.0024423599243164062,-0.0073261260986328125,0.1978015899658203,-0.0073261260986328125,-0.07570171356201172,-2.4410247802734375,7.364101409912109,-1.5555553436279297,0.07570171356201172,-0.10500621795654297,0.0,-2.9016838484904386,6.545115503514673,-1.5813470144826616,-0.019565997099618933,-0.00446605168915752
87,0,train,5,1,0.17453292519943295,1.509829788999923,3,s,af3726fcacd0ac1320a56ea850b0a2c0f5430cf4eb20a45c078706980f08407e,d24fbe3839599a6a097188bae8cd47ce8083f27deef1341ae3086bf0d5a45bd1,87f63c0590d05baea263cdc42c6e1df2d063fa2def309ecb0283f3036bf33d46,87f63c0590d05baea263cdc42c6e1df2d063fa2def309ecb0283f3036bf33d46,1787978721.2596843,37305.095,18652599,0,0.9584569931030273,1.2136640548706055,1.556992530822754,-0.00133514404296875,0.08487796783447266,0.00438690185546875,-0.0073261260986328125,-0.0024423599243164062,-0.0024423599243164062,0.0073261260986328125,0.22710609436035156,-0.0073261260986328125,-0.07570171356201172,-2.4410247802734375,7.377777099609375,-1.5555553436279297,0.07570171356201172,-0.10500621795654297,0.0,-2.9016630007409705,6.5450946557652045,-1.5813261667331922,-0.019672718863646084,-0.004460956583055179
87,0,train,5,1,0.17453292519943295,1.511755373001506,3,s,af3726fcacd0ac1320a56ea850b0a2c0f5430cf4eb20a45c078706980f08407e,d24fbe3839599a6a097188bae8cd47ce8083f27deef1341ae3086bf0d5a45bd1,87f63c0590d05baea263cdc42c6e1df2d063fa2def309ecb0283f3036bf33d46,87f63c0590d05baea263cdc42c6e1df2d063fa2def309ecb0283f3036bf33d46,1787978721.2615716,37305.097,18652600,0,0.9584569931030273,1.2136640548706055,1.556992530822754,-0.00133514404296875,0.08525943756103516,0.00438690185546875,-0.021978378295898438,-0.0024423599243164062,-0.0024423599243164062,-0.0073261260986328125,0.2417583465576172,-0.0073261260986328125,-0.07570171356201172,-2.4410247802734375,7.350425720214844,-1.5555553436279297,0.0659341812133789,-0.10500621795654297,0.0,-2.9016420395892815,6.5450736946135155,-1.5813052055815022,-0.019779437764915905,-0.004455861642318723
87,0,train,5,1,0.17453292519943295,1.5136381830016035,3,s,af3726fcacd0ac1320a56ea850b0a2c0f5430cf4eb20a45c078706980f08407e,d24fbe3839599a6a097188bae8cd47ce8083f27deef1341ae3086bf0d5a45bd1,87f63c0590d05baea263cdc42c6e1df2d063fa2def309ecb0283f3036bf33d46,87f63c0590d05baea263cdc42c6e1df2d063fa2def309ecb0283f3036bf33d46,1787978721.263485,37305.098999999995,18652601,0,0.9584569931030273,1.2136640548706055,1.556992530822754,-0.00133514404296875,0.08564090728759766,0.00438690185546875,-0.0073261260986328125,-0.0024423599243164062,-0.0024423599243164062,-0.0073261260986328125,0.21245384216308594,-0.0073261260986328125,-0.07570171356201172,-2.4410247802734375,7.350425720214844,-1.5555553436279297,0.0610504150390625,-0.10988998413085938,0.0,-2.9016209650384197,6.545052620062654,-1.5812841310306416,-0.01988615378789873,-0.004450766867689564
87,0,train,5,1,0.17453292519943295,1.5155539560000761,3,s,af3726fcacd0ac1320a56ea850b0a2c0f5430cf4eb20a45c078706980f08407e,d24fbe3839599a6a097188bae8cd47ce8083f27deef1341ae3086bf0d5a45bd1,87f63c0590d05baea263cdc42c6e1df2d063fa2def309ecb0283f3036bf33d46,87f63c0590d05baea263cdc42c6e1df2d063fa2def309ecb0283f3036bf33d46,1787978721.265371,37305.100999999995,18652602,0,0.9584569931030273,1.2136640548706055,1.556992530822754,-0.00133514404296875,0.08640384674072266,0.00438690185546875,-0.021978378295898438,-0.0024423599243164062,-0.0024423599243164062,-0.021978378295898438,0.21245384216308594,-0.0073261260986328125,-0.07570171356201172,-2.4410247802734375,7.391452789306641,-1.5555553436279297,0.05128192901611328,-0.10988998413085938,0.0,-2.901578475751474,6.545010130775708,-1.5812416417436947,-0.020099577136886974,-0.004440577819718666
87,0,train,5,1,0.17453292519943295,1.517440509996959,3,s,af3726fcacd0ac1320a56ea850b0a2c0f5430cf4eb20a45c078706980f08407e,d24fbe3839599a6a097188bae8cd47ce8083f27deef1341ae3086bf0d5a45bd1,87f63c0590d05baea263cdc42c6e1df2d063fa2def309ecb0283f3036bf33d46,87f63c0590d05baea263cdc42c6e1df2d063fa2def309ecb0283f3036bf33d46,1787978721.267877,37305.102999999996,18652603,0,0.9584569931030273,1.2136640548706055,1.556992530822754,-0.00133514404296875,0.08678531646728516,0.00438690185546875,0.0073261260986328125,-0.0024423599243164062,-0.0024423599243164062,-0.0073261260986328125,0.2417583465576172,-0.0073261260986328125,-0.07570171356201172,-2.4410247802734375,7.295726776123047,-1.5555553436279297,0.046398162841796875,-0.10988998413085938,0.0,-2.90155706102157,6.544988716045804,-1.5812202270137907,-0.020206284431835225,-0.004435483547859626
87,0,train,5,1,0.17453292519943295,1.5199484709955868,3,s,af3726fcacd0ac1320a56ea850b0a2c0f5430cf4eb20a45c078706980f08407e,d24fbe3839599a6a097188bae8cd47ce8083f27deef1341ae3086bf0d5a45bd1,87f63c0590d05baea263cdc42c6e1df2d063fa2def309ecb0283f3036bf33d46,87f63c0590d05baea263cdc42c6e1df2d063fa2def309ecb0283f3036bf33d46,1787978721.2698004,37305.104999999996,18652604,0,0.9584569931030273,1.2136640548706055,1.556992530822754,-0.00133514404296875,0.08754825592041016,0.00438690185546875,-0.0073261260986328125,-0.0024423599243164062,-0.0024423599243164062,-0.0073261260986328125,0.27106285095214844,-0.0073261260986328125,-0.07570171356201172,-2.4410247802734375,7.336753845214844,-1.5555553436279297,0.04151439666748047,-0.10988998413085938,0.0,-2.90151389140448,6.544945546428714,-1.5811770573967021,-0.020419690185000117,-0.004425295512100939
87,0,train,5,1,0.17453292519943295,1.521890578995226,3,s,af3726fcacd0ac1320a56ea850b0a2c0f5430cf4eb20a45c078706980f08407e,d24fbe3839599a6a097188bae8cd47ce8083f27deef1341ae3086bf0d5a45bd1,87f63c0590d05baea263cdc42c6e1df2d063fa2def309ecb0283f3036bf33d46,87f63c0590d05baea263cdc42c6e1df2d063fa2def309ecb0283f3036bf33d46,1787978721.2717397,37305.106999999996,18652605,0,0.9584569931030273,1.2136640548706055,1.556992530822754,-0.00133514404296875,0.08792972564697266,0.00438690185546875,-0.0073261260986328125,-0.0024423599243164062,-0.0024423599243164062,-0.0073261260986328125,0.22710609436035156,-0.0073261260986328125,-0.07570171356201172,-2.4410247802734375,7.268375396728516,-1.560439109802246,0.036629676818847656,-0.10988998413085938,0.0,-2.901492136523579,6.544923791547813,-1.5811553025158005,-0.02052638861216214,-0.0044202017496838475
87,0,train,5,1,0.17453292519943295,1.5238101720024133,3,s,af3726fcacd0ac1320a56ea850b0a2c0f5430cf4eb20a45c078706980f08407e,d24fbe3839599a6a097188bae8cd47ce8083f27deef1341ae3086bf0d5a45bd1,87f63c0590d05baea263cdc42c6e1df2d063fa2def309ecb0283f3036bf33d46,87f63c0590d05baea263cdc42c6e1df2d063fa2def309ecb0283f3036bf33d46,1787978721.273621,37305.109,18652606,0,0.9584569931030273,1.2136640548706055,1.556992530822754,-0.00133514404296875,0.08831119537353516,0.00438690185546875,-0.0073261260986328125,-0.0024423599243164062,-0.0024423599243164062,-0.0073261260986328125,0.21245384216308594,-0.0073261260986328125,-0.07570171356201172,-2.4410247802734375,7.227352142333984,-1.560439109802246,0.03174591064453125,-0.10988998413085938,0.0,-2.9014702682653204,6.5449019232895544,-1.581133434257542,-0.020633084052341547,-0.0044151081585632485
87,0,train,5,1,0.17453292519943295,1.525692203998915,3,s,af3726fcacd0ac1320a56ea850b0a2c0f5430cf4eb20a45c078706980f08407e,d24fbe3839599a6a097188bae8cd47ce8083f27deef1341ae3086bf0d5a45bd1,87f63c0590d05baea263cdc42c6e1df2d063fa2def309ecb0283f3036bf33d46,87f63c0590d05baea263cdc42c6e1df2d063fa2def309ecb0283f3036bf33d46,1787978721.275479,37305.111,18652607,0,0.9584569931030273,1.2136640548706055,1.556992530822754,-0.00133514404296875,0.08831119537353516,0.00438690185546875,-0.0073261260986328125,-0.0024423599243164062,-0.0024423599243164062,-0.0073261260986328125,0.1831493377685547,-0.0073261260986328125,-0.08058643341064453,-2.4410247802734375,7.227352142333984,-1.5555553436279297,0.026862144470214844,-0.10988998413085938,0.0,-2.9014702682653204,6.5449019232895544,-1.581133434257542,-0.020633084052341547,-0.0044151081585632485
87,0,train,5,1,0.17453292519943295,1.5275481429998763,3,s,af3726fcacd0ac1320a56ea850b0a2c0f5430cf4eb20a45c078706980f08407e,d24fbe3839599a6a097188bae8cd47ce8083f27deef1341ae3086bf0d5a45bd1,87f63c0590d05baea263cdc42c6e1df2d063fa2def309ecb0283f3036bf33d46,87f63c0590d05baea263cdc42c6e1df2d063fa2def309ecb0283f3036bf33d46,1787978721.277361,37305.113,18652608,0,0.9584569931030273,1.2136640548706055,1.556992530822754,-0.00133514404296875,0.08869266510009766,0.00438690185546875,-0.0073261260986328125,-0.0024423599243164062,-0.0024423599243164062,-0.021978378295898438,0.15384674072265625,-0.0073261260986328125,-0.07570171356201172,-2.4410247802734375,7.227352142333984,-1.5555553436279297,0.03174591064453125,-0.10500621795654297,0.0,-2.901448286632888,6.544879941657122,-1.58111145262511,-0.0207397764900121,-0.004410014739480359
87,0,train,5,1,0.17453292519943295,1.5294304519993602,3,s,af3726fcacd0ac1320a56ea850b0a2c0f5430cf4eb20a45c078706980f08407e,d24fbe3839599a6a097188bae8cd47ce8083f27deef1341ae3086bf0d5a45bd1,87f63c0590d05baea263cdc42c6e1df2d063fa2def309ecb0283f3036bf33d46,87f63c0590d05baea263cdc42c6e1df2d063fa2def309ecb0283f3036bf33d46,1787978721.2792704,37305.115,18652609,0,0.9584569931030273,1.2136640548706055,1.556992530822754,-0.00133514404296875,0.08907413482666016,0.00438690185546875,0.0073261260986328125,-0.0024423599243164062,-0.0024423599243164062,-0.0073261260986328125,0.15384674072265625,-0.0073261260986328125,-0.07570171356201172,-2.4410247802734375,7.3094024658203125,-1.5506715774536133,0.03174591064453125,-0.10500621795654297,0.0,-2.901426191629479,6.544857846653713,-1.5810893576217013,-0.020846465909647983,-0.00440492149317637
87,0,train,5,1,0.17453292519943295,1.5313373710014275,3,s,af3726fcacd0ac1320a56ea850b0a2c0f5430cf4eb20a45c078706980f08407e,d24fbe3839599a6a097188bae8cd47ce8083f27deef1341ae3086bf0d5a45bd1,87f63c0590d05baea263cdc42c6e1df2d063fa2def309ecb0283f3036bf33d46,87f63c0590d05baea263cdc42c6e1df2d063fa2def309ecb0283f3036bf33d46,1787978721.2817333,37305.117,18652610,0,0.9584569931030273,1.2136640548706055,1.556992530822754,-0.00133514404296875,0.08945560455322266,0.00438690185546875,0.0073261260986328125,-0.0024423599243164062,-0.0024423599243164062,-0.0073261260986328125,0.15384674072265625,-0.0073261260986328125,-0.07570171356201172,-2.4410247802734375,7.350425720214844,-1.5555553436279297,0.036629676818847656,-0.10500621795654297,0.0,-2.901403983258312,6.544835638282546,-1.581067149250534,-0.020953152295723854,-0.004399828420392446
87,0,train,5,1,0.17453292519943295,1.533800284996687,3,s,af3726fcacd0ac1320a56ea850b0a2c0f5430cf4eb20a45c078706980f08407e,d24fbe3839599a6a097188bae8cd47ce8083f27deef1341ae3086bf0d5a45bd1,87f63c0590d05baea263cdc42c6e1df2d063fa2def309ecb0283f3036bf33d46,87f63c0590d05baea263cdc42c6e1df2d063fa2def309ecb0283f3036bf33d46,1787978721.2836587,37305.119,18652611,0,0.9584569931030273,1.2136640548706055,1.556992530822754,-0.00133514404296875,0.08945560455322266,0.00438690185546875,-0.0073261260986328125,-0.0024423599243164062,-0.0024423599243164062,-0.021978378295898438,0.16849899291992188,-0.0073261260986328125,-0.07570171356201172,-2.4410247802734375,7.336753845214844,-1.5555553436279297,0.04151439666748047,-0.10988998413085938,0.0,-2.901403983258312,6.544835638282546,-1.581067149250534,-0.020953152295723854,-0.004399828420392446
87,0,train,5,1,0.17453292519943295,1.5357363860020996,3,s,af3726fcacd0ac1320a56ea850b0a2c0f5430cf4eb20a45c078706980f08407e,d24fbe3839599a6a097188bae8cd47ce8083f27deef1341ae3086bf0d5a45bd1,87f63c0590d05baea263cdc42c6e1df2d063fa2def309ecb0283f3036bf33d46,87f63c0590d05baea263cdc42c6e1df2d063fa2def309ecb0283f3036bf33d46,1787978721.2855728,37305.121,18652612,0,0.9584569931030273,1.2136640548706055,1.556992530822754,-0.00133514404296875,0.08983707427978516,0.00438690185546875,-0.0073261260986328125,-0.0024423599243164062,-0.0024423599243164062,-0.0073261260986328125,0.10988998413085938,-0.0073261260986328125,-0.07570171356201172,-2.4410247802734375,7.323078155517578,-1.5506715774536133,0.046398162841796875,-0.10988998413085938,0.0,-2.9013816615226165,6.5448133165468505,-1.5810448275148372,-0.021059835632714807,-0.004394735521869727
87,0,train,5,1,0.17453292519943295,1.5376482130013756,3,s,af3726fcacd0ac1320a56ea850b0a2c0f5430cf4eb20a45c078706980f08407e,d24fbe3839599a6a097188bae8cd47ce8083f27deef1341ae3086bf0d5a45bd1,87f63c0590d05baea263cdc42c6e1df2d063fa2def309ecb0283f3036bf33d46,87f63c0590d05baea263cdc42c6e1df2d063fa2def309ecb0283f3036bf33d46,1787978721.2875187,37305.123,18652613,0,0.9584569931030273,1.2136640548706055,1.556992530822754,-0.00133514404296875,0.08983707427978516,0.00438690185546875,-0.0073261260986328125,-0.0024423599243164062,-0.0024423599243164062,-0.021978378295898438,0.10988998413085938,-0.0073261260986328125,-0.07570171356201172,-2.4410247802734375,7.350425720214844,-1.5506715774536133,0.05616569519042969,-0.10988998413085938,0.0,-2.9013816615226165,6.5448133165468505,-1.5810448275148372,-0.021059835632714807,-0.004394735521869727
87,0,train,5,1,0.17453292519943295,1.5395939399968483,3,s,af3726fcacd0ac1320a56ea850b0a2c0f5430cf4eb20a45c078706980f08407e,d24fbe3839599a6a097188bae8cd47ce8083f27deef1341ae3086bf0d5a45bd1,87f63c0590d05baea263cdc42c6e1df2d063fa2def309ecb0283f3036bf33d46,87f63c0590d05baea263cdc42c6e1df2d063fa2def309ecb0283f3036bf33d46,1787978721.289423,37305.125,18652614,0,0.9584569931030273,1.2136640548706055,1.556992530822754,-0.00133514404296875,0.09021854400634766,0.00438690185546875,-0.0073261260986328125,-0.0024423599243164062,-0.0024423599243164062,-0.0073261260986328125,0.124542236328125,-0.0073261260986328125,-0.07570171356201172,-2.4410247802734375,7.391452789306641,-1.5555553436279297,0.0610504150390625,-0.10988998413085938,0.0,-2.90135922642564,6.544790881449874,-1.581022392417861,-0.021166515905096373,-0.004389642798349327
87,0,train,5,1,0.17453292519943295,1.5415088029985782,3,s,af3726fcacd0ac1320a56ea850b0a2c0f5430cf4eb20a45c078706980f08407e,d24fbe3839599a6a097188bae8cd47ce8083f27deef1341ae3086bf0d5a45bd1,87f63c0590d05baea263cdc42c6e1df2d063fa2def309ecb0283f3036bf33d46,87f63c0590d05baea263cdc42c6e1df2d063fa2def309ecb0283f3036bf33d46,1787978721.2913647,37305.127,18652615,0,0.9584569931030273,1.2136640548706055,1.556992530822754,-0.00133514404296875,0.09060001373291016,0.00438690185546875,-0.0073261260986328125,-0.0024423599243164062,-0.0024423599243164062,-0.021978378295898438,0.10988998413085938,0.0073261260986328125,-0.07570171356201172,-2.4410247802734375,7.364101409912109,-1.5555553436279297,0.0659341812133789,-0.10500621795654297,0.0,-2.901336677970647,6.544768332994881,-1.5809998439628687,-0.02127319309734451,-0.004384550250572333
87,0,train,5,1,0.17453292519943295,1.5434404010011349,3,s,af3726fcacd0ac1320a56ea850b0a2c0f5430cf4eb20a45c078706980f08407e,d24fbe3839599a6a097188bae8cd47ce8083f27deef1341ae3086bf0d5a45bd1,87f63c0590d05baea263cdc42c6e1df2d063fa2def309ecb0283f3036bf33d46,87f63c0590d05baea263cdc42c6e1df2d063fa2def309ecb0283f3036bf33d46,1787978721.2938557,37305.129,18652616,0,0.9584569931030273,1.2136640548706055,1.556992530822754,-0.00133514404296875,0.09098148345947266,0.00438690185546875,-0.021978378295898438,-0.0024423599243164062,-0.0024423599243164062,-0.0073261260986328125,0.124542236328125,-0.0073261260986328125,-0.07570171356201172,-2.454700469970703,7.364101409912109,-1.5555553436279297,0.07570171356201172,-0.10500621795654297,0.0,-2.9013140161609203,6.544745671185154,-1.5809771821531424,-0.021379867193935673,-0.004379457879279811
87,0,train,5,1,0.17453292519943295,1.5459301660011988,3,s,af3726fcacd0ac1320a56ea850b0a2c0f5430cf4eb20a45c078706980f08407e,d24fbe3839599a6a097188bae8cd47ce8083f27deef1341ae3086bf0d5a45bd1,87f63c0590d05baea263cdc42c6e1df2d063fa2def309ecb0283f3036bf33d46,87f63c0590d05baea263cdc42c6e1df2d063fa2def309ecb0283f3036bf33d46,1787978721.2958026,37305.131,18652617,0,0.9584569931030273,1.2136640548706055,1.556992530822754,-0.00133514404296875,0.09136295318603516,0.00438690185546875,-0.0073261260986328125,-0.0024423599243164062,-0.0024423599243164062,-0.0073261260986328125,0.13919448852539062,-0.0073261260986328125,-0.07570171356201172,-2.4410247802734375,7.391452789306641,-1.5555553436279297,0.08058643341064453,-0.10500621795654297,0.0,-2.901291240999759,6.544722896023993,-1.58095440699198,-0.021486538179346718,-0.004374365685212798
87,0,train,5,1,0.17453292519943295,1.5478725479988498,3,s,af3726fcacd0ac1320a56ea850b0a2c0f5430cf4eb20a45c078706980f08407e,d24fbe3839599a6a097188bae8cd47ce8083f27deef1341ae3086bf0d5a45bd1,87f63c0590d05baea263cdc42c6e1df2d063fa2def309ecb0283f3036bf33d46,87f63c0590d05baea263cdc42c6e1df2d063fa2def309ecb0283f3036bf33d46,1787978721.297756,37305.133,18652618,0,0.9584569931030273,1.2136640548706055,1.556992530822754,-0.00133514404296875,0.09174442291259766,0.00438690185546875,0.0073261260986328125,-0.0024423599243164062,-0.0024423599243164062,-0.021978378295898438,0.15384674072265625,-0.0073261260986328125,-0.07570171356201172,-2.454700469970703,7.418804168701172,-1.5555553436279297,0.08547019958496094,-0.10500621795654297,0.0,-2.9012683524904737,6.544700007514708,-1.5809315184826944,-0.02159320603805499,-0.004369273669112303
87,0,train,5,1,0.17453292519943295,1.5498360779965878,3,s,af3726fcacd0ac1320a56ea850b0a2c0f5430cf4eb20a45c078706980f08407e,d24fbe3839599a6a097188bae8cd47ce8083f27deef1341ae3086bf0d5a45bd1,87f63c0590d05baea263cdc42c6e1df2d063fa2def309ecb0283f3036bf33d46,87f63c0590d05baea263cdc42c6e1df2d063fa2def309ecb0283f3036bf33d46,1787978721.2997355,37305.134999999995,18652619,0,0.9584569931030273,1.2136640548706055,1.556992530822754,-0.00133514404296875,0.09174442291259766,0.00438690185546875,-0.021978378295898438,-0.0024423599243164062,-0.0024423599243164062,0.0073261260986328125,0.13919448852539062,-0.0073261260986328125,-0.07570171356201172,-2.454700469970703,7.377777099609375,-1.5506715774536133,0.09035396575927734,-0.10500621795654297,0.0,-2.9012683524904737,6.544700007514708,-1.5809315184826944,-0.02159320603805499,-0.004369273669112303
87,0,train,5,1,0.17453292519943295,1.5518138760016882,3,s,af3726fcacd0ac1320a56ea850b0a2c0f5430cf4eb20a45c078706980f08407e,d24fbe3839599a6a097188bae8cd47ce8083f27deef1341ae3086bf0d5a45bd1,87f63c0590d05baea263cdc42c6e1df2d063fa2def309ecb0283f3036bf33d46,87f63c0590d05baea263cdc42c6e1df2d063fa2def309ecb0283f3036bf33d46,1787978721.3017106,37305.136999999995,18652620,0,0.9584569931030273,1.2136640548706055,1.556992530822754,-0.00133514404296875,0.09250736236572266,0.00438690185546875,-0.021978378295898438,-0.0024423599243164062,-0.0024423599243164062,-0.0073261260986328125,0.16849899291992188,-0.0073261260986328125,-0.07570171356201172,-2.4410247802734375,7.377777099609375,-1.5506715774536133,0.09035396575927734,-0.10500621795654297,0.0,-2.901222235440876,6.54465389046511,-1.580885401433097,-0.021806532313274743,-0.004359090173774793
87,0,train,5,1,0.17453292519943295,1.553786721000506,3,s,af3726fcacd0ac1320a56ea850b0a2c0f5430cf4eb20a45c078706980f08407e,d24fbe3839599a6a097188bae8cd47ce8083f27deef1341ae3086bf0d5a45bd1,87f63c0590d05baea263cdc42c6e1df2d063fa2def309ecb0283f3036bf33d46,87f63c0590d05baea263cdc42c6e1df2d063fa2def309ecb0283f3036bf33d46,1787978721.303632,37305.138999999996,18652621,0,0.9584569931030273,1.2136640548706055,1.556992530822754,-0.00133514404296875,0.09288883209228516,0.00438690185546875,0.0073261260986328125,-0.0024423599243164062,-0.0024423599243164062,-0.0073261260986328125,0.1831493377685547,-0.0073261260986328125,-0.07570171356201172,-2.4410247802734375,7.336753845214844,-1.5506715774536133,0.08547019958496094,-0.10500621795654297,0.0,-2.901199006907274,6.544630661931508,-1.5808621728994956,-0.021913190698743198,-0.00435399869601967
87,0,train,5,1,0.17453292519943295,1.5557037760008825,3,s,af3726fcacd0ac1320a56ea850b0a2c0f5430cf4eb20a45c078706980f08407e,d24fbe3839599a6a097188bae8cd47ce8083f27deef1341ae3086bf0d5a45bd1,87f63c0590d05baea263cdc42c6e1df2d063fa2def309ecb0283f3036bf33d46,87f63c0590d05baea263cdc42c6e1df2d063fa2def309ecb0283f3036bf33d46,1787978721.305537,37305.140999999996,18652622,0,0.9584569931030273,1.2136640548706055,1.556992530822754,-0.00133514404296875,0.09327030181884766,0.00438690185546875,-0.021978378295898438,-0.0024423599243164062,-0.0024423599243164062,-0.0073261260986328125,0.1978015899658203,-0.0073261260986328125,-0.07570171356201172,-2.4410247802734375,7.268375396728516,-1.5506715774536133,0.07570171356201172,-0.10500621795654297,0.0,-2.901175665038973,6.544607320063207,-1.580838831031194,-0.022019845895422743,-0.004348907399194855
87,0,train,5,1,0.17453292519943295,1.5576112819981063,3,s,af3726fcacd0ac1320a56ea850b0a2c0f5430cf4eb20a45c078706980f08407e,d24fbe3839599a6a097188bae8cd47ce8083f27deef1341ae3086bf0d5a45bd1,87f63c0590d05baea263cdc42c6e1df2d063fa2def309ecb0283f3036bf33d46,87f63c0590d05baea263cdc42c6e1df2d063fa2def309ecb0283f3036bf33d46,1787978721.3074398,37305.143,18652623,0,0.9584569931030273,1.2136640548706055,1.556992530822754,-0.00133514404296875,0.09365177154541016,0.00438690185546875,0.0073261260986328125,-0.0024423599243164062,-0.0024423599243164062,-0.0073261260986328125,0.21245384216308594,-0.0073261260986328125,-0.07570171356201172,-2.454700469970703,7.350425720214844,-1.5506715774536133,0.07081794738769531,-0.10500621795654297,0.0,-2.9011522098393665,6.5445838648636006,-1.5808153758315877,-0.022126497887793032,-0.0043438162840412275
87,0,train,5,1,0.17453292519943295,1.5595111980001093,3,s,af3726fcacd0ac1320a56ea850b0a2c0f5430cf4eb20a45c078706980f08407e,d24fbe3839599a6a097188bae8cd47ce8083f27deef1341ae3086bf0d5a45bd1,87f63c0590d05baea263cdc42c6e1df2d063fa2def309ecb0283f3036bf33d46,87f63c0590d05baea263cdc42c6e1df2d063fa2def309ecb0283f3036bf33d46,1787978721.3093224,37305.145,18652624,0,0.9584569931030273,1.2136640548706055,1.556992530822754,-0.00133514404296875,0.09441566467285156,0.00438690185546875,0.0073261260986328125,-0.0024423599243164062,-0.0024423599243164062,-0.021978378295898438,0.2417583465576172,-0.0073261260986328125,-0.08058643341064453,-2.454700469970703,7.377777099609375,-1.5506715774536133,0.0610504150390625,-0.10500621795654297,0.0,-2.901104900113276,6.54453655513751,-1.5807680661054977,-0.022340058807302318,-0.004333621875067089
87,0,train,5,1,0.17453292519943295,1.5614051349984948,3,s,af3726fcacd0ac1320a56ea850b0a2c0f5430cf4eb20a45c078706980f08407e,d24fbe3839599a6a097188bae8cd47ce8083f27deef1341ae3086bf0d5a45bd1,87f63c0590d05baea263cdc42c6e1df2d063fa2def309ecb0283f3036bf33d46,87f63c0590d05baea263cdc42c6e1df2d063fa2def309ecb0283f3036bf33d46,1787978721.3118732,37305.147,18652625,0,0.9584569931030273,1.2136640548706055,1.556992530822754,-0.00133514404296875,0.09517860412597656,0.00438690185546875,-0.0073261260986328125,-0.0024423599243164062,-0.0024423599243164062,-0.0073261260986328125,0.28571510314941406,-0.0073261260986328125,-0.08058643341064453,-2.4410247802734375,7.405128479003906,-1.5555553436279297,0.05128192901611328,-0.10500621795654297,0.0,-2.9010571958831917,6.544488850907426,-1.5807203618754138,-0.02255334009723404,-0.004323440929234633
87,0,train,5,1,0.17453292519943295,1.5639470120004262,3,s,af3726fcacd0ac1320a56ea850b0a2c0f5430cf4eb20a45c078706980f08407e,d24fbe3839599a6a097188bae8cd47ce8083f27deef1341ae3086bf0d5a45bd1,87f63c0590d05baea263cdc42c6e1df2d063fa2def309ecb0283f3036bf33d46,87f63c0590d05baea263cdc42c6e1df2d063fa2def309ecb0283f3036bf33d46,1787978721.313766,37305.149,18652626,0,0.9584569931030273,1.2136640548706055,1.556992530822754,-0.00133514404296875,0.09517860412597656,0.00438690185546875,-0.0073261260986328125,-0.0024423599243164062,-0.0024423599243164062,-0.0073261260986328125,0.2417583465576172,-0.0073261260986328125,-0.08058643341064453,-2.4410247802734375,7.364101409912109,-1.5555553436279297,0.04151439666748047,-0.10500621795654297,0.0,-2.9010571958831917,6.544488850907426,-1.5807203618754138,-0.02255334009723404,-0.004323440929234633
87,0,train,5,1,0.17453292519943295,1.5658327619967167,3,s,af3726fcacd0ac1320a56ea850b0a2c0f5430cf4eb20a45c078706980f08407e,d24fbe3839599a6a097188bae8cd47ce8083f27deef1341ae3086bf0d5a45bd1,87f63c0590d05baea263cdc42c6e1df2d063fa2def309ecb0283f3036bf33d46,87f63c0590d05baea263cdc42c6e1df2d063fa2def309ecb0283f3036bf33d46,1787978721.315699,37305.151,18652627,0,0.9584569931030273,1.2136640548706055,1.556992530822754,-0.00133514404296875,0.09556007385253906,0.00438690185546875,0.0073261260986328125,-0.0024423599243164062,-0.0024423599243164062,-0.0073261260986328125,0.21245384216308594,-0.0073261260986328125,-0.08058643341064453,-2.454700469970703,7.336753845214844,-1.5555553436279297,0.036629676818847656,-0.10500621795654297,0.0,-2.9010331737953154,6.5444648288195495,-1.5806963397875362,-0.02265997582704457,-0.0043183507340136
87,0,train,5,1,0.17453292519943295,1.5677744249987882,3,s,af3726fcacd0ac1320a56ea850b0a2c0f5430cf4eb20a45c078706980f08407e,d24fbe3839599a6a097188bae8cd47ce8083f27deef1341ae3086bf0d5a45bd1,87f63c0590d05baea263cdc42c6e1df2d063fa2def309ecb0283f3036bf33d46,87f63c0590d05baea263cdc42c6e1df2d063fa2def309ecb0283f3036bf33d46,1787978721.317659,37305.153,18652628,0,0.9584569931030273,1.2136640548706055,1.556992530822754,-0.00133514404296875,0.09594154357910156,0.00438690185546875,0.0073261260986328125,-0.0024423599243164062,-0.0024423599243164062,-0.0073261260986328125,0.16849899291992188,0.0073261260986328125,-0.08058643341064453,-2.454700469970703,7.336753845214844,-1.5555553436279297,0.03174591064453125,-0.10500621795654297,0.0,-2.9010090383968676,6.544440693421102,-1.58067220438909,-0.022766608259394656,-0.004313260724910338
87,0,train,5,1,0.17453292519943295,1.569735667995701,3,s,af3726fcacd0ac1320a56ea850b0a2c0f5430cf4eb20a45c078706980f08407e,d24fbe3839599a6a097188bae8cd47ce8083f27deef1341ae3086bf0d5a45bd1,87f63c0590d05baea263cdc42c6e1df2d063fa2def309ecb0283f3036bf33d46,87f63c0590d05baea263cdc42c6e1df2d063fa2def309ecb0283f3036bf33d46,1787978721.319557,37305.155,18652629,0,0.9584569931030273,1.2136640548706055,1.556992530822754,-0.00133514404296875,0.09594154357910156,0.00438690185546875,0.0073261260986328125,-0.0024423599243164062,-0.0024423599243164062,-0.021978378295898438,0.15384674072265625,-0.0073261260986328125,-0.08058643341064453,-2.454700469970703,7.295726776123047,-1.5555553436279297,0.026862144470214844,-0.10500621795654297,0.0,-2.9010090383968676,6.544440693421102,-1.58067220438909,-0.022766608259394656,-0.004313260724910338
87,0,train,5,1,0.17453292519943295,1.571625676995609,3,s,af3726fcacd0ac1320a56ea850b0a2c0f5430cf4eb20a45c078706980f08407e,d24fbe3839599a6a097188bae8cd47ce8083f27deef1341ae3086bf0d5a45bd1,87f63c0590d05baea263cdc42c6e1df2d063fa2def309ecb0283f3036bf33d46,87f63c0590d05baea263cdc42c6e1df2d063fa2def309ecb0283f3036bf33d46,1787978721.321447,37305.157,18652630,0,0.9584569931030273,1.2136640548706055,1.556992530822754,-0.00133514404296875,0.09632301330566406,0.00438690185546875,-0.021978378295898438,-0.0024423599243164062,-0.0024423599243164062,-0.021978378295898438,0.15384674072265625,-0.0073261260986328125,-0.08058643341064453,-2.4410247802734375,7.3094024658203125,-1.5555553436279297,0.03174591064453125,-0.10500621795654297,0.0,-2.9009847896913654,6.5444164447155995,-1.5806479556835875,-0.022873237378767244,-0.004308170902665536
87,0,train,5,1,0.17453292519943295,1.5735168259998318,3,s,af3726fcacd0ac1320a56ea850b0a2c0f5430cf4eb20a45c078706980f08407e,d24fbe3839599a6a097188bae8cd47ce8083f27deef1341ae3086bf0d5a45bd1,87f63c0590d05baea263cdc42c6e1df2d063fa2def309ecb0283f3036bf33d46,87f63c0590d05baea263cdc42c6e1df2d063fa2def309ecb0283f3036bf33d46,1787978721.3233519,37305.159,18652631,0,0.9584569931030273,1.2136640548706055,1.556992530822754,-0.00133514404296875,0.09670448303222656,0.00438690185546875,-0.021978378295898438,-0.0024423599243164062,-0.0024423599243164062,-0.0073261260986328125,0.124542236328125,-0.021978378295898438,-0.08058643341064453,-2.4410247802734375,7.3094024658203125,-1.5506715774536133,0.036629676818847656,-0.10500621795654297,0.0,-2.900960427682335,6.544392082706569,-1.580623593674557,-0.02297986316964577,-0.0043030812680198635
87,0,train,5,1,0.17453292519943295,1.5754212909960188,3,s,af3726fcacd0ac1320a56ea850b0a2c0f5430cf4eb20a45c078706980f08407e,d24fbe3839599a6a097188bae8cd47ce8083f27deef1341ae3086bf0d5a45bd1,87f63c0590d05baea263cdc42c6e1df2d063fa2def309ecb0283f3036bf33d46,87f63c0590d05baea263cdc42c6e1df2d063fa2def309ecb0283f3036bf33d46,1787978721.3252547,37305.161,18652632,0,0.9584569931030273,1.2136640548706055,1.556992530822754,-0.00133514404296875,0.09670448303222656,0.00438690185546875,-0.021978378295898438,-0.0024423599243164062,-0.0024423599243164062,-0.0073261260986328125,0.124542236328125,-0.021978378295898438,-0.07570171356201172,-2.4410247802734375,7.295726776123047,-1.5555553436279297,0.04151439666748047,-0.10988998413085938,0.0,-2.900960427682335,6.544392082706569,-1.580623593674557,-0.02297986316964577,-0.0043030812680198635
87,0,train,5,1,0.17453292519943295,1.577325676997134,3,s,af3726fcacd0ac1320a56ea850b0a2c0f5430cf4eb20a45c078706980f08407e,d24fbe3839599a6a097188bae8cd47ce8083f27deef1341ae3086bf0d5a45bd1,87f63c0590d05baea263cdc42c6e1df2d063fa2def309ecb0283f3036bf33d46,87f63c0590d05baea263cdc42c6e1df2d063fa2def309ecb0283f3036bf33d46,1787978721.327735,37305.163,18652633,0,0.9584569931030273,1.2136640548706055,1.556992530822754,-0.00133514404296875,0.09708595275878906,0.00438690185546875,-0.0073261260986328125,-0.0024423599243164062,-0.0024423599243164062,-0.0073261260986328125,0.10988998413085938,-0.0073261260986328125,-0.07570171356201172,-2.4410247802734375,7.295726776123047,-1.5555553436279297,0.05128192901611328,-0.10500621795654297,0.0,-2.9009359523733234,6.544367607397557,-1.5805991183655446,-0.023086485616514125,-0.004297991821713958
87,0,train,5,1,0.17453292519943295,1.579806784997345,3,s,af3726fcacd0ac1320a56ea850b0a2c0f5430cf4eb20a45c078706980f08407e,d24fbe3839599a6a097188bae8cd47ce8083f27deef1341ae3086bf0d5a45bd1,87f63c0590d05baea263cdc42c6e1df2d063fa2def309ecb0283f3036bf33d46,87f63c0590d05baea263cdc42c6e1df2d063fa2def309ecb0283f3036bf33d46,1787978721.329631,37305.165,18652634,0,0.9584569931030273,1.2136640548706055,1.556992530822754,-0.00133514404296875,0.09746742248535156,0.00438690185546875,-0.0073261260986328125,-0.0024423599243164062,-0.0024423599243164062,-0.0073261260986328125,0.10988998413085938,-0.0073261260986328125,-0.07570171356201172,-2.4410247802734375,7.3094024658203125,-1.5555553436279297,0.0610504150390625,-0.10500621795654297,0.0,-2.900911363767889,6.544343018792123,-1.5805745297601104,-0.023193104703856722,-0.004292902564488433
87,0,train,5,1,0.17453292519943295,1.5817170570007875,3,s,af3726fcacd0ac1320a56ea850b0a2c0f5430cf4eb20a45c078706980f08407e,d24fbe3839599a6a097188bae8cd47ce8083f27deef1341ae3086bf0d5a45bd1,87f63c0590d05baea263cdc42c6e1df2d063fa2def309ecb0283f3036bf33d46,87f63c0590d05baea263cdc42c6e1df2d063fa2def309ecb0283f3036bf33d46,1787978721.3315625,37305.167,18652635,0,0.9584569931030273,1.2136640548706055,1.556992530822754,-0.00133514404296875,0.09746742248535156,0.00438690185546875,-0.0073261260986328125,-0.0024423599243164062,-0.0024423599243164062,-0.0073261260986328125,0.09523773193359375,-0.0073261260986328125,-0.08058643341064453,-2.4410247802734375,7.295726776123047,-1.5555553436279297,0.07081794738769531,-0.10500621795654297,0.0,-2.900911363767889,6.544343018792123,-1.5805745297601104,-0.023193104703856722,-0.004292902564488433
87,0,train,5,1,0.17453292519943295,1.5836421330022858,3,s,af3726fcacd0ac1320a56ea850b0a2c0f5430cf4eb20a45c078706980f08407e,d24fbe3839599a6a097188bae8cd47ce8083f27deef1341ae3086bf0d5a45bd1,87f63c0590d05baea263cdc42c6e1df2d063fa2def309ecb0283f3036bf33d46,87f63c0590d05baea263cdc42c6e1df2d063fa2def309ecb0283f3036bf33d46,1787978721.3338702,37305.169,18652636,0,0.9584569931030273,1.2136640548706055,1.556992530822754,-0.00133514404296875,0.09784889221191406,0.00438690185546875,0.0073261260986328125,-0.0024423599243164062,-0.0024423599243164062,-0.0073261260986328125,0.09523773193359375,0.0073261260986328125,-0.08058643341064453,-2.454700469970703,7.323078155517578,-1.5555553436279297,0.08058643341064453,-0.10012245178222656,0.0,-2.9008866618696127,6.544318316893847,-1.5805498278618337,-0.023299720416158395,-0.004287813497083873
87,0,train,5,1,0.17453292519943295,1.5859476149998954,3,s,af3726fcacd0ac1320a56ea850b0a2c0f5430cf4eb20a45c078706980f08407e,d24fbe3839599a6a097188bae8cd47ce8083f27deef1341ae3086bf0d5a45bd1,87f63c0590d05baea263cdc42c6e1df2d063fa2def309ecb0283f3036bf33d46,87f63c0590d05baea263cdc42c6e1df2d063fa2def309ecb0283f3036bf33d46,1787978721.3357875,37305.170999999995,18652637,0,0.9584569931030273,1.2136640548706055,1.556992530822754,-0.00133514404296875,0.09784889221191406,0.00438690185546875,-0.0073261260986328125,-0.0024423599243164062,-0.0024423599243164062,-0.0073261260986328125,0.10988998413085938,-0.0073261260986328125,-0.08058643341064453,-2.454700469970703,7.377777099609375,-1.5555553436279297,0.08547019958496094,-0.10500621795654297,0.0,-2.9008866618696127,6.544318316893847,-1.5805498278618337,-0.023299720416158395,-0.004287813497083873
87,0,train,5,1,0.17453292519943295,1.5878597019982408,3,s,af3726fcacd0ac1320a56ea850b0a2c0f5430cf4eb20a45c078706980f08407e,d24fbe3839599a6a097188bae8cd47ce8083f27deef1341ae3086bf0d5a45bd1,87f63c0590d05baea263cdc42c6e1df2d063fa2def309ecb0283f3036bf33d46,87f63c0590d05baea263cdc42c6e1df2d063fa2def309ecb0283f3036bf33d46,1787978721.3377109,37305.172999999995,18652638,0,0.9584569931030273,1.2136640548706055,1.556992530822754,-0.00133514404296875,0.09823036193847656,0.00438690185546875,-0.021978378295898438,-0.0024423599243164062,-0.0024423599243164062,-0.0073261260986328125,0.13919448852539062,-0.0073261260986328125,-0.08058643341064453,-2.454700469970703,7.405128479003906,-1.5506715774536133,0.09035396575927734,-0.10500621795654297,0.0,-2.9008618466820866,6.544293501706321,-1.5805250126743082,-0.023406332737904562,-0.004282724620240831
87,0,train,5,1,0.17453292519943295,1.5897819609963335,3,s,af3726fcacd0ac1320a56ea850b0a2c0f5430cf4eb20a45c078706980f08407e,d24fbe3839599a6a097188bae8cd47ce8083f27deef1341ae3086bf0d5a45bd1,87f63c0590d05baea263cdc42c6e1df2d063fa2def309ecb0283f3036bf33d46,87f63c0590d05baea263cdc42c6e1df2d063fa2def309ecb0283f3036bf33d46,1787978721.3396218,37305.174999999996,18652639,0,0.9584569931030273,1.2136640548706055,1.556992530822754,-0.00133514404296875,0.09861183166503906,0.00438690185546875,-0.0073261260986328125,-0.0024423599243164062,-0.0024423599243164062,-0.0073261260986328125,0.13919448852539062,-0.0073261260986328125,-0.08058643341064453,-2.454700469970703,7.405128479003906,-1.5555553436279297,0.10012245178222656,-0.10500621795654297,0.0,-2.9008369182089253,6.544268573233159,-1.580500084201146,-0.023512941653581067,-0.004277635934699842
87,0,train,5,1,0.17453292519943295,1.591690387998824,3,s,af3726fcacd0ac1320a56ea850b0a2c0f5430cf4eb20a45c078706980f08407e,d24fbe3839599a6a097188bae8cd47ce8083f27deef1341ae3086bf0d5a45bd1,87f63c0590d05baea263cdc42c6e1df2d063fa2def309ecb0283f3036bf33d46,87f63c0590d05baea263cdc42c6e1df2d063fa2def309ecb0283f3036bf33d46,1787978721.3415334,37305.176999999996,18652640,0,0.9584569931030273,1.2136640548706055,1.556992530822754,-0.00133514404296875,0.09899330139160156,0.00438690185546875,-0.0073261260986328125,-0.0024423599243164062,-0.0024423599243164062,-0.0073261260986328125,0.1831493377685547,-0.0073261260986328125,-0.08058643341064453,-2.454700469970703,7.418804168701172,-1.5506715774536133,0.10012245178222656,-0.10500621795654297,0.0,-2.9008118764537527,6.544243531477987,-1.5804750424459744,-0.02361954714767429,-0.004272547441201403
87,0,train,5,1,0.17453292519943295,1.5936052729957737,3,s,af3726fcacd0ac1320a56ea850b0a2c0f5430cf4eb20a45c078706980f08407e,d24fbe3839599a6a097188bae8cd47ce8083f27deef1341ae3086bf0d5a45bd1,87f63c0590d05baea263cdc42c6e1df2d063fa2def309ecb0283f3036bf33d46,87f63c0590d05baea263cdc42c6e1df2d063fa2def309ecb0283f3036bf33d46,1787978721.3434424,37305.179,18652641,0,0.9584569931030273,1.2136640548706055,1.556992530822754,-0.00133514404296875,0.09975624084472656,0.00438690185546875,0.0073261260986328125,-0.0024423599243164062,-0.0024423599243164062,-0.0073261260986328125,0.1831493377685547,-0.0073261260986328125,-0.07570171356201172,-2.454700469970703,7.418804168701172,-1.5506715774536133,0.10012245178222656,-0.10988998413085938,0.0,-2.9007614531119734,6.5441931081362075,-1.5804246191041946,-0.02383274780905876,-0.004262371033294044
87,0,train,5,1,0.17453292519943295,1.5955135830008658,3,s,af3726fcacd0ac1320a56ea850b0a2c0f5430cf4eb20a45c078706980f08407e,d24fbe3839599a6a097188bae8cd47ce8083f27deef1341ae3086bf0d5a45bd1,87f63c0590d05baea263cdc42c6e1df2d063fa2def309ecb0283f3036bf33d46,87f63c0590d05baea263cdc42c6e1df2d063fa2def309ecb0283f3036bf33d46,1787978721.3453517,37305.181,18652642,0,0.9584569931030273,1.2136640548706055,1.556992530822754,-0.00133514404296875,0.10013771057128906,0.00438690185546875,-0.0073261260986328125,-0.0024423599243164062,-0.0024423599243164062,-0.0073261260986328125,0.1978015899658203,-0.0073261260986328125,-0.07570171356201172,-2.454700469970703,7.418804168701172,-1.5506715774536133,0.09035396575927734,-0.10500621795654297,0.0,-2.900736071532703,6.544167726556937,-1.5803992375249247,-0.023939342945325248,-0.004257283120365986
87,0,train,5,1,0.17453292519943295,1.597426815002109,3,s,af3726fcacd0ac1320a56ea850b0a2c0f5430cf4eb20a45c078706980f08407e,d24fbe3839599a6a097188bae8cd47ce8083f27deef1341ae3086bf0d5a45bd1,87f63c0590d05baea263cdc42c6e1df2d063fa2def309ecb0283f3036bf33d46,87f63c0590d05baea263cdc42c6e1df2d063fa2def309ecb0283f3036bf33d46,1787978721.3478818,37305.183,18652643,0,0.9584569931030273,1.2136640548706055,1.556992530822754,-0.00133514404296875,0.10051918029785156,0.00438690185546875,0.0073261260986328125,-0.0024423599243164062,-0.0024423599243164062,-0.021978378295898438,0.1978015899658203,-0.0073261260986328125,-0.07570171356201172,-2.4410247802734375,7.405128479003906,-1.5506715774536133,0.08058643341064453,-0.10500621795654297,0.0,-2.9007105766860977,6.544142231710332,-1.5803737426783198,-0.024045934597958868,-0.004252195402442204
87,0,train,5,1,0.17453292519943295,1.5999602009978844,3,s,af3726fcacd0ac1320a56ea850b0a2c0f5430cf4eb20a45c078706980f08407e,d24fbe3839599a6a097188bae8cd47ce8083f27deef1341ae3086bf0d5a45bd1,87f63c0590d05baea263cdc42c6e1df2d063fa2def309ecb0283f3036bf33d46,87f63c0590d05baea263cdc42c6e1df2d063fa2def309ecb0283f3036bf33d46,1787978721.3498194,37305.185,18652644,0,0.9584569931030273,1.2136640548706055,1.556992530822754,-0.00133514404296875,0.10090065002441406,0.00438690185546875,-0.0073261260986328125,-0.0024423599243164062,-0.0024423599243164062,0.0073261260986328125,0.1831493377685547,-0.0073261260986328125,-0.07570171356201172,-2.4410247802734375,7.391452789306641,-1.5506715774536133,0.07081794738769531,-0.10500621795654297,0.0,-2.9006849685758693,6.544116623600104,-1.580348134568091,-0.02415252275144853,-0.004247107880263057
87,0,train,5,1,0.17453292519943295,1.6019069739995757,3,s,af3726fcacd0ac1320a56ea850b0a2c0f5430cf4eb20a45c078706980f08407e,d24fbe3839599a6a097188bae8cd47ce8083f27deef1341ae3086bf0d5a45bd1,87f63c0590d05baea263cdc42c6e1df2d063fa2def309ecb0283f3036bf33d46,87f63c0590d05baea263cdc42c6e1df2d063fa2def309ecb0283f3036bf33d46,1787978721.3517618,37305.187,18652645,0,0.9584569931030273,1.2136640548706055,1.556992530822754,-0.00133514404296875,0.10128211975097656,0.00438690185546875,0.0073261260986328125,-0.0024423599243164062,-0.0024423599243164062,-0.0073261260986328125,0.22710609436035156,-0.0073261260986328125,-0.07570171356201172,-2.4410247802734375,7.391452789306641,-1.5555553436279297,0.0610504150390625,-0.10500621795654297,0.0,-2.9006592472057426,6.544090902229977,-1.5803224131979636,-0.0242591073902836,-0.004242020554568877
87,0,train,5,1,0.17453292519943295,1.6038342370011378,3,s,af3726fcacd0ac1320a56ea850b0a2c0f5430cf4eb20a45c078706980f08407e,d24fbe3839599a6a097188bae8cd47ce8083f27deef1341ae3086bf0d5a45bd1,87f63c0590d05baea263cdc42c6e1df2d063fa2def309ecb0283f3036bf33d46,87f63c0590d05baea263cdc42c6e1df2d063fa2def309ecb0283f3036bf33d46,1787978721.3536532,37305.189,18652646,0,0.9584569931030273,1.2136640548706055,1.556992530822754,-0.00133514404296875,0.10204505920410156,0.00438690185546875,-0.0073261260986328125,-0.0024423599243164062,-0.0024423599243164062,-0.021978378295898438,0.2417583465576172,-0.0073261260986328125,-0.07570171356201172,-2.4410247802734375,7.350425720214844,-1.5555553436279297,0.05616569519042969,-0.10500621795654297,0.0,-2.9006074647007813,6.544039119725015,-1.5802706306930037,-0.024472266061950024,-0.004231846495596607
87,0,train,5,1,0.17453292519943295,1.605723341999692,3,s,af3726fcacd0ac1320a56ea850b0a2c0f5430cf4eb20a45c078706980f08407e,d24fbe3839599a6a097188bae8cd47ce8083f27deef1341ae3086bf0d5a45bd1,87f63c0590d05baea263cdc42c6e1df2d063fa2def309ecb0283f3036bf33d46,87f63c0590d05baea263cdc42c6e1df2d063fa2def309ecb0283f3036bf33d46,1787978721.3555675,37305.191,18652647,0,0.9584569931030273,1.2136640548706055,1.556992530822754,-0.00133514404296875,0.10242652893066406,0.00438690185546875,-0.0073261260986328125,-0.0024423599243164062,-0.0024423599243164062,0.021978378295898438,0.2417583465576172,-0.0073261260986328125,-0.07570171356201172,-2.4410247802734375,7.323078155517578,-1.5506715774536133,0.05128192901611328,-0.10988998413085938,0.0,-2.9005814035734843,6.544013058597718,-1.5802445695657055,-0.024578840063762736,-0.004226759763799034
87,0,train,5,1,0.17453292519943295,1.607638658999349,3,s,af3726fcacd0ac1320a56ea850b0a2c0f5430cf4eb20a45c078706980f08407e,d24fbe3839599a6a097188bae8cd47ce8083f27deef1341ae3086bf0d5a45bd1,87f63c0590d05baea263cdc42c6e1df2d063fa2def309ecb0283f3036bf33d46,87f63c0590d05baea263cdc42c6e1df2d063fa2def309ecb0283f3036bf33d46,1787978721.3574758,37305.193,18652648,0,0.9584569931030273,1.2136640548706055,1.556992530822754,-0.00133514404296875,0.10280799865722656,0.00438690185546875,-0.0073261260986328125,-0.0024423599243164062,-0.0024423599243164062,-0.0073261260986328125,0.1831493377685547,-0.0073261260986328125,-0.08058643341064453,-2.4410247802734375,7.3094024658203125,-1.5555553436279297,0.046398162841796875,-0.10988998413085938,0.0,-2.9005552292013586,6.543986884225593,-1.5802183951935809,-0.024685410488883494,-0.004221673231447473
87,0,train,5,1,0.17453292519943295,1.6095428190019447,3,s,af3726fcacd0ac1320a56ea850b0a2c0f5430cf4eb20a45c078706980f08407e,d24fbe3839599a6a097188bae8cd47ce8083f27deef1341ae3086bf0d5a45bd1,87f63c0590d05baea263cdc42c6e1df2d063fa2def309ecb0283f3036bf33d46,87f63c0590d05baea263cdc42c6e1df2d063fa2def309ecb0283f3036bf33d46,1787978721.3593662,37305.195,18652649,0,0.9584569931030273,1.2136640548706055,1.556992530822754,-0.00133514404296875,0.10280799865722656,0.00438690185546875,0.0073261260986328125,-0.0024423599243164062,-0.0024423599243164062,-0.021978378295898438,0.16849899291992188,0.0073261260986328125,-0.08058643341064453,-2.4410247802734375,7.295726776123047,-1.5555553436279297,0.04151439666748047,-0.10500621795654297,0.0,-2.9005552292013586,6.543986884225593,-1.5802183951935809,-0.024685410488883494,-0.004221673231447473
87,0,train,5,1,0.17453292519943295,1.6114347429975169,3,s,af3726fcacd0ac1320a56ea850b0a2c0f5430cf4eb20a45c078706980f08407e,d24fbe3839599a6a097188bae8cd47ce8083f27deef1341ae3086bf0d5a45bd1,87f63c0590d05baea263cdc42c6e1df2d063fa2def309ecb0283f3036bf33d46,87f63c0590d05baea263cdc42c6e1df2d063fa2def309ecb0283f3036bf33d46,1787978721.3613148,37305.197,18652650,0,0.9584569931030273,1.2136640548706055,1.556992530822754,-0.00133514404296875,0.10318946838378906,0.00438690185546875,-0.0073261260986328125,-0.0024423599243164062,-0.0024423599243164062,-0.0073261260986328125,0.124542236328125,0.0073261260986328125,-0.08058643341064453,-2.4410247802734375,7.323078155517578,-1.5555553436279297,0.04151439666748047,-0.10500621795654297,0.0,-2.9005289415882163,6.54396059661245,-1.5801921075804373,-0.024791977321804316,-0.004216586899282105
87,0,train,5,1,0.17453292519943295,1.613389238002128,3,s,af3726fcacd0ac1320a56ea850b0a2c0f5430cf4eb20a45c078706980f08407e,d24fbe3839599a6a097188bae8cd47ce8083f27deef1341ae3086bf0d5a45bd1,87f63c0590d05baea263cdc42c6e1df2d063fa2def309ecb0283f3036bf33d46,87f63c0590d05baea263cdc42c6e1df2d063fa2def309ecb0283f3036bf33d46,1787978721.3635623,37305.199,18652651,0,0.9584569931030273,1.2136640548706055,1.556992530822754,-0.00133514404296875,0.10318946838378906,0.00438690185546875,-0.0073261260986328125,-0.0024423599243164062,-0.0024423599243164062,-0.0073261260986328125,0.10988998413085938,-0.0073261260986328125,-0.07570171356201172,-2.4410247802734375,7.3094024658203125,-1.5555553436279297,0.046398162841796875,-0.10500621795654297,0.0,-2.9005289415882163,6.54396059661245,-1.5801921075804373,-0.024791977321804316,-0.004216586899282105
87,0,train,5,1,0.17453292519943295,1.615634390997002,3,s,af3726fcacd0ac1320a56ea850b0a2c0f5430cf4eb20a45c078706980f08407e,d24fbe3839599a6a097188bae8cd47ce8083f27deef1341ae3086bf0d5a45bd1,87f63c0590d05baea263cdc42c6e1df2d063fa2def309ecb0283f3036bf33d46,87f63c0590d05baea263cdc42c6e1df2d063fa2def309ecb0283f3036bf33d46,1787978721.3654606,37305.201,18652652,0,0.9584569931030273,1.2136640548706055,1.556992530822754,-0.00133514404296875,0.10357093811035156,0.00438690185546875,0.0073261260986328125,-0.0024423599243164062,-0.0024423599243164062,-0.021978378295898438,0.10988998413085938,-0.0073261260986328125,-0.07570171356201172,-2.4410247802734375,7.3094024658203125,-1.5555553436279297,0.0610504150390625,-0.10500621795654297,0.0,-2.9005025407378784,6.543934195762112,-1.5801657067301005,-0.024898540547017657,-0.0042115007680430935
87,0,train,5,1,0.17453292519943295,1.617528183000104,3,s,af3726fcacd0ac1320a56ea850b0a2c0f5430cf4eb20a45c078706980f08407e,d24fbe3839599a6a097188bae8cd47ce8083f27deef1341ae3086bf0d5a45bd1,87f63c0590d05baea263cdc42c6e1df2d063fa2def309ecb0283f3036bf33d46,87f63c0590d05baea263cdc42c6e1df2d063fa2def309ecb0283f3036bf33d46,1787978721.3673701,37305.203,18652653,0,0.9584569931030273,1.2136640548706055,1.556992530822754,-0.00133514404296875,0.10357093811035156,0.00438690185546875,-0.0073261260986328125,-0.0024423599243164062,-0.0024423599243164062,-0.0073261260986328125,0.0659332275390625,-0.021978378295898438,-0.08058643341064453,-2.4410247802734375,7.3094024658203125,-1.5506715774536133,0.07570171356201172,-0.10500621795654297,0.0,-2.9005025407378784,6.543934195762112,-1.5801657067301005,-0.024898540547017657,-0.0042115007680430935
87,0,train,5,1,0.17453292519943295,1.6194437840022147,3,s,af3726fcacd0ac1320a56ea850b0a2c0f5430cf4eb20a45c078706980f08407e,d24fbe3839599a6a097188bae8cd47ce8083f27deef1341ae3086bf0d5a45bd1,87f63c0590d05baea263cdc42c6e1df2d063fa2def309ecb0283f3036bf33d46,87f63c0590d05baea263cdc42c6e1df2d063fa2def309ecb0283f3036bf33d46,1787978721.3698418,37305.205,18652654,0,0.9584569931030273,1.2136640548706055,1.556992530822754,-0.00133514404296875,0.10357093811035156,0.00438690185546875,-0.021978378295898438,-0.0024423599243164062,-0.0024423599243164062,-0.021978378295898438,0.0659332275390625,-0.021978378295898438,-0.08058643341064453,-2.4410247802734375,7.3094024658203125,-1.5555553436279297,0.10012245178222656,-0.10988998413085938,0.0,-2.9005025407378784,6.543934195762112,-1.5801657067301005,-0.024898540547017657,-0.0042115007680430935
87,0,train,5,1,0.17453292519943295,1.6219303329999093,3,s,af3726fcacd0ac1320a56ea850b0a2c0f5430cf4eb20a45c078706980f08407e,d24fbe3839599a6a097188bae8cd47ce8083f27deef1341ae3086bf0d5a45bd1,87f63c0590d05baea263cdc42c6e1df2d063fa2def309ecb0283f3036bf33d46,87f63c0590d05baea263cdc42c6e1df2d063fa2def309ecb0283f3036bf33d46,1787978721.371806,37305.206999999995,18652655,0,0.9584569931030273,1.2136640548706055,1.556992530822754,-0.00133514404296875,0.10357093811035156,0.00438690185546875,-0.021978378295898438,-0.0024423599243164062,-0.0024423599243164062,0.0073261260986328125,0.03663063049316406,-0.0073261260986328125,-0.08058643341064453,-2.454700469970703,7.350425720214844,-1.5555553436279297,0.1294260025024414,-0.10988998413085938,0.0,-2.9005025407378784,6.543934195762112,-1.5801657067301005,-0.024898540547017657,-0.0042115007680430935
87,0,train,5,1,0.17453292519943295,1.6238762669963762,3,s,af3726fcacd0ac1320a56ea850b0a2c0f5430cf4eb20a45c078706980f08407e,d24fbe3839599a6a097188bae8cd47ce8083f27deef1341ae3086bf0d5a45bd1,87f63c0590d05baea263cdc42c6e1df2d063fa2def309ecb0283f3036bf33d46,87f63c0590d05baea263cdc42c6e1df2d063fa2def309ecb0283f3036bf33d46,1787978721.373721,37305.208999999995,18652656,0,0.9584569931030273,1.2136640548706055,1.556992530822754,-0.00133514404296875,0.10357093811035156,0.00438690185546875,-0.021978378295898438,-0.0024423599243164062,-0.0024423599243164062,-0.021978378295898438,0.021978378295898438,-0.0073261260986328125,-0.08058643341064453,-2.4410247802734375,7.364101409912109,-1.5555553436279297,0.15384578704833984,-0.10500621795654297,0.0,-2.9005025407378784,6.543934195762112,-1.5801657067301005,-0.024898540547017657,-0.0042115007680430935
87,0,train,5,1,0.17453292519943295,1.6257931549989735,3,s,af3726fcacd0ac1320a56ea850b0a2c0f5430cf4eb20a45c078706980f08407e,d24fbe3839599a6a097188bae8cd47ce8083f27deef1341ae3086bf0d5a45bd1,87f63c0590d05baea263cdc42c6e1df2d063fa2def309ecb0283f3036bf33d46,87f63c0590d05baea263cdc42c6e1df2d063fa2def309ecb0283f3036bf33d46,1787978721.375629,37305.210999999996,18652657,0,0.9584569931030273,1.2136640548706055,1.556992530822754,-0.00133514404296875,0.10357093811035156,0.00438690185546875,-0.021978378295898438,-0.0024423599243164062,-0.0024423599243164062,0.0073261260986328125,0.03663063049316406,-0.0073261260986328125,-0.08058643341064453,-2.4410247802734375,7.3094024658203125,-1.5555553436279297,0.1782665252685547,-0.10500621795654297,0.0,-2.9005025407378784,6.543934195762112,-1.5801657067301005,-0.024898540547017657,-0.0042115007680430935
87,0,train,5,1,0.17453292519943295,1.627701357996557,3,s,af3726fcacd0ac1320a56ea850b0a2c0f5430cf4eb20a45c078706980f08407e,d24fbe3839599a6a097188bae8cd47ce8083f27deef1341ae3086bf0d5a45bd1,87f63c0590d05baea263cdc42c6e1df2d063fa2def309ecb0283f3036bf33d46,87f63c0590d05baea263cdc42c6e1df2d063fa2def309ecb0283f3036bf33d46,1787978721.3775928,37305.212999999996,18652658,0,0.9584569931030273,1.2136640548706055,1.556992530822754,-0.00133514404296875,0.10395240783691406,0.00438690185546875,-0.0073261260986328125,-0.0024423599243164062,-0.0024423599243164062,-0.021978378295898438,0.09523773193359375,-0.0073261260986328125,-0.08058643341064453,-2.4410247802734375,7.3094024658203125,-1.5555553436279297,0.1929178237915039,-0.10500621795654297,0.0,-2.9004760266541907,6.543907681678425,-1.5801391926464128,-0.025005100149016517,-0.004206414838470568
87,0,train,5,1,0.17453292519943295,1.629669804002333,3,s,af3726fcacd0ac1320a56ea850b0a2c0f5430cf4eb20a45c078706980f08407e,d24fbe3839599a6a097188bae8cd47ce8083f27deef1341ae3086bf0d5a45bd1,87f63c0590d05baea263cdc42c6e1df2d063fa2def309ecb0283f3036bf33d46,87f63c0590d05baea263cdc42c6e1df2d063fa2def309ecb0283f3036bf33d46,1787978721.3794816,37305.215,18652659,0,0.9584569931030273,1.2136640548706055,1.556992530822754,-0.00133514404296875,0.10471534729003906,0.00438690185546875,-0.0073261260986328125,-0.0024423599243164062,-0.0024423599243164062,0.0073261260986328125,0.10988998413085938,-0.0073261260986328125,-0.08058643341064453,-2.4273509979248047,7.268375396728516,-1.5555553436279297,0.1929178237915039,-0.10500621795654297,0.0,-2.9004226588022113,6.543854313826445,-1.580085824794433,-0.025218208421345516,-0.004196243587285336
87,0,train,5,1,0.17453292519943295,1.6315534690002096,3,s,af3726fcacd0ac1320a56ea850b0a2c0f5430cf4eb20a45c078706980f08407e,d24fbe3839599a6a097188bae8cd47ce8083f27deef1341ae3086bf0d5a45bd1,87f63c0590d05baea263cdc42c6e1df2d063fa2def309ecb0283f3036bf33d46,87f63c0590d05baea263cdc42c6e1df2d063fa2def309ecb0283f3036bf33d46,1787978721.381393,37305.217,18652660,0,0.9584569931030273,1.2136640548706055,1.556992530822754,-0.00133514404296875,0.10509681701660156,0.00438690185546875,0.0073261260986328125,-0.0024423599243164062,-0.0024423599243164062,-0.0073261260986328125,0.15384674072265625,-0.0073261260986328125,-0.07570171356201172,-2.4410247802734375,7.336753845214844,-1.5555553436279297,0.1880340576171875,-0.10988998413085938,0.0,-2.900395805041686,6.54382746006592,-1.5800589710339072,-0.025324757060664314,-0.0041911582671527465
87,0,train,5,1,0.17453292519943295,1.6334637769978144,3,s,af3726fcacd0ac1320a56ea850b0a2c0f5430cf4eb20a45c078706980f08407e,d24fbe3839599a6a097188bae8cd47ce8083f27deef1341ae3086bf0d5a45bd1,87f63c0590d05baea263cdc42c6e1df2d063fa2def309ecb0283f3036bf33d46,87f63c0590d05baea263cdc42c6e1df2d063fa2def309ecb0283f3036bf33d46,1787978721.3833425,37305.219,18652661,0,0.9584569931030273,1.2136640548706055,1.556992530822754,-0.00133514404296875,0.10547828674316406,0.00438690185546875,-0.0073261260986328125,-0.0024423599243164062,-0.0024423599243164062,-0.0073261260986328125,0.15384674072265625,-0.0073261260986328125,-0.07570171356201172,-2.4410247802734375,7.323078155517578,-1.5555553436279297,0.17338180541992188,-0.10988998413085938,0.0,-2.9003688380633412,6.543800493087575,-1.5800320040555624,-0.025431302014745964,-0.004186073151646864
87,0,train,5,1,0.17453292519943295,1.6354161359995487,3,s,af3726fcacd0ac1320a56ea850b0a2c0f5430cf4eb20a45c078706980f08407e,d24fbe3839599a6a097188bae8cd47ce8083f27deef1341ae3086bf0d5a45bd1,87f63c0590d05baea263cdc42c6e1df2d063fa2def309ecb0283f3036bf33d46,87f63c0590d05baea263cdc42c6e1df2d063fa2def309ecb0283f3036bf33d46,1787978721.3858378,37305.221,18652662,0,0.9584569931030273,1.2136640548706055,1.556992530822754,-0.00133514404296875,0.10585975646972656,0.00438690185546875,-0.0073261260986328125,-0.0024423599243164062,-0.0024423599243164062,-0.0073261260986328125,0.16849899291992188,-0.0073261260986328125,-0.07570171356201172,-2.4410247802734375,7.295726776123047,-1.5506715774536133,0.15873050689697266,-0.10988998413085938,0.0,-2.9003417578711015,6.5437734128953355,-1.580004923863323,-0.025537843268086186,-0.00418098824150767
87,0,train,5,1,0.17453292519943295,1.6379077379970113,3,s,af3726fcacd0ac1320a56ea850b0a2c0f5430cf4eb20a45c078706980f08407e,d24fbe3839599a6a097188bae8cd47ce8083f27deef1341ae3086bf0d5a45bd1,87f63c0590d05baea263cdc42c6e1df2d063fa2def309ecb0283f3036bf33d46,87f63c0590d05baea263cdc42c6e1df2d063fa2def309ecb0283f3036bf33d46,1787978721.3877535,37305.223,18652663,0,0.9584569931030273,1.2136640548706055,1.556992530822754,-0.00133514404296875,0.10624122619628906,0.00438690185546875,-0.0073261260986328125,-0.0024423599243164062,-0.0024423599243164062,-0.0073261260986328125,0.21245384216308594,-0.0073261260986328125,-0.08058643341064453,-2.4410247802734375,7.295726776123047,-1.5506715774536133,0.14407825469970703,-0.10988998413085938,0.0,-2.9003145644689066,6.543746219493141,-1.5799777304611282,-0.0256443808051811,-0.004175903537475118
87,0,train,5,1,0.17453292519943295,1.6398239490008564,3,s,af3726fcacd0ac1320a56ea850b0a2c0f5430cf4eb20a45c078706980f08407e,d24fbe3839599a6a097188bae8cd47ce8083f27deef1341ae3086bf0d5a45bd1,87f63c0590d05baea263cdc42c6e1df2d063fa2def309ecb0283f3036bf33d46,87f63c0590d05baea263cdc42c6e1df2d063fa2def309ecb0283f3036bf33d46,1787978721.3896432,37305.225,18652664,0,0.9584569931030273,1.2136640548706055,1.556992530822754,-0.00133514404296875,0.10700416564941406,0.00438690185546875,-0.0073261260986328125,-0.0024423599243164062,-0.0024423599243164062,-0.0073261260986328125,0.2564105987548828,-0.0073261260986328125,-0.07570171356201172,-2.4410247802734375,7.25469970703125,-1.5506715774536133,0.1294260025024414,-0.10500621795654297,0.0,-2.9002598380505,6.543691493074734,-1.5799230040427215,-0.025857444668622748,-0.0041657347506895955
87,0,train,5,1,0.17453292519943295,1.641726390000258,3,s,af3726fcacd0ac1320a56ea850b0a2c0f5430cf4eb20a45c078706980f08407e,d24fbe3839599a6a097188bae8cd47ce8083f27deef1341ae3086bf0d5a45bd1,87f63c0590d05baea263cdc42c6e1df2d063fa2def309ecb0283f3036bf33d46,87f63c0590d05baea263cdc42c6e1df2d063fa2def309ecb0283f3036bf33d46,1787978721.3915584,37305.227,18652665,0,0.9584569931030273,1.2136640548706055,1.556992530822754,-0.00133514404296875,0.10738563537597656,0.00438690185546875,-0.0073261260986328125,-0.0024423599243164062,-0.0024423599243164062,0.0073261260986328125,0.2417583465576172,-0.0073261260986328125,-0.07570171356201172,-2.4410247802734375,7.227352142333984,-1.5506715774536133,0.11477375030517578,-0.10500621795654297,0.0,-2.9002323050422514,6.543663960066485,-1.5798954710344735,-0.025963970963964557,-0.0041606506694163775
87,0,train,5,1,0.17453292519943295,1.6436298889966565,3,s,af3726fcacd0ac1320a56ea850b0a2c0f5430cf4eb20a45c078706980f08407e,d24fbe3839599a6a097188bae8cd47ce8083f27deef1341ae3086bf0d5a45bd1,87f63c0590d05baea263cdc42c6e1df2d063fa2def309ecb0283f3036bf33d46,87f63c0590d05baea263cdc42c6e1df2d063fa2def309ecb0283f3036bf33d46,1787978721.3935816,37305.229,18652666,0,0.9584569931030273,1.2136640548706055,1.556992530822754,-0.00133514404296875,0.10776710510253906,0.00438690185546875,-0.0073261260986328125,-0.0024423599243164062,-0.0024423599243164062,0.0073261260986328125,0.22710609436035156,-0.0073261260986328125,-0.08058643341064453,-2.4410247802734375,7.3094024658203125,-1.5506715774536133,0.09523773193359375,-0.10500621795654297,0.0,-2.900204658839978,6.543636313864212,-1.579867824832199,-0.026070493481051407,-0.0041555667972093075
87,0,train,5,1,0.17453292519943295,1.6456538769998588,3,s,af3726fcacd0ac1320a56ea850b0a2c0f5430cf4eb20a45c078706980f08407e,d24fbe3839599a6a097188bae8cd47ce8083f27deef1341ae3086bf0d5a45bd1,87f63c0590d05baea263cdc42c6e1df2d063fa2def309ecb0283f3036bf33d46,87f63c0590d05baea263cdc42c6e1df2d063fa2def309ecb0283f3036bf33d46,1787978721.3954852,37305.231,18652667,0,0.9584569931030273,1.2136640548706055,1.556992530822754,-0.00133514404296875,0.10814857482910156,0.00438690185546875,-0.021978378295898438,-0.0024423599243164062,-0.0024423599243164062,-0.0073261260986328125,0.21245384216308594,-0.0073261260986328125,-0.08058643341064453,-2.454700469970703,7.364101409912109,-1.5555553436279297,0.08058643341064453,-0.10500621795654297,0.0,-2.900176899447698,6.543608554471932,-1.5798400654399198,-0.02617701220438216,-0.004150483134808185
87,0,train,5,1,0.17453292519943295,1.6475518770021154,3,s,af3726fcacd0ac1320a56ea850b0a2c0f5430cf4eb20a45c078706980f08407e,d24fbe3839599a6a097188bae8cd47ce8083f27deef1341ae3086bf0d5a45bd1,87f63c0590d05baea263cdc42c6e1df2d063fa2def309ecb0283f3036bf33d46,87f63c0590d05baea263cdc42c6e1df2d063fa2def309ecb0283f3036bf33d46,1787978721.3973691,37305.233,18652668,0,0.9584569931030273,1.2136640548706055,1.556992530822754,-0.00133514404296875,0.10891151428222656,0.00438690185546875,0.0073261260986328125,-0.0024423599243164062,-0.0024423599243164062,-0.021978378295898438,0.2564105987548828,-0.0073261260986328125,-0.08058643341064453,-2.454700469970703,7.391452789306641,-1.5555553436279297,0.07081794738769531,-0.10500621795654297,0.0,-2.9001210411093044,6.543552696133538,-1.5797842071015256,-0.026390038207773997,-0.0041403164423828385
87,0,train,5,1,0.17453292519943295,1.6494360299984692,3,s,af3726fcacd0ac1320a56ea850b0a2c0f5430cf4eb20a45c078706980f08407e,d24fbe3839599a6a097188bae8cd47ce8083f27deef1341ae3086bf0d5a45bd1,87f63c0590d05baea263cdc42c6e1df2d063fa2def309ecb0283f3036bf33d46,87f63c0590d05baea263cdc42c6e1df2d063fa2def309ecb0283f3036bf33d46,1787978721.3992798,37305.235,18652669,0,0.9584569931030273,1.2136640548706055,1.556992530822754,-0.00133514404296875,0.10967445373535156,0.00438690185546875,-0.0073261260986328125,-0.0024423599243164062,-0.0024423599243164062,-0.0073261260986328125,0.27106285095214844,-0.0073261260986328125,-0.08058643341064453,-2.4410247802734375,7.405128479003906,-1.5506715774536133,0.0610504150390625,-0.10500621795654297,0.0,-2.9000647300595825,6.543496385083817,-1.5797278960518049,-0.0266030488501426,-0.004130150598058128
87,0,train,5,1,0.17453292519943295,1.6514229129970772,3,s,af3726fcacd0ac1320a56ea850b0a2c0f5430cf4eb20a45c078706980f08407e,d24fbe3839599a6a097188bae8cd47ce8083f27deef1341ae3086bf0d5a45bd1,87f63c0590d05baea263cdc42c6e1df2d063fa2def309ecb0283f3036bf33d46,87f63c0590d05baea263cdc42c6e1df2d063fa2def309ecb0283f3036bf33d46,1787978721.4018354,37305.237,18652670,0,0.9584569931030273,1.2136640548706055,1.556992530822754,-0.00133514404296875,0.11005592346191406,0.00438690185546875,-0.0073261260986328125,-0.0024423599243164062,-0.0024423599243164062,-0.021978378295898438,0.2564105987548828,-0.0073261260986328125,-0.08058643341064453,-2.4410247802734375,7.391452789306641,-1.5506715774536133,0.05128192901611328,-0.10500621795654297,0.0,-2.900036404778209,6.543468059802443,-1.5796995707704298,-0.026709548372196447,-0.004125067995782689
87,0,train,5,1,0.17453292519943295,1.653907760999573,3,s,af3726fcacd0ac1320a56ea850b0a2c0f5430cf4eb20a45c078706980f08407e,d24fbe3839599a6a097188bae8cd47ce8083f27deef1341ae3086bf0d5a45bd1,87f63c0590d05baea263cdc42c6e1df2d063fa2def309ecb0283f3036bf33d46,87f63c0590d05baea263cdc42c6e1df2d063fa2def309ecb0283f3036bf33d46,1787978721.403748,37305.239,18652671,0,0.9584569931030273,1.2136640548706055,1.556992530822754,-0.00133514404296875,0.11005592346191406,0.00438690185546875,-0.021978378295898438,-0.0024423599243164062,-0.0024423599243164062,-0.0073261260986328125,0.21245384216308594,-0.0073261260986328125,-0.07570171356201172,-2.4410247802734375,7.364101409912109,-1.5506715774536133,0.046398162841796875,-0.10500621795654297,0.0,-2.900036404778209,6.543468059802443,-1.5796995707704298,-0.026709548372196447,-0.004125067995782689
87,0,train,5,1,0.17453292519943295,1.6558190930009005,3,s,af3726fcacd0ac1320a56ea850b0a2c0f5430cf4eb20a45c078706980f08407e,d24fbe3839599a6a097188bae8cd47ce8083f27deef1341ae3086bf0d5a45bd1,87f63c0590d05baea263cdc42c6e1df2d063fa2def309ecb0283f3036bf33d46,87f63c0590d05baea263cdc42c6e1df2d063fa2def309ecb0283f3036bf33d46,1787978721.4056628,37305.241,18652672,0,0.9584569931030273,1.2136640548706055,1.556992530822754,-0.00133514404296875,0.11043739318847656,0.00438690185546875,0.0073261260986328125,-0.0024423599243164062,-0.0024423599243164062,0.0073261260986328125,0.16849899291992188,-0.0073261260986328125,-0.07570171356201172,-2.4410247802734375,7.405128479003906,-1.5506715774536133,0.04151439666748047,-0.10500621795654297,0.0,-2.9000079663313136,6.543439621355548,-1.5796711323235344,-0.026816044007499512,-0.004119985607751356
87,0,train,5,1,0.17453292519943295,1.65773419499601,3,s,af3726fcacd0ac1320a56ea850b0a2c0f5430cf4eb20a45c078706980f08407e,d24fbe3839599a6a097188bae8cd47ce8083f27deef1341ae3086bf0d5a45bd1,87f63c0590d05baea263cdc42c6e1df2d063fa2def309ecb0283f3036bf33d46,87f63c0590d05baea263cdc42c6e1df2d063fa2def309ecb0283f3036bf33d46,1787978721.4075544,37305.242999999995,18652673,0,0.9584569931030273,1.2136640548706055,1.556992530822754,-0.00133514404296875,0.11081886291503906,0.00438690185546875,-0.0073261260986328125,-0.0024423599243164062,-0.0024423599243164062,-0.0073261260986328125,0.13919448852539062,0.0073261260986328125,-0.08058643341064453,-2.4273509979248047,7.391452789306641,-1.5506715774536133,0.04151439666748047,-0.10500621795654297,0.0,-2.8999794147230378,6.543411069747272,-1.5796425807152585,-0.026922535740554615,-0.004114903434703716
87,0,train,5,1,0.17453292519943295,1.6596278759971028,3,s,af3726fcacd0ac1320a56ea850b0a2c0f5430cf4eb20a45c078706980f08407e,d24fbe3839599a6a097188bae8cd47ce8083f27deef1341ae3086bf0d5a45bd1,87f63c0590d05baea263cdc42c6e1df2d063fa2def309ecb0283f3036bf33d46,87f63c0590d05baea263cdc42c6e1df2d063fa2def309ecb0283f3036bf33d46,1787978721.4094515,37305.244999999995,18652674,0,0.9584569931030273,1.2136640548706055,1.556992530822754,-0.00133514404296875,0.11081886291503906,0.00438690185546875,0.0073261260986328125,-0.0024423599243164062,-0.0024423599243164062,-0.0073261260986328125,0.13919448852539062,-0.0073261260986328125,-0.07570171356201172,-2.4273509979248047,7.418804168701172,-1.5506715774536133,0.046398162841796875,-0.10500621795654297,0.0,-2.8999794147230378,6.543411069747272,-1.5796425807152585,-0.026922535740554615,-0.004114903434703716
87,0,train,5,1,0.17453292519943295,1.661536547995638,3,s,af3726fcacd0ac1320a56ea850b0a2c0f5430cf4eb20a45c078706980f08407e,d24fbe3839599a6a097188bae8cd47ce8083f27deef1341ae3086bf0d5a45bd1,87f63c0590d05baea263cdc42c6e1df2d063fa2def309ecb0283f3036bf33d46,87f63c0590d05baea263cdc42c6e1df2d063fa2def309ecb0283f3036bf33d46,1787978721.411353,37305.246999999996,18652675,0,0.9584569931030273,1.2136640548706055,1.556992530822754,-0.00133514404296875,0.11120033264160156,0.00438690185546875,-0.021978378295898438,-0.0024423599243164062,-0.0024423599243164062,-0.0073261260986328125,0.13919448852539062,-0.0073261260986328125,-0.07570171356201172,-2.4410247802734375,7.364101409912109,-1.5506715774536133,0.05128192901611328,-0.10500621795654297,0.0,-2.899950749957534,6.543382404981768,-1.5796139159497564,-0.027029023555865193,-0.004109821477379323
87,0,train,5,1,0.17453292519943295,1.6634204629954183,3,s,af3726fcacd0ac1320a56ea850b0a2c0f5430cf4eb20a45c078706980f08407e,d24fbe3839599a6a097188bae8cd47ce8083f27deef1341ae3086bf0d5a45bd1,87f63c0590d05baea263cdc42c6e1df2d063fa2def309ecb0283f3036bf33d46,87f63c0590d05baea263cdc42c6e1df2d063fa2def309ecb0283f3036bf33d46,1787978721.413807,37305.248999999996,18652676,0,0.9584569931030273,1.2136640548706055,1.556992530822754,-0.00133514404296875,0.11158180236816406,0.00438690185546875,-0.0073261260986328125,-0.0024423599243164062,-0.0024423599243164062,-0.0073261260986328125,0.13919448852539062,-0.021978378295898438,-0.07570171356201172,-2.4410247802734375,7.336753845214844,-1.5506715774536133,0.0610504150390625,-0.10500621795654297,0.0,-2.8999219720389777,6.543353627063212,-1.5795851380311985,-0.027135507437935233,-0.004104739736517699
87,0,train,5,1,0.17453292519943295,1.6658736070021405,3,s,af3726fcacd0ac1320a56ea850b0a2c0f5430cf4eb20a45c078706980f08407e,d24fbe3839599a6a097188bae8cd47ce8083f27deef1341ae3086bf0d5a45bd1,87f63c0590d05baea263cdc42c6e1df2d063fa2def309ecb0283f3036bf33d46,87f63c0590d05baea263cdc42c6e1df2d063fa2def309ecb0283f3036bf33d46,1787978721.4156854,37305.251,18652677,0,0.9584569931030273,1.2136640548706055,1.556992530822754,-0.00133514404296875,0.11158180236816406,0.00438690185546875,0.0073261260986328125,-0.0024423599243164062,-0.0024423599243164062,-0.021978378295898438,0.13919448852539062,-0.021978378295898438,-0.07570171356201172,-2.4273509979248047,7.364101409912109,-1.5506715774536133,0.07570171356201172,-0.10988998413085938,0.0,-2.8999219720389777,6.543353627063212,-1.5795851380311985,-0.027135507437935233,-0.004104739736517699
87,0,train,5,1,0.17453292519943295,1.6677549250016455,3,s,af3726fcacd0ac1320a56ea850b0a2c0f5430cf4eb20a45c078706980f08407e,d24fbe3839599a6a097188bae8cd47ce8083f27deef1341ae3086bf0d5a45bd1,87f63c0590d05baea263cdc42c6e1df2d063fa2def309ecb0283f3036bf33d46,87f63c0590d05baea263cdc42c6e1df2d063fa2def309ecb0283f3036bf33d46,1787978721.4175773,37305.253,18652678,0,0.9584569931030273,1.2136640548706055,1.556992530822754,-0.00133514404296875,0.11196327209472656,0.00438690185546875,-0.0073261260986328125,-0.0024423599243164062,-0.0024423599243164062,-0.021978378295898438,0.10988998413085938,-0.0073261260986328125,-0.07570171356201172,-2.4273509979248047,7.391452789306641,-1.5457878112792969,0.08547019958496094,-0.10988998413085938,0.0,-2.899893080971553,6.543324735995787,-1.5795562469637738,-0.02724198737126928,-0.0040996582128583325
87,0,train,5,1,0.17453292519943295,1.6696469509988674,3,s,af3726fcacd0ac1320a56ea850b0a2c0f5430cf4eb20a45c078706980f08407e,d24fbe3839599a6a097188bae8cd47ce8083f27deef1341ae3086bf0d5a45bd1,87f63c0590d05baea263cdc42c6e1df2d063fa2def309ecb0283f3036bf33d46,87f63c0590d05baea263cdc42c6e1df2d063fa2def309ecb0283f3036bf33d46,1787978721.419478,37305.255,18652679,0,0.9584569931030273,1.2136640548706055,1.556992530822754,-0.00133514404296875,0.11196327209472656,0.00438690185546875,-0.0073261260986328125,-0.0024423599243164062,-0.0024423599243164062,0.0073261260986328125,0.10988998413085938,-0.0073261260986328125,-0.07570171356201172,-2.4273509979248047,7.377777099609375,-1.5457878112792969,0.09523773193359375,-0.10988998413085938,0.0,-2.899893080971553,6.543324735995787,-1.5795562469637738,-0.02724198737126928,-0.0040996582128583325
87,0,train,5,1,0.17453292519943295,1.6715454529985436,3,s,af3726fcacd0ac1320a56ea850b0a2c0f5430cf4eb20a45c078706980f08407e,d24fbe3839599a6a097188bae8cd47ce8083f27deef1341ae3086bf0d5a45bd1,87f63c0590d05baea263cdc42c6e1df2d063fa2def309ecb0283f3036bf33d46,87f63c0590d05baea263cdc42c6e1df2d063fa2def309ecb0283f3036bf33d46,1787978721.4213612,37305.257,18652680,0,0.9584569931030273,1.2136640548706055,1.556992530822754,-0.00133514404296875,0.11234474182128906,0.00438690185546875,0.0073261260986328125,-0.0024423599243164062,-0.0024423599243164062,-0.021978378295898438,0.13919448852539062,-0.0073261260986328125,-0.07570171356201172,-2.4410247802734375,7.336753845214844,-1.5506715774536133,0.10988998413085938,-0.10988998413085938,0.0,-2.8998640767594632,6.543295731783697,-1.5795272427516853,-0.027348463340372477,-0.004094576907140685
87,0,train,5,1,0.17453292519943295,1.6734277770010522,3,s,af3726fcacd0ac1320a56ea850b0a2c0f5430cf4eb20a45c078706980f08407e,d24fbe3839599a6a097188bae8cd47ce8083f27deef1341ae3086bf0d5a45bd1,87f63c0590d05baea263cdc42c6e1df2d063fa2def309ecb0283f3036bf33d46,87f63c0590d05baea263cdc42c6e1df2d063fa2def309ecb0283f3036bf33d46,1787978721.4232774,37305.259,18652681,0,0.9584569931030273,1.2136640548706055,1.556992530822754,-0.00133514404296875,0.11272621154785156,0.00438690185546875,-0.0073261260986328125,-0.0024423599243164062,-0.0024423599243164062,0.0073261260986328125,0.13919448852539062,0.0073261260986328125,-0.07570171356201172,-2.4410247802734375,7.364101409912109,-1.5506715774536133,0.10988998413085938,-0.10500621795654297,0.0,-2.8998349594069324,6.543266614431166,-1.5794981253991547,-0.02745493532975049,-0.004089495820104182
87,0,train,5,1,0.17453292519943295,1.6753489149996312,3,s,af3726fcacd0ac1320a56ea850b0a2c0f5430cf4eb20a45c078706980f08407e,d24fbe3839599a6a097188bae8cd47ce8083f27deef1341ae3086bf0d5a45bd1,87f63c0590d05baea263cdc42c6e1df2d063fa2def309ecb0283f3036bf33d46,87f63c0590d05baea263cdc42c6e1df2d063fa2def309ecb0283f3036bf33d46,1787978721.4257479,37305.261,18652682,0,0.9584569931030273,1.2136640548706055,1.556992530822754,-0.00133514404296875,0.11310768127441406,0.00438690185546875,-0.0073261260986328125,-0.0024423599243164062,-0.0024423599243164062,-0.0073261260986328125,0.15384674072265625,-0.0073261260986328125,-0.08058643341064453,-2.4410247802734375,7.336753845214844,-1.5506715774536133,0.10988998413085938,-0.10500621795654297,0.0,-2.899805728918197,6.543237383942431,-1.5794688949104185,-0.027561403323909647,-0.00408441495248822
87,0,train,5,1,0.17453292519943295,1.6778185009970912,3,s,af3726fcacd0ac1320a56ea850b0a2c0f5430cf4eb20a45c078706980f08407e,d24fbe3839599a6a097188bae8cd47ce8083f27deef1341ae3086bf0d5a45bd1,87f63c0590d05baea263cdc42c6e1df2d063fa2def309ecb0283f3036bf33d46,87f63c0590d05baea263cdc42c6e1df2d063fa2def309ecb0283f3036bf33d46,1787978721.4276347,37305.263,18652683,0,0.9584569931030273,1.2136640548706055,1.556992530822754,-0.00133514404296875,0.11348915100097656,0.00438690185546875,-0.0073261260986328125,-0.0024423599243164062,-0.0024423599243164062,-0.0073261260986328125,0.1831493377685547,-0.0073261260986328125,-0.08058643341064453,-2.4410247802734375,7.323078155517578,-1.5506715774536133,0.10988998413085938,-0.10500621795654297,0.0,-2.8997763852975083,6.543208040321742,-1.5794395512897303,-0.027667867307356823,-0.004079334305032164
87,0,train,5,1,0.17453292519943295,1.6797042199978023,3,s,af3726fcacd0ac1320a56ea850b0a2c0f5430cf4eb20a45c078706980f08407e,d24fbe3839599a6a097188bae8cd47ce8083f27deef1341ae3086bf0d5a45bd1,87f63c0590d05baea263cdc42c6e1df2d063fa2def309ecb0283f3036bf33d46,87f63c0590d05baea263cdc42c6e1df2d063fa2def309ecb0283f3036bf33d46,1787978721.4295287,37305.265,18652684,0,0.9584569931030273,1.2136640548706055,1.556992530822754,-0.00133514404296875,0.11425209045410156,0.00438690185546875,-0.0073261260986328125,-0.0024423599243164062,-0.0024423599243164062,-0.0073261260986328125,0.21245384216308594,-0.0073261260986328125,-0.08058643341064453,-2.4410247802734375,7.336753845214844,-1.5506715774536133,0.10500621795654297,-0.10500621795654297,0.0,-2.8997173586773743,6.543149013701608,-1.5793805246695958,-0.027880783180145537,-0.004069173673557056
87,0,train,5,1,0.17453292519943295,1.6816123940006946,3,s,af3726fcacd0ac1320a56ea850b0a2c0f5430cf4eb20a45c078706980f08407e,d24fbe3839599a6a097188bae8cd47ce8083f27deef1341ae3086bf0d5a45bd1,87f63c0590d05baea263cdc42c6e1df2d063fa2def309ecb0283f3036bf33d46,87f63c0590d05baea263cdc42c6e1df2d063fa2def309ecb0283f3036bf33d46,1787978721.43145,37305.267,18652685,0,0.9584569931030273,1.2136640548706055,1.556992530822754,-0.00133514404296875,0.11463356018066406,0.00438690185546875,-0.0073261260986328125,-0.0024423599243164062,-0.0024423599243164062,0.0073261260986328125,0.22710609436035156,-0.0073261260986328125,-0.07570171356201172,-2.4410247802734375,7.3094024658203125,-1.5506715774536133,0.09523773193359375,-0.10500621795654297,0.0,-2.899687675686518,6.543119330710752,-1.5793508416787387,-0.027987235038503734,-0.004064093691016573
87,0,train,5,1,0.17453292519943295,1.6835200779969455,3,s,af3726fcacd0ac1320a56ea850b0a2c0f5430cf4eb20a45c078706980f08407e,d24fbe3839599a6a097188bae8cd47ce8083f27deef1341ae3086bf0d5a45bd1,87f63c0590d05baea263cdc42c6e1df2d063fa2def309ecb0283f3036bf33d46,87f63c0590d05baea263cdc42c6e1df2d063fa2def309ecb0283f3036bf33d46,1787978721.4333491,37305.269,18652686,0,0.9584569931030273,1.2136640548706055,1.556992530822754,-0.00133514404296875,0.11501502990722656,0.00438690185546875,0.0073261260986328125,-0.0024423599243164062,-0.0024423599243164062,-0.0073261260986328125,0.21245384216308594,-0.0073261260986328125,-0.07570171356201172,-2.4410247802734375,7.350425720214844,-1.5555553436279297,0.08547019958496094,-0.10012245178222656,0.0,-2.899657879580887,6.543089534605121,-1.5793210455731093,-0.028093682824183328,-0.004059013931593126
87,0,train,5,1,0.17453292519943295,1.6854170619990327,3,s,af3726fcacd0ac1320a56ea850b0a2c0f5430cf4eb20a45c078706980f08407e,d24fbe3839599a6a097188bae8cd47ce8083f27deef1341ae3086bf0d5a45bd1,87f63c0590d05baea263cdc42c6e1df2d063fa2def309ecb0283f3036bf33d46,87f63c0590d05baea263cdc42c6e1df2d063fa2def309ecb0283f3036bf33d46,1787978721.4358165,37305.271,18652687,0,0.9584569931030273,1.2136640548706055,1.556992530822754,-0.00133514404296875,0.11539649963378906,0.00438690185546875,-0.0073261260986328125,-0.0024423599243164062,-0.0024423599243164062,0.0073261260986328125,0.1978015899658203,-0.0073261260986328125,-0.07570171356201172,-2.4410247802734375,7.364101409912109,-1.5506715774536133,0.07570171356201172,-0.10012245178222656,0.0,-2.89962797036482,6.543059625389054,-1.5792911363570417,-0.028200126521694003,-0.004053934396025919
87,0,train,5,1,0.17453292519943295,1.687886236999475,3,s,af3726fcacd0ac1320a56ea850b0a2c0f5430cf4eb20a45c078706980f08407e,d24fbe3839599a6a097188bae8cd47ce8083f27deef1341ae3086bf0d5a45bd1,87f63c0590d05baea263cdc42c6e1df2d063fa2def309ecb0283f3036bf33d46,87f63c0590d05baea263cdc42c6e1df2d063fa2def309ecb0283f3036bf33d46,1787978721.4377506,37305.273,18652688,0,0.9584569931030273,1.2136640548706055,1.556992530822754,-0.00133514404296875,0.11615943908691406,0.00438690185546875,-0.0073261260986328125,-0.0024423599243164062,-0.0024423599243164062,-0.021978378295898438,0.22710609436035156,-0.0073261260986328125,-0.07570171356201172,-2.4410247802734375,7.377777099609375,-1.5506715774536133,0.0659341812133789,-0.10500621795654297,0.0,-2.8995678126188014,6.542999467643035,-1.5792309786110232,-0.028413001590251036,-0.004043775999416868
87,0,train,5,1,0.17453292519943295,1.689820236999367,3,s,af3726fcacd0ac1320a56ea850b0a2c0f5430cf4eb20a45c078706980f08407e,d24fbe3839599a6a097188bae8cd47ce8083f27deef1341ae3086bf0d5a45bd1,87f63c0590d05baea263cdc42c6e1df2d063fa2def309ecb0283f3036bf33d46,87f63c0590d05baea263cdc42c6e1df2d063fa2def309ecb0283f3036bf33d46,1787978721.4396405,37305.275,18652689,0,0.9584569931030273,1.2136640548706055,1.556992530822754,-0.00133514404296875,0.11692237854003906,0.00438690185546875,-0.0073261260986328125,-0.0024423599243164062,-0.0024423599243164062,-0.021978378295898438,0.27106285095214844,-0.0073261260986328125,-0.07570171356201172,-2.4410247802734375,7.377777099609375,-1.5457878112792969,0.05616569519042969,-0.10500621795654297,0.0,-2.8995072024834783,6.542938857507712,-1.5791703684757,-0.02862586012026523,-0.004033618507102387
87,0,train,5,1,0.17453292519943295,1.6917087239999091,3,s,af3726fcacd0ac1320a56ea850b0a2c0f5430cf4eb20a45c078706980f08407e,d24fbe3839599a6a097188bae8cd47ce8083f27deef1341ae3086bf0d5a45bd1,87f63c0590d05baea263cdc42c6e1df2d063fa2def309ecb0283f3036bf33d46,87f63c0590d05baea263cdc42c6e1df2d063fa2def309ecb0283f3036bf33d46,1787978721.4415123,37305.277,18652690,0,0.9584569931030273,1.2136640548706055,1.556992530822754,-0.00133514404296875,0.11730384826660156,0.00438690185546875,-0.0073261260986328125,-0.0024423599243164062,-0.0024423599243164062,-0.0073261260986328125,0.28571510314941406,-0.0073261260986328125,-0.07570171356201172,-2.4410247802734375,7.391452789306641,-1.5457878112792969,0.05128192901611328,-0.10500621795654297,0.0,-2.899476727780841,6.542908382805075,-1.5791398937730627,-0.028732283144599646,-0.004028540101903266
87,0,train,5,1,0.17453292519943295,1.6935768319963245,3,s,af3726fcacd0ac1320a56ea850b0a2c0f5430cf4eb20a45c078706980f08407e,d24fbe3839599a6a097188bae8cd47ce8083f27deef1341ae3086bf0d5a45bd1,87f63c0590d05baea263cdc42c6e1df2d063fa2def309ecb0283f3036bf33d46,87f63c0590d05baea263cdc42c6e1df2d063fa2def309ecb0283f3036bf33d46,1787978721.4433932,37305.278999999995,18652691,0,0.9584569931030273,1.2136640548706055,1.556992530822754,-0.00133514404296875,0.11768531799316406,0.00438690185546875,-0.0073261260986328125,-0.0024423599243164062,-0.0024423599243164062,0.0073261260986328125,0.22710609436035156,-0.0073261260986328125,-0.07570171356201172,-2.4410247802734375,7.391452789306641,-1.5457878112792969,0.04151439666748047,-0.10988998413085938,0.0,-2.899446139994129,6.542877795018363,-1.5791093059863504,-0.02883870198783666,-0.00402346192499491
87,0,train,5,1,0.17453292519943295,1.6954599879973102,3,s,af3726fcacd0ac1320a56ea850b0a2c0f5430cf4eb20a45c078706980f08407e,d24fbe3839599a6a097188bae8cd47ce8083f27deef1341ae3086bf0d5a45bd1,87f63c0590d05baea263cdc42c6e1df2d063fa2def309ecb0283f3036bf33d46,87f63c0590d05baea263cdc42c6e1df2d063fa2def309ecb0283f3036bf33d46,1787978721.4452646,37305.280999999995,18652692,0,0.9584569931030273,1.2136640548706055,1.556992530822754,-0.00133514404296875,0.11768531799316406,0.00438690185546875,-0.0073261260986328125,-0.0024423599243164062,-0.0024423599243164062,-0.0073261260986328125,0.1831493377685547,-0.0073261260986328125,-0.08058643341064453,-2.4410247802734375,7.418804168701172,-1.5457878112792969,0.036629676818847656,-0.10988998413085938,0.0,-2.899446139994129,6.542877795018363,-1.5791093059863504,-0.02883870198783666,-0.00402346192499491
87,0,train,5,1,0.17453292519943295,1.6973302850019536,3,s,af3726fcacd0ac1320a56ea850b0a2c0f5430cf4eb20a45c078706980f08407e,d24fbe3839599a6a097188bae8cd47ce8083f27deef1341ae3086bf0d5a45bd1,87f63c0590d05baea263cdc42c6e1df2d063fa2def309ecb0283f3036bf33d46,87f63c0590d05baea263cdc42c6e1df2d063fa2def309ecb0283f3036bf33d46,1787978721.4477065,37305.282999999996,18652693,0,0.9584569931030273,1.2136640548706055,1.556992530822754,-0.00133514404296875,0.11806678771972656,0.00476837158203125,-0.0073261260986328125,-0.0024423599243164062,-0.0024423599243164062,0.0073261260986328125,0.16849899291992188,0.021978378295898438,-0.08058643341064453,-2.4410247802734375,7.377777099609375,-1.5457878112792969,0.036629676818847656,-0.10500621795654297,0.0,-2.8994178844011826,6.542849539425417,-1.5790810503934034,-0.028940038946681595,-0.00403271780527616
87,0,train,5,1,0.17453292519943295,1.6997865559969796,3,s,af3726fcacd0ac1320a56ea850b0a2c0f5430cf4eb20a45c078706980f08407e,d24fbe3839599a6a097188bae8cd47ce8083f27deef1341ae3086bf0d5a45bd1,87f63c0590d05baea263cdc42c6e1df2d063fa2def309ecb0283f3036bf33d46,87f63c0590d05baea263cdc42c6e1df2d063fa2def309ecb0283f3036bf33d46,1787978721.44961,37305.284999999996,18652694,0,0.9584569931030273,1.2136640548706055,1.556992530822754,-0.00133514404296875,0.11844825744628906,0.00476837158203125,-0.0073261260986328125,-0.0024423599243164062,-0.0024423599243164062,-0.0073261260986328125,0.16849899291992188,0.0073261260986328125,-0.08058643341064453,-2.4410247802734375,7.336753845214844,-1.5506715774536133,0.03174591064453125,-0.10500621795654297,0.0,-2.899387075855173,6.542818730879407,-1.5790502418473953,-0.02904644961139792,-0.004027640377900379
