trial_id,repeat,support_posture,joint,direction,target_speed_rad_s,elapsed_s,schema_version,device_time_unit,urdf_sha256,protocol_sha256,collector_script_sha256,base_collector_script_sha256,host_time_s,device_time,seq,errors,q1_rad,q2_rad,q3_rad,q4_rad,q5_rad,q6_rad,dq1_rad_s,dq2_rad_s,dq3_rad_s,dq4_rad_s,dq5_rad_s,dq6_rad_s,tau1_nm,tau2_nm,tau3_nm,tau4_nm,tau5_nm,tau6_nm,gravity1_nm,gravity2_nm,gravity3_nm,gravity4_nm,gravity5_nm,gravity6_nm
93,0,train,5,1,0.3490658503988659,0.15219834900199203,3,s,af3726fcacd0ac1320a56ea850b0a2c0f5430cf4eb20a45c078706980f08407e,d24fbe3839599a6a097188bae8cd47ce8083f27deef1341ae3086bf0d5a45bd1,87f63c0590d05baea263cdc42c6e1df2d063fa2def309ecb0283f3036bf33d46,87f63c0590d05baea263cdc42c6e1df2d063fa2def309ecb0283f3036bf33d46,1787978695.9300666,37279.767,18639935,0,0.9584569931030273,1.2136640548706055,1.556992530822754,-0.00133514404296875,-0.12645912170410156,0.00438690185546875,-0.0073261260986328125,-0.0024423599243164062,-0.0024423599243164062,0.0073261260986328125,0.3882789611816406,-0.0073261260986328125,-0.07570171356201172,-2.4410247802734375,7.377777099609375,-1.5506715774536133,0.19780254364013672,-0.11477375030517578,0.0,-2.8958199335047605,6.539251588528995,-1.5754830994969813,0.03944970945699455,-0.007287956063406759
93,0,train,5,1,0.3490658503988659,0.15417618699575542,3,s,af3726fcacd0ac1320a56ea850b0a2c0f5430cf4eb20a45c078706980f08407e,d24fbe3839599a6a097188bae8cd47ce8083f27deef1341ae3086bf0d5a45bd1,87f63c0590d05baea263cdc42c6e1df2d063fa2def309ecb0283f3036bf33d46,87f63c0590d05baea263cdc42c6e1df2d063fa2def309ecb0283f3036bf33d46,1787978695.932053,37279.769,18639936,0,0.9584569931030273,1.2136640548706055,1.556992530822754,-0.00133514404296875,-0.12569618225097656,0.00438690185546875,0.0073261260986328125,-0.0024423599243164062,-0.0024423599243164062,-0.0073261260986328125,0.3882789611816406,-0.021978378295898438,-0.07570171356201172,-2.4410247802734375,7.336753845214844,-1.5555553436279297,0.1880340576171875,-0.11477375030517578,0.0,-2.8959035477977095,6.539335202821944,-1.5755667137899314,0.039237857681882225,-0.0072778103734620885
93,0,train,5,1,0.3490658503988659,0.15614897500199731,3,s,af3726fcacd0ac1320a56ea850b0a2c0f5430cf4eb20a45c078706980f08407e,d24fbe3839599a6a097188bae8cd47ce8083f27deef1341ae3086bf0d5a45bd1,87f63c0590d05baea263cdc42c6e1df2d063fa2def309ecb0283f3036bf33d46,87f63c0590d05baea263cdc42c6e1df2d063fa2def309ecb0283f3036bf33d46,1787978695.9339535,37279.771,18639937,0,0.9584569931030273,1.2136640548706055,1.556992530822754,-0.00095367431640625,-0.12531471252441406,0.00438690185546875,-0.0073261260986328125,-0.0024423599243164062,-0.0024423599243164062,-0.0073261260986328125,0.3589744567871094,-0.021978378295898438,-0.07570171356201172,-2.454700469970703,7.350425720214844,-1.5555553436279297,0.16849803924560547,-0.11477375030517578,0.0,-2.8963023177697926,6.539733972794027,-1.5759654837620147,0.039090338356343436,-0.007271722866195414
93,0,train,5,1,0.3490658503988659,0.15804177900281502,3,s,af3726fcacd0ac1320a56ea850b0a2c0f5430cf4eb20a45c078706980f08407e,d24fbe3839599a6a097188bae8cd47ce8083f27deef1341ae3086bf0d5a45bd1,87f63c0590d05baea263cdc42c6e1df2d063fa2def309ecb0283f3036bf33d46,87f63c0590d05baea263cdc42c6e1df2d063fa2def309ecb0283f3036bf33d46,1787978695.9358652,37279.773,18639938,0,0.9584569931030273,1.2136640548706055,1.556992530822754,-0.00095367431640625,-0.12455177307128906,0.00438690185546875,0.0073261260986328125,-0.0024423599243164062,-0.0024423599243164062,0.0073261260986328125,0.3589744567871094,0.0073261260986328125,-0.07570171356201172,-2.454700469970703,7.391452789306641,-1.5555553436279297,0.14896202087402344,-0.10988998413085938,0.0,-2.8963852680119593,6.539816923036193,-1.5760484340041825,0.03887867753615285,-0.0072615864944422575
93,0,train,5,1,0.3490658503988659,0.1599523710028734,3,s,af3726fcacd0ac1320a56ea850b0a2c0f5430cf4eb20a45c078706980f08407e,d24fbe3839599a6a097188bae8cd47ce8083f27deef1341ae3086bf0d5a45bd1,87f63c0590d05baea263cdc42c6e1df2d063fa2def309ecb0283f3036bf33d46,87f63c0590d05baea263cdc42c6e1df2d063fa2def309ecb0283f3036bf33d46,1787978695.9383385,37279.775,18639939,0,0.9584569931030273,1.2136640548706055,1.556992530822754,-0.00133514404296875,-0.12340736389160156,0.00476837158203125,-0.0073261260986328125,-0.0024423599243164062,-0.0024423599243164062,-0.0073261260986328125,0.40293121337890625,0.03663063049316406,-0.08058643341064453,-2.4410247802734375,7.364101409912109,-1.5555553436279297,0.124542236328125,-0.10988998413085938,0.0,-2.8961507031622715,6.539582358186506,-1.5758138691544936,0.038607240211981635,-0.007261516405012258
93,0,train,5,1,0.3490658503988659,0.16242874300223775,3,s,af3726fcacd0ac1320a56ea850b0a2c0f5430cf4eb20a45c078706980f08407e,d24fbe3839599a6a097188bae8cd47ce8083f27deef1341ae3086bf0d5a45bd1,87f63c0590d05baea263cdc42c6e1df2d063fa2def309ecb0283f3036bf33d46,87f63c0590d05baea263cdc42c6e1df2d063fa2def309ecb0283f3036bf33d46,1787978695.9403,37279.777,18639940,0,0.9584569931030273,1.2136640548706055,1.556992530822754,-0.00133514404296875,-0.12226295471191406,0.00476837158203125,-0.0073261260986328125,-0.0024423599243164062,-0.0024423599243164062,-0.0073261260986328125,0.4468860626220703,0.021978378295898438,-0.07570171356201172,-2.4410247802734375,7.364101409912109,-1.5555553436279297,0.11477375030517578,-0.10988998413085938,0.0,-2.8962732698913327,6.539704924915567,-1.575936435883554,0.038289318952216815,-0.007246292567687003
93,0,train,5,1,0.3490658503988659,0.1643976269988343,3,s,af3726fcacd0ac1320a56ea850b0a2c0f5430cf4eb20a45c078706980f08407e,d24fbe3839599a6a097188bae8cd47ce8083f27deef1341ae3086bf0d5a45bd1,87f63c0590d05baea263cdc42c6e1df2d063fa2def309ecb0283f3036bf33d46,87f63c0590d05baea263cdc42c6e1df2d063fa2def309ecb0283f3036bf33d46,1787978695.9422321,37279.778999999995,18639941,0,0.9584569931030273,1.2136640548706055,1.556992530822754,-0.00133514404296875,-0.12150001525878906,0.00476837158203125,-0.0073261260986328125,-0.0024423599243164062,-0.0024423599243164062,0.0073261260986328125,0.4322338104248047,-0.0073261260986328125,-0.07570171356201172,-2.4410247802734375,7.364101409912109,-1.5555553436279297,0.10012245178222656,-0.10988998413085938,0.0,-2.89635441796495,6.539786072989184,-1.576017583957171,0.038077343560859095,-0.007236142152166998
93,0,train,5,1,0.3490658503988659,0.1663225309966947,3,s,af3726fcacd0ac1320a56ea850b0a2c0f5430cf4eb20a45c078706980f08407e,d24fbe3839599a6a097188bae8cd47ce8083f27deef1341ae3086bf0d5a45bd1,87f63c0590d05baea263cdc42c6e1df2d063fa2def309ecb0283f3036bf33d46,87f63c0590d05baea263cdc42c6e1df2d063fa2def309ecb0283f3036bf33d46,1787978695.9441555,37279.780999999995,18639942,0,0.9584569931030273,1.2136640548706055,1.556992530822754,-0.00133514404296875,-0.12073707580566406,0.00438690185546875,-0.0073261260986328125,-0.0024423599243164062,-0.0024423599243164062,-0.0073261260986328125,0.40293121337890625,-0.021978378295898438,-0.07570171356201172,-2.4410247802734375,7.336753845214844,-1.5555553436279297,0.08547019958496094,-0.11477375030517578,0.0,-2.8964360635515365,6.5398677185757705,-1.5760992295437586,0.03786026994419868,-0.0072118398101037205
93,0,train,5,1,0.3490658503988659,0.1682509449965437,3,s,af3726fcacd0ac1320a56ea850b0a2c0f5430cf4eb20a45c078706980f08407e,d24fbe3839599a6a097188bae8cd47ce8083f27deef1341ae3086bf0d5a45bd1,87f63c0590d05baea263cdc42c6e1df2d063fa2def309ecb0283f3036bf33d46,87f63c0590d05baea263cdc42c6e1df2d063fa2def309ecb0283f3036bf33d46,1787978695.9461627,37279.782999999996,18639943,0,0.9584569931030273,1.2136640548706055,1.556992530822754,-0.00095367431640625,-0.11997413635253906,0.00438690185546875,0.0073261260986328125,-0.0024423599243164062,-0.0024423599243164062,0.0073261260986328125,0.40293121337890625,-0.021978378295898438,-0.07570171356201172,-2.4410247802734375,7.336753845214844,-1.5506715774536133,0.07081794738769531,-0.11477375030517578,0.0,-2.8968735095913583,6.540305164615592,-1.5765366755835792,0.037608241690304176,-0.007200748136763574
93,0,train,5,1,0.3490658503988659,0.1702850470028352,3,s,af3726fcacd0ac1320a56ea850b0a2c0f5430cf4eb20a45c078706980f08407e,d24fbe3839599a6a097188bae8cd47ce8083f27deef1341ae3086bf0d5a45bd1,87f63c0590d05baea263cdc42c6e1df2d063fa2def309ecb0283f3036bf33d46,87f63c0590d05baea263cdc42c6e1df2d063fa2def309ecb0283f3036bf33d46,1787978695.948111,37279.784999999996,18639944,0,0.9584569931030273,1.2136640548706055,1.556992530822754,-0.00133514404296875,-0.11882972717285156,0.00438690185546875,-0.021978378295898438,-0.0024423599243164062,-0.0024423599243164062,-0.0073261260986328125,0.4322338104248047,-0.0073261260986328125,-0.08058643341064453,-2.4410247802734375,7.364101409912109,-1.5555553436279297,0.0610504150390625,-0.10988998413085938,0.0,-2.896635809141354,6.540067464165588,-1.5762989751335759,0.03733017873318831,-0.007186455855564959
93,0,train,5,1,0.3490658503988659,0.17225864400097635,3,s,af3726fcacd0ac1320a56ea850b0a2c0f5430cf4eb20a45c078706980f08407e,d24fbe3839599a6a097188bae8cd47ce8083f27deef1341ae3086bf0d5a45bd1,87f63c0590d05baea263cdc42c6e1df2d063fa2def309ecb0283f3036bf33d46,87f63c0590d05baea263cdc42c6e1df2d063fa2def309ecb0283f3036bf33d46,1787978695.9500647,37279.787,18639945,0,0.9584569931030273,1.2136640548706055,1.556992530822754,-0.00133514404296875,-0.11806678771972656,0.00438690185546875,-0.0073261260986328125,-0.0024423599243164062,-0.0024423599243164062,-0.021978378295898438,0.4468860626220703,-0.0073261260986328125,-0.07570171356201172,-2.4410247802734375,7.377777099609375,-1.5506715774536133,0.05616569519042969,-0.10988998413085938,0.0,-2.8967149187231853,6.540146573747419,-1.576378084715407,0.03711810411499349,-0.007176300649852655
93,0,train,5,1,0.3490658503988659,0.17415577200154075,3,s,af3726fcacd0ac1320a56ea850b0a2c0f5430cf4eb20a45c078706980f08407e,d24fbe3839599a6a097188bae8cd47ce8083f27deef1341ae3086bf0d5a45bd1,87f63c0590d05baea263cdc42c6e1df2d063fa2def309ecb0283f3036bf33d46,87f63c0590d05baea263cdc42c6e1df2d063fa2def309ecb0283f3036bf33d46,1787978695.9519653,37279.789,18639946,0,0.9584569931030273,1.2136640548706055,1.556992530822754,-0.00133514404296875,-0.11730384826660156,0.00438690185546875,0.0073261260986328125,-0.0024423599243164062,-0.0024423599243164062,-0.021978378295898438,0.4322338104248047,-0.0073261260986328125,-0.07570171356201172,-2.4273509979248047,7.336753845214844,-1.5506715774536133,0.046398162841796875,-0.10988998413085938,0.0,-2.8967935775763136,6.540225232600548,-1.5764567435685362,0.036906007891219596,-0.007166144525065683
93,0,train,5,1,0.3490658503988659,0.17605572599859443,3,s,af3726fcacd0ac1320a56ea850b0a2c0f5430cf4eb20a45c078706980f08407e,d24fbe3839599a6a097188bae8cd47ce8083f27deef1341ae3086bf0d5a45bd1,87f63c0590d05baea263cdc42c6e1df2d063fa2def309ecb0283f3036bf33d46,87f63c0590d05baea263cdc42c6e1df2d063fa2def309ecb0283f3036bf33d46,1787978695.9538772,37279.791,18639947,0,0.9584569931030273,1.2136640548706055,1.556992530822754,-0.00133514404296875,-0.11615943908691406,0.00438690185546875,-0.021978378295898438,-0.0024423599243164062,-0.0024423599243164062,-0.0073261260986328125,0.4322338104248047,-0.0073261260986328125,-0.07570171356201172,-2.4273509979248047,7.350425720214844,-1.5457878112792969,0.036629676818847656,-0.10988998413085938,0.0,-2.8969107206396063,6.54034237566384,-1.576573886631827,0.03658782331516175,-0.007150908627552081
93,0,train,5,1,0.3490658503988659,0.17796641899622045,3,s,af3726fcacd0ac1320a56ea850b0a2c0f5430cf4eb20a45c078706980f08407e,d24fbe3839599a6a097188bae8cd47ce8083f27deef1341ae3086bf0d5a45bd1,87f63c0590d05baea263cdc42c6e1df2d063fa2def309ecb0283f3036bf33d46,87f63c0590d05baea263cdc42c6e1df2d063fa2def309ecb0283f3036bf33d46,1787978695.9557884,37279.793,18639948,0,0.9584569931030273,1.2136640548706055,1.556992530822754,-0.00133514404296875,-0.11539649963378906,0.00438690185546875,-0.021978378295898438,-0.0024423599243164062,-0.0024423599243164062,-0.021978378295898438,0.46153831481933594,-0.0073261260986328125,-0.07570171356201172,-2.4273509979248047,7.350425720214844,-1.5457878112792969,0.026862144470214844,-0.10988998413085938,0.0,-2.896988252471242,6.540419907495476,-1.5766514184634628,0.03637567361758839,-0.00714075023094303
93,0,train,5,1,0.3490658503988659,0.1798790570028359,3,s,af3726fcacd0ac1320a56ea850b0a2c0f5430cf4eb20a45c078706980f08407e,d24fbe3839599a6a097188bae8cd47ce8083f27deef1341ae3086bf0d5a45bd1,87f63c0590d05baea263cdc42c6e1df2d063fa2def309ecb0283f3036bf33d46,87f63c0590d05baea263cdc42c6e1df2d063fa2def309ecb0283f3036bf33d46,1787978695.9582746,37279.795,18639949,0,0.9584569931030273,1.2136640548706055,1.556992530822754,-0.00133514404296875,-0.11463356018066406,0.00438690185546875,0.0073261260986328125,-0.0024423599243164062,-0.0024423599243164062,-0.0073261260986328125,0.41758155822753906,-0.0073261260986328125,-0.07570171356201172,-2.4410247802734375,7.3094024658203125,-1.5457878112792969,0.026862144470214844,-0.10988998413085938,0.0,-2.8970653334150724,6.5404969884393065,-1.576728499407294,0.036163502746587306,-0.007130590935952377
93,0,train,5,1,0.3490658503988659,0.1823649709986057,3,s,af3726fcacd0ac1320a56ea850b0a2c0f5430cf4eb20a45c078706980f08407e,d24fbe3839599a6a097188bae8cd47ce8083f27deef1341ae3086bf0d5a45bd1,87f63c0590d05baea263cdc42c6e1df2d063fa2def309ecb0283f3036bf33d46,87f63c0590d05baea263cdc42c6e1df2d063fa2def309ecb0283f3036bf33d46,1787978695.9602017,37279.797,18639950,0,0.9584569931030273,1.2136640548706055,1.556992530822754,-0.00133514404296875,-0.11387062072753906,0.00438690185546875,-0.0073261260986328125,-0.0024423599243164062,-0.0024423599243164062,-0.0073261260986328125,0.3589744567871094,-0.0073261260986328125,-0.07570171356201172,-2.4410247802734375,7.295726776123047,-1.5457878112792969,0.026862144470214844,-0.10988998413085938,0.0,-2.897141963426232,6.540573618450466,-1.5768051294184542,0.035951310825658195,-0.007120430748493606
93,0,train,5,1,0.3490658503988659,0.18429915999877267,3,s,af3726fcacd0ac1320a56ea850b0a2c0f5430cf4eb20a45c078706980f08407e,d24fbe3839599a6a097188bae8cd47ce8083f27deef1341ae3086bf0d5a45bd1,87f63c0590d05baea263cdc42c6e1df2d063fa2def309ecb0283f3036bf33d46,87f63c0590d05baea263cdc42c6e1df2d063fa2def309ecb0283f3036bf33d46,1787978695.9622142,37279.799,18639951,0,0.9584569931030273,1.2136640548706055,1.556992530822754,-0.00133514404296875,-0.11348915100097656,0.00438690185546875,-0.0073261260986328125,-0.0024423599243164062,-0.0024423599243164062,0.0073261260986328125,0.34432220458984375,-0.0073261260986328125,-0.07570171356201172,-2.454700469970703,7.350425720214844,-1.5457878112792969,0.026862144470214844,-0.10988998413085938,0.0,-2.897180109318112,6.540611764342346,-1.5768432753103336,0.03584520701006762,-0.007115350321936784
93,0,train,5,1,0.3490658503988659,0.18630478600243805,3,s,af3726fcacd0ac1320a56ea850b0a2c0f5430cf4eb20a45c078706980f08407e,d24fbe3839599a6a097188bae8cd47ce8083f27deef1341ae3086bf0d5a45bd1,87f63c0590d05baea263cdc42c6e1df2d063fa2def309ecb0283f3036bf33d46,87f63c0590d05baea263cdc42c6e1df2d063fa2def309ecb0283f3036bf33d46,1787978695.9641213,37279.801,18639952,0,0.9584569931030273,1.2136640548706055,1.556992530822754,-0.00133514404296875,-0.11272621154785156,0.00438690185546875,-0.0073261260986328125,-0.0024423599243164062,-0.0024423599243164062,-0.0073261260986328125,0.3150177001953125,-0.0073261260986328125,-0.07570171356201172,-2.454700469970703,7.350425720214844,-1.5506715774536133,0.021978378295898438,-0.10988998413085938,0.0,-2.8972560628467146,6.540687717870949,-1.5769192288389366,0.035632983745835164,-0.007105188806864766
93,0,train,5,1,0.3490658503988659,0.1882127089993446,3,s,af3726fcacd0ac1320a56ea850b0a2c0f5430cf4eb20a45c078706980f08407e,d24fbe3839599a6a097188bae8cd47ce8083f27deef1341ae3086bf0d5a45bd1,87f63c0590d05baea263cdc42c6e1df2d063fa2def309ecb0283f3036bf33d46,87f63c0590d05baea263cdc42c6e1df2d063fa2def309ecb0283f3036bf33d46,1787978695.9660225,37279.803,18639953,0,0.9584569931030273,1.2136640548706055,1.556992530822754,-0.00133514404296875,-0.11234474182128906,0.00438690185546875,-0.0073261260986328125,-0.0024423599243164062,-0.0024423599243164062,-0.0073261260986328125,0.34432220458984375,-0.0073261260986328125,-0.08058643341064453,-2.454700469970703,7.364101409912109,-1.5457878112792969,0.026862144470214844,-0.10500621795654297,0.0,-2.8972938704723847,6.540725525496619,-1.5769570364646068,0.035526864328075836,-0.007100107719828264
93,0,train,5,1,0.3490658503988659,0.19011146599950735,3,s,af3726fcacd0ac1320a56ea850b0a2c0f5430cf4eb20a45c078706980f08407e,d24fbe3839599a6a097188bae8cd47ce8083f27deef1341ae3086bf0d5a45bd1,87f63c0590d05baea263cdc42c6e1df2d063fa2def309ecb0283f3036bf33d46,87f63c0590d05baea263cdc42c6e1df2d063fa2def309ecb0283f3036bf33d46,1787978695.9679317,37279.805,18639954,0,0.9584569931030273,1.2136640548706055,1.556992530822754,-0.00133514404296875,-0.11120033264160156,0.00438690185546875,-0.0073261260986328125,-0.0024423599243164062,-0.0024423599243164062,-0.0073261260986328125,0.3296699523925781,-0.0073261260986328125,-0.08058643341064453,-2.4410247802734375,7.323078155517578,-1.5506715774536133,0.03174591064453125,-0.10500621795654297,0.0,-2.8974066167289036,6.540838271753138,-1.5770697827211249,0.03520847511753648,-0.007084863149589625
93,0,train,5,1,0.3490658503988659,0.19204034600261366,3,s,af3726fcacd0ac1320a56ea850b0a2c0f5430cf4eb20a45c078706980f08407e,d24fbe3839599a6a097188bae8cd47ce8083f27deef1341ae3086bf0d5a45bd1,87f63c0590d05baea263cdc42c6e1df2d063fa2def309ecb0283f3036bf33d46,87f63c0590d05baea263cdc42c6e1df2d063fa2def309ecb0283f3036bf33d46,1787978695.9698482,37279.807,18639955,0,0.9584569931030273,1.2136640548706055,1.556992530822754,-0.00133514404296875,-0.11081886291503906,0.00438690185546875,-0.0073261260986328125,-0.0024423599243164062,-0.0024423599243164062,-0.0073261260986328125,0.3150177001953125,-0.0073261260986328125,-0.08058643341064453,-2.4410247802734375,7.3094024658203125,-1.5506715774536133,0.04151439666748047,-0.10988998413085938,0.0,-2.897443973256015,6.540875628280249,-1.5771071392482359,0.03510233511308264,-0.007079781192265232
93,0,train,5,1,0.3490658503988659,0.19393923899770016,3,s,af3726fcacd0ac1320a56ea850b0a2c0f5430cf4eb20a45c078706980f08407e,d24fbe3839599a6a097188bae8cd47ce8083f27deef1341ae3086bf0d5a45bd1,87f63c0590d05baea263cdc42c6e1df2d063fa2def309ecb0283f3036bf33d46,87f63c0590d05baea263cdc42c6e1df2d063fa2def309ecb0283f3036bf33d46,1787978695.9723456,37279.809,18639956,0,0.9584569931030273,1.2136640548706055,1.556992530822754,-0.00133514404296875,-0.11043739318847656,0.00438690185546875,-0.0073261260986328125,-0.0024423599243164062,-0.0024423599243164062,-0.0073261260986328125,0.28571510314941406,-0.021978378295898438,-0.08058643341064453,-2.4410247802734375,7.323078155517578,-1.5506715774536133,0.05616569519042969,-0.10500621795654297,0.0,-2.8974812169948545,6.5409128720190886,-1.5771443829870757,0.034996190000566786,-0.007074699019217592
93,0,train,5,1,0.3490658503988659,0.19643692299723625,3,s,af3726fcacd0ac1320a56ea850b0a2c0f5430cf4eb20a45c078706980f08407e,d24fbe3839599a6a097188bae8cd47ce8083f27deef1341ae3086bf0d5a45bd1,87f63c0590d05baea263cdc42c6e1df2d063fa2def309ecb0283f3036bf33d46,87f63c0590d05baea263cdc42c6e1df2d063fa2def309ecb0283f3036bf33d46,1787978695.9742806,37279.811,18639957,0,0.9584569931030273,1.2136640548706055,1.556992530822754,-0.00133514404296875,-0.11005592346191406,0.00438690185546875,-0.0073261260986328125,-0.0024423599243164062,-0.0024423599243164062,-0.0073261260986328125,0.2564105987548828,-0.0073261260986328125,-0.07570171356201172,-2.4410247802734375,7.323078155517578,-1.5457878112792969,0.07081794738769531,-0.10500621795654297,0.0,-2.8975183479400033,6.540950002964237,-1.577181513932225,0.03489003979543509,-0.00706961663118626
93,0,train,5,1,0.3490658503988659,0.19837130700034322,3,s,af3726fcacd0ac1320a56ea850b0a2c0f5430cf4eb20a45c078706980f08407e,d24fbe3839599a6a097188bae8cd47ce8083f27deef1341ae3086bf0d5a45bd1,87f63c0590d05baea263cdc42c6e1df2d063fa2def309ecb0283f3036bf33d46,87f63c0590d05baea263cdc42c6e1df2d063fa2def309ecb0283f3036bf33d46,1787978695.9762533,37279.813,18639958,0,0.9584569931030273,1.2136640548706055,1.556992530822754,-0.00133514404296875,-0.10929298400878906,0.00438690185546875,-0.0073261260986328125,-0.0024423599243164062,-0.0024423599243164062,-0.0073261260986328125,0.2417583465576172,-0.0073261260986328125,-0.07570171356201172,-2.4273509979248047,7.364101409912109,-1.5457878112792969,0.08058643341064453,-0.10500621795654297,0.0,-2.897592271427633,6.541023926451867,-1.5772554374198549,0.0346777241691125,-0.0070594512131308875
93,0,train,5,1,0.3490658503988659,0.20034670899622142,3,s,af3726fcacd0ac1320a56ea850b0a2c0f5430cf4eb20a45c078706980f08407e,d24fbe3839599a6a097188bae8cd47ce8083f27deef1341ae3086bf0d5a45bd1,87f63c0590d05baea263cdc42c6e1df2d063fa2def309ecb0283f3036bf33d46,87f63c0590d05baea263cdc42c6e1df2d063fa2def309ecb0283f3036bf33d46,1787978695.978199,37279.814999999995,18639959,0,0.9584569931030273,1.2136640548706055,1.556992530822754,-0.00133514404296875,-0.10853004455566406,0.00438690185546875,-0.0073261260986328125,-0.0024423599243164062,-0.0024423599243164062,-0.0073261260986328125,0.28571510314941406,0.0073261260986328125,-0.07570171356201172,-2.4410247802734375,7.377777099609375,-1.5457878112792969,0.10012245178222656,-0.10500621795654297,0.0,-2.897665743675874,6.541097398700108,-1.5773289096680954,0.034465388357698794,-0.007049284944016164
93,0,train,5,1,0.3490658503988659,0.20228989500174066,3,s,af3726fcacd0ac1320a56ea850b0a2c0f5430cf4eb20a45c078706980f08407e,d24fbe3839599a6a097188bae8cd47ce8083f27deef1341ae3086bf0d5a45bd1,87f63c0590d05baea263cdc42c6e1df2d063fa2def309ecb0283f3036bf33d46,87f63c0590d05baea263cdc42c6e1df2d063fa2def309ecb0283f3036bf33d46,1787978695.980065,37279.816999999995,18639960,0,0.9584569931030273,1.2136640548706055,1.556992530822754,-0.00133514404296875,-0.10814857482910156,0.00438690185546875,-0.0073261260986328125,-0.0024423599243164062,-0.0024423599243164062,-0.0073261260986328125,0.3003654479980469,-0.0073261260986328125,-0.07570171356201172,-2.4273509979248047,7.405128479003906,-1.5506715774536133,0.1196584701538086,-0.10500621795654297,0.0,-2.8977023105718493,6.541133965596083,-1.5773654765640701,0.03435921292120596,-0.007044201492160763
93,0,train,5,1,0.3490658503988659,0.20415257899730932,3,s,af3726fcacd0ac1320a56ea850b0a2c0f5430cf4eb20a45c078706980f08407e,d24fbe3839599a6a097188bae8cd47ce8083f27deef1341ae3086bf0d5a45bd1,87f63c0590d05baea263cdc42c6e1df2d063fa2def309ecb0283f3036bf33d46,87f63c0590d05baea263cdc42c6e1df2d063fa2def309ecb0283f3036bf33d46,1787978695.9819455,37279.818999999996,18639961,0,0.9584569931030273,1.2136640548706055,1.556992530822754,-0.00133514404296875,-0.10738563537597656,0.00438690185546875,0.0073261260986328125,-0.0024423599243164062,-0.0024423599243164062,0.0073261260986328125,0.28571510314941406,-0.0073261260986328125,-0.07570171356201172,-2.4410247802734375,7.391452789306641,-1.5506715774536133,0.13919448852539062,-0.10988998413085938,0.0,-2.897775105880901,6.541206760905135,-1.5774382718731224,0.03414684706390116,-0.0070340339575525705
93,0,train,5,1,0.3490658503988659,0.2060322899997118,3,s,af3726fcacd0ac1320a56ea850b0a2c0f5430cf4eb20a45c078706980f08407e,d24fbe3839599a6a097188bae8cd47ce8083f27deef1341ae3086bf0d5a45bd1,87f63c0590d05baea263cdc42c6e1df2d063fa2def309ecb0283f3036bf33d46,87f63c0590d05baea263cdc42c6e1df2d063fa2def309ecb0283f3036bf33d46,1787978695.9838407,37279.820999999996,18639962,0,0.9584569931030273,1.2136640548706055,1.556992530822754,-0.00133514404296875,-0.10700416564941406,0.00438690185546875,-0.0073261260986328125,-0.0024423599243164062,-0.0024423599243164062,0.0073261260986328125,0.2417583465576172,-0.021978378295898438,-0.08058643341064453,-2.4410247802734375,7.364101409912109,-1.5555553436279297,0.15873050689697266,-0.10988998413085938,0.0,-2.897811334283387,6.541242989307621,-1.577474500275607,0.03404065667399248,-0.007028949876279354
93,0,train,5,1,0.3490658503988659,0.20792675799748395,3,s,af3726fcacd0ac1320a56ea850b0a2c0f5430cf4eb20a45c078706980f08407e,d24fbe3839599a6a097188bae8cd47ce8083f27deef1341ae3086bf0d5a45bd1,87f63c0590d05baea263cdc42c6e1df2d063fa2def309ecb0283f3036bf33d46,87f63c0590d05baea263cdc42c6e1df2d063fa2def309ecb0283f3036bf33d46,1787978695.9863126,37279.823,18639963,0,0.9584569931030273,1.2136640548706055,1.556992530822754,-0.00133514404296875,-0.10662269592285156,0.00438690185546875,-0.0073261260986328125,-0.0024423599243164062,-0.0024423599243164062,0.0073261260986328125,0.2417583465576172,-0.0073261260986328125,-0.07570171356201172,-2.4410247802734375,7.391452789306641,-1.5555553436279297,0.17338180541992188,-0.10988998413085938,0.0,-2.8978474498441407,6.541279104868375,-1.5775106158363614,0.033934461330516384,-0.00702386558667982
93,0,train,5,1,0.3490658503988659,0.21039856899733422,3,s,af3726fcacd0ac1320a56ea850b0a2c0f5430cf4eb20a45c078706980f08407e,d24fbe3839599a6a097188bae8cd47ce8083f27deef1341ae3086bf0d5a45bd1,87f63c0590d05baea263cdc42c6e1df2d063fa2def309ecb0283f3036bf33d46,87f63c0590d05baea263cdc42c6e1df2d063fa2def309ecb0283f3036bf33d46,1787978695.9882162,37279.825,18639964,0,0.9584569931030273,1.2136640548706055,1.556992530822754,-0.00133514404296875,-0.10624122619628906,0.00438690185546875,0.0073261260986328125,-0.0024423599243164062,-0.0024423599243164062,-0.0073261260986328125,0.2417583465576172,0.0073261260986328125,-0.08058643341064453,-2.4410247802734375,7.336753845214844,-1.560439109802246,0.1831502914428711,-0.10500621795654297,0.0,-2.897883452557911,6.541315107582145,-1.5775466185501321,0.03382826104892627,-0.007018781089493832
93,0,train,5,1,0.3490658503988659,0.21231458200054476,3,s,af3726fcacd0ac1320a56ea850b0a2c0f5430cf4eb20a45c078706980f08407e,d24fbe3839599a6a097188bae8cd47ce8083f27deef1341ae3086bf0d5a45bd1,87f63c0590d05baea263cdc42c6e1df2d063fa2def309ecb0283f3036bf33d46,87f63c0590d05baea263cdc42c6e1df2d063fa2def309ecb0283f3036bf33d46,1787978695.9901168,37279.827,18639965,0,0.9584569931030273,1.2136640548706055,1.556992530822754,-0.00133514404296875,-0.10547828674316406,0.00438690185546875,-0.0073261260986328125,-0.0024423599243164062,-0.0024423599243164062,-0.0073261260986328125,0.3003654479980469,0.0073261260986328125,-0.08058643341064453,-2.4410247802734375,7.3094024658203125,-1.560439109802246,0.1880340576171875,-0.10500621795654297,0.0,-2.8979551194235564,6.5413867744477905,-1.5776182854157785,0.033615845733221524,-0.007008611475322087
93,0,train,5,1,0.3490658503988659,0.2142012149997754,3,s,af3726fcacd0ac1320a56ea850b0a2c0f5430cf4eb20a45c078706980f08407e,d24fbe3839599a6a097188bae8cd47ce8083f27deef1341ae3086bf0d5a45bd1,87f63c0590d05baea263cdc42c6e1df2d063fa2def309ecb0283f3036bf33d46,87f63c0590d05baea263cdc42c6e1df2d063fa2def309ecb0283f3036bf33d46,1787978695.9919071,37279.829,18639966,0,0.9584569931030273,1.2136640548706055,1.556992530822754,-0.00133514404296875,-0.10471534729003906,0.00438690185546875,-0.0073261260986328125,-0.0024423599243164062,-0.0024423599243164062,-0.0073261260986328125,0.3150177001953125,-0.0073261260986328125,-0.07570171356201172,-2.4273509979248047,7.336753845214844,-1.5555553436279297,0.1880340576171875,-0.10500621795654297,0.0,-2.8980263348386095,6.5414579898628435,-1.5776895008308316,0.03340341085052026,-0.006998441039683612
93,0,train,5,1,0.3490658503988659,0.21599309999874095,3,s,af3726fcacd0ac1320a56ea850b0a2c0f5430cf4eb20a45c078706980f08407e,d24fbe3839599a6a097188bae8cd47ce8083f27deef1341ae3086bf0d5a45bd1,87f63c0590d05baea263cdc42c6e1df2d063fa2def309ecb0283f3036bf33d46,87f63c0590d05baea263cdc42c6e1df2d063fa2def309ecb0283f3036bf33d46,1787978695.9938157,37279.831,18639967,0,0.9584569931030273,1.2136640548706055,1.556992530822754,-0.00133514404296875,-0.10395240783691406,0.00438690185546875,-0.021978378295898438,-0.0024423599243164062,-0.0024423599243164062,-0.0073261260986328125,0.3150177001953125,-0.021978378295898438,-0.07570171356201172,-2.4410247802734375,7.364101409912109,-1.560439109802246,0.1929178237915039,-0.10500621795654297,0.0,-2.8980970987616153,6.541528753785849,-1.577760264753837,0.03319095652447576,-0.006988269788498382
93,0,train,5,1,0.3490658503988659,0.21790107100241585,3,s,af3726fcacd0ac1320a56ea850b0a2c0f5430cf4eb20a45c078706980f08407e,d24fbe3839599a6a097188bae8cd47ce8083f27deef1341ae3086bf0d5a45bd1,87f63c0590d05baea263cdc42c6e1df2d063fa2def309ecb0283f3036bf33d46,87f63c0590d05baea263cdc42c6e1df2d063fa2def309ecb0283f3036bf33d46,1787978695.9962845,37279.833,18639968,0,0.9584569931030273,1.2136640548706055,1.556992530822754,-0.00133514404296875,-0.10357093811035156,0.00438690185546875,-0.0073261260986328125,-0.0024423599243164062,-0.0024423599243164062,0.0073261260986328125,0.28571510314941406,-0.021978378295898438,-0.07570171356201172,-2.4410247802734375,7.405128479003906,-1.560439109802246,0.19780254364013672,-0.10988998413085938,0.0,-2.8981323114007185,6.5415639664249525,-1.5777954773929395,0.03308472210884463,-0.0069831838589258545
93,0,train,5,1,0.3490658503988659,0.22037030499632237,3,s,af3726fcacd0ac1320a56ea850b0a2c0f5430cf4eb20a45c078706980f08407e,d24fbe3839599a6a097188bae8cd47ce8083f27deef1341ae3086bf0d5a45bd1,87f63c0590d05baea263cdc42c6e1df2d063fa2def309ecb0283f3036bf33d46,87f63c0590d05baea263cdc42c6e1df2d063fa2def309ecb0283f3036bf33d46,1787978695.9981663,37279.835,18639969,0,0.9584569931030273,1.2136640548706055,1.556992530822754,-0.00133514404296875,-0.10318946838378906,0.00438690185546875,-0.0073261260986328125,-0.0024423599243164062,-0.0024423599243164062,-0.0073261260986328125,0.2564105987548828,-0.021978378295898438,-0.08058643341064453,-2.4410247802734375,7.4324798583984375,-1.5555553436279297,0.19780254364013672,-0.10988998413085938,0.0,-2.8981674111513835,6.541599066175618,-1.577830577143605,0.032978482878752796,-0.006978097727686844
93,0,train,5,1,0.3490658503988659,0.2222517920017708,3,s,af3726fcacd0ac1320a56ea850b0a2c0f5430cf4eb20a45c078706980f08407e,d24fbe3839599a6a097188bae8cd47ce8083f27deef1341ae3086bf0d5a45bd1,87f63c0590d05baea263cdc42c6e1df2d063fa2def309ecb0283f3036bf33d46,87f63c0590d05baea263cdc42c6e1df2d063fa2def309ecb0283f3036bf33d46,1787978696.0000691,37279.837,18639970,0,0.9584569931030273,1.2136640548706055,1.556992530822754,-0.00133514404296875,-0.10242652893066406,0.00438690185546875,-0.0073261260986328125,-0.0024423599243164062,-0.0024423599243164062,0.0073261260986328125,0.2564105987548828,-0.0073261260986328125,-0.08058643341064453,-2.4273509979248047,7.405128479003906,-1.5555553436279297,0.19780254364013672,-0.10988998413085938,0.0,-2.898237271966987,6.541668926991221,-1.577900437959208,0.0327659900370273,-0.006967924863169914
93,0,train,5,1,0.3490658503988659,0.22415579699736554,3,s,af3726fcacd0ac1320a56ea850b0a2c0f5430cf4eb20a45c078706980f08407e,d24fbe3839599a6a097188bae8cd47ce8083f27deef1341ae3086bf0d5a45bd1,87f63c0590d05baea263cdc42c6e1df2d063fa2def309ecb0283f3036bf33d46,87f63c0590d05baea263cdc42c6e1df2d063fa2def309ecb0283f3036bf33d46,1787978696.0019617,37279.839,18639971,0,0.9584569931030273,1.2136640548706055,1.556992530822754,-0.00133514404296875,-0.10166358947753906,0.00438690185546875,-0.0073261260986328125,-0.0024423599243164062,-0.0024423599243164062,-0.0073261260986328125,0.28571510314941406,0.0073261260986328125,-0.08058643341064453,-2.4273509979248047,7.418804168701172,-1.5555553436279297,0.1929178237915039,-0.10500621795654297,0.0,-2.8983066811677634,6.541738336191997,-1.5779698471599841,0.03255347812298632,-0.006957751200868981
93,0,train,5,1,0.3490658503988659,0.22605173999909312,3,s,af3726fcacd0ac1320a56ea850b0a2c0f5430cf4eb20a45c078706980f08407e,d24fbe3839599a6a097188bae8cd47ce8083f27deef1341ae3086bf0d5a45bd1,87f63c0590d05baea263cdc42c6e1df2d063fa2def309ecb0283f3036bf33d46,87f63c0590d05baea263cdc42c6e1df2d063fa2def309ecb0283f3036bf33d46,1787978696.0038579,37279.841,18639972,0,0.9584569931030273,1.2136640548706055,1.556992530822754,-0.00133514404296875,-0.10090065002441406,0.00438690185546875,-0.0073261260986328125,-0.0024423599243164062,-0.0024423599243164062,-0.021978378295898438,0.373626708984375,0.0073261260986328125,-0.08058643341064453,-2.4410247802734375,7.418804168701172,-1.5506715774536133,0.1880340576171875,-0.10500621795654297,0.0,-2.898375638713307,6.541807293737541,-1.5780388047055285,0.032340947260328115,-0.006947576746705893
93,0,train,5,1,0.3490658503988659,0.22794522599724587,3,s,af3726fcacd0ac1320a56ea850b0a2c0f5430cf4eb20a45c078706980f08407e,d24fbe3839599a6a097188bae8cd47ce8083f27deef1341ae3086bf0d5a45bd1,87f63c0590d05baea263cdc42c6e1df2d063fa2def309ecb0283f3036bf33d46,87f63c0590d05baea263cdc42c6e1df2d063fa2def309ecb0283f3036bf33d46,1787978696.006343,37279.843,18639973,0,0.9584569931030273,1.2136640548706055,1.556992530822754,-0.00133514404296875,-0.09975624084472656,0.00438690185546875,-0.0073261260986328125,-0.0024423599243164062,-0.0024423599243164062,-0.021978378295898438,0.40293121337890625,-0.0073261260986328125,-0.08058643341064453,-2.4410247802734375,7.350425720214844,-1.5506715774536133,0.1831502914428711,-0.10500621795654297,0.0,-2.8984782280903363,6.54190988311457,-1.5781413940825582,0.032022115708300436,-0.006932313593674904
93,0,train,5,1,0.3490658503988659,0.2304326699959347,3,s,af3726fcacd0ac1320a56ea850b0a2c0f5430cf4eb20a45c078706980f08407e,d24fbe3839599a6a097188bae8cd47ce8083f27deef1341ae3086bf0d5a45bd1,87f63c0590d05baea263cdc42c6e1df2d063fa2def309ecb0283f3036bf33d46,87f63c0590d05baea263cdc42c6e1df2d063fa2def309ecb0283f3036bf33d46,1787978696.0082533,37279.845,18639974,0,0.9584569931030273,1.2136640548706055,1.556992530822754,-0.00133514404296875,-0.09937477111816406,0.00438690185546875,-0.0073261260986328125,-0.0024423599243164062,-0.0024423599243164062,-0.0073261260986328125,0.3589744567871094,-0.021978378295898438,-0.08058643341064453,-2.4273509979248047,7.25469970703125,-1.5506715774536133,0.1782665252685547,-0.10988998413085938,0.0,-2.8985121986784157,6.54194385370265,-1.5781753646706365,0.031915829184007885,-0.00692722548648296
93,0,train,5,1,0.3490658503988659,0.23235710299923085,3,s,af3726fcacd0ac1320a56ea850b0a2c0f5430cf4eb20a45c078706980f08407e,d24fbe3839599a6a097188bae8cd47ce8083f27deef1341ae3086bf0d5a45bd1,87f63c0590d05baea263cdc42c6e1df2d063fa2def309ecb0283f3036bf33d46,87f63c0590d05baea263cdc42c6e1df2d063fa2def309ecb0283f3036bf33d46,1787978696.010151,37279.847,18639975,0,0.9584569931030273,1.2136640548706055,1.556992530822754,-0.00095367431640625,-0.09861183166503906,0.00438690185546875,-0.0073261260986328125,-0.0024423599243164062,-0.0024423599243164062,0.0073261260986328125,0.3589744567871094,-0.021978378295898438,-0.08058643341064453,-2.4410247802734375,7.295726776123047,-1.5506715774536133,0.16361427307128906,-0.10988998413085938,0.0,-2.898937293292524,6.542368948316758,-1.5786004592847473,0.031669551692145866,-0.006916412381570147
93,0,train,5,1,0.3490658503988659,0.23424002699903212,3,s,af3726fcacd0ac1320a56ea850b0a2c0f5430cf4eb20a45c078706980f08407e,d24fbe3839599a6a097188bae8cd47ce8083f27deef1341ae3086bf0d5a45bd1,87f63c0590d05baea263cdc42c6e1df2d063fa2def309ecb0283f3036bf33d46,87f63c0590d05baea263cdc42c6e1df2d063fa2def309ecb0283f3036bf33d46,1787978696.0120623,37279.848999999995,18639976,0,0.9584569931030273,1.2136640548706055,1.556992530822754,-0.00133514404296875,-0.09784889221191406,0.00438690185546875,0.0073261260986328125,-0.0024423599243164062,-0.0024423599243164062,-0.0073261260986328125,0.34432220458984375,-0.0073261260986328125,-0.07570171356201172,-2.4410247802734375,7.282051086425781,-1.5506715774536133,0.14407825469970703,-0.10988998413085938,0.0,-2.8986469515443587,6.542078606568593,-1.5783101175365795,0.03149063679787155,-0.006906871129885077
93,0,train,5,1,0.3490658503988659,0.23615318600059254,3,s,af3726fcacd0ac1320a56ea850b0a2c0f5430cf4eb20a45c078706980f08407e,d24fbe3839599a6a097188bae8cd47ce8083f27deef1341ae3086bf0d5a45bd1,87f63c0590d05baea263cdc42c6e1df2d063fa2def309ecb0283f3036bf33d46,87f63c0590d05baea263cdc42c6e1df2d063fa2def309ecb0283f3036bf33d46,1787978696.0139565,37279.850999999995,18639977,0,0.9584569931030273,1.2136640548706055,1.556992530822754,-0.00133514404296875,-0.09670448303222656,0.00438690185546875,-0.0073261260986328125,-0.0024423599243164062,-0.0024423599243164062,-0.021978378295898438,0.40293121337890625,0.0073261260986328125,-0.07570171356201172,-2.4273509979248047,7.295726776123047,-1.5457878112792969,0.124542236328125,-0.10500621795654297,0.0,-2.898746830096092,6.542178485120326,-1.5784099960883131,0.031171694337979672,-0.006891603358949085
93,0,train,5,1,0.3490658503988659,0.2380424349976238,3,s,af3726fcacd0ac1320a56ea850b0a2c0f5430cf4eb20a45c078706980f08407e,d24fbe3839599a6a097188bae8cd47ce8083f27deef1341ae3086bf0d5a45bd1,87f63c0590d05baea263cdc42c6e1df2d063fa2def309ecb0283f3036bf33d46,87f63c0590d05baea263cdc42c6e1df2d063fa2def309ecb0283f3036bf33d46,1787978696.0158625,37279.852999999996,18639978,0,0.9584569931030273,1.2136640548706055,1.556992530822754,-0.00133514404296875,-0.09594154357910156,0.00438690185546875,0.0073261260986328125,-0.0024423599243164062,-0.0024423599243164062,-0.0073261260986328125,0.4322338104248047,0.0073261260986328125,-0.07570171356201172,-2.4410247802734375,7.282051086425781,-1.5457878112792969,0.10988998413085938,-0.10500621795654297,0.0,-2.898812850916014,6.542244505940248,-1.5784760169082348,0.030959043325208106,-0.006881423902058611
93,0,train,5,1,0.3490658503988659,0.23994683899945812,3,s,af3726fcacd0ac1320a56ea850b0a2c0f5430cf4eb20a45c078706980f08407e,d24fbe3839599a6a097188bae8cd47ce8083f27deef1341ae3086bf0d5a45bd1,87f63c0590d05baea263cdc42c6e1df2d063fa2def309ecb0283f3036bf33d46,87f63c0590d05baea263cdc42c6e1df2d063fa2def309ecb0283f3036bf33d46,1787978696.018303,37279.854999999996,18639979,0,0.9584569931030273,1.2136640548706055,1.556992530822754,-0.00133514404296875,-0.09517860412597656,0.00438690185546875,-0.0073261260986328125,-0.0024423599243164062,-0.0024423599243164062,-0.0073261260986328125,0.4322338104248047,-0.0073261260986328125,-0.08058643341064453,-2.4410247802734375,7.295726776123047,-1.5506715774536133,0.09523773193359375,-0.10500621795654297,0.0,-2.8988784197860755,6.54231007481031,-1.578541585778297,0.030746374291902454,-0.006871243697734315
93,0,train,5,1,0.3490658503988659,0.242391048996069,3,s,af3726fcacd0ac1320a56ea850b0a2c0f5430cf4eb20a45c078706980f08407e,d24fbe3839599a6a097188bae8cd47ce8083f27deef1341ae3086bf0d5a45bd1,87f63c0590d05baea263cdc42c6e1df2d063fa2def309ecb0283f3036bf33d46,87f63c0590d05baea263cdc42c6e1df2d063fa2def309ecb0283f3036bf33d46,1787978696.0202172,37279.856999999996,18639980,0,0.9584569931030273,1.2136640548706055,1.556992530822754,-0.00133514404296875,-0.09403419494628906,0.00438690185546875,-0.0073261260986328125,-0.0024423599243164062,-0.0024423599243164062,0.0073261260986328125,0.40293121337890625,-0.0073261260986328125,-0.07570171356201172,-2.4410247802734375,7.336753845214844,-1.5506715774536133,0.08547019958496094,-0.10500621795654297,0.0,-2.8989759256017655,6.542407580626,-1.5786390915939865,0.03042733722423529,-0.0068559720027719555
93,0,train,5,1,0.3490658503988659,0.24430931200186023,3,s,af3726fcacd0ac1320a56ea850b0a2c0f5430cf4eb20a45c078706980f08407e,d24fbe3839599a6a097188bae8cd47ce8083f27deef1341ae3086bf0d5a45bd1,87f63c0590d05baea263cdc42c6e1df2d063fa2def309ecb0283f3036bf33d46,87f63c0590d05baea263cdc42c6e1df2d063fa2def309ecb0283f3036bf33d46,1787978696.0224237,37279.859,18639981,0,0.9584569931030273,1.2136640548706055,1.556992530822754,-0.00133514404296875,-0.09327030181884766,0.00438690185546875,-0.0073261260986328125,-0.0024423599243164062,-0.0024423599243164062,0.0073261260986328125,0.4322338104248047,-0.021978378295898438,-0.08058643341064453,-2.454700469970703,7.364101409912109,-1.5506715774536133,0.07081794738769531,-0.10988998413085938,0.0,-2.8990404446964155,6.54247209972065,-1.5787036106886374,0.030214357778236625,-0.006845777227774094
93,0,train,5,1,0.3490658503988659,0.24651922599878162,3,s,af3726fcacd0ac1320a56ea850b0a2c0f5430cf4eb20a45c078706980f08407e,d24fbe3839599a6a097188bae8cd47ce8083f27deef1341ae3086bf0d5a45bd1,87f63c0590d05baea263cdc42c6e1df2d063fa2def309ecb0283f3036bf33d46,87f63c0590d05baea263cdc42c6e1df2d063fa2def309ecb0283f3036bf33d46,1787978696.024368,37279.861,18639982,0,0.9584569931030273,1.2136640548706055,1.556992530822754,-0.00133514404296875,-0.09250736236572266,0.00438690185546875,-0.0073261260986328125,-0.0024423599243164062,-0.0024423599243164062,-0.0073261260986328125,0.4322338104248047,-0.0073261260986328125,-0.07570171356201172,-2.454700469970703,7.377777099609375,-1.5506715774536133,0.0610504150390625,-0.10988998413085938,0.0,-2.8991044308780114,6.5425360859022454,-1.5787675968702328,0.0300016266260669,-0.006835594453194156
93,0,train,5,1,0.3490658503988659,0.24845753699628403,3,s,af3726fcacd0ac1320a56ea850b0a2c0f5430cf4eb20a45c078706980f08407e,d24fbe3839599a6a097188bae8cd47ce8083f27deef1341ae3086bf0d5a45bd1,87f63c0590d05baea263cdc42c6e1df2d063fa2def309ecb0283f3036bf33d46,87f63c0590d05baea263cdc42c6e1df2d063fa2def309ecb0283f3036bf33d46,1787978696.0262709,37279.863,18639983,0,0.9584569931030273,1.2136640548706055,1.556992530822754,-0.00133514404296875,-0.09174442291259766,0.00438690185546875,-0.0073261260986328125,-0.0024423599243164062,-0.0024423599243164062,-0.0073261260986328125,0.40293121337890625,-0.0073261260986328125,-0.07570171356201172,-2.4410247802734375,7.418804168701172,-1.5506715774536133,0.05616569519042969,-0.10988998413085938,0.0,-2.8991679649400246,6.542599619964259,-1.5788311309322463,0.02978887801065295,-0.006825410957856645
93,0,train,5,1,0.3490658503988659,0.25035936199856224,3,s,af3726fcacd0ac1320a56ea850b0a2c0f5430cf4eb20a45c078706980f08407e,d24fbe3839599a6a097188bae8cd47ce8083f27deef1341ae3086bf0d5a45bd1,87f63c0590d05baea263cdc42c6e1df2d063fa2def309ecb0283f3036bf33d46,87f63c0590d05baea263cdc42c6e1df2d063fa2def309ecb0283f3036bf33d46,1787978696.028155,37279.865,18639984,0,0.9584569931030273,1.2136640548706055,1.556992530822754,-0.00133514404296875,-0.09098148345947266,0.00438690185546875,-0.0073261260986328125,-0.0024423599243164062,-0.0024423599243164062,-0.0073261260986328125,0.3589744567871094,-0.0073261260986328125,-0.07570171356201172,-2.4410247802734375,7.418804168701172,-1.5555553436279297,0.05128192901611328,-0.10988998413085938,0.0,-2.899231046845475,6.542662701869709,-1.5788942128376968,0.02957611205583073,-0.006815226747689137
93,0,train,5,1,0.3490658503988659,0.2522556550029549,3,s,af3726fcacd0ac1320a56ea850b0a2c0f5430cf4eb20a45c078706980f08407e,d24fbe3839599a6a097188bae8cd47ce8083f27deef1341ae3086bf0d5a45bd1,87f63c0590d05baea263cdc42c6e1df2d063fa2def309ecb0283f3036bf33d46,87f63c0590d05baea263cdc42c6e1df2d063fa2def309ecb0283f3036bf33d46,1787978696.0300684,37279.867,18639985,0,0.9584569931030273,1.2136640548706055,1.556992530822754,-0.00133514404296875,-0.09021854400634766,0.00438690185546875,-0.0073261260986328125,-0.0024423599243164062,-0.0024423599243164062,-0.0073261260986328125,0.373626708984375,-0.0073261260986328125,-0.07570171356201172,-2.454700469970703,7.391452789306641,-1.5555553436279297,0.046398162841796875,-0.10988998413085938,0.0,-2.8992936765576434,6.542725331581877,-1.5789568425498652,0.029363328885446332,-0.006805041828619622
93,0,train,5,1,0.3490658503988659,0.25415718899603235,3,s,af3726fcacd0ac1320a56ea850b0a2c0f5430cf4eb20a45c078706980f08407e,d24fbe3839599a6a097188bae8cd47ce8083f27deef1341ae3086bf0d5a45bd1,87f63c0590d05baea263cdc42c6e1df2d063fa2def309ecb0283f3036bf33d46,87f63c0590d05baea263cdc42c6e1df2d063fa2def309ecb0283f3036bf33d46,1787978696.0319762,37279.869,18639986,0,0.9584569931030273,1.2136640548706055,1.556992530822754,-0.00133514404296875,-0.08945560455322266,0.00438690185546875,-0.0073261260986328125,-0.0024423599243164062,-0.0024423599243164062,-0.03663063049316406,0.373626708984375,-0.0073261260986328125,-0.07570171356201172,-2.4410247802734375,7.350425720214844,-1.5555553436279297,0.04151439666748047,-0.10988998413085938,0.0,-2.8993558540400755,6.5427875090643095,-1.5790190200322969,0.02915052862335584,-0.006794856206576502
93,0,train,5,1,0.3490658503988659,0.2560665830023936,3,s,af3726fcacd0ac1320a56ea850b0a2c0f5430cf4eb20a45c078706980f08407e,d24fbe3839599a6a097188bae8cd47ce8083f27deef1341ae3086bf0d5a45bd1,87f63c0590d05baea263cdc42c6e1df2d063fa2def309ecb0283f3036bf33d46,87f63c0590d05baea263cdc42c6e1df2d063fa2def309ecb0283f3036bf33d46,1787978696.033895,37279.871,18639987,0,0.9584569931030273,1.2136640548706055,1.556992530822754,-0.00133514404296875,-0.08869266510009766,0.00438690185546875,-0.0073261260986328125,-0.0024423599243164062,-0.0024423599243164062,-0.0073261260986328125,0.40293121337890625,-0.0073261260986328125,-0.07570171356201172,-2.4410247802734375,7.3094024658203125,-1.5506715774536133,0.046398162841796875,-0.10988998413085938,0.0,-2.899417579256578,6.542849234280812,-1.5790807452487994,0.028937711393425325,-0.00678466988748859
93,0,train,5,1,0.3490658503988659,0.2579889420012478,3,s,af3726fcacd0ac1320a56ea850b0a2c0f5430cf4eb20a45c078706980f08407e,d24fbe3839599a6a097188bae8cd47ce8083f27deef1341ae3086bf0d5a45bd1,87f63c0590d05baea263cdc42c6e1df2d063fa2def309ecb0283f3036bf33d46,87f63c0590d05baea263cdc42c6e1df2d063fa2def309ecb0283f3036bf33d46,1787978696.0369558,37279.873,18639988,0,0.9584569931030273,1.2136640548706055,1.556992530822754,-0.00133514404296875,-0.08792972564697266,0.00438690185546875,-0.0073261260986328125,-0.0024423599243164062,-0.0024423599243164062,-0.0073261260986328125,0.373626708984375,-0.0073261260986328125,-0.07570171356201172,-2.4410247802734375,7.364101409912109,-1.5506715774536133,0.05128192901611328,-0.10988998413085938,0.0,-2.8994788521712223,6.542910507195456,-1.5791420181634443,0.028724877319530693,-0.006774482877285102
93,0,train,5,1,0.3490658503988659,0.261205754999537,3,s,af3726fcacd0ac1320a56ea850b0a2c0f5430cf4eb20a45c078706980f08407e,d24fbe3839599a6a097188bae8cd47ce8083f27deef1341ae3086bf0d5a45bd1,87f63c0590d05baea263cdc42c6e1df2d063fa2def309ecb0283f3036bf33d46,87f63c0590d05baea263cdc42c6e1df2d063fa2def309ecb0283f3036bf33d46,1787978696.0379934,37279.875,18639989,0,0.9584569931030273,1.2136640548706055,1.556992530822754,-0.00095367431640625,-0.08792972564697266,0.00438690185546875,-0.0073261260986328125,-0.0024423599243164062,-0.0024423599243164062,-0.0073261260986328125,0.3003654479980469,-0.0073261260986328125,-0.07570171356201172,-2.4410247802734375,7.377777099609375,-1.5506715774536133,0.05616569519042969,-0.10988998413085938,0.0,-2.8998364675002857,6.54326812252452,-1.579499633492507,0.028694351854358556,-0.006773998068984973
93,0,train,5,1,0.3490658503988659,0.26208508999843616,3,s,af3726fcacd0ac1320a56ea850b0a2c0f5430cf4eb20a45c078706980f08407e,d24fbe3839599a6a097188bae8cd47ce8083f27deef1341ae3086bf0d5a45bd1,87f63c0590d05baea263cdc42c6e1df2d063fa2def309ecb0283f3036bf33d46,87f63c0590d05baea263cdc42c6e1df2d063fa2def309ecb0283f3036bf33d46,1787978696.0399861,37279.877,18639990,0,0.9584569931030273,1.2136640548706055,1.556992530822754,-0.00133514404296875,-0.08716678619384766,0.00438690185546875,-0.0073261260986328125,-0.0024423599243164062,-0.0024423599243164062,-0.0073261260986328125,0.2564105987548828,-0.0073261260986328125,-0.07570171356201172,-2.4410247802734375,7.405128479003906,-1.5506715774536133,0.07081794738769531,-0.10988998413085938,0.0,-2.8995396727483427,6.542971327772577,-1.5792028387405648,0.028512026525557687,-0.00676429518189566
93,0,train,5,1,0.3490658503988659,0.264077786996495,3,s,af3726fcacd0ac1320a56ea850b0a2c0f5430cf4eb20a45c078706980f08407e,d24fbe3839599a6a097188bae8cd47ce8083f27deef1341ae3086bf0d5a45bd1,87f63c0590d05baea263cdc42c6e1df2d063fa2def309ecb0283f3036bf33d46,87f63c0590d05baea263cdc42c6e1df2d063fa2def309ecb0283f3036bf33d46,1787978696.0419307,37279.879,18639991,0,0.9584569931030273,1.2136640548706055,1.556992530822754,-0.00133514404296875,-0.08640384674072266,0.00438690185546875,-0.021978378295898438,-0.0024423599243164062,-0.0024423599243164062,-0.021978378295898438,0.28571510314941406,-0.0073261260986328125,-0.07570171356201172,-2.4410247802734375,7.350425720214844,-1.5506715774536133,0.08058643341064453,-0.10988998413085938,0.0,-2.89960004095254,6.543031695976774,-1.5792632069447607,0.028299159135401764,-0.006754106807250283
93,0,train,5,1,0.3490658503988659,0.26601640499575296,3,s,af3726fcacd0ac1320a56ea850b0a2c0f5430cf4eb20a45c078706980f08407e,d24fbe3839599a6a097188bae8cd47ce8083f27deef1341ae3086bf0d5a45bd1,87f63c0590d05baea263cdc42c6e1df2d063fa2def309ecb0283f3036bf33d46,87f63c0590d05baea263cdc42c6e1df2d063fa2def309ecb0283f3036bf33d46,1787978696.0438619,37279.881,18639992,0,0.9584569931030273,1.2136640548706055,1.556992530822754,-0.00133514404296875,-0.08564090728759766,0.00438690185546875,-0.021978378295898438,-0.0024423599243164062,-0.0024423599243164062,-0.021978378295898438,0.3150177001953125,0.0073261260986328125,-0.08058643341064453,-2.4273509979248047,7.323078155517578,-1.5506715774536133,0.09035396575927734,-0.10500621795654297,0.0,-2.8996599567486707,6.543091611772905,-1.5793231227408915,0.02808627527296806,-0.0067439177592793845
93,0,train,5,1,0.3490658503988659,0.2679533240007004,3,s,af3726fcacd0ac1320a56ea850b0a2c0f5430cf4eb20a45c078706980f08407e,d24fbe3839599a6a097188bae8cd47ce8083f27deef1341ae3086bf0d5a45bd1,87f63c0590d05baea263cdc42c6e1df2d063fa2def309ecb0283f3036bf33d46,87f63c0590d05baea263cdc42c6e1df2d063fa2def309ecb0283f3036bf33d46,1787978696.046367,37279.883,18639993,0,0.9584569931030273,1.2136640548706055,1.556992530822754,-0.00133514404296875,-0.08487796783447266,0.00438690185546875,-0.0073261260986328125,-0.0024423599243164062,-0.0024423599243164062,-0.021978378295898438,0.3296699523925781,-0.0073261260986328125,-0.08058643341064453,-2.4273509979248047,7.268375396728516,-1.5506715774536133,0.10500621795654297,-0.10500621795654297,0.0,-2.8997194201018615,6.5431510751260955,-1.5793825860940822,0.02787337506217127,-0.00673372804391377
93,0,train,5,1,0.3490658503988659,0.2704597889969591,3,s,af3726fcacd0ac1320a56ea850b0a2c0f5430cf4eb20a45c078706980f08407e,d24fbe3839599a6a097188bae8cd47ce8083f27deef1341ae3086bf0d5a45bd1,87f63c0590d05baea263cdc42c6e1df2d063fa2def309ecb0283f3036bf33d46,87f63c0590d05baea263cdc42c6e1df2d063fa2def309ecb0283f3036bf33d46,1787978696.0482934,37279.884999999995,18639994,0,0.9584569931030273,1.2136640548706055,1.556992530822754,-0.00133514404296875,-0.08487796783447266,0.00438690185546875,-0.0073261260986328125,-0.0024423599243164062,-0.0024423599243164062,-0.0073261260986328125,0.28571510314941406,-0.0073261260986328125,-0.08058643341064453,-2.4410247802734375,7.295726776123047,-1.5506715774536133,0.1196584701538086,-0.10988998413085938,0.0,-2.8997194201018615,6.5431510751260955,-1.5793825860940822,0.02787337506217127,-0.00673372804391377
93,0,train,5,1,0.3490658503988659,0.2723973320025834,3,s,af3726fcacd0ac1320a56ea850b0a2c0f5430cf4eb20a45c078706980f08407e,d24fbe3839599a6a097188bae8cd47ce8083f27deef1341ae3086bf0d5a45bd1,87f63c0590d05baea263cdc42c6e1df2d063fa2def309ecb0283f3036bf33d46,87f63c0590d05baea263cdc42c6e1df2d063fa2def309ecb0283f3036bf33d46,1787978696.0502446,37279.886999999995,18639995,0,0.9584569931030273,1.2136640548706055,1.556992530822754,-0.00095367431640625,-0.08411502838134766,0.00438690185546875,-0.0073261260986328125,-0.0024423599243164062,-0.0024423599243164062,0.0073261260986328125,0.27106285095214844,-0.021978378295898438,-0.08058643341064453,-2.4410247802734375,7.295726776123047,-1.5506715774536133,0.13919448852539062,-0.10988998413085938,0.0,-2.900136087310542,6.543567742334776,-1.579799253302765,0.02763106430239006,-0.0067231069974400814
93,0,train,5,1,0.3490658503988659,0.2743391830008477,3,s,af3726fcacd0ac1320a56ea850b0a2c0f5430cf4eb20a45c078706980f08407e,d24fbe3839599a6a097188bae8cd47ce8083f27deef1341ae3086bf0d5a45bd1,87f63c0590d05baea263cdc42c6e1df2d063fa2def309ecb0283f3036bf33d46,87f63c0590d05baea263cdc42c6e1df2d063fa2def309ecb0283f3036bf33d46,1787978696.0518343,37279.888999999996,18639996,0,0.9584569931030273,1.2136640548706055,1.556992530822754,-0.00133514404296875,-0.08373355865478516,0.00438690185546875,-0.0073261260986328125,-0.0024423599243164062,-0.0024423599243164062,0.0073261260986328125,0.2564105987548828,-0.0073261260986328125,-0.08058643341064453,-2.4410247802734375,7.295726776123047,-1.5506715774536133,0.14896202087402344,-0.10988998413085938,0.0,-2.8998077667254907,6.543239421749725,-1.5794709327177123,0.027553994363882152,-0.006718442232474851
93,0,train,5,1,0.3490658503988659,0.27592787399771623,3,s,af3726fcacd0ac1320a56ea850b0a2c0f5430cf4eb20a45c078706980f08407e,d24fbe3839599a6a097188bae8cd47ce8083f27deef1341ae3086bf0d5a45bd1,87f63c0590d05baea263cdc42c6e1df2d063fa2def309ecb0283f3036bf33d46,87f63c0590d05baea263cdc42c6e1df2d063fa2def309ecb0283f3036bf33d46,1787978696.054312,37279.890999999996,18639997,0,0.9584569931030273,1.2136640548706055,1.556992530822754,-0.00133514404296875,-0.08297061920166016,0.00438690185546875,-0.0073261260986328125,-0.0024423599243164062,-0.0024423599243164062,-0.03663063049316406,0.3003654479980469,-0.0073261260986328125,-0.08058643341064453,-2.4410247802734375,7.241024017333984,-1.5506715774536133,0.14896202087402344,-0.10500621795654297,0.0,-2.8998660988204796,6.543297753844714,-1.5795292648127004,0.02734105382436678,-0.006708250874572267
93,0,train,5,1,0.3490658503988659,0.27839954099908937,3,s,af3726fcacd0ac1320a56ea850b0a2c0f5430cf4eb20a45c078706980f08407e,d24fbe3839599a6a097188bae8cd47ce8083f27deef1341ae3086bf0d5a45bd1,87f63c0590d05baea263cdc42c6e1df2d063fa2def309ecb0283f3036bf33d46,87f63c0590d05baea263cdc42c6e1df2d063fa2def309ecb0283f3036bf33d46,1787978696.0562088,37279.893,18639998,0,0.9584569931030273,1.2136640548706055,1.556992530822754,-0.00133514404296875,-0.08220767974853516,0.00438690185546875,0.021978378295898438,-0.0024423599243164062,-0.0024423599243164062,-0.0073261260986328125,0.3296699523925781,0.0073261260986328125,-0.08058643341064453,-2.4410247802734375,7.213676452636719,-1.5506715774536133,0.14896202087402344,-0.10500621795654297,0.0,-2.8999239783525357,6.54335563337677,-1.5795871443447569,0.027128097370264295,-0.006698058870035827
93,0,train,5,1,0.3490658503988659,0.2802967419993365,3,s,af3726fcacd0ac1320a56ea850b0a2c0f5430cf4eb20a45c078706980f08407e,d24fbe3839599a6a097188bae8cd47ce8083f27deef1341ae3086bf0d5a45bd1,87f63c0590d05baea263cdc42c6e1df2d063fa2def309ecb0283f3036bf33d46,87f63c0590d05baea263cdc42c6e1df2d063fa2def309ecb0283f3036bf33d46,1787978696.0581353,37279.895,18639999,0,0.9584569931030273,1.2136640548706055,1.556992530822754,-0.00133514404296875,-0.08144474029541016,0.00438690185546875,-0.0073261260986328125,-0.0024423599243164062,-0.0024423599243164062,-0.0073261260986328125,0.34432220458984375,-0.0073261260986328125,-0.08058643341064453,-2.4410247802734375,7.282051086425781,-1.5506715774536133,0.15384578704833984,-0.10988998413085938,0.0,-2.89998140528797,6.543413060312204,-1.5796445712801932,0.026915125125531635,-0.006687866224798055
93,0,train,5,1,0.3490658503988659,0.2822278500025277,3,s,af3726fcacd0ac1320a56ea850b0a2c0f5430cf4eb20a45c078706980f08407e,d24fbe3839599a6a097188bae8cd47ce8083f27deef1341ae3086bf0d5a45bd1,87f63c0590d05baea263cdc42c6e1df2d063fa2def309ecb0283f3036bf33d46,87f63c0590d05baea263cdc42c6e1df2d063fa2def309ecb0283f3036bf33d46,1787978696.0600615,37279.897,18640000,0,0.9584569931030273,1.2136640548706055,1.556992530822754,-0.00095367431640625,-0.08068180084228516,0.00438690185546875,-0.0073261260986328125,-0.0024423599243164062,-0.0024423599243164062,-0.0073261260986328125,0.3296699523925781,-0.0073261260986328125,-0.07570171356201172,-2.4410247802734375,7.25469970703125,-1.5555553436279297,0.15873050689697266,-0.10988998413085938,0.0,-2.9003960715061203,6.543827726530354,-1.5800592374983427,0.026673761282342997,-0.006677291014850082
93,0,train,5,1,0.3490658503988659,0.28415272499842104,3,s,af3726fcacd0ac1320a56ea850b0a2c0f5430cf4eb20a45c078706980f08407e,d24fbe3839599a6a097188bae8cd47ce8083f27deef1341ae3086bf0d5a45bd1,87f63c0590d05baea263cdc42c6e1df2d063fa2def309ecb0283f3036bf33d46,87f63c0590d05baea263cdc42c6e1df2d063fa2def309ecb0283f3036bf33d46,1787978696.0619774,37279.899,18640001,0,0.9584569931030273,1.2136640548706055,1.556992530822754,-0.00095367431640625,-0.08030033111572266,0.00438690185546875,-0.0073261260986328125,-0.0024423599243164062,-0.0024423599243164062,0.021978378295898438,0.28571510314941406,-0.021978378295898438,-0.07570171356201172,-2.4410247802734375,7.323078155517578,-1.560439109802246,0.16361427307128906,-0.10988998413085938,0.0,-2.9004243927880355,6.54385604781227,-1.5800875587802579,0.026567374666003767,-0.006672199555031309
93,0,train,5,1,0.3490658503988659,0.28607394600112457,3,s,af3726fcacd0ac1320a56ea850b0a2c0f5430cf4eb20a45c078706980f08407e,d24fbe3839599a6a097188bae8cd47ce8083f27deef1341ae3086bf0d5a45bd1,87f63c0590d05baea263cdc42c6e1df2d063fa2def309ecb0283f3036bf33d46,87f63c0590d05baea263cdc42c6e1df2d063fa2def309ecb0283f3036bf33d46,1787978696.0638945,37279.901,18640002,0,0.9584569931030273,1.2136640548706055,1.556992530822754,-0.00133514404296875,-0.07991886138916016,0.00438690185546875,-0.0073261260986328125,-0.0024423599243164062,-0.0024423599243164062,-0.021978378295898438,0.2564105987548828,-0.0073261260986328125,-0.08058643341064453,-2.4410247802734375,7.364101409912109,-1.560439109802246,0.16849803924560547,-0.10988998413085938,0.0,-2.9000949012355366,6.543526556259771,-1.5797580672277587,0.026489133760049573,-0.006667479035950495
93,0,train,5,1,0.3490658503988659,0.28798746100073913,3,s,af3726fcacd0ac1320a56ea850b0a2c0f5430cf4eb20a45c078706980f08407e,d24fbe3839599a6a097188bae8cd47ce8083f27deef1341ae3086bf0d5a45bd1,87f63c0590d05baea263cdc42c6e1df2d063fa2def309ecb0283f3036bf33d46,87f63c0590d05baea263cdc42c6e1df2d063fa2def309ecb0283f3036bf33d46,1787978696.066445,37279.903,18640003,0,0.9584569931030273,1.2136640548706055,1.556992530822754,-0.00133514404296875,-0.07915592193603516,0.00438690185546875,0.0073261260986328125,-0.0024423599243164062,-0.0024423599243164062,-0.0073261260986328125,0.28571510314941406,-0.0073261260986328125,-0.08058643341064453,-2.4410247802734375,7.364101409912109,-1.5555553436279297,0.16849803924560547,-0.10988998413085938,0.0,-2.900150970181602,6.543582625205836,-1.5798141361738245,0.026276114887259776,-0.006657284504207608
93,0,train,5,1,0.3490658503988659,0.2905456489970675,3,s,af3726fcacd0ac1320a56ea850b0a2c0f5430cf4eb20a45c078706980f08407e,d24fbe3839599a6a097188bae8cd47ce8083f27deef1341ae3086bf0d5a45bd1,87f63c0590d05baea263cdc42c6e1df2d063fa2def309ecb0283f3036bf33d46,87f63c0590d05baea263cdc42c6e1df2d063fa2def309ecb0283f3036bf33d46,1787978696.0684335,37279.905,18640004,0,0.9584569931030273,1.2136640548706055,1.556992530822754,-0.00133514404296875,-0.07839298248291016,0.00438690185546875,-0.0073261260986328125,-0.0024423599243164062,-0.0024423599243164062,-0.021978378295898438,0.34432220458984375,0.0073261260986328125,-0.07570171356201172,-2.4410247802734375,7.377777099609375,-1.5555553436279297,0.17338180541992188,-0.10500621795654297,0.0,-2.900206586398921,6.543638241423155,-1.579869752391143,0.026063080719758863,-0.006647089355497199
93,0,train,5,1,0.3490658503988659,0.2925419259991031,3,s,af3726fcacd0ac1320a56ea850b0a2c0f5430cf4eb20a45c078706980f08407e,d24fbe3839599a6a097188bae8cd47ce8083f27deef1341ae3086bf0d5a45bd1,87f63c0590d05baea263cdc42c6e1df2d063fa2def309ecb0283f3036bf33d46,87f63c0590d05baea263cdc42c6e1df2d063fa2def309ecb0283f3036bf33d46,1787978696.069809,37279.907,18640005,0,0.9584569931030273,1.2136640548706055,1.556992530822754,-0.00133514404296875,-0.07763004302978516,0.00438690185546875,-0.0073261260986328125,-0.0024423599243164062,-0.0024423599243164062,-0.0073261260986328125,0.3150177001953125,-0.0073261260986328125,-0.07570171356201172,-2.4410247802734375,7.364101409912109,-1.5555553436279297,0.17338180541992188,-0.10988998413085938,0.0,-2.9002617498551184,6.5436934048793525,-1.5799249158473405,0.02585003138154902,-0.006636893595753617
93,0,train,5,1,0.3490658503988659,0.2938996960001532,3,s,af3726fcacd0ac1320a56ea850b0a2c0f5430cf4eb20a45c078706980f08407e,d24fbe3839599a6a097188bae8cd47ce8083f27deef1341ae3086bf0d5a45bd1,87f63c0590d05baea263cdc42c6e1df2d063fa2def309ecb0283f3036bf33d46,87f63c0590d05baea263cdc42c6e1df2d063fa2def309ecb0283f3036bf33d46,1787978696.0723033,37279.909,18640006,0,0.9584569931030273,1.2136640548706055,1.556992530822754,-0.00133514404296875,-0.07724857330322266,0.00438690185546875,-0.0073261260986328125,-0.0024423599243164062,-0.0024423599243164062,-0.0073261260986328125,0.28571510314941406,-0.0073261260986328125,-0.07570171356201172,-2.4410247802734375,7.364101409912109,-1.5555553436279297,0.1831502914428711,-0.10988998413085938,0.0,-2.900289161787751,6.543720816811986,-1.5799523277799745,0.025743501062181373,-0.006631795488598971
93,0,train,5,1,0.3490658503988659,0.2963998260020162,3,s,af3726fcacd0ac1320a56ea850b0a2c0f5430cf4eb20a45c078706980f08407e,d24fbe3839599a6a097188bae8cd47ce8083f27deef1341ae3086bf0d5a45bd1,87f63c0590d05baea263cdc42c6e1df2d063fa2def309ecb0283f3036bf33d46,87f63c0590d05baea263cdc42c6e1df2d063fa2def309ecb0283f3036bf33d46,1787978696.0742612,37279.911,18640007,0,0.9584569931030273,1.2136640548706055,1.556992530822754,-0.00095367431640625,-0.07686710357666016,0.00438690185546875,-0.0073261260986328125,-0.0024423599243164062,-0.0024423599243164062,-0.0073261260986328125,0.27106285095214844,-0.021978378295898438,-0.08058643341064453,-2.4410247802734375,7.364101409912109,-1.5555553436279297,0.1929178237915039,-0.10988998413085938,0.0,-2.9006741904923685,6.544105845516603,-1.5803373564845917,0.02560972300410934,-0.006626369472041153
93,0,train,5,1,0.3490658503988659,0.29835601300146664,3,s,af3726fcacd0ac1320a56ea850b0a2c0f5430cf4eb20a45c078706980f08407e,d24fbe3839599a6a097188bae8cd47ce8083f27deef1341ae3086bf0d5a45bd1,87f63c0590d05baea263cdc42c6e1df2d063fa2def309ecb0283f3036bf33d46,87f63c0590d05baea263cdc42c6e1df2d063fa2def309ecb0283f3036bf33d46,1787978696.076195,37279.913,18640008,0,0.9584569931030273,1.2136640548706055,1.556992530822754,-0.00133514404296875,-0.07610416412353516,0.00438690185546875,-0.0073261260986328125,-0.0024423599243164062,-0.0024423599243164062,-0.0073261260986328125,0.27106285095214844,-0.0073261260986328125,-0.08058643341064453,-2.4410247802734375,7.350425720214844,-1.5555553436279297,0.19780254364013672,-0.10988998413085938,0.0,-2.9003707183559793,6.543802373380213,-1.5800338843482005,0.02542388768905551,-0.006616500266906152
93,0,train,5,1,0.3490658503988659,0.3002848440009984,3,s,af3726fcacd0ac1320a56ea850b0a2c0f5430cf4eb20a45c078706980f08407e,d24fbe3839599a6a097188bae8cd47ce8083f27deef1341ae3086bf0d5a45bd1,87f63c0590d05baea263cdc42c6e1df2d063fa2def309ecb0283f3036bf33d46,87f63c0590d05baea263cdc42c6e1df2d063fa2def309ecb0283f3036bf33d46,1787978696.0781105,37279.915,18640009,0,0.9584569931030273,1.2136640548706055,1.556992530822754,-0.00133514404296875,-0.07572269439697266,0.00438690185546875,-0.021978378295898438,-0.0024423599243164062,-0.0024423599243164062,-0.021978378295898438,0.27106285095214844,0.0073261260986328125,-0.08058643341064453,-2.4410247802734375,7.391452789306641,-1.5555553436279297,0.1880340576171875,-0.10500621795654297,0.0,-2.900397677455643,6.543829332479877,-1.580060843447864,0.02531734247801688,-0.006611401562071971
93,0,train,5,1,0.3490658503988659,0.3022027560000424,3,s,af3726fcacd0ac1320a56ea850b0a2c0f5430cf4eb20a45c078706980f08407e,d24fbe3839599a6a097188bae8cd47ce8083f27deef1341ae3086bf0d5a45bd1,87f63c0590d05baea263cdc42c6e1df2d063fa2def309ecb0283f3036bf33d46,87f63c0590d05baea263cdc42c6e1df2d063fa2def309ecb0283f3036bf33d46,1787978696.0800788,37279.917,18640010,0,0.9584569931030273,1.2136640548706055,1.556992530822754,-0.00133514404296875,-0.07457828521728516,0.00438690185546875,-0.0073261260986328125,-0.0024423599243164062,-0.0024423599243164062,-0.0073261260986328125,0.3296699523925781,0.0073261260986328125,-0.08058643341064453,-2.4410247802734375,7.364101409912109,-1.5555553436279297,0.1831502914428711,-0.10500621795654297,0.0,-2.900477875430471,6.543909530454705,-1.5801410414226928,0.02499768480197213,-0.006596104565147126
93,0,train,5,1,0.3490658503988659,0.3041741679990082,3,s,af3726fcacd0ac1320a56ea850b0a2c0f5430cf4eb20a45c078706980f08407e,d24fbe3839599a6a097188bae8cd47ce8083f27deef1341ae3086bf0d5a45bd1,87f63c0590d05baea263cdc42c6e1df2d063fa2def309ecb0283f3036bf33d46,87f63c0590d05baea263cdc42c6e1df2d063fa2def309ecb0283f3036bf33d46,1787978696.0820477,37279.919,18640011,0,0.9584569931030273,1.2136640548706055,1.556992530822754,-0.00133514404296875,-0.07381534576416016,0.00438690185546875,-0.0073261260986328125,-0.0024423599243164062,-0.0024423599243164062,-0.0073261260986328125,0.3882789611816406,-0.0073261260986328125,-0.07570171356201172,-2.4410247802734375,7.336753845214844,-1.5555553436279297,0.17338180541992188,-0.10500621795654297,0.0,-2.9005307746046975,6.543962429628932,-1.5801939405969188,0.024784561470557274,-0.006585905839265387
93,0,train,5,1,0.3490658503988659,0.3061440169985872,3,s,af3726fcacd0ac1320a56ea850b0a2c0f5430cf4eb20a45c078706980f08407e,d24fbe3839599a6a097188bae8cd47ce8083f27deef1341ae3086bf0d5a45bd1,87f63c0590d05baea263cdc42c6e1df2d063fa2def309ecb0283f3036bf33d46,87f63c0590d05baea263cdc42c6e1df2d063fa2def309ecb0283f3036bf33d46,1787978696.0839956,37279.920999999995,18640012,0,0.9584569931030273,1.2136640548706055,1.556992530822754,-0.00133514404296875,-0.07305240631103516,0.00438690185546875,-0.021978378295898438,-0.0024423599243164062,-0.0024423599243164062,-0.021978378295898438,0.373626708984375,-0.0073261260986328125,-0.07570171356201172,-2.4410247802734375,7.377777099609375,-1.5555553436279297,0.16361427307128906,-0.10500621795654297,0.0,-2.9005832208291014,6.544014875853335,-1.5802463868213223,0.02457142371262961,-0.006575706537963971
93,0,train,5,1,0.3490658503988659,0.30808827500004554,3,s,af3726fcacd0ac1320a56ea850b0a2c0f5430cf4eb20a45c078706980f08407e,d24fbe3839599a6a097188bae8cd47ce8083f27deef1341ae3086bf0d5a45bd1,87f63c0590d05baea263cdc42c6e1df2d063fa2def309ecb0283f3036bf33d46,87f63c0590d05baea263cdc42c6e1df2d063fa2def309ecb0283f3036bf33d46,1787978696.0859268,37279.922999999995,18640013,0,0.9584569931030273,1.2136640548706055,1.556992530822754,-0.00095367431640625,-0.07228946685791016,0.00438690185546875,-0.0073261260986328125,-0.0024423599243164062,-0.0024423599243164062,0.0073261260986328125,0.3589744567871094,-0.021978378295898438,-0.07570171356201172,-2.4410247802734375,7.336753845214844,-1.5555553436279297,0.15384578704833984,-0.10988998413085938,0.0,-2.900992987675909,6.544424642700143,-1.5806561536681305,0.02433238650869811,-0.006565243934537235
93,0,train,5,1,0.3490658503988659,0.3100193020000006,3,s,af3726fcacd0ac1320a56ea850b0a2c0f5430cf4eb20a45c078706980f08407e,d24fbe3839599a6a097188bae8cd47ce8083f27deef1341ae3086bf0d5a45bd1,87f63c0590d05baea263cdc42c6e1df2d063fa2def309ecb0283f3036bf33d46,87f63c0590d05baea263cdc42c6e1df2d063fa2def309ecb0283f3036bf33d46,1787978696.087838,37279.924999999996,18640014,0,0.9584569931030273,1.2136640548706055,1.556992530822754,-0.00133514404296875,-0.07152652740478516,0.00438690185546875,0.0073261260986328125,-0.0024423599243164062,-0.0024423599243164062,-0.0073261260986328125,0.373626708984375,-0.0073261260986328125,-0.07570171356201172,-2.4410247802734375,7.377777099609375,-1.5555553436279297,0.1343097686767578,-0.10988998413085938,0.0,-2.900686754306592,6.544118409330826,-1.5803499202988138,0.024145105413494218,-0.006555306232849537
93,0,train,5,1,0.3490658503988659,0.3119417220004834,3,s,af3726fcacd0ac1320a56ea850b0a2c0f5430cf4eb20a45c078706980f08407e,d24fbe3839599a6a097188bae8cd47ce8083f27deef1341ae3086bf0d5a45bd1,87f63c0590d05baea263cdc42c6e1df2d063fa2def309ecb0283f3036bf33d46,87f63c0590d05baea263cdc42c6e1df2d063fa2def309ecb0283f3036bf33d46,1787978696.0903428,37279.926999999996,18640015,0,0.9584569931030273,1.2136640548706055,1.556992530822754,-0.00133514404296875,-0.07038211822509766,0.00438690185546875,-0.0073261260986328125,-0.0024423599243164062,-0.0024423599243164062,-0.021978378295898438,0.4322338104248047,-0.0073261260986328125,-0.08058643341064453,-2.4410247802734375,7.336753845214844,-1.5555553436279297,0.11477375030517578,-0.10500621795654297,0.0,-2.9007632151962937,6.544194870220528,-1.5804263811885149,0.023825329742321755,-0.006540004537694223
93,0,train,5,1,0.3490658503988659,0.3144308990013087,3,s,af3726fcacd0ac1320a56ea850b0a2c0f5430cf4eb20a45c078706980f08407e,d24fbe3839599a6a097188bae8cd47ce8083f27deef1341ae3086bf0d5a45bd1,87f63c0590d05baea263cdc42c6e1df2d063fa2def309ecb0283f3036bf33d46,87f63c0590d05baea263cdc42c6e1df2d063fa2def309ecb0283f3036bf33d46,1787978696.0923243,37279.929,18640016,0,0.9584569931030273,1.2136640548706055,1.556992530822754,-0.00133514404296875,-0.06923770904541016,0.00438690185546875,0.0073261260986328125,-0.0024423599243164062,-0.0024423599243164062,0.0073261260986328125,0.4468860626220703,0.0073261260986328125,-0.07570171356201172,-2.4410247802734375,7.364101409912109,-1.5555553436279297,0.10012245178222656,-0.10500621795654297,0.0,-2.900838656644534,6.544270311668768,-1.5805018226367553,0.0235055228677766,-0.006524701607960371
93,0,train,5,1,0.3490658503988659,0.3164195450008265,3,s,af3726fcacd0ac1320a56ea850b0a2c0f5430cf4eb20a45c078706980f08407e,d24fbe3839599a6a097188bae8cd47ce8083f27deef1341ae3086bf0d5a45bd1,87f63c0590d05baea263cdc42c6e1df2d063fa2def309ecb0283f3036bf33d46,87f63c0590d05baea263cdc42c6e1df2d063fa2def309ecb0283f3036bf33d46,1787978696.0942621,37279.931,18640017,0,0.9584569931030273,1.2136640548706055,1.556992530822754,-0.00133514404296875,-0.06847476959228516,0.00438690185546875,0.0073261260986328125,-0.0024423599243164062,-0.0024423599243164062,-0.0073261260986328125,0.4322338104248047,-0.0073261260986328125,-0.07570171356201172,-2.4410247802734375,7.3094024658203125,-1.560439109802246,0.09035396575927734,-0.10500621795654297,0.0,-2.900888384538147,6.544320039562381,-1.5805515505303689,0.023292301156373447,-0.0065144989788246364
93,0,train,5,1,0.3490658503988659,0.3183514619959169,3,s,af3726fcacd0ac1320a56ea850b0a2c0f5430cf4eb20a45c078706980f08407e,d24fbe3839599a6a097188bae8cd47ce8083f27deef1341ae3086bf0d5a45bd1,87f63c0590d05baea263cdc42c6e1df2d063fa2def309ecb0283f3036bf33d46,87f63c0590d05baea263cdc42c6e1df2d063fa2def309ecb0283f3036bf33d46,1787978696.0962079,37279.933,18640018,0,0.9584569931030273,1.2136640548706055,1.556992530822754,-0.00095367431640625,-0.06771183013916016,0.00438690185546875,-0.0073261260986328125,-0.0024423599243164062,-0.0024423599243164062,-0.0073261260986328125,0.3882789611816406,-0.0073261260986328125,-0.08058643341064453,-2.4410247802734375,7.282051086425781,-1.560439109802246,0.07081794738769531,-0.10500621795654297,0.0,-2.9012954742728474,6.5447271292970814,-1.5809586402650702,0.023054540134908104,-0.006504098130978396
93,0,train,5,1,0.3490658503988659,0.32029938400228275,3,s,af3726fcacd0ac1320a56ea850b0a2c0f5430cf4eb20a45c078706980f08407e,d24fbe3839599a6a097188bae8cd47ce8083f27deef1341ae3086bf0d5a45bd1,87f63c0590d05baea263cdc42c6e1df2d063fa2def309ecb0283f3036bf33d46,87f63c0590d05baea263cdc42c6e1df2d063fa2def309ecb0283f3036bf33d46,1787978696.098115,37279.935,18640019,0,0.9584569931030273,1.2136640548706055,1.556992530822754,-0.00133514404296875,-0.06694889068603516,0.00438690185546875,-0.0073261260986328125,-0.0024423599243164062,-0.0024423599243164062,0.021978378295898438,0.40293121337890625,-0.0073261260986328125,-0.08058643341064453,-2.4410247802734375,7.3094024658203125,-1.5555553436279297,0.0610504150390625,-0.10500621795654297,0.0,-2.900986480822755,6.544418135846989,-1.5806496468149758,0.022865817183977333,-0.006494092124925943
93,0,train,5,1,0.3490658503988659,0.32220502400014084,3,s,af3726fcacd0ac1320a56ea850b0a2c0f5430cf4eb20a45c078706980f08407e,d24fbe3839599a6a097188bae8cd47ce8083f27deef1341ae3086bf0d5a45bd1,87f63c0590d05baea263cdc42c6e1df2d063fa2def309ecb0283f3036bf33d46,87f63c0590d05baea263cdc42c6e1df2d063fa2def309ecb0283f3036bf33d46,1787978696.1000166,37279.937,18640020,0,0.9584569931030273,1.2136640548706055,1.556992530822754,-0.00133514404296875,-0.06618595123291016,0.00438690185546875,-0.0073261260986328125,-0.0024423599243164062,-0.0024423599243164062,-0.021978378295898438,0.4322338104248047,-0.0073261260986328125,-0.08058643341064453,-2.4410247802734375,7.323078155517578,-1.5555553436279297,0.05128192901611328,-0.10500621795654297,0.0,-2.9010348491566496,6.544466504180884,-1.5806980151488703,0.022652555171230708,-0.006483887912041335
93,0,train,5,1,0.3490658503988659,0.3241005279996898,3,s,af3726fcacd0ac1320a56ea850b0a2c0f5430cf4eb20a45c078706980f08407e,d24fbe3839599a6a097188bae8cd47ce8083f27deef1341ae3086bf0d5a45bd1,87f63c0590d05baea263cdc42c6e1df2d063fa2def309ecb0283f3036bf33d46,87f63c0590d05baea263cdc42c6e1df2d063fa2def309ecb0283f3036bf33d46,1787978696.1019037,37279.939,18640021,0,0.9584569931030273,1.2136640548706055,1.556992530822754,-0.00133514404296875,-0.06542301177978516,0.00438690185546875,-0.0073261260986328125,-0.0024423599243164062,-0.0024423599243164062,-0.021978378295898438,0.41758155822753906,-0.0073261260986328125,-0.08058643341064453,-2.4410247802734375,7.364101409912109,-1.560439109802246,0.05128192901611328,-0.10500621795654297,0.0,-2.901082764247309,6.544514419271543,-1.5807459302395312,0.022439279972962224,-0.006473683183119295
93,0,train,5,1,0.3490658503988659,0.32599255999957677,3,s,af3726fcacd0ac1320a56ea850b0a2c0f5430cf4eb20a45c078706980f08407e,d24fbe3839599a6a097188bae8cd47ce8083f27deef1341ae3086bf0d5a45bd1,87f63c0590d05baea263cdc42c6e1df2d063fa2def309ecb0283f3036bf33d46,87f63c0590d05baea263cdc42c6e1df2d063fa2def309ecb0283f3036bf33d46,1787978696.1037812,37279.941,18640022,0,0.9584569931030273,1.2136640548706055,1.556992530822754,-0.00095367431640625,-0.06466007232666016,0.00438690185546875,-0.0073261260986328125,-0.0024423599243164062,-0.0024423599243164062,0.0073261260986328125,0.3589744567871094,-0.0073261260986328125,-0.08058643341064453,-2.4410247802734375,7.350425720214844,-1.5555553436279297,0.046398162841796875,-0.10988998413085938,0.0,-2.9014880674229384,6.5449197224471725,-1.5811512334151607,0.02220237250936046,-0.006463323635740525
93,0,train,5,1,0.3490658503988659,0.3278650349966483,3,s,af3726fcacd0ac1320a56ea850b0a2c0f5430cf4eb20a45c078706980f08407e,d24fbe3839599a6a097188bae8cd47ce8083f27deef1341ae3086bf0d5a45bd1,87f63c0590d05baea263cdc42c6e1df2d063fa2def309ecb0283f3036bf33d46,87f63c0590d05baea263cdc42c6e1df2d063fa2def309ecb0283f3036bf33d46,1787978696.1062403,37279.943,18640023,0,0.9584569931030273,1.2136640548706055,1.556992530822754,-0.00133514404296875,-0.06389713287353516,0.00438690185546875,-0.0073261260986328125,-0.0024423599243164062,-0.0024423599243164062,-0.0073261260986328125,0.373626708984375,-0.0073261260986328125,-0.08058643341064453,-2.4410247802734375,7.25469970703125,-1.5555553436279297,0.046398162841796875,-0.10500621795654297,0.0,-2.9011772345876365,6.544608889611871,-1.5808404005798586,0.02201269051643725,-0.006453272200922957
93,0,train,5,1,0.3490658503988659,0.3303301400010241,3,s,af3726fcacd0ac1320a56ea850b0a2c0f5430cf4eb20a45c078706980f08407e,d24fbe3839599a6a097188bae8cd47ce8083f27deef1341ae3086bf0d5a45bd1,87f63c0590d05baea263cdc42c6e1df2d063fa2def309ecb0283f3036bf33d46,87f63c0590d05baea263cdc42c6e1df2d063fa2def309ecb0283f3036bf33d46,1787978696.1081345,37279.945,18640024,0,0.9584569931030273,1.2136640548706055,1.556992530822754,-0.00133514404296875,-0.06313419342041016,0.00438690185546875,-0.0073261260986328125,-0.0024423599243164062,-0.0024423599243164062,-0.021978378295898438,0.3882789611816406,-0.0073261260986328125,-0.08058643341064453,-2.4410247802734375,7.295726776123047,-1.5555553436279297,0.04151439666748047,-0.10500621795654297,0.0,-2.9012237897823137,6.544655444806548,-1.580886955774535,0.02179937650648851,-0.006443065959529412
93,0,train,5,1,0.3490658503988659,0.33223860299767694,3,s,af3726fcacd0ac1320a56ea850b0a2c0f5430cf4eb20a45c078706980f08407e,d24fbe3839599a6a097188bae8cd47ce8083f27deef1341ae3086bf0d5a45bd1,87f63c0590d05baea263cdc42c6e1df2d063fa2def309ecb0283f3036bf33d46,87f63c0590d05baea263cdc42c6e1df2d063fa2def309ecb0283f3036bf33d46,1787978696.1100495,37279.947,18640025,0,0.9584569931030273,1.2136640548706055,1.556992530822754,-0.00133514404296875,-0.062371253967285156,0.00438690185546875,0.0073261260986328125,-0.0024423599243164062,-0.0024423599243164062,-0.03663063049316406,0.3882789611816406,-0.0073261260986328125,-0.08058643341064453,-2.4410247802734375,7.295726776123047,-1.5555553436279297,0.046398162841796875,-0.10500621795654297,0.0,-2.90126989162378,6.544701546648014,-1.580933057616001,0.021586049807633213,-0.006432859225859939
93,0,train,5,1,0.3490658503988659,0.33413553099671844,3,s,af3726fcacd0ac1320a56ea850b0a2c0f5430cf4eb20a45c078706980f08407e,d24fbe3839599a6a097188bae8cd47ce8083f27deef1341ae3086bf0d5a45bd1,87f63c0590d05baea263cdc42c6e1df2d063fa2def309ecb0283f3036bf33d46,87f63c0590d05baea263cdc42c6e1df2d063fa2def309ecb0283f3036bf33d46,1787978696.1119976,37279.949,18640026,0,0.9584569931030273,1.2136640548706055,1.556992530822754,-0.00133514404296875,-0.061608314514160156,0.00438690185546875,-0.0073261260986328125,-0.0024423599243164062,-0.0024423599243164062,-0.0073261260986328125,0.34432220458984375,-0.0073261260986328125,-0.08058643341064453,-2.4410247802734375,7.336753845214844,-1.5506715774536133,0.05616569519042969,-0.10988998413085938,0.0,-2.9013155400852013,6.544747195109435,-1.580978706077422,0.021372710544043855,-0.006422652005855639
93,0,train,5,1,0.3490658503988659,0.33609220499783987,3,s,af3726fcacd0ac1320a56ea850b0a2c0f5430cf4eb20a45c078706980f08407e,d24fbe3839599a6a097188bae8cd47ce8083f27deef1341ae3086bf0d5a45bd1,87f63c0590d05baea263cdc42c6e1df2d063fa2def309ecb0283f3036bf33d46,87f63c0590d05baea263cdc42c6e1df2d063fa2def309ecb0283f3036bf33d46,1787978696.1138828,37279.951,18640027,0,0.9584569931030273,1.2136640548706055,1.556992530822754,-0.00133514404296875,-0.061226844787597656,0.00438690185546875,-0.0073261260986328125,-0.0024423599243164062,-0.0024423599243164062,0.0073261260986328125,0.3150177001953125,-0.0073261260986328125,-0.08058643341064453,-2.4410247802734375,7.364101409912109,-1.5555553436279297,0.0610504150390625,-0.10988998413085938,0.0,-2.9013381942900796,6.544769849314314,-1.5810013602823016,0.021266036239279796,-0.0064175482153345995
93,0,train,5,1,0.3490658503988659,0.33796740799880354,3,s,af3726fcacd0ac1320a56ea850b0a2c0f5430cf4eb20a45c078706980f08407e,d24fbe3839599a6a097188bae8cd47ce8083f27deef1341ae3086bf0d5a45bd1,87f63c0590d05baea263cdc42c6e1df2d063fa2def309ecb0283f3036bf33d46,87f63c0590d05baea263cdc42c6e1df2d063fa2def309ecb0283f3036bf33d46,1787978696.1157768,37279.953,18640028,0,0.9584569931030273,1.2136640548706055,1.556992530822754,-0.00133514404296875,-0.060845375061035156,0.00438690185546875,0.0073261260986328125,-0.0024423599243164062,-0.0024423599243164062,-0.0073261260986328125,0.3003654479980469,-0.0073261260986328125,-0.08058643341064453,-2.4410247802734375,7.377777099609375,-1.5555553436279297,0.0659341812133789,-0.10988998413085938,0.0,-2.901360735140004,6.544792390164238,-1.581023901132226,0.021159358839900215,-0.006412444305457893
93,0,train,5,1,0.3490658503988659,0.3398666470020544,3,s,af3726fcacd0ac1320a56ea850b0a2c0f5430cf4eb20a45c078706980f08407e,d24fbe3839599a6a097188bae8cd47ce8083f27deef1341ae3086bf0d5a45bd1,87f63c0590d05baea263cdc42c6e1df2d063fa2def309ecb0283f3036bf33d46,87f63c0590d05baea263cdc42c6e1df2d063fa2def309ecb0283f3036bf33d46,1787978696.1182585,37279.955,18640029,0,0.9584569931030273,1.2136640548706055,1.556992530822754,-0.00133514404296875,-0.060082435607910156,0.00438690185546875,0.0073261260986328125,-0.0024423599243164062,-0.0024423599243164062,-0.0073261260986328125,0.28571510314941406,-0.0073261260986328125,-0.08058643341064453,-2.4410247802734375,7.336753845214844,-1.5555553436279297,0.07081794738769531,-0.10500621795654297,0.0,-2.901405476761885,6.544837131786119,-1.5810686427541059,0.020945994819389333,-0.006402236130608368
93,0,train,5,1,0.3490658503988659,0.3423458640027093,3,s,af3726fcacd0ac1320a56ea850b0a2c0f5430cf4eb20a45c078706980f08407e,d24fbe3839599a6a097188bae8cd47ce8083f27deef1341ae3086bf0d5a45bd1,87f63c0590d05baea263cdc42c6e1df2d063fa2def309ecb0283f3036bf33d46,87f63c0590d05baea263cdc42c6e1df2d063fa2def309ecb0283f3036bf33d46,1787978696.1201518,37279.956999999995,18640030,0,0.9584569931030273,1.2136640548706055,1.556992530822754,-0.00133514404296875,-0.059319496154785156,0.00438690185546875,-0.0073261260986328125,-0.0024423599243164062,-0.0024423599243164062,-0.0073261260986328125,0.34432220458984375,-0.0073261260986328125,-0.08058643341064453,-2.4273509979248047,7.350425720214844,-1.5555553436279297,0.07570171356201172,-0.10500621795654297,0.0,-2.901449764924798,6.544881419949032,-1.5811129309170198,0.020732618606705396,-0.006392027487249001
93,0,train,5,1,0.3490658503988659,0.34423883099952945,3,s,af3726fcacd0ac1320a56ea850b0a2c0f5430cf4eb20a45c078706980f08407e,d24fbe3839599a6a097188bae8cd47ce8083f27deef1341ae3086bf0d5a45bd1,87f63c0590d05baea263cdc42c6e1df2d063fa2def309ecb0283f3036bf33d46,87f63c0590d05baea263cdc42c6e1df2d063fa2def309ecb0283f3036bf33d46,1787978696.1220388,37279.958999999995,18640031,0,0.9584569931030273,1.2136640548706055,1.556992530822754,-0.00133514404296875,-0.058556556701660156,0.00438690185546875,-0.021978378295898438,-0.0024423599243164062,-0.0024423599243164062,-0.0073261260986328125,0.373626708984375,-0.0073261260986328125,-0.08058643341064453,-2.4273509979248047,7.3094024658203125,-1.5555553436279297,0.08547019958496094,-0.10500621795654297,0.0,-2.9014935996029663,6.5449252546272,-1.5811567655951884,0.020519230326049725,-0.006381818381322005
93,0,train,5,1,0.3490658503988659,0.34612537400244037,3,s,af3726fcacd0ac1320a56ea850b0a2c0f5430cf4eb20a45c078706980f08407e,d24fbe3839599a6a097188bae8cd47ce8083f27deef1341ae3086bf0d5a45bd1,87f63c0590d05baea263cdc42c6e1df2d063fa2def309ecb0283f3036bf33d46,87f63c0590d05baea263cdc42c6e1df2d063fa2def309ecb0283f3036bf33d46,1787978696.1240506,37279.960999999996,18640032,0,0.9584569931030273,1.2136640548706055,1.556992530822754,-0.00133514404296875,-0.058175086975097656,0.00438690185546875,-0.0073261260986328125,-0.0024423599243164062,-0.0024423599243164062,0.0073261260986328125,0.3150177001953125,-0.0073261260986328125,-0.08058643341064453,-2.4273509979248047,7.364101409912109,-1.5555553436279297,0.09523773193359375,-0.10500621795654297,0.0,-2.901515346877287,6.544947001901521,-1.5811785128695088,0.020412531699047297,-0.0063767136567526635
93,0,train,5,1,0.3490658503988659,0.3481488530014758,3,s,af3726fcacd0ac1320a56ea850b0a2c0f5430cf4eb20a45c078706980f08407e,d24fbe3839599a6a097188bae8cd47ce8083f27deef1341ae3086bf0d5a45bd1,87f63c0590d05baea263cdc42c6e1df2d063fa2def309ecb0283f3036bf33d46,87f63c0590d05baea263cdc42c6e1df2d063fa2def309ecb0283f3036bf33d46,1787978696.1260033,37279.962999999996,18640033,0,0.9584569931030273,1.2136640548706055,1.556992530822754,-0.00133514404296875,-0.057793617248535156,0.00438690185546875,-0.0073261260986328125,-0.0024423599243164062,-0.0024423599243164062,-0.0073261260986328125,0.27106285095214844,-0.021978378295898438,-0.08058643341064453,-2.4273509979248047,7.391452789306641,-1.560439109802246,0.10500621795654297,-0.10988998413085938,0.0,-2.901536980770874,6.544968635795108,-1.581200146763096,0.02030583010163061,-0.0063716088187698635
93,0,train,5,1,0.3490658503988659,0.35009719600202516,3,s,af3726fcacd0ac1320a56ea850b0a2c0f5430cf4eb20a45c078706980f08407e,d24fbe3839599a6a097188bae8cd47ce8083f27deef1341ae3086bf0d5a45bd1,87f63c0590d05baea263cdc42c6e1df2d063fa2def309ecb0283f3036bf33d46,87f63c0590d05baea263cdc42c6e1df2d063fa2def309ecb0283f3036bf33d46,1787978696.127946,37279.965,18640034,0,0.9584569931030273,1.2136640548706055,1.556992530822754,-0.00133514404296875,-0.057030677795410156,0.00438690185546875,-0.0073261260986328125,-0.0024423599243164062,-0.0024423599243164062,-0.0073261260986328125,0.28571510314941406,-0.0073261260986328125,-0.08058643341064453,-2.4410247802734375,7.418804168701172,-1.5555553436279297,0.10988998413085938,-0.10988998413085938,0.0,-2.90157990840327,6.545011563427504,-1.5812430743954915,0.020092418057663326,-0.006361398805535322
93,0,train,5,1,0.3490658503988659,0.3520584509969922,3,s,af3726fcacd0ac1320a56ea850b0a2c0f5430cf4eb20a45c078706980f08407e,d24fbe3839599a6a097188bae8cd47ce8083f27deef1341ae3086bf0d5a45bd1,87f63c0590d05baea263cdc42c6e1df2d063fa2def309ecb0283f3036bf33d46,87f63c0590d05baea263cdc42c6e1df2d063fa2def309ecb0283f3036bf33d46,1787978696.1298718,37279.967,18640035,0,0.9584569931030273,1.2136640548706055,1.556992530822754,-0.00133514404296875,-0.055886268615722656,0.00438690185546875,-0.0073261260986328125,-0.0024423599243164062,-0.0024423599243164062,-0.021978378295898438,0.34432220458984375,-0.0073261260986328125,-0.08058643341064453,-2.4410247802734375,7.391452789306641,-1.5555553436279297,0.10988998413085938,-0.10988998413085938,0.0,-2.901643449418191,6.545075104442425,-1.5813066154104127,0.01977227810179745,-0.006346082953654412
93,0,train,5,1,0.3490658503988659,0.35395715400227346,3,s,af3726fcacd0ac1320a56ea850b0a2c0f5430cf4eb20a45c078706980f08407e,d24fbe3839599a6a097188bae8cd47ce8083f27deef1341ae3086bf0d5a45bd1,87f63c0590d05baea263cdc42c6e1df2d063fa2def309ecb0283f3036bf33d46,87f63c0590d05baea263cdc42c6e1df2d063fa2def309ecb0283f3036bf33d46,1787978696.131808,37279.969,18640036,0,0.9584569931030273,1.2136640548706055,1.556992530822754,-0.00133514404296875,-0.055504798889160156,0.00438690185546875,0.0073261260986328125,-0.0024423599243164062,-0.0024423599243164062,-0.0073261260986328125,0.34432220458984375,0.0073261260986328125,-0.08058643341064453,-2.4273509979248047,7.377777099609375,-1.5555553436279297,0.10988998413085938,-0.10500621795654297,0.0,-2.9016644029618415,6.5450960579860755,-1.5813275689540622,0.019665559007979727,-0.0063409774507913325
93,0,train,5,1,0.3490658503988659,0.3559027459996287,3,s,af3726fcacd0ac1320a56ea850b0a2c0f5430cf4eb20a45c078706980f08407e,d24fbe3839599a6a097188bae8cd47ce8083f27deef1341ae3086bf0d5a45bd1,87f63c0590d05baea263cdc42c6e1df2d063fa2def309ecb0283f3036bf33d46,87f63c0590d05baea263cdc42c6e1df2d063fa2def309ecb0283f3036bf33d46,1787978696.134338,37279.971,18640037,0,0.9584569931030273,1.2136640548706055,1.556992530822754,-0.00133514404296875,-0.054741859436035156,0.00438690185546875,-0.0073261260986328125,-0.0024423599243164062,-0.0024423599243164062,-0.021978378295898438,0.34432220458984375,-0.0073261260986328125,-0.08058643341064453,-2.4273509979248047,7.405128479003906,-1.5555553436279297,0.1196584701538086,-0.10500621795654297,0.0,-2.9017059698388343,6.545137624863068,-1.5813691358310558,0.019452112250728064,-0.00633076612116868
93,0,train,5,1,0.3490658503988659,0.35843052299605915,3,s,af3726fcacd0ac1320a56ea850b0a2c0f5430cf4eb20a45c078706980f08407e,d24fbe3839599a6a097188bae8cd47ce8083f27deef1341ae3086bf0d5a45bd1,87f63c0590d05baea263cdc42c6e1df2d063fa2def309ecb0283f3036bf33d46,87f63c0590d05baea263cdc42c6e1df2d063fa2def309ecb0283f3036bf33d46,1787978696.136265,37279.973,18640038,0,0.9584569931030273,1.2136640548706055,1.556992530822754,-0.00133514404296875,-0.053978919982910156,0.00438690185546875,-0.0073261260986328125,-0.0024423599243164062,-0.0024423599243164062,-0.0073261260986328125,0.3296699523925781,-0.0073261260986328125,-0.07570171356201172,-2.4273509979248047,7.405128479003906,-1.5555553436279297,0.124542236328125,-0.10500621795654297,0.0,-2.9017470830819496,6.545178738106184,-1.5814102490741717,0.019238654170857402,-0.006320554364637204
93,0,train,5,1,0.3490658503988659,0.36035648299730383,3,s,af3726fcacd0ac1320a56ea850b0a2c0f5430cf4eb20a45c078706980f08407e,d24fbe3839599a6a097188bae8cd47ce8083f27deef1341ae3086bf0d5a45bd1,87f63c0590d05baea263cdc42c6e1df2d063fa2def309ecb0283f3036bf33d46,87f63c0590d05baea263cdc42c6e1df2d063fa2def309ecb0283f3036bf33d46,1787978696.1381838,37279.975,18640039,0,0.9584569931030273,1.2136640548706055,1.556992530822754,-0.00133514404296875,-0.053597450256347656,0.00438690185546875,-0.0073261260986328125,-0.0024423599243164062,-0.0024423599243164062,0.0073261260986328125,0.3003654479980469,-0.021978378295898438,-0.07570171356201172,-2.4273509979248047,7.4324798583984375,-1.5506715774536133,0.124542236328125,-0.10988998413085938,0.0,-2.9017674695833153,6.545199124607549,-1.5814306355755374,0.01913192092376749,-0.006315448328138156
93,0,train,5,1,0.3490658503988659,0.3622799950026092,3,s,af3726fcacd0ac1320a56ea850b0a2c0f5430cf4eb20a45c078706980f08407e,d24fbe3839599a6a097188bae8cd47ce8083f27deef1341ae3086bf0d5a45bd1,87f63c0590d05baea263cdc42c6e1df2d063fa2def309ecb0283f3036bf33d46,87f63c0590d05baea263cdc42c6e1df2d063fa2def309ecb0283f3036bf33d46,1787978696.140087,37279.977,18640040,0,0.9584569931030273,1.2136640548706055,1.556992530822754,-0.00133514404296875,-0.052834510803222656,0.00438690185546875,-0.0073261260986328125,-0.0024423599243164062,-0.0024423599243164062,0.021978378295898438,0.28571510314941406,-0.0073261260986328125,-0.07570171356201172,-2.4273509979248047,7.391452789306641,-1.5506715774536133,0.124542236328125,-0.10988998413085938,0.0,-2.90180790233083,6.545239557355064,-1.5814710683230515,0.018918446092937156,-0.00630523594238857
93,0,train,5,1,0.3490658503988659,0.36417851300211623,3,s,af3726fcacd0ac1320a56ea850b0a2c0f5430cf4eb20a45c078706980f08407e,d24fbe3839599a6a097188bae8cd47ce8083f27deef1341ae3086bf0d5a45bd1,87f63c0590d05baea263cdc42c6e1df2d063fa2def309ecb0283f3036bf33d46,87f63c0590d05baea263cdc42c6e1df2d063fa2def309ecb0283f3036bf33d46,1787978696.1420035,37279.979,18640041,0,0.9584569931030273,1.2136640548706055,1.556992530822754,-0.00133514404296875,-0.052071571350097656,0.00438690185546875,-0.0073261260986328125,-0.0024423599243164062,-0.0024423599243164062,-0.0073261260986328125,0.3150177001953125,0.0073261260986328125,-0.07570171356201172,-2.4273509979248047,7.405128479003906,-1.5555553436279297,0.1196584701538086,-0.10500621795654297,0.0,-2.9018478813851334,6.545279536409367,-1.5815110473773553,0.01870496025012242,-0.006295023144590679
93,0,train,5,1,0.3490658503988659,0.366093363998516,3,s,af3726fcacd0ac1320a56ea850b0a2c0f5430cf4eb20a45c078706980f08407e,d24fbe3839599a6a097188bae8cd47ce8083f27deef1341ae3086bf0d5a45bd1,87f63c0590d05baea263cdc42c6e1df2d063fa2def309ecb0283f3036bf33d46,87f63c0590d05baea263cdc42c6e1df2d063fa2def309ecb0283f3036bf33d46,1787978696.143926,37279.981,18640042,0,0.9584569931030273,1.2136640548706055,1.556992530822754,-0.00133514404296875,-0.051308631896972656,0.00438690185546875,-0.0073261260986328125,-0.0024423599243164062,-0.0024423599243164062,-0.021978378295898438,0.373626708984375,-0.0073261260986328125,-0.07570171356201172,-2.4273509979248047,7.350425720214844,-1.5555553436279297,0.1196584701538086,-0.10500621795654297,0.0,-2.901887406722959,6.545319061747193,-1.5815505727151802,0.018491463519588358,-0.006284809940689117
93,0,train,5,1,0.3490658503988659,0.368019704001199,3,s,af3726fcacd0ac1320a56ea850b0a2c0f5430cf4eb20a45c078706980f08407e,d24fbe3839599a6a097188bae8cd47ce8083f27deef1341ae3086bf0d5a45bd1,87f63c0590d05baea263cdc42c6e1df2d063fa2def309ecb0283f3036bf33d46,87f63c0590d05baea263cdc42c6e1df2d063fa2def309ecb0283f3036bf33d46,1787978696.145863,37279.983,18640043,0,0.9584569931030273,1.2136640548706055,1.556992530822754,-0.00133514404296875,-0.050545692443847656,0.00438690185546875,-0.021978378295898438,-0.0024423599243164062,-0.0024423599243164062,0.0073261260986328125,0.34432220458984375,-0.0073261260986328125,-0.07570171356201172,-2.4410247802734375,7.323078155517578,-1.5555553436279297,0.1196584701538086,-0.10500621795654297,0.0,-2.9019264783212964,6.54535813334553,-1.581589644313518,0.018277956025606452,-0.006274596336628748
93,0,train,5,1,0.3490658503988659,0.3699560669992934,3,s,af3726fcacd0ac1320a56ea850b0a2c0f5430cf4eb20a45c078706980f08407e,d24fbe3839599a6a097188bae8cd47ce8083f27deef1341ae3086bf0d5a45bd1,87f63c0590d05baea263cdc42c6e1df2d063fa2def309ecb0283f3036bf33d46,87f63c0590d05baea263cdc42c6e1df2d063fa2def309ecb0283f3036bf33d46,1787978696.148375,37279.985,18640044,0,0.9584569931030273,1.2136640548706055,1.556992530822754,-0.00095367431640625,-0.050164222717285156,0.00438690185546875,-0.0073261260986328125,-0.0024423599243164062,-0.0024423599243164062,0.0073261260986328125,0.3003654479980469,-0.0073261260986328125,-0.07570171356201172,-2.4410247802734375,7.336753845214844,-1.5555553436279297,0.1294260025024414,-0.10500621795654297,0.0,-2.9023037969524714,6.5457354519767055,-1.5819669629446935,0.01815188804097609,-0.0062695412265581455
93,0,train,5,1,0.3490658503988659,0.37248295600147685,3,s,af3726fcacd0ac1320a56ea850b0a2c0f5430cf4eb20a45c078706980f08407e,d24fbe3839599a6a097188bae8cd47ce8083f27deef1341ae3086bf0d5a45bd1,87f63c0590d05baea263cdc42c6e1df2d063fa2def309ecb0283f3036bf33d46,87f63c0590d05baea263cdc42c6e1df2d063fa2def309ecb0283f3036bf33d46,1787978696.1503508,37279.987,18640045,0,0.9584569931030273,1.2136640548706055,1.556992530822754,-0.00133514404296875,-0.049782752990722656,0.00438690185546875,-0.0073261260986328125,-0.0024423599243164062,-0.0024423599243164062,0.0073261260986328125,0.28571510314941406,-0.0073261260986328125,-0.07570171356201172,-2.4410247802734375,7.3094024658203125,-1.560439109802246,0.1343097686767578,-0.10988998413085938,0.0,-2.9019650961574057,6.54539675118164,-1.581628262149627,0.018064437892454387,-0.006264382338354673
93,0,train,5,1,0.3490658503988659,0.3744631279987516,3,s,af3726fcacd0ac1320a56ea850b0a2c0f5430cf4eb20a45c078706980f08407e,d24fbe3839599a6a097188bae8cd47ce8083f27deef1341ae3086bf0d5a45bd1,87f63c0590d05baea263cdc42c6e1df2d063fa2def309ecb0283f3036bf33d46,87f63c0590d05baea263cdc42c6e1df2d063fa2def309ecb0283f3036bf33d46,1787978696.1523387,37279.989,18640046,0,0.9584569931030273,1.2136640548706055,1.556992530822754,-0.00133514404296875,-0.048638343811035156,0.00438690185546875,0.0073261260986328125,-0.0024423599243164062,-0.0024423599243164062,-0.021978378295898438,0.3296699523925781,-0.0073261260986328125,-0.07570171356201172,-2.4410247802734375,7.336753845214844,-1.560439109802246,0.1343097686767578,-0.10500621795654297,0.0,-2.9020221720582895,6.5454538270825235,-1.5816853380505107,0.017744141016154978,-0.006249060614798331
93,0,train,5,1,0.3490658503988659,0.37643548200139776,3,s,af3726fcacd0ac1320a56ea850b0a2c0f5430cf4eb20a45c078706980f08407e,d24fbe3839599a6a097188bae8cd47ce8083f27deef1341ae3086bf0d5a45bd1,87f63c0590d05baea263cdc42c6e1df2d063fa2def309ecb0283f3036bf33d46,87f63c0590d05baea263cdc42c6e1df2d063fa2def309ecb0283f3036bf33d46,1787978696.1542966,37279.991,18640047,0,0.9584569931030273,1.2136640548706055,1.556992530822754,-0.00133514404296875,-0.048256874084472656,0.00438690185546875,-0.0073261260986328125,-0.0024423599243164062,-0.0024423599243164062,-0.021978378295898438,0.34432220458984375,0.0073261260986328125,-0.07570171356201172,-2.4410247802734375,7.336753845214844,-1.560439109802246,0.1343097686767578,-0.10500621795654297,0.0,-2.902040970453285,6.545472625477519,-1.5817041364455062,0.017637370205781558,-0.0062439531829469475
93,0,train,5,1,0.3490658503988659,0.37838875399756944,3,s,af3726fcacd0ac1320a56ea850b0a2c0f5430cf4eb20a45c078706980f08407e,d24fbe3839599a6a097188bae8cd47ce8083f27deef1341ae3086bf0d5a45bd1,87f63c0590d05baea263cdc42c6e1df2d063fa2def309ecb0283f3036bf33d46,87f63c0590d05baea263cdc42c6e1df2d063fa2def309ecb0283f3036bf33d46,1787978696.156235,37279.992999999995,18640048,0,0.9584569931030273,1.2136640548706055,1.556992530822754,-0.00133514404296875,-0.047493934631347656,0.00438690185546875,-0.0073261260986328125,-0.0024423599243164062,-0.0024423599243164062,-0.0073261260986328125,0.3296699523925781,-0.0073261260986328125,-0.07570171356201172,-2.454700469970703,7.336753845214844,-1.5555553436279297,0.1343097686767578,-0.10500621795654297,0.0,-2.9020782268688907,6.545509881893125,-1.581741392861112,0.01742382090084689,-0.006233738037704629
93,0,train,5,1,0.3490658503988659,0.3803289919960662,3,s,af3726fcacd0ac1320a56ea850b0a2c0f5430cf4eb20a45c078706980f08407e,d24fbe3839599a6a097188bae8cd47ce8083f27deef1341ae3086bf0d5a45bd1,87f63c0590d05baea263cdc42c6e1df2d063fa2def309ecb0283f3036bf33d46,87f63c0590d05baea263cdc42c6e1df2d063fa2def309ecb0283f3036bf33d46,1787978696.1582096,37279.994999999995,18640049,0,0.9584569931030273,1.2136640548706055,1.556992530822754,-0.00133514404296875,-0.046730995178222656,0.00438690185546875,-0.0073261260986328125,-0.0024423599243164062,-0.0024423599243164062,0.0073261260986328125,0.34432220458984375,-0.0073261260986328125,-0.07570171356201172,-2.4410247802734375,7.364101409912109,-1.5555553436279297,0.13919448852539062,-0.10988998413085938,0.0,-2.9021150294339377,6.545546684458172,-1.5817781954261594,0.01721026145391412,-0.006223522522031264
93,0,train,5,1,0.3490658503988659,0.3823079889989458,3,s,af3726fcacd0ac1320a56ea850b0a2c0f5430cf4eb20a45c078706980f08407e,d24fbe3839599a6a097188bae8cd47ce8083f27deef1341ae3086bf0d5a45bd1,87f63c0590d05baea263cdc42c6e1df2d063fa2def309ecb0283f3036bf33d46,87f63c0590d05baea263cdc42c6e1df2d063fa2def309ecb0283f3036bf33d46,1787978696.16015,37279.996999999996,18640050,0,0.9584569931030273,1.2136640548706055,1.556992530822754,-0.00133514404296875,-0.045968055725097656,0.00438690185546875,-0.0073261260986328125,-0.0024423599243164062,-0.0024423599243164062,0.0073261260986328125,0.34432220458984375,-0.021978378295898438,-0.07570171356201172,-2.4410247802734375,7.364101409912109,-1.5555553436279297,0.13919448852539062,-0.10988998413085938,0.0,-2.9021513781270065,6.545583033151241,-1.5818145441192273,0.016996691989291206,-0.006213306641873066
93,0,train,5,1,0.3490658503988659,0.3842410299985204,3,s,af3726fcacd0ac1320a56ea850b0a2c0f5430cf4eb20a45c078706980f08407e,d24fbe3839599a6a097188bae8cd47ce8083f27deef1341ae3086bf0d5a45bd1,87f63c0590d05baea263cdc42c6e1df2d063fa2def309ecb0283f3036bf33d46,87f63c0590d05baea263cdc42c6e1df2d063fa2def309ecb0283f3036bf33d46,1787978696.1620514,37279.998999999996,18640051,0,0.9584569931030273,1.2136640548706055,1.556992530822754,-0.00133514404296875,-0.045586585998535156,0.00438690185546875,-0.021978378295898438,-0.0024423599243164062,-0.0024423599243164062,-0.021978378295898438,0.3296699523925781,-0.0073261260986328125,-0.07570171356201172,-2.4410247802734375,7.391452789306641,-1.5555553436279297,0.1343097686767578,-0.10500621795654297,0.0,-2.902169382264924,6.545601037289158,-1.5818325482571454,0.016889903539193785,-0.006208198566970401
93,0,train,5,1,0.3490658503988659,0.38613778299622936,3,s,af3726fcacd0ac1320a56ea850b0a2c0f5430cf4eb20a45c078706980f08407e,d24fbe3839599a6a097188bae8cd47ce8083f27deef1341ae3086bf0d5a45bd1,87f63c0590d05baea263cdc42c6e1df2d063fa2def309ecb0283f3036bf33d46,87f63c0590d05baea263cdc42c6e1df2d063fa2def309ecb0283f3036bf33d46,1787978696.1639688,37280.001,18640052,0,0.9584569931030273,1.2136640548706055,1.556992530822754,-0.00133514404296875,-0.044442176818847656,0.00438690185546875,-0.021978378295898438,-0.0024423599243164062,-0.0024423599243164062,-0.0073261260986328125,0.373626708984375,-0.0073261260986328125,-0.07570171356201172,-2.4273509979248047,7.405128479003906,-1.5506715774536133,0.1196584701538086,-0.10500621795654297,0.0,-2.9022227138128307,6.545654368837065,-1.5818858798050526,0.016569523504235843,-0.006192873811888068
93,0,train,5,1,0.3490658503988659,0.3880585989973042,3,s,af3726fcacd0ac1320a56ea850b0a2c0f5430cf4eb20a45c078706980f08407e,d24fbe3839599a6a097188bae8cd47ce8083f27deef1341ae3086bf0d5a45bd1,87f63c0590d05baea263cdc42c6e1df2d063fa2def309ecb0283f3036bf33d46,87f63c0590d05baea263cdc42c6e1df2d063fa2def309ecb0283f3036bf33d46,1787978696.165892,37280.003,18640053,0,0.9584569931030273,1.2136640548706055,1.556992530822754,-0.00133514404296875,-0.043679237365722656,0.00438690185546875,-0.0073261260986328125,-0.0024423599243164062,-0.0024423599243164062,-0.021978378295898438,0.40293121337890625,-0.0073261260986328125,-0.07570171356201172,-2.4410247802734375,7.418804168701172,-1.5506715774536133,0.10988998413085938,-0.10500621795654297,0.0,-2.9022577007640673,6.545689355788301,-1.5819208667562885,0.016355924732448172,-0.0061826568739547436
93,0,train,5,1,0.3490658503988659,0.38997785600076895,3,s,af3726fcacd0ac1320a56ea850b0a2c0f5430cf4eb20a45c078706980f08407e,d24fbe3839599a6a097188bae8cd47ce8083f27deef1341ae3086bf0d5a45bd1,87f63c0590d05baea263cdc42c6e1df2d063fa2def309ecb0283f3036bf33d46,87f63c0590d05baea263cdc42c6e1df2d063fa2def309ecb0283f3036bf33d46,1787978696.167849,37280.005,18640054,0,0.9584569931030273,1.2136640548706055,1.556992530822754,-0.00133514404296875,-0.042916297912597656,0.00438690185546875,-0.0073261260986328125,-0.0024423599243164062,-0.0024423599243164062,0.0073261260986328125,0.3589744567871094,-0.0073261260986328125,-0.07570171356201172,-2.4410247802734375,7.377777099609375,-1.5555553436279297,0.10500621795654297,-0.10500621795654297,0.0,-2.9022922337602775,6.5457238887845115,-1.5819553997524982,0.016142316440259746,-0.00617243959532352
93,0,train,5,1,0.3490658503988659,0.39195533099700697,3,s,af3726fcacd0ac1320a56ea850b0a2c0f5430cf4eb20a45c078706980f08407e,d24fbe3839599a6a097188bae8cd47ce8083f27deef1341ae3086bf0d5a45bd1,87f63c0590d05baea263cdc42c6e1df2d063fa2def309ecb0283f3036bf33d46,87f63c0590d05baea263cdc42c6e1df2d063fa2def309ecb0283f3036bf33d46,1787978696.1698399,37280.007,18640055,0,0.9584569931030273,1.2136640548706055,1.556992530822754,-0.00133514404296875,-0.042153358459472656,0.00438690185546875,0.0073261260986328125,-0.0024423599243164062,-0.0024423599243164062,0.0073261260986328125,0.34432220458984375,-0.021978378295898438,-0.07570171356201172,-2.4410247802734375,7.405128479003906,-1.5555553436279297,0.10500621795654297,-0.10988998413085938,0.0,-2.90232631278136,6.545757967805594,-1.5819894787735815,0.015928698752006965,-0.006162221981941636
93,0,train,5,1,0.3490658503988659,0.39394008700037375,3,s,af3726fcacd0ac1320a56ea850b0a2c0f5430cf4eb20a45c078706980f08407e,d24fbe3839599a6a097188bae8cd47ce8083f27deef1341ae3086bf0d5a45bd1,87f63c0590d05baea263cdc42c6e1df2d063fa2def309ecb0283f3036bf33d46,87f63c0590d05baea263cdc42c6e1df2d063fa2def309ecb0283f3036bf33d46,1787978696.1724393,37280.009,18640056,0,0.9584569931030273,1.2136640548706055,1.556992530822754,-0.00133514404296875,-0.041771888732910156,0.00438690185546875,-0.0073261260986328125,-0.0024423599243164062,-0.0024423599243164062,0.0073261260986328125,0.3296699523925781,-0.0073261260986328125,-0.07570171356201172,-2.454700469970703,7.350425720214844,-1.5555553436279297,0.10012245178222656,-0.10988998413085938,0.0,-2.9023431820450187,6.545774837069253,-1.5820063480372408,0.015821886423213055,-0.0061571130515777625
93,0,train,5,1,0.3490658503988659,0.3965330779974465,3,s,af3726fcacd0ac1320a56ea850b0a2c0f5430cf4eb20a45c078706980f08407e,d24fbe3839599a6a097188bae8cd47ce8083f27deef1341ae3086bf0d5a45bd1,87f63c0590d05baea263cdc42c6e1df2d063fa2def309ecb0283f3036bf33d46,87f63c0590d05baea263cdc42c6e1df2d063fa2def309ecb0283f3036bf33d46,1787978696.1743968,37280.011,18640057,0,0.9584569931030273,1.2136640548706055,1.556992530822754,-0.00133514404296875,-0.040627479553222656,0.00438690185546875,-0.021978378295898438,-0.0024423599243164062,-0.0024423599243164062,-0.0073261260986328125,0.373626708984375,-0.0073261260986328125,-0.08058643341064453,-2.4410247802734375,7.364101409912109,-1.560439109802246,0.09035396575927734,-0.10988998413085938,0.0,-2.9023931088190618,6.545824763843296,-1.5820562748112834,0.015501435684681122,-0.006141785774715818
93,0,train,5,1,0.3490658503988659,0.3984879950003233,3,s,af3726fcacd0ac1320a56ea850b0a2c0f5430cf4eb20a45c078706980f08407e,d24fbe3839599a6a097188bae8cd47ce8083f27deef1341ae3086bf0d5a45bd1,87f63c0590d05baea263cdc42c6e1df2d063fa2def309ecb0283f3036bf33d46,87f63c0590d05baea263cdc42c6e1df2d063fa2def309ecb0283f3036bf33d46,1787978696.1757739,37280.013,18640058,0,0.9584569931030273,1.2136640548706055,1.556992530822754,-0.00133514404296875,-0.039864540100097656,0.00438690185546875,-0.0073261260986328125,-0.0024423599243164062,-0.0024423599243164062,-0.0073261260986328125,0.3882789611816406,-0.0073261260986328125,-0.07570171356201172,-2.4410247802734375,7.405128479003906,-1.5555553436279297,0.08547019958496094,-0.10500621795654297,0.0,-2.9024258257968003,6.545857480821034,-1.5820889917890226,0.015287790554307897,-0.006131567192767318
93,0,train,5,1,0.3490658503988659,0.3998642509977799,3,s,af3726fcacd0ac1320a56ea850b0a2c0f5430cf4eb20a45c078706980f08407e,d24fbe3839599a6a097188bae8cd47ce8083f27deef1341ae3086bf0d5a45bd1,87f63c0590d05baea263cdc42c6e1df2d063fa2def309ecb0283f3036bf33d46,87f63c0590d05baea263cdc42c6e1df2d063fa2def309ecb0283f3036bf33d46,1787978696.1782925,37280.015,18640059,0,0.9584569931030273,1.2136640548706055,1.556992530822754,-0.00133514404296875,-0.039101600646972656,0.00438690185546875,-0.0073261260986328125,-0.0024423599243164062,-0.0024423599243164062,-0.021978378295898438,0.41758155822753906,-0.0073261260986328125,-0.08058643341064453,-2.454700469970703,7.405128479003906,-1.5555553436279297,0.08058643341064453,-0.10988998413085938,0.0,-2.9024580887216507,6.545889743745885,-1.582121254713874,0.015074136525269802,-0.006121348299859029
93,0,train,5,1,0.3490658503988659,0.4023910460018669,3,s,af3726fcacd0ac1320a56ea850b0a2c0f5430cf4eb20a45c078706980f08407e,d24fbe3839599a6a097188bae8cd47ce8083f27deef1341ae3086bf0d5a45bd1,87f63c0590d05baea263cdc42c6e1df2d063fa2def309ecb0283f3036bf33d46,87f63c0590d05baea263cdc42c6e1df2d063fa2def309ecb0283f3036bf33d46,1787978696.1802447,37280.017,18640060,0,0.9584569931030273,1.2136640548706055,1.556992530822754,-0.00133514404296875,-0.038338661193847656,0.00438690185546875,-0.0073261260986328125,-0.0024423599243164062,-0.0024423599243164062,-0.0073261260986328125,0.373626708984375,-0.0073261260986328125,-0.08058643341064453,-2.454700469970703,7.418804168701172,-1.5506715774536133,0.07570171356201172,-0.10988998413085938,0.0,-2.902489897574838,6.545921552599072,-1.5821530635670589,0.01486047372192987,-0.006111129101939125
93,0,train,5,1,0.3490658503988659,0.40434117800032254,3,s,af3726fcacd0ac1320a56ea850b0a2c0f5430cf4eb20a45c078706980f08407e,d24fbe3839599a6a097188bae8cd47ce8083f27deef1341ae3086bf0d5a45bd1,87f63c0590d05baea263cdc42c6e1df2d063fa2def309ecb0283f3036bf33d46,87f63c0590d05baea263cdc42c6e1df2d063fa2def309ecb0283f3036bf33d46,1787978696.1821835,37280.019,18640061,0,0.9584569931030273,1.2136640548706055,1.556992530822754,-0.00133514404296875,-0.037957191467285156,0.00438690185546875,-0.0073261260986328125,-0.0024423599243164062,-0.0024423599243164062,-0.0073261260986328125,0.34432220458984375,-0.0073261260986328125,-0.08058643341064453,-2.454700469970703,7.350425720214844,-1.5506715774536133,0.07081794738769531,-0.10988998413085938,0.0,-2.9025056317187583,6.545937286742992,-1.5821687977109795,0.014753639068761547,-0.006106019390458675
93,0,train,5,1,0.3490658503988659,0.4062778739971691,3,s,af3726fcacd0ac1320a56ea850b0a2c0f5430cf4eb20a45c078706980f08407e,d24fbe3839599a6a097188bae8cd47ce8083f27deef1341ae3086bf0d5a45bd1,87f63c0590d05baea263cdc42c6e1df2d063fa2def309ecb0283f3036bf33d46,87f63c0590d05baea263cdc42c6e1df2d063fa2def309ecb0283f3036bf33d46,1787978696.184079,37280.021,18640062,0,0.9584569931030273,1.2136640548706055,1.556992530822754,-0.00133514404296875,-0.036812782287597656,0.00438690185546875,-0.021978378295898438,-0.0024423599243164062,-0.0024423599243164062,-0.0073261260986328125,0.373626708984375,-0.0073261260986328125,-0.08058643341064453,-2.454700469970703,7.336753845214844,-1.5506715774536133,0.0610504150390625,-0.10500621795654297,0.0,-2.9025521529924077,6.545983808016642,-1.5822153189846286,0.014433122289821944,-0.00609068981485808
93,0,train,5,1,0.3490658503988659,0.4081766730014351,3,s,af3726fcacd0ac1320a56ea850b0a2c0f5430cf4eb20a45c078706980f08407e,d24fbe3839599a6a097188bae8cd47ce8083f27deef1341ae3086bf0d5a45bd1,87f63c0590d05baea263cdc42c6e1df2d063fa2def309ecb0283f3036bf33d46,87f63c0590d05baea263cdc42c6e1df2d063fa2def309ecb0283f3036bf33d46,1787978696.1860383,37280.023,18640063,0,0.9584569931030273,1.2136640548706055,1.556992530822754,-0.00133514404296875,-0.036049842834472656,0.00438690185546875,0.0073261260986328125,-0.0024423599243164062,-0.0024423599243164062,-0.0073261260986328125,0.40293121337890625,-0.0073261260986328125,-0.08058643341064453,-2.454700469970703,7.391452789306641,-1.5555553436279297,0.05616569519042969,-0.10500621795654297,0.0,-2.902582599520556,6.54601425454479,-1.5822457655127773,0.014219433909805219,-0.006080469737594166
93,0,train,5,1,0.3490658503988659,0.41013241699693026,3,s,af3726fcacd0ac1320a56ea850b0a2c0f5430cf4eb20a45c078706980f08407e,d24fbe3839599a6a097188bae8cd47ce8083f27deef1341ae3086bf0d5a45bd1,87f63c0590d05baea263cdc42c6e1df2d063fa2def309ecb0283f3036bf33d46,87f63c0590d05baea263cdc42c6e1df2d063fa2def309ecb0283f3036bf33d46,1787978696.1880932,37280.025,18640064,0,0.9584569931030273,1.2136640548706055,1.556992530822754,-0.00133514404296875,-0.035668373107910156,0.00438690185546875,-0.0073261260986328125,-0.0024423599243164062,-0.0024423599243164062,-0.0073261260986328125,0.34432220458984375,-0.0073261260986328125,-0.07570171356201172,-2.4410247802734375,7.336753845214844,-1.5555553436279297,0.0610504150390625,-0.10988998413085938,0.0,-2.9025976524816737,6.546029307505908,-1.5822608184738955,0.014112586608222922,-0.006075359593133964
93,0,train,5,1,0.3490658503988659,0.412214126001345,3,s,af3726fcacd0ac1320a56ea850b0a2c0f5430cf4eb20a45c078706980f08407e,d24fbe3839599a6a097188bae8cd47ce8083f27deef1341ae3086bf0d5a45bd1,87f63c0590d05baea263cdc42c6e1df2d063fa2def309ecb0283f3036bf33d46,87f63c0590d05baea263cdc42c6e1df2d063fa2def309ecb0283f3036bf33d46,1787978696.1900818,37280.027,18640065,0,0.9584569931030273,1.2136640548706055,1.556992530822754,-0.00133514404296875,-0.034905433654785156,0.00438690185546875,0.0073261260986328125,-0.0024423599243164062,-0.0024423599243164062,-0.0073261260986328125,0.34432220458984375,-0.0073261260986328125,-0.07570171356201172,-2.4410247802734375,7.323078155517578,-1.5555553436279297,0.0659341812133789,-0.10988998413085938,0.0,-2.902627417787046,6.54605907281128,-1.5822905837792682,0.013898885859652115,-0.006065139096275188
93,0,train,5,1,0.3490658503988659,0.4141758179976023,3,s,af3726fcacd0ac1320a56ea850b0a2c0f5430cf4eb20a45c078706980f08407e,d24fbe3839599a6a097188bae8cd47ce8083f27deef1341ae3086bf0d5a45bd1,87f63c0590d05baea263cdc42c6e1df2d063fa2def309ecb0283f3036bf33d46,87f63c0590d05baea263cdc42c6e1df2d063fa2def309ecb0283f3036bf33d46,1787978696.1920033,37280.028999999995,18640066,0,0.9584569931030273,1.2136640548706055,1.556992530822754,-0.00133514404296875,-0.034142494201660156,0.00438690185546875,-0.021978378295898438,-0.0024423599243164062,-0.0024423599243164062,-0.0073261260986328125,0.3296699523925781,-0.0073261260986328125,-0.07570171356201172,-2.4410247802734375,7.364101409912109,-1.5555553436279297,0.07081794738769531,-0.10988998413085938,0.0,-2.9026567289221883,6.546088383946422,-1.5823198949144104,0.013685177020865353,-0.0060549183271228595
93,0,train,5,1,0.3490658503988659,0.41609514499577926,3,s,af3726fcacd0ac1320a56ea850b0a2c0f5430cf4eb20a45c078706980f08407e,d24fbe3839599a6a097188bae8cd47ce8083f27deef1341ae3086bf0d5a45bd1,87f63c0590d05baea263cdc42c6e1df2d063fa2def309ecb0283f3036bf33d46,87f63c0590d05baea263cdc42c6e1df2d063fa2def309ecb0283f3036bf33d46,1787978696.193901,37280.030999999995,18640067,0,0.9584569931030273,1.2136640548706055,1.556992530822754,-0.00133514404296875,-0.033379554748535156,0.00438690185546875,-0.0073261260986328125,-0.0024423599243164062,-0.0024423599243164062,-0.021978378295898438,0.34432220458984375,-0.0073261260986328125,-0.08058643341064453,-2.4410247802734375,7.323078155517578,-1.5506715774536133,0.0659341812133789,-0.10988998413085938,0.0,-2.90268558587004,6.546117240894274,-1.5823487518622619,0.01347146021625754,-0.006044697291626252
93,0,train,5,1,0.3490658503988659,0.4179902280011447,3,s,af3726fcacd0ac1320a56ea850b0a2c0f5430cf4eb20a45c078706980f08407e,d24fbe3839599a6a097188bae8cd47ce8083f27deef1341ae3086bf0d5a45bd1,87f63c0590d05baea263cdc42c6e1df2d063fa2def309ecb0283f3036bf33d46,87f63c0590d05baea263cdc42c6e1df2d063fa2def309ecb0283f3036bf33d46,1787978696.1957936,37280.032999999996,18640068,0,0.9584569931030273,1.2136640548706055,1.556992530822754,-0.00133514404296875,-0.032616615295410156,0.00438690185546875,-0.0073261260986328125,-0.0024423599243164062,-0.0024423599243164062,-0.021978378295898438,0.3296699523925781,-0.0073261260986328125,-0.08058643341064453,-2.4410247802734375,7.350425720214844,-1.5506715774536133,0.0659341812133789,-0.10988998413085938,0.0,-2.902713988613804,6.546145643638038,-1.5823771546060252,0.013257735570228222,-0.006034475995734785
93,0,train,5,1,0.3490658503988659,0.4198828950029565,3,s,af3726fcacd0ac1320a56ea850b0a2c0f5430cf4eb20a45c078706980f08407e,d24fbe3839599a6a097188bae8cd47ce8083f27deef1341ae3086bf0d5a45bd1,87f63c0590d05baea263cdc42c6e1df2d063fa2def309ecb0283f3036bf33d46,87f63c0590d05baea263cdc42c6e1df2d063fa2def309ecb0283f3036bf33d46,1787978696.1982791,37280.034999999996,18640069,0,0.9584569931030273,1.2136640548706055,1.556992530822754,-0.00133514404296875,-0.031853675842285156,0.00438690185546875,-0.0073261260986328125,-0.0024423599243164062,-0.0024423599243164062,0.0073261260986328125,0.373626708984375,-0.0073261260986328125,-0.07570171356201172,-2.4410247802734375,7.3094024658203125,-1.5555553436279297,0.07570171356201172,-0.10988998413085938,0.0,-2.902741937136946,6.54617359216118,-1.5824051031291682,0.013044003207181517,-0.006024254445398041
93,0,train,5,1,0.3490658503988659,0.4223731689999113,3,s,af3726fcacd0ac1320a56ea850b0a2c0f5430cf4eb20a45c078706980f08407e,d24fbe3839599a6a097188bae8cd47ce8083f27deef1341ae3086bf0d5a45bd1,87f63c0590d05baea263cdc42c6e1df2d063fa2def309ecb0283f3036bf33d46,87f63c0590d05baea263cdc42c6e1df2d063fa2def309ecb0283f3036bf33d46,1787978696.20021,37280.037,18640070,0,0.9584569931030273,1.2136640548706055,1.556992530822754,-0.00133514404296875,-0.03108978271484375,0.00438690185546875,-0.0073261260986328125,-0.0024423599243164062,-0.0024423599243164062,-0.0073261260986328125,0.3589744567871094,-0.0073261260986328125,-0.07570171356201172,-2.4410247802734375,7.336753845214844,-1.5555553436279297,0.08058643341064453,-0.10988998413085938,0.0,-2.902769465506798,6.546201120531032,-1.58243263149902,0.012829996071882076,-0.0060140198691641805
93,0,train,5,1,0.3490658503988659,0.4243076069978997,3,s,af3726fcacd0ac1320a56ea850b0a2c0f5430cf4eb20a45c078706980f08407e,d24fbe3839599a6a097188bae8cd47ce8083f27deef1341ae3086bf0d5a45bd1,87f63c0590d05baea263cdc42c6e1df2d063fa2def309ecb0283f3036bf33d46,87f63c0590d05baea263cdc42c6e1df2d063fa2def309ecb0283f3036bf33d46,1787978696.2021465,37280.039,18640071,0,0.9584569931030273,1.2136640548706055,1.556992530822754,-0.00133514404296875,-0.03070831298828125,0.00438690185546875,-0.0073261260986328125,-0.0024423599243164062,-0.0024423599243164062,-0.0073261260986328125,0.3003654479980469,-0.0073261260986328125,-0.08058643341064453,-2.4410247802734375,7.336753845214844,-1.5555553436279297,0.08058643341064453,-0.10988998413085938,0.0,-2.9027830420221696,6.546214697046404,-1.5824462080143913,0.012723123281056799,-0.006008908878270869
93,0,train,5,1,0.3490658503988659,0.4262432399991667,3,s,af3726fcacd0ac1320a56ea850b0a2c0f5430cf4eb20a45c078706980f08407e,d24fbe3839599a6a097188bae8cd47ce8083f27deef1341ae3086bf0d5a45bd1,87f63c0590d05baea263cdc42c6e1df2d063fa2def309ecb0283f3036bf33d46,87f63c0590d05baea263cdc42c6e1df2d063fa2def309ecb0283f3036bf33d46,1787978696.204119,37280.041,18640072,0,0.9584569931030273,1.2136640548706055,1.556992530822754,-0.00133514404296875,-0.03032684326171875,0.00438690185546875,-0.0073261260986328125,-0.0024423599243164062,-0.0024423599243164062,-0.0073261260986328125,0.3003654479980469,-0.0073261260986328125,-0.07570171356201172,-2.4410247802734375,7.336753845214844,-1.5555553436279297,0.08058643341064453,-0.10988998413085938,0.0,-2.902796504972334,6.546228159996568,-1.5824596709645549,0.012616248638773427,-0.006003797827486739
93,0,train,5,1,0.3490658503988659,0.4282169430007343,3,s,af3726fcacd0ac1320a56ea850b0a2c0f5430cf4eb20a45c078706980f08407e,d24fbe3839599a6a097188bae8cd47ce8083f27deef1341ae3086bf0d5a45bd1,87f63c0590d05baea263cdc42c6e1df2d063fa2def309ecb0283f3036bf33d46,87f63c0590d05baea263cdc42c6e1df2d063fa2def309ecb0283f3036bf33d46,1787978696.2060213,37280.043,18640073,0,0.9584569931030273,1.2136640548706055,1.556992530822754,-0.00133514404296875,-0.02918243408203125,0.00438690185546875,-0.0073261260986328125,-0.0024423599243164062,-0.0024423599243164062,-0.0073261260986328125,0.3589744567871094,0.0073261260986328125,-0.07570171356201172,-2.454700469970703,7.3094024658203125,-1.5555553436279297,0.08547019958496094,-0.10988998413085938,0.0,-2.9028362124120686,6.546267867436303,-1.58249937840429,0.012295613758699166,-0.005988464323227051
93,0,train,5,1,0.3490658503988659,0.4301082390011288,3,s,af3726fcacd0ac1320a56ea850b0a2c0f5430cf4eb20a45c078706980f08407e,d24fbe3839599a6a097188bae8cd47ce8083f27deef1341ae3086bf0d5a45bd1,87f63c0590d05baea263cdc42c6e1df2d063fa2def309ecb0283f3036bf33d46,87f63c0590d05baea263cdc42c6e1df2d063fa2def309ecb0283f3036bf33d46,1787978696.2079132,37280.045,18640074,0,0.9584569931030273,1.2136640548706055,1.556992530822754,-0.00133514404296875,-0.02841949462890625,0.00438690185546875,-0.0073261260986328125,-0.0024423599243164062,-0.0024423599243164062,-0.021978378295898438,0.3589744567871094,-0.0073261260986328125,-0.07570171356201172,-2.454700469970703,7.295726776123047,-1.560439109802246,0.08547019958496094,-0.10500621795654297,0.0,-2.9028621161770434,6.546293771201277,-1.5825252821692646,0.012081848199825258,-0.005978241701235589
93,0,train,5,1,0.3490658503988659,0.4320174300009967,3,s,af3726fcacd0ac1320a56ea850b0a2c0f5430cf4eb20a45c078706980f08407e,d24fbe3839599a6a097188bae8cd47ce8083f27deef1341ae3086bf0d5a45bd1,87f63c0590d05baea263cdc42c6e1df2d063fa2def309ecb0283f3036bf33d46,87f63c0590d05baea263cdc42c6e1df2d063fa2def309ecb0283f3036bf33d46,1787978696.2098632,37280.047,18640075,0,0.9584569931030273,1.2136640548706055,1.556992530822754,-0.00133514404296875,-0.02803802490234375,0.00438690185546875,-0.0073261260986328125,-0.0024423599243164062,-0.0024423599243164062,-0.0073261260986328125,0.3296699523925781,-0.0073261260986328125,-0.07570171356201172,-2.454700469970703,7.350425720214844,-1.560439109802246,0.09523773193359375,-0.10500621795654297,0.0,-2.9028748976953973,6.546306552719631,-1.582538063687618,0.01197496277540105,-0.005973130306725727
93,0,train,5,1,0.3490658503988659,0.43395886100188363,3,s,af3726fcacd0ac1320a56ea850b0a2c0f5430cf4eb20a45c078706980f08407e,d24fbe3839599a6a097188bae8cd47ce8083f27deef1341ae3086bf0d5a45bd1,87f63c0590d05baea263cdc42c6e1df2d063fa2def309ecb0283f3036bf33d46,87f63c0590d05baea263cdc42c6e1df2d063fa2def309ecb0283f3036bf33d46,1787978696.21183,37280.049,18640076,0,0.9584569931030273,1.2136640548706055,1.556992530822754,-0.00133514404296875,-0.02765655517578125,0.00438690185546875,-0.0073261260986328125,-0.0024423599243164062,-0.0024423599243164062,0.0073261260986328125,0.28571510314941406,-0.021978378295898438,-0.08058643341064453,-2.454700469970703,7.350425720214844,-1.560439109802246,0.10500621795654297,-0.10988998413085938,0.0,-2.9028875656351754,6.546319220659409,-1.5825507316273966,0.011868075608390444,-0.0059680188575315166
93,0,train,5,1,0.3490658503988659,0.4359249289991567,3,s,af3726fcacd0ac1320a56ea850b0a2c0f5430cf4eb20a45c078706980f08407e,d24fbe3839599a6a097188bae8cd47ce8083f27deef1341ae3086bf0d5a45bd1,87f63c0590d05baea263cdc42c6e1df2d063fa2def309ecb0283f3036bf33d46,87f63c0590d05baea263cdc42c6e1df2d063fa2def309ecb0283f3036bf33d46,1787978696.214338,37280.051,18640077,0,0.9584569931030273,1.2136640548706055,1.556992530822754,-0.00133514404296875,-0.02689361572265625,0.00438690185546875,-0.0073261260986328125,-0.0024423599243164062,-0.0024423599243164062,-0.0073261260986328125,0.3150177001953125,-0.0073261260986328125,-0.08058643341064453,-2.454700469970703,7.377777099609375,-1.560439109802246,0.10988998413085938,-0.10988998413085938,0.0,-2.9029125607716515,6.5463442157958855,-1.5825757267638731,0.011654296108826765,-0.005957795798065307
93,0,train,5,1,0.3490658503988659,0.43842658500216203,3,s,af3726fcacd0ac1320a56ea850b0a2c0f5430cf4eb20a45c078706980f08407e,d24fbe3839599a6a097188bae8cd47ce8083f27deef1341ae3086bf0d5a45bd1,87f63c0590d05baea263cdc42c6e1df2d063fa2def309ecb0283f3036bf33d46,87f63c0590d05baea263cdc42c6e1df2d063fa2def309ecb0283f3036bf33d46,1787978696.2162626,37280.053,18640078,0,0.9584569931030273,1.2136640548706055,1.556992530822754,-0.00133514404296875,-0.02613067626953125,0.00438690185546875,-0.0073261260986328125,-0.0024423599243164062,-0.0024423599243164062,-0.021978378295898438,0.3150177001953125,-0.0073261260986328125,-0.08058643341064453,-2.454700469970703,7.405128479003906,-1.5555553436279297,0.10988998413085938,-0.10500621795654297,0.0,-2.9029371015719234,6.5463687565961575,-1.582600267564145,0.011440509825570249,-0.005947572528787566
93,0,train,5,1,0.3490658503988659,0.44036147899896605,3,s,af3726fcacd0ac1320a56ea850b0a2c0f5430cf4eb20a45c078706980f08407e,d24fbe3839599a6a097188bae8cd47ce8083f27deef1341ae3086bf0d5a45bd1,87f63c0590d05baea263cdc42c6e1df2d063fa2def309ecb0283f3036bf33d46,87f63c0590d05baea263cdc42c6e1df2d063fa2def309ecb0283f3036bf33d46,1787978696.218219,37280.055,18640079,0,0.9584569931030273,1.2136640548706055,1.556992530822754,-0.00133514404296875,-0.02574920654296875,0.00438690185546875,-0.021978378295898438,-0.0024423599243164062,-0.0024423599243164062,-0.0073261260986328125,0.3003654479980469,0.0073261260986328125,-0.08058643341064453,-2.4410247802734375,7.377777099609375,-1.5555553436279297,0.10988998413085938,-0.10500621795654297,0.0,-2.902949201591509,6.546380856615743,-1.5826123675837296,0.011333614178944528,-0.005942460817328968
93,0,train,5,1,0.3490658503988659,0.44233375399926445,3,s,af3726fcacd0ac1320a56ea850b0a2c0f5430cf4eb20a45c078706980f08407e,d24fbe3839599a6a097188bae8cd47ce8083f27deef1341ae3086bf0d5a45bd1,87f63c0590d05baea263cdc42c6e1df2d063fa2def309ecb0283f3036bf33d46,87f63c0590d05baea263cdc42c6e1df2d063fa2def309ecb0283f3036bf33d46,1787978696.2201984,37280.057,18640080,0,0.9584569931030273,1.2136640548706055,1.556992530822754,-0.00133514404296875,-0.02498626708984375,0.00438690185546875,-0.0073261260986328125,-0.0024423599243164062,-0.0024423599243164062,-0.0073261260986328125,0.3003654479980469,-0.0073261260986328125,-0.07570171356201172,-2.4410247802734375,7.391452789306641,-1.5555553436279297,0.124542236328125,-0.10500621795654297,0.0,-2.9029730608607713,6.546404715885005,-1.582636226852993,0.01111981795347496,-0.005932237244491576
93,0,train,5,1,0.3490658503988659,0.44429723599751014,3,s,af3726fcacd0ac1320a56ea850b0a2c0f5430cf4eb20a45c078706980f08407e,d24fbe3839599a6a097188bae8cd47ce8083f27deef1341ae3086bf0d5a45bd1,87f63c0590d05baea263cdc42c6e1df2d063fa2def309ecb0283f3036bf33d46,87f63c0590d05baea263cdc42c6e1df2d063fa2def309ecb0283f3036bf33d46,1787978696.2221,37280.059,18640081,0,0.9584569931030273,1.2136640548706055,1.556992530822754,-0.00133514404296875,-0.02422332763671875,0.00438690185546875,-0.0073261260986328125,-0.0024423599243164062,-0.0024423599243164062,0.0073261260986328125,0.3150177001953125,-0.0073261260986328125,-0.07570171356201172,-2.4410247802734375,7.418804168701172,-1.5555553436279297,0.13919448852539062,-0.10988998413085938,0.0,-2.9029964657586147,6.546428120782849,-1.5826596317508366,0.01090601525541978,-0.005922013476719689
93,0,train,5,1,0.3490658503988659,0.446185658001923,3,s,af3726fcacd0ac1320a56ea850b0a2c0f5430cf4eb20a45c078706980f08407e,d24fbe3839599a6a097188bae8cd47ce8083f27deef1341ae3086bf0d5a45bd1,87f63c0590d05baea263cdc42c6e1df2d063fa2def309ecb0283f3036bf33d46,87f63c0590d05baea263cdc42c6e1df2d063fa2def309ecb0283f3036bf33d46,1787978696.224026,37280.061,18640082,0,0.9584569931030273,1.2136640548706055,1.556992530822754,-0.00133514404296875,-0.02384185791015625,0.00438690185546875,-0.0073261260986328125,-0.0024423599243164062,-0.0024423599243164062,-0.0073261260986328125,0.28571510314941406,-0.0073261260986328125,-0.08058643341064453,-2.4410247802734375,7.418804168701172,-1.5555553436279297,0.14407825469970703,-0.10988998413085938,0.0,-2.903007997813986,6.54643965283822,-1.582671163806207,0.010799111518062917,-0.0059169015215929975
93,0,train,5,1,0.3490658503988659,0.4481229059965699,3,s,af3726fcacd0ac1320a56ea850b0a2c0f5430cf4eb20a45c078706980f08407e,d24fbe3839599a6a097188bae8cd47ce8083f27deef1341ae3086bf0d5a45bd1,87f63c0590d05baea263cdc42c6e1df2d063fa2def309ecb0283f3036bf33d46,87f63c0590d05baea263cdc42c6e1df2d063fa2def309ecb0283f3036bf33d46,1787978696.2259576,37280.063,18640083,0,0.9584569931030273,1.2136640548706055,1.556992530822754,-0.00095367431640625,-0.02346038818359375,0.00438690185546875,-0.0073261260986328125,-0.0024423599243164062,-0.0024423599243164062,-0.0073261260986328125,0.2417583465576172,-0.0073261260986328125,-0.08058643341064453,-2.4410247802734375,7.4324798583984375,-1.5555553436279297,0.15384578704833984,-0.10988998413085938,0.0,-2.9033775162049493,6.546809171229183,-1.5830406821971725,0.010680843773642725,-0.005912221482021126
93,0,train,5,1,0.3490658503988659,0.4500513890016009,3,s,af3726fcacd0ac1320a56ea850b0a2c0f5430cf4eb20a45c078706980f08407e,d24fbe3839599a6a097188bae8cd47ce8083f27deef1341ae3086bf0d5a45bd1,87f63c0590d05baea263cdc42c6e1df2d063fa2def309ecb0283f3036bf33d46,87f63c0590d05baea263cdc42c6e1df2d063fa2def309ecb0283f3036bf33d46,1787978696.227912,37280.064999999995,18640084,0,0.9584569931030273,1.2136640548706055,1.556992530822754,-0.00133514404296875,-0.02307891845703125,0.00438690185546875,0.0073261260986328125,-0.0024423599243164062,-0.0024423599243164062,-0.0073261260986328125,0.2417583465576172,0.0073261260986328125,-0.07570171356201172,-2.454700469970703,7.336753845214844,-1.560439109802246,0.15873050689697266,-0.10500621795654297,0.0,-2.903030721129235,6.546462376153469,-1.5826938871214573,0.010585299344473366,-0.005906677472577554
93,0,train,5,1,0.3490658503988659,0.4520206640008837,3,s,af3726fcacd0ac1320a56ea850b0a2c0f5430cf4eb20a45c078706980f08407e,d24fbe3839599a6a097188bae8cd47ce8083f27deef1341ae3086bf0d5a45bd1,87f63c0590d05baea263cdc42c6e1df2d063fa2def309ecb0283f3036bf33d46,87f63c0590d05baea263cdc42c6e1df2d063fa2def309ecb0283f3036bf33d46,1787978696.2298229,37280.066999999995,18640085,0,0.9584569931030273,1.2136640548706055,1.556992530822754,-0.00133514404296875,-0.02193450927734375,0.00438690185546875,-0.0073261260986328125,-0.0024423599243164062,-0.0024423599243164062,-0.021978378295898438,0.3150177001953125,-0.0073261260986328125,-0.07570171356201172,-2.4410247802734375,7.350425720214844,-1.560439109802246,0.16849803924560547,-0.10500621795654297,0.0,-2.9030639540887075,6.546495609112942,-1.5827271200809292,0.010264569570254383,-0.005891341063307753
93,0,train,5,1,0.3490658503988659,0.4539128839969635,3,s,af3726fcacd0ac1320a56ea850b0a2c0f5430cf4eb20a45c078706980f08407e,d24fbe3839599a6a097188bae8cd47ce8083f27deef1341ae3086bf0d5a45bd1,87f63c0590d05baea263cdc42c6e1df2d063fa2def309ecb0283f3036bf33d46,87f63c0590d05baea263cdc42c6e1df2d063fa2def309ecb0283f3036bf33d46,1787978696.2323093,37280.068999999996,18640086,0,0.9584569931030273,1.2136640548706055,1.556992530822754,-0.00133514404296875,-0.02117156982421875,0.00438690185546875,-0.0073261260986328125,-0.0024423599243164062,-0.0024423599243164062,-0.0073261260986328125,0.34432220458984375,-0.0073261260986328125,-0.07570171356201172,-2.4410247802734375,7.377777099609375,-1.5555553436279297,0.16849803924560547,-0.10500621795654297,0.0,-2.9030855413672785,6.5465171963915125,-1.5827487073595006,0.010050742226388763,-0.00588111657530912
93,0,train,5,1,0.3490658503988659,0.45639947099698475,3,s,af3726fcacd0ac1320a56ea850b0a2c0f5430cf4eb20a45c078706980f08407e,d24fbe3839599a6a097188bae8cd47ce8083f27deef1341ae3086bf0d5a45bd1,87f63c0590d05baea263cdc42c6e1df2d063fa2def309ecb0283f3036bf33d46,87f63c0590d05baea263cdc42c6e1df2d063fa2def309ecb0283f3036bf33d46,1787978696.234361,37280.070999999996,18640087,0,0.9584569931030273,1.2136640548706055,1.556992530822754,-0.00095367431640625,-0.02079010009765625,0.00438690185546875,-0.0073261260986328125,-0.0024423599243164062,-0.0024423599243164062,-0.0073261260986328125,0.3150177001953125,-0.021978378295898438,-0.08058643341064453,-2.4410247802734375,7.336753845214844,-1.5555553436279297,0.16849803924560547,-0.10500621795654297,0.0,-2.9034542750317462,6.54688593005598,-1.5831174410239692,0.009933259208465823,-0.005876474259463462
93,0,train,5,1,0.3490658503988659,0.45845381999970414,3,s,af3726fcacd0ac1320a56ea850b0a2c0f5430cf4eb20a45c078706980f08407e,d24fbe3839599a6a097188bae8cd47ce8083f27deef1341ae3086bf0d5a45bd1,87f63c0590d05baea263cdc42c6e1df2d063fa2def309ecb0283f3036bf33d46,87f63c0590d05baea263cdc42c6e1df2d063fa2def309ecb0283f3036bf33d46,1787978696.2363005,37280.073,18640088,0,0.9584569931030273,1.2136640548706055,1.556992530822754,-0.00133514404296875,-0.02040863037109375,0.00438690185546875,-0.0073261260986328125,-0.0024423599243164062,-0.0024423599243164062,-0.0073261260986328125,0.28571510314941406,-0.021978378295898438,-0.08058643341064453,-2.4410247802734375,7.3094024658203125,-1.560439109802246,0.16849803924560547,-0.10988998413085938,0.0,-2.9031066742089577,6.546538329233192,-1.5827698402011794,0.009836909032221477,-0.005870891922132136
93,0,train,5,1,0.3490658503988659,0.4603919399960432,3,s,af3726fcacd0ac1320a56ea850b0a2c0f5430cf4eb20a45c078706980f08407e,d24fbe3839599a6a097188bae8cd47ce8083f27deef1341ae3086bf0d5a45bd1,87f63c0590d05baea263cdc42c6e1df2d063fa2def309ecb0283f3036bf33d46,87f63c0590d05baea263cdc42c6e1df2d063fa2def309ecb0283f3036bf33d46,1787978696.238186,37280.075,18640089,0,0.9584569931030273,1.2136640548706055,1.556992530822754,-0.00133514404296875,-0.01926422119140625,0.00438690185546875,-0.0073261260986328125,-0.0024423599243164062,-0.0024423599243164062,-0.0073261260986328125,0.3150177001953125,-0.0073261260986328125,-0.08058643341064453,-2.4410247802734375,7.282051086425781,-1.5555553436279297,0.16849803924560547,-0.10988998413085938,0.0,-2.903137521375466,6.5465691763997,-1.5828006873676876,0.009516148543928031,-0.0058555546456762475
93,0,train,5,1,0.3490658503988659,0.46227258699946105,3,s,af3726fcacd0ac1320a56ea850b0a2c0f5430cf4eb20a45c078706980f08407e,d24fbe3839599a6a097188bae8cd47ce8083f27deef1341ae3086bf0d5a45bd1,87f63c0590d05baea263cdc42c6e1df2d063fa2def309ecb0283f3036bf33d46,87f63c0590d05baea263cdc42c6e1df2d063fa2def309ecb0283f3036bf33d46,1787978696.2400708,37280.077,18640090,0,0.9584569931030273,1.2136640548706055,1.556992530822754,-0.00133514404296875,-0.01850128173828125,0.00476837158203125,-0.0073261260986328125,-0.0024423599243164062,-0.0024423599243164062,-0.021978378295898438,0.34432220458984375,0.0073261260986328125,-0.08058643341064453,-2.4410247802734375,7.323078155517578,-1.5555553436279297,0.15873050689697266,-0.10500621795654297,0.0,-2.9031580220677617,6.546589677091996,-1.5828211880599832,0.009307413678881035,-0.005859558828593169
93,0,train,5,1,0.3490658503988659,0.4641595959983533,3,s,af3726fcacd0ac1320a56ea850b0a2c0f5430cf4eb20a45c078706980f08407e,d24fbe3839599a6a097188bae8cd47ce8083f27deef1341ae3086bf0d5a45bd1,87f63c0590d05baea263cdc42c6e1df2d063fa2def309ecb0283f3036bf33d46,87f63c0590d05baea263cdc42c6e1df2d063fa2def309ecb0283f3036bf33d46,1787978696.2419965,37280.079,18640091,0,0.9584569931030273,1.2136640548706055,1.556992530822754,-0.00133514404296875,-0.01773834228515625,0.00476837158203125,0.0073261260986328125,-0.0024423599243164062,-0.0024423599243164062,-0.0073261260986328125,0.373626708984375,0.0073261260986328125,-0.08058643341064453,-2.4410247802734375,7.323078155517578,-1.5555553436279297,0.14407825469970703,-0.10500621795654297,0.0,-2.903177575150266,6.5466092301745,-1.5828407411424876,0.00909356105954336,-0.005849334229622747
93,0,train,5,1,0.3490658503988659,0.46608822800044436,3,s,af3726fcacd0ac1320a56ea850b0a2c0f5430cf4eb20a45c078706980f08407e,d24fbe3839599a6a097188bae8cd47ce8083f27deef1341ae3086bf0d5a45bd1,87f63c0590d05baea263cdc42c6e1df2d063fa2def309ecb0283f3036bf33d46,87f63c0590d05baea263cdc42c6e1df2d063fa2def309ecb0283f3036bf33d46,1787978696.2438734,37280.081,18640092,0,0.9584569931030273,1.2136640548706055,1.556992530822754,-0.00133514404296875,-0.01697540283203125,0.00476837158203125,-0.0073261260986328125,-0.0024423599243164062,-0.0024423599243164062,-0.0073261260986328125,0.40293121337890625,-0.0073261260986328125,-0.08058643341064453,-2.4410247802734375,7.282051086425781,-1.560439109802246,0.13919448852539062,-0.10500621795654297,0.0,-2.903196673742755,6.546628328766989,-1.5828598397349756,0.008879703147056755,-0.005839109492264495
93,0,train,5,1,0.3490658503988659,0.46795676199690206,3,s,af3726fcacd0ac1320a56ea850b0a2c0f5430cf4eb20a45c078706980f08407e,d24fbe3839599a6a097188bae8cd47ce8083f27deef1341ae3086bf0d5a45bd1,87f63c0590d05baea263cdc42c6e1df2d063fa2def309ecb0283f3036bf33d46,87f63c0590d05baea263cdc42c6e1df2d063fa2def309ecb0283f3036bf33d46,1787978696.246344,37280.083,18640093,0,0.9584569931030273,1.2136640548706055,1.556992530822754,-0.00133514404296875,-0.01621246337890625,0.00476837158203125,-0.021978378295898438,-0.0024423599243164062,-0.0024423599243164062,-0.0073261260986328125,0.3882789611816406,-0.021978378295898438,-0.08058643341064453,-2.4410247802734375,7.3094024658203125,-1.560439109802246,0.124542236328125,-0.10988998413085938,0.0,-2.90321531783411,6.546646972858344,-1.58287848382633,0.008665840065902902,-0.005828884622469993
93,0,train,5,1,0.3490658503988659,0.4704326889986987,3,s,af3726fcacd0ac1320a56ea850b0a2c0f5430cf4eb20a45c078706980f08407e,d24fbe3839599a6a097188bae8cd47ce8083f27deef1341ae3086bf0d5a45bd1,87f63c0590d05baea263cdc42c6e1df2d063fa2def309ecb0283f3036bf33d46,87f63c0590d05baea263cdc42c6e1df2d063fa2def309ecb0283f3036bf33d46,1787978696.248263,37280.085,18640094,0,0.9584569931030273,1.2136640548706055,1.556992530822754,-0.00133514404296875,-0.01544952392578125,0.00476837158203125,-0.0073261260986328125,-0.0024423599243164062,-0.0024423599243164062,0.0073261260986328125,0.373626708984375,-0.021978378295898438,-0.08058643341064453,-2.454700469970703,7.350425720214844,-1.5555553436279297,0.11477375030517578,-0.10988998413085938,0.0,-2.903233507413478,6.546665162437712,-1.582896673405698,0.008451971940566492,-0.005818659626190896
93,0,train,5,1,0.3490658503988659,0.4723704479984008,3,s,af3726fcacd0ac1320a56ea850b0a2c0f5430cf4eb20a45c078706980f08407e,d24fbe3839599a6a097188bae8cd47ce8083f27deef1341ae3086bf0d5a45bd1,87f63c0590d05baea263cdc42c6e1df2d063fa2def309ecb0283f3036bf33d46,87f63c0590d05baea263cdc42c6e1df2d063fa2def309ecb0283f3036bf33d46,1787978696.2506437,37280.087,18640095,0,0.9584569931030273,1.2136640548706055,1.556992530822754,-0.00133514404296875,-0.01468658447265625,0.00476837158203125,-0.0073261260986328125,-0.0024423599243164062,-0.0024423599243164062,-0.0073261260986328125,0.373626708984375,-0.0073261260986328125,-0.08058643341064453,-2.454700469970703,7.295726776123047,-1.5555553436279297,0.10012245178222656,-0.10988998413085938,0.0,-2.903251242470272,6.546682897494506,-1.5829144084624927,0.008238098895535157,-0.005808434509378937
93,0,train,5,1,0.3490658503988659,0.47474002999661025,3,s,af3726fcacd0ac1320a56ea850b0a2c0f5430cf4eb20a45c078706980f08407e,d24fbe3839599a6a097188bae8cd47ce8083f27deef1341ae3086bf0d5a45bd1,87f63c0590d05baea263cdc42c6e1df2d063fa2def309ecb0283f3036bf33d46,87f63c0590d05baea263cdc42c6e1df2d063fa2def309ecb0283f3036bf33d46,1787978696.2520201,37280.089,18640096,0,0.9584569931030273,1.2136640548706055,1.556992530822754,-0.00133514404296875,-0.01354217529296875,0.00476837158203125,-0.0073261260986328125,-0.0024423599243164062,-0.0024423599243164062,-0.0073261260986328125,0.41758155822753906,-0.0073261260986328125,-0.08058643341064453,-2.454700469970703,7.336753845214844,-1.5555553436279297,0.09035396575927734,-0.10988998413085938,0.0,-2.903276992803128,6.546708647827362,-1.5829401587953493,0.007917280375883873,-0.005793096621181466
93,0,train,5,1,0.3490658503988659,0.47611159599910025,3,s,af3726fcacd0ac1320a56ea850b0a2c0f5430cf4eb20a45c078706980f08407e,d24fbe3839599a6a097188bae8cd47ce8083f27deef1341ae3086bf0d5a45bd1,87f63c0590d05baea263cdc42c6e1df2d063fa2def309ecb0283f3036bf33d46,87f63c0590d05baea263cdc42c6e1df2d063fa2def309ecb0283f3036bf33d46,1787978696.2539258,37280.091,18640097,0,0.9584569931030273,1.2136640548706055,1.556992530822754,-0.00133514404296875,-0.01277923583984375,0.00476837158203125,0.0073261260986328125,-0.0024423599243164062,-0.0024423599243164062,-0.0073261260986328125,0.3882789611816406,-0.0073261260986328125,-0.07570171356201172,-2.454700469970703,7.377777099609375,-1.560439109802246,0.08058643341064453,-0.10500621795654297,0.0,-2.903293591508905,6.546725246533139,-1.5829567575011252,0.0077033955762671955,-0.005782871229076626
93,0,train,5,1,0.3490658503988659,0.47801600400271127,3,s,af3726fcacd0ac1320a56ea850b0a2c0f5430cf4eb20a45c078706980f08407e,d24fbe3839599a6a097188bae8cd47ce8083f27deef1341ae3086bf0d5a45bd1,87f63c0590d05baea263cdc42c6e1df2d063fa2def309ecb0283f3036bf33d46,87f63c0590d05baea263cdc42c6e1df2d063fa2def309ecb0283f3036bf33d46,1787978696.2558258,37280.093,18640098,0,0.9584569931030273,1.2136640548706055,1.556992530822754,-0.00133514404296875,-0.01201629638671875,0.00476837158203125,-0.0073261260986328125,-0.0024423599243164062,-0.0024423599243164062,0.0073261260986328125,0.3882789611816406,-0.0073261260986328125,-0.07570171356201172,-2.454700469970703,7.377777099609375,-1.560439109802246,0.07570171356201172,-0.10988998413085938,0.0,-2.9033097356571314,6.546741390681365,-1.5829729016493532,0.007489506292684359,-0.005772645737270512
93,0,train,5,1,0.3490658503988659,0.479912091002916,3,s,af3726fcacd0ac1320a56ea850b0a2c0f5430cf4eb20a45c078706980f08407e,d24fbe3839599a6a097188bae8cd47ce8083f27deef1341ae3086bf0d5a45bd1,87f63c0590d05baea263cdc42c6e1df2d063fa2def309ecb0283f3036bf33d46,87f63c0590d05baea263cdc42c6e1df2d063fa2def309ecb0283f3036bf33d46,1787978696.258299,37280.095,18640099,0,0.9584569931030273,1.2136640548706055,1.556992530822754,-0.00133514404296875,-0.01125335693359375,0.00476837158203125,-0.0073261260986328125,-0.0024423599243164062,-0.0024423599243164062,0.0073261260986328125,0.3882789611816406,-0.0073261260986328125,-0.07570171356201172,-2.454700469970703,7.323078155517578,-1.5555553436279297,0.07081794738769531,-0.10988998413085938,0.0,-2.9033254252384153,6.546757080262649,-1.5829885912306374,0.007275612649635312,-0.005762420151715143
93,0,train,5,1,0.3490658503988659,0.48238467700139154,3,s,af3726fcacd0ac1320a56ea850b0a2c0f5430cf4eb20a45c078706980f08407e,d24fbe3839599a6a097188bae8cd47ce8083f27deef1341ae3086bf0d5a45bd1,87f63c0590d05baea263cdc42c6e1df2d063fa2def309ecb0283f3036bf33d46,87f63c0590d05baea263cdc42c6e1df2d063fa2def309ecb0283f3036bf33d46,1787978696.2601864,37280.097,18640100,0,0.9584569931030273,1.2136640548706055,1.556992530822754,-0.00133514404296875,-0.01049041748046875,0.00476837158203125,-0.03663063049316406,-0.0024423599243164062,-0.0024423599243164062,-0.0073261260986328125,0.40293121337890625,-0.0073261260986328125,-0.08058643341064453,-2.4410247802734375,7.3094024658203125,-1.5555553436279297,0.0610504150390625,-0.10988998413085938,0.0,-2.903340660243623,6.546772315267857,-1.5830038262358448,0.0070617147716225265,-0.005752194478362592
93,0,train,5,1,0.3490658503988659,0.4842710629964131,3,s,af3726fcacd0ac1320a56ea850b0a2c0f5430cf4eb20a45c078706980f08407e,d24fbe3839599a6a097188bae8cd47ce8083f27deef1341ae3086bf0d5a45bd1,87f63c0590d05baea263cdc42c6e1df2d063fa2def309ecb0283f3036bf33d46,87f63c0590d05baea263cdc42c6e1df2d063fa2def309ecb0283f3036bf33d46,1787978696.2620513,37280.098999999995,18640101,0,0.9584569931030273,1.2136640548706055,1.556992530822754,-0.00133514404296875,-0.00972747802734375,0.00476837158203125,-0.0073261260986328125,-0.0024423599243164062,-0.0024423599243164062,-0.0073261260986328125,0.41758155822753906,-0.0073261260986328125,-0.08058643341064453,-2.4410247802734375,7.336753845214844,-1.5555553436279297,0.05616569519042969,-0.10988998413085938,0.0,-2.9033554406638866,6.546787095688121,-1.5830186066561076,0.00684781278315095,-0.0057419687231649846
93,0,train,5,1,0.3490658503988659,0.48613237500103423,3,s,af3726fcacd0ac1320a56ea850b0a2c0f5430cf4eb20a45c078706980f08407e,d24fbe3839599a6a097188bae8cd47ce8083f27deef1341ae3086bf0d5a45bd1,87f63c0590d05baea263cdc42c6e1df2d063fa2def309ecb0283f3036bf33d46,87f63c0590d05baea263cdc42c6e1df2d063fa2def309ecb0283f3036bf33d46,1787978696.2640207,37280.100999999995,18640102,0,0.9584569931030273,1.2136640548706055,1.556992530822754,-0.00133514404296875,-0.00896453857421875,0.00476837158203125,-0.0073261260986328125,-0.0024423599243164062,-0.0024423599243164062,-0.0073261260986328125,0.40293121337890625,-0.0073261260986328125,-0.08058643341064453,-2.4410247802734375,7.364101409912109,-1.560439109802246,0.05616569519042969,-0.10988998413085938,0.0,-2.9033697664906,6.546801421514834,-1.583032932482822,0.006633906808727923,-0.005731742892074494
93,0,train,5,1,0.3490658503988659,0.4881311720018857,3,s,af3726fcacd0ac1320a56ea850b0a2c0f5430cf4eb20a45c078706980f08407e,d24fbe3839599a6a097188bae8cd47ce8083f27deef1341ae3086bf0d5a45bd1,87f63c0590d05baea263cdc42c6e1df2d063fa2def309ecb0283f3036bf33d46,87f63c0590d05baea263cdc42c6e1df2d063fa2def309ecb0283f3036bf33d46,1787978696.2659314,37280.102999999996,18640103,0,0.9584569931030273,1.2136640548706055,1.556992530822754,-0.00133514404296875,-0.00820159912109375,0.00476837158203125,-0.0073261260986328125,-0.0024423599243164062,-0.0024423599243164062,0.0073261260986328125,0.34432220458984375,-0.0073261260986328125,-0.08058643341064453,-2.4410247802734375,7.350425720214844,-1.5555553436279297,0.05128192901611328,-0.10988998413085938,0.0,-2.9033836377154283,6.546815292739662,-1.5830468037076495,0.006419996972863103,-0.0057215169910433345
93,0,train,5,1,0.3490658503988659,0.49001706799754174,3,s,af3726fcacd0ac1320a56ea850b0a2c0f5430cf4eb20a45c078706980f08407e,d24fbe3839599a6a097188bae8cd47ce8083f27deef1341ae3086bf0d5a45bd1,87f63c0590d05baea263cdc42c6e1df2d063fa2def309ecb0283f3036bf33d46,87f63c0590d05baea263cdc42c6e1df2d063fa2def309ecb0283f3036bf33d46,1787978696.2678227,37280.104999999996,18640104,0,0.9584569931030273,1.2136640548706055,1.556992530822754,-0.00133514404296875,-0.00782012939453125,0.00476837158203125,-0.0073261260986328125,-0.0024423599243164062,-0.0024423599243164062,0.0073261260986328125,0.3296699523925781,-0.0073261260986328125,-0.08058643341064453,-2.4410247802734375,7.391452789306641,-1.5555553436279297,0.05128192901611328,-0.10988998413085938,0.0,-2.9033904028496003,6.546822057873834,-1.5830535688418226,0.0063130406457999055,-0.005716404016160086
93,0,train,5,1,0.3490658503988659,0.49192615199717693,3,s,af3726fcacd0ac1320a56ea850b0a2c0f5430cf4eb20a45c078706980f08407e,d24fbe3839599a6a097188bae8cd47ce8083f27deef1341ae3086bf0d5a45bd1,87f63c0590d05baea263cdc42c6e1df2d063fa2def309ecb0283f3036bf33d46,87f63c0590d05baea263cdc42c6e1df2d063fa2def309ecb0283f3036bf33d46,1787978696.2703428,37280.106999999996,18640105,0,0.9584569931030273,1.2136640548706055,1.556992530822754,-0.00133514404296875,-0.00667572021484375,0.00476837158203125,0.0073261260986328125,-0.0024423599243164062,-0.0024423599243164062,-0.021978378295898438,0.3882789611816406,0.0073261260986328125,-0.07570171356201172,-2.4410247802734375,7.350425720214844,-1.5555553436279297,0.046398162841796875,-0.10500621795654297,0.0,-2.9034100163273915,6.5468416713516255,-1.583073182319613,0.005992166214857884,-0.0057010650029680875
93,0,train,5,1,0.3490658503988659,0.4944325739998021,3,s,af3726fcacd0ac1320a56ea850b0a2c0f5430cf4eb20a45c078706980f08407e,d24fbe3839599a6a097188bae8cd47ce8083f27deef1341ae3086bf0d5a45bd1,87f63c0590d05baea263cdc42c6e1df2d063fa2def309ecb0283f3036bf33d46,87f63c0590d05baea263cdc42c6e1df2d063fa2def309ecb0283f3036bf33d46,1787978696.2722483,37280.109,18640106,0,0.9584569931030273,1.2136640548706055,1.556992530822754,-0.00133514404296875,-0.00591278076171875,0.00476837158203125,-0.0073261260986328125,-0.0024423599243164062,-0.0024423599243164062,-0.021978378295898438,0.373626708984375,-0.0073261260986328125,-0.07570171356201172,-2.4410247802734375,7.364101409912109,-1.5506715774536133,0.046398162841796875,-0.10500621795654297,0.0,-2.9034225236991733,6.546854178723407,-1.583085689691394,0.005778245541747747,-0.005690838927828619
93,0,train,5,1,0.3490658503988659,0.49633675599761773,3,s,af3726fcacd0ac1320a56ea850b0a2c0f5430cf4eb20a45c078706980f08407e,d24fbe3839599a6a097188bae8cd47ce8083f27deef1341ae3086bf0d5a45bd1,87f63c0590d05baea263cdc42c6e1df2d063fa2def309ecb0283f3036bf33d46,87f63c0590d05baea263cdc42c6e1df2d063fa2def309ecb0283f3036bf33d46,1787978696.2741475,37280.111,18640107,0,0.9584569931030273,1.2136640548706055,1.556992530822754,-0.00133514404296875,-0.00553131103515625,0.00476837158203125,-0.021978378295898438,-0.0024423599243164062,-0.0024423599243164062,-0.0073261260986328125,0.34432220458984375,-0.0073261260986328125,-0.07570171356201172,-2.454700469970703,7.418804168701172,-1.5506715774536133,0.05128192901611328,-0.10500621795654297,0.0,-2.903428606898284,6.546860261922518,-1.5830917728905058,0.005671283936142186,-0.005685725872587576
93,0,train,5,1,0.3490658503988659,0.49823256699892227,3,s,af3726fcacd0ac1320a56ea850b0a2c0f5430cf4eb20a45c078706980f08407e,d24fbe3839599a6a097188bae8cd47ce8083f27deef1341ae3086bf0d5a45bd1,87f63c0590d05baea263cdc42c6e1df2d063fa2def309ecb0283f3036bf33d46,87f63c0590d05baea263cdc42c6e1df2d063fa2def309ecb0283f3036bf33d46,1787978696.2760355,37280.113,18640108,0,0.9584569931030273,1.2136640548706055,1.556992530822754,-0.00133514404296875,-0.00476837158203125,0.00476837158203125,-0.0073261260986328125,-0.0024423599243164062,-0.0024423599243164062,-0.0073261260986328125,0.373626708984375,-0.021978378295898438,-0.07570171356201172,-2.4410247802734375,7.391452789306641,-1.5506715774536133,0.05616569519042969,-0.10988998413085938,0.0,-2.903440432318525,6.546872087342759,-1.5831035983107464,0.005457358264654882,-0.00567549973048311
93,0,train,5,1,0.3490658503988659,0.5001204200016218,3,s,af3726fcacd0ac1320a56ea850b0a2c0f5430cf4eb20a45c078706980f08407e,d24fbe3839599a6a097188bae8cd47ce8083f27deef1341ae3086bf0d5a45bd1,87f63c0590d05baea263cdc42c6e1df2d063fa2def309ecb0283f3036bf33d46,87f63c0590d05baea263cdc42c6e1df2d063fa2def309ecb0283f3036bf33d46,1787978696.277916,37280.115,18640109,0,0.9584569931030273,1.2136640548706055,1.556992530822754,-0.00133514404296875,-0.00400543212890625,0.00476837158203125,-0.0073261260986328125,-0.0024423599243164062,-0.0024423599243164062,0.0073261260986328125,0.34432220458984375,-0.0073261260986328125,-0.07570171356201172,-2.4410247802734375,7.364101409912109,-1.5506715774536133,0.05616569519042969,-0.10988998413085938,0.0,-2.9034518030957464,6.54688345811998,-1.5831149690879676,0.0052434294165671375,-0.005665273551175807
93,0,train,5,1,0.3490658503988659,0.5020054939959664,3,s,af3726fcacd0ac1320a56ea850b0a2c0f5430cf4eb20a45c078706980f08407e,d24fbe3839599a6a097188bae8cd47ce8083f27deef1341ae3086bf0d5a45bd1,87f63c0590d05baea263cdc42c6e1df2d063fa2def309ecb0283f3036bf33d46,87f63c0590d05baea263cdc42c6e1df2d063fa2def309ecb0283f3036bf33d46,1787978696.2798395,37280.117,18640110,0,0.9584569931030273,1.2136640548706055,1.556992530822754,-0.00133514404296875,-0.00362396240234375,0.00476837158203125,-0.0073261260986328125,-0.0024423599243164062,-0.0024423599243164062,-0.0073261260986328125,0.3296699523925781,-0.0073261260986328125,-0.07570171356201172,-2.4410247802734375,7.405128479003906,-1.5506715774536133,0.05616569519042969,-0.10500621795654297,0.0,-2.9034573179911454,6.546888973015379,-1.5831204839833666,0.00513646384021146,-0.005660160449431217
93,0,train,5,1,0.3490658503988659,0.5039298249976127,3,s,af3726fcacd0ac1320a56ea850b0a2c0f5430cf4eb20a45c078706980f08407e,d24fbe3839599a6a097188bae8cd47ce8083f27deef1341ae3086bf0d5a45bd1,87f63c0590d05baea263cdc42c6e1df2d063fa2def309ecb0283f3036bf33d46,87f63c0590d05baea263cdc42c6e1df2d063fa2def309ecb0283f3036bf33d46,1787978696.282316,37280.119,18640111,0,0.9584569931030273,1.2136640548706055,1.556992530822754,-0.00133514404296875,-0.00247955322265625,0.00476837158203125,-0.0073261260986328125,-0.0024423599243164062,-0.0024423599243164062,-0.0073261260986328125,0.34432220458984375,0.0073261260986328125,-0.07570171356201172,-2.454700469970703,7.377777099609375,-1.5555553436279297,0.0610504150390625,-0.10500621795654297,0.0,-2.903473180694918,6.546904835719152,-1.5831363466871389,0.004815562688683999,-0.005644821104762373
93,0,train,5,1,0.3490658503988659,0.5064016260002973,3,s,af3726fcacd0ac1320a56ea850b0a2c0f5430cf4eb20a45c078706980f08407e,d24fbe3839599a6a097188bae8cd47ce8083f27deef1341ae3086bf0d5a45bd1,87f63c0590d05baea263cdc42c6e1df2d063fa2def309ecb0283f3036bf33d46,87f63c0590d05baea263cdc42c6e1df2d063fa2def309ecb0283f3036bf33d46,1787978696.284196,37280.121,18640112,0,0.9584569931030273,1.2136640548706055,1.556992530822754,-0.00133514404296875,-0.00209808349609375,0.00476837158203125,-0.0073261260986328125,-0.0024423599243164062,-0.0024423599243164062,-0.021978378295898438,0.34432220458984375,-0.0073261260986328125,-0.07570171356201172,-2.4410247802734375,7.350425720214844,-1.560439109802246,0.07081794738769531,-0.10988998413085938,0.0,-2.9034782409328037,6.546909895957038,-1.583141406925024,0.004708594215907217,-0.005639707979207917
93,0,train,5,1,0.3490658503988659,0.5082768290012609,3,s,af3726fcacd0ac1320a56ea850b0a2c0f5430cf4eb20a45c078706980f08407e,d24fbe3839599a6a097188bae8cd47ce8083f27deef1341ae3086bf0d5a45bd1,87f63c0590d05baea263cdc42c6e1df2d063fa2def309ecb0283f3036bf33d46,87f63c0590d05baea263cdc42c6e1df2d063fa2def309ecb0283f3036bf33d46,1787978696.2860935,37280.123,18640113,0,0.9584569931030273,1.2136640548706055,1.556992530822754,-0.00133514404296875,-0.00171661376953125,0.00476837158203125,-0.0073261260986328125,-0.0024423599243164062,-0.0024423599243164062,-0.0073261260986328125,0.3150177001953125,-0.0073261260986328125,-0.08058643341064453,-2.4410247802734375,7.364101409912109,-1.560439109802246,0.08058643341064453,-0.10988998413085938,0.0,-2.9034831875044254,6.546914842528659,-1.5831463534966472,0.004601625057939806,-0.005634594849561133
93,0,train,5,1,0.3490658503988659,0.5101850560022285,3,s,af3726fcacd0ac1320a56ea850b0a2c0f5430cf4eb20a45c078706980f08407e,d24fbe3839599a6a097188bae8cd47ce8083f27deef1341ae3086bf0d5a45bd1,87f63c0590d05baea263cdc42c6e1df2d063fa2def309ecb0283f3036bf33d46,87f63c0590d05baea263cdc42c6e1df2d063fa2def309ecb0283f3036bf33d46,1787978696.2880106,37280.125,18640114,0,0.9584569931030273,1.2136640548706055,1.556992530822754,-0.00095367431640625,-0.00133514404296875,0.00476837158203125,-0.0073261260986328125,-0.0024423599243164062,-0.0024423599243164062,-0.0073261260986328125,0.2564105987548828,-0.0073261260986328125,-0.08058643341064453,-2.4410247802734375,7.282051086425781,-1.560439109802246,0.09035396575927734,-0.10988998413085938,0.0,-2.9038461835607783,6.547277838585012,-1.5835093495530015,0.00448987883251787,-0.005630230768368139
93,0,train,5,1,0.3490658503988659,0.5121214749960927,3,s,af3726fcacd0ac1320a56ea850b0a2c0f5430cf4eb20a45c078706980f08407e,d24fbe3839599a6a097188bae8cd47ce8083f27deef1341ae3086bf0d5a45bd1,87f63c0590d05baea263cdc42c6e1df2d063fa2def309ecb0283f3036bf33d46,87f63c0590d05baea263cdc42c6e1df2d063fa2def309ecb0283f3036bf33d46,1787978696.2899182,37280.127,18640115,0,0.9584569931030273,1.2136640548706055,1.556992530822754,-0.00133514404296875,-0.00057220458984375,0.00476837158203125,-0.021978378295898438,-0.0024423599243164062,-0.0024423599243164062,-0.0073261260986328125,0.22710609436035156,-0.0073261260986328125,-0.08058643341064453,-2.4410247802734375,7.282051086425781,-1.5555553436279297,0.10500621795654297,-0.10988998413085938,0.0,-2.9034973452146153,6.546929000238849,-1.583160511206836,0.004280713628554884,-0.005619255443507423
93,0,train,5,1,0.3490658503988659,0.5140077350006322,3,s,af3726fcacd0ac1320a56ea850b0a2c0f5430cf4eb20a45c078706980f08407e,d24fbe3839599a6a097188bae8cd47ce8083f27deef1341ae3086bf0d5a45bd1,87f63c0590d05baea263cdc42c6e1df2d063fa2def309ecb0283f3036bf33d46,87f63c0590d05baea263cdc42c6e1df2d063fa2def309ecb0283f3036bf33d46,1787978696.2918515,37280.129,18640116,0,0.9584569931030273,1.2136640548706055,1.556992530822754,-0.00133514404296875,0.00019073486328125,0.00476837158203125,-0.0073261260986328125,-0.0024423599243164062,-0.0024423599243164062,-0.0073261260986328125,0.27106285095214844,-0.0073261260986328125,-0.08058643341064453,-2.4410247802734375,7.295726776123047,-1.5555553436279297,0.124542236328125,-0.10500621795654297,0.0,-2.9035062153440143,6.546937870368248,-1.583169381336236,0.004066769535058788,-0.005609029165984405
93,0,train,5,1,0.3490658503988659,0.5159453209998901,3,s,af3726fcacd0ac1320a56ea850b0a2c0f5430cf4eb20a45c078706980f08407e,d24fbe3839599a6a097188bae8cd47ce8083f27deef1341ae3086bf0d5a45bd1,87f63c0590d05baea263cdc42c6e1df2d063fa2def309ecb0283f3036bf33d46,87f63c0590d05baea263cdc42c6e1df2d063fa2def309ecb0283f3036bf33d46,1787978696.2944105,37280.131,18640117,0,0.9584569931030273,1.2136640548706055,1.556992530822754,-0.00133514404296875,0.00057220458984375,0.00476837158203125,-0.0073261260986328125,-0.0024423599243164062,-0.0024423599243164062,-0.021978378295898438,0.28571510314941406,-0.0073261260986328125,-0.08058643341064453,-2.4273509979248047,7.268375396728516,-1.5555553436279297,0.1343097686767578,-0.10500621795654297,0.0,-2.903510479903534,6.546942134927768,-1.5831736458957564,0.003959796592838204,-0.005603916027408912
93,0,train,5,1,0.3490658503988659,0.5185086380006396,3,s,af3726fcacd0ac1320a56ea850b0a2c0f5430cf4eb20a45c078706980f08407e,d24fbe3839599a6a097188bae8cd47ce8083f27deef1341ae3086bf0d5a45bd1,87f63c0590d05baea263cdc42c6e1df2d063fa2def309ecb0283f3036bf33d46,87f63c0590d05baea263cdc42c6e1df2d063fa2def309ecb0283f3036bf33d46,1787978696.2964048,37280.133,18640118,0,0.9584569931030273,1.2136640548706055,1.556992530822754,-0.00133514404296875,0.00133514404296875,0.00438690185546875,-0.0073261260986328125,-0.0024423599243164062,-0.0024423599243164062,-0.021978378295898438,0.28571510314941406,-0.021978378295898438,-0.08058643341064453,-2.4273509979248047,7.282051086425781,-1.5555553436279297,0.14896202087402344,-0.10988998413085938,0.0,-2.9035178814894844,6.5469495365137185,-1.5831810474817058,0.0037407357144124843,-0.005579445307650315
93,0,train,5,1,0.3490658503988659,0.5205015969986562,3,s,af3726fcacd0ac1320a56ea850b0a2c0f5430cf4eb20a45c078706980f08407e,d24fbe3839599a6a097188bae8cd47ce8083f27deef1341ae3086bf0d5a45bd1,87f63c0590d05baea263cdc42c6e1df2d063fa2def309ecb0283f3036bf33d46,87f63c0590d05baea263cdc42c6e1df2d063fa2def309ecb0283f3036bf33d46,1787978696.2983317,37280.134999999995,18640119,0,0.9584569931030273,1.2136640548706055,1.556992530822754,-0.00133514404296875,0.00133514404296875,0.00438690185546875,-0.0073261260986328125,-0.0024423599243164062,-0.0024423599243164062,-0.0073261260986328125,0.2417583465576172,-0.021978378295898438,-0.07570171356201172,-2.4273509979248047,7.241024017333984,-1.5555553436279297,0.16849803924560547,-0.10988998413085938,0.0,-2.9035178814894844,6.5469495365137185,-1.5831810474817058,0.0037407357144124843,-0.005579445307650315
93,0,train,5,1,0.3490658503988659,0.5224226380014443,3,s,af3726fcacd0ac1320a56ea850b0a2c0f5430cf4eb20a45c078706980f08407e,d24fbe3839599a6a097188bae8cd47ce8083f27deef1341ae3086bf0d5a45bd1,87f63c0590d05baea263cdc42c6e1df2d063fa2def309ecb0283f3036bf33d46,87f63c0590d05baea263cdc42c6e1df2d063fa2def309ecb0283f3036bf33d46,1787978696.3002658,37280.136999999995,18640120,0,0.9584569931030273,1.2136640548706055,1.556992530822754,-0.00133514404296875,0.00171661376953125,0.00438690185546875,-0.0073261260986328125,-0.0024423599243164062,-0.0024423599243164062,0.0073261260986328125,0.21245384216308594,-0.0073261260986328125,-0.07570171356201172,-2.4410247802734375,7.323078155517578,-1.5506715774536133,0.1880340576171875,-0.10988998413085938,0.0,-2.903521799600925,6.546953454625159,-1.5831849655931458,0.003633761093189684,-0.005574331881876596
93,0,train,5,1,0.3490658503988659,0.5243631129997084,3,s,af3726fcacd0ac1320a56ea850b0a2c0f5430cf4eb20a45c078706980f08407e,d24fbe3839599a6a097188bae8cd47ce8083f27deef1341ae3086bf0d5a45bd1,87f63c0590d05baea263cdc42c6e1df2d063fa2def309ecb0283f3036bf33d46,87f63c0590d05baea263cdc42c6e1df2d063fa2def309ecb0283f3036bf33d46,1787978696.3022025,37280.138999999996,18640121,0,0.9584569931030273,1.2136640548706055,1.556992530822754,-0.00133514404296875,0.00247955322265625,0.00438690185546875,-0.0073261260986328125,-0.0024423599243164062,-0.0024423599243164062,-0.0073261260986328125,0.2417583465576172,-0.0073261260986328125,-0.07570171356201172,-2.4273509979248047,7.336753845214844,-1.5555553436279297,0.20757007598876953,-0.10988998413085938,0.0,-2.9035292948051175,6.5469609498293515,-1.5831924607973387,0.0034198102799655322,-0.005564105041118635
93,0,train,5,1,0.3490658503988659,0.5262932190016727,3,s,af3726fcacd0ac1320a56ea850b0a2c0f5430cf4eb20a45c078706980f08407e,d24fbe3839599a6a097188bae8cd47ce8083f27deef1341ae3086bf0d5a45bd1,87f63c0590d05baea263cdc42c6e1df2d063fa2def309ecb0283f3036bf33d46,87f63c0590d05baea263cdc42c6e1df2d063fa2def309ecb0283f3036bf33d46,1787978696.3040748,37280.140999999996,18640122,0,0.9584569931030273,1.2136640548706055,1.556992530822754,-0.00133514404296875,0.00324249267578125,0.00438690185546875,-0.0073261260986328125,-0.0024423599243164062,-0.0024423599243164062,-0.021978378295898438,0.2564105987548828,0.0073261260986328125,-0.08058643341064453,-2.4410247802734375,7.350425720214844,-1.5555553436279297,0.21733856201171875,-0.10988998413085938,0.0,-2.903536335314118,6.546967990338352,-1.5831995013063398,0.003205857476149906,-0.005553878219707311
93,0,train,5,1,0.3490658503988659,0.5281628309967346,3,s,af3726fcacd0ac1320a56ea850b0a2c0f5430cf4eb20a45c078706980f08407e,d24fbe3839599a6a097188bae8cd47ce8083f27deef1341ae3086bf0d5a45bd1,87f63c0590d05baea263cdc42c6e1df2d063fa2def309ecb0283f3036bf33d46,87f63c0590d05baea263cdc42c6e1df2d063fa2def309ecb0283f3036bf33d46,1787978696.3059976,37280.143,18640123,0,0.9584569931030273,1.2136640548706055,1.556992530822754,-0.00133514404296875,0.00362396240234375,0.00438690185546875,0.0073261260986328125,-0.0024423599243164062,-0.0024423599243164062,0.0073261260986328125,0.28571510314941406,0.0073261260986328125,-0.07570171356201172,-2.4273509979248047,7.377777099609375,-1.5555553436279297,0.21733856201171875,-0.10500621795654297,0.0,-2.9035396850566317,6.546971340080866,-1.583202851048853,0.003098880366688033,-0.005548764818116886
93,0,train,5,1,0.3490658503988659,0.530086159997154,3,s,af3726fcacd0ac1320a56ea850b0a2c0f5430cf4eb20a45c078706980f08407e,d24fbe3839599a6a097188bae8cd47ce8083f27deef1341ae3086bf0d5a45bd1,87f63c0590d05baea263cdc42c6e1df2d063fa2def309ecb0283f3036bf33d46,87f63c0590d05baea263cdc42c6e1df2d063fa2def309ecb0283f3036bf33d46,1787978696.3079588,37280.145,18640124,0,0.9584569931030273,1.2136640548706055,1.556992530822754,-0.00133514404296875,0.00476837158203125,0.00438690185546875,-0.0073261260986328125,-0.0024423599243164062,-0.0024423599243164062,-0.0073261260986328125,0.3296699523925781,-0.0073261260986328125,-0.07570171356201172,-2.4273509979248047,7.323078155517578,-1.560439109802246,0.21245384216308594,-0.10500621795654297,0.0,-2.9035490522304204,6.546980707254654,-1.5832122182226416,0.0027779463948929824,-0.0055334246587357356
93,0,train,5,1,0.3490658503988659,0.5320797969980049,3,s,af3726fcacd0ac1320a56ea850b0a2c0f5430cf4eb20a45c078706980f08407e,d24fbe3839599a6a097188bae8cd47ce8083f27deef1341ae3086bf0d5a45bd1,87f63c0590d05baea263cdc42c6e1df2d063fa2def309ecb0283f3036bf33d46,87f63c0590d05baea263cdc42c6e1df2d063fa2def309ecb0283f3036bf33d46,1787978696.3105166,37280.147,18640125,0,0.9584569931030273,1.2136640548706055,1.556992530822754,-0.00133514404296875,0.00553131103515625,0.00438690185546875,-0.0073261260986328125,-0.0024423599243164062,-0.0024423599243164062,-0.021978378295898438,0.373626708984375,-0.0073261260986328125,-0.07570171356201172,-2.4410247802734375,7.3094024658203125,-1.5555553436279297,0.20757007598876953,-0.10500621795654297,0.0,-2.903554728630318,6.546986383654552,-1.5832178946225397,0.0025639883665287016,-0.005523197931081024
93,0,train,5,1,0.3490658503988659,0.534611914998095,3,s,af3726fcacd0ac1320a56ea850b0a2c0f5430cf4eb20a45c078706980f08407e,d24fbe3839599a6a097188bae8cd47ce8083f27deef1341ae3086bf0d5a45bd1,87f63c0590d05baea263cdc42c6e1df2d063fa2def309ecb0283f3036bf33d46,87f63c0590d05baea263cdc42c6e1df2d063fa2def309ecb0283f3036bf33d46,1787978696.311857,37280.149,18640126,0,0.9584569931030273,1.2136640548706055,1.556992530822754,-0.00133514404296875,0.00591278076171875,0.00438690185546875,-0.021978378295898438,-0.0024423599243164062,-0.0024423599243164062,-0.0073261260986328125,0.34432220458984375,-0.021978378295898438,-0.08058643341064453,-2.4410247802734375,7.336753845214844,-1.5555553436279297,0.19780254364013672,-0.10988998413085938,0.0,-2.903557396314214,6.546989051338448,-1.583220562306436,0.0024570087848986857,-0.005518084583065763
93,0,train,5,1,0.3490658503988659,0.5359548139967956,3,s,af3726fcacd0ac1320a56ea850b0a2c0f5430cf4eb20a45c078706980f08407e,d24fbe3839599a6a097188bae8cd47ce8083f27deef1341ae3086bf0d5a45bd1,87f63c0590d05baea263cdc42c6e1df2d063fa2def309ecb0283f3036bf33d46,87f63c0590d05baea263cdc42c6e1df2d063fa2def309ecb0283f3036bf33d46,1787978696.314334,37280.151,18640127,0,0.9584569931030273,1.2136640548706055,1.556992530822754,-0.00133514404296875,0.00667572021484375,0.00438690185546875,-0.021978378295898438,-0.0024423599243164062,-0.0024423599243164062,0.0073261260986328125,0.3296699523925781,-0.021978378295898438,-0.08058643341064453,-2.4410247802734375,7.3094024658203125,-1.5506715774536133,0.1831502914428711,-0.10988998413085938,0.0,-2.9035623906479606,6.546994045672195,-1.5832255566401834,0.0022430485645807924,-0.0055078579223798805
93,0,train,5,1,0.3490658503988659,0.5384254500022507,3,s,af3726fcacd0ac1320a56ea850b0a2c0f5430cf4eb20a45c078706980f08407e,d24fbe3839599a6a097188bae8cd47ce8083f27deef1341ae3086bf0d5a45bd1,87f63c0590d05baea263cdc42c6e1df2d063fa2def309ecb0283f3036bf33d46,87f63c0590d05baea263cdc42c6e1df2d063fa2def309ecb0283f3036bf33d46,1787978696.31628,37280.153,18640128,0,0.9584569931030273,1.2136640548706055,1.556992530822754,-0.00133514404296875,0.00782012939453125,0.00476837158203125,0.0073261260986328125,-0.0024423599243164062,-0.0024423599243164062,-0.0073261260986328125,0.373626708984375,0.0073261260986328125,-0.08058643341064453,-2.4410247802734375,7.25469970703125,-1.5506715774536133,0.15873050689697266,-0.10988998413085938,0.0,-2.903569908445028,6.547001563469262,-1.583233074437249,0.001927218954055298,-0.005506767454756248
93,0,train,5,1,0.3490658503988659,0.5403791659991839,3,s,af3726fcacd0ac1320a56ea850b0a2c0f5430cf4eb20a45c078706980f08407e,d24fbe3839599a6a097188bae8cd47ce8083f27deef1341ae3086bf0d5a45bd1,87f63c0590d05baea263cdc42c6e1df2d063fa2def309ecb0283f3036bf33d46,87f63c0590d05baea263cdc42c6e1df2d063fa2def309ecb0283f3036bf33d46,1787978696.3182273,37280.155,18640129,0,0.9584569931030273,1.2136640548706055,1.556992530822754,-0.00133514404296875,0.00858306884765625,0.00476837158203125,-0.0073261260986328125,-0.0024423599243164062,-0.0024423599243164062,-0.0073261260986328125,0.40293121337890625,0.0073261260986328125,-0.07570171356201172,-2.4273509979248047,7.25469970703125,-1.5506715774536133,0.1343097686767578,-0.10500621795654297,0.0,-2.9035737768542673,6.547005431878501,-1.583236942846489,0.0017132556711936375,-0.0054965415209868515
93,0,train,5,1,0.3490658503988659,0.5423220070006209,3,s,af3726fcacd0ac1320a56ea850b0a2c0f5430cf4eb20a45c078706980f08407e,d24fbe3839599a6a097188bae8cd47ce8083f27deef1341ae3086bf0d5a45bd1,87f63c0590d05baea263cdc42c6e1df2d063fa2def309ecb0283f3036bf33d46,87f63c0590d05baea263cdc42c6e1df2d063fa2def309ecb0283f3036bf33d46,1787978696.3201885,37280.157,18640130,0,0.9584569931030273,1.2136640548706055,1.556992530822754,-0.00133514404296875,0.00972747802734375,0.00476837158203125,-0.0073261260986328125,-0.0024423599243164062,-0.0024423599243164062,-0.0073261260986328125,0.41758155822753906,-0.0073261260986328125,-0.07570171356201172,-2.4273509979248047,7.323078155517578,-1.5555553436279297,0.11477375030517578,-0.10500621795654297,0.0,-2.903578726866303,6.547010381890537,-1.5832418928585246,0.0013923089159847465,-0.005481202747751351
93,0,train,5,1,0.3490658503988659,0.5442907729957369,3,s,af3726fcacd0ac1320a56ea850b0a2c0f5430cf4eb20a45c078706980f08407e,d24fbe3839599a6a097188bae8cd47ce8083f27deef1341ae3086bf0d5a45bd1,87f63c0590d05baea263cdc42c6e1df2d063fa2def309ecb0283f3036bf33d46,87f63c0590d05baea263cdc42c6e1df2d063fa2def309ecb0283f3036bf33d46,1787978696.3221242,37280.159,18640131,0,0.9584569931030273,1.2136640548706055,1.556992530822754,-0.00133514404296875,0.01049041748046875,0.00476837158203125,0.0073261260986328125,-0.0024423599243164062,-0.0024423599243164062,0.0073261260986328125,0.4322338104248047,-0.0073261260986328125,-0.08058643341064453,-2.4410247802734375,7.377777099609375,-1.5555553436279297,0.10012245178222656,-0.10500621795654297,0.0,-2.9035814584703092,6.547013113494543,-1.5832446244625304,0.0011783433735274855,-0.005470976992553743
93,0,train,5,1,0.3490658503988659,0.5462194450010429,3,s,af3726fcacd0ac1320a56ea850b0a2c0f5430cf4eb20a45c078706980f08407e,d24fbe3839599a6a097188bae8cd47ce8083f27deef1341ae3086bf0d5a45bd1,87f63c0590d05baea263cdc42c6e1df2d063fa2def309ecb0283f3036bf33d46,87f63c0590d05baea263cdc42c6e1df2d063fa2def309ecb0283f3036bf33d46,1787978696.32411,37280.161,18640132,0,0.9584569931030273,1.2136640548706055,1.556992530822754,-0.00133514404296875,0.01125335693359375,0.00476837158203125,-0.0073261260986328125,-0.0024423599243164062,-0.0024423599243164062,0.0073261260986328125,0.40293121337890625,-0.021978378295898438,-0.08058643341064453,-2.4410247802734375,7.336753845214844,-1.5555553436279297,0.08547019958496094,-0.10988998413085938,0.0,-2.903583735349206,6.54701539037344,-1.5832469013414285,0.0009643771451841444,-0.005460751319201192
93,0,train,5,1,0.3490658503988659,0.5482113019970711,3,s,af3726fcacd0ac1320a56ea850b0a2c0f5430cf4eb20a45c078706980f08407e,d24fbe3839599a6a097188bae8cd47ce8083f27deef1341ae3086bf0d5a45bd1,87f63c0590d05baea263cdc42c6e1df2d063fa2def309ecb0283f3036bf33d46,87f63c0590d05baea263cdc42c6e1df2d063fa2def309ecb0283f3036bf33d46,1787978696.3261669,37280.163,18640133,0,0.9584569931030273,1.2136640548706055,1.556992530822754,-0.00133514404296875,0.01201629638671875,0.00476837158203125,0.0073261260986328125,-0.0024423599243164062,-0.0024423599243164062,-0.0073261260986328125,0.41758155822753906,-0.0073261260986328125,-0.07570171356201172,-2.4410247802734375,7.364101409912109,-1.5555553436279297,0.07081794738769531,-0.10988998413085938,0.0,-2.9035855575016725,6.5470172125259065,-1.5832487234938932,0.0007504103554994463,-0.005450525733645823
93,0,train,5,1,0.3490658503988659,0.5502778879963444,3,s,af3726fcacd0ac1320a56ea850b0a2c0f5430cf4eb20a45c078706980f08407e,d24fbe3839599a6a097188bae8cd47ce8083f27deef1341ae3086bf0d5a45bd1,87f63c0590d05baea263cdc42c6e1df2d063fa2def309ecb0283f3036bf33d46,87f63c0590d05baea263cdc42c6e1df2d063fa2def309ecb0283f3036bf33d46,1787978696.328088,37280.165,18640134,0,0.9584569931030273,1.2136640548706055,1.556992530822754,-0.00133514404296875,0.01316070556640625,0.00476837158203125,-0.0073261260986328125,-0.0024423599243164062,-0.0024423599243164062,-0.021978378295898438,0.4322338104248047,-0.0073261260986328125,-0.07570171356201172,-2.4410247802734375,7.391452789306641,-1.5555553436279297,0.0610504150390625,-0.10500621795654297,0.0,-2.9035874381160602,6.547019093140294,-1.5832506041082814,0.0004294593908997532,-0.005435187532952632
93,0,train,5,1,0.3490658503988659,0.5522085139964474,3,s,af3726fcacd0ac1320a56ea850b0a2c0f5430cf4eb20a45c078706980f08407e,d24fbe3839599a6a097188bae8cd47ce8083f27deef1341ae3086bf0d5a45bd1,87f63c0590d05baea263cdc42c6e1df2d063fa2def309ecb0283f3036bf33d46,87f63c0590d05baea263cdc42c6e1df2d063fa2def309ecb0283f3036bf33d46,1787978696.3301158,37280.167,18640135,0,0.9584569931030273,1.2136640548706055,1.556992530822754,-0.00133514404296875,0.01392364501953125,0.00476837158203125,-0.021978378295898438,-0.0024423599243164062,-0.0024423599243164062,-0.0073261260986328125,0.40293121337890625,-0.0073261260986328125,-0.07570171356201172,-2.4410247802734375,7.350425720214844,-1.560439109802246,0.05616569519042969,-0.10500621795654297,0.0,-2.903588123448381,6.547019778472615,-1.5832512894406026,0.00021549174274684314,-0.0054249621929304175
93,0,train,5,1,0.3490658503988659,0.5542245190008543,3,s,af3726fcacd0ac1320a56ea850b0a2c0f5430cf4eb20a45c078706980f08407e,d24fbe3839599a6a097188bae8cd47ce8083f27deef1341ae3086bf0d5a45bd1,87f63c0590d05baea263cdc42c6e1df2d063fa2def309ecb0283f3036bf33d46,87f63c0590d05baea263cdc42c6e1df2d063fa2def309ecb0283f3036bf33d46,1787978696.3321745,37280.169,18640136,0,0.9584569931030273,1.2136640548706055,1.556992530822754,-0.00133514404296875,0.01468658447265625,0.00476837158203125,-0.0073261260986328125,-0.0024423599243164062,-0.0024423599243164062,0.0073261260986328125,0.3882789611816406,-0.0073261260986328125,-0.07570171356201172,-2.4410247802734375,7.350425720214844,-1.5555553436279297,0.046398162841796875,-0.10500621795654297,0.0,-2.9035883540517147,6.547020009075949,-1.5832515200439363,1.523969161236309e-06,-0.005414736961537398
93,0,train,5,1,0.3490658503988659,0.5562883519960451,3,s,af3726fcacd0ac1320a56ea850b0a2c0f5430cf4eb20a45c078706980f08407e,d24fbe3839599a6a097188bae8cd47ce8083f27deef1341ae3086bf0d5a45bd1,87f63c0590d05baea263cdc42c6e1df2d063fa2def309ecb0283f3036bf33d46,87f63c0590d05baea263cdc42c6e1df2d063fa2def309ecb0283f3036bf33d46,1787978696.33416,37280.170999999995,18640137,0,0.9584569931030273,1.2136640548706055,1.556992530822754,-0.00133514404296875,0.01544952392578125,0.00476837158203125,-0.021978378295898438,-0.0024423599243164062,-0.0024423599243164062,0.0073261260986328125,0.41758155822753906,-0.0073261260986328125,-0.07570171356201172,-2.4410247802734375,7.377777099609375,-1.5555553436279297,0.036629676818847656,-0.10500621795654297,0.0,-2.9035881299259265,6.547019784950161,-1.5832512959181482,-0.00021244380531144046,-0.005404511844725439
93,0,train,5,1,0.3490658503988659,0.5582625600000028,3,s,af3726fcacd0ac1320a56ea850b0a2c0f5430cf4eb20a45c078706980f08407e,d24fbe3839599a6a097188bae8cd47ce8083f27deef1341ae3086bf0d5a45bd1,87f63c0590d05baea263cdc42c6e1df2d063fa2def309ecb0283f3036bf33d46,87f63c0590d05baea263cdc42c6e1df2d063fa2def309ecb0283f3036bf33d46,1787978696.3361793,37280.172999999995,18640138,0,0.9584569931030273,1.2136640548706055,1.556992530822754,-0.00133514404296875,0.01621246337890625,0.00476837158203125,-0.021978378295898438,-0.0024423599243164062,-0.0024423599243164062,-0.021978378295898438,0.4322338104248047,-0.0073261260986328125,-0.07570171356201172,-2.4410247802734375,7.418804168701172,-1.5555553436279297,0.03174591064453125,-0.10500621795654297,0.0,-2.903587451071148,6.547019106095382,-1.5832506170633693,-0.0004264114561255499,-0.005394286848446342
93,0,train,5,1,0.3490658503988659,0.5602877380006248,3,s,af3726fcacd0ac1320a56ea850b0a2c0f5430cf4eb20a45c078706980f08407e,d24fbe3839599a6a097188bae8cd47ce8083f27deef1341ae3086bf0d5a45bd1,87f63c0590d05baea263cdc42c6e1df2d063fa2def309ecb0283f3036bf33d46,87f63c0590d05baea263cdc42c6e1df2d063fa2def309ecb0283f3036bf33d46,1787978696.338145,37280.174999999996,18640139,0,0.9584569931030273,1.2136640548706055,1.556992530822754,-0.00133514404296875,0.01735687255859375,0.00476837158203125,0.0073261260986328125,-0.0024423599243164062,-0.0024423599243164062,0.0073261260986328125,0.4322338104248047,-0.0073261260986328125,-0.07570171356201172,-2.4410247802734375,7.391452789306641,-1.5555553436279297,0.026862144470214844,-0.10500621795654297,0.0,-2.9035855801730586,6.547017235197293,-1.58324874616528,-0.0007473624280435361,-0.005378949593046207
93,0,train,5,1,0.3490658503988659,0.5622436819976429,3,s,af3726fcacd0ac1320a56ea850b0a2c0f5430cf4eb20a45c078706980f08407e,d24fbe3839599a6a097188bae8cd47ce8083f27deef1341ae3086bf0d5a45bd1,87f63c0590d05baea263cdc42c6e1df2d063fa2def309ecb0283f3036bf33d46,87f63c0590d05baea263cdc42c6e1df2d063fa2def309ecb0283f3036bf33d46,1787978696.3403063,37280.176999999996,18640140,0,0.9584569931030273,1.2136640548706055,1.556992530822754,-0.00133514404296875,0.01773834228515625,0.00476837158203125,0.0073261260986328125,-0.0024423599243164062,-0.0024423599243164062,0.0073261260986328125,0.3882789611816406,-0.0073261260986328125,-0.08058643341064453,-2.454700469970703,7.336753845214844,-1.5555553436279297,0.026862144470214844,-0.10500621795654297,0.0,-2.903584729176463,6.547016384200697,-1.583247895168684,-0.0008543458885959905,-0.005373837241293588
93,0,train,5,1,0.3490658503988659,0.5644190940001863,3,s,af3726fcacd0ac1320a56ea850b0a2c0f5430cf4eb20a45c078706980f08407e,d24fbe3839599a6a097188bae8cd47ce8083f27deef1341ae3086bf0d5a45bd1,87f63c0590d05baea263cdc42c6e1df2d063fa2def309ecb0283f3036bf33d46,87f63c0590d05baea263cdc42c6e1df2d063fa2def309ecb0283f3036bf33d46,1787978696.3423562,37280.179,18640141,0,0.9584569931030273,1.2136640548706055,1.556992530822754,-0.00133514404296875,0.01888275146484375,0.00476837158203125,-0.0073261260986328125,-0.0024423599243164062,-0.0024423599243164062,-0.0073261260986328125,0.3882789611816406,-0.0073261260986328125,-0.07570171356201172,-2.454700469970703,7.268375396728516,-1.5555553436279297,0.021978378295898438,-0.10988998413085938,0.0,-2.9035814940967106,6.547013149120945,-1.5832446600889327,-0.0011752954620387452,-0.005358500396593237
93,0,train,5,1,0.3490658503988659,0.5664637539957766,3,s,af3726fcacd0ac1320a56ea850b0a2c0f5430cf4eb20a45c078706980f08407e,d24fbe3839599a6a097188bae8cd47ce8083f27deef1341ae3086bf0d5a45bd1,87f63c0590d05baea263cdc42c6e1df2d063fa2def309ecb0283f3036bf33d46,87f63c0590d05baea263cdc42c6e1df2d063fa2def309ecb0283f3036bf33d46,1787978696.3443587,37280.181,18640142,0,0.9584569931030273,1.2136640548706055,1.556992530822754,-0.00133514404296875,0.01964569091796875,0.00476837158203125,-0.021978378295898438,-0.0024423599243164062,-0.0024423599243164062,-0.0073261260986328125,0.3882789611816406,-0.0073261260986328125,-0.08058643341064453,-2.4410247802734375,7.268375396728516,-1.5555553436279297,0.017093658447265625,-0.10988998413085938,0.0,-2.9035787689701844,6.5470104239944185,-1.5832419349624056,-0.001389261015140772,-0.005348276016363597
93,0,train,5,1,0.3490658503988659,0.5684586549978121,3,s,af3726fcacd0ac1320a56ea850b0a2c0f5430cf4eb20a45c078706980f08407e,d24fbe3839599a6a097188bae8cd47ce8083f27deef1341ae3086bf0d5a45bd1,87f63c0590d05baea263cdc42c6e1df2d063fa2def309ecb0283f3036bf33d46,87f63c0590d05baea263cdc42c6e1df2d063fa2def309ecb0283f3036bf33d46,1787978696.3463047,37280.183,18640143,0,0.9584569931030273,1.2136640548706055,1.556992530822754,-0.00133514404296875,0.02040863037109375,0.00476837158203125,-0.0073261260986328125,-0.0024423599243164062,-0.0024423599243164062,-0.021978378295898438,0.40293121337890625,0.0073261260986328125,-0.08058643341064453,-2.4410247802734375,7.282051086425781,-1.5506715774536133,0.017093658447265625,-0.10500621795654297,0.0,-2.903575589120114,6.547007244144348,-1.5832387551123361,-0.0016032257595864968,-0.005338051789400378
93,0,train,5,1,0.3490658503988659,0.5704011929992703,3,s,af3726fcacd0ac1320a56ea850b0a2c0f5430cf4eb20a45c078706980f08407e,d24fbe3839599a6a097188bae8cd47ce8083f27deef1341ae3086bf0d5a45bd1,87f63c0590d05baea263cdc42c6e1df2d063fa2def309ecb0283f3036bf33d46,87f63c0590d05baea263cdc42c6e1df2d063fa2def309ecb0283f3036bf33d46,1787978696.3482647,37280.185,18640144,0,0.9584569931030273,1.2136640548706055,1.556992530822754,-0.00133514404296875,0.02079010009765625,0.00476837158203125,-0.0073261260986328125,-0.0024423599243164062,-0.0024423599243164062,-0.021978378295898438,0.3589744567871094,-0.0073261260986328125,-0.08058643341064453,-2.4273509979248047,7.295726776123047,-1.5506715774536133,0.017093658447265625,-0.10500621795654297,0.0,-2.9035738286743196,6.547005483698554,-1.5832369946665408,-0.0017102077896432649,-0.0053329397352534546
93,0,train,5,1,0.3490658503988659,0.5723838839985547,3,s,af3726fcacd0ac1320a56ea850b0a2c0f5430cf4eb20a45c078706980f08407e,d24fbe3839599a6a097188bae8cd47ce8083f27deef1341ae3086bf0d5a45bd1,87f63c0590d05baea263cdc42c6e1df2d063fa2def309ecb0283f3036bf33d46,87f63c0590d05baea263cdc42c6e1df2d063fa2def309ecb0283f3036bf33d46,1787978696.3502953,37280.187,18640145,0,0.9584569931030273,1.2136640548706055,1.556992530822754,-0.00133514404296875,0.02155303955078125,0.00476837158203125,-0.0073261260986328125,-0.0024423599243164062,-0.0024423599243164062,0.0073261260986328125,0.3296699523925781,-0.0073261260986328125,-0.08058643341064453,-2.4410247802734375,7.295726776123047,-1.5555553436279297,0.017093658447265625,-0.10500621795654297,0.0,-2.9035699667424892,6.547001621766723,-1.5832331327347116,-0.0019241710875849546,-0.005322715749348494
93,0,train,5,1,0.3490658503988659,0.574398728000233,3,s,af3726fcacd0ac1320a56ea850b0a2c0f5430cf4eb20a45c078706980f08407e,d24fbe3839599a6a097188bae8cd47ce8083f27deef1341ae3086bf0d5a45bd1,87f63c0590d05baea263cdc42c6e1df2d063fa2def309ecb0283f3036bf33d46,87f63c0590d05baea263cdc42c6e1df2d063fa2def309ecb0283f3036bf33d46,1787978696.3523319,37280.189,18640146,0,0.9584569931030273,1.2136640548706055,1.556992530822754,-0.00133514404296875,0.02193450927734375,0.00476837158203125,-0.021978378295898438,-0.0024423599243164062,-0.0024423599243164062,-0.0073261260986328125,0.3150177001953125,-0.0073261260986328125,-0.08058643341064453,-2.454700469970703,7.25469970703125,-1.5555553436279297,0.021978378295898438,-0.10500621795654297,0.0,-2.9035678652570165,6.5469995202812505,-1.5832310312492386,-0.0020311523243341156,-0.005317603819078242
93,0,train,5,1,0.3490658503988659,0.5764414239965845,3,s,af3726fcacd0ac1320a56ea850b0a2c0f5430cf4eb20a45c078706980f08407e,d24fbe3839599a6a097188bae8cd47ce8083f27deef1341ae3086bf0d5a45bd1,87f63c0590d05baea263cdc42c6e1df2d063fa2def309ecb0283f3036bf33d46,87f63c0590d05baea263cdc42c6e1df2d063fa2def309ecb0283f3036bf33d46,1787978696.3545072,37280.191,18640147,0,0.9584569931030273,1.2136640548706055,1.556992530822754,-0.00133514404296875,0.02269744873046875,0.00476837158203125,0.0073261260986328125,-0.0024423599243164062,-0.0024423599243164062,0.0073261260986328125,0.3150177001953125,-0.0073261260986328125,-0.07570171356201172,-2.4410247802734375,7.3094024658203125,-1.5555553436279297,0.026862144470214844,-0.10500621795654297,0.0,-2.9035633212484853,6.546994976272719,-1.5832264872407071,-0.0022451138955499796,-0.005307380087621608
93,0,train,5,1,0.3490658503988659,0.5786184070020681,3,s,af3726fcacd0ac1320a56ea850b0a2c0f5430cf4eb20a45c078706980f08407e,d24fbe3839599a6a097188bae8cd47ce8083f27deef1341ae3086bf0d5a45bd1,87f63c0590d05baea263cdc42c6e1df2d063fa2def309ecb0283f3036bf33d46,87f63c0590d05baea263cdc42c6e1df2d063fa2def309ecb0283f3036bf33d46,1787978696.3559582,37280.193,18640148,0,0.9584569931030273,1.2136640548706055,1.556992530822754,-0.00133514404296875,0.02346038818359375,0.00476837158203125,0.0073261260986328125,-0.0024423599243164062,-0.0024423599243164062,-0.0073261260986328125,0.3003654479980469,-0.0073261260986328125,-0.07570171356201172,-2.4410247802734375,7.350425720214844,-1.5555553436279297,0.03174591064453125,-0.10500621795654297,0.0,-2.903558322525402,6.546989977549636,-1.583221488517624,-0.0024590741599376242,-0.0052971565332359605
93,0,train,5,1,0.3490658503988659,0.5800725689987303,3,s,af3726fcacd0ac1320a56ea850b0a2c0f5430cf4eb20a45c078706980f08407e,d24fbe3839599a6a097188bae8cd47ce8083f27deef1341ae3086bf0d5a45bd1,87f63c0590d05baea263cdc42c6e1df2d063fa2def309ecb0283f3036bf33d46,87f63c0590d05baea263cdc42c6e1df2d063fa2def309ecb0283f3036bf33d46,1787978696.3579912,37280.195,18640149,0,0.9584569931030273,1.2136640548706055,1.556992530822754,-0.00133514404296875,0.02384185791015625,0.00476837158203125,-0.0073261260986328125,-0.0024423599243164062,-0.0024423599243164062,-0.0073261260986328125,0.3003654479980469,-0.0073261260986328125,-0.07570171356201172,-2.4410247802734375,7.3094024658203125,-1.5555553436279297,0.046398162841796875,-0.10988998413085938,0.0,-2.9035556526468045,6.5469873076710385,-1.5832188186390257,-0.0025660537631516903,-0.005292044824304413
93,0,train,5,1,0.3490658503988659,0.5820980019998387,3,s,af3726fcacd0ac1320a56ea850b0a2c0f5430cf4eb20a45c078706980f08407e,d24fbe3839599a6a097188bae8cd47ce8083f27deef1341ae3086bf0d5a45bd1,87f63c0590d05baea263cdc42c6e1df2d063fa2def309ecb0283f3036bf33d46,87f63c0590d05baea263cdc42c6e1df2d063fa2def309ecb0283f3036bf33d46,1787978696.3600469,37280.197,18640150,0,0.9584569931030273,1.2136640548706055,1.556992530822754,-0.00133514404296875,0.02422332763671875,0.00476837158203125,-0.0073261260986328125,-0.0024423599243164062,-0.0024423599243164062,-0.0073261260986328125,0.2564105987548828,-0.0073261260986328125,-0.07570171356201172,-2.4410247802734375,7.295726776123047,-1.5555553436279297,0.0659341812133789,-0.10988998413085938,0.0,-2.903552869090679,6.546984524114913,-1.583216035082901,-0.0026730329929557893,-0.005286933161872188
93,0,train,5,1,0.3490658503988659,0.5841597359976731,3,s,af3726fcacd0ac1320a56ea850b0a2c0f5430cf4eb20a45c078706980f08407e,d24fbe3839599a6a097188bae8cd47ce8083f27deef1341ae3086bf0d5a45bd1,87f63c0590d05baea263cdc42c6e1df2d063fa2def309ecb0283f3036bf33d46,87f63c0590d05baea263cdc42c6e1df2d063fa2def309ecb0283f3036bf33d46,1787978696.3620615,37280.199,18640151,0,0.9584569931030273,1.2136640548706055,1.556992530822754,-0.00133514404296875,0.02460479736328125,0.00476837158203125,-0.0073261260986328125,-0.0024423599243164062,-0.0024423599243164062,-0.021978378295898438,0.22710609436035156,-0.0073261260986328125,-0.08058643341064453,-2.4410247802734375,7.282051086425781,-1.560439109802246,0.09035396575927734,-0.10988998413085938,0.0,-2.903549971857433,6.546981626881667,-1.5832131378496552,-0.002780011833782399,-0.005281821546683127
93,0,train,5,1,0.3490658503988659,0.586164367996389,3,s,af3726fcacd0ac1320a56ea850b0a2c0f5430cf4eb20a45c078706980f08407e,d24fbe3839599a6a097188bae8cd47ce8083f27deef1341ae3086bf0d5a45bd1,87f63c0590d05baea263cdc42c6e1df2d063fa2def309ecb0283f3036bf33d46,87f63c0590d05baea263cdc42c6e1df2d063fa2def309ecb0283f3036bf33d46,1787978696.3640747,37280.201,18640152,0,0.9584569931030273,1.2136640548706055,1.556992530822754,-0.00133514404296875,0.02498626708984375,0.00476837158203125,-0.021978378295898438,-0.0024423599243164062,-0.0024423599243164062,-0.0073261260986328125,0.1978015899658203,-0.0073261260986328125,-0.08058643341064453,-2.4410247802734375,7.350425720214844,-1.5555553436279297,0.1196584701538086,-0.10988998413085938,0.0,-2.9035469609474904,6.5469786159717245,-1.5832101269397112,-0.0028869902700640456,-0.005276709979481074
93,0,train,5,1,0.3490658503988659,0.5881828100027633,3,s,af3726fcacd0ac1320a56ea850b0a2c0f5430cf4eb20a45c078706980f08407e,d24fbe3839599a6a097188bae8cd47ce8083f27deef1341ae3086bf0d5a45bd1,87f63c0590d05baea263cdc42c6e1df2d063fa2def309ecb0283f3036bf33d46,87f63c0590d05baea263cdc42c6e1df2d063fa2def309ecb0283f3036bf33d46,1787978696.3660543,37280.203,18640153,0,0.9584569931030273,1.2136640548706055,1.556992530822754,-0.00133514404296875,0.02536773681640625,0.00476837158203125,-0.0073261260986328125,-0.0024423599243164062,-0.0024423599243164062,-0.0073261260986328125,0.21245384216308594,0.0073261260986328125,-0.07570171356201172,-2.4410247802734375,7.323078155517578,-1.5555553436279297,0.14896202087402344,-0.10500621795654297,0.0,-2.9035438363612847,6.546975491385519,-1.5832070023535054,-0.00299396828623332,-0.005271598461009855
93,0,train,5,1,0.3490658503988659,0.5901554570009466,3,s,af3726fcacd0ac1320a56ea850b0a2c0f5430cf4eb20a45c078706980f08407e,d24fbe3839599a6a097188bae8cd47ce8083f27deef1341ae3086bf0d5a45bd1,87f63c0590d05baea263cdc42c6e1df2d063fa2def309ecb0283f3036bf33d46,87f63c0590d05baea263cdc42c6e1df2d063fa2def309ecb0283f3036bf33d46,1787978696.368114,37280.205,18640154,0,0.9584569931030273,1.2136640548706055,1.556992530822754,-0.00133514404296875,0.02574920654296875,0.00476837158203125,-0.0073261260986328125,-0.0024423599243164062,-0.0024423599243164062,-0.03663063049316406,0.22710609436035156,-0.0073261260986328125,-0.07570171356201172,-2.4410247802734375,7.364101409912109,-1.5555553436279297,0.16849803924560547,-0.10500621795654297,0.0,-2.9035405980992723,6.546972253123506,-1.583203764091493,-0.0031009458667228765,-0.0052664869920132935
93,0,train,5,1,0.3490658503988659,0.5922484330003499,3,s,af3726fcacd0ac1320a56ea850b0a2c0f5430cf4eb20a45c078706980f08407e,d24fbe3839599a6a097188bae8cd47ce8083f27deef1341ae3086bf0d5a45bd1,87f63c0590d05baea263cdc42c6e1df2d063fa2def309ecb0283f3036bf33d46,87f63c0590d05baea263cdc42c6e1df2d063fa2def309ecb0283f3036bf33d46,1787978696.3702111,37280.206999999995,18640155,0,0.9584569931030273,1.2136640548706055,1.556992530822754,-0.00133514404296875,0.02651214599609375,0.00476837158203125,-0.0073261260986328125,-0.0024423599243164062,-0.0024423599243164062,-0.0073261260986328125,0.27106285095214844,-0.0073261260986328125,-0.07570171356201172,-2.4410247802734375,7.364101409912109,-1.5555553436279297,0.1831502914428711,-0.10500621795654297,0.0,-2.9035337805497305,6.546965435573965,-1.5831969465419524,-0.0033148996583937476,-0.0052562642054194125
93,0,train,5,1,0.3490658503988659,0.5943258560000686,3,s,af3726fcacd0ac1320a56ea850b0a2c0f5430cf4eb20a45c078706980f08407e,d24fbe3839599a6a097188bae8cd47ce8083f27deef1341ae3086bf0d5a45bd1,87f63c0590d05baea263cdc42c6e1df2d063fa2def309ecb0283f3036bf33d46,87f63c0590d05baea263cdc42c6e1df2d063fa2def309ecb0283f3036bf33d46,1787978696.3722365,37280.208999999995,18640156,0,0.9584569931030273,1.2136640548706055,1.556992530822754,-0.00133514404296875,0.02727508544921875,0.00438690185546875,-0.0073261260986328125,-0.0024423599243164062,-0.0024423599243164062,-0.0073261260986328125,0.28571510314941406,-0.021978378295898438,-0.07570171356201172,-2.4410247802734375,7.323078155517578,-1.5555553436279297,0.19780254364013672,-0.10988998413085938,0.0,-2.903525352357833,6.546957007382067,-1.583188518350054,-0.0035339629041231486,-0.005231777272572181
93,0,train,5,1,0.3490658503988659,0.5963466909961426,3,s,af3726fcacd0ac1320a56ea850b0a2c0f5430cf4eb20a45c078706980f08407e,d24fbe3839599a6a097188bae8cd47ce8083f27deef1341ae3086bf0d5a45bd1,87f63c0590d05baea263cdc42c6e1df2d063fa2def309ecb0283f3036bf33d46,87f63c0590d05baea263cdc42c6e1df2d063fa2def309ecb0283f3036bf33d46,1787978696.3742077,37280.210999999996,18640157,0,0.9584569931030273,1.2136640548706055,1.556992530822754,-0.00133514404296875,0.02765655517578125,0.00438690185546875,-0.0073261260986328125,-0.0024423599243164062,-0.0024423599243164062,-0.0073261260986328125,0.27106285095214844,-0.0073261260986328125,-0.07570171356201172,-2.4273509979248047,7.323078155517578,-1.560439109802246,0.20757007598876953,-0.10988998413085938,0.0,-2.9035215402928034,6.5469531953170375,-1.5831847062850246,-0.0036409380191390543,-0.005226665769437432
93,0,train,5,1,0.3490658503988659,0.5983071189984912,3,s,af3726fcacd0ac1320a56ea850b0a2c0f5430cf4eb20a45c078706980f08407e,d24fbe3839599a6a097188bae8cd47ce8083f27deef1341ae3086bf0d5a45bd1,87f63c0590d05baea263cdc42c6e1df2d063fa2def309ecb0283f3036bf33d46,87f63c0590d05baea263cdc42c6e1df2d063fa2def309ecb0283f3036bf33d46,1787978696.376149,37280.212999999996,18640158,0,0.9584569931030273,1.2136640548706055,1.556992530822754,-0.00133514404296875,0.02841949462890625,0.00438690185546875,0.0073261260986328125,-0.0024423599243164062,-0.0024423599243164062,-0.0073261260986328125,0.27106285095214844,-0.0073261260986328125,-0.07570171356201172,-2.4273509979248047,7.364101409912109,-1.5555553436279297,0.21245384216308594,-0.10988998413085938,0.0,-2.9035135751452965,6.546945230169531,-1.5831767411375173,-0.003854886644125383,-0.005216442925733359
93,0,train,5,1,0.3490658503988659,0.6002421660014079,3,s,af3726fcacd0ac1320a56ea850b0a2c0f5430cf4eb20a45c078706980f08407e,d24fbe3839599a6a097188bae8cd47ce8083f27deef1341ae3086bf0d5a45bd1,87f63c0590d05baea263cdc42c6e1df2d063fa2def309ecb0283f3036bf33d46,87f63c0590d05baea263cdc42c6e1df2d063fa2def309ecb0283f3036bf33d46,1787978696.3780873,37280.215,18640159,0,0.9584569931030273,1.2136640548706055,1.556992530822754,-0.00133514404296875,0.02880096435546875,0.00438690185546875,0.0073261260986328125,-0.0024423599243164062,-0.0024423599243164062,-0.0073261260986328125,0.27106285095214844,-0.0073261260986328125,-0.07570171356201172,-2.4410247802734375,7.364101409912109,-1.560439109802246,0.20757007598876953,-0.10988998413085938,0.0,-2.903509422063976,6.54694107708821,-1.5831725880561975,-0.003961860122962188,-0.005211331586651652
93,0,train,5,1,0.3490658503988659,0.6021822559996508,3,s,af3726fcacd0ac1320a56ea850b0a2c0f5430cf4eb20a45c078706980f08407e,d24fbe3839599a6a097188bae8cd47ce8083f27deef1341ae3086bf0d5a45bd1,87f63c0590d05baea263cdc42c6e1df2d063fa2def309ecb0283f3036bf33d46,87f63c0590d05baea263cdc42c6e1df2d063fa2def309ecb0283f3036bf33d46,1787978696.3800502,37280.217,18640160,0,0.9584569931030273,1.2136640548706055,1.556992530822754,-0.00133514404296875,0.02956390380859375,0.00476837158203125,-0.0073261260986328125,-0.0024423599243164062,-0.0024423599243164062,-0.0073261260986328125,0.3003654479980469,0.0073261260986328125,-0.07570171356201172,-2.4273509979248047,7.377777099609375,-1.560439109802246,0.20268630981445312,-0.10500621795654297,0.0,-2.9035019634216623,6.546933618445896,-1.5831651294138844,-0.004170694284464984,-0.005215375186789917
93,0,train,5,1,0.3490658503988659,0.6041497309997794,3,s,af3726fcacd0ac1320a56ea850b0a2c0f5430cf4eb20a45c078706980f08407e,d24fbe3839599a6a097188bae8cd47ce8083f27deef1341ae3086bf0d5a45bd1,87f63c0590d05baea263cdc42c6e1df2d063fa2def309ecb0283f3036bf33d46,87f63c0590d05baea263cdc42c6e1df2d063fa2def309ecb0283f3036bf33d46,1787978696.382001,37280.219,18640161,0,0.9584569931030273,1.2136640548706055,1.556992530822754,-0.00133514404296875,0.03070831298828125,0.00476837158203125,-0.0073261260986328125,-0.0024423599243164062,-0.0024423599243164062,-0.0073261260986328125,0.34432220458984375,0.0073261260986328125,-0.07570171356201172,-2.4410247802734375,7.364101409912109,-1.5555553436279297,0.1831502914428711,-0.10500621795654297,0.0,-2.9034881564317305,6.546919811455965,-1.5831513224239513,-0.004491607683213444,-0.005200042735678286
93,0,train,5,1,0.3490658503988659,0.6061010159974103,3,s,af3726fcacd0ac1320a56ea850b0a2c0f5430cf4eb20a45c078706980f08407e,d24fbe3839599a6a097188bae8cd47ce8083f27deef1341ae3086bf0d5a45bd1,87f63c0590d05baea263cdc42c6e1df2d063fa2def309ecb0283f3036bf33d46,87f63c0590d05baea263cdc42c6e1df2d063fa2def309ecb0283f3036bf33d46,1787978696.383957,37280.221,18640162,0,0.9584569931030273,1.2136640548706055,1.556992530822754,-0.00133514404296875,0.031472206115722656,0.00476837158203125,-0.0073261260986328125,-0.0024423599243164062,-0.0024423599243164062,-0.0073261260986328125,0.373626708984375,-0.0073261260986328125,-0.07570171356201172,-2.4410247802734375,7.323078155517578,-1.5555553436279297,0.16849803924560547,-0.10500621795654297,0.0,-2.9034783709313667,6.546910025955601,-1.5831415369235884,-0.004705814129006563,-0.00518980862328381
93,0,train,5,1,0.3490658503988659,0.6080523670025286,3,s,af3726fcacd0ac1320a56ea850b0a2c0f5430cf4eb20a45c078706980f08407e,d24fbe3839599a6a097188bae8cd47ce8083f27deef1341ae3086bf0d5a45bd1,87f63c0590d05baea263cdc42c6e1df2d063fa2def309ecb0283f3036bf33d46,87f63c0590d05baea263cdc42c6e1df2d063fa2def309ecb0283f3036bf33d46,1787978696.3859327,37280.223,18640163,0,0.9584569931030273,1.2136640548706055,1.556992530822754,-0.00133514404296875,0.032235145568847656,0.00438690185546875,-0.0073261260986328125,-0.0024423599243164062,-0.0024423599243164062,-0.021978378295898438,0.373626708984375,-0.03663063049316406,-0.07570171356201172,-2.4273509979248047,7.295726776123047,-1.560439109802246,0.16361427307128906,-0.10500621795654297,0.0,-2.9034669161364532,6.546898571160687,-1.583130082128674,-0.004924861039258761,-0.005165319374968731
93,0,train,5,1,0.3490658503988659,0.6100306379958056,3,s,af3726fcacd0ac1320a56ea850b0a2c0f5430cf4eb20a45c078706980f08407e,d24fbe3839599a6a097188bae8cd47ce8083f27deef1341ae3086bf0d5a45bd1,87f63c0590d05baea263cdc42c6e1df2d063fa2def309ecb0283f3036bf33d46,87f63c0590d05baea263cdc42c6e1df2d063fa2def309ecb0283f3036bf33d46,1787978696.3878605,37280.225,18640164,0,0.9584569931030273,1.2136640548706055,1.556992530822754,-0.00133514404296875,0.032616615295410156,0.00438690185546875,-0.0073261260986328125,-0.0024423599243164062,-0.0024423599243164062,0.0073261260986328125,0.34432220458984375,-0.021978378295898438,-0.08058643341064453,-2.4410247802734375,7.295726776123047,-1.5555553436279297,0.15384578704833984,-0.10988998413085938,0.0,-2.903461626091795,6.546893281116029,-1.583124792084017,-0.005031828050532858,-0.0051602086312341625
93,0,train,5,1,0.3490658503988659,0.6119699619957828,3,s,af3726fcacd0ac1320a56ea850b0a2c0f5430cf4eb20a45c078706980f08407e,d24fbe3839599a6a097188bae8cd47ce8083f27deef1341ae3086bf0d5a45bd1,87f63c0590d05baea263cdc42c6e1df2d063fa2def309ecb0283f3036bf33d46,87f63c0590d05baea263cdc42c6e1df2d063fa2def309ecb0283f3036bf33d46,1787978696.3898137,37280.227,18640165,0,0.9584569931030273,1.2136640548706055,1.556992530822754,-0.00133514404296875,0.033379554748535156,0.00438690185546875,-0.0073261260986328125,-0.0024423599243164062,-0.0024423599243164062,0.0073261260986328125,0.34432220458984375,-0.0073261260986328125,-0.08058643341064453,-2.4410247802734375,7.282051086425781,-1.5555553436279297,0.13919448852539062,-0.10988998413085938,0.0,-2.9034507050114047,6.546882360035639,-1.583113871003627,-0.005245759860833378,-0.005149987335342698
93,0,train,5,1,0.3490658503988659,0.6139078819978749,3,s,af3726fcacd0ac1320a56ea850b0a2c0f5430cf4eb20a45c078706980f08407e,d24fbe3839599a6a097188bae8cd47ce8083f27deef1341ae3086bf0d5a45bd1,87f63c0590d05baea263cdc42c6e1df2d063fa2def309ecb0283f3036bf33d46,87f63c0590d05baea263cdc42c6e1df2d063fa2def309ecb0283f3036bf33d46,1787978696.392333,37280.229,18640166,0,0.9584569931030273,1.2136640548706055,1.556992530822754,-0.00133514404296875,0.034523963928222656,0.00476837158203125,-0.0073261260986328125,-0.0024423599243164062,-0.0024423599243164062,-0.0073261260986328125,0.3882789611816406,0.021978378295898438,-0.08058643341064453,-2.4410247802734375,7.268375396728516,-1.5555553436279297,0.1196584701538086,-0.10500621795654297,0.0,-2.9034347300694914,6.546866385093725,-1.5830978960617135,-0.0055615415737222,-0.005148925795548005
93,0,train,5,1,0.3490658503988659,0.6164348910024273,3,s,af3726fcacd0ac1320a56ea850b0a2c0f5430cf4eb20a45c078706980f08407e,d24fbe3839599a6a097188bae8cd47ce8083f27deef1341ae3086bf0d5a45bd1,87f63c0590d05baea263cdc42c6e1df2d063fa2def309ecb0283f3036bf33d46,87f63c0590d05baea263cdc42c6e1df2d063fa2def309ecb0283f3036bf33d46,1787978696.3943388,37280.231,18640167,0,0.9584569931030273,1.2136640548706055,1.556992530822754,-0.00133514404296875,0.035286903381347656,0.00476837158203125,0.0073261260986328125,-0.0024423599243164062,-0.0024423599243164062,-0.0073261260986328125,0.41758155822753906,0.021978378295898438,-0.08058643341064453,-2.4410247802734375,7.227352142333984,-1.5555553436279297,0.10988998413085938,-0.10500621795654297,0.0,-2.9034226832382344,6.546854338262468,-1.5830858492304556,-0.005775465653100799,-0.005138705747000132
93,0,train,5,1,0.3490658503988659,0.6184320140018826,3,s,af3726fcacd0ac1320a56ea850b0a2c0f5430cf4eb20a45c078706980f08407e,d24fbe3839599a6a097188bae8cd47ce8083f27deef1341ae3086bf0d5a45bd1,87f63c0590d05baea263cdc42c6e1df2d063fa2def309ecb0283f3036bf33d46,87f63c0590d05baea263cdc42c6e1df2d063fa2def309ecb0283f3036bf33d46,1787978696.3962924,37280.233,18640168,0,0.9584569931030273,1.2136640548706055,1.556992530822754,-0.00133514404296875,0.036049842834472656,0.00476837158203125,-0.0073261260986328125,-0.0024423599243164062,-0.0024423599243164062,0.0073261260986328125,0.41758155822753906,-0.0073261260986328125,-0.07570171356201172,-2.4410247802734375,7.227352142333984,-1.5555553436279297,0.09523773193359375,-0.10500621795654297,0.0,-2.9034101817742886,6.546841836798523,-1.5830733477665093,-0.005989386370716098,-0.005128485973704628
93,0,train,5,1,0.3490658503988659,0.6203869489982026,3,s,af3726fcacd0ac1320a56ea850b0a2c0f5430cf4eb20a45c078706980f08407e,d24fbe3839599a6a097188bae8cd47ce8083f27deef1341ae3086bf0d5a45bd1,87f63c0590d05baea263cdc42c6e1df2d063fa2def309ecb0283f3036bf33d46,87f63c0590d05baea263cdc42c6e1df2d063fa2def309ecb0283f3036bf33d46,1787978696.398227,37280.235,18640169,0,0.9584569931030273,1.2136640548706055,1.556992530822754,-0.00133514404296875,0.036812782287597656,0.00476837158203125,-0.021978378295898438,-0.0024423599243164062,-0.0024423599243164062,-0.0073261260986328125,0.40293121337890625,-0.0073261260986328125,-0.07570171356201172,-2.4410247802734375,7.3094024658203125,-1.560439109802246,0.08058643341064453,-0.10988998413085938,0.0,-2.90339722568493,6.546828880709164,-1.5830603916771508,-0.006203303602049855,-0.005118266481610181
93,0,train,5,1,0.3490658503988659,0.6223192819961696,3,s,af3726fcacd0ac1320a56ea850b0a2c0f5430cf4eb20a45c078706980f08407e,d24fbe3839599a6a097188bae8cd47ce8083f27deef1341ae3086bf0d5a45bd1,87f63c0590d05baea263cdc42c6e1df2d063fa2def309ecb0283f3036bf33d46,87f63c0590d05baea263cdc42c6e1df2d063fa2def309ecb0283f3036bf33d46,1787978696.400193,37280.237,18640170,0,0.9584569931030273,1.2136640548706055,1.556992530822754,-0.00133514404296875,0.037575721740722656,0.00476837158203125,-0.0073261260986328125,-0.0024423599243164062,-0.0024423599243164062,0.0073261260986328125,0.3882789611816406,-0.021978378295898438,-0.07570171356201172,-2.454700469970703,7.3094024658203125,-1.560439109802246,0.07081794738769531,-0.10988998413085938,0.0,-2.9033838149777007,6.546815470001935,-1.5830469809699224,-0.006417217222585864,-0.005108047276665319
93,0,train,5,1,0.3490658503988659,0.6242940869997256,3,s,af3726fcacd0ac1320a56ea850b0a2c0f5430cf4eb20a45c078706980f08407e,d24fbe3839599a6a097188bae8cd47ce8083f27deef1341ae3086bf0d5a45bd1,87f63c0590d05baea263cdc42c6e1df2d063fa2def309ecb0283f3036bf33d46,87f63c0590d05baea263cdc42c6e1df2d063fa2def309ecb0283f3036bf33d46,1787978696.4021628,37280.239,18640171,0,0.9584569931030273,1.2136640548706055,1.556992530822754,-0.00133514404296875,0.038720130920410156,0.00476837158203125,-0.0073261260986328125,-0.0024423599243164062,-0.0024423599243164062,-0.0073261260986328125,0.41758155822753906,-0.0073261260986328125,-0.07570171356201172,-2.4410247802734375,7.268375396728516,-1.5555553436279297,0.05616569519042969,-0.10500621795654297,0.0,-2.9033628465254995,6.5467945015497335,-1.5830260125177216,-0.006738080610770074,-0.005092719020665487
93,0,train,5,1,0.3490658503988659,0.6262628420008696,3,s,af3726fcacd0ac1320a56ea850b0a2c0f5430cf4eb20a45c078706980f08407e,d24fbe3839599a6a097188bae8cd47ce8083f27deef1341ae3086bf0d5a45bd1,87f63c0590d05baea263cdc42c6e1df2d063fa2def309ecb0283f3036bf33d46,87f63c0590d05baea263cdc42c6e1df2d063fa2def309ecb0283f3036bf33d46,1787978696.404042,37280.241,18640172,0,0.9584569931030273,1.2136640548706055,1.556992530822754,-0.00133514404296875,0.039483070373535156,0.00476837158203125,-0.0073261260986328125,-0.0024423599243164062,-0.0024423599243164062,-0.0073261260986328125,0.4322338104248047,-0.0073261260986328125,-0.07570171356201172,-2.454700469970703,7.295726776123047,-1.5555553436279297,0.05128192901611328,-0.10988998413085938,0.0,-2.9033482993083264,6.54677995433256,-1.5830114653005476,-0.006951984659567253,-0.005082500559618286
93,0,train,5,1,0.3490658503988659,0.6281298440007959,3,s,af3726fcacd0ac1320a56ea850b0a2c0f5430cf4eb20a45c078706980f08407e,d24fbe3839599a6a097188bae8cd47ce8083f27deef1341ae3086bf0d5a45bd1,87f63c0590d05baea263cdc42c6e1df2d063fa2def309ecb0283f3036bf33d46,87f63c0590d05baea263cdc42c6e1df2d063fa2def309ecb0283f3036bf33d46,1787978696.4059281,37280.242999999995,18640173,0,0.9584569931030273,1.2136640548706055,1.556992530822754,-0.00133514404296875,0.040246009826660156,0.00476837158203125,-0.0073261260986328125,-0.0024423599243164062,-0.0024423599243164062,-0.021978378295898438,0.41758155822753906,-0.0073261260986328125,-0.07570171356201172,-2.4410247802734375,7.295726776123047,-1.5555553436279297,0.046398162841796875,-0.10988998413085938,0.0,-2.9033332975017614,6.546764952525995,-1.5829964634939835,-0.007165884661776962,-0.005072282406539176
93,0,train,5,1,0.3490658503988659,0.6300249159976374,3,s,af3726fcacd0ac1320a56ea850b0a2c0f5430cf4eb20a45c078706980f08407e,d24fbe3839599a6a097188bae8cd47ce8083f27deef1341ae3086bf0d5a45bd1,87f63c0590d05baea263cdc42c6e1df2d063fa2def309ecb0283f3036bf33d46,87f63c0590d05baea263cdc42c6e1df2d063fa2def309ecb0283f3036bf33d46,1787978696.407862,37280.244999999995,18640174,0,0.9584569931030273,1.2136640548706055,1.556992530822754,-0.00133514404296875,0.041390419006347656,0.00476837158203125,-0.0073261260986328125,-0.0024423599243164062,-0.0024423599243164062,0.0073261260986328125,0.4468860626220703,-0.0073261260986328125,-0.07570171356201172,-2.4410247802734375,7.350425720214844,-1.5555553436279297,0.036629676818847656,-0.10988998413085938,0.0,-2.9033099424559796,6.546741597480214,-1.5829731084482017,-0.007486726805383445,-0.0050569557673713255
93,0,train,5,1,0.3490658503988659,0.6319822719960939,3,s,af3726fcacd0ac1320a56ea850b0a2c0f5430cf4eb20a45c078706980f08407e,d24fbe3839599a6a097188bae8cd47ce8083f27deef1341ae3086bf0d5a45bd1,87f63c0590d05baea263cdc42c6e1df2d063fa2def309ecb0283f3036bf33d46,87f63c0590d05baea263cdc42c6e1df2d063fa2def309ecb0283f3036bf33d46,1787978696.4098246,37280.246999999996,18640175,0,0.9584569931030273,1.2136640548706055,1.556992530822754,-0.00133514404296875,0.042153358459472656,0.00476837158203125,-0.0073261260986328125,-0.0024423599243164062,-0.0024423599243164062,-0.0073261260986328125,0.41758155822753906,-0.0073261260986328125,-0.07570171356201172,-2.4410247802734375,7.336753845214844,-1.5555553436279297,0.026862144470214844,-0.10988998413085938,0.0,-2.9032938042147207,6.546725459238955,-1.582956970206942,-0.007700616146415292,-0.005046738410233437
93,0,train,5,1,0.3490658503988659,0.6339136059978046,3,s,af3726fcacd0ac1320a56ea850b0a2c0f5430cf4eb20a45c078706980f08407e,d24fbe3839599a6a097188bae8cd47ce8083f27deef1341ae3086bf0d5a45bd1,87f63c0590d05baea263cdc42c6e1df2d063fa2def309ecb0283f3036bf33d46,87f63c0590d05baea263cdc42c6e1df2d063fa2def309ecb0283f3036bf33d46,1787978696.4117963,37280.248999999996,18640176,0,0.9584569931030273,1.2136640548706055,1.556992530822754,-0.00133514404296875,0.043297767639160156,0.00476837158203125,-0.0073261260986328125,-0.0024423599243164062,-0.0024423599243164062,-0.0073261260986328125,0.4468860626220703,-0.0073261260986328125,-0.08058643341064453,-2.4410247802734375,7.336753845214844,-1.5555553436279297,0.021978378295898438,-0.10988998413085938,0.0,-2.903268744560204,6.546700399584438,-1.582931910552425,-0.00802144171465444,-0.005031412992855826
93,0,train,5,1,0.3490658503988659,0.6358952700029477,3,s,af3726fcacd0ac1320a56ea850b0a2c0f5430cf4eb20a45c078706980f08407e,d24fbe3839599a6a097188bae8cd47ce8083f27deef1341ae3086bf0d5a45bd1,87f63c0590d05baea263cdc42c6e1df2d063fa2def309ecb0283f3036bf33d46,87f63c0590d05baea263cdc42c6e1df2d063fa2def309ecb0283f3036bf33d46,1787978696.4143329,37280.251,18640177,0,0.9584569931030273,1.2136640548706055,1.556992530822754,-0.00133514404296875,0.044060707092285156,0.00476837158203125,-0.021978378295898438,-0.0024423599243164062,-0.0024423599243164062,-0.021978378295898438,0.41758155822753906,-0.0073261260986328125,-0.08058643341064453,-2.4410247802734375,7.323078155517578,-1.5555553436279297,0.021978378295898438,-0.10988998413085938,0.0,-2.9032514699429597,6.546683124967194,-1.5829146359351796,-0.008235319616383772,-0.005021196468829674
93,0,train,5,1,0.3490658503988659,0.638433537002129,3,s,af3726fcacd0ac1320a56ea850b0a2c0f5430cf4eb20a45c078706980f08407e,d24fbe3839599a6a097188bae8cd47ce8083f27deef1341ae3086bf0d5a45bd1,87f63c0590d05baea263cdc42c6e1df2d063fa2def309ecb0283f3036bf33d46,87f63c0590d05baea263cdc42c6e1df2d063fa2def309ecb0283f3036bf33d46,1787978696.416334,37280.253,18640178,0,0.9584569931030273,1.2136640548706055,1.556992530822754,-0.00133514404296875,0.044442176818847656,0.00476837158203125,-0.021978378295898438,-0.0024423599243164062,-0.0024423599243164062,0.0073261260986328125,0.3589744567871094,-0.0073261260986328125,-0.07570171356201172,-2.4410247802734375,7.3094024658203125,-1.5555553436279297,0.017093658447265625,-0.10988998413085938,0.0,-2.90324266218381,6.546674317208044,-1.5829058281760309,-0.008342256777434153,-0.0050160883353143415
93,0,train,5,1,0.3490658503988659,0.6404318099957891,3,s,af3726fcacd0ac1320a56ea850b0a2c0f5430cf4eb20a45c078706980f08407e,d24fbe3839599a6a097188bae8cd47ce8083f27deef1341ae3086bf0d5a45bd1,87f63c0590d05baea263cdc42c6e1df2d063fa2def309ecb0283f3036bf33d46,87f63c0590d05baea263cdc42c6e1df2d063fa2def309ecb0283f3036bf33d46,1787978696.418367,37280.255,18640179,0,0.9584569931030273,1.2136640548706055,1.556992530822754,-0.00133514404296875,0.045205116271972656,0.00476837158203125,-0.0073261260986328125,-0.0024423599243164062,-0.0024423599243164062,-0.021978378295898438,0.34432220458984375,-0.0073261260986328125,-0.07570171356201172,-2.4410247802734375,7.295726776123047,-1.560439109802246,0.012209892272949219,-0.10988998413085938,0.0,-2.903224705770872,6.546656360795106,-1.5828878717630945,-0.008556127442099324,-0.005005872328995825
93,0,train,5,1,0.3490658503988659,0.6424617539960309,3,s,af3726fcacd0ac1320a56ea850b0a2c0f5430cf4eb20a45c078706980f08407e,d24fbe3839599a6a097188bae8cd47ce8083f27deef1341ae3086bf0d5a45bd1,87f63c0590d05baea263cdc42c6e1df2d063fa2def309ecb0283f3036bf33d46,87f63c0590d05baea263cdc42c6e1df2d063fa2def309ecb0283f3036bf33d46,1787978696.4203196,37280.257,18640180,0,0.9584569931030273,1.2136640548706055,1.556992530822754,-0.00133514404296875,0.045968055725097656,0.00476837158203125,-0.0073261260986328125,-0.0024423599243164062,-0.0024423599243164062,-0.021978378295898438,0.373626708984375,-0.0073261260986328125,-0.08058643341064453,-2.4410247802734375,7.336753845214844,-1.5555553436279297,0.012209892272949219,-0.10500621795654297,0.0,-2.9032062948404866,6.546637949864721,-1.5828694608327083,-0.008769993126443096,-0.004995656675248899
93,0,train,5,1,0.3490658503988659,0.6444131870011915,3,s,af3726fcacd0ac1320a56ea850b0a2c0f5430cf4eb20a45c078706980f08407e,d24fbe3839599a6a097188bae8cd47ce8083f27deef1341ae3086bf0d5a45bd1,87f63c0590d05baea263cdc42c6e1df2d063fa2def309ecb0283f3036bf33d46,87f63c0590d05baea263cdc42c6e1df2d063fa2def309ecb0283f3036bf33d46,1787978696.4222279,37280.259,18640181,0,0.9584569931030273,1.2136640548706055,1.556992530822754,-0.00133514404296875,0.046730995178222656,0.00438690185546875,-0.0073261260986328125,-0.0024423599243164062,-0.0024423599243164062,-0.021978378295898438,0.3589744567871094,-0.0073261260986328125,-0.08058643341064453,-2.4410247802734375,7.350425720214844,-1.5555553436279297,0.017093658447265625,-0.10500621795654297,0.0,-2.9031859965336984,6.546617651557932,-1.5828491625259196,-0.008988961409264914,-0.004971162104937684
93,0,train,5,1,0.3490658503988659,0.6463207819979289,3,s,af3726fcacd0ac1320a56ea850b0a2c0f5430cf4eb20a45c078706980f08407e,d24fbe3839599a6a097188bae8cd47ce8083f27deef1341ae3086bf0d5a45bd1,87f63c0590d05baea263cdc42c6e1df2d063fa2def309ecb0283f3036bf33d46,87f63c0590d05baea263cdc42c6e1df2d063fa2def309ecb0283f3036bf33d46,1787978696.4241383,37280.261,18640182,0,0.9584569931030273,1.2136640548706055,1.556992530822754,-0.00133514404296875,0.047112464904785156,0.00438690185546875,0.0073261260986328125,-0.0024423599243164062,-0.0024423599243164062,-0.0073261260986328125,0.3003654479980469,-0.021978378295898438,-0.08058643341064453,-2.4410247802734375,7.405128479003906,-1.5555553436279297,0.021978378295898438,-0.10988998413085938,0.0,-2.903176387951079,6.546608042975313,-1.5828395539433011,-0.00909588965433877,-0.004966054301168753
93,0,train,5,1,0.3490658503988659,0.648230031998537,3,s,af3726fcacd0ac1320a56ea850b0a2c0f5430cf4eb20a45c078706980f08407e,d24fbe3839599a6a097188bae8cd47ce8083f27deef1341ae3086bf0d5a45bd1,87f63c0590d05baea263cdc42c6e1df2d063fa2def309ecb0283f3036bf33d46,87f63c0590d05baea263cdc42c6e1df2d063fa2def309ecb0283f3036bf33d46,1787978696.4260728,37280.263,18640183,0,0.9584569931030273,1.2136640548706055,1.556992530822754,-0.00133514404296875,0.047493934631347656,0.00438690185546875,-0.0073261260986328125,-0.0024423599243164062,-0.0024423599243164062,-0.0073261260986328125,0.2564105987548828,-0.0073261260986328125,-0.08058643341064453,-2.4410247802734375,7.405128479003906,-1.5555553436279297,0.036629676818847656,-0.10988998413085938,0.0,-2.903166665746015,6.546598320770249,-1.5828298317382357,-0.00920281657578649,-0.0049609465892643196
93,0,train,5,1,0.3490658503988659,0.6501631930004805,3,s,af3726fcacd0ac1320a56ea850b0a2c0f5430cf4eb20a45c078706980f08407e,d24fbe3839599a6a097188bae8cd47ce8083f27deef1341ae3086bf0d5a45bd1,87f63c0590d05baea263cdc42c6e1df2d063fa2def309ecb0283f3036bf33d46,87f63c0590d05baea263cdc42c6e1df2d063fa2def309ecb0283f3036bf33d46,1787978696.4279635,37280.265,18640184,0,0.9584569931030273,1.2136640548706055,1.556992530822754,-0.00133514404296875,0.047875404357910156,0.00438690185546875,-0.0073261260986328125,-0.0024423599243164062,-0.0024423599243164062,-0.0073261260986328125,0.2417583465576172,-0.0073261260986328125,-0.08058643341064453,-2.4410247802734375,7.405128479003906,-1.5555553436279297,0.046398162841796875,-0.10988998413085938,0.0,-2.903156829919916,6.5465884849441505,-1.5828199959121378,-0.009309742158048159,-0.004955838969967649
93,0,train,5,1,0.3490658503988659,0.6520645709970267,3,s,af3726fcacd0ac1320a56ea850b0a2c0f5430cf4eb20a45c078706980f08407e,d24fbe3839599a6a097188bae8cd47ce8083f27deef1341ae3086bf0d5a45bd1,87f63c0590d05baea263cdc42c6e1df2d063fa2def309ecb0283f3036bf33d46,87f63c0590d05baea263cdc42c6e1df2d063fa2def309ecb0283f3036bf33d46,1787978696.430462,37280.267,18640185,0,0.9584569931030273,1.2136640548706055,1.556992530822754,-0.00133514404296875,0.048256874084472656,0.00438690185546875,-0.0073261260986328125,-0.0024423599243164062,-0.0024423599243164062,-0.0073261260986328125,0.2564105987548828,-0.0073261260986328125,-0.07570171356201172,-2.4410247802734375,7.364101409912109,-1.5555553436279297,0.0610504150390625,-0.10500621795654297,0.0,-2.903146880474217,6.546578535498451,-1.5828100464664383,-0.009416666385564059,-0.0049507314440220005
93,0,train,5,1,0.3490658503988659,0.6545514120007283,3,s,af3726fcacd0ac1320a56ea850b0a2c0f5430cf4eb20a45c078706980f08407e,d24fbe3839599a6a097188bae8cd47ce8083f27deef1341ae3086bf0d5a45bd1,87f63c0590d05baea263cdc42c6e1df2d063fa2def309ecb0283f3036bf33d46,87f63c0590d05baea263cdc42c6e1df2d063fa2def309ecb0283f3036bf33d46,1787978696.4323552,37280.269,18640186,0,0.9584569931030273,1.2136640548706055,1.556992530822754,-0.00133514404296875,0.049019813537597656,0.00438690185546875,-0.021978378295898438,-0.0024423599243164062,-0.0024423599243164062,-0.021978378295898438,0.27106285095214844,0.0073261260986328125,-0.07570171356201172,-2.454700469970703,7.377777099609375,-1.5555553436279297,0.08058643341064453,-0.10500621795654297,0.0,-2.903126640729823,6.546558295754057,-1.5827898067220445,-0.009630510714120657,-0.004940516675156727
93,0,train,5,1,0.3490658503988659,0.6564423180025187,3,s,af3726fcacd0ac1320a56ea850b0a2c0f5430cf4eb20a45c078706980f08407e,d24fbe3839599a6a097188bae8cd47ce8083f27deef1341ae3086bf0d5a45bd1,87f63c0590d05baea263cdc42c6e1df2d063fa2def309ecb0283f3036bf33d46,87f63c0590d05baea263cdc42c6e1df2d063fa2def309ecb0283f3036bf33d46,1787978696.434263,37280.271,18640187,0,0.9584569931030273,1.2136640548706055,1.556992530822754,-0.00133514404296875,0.049401283264160156,0.00438690185546875,-0.0073261260986328125,-0.0024423599243164062,-0.0024423599243164062,-0.021978378295898438,0.27106285095214844,-0.0073261260986328125,-0.07570171356201172,-2.4410247802734375,7.350425720214844,-1.5555553436279297,0.09523773193359375,-0.10500621795654297,0.0,-2.903116350434073,6.546548005458307,-1.582779516426295,-0.009737430784042912,-0.004935409433723547
93,0,train,5,1,0.3490658503988659,0.6583590980008012,3,s,af3726fcacd0ac1320a56ea850b0a2c0f5430cf4eb20a45c078706980f08407e,d24fbe3839599a6a097188bae8cd47ce8083f27deef1341ae3086bf0d5a45bd1,87f63c0590d05baea263cdc42c6e1df2d063fa2def309ecb0283f3036bf33d46,87f63c0590d05baea263cdc42c6e1df2d063fa2def309ecb0283f3036bf33d46,1787978696.4361994,37280.273,18640188,0,0.9584569931030273,1.2136640548706055,1.556992530822754,-0.00133514404296875,0.050164222717285156,0.00438690185546875,-0.0073261260986328125,-0.0024423599243164062,-0.0024423599243164062,0.0073261260986328125,0.27106285095214844,-0.0073261260986328125,-0.07570171356201172,-2.4410247802734375,7.323078155517578,-1.5555553436279297,0.1196584701538086,-0.10500621795654297,0.0,-2.903095429002956,6.54652708402719,-1.5827585949951775,-0.009951266657380732,-0.0049251952405721024
93,0,train,5,1,0.3490658503988659,0.6602973069966538,3,s,af3726fcacd0ac1320a56ea850b0a2c0f5430cf4eb20a45c078706980f08407e,d24fbe3839599a6a097188bae8cd47ce8083f27deef1341ae3086bf0d5a45bd1,87f63c0590d05baea263cdc42c6e1df2d063fa2def309ecb0283f3036bf33d46,87f63c0590d05baea263cdc42c6e1df2d063fa2def309ecb0283f3036bf33d46,1787978696.4381056,37280.275,18640189,0,0.9584569931030273,1.2136640548706055,1.556992530822754,-0.00133514404296875,0.050545692443847656,0.00438690185546875,-0.0073261260986328125,-0.0024423599243164062,-0.0024423599243164062,-0.0073261260986328125,0.2564105987548828,-0.021978378295898438,-0.07570171356201172,-2.4410247802734375,7.323078155517578,-1.5506715774536133,0.14407825469970703,-0.10988998413085938,0.0,-2.903084797870633,6.546516452894867,-1.582747963862855,-0.010058182429679093,-0.004920088290340201
93,0,train,5,1,0.3490658503988659,0.6621994829984033,3,s,af3726fcacd0ac1320a56ea850b0a2c0f5430cf4eb20a45c078706980f08407e,d24fbe3839599a6a097188bae8cd47ce8083f27deef1341ae3086bf0d5a45bd1,87f63c0590d05baea263cdc42c6e1df2d063fa2def309ecb0283f3036bf33d46,87f63c0590d05baea263cdc42c6e1df2d063fa2def309ecb0283f3036bf33d46,1787978696.4400182,37280.277,18640190,0,0.9584569931030273,1.2136640548706055,1.556992530822754,-0.00133514404296875,0.051308631896972656,0.00438690185546875,-0.0073261260986328125,-0.0024423599243164062,-0.0024423599243164062,0.021978378295898438,0.2564105987548828,-0.0073261260986328125,-0.07570171356201172,-2.4410247802734375,7.350425720214844,-1.5555553436279297,0.15873050689697266,-0.10500621795654297,0.0,-2.903063194780193,6.546494849804427,-1.5827263607724151,-0.010272009567743233,-0.004909874686279832
93,0,train,5,1,0.3490658503988659,0.6641109740012325,3,s,af3726fcacd0ac1320a56ea850b0a2c0f5430cf4eb20a45c078706980f08407e,d24fbe3839599a6a097188bae8cd47ce8083f27deef1341ae3086bf0d5a45bd1,87f63c0590d05baea263cdc42c6e1df2d063fa2def309ecb0283f3036bf33d46,87f63c0590d05baea263cdc42c6e1df2d063fa2def309ecb0283f3036bf33d46,1787978696.441951,37280.278999999995,18640191,0,0.9584569931030273,1.2136640548706055,1.556992530822754,-0.00133514404296875,0.051690101623535156,0.00438690185546875,-0.0073261260986328125,-0.0024423599243164062,-0.0024423599243164062,-0.0073261260986328125,0.2564105987548828,0.0073261260986328125,-0.07570171356201172,-2.4410247802734375,7.350425720214844,-1.560439109802246,0.16361427307128906,-0.10500621795654297,0.0,-2.90305222282522,6.546483877849454,-1.5827153888174414,-0.010378920902393082,-0.0049047680339376395
93,0,train,5,1,0.3490658503988659,0.6660495390024153,3,s,af3726fcacd0ac1320a56ea850b0a2c0f5430cf4eb20a45c078706980f08407e,d24fbe3839599a6a097188bae8cd47ce8083f27deef1341ae3086bf0d5a45bd1,87f63c0590d05baea263cdc42c6e1df2d063fa2def309ecb0283f3036bf33d46,87f63c0590d05baea263cdc42c6e1df2d063fa2def309ecb0283f3036bf33d46,1787978696.4439006,37280.280999999995,18640192,0,0.9584569931030273,1.2136640548706055,1.556992530822754,-0.00133514404296875,0.052071571350097656,0.00438690185546875,-0.0073261260986328125,-0.0024423599243164062,-0.0024423599243164062,-0.03663063049316406,0.2564105987548828,0.0073261260986328125,-0.07570171356201172,-2.454700469970703,7.364101409912109,-1.560439109802246,0.16849803924560547,-0.10500621795654297,0.0,-2.9030411372658675,6.546472792290102,-1.5827043032580899,-0.010485830726711174,-0.004899661482378269
93,0,train,5,1,0.3490658503988659,0.6679954939972959,3,s,af3726fcacd0ac1320a56ea850b0a2c0f5430cf4eb20a45c078706980f08407e,d24fbe3839599a6a097188bae8cd47ce8083f27deef1341ae3086bf0d5a45bd1,87f63c0590d05baea263cdc42c6e1df2d063fa2def309ecb0283f3036bf33d46,87f63c0590d05baea263cdc42c6e1df2d063fa2def309ecb0283f3036bf33d46,1787978696.446449,37280.282999999996,18640193,0,0.9584569931030273,1.2136640548706055,1.556992530822754,-0.00133514404296875,0.053215980529785156,0.00438690185546875,-0.0073261260986328125,-0.0024423599243164062,-0.0024423599243164062,-0.021978378295898438,0.3003654479980469,-0.0073261260986328125,-0.07570171356201172,-2.454700469970703,7.377777099609375,-1.5555553436279297,0.17338180541992188,-0.10500621795654297,0.0,-2.903007198977753,6.5464388540019876,-1.5826703649699745,-0.010806550982101776,-0.0048843424398280185
93,0,train,5,1,0.3490658503988659,0.6705496860013227,3,s,af3726fcacd0ac1320a56ea850b0a2c0f5430cf4eb20a45c078706980f08407e,d24fbe3839599a6a097188bae8cd47ce8083f27deef1341ae3086bf0d5a45bd1,87f63c0590d05baea263cdc42c6e1df2d063fa2def309ecb0283f3036bf33d46,87f63c0590d05baea263cdc42c6e1df2d063fa2def309ecb0283f3036bf33d46,1787978696.4484162,37280.284999999996,18640194,0,0.9584569931030273,1.2136640548706055,1.556992530822754,-0.00133514404296875,0.053978919982910156,0.00438690185546875,-0.0073261260986328125,-0.0024423599243164062,-0.0024423599243164062,-0.021978378295898438,0.3296699523925781,-0.0073261260986328125,-0.07570171356201172,-2.454700469970703,7.405128479003906,-1.5555553436279297,0.17338180541992188,-0.10500621795654297,0.0,-2.902984005460465,6.5464156604846995,-1.5826471714526862,-0.011020356648823228,-0.004874130262331744
93,0,train,5,1,0.3490658503988659,0.6725323389982805,3,s,af3726fcacd0ac1320a56ea850b0a2c0f5430cf4eb20a45c078706980f08407e,d24fbe3839599a6a097188bae8cd47ce8083f27deef1341ae3086bf0d5a45bd1,87f63c0590d05baea263cdc42c6e1df2d063fa2def309ecb0283f3036bf33d46,87f63c0590d05baea263cdc42c6e1df2d063fa2def309ecb0283f3036bf33d46,1787978696.4503615,37280.287,18640195,0,0.9584569931030273,1.2136640548706055,1.556992530822754,-0.00133514404296875,0.054360389709472656,0.00438690185546875,-0.0073261260986328125,-0.0024423599243164062,-0.0024423599243164062,0.0073261260986328125,0.3150177001953125,-0.021978378295898438,-0.07570171356201172,-2.454700469970703,7.418804168701172,-1.5555553436279297,0.17338180541992188,-0.10988998413085938,0.0,-2.9029722383092937,6.546403893333528,-1.5826354043015158,-0.011127257084452695,-0.004869024331073899
93,0,train,5,1,0.3490658503988659,0.6744614299968816,3,s,af3726fcacd0ac1320a56ea850b0a2c0f5430cf4eb20a45c078706980f08407e,d24fbe3839599a6a097188bae8cd47ce8083f27deef1341ae3086bf0d5a45bd1,87f63c0590d05baea263cdc42c6e1df2d063fa2def309ecb0283f3036bf33d46,87f63c0590d05baea263cdc42c6e1df2d063fa2def309ecb0283f3036bf33d46,1787978696.452295,37280.289,18640196,0,0.9584569931030273,1.2136640548706055,1.556992530822754,-0.00133514404296875,0.054741859436035156,0.00438690185546875,0.0073261260986328125,-0.0024423599243164062,-0.0024423599243164062,-0.0073261260986328125,0.22710609436035156,-0.021978378295898438,-0.07570171356201172,-2.4410247802734375,7.391452789306641,-1.5555553436279297,0.1831502914428711,-0.10988998413085938,0.0,-2.902960357565385,6.546392012589619,-1.582623523557606,-0.011234155900853152,-0.004863918505800269
93,0,train,5,1,0.3490658503988659,0.6763889290014049,3,s,af3726fcacd0ac1320a56ea850b0a2c0f5430cf4eb20a45c078706980f08407e,d24fbe3839599a6a097188bae8cd47ce8083f27deef1341ae3086bf0d5a45bd1,87f63c0590d05baea263cdc42c6e1df2d063fa2def309ecb0283f3036bf33d46,87f63c0590d05baea263cdc42c6e1df2d063fa2def309ecb0283f3036bf33d46,1787978696.454195,37280.291,18640197,0,0.9584569931030273,1.2136640548706055,1.556992530822754,-0.00133514404296875,0.055123329162597656,0.00438690185546875,-0.0073261260986328125,-0.0024423599243164062,-0.0024423599243164062,-0.0073261260986328125,0.2564105987548828,-0.0073261260986328125,-0.07570171356201172,-2.4410247802734375,7.391452789306641,-1.5555553436279297,0.1880340576171875,-0.10500621795654297,0.0,-2.9029483632304625,6.5463800182546965,-1.5826115292226854,-0.011341053082468792,-0.004858812787253847
93,0,train,5,1,0.3490658503988659,0.6782853129989235,3,s,af3726fcacd0ac1320a56ea850b0a2c0f5430cf4eb20a45c078706980f08407e,d24fbe3839599a6a097188bae8cd47ce8083f27deef1341ae3086bf0d5a45bd1,87f63c0590d05baea263cdc42c6e1df2d063fa2def309ecb0283f3036bf33d46,87f63c0590d05baea263cdc42c6e1df2d063fa2def309ecb0283f3036bf33d46,1787978696.456079,37280.293,18640198,0,0.9584569931030273,1.2136640548706055,1.556992530822754,-0.00133514404296875,0.055886268615722656,0.00438690185546875,-0.0073261260986328125,-0.0024423599243164062,-0.0024423599243164062,-0.0073261260986328125,0.3150177001953125,0.0073261260986328125,-0.07570171356201172,-2.454700469970703,7.364101409912109,-1.5555553436279297,0.1880340576171875,-0.10500621795654297,0.0,-2.9029240337945903,6.546355688818824,-1.582587199786811,-0.011554842479123497,-0.004848601673314536
93,0,train,5,1,0.3490658503988659,0.6801744080003118,3,s,af3726fcacd0ac1320a56ea850b0a2c0f5430cf4eb20a45c078706980f08407e,d24fbe3839599a6a097188bae8cd47ce8083f27deef1341ae3086bf0d5a45bd1,87f63c0590d05baea263cdc42c6e1df2d063fa2def309ecb0283f3036bf33d46,87f63c0590d05baea263cdc42c6e1df2d063fa2def309ecb0283f3036bf33d46,1787978696.4580605,37280.295,18640199,0,0.9584569931030273,1.2136640548706055,1.556992530822754,-0.00133514404296875,0.057030677795410156,0.00438690185546875,-0.0073261260986328125,-0.0024423599243164062,-0.0024423599243164062,-0.0073261260986328125,0.3296699523925781,0.0073261260986328125,-0.07570171356201172,-2.454700469970703,7.364101409912109,-1.5555553436279297,0.1782665252685547,-0.10012245178222656,0.0,-2.9028866877523702,6.546318342776605,-1.582549853744592,-0.011875513924337548,-0.004833285821433627
93,0,train,5,1,0.3490658503988659,0.6821615410008235,3,s,af3726fcacd0ac1320a56ea850b0a2c0f5430cf4eb20a45c078706980f08407e,d24fbe3839599a6a097188bae8cd47ce8083f27deef1341ae3086bf0d5a45bd1,87f63c0590d05baea263cdc42c6e1df2d063fa2def309ecb0283f3036bf33d46,87f63c0590d05baea263cdc42c6e1df2d063fa2def309ecb0283f3036bf33d46,1787978696.4607077,37280.297,18640200,0,0.9584569931030273,1.2136640548706055,1.556992530822754,-0.00133514404296875,0.057793617248535156,0.00438690185546875,-0.0073261260986328125,-0.0024423599243164062,-0.0024423599243164062,-0.0073261260986328125,0.373626708984375,-0.0073261260986328125,-0.07570171356201172,-2.454700469970703,7.377777099609375,-1.5555553436279297,0.16849803924560547,-0.10500621795654297,0.0,-2.9028612224864196,6.546292877510654,-1.5825243884786409,-0.012089286273164447,-0.0048230758081990845
93,0,train,5,1,0.3490658503988659,0.684811630002514,3,s,af3726fcacd0ac1320a56ea850b0a2c0f5430cf4eb20a45c078706980f08407e,d24fbe3839599a6a097188bae8cd47ce8083f27deef1341ae3086bf0d5a45bd1,87f63c0590d05baea263cdc42c6e1df2d063fa2def309ecb0283f3036bf33d46,87f63c0590d05baea263cdc42c6e1df2d063fa2def309ecb0283f3036bf33d46,1787978696.4621205,37280.299,18640201,0,0.9584569931030273,1.2136640548706055,1.556992530822754,-0.00133514404296875,0.058556556701660156,0.00438690185546875,-0.021978378295898438,-0.0024423599243164062,-0.0024423599243164062,-0.0073261260986328125,0.3882789611816406,-0.0073261260986328125,-0.07570171356201172,-2.454700469970703,7.405128479003906,-1.5555553436279297,0.16361427307128906,-0.10500621795654297,0.0,-2.9028353029141463,6.54626695793838,-1.5824984689063684,-0.012303051585100927,-0.004812866245646943
93,0,train,5,1,0.3490658503988659,0.6862197079972248,3,s,af3726fcacd0ac1320a56ea850b0a2c0f5430cf4eb20a45c078706980f08407e,d24fbe3839599a6a097188bae8cd47ce8083f27deef1341ae3086bf0d5a45bd1,87f63c0590d05baea263cdc42c6e1df2d063fa2def309ecb0283f3036bf33d46,87f63c0590d05baea263cdc42c6e1df2d063fa2def309ecb0283f3036bf33d46,1787978696.4640908,37280.301,18640202,0,0.9584569931030273,1.2136640548706055,1.556992530822754,-0.00133514404296875,0.058938026428222656,0.00438690185546875,-0.0073261260986328125,-0.0024423599243164062,-0.0024423599243164062,0.0073261260986328125,0.3296699523925781,-0.021978378295898438,-0.07570171356201172,-2.4410247802734375,7.418804168701172,-1.5555553436279297,0.14896202087402344,-0.10988998413085938,0.0,-2.9028221727678445,6.5462538277920785,-1.5824853387600657,-0.012409931563351429,-0.004807761635233889
93,0,train,5,1,0.3490658503988659,0.6881854809980723,3,s,af3726fcacd0ac1320a56ea850b0a2c0f5430cf4eb20a45c078706980f08407e,d24fbe3839599a6a097188bae8cd47ce8083f27deef1341ae3086bf0d5a45bd1,87f63c0590d05baea263cdc42c6e1df2d063fa2def309ecb0283f3036bf33d46,87f63c0590d05baea263cdc42c6e1df2d063fa2def309ecb0283f3036bf33d46,1787978696.466007,37280.303,18640203,0,0.9584569931030273,1.2136640548706055,1.556992530822754,-0.00133514404296875,0.059700965881347656,0.00438690185546875,-0.021978378295898438,-0.0024423599243164062,-0.0024423599243164062,0.0073261260986328125,0.34432220458984375,-0.0073261260986328125,-0.07570171356201172,-2.4410247802734375,7.405128479003906,-1.5555553436279297,0.1343097686767578,-0.10988998413085938,0.0,-2.9027955717644587,6.546227226788693,-1.582458737756681,-0.012623686086651473,-0.004797552759847915
93,0,train,5,1,0.3490658503988659,0.6900970240021707,3,s,af3726fcacd0ac1320a56ea850b0a2c0f5430cf4eb20a45c078706980f08407e,d24fbe3839599a6a097188bae8cd47ce8083f27deef1341ae3086bf0d5a45bd1,87f63c0590d05baea263cdc42c6e1df2d063fa2def309ecb0283f3036bf33d46,87f63c0590d05baea263cdc42c6e1df2d063fa2def309ecb0283f3036bf33d46,1787978696.468489,37280.305,18640204,0,0.9584569931030273,1.2136640548706055,1.556992530822754,-0.00133514404296875,0.060845375061035156,0.00438690185546875,-0.0073261260986328125,-0.0024423599243164062,-0.0024423599243164062,-0.0073261260986328125,0.41758155822753906,0.0073261260986328125,-0.07570171356201172,-2.4410247802734375,7.3094024658203125,-1.5555553436279297,0.10988998413085938,-0.10988998413085938,0.0,-2.9027548185115903,6.546186473535824,-1.582417984503812,-0.012944304055310954,-0.004782240321511056
93,0,train,5,1,0.3490658503988659,0.6925966319977306,3,s,af3726fcacd0ac1320a56ea850b0a2c0f5430cf4eb20a45c078706980f08407e,d24fbe3839599a6a097188bae8cd47ce8083f27deef1341ae3086bf0d5a45bd1,87f63c0590d05baea263cdc42c6e1df2d063fa2def309ecb0283f3036bf33d46,87f63c0590d05baea263cdc42c6e1df2d063fa2def309ecb0283f3036bf33d46,1787978696.4704351,37280.307,18640205,0,0.9584569931030273,1.2136640548706055,1.556992530822754,-0.00133514404296875,0.061989784240722656,0.00438690185546875,-0.0073261260986328125,-0.0024423599243164062,-0.0024423599243164062,-0.0073261260986328125,0.41758155822753906,0.0073261260986328125,-0.07570171356201172,-2.4410247802734375,7.3094024658203125,-1.5555553436279297,0.09523773193359375,-0.10500621795654297,0.0,-2.9027130432089137,6.546144698233148,-1.5823762092011355,-0.013264905071174903,-0.004766928950690637
93,0,train,5,1,0.3490658503988659,0.6945279400024447,3,s,af3726fcacd0ac1320a56ea850b0a2c0f5430cf4eb20a45c078706980f08407e,d24fbe3839599a6a097188bae8cd47ce8083f27deef1341ae3086bf0d5a45bd1,87f63c0590d05baea263cdc42c6e1df2d063fa2def309ecb0283f3036bf33d46,87f63c0590d05baea263cdc42c6e1df2d063fa2def309ecb0283f3036bf33d46,1787978696.4723704,37280.309,18640206,0,0.9584569931030273,1.2136640548706055,1.556992530822754,-0.00133514404296875,0.06275272369384766,0.00438690185546875,-0.0073261260986328125,-0.0024423599243164062,-0.0024423599243164062,-0.0073261260986328125,0.4322338104248047,-0.0073261260986328125,-0.07570171356201172,-2.4273509979248047,7.268375396728516,-1.560439109802246,0.08547019958496094,-0.10988998413085938,0.0,-2.9026846252286442,6.546116280252878,-1.5823477912208654,-0.01347862945618094,-0.0047567219731110945
93,0,train,5,1,0.3490658503988659,0.6964601549989311,3,s,af3726fcacd0ac1320a56ea850b0a2c0f5430cf4eb20a45c078706980f08407e,d24fbe3839599a6a097188bae8cd47ce8083f27deef1341ae3086bf0d5a45bd1,87f63c0590d05baea263cdc42c6e1df2d063fa2def309ecb0283f3036bf33d46,87f63c0590d05baea263cdc42c6e1df2d063fa2def309ecb0283f3036bf33d46,1787978696.4742932,37280.311,18640207,0,0.9584569931030273,1.2136640548706055,1.556992530822754,-0.00133514404296875,0.06389713287353516,0.00438690185546875,-0.0073261260986328125,-0.0024423599243164062,-0.0024423599243164062,-0.0073261260986328125,0.46153831481933594,-0.0073261260986328125,-0.07570171356201172,-2.4410247802734375,7.295726776123047,-1.5555553436279297,0.07081794738769531,-0.10988998413085938,0.0,-2.9026411466318627,6.546072801656097,-1.582304312624084,-0.013799201284325222,-0.004741412426045991
93,0,train,5,1,0.3490658503988659,0.6983832210025867,3,s,af3726fcacd0ac1320a56ea850b0a2c0f5430cf4eb20a45c078706980f08407e,d24fbe3839599a6a097188bae8cd47ce8083f27deef1341ae3086bf0d5a45bd1,87f63c0590d05baea263cdc42c6e1df2d063fa2def309ecb0283f3036bf33d46,87f63c0590d05baea263cdc42c6e1df2d063fa2def309ecb0283f3036bf33d46,1787978696.4762082,37280.313,18640208,0,0.9584569931030273,1.2136640548706055,1.556992530822754,-0.00133514404296875,0.06466007232666016,0.00438690185546875,-0.0073261260986328125,-0.0024423599243164062,-0.0024423599243164062,-0.0073261260986328125,0.41758155822753906,-0.0073261260986328125,-0.07570171356201172,-2.454700469970703,7.350425720214844,-1.5506715774536133,0.05128192901611328,-0.10988998413085938,0.0,-2.9026115931743646,6.546043248198599,-1.5822747591665853,-0.014012905822097481,-0.00473120668286919
93,0,train,5,1,0.3490658503988659,0.7003001530028996,3,s,af3726fcacd0ac1320a56ea850b0a2c0f5430cf4eb20a45c078706980f08407e,d24fbe3839599a6a097188bae8cd47ce8083f27deef1341ae3086bf0d5a45bd1,87f63c0590d05baea263cdc42c6e1df2d063fa2def309ecb0283f3036bf33d46,87f63c0590d05baea263cdc42c6e1df2d063fa2def309ecb0283f3036bf33d46,1787978696.4780965,37280.314999999995,18640209,0,0.9584569931030273,1.2136640548706055,1.556992530822754,-0.00133514404296875,0.06542301177978516,0.00438690185546875,-0.0073261260986328125,-0.0024423599243164062,-0.0024423599243164062,-0.0073261260986328125,0.4468860626220703,-0.0073261260986328125,-0.08058643341064453,-2.454700469970703,7.391452789306641,-1.5506715774536133,0.04151439666748047,-0.10988998413085938,0.0,-2.9025815855558466,6.546013240580081,-1.5822447515480678,-0.014226602203285428,-0.004721001443849654
93,0,train,5,1,0.3490658503988659,0.7021868550000363,3,s,af3726fcacd0ac1320a56ea850b0a2c0f5430cf4eb20a45c078706980f08407e,d24fbe3839599a6a097188bae8cd47ce8083f27deef1341ae3086bf0d5a45bd1,87f63c0590d05baea263cdc42c6e1df2d063fa2def309ecb0283f3036bf33d46,87f63c0590d05baea263cdc42c6e1df2d063fa2def309ecb0283f3036bf33d46,1787978696.4799807,37280.316999999995,18640210,0,0.9584569931030273,1.2136640548706055,1.556992530822754,-0.00133514404296875,0.06618595123291016,0.00438690185546875,-0.021978378295898438,-0.0024423599243164062,-0.0024423599243164062,-0.021978378295898438,0.4468860626220703,-0.0073261260986328125,-0.08058643341064453,-2.4410247802734375,7.418804168701172,-1.5555553436279297,0.03174591064453125,-0.10988998413085938,0.0,-2.9025511237937756,6.54598277881801,-1.5822142897859977,-0.014440290303501404,-0.004710796714927615
93,0,train,5,1,0.3490658503988659,0.7040660519996891,3,s,af3726fcacd0ac1320a56ea850b0a2c0f5430cf4eb20a45c078706980f08407e,d24fbe3839599a6a097188bae8cd47ce8083f27deef1341ae3086bf0d5a45bd1,87f63c0590d05baea263cdc42c6e1df2d063fa2def309ecb0283f3036bf33d46,87f63c0590d05baea263cdc42c6e1df2d063fa2def309ecb0283f3036bf33d46,1787978696.4818807,37280.318999999996,18640211,0,0.9584569931030273,1.2136640548706055,1.556992530822754,-0.00133514404296875,0.06694889068603516,0.00438690185546875,-0.0073261260986328125,-0.0024423599243164062,-0.0024423599243164062,-0.021978378295898438,0.40293121337890625,-0.0073261260986328125,-0.07570171356201172,-2.4410247802734375,7.323078155517578,-1.5555553436279297,0.021978378295898438,-0.10988998413085938,0.0,-2.9025202079058867,6.545951862930121,-1.5821833738981075,-0.014653969998362569,-0.004700592502043005
93,0,train,5,1,0.3490658503988659,0.7059667459980119,3,s,af3726fcacd0ac1320a56ea850b0a2c0f5430cf4eb20a45c078706980f08407e,d24fbe3839599a6a097188bae8cd47ce8083f27deef1341ae3086bf0d5a45bd1,87f63c0590d05baea263cdc42c6e1df2d063fa2def309ecb0283f3036bf33d46,87f63c0590d05baea263cdc42c6e1df2d063fa2def309ecb0283f3036bf33d46,1787978696.4843526,37280.320999999996,18640212,0,0.9584569931030273,1.2136640548706055,1.556992530822754,-0.00133514404296875,0.06809329986572266,0.00438690185546875,-0.0073261260986328125,-0.0024423599243164062,-0.0024423599243164062,0.021978378295898438,0.4322338104248047,-0.0073261260986328125,-0.07570171356201172,-2.4410247802734375,7.336753845214844,-1.5506715774536133,0.017093658447265625,-0.10500621795654297,0.0,-2.902472982627573,6.545904637651807,-1.5821361486197951,-0.01497447350853865,-0.004685287163279141
93,0,train,5,1,0.3490658503988659,0.7084426759975031,3,s,af3726fcacd0ac1320a56ea850b0a2c0f5430cf4eb20a45c078706980f08407e,d24fbe3839599a6a097188bae8cd47ce8083f27deef1341ae3086bf0d5a45bd1,87f63c0590d05baea263cdc42c6e1df2d063fa2def309ecb0283f3036bf33d46,87f63c0590d05baea263cdc42c6e1df2d063fa2def309ecb0283f3036bf33d46,1787978696.4862862,37280.323,18640213,0,0.9584569931030273,1.2136640548706055,1.556992530822754,-0.00133514404296875,0.06885623931884766,0.00438690185546875,-0.0073261260986328125,-0.0024423599243164062,-0.0024423599243164062,-0.0073261260986328125,0.4468860626220703,-0.0073261260986328125,-0.07570171356201172,-2.4410247802734375,7.377777099609375,-1.5555553436279297,0.012209892272949219,-0.10500621795654297,0.0,-2.9024409315044397,6.545872586528674,-1.582104097496661,-0.015188131645870169,-0.004675084266473341
93,0,train,5,1,0.3490658503988659,0.7103784849969088,3,s,af3726fcacd0ac1320a56ea850b0a2c0f5430cf4eb20a45c078706980f08407e,d24fbe3839599a6a097188bae8cd47ce8083f27deef1341ae3086bf0d5a45bd1,87f63c0590d05baea263cdc42c6e1df2d063fa2def309ecb0283f3036bf33d46,87f63c0590d05baea263cdc42c6e1df2d063fa2def309ecb0283f3036bf33d46,1787978696.4882135,37280.325,18640214,0,0.9584569931030273,1.2136640548706055,1.556992530822754,-0.00133514404296875,0.06961917877197266,0.00438690185546875,-0.0073261260986328125,-0.0024423599243164062,-0.0024423599243164062,-0.0073261260986328125,0.3882789611816406,-0.0073261260986328125,-0.08058643341064453,-2.4410247802734375,7.377777099609375,-1.5555553436279297,0.0073261260986328125,-0.10500621795654297,0.0,-2.902408426319624,6.545840081343858,-1.5820715923118458,-0.01540178094254595,-0.00466488190649235
93,0,train,5,1,0.3490658503988659,0.7123210829959135,3,s,af3726fcacd0ac1320a56ea850b0a2c0f5430cf4eb20a45c078706980f08407e,d24fbe3839599a6a097188bae8cd47ce8083f27deef1341ae3086bf0d5a45bd1,87f63c0590d05baea263cdc42c6e1df2d063fa2def309ecb0283f3036bf33d46,87f63c0590d05baea263cdc42c6e1df2d063fa2def309ecb0283f3036bf33d46,1787978696.4901536,37280.327,18640215,0,0.9584569931030273,1.2136640548706055,1.556992530822754,-0.00133514404296875,0.07000064849853516,0.00438690185546875,-0.0073261260986328125,-0.0024423599243164062,-0.0024423599243164062,0.0073261260986328125,0.3589744567871094,-0.0073261260986328125,-0.08058643341064453,-2.4410247802734375,7.336753845214844,-1.5555553436279297,0.012209892272949219,-0.10988998413085938,0.0,-2.90239200345999,6.545823658484224,-1.5820551694522107,-0.015508602236775158,-0.004659780929666971
93,0,train,5,1,0.3490658503988659,0.7142441300020437,3,s,af3726fcacd0ac1320a56ea850b0a2c0f5430cf4eb20a45c078706980f08407e,d24fbe3839599a6a097188bae8cd47ce8083f27deef1341ae3086bf0d5a45bd1,87f63c0590d05baea263cdc42c6e1df2d063fa2def309ecb0283f3036bf33d46,87f63c0590d05baea263cdc42c6e1df2d063fa2def309ecb0283f3036bf33d46,1787978696.4920826,37280.329,18640216,0,0.9584569931030273,1.2136640548706055,1.556992530822754,-0.00133514404296875,0.07076358795166016,0.00438690185546875,-0.0073261260986328125,-0.0024423599243164062,-0.0024423599243164062,0.0073261260986328125,0.34432220458984375,-0.0073261260986328125,-0.08058643341064453,-2.4410247802734375,7.25469970703125,-1.560439109802246,0.0073261260986328125,-0.10988998413085938,0.0,-2.902358817218212,6.545790472242446,-1.582021983210434,-0.01572223803929348,-0.00464957938605789
93,0,train,5,1,0.3490658503988659,0.7161789370002225,3,s,af3726fcacd0ac1320a56ea850b0a2c0f5430cf4eb20a45c078706980f08407e,d24fbe3839599a6a097188bae8cd47ce8083f27deef1341ae3086bf0d5a45bd1,87f63c0590d05baea263cdc42c6e1df2d063fa2def309ecb0283f3036bf33d46,87f63c0590d05baea263cdc42c6e1df2d063fa2def309ecb0283f3036bf33d46,1787978696.4939804,37280.331,18640217,0,0.9584569931030273,1.2136640548706055,1.556992530822754,-0.00133514404296875,0.07152652740478516,0.00438690185546875,-0.0073261260986328125,-0.0024423599243164062,-0.0024423599243164062,-0.0073261260986328125,0.3296699523925781,-0.0073261260986328125,-0.08058643341064453,-2.4410247802734375,7.282051086425781,-1.560439109802246,0.012209892272949219,-0.10500621795654297,0.0,-2.902325176962552,6.545756831986786,-1.5819883429547732,-0.015935864690265245,-0.00463937839411941
93,0,train,5,1,0.3490658503988659,0.7180695860006381,3,s,af3726fcacd0ac1320a56ea850b0a2c0f5430cf4eb20a45c078706980f08407e,d24fbe3839599a6a097188bae8cd47ce8083f27deef1341ae3086bf0d5a45bd1,87f63c0590d05baea263cdc42c6e1df2d063fa2def309ecb0283f3036bf33d46,87f63c0590d05baea263cdc42c6e1df2d063fa2def309ecb0283f3036bf33d46,1787978696.4958928,37280.333,18640218,0,0.9584569931030273,1.2136640548706055,1.556992530822754,-0.00133514404296875,0.07228946685791016,0.00438690185546875,-0.0073261260986328125,-0.0024423599243164062,-0.0024423599243164062,-0.021978378295898438,0.3150177001953125,0.0073261260986328125,-0.07570171356201172,-2.4410247802734375,7.227352142333984,-1.560439109802246,0.017093658447265625,-0.10500621795654297,0.0,-2.9022910827125883,6.545722737736822,-1.5819542487048104,-0.01614948206534337,-0.004629177959789295
93,0,train,5,1,0.3490658503988659,0.7199892529970384,3,s,af3726fcacd0ac1320a56ea850b0a2c0f5430cf4eb20a45c078706980f08407e,d24fbe3839599a6a097188bae8cd47ce8083f27deef1341ae3086bf0d5a45bd1,87f63c0590d05baea263cdc42c6e1df2d063fa2def309ecb0283f3036bf33d46,87f63c0590d05baea263cdc42c6e1df2d063fa2def309ecb0283f3036bf33d46,1787978696.4983783,37280.335,18640219,0,0.9584569931030273,1.2136640548706055,1.556992530822754,-0.00133514404296875,0.07267093658447266,0.00438690185546875,-0.0073261260986328125,-0.0024423599243164062,-0.0024423599243164062,-0.0073261260986328125,0.34432220458984375,-0.0073261260986328125,-0.07570171356201172,-2.4410247802734375,7.25469970703125,-1.560439109802246,0.021978378295898438,-0.10500621795654297,0.0,-2.902273865345934,6.545705520370168,-1.5819370313381564,-0.016256287235565343,-0.004624077953582834
93,0,train,5,1,0.3490658503988659,0.7224768710002536,3,s,af3726fcacd0ac1320a56ea850b0a2c0f5430cf4eb20a45c078706980f08407e,d24fbe3839599a6a097188bae8cd47ce8083f27deef1341ae3086bf0d5a45bd1,87f63c0590d05baea263cdc42c6e1df2d063fa2def309ecb0283f3036bf33d46,87f63c0590d05baea263cdc42c6e1df2d063fa2def309ecb0283f3036bf33d46,1787978696.500312,37280.337,18640220,0,0.9584569931030273,1.2136640548706055,1.556992530822754,-0.00133514404296875,0.07343387603759766,0.00438690185546875,-0.021978378295898438,-0.0024423599243164062,-0.0024423599243164062,-0.0073261260986328125,0.3003654479980469,-0.0073261260986328125,-0.07570171356201172,-2.4410247802734375,7.25469970703125,-1.5555553436279297,0.026862144470214844,-0.10500621795654297,0.0,-2.9022390901418116,6.545670745166046,-1.5819022561340328,-0.016469890463664087,-0.004613878366797849
93,0,train,5,1,0.3490658503988659,0.7244076259958092,3,s,af3726fcacd0ac1320a56ea850b0a2c0f5430cf4eb20a45c078706980f08407e,d24fbe3839599a6a097188bae8cd47ce8083f27deef1341ae3086bf0d5a45bd1,87f63c0590d05baea263cdc42c6e1df2d063fa2def309ecb0283f3036bf33d46,87f63c0590d05baea263cdc42c6e1df2d063fa2def309ecb0283f3036bf33d46,1787978696.5022538,37280.339,18640221,0,0.9584569931030273,1.2136640548706055,1.556992530822754,-0.00133514404296875,0.07381534576416016,0.00438690185546875,0.0073261260986328125,-0.0024423599243164062,-0.0024423599243164062,-0.021978378295898438,0.2564105987548828,-0.0073261260986328125,-0.07570171356201172,-2.4410247802734375,7.268375396728516,-1.5555553436279297,0.04151439666748047,-0.10500621795654297,0.0,-2.9022215323094,6.5456531873336345,-1.5818846983016226,-0.016576688490457514,-0.004608778787703561
93,0,train,5,1,0.3490658503988659,0.7263532939978177,3,s,af3726fcacd0ac1320a56ea850b0a2c0f5430cf4eb20a45c078706980f08407e,d24fbe3839599a6a097188bae8cd47ce8083f27deef1341ae3086bf0d5a45bd1,87f63c0590d05baea263cdc42c6e1df2d063fa2def309ecb0283f3036bf33d46,87f63c0590d05baea263cdc42c6e1df2d063fa2def309ecb0283f3036bf33d46,1787978696.5042138,37280.341,18640222,0,0.9584569931030273,1.2136640548706055,1.556992530822754,-0.00133514404296875,0.07381534576416016,0.00438690185546875,-0.0073261260986328125,-0.0024423599243164062,-0.0024423599243164062,0.0073261260986328125,0.21245384216308594,-0.0073261260986328125,-0.07570171356201172,-2.4410247802734375,7.3094024658203125,-1.5555553436279297,0.05616569519042969,-0.10500621795654297,0.0,-2.9022215323094,6.5456531873336345,-1.5818846983016226,-0.016576688490457514,-0.004608778787703561
93,0,train,5,1,0.3490658503988659,0.7283155719997012,3,s,af3726fcacd0ac1320a56ea850b0a2c0f5430cf4eb20a45c078706980f08407e,d24fbe3839599a6a097188bae8cd47ce8083f27deef1341ae3086bf0d5a45bd1,87f63c0590d05baea263cdc42c6e1df2d063fa2def309ecb0283f3036bf33d46,87f63c0590d05baea263cdc42c6e1df2d063fa2def309ecb0283f3036bf33d46,1787978696.5062258,37280.343,18640223,0,0.9584569931030273,1.2136640548706055,1.556992530822754,-0.00133514404296875,0.07457828521728516,0.00438690185546875,-0.0073261260986328125,-0.0024423599243164062,-0.0024423599243164062,-0.021978378295898438,0.2564105987548828,-0.0073261260986328125,-0.08058643341064453,-2.4410247802734375,7.336753845214844,-1.5555553436279297,0.07570171356201172,-0.10500621795654297,0.0,-2.9021860761966596,6.545617731220894,-1.5818492421888817,-0.016790277291826684,-0.004598580061821822
93,0,train,5,1,0.3490658503988659,0.7303278010003851,3,s,af3726fcacd0ac1320a56ea850b0a2c0f5430cf4eb20a45c078706980f08407e,d24fbe3839599a6a097188bae8cd47ce8083f27deef1341ae3086bf0d5a45bd1,87f63c0590d05baea263cdc42c6e1df2d063fa2def309ecb0283f3036bf33d46,87f63c0590d05baea263cdc42c6e1df2d063fa2def309ecb0283f3036bf33d46,1787978696.5082042,37280.345,18640224,0,0.9584569931030273,1.2136640548706055,1.556992530822754,-0.00133514404296875,0.07534122467041016,0.00438690185546875,-0.0073261260986328125,-0.0024423599243164062,-0.0024423599243164062,-0.03663063049316406,0.3003654479980469,0.0073261260986328125,-0.07570171356201172,-2.454700469970703,7.3094024658203125,-1.5506715774536133,0.09035396575927734,-0.10500621795654297,0.0,-2.902150166170585,6.545581821194819,-1.5818133321628063,-0.017003856319968647,-0.004588381917296201
93,0,train,5,1,0.3490658503988659,0.732335973996669,3,s,af3726fcacd0ac1320a56ea850b0a2c0f5430cf4eb20a45c078706980f08407e,d24fbe3839599a6a097188bae8cd47ce8083f27deef1341ae3086bf0d5a45bd1,87f63c0590d05baea263cdc42c6e1df2d063fa2def309ecb0283f3036bf33d46,87f63c0590d05baea263cdc42c6e1df2d063fa2def309ecb0283f3036bf33d46,1787978696.5101917,37280.347,18640225,0,0.9584569931030273,1.2136640548706055,1.556992530822754,-0.00133514404296875,0.07610416412353516,0.00438690185546875,-0.0073261260986328125,-0.0024423599243164062,-0.0024423599243164062,-0.0073261260986328125,0.3003654479980469,-0.0073261260986328125,-0.07570171356201172,-2.4410247802734375,7.323078155517578,-1.5506715774536133,0.10500621795654297,-0.10500621795654297,0.0,-2.902113802252076,6.54554545727631,-1.5817769682442977,-0.017217425450564056,-0.004578184360062796
93,0,train,5,1,0.3490658503988659,0.7342906129997573,3,s,af3726fcacd0ac1320a56ea850b0a2c0f5430cf4eb20a45c078706980f08407e,d24fbe3839599a6a097188bae8cd47ce8083f27deef1341ae3086bf0d5a45bd1,87f63c0590d05baea263cdc42c6e1df2d063fa2def309ecb0283f3036bf33d46,87f63c0590d05baea263cdc42c6e1df2d063fa2def309ecb0283f3036bf33d46,1787978696.512101,37280.348999999995,18640226,0,0.9584569931030273,1.2136640548706055,1.556992530822754,-0.00133514404296875,0.07648563385009766,0.00438690185546875,0.0073261260986328125,-0.0024423599243164062,-0.0024423599243164062,0.0073261260986328125,0.28571510314941406,-0.0073261260986328125,-0.07570171356201172,-2.4410247802734375,7.336753845214844,-1.5555553436279297,0.1196584701538086,-0.10500621795654297,0.0,-2.9020954500897633,6.545527105113997,-1.5817586160819854,-0.017324206265433593,-0.004573085803535613
93,0,train,5,1,0.3490658503988659,0.7362040239968337,3,s,af3726fcacd0ac1320a56ea850b0a2c0f5430cf4eb20a45c078706980f08407e,d24fbe3839599a6a097188bae8cd47ce8083f27deef1341ae3086bf0d5a45bd1,87f63c0590d05baea263cdc42c6e1df2d063fa2def309ecb0283f3036bf33d46,87f63c0590d05baea263cdc42c6e1df2d063fa2def309ecb0283f3036bf33d46,1787978696.5140646,37280.350999999995,18640227,0,0.9584569931030273,1.2136640548706055,1.556992530822754,-0.00133514404296875,0.07686710357666016,0.00438690185546875,-0.0073261260986328125,-0.0024423599243164062,-0.0024423599243164062,-0.021978378295898438,0.2564105987548828,-0.021978378295898438,-0.07570171356201172,-2.4410247802734375,7.377777099609375,-1.5555553436279297,0.13919448852539062,-0.10988998413085938,0.0,-2.9020769844623024,6.5455086394865365,-1.5817401504545234,-0.017430984559299346,-0.004567987396057369
93,0,train,5,1,0.3490658503988659,0.7381695820004097,3,s,af3726fcacd0ac1320a56ea850b0a2c0f5430cf4eb20a45c078706980f08407e,d24fbe3839599a6a097188bae8cd47ce8083f27deef1341ae3086bf0d5a45bd1,87f63c0590d05baea263cdc42c6e1df2d063fa2def309ecb0283f3036bf33d46,87f63c0590d05baea263cdc42c6e1df2d063fa2def309ecb0283f3036bf33d46,1787978696.5160692,37280.352999999996,18640228,0,0.9584569931030273,1.2136640548706055,1.556992530822754,-0.00133514404296875,0.07763004302978516,0.00438690185546875,-0.0073261260986328125,-0.0024423599243164062,-0.0024423599243164062,-0.0073261260986328125,0.28571510314941406,-0.0073261260986328125,-0.08058643341064453,-2.4410247802734375,7.377777099609375,-1.5555553436279297,0.14896202087402344,-0.10500621795654297,0.0,-2.9020397128226914,6.545471367846925,-1.5817028788149134,-0.01764453352186672,-0.004557791031215332
93,0,train,5,1,0.3490658503988659,0.7401780649961438,3,s,af3726fcacd0ac1320a56ea850b0a2c0f5430cf4eb20a45c078706980f08407e,d24fbe3839599a6a097188bae8cd47ce8083f27deef1341ae3086bf0d5a45bd1,87f63c0590d05baea263cdc42c6e1df2d063fa2def309ecb0283f3036bf33d46,87f63c0590d05baea263cdc42c6e1df2d063fa2def309ecb0283f3036bf33d46,1787978696.5180418,37280.354999999996,18640229,0,0.9584569931030273,1.2136640548706055,1.556992530822754,-0.00133514404296875,0.07839298248291016,0.00438690185546875,-0.0073261260986328125,-0.0024423599243164062,-0.0024423599243164062,-0.0073261260986328125,0.3003654479980469,0.0073261260986328125,-0.08058643341064453,-2.454700469970703,7.336753845214844,-1.5555553436279297,0.14896202087402344,-0.10500621795654297,0.0,-2.9020019873549407,6.545433642379175,-1.5816651533471624,-0.01785807221396436,-0.004547595271471751
93,0,train,5,1,0.3490658503988659,0.7421414799973718,3,s,af3726fcacd0ac1320a56ea850b0a2c0f5430cf4eb20a45c078706980f08407e,d24fbe3839599a6a097188bae8cd47ce8083f27deef1341ae3086bf0d5a45bd1,87f63c0590d05baea263cdc42c6e1df2d063fa2def309ecb0283f3036bf33d46,87f63c0590d05baea263cdc42c6e1df2d063fa2def309ecb0283f3036bf33d46,1787978696.5200272,37280.356999999996,18640230,0,0.9584569931030273,1.2136640548706055,1.556992530822754,-0.00133514404296875,0.07915592193603516,0.00438690185546875,-0.0073261260986328125,-0.0024423599243164062,-0.0024423599243164062,-0.0073261260986328125,0.3150177001953125,0.0073261260986328125,-0.08058643341064453,-2.454700469970703,7.336753845214844,-1.5555553436279297,0.14407825469970703,-0.10500621795654297,0.0,-2.901963808081008,6.545395463105242,-1.58162697407323,-0.018071600511296387,-0.00453740012276134
93,0,train,5,1,0.3490658503988659,0.744133743995917,3,s,af3726fcacd0ac1320a56ea850b0a2c0f5430cf4eb20a45c078706980f08407e,d24fbe3839599a6a097188bae8cd47ce8083f27deef1341ae3086bf0d5a45bd1,87f63c0590d05baea263cdc42c6e1df2d063fa2def309ecb0283f3036bf33d46,87f63c0590d05baea263cdc42c6e1df2d063fa2def309ecb0283f3036bf33d46,1787978696.522069,37280.359,18640231,0,0.9584569931030273,1.2136640548706055,1.556992530822754,-0.00133514404296875,0.07991886138916016,0.00438690185546875,-0.0073261260986328125,-0.0024423599243164062,-0.0024423599243164062,0.0073261260986328125,0.3296699523925781,-0.0073261260986328125,-0.08058643341064453,-2.454700469970703,7.336753845214844,-1.5555553436279297,0.14407825469970703,-0.10500621795654297,0.0,-2.9019251750231194,6.5453568300473535,-1.5815883410153406,-0.018285118289572976,-0.004527205591018455
93,0,train,5,1,0.3490658503988659,0.746174173997133,3,s,af3726fcacd0ac1320a56ea850b0a2c0f5430cf4eb20a45c078706980f08407e,d24fbe3839599a6a097188bae8cd47ce8083f27deef1341ae3086bf0d5a45bd1,87f63c0590d05baea263cdc42c6e1df2d063fa2def309ecb0283f3036bf33d46,87f63c0590d05baea263cdc42c6e1df2d063fa2def309ecb0283f3036bf33d46,1787978696.524067,37280.361,18640232,0,0.9584569931030273,1.2136640548706055,1.556992530822754,-0.00133514404296875,0.08068180084228516,0.00438690185546875,-0.0073261260986328125,-0.0024423599243164062,-0.0024423599243164062,-0.0073261260986328125,0.3589744567871094,-0.021978378295898438,-0.07570171356201172,-2.454700469970703,7.323078155517578,-1.560439109802246,0.14407825469970703,-0.10500621795654297,0.0,-2.9018860882037574,6.545317743227992,-1.5815492541959795,-0.018498625424510418,-0.004517011682177094
93,0,train,5,1,0.3490658503988659,0.7481669740009238,3,s,af3726fcacd0ac1320a56ea850b0a2c0f5430cf4eb20a45c078706980f08407e,d24fbe3839599a6a097188bae8cd47ce8083f27deef1341ae3086bf0d5a45bd1,87f63c0590d05baea263cdc42c6e1df2d063fa2def309ecb0283f3036bf33d46,87f63c0590d05baea263cdc42c6e1df2d063fa2def309ecb0283f3036bf33d46,1787978696.5260372,37280.363,18640233,0,0.9584569931030273,1.2136640548706055,1.556992530822754,-0.00133514404296875,0.08106327056884766,0.00438690185546875,-0.0073261260986328125,-0.0024423599243164062,-0.0024423599243164062,-0.0073261260986328125,0.3150177001953125,-0.021978378295898438,-0.07570171356201172,-2.4410247802734375,7.323078155517578,-1.560439109802246,0.14407825469970703,-0.10500621795654297,0.0,-2.9018663746406257,6.54529802966486,-1.5815295406328473,-0.018605374961890006,-0.004511914963198761
93,0,train,5,1,0.3490658503988659,0.7501402089983458,3,s,af3726fcacd0ac1320a56ea850b0a2c0f5430cf4eb20a45c078706980f08407e,d24fbe3839599a6a097188bae8cd47ce8083f27deef1341ae3086bf0d5a45bd1,87f63c0590d05baea263cdc42c6e1df2d063fa2def309ecb0283f3036bf33d46,87f63c0590d05baea263cdc42c6e1df2d063fa2def309ecb0283f3036bf33d46,1787978696.528013,37280.365,18640234,0,0.9584569931030273,1.2136640548706055,1.556992530822754,-0.00133514404296875,0.08144474029541016,0.00438690185546875,-0.0073261260986328125,-0.0024423599243164062,-0.0024423599243164062,-0.0073261260986328125,0.27106285095214844,-0.021978378295898438,-0.08058643341064453,-2.4410247802734375,7.3094024658203125,-1.5555553436279297,0.13919448852539062,-0.10988998413085938,0.0,-2.9018465476456785,6.545278202669913,-1.5815097136378997,-0.018712121791831238,-0.004506818402170893
93,0,train,5,1,0.3490658503988659,0.7521351969990064,3,s,af3726fcacd0ac1320a56ea850b0a2c0f5430cf4eb20a45c078706980f08407e,d24fbe3839599a6a097188bae8cd47ce8083f27deef1341ae3086bf0d5a45bd1,87f63c0590d05baea263cdc42c6e1df2d063fa2def309ecb0283f3036bf33d46,87f63c0590d05baea263cdc42c6e1df2d063fa2def309ecb0283f3036bf33d46,1787978696.5300546,37280.367,18640235,0,0.9584569931030273,1.2136640548706055,1.556992530822754,-0.00133514404296875,0.08258914947509766,0.00438690185546875,-0.0073261260986328125,-0.0024423599243164062,-0.0024423599243164062,0.0073261260986328125,0.3003654479980469,-0.0073261260986328125,-0.07570171356201172,-2.4410247802734375,7.336753845214844,-1.5555553436279297,0.1343097686767578,-0.10500621795654297,0.0,-2.901786386098878,6.545218041123112,-1.5814495520910998,-0.01903234588168967,-0.0044915296742064435
93,0,train,5,1,0.3490658503988659,0.7541563289996702,3,s,af3726fcacd0ac1320a56ea850b0a2c0f5430cf4eb20a45c078706980f08407e,d24fbe3839599a6a097188bae8cd47ce8083f27deef1341ae3086bf0d5a45bd1,87f63c0590d05baea263cdc42c6e1df2d063fa2def309ecb0283f3036bf33d46,87f63c0590d05baea263cdc42c6e1df2d063fa2def309ecb0283f3036bf33d46,1787978696.532078,37280.369,18640236,0,0.9584569931030273,1.2136640548706055,1.556992530822754,-0.00133514404296875,0.08335208892822266,0.00438690185546875,-0.0073261260986328125,-0.0024423599243164062,-0.0024423599243164062,-0.021978378295898438,0.3589744567871094,0.0073261260986328125,-0.07570171356201172,-2.4410247802734375,7.3094024658203125,-1.560439109802246,0.124542236328125,-0.10500621795654297,0.0,-2.901745711295271,6.545177366319505,-1.5814088772874932,-0.01924581478629611,-0.0044813379922453885
93,0,train,5,1,0.3490658503988659,0.7561794900029781,3,s,af3726fcacd0ac1320a56ea850b0a2c0f5430cf4eb20a45c078706980f08407e,d24fbe3839599a6a097188bae8cd47ce8083f27deef1341ae3086bf0d5a45bd1,87f63c0590d05baea263cdc42c6e1df2d063fa2def309ecb0283f3036bf33d46,87f63c0590d05baea263cdc42c6e1df2d063fa2def309ecb0283f3036bf33d46,1787978696.5340755,37280.371,18640237,0,0.9584569931030273,1.2136640548706055,1.556992530822754,-0.00133514404296875,0.08411502838134766,0.00438690185546875,-0.0073261260986328125,-0.0024423599243164062,-0.0024423599243164062,-0.0073261260986328125,0.3589744567871094,-0.0073261260986328125,-0.07570171356201172,-2.4410247802734375,7.295726776123047,-1.560439109802246,0.11477375030517578,-0.10500621795654297,0.0,-2.9017045828346553,6.545136237858889,-1.5813677488268776,-0.0194592724883645,-0.004471146959884314
93,0,train,5,1,0.3490658503988659,0.758183887002815,3,s,af3726fcacd0ac1320a56ea850b0a2c0f5430cf4eb20a45c078706980f08407e,d24fbe3839599a6a097188bae8cd47ce8083f27deef1341ae3086bf0d5a45bd1,87f63c0590d05baea263cdc42c6e1df2d063fa2def309ecb0283f3036bf33d46,87f63c0590d05baea263cdc42c6e1df2d063fa2def309ecb0283f3036bf33d46,1787978696.5362263,37280.373,18640238,0,0.9584569931030273,1.2136640548706055,1.556992530822754,-0.00133514404296875,0.08487796783447266,0.00438690185546875,-0.0073261260986328125,-0.0024423599243164062,-0.0024423599243164062,-0.0073261260986328125,0.3589744567871094,-0.0073261260986328125,-0.07570171356201172,-2.454700469970703,7.3094024658203125,-1.560439109802246,0.11477375030517578,-0.10500621795654297,0.0,-2.9016630007409705,6.5450946557652045,-1.5813261667331922,-0.019672718863646084,-0.004460956583055179
93,0,train,5,1,0.3490658503988659,0.7603358619962819,3,s,af3726fcacd0ac1320a56ea850b0a2c0f5430cf4eb20a45c078706980f08407e,d24fbe3839599a6a097188bae8cd47ce8083f27deef1341ae3086bf0d5a45bd1,87f63c0590d05baea263cdc42c6e1df2d063fa2def309ecb0283f3036bf33d46,87f63c0590d05baea263cdc42c6e1df2d063fa2def309ecb0283f3036bf33d46,1787978696.5382283,37280.375,18640239,0,0.9584569931030273,1.2136640548706055,1.556992530822754,-0.00133514404296875,0.08564090728759766,0.00438690185546875,-0.021978378295898438,-0.0024423599243164062,-0.0024423599243164062,-0.0073261260986328125,0.3882789611816406,-0.0073261260986328125,-0.07570171356201172,-2.4410247802734375,7.364101409912109,-1.560439109802246,0.11477375030517578,-0.10988998413085938,0.0,-2.9016209650384197,6.545052620062654,-1.5812841310306416,-0.01988615378789873,-0.004450766867689564
93,0,train,5,1,0.3490658503988659,0.7623366019979585,3,s,af3726fcacd0ac1320a56ea850b0a2c0f5430cf4eb20a45c078706980f08407e,d24fbe3839599a6a097188bae8cd47ce8083f27deef1341ae3086bf0d5a45bd1,87f63c0590d05baea263cdc42c6e1df2d063fa2def309ecb0283f3036bf33d46,87f63c0590d05baea263cdc42c6e1df2d063fa2def309ecb0283f3036bf33d46,1787978696.5402093,37280.377,18640240,0,0.9584569931030273,1.2136640548706055,1.556992530822754,-0.00133514404296875,0.08602237701416016,0.00438690185546875,-0.0073261260986328125,-0.0024423599243164062,-0.0024423599243164062,-0.0073261260986328125,0.3589744567871094,-0.0073261260986328125,-0.07570171356201172,-2.454700469970703,7.350425720214844,-1.5555553436279297,0.10012245178222656,-0.10500621795654297,0.0,-2.9015997770914566,6.545031432115691,-1.5812629430836787,-0.019992866917065366,-0.00444567225990909
93,0,train,5,1,0.3490658503988659,0.7643120360007742,3,s,af3726fcacd0ac1320a56ea850b0a2c0f5430cf4eb20a45c078706980f08407e,d24fbe3839599a6a097188bae8cd47ce8083f27deef1341ae3086bf0d5a45bd1,87f63c0590d05baea263cdc42c6e1df2d063fa2def309ecb0283f3036bf33d46,87f63c0590d05baea263cdc42c6e1df2d063fa2def309ecb0283f3036bf33d46,1787978696.5421999,37280.379,18640241,0,0.9584569931030273,1.2136640548706055,1.556992530822754,-0.00133514404296875,0.08716678619384766,0.00438690185546875,-0.0073261260986328125,-0.0024423599243164062,-0.0024423599243164062,-0.021978378295898438,0.3882789611816406,-0.0073261260986328125,-0.08058643341064453,-2.4410247802734375,7.3094024658203125,-1.5555553436279297,0.08547019958496094,-0.10500621795654297,0.0,-2.90153553290486,6.544967187929094,-1.5811986988970823,-0.02031298878638209,-0.004430389445073288
93,0,train,5,1,0.3490658503988659,0.7663040469997213,3,s,af3726fcacd0ac1320a56ea850b0a2c0f5430cf4eb20a45c078706980f08407e,d24fbe3839599a6a097188bae8cd47ce8083f27deef1341ae3086bf0d5a45bd1,87f63c0590d05baea263cdc42c6e1df2d063fa2def309ecb0283f3036bf33d46,87f63c0590d05baea263cdc42c6e1df2d063fa2def309ecb0283f3036bf33d46,1787978696.544162,37280.381,18640242,0,0.9584569931030273,1.2136640548706055,1.556992530822754,-0.00133514404296875,0.08831119537353516,0.00438690185546875,-0.0073261260986328125,-0.0024423599243164062,-0.0024423599243164062,-0.021978378295898438,0.4468860626220703,-0.0073261260986328125,-0.07570171356201172,-2.4410247802734375,7.3094024658203125,-1.5555553436279297,0.07570171356201172,-0.10500621795654297,0.0,-2.9014702682653204,6.5449019232895544,-1.581133434257542,-0.020633084052341547,-0.0044151081585632485
93,0,train,5,1,0.3490658503988659,0.7682624419976491,3,s,af3726fcacd0ac1320a56ea850b0a2c0f5430cf4eb20a45c078706980f08407e,d24fbe3839599a6a097188bae8cd47ce8083f27deef1341ae3086bf0d5a45bd1,87f63c0590d05baea263cdc42c6e1df2d063fa2def309ecb0283f3036bf33d46,87f63c0590d05baea263cdc42c6e1df2d063fa2def309ecb0283f3036bf33d46,1787978696.5461333,37280.383,18640243,0,0.9584569931030273,1.2136640548706055,1.556992530822754,-0.00133514404296875,0.08869266510009766,0.00438690185546875,-0.0073261260986328125,-0.0024423599243164062,-0.0024423599243164062,-0.0073261260986328125,0.3882789611816406,-0.0073261260986328125,-0.08058643341064453,-2.4410247802734375,7.350425720214844,-1.5555553436279297,0.0659341812133789,-0.10988998413085938,0.0,-2.901448286632888,6.544879941657122,-1.58111145262511,-0.0207397764900121,-0.004410014739480359
93,0,train,5,1,0.3490658503988659,0.7702399330009939,3,s,af3726fcacd0ac1320a56ea850b0a2c0f5430cf4eb20a45c078706980f08407e,d24fbe3839599a6a097188bae8cd47ce8083f27deef1341ae3086bf0d5a45bd1,87f63c0590d05baea263cdc42c6e1df2d063fa2def309ecb0283f3036bf33d46,87f63c0590d05baea263cdc42c6e1df2d063fa2def309ecb0283f3036bf33d46,1787978696.5481007,37280.384999999995,18640244,0,0.9584569931030273,1.2136640548706055,1.556992530822754,-0.00133514404296875,0.08945560455322266,0.00438690185546875,-0.0073261260986328125,-0.0024423599243164062,-0.0024423599243164062,0.0073261260986328125,0.40293121337890625,-0.0073261260986328125,-0.07570171356201172,-2.4410247802734375,7.377777099609375,-1.5555553436279297,0.0610504150390625,-0.10988998413085938,0.0,-2.901403983258312,6.544835638282546,-1.581067149250534,-0.020953152295723854,-0.004399828420392446
93,0,train,5,1,0.3490658503988659,0.7722208670020336,3,s,af3726fcacd0ac1320a56ea850b0a2c0f5430cf4eb20a45c078706980f08407e,d24fbe3839599a6a097188bae8cd47ce8083f27deef1341ae3086bf0d5a45bd1,87f63c0590d05baea263cdc42c6e1df2d063fa2def309ecb0283f3036bf33d46,87f63c0590d05baea263cdc42c6e1df2d063fa2def309ecb0283f3036bf33d46,1787978696.550073,37280.386999999995,18640245,0,0.9584569931030273,1.2136640548706055,1.556992530822754,-0.00133514404296875,0.09060001373291016,0.00438690185546875,-0.0073261260986328125,-0.0024423599243164062,-0.0024423599243164062,0.0073261260986328125,0.4322338104248047,-0.0073261260986328125,-0.07570171356201172,-2.454700469970703,7.405128479003906,-1.5555553436279297,0.05128192901611328,-0.10988998413085938,0.0,-2.901336677970647,6.544768332994881,-1.5809998439628687,-0.02127319309734451,-0.004384550250572333
93,0,train,5,1,0.3490658503988659,0.7741774480018648,3,s,af3726fcacd0ac1320a56ea850b0a2c0f5430cf4eb20a45c078706980f08407e,d24fbe3839599a6a097188bae8cd47ce8083f27deef1341ae3086bf0d5a45bd1,87f63c0590d05baea263cdc42c6e1df2d063fa2def309ecb0283f3036bf33d46,87f63c0590d05baea263cdc42c6e1df2d063fa2def309ecb0283f3036bf33d46,1787978696.5522594,37280.388999999996,18640246,0,0.9584569931030273,1.2136640548706055,1.556992530822754,-0.00133514404296875,0.09136295318603516,0.00438690185546875,-0.0073261260986328125,-0.0024423599243164062,-0.0024423599243164062,-0.021978378295898438,0.40293121337890625,-0.0073261260986328125,-0.07570171356201172,-2.454700469970703,7.377777099609375,-1.560439109802246,0.04151439666748047,-0.10988998413085938,0.0,-2.901291240999759,6.544722896023993,-1.58095440699198,-0.021486538179346718,-0.004374365685212798
93,0,train,5,1,0.3490658503988659,0.7763657890027389,3,s,af3726fcacd0ac1320a56ea850b0a2c0f5430cf4eb20a45c078706980f08407e,d24fbe3839599a6a097188bae8cd47ce8083f27deef1341ae3086bf0d5a45bd1,87f63c0590d05baea263cdc42c6e1df2d063fa2def309ecb0283f3036bf33d46,87f63c0590d05baea263cdc42c6e1df2d063fa2def309ecb0283f3036bf33d46,1787978696.5542974,37280.390999999996,18640247,0,0.9584569931030273,1.2136640548706055,1.556992530822754,-0.00133514404296875,0.09212589263916016,0.00438690185546875,-0.021978378295898438,-0.0024423599243164062,-0.0024423599243164062,-0.0073261260986328125,0.4322338104248047,-0.0073261260986328125,-0.07570171356201172,-2.4410247802734375,7.364101409912109,-1.560439109802246,0.04151439666748047,-0.10500621795654297,0.0,-2.901245350636397,6.544677005660631,-1.5809085166286179,-0.021699870754538247,-0.004364181831719315
93,0,train,5,1,0.3490658503988659,0.7784078330005286,3,s,af3726fcacd0ac1320a56ea850b0a2c0f5430cf4eb20a45c078706980f08407e,d24fbe3839599a6a097188bae8cd47ce8083f27deef1341ae3086bf0d5a45bd1,87f63c0590d05baea263cdc42c6e1df2d063fa2def309ecb0283f3036bf33d46,87f63c0590d05baea263cdc42c6e1df2d063fa2def309ecb0283f3036bf33d46,1787978696.5563111,37280.393,18640248,0,0.9584569931030273,1.2136640548706055,1.556992530822754,-0.00133514404296875,0.09288883209228516,0.00438690185546875,0.0073261260986328125,-0.0024423599243164062,-0.0024423599243164062,-0.0073261260986328125,0.3882789611816406,-0.0073261260986328125,-0.07570171356201172,-2.4410247802734375,7.350425720214844,-1.560439109802246,0.036629676818847656,-0.10988998413085938,0.0,-2.901199006907274,6.544630661931508,-1.5808621728994956,-0.021913190698743198,-0.00435399869601967
93,0,train,5,1,0.3490658503988659,0.7804173379990971,3,s,af3726fcacd0ac1320a56ea850b0a2c0f5430cf4eb20a45c078706980f08407e,d24fbe3839599a6a097188bae8cd47ce8083f27deef1341ae3086bf0d5a45bd1,87f63c0590d05baea263cdc42c6e1df2d063fa2def309ecb0283f3036bf33d46,87f63c0590d05baea263cdc42c6e1df2d063fa2def309ecb0283f3036bf33d46,1787978696.5583377,37280.395,18640249,0,0.9584569931030273,1.2136640548706055,1.556992530822754,-0.00133514404296875,0.09365177154541016,0.00438690185546875,-0.021978378295898438,-0.0024423599243164062,-0.0024423599243164062,-0.0073261260986328125,0.34432220458984375,-0.0073261260986328125,-0.07570171356201172,-2.4410247802734375,7.391452789306641,-1.560439109802246,0.03174591064453125,-0.10500621795654297,0.0,-2.9011522098393665,6.5445838648636006,-1.5808153758315877,-0.022126497887793032,-0.0043438162840412275
93,0,train,5,1,0.3490658503988659,0.7824434130016016,3,s,af3726fcacd0ac1320a56ea850b0a2c0f5430cf4eb20a45c078706980f08407e,d24fbe3839599a6a097188bae8cd47ce8083f27deef1341ae3086bf0d5a45bd1,87f63c0590d05baea263cdc42c6e1df2d063fa2def309ecb0283f3036bf33d46,87f63c0590d05baea263cdc42c6e1df2d063fa2def309ecb0283f3036bf33d46,1787978696.5603461,37280.397,18640250,0,0.9584569931030273,1.2136640548706055,1.556992530822754,-0.00133514404296875,0.09441566467285156,0.00438690185546875,0.0073261260986328125,-0.0024423599243164062,-0.0024423599243164062,-0.0073261260986328125,0.3589744567871094,-0.0073261260986328125,-0.07570171356201172,-2.4410247802734375,7.377777099609375,-1.5555553436279297,0.026862144470214844,-0.10500621795654297,0.0,-2.901104900113276,6.54453655513751,-1.5807680661054977,-0.022340058807302318,-0.004333621875067089
93,0,train,5,1,0.3490658503988659,0.7844479299965315,3,s,af3726fcacd0ac1320a56ea850b0a2c0f5430cf4eb20a45c078706980f08407e,d24fbe3839599a6a097188bae8cd47ce8083f27deef1341ae3086bf0d5a45bd1,87f63c0590d05baea263cdc42c6e1df2d063fa2def309ecb0283f3036bf33d46,87f63c0590d05baea263cdc42c6e1df2d063fa2def309ecb0283f3036bf33d46,1787978696.5623188,37280.399,18640251,0,0.9584569931030273,1.2136640548706055,1.556992530822754,-0.00133514404296875,0.09517860412597656,0.00438690185546875,0.0073261260986328125,-0.0024423599243164062,-0.0024423599243164062,-0.021978378295898438,0.41758155822753906,-0.0073261260986328125,-0.07570171356201172,-2.454700469970703,7.323078155517578,-1.560439109802246,0.021978378295898438,-0.10500621795654297,0.0,-2.9010571958831917,6.544488850907426,-1.5807203618754138,-0.02255334009723404,-0.004323440929234633
93,0,train,5,1,0.3490658503988659,0.78641438500199,3,s,af3726fcacd0ac1320a56ea850b0a2c0f5430cf4eb20a45c078706980f08407e,d24fbe3839599a6a097188bae8cd47ce8083f27deef1341ae3086bf0d5a45bd1,87f63c0590d05baea263cdc42c6e1df2d063fa2def309ecb0283f3036bf33d46,87f63c0590d05baea263cdc42c6e1df2d063fa2def309ecb0283f3036bf33d46,1787978696.564314,37280.401,18640252,0,0.9584569931030273,1.2136640548706055,1.556992530822754,-0.00133514404296875,0.09594154357910156,0.00438690185546875,-0.0073261260986328125,-0.0024423599243164062,-0.0024423599243164062,-0.021978378295898438,0.373626708984375,-0.0073261260986328125,-0.08058643341064453,-2.454700469970703,7.295726776123047,-1.560439109802246,0.026862144470214844,-0.10500621795654297,0.0,-2.9010090383968676,6.544440693421102,-1.58067220438909,-0.022766608259394656,-0.004313260724910338
93,0,train,5,1,0.3490658503988659,0.7884259700003895,3,s,af3726fcacd0ac1320a56ea850b0a2c0f5430cf4eb20a45c078706980f08407e,d24fbe3839599a6a097188bae8cd47ce8083f27deef1341ae3086bf0d5a45bd1,87f63c0590d05baea263cdc42c6e1df2d063fa2def309ecb0283f3036bf33d46,87f63c0590d05baea263cdc42c6e1df2d063fa2def309ecb0283f3036bf33d46,1787978696.5663195,37280.403,18640253,0,0.9584569931030273,1.2136640548706055,1.556992530822754,-0.00133514404296875,0.09632301330566406,0.00438690185546875,-0.0073261260986328125,-0.0024423599243164062,-0.0024423599243164062,-0.0073261260986328125,0.3150177001953125,-0.0073261260986328125,-0.08058643341064453,-2.454700469970703,7.282051086425781,-1.5555553436279297,0.026862144470214844,-0.10988998413085938,0.0,-2.9009847896913654,6.5444164447155995,-1.5806479556835875,-0.022873237378767244,-0.004308170902665536
93,0,train,5,1,0.3490658503988659,0.7904234210000141,3,s,af3726fcacd0ac1320a56ea850b0a2c0f5430cf4eb20a45c078706980f08407e,d24fbe3839599a6a097188bae8cd47ce8083f27deef1341ae3086bf0d5a45bd1,87f63c0590d05baea263cdc42c6e1df2d063fa2def309ecb0283f3036bf33d46,87f63c0590d05baea263cdc42c6e1df2d063fa2def309ecb0283f3036bf33d46,1787978696.5683992,37280.405,18640254,0,0.9584569931030273,1.2136640548706055,1.556992530822754,-0.00133514404296875,0.09708595275878906,0.00438690185546875,0.0073261260986328125,-0.0024423599243164062,-0.0024423599243164062,0.0073261260986328125,0.3003654479980469,-0.0073261260986328125,-0.07570171356201172,-2.4410247802734375,7.3094024658203125,-1.5555553436279297,0.03174591064453125,-0.10988998413085938,0.0,-2.9009359523733234,6.544367607397557,-1.5805991183655446,-0.023086485616514125,-0.004297991821713958
93,0,train,5,1,0.3490658503988659,0.7925338029963314,3,s,af3726fcacd0ac1320a56ea850b0a2c0f5430cf4eb20a45c078706980f08407e,d24fbe3839599a6a097188bae8cd47ce8083f27deef1341ae3086bf0d5a45bd1,87f63c0590d05baea263cdc42c6e1df2d063fa2def309ecb0283f3036bf33d46,87f63c0590d05baea263cdc42c6e1df2d063fa2def309ecb0283f3036bf33d46,1787978696.5704577,37280.407,18640255,0,0.9584569931030273,1.2136640548706055,1.556992530822754,-0.00133514404296875,0.09784889221191406,0.00438690185546875,-0.021978378295898438,-0.0024423599243164062,-0.0024423599243164062,0.0073261260986328125,0.34432220458984375,0.0073261260986328125,-0.07570171356201172,-2.4410247802734375,7.282051086425781,-1.5555553436279297,0.03174591064453125,-0.10500621795654297,0.0,-2.9008866618696127,6.544318316893847,-1.5805498278618337,-0.023299720416158395,-0.004287813497083873
93,0,train,5,1,0.3490658503988659,0.7946108449978055,3,s,af3726fcacd0ac1320a56ea850b0a2c0f5430cf4eb20a45c078706980f08407e,d24fbe3839599a6a097188bae8cd47ce8083f27deef1341ae3086bf0d5a45bd1,87f63c0590d05baea263cdc42c6e1df2d063fa2def309ecb0283f3036bf33d46,87f63c0590d05baea263cdc42c6e1df2d063fa2def309ecb0283f3036bf33d46,1787978696.5719447,37280.409,18640256,0,0.9584569931030273,1.2136640548706055,1.556992530822754,-0.00133514404296875,0.09823036193847656,0.00438690185546875,-0.021978378295898438,-0.0024423599243164062,-0.0024423599243164062,-0.021978378295898438,0.3296699523925781,-0.0073261260986328125,-0.07570171356201172,-2.4410247802734375,7.295726776123047,-1.560439109802246,0.03174591064453125,-0.10500621795654297,0.0,-2.9008618466820866,6.544293501706321,-1.5805250126743082,-0.023406332737904562,-0.004282724620240831
93,0,train,5,1,0.3490658503988659,0.7960513189973426,3,s,af3726fcacd0ac1320a56ea850b0a2c0f5430cf4eb20a45c078706980f08407e,d24fbe3839599a6a097188bae8cd47ce8083f27deef1341ae3086bf0d5a45bd1,87f63c0590d05baea263cdc42c6e1df2d063fa2def309ecb0283f3036bf33d46,87f63c0590d05baea263cdc42c6e1df2d063fa2def309ecb0283f3036bf33d46,1787978696.574011,37280.411,18640257,0,0.9584569931030273,1.2136640548706055,1.556992530822754,-0.00095367431640625,0.09899330139160156,0.00438690185546875,-0.0073261260986328125,-0.0024423599243164062,-0.0024423599243164062,-0.0073261260986328125,0.3003654479980469,-0.0073261260986328125,-0.07570171356201172,-2.4410247802734375,7.295726776123047,-1.560439109802246,0.04151439666748047,-0.10500621795654297,0.0,-2.90116967423666,6.544601329260894,-1.580832840228882,-0.023594447034771534,-0.004274721399452913
93,0,train,5,1,0.3490658503988659,0.7981152479987941,3,s,af3726fcacd0ac1320a56ea850b0a2c0f5430cf4eb20a45c078706980f08407e,d24fbe3839599a6a097188bae8cd47ce8083f27deef1341ae3086bf0d5a45bd1,87f63c0590d05baea263cdc42c6e1df2d063fa2def309ecb0283f3036bf33d46,87f63c0590d05baea263cdc42c6e1df2d063fa2def309ecb0283f3036bf33d46,1787978696.5760102,37280.413,18640258,0,0.9584569931030273,1.2136640548706055,1.556992530822754,-0.00133514404296875,0.09937477111816406,0.00438690185546875,-0.0073261260986328125,-0.0024423599243164062,-0.0024423599243164062,-0.021978378295898438,0.3003654479980469,-0.0073261260986328125,-0.07570171356201172,-2.4410247802734375,7.295726776123047,-1.560439109802246,0.05616569519042969,-0.10988998413085938,0.0,-2.9007867214202157,6.54421837644445,-1.5804498874124375,-0.023726149204671063,-0.004267459140485989
93,0,train,5,1,0.3490658503988659,0.8001140659980592,3,s,af3726fcacd0ac1320a56ea850b0a2c0f5430cf4eb20a45c078706980f08407e,d24fbe3839599a6a097188bae8cd47ce8083f27deef1341ae3086bf0d5a45bd1,87f63c0590d05baea263cdc42c6e1df2d063fa2def309ecb0283f3036bf33d46,87f63c0590d05baea263cdc42c6e1df2d063fa2def309ecb0283f3036bf33d46,1787978696.5780756,37280.415,18640259,0,0.9584569931030273,1.2136640548706055,1.556992530822754,-0.00133514404296875,0.09975624084472656,0.00438690185546875,-0.021978378295898438,-0.0024423599243164062,-0.0024423599243164062,0.0073261260986328125,0.28571510314941406,-0.0073261260986328125,-0.07570171356201172,-2.4410247802734375,7.323078155517578,-1.560439109802246,0.0659341812133789,-0.10988998413085938,0.0,-2.9007614531119734,6.5441931081362075,-1.5804246191041946,-0.02383274780905876,-0.004262371033294044
93,0,train,5,1,0.3490658503988659,0.8021768640028313,3,s,af3726fcacd0ac1320a56ea850b0a2c0f5430cf4eb20a45c078706980f08407e,d24fbe3839599a6a097188bae8cd47ce8083f27deef1341ae3086bf0d5a45bd1,87f63c0590d05baea263cdc42c6e1df2d063fa2def309ecb0283f3036bf33d46,87f63c0590d05baea263cdc42c6e1df2d063fa2def309ecb0283f3036bf33d46,1787978696.5801132,37280.417,18640260,0,0.9584569931030273,1.2136640548706055,1.556992530822754,-0.00133514404296875,0.10051918029785156,0.00438690185546875,-0.0073261260986328125,-0.0024423599243164062,-0.0024423599243164062,-0.021978378295898438,0.2564105987548828,-0.0073261260986328125,-0.08058643341064453,-2.4410247802734375,7.336753845214844,-1.5555553436279297,0.08058643341064453,-0.10500621795654297,0.0,-2.9007105766860977,6.544142231710332,-1.5803737426783198,-0.024045934597958868,-0.004252195402442204
93,0,train,5,1,0.3490658503988659,0.8042268150020391,3,s,af3726fcacd0ac1320a56ea850b0a2c0f5430cf4eb20a45c078706980f08407e,d24fbe3839599a6a097188bae8cd47ce8083f27deef1341ae3086bf0d5a45bd1,87f63c0590d05baea263cdc42c6e1df2d063fa2def309ecb0283f3036bf33d46,87f63c0590d05baea263cdc42c6e1df2d063fa2def309ecb0283f3036bf33d46,1787978696.5821466,37280.419,18640261,0,0.9584569931030273,1.2136640548706055,1.556992530822754,-0.00133514404296875,0.10090065002441406,0.00438690185546875,-0.0073261260986328125,-0.0024423599243164062,-0.0024423599243164062,-0.0073261260986328125,0.27106285095214844,-0.0073261260986328125,-0.08058643341064453,-2.4410247802734375,7.377777099609375,-1.560439109802246,0.08547019958496094,-0.10988998413085938,0.0,-2.9006849685758693,6.544116623600104,-1.580348134568091,-0.02415252275144853,-0.004247107880263057
93,0,train,5,1,0.3490658503988659,0.8062612220019219,3,s,af3726fcacd0ac1320a56ea850b0a2c0f5430cf4eb20a45c078706980f08407e,d24fbe3839599a6a097188bae8cd47ce8083f27deef1341ae3086bf0d5a45bd1,87f63c0590d05baea263cdc42c6e1df2d063fa2def309ecb0283f3036bf33d46,87f63c0590d05baea263cdc42c6e1df2d063fa2def309ecb0283f3036bf33d46,1787978696.5842187,37280.420999999995,18640262,0,0.9584569931030273,1.2136640548706055,1.556992530822754,-0.00133514404296875,0.10204505920410156,0.00438690185546875,-0.021978378295898438,-0.0024423599243164062,-0.0024423599243164062,-0.0073261260986328125,0.3296699523925781,-0.0073261260986328125,-0.08058643341064453,-2.4410247802734375,7.377777099609375,-1.5555553436279297,0.10012245178222656,-0.10500621795654297,0.0,-2.9006074647007813,6.544039119725015,-1.5802706306930037,-0.024472266061950024,-0.004231846495596607
93,0,train,5,1,0.3490658503988659,0.8083294440002646,3,s,af3726fcacd0ac1320a56ea850b0a2c0f5430cf4eb20a45c078706980f08407e,d24fbe3839599a6a097188bae8cd47ce8083f27deef1341ae3086bf0d5a45bd1,87f63c0590d05baea263cdc42c6e1df2d063fa2def309ecb0283f3036bf33d46,87f63c0590d05baea263cdc42c6e1df2d063fa2def309ecb0283f3036bf33d46,1787978696.5861871,37280.422999999995,18640263,0,0.9584569931030273,1.2136640548706055,1.556992530822754,-0.00133514404296875,0.10280799865722656,0.00438690185546875,-0.0073261260986328125,-0.0024423599243164062,-0.0024423599243164062,-0.0073261260986328125,0.3589744567871094,-0.0073261260986328125,-0.08058643341064453,-2.4410247802734375,7.377777099609375,-1.5555553436279297,0.10988998413085938,-0.10500621795654297,0.0,-2.9005552292013586,6.543986884225593,-1.5802183951935809,-0.024685410488883494,-0.004221673231447473
93,0,train,5,1,0.3490658503988659,0.8102806699971552,3,s,af3726fcacd0ac1320a56ea850b0a2c0f5430cf4eb20a45c078706980f08407e,d24fbe3839599a6a097188bae8cd47ce8083f27deef1341ae3086bf0d5a45bd1,87f63c0590d05baea263cdc42c6e1df2d063fa2def309ecb0283f3036bf33d46,87f63c0590d05baea263cdc42c6e1df2d063fa2def309ecb0283f3036bf33d46,1787978696.588123,37280.424999999996,18640264,0,0.9584569931030273,1.2136640548706055,1.556992530822754,-0.00133514404296875,0.10318946838378906,0.00438690185546875,-0.0073261260986328125,-0.0024423599243164062,-0.0024423599243164062,0.0073261260986328125,0.3150177001953125,-0.0073261260986328125,-0.08058643341064453,-2.4410247802734375,7.364101409912109,-1.560439109802246,0.11477375030517578,-0.10500621795654297,0.0,-2.9005289415882163,6.54396059661245,-1.5801921075804373,-0.024791977321804316,-0.004216586899282105
93,0,train,5,1,0.3490658503988659,0.8122376749961404,3,s,af3726fcacd0ac1320a56ea850b0a2c0f5430cf4eb20a45c078706980f08407e,d24fbe3839599a6a097188bae8cd47ce8083f27deef1341ae3086bf0d5a45bd1,87f63c0590d05baea263cdc42c6e1df2d063fa2def309ecb0283f3036bf33d46,87f63c0590d05baea263cdc42c6e1df2d063fa2def309ecb0283f3036bf33d46,1787978696.5901103,37280.426999999996,18640265,0,0.9584569931030273,1.2136640548706055,1.556992530822754,-0.00133514404296875,0.10357093811035156,0.00438690185546875,-0.0073261260986328125,-0.0024423599243164062,-0.0024423599243164062,-0.0073261260986328125,0.28571510314941406,-0.021978378295898438,-0.08058643341064453,-2.4410247802734375,7.405128479003906,-1.560439109802246,0.1196584701538086,-0.10988998413085938,0.0,-2.9005025407378784,6.543934195762112,-1.5801657067301005,-0.024898540547017657,-0.0042115007680430935
93,0,train,5,1,0.3490658503988659,0.8142166909965454,3,s,af3726fcacd0ac1320a56ea850b0a2c0f5430cf4eb20a45c078706980f08407e,d24fbe3839599a6a097188bae8cd47ce8083f27deef1341ae3086bf0d5a45bd1,87f63c0590d05baea263cdc42c6e1df2d063fa2def309ecb0283f3036bf33d46,87f63c0590d05baea263cdc42c6e1df2d063fa2def309ecb0283f3036bf33d46,1787978696.592143,37280.429,18640266,0,0.9584569931030273,1.2136640548706055,1.556992530822754,-0.00133514404296875,0.10433387756347656,0.00476837158203125,0.0073261260986328125,-0.0024423599243164062,-0.0024423599243164062,-0.021978378295898438,0.3003654479980469,0.0073261260986328125,-0.08058643341064453,-2.4410247802734375,7.405128479003906,-1.5555553436279297,0.11477375030517578,-0.10500621795654297,0.0,-2.9004516502204196,6.543883305244654,-1.5801148162126404,-0.02510657063211029,-0.004215652464601741
93,0,train,5,1,0.3490658503988659,0.8162493400013773,3,s,af3726fcacd0ac1320a56ea850b0a2c0f5430cf4eb20a45c078706980f08407e,d24fbe3839599a6a097188bae8cd47ce8083f27deef1341ae3086bf0d5a45bd1,87f63c0590d05baea263cdc42c6e1df2d063fa2def309ecb0283f3036bf33d46,87f63c0590d05baea263cdc42c6e1df2d063fa2def309ecb0283f3036bf33d46,1787978696.5941114,37280.431,18640267,0,0.9584569931030273,1.2136640548706055,1.556992530822754,-0.00133514404296875,0.10509681701660156,0.00476837158203125,-0.0073261260986328125,-0.0024423599243164062,-0.0024423599243164062,-0.021978378295898438,0.34432220458984375,0.0073261260986328125,-0.07570171356201172,-2.4410247802734375,7.364101409912109,-1.5555553436279297,0.10988998413085938,-0.10500621795654297,0.0,-2.9003980667284366,6.543829721752671,-1.5800612327206587,-0.02531967198824187,-0.004205482202800396
93,0,train,5,1,0.3490658503988659,0.8182178380011464,3,s,af3726fcacd0ac1320a56ea850b0a2c0f5430cf4eb20a45c078706980f08407e,d24fbe3839599a6a097188bae8cd47ce8083f27deef1341ae3086bf0d5a45bd1,87f63c0590d05baea263cdc42c6e1df2d063fa2def309ecb0283f3036bf33d46,87f63c0590d05baea263cdc42c6e1df2d063fa2def309ecb0283f3036bf33d46,1787978696.5961251,37280.433,18640268,0,0.9584569931030273,1.2136640548706055,1.556992530822754,-0.00133514404296875,0.10585975646972656,0.00476837158203125,-0.0073261260986328125,-0.0024423599243164062,-0.0024423599243164062,-0.021978378295898438,0.34432220458984375,0.0073261260986328125,-0.08058643341064453,-2.4410247802734375,7.336753845214844,-1.5506715774536133,0.10500621795654297,-0.10500621795654297,0.0,-2.900344030364328,6.543775685388562,-1.5800071963565483,-0.02553275860638535,-0.00419531275945899
93,0,train,5,1,0.3490658503988659,0.8202304619990173,3,s,af3726fcacd0ac1320a56ea850b0a2c0f5430cf4eb20a45c078706980f08407e,d24fbe3839599a6a097188bae8cd47ce8083f27deef1341ae3086bf0d5a45bd1,87f63c0590d05baea263cdc42c6e1df2d063fa2def309ecb0283f3036bf33d46,87f63c0590d05baea263cdc42c6e1df2d063fa2def309ecb0283f3036bf33d46,1787978696.598797,37280.435,18640269,0,0.9584569931030273,1.2136640548706055,1.556992530822754,-0.00133514404296875,0.10662269592285156,0.00438690185546875,-0.0073261260986328125,-0.0024423599243164062,-0.0024423599243164062,-0.0073261260986328125,0.34432220458984375,-0.0073261260986328125,-0.07570171356201172,-2.4273509979248047,7.350425720214844,-1.5506715774536133,0.10500621795654297,-0.10988998413085938,0.0,-2.900287257860716,6.54371891288495,-1.5799504238529372,-0.025750914610527538,-0.004170819040289129
93,0,train,5,1,0.3490658503988659,0.8229077829964808,3,s,af3726fcacd0ac1320a56ea850b0a2c0f5430cf4eb20a45c078706980f08407e,d24fbe3839599a6a097188bae8cd47ce8083f27deef1341ae3086bf0d5a45bd1,87f63c0590d05baea263cdc42c6e1df2d063fa2def309ecb0283f3036bf33d46,87f63c0590d05baea263cdc42c6e1df2d063fa2def309ecb0283f3036bf33d46,1787978696.6002421,37280.437,18640270,0,0.9584569931030273,1.2136640548706055,1.556992530822754,-0.00133514404296875,0.10738563537597656,0.00438690185546875,-0.0073261260986328125,-0.0024423599243164062,-0.0024423599243164062,0.0073261260986328125,0.34432220458984375,-0.021978378295898438,-0.07570171356201172,-2.4273509979248047,7.350425720214844,-1.5555553436279297,0.10988998413085938,-0.10988998413085938,0.0,-2.9002323050422514,6.543663960066485,-1.5798954710344735,-0.025963970963964557,-0.0041606506694163775
93,0,train,5,1,0.3490658503988659,0.8243441930026165,3,s,af3726fcacd0ac1320a56ea850b0a2c0f5430cf4eb20a45c078706980f08407e,d24fbe3839599a6a097188bae8cd47ce8083f27deef1341ae3086bf0d5a45bd1,87f63c0590d05baea263cdc42c6e1df2d063fa2def309ecb0283f3036bf33d46,87f63c0590d05baea263cdc42c6e1df2d063fa2def309ecb0283f3036bf33d46,1787978696.6021729,37280.439,18640271,0,0.9584569931030273,1.2136640548706055,1.556992530822754,-0.00133514404296875,0.10776710510253906,0.00438690185546875,-0.0073261260986328125,-0.0024423599243164062,-0.0024423599243164062,0.0073261260986328125,0.3150177001953125,-0.021978378295898438,-0.07570171356201172,-2.4273509979248047,7.377777099609375,-1.5555553436279297,0.10988998413085938,-0.10988998413085938,0.0,-2.900204658839978,6.543636313864212,-1.579867824832199,-0.026070493481051407,-0.0041555667972093075
93,0,train,5,1,0.3490658503988659,0.8262674159996095,3,s,af3726fcacd0ac1320a56ea850b0a2c0f5430cf4eb20a45c078706980f08407e,d24fbe3839599a6a097188bae8cd47ce8083f27deef1341ae3086bf0d5a45bd1,87f63c0590d05baea263cdc42c6e1df2d063fa2def309ecb0283f3036bf33d46,87f63c0590d05baea263cdc42c6e1df2d063fa2def309ecb0283f3036bf33d46,1787978696.604009,37280.441,18640272,0,0.9584569931030273,1.2136640548706055,1.556992530822754,-0.00133514404296875,0.10814857482910156,0.00438690185546875,-0.0073261260986328125,-0.0024423599243164062,-0.0024423599243164062,-0.0073261260986328125,0.27106285095214844,-0.0073261260986328125,-0.07570171356201172,-2.4410247802734375,7.336753845214844,-1.5555553436279297,0.10988998413085938,-0.11477375030517578,0.0,-2.900176899447698,6.543608554471932,-1.5798400654399198,-0.02617701220438216,-0.004150483134808185
93,0,train,5,1,0.3490658503988659,0.8280924989958294,3,s,af3726fcacd0ac1320a56ea850b0a2c0f5430cf4eb20a45c078706980f08407e,d24fbe3839599a6a097188bae8cd47ce8083f27deef1341ae3086bf0d5a45bd1,87f63c0590d05baea263cdc42c6e1df2d063fa2def309ecb0283f3036bf33d46,87f63c0590d05baea263cdc42c6e1df2d063fa2def309ecb0283f3036bf33d46,1787978696.6059122,37280.443,18640273,0,0.9584569931030273,1.2136640548706055,1.556992530822754,-0.00133514404296875,0.10929298400878906,0.00438690185546875,-0.0073261260986328125,-0.0024423599243164062,-0.0024423599243164062,0.0073261260986328125,0.3296699523925781,0.0073261260986328125,-0.07570171356201172,-2.4410247802734375,7.336753845214844,-1.560439109802246,0.10988998413085938,-0.10988998413085938,0.0,-2.9000929421713173,6.543524597195551,-1.579756108163539,-0.026496545456835698,-0.004135233413838061
93,0,train,5,1,0.3490658503988659,0.8300036669970723,3,s,af3726fcacd0ac1320a56ea850b0a2c0f5430cf4eb20a45c078706980f08407e,d24fbe3839599a6a097188bae8cd47ce8083f27deef1341ae3086bf0d5a45bd1,87f63c0590d05baea263cdc42c6e1df2d063fa2def309ecb0283f3036bf33d46,87f63c0590d05baea263cdc42c6e1df2d063fa2def309ecb0283f3036bf33d46,1787978696.6084087,37280.445,18640274,0,0.9584569931030273,1.2136640548706055,1.556992530822754,-0.00133514404296875,0.11005592346191406,0.00438690185546875,0.0073261260986328125,-0.0024423599243164062,-0.0024423599243164062,-0.0073261260986328125,0.373626708984375,0.0073261260986328125,-0.07570171356201172,-2.4410247802734375,7.3094024658203125,-1.5555553436279297,0.10988998413085938,-0.10988998413085938,0.0,-2.900036404778209,6.543468059802443,-1.5796995707704298,-0.026709548372196447,-0.004125067995782689
93,0,train,5,1,0.3490658503988659,0.8325207949965261,3,s,af3726fcacd0ac1320a56ea850b0a2c0f5430cf4eb20a45c078706980f08407e,d24fbe3839599a6a097188bae8cd47ce8083f27deef1341ae3086bf0d5a45bd1,87f63c0590d05baea263cdc42c6e1df2d063fa2def309ecb0283f3036bf33d46,87f63c0590d05baea263cdc42c6e1df2d063fa2def309ecb0283f3036bf33d46,1787978696.610298,37280.447,18640275,0,0.9584569931030273,1.2136640548706055,1.556992530822754,-0.00133514404296875,0.11081886291503906,0.00438690185546875,-0.0073261260986328125,-0.0024423599243164062,-0.0024423599243164062,-0.0073261260986328125,0.34432220458984375,-0.0073261260986328125,-0.07570171356201172,-2.4410247802734375,7.3094024658203125,-1.5555553436279297,0.10988998413085938,-0.10988998413085938,0.0,-2.8999794147230378,6.543411069747272,-1.5796425807152585,-0.026922535740554615,-0.004114903434703716
93,0,train,5,1,0.3490658503988659,0.8343822759998147,3,s,af3726fcacd0ac1320a56ea850b0a2c0f5430cf4eb20a45c078706980f08407e,d24fbe3839599a6a097188bae8cd47ce8083f27deef1341ae3086bf0d5a45bd1,87f63c0590d05baea263cdc42c6e1df2d063fa2def309ecb0283f3036bf33d46,87f63c0590d05baea263cdc42c6e1df2d063fa2def309ecb0283f3036bf33d46,1787978696.6121802,37280.449,18640276,0,0.9584569931030273,1.2136640548706055,1.556992530822754,-0.00133514404296875,0.11120033264160156,0.00438690185546875,-0.021978378295898438,-0.0024423599243164062,-0.0024423599243164062,0.0073261260986328125,0.3150177001953125,-0.0073261260986328125,-0.07570171356201172,-2.4410247802734375,7.350425720214844,-1.5555553436279297,0.10988998413085938,-0.10988998413085938,0.0,-2.899950749957534,6.543382404981768,-1.5796139159497564,-0.027029023555865193,-0.004109821477379323
93,0,train,5,1,0.3490658503988659,0.8362699680001242,3,s,af3726fcacd0ac1320a56ea850b0a2c0f5430cf4eb20a45c078706980f08407e,d24fbe3839599a6a097188bae8cd47ce8083f27deef1341ae3086bf0d5a45bd1,87f63c0590d05baea263cdc42c6e1df2d063fa2def309ecb0283f3036bf33d46,87f63c0590d05baea263cdc42c6e1df2d063fa2def309ecb0283f3036bf33d46,1787978696.6140704,37280.451,18640277,0,0.9584569931030273,1.2136640548706055,1.556992530822754,-0.00133514404296875,0.11196327209472656,0.00438690185546875,-0.021978378295898438,-0.0024423599243164062,-0.0024423599243164062,-0.0073261260986328125,0.3589744567871094,-0.0073261260986328125,-0.08058643341064453,-2.454700469970703,7.350425720214844,-1.5506715774536133,0.10500621795654297,-0.10988998413085938,0.0,-2.899893080971553,6.543324735995787,-1.5795562469637738,-0.02724198737126928,-0.0040996582128583325
93,0,train,5,1,0.3490658503988659,0.8381578549960977,3,s,af3726fcacd0ac1320a56ea850b0a2c0f5430cf4eb20a45c078706980f08407e,d24fbe3839599a6a097188bae8cd47ce8083f27deef1341ae3086bf0d5a45bd1,87f63c0590d05baea263cdc42c6e1df2d063fa2def309ecb0283f3036bf33d46,87f63c0590d05baea263cdc42c6e1df2d063fa2def309ecb0283f3036bf33d46,1787978696.615943,37280.453,18640278,0,0.9584569931030273,1.2136640548706055,1.556992530822754,-0.00133514404296875,0.11272621154785156,0.00438690185546875,-0.0073261260986328125,-0.0024423599243164062,-0.0024423599243164062,-0.021978378295898438,0.3589744567871094,-0.0073261260986328125,-0.07570171356201172,-2.4410247802734375,7.364101409912109,-1.5506715774536133,0.09523773193359375,-0.10988998413085938,0.0,-2.8998349594069324,6.543266614431166,-1.5794981253991547,-0.02745493532975049,-0.004089495820104182
93,0,train,5,1,0.3490658503988659,0.8400268819968915,3,s,af3726fcacd0ac1320a56ea850b0a2c0f5430cf4eb20a45c078706980f08407e,d24fbe3839599a6a097188bae8cd47ce8083f27deef1341ae3086bf0d5a45bd1,87f63c0590d05baea263cdc42c6e1df2d063fa2def309ecb0283f3036bf33d46,87f63c0590d05baea263cdc42c6e1df2d063fa2def309ecb0283f3036bf33d46,1787978696.6183634,37280.455,18640279,0,0.9584569931030273,1.2136640548706055,1.556992530822754,-0.00133514404296875,0.11348915100097656,0.00438690185546875,0.0073261260986328125,-0.0024423599243164062,-0.0024423599243164062,-0.0073261260986328125,0.34432220458984375,0.0073261260986328125,-0.08058643341064453,-2.4410247802734375,7.364101409912109,-1.5457878112792969,0.08547019958496094,-0.10500621795654297,0.0,-2.8997763852975083,6.543208040321742,-1.5794395512897303,-0.027667867307356823,-0.004079334305032164
93,0,train,5,1,0.3490658503988659,0.8424453900006483,3,s,af3726fcacd0ac1320a56ea850b0a2c0f5430cf4eb20a45c078706980f08407e,d24fbe3839599a6a097188bae8cd47ce8083f27deef1341ae3086bf0d5a45bd1,87f63c0590d05baea263cdc42c6e1df2d063fa2def309ecb0283f3036bf33d46,87f63c0590d05baea263cdc42c6e1df2d063fa2def309ecb0283f3036bf33d46,1787978696.6202462,37280.456999999995,18640280,0,0.9584569931030273,1.2136640548706055,1.556992530822754,-0.00133514404296875,0.11463356018066406,0.00438690185546875,-0.021978378295898438,-0.0024423599243164062,-0.0024423599243164062,0.0073261260986328125,0.373626708984375,-0.0073261260986328125,-0.08058643341064453,-2.4410247802734375,7.364101409912109,-1.5457878112792969,0.08058643341064453,-0.10500621795654297,0.0,-2.899687675686518,6.543119330710752,-1.5793508416787387,-0.027987235038503734,-0.004064093691016573
93,0,train,5,1,0.3490658503988659,0.8443299849968753,3,s,af3726fcacd0ac1320a56ea850b0a2c0f5430cf4eb20a45c078706980f08407e,d24fbe3839599a6a097188bae8cd47ce8083f27deef1341ae3086bf0d5a45bd1,87f63c0590d05baea263cdc42c6e1df2d063fa2def309ecb0283f3036bf33d46,87f63c0590d05baea263cdc42c6e1df2d063fa2def309ecb0283f3036bf33d46,1787978696.6221125,37280.458999999995,18640281,0,0.9584569931030273,1.2136640548706055,1.556992530822754,-0.00133514404296875,0.11501502990722656,0.00438690185546875,-0.0073261260986328125,-0.0024423599243164062,-0.0024423599243164062,0.0073261260986328125,0.373626708984375,-0.0073261260986328125,-0.08058643341064453,-2.4410247802734375,7.336753845214844,-1.5506715774536133,0.08058643341064453,-0.10988998413085938,0.0,-2.899657879580887,6.543089534605121,-1.5793210455731093,-0.028093682824183328,-0.004059013931593126
93,0,train,5,1,0.3490658503988659,0.8461977749975631,3,s,af3726fcacd0ac1320a56ea850b0a2c0f5430cf4eb20a45c078706980f08407e,d24fbe3839599a6a097188bae8cd47ce8083f27deef1341ae3086bf0d5a45bd1,87f63c0590d05baea263cdc42c6e1df2d063fa2def309ecb0283f3036bf33d46,87f63c0590d05baea263cdc42c6e1df2d063fa2def309ecb0283f3036bf33d46,1787978696.6240695,37280.460999999996,18640282,0,0.9584569931030273,1.2136640548706055,1.556992530822754,-0.00133514404296875,0.11577796936035156,0.00438690185546875,-0.0073261260986328125,-0.0024423599243164062,-0.0024423599243164062,0.0073261260986328125,0.34432220458984375,-0.0073261260986328125,-0.08058643341064453,-2.4410247802734375,7.336753845214844,-1.5506715774536133,0.07570171356201172,-0.10988998413085938,0.0,-2.8995979480426697,6.543029603066904,-1.5792611140348904,-0.028306566115546255,-0.00404885508505412
93,0,train,5,1,0.3490658503988659,0.848169566001161,3,s,af3726fcacd0ac1320a56ea850b0a2c0f5430cf4eb20a45c078706980f08407e,d24fbe3839599a6a097188bae8cd47ce8083f27deef1341ae3086bf0d5a45bd1,87f63c0590d05baea263cdc42c6e1df2d063fa2def309ecb0283f3036bf33d46,87f63c0590d05baea263cdc42c6e1df2d063fa2def309ecb0283f3036bf33d46,1787978696.6260357,37280.462999999996,18640283,0,0.9584569931030273,1.2136640548706055,1.556992530822754,-0.00133514404296875,0.11692237854003906,0.00438690185546875,-0.0073261260986328125,-0.0024423599243164062,-0.0024423599243164062,-0.021978378295898438,0.3882789611816406,-0.0073261260986328125,-0.08058643341064453,-2.4410247802734375,7.350425720214844,-1.5506715774536133,0.0659341812133789,-0.10988998413085938,0.0,-2.8995072024834783,6.542938857507712,-1.5791703684757,-0.02862586012026523,-0.004033618507102387
